{"type":"Feature","properties":{"GID_3":"CAN.11.79.5_1","GID_0":"CAN","country":"Canada","GID_1":"CAN.11_1","province":"Québec","NL_NAME_1":"NA","GID_2":"CAN.11.79_1","county":"Minganie--Basse-Côte-Nord","NL_NAME_2":"NA","city":"Côte-Nord-du-Golfe-du-Saint-Laur","VARNAME_3":"NA","NL_NAME_3":"NA","TYPE_3":"Municipalité","ENGTYPE_3":"Municipality","CC_3":"NA","HASC_3":"NA","name":"Côte-Nord-du-Golfe-du-Saint-Laur.city"},
"geometry":{"type": "MultiPolygon","coordinates": [[[[-59.4617,50.4836,0.0],[-59.4572,50.4858,0.0],[-59.4667,50.4872,0.0],[-59.4656,50.4853,2.7201],[-59.4617,50.4836,0.0]]],
[[[-59.5177,50.4916,2.1307],[-59.5206,50.4906,2.1307],[-59.5203,50.4901,0.584],[-59.5165,50.4901,0.0],[-59.5177,50.4916,2.1307]]],
[[[-59.4656,50.49,16.7682],[-59.4594,50.4881,0.0],[-59.4583,50.4914,2.7994],[-59.4628,50.4936,3.624],[-59.4694,50.4922,0.5893],[-59.4656,50.49,16.7682]]],
[[[-59.4822,50.4925,5.3146],[-59.493899999999996,50.4969,2.3316],[-59.4844,50.4911,2.2041],[-59.4817,50.4911,1.0897],[-59.4822,50.4925,5.3146]]],
[[[-59.455,50.4983,6.7488],[-59.46,50.5011,1.054],[-59.4622,50.4994,3.4554],[-59.4594,50.4978,10.0093],[-59.4589,50.495,0.0],[-59.455,50.4933,0.0],[-59.4522,50.493899999999996,0.0],[-59.4533,50.4953,0.0],[-59.4517,50.4969,1.1722],[-59.4494,50.4967,0.0],[-59.4506,50.4986,0.957],[-59.455,50.4983,6.7488]]],
[[[-59.5022,50.4992,2.5885],[-59.4989,50.4983,0.0],[-59.5006,50.5,1.2682],[-59.505,50.5003,0.0],[-59.5022,50.4992,2.5885]]],
[[[-59.4611,50.5022,0.0],[-59.4622,50.5028,0.6993],[-59.465,50.5025,2.0569],[-59.4644,50.5003,0.0],[-59.4611,50.5022,0.0]]],
[[[-59.4789,50.5161,0.8368],[-59.4817,50.5153,1.6659],[-59.4811,50.5128,1.0663],[-59.4783,50.5133,1.3254],[-59.4789,50.5161,0.8368]]],
[[[-59.5166,50.5189,6.9635],[-59.5144,50.5194,0.7616],[-59.5156,50.5222,0.0],[-59.5183,50.5206,0.483],[-59.5239,50.5219,10.0686],[-59.5261,50.5203,3.7439],[-59.5272,50.5183,4.8772],[-59.5261,50.5169,6.5057],[-59.5289,50.5136,2.7823],[-59.525,50.5122,0.7512],[-59.5211,50.5147,0.0],[-59.5228,50.5172,2.0245],[-59.5166,50.5189,6.9635]]],
[[[-59.515,50.5153,0.0],[-59.5094,50.5158,1.7292],[-59.5061,50.5186,1.1927],[-59.5089,50.5197,0.7429],[-59.5111,50.5172,3.1866],[-59.5144,50.5169,7.2744],[-59.515,50.5153,0.0]]],
[[[-59.4961,50.5067,5.3893],[-59.4929,50.5064,5.3893],[-59.4922,50.5075,4.0509],[-59.4961,50.5095,0.0],[-59.4961,50.5067,5.3893]]],
[[[-59.4708,50.5093,0.2498],[-59.4806,50.5125,1.0663],[-59.4811,50.5094,3.432],[-59.4828,50.5086,19.2892],[-59.4867,50.5106,0.0],[-59.4911,50.5086,4.0509],[-59.49,50.5067,22.7393],[-59.495,50.5056,5.3893],[-59.4944,50.5042,6.7862],[-59.4961,50.5042,6.7862],[-59.495,50.5028,12.4211],[-59.4967,50.5022,0.3942],[-59.4867,50.4969,3.3366],[-59.4767,50.493899999999996,3.7444],[-59.4756,50.4986,0.0],[-59.4772,50.4989,0.9866],[-59.4778,50.5011,3.6075],[-59.475,50.5003,0.5335],[-59.475,50.5014,0.0],[-59.4783,50.5053,11.8513],[-59.4817,50.5056,8.7215],[-59.4733,50.5072,0.0],[-59.4708,50.5093,0.2498]]],
[[[-59.4648,50.5073,1.7834],[-59.4615,50.5069,0.0],[-59.4606,50.5075,0.0],[-59.4622,50.509,0.4008],[-59.4648,50.5073,1.7834]]],
[[[-59.4895,50.525,0.7257],[-59.4908,50.5247,0.0],[-59.4928,50.5228,0.0],[-59.4902,50.5229,0.0],[-59.4895,50.525,0.7257]]],
[[[-59.5011,50.5278,1.0365],[-59.4972,50.5275,0.1416],[-59.4961,50.5294,0.131],[-59.5011,50.5294,0.9267],[-59.5011,50.5278,1.0365]]],
[[[-59.5044,50.5317,0.0],[-59.5067,50.5311,1.36],[-59.5078,50.5292,4.3593],[-59.5061,50.5286,0.0],[-59.5044,50.5317,0.0]]],
[[[-59.5044,50.5494,0.3185],[-59.4989,50.5514,0.129],[-59.4989,50.5539,-0.1128],[-59.5072,50.5528,1.283],[-59.5044,50.5494,0.3185]]],
[[[-59.4856,50.5336,1.6312],[-59.4844,50.5333,1.6312],[-59.4861,50.5324,1.6312],[-59.4806,50.5325,3.1079],[-59.4822,50.5347,5.001],[-59.485,50.535,5.001],[-59.4856,50.5336,1.6312]]],
[[[-59.4794,50.5289,8.0313],[-59.4783,50.5275,10.1641],[-59.4811,50.5289,12.6801],[-59.4789,50.5308,0.7858],[-59.485,50.5322,1.6312],[-59.4928,50.5303,0.131],[-59.4861,50.5247,0.4244],[-59.4711,50.5267,1.3325],[-59.4744,50.5303,3.0361],[-59.4794,50.5289,8.0313]]],
[[[-59.4267,50.5563,0.8428],[-59.4222,50.5536,0.0],[-59.4211,50.5539,0.5204],[-59.4267,50.5563,0.8428]]],
[[[-59.4267,50.5563,0.8428],[-59.4267,50.5563,0.8428],[-59.4288,50.5572,0.0],[-59.4267,50.5563,0.8428]]],
[[[-59.4633,50.5361,1.5287],[-59.4606,50.5356,1.1202],[-59.4606,50.5372,0.0],[-59.4672,50.5383,0.6733],[-59.4656,50.5369,1.0139],[-59.4633,50.5361,1.5287]]],
[[[-59.43,50.5333,2.5725],[-59.4294,50.5311,2.1214],[-59.4312,50.5297,0.7239],[-59.4289,50.5292,1.1579],[-59.4272,50.5333,0.2807],[-59.43,50.5333,2.5725]]],
[[[-59.425,50.5306,1.1373],[-59.4222,50.5333,0.0],[-59.4272,50.5344,0.5355],[-59.4256,50.5336,2.8426],[-59.4267,50.5311,1.2063],[-59.425,50.5306,1.1373]]],
[[[-59.4651,50.5346,0.0],[-59.4661,50.5352,2.7429],[-59.4691,50.5339,1.3988],[-59.4679,50.5334,0.0],[-59.4651,50.5346,0.0]]],
[[[-59.455,50.5344,0.0],[-59.455,50.5367,0.0],[-59.4594,50.5358,1.1202],[-59.4583,50.5347,1.2194],[-59.4594,50.5339,1.2194],[-59.4578,50.5333,0.0],[-59.4544,50.5333,0.4838],[-59.455,50.5344,0.0]]],
[[[-59.4301,50.5349,0.0],[-59.4317,50.5367,1.0731],[-59.4339,50.5353,0.386],[-59.4328,50.5344,0.386],[-59.4301,50.5349,0.0]]],
[[[-59.3433,50.5883,0.0],[-59.3427,50.5865,0.5802],[-59.34,50.5894,0.0],[-59.3422,50.5894,2.6396],[-59.3433,50.5883,0.0]]],
[[[-59.4475,50.5923,0.0],[-59.4494,50.5919,3.0063],[-59.4501,50.591,3.0063],[-59.4466,50.5913,2.1612],[-59.4475,50.5923,0.0]]],
[[[-59.4453,50.5906,2.1612],[-59.4432,50.5906,2.4184],[-59.4417,50.5928,1.0741],[-59.4454,50.5912,2.1612],[-59.4453,50.5906,2.1612]]],
[[[-59.3858,50.5639,1.1589],[-59.3872,50.5642,1.1589],[-59.3872,50.5622,3.9619],[-59.3828,50.5622,0.0],[-59.3828,50.5628,0.0],[-59.3858,50.5639,1.1589]]],
[[[-59.3796,50.5682,2.1439],[-59.3811,50.5678,2.1439],[-59.3813,50.5702,0.0],[-59.3833,50.5702,2.0663],[-59.3857,50.5685,0.0],[-59.3856,50.5653,1.1589],[-59.3827,50.5642,6.2356],[-59.3788,50.5652,0.0],[-59.3785,50.5684,2.1439],[-59.3796,50.5682,2.1439]]],
[[[-59.3994,50.5672,1.3925],[-59.3961,50.5675,2.5097],[-59.3933,50.5694,0.0],[-59.4002,50.5688,0.0],[-59.3994,50.5672,1.3925]]],
[[[-59.4669,50.5739,0.0],[-59.4689,50.5739,0.0],[-59.47,50.5722,1.4841],[-59.4689,50.5719,0.0],[-59.4669,50.5739,0.0]]],
[[[-59.4657,50.5714,0.0],[-59.4641,50.5706,4.1484],[-59.462,50.5731,1.3799],[-59.4639,50.5733,1.0119],[-59.4657,50.5714,0.0]]],
[[[-59.4622,50.5775,2.8875],[-59.46,50.5737,0.0],[-59.4573,50.5757,1.6824],[-59.4611,50.5789,9.1813],[-59.4622,50.5775,2.8875]]],
[[[-59.469,50.5679,1.6039],[-59.4688,50.569,1.5029],[-59.4718,50.5695,0.3839],[-59.4741,50.5669,1.0503],[-59.4717,50.566,1.1706],[-59.469,50.5679,1.6039]]],
[[[-59.4323,50.5872,0.0],[-59.449,50.5869,3.7466],[-59.4502,50.5848,11.4839],[-59.459,50.5825,2.9268],[-59.4611,50.5794,9.1813],[-59.4547,50.5768,0.0],[-59.4507,50.5802,0.0],[-59.4473,50.58,0.0],[-59.4322,50.5853,0.292],[-59.4194,50.5836,0.4316],[-59.4161,50.5808,6.5135],[-59.4144,50.5728,1.4339],[-59.4184,50.5679,1.0001],[-59.4239,50.5647,13.8637],[-59.4287,50.5682,13.5207],[-59.4285,50.5703,-0.03],[-59.4306,50.5719,1.7171],[-59.4355,50.572,5.3303],[-59.4345,50.5747,1.2377],[-59.4356,50.5756,0.7641],[-59.443,50.5766,8.9828],[-59.4454,50.5718,0.0],[-59.4322,50.563,2.0624],[-59.4212,50.559,4.9156],[-59.4189,50.555,0.7107],[-59.4167,50.5561,0.0],[-59.418,50.5588,0.9615],[-59.4134,50.5595,3.7809],[-59.412,50.5648,2.1624],[-59.4076,50.5693,0.0],[-59.4067,50.5742,4.6245],[-59.4094,50.5792,0.0],[-59.4165,50.5854,9.566],[-59.4323,50.5872,0.0]]],
[[[-59.4675,50.5775,0.0],[-59.4691,50.5775,0.4048],[-59.4711,50.5761,0.0],[-59.4674,50.5761,0.0],[-59.4675,50.5775,0.0]]],
[[[-59.4619,50.5886,8.9666],[-59.4639,50.5864,0.0],[-59.4611,50.5856,1.479],[-59.4544,50.5897,1.9851],[-59.4582,50.5907,1.3035],[-59.4619,50.5886,8.9666]]],
[[[-59.2856,50.5944,0.0],[-59.2825,50.5955,0.1488],[-59.2825,50.5959,0.1488],[-59.2862,50.5956,3.5832],[-59.2856,50.5944,0.0]]],
[[[-59.2855,50.5962,3.5832],[-59.2847,50.5974,2.6167],[-59.2871,50.5977,2.6167],[-59.2882,50.5961,3.5832],[-59.2868,50.5958,3.5832],[-59.2855,50.5962,3.5832]]],
[[[-59.2233,50.6031,3.3309],[-59.2283,50.6017,4.3811],[-59.2289,50.5989,4.7209],[-59.2256,50.5981,1.7921],[-59.2211,50.6003,0.0],[-59.2233,50.6031,3.3309]]],
[[[-59.385,50.5906,1.3487],[-59.3866,50.5893,0.0],[-59.3849,50.588,1.8972],[-59.3822,50.5886,0.0],[-59.3861,50.5983,1.1431],[-59.3871,50.5934,2.4492],[-59.385,50.5906,1.3487]]],
[[[-59.3022,50.5933,0.0],[-59.3028,50.5953,0.0],[-59.3061,50.5942,2.1156],[-59.3044,50.5925,2.3355],[-59.3022,50.5933,0.0]]],
[[[-59.2983,50.5997,3.8465],[-59.2967,50.5981,5.2558],[-59.2983,50.5961,4.0488],[-59.2967,50.5947,0.0],[-59.2956,50.5992,3.8465],[-59.2972,50.6008,0.0],[-59.2983,50.5997,3.8465]]],
[[[-59.4478,50.6103,3.6687],[-59.45,50.6097,3.6687],[-59.4495,50.6081,0.5399],[-59.4467,50.6086,0.0],[-59.4478,50.6103,3.6687]]],
[[[-59.3874,50.6067,0.0],[-59.3873,50.6053,0.4596],[-59.3855,50.6038,0.4596],[-59.3854,50.6052,0.0],[-59.3874,50.6067,0.0]]],
[[[-59.3463,50.6038,0.9572],[-59.345,50.6062,1.1763],[-59.3471,50.6057,2.4878999999999998],[-59.3478,50.6031,0.0],[-59.3463,50.6038,0.9572]]],
[[[-59.2967,50.605,2.4096],[-59.2978,50.6028,1.9822],[-59.2956,50.6019,0.0],[-59.295,50.6042,2.4096],[-59.2967,50.605,2.4096]]],
[[[-59.1606,50.6242,1.4006],[-59.1606,50.6222,1.6848],[-59.1578,50.6222,0.0],[-59.1567,50.6256,0.0],[-59.1583,50.6253,0.0],[-59.1589,50.6236,0.0],[-59.1606,50.6242,1.4006]]],
[[[-59.1767,50.605,0.1635],[-59.1728,50.6061,0.0],[-59.1722,50.6078,0.0],[-59.1744,50.6081,2.4532],[-59.1728,50.61,0.0],[-59.1761,50.6111,1.0443],[-59.1811,50.6089,0.7266],[-59.1811,50.6047,0.0],[-59.1783,50.6061,4.683],[-59.1767,50.605,0.1635]]],
[[[-59.2241,50.6102,0.9726],[-59.2217,50.6133,1.1693],[-59.2256,50.6158,0.0],[-59.2333,50.6147,1.823],[-59.2306,50.6131,11.0123],[-59.2367,50.6128,5.305],[-59.2322,50.6078,0.5413],[-59.2278,50.6089,2.182],[-59.2244,50.6078,0.0],[-59.2239,50.6092,0.9726],[-59.2267,50.6106,4.8015],[-59.2241,50.6102,0.9726]]],
[[[-59.2372,50.6131,5.305],[-59.2356,50.6156,0.0],[-59.243899999999996,50.6164,2.0873],[-59.2394,50.6111,0.6004],[-59.2372,50.6131,5.305]]],
[[[-59.349,50.6117,0.0],[-59.3482,50.6129,0.2811],[-59.3491,50.6136,0.7345],[-59.3506,50.6117,4.2184],[-59.349,50.6117,0.0]]],
[[[-59.29,50.6025,0.0],[-59.2911,50.6028,4.6671],[-59.2894,50.6039,0.0],[-59.29,50.6086,0.0],[-59.2917,50.6114,1.0103],[-59.2956,50.6064,2.6315],[-59.2994,50.6108,0.9893],[-59.305,50.6108,3.9024],[-59.3056,50.6086,0.0],[-59.3028,50.6061,0.9282],[-59.2994,50.6053,0.0],[-59.3033,50.6081,5.4593],[-59.3011,50.6094,4.2631],[-59.2989,50.6061,2.6315],[-59.2939,50.6047,7.0279],[-59.2944,50.6033,1.6798],[-59.2917,50.6022,4.6671],[-59.29,50.5981,1.1049],[-59.284,50.6003,0.0],[-59.2889,50.6011,5.841],[-59.2889,50.6033,0.0],[-59.29,50.6025,0.0]]],
[[[-59.3456,50.6137,0.0],[-59.3491,50.6097,0.7051],[-59.3479,50.608,0.522],[-59.3515,50.6028,0.3884],[-59.3491,50.6033,0.715],[-59.3447,50.6133,0.0],[-59.3456,50.6137,0.0]]],
[[[-59.3953,50.6123,0.0],[-59.3944,50.6152,1.7559],[-59.3998,50.6157,0.0],[-59.3985,50.6119,0.0],[-59.397,50.6132,1.9768],[-59.3953,50.6123,0.0]]],
[[[-59.3884,50.6153,0.0],[-59.3868,50.6082,0.0],[-59.3862,50.6164,3.2903],[-59.3887,50.6207,0.0],[-59.3884,50.6153,0.0]]],
[[[-59.2267,50.6197,2.8118],[-59.2317,50.6206,0.0],[-59.2317,50.618899999999996,1.9888],[-59.2289,50.6172,2.1785],[-59.2256,50.6183,2.1785],[-59.2267,50.6197,2.8118]]],
[[[-59.1672,50.6225,0.0],[-59.1733,50.6258,0.0],[-59.1783,50.6253,4.5573],[-59.1811,50.6222,1.8452],[-59.1811,50.618899999999996,4.5427],[-59.1789,50.6164,8.8677],[-59.18,50.6158,0.0],[-59.1711,50.6125,1.5999],[-59.1672,50.615,0.0],[-59.1628,50.6142,0.0],[-59.1606,50.6181,0.0],[-59.1656,50.6169,5.6077],[-59.1672,50.6225,0.0]]],
[[[-59.3111,50.6147,4.5879],[-59.31,50.6172,0.0],[-59.3122,50.6181,0.7703],[-59.3189,50.6164,1.1279],[-59.3156,50.6131,0.0],[-59.3144,50.6142,0.3204],[-59.3161,50.6156,3.8725],[-59.3124,50.615,6.1111],[-59.3128,50.6139,6.1111],[-59.3094,50.6122,5.1407],[-59.3072,50.6139,0.1574],[-59.3034,50.6122,0.0],[-59.2978,50.6128,0.0],[-59.305,50.615,0.0],[-59.3111,50.6147,4.5879]]],
[[[-59.2528,50.6147,3.0793],[-59.2639,50.6192,1.2734],[-59.2539,50.6119,0.0],[-59.2511,50.6136,0.9961],[-59.2511,50.6153,3.0793],[-59.2533,50.6158,0.4902],[-59.2528,50.6147,3.0793]]],
[[[-59.298,50.6164,0.0],[-59.3011,50.6172,0.0],[-59.302,50.6169,0.0],[-59.3001,50.616,0.0],[-59.298,50.6164,0.0]]],
[[[-59.2495,50.6198,0.9885],[-59.2511,50.6194,0.0],[-59.2494,50.6175,0.6478],[-59.2502,50.6191,0.0],[-59.2495,50.6198,0.9885]]],
[[[-59.3864,50.6256,0.0],[-59.3859,50.6239,0.0],[-59.384,50.6235,0.0],[-59.3851,50.625,0.0],[-59.3864,50.6256,0.0]]],
[[[-59.2571,50.6205,2.947],[-59.2612,50.623,1.2761],[-59.2636,50.6217,5.0509],[-59.2616,50.6197,1.2734],[-59.2598,50.6209,2.5998],[-59.2588,50.6184,0.8695],[-59.2567,50.6185,0.3053],[-59.2571,50.6205,2.947]]],
[[[-59.2222,50.6297,0.3569],[-59.2194,50.6336,0.0],[-59.2222,50.6358,0.2928],[-59.2239,50.6358,1.1238],[-59.2239,50.6342,3.3421],[-59.2311,50.6339,2.508],[-59.2294,50.6322,3.0792],[-59.225,50.6325,2.1166],[-59.2244,50.6292,4.9633],[-59.2222,50.6297,0.3569]]],
[[[-59.2098,50.6295,1.7268],[-59.2117,50.6289,0.7613],[-59.2103,50.6276,3.1615],[-59.2067,50.6287,0.8431],[-59.2083,50.6294,0.3959],[-59.2098,50.6295,1.7268]]],
[[[-59.2244,50.6267,2.2247],[-59.2233,50.6261,2.2247],[-59.2238,50.6231,0.401],[-59.2205,50.6217,0.0],[-59.222,50.6234,3.6746],[-59.22,50.6278,0.0],[-59.2239,50.6286,4.4498],[-59.2244,50.6267,2.2247]]],
[[[-59.264,50.6326,0.0],[-59.27,50.6361,0.7444],[-59.2743,50.6348,2.1664],[-59.2739,50.6334,0.0],[-59.2711,50.6347,5.7023],[-59.2722,50.6319,3.7032],[-59.2667,50.6275,3.9614],[-59.2711,50.6281,0.4824],[-59.27,50.625,0.3818],[-59.2661,50.6253,0.9603],[-59.2648,50.6217,0.0],[-59.263,50.6234,1.2761],[-59.2646,50.6248,2.686],[-59.2628,50.6247,0.0],[-59.2628,50.6261,0.0],[-59.265,50.6286,1.2682],[-59.2622,50.6289,8.4365],[-59.2649,50.6306,1.7915],[-59.2611,50.6291,8.4365],[-59.2601,50.6274,0.0],[-59.2562,50.6286,1.9258],[-59.2574,50.6304,0.9398],[-59.2634,50.6307,0.0],[-59.264,50.6326,0.0]]],
[[[-59.3219,50.6365,1.2803],[-59.3239,50.6364,0.9275],[-59.3233,50.6344,0.9657],[-59.3211,50.6344,5.4036],[-59.3219,50.6365,1.2803]]],
[[[-59.3083,50.6331,5.8336],[-59.3072,50.6336,0.7577],[-59.3094,50.6342,1.4454],[-59.3072,50.6358,0.0],[-59.3167,50.6353,1.0112],[-59.3133,50.6317,0.0],[-59.3056,50.6308,0.7297],[-59.3083,50.6331,5.8336]]],
[[[-59.32,50.6353,5.4036],[-59.3206,50.6336,3.1402],[-59.3178,50.6319,0.0],[-59.3178,50.6353,5.4036],[-59.32,50.6353,5.4036]]],
[[[-59.2256,50.6361,0.5007],[-59.2244,50.6356,1.1238],[-59.2217,50.6378,0.4181],[-59.2261,50.6386,3.3887],[-59.2256,50.6361,0.5007]]],
[[[-59.2372,50.6378,3.5176],[-59.243899999999996,50.6394,1.413],[-59.2433,50.6364,21.1765],[-59.2461,50.6347,0.0],[-59.243899999999996,50.6325,3.6705],[-59.2483,50.6303,0.0],[-59.2433,50.6289,0.0],[-59.2411,50.6306,0.6285],[-59.2411,50.6325,6.9916],[-59.2356,50.6319,0.6011],[-59.2322,50.6361,0.0],[-59.2372,50.6378,3.5176]]],
[[[-59.2556,50.6366,0.0],[-59.2539,50.6385,0.0],[-59.2597,50.6376,1.9567],[-59.2637,50.639,0.9352],[-59.2574,50.6338,4.7318],[-59.2554,50.6336,0.0],[-59.2556,50.6366,0.0]]],
[[[-59.2239,50.6403,5.4284],[-59.225,50.6392,0.664],[-59.2211,50.6386,0.4181],[-59.2222,50.64,0.3173],[-59.2239,50.6403,5.4284]]],
[[[-59.1156,50.7172,0.0],[-59.1172,50.7208,0.0],[-59.1267,50.7203,1.3494],[-59.125,50.7183,0.0],[-59.1206,50.7175,3.0308],[-59.1216,50.7153,2.2004],[-59.1248,50.7148,5.0438],[-59.1239,50.7128,0.5072],[-59.119,50.7133,0.0],[-59.1193,50.7159,1.4452],[-59.1156,50.7172,0.0]]],
[[[-59.1206,50.7297,0.0],[-59.1206,50.7283,0.0],[-59.1161,50.7278,2.2811],[-59.118899999999996,50.7297,4.1311],[-59.1183,50.7308,0.3805],[-59.1206,50.7297,0.0]]],
[[[-59.1228,50.7392,25.3071],[-59.125,50.7394,2.654],[-59.1244,50.7356,1.7259],[-59.1217,50.7361,0.4161],[-59.1239,50.7381,7.8419],[-59.1228,50.7392,25.3071]]],
[[[-58.7248,50.8395,0.0],[-58.7267,50.8414,3.6609],[-58.7316,50.8409,1.5496],[-58.7343,50.8355,2.6509],[-58.7292,50.8357,6.8189],[-58.7248,50.8395,0.0]]],
[[[-57.3475,51.5013,140.4538],[-57.3474,51.5906,265.8977],[-57.4346,51.5899,196.754],[-57.445,51.5775,140.0],[-57.4521,51.5751,140.0],[-57.4526,51.5724,140.0],[-57.4467,51.5663,140.0],[-57.4504,51.5593,144.5319],[-57.448,51.5567,137.518],[-57.4403,51.5565,135.144],[-57.4426,51.549,145.1602],[-57.4475,51.5466,190.3135],[-57.4626,51.5454,177.9591],[-57.4723,51.5419,142.0135],[-57.4959,51.5203,71.6584],[-57.4992,51.514,60.2459],[-57.4965,51.5067,42.8169],[-57.4898,51.4995,41.5],[-57.4835,51.4994,41.5],[-57.4794,51.4947,44.8264],[-57.4743,51.4934,41.5],[-57.4714,51.4908,42.505],[-57.4688,51.4822,79.8797],[-57.4649,51.4789,54.213],[-57.4479,51.4767,0.0],[-57.4479,51.4789,0.0],[-57.4551,51.4811,0.0],[-57.4555,51.4824,10.0885],[-57.4525,51.4833,0.4043],[-57.4483,51.4813,4.3891],[-57.4363,51.4814,0.7813],[-57.4304,51.479,16.3467],[-57.4276,51.4749,4.1964],[-57.4326,51.473,1.8541],[-57.4322,51.4709,0.6244],[-57.4288,51.471,0.5218],[-57.4276,51.4677,5.257],[-57.4286,51.4643,0.1658],[-57.4198,51.4616,0.0],[-57.4133,51.4632,0.0],[-57.4128,51.4679,0.7593],[-57.4109,51.4697,1.8184],[-57.4117,51.4761,5.488],[-57.396,51.4793,10.4897],[-57.3682,51.4813,4.5778],[-57.3676,51.4984,140.4519],[-57.3612,51.4973,142.2687],[-57.3475,51.5013,140.4538]]],
[[[-58.7528,50.7539,0.0],[-58.7528,50.7561,0.0],[-58.7556,50.7553,4.9635],[-58.7561,50.7567,2.7704],[-58.76,50.755,0.0],[-58.7572,50.7514,0.0],[-58.755,50.7514,0.0],[-58.7528,50.7539,0.0]]],
[[[-59.1264,50.7228,2.721],[-59.1278,50.7239,0.0],[-59.1292,50.723,2.5918],[-59.1283,50.7217,0.0],[-59.1264,50.7228,2.721]]],
[[[-59.125,50.7242,2.2857],[-59.1256,50.7231,0.0],[-59.1211,50.7233,0.0],[-59.1194,50.7267,0.0],[-59.1217,50.7275,0.0],[-59.125,50.7242,2.2857]]],
[[[-59.1467,50.6403,21.2172],[-59.1477,50.6429,0.0],[-59.144,50.6436,0.0],[-59.1429,50.6472,0.2656],[-59.1491,50.6443,1.1544],[-59.1494,50.6358,23.5561],[-59.1428,50.6292,1.3415],[-59.1394,50.6342,0.0],[-59.1394,50.6367,0.8646],[-59.1467,50.6403,21.2172]]],
[[[-59.1578,50.6453,0.0],[-59.1572,50.6483,0.0],[-59.1622,50.6478,7.9757],[-59.1639,50.65,3.5252],[-59.165,50.6483,4.8153],[-59.1628,50.6444,14.4925],[-59.1639,50.6439,10.2849],[-59.165,50.6469,6.8931],[-59.1678,50.6467,6.0943],[-59.17,50.6456,6.0943],[-59.1706,50.6425,18.3881],[-59.1639,50.6394,8.3684],[-59.1606,50.6328,5.0877],[-59.1561,50.6303,0.0],[-59.1556,50.6328,7.1775],[-59.1578,50.6339,0.0],[-59.1583,50.6378,27.9883],[-59.1544,50.6342,2.9274],[-59.1522,50.635,0.0],[-59.1506,50.6422,1.5875],[-59.1594,50.6417,17.2809],[-59.1578,50.6453,0.0]]],
[[[-59.3479,50.6406,0.6256],[-59.3461,50.6422,0.0],[-59.3506,50.6458,0.0],[-59.3572,50.6456,0.0],[-59.3606,50.6439,1.2039],[-59.3771,50.6437,2.1553],[-59.382,50.6393,1.107],[-59.3843,50.633,2.9088],[-59.3867,50.6312,2.6137],[-59.3906,50.6315,2.5337],[-59.3916,50.6293,6.1645],[-59.38,50.6253,3.002],[-59.3822,50.6222,0.6244],[-59.3806,50.6197,9.1451],[-59.3834,50.6175,0.0],[-59.3786,50.6099,0.987],[-59.3728,50.6095,1.9571],[-59.3736,50.6074,0.6097],[-59.3773,50.606,0.0],[-59.3769,50.6037,6.7249],[-59.379,50.6026,0.0],[-59.3775,50.6013,0.0],[-59.3727,50.6019,1.5591],[-59.3698,50.5964,0.0],[-59.3643,50.5956,9.428],[-59.3681,50.5943,0.9224],[-59.3693,50.5913,11.2423],[-59.3761,50.5914,0.0],[-59.3737,50.5867,0.6956],[-59.3786,50.5844,0.0],[-59.3788,50.5821,1.8673],[-59.377,50.5802,0.7904],[-59.3744,50.58,0.1626],[-59.3752,50.582,6.9195],[-59.37,50.5811,0.0],[-59.3646,50.5834,1.4162],[-59.3605,50.5882,0.0],[-59.362,50.591,2.67],[-59.3595,50.5955,0.0],[-59.3609,50.5953,3.6411],[-59.3648,50.588,7.9354],[-59.3669,50.5887,2.9158],[-59.3598,50.5993,0.0],[-59.3585,50.6039,0.0],[-59.353,50.608,2.6888],[-59.3492,50.6152,1.297],[-59.3475,50.6139,0.8865],[-59.3439,50.6144,0.8728],[-59.3411,50.6202,4.4403],[-59.3387,50.6203,0.7366],[-59.338,50.6186,6.5031],[-59.3428,50.6133,0.0],[-59.3396,50.6125,12.0756],[-59.3445,50.6111,2.3577],[-59.345,50.6086,0.0],[-59.3428,50.6077,0.0],[-59.3405,50.6092,6.3945],[-59.3326,50.61,4.6059],[-59.3294,50.6047,1.6281],[-59.3294,50.6036,0.0],[-59.3328,50.6036,7.3252],[-59.335,50.6053,10.1804],[-59.3339,50.6075,2.2453],[-59.335,50.6081,2.1386],[-59.3408,50.6076,0.8567],[-59.3415,50.6053,3.2649],[-59.3477,50.6015,6.172],[-59.3443,50.5929,1.551],[-59.3423,50.5924,1.551],[-59.339,50.593,1.7281],[-59.3438,50.5988,4.9276],[-59.3422,50.6025,3.3492],[-59.3393,50.6021,7.1509],[-59.3372,50.5989,4.4437],[-59.3339,50.5989,33.5313],[-59.3332,50.5939,19.168],[-59.3305,50.5929,0.7722],[-59.33,50.5865,12.2837],[-59.3351,50.5898,3.5903],[-59.3343,50.5873,3.6093],[-59.3411,50.5842,0.0],[-59.3492,50.5766,3.6067],[-59.3533,50.5708,0.0],[-59.3521,50.5689,10.7668],[-59.355,50.5681,0.9717],[-59.3551,50.5667,0.1672],[-59.352,50.5647,6.2129],[-59.3561,50.5634,8.6184],[-59.3579,50.5568,13.6807],[-59.3605,50.5561,1.0286],[-59.36,50.5522,3.749],[-59.3575,50.551,11.7718],[-59.3589,50.5486,0.0],[-59.3577,50.5471,23.5312],[-59.3664,50.5425,0.0],[-59.3644,50.5361,2.6612],[-59.365,50.5336,2.931],[-59.3672,50.5331,2.931],[-59.3628,50.5304,11.3034],[-59.3629,50.5275,0.0],[-59.3603,50.5249,7.3258],[-59.3533,50.5217,0.0],[-59.3522,50.5219,0.5384],[-59.3533,50.5237,5.5244],[-59.3511,50.525,1.6656],[-59.3522,50.5275,7.0334],[-59.3489,50.5283,0.0],[-59.3428,50.5333,6.6305],[-59.3417,50.5367,0.0],[-59.3428,50.5392,31.9636],[-59.3406,50.5397,3.4364],[-59.3389,50.5378,0.0],[-59.3406,50.5336,3.8947],[-59.347,50.5275,4.0261],[-59.3433,50.5256,4.2645],[-59.3361,50.5281,2.2189],[-59.3323,50.5333,1.5448],[-59.3272,50.5367,0.7151],[-59.329,50.5394,10.8614],[-59.3269,50.5411,3.0254],[-59.315,50.5411,0.0],[-59.3139,50.5452,1.9945],[-59.3086,50.5502,4.8441],[-59.305,50.5493,1.2994],[-59.2998,50.5509,5.3427],[-59.2918,50.5567,1.6129],[-59.2934,50.558,1.544],[-59.298,50.5578,0.0],[-59.2938,50.5623,7.1504],[-59.2936,50.5645,1.1567],[-59.2977,50.5621,3.7094],[-59.2999,50.5587,18.8779],[-59.3047,50.5569,15.0685],[-59.2976,50.5662,0.0],[-59.3015,50.5756,8.8188],[-59.2997,50.5845,4.4524],[-59.3022,50.5881,2.9671],[-59.3086,50.592,42.8967],[-59.3061,50.595,2.1156],[-59.3121,50.5988,0.0],[-59.3126,50.6022,0.0],[-59.3176,50.6061,30.9078],[-59.3178,50.6108,6.6771],[-59.3244,50.6161,0.0],[-59.3349,50.6128,7.1079],[-59.3372,50.6133,7.2388],[-59.3298,50.6156,0.8206],[-59.3267,50.618899999999996,0.8686],[-59.3277,50.6213,0.4651],[-59.3332,50.6219,2.5376],[-59.3312,50.6243,8.2618],[-59.3323,50.6268,1.9369],[-59.3235,50.6311,0.0],[-59.3289,50.6328,8.1317],[-59.3251,50.6357,0.9275],[-59.326,50.6407,0.4678],[-59.3322,50.6442,1.2258],[-59.335,50.6436,4.072],[-59.3339,50.6425,8.3547],[-59.3356,50.6378,2.2546],[-59.3406,50.6367,1.8763],[-59.3444,50.6383,5.2328],[-59.3428,50.6408,0.9889],[-59.3461,50.6394,1.9064],[-59.3479,50.6406,0.6256]]],
[[[-59.4039,50.6381,0.0],[-59.4081,50.6392,0.3354],[-59.4033,50.6394,0.0],[-59.4039,50.6409,0.0],[-59.4116,50.6414,0.1561],[-59.4103,50.6378,3.7241],[-59.4129,50.6375,0.0],[-59.411,50.634,0.748],[-59.4071,50.6316,3.2338],[-59.4081,50.6305,0.0],[-59.4054,50.6211,2.7615],[-59.4083,50.6216,0.0],[-59.4088,50.619,0.0],[-59.4044,50.616,1.2149],[-59.4017,50.6178,0.591],[-59.4022,50.6243,0.8237],[-59.3999,50.6269,1.545],[-59.4016,50.6305,2.7401],[-59.3986,50.6332,3.2973],[-59.402,50.6366,2.6243],[-59.4052,50.6364,1.8234],[-59.4039,50.6381,0.0]]],
[[[-59.2394,50.6422,4.0489],[-59.2344,50.6422,3.3832],[-59.2317,50.645,0.0],[-59.2383,50.6442,0.0],[-59.2394,50.6422,4.0489]]],
[[[-59.1794,50.6381,3.6562],[-59.1783,50.64,7.1182],[-59.1794,50.6406,0.0],[-59.185,50.6389,8.0954],[-59.1856,50.6456,0.0],[-59.1878,50.6461,2.2375],[-59.1917,50.6439,1.7175],[-59.19,50.6381,12.1237],[-59.1922,50.6389,0.0],[-59.1944,50.6431,2.8376],[-59.1961,50.6431,2.8376],[-59.1972,50.6406,6.5262],[-59.1961,50.6378,21.9871],[-59.1911,50.6347,3.5385],[-59.1906,50.6331,8.3063],[-59.1928,50.6311,13.0915],[-59.1894,50.6275,8.5256],[-59.1839,50.6297,2.0415],[-59.1794,50.6381,3.6562]]],
[[[-59.2133,50.6417,2.5096],[-59.2106,50.6414,0.0],[-59.2106,50.6428,1.3191],[-59.2194,50.6431,2.1153],[-59.2194,50.6417,0.4058],[-59.2167,50.6414,5.8022],[-59.2189,50.6411,0.4058],[-59.2172,50.6406,5.8022],[-59.2183,50.6347,11.928],[-59.2144,50.6308,8.7637],[-59.2094,50.6297,1.7268],[-59.2061,50.6331,0.0],[-59.2133,50.6417,2.5096]]],
[[[-59.2061,50.6403,0.7287],[-59.2028,50.6394,0.7287],[-59.2017,50.6417,1.2961],[-59.2028,50.6433,16.158],[-59.2078,50.6428,11.3774],[-59.2061,50.6403,0.7287]]],
[[[-59.2788,50.6428,5.4316],[-59.2874,50.6463,0.4742],[-59.2968,50.645,0.0],[-59.2938,50.6447,0.0],[-59.2951,50.6435,0.0],[-59.2941,50.6421,1.3819],[-59.2922,50.644,2.7218],[-59.2889,50.6444,1.0486],[-59.2858,50.6398,0.0],[-59.2772,50.6391,1.7923],[-59.2764,50.6417,4.3167],[-59.2788,50.6428,5.4316]]],
[[[-59.243899999999996,50.6403,1.413],[-59.2394,50.6403,0.0],[-59.2394,50.6417,0.0],[-59.2411,50.6428,4.0489],[-59.25,50.6419,0.0],[-59.2483,50.64,0.0],[-59.243899999999996,50.6403,1.413]]],
[[[-59.2233,50.6442,2.3547],[-59.2261,50.6431,3.3838],[-59.225,50.6406,0.7034],[-59.2228,50.6406,0.0],[-59.2217,50.6442,3.1437],[-59.2183,50.6469,0.0],[-59.2233,50.6469,0.5943],[-59.2244,50.645,2.3547],[-59.2233,50.6442,2.3547]]],
[[[-59.2267,50.6433,3.3838],[-59.2267,50.645,1.2154],[-59.2289,50.645,1.2154],[-59.2283,50.6428,3.3838],[-59.2267,50.6433,3.3838]]],
[[[-59.2406,50.6456,0.0],[-59.2426,50.6469,2.0348],[-59.243899999999996,50.646,0.0],[-59.2428,50.6453,0.0],[-59.2406,50.6456,0.0]]],
[[[-59.4139,50.6478,2.0515],[-59.4078,50.6483,0.0],[-59.4161,50.6528,0.0],[-59.4211,50.6533,0.209],[-59.4217,50.6503,0.0],[-59.42,50.6486,0.0],[-59.4183,50.6497,3.1454],[-59.4139,50.6478,2.0515]]],
[[[-59.2106,50.6461,0.0],[-59.2078,50.6439,7.8933],[-59.2028,50.6453,3.3281],[-59.2039,50.6494,3.1767],[-59.2067,50.6506,0.0],[-59.2106,50.6492,0.0],[-59.21,50.6481,17.0469],[-59.2117,50.6472,0.512],[-59.2106,50.6461,0.0]]],
[[[-59.2837,50.6458,0.0],[-59.2833,50.6469,0.0],[-59.2873,50.649,0.0],[-59.2868,50.6477,0.0],[-59.2837,50.6458,0.0]]],
[[[-59.3413,50.6487,4.3238],[-59.3428,50.6475,0.0],[-59.3383,50.6476,6.0703],[-59.3394,50.649,0.0],[-59.3413,50.6487,4.3238]]],
[[[-59.405,50.6497,0.5089],[-59.4044,50.6487,0.0],[-59.4011,50.6492,0.1021],[-59.4061,50.6508,2.1141],[-59.405,50.6497,0.5089]]],
[[[-59.2483,50.6483,0.2143],[-59.25,50.6486,7.4757],[-59.2478,50.65,2.2314],[-59.2489,50.6508,6.2135],[-59.2478,50.6531,1.5217],[-59.2533,50.6531,4.6982],[-59.2544,50.6522,1.4735],[-59.25,50.6497,0.7036],[-59.2544,50.6481,2.4309],[-59.255,50.6464,6.5265],[-59.2567,50.6469,4.2209],[-59.2556,50.6447,2.5247],[-59.2578,50.6433,2.7305],[-59.2656,50.6433,5.626],[-59.2689,50.645,2.5058],[-59.2717,50.6433,3.8498],[-59.2694,50.6406,3.3233],[-59.265,50.6406,3.6926],[-59.2567,50.6425,2.7305],[-59.2544,50.6417,0.0],[-59.2539,50.6458,6.5265],[-59.2517,50.6453,1.3958],[-59.2489,50.6433,0.0],[-59.2444,50.6447,0.0],[-59.2478,50.6475,0.2143],[-59.25,50.6467,5.8912],[-59.2483,50.6483,0.2143]]],
[[[-59.2811,50.6478,1.0292],[-59.28,50.6447,11.7266],[-59.2744,50.6422,3.2027],[-59.2728,50.6428,3.2027],[-59.2711,50.6472,3.3004],[-59.2722,50.65,0.4041],[-59.2744,50.6508,2.2341],[-59.2733,50.6525,0.49],[-59.2778,50.6517,7.3274],[-59.2794,50.6481,11.8285],[-59.2811,50.6478,1.0292]]],
[[[-59.1516,50.6595,6.8395],[-59.1515,50.6564,0.8872],[-59.1476,50.6552,0.0],[-59.1442,50.6615,10.1907],[-59.1462,50.6646,6.7125],[-59.1494,50.6658,0.0],[-59.1517,50.665,3.1248],[-59.1516,50.6595,6.8395]]],
[[[-59.1873,50.6667,0.0],[-59.1877,50.6676,0.4676],[-59.1914,50.6675,0.825],[-59.1899,50.6662,1.1426],[-59.1873,50.6667,0.0]]],
[[[-59.3206,50.6711,0.5475],[-59.3194,50.6692,0.0],[-59.3179,50.6689,0.0],[-59.3194,50.6719,0.5475],[-59.3206,50.6711,0.5475]]],
[[[-59.2351,50.667,0.0],[-59.2372,50.6707,0.0],[-59.2462,50.669,0.7397],[-59.2419,50.6656,0.6962],[-59.2351,50.667,0.0]]],
[[[-59.2489,50.6722,0.0],[-59.2495,50.6717,1.0525],[-59.2456,50.6703,0.7397],[-59.246,50.6716,1.3953],[-59.2489,50.6722,0.0]]],
[[[-59.3044,50.6805,0.0],[-59.3111,50.681,0.6936],[-59.3085,50.6762,0.638],[-59.2988,50.6723,1.2032],[-59.2968,50.6729,1.2032],[-59.2963,50.6765,0.8605],[-59.3023,50.6773,0.0],[-59.3044,50.6805,0.0]]],
[[[-59.1978,50.6578,2.841],[-59.196,50.657,0.0],[-59.1948,50.6594,0.0],[-59.2,50.6621,0.0],[-59.2006,50.6609,0.0],[-59.1978,50.6578,2.841]]],
[[[-59.244,50.6567,4.8037],[-59.246,50.6572,0.0],[-59.2473,50.6563,3.3113],[-59.2444,50.6547,0.0],[-59.244,50.6567,4.8037]]],
[[[-59.2372,50.6569,0.0],[-59.2369,50.6587,2.0848],[-59.2385,50.6596,6.5214],[-59.2443,50.6594,0.0],[-59.2417,50.6578,0.711],[-59.2372,50.6569,0.0]]],
[[[-59.2966,50.6509,2.123],[-59.2944,50.6491,0.5395],[-59.2913,50.6522,0.9064],[-59.2982,50.6568,5.4074],[-59.303,50.6536,6.6338],[-59.3001,50.6504,0.0],[-59.2966,50.6509,2.123]]],
[[[-59.285,50.6619,3.7814],[-59.2905,50.6625,2.1929],[-59.2925,50.6653,1.2832],[-59.2971,50.6598,2.2542],[-59.2953,50.6564,5.4074],[-59.2825,50.6485,1.0292],[-59.2787,50.652,0.9109],[-59.2802,50.6531,1.7998],[-59.2778,50.6568,0.0],[-59.285,50.6619,3.7814]]],
[[[-59.2944,50.6656,0.0],[-59.2957,50.6669,8.291],[-59.2986,50.6652,7.1358],[-59.2968,50.6633,0.0],[-59.2944,50.6656,0.0]]],
[[[-59.2994,50.6578,1.2068],[-59.2989,50.6597,2.2542],[-59.3011,50.6634,5.2809],[-59.2972,50.6678,0.0],[-59.2978,50.6689,0.0],[-59.3112,50.6756,0.638],[-59.3153,50.674,3.7022],[-59.3148,50.6699,0.0],[-59.312,50.6691,0.9563],[-59.3102,50.6662,12.6631],[-59.3122,50.6628,3.1748],[-59.3083,50.6622,3.5807],[-59.3117,50.6564,0.0],[-59.3109,50.6555,13.5974],[-59.3061,50.655,0.0],[-59.2994,50.6578,1.2068]]],
[[[-59.2622,50.6658,3.3466],[-59.2599,50.667,0.0],[-59.2596,50.6693,1.6545],[-59.2568,50.6694,1.0004],[-59.2567,50.6708,0.0],[-59.2633,50.6698,1.5616],[-59.2656,50.6683,12.8631],[-59.2659,50.666,6.7061],[-59.2686,50.6659,1.6534],[-59.2682,50.6613,0.0],[-59.261,50.6599,0.0],[-59.2644,50.665,1.3035],[-59.2622,50.6658,3.3466]]],
[[[-59.2471,50.6617,8.3535],[-59.2506,50.6589,0.0],[-59.2461,50.6592,3.0654],[-59.2449,50.6616,0.0],[-59.2471,50.6617,8.3535]]],
[[[-59.2065,50.6646,0.3629],[-59.2037,50.6639,2.345],[-59.2041,50.6615,0.0],[-59.2022,50.6619,0.0],[-59.2033,50.6647,2.345],[-59.2072,50.6658,0.6116],[-59.2065,50.6646,0.3629]]],
[[[-59.2248,50.6665,13.14],[-59.226,50.6646,0.0],[-59.225,50.6634,0.0],[-59.219,50.6607,5.7856],[-59.2162,50.6612,5.8649],[-59.2149,50.6632,18.9179],[-59.2168,50.6666,3.1306],[-59.221,50.6676,2.8628],[-59.2248,50.6665,13.14]]],
[[[-59.2673,50.6759,2.0839],[-59.2705,50.6774,1.2102],[-59.2822,50.6772,0.0],[-59.2833,50.6742,0.0],[-59.2906,50.6733,12.1273],[-59.2905,50.6706,16.4385],[-59.2928,50.6686,2.0179],[-59.2861,50.6633,0.0],[-59.2839,50.6628,1.5017],[-59.2792,50.665,0.0],[-59.2761,50.6639,1.9694],[-59.276,50.6612,4.1077],[-59.2733,50.6611,4.1077],[-59.2698,50.6635,0.0],[-59.2739,50.6664,0.7893],[-59.2661,50.6705,2.416],[-59.2652,50.6753,0.0],[-59.2673,50.6759,2.0839]]],
[[[-59.1948,50.7059,0.0],[-59.1967,50.7072,0.0],[-59.1987,50.7069,0.0],[-59.1972,50.7044,0.8228],[-59.1948,50.7059,0.0]]],
[[[-59.2133,50.7028,1.3654],[-59.2156,50.7033,9.8421],[-59.2144,50.7047,0.1937],[-59.2189,50.7036,2.382],[-59.2161,50.7003,0.0],[-59.2106,50.6992,0.5707],[-59.2111,50.7028,1.2116],[-59.2133,50.7028,1.3654]]],
[[[-59.2233,50.6903,5.6011],[-59.2244,50.6894,5.6011],[-59.2178,50.6872,0.0],[-59.2178,50.6881,0.0],[-59.2233,50.6903,5.6011]]],
[[[-59.2696,50.6909,0.0],[-59.271,50.6904,0.0],[-59.2672,50.6886,0.0],[-59.2667,50.6903,0.0],[-59.2696,50.6909,0.0]]],
[[[-59.2544,50.6897,0.0],[-59.2561,50.6908,1.185],[-59.2578,50.6904,2.054],[-59.2561,50.6892,2.054],[-59.2544,50.6897,0.0]]],
[[[-59.2261,50.6875,0.9947],[-59.2294,50.6881,0.858],[-59.2272,50.6858,0.8255],[-59.2256,50.6864,0.8255],[-59.2261,50.6875,0.9947]]],
[[[-59.2766,50.688,5.4446],[-59.2766,50.6914,0.8324],[-59.2817,50.697,10.3471],[-59.2906,50.6965,3.7596],[-59.2944,50.6944,1.5241],[-59.2936,50.692,0.0],[-59.2904,50.6915,5.135],[-59.2913,50.6901,0.0],[-59.2893,50.6881,0.8685],[-59.285,50.69,1.7475],[-59.2828,50.6869,0.0],[-59.2783,50.6858,2.2566],[-59.2766,50.688,5.4446]]],
[[[-59.2718,50.695,0.7353],[-59.273,50.6958,0.0],[-59.2739,50.6953,0.0],[-59.2722,50.6933,0.0],[-59.2718,50.695,0.7353]]],
[[[-59.2526,50.6974,0.8985],[-59.2518,50.7,4.0358],[-59.2533,50.7008,0.0],[-59.2522,50.7028,0.0],[-59.2533,50.7051,0.0],[-59.2578,50.7042,10.2504],[-59.2594,50.7017,7.7128],[-59.263,50.7015,5.4373],[-59.2619,50.6979,2.0618],[-59.2568,50.6954,0.3956],[-59.2541,50.6951,0.8833],[-59.2526,50.6974,0.8985]]],
[[[-59.1544,50.7208,0.9209],[-59.1561,50.7197,0.607],[-59.1533,50.7183,0.0],[-59.1528,50.7208,0.0],[-59.1544,50.7208,0.9209]]],
[[[-59.1381,50.7096,0.0],[-59.1389,50.7106,0.0],[-59.1411,50.7086,0.0],[-59.1393,50.7086,0.0],[-59.1381,50.7096,0.0]]],
[[[-59.2128,50.7086,0.2705],[-59.2111,50.7072,0.9139],[-59.2089,50.7092,0.0],[-59.2111,50.7111,1.2818],[-59.2128,50.7094,1.0777],[-59.215,50.71,0.0],[-59.2144,50.7081,0.2705],[-59.2128,50.7086,0.2705]]],
[[[-59.235,50.7156,1.0526],[-59.241,50.715,10.5095],[-59.2425,50.7172,0.0],[-59.2426,50.7148,2.5323],[-59.2468,50.7138,0.0],[-59.246,50.711,1.868],[-59.2485,50.7073,0.0],[-59.2452,50.7018,2.4398],[-59.2431,50.7043,1.7512],[-59.2388,50.7036,1.5465],[-59.2413,50.7013,10.2219],[-59.2451,50.7006,2.4398],[-59.2387,50.694,2.4882],[-59.2272,50.6894,0.0],[-59.2224,50.6921,0.0],[-59.2224,50.694,1.9466],[-59.2195,50.6935,0.0],[-59.2194,50.6947,5.2283],[-59.2242,50.6986,1.5556],[-59.2221,50.7016,0.0],[-59.2248,50.7049,0.3648],[-59.2304,50.7066,0.0],[-59.2288,50.7068,0.0],[-59.2282,50.7088,6.3383],[-59.224,50.709,2.3472],[-59.2215,50.712,3.2398],[-59.2417,50.7106,0.7214],[-59.2355,50.7131,5.6157],[-59.235,50.7156,1.0526]]],
[[[-59.2483,50.7181,4.3198],[-59.2511,50.7208,0.0],[-59.2544,50.7194,1.6551],[-59.2506,50.7108,0.0],[-59.2467,50.7144,0.0],[-59.2483,50.7181,4.3198]]],
[[[-59.1594,50.715,5.3296],[-59.1594,50.7133,0.9538],[-59.1556,50.7133,1.2416],[-59.1572,50.715,2.6913],[-59.1594,50.715,5.3296]]],
[[[-59.2011,50.7136,2.8783],[-59.2033,50.7139,8.6758],[-59.2044,50.7167,3.7779],[-59.2072,50.7167,12.4993],[-59.21,50.7156,2.4093],[-59.2122,50.7122,4.6947],[-59.2078,50.7111,5.6899],[-59.2083,50.71,2.2876],[-59.2061,50.7089,0.0],[-59.2061,50.7111,1.4021],[-59.2022,50.7117,0.0],[-59.2011,50.7136,2.8783]]],
[[[-59.1906,50.7147,0.9926],[-59.1911,50.7139,0.9926],[-59.1889,50.7139,3.7656],[-59.1867,50.7158,1.1452],[-59.1894,50.7183,4.2833],[-59.1939,50.7169,14.7974],[-59.1933,50.7153,0.9926],[-59.1906,50.7147,0.9926]]],
[[[-59.1706,50.7164,0.0],[-59.1689,50.7175,0.0],[-59.1689,50.72,0.8086],[-59.1739,50.7178,3.3233],[-59.1706,50.7164,0.0]]],
[[[-59.2094,50.7172,3.429],[-59.2083,50.7167,12.4993],[-59.205,50.7197,0.0],[-59.2094,50.7192,1.1757],[-59.2094,50.7172,3.429]]],
[[[-59.1983,50.6803,0.0],[-59.1972,50.6825,0.0],[-59.2061,50.6836,11.1198],[-59.2039,50.681399999999996,0.9755],[-59.1983,50.6803,0.0]]],
[[[-59.2167,50.6806,7.6567],[-59.2128,50.6806,2.383],[-59.2128,50.6819,2.383],[-59.21,50.6831,0.0],[-59.2144,50.6839,0.6012],[-59.2189,50.6819,1.9756],[-59.2167,50.6806,7.6567]]],
[[[-59.2719,50.6852,2.5619],[-59.2736,50.6852,0.0],[-59.2747,50.6844,0.0],[-59.2706,50.6836,0.0],[-59.2719,50.6852,2.5619]]],
[[[-59.2914,50.6854,0.0],[-59.29,50.6839,2.8305],[-59.288,50.6838,0.0],[-59.2891,50.6863,1.7647],[-59.2914,50.6854,0.0]]],
[[[-59.2638,50.6832,0.0],[-59.2633,50.6858,0.0],[-59.2679,50.6861,4.4035],[-59.2678,50.685,2.0664],[-59.2638,50.6832,0.0]]],
[[[-59.2538,50.6879,0.8289],[-59.2544,50.685,0.0],[-59.2522,50.6852,0.0],[-59.2511,50.6875,2.093],[-59.2538,50.6879,0.8289]]],
[[[-59.2456,50.6928,10.0612],[-59.243899999999996,50.6942,1.4188],[-59.2444,50.6956,0.0],[-59.2472,50.6953,9.0809],[-59.2478,50.6978,1.4346],[-59.2511,50.6975,0.8985],[-59.2489,50.6919,0.7181],[-59.2456,50.6903,1.0459],[-59.2461,50.6875,0.4395],[-59.2433,50.6869,15.3621],[-59.2478,50.6858,0.0],[-59.2461,50.6842,4.425],[-59.2472,50.6828,3.4804],[-59.2433,50.6828,17.3217],[-59.245,50.68,1.8227],[-59.2406,50.6792,0.1916],[-59.2389,50.6797,0.1916],[-59.2394,50.6819,2.7323],[-59.23,50.6828,0.0],[-59.2322,50.6867,2.1729],[-59.2383,50.6847,12.6296],[-59.2378,50.6869,9.3865],[-59.235,50.6878,0.5962],[-59.2367,50.6892,1.1708],[-59.2394,50.6886,5.8099],[-59.2378,50.6922,0.6347],[-59.2428,50.6908,4.6947],[-59.2456,50.6914,10.3994],[-59.2456,50.6928,10.0612]]],
[[[-59.2305,50.7271,8.3319],[-59.2265,50.7288,4.2473],[-59.2267,50.7311,2.4018],[-59.2314,50.7317,3.1511],[-59.2319,50.7282,4.883],[-59.2305,50.7271,8.3319]]],
[[[-59.2451,50.7389,0.0],[-59.2479,50.738,0.0],[-59.2494,50.7361,1.0562],[-59.2456,50.7355,5.189],[-59.2451,50.7389,0.0]]],
[[[-59.1648,50.7375,0.0],[-59.1678,50.7358,0.0],[-59.1649,50.7351,0.0],[-59.1633,50.7369,1.5566],[-59.1648,50.7375,0.0]]],
[[[-59.1576,50.7389,0.9387],[-59.1611,50.7381,19.0873],[-59.1621,50.7366,2.2791],[-59.1534,50.7381,3.805],[-59.1576,50.7389,0.9387]]],
[[[-59.247,50.7284,0.0],[-59.2447,50.7294,0.0],[-59.2534,50.7332,6.8434],[-59.2537,50.7312,16.1533],[-59.247,50.7284,0.0]]],
[[[-59.1664,50.7295,0.3309],[-59.159,50.7331,0.0],[-59.1628,50.7336,2.706],[-59.167,50.7304,0.3309],[-59.1664,50.7295,0.3309]]],
[[[-59.1294,50.7314,1.4008],[-59.1261,50.7303,0.0],[-59.1256,50.7314,0.0],[-59.1278,50.7331,2.0341],[-59.1278,50.735,0.0],[-59.1306,50.7319,1.7515],[-59.1356,50.7325,2.9648],[-59.1344,50.7308,1.5648],[-59.1294,50.7314,1.4008]]],
[[[-59.1383,50.7369,3.5094],[-59.1394,50.7358,1.0662],[-59.1378,50.7342,1.2444],[-59.1356,50.7342,0.0],[-59.1339,50.7364,0.0],[-59.1356,50.7375,0.0],[-59.1383,50.7369,3.5094]]],
[[[-59.1732,50.7359,1.7639],[-59.1762,50.7338,0.0],[-59.1725,50.7326,4.8085],[-59.1692,50.7338,1.3267],[-59.1702,50.7357,0.0],[-59.1732,50.7359,1.7639]]],
[[[-59.1799,50.7475,0.8286],[-59.1817,50.7472,0.8286],[-59.1805,50.7454,0.0],[-59.1786,50.746,2.4214],[-59.1799,50.7475,0.8286]]],
[[[-59.1768,50.7504,0.8654],[-59.1763,50.7491,0.8654],[-59.1728,50.7492,0.0],[-59.1742,50.7514,1.3536],[-59.1768,50.7504,0.8654]]],
[[[-59.1577,50.7602,4.5424],[-59.16,50.7589,2.2757],[-59.1575,50.7577,0.9724],[-59.1552,50.76,4.5424],[-59.1577,50.7602,4.5424]]],
[[[-59.1651,50.7576,0.9178],[-59.1597,50.7613,0.0],[-59.1617,50.7625,2.142],[-59.1625,50.7609,5.1016],[-59.1689,50.7589,0.0],[-59.1651,50.7576,0.9178]]],
[[[-59.1184,50.7516,2.836],[-59.1226,50.7567,1.1371],[-59.1238,50.7553,2.6766],[-59.1383,50.7543,4.2772],[-59.1322,50.7506,7.5724],[-59.1378,50.747,5.3929],[-59.1356,50.745,0.0],[-59.1339,50.7456,4.4415],[-59.1344,50.7469,4.4415],[-59.1291,50.7483,1.4819],[-59.1283,50.7522,1.9601],[-59.1309,50.753,5.2139],[-59.1262,50.753,0.9892],[-59.1266,50.7516,0.8775],[-59.123,50.7498,0.0],[-59.1184,50.7516,2.836]]],
[[[-59.1652,50.7542,0.0],[-59.171,50.7548,0.9306],[-59.1661,50.752,0.0],[-59.1649,50.7522,0.0],[-59.1652,50.7542,0.0]]],
[[[-59.1523,50.7579,0.5025],[-59.1541,50.7578,1.3766],[-59.1548,50.7562,2.0274],[-59.1527,50.7556,0.0],[-59.1523,50.7579,0.5025]]],
[[[-59.1344,50.7626,0.0],[-59.1366,50.7645,3.7913],[-59.1439,50.7658,1.3244],[-59.1495,50.7615,2.2979],[-59.148,50.7576,11.8038],[-59.1455,50.756,1.4887],[-59.1462,50.7543,0.2863],[-59.1413,50.756,5.4148],[-59.1404,50.7601,1.2683],[-59.132,50.7592,2.0511],[-59.1344,50.7626,0.0]]],
[[[-59.1314,50.7397,0.1095],[-59.1296,50.7384,0.0],[-59.127,50.7401,0.6518],[-59.1324,50.7428,0.0],[-59.1333,50.7404,0.0],[-59.1314,50.7397,0.1095]]],
[[[-59.2385,50.7418,1.7108],[-59.24,50.7408,1.7108],[-59.2377,50.7388,0.8531],[-59.2368,50.7407,0.0],[-59.2385,50.7418,1.7108]]],
[[[-59.2622,50.7406,2.0439],[-59.2567,50.7419,0.0],[-59.2556,50.7442,0.0],[-59.2572,50.7447,0.4705],[-59.2622,50.7406,2.0439]]],
[[[-59.2522,50.7461,3.5564],[-59.2531,50.7436,4.612],[-59.2511,50.7417,0.0],[-59.2511,50.7436,4.612],[-59.2489,50.745,2.0203],[-59.2522,50.7461,3.5564]]],
[[[-59.1608,50.7411,2.059],[-59.1558,50.7406,6.5467],[-59.1549,50.7423,0.0],[-59.1571,50.7433,5.7132],[-59.1608,50.7411,2.059]]],
[[[-59.1388,50.7458,5.446],[-59.1417,50.749,3.3757],[-59.1371,50.7511,0.0],[-59.1414,50.7521,0.0],[-59.1447,50.7517,0.0],[-59.1445,50.7491,6.7287],[-59.1457,50.7488,1.5838],[-59.151,50.7503,5.1336],[-59.153,50.7489,0.0],[-59.1524,50.7472,3.8817],[-59.1551,50.7466,0.0],[-59.1471,50.7454,1.7269],[-59.1513,50.7432,0.0],[-59.1486,50.7411,0.0],[-59.1459,50.7441,1.7269],[-59.1427,50.7416,0.0],[-59.1393,50.7417,1.5176],[-59.1386,50.7436,10.4553],[-59.14,50.7447,4.0959],[-59.1388,50.7458,5.446]]],
[[[-59.1344,50.7236,1.1129],[-59.1376,50.7251,4.2788],[-59.1381,50.7244,4.2788],[-59.1361,50.7222,1.1129],[-59.1344,50.7236,1.1129]]],
[[[-59.1572,50.7228,0.0],[-59.1567,50.7242,0.0],[-59.16,50.7236,5.4784],[-59.16,50.725,0.9938],[-59.1617,50.725,4.339],[-59.1594,50.7214,0.0],[-59.1572,50.7228,0.0]]],
[[[-59.2144,50.7214,0.718],[-59.2142,50.7231,1.3941],[-59.2172,50.7227,0.7093],[-59.2173,50.7206,4.0543],[-59.2144,50.7214,0.718]]],
[[[-59.1967,50.7189,0.0],[-59.1872,50.7208,0.0],[-59.1878,50.7231,0.0],[-59.1894,50.7233,0.6511],[-59.1894,50.7211,4.282],[-59.1972,50.7197,0.0],[-59.1967,50.7189,0.0]]],
[[[-59.1956,50.7228,4.4292],[-59.1966,50.7222,1.3099],[-59.1944,50.7208,0.0],[-59.1922,50.7244,0.0],[-59.1939,50.7244,0.0],[-59.1956,50.7228,4.4292]]],
[[[-59.2555,50.7286,19.4724],[-59.2559,50.7247,0.0],[-59.2537,50.7226,11.5625],[-59.2464,50.7244,1.2192],[-59.2511,50.7274,7.5316],[-59.2555,50.7286,19.4724]]],
[[[-59.1472,50.725,0.7763],[-59.145,50.7242,0.7763],[-59.1439,50.7267,3.0539],[-59.1472,50.7289,0.0],[-59.1506,50.7258,11.7407],[-59.1528,50.7261,1.8574],[-59.1522,50.7247,0.0],[-59.1472,50.725,0.7763]]],
[[[-59.8367,50.2581,2.6737],[-59.8372,50.2556,3.949],[-59.8333,50.2558,0.2326],[-59.8344,50.2586,1.2011],[-59.8367,50.2581,2.6737]]],
[[[-61.1219,50.2732,0.0],[-61.1208,50.272,0.0],[-61.1183,50.2717,0.0],[-61.1193,50.2731,1.6841],[-61.1219,50.2732,0.0]]],
[[[-60.2969,50.2735,3.5735],[-60.2983,50.2695,2.8667],[-60.2944,50.2706,1.5224],[-60.2941,50.2741,1.0904],[-60.2969,50.2735,3.5735]]],
[[[-59.9248,50.2712,0.0],[-59.9289,50.2698,0.0],[-59.9288,50.2692,0.0],[-59.9269,50.2687,0.0],[-59.9248,50.2712,0.0]]],
[[[-59.7572,50.275,1.8553],[-59.7583,50.2736,0.2795],[-59.7561,50.2722,1.1246],[-59.7544,50.2744,0.1712],[-59.7572,50.275,1.8553]]],
[[[-59.7394,50.2761,1.3463],[-59.7378,50.2764,1.3463],[-59.7406,50.2775,0.0],[-59.7411,50.28,0.0],[-59.7478,50.2789,0.0],[-59.743899999999996,50.2756,3.2346],[-59.7394,50.2761,1.3463]]],
[[[-59.8047,50.2784,4.5653],[-59.8022,50.2767,0.0],[-59.7998,50.279,0.1825],[-59.8,50.2794,0.1825],[-59.8047,50.2784,4.5653]]],
[[[-59.9011,50.2817,1.0388],[-59.9017,50.28,0.7203],[-59.9,50.2795,0.7203],[-59.9,50.2814,1.0388],[-59.9011,50.2817,1.0388]]],
[[[-59.9421,50.2708,4.7908],[-59.9379,50.2718,0.0],[-59.94,50.2736,2.1056],[-59.9439,50.2717,0.3587],[-59.9421,50.2708,4.7908]]],
[[[-60.0039,50.2761,0.0],[-60.0056,50.2753,0.0],[-60.0063,50.2739,0.0],[-60.0039,50.2739,2.4044],[-60.0039,50.2761,0.0]]],
[[[-59.7272,50.29,0.304],[-59.7261,50.2917,1.7125],[-59.7306,50.2914,4.9821],[-59.7283,50.2931,0.0],[-59.7333,50.2908,2.5075],[-59.7344,50.2925,0.7469],[-59.74,50.2911,1.6164],[-59.7344,50.2892,2.0495],[-59.73,50.29,1.4206],[-59.7278,50.2889,0.304],[-59.7272,50.29,0.304]]],
[[[-60.2994,50.2947,1.4921],[-60.2959,50.2958,1.6099],[-60.2989,50.2983,0.0],[-60.3088,50.2969,0.0],[-60.3067,50.2956,5.6643],[-60.2994,50.2947,1.4921]]],
[[[-60.2956,50.2864,6.4663],[-60.2983,50.2925,0.0],[-60.3077,50.2917,0.9988],[-60.2992,50.286,2.1246],[-60.2956,50.2864,6.4663]]],
[[[-59.7844,50.2861,1.5867],[-59.7817,50.2844,0.5996],[-59.7806,50.2856,3.0055],[-59.7822,50.2856,3.0055],[-59.7778,50.2883,0.0],[-59.7861,50.2864,0.1564],[-59.7844,50.2861,1.5867]]],
[[[-59.6983,50.2997,1.5223],[-59.7,50.2967,1.3146],[-59.6978,50.2956,0.0],[-59.695,50.2986,0.0],[-59.6983,50.2997,1.5223]]],
[[[-59.8161,50.2972,0.6856],[-59.8169,50.2986,0.6856],[-59.8192,50.2967,1.3494],[-59.8172,50.2964,0.3139],[-59.8161,50.2972,0.6856]]],
[[[-59.7967,50.2967,2.0533],[-59.7972,50.2992,0.0],[-59.8006,50.2983,14.0421],[-59.7989,50.3,0.0],[-59.8,50.3003,1.705],[-59.8022,50.2989,0.7374],[-59.8006,50.2978,14.0421],[-59.8017,50.2953,2.4701],[-59.8096,50.2921,2.3155],[-59.8059,50.2918,0.0],[-59.7967,50.2967,2.0533]]],
[[[-59.7339,50.2803,0.0],[-59.7289,50.28,0.0],[-59.7283,50.2822,0.0],[-59.735,50.2825,0.5316],[-59.7339,50.2803,0.0]]],
[[[-59.8906,50.2826,0.0],[-59.8928,50.2831,3.3326],[-59.893,50.2812,2.1187],[-59.8915,50.2805,0.0],[-59.8906,50.2826,0.0]]],
[[[-59.8986,50.2824,0.0],[-59.8979,50.2802,0.3285],[-59.8992,50.2783,0.4718],[-59.8973,50.2785,0.0],[-59.897,50.2819,0.4567],[-59.8986,50.2824,0.0]]],
[[[-59.7389,50.2878,2.0248],[-59.74,50.2883,2.0248],[-59.7372,50.2886,0.1766],[-59.7406,50.2892,0.2227],[-59.7428,50.2875,2.6239],[-59.7417,50.2864,2.2885],[-59.7433,50.2844,4.8966],[-59.7411,50.2819,0.0],[-59.7389,50.2831,0.8864],[-59.7394,50.2858,2.6427],[-59.7367,50.2853,0.0],[-59.7361,50.2864,0.9482],[-59.7389,50.2878,2.0248]]],
[[[-59.6528,50.3103,0.0],[-59.65,50.31,0.0],[-59.6467,50.3147,1.5045],[-59.6489,50.3153,2.8381],[-59.6506,50.3125,3.5154],[-59.6528,50.3128,2.0075],[-59.6539,50.3106,2.1702],[-59.6528,50.3103,0.0]]],
[[[-59.7483,50.3172,6.0263],[-59.7461,50.3192,0.5047],[-59.75,50.32,0.0],[-59.7517,50.3169,4.3527],[-59.7606,50.3131,0.0],[-59.7617,50.3106,0.6338],[-59.7544,50.3128,3.6569],[-59.7494,50.3125,0.793],[-59.7478,50.315,5.0965],[-59.75,50.3167,4.3527],[-59.7483,50.3172,6.0263]]],
[[[-59.7594,50.3161,1.4655],[-59.7617,50.3156,0.6808],[-59.7622,50.3147,2.7387],[-59.7572,50.3153,5.3837],[-59.7594,50.3161,1.4655]]],
[[[-60.3022,50.3228,0.0],[-60.3056,50.3219,0.0],[-60.3061,50.3206,0.0],[-60.3017,50.3211,1.1215],[-60.3022,50.3228,0.0]]],
[[[-59.6278,50.3347,6.0543],[-59.6261,50.3369,0.0],[-59.6294,50.3367,8.5531],[-59.63,50.3392,0.0],[-59.6333,50.3381,0.0],[-59.6317,50.3353,9.0139],[-59.6328,50.3331,0.0],[-59.6311,50.3317,9.8709],[-59.6356,50.3294,3.8855],[-59.6339,50.3286,11.145],[-59.6361,50.3281,11.145],[-59.6367,50.3258,2.1606],[-59.6244,50.3272,2.2619],[-59.6233,50.3306,10.1913],[-59.6206,50.3306,10.1913],[-59.6183,50.3328,6.3327],[-59.62,50.3347,1.8019],[-59.6244,50.3331,10.1282],[-59.6244,50.3344,1.4623],[-59.6289,50.3344,4.859],[-59.6278,50.3347,6.0543]]],
[[[-59.848,50.3432,4.2587],[-59.8464,50.3407,4.9621],[-59.8426,50.3448,15.0667],[-59.845,50.3455,0.0],[-59.8496,50.3436,4.1877],[-59.848,50.3432,4.2587]]],
[[[-59.8072,50.3464,0.0],[-59.8044,50.3468,0.0],[-59.8049,50.35,4.7225],[-59.8078,50.351,3.3895],[-59.8114,50.35,0.0],[-59.8087,50.3485,1.4057],[-59.8072,50.3464,0.0]]],
[[[-59.8367,50.3538,0.0],[-59.8385,50.3533,0.6907],[-59.8394,50.3525,0.6907],[-59.8347,50.3533,0.0],[-59.8367,50.3538,0.0]]],
[[[-59.815,50.3534,4.2664],[-59.8188,50.3517,1.7068],[-59.8198,50.3506,2.8263],[-59.8128,50.3525,0.0],[-59.815,50.3534,4.2664]]],
[[[-59.645,50.3172,0.0],[-59.6467,50.3153,1.5045],[-59.6439,50.3142,4.1993],[-59.64,50.3178,2.3832],[-59.6372,50.3183,0.0],[-59.6367,50.3208,1.2681],[-59.64,50.3217,7.5452],[-59.645,50.3172,0.0]]],
[[[-59.635,50.3236,0.9426],[-59.6372,50.3239,0.1878],[-59.6378,50.3219,1.2681],[-59.6356,50.3217,0.0],[-59.6339,50.3231,0.9426],[-59.635,50.3236,0.9426]]],
[[[-59.8656,50.3753,0.4614],[-59.8662,50.3758,0.0],[-59.8706,50.3758,0.0],[-59.8678,50.3744,0.4614],[-59.8656,50.3753,0.4614]]],
[[[-59.8498,50.393,6.1954],[-59.8556,50.3911,0.0],[-59.8528,50.3903,1.4675],[-59.8476,50.392,0.0],[-59.8498,50.393,6.1954]]],
[[[-59.6978,50.3942,0.986],[-59.6955,50.3938,0.916],[-59.6936,50.3946,0.0],[-59.6981,50.395,0.986],[-59.6978,50.3942,0.986]]],
[[[-59.7583,50.3847,0.0],[-59.7567,50.3858,1.1333],[-59.7594,50.3872,0.2915],[-59.7622,50.3864,0.3468],[-59.76,50.3861,0.3468],[-59.7583,50.3847,0.0]]],
[[[-59.7183,50.3772,0.0],[-59.7144,50.3825,0.2448],[-59.715,50.3844,0.5777],[-59.7178,50.3822,7.7121],[-59.7189,50.3822,2.4534],[-59.7189,50.3836,2.4534],[-59.7211,50.3822,0.0],[-59.7217,50.3806,2.5543],[-59.7194,50.3781,5.583],[-59.7211,50.3756,0.4246],[-59.7183,50.3772,0.0]]],
[[[-59.7051,50.381,0.0],[-59.705,50.3822,0.0],[-59.7073,50.3816,1.6516],[-59.7081,50.3833,0.0],[-59.7106,50.3814,0.0],[-59.7089,50.3803,0.0],[-59.7051,50.381,0.0]]],
[[[-59.7668,50.4253,12.1056],[-59.7688,50.4233,0.0],[-59.7678,50.4225,5.9608],[-59.7644,50.4234,0.0],[-59.7596,50.4274,1.6081],[-59.7632,50.4268,8.809],[-59.7668,50.4253,12.1056]]],
[[[-59.7992,50.417,0.0],[-59.7991,50.4203,4.6805],[-59.8033,50.4218,3.7297],[-59.8115,50.4174,2.5386],[-59.8033,50.4186,1.3929],[-59.8017,50.4165,3.5364],[-59.7992,50.417,0.0]]],
[[[-59.8092,50.4213,4.1264],[-59.8097,50.4203,0.5041],[-59.8077,50.4203,0.5041],[-59.8042,50.4233,1.014],[-59.8072,50.4231,3.7339],[-59.8092,50.4213,4.1264]]],
[[[-59.5706,50.4478,0.0],[-59.5728,50.4461,0.0],[-59.57,50.4442,6.1733],[-59.5683,50.4458,0.0],[-59.5706,50.4478,0.0]]],
[[[-59.565,50.4528,2.6211],[-59.5678,50.4514,3.3774],[-59.5678,50.4506,3.3774],[-59.5628,50.4525,2.6211],[-59.565,50.4528,2.6211]]],
[[[-59.476,50.4733,0.442],[-59.4772,50.4711,1.8361],[-59.4744,50.4706,0.5192],[-59.4739,50.4714,0.0],[-59.476,50.4733,0.442]]],
[[[-59.4628,50.4736,2.9282],[-59.4583,50.4694,0.6952],[-59.455,50.4714,0.0],[-59.4561,50.4739,8.2137],[-59.455,50.4747,0.0],[-59.4583,50.4767,10.896],[-59.4606,50.4819,1.1587],[-59.4622,50.4803,7.9756],[-59.4639,50.4739,2.8691],[-59.4628,50.4736,2.9282]]],
[[[-59.7952,50.4094,0.0],[-59.8016,50.405,2.0074],[-59.8006,50.4086,0.0],[-59.8017,50.4096,9.4664],[-59.7974,50.4132,0.0],[-59.8071,50.4147,9.6924],[-59.8139,50.4131,1.3963],[-59.816,50.4095,2.7562],[-59.8226,50.4075,1.7869],[-59.8152,50.4022,12.4515],[-59.8032,50.4037,0.7285],[-59.8026,50.4023,15.0267],[-59.8094,50.4006,0.0],[-59.8083,50.3994,1.0687],[-59.7961,50.4019,1.3099],[-59.8006,50.3983,3.6443],[-59.7961,50.398,1.2224],[-59.7961,50.3967,10.6584],[-59.8,50.396,10.5428],[-59.8044,50.3978,5.7313],[-59.8188,50.3914,11.09],[-59.8199,50.3919,6.6528],[-59.8087,50.3984,1.367],[-59.8263,50.3981,3.0427],[-59.8311,50.3931,0.0],[-59.8289,50.3908,3.9262],[-59.8237,50.3904,24.872],[-59.825,50.3894,5.1929],[-59.8287,50.3892,5.7689],[-59.8349,50.3934,8.5391],[-59.8394,50.3922,0.0],[-59.8411,50.3905,1.8827],[-59.8352,50.3907,11.543],[-59.8351,50.3894,13.7236],[-59.8449,50.3843,10.6695],[-59.8427,50.3828,5.0503],[-59.8358,50.3825,6.5023],[-59.8358,50.381,10.868],[-59.843,50.377,0.0],[-59.8375,50.3772,5.217],[-59.842,50.374,5.2482],[-59.8222,50.3736,0.0],[-59.8154,50.3754,0.0],[-59.8144,50.3764,0.0],[-59.8261,50.3783,5.01],[-59.8127,50.3822,19.0831],[-59.8136,50.3806,0.0],[-59.8088,50.3793,3.27],[-59.7917,50.3892,2.0493],[-59.7928,50.3941,1.1675],[-59.7902,50.3954,3.834],[-59.7894,50.394,3.834],[-59.7871,50.3946,1.9701],[-59.7822,50.3989,0.0],[-59.7854,50.399,15.0062],[-59.7833,50.4036,4.0201],[-59.7844,50.4058,0.0],[-59.7931,50.4011,4.1277],[-59.7922,50.4043,2.3308],[-59.7871,50.4085,0.0],[-59.7889,50.4097,5.8821],[-59.7952,50.4094,0.0]]],
[[[-59.7939,50.4128,0.7011],[-59.7961,50.4108,0.0],[-59.7959,50.4102,0.0],[-59.7908,50.4119,0.0],[-59.7939,50.4128,0.7011]]],
[[[-59.8094,50.3542,1.4848],[-59.8083,50.3525,0.8497],[-59.8061,50.3536,0.0],[-59.8067,50.3544,1.0292],[-59.8094,50.3542,1.4848]]],
[[[-59.8222,50.3556,0.0],[-59.8243,50.3558,1.6887],[-59.8264,50.3547,0.0],[-59.8237,50.3542,0.0],[-59.8222,50.3556,0.0]]],
[[[-59.6456,50.3094,3.4619],[-59.6506,50.3078,5.7175],[-59.6533,50.3092,9.8374],[-59.6522,50.3097,0.0],[-59.6556,50.3097,3.7894],[-59.6594,50.3044,3.3291],[-59.6594,50.3022,8.9617],[-59.6661,50.3,1.8455],[-59.6656,50.2972,0.0],[-59.6617,50.2964,1.2361],[-59.6589,50.2978,0.0],[-59.6589,50.2994,2.2974],[-59.6567,50.2989,2.2974],[-59.6544,50.3006,1.9778],[-59.6533,50.3033,5.9805],[-59.6444,50.3061,0.0],[-59.6444,50.3097,0.0],[-59.6456,50.3094,3.4619]]],
[[[-59.6844,50.3006,5.6273],[-59.6833,50.3017,0.0],[-59.6844,50.3058,0.0],[-59.6867,50.3075,1.3946],[-59.6906,50.3075,0.0],[-59.6944,50.3036,6.1063],[-59.6922,50.3014,1.546],[-59.6844,50.3006,5.6273]]],
[[[-59.8294,50.3025,2.4623],[-59.8272,50.3025,0.515],[-59.8233,50.3058,0.0343],[-59.8344,50.3039,0.9528],[-59.8333,50.3025,1.8017],[-59.8294,50.3025,2.4623]]],
[[[-59.8478,50.3069,1.159],[-59.8528,50.3039,0.0],[-59.8511,50.3033,0.0],[-59.8467,50.306399999999996,1.159],[-59.8478,50.3069,1.159]]],
[[[-59.8144,50.3003,0.252],[-59.8128,50.3,0.0],[-59.8128,50.3014,0.0],[-59.815,50.3017,2.3572],[-59.8144,50.3033,0.7424],[-59.8183,50.3028,0.1905],[-59.8183,50.3014,0.387],[-59.8144,50.3003,0.252]]],
[[[-59.7872,50.3017,0.0],[-59.7833,50.3056,0.7807],[-59.7906,50.3047,6.4687],[-59.7917,50.3028,2.1721],[-59.79,50.3008,5.0208],[-59.7872,50.3017,0.0]]],
[[[-59.775,50.3047,2.9101],[-59.7772,50.3039,2.5155],[-59.7783,50.3028,3.7545],[-59.7733,50.3044,2.9101],[-59.775,50.3047,2.9101]]],
[[[-59.775,50.2933,0.0],[-59.7672,50.2992,0.1357],[-59.7694,50.3025,7.4656],[-59.7672,50.3047,0.9744],[-59.7767,50.3011,1.9382],[-59.7789,50.2983,10.2277],[-59.7817,50.2994,3.7349],[-59.7861,50.2981,2.5118],[-59.7883,50.2964,11.1567],[-59.7856,50.2944,3.0401],[-59.7867,50.2933,15.9086],[-59.7894,50.2953,15.7638],[-59.8006,50.2917,10.4928],[-59.8017,50.2886,0.9489],[-59.7989,50.2889,15.6414],[-59.7983,50.2875,15.9404],[-59.8011,50.2853,3.5106],[-59.7978,50.2861,7.1964],[-59.802,50.2833,2.2002],[-59.801,50.2822,0.6383],[-59.7983,50.2832,0.0],[-59.7972,50.2856,7.1964],[-59.7922,50.2878,3.0324],[-59.7883,50.2861,0.1564],[-59.7867,50.2889,16.6569],[-59.7828,50.2889,7.1675],[-59.7817,50.2917,4.0935],[-59.7839,50.2928,10.2552],[-59.775,50.2933,0.0]]],
[[[-60.2872,50.3108,4.7603],[-60.2883,50.3089,3.6165],[-60.2781,50.3134,0.0],[-60.2833,50.3131,1.9923],[-60.2872,50.3108,4.7603]]],
[[[-59.7633,50.3033,0.0],[-59.7622,50.3069,0.2922],[-59.7639,50.3067,0.2922],[-59.7639,50.3081,0.0],[-59.7611,50.3103,0.7999],[-59.7667,50.3083,1.7315],[-59.7656,50.3042,7.2018],[-59.7633,50.3033,0.0]]],
[[[-59.4733,50.48,0.0],[-59.4744,50.4825,0.0],[-59.4793,50.4846,1.5787],[-59.4767,50.4794,1.2138],[-59.4722,50.4781,0.0],[-59.4733,50.48,0.0]]],
[[[-59.4656,50.4831,0.0],[-59.4728,50.4875,0.0],[-59.4744,50.4861,1.0544],[-59.4667,50.4764,1.3659],[-59.4633,50.4783,18.4136],[-59.4633,50.4808,4.9495],[-59.4656,50.4831,0.0]]],
[[[-61.7583,50.1208,0.0],[-61.7623,50.1229,0.0],[-61.7639,50.1215,0.0],[-61.7689,50.1219,0.0],[-61.7578,50.1181,0.0],[-61.7541,50.1192,0.0],[-61.7541,50.1203,0.0],[-61.7589,50.12,0.0],[-61.7583,50.1208,0.0]]],
[[[-61.7344,50.1219,0.0],[-61.7239,50.1234,0.5],[-61.7291,50.1241,0.25],[-61.7287,50.1231,0.125],[-61.7363,50.1223,0.0],[-61.7344,50.1219,0.0]]],
[[[-61.7027,50.1305,0.5],[-61.7017,50.1327,0.5],[-61.7034,50.1331,0.5],[-61.7221,50.1332,0.5],[-61.7334,50.1288,0.0],[-61.7265,50.1286,0.5],[-61.7343,50.128,0.0],[-61.73,50.1271,0.5],[-61.7138,50.1292,0.5],[-61.7166,50.1267,0.5],[-61.7137,50.1265,0.5],[-61.7027,50.1305,0.5]]],
[[[-61.6169,50.1471,3.0],[-61.6193,50.1479,2.875],[-61.621,50.1451,2.5],[-61.6186,50.1456,2.5],[-61.6169,50.1471,3.0]]],
[[[-60.1892,50.1636,0.0],[-60.1871,50.1648,0.2127],[-60.1871,50.1671,0.0],[-60.19,50.1661,0.3787],[-60.1892,50.1636,0.0]]],
[[[-61.6,50.1586,3.5],[-61.5986,50.1611,3.5],[-61.605,50.1586,8.3469],[-61.6087,50.1541,3.0],[-61.6058,50.1533,3.0],[-61.6,50.1586,3.5]]],
[[[-61.5905,50.155,6.4359],[-61.5869,50.1572,8.6929],[-61.5837,50.1622,13.1506],[-61.5818,50.1725,8.4939],[-61.583,50.1791,7.9402],[-61.5898,50.1839,4.5],[-61.5919,50.1817,9.5439],[-61.5888,50.1748,5.3339],[-61.5903,50.1704,10.3039],[-61.6029,50.154,5.7102],[-61.5905,50.155,6.4359]]],
[[[-60.6978,50.1671,4.1052],[-60.6933,50.1681,1.5369],[-60.6918,50.1706,0.3949],[-60.6974,50.1691,1.0993],[-60.7002,50.1667,0.773],[-60.6978,50.1671,4.1052]]],
[[[-61.1756,50.1675,0.4757],[-61.1736,50.1692,0.0],[-61.1743,50.1714,0.0],[-61.1825,50.1689,0.695],[-61.1811,50.1677,0.7331],[-61.1756,50.1675,0.4757]]],
[[[-61.3617,50.1696,2.2933],[-61.3628,50.1712,0.5312],[-61.3643,50.1715,0.48],[-61.3642,50.1684,0.0],[-61.3617,50.1696,2.2933]]],
[[[-60.5039,50.1692,3.3721],[-60.4989,50.1711,0.8606],[-60.5018,50.1728,0.2059],[-60.5067,50.1703,2.2833],[-60.5057,50.1686,0.3877],[-60.5039,50.1692,3.3721]]],
[[[-60.6954,50.1719,0.0],[-60.6967,50.1722,0.0],[-60.6994,50.1706,0.9096],[-60.6964,50.1702,1.0993],[-60.6954,50.1719,0.0]]],
[[[-61.171,50.1754,0.9052],[-61.1723,50.1746,0.8918],[-61.1696,50.1727,0.3504],[-61.1692,50.1744,0.9052],[-61.171,50.1754,0.9052]]],
[[[-60.1289,50.1839,0.0],[-60.1317,50.183,0.0],[-60.1298,50.1817,0.0],[-60.1265,50.1826,1.9566],[-60.1262,50.1843,0.0],[-60.1289,50.1839,0.0]]],
[[[-61.2162,50.1867,0.1491],[-61.2255,50.1869,0.0],[-61.2262,50.185,0.0],[-61.2164,50.1848,0.301],[-61.2139,50.1863,-0.1199],[-61.2162,50.1867,0.1491]]],
[[[-60.1628,50.1806,0.0],[-60.1652,50.1796,1.4402],[-60.1654,50.1783,0.0],[-60.1611,50.1794,0.0],[-60.1628,50.1806,0.0]]],
[[[-60.289,50.1762,8.4661],[-60.2866,50.179,0.0],[-60.2892,50.1795,0.4023],[-60.292,50.1771,0.0],[-60.2911,50.1752,2.595],[-60.2952,50.17,0.0],[-60.2943,50.1684,0.6284],[-60.2903,50.1685,0.0],[-60.289,50.1762,8.4661]]],
[[[-61.1306,50.1766,0.2074],[-61.1282,50.1759,0.0],[-61.1276,50.1768,0.0],[-61.1334,50.1775,0.0],[-61.1306,50.1766,0.2074]]],
[[[-61.2805,50.1797,0.0],[-61.2788,50.1803,0.0],[-61.2918,50.1801,0.2854],[-61.2833,50.1825,0.0],[-61.2994,50.18,0.0],[-61.2955,50.178,0.0],[-61.2805,50.1797,0.0]]],
[[[-61.2372,50.1808,0.0483],[-61.2428,50.1828,0.0],[-61.2419,50.182,2.7715],[-61.2443,50.1808,0.1293],[-61.2425,50.1786,0.2052],[-61.237,50.1797,0.6442],[-61.2372,50.1808,0.0483]]],
[[[-61.0748,50.1818,0.7998],[-61.0744,50.1797,0.7172],[-61.0723,50.1794,0.5545],[-61.0737,50.1818,0.7998],[-61.0748,50.1818,0.7998]]],
[[[-61.1284,50.1804,0.0],[-61.1237,50.1787,0.0],[-61.1177,50.1793,0.0],[-61.1256,50.1807,0.0],[-61.1284,50.1804,0.0]]],
[[[-61.1406,50.1825,0.0],[-61.1494,50.1848,0.7184],[-61.1466,50.1824,2.5036],[-61.1502,50.1833,0.6845],[-61.1526,50.1822,0.3325],[-61.1414,50.1795,0.5593],[-61.1406,50.1825,0.0]]],
[[[-61.1003,50.1802,0.0],[-61.1025,50.1818,1.8991],[-61.1033,50.1816,1.8991],[-61.1031,50.1799,0.3128],[-61.1003,50.1802,0.0]]],
[[[-61.0586,50.1831,0.0],[-61.0569,50.1824,1.4955],[-61.0561,50.1837,0.0],[-61.0594,50.184,0.0],[-61.0586,50.1831,0.0]]],
[[[-60.0444,50.1862,1.9838],[-60.0359,50.1871,8.0324],[-60.0323,50.1906,0.0],[-60.0378,50.1883,5.7384],[-60.0437,50.189,0.3379],[-60.0485,50.1873,0.0],[-60.0444,50.1862,1.9838]]],
[[[-60.0483,50.1917,2.4287],[-60.0549,50.1918,0.2211],[-60.053,50.1914,0.2211],[-60.0531,50.1895,0.0],[-60.0498,50.1889,5.6082],[-60.0474,50.19,0.6532],[-60.0483,50.1917,2.4287]]],
[[[-61.1054,50.1852,4.2637],[-61.1069,50.1854,6.2751],[-61.1085,50.1848,0.0],[-61.1026,50.1841,0.0],[-61.1054,50.1852,4.2637]]],
[[[-60.6254,50.1847,0.3365],[-60.615,50.1883,0.0],[-60.6209,50.188,0.4678],[-60.6272,50.1844,0.1472],[-60.6254,50.1847,0.3365]]],
[[[-61.0842,50.1777,1.5324],[-61.0783,50.1756,0.0],[-61.0893,50.184,1.5214],[-61.0897,50.188,0.0211],[-61.0918,50.1882,0.0],[-61.0928,50.1862,1.5309],[-61.0918,50.1832,0.6222],[-61.0842,50.1777,1.5324]]],
[[[-60.8417,50.1828,1.8391],[-60.8381,50.181399999999996,0.2345],[-60.8389,50.1825,4.9468],[-60.8365,50.1858,0.2784],[-60.8396,50.1859,0.0],[-60.8422,50.1842,1.9984],[-60.8417,50.1828,1.8391]]],
[[[-60.4017,50.186,0.4489],[-60.4028,50.1844,2.4359],[-60.4015,50.183,0.3509],[-60.4009,50.1834,0.3509],[-60.4017,50.186,0.4489]]],
[[[-60.6039,50.1858,0.0],[-60.6058,50.1847,0.2836],[-60.6056,50.1836,0.0],[-60.6023,50.1859,0.0],[-60.6039,50.1858,0.0]]],
[[[-61.1072,50.1942,3.9069],[-61.1031,50.1939,0.0],[-61.1061,50.1965,4.0608],[-61.1089,50.1967,0.0],[-61.1072,50.1942,3.9069]]],
[[[-60.8433,50.1878,1.1168],[-60.8444,50.189,0.0],[-60.8483,50.1888,0.2802],[-60.8452,50.1875,1.1168],[-60.8433,50.1878,1.1168]]],
[[[-60.4968,50.1878,0.0],[-60.4968,50.1864,0.5117],[-60.4935,50.1865,0.8741],[-60.492,50.1872,1.6088],[-60.4921,50.1894,0.3557],[-60.495,50.1894,0.7887],[-60.4968,50.1878,0.0]]],
[[[-60.7957,50.1885,0.3498],[-60.7957,50.186,0.5529],[-60.7938,50.1854,0.0],[-60.7935,50.1876,5.1165],[-60.7904,50.1885,0.5347],[-60.791,50.1913,1.735],[-60.7932,50.1913,0.0],[-60.7933,50.1896,2.4201],[-60.7957,50.1885,0.3498]]],
[[[-60.3893,50.192,1.0732],[-60.3907,50.1918,0.0],[-60.3894,50.1893,0.5344],[-60.3883,50.1914,1.0732],[-60.3893,50.192,1.0732]]],
[[[-60.8035,50.1915,0.6275],[-60.8031,50.1897,0.6437],[-60.8019,50.1896,0.6437],[-60.8019,50.192,0.7245],[-60.8035,50.1915,0.6275]]],
[[[-61.0478,50.2031,10.3363],[-61.0494,50.2015,1.167],[-61.0454,50.1991,3.2056],[-61.0417,50.2014,1.2367],[-61.0478,50.2058,0.0],[-61.0489,50.2053,0.0],[-61.0478,50.2031,10.3363]]],
[[[-60.6094,50.1917,1.8126],[-60.6099,50.1904,0.0],[-60.6078,50.1905,1.8126],[-60.6056,50.1922,0.0],[-60.6078,50.1925,0.0],[-60.6094,50.1917,1.8126]]],
[[[-60.8439,50.2377,3.8552],[-60.8447,50.2359,5.347],[-60.8409,50.2381,1.3831],[-60.8415,50.2386,1.3831],[-60.8439,50.2377,3.8552]]],
[[[-60.8385,50.2387,1.5186],[-60.8388,50.2382,1.5186],[-60.8404,50.2371,1.3831],[-60.837,50.2384,2.6033],[-60.8385,50.2387,1.5186]]],
[[[-60.8289,50.245,1.8751],[-60.8183,50.2476,9.258],[-60.8211,50.2494,3.2577],[-60.8278,50.2489,0.0],[-60.8322,50.2461,6.0332],[-60.8289,50.245,1.8751]]],
[[[-59.8436,50.251,0.5767],[-59.8444,50.2503,1.4363],[-59.8428,50.2487,0.0],[-59.8417,50.25,0.0],[-59.8436,50.251,0.5767]]],
[[[-59.9199,50.2532,1.788],[-59.916,50.2565,0.0],[-59.92,50.2589,0.0],[-59.9214,50.254,1.8524],[-59.9199,50.2532,1.788]]],
[[[-59.9436,50.2563,0.4486],[-59.9456,50.2553,0.0],[-59.9446,50.2534,0.0],[-59.9434,50.2536,0.0],[-59.9436,50.2563,0.4486]]],
[[[-59.9611,50.2461,3.4383],[-59.9628,50.2456,1.8583],[-59.9598,50.2448,0.6457],[-59.9582,50.2475,1.2742],[-59.9606,50.2472,1.2742],[-59.9611,50.2461,3.4383]]],
[[[-60.0062,50.2453,4.585],[-60.0076,50.2477,0.0],[-60.0094,50.2467,4.7151],[-60.0139,50.2481,0.1669],[-60.0147,50.2433,2.1219],[-60.0067,50.2424,1.746],[-60.0062,50.2453,4.585]]],
[[[-60.2171,50.2482,0.982],[-60.2154,50.2479,0.982],[-60.2123,50.2548,0.0],[-60.2136,50.2567,1.2037],[-60.2124,50.2599,0.0],[-60.2145,50.2591,0.514],[-60.2164,50.2507,0.0],[-60.2178,50.2504,5.4805],[-60.2175,50.2533,0.0],[-60.2202,50.254,0.0],[-60.2248,50.2504,0.0],[-60.2202,50.2512,3.2472],[-60.2191,50.2484,0.0],[-60.2171,50.2482,0.982]]],
[[[-60.2,50.2506,2.763],[-60.1993,50.2486,0.0],[-60.1972,50.2522,2.0924],[-60.1933,50.2544,0.0],[-60.195,50.2556,1.1348],[-60.1931,50.2569,0.0],[-60.1984,50.254,1.641],[-60.2,50.2506,2.763]]],
[[[-60.1879,50.2662,0.0],[-60.1972,50.2669,6.1907],[-60.205,50.2611,5.6485],[-60.2083,50.2522,9.3002],[-60.2106,50.2506,0.0],[-60.2095,50.2467,0.1573],[-60.2084,50.2462,0.0],[-60.2072,50.2484,0.6454],[-60.2064,50.2443,1.8956],[-60.2039,50.2433,0.0],[-60.2049,50.247,1.435],[-60.2039,50.25,8.0212],[-60.1992,50.2555,0.0],[-60.2022,50.2547,1.3105],[-60.2022,50.2563,0.0],[-60.2055,50.2564,1.0601],[-60.2048,50.2576,6.0119],[-60.1972,50.2603,0.0],[-60.1938,50.2652,0.0],[-60.1872,50.2653,0.0],[-60.1879,50.2662,0.0]]],
[[[-59.9733,50.2394,0.9188],[-59.9711,50.2408,1.7145],[-59.9776,50.2423,0.0],[-59.9782,50.2413,0.0],[-59.9758,50.2403,2.5373],[-59.9849,50.2386,5.7892],[-59.986,50.2365,3.4916],[-59.9885,50.2364,3.6253],[-59.99,50.2383,1.9333],[-59.9941,50.2351,0.8373],[-59.9817,50.2347,0.5074],[-59.9815,50.236,0.7625],[-59.9836,50.2362,3.4916],[-59.9733,50.2394,0.9188]]],
[[[-60.2247,50.2376,0.6228],[-60.2261,50.235,0.0],[-60.2233,50.2348,1.5373],[-60.22,50.2394,0.0],[-60.2211,50.24,0.0],[-60.2247,50.2376,0.6228]]],
[[[-60.0669,50.2393,0.4148],[-60.0657,50.2385,1.6547],[-60.067,50.236,0.2313],[-60.0618,50.2382,0.0521],[-60.0648,50.2406,0.0],[-60.0679,50.2398,0.4148],[-60.0669,50.2393,0.4148]]],
[[[-60.0716,50.2368,0.1553],[-60.069,50.237,0.5759],[-60.0704,50.241,0.0],[-60.072,50.2391,0.1273],[-60.0753,50.2388,0.0],[-60.0716,50.2368,0.1553]]],
[[[-60.2272,50.2406,10.147],[-60.2211,50.246,0.4574],[-60.2311,50.2428,7.9372],[-60.2313,50.2407,0.0],[-60.2344,50.2394,4.9015],[-60.2333,50.2356,0.0],[-60.2298,50.2369,0.0],[-60.2312,50.2378,2.4366],[-60.2299,50.2401,0.1847],[-60.2272,50.2406,10.147]]],
[[[-59.9861,50.2419,0.0],[-59.9839,50.2436,1.6762],[-59.9878,50.2453,7.125],[-59.9889,50.2417,0.0],[-59.9861,50.2419,0.0]]],
[[[-60.1928,50.2436,1.891],[-60.1888,50.241,1.6947],[-60.1865,50.2415,1.0282],[-60.1915,50.2461,1.1683],[-60.1934,50.2451,6.9211],[-60.1928,50.2436,1.891]]],
[[[-59.9925,50.2417,0.0],[-59.9907,50.2434,4.5445],[-59.9922,50.2457,0.0],[-59.9942,50.246,0.3061],[-59.9969,50.2432,0.3607],[-59.9929,50.2436,0.0],[-59.9925,50.2417,0.0]]],
[[[-59.9905,50.2276,0.0],[-59.9909,50.2244,0.7174],[-59.9863,50.2254,0.2827],[-59.9862,50.2285,0.0],[-59.9905,50.2276,0.0]]],
[[[-59.9844,50.2311,1.4514],[-59.9875,50.2308,3.2006],[-59.9855,50.2296,0.6337],[-59.9828,50.2303,0.6337],[-59.9844,50.2311,1.4514]]],
[[[-59.9892,50.2321,0.0],[-59.9902,50.2326,0.0],[-59.9921,50.2319,2.2904],[-59.9911,50.2306,2.2904],[-59.9892,50.2321,0.0]]],
[[[-60.2173,50.2331,0.0],[-60.22,50.2336,2.5782],[-60.2211,50.2319,0.0],[-60.2189,50.2325,2.5782],[-60.2173,50.2331,0.0]]],
[[[-60.8593,50.2224,0.5906],[-60.8622,50.2197,6.4092],[-60.8617,50.2187,1.4349],[-60.8578,50.2217,0.0],[-60.8593,50.2224,0.5906]]],
[[[-60.7625,50.2194,0.0],[-60.7644,50.2206,0.0],[-60.7647,50.2178,1.2172],[-60.7639,50.2175,0.0],[-60.7625,50.2194,0.0]]],
[[[-59.9877,50.2215,0.0],[-59.99,50.2212,2.4968],[-59.9935,50.219,0.3377],[-59.9881,50.2203,0.7378],[-59.9877,50.2215,0.0]]],
[[[-60.2536,50.2206,0.0],[-60.2549,50.2183,0.8826],[-60.2522,50.2189,3.5542],[-60.2517,50.2206,0.0],[-60.2536,50.2206,0.0]]],
[[[-60.2506,50.2183,0.0],[-60.2461,50.2178,0.6764],[-60.2456,50.2214,4.8666],[-60.2478,50.2214,0.0],[-60.2506,50.2183,0.0]]],
[[[-60.76,50.2189,0.0],[-60.7608,50.2177,0.0],[-60.7605,50.2167,0.0],[-60.759,50.2189,0.0],[-60.76,50.2189,0.0]]],
[[[-60.4718,50.2179,1.5953],[-60.4683,50.2189,0.4076],[-60.4708,50.2194,0.139],[-60.4751,50.2172,1.4068],[-60.4718,50.2179,1.5953]]],
[[[-60.4122,50.2181,2.5082],[-60.4117,50.2172,2.5082],[-60.4099,50.2167,0.0],[-60.4122,50.2203,1.9612],[-60.4122,50.2181,2.5082]]],
[[[-59.994,50.2281,1.272],[-59.9912,50.2291,1.8936],[-59.9972,50.2289,0.915],[-59.9965,50.2281,1.272],[-59.994,50.2281,1.272]]],
[[[-60.3439,50.2186,1.4223],[-60.344,50.2168,-0.0291],[-60.3413,50.2239,0.0],[-60.3428,50.2233,0.0],[-60.3439,50.2186,1.4223]]],
[[[-59.9977,50.2246,0.0],[-60.0007,50.223,0.8057],[-60.0011,50.2218,0.0],[-60.0,50.2214,0.0],[-59.9977,50.2246,0.0]]],
[[[-60.7617,50.2219,0.6467],[-60.7608,50.2201,0.0],[-60.7595,50.2213,0.0],[-60.7602,50.2235,2.1895],[-60.7621,50.2232,2.1895],[-60.7617,50.2219,0.6467]]],
[[[-60.0563,50.2242,0.0],[-60.0585,50.2231,0.0],[-60.0584,50.2217,0.0],[-60.0546,50.2232,0.3773],[-60.0563,50.2242,0.0]]],
[[[-60.4443,50.2199,0.2996],[-60.4422,50.2232,0.4648],[-60.4468,50.2213,0.6888],[-60.4462,50.2195,0.2191],[-60.4443,50.2199,0.2996]]],
[[[-60.4788,50.2237,3.9162],[-60.4802,50.2217,0.0],[-60.4767,50.2225,4.0816],[-60.4775,50.2238,0.0],[-60.4788,50.2237,3.9162]]],
[[[-60.4077,50.2233,1.2599],[-60.4083,50.2222,0.0],[-60.4078,50.2208,0.6416],[-60.4064,50.2225,1.2599],[-60.4077,50.2233,1.2599]]],
[[[-60.349,50.2246,0.1486],[-60.3506,50.2217,0.0],[-60.3494,50.2208,2.1418],[-60.3478,50.2225,0.0],[-60.349,50.2246,0.1486]]],
[[[-60.7644,50.2251,2.2992],[-60.7615,50.2259,0.8331],[-60.7592,50.2291,0.6027],[-60.7633,50.2283,2.8016],[-60.7639,50.2265,0.8331],[-60.7675,50.2246,3.916],[-60.77,50.2194,5.5241],[-60.7689,50.2175,1.506],[-60.7644,50.2231,0.2398],[-60.7644,50.2251,2.2992]]],
[[[-60.4683,50.2233,5.9258],[-60.4694,50.225,0.8692],[-60.4675,50.2275,0.0],[-60.4704,50.2261,4.5518],[-60.4711,50.2272,0.0],[-60.4733,50.2244,4.9383],[-60.47,50.2203,0.139],[-60.468,50.2203,0.4076],[-60.4683,50.2233,5.9258]]],
[[[-60.4494,50.2257,0.0],[-60.4522,50.2236,0.6983],[-60.4496,50.2229,0.9925],[-60.4467,50.226,0.9511],[-60.4494,50.2257,0.0]]],
[[[-60.3327,50.2203,1.2651],[-60.3338,50.2189,1.2651],[-60.3312,50.2191,1.2651],[-60.3261,50.2258,1.5415],[-60.3272,50.2269,1.5415],[-60.324,50.2292,1.2307],[-60.3237,50.2328,0.0],[-60.3267,50.2314,0.9062],[-60.3327,50.2203,1.2651]]],
[[[-60.21,50.2236,4.3243],[-60.217,50.2222,2.9075],[-60.2217,50.2264,6.9569],[-60.2222,50.2292,1.1765],[-60.2173,50.2302,1.0672],[-60.2156,50.2325,0.0],[-60.225,50.2283,0.0],[-60.2239,50.2236,0.0],[-60.2172,50.2204,0.0],[-60.2055,50.2239,0.0],[-60.21,50.2236,4.3243]]],
[[[-60.5056,50.2297,0.2436],[-60.5028,50.2311,3.3588],[-60.5033,50.234,2.7859],[-60.5064,50.2353,2.14],[-60.5094,50.2308,1.0486],[-60.5056,50.2297,0.2436]]],
[[[-60.4717,50.2311,2.941],[-60.4711,50.2294,0.6738],[-60.4689,50.2322,0.0],[-60.47,50.2325,0.9568],[-60.4717,50.2311,2.941]]],
[[[-60.4589,50.2336,0.0],[-60.4577,50.2307,0.0],[-60.4567,50.2306,0.8513],[-60.4572,50.2339,0.0],[-60.4589,50.2336,0.0]]],
[[[-60.3672,50.2311,0.7598],[-60.3696,50.231,2.0788],[-60.3697,50.2304,1.4894],[-60.3659,50.2298,0.998],[-60.3672,50.2311,0.7598]]],
[[[-60.3571,50.2287,0.0738],[-60.3559,50.2271,0.0738],[-60.3537,50.2281,0.4015],[-60.3558,50.2307,0.0],[-60.3571,50.2287,0.0738]]],
[[[-60.2455,50.2248,0.0],[-60.2378,50.2283,1.765],[-60.24,50.2337,0.2756],[-60.2439,50.2289,0.0],[-60.2455,50.2248,0.0]]],
[[[-60.4761,50.2381,0.1666],[-60.4819,50.2396,0.4571],[-60.4911,50.2356,0.0],[-60.4914,50.2345,0.0],[-60.4872,50.2342,2.6646],[-60.4872,50.2317,9.5591],[-60.4906,50.2303,0.0],[-60.4887,50.2241,0.0],[-60.4867,50.2228,0.0],[-60.4811,50.225,1.4667],[-60.4822,50.2264,0.0],[-60.4756,50.2262,0.0],[-60.4787,50.2276,5.0138],[-60.475,50.2292,0.0],[-60.4713,50.2348,1.2688],[-60.4761,50.2381,0.1666]]],
[[[-59.9956,50.2392,0.0],[-59.9953,50.2404,0.0],[-59.9983,50.2413,1.4011],[-60.0094,50.2406,0.0],[-60.0094,50.2381,0.0],[-60.0072,50.2361,2.1074],[-60.0106,50.2336,0.0],[-60.0074,50.2334,2.757],[-60.0067,50.2311,0.6101],[-60.0013,50.2307,4.5468],[-60.0022,50.2336,1.2411],[-59.9982,50.2369,0.0],[-60.001,50.2377,11.0007],[-59.9956,50.2392,0.0]]],
[[[-60.0575,50.2057,1.7554],[-60.0546,50.2065,0.1823],[-60.0548,50.2102,0.1963],[-60.0607,50.2077,2.1925],[-60.0657,50.2079,3.1905],[-60.0651,50.2063,2.2707],[-60.0625,50.2059,2.2707],[-60.0651,50.2033,0.0],[-60.0575,50.2057,1.7554]]],
[[[-60.1127,50.2073,0.8236],[-60.11,50.2088,0.0],[-60.1145,50.2083,1.9318],[-60.1136,50.206,0.2944],[-60.1127,50.2073,0.8236]]],
[[[-60.1909,50.2089,0.0],[-60.1926,50.2075,0.0028],[-60.192,50.2062,0.0],[-60.1908,50.2063,0.0],[-60.1909,50.2089,0.0]]],
[[[-60.3881,50.2056,0.6714],[-60.382,50.2034,0.0],[-60.3856,50.2064,3.5583],[-60.3894,50.2064,0.6714],[-60.3881,50.2056,0.6714]]],
[[[-60.2574,50.2047,0.5253],[-60.257,50.2034,0.0],[-60.2552,50.2041,0.0],[-60.2586,50.2066,0.9903],[-60.2618,50.2045,1.984],[-60.2614,50.2034,0.0727],[-60.2574,50.2047,0.5253]]],
[[[-60.7244,50.2065,2.5376],[-60.7251,50.205,0.0],[-60.7222,50.2042,0.0],[-60.7217,50.2069,0.3795],[-60.7244,50.2065,2.5376]]],
[[[-60.7076,50.2055,4.4914],[-60.7039,50.2058,0.6047],[-60.7084,50.2075,0.6247],[-60.71,50.2064,2.4913],[-60.7076,50.2055,4.4914]]],
[[[-60.5861,50.204,0.5577],[-60.5836,50.2065,1.2448],[-60.5889,50.2062,0.8723],[-60.5864,50.2059,1.0461],[-60.5861,50.204,0.5577]]],
[[[-60.6705,50.2066,1.2008],[-60.6701,50.2044,0.9664],[-60.6677,50.2046,0.9664],[-60.6692,50.2065,1.2008],[-60.6705,50.2066,1.2008]]],
[[[-60.4377,50.2058,1.3397],[-60.4356,50.2058,1.3397],[-60.4341,50.2068,0.0],[-60.4392,50.2067,-0.0191],[-60.4377,50.2058,1.3397]]],
[[[-60.7578,50.2053,5.3234],[-60.7567,50.2031,1.8215],[-60.7535,50.2036,0.0],[-60.7546,50.2099,0.247],[-60.7561,50.21,1.3734],[-60.7578,50.2053,5.3234]]],
[[[-60.5589,50.2078,1.5288],[-60.5617,50.2075,0.8779],[-60.5623,50.2059,3.0796],[-60.56,50.2061,1.445],[-60.5589,50.2078,1.5288]]],
[[[-60.5788,50.2066,0.1764],[-60.5765,50.2084,1.1746],[-60.5807,50.2092,0.0],[-60.5818,50.2061,0.7634],[-60.5788,50.2066,0.1764]]],
[[[-60.568,50.2088,0.4759],[-60.5717,50.2072,0.0],[-60.5717,50.2061,1.4754],[-60.565,50.2081,0.0],[-60.568,50.2088,0.4759]]],
[[[-60.0045,50.2011,0.9155],[-60.0077,50.2014,3.4751],[-60.0067,50.2027,1.3196],[-60.0085,50.203,1.3196],[-60.0117,50.201,0.1445],[-60.0108,50.1996,0.9817],[-60.0068,50.1994,2.2024],[-60.012,50.1982,2.9531],[-60.0128,50.1946,2.5656],[-60.0075,50.1946,0.8147],[-60.0035,50.1965,2.6439],[-60.0097,50.1965,0.7282],[-60.0009,50.1996,4.9563],[-60.0048,50.1992,2.4169],[-60.0045,50.2011,0.9155]]],
[[[-60.0133,50.2014,0.3949],[-60.0157,50.2008,0.0],[-60.0159,50.1991,0.0],[-60.0141,50.1997,1.6107],[-60.0133,50.2014,0.3949]]],
[[[-60.06,50.1992,3.4677],[-60.059,50.1987,0.0],[-60.0558,50.2011,0.0],[-60.0574,50.2021,0.0],[-60.06,50.1992,3.4677]]],
[[[-60.9048,50.199,5.275],[-60.8978,50.2,0.0],[-60.8972,50.2019,1.1257],[-60.9067,50.2011,2.5743],[-60.9086,50.1988,1.2865],[-60.9048,50.199,5.275]]],
[[[-60.7226,50.2008,2.3891],[-60.7243,50.1985,0.0],[-60.7211,50.1989,3.5576],[-60.72,50.2017,0.0],[-60.7226,50.2008,2.3891]]],
[[[-60.8307,50.2015,0.4431],[-60.835,50.2,2.3215],[-60.8357,50.199,2.3215],[-60.8318,50.1994,1.5716],[-60.8307,50.2015,0.4431]]],
[[[-60.6267,50.2006,0.5364],[-60.6261,50.2014,0.0],[-60.6294,50.1997,0.5783],[-60.6283,50.1994,0.0],[-60.6267,50.2006,0.5364]]],
[[[-60.3451,50.2019,0.0],[-60.3442,50.2002,0.0],[-60.3418,50.2,0.0],[-60.3428,50.2016,0.0],[-60.3451,50.2019,0.0]]],
[[[-60.5744,50.2022,0.1793],[-60.5769,50.2017,3.305],[-60.5781,50.2005,3.305],[-60.5744,50.2011,0.8105],[-60.5744,50.2022,0.1793]]],
[[[-60.4707,50.2,0.0],[-60.4678,50.1994,0.0],[-60.4689,50.2014,0.0],[-60.471,50.2011,0.0],[-60.4707,50.2,0.0]]],
[[[-60.4798,50.1989,2.5548],[-60.4778,50.1994,0.0],[-60.485,50.2027,0.0],[-60.4861,50.2009,5.7426],[-60.4917,50.2006,0.0],[-60.4844,50.2,1.2354],[-60.4798,50.1989,2.5548]]],
[[[-60.0037,50.2019,0.9155],[-60.0007,50.2023,0.4796],[-60.0009,50.2046,2.0792],[-60.0054,50.204,0.0],[-60.0037,50.2019,0.9155]]],
[[[-60.2642,50.1996,0.6049],[-60.2631,50.2018,0.0],[-60.2647,50.2032,0.3435],[-60.2625,50.2058,0.0],[-60.2641,50.2066,3.0707],[-60.2667,50.2053,5.9685],[-60.2667,50.2024,2.3482],[-60.2685,50.2031,0.3758],[-60.2731,50.2006,0.0],[-60.2668,50.1995,0.0209],[-60.2663,50.2015,3.3749],[-60.2642,50.1996,0.6049]]],
[[[-60.3478,50.2012,0.0],[-60.3468,50.2022,0.0],[-60.3506,50.2033,0.0],[-60.3522,50.2014,0.0],[-60.349,50.2007,1.8561],[-60.3478,50.2012,0.0]]],
[[[-60.3711,50.2,0.0],[-60.3693,50.2017,0.1981],[-60.3754,50.2046,3.5464],[-60.3802,50.2023,1.1273],[-60.3756,50.2022,10.2851],[-60.3756,50.2003,0.0],[-60.3711,50.2,0.0]]],
[[[-60.5141,50.203,0.4843],[-60.5121,50.2001,0.0],[-60.5086,50.2026,0.0],[-60.5108,50.2038,0.0],[-60.5141,50.203,0.4843]]],
[[[-60.4972,50.2033,1.1951],[-60.4983,50.2028,1.1951],[-60.4928,50.2019,0.1127],[-60.493899999999996,50.2028,0.414],[-60.4972,50.2033,1.1951]]],
[[[-60.5638,50.2042,0.3548],[-60.5661,50.2047,0.3548],[-60.5642,50.2063,0.4503],[-60.5685,50.2059,0.0],[-60.5715,50.2014,0.0],[-60.5644,50.1994,3.0289],[-60.5629,50.2019,2.1909],[-60.5655,50.203,0.9238],[-60.5611,50.2033,0.4732],[-60.5638,50.2042,0.3548]]],
[[[-60.5467,50.2042,0.7419],[-60.5472,50.2057,0.0474],[-60.5539,50.205,2.1599],[-60.5565,50.2014,1.4928],[-60.5588,50.2009,0.0],[-60.5561,50.2003,0.0],[-60.5467,50.2042,0.7419]]],
[[[-60.3939,50.2056,0.0],[-60.3933,50.2042,5.9527],[-60.3879,50.2024,3.4757],[-60.3889,50.205,3.8116],[-60.3939,50.2056,0.0]]],
[[[-60.6197,50.2039,1.0907],[-60.6193,50.2057,0.2978],[-60.6217,50.2064,0.434],[-60.6278,50.205,2.0455],[-60.6261,50.2022,0.428],[-60.6234,50.2045,0.6551],[-60.6197,50.2039,1.0907]]],
[[[-60.4576,50.2038,0.0],[-60.4618,50.2028,0.0],[-60.4527,50.2041,0.0],[-60.4552,50.205,2.2773],[-60.4576,50.2038,0.0]]],
[[[-60.4233,50.2069,5.4702],[-60.4264,50.2094,0.6794],[-60.4317,50.2097,1.1831],[-60.4322,50.2086,1.0812],[-60.4272,50.2047,3.5386],[-60.4334,50.2049,0.0],[-60.4313,50.2029,0.5925],[-60.4253,50.2041,3.5386],[-60.4202,50.2023,12.0925],[-60.4272,50.203,0.4859],[-60.4255,50.2017,0.0809],[-60.4264,50.2003,0.0],[-60.4239,50.1986,0.0],[-60.4103,50.2019,3.7841],[-60.4117,50.2031,2.499],[-60.4233,50.2069,5.4702]]],
[[[-60.4689,50.2053,4.7833],[-60.4739,50.2038,3.0709],[-60.4694,50.2061,0.0],[-60.4715,50.2069,1.5139],[-60.4812,50.2033,0.0],[-60.4767,50.2017,0.0],[-60.4766,50.2029,1.4115],[-60.46,50.2061,0.0],[-60.4689,50.2053,4.7833]]],
[[[-60.9172,50.205,0.111],[-60.9172,50.2072,0.0],[-60.9194,50.2061,2.5034],[-60.9211,50.2086,0.5937],[-60.9228,50.2028,0.0],[-60.9189,50.2036,0.2889],[-60.9189,50.2056,2.5034],[-60.9172,50.205,0.111]]],
[[[-60.0156,50.1944,0.8888],[-60.0164,50.1956,0.0],[-60.022,50.1946,1.6471],[-60.02,50.1968,0.0],[-60.0215,50.1975,0.0],[-60.0264,50.1947,0.4176],[-60.0239,50.1932,1.1319],[-60.027,50.192,2.7905],[-60.0292,50.1935,3.2891],[-60.0313,50.1917,1.6318],[-60.0285,50.1915,1.6318],[-60.0298,50.1893,1.6465],[-60.0272,50.1881,0.0],[-60.0265,50.1897,2.1572],[-60.0239,50.1892,3.4106],[-60.0206,50.1919,0.0538],[-60.017,50.1923,1.7863],[-60.0156,50.1944,0.8888]]],
[[[-60.0721,50.1958,0.5975],[-60.0712,50.1969,0.5975],[-60.0754,50.198,0.3536],[-60.0882,50.195,0.2736],[-60.092,50.1918,0.2901],[-60.1016,50.1887,4.1149],[-60.105,50.1897,1.6723],[-60.11,50.1875,3.8801],[-60.1111,50.1892,10.1441],[-60.1072,50.1906,0.0],[-60.1078,50.1917,3.6164],[-60.1122,50.1906,0.0],[-60.1144,50.1919,2.6287],[-60.1167,50.1905,0.0],[-60.1172,50.1878,2.231],[-60.1156,50.1851,6.5405],[-60.1183,50.1844,1.4469],[-60.1179,50.1857,1.0971],[-60.1194,50.1858,0.0],[-60.12,50.1789,6.855],[-60.1222,50.1778,0.0],[-60.1222,50.1761,0.0027],[-60.1194,50.1775,5.0367],[-60.1172,50.1767,0.0],[-60.112,50.1811,3.7754],[-60.1122,50.1772,5.1929],[-60.0648,50.1829,0.0],[-60.0661,50.1842,0.0],[-60.065,50.1858,0.0],[-60.0717,50.1858,8.8001],[-60.0644,50.188,1.4563],[-60.061,50.1908,0.0],[-60.0713,50.1892,1.638],[-60.0704,50.1937,0.0909],[-60.0742,50.192,3.9559],[-60.0781,50.1939,-0.2805],[-60.0764,50.1958,1.9059],[-60.0716,50.1945,0.2934],[-60.0721,50.1958,0.5975]]],
[[[-61.0135,50.1962,0.3076],[-61.0157,50.1954,0.6824],[-61.016,50.1936,0.0],[-61.0117,50.1934,0.0],[-61.0135,50.1962,0.3076]]],
[[[-60.4649,50.1947,0.4395],[-60.4634,50.1954,0.0933],[-60.4689,50.1951,0.0],[-60.4682,50.1945,0.0],[-60.4649,50.1947,0.4395]]],
[[[-60.8379,50.1962,1.4984],[-60.8389,50.1942,1.2712],[-60.8361,50.1947,0.0],[-60.8361,50.1964,1.6709],[-60.8379,50.1962,1.4984]]],
[[[-60.8619,50.1929,0.3199],[-60.8641,50.1927,0.7208],[-60.8658,50.1907,0.0],[-60.8616,50.1919,0.2791],[-60.8619,50.1929,0.3199]]],
[[[-60.818,50.1905,0.5957],[-60.8194,50.1883,0.0],[-60.8161,50.1892,1.2233],[-60.8157,50.1929,2.6797],[-60.8176,50.1929,2.6797],[-60.818,50.1905,0.5957]]],
[[[-60.1606,50.1919,0.3924],[-60.1613,50.1903,0.0],[-60.1587,50.1905,0.0],[-60.1572,50.1927,0.0971],[-60.1583,50.1929,0.0971],[-60.1606,50.1919,0.3924]]],
[[[-60.8252,50.1928,0.8453],[-60.8267,50.1922,1.0405],[-60.823,50.1907,0.7216],[-60.8189,50.1922,1.5946],[-60.8211,50.1931,1.739],[-60.8223,50.1917,0.7216],[-60.8252,50.1928,0.8453]]],
[[[-60.6467,50.1903,0.0],[-60.6413,50.1921,0.0],[-60.6422,50.1936,0.0],[-60.6504,50.1913,3.4869],[-60.6467,50.1903,0.0]]],
[[[-60.3436,50.1926,0.9224],[-60.343,50.1912,0.0],[-60.3414,50.191,0.6599],[-60.3417,50.1938,0.0],[-60.3436,50.1926,0.9224]]],
[[[-60.4072,50.1953,2.1071],[-60.4083,50.1931,0.2176],[-60.4078,50.1922,2.157],[-60.4056,50.1931,0.0],[-60.4072,50.1953,2.1071]]],
[[[-60.8583,50.1948,0.7909],[-60.8598,50.1938,2.5579],[-60.8567,50.1922,3.0702],[-60.8558,50.1938,0.7909],[-60.8583,50.1948,0.7909]]],
[[[-60.8456,50.1942,0.8948],[-60.8456,50.1917,0.5561],[-60.8442,50.1913,0.5561],[-60.8428,50.1933,3.7085],[-60.8456,50.1942,0.8948]]],
[[[-60.516,50.1937,4.1566],[-60.5178,50.1936,0.4441],[-60.5188,50.1919,0.0],[-60.5166,50.1918,0.0],[-60.516,50.1937,4.1566]]],
[[[-60.7976,50.194,1.9607],[-60.7962,50.1907,1.6287],[-60.7939,50.195,1.8819],[-60.7967,50.1949,1.9607],[-60.7976,50.194,1.9607]]],
[[[-60.7539,50.1925,3.6318],[-60.7528,50.189,0.4862],[-60.7512,50.1974,0.6201],[-60.7517,50.1975,0.6201],[-60.7539,50.1925,3.6318]]],
[[[-60.4847,50.1927,1.5679],[-60.4846,50.1941,0.4662],[-60.4893,50.1934,0.491],[-60.4892,50.1949,1.5777],[-60.495,50.1956,0.0],[-60.4898,50.192,0.0],[-60.4869,50.1923,2.8911],[-60.4871,50.1912,0.0605],[-60.4842,50.1916,0.0678],[-60.4847,50.1927,1.5679]]],
[[[-60.4728,50.1934,0.8095],[-60.472,50.1921,0.8095],[-60.4704,50.1933,0.8095],[-60.4746,50.1961,0.4475],[-60.4743,50.1936,0.1301],[-60.4728,50.1934,0.8095]]],
[[[-60.669,50.1948,0.164],[-60.6711,50.1936,0.5979],[-60.6658,50.1938,0.6585],[-60.6669,50.1951,0.6585],[-60.669,50.1948,0.164]]],
[[[-60.5035,50.1936,0.3486],[-60.505,50.1975,0.0],[-60.5142,50.1958,0.232],[-60.5094,50.1946,0.9592],[-60.5117,50.1931,0.3038],[-60.511,50.1915,0.28],[-60.5035,50.1936,0.3486]]],
[[[-60.7567,50.1958,1.1021],[-60.7572,50.1928,0.5422],[-60.7561,50.1922,0.5422],[-60.7532,50.1977,0.6201],[-60.755,50.1978,0.6963],[-60.7567,50.1958,1.1021]]],
[[[-61.0194,50.1978,0.2234],[-61.0172,50.195,0.6824],[-61.0152,50.1978,0.8146],[-61.0162,50.1983,0.8146],[-61.0194,50.1978,0.2234]]],
[[[-60.0763,50.2011,3.9165],[-60.0785,50.2008,3.9165],[-60.0785,50.1979,0.3536],[-60.0757,50.1995,9.0605],[-60.0763,50.2011,3.9165]]],
[[[-60.0839,50.1973,3.6686],[-60.0803,50.198,0.118],[-60.0817,50.2015,2.2901],[-60.0932,50.1991,0.0],[-60.0917,50.1973,2.5268],[-60.0941,50.1973,0.0],[-60.0945,50.1943,0.7068],[-60.0898,50.1954,0.2736],[-60.0893,50.1981,1.8008],[-60.0876,50.1967,1.8182],[-60.0839,50.1973,3.6686]]],
[[[-60.1134,50.1969,0.0],[-60.1162,50.194,0.0],[-60.1135,50.1943,0.0],[-60.1123,50.1965,0.0],[-60.1134,50.1969,0.0]]],
[[[-60.3991,50.1969,0.4389],[-60.3986,50.1955,0.4389],[-60.396,50.195,0.0],[-60.3974,50.197,1.0479],[-60.3991,50.1969,0.4389]]],
[[[-60.6095,50.1992,1.1279],[-60.6107,50.1985,1.7727],[-60.6144,50.2009,1.3052],[-60.618899999999996,50.1997,0.0],[-60.6186,50.1977,0.0],[-60.6215,50.1967,0.0881],[-60.6149,50.1962,0.517],[-60.6121,50.1976,1.7727],[-60.6156,50.1931,3.4981],[-60.6134,50.1922,0.9082],[-60.6093,50.1949,1.2482],[-60.6099,50.1959,1.8497],[-60.6019,50.1975,1.5327],[-60.6031,50.1992,1.9324],[-60.6095,50.1992,1.1279]]],
[[[-60.6538,50.1978,0.4149],[-60.656,50.1968,0.0],[-60.6543,50.1955,3.9188],[-60.6514,50.1962,0.4938],[-60.6533,50.1978,0.4149],[-60.6538,50.1978,0.4149]]],
[[[-60.5968,50.1971,0.0],[-60.5979,50.1971,0.0],[-60.6014,50.195,0.4967],[-60.594,50.197,0.3784],[-60.5968,50.1971,0.0]]],
[[[-60.5667,50.1967,0.3269],[-60.5683,50.1975,0.4505],[-60.5708,50.1954,0.0],[-60.57,50.195,0.0],[-60.5667,50.1967,0.3269]]],
[[[-60.5383,50.1975,0.0],[-60.5407,50.1949,0.0],[-60.54,50.1941,0.0],[-60.5356,50.1986,0.2068],[-60.5367,50.1994,0.0],[-60.5383,50.1975,0.0]]],
[[[-60.8706,50.1994,8.1333],[-60.8717,50.1978,2.3446],[-60.8706,50.1958,0.0],[-60.8676,50.201,0.1918],[-60.8706,50.1994,8.1333]]],
[[[-60.1439,50.1992,0.0],[-60.1449,50.197,0.0],[-60.1415,50.1982,3.6403],[-60.1421,50.1994,0.6557],[-60.1439,50.1992,0.0]]],
[[[-60.8317,50.1981,1.072],[-60.8339,50.1972,1.072],[-60.8344,50.1958,1.6709],[-60.8328,50.1961,0.0],[-60.8317,50.1981,1.072]]],
[[[-60.8211,50.1986,3.5919],[-60.8233,50.1975,3.5919],[-60.822,50.1956,3.539],[-60.8183,50.1972,3.2782],[-60.8188,50.1981,3.2782],[-60.8211,50.1986,3.5919]]],
[[[-60.6602,50.1969,0.3998],[-60.6572,50.1971,1.4445],[-60.6631,50.1985,3.1362],[-60.6627,50.1969,0.5433],[-60.6602,50.1969,0.3998]]],
[[[-60.1812,50.1997,3.3385],[-60.1798,50.1985,5.9797],[-60.1772,50.1994,0.5544],[-60.1769,50.2026,0.387],[-60.1792,50.2003,1.723],[-60.1809,50.2013,1.7207],[-60.1833,50.2006,1.7207],[-60.1835,50.1991,3.3385],[-60.1859,50.1995,0.0],[-60.1907,50.1933,0.0],[-60.185,50.1973,3.9862],[-60.1833,50.1941,0.6686],[-60.1819,50.1948,0.6686],[-60.1801,50.1931,0.046],[-60.1822,50.1961,9.3621],[-60.1812,50.1997,3.3385]]],
[[[-60.7983,50.2,0.0],[-60.8,50.1978,2.1407],[-60.799,50.1963,0.0],[-60.7972,50.1975,0.5475],[-60.7983,50.2,0.0]]],
[[[-60.5517,50.1958,1.639],[-60.5476,50.1988,1.1395],[-60.5459,50.2022,0.0],[-60.55,50.2003,1.2257],[-60.5528,50.1964,0.0],[-60.5517,50.1958,1.639]]],
[[[-60.8376,50.2011,0.6011],[-60.8428,50.1969,0.0],[-60.84,50.1969,0.8229],[-60.8345,50.202,0.0],[-60.8376,50.2011,0.6011]]],
[[[-60.8489,50.2014,7.6115],[-60.8422,50.2072,0.0],[-60.8428,50.2108,1.0287],[-60.8439,50.2111,1.0287],[-60.8478,50.2053,4.2779],[-60.849,50.2058,3.7082],[-60.8466,50.2098,1.5344],[-60.8528,50.2042,0.0],[-60.8567,50.2028,0.9958],[-60.8567,50.2017,0.6803],[-60.8528,50.2022,6.1125],[-60.8589,50.1994,1.6578],[-60.8606,50.1963,9.2498],[-60.8664,50.1948,1.6466],[-60.8556,50.1956,11.466],[-60.8489,50.2014,7.6115]]],
[[[-60.5163,50.2078,1.2859],[-60.5139,50.2064,0.537],[-60.5104,50.2077,0.0],[-60.5183,50.2125,0.9284],[-60.5276,50.2087,1.1655],[-60.5333,50.2089,0.0],[-60.5339,50.2069,0.0],[-60.5302,50.2067,1.4307],[-60.5328,50.2036,1.7249],[-60.5323,50.2017,0.351],[-60.5289,50.2014,1.5268],[-60.5339,50.1972,0.2068],[-60.5303,50.1961,0.761],[-60.522,50.198,0.4464],[-60.52,50.2017,0.16],[-60.5228,50.2036,0.0752],[-60.5161,50.2042,0.4348],[-60.5163,50.2078,1.2859]]],
[[[-60.7622,50.2075,2.7044],[-60.763,50.2161,0.0],[-60.7666,50.2162,0.3689],[-60.7673,50.2134,1.9945],[-60.7696,50.2146,1.2974],[-60.77,50.2064,5.1872],[-60.7667,50.2044,4.7777],[-60.7644,50.1975,1.5902],[-60.763,50.2009,4.0851],[-60.7595,50.2001,0.0],[-60.7622,50.2075,2.7044]]],
[[[-61.0199,50.2143,0.0],[-61.0199,50.2162,0.317],[-61.0217,50.2165,0.507],[-61.0214,50.213,0.874],[-61.0199,50.2143,0.0]]],
[[[-60.7866,50.2083,1.2709],[-60.787,50.2065,0.2892],[-60.7841,50.2068,0.4424],[-60.7852,50.2094,0.0],[-60.7866,50.2083,1.2709]]],
[[[-60.2755,50.2073,1.1668],[-60.2722,50.208,0.5238],[-60.2712,50.2097,0.3123],[-60.2767,50.2075,0.1571],[-60.2755,50.2073,1.1668]]],
[[[-60.3665,50.2092,1.8745],[-60.3662,50.2067,0.0],[-60.3636,50.2068,2.0811],[-60.3639,50.2089,0.7399],[-60.3665,50.2092,1.8745]]],
[[[-59.9924,50.2113,1.0233],[-59.9989,50.21,6.5633],[-59.999,50.2115,1.7938],[-60.0015,50.2115,1.5034],[-60.0006,50.2089,6.5633],[-59.9967,50.2074,4.5063],[-59.9965,50.2094,1.8887],[-59.9924,50.2113,1.0233]]],
[[[-60.0115,50.2249,2.456],[-60.0094,50.2249,0.6979],[-60.0083,50.2267,0.0],[-60.0083,50.2289,0.0],[-60.0107,50.2313,0.9716],[-60.0129,50.2305,1.4111],[-60.0115,50.227,4.1994],[-60.0148,50.2287,2.0064],[-60.0166,50.2278,0.6043],[-60.015,50.2262,2.493],[-60.0165,50.225,0.0],[-60.0141,50.2242,2.3489],[-60.0183,50.2227,0.0],[-60.0152,50.2206,3.8891],[-60.0172,50.2172,0.0],[-60.0233,50.2171,0.0],[-60.0256,50.2189,0.0],[-60.0285,50.2145,1.1057],[-60.0366,50.2101,8.5373],[-60.0281,50.2197,1.8366],[-60.0317,50.2197,0.0],[-60.0372,50.2161,0.6115],[-60.0372,50.2131,8.3731],[-60.0394,50.2122,0.0],[-60.0433,50.2044,8.8037],[-60.0494,50.2036,7.659],[-60.0519,50.2012,0.4747],[-60.0472,50.2022,5.9108],[-60.0433,50.2012,0.354],[-60.0395,50.203,2.2651],[-60.0411,50.2006,0.354],[-60.0472,50.1984,0.0],[-60.0431,50.1986,1.0018],[-60.0443,50.1963,0.2431],[-60.0383,50.1972,1.0786],[-60.0426,50.1928,1.1461],[-60.0344,50.1972,5.3661],[-60.0239,50.1997,0.9154],[-60.015,50.2039,3.9471],[-60.0091,50.2106,0.0],[-60.0185,50.2071,1.0049],[-60.0196,50.2097,0.5965],[-60.0158,50.2105,3.2904],[-60.0139,50.2125,3.0139],[-60.01,50.2123,2.8174],[-60.0087,50.2142,2.829],[-60.0098,50.2176,3.5699],[-60.0083,50.2189,3.7354],[-60.006,50.2183,0.5519],[-60.0075,50.2171,0.5519],[-60.0056,50.2138,2.829],[-60.0022,50.2177,1.1882],[-60.0056,50.2217,0.0],[-60.0082,50.2196,3.7354],[-60.0105,50.2208,0.0],[-60.0115,50.2249,2.456]]],
[[[-60.8626,50.2137,0.6311],[-60.8641,50.2155,3.8111],[-60.8622,50.2181,1.4349],[-60.8656,50.2159,1.6887],[-60.8685,50.2161,1.6887],[-60.8694,50.2139,4.5318],[-60.8655,50.2144,2.0617],[-60.8689,50.2101,0.9462],[-60.8661,50.2098,0.9462],[-60.8626,50.2137,0.6311]]],
[[[-60.7328,50.21,5.8366],[-60.7328,50.2081,2.5656],[-60.7346,50.2072,1.2443],[-60.7333,50.2064,0.7157],[-60.7257,50.2098,5.1905],[-60.7269,50.2121,0.0],[-60.7328,50.21,5.8366]]],
[[[-60.6789,50.2086,0.7874],[-60.6828,50.2111,0.0],[-60.6883,50.2114,0.0],[-60.6867,50.2106,0.5694],[-60.6878,50.2078,5.2003],[-60.6864,50.2068,0.1841],[-60.6767,50.2081,0.1023],[-60.6789,50.2086,0.7874]]],
[[[-60.7206,50.2111,2.4745],[-60.7193,50.2088,1.6603],[-60.718,50.2089,0.3973],[-60.7183,50.2114,0.7777],[-60.7206,50.2111,2.4745]]],
[[[-60.1259,50.2104,0.0],[-60.1225,50.2117,2.4138],[-60.1222,50.2142,1.4701],[-60.1278,50.2119,3.8958],[-60.1306,50.2128,0.0],[-60.1267,50.2089,1.3395],[-60.1254,50.2092,0.0],[-60.1259,50.2104,0.0]]],
[[[-60.6731,50.2109,0.0],[-60.6704,50.209,0.2704],[-60.6691,50.2092,0.2704],[-60.6701,50.2106,0.0],[-60.6731,50.2109,0.0]]],
[[[-60.463,50.2096,0.3485],[-60.4602,50.2109,0.0094],[-60.4627,50.2115,0.2465],[-60.4654,50.2098,0.8677],[-60.463,50.2096,0.3485]]],
[[[-60.3917,50.2094,1.032],[-60.3891,50.2103,0.3404],[-60.3944,50.2117,0.9924],[-60.3947,50.2098,1.7424],[-60.3917,50.2094,1.032]]],
[[[-60.4815,50.2119,2.2545],[-60.4842,50.2119,4.4565],[-60.4849,50.2103,0.0],[-60.483,50.2102,0.0],[-60.4815,50.2119,2.2545]]],
[[[-60.7078,50.2089,2.0949],[-60.705,50.2092,0.0],[-60.7106,50.2128,0.9892],[-60.7155,50.2138,0.0],[-60.7167,50.2125,2.5122],[-60.7128,50.2089,2.3233],[-60.7078,50.2089,2.0949]]],
[[[-60.1193,50.2163,2.4009],[-60.1197,50.2149,1.3087],[-60.118,50.2142,1.3087],[-60.1154,50.2153,0.0],[-60.1168,50.2171,0.0],[-60.1193,50.2163,2.4009]]],
[[[-60.2176,50.2174,2.536],[-60.2158,50.2146,0.0],[-60.2104,50.2169,0.0],[-60.2115,50.2185,5.1689],[-60.2176,50.2174,2.536]]],
[[[-60.2628,50.2147,4.2976],[-60.2661,50.2131,6.1835],[-60.2673,50.211,6.8617],[-60.2594,50.2142,0.7506],[-60.2628,50.2147,4.2976]]],
[[[-60.2325,50.2113,0.5524],[-60.2286,50.2125,0.0],[-60.23,50.2132,1.9558],[-60.2292,50.2147,0.6211],[-60.2329,50.2137,2.2752],[-60.2337,50.2116,0.0],[-60.2325,50.2113,0.5524]]],
[[[-60.7333,50.2122,0.3851],[-60.7314,50.2117,0.6981],[-60.7289,50.2127,0.0],[-60.7346,50.2133,0.3851],[-60.7333,50.2122,0.3851]]],
[[[-60.463,50.2167,3.0381],[-60.4728,50.2158,0.7215],[-60.4767,50.2139,0.0],[-60.4743,50.2114,2.2575],[-60.4767,50.21,0.554],[-60.4756,50.2089,6.1235],[-60.4722,50.2097,0.8436],[-60.4683,50.2144,4.2099],[-60.46,50.2129,0.4952],[-60.4606,50.2158,0.0],[-60.463,50.2167,3.0381]]],
[[[-60.3325,50.215,2.1242],[-60.3328,50.2131,1.5421],[-60.3316,50.2123,1.5421],[-60.3303,50.2141,2.1242],[-60.3325,50.215,2.1242]]],
[[[-60.3334,50.2162,0.0],[-60.3355,50.2152,1.4074],[-60.3356,50.2131,0.0],[-60.3344,50.2131,0.0],[-60.3334,50.2162,0.0]]],
[[[-60.7456,50.2178,2.6385],[-60.747,50.2146,0.0],[-60.7441,50.2164,0.5679],[-60.7437,50.2192,0.0],[-60.7456,50.2178,2.6385]]],
[[[-60.5401,50.215,2.8215],[-60.5361,50.2128,2.4807],[-60.5348,50.2168,0.0],[-60.5378,50.2186,1.678],[-60.5401,50.215,2.8215]]],
[[[-60.4556,50.2145,0.0],[-60.4504,50.2144,0.0],[-60.4523,50.2166,0.5545],[-60.4525,50.2151,1.3471],[-60.4556,50.2145,0.0]]],
[[[-60.4372,50.2161,6.5674],[-60.4337,50.2136,0.0],[-60.4344,50.2172,0.0],[-60.4371,50.2179,2.9911],[-60.4372,50.2161,6.5674]]],
[[[-60.5297,50.2139,0.7586],[-60.5289,50.2181,0.5798],[-60.5333,50.2171,0.0],[-60.5333,50.2147,1.331],[-60.5297,50.2139,0.7586]]],
[[[-60.4889,50.2192,1.3529],[-60.5,50.2236,13.7183],[-60.5033,50.2267,5.8385],[-60.5035,50.2287,3.0412],[-60.5056,50.2278,0.0],[-60.5061,50.2253,0.0],[-60.5044,50.2233,6.0356],[-60.5067,50.2219,4.697],[-60.5089,50.2228,1.0632],[-60.5081,50.2254,0.0],[-60.5111,50.2261,2.8806],[-60.5122,50.2281,0.7624],[-60.5183,50.2264,0.0],[-60.5144,50.2272,0.2276],[-60.5144,50.2239,1.3262],[-60.5094,50.2211,4.1761],[-60.5111,50.2203,0.0621],[-60.51,50.2175,3.2584],[-60.5064,50.2169,0.5498],[-60.505,50.2142,0.1929],[-60.5086,50.214,0.1929],[-60.5044,50.2122,4.1637],[-60.4961,50.2125,2.7377],[-60.4967,50.2108,0.7502],[-60.4918,50.2078,3.1599],[-60.4915,50.2056,1.1334],[-60.4878,50.2042,0.6397],[-60.4863,50.2051,0.0],[-60.4887,50.2064,1.7528],[-60.4865,50.207,0.0],[-60.4928,50.2103,2.7525],[-60.4859,50.2125,0.0],[-60.4867,50.2133,1.3724],[-60.4933,50.2125,2.7377],[-60.4961,50.2161,0.0],[-60.5011,50.2189,4.3656],[-60.4977,50.2194,2.1711],[-60.4912,50.2167,0.1668],[-60.4906,50.2181,3.807],[-60.4877,50.2173,0.6683],[-60.4889,50.2192,1.3529]]],
[[[-60.2622,50.2178,1.273],[-60.2626,50.219,0.0],[-60.2662,50.2191,1.6409],[-60.2696,50.2174,1.8284],[-60.2656,50.2147,1.9639],[-60.2622,50.2178,1.273]]],
[[[-60.2807,50.2169,0.4034],[-60.2781,50.2164,0.0],[-60.2778,50.2183,0.0],[-60.2817,50.2172,0.258],[-60.2828,50.2158,0.0],[-60.2807,50.2169,0.4034]]],
[[[-60.2911,50.2172,6.0232],[-60.2883,50.2197,0.0],[-60.2885,50.2216,0.6705],[-60.2928,50.2208,0.6286],[-60.2994,50.2161,1.2918],[-60.2955,50.213,0.0],[-60.2911,50.2172,6.0232]]],
[[[-60.725,50.2153,0.0],[-60.7228,50.2167,0.0],[-60.7251,50.2194,0.3814],[-60.7294,50.2167,3.1624],[-60.7291,50.2156,1.3101],[-60.7256,50.2169,1.3101],[-60.725,50.2153,0.0]]],
[[[-60.7539,50.2181,1.3225],[-60.7544,50.2158,1.0245],[-60.7517,50.2192,0.5437],[-60.7528,50.2192,0.5437],[-60.7539,50.2181,1.3225]]],
[[[-60.3944,50.2203,0.3804],[-60.3956,50.2219,0.4249],[-60.4034,50.224,1.3988],[-60.4061,50.2178,0.0],[-60.4028,50.2119,2.6509],[-60.3967,50.2104,0.0],[-60.3956,50.2131,0.0],[-60.3922,50.2147,0.0],[-60.3944,50.2181,0.3077],[-60.395,50.215,2.2962],[-60.3975,50.2147,0.2969],[-60.3972,50.2181,0.7789],[-60.3944,50.2203,0.3804]]],
[[[-60.1066,50.2233,2.4872],[-60.1064,50.2254,1.6184],[-60.1113,50.2274,0.0],[-60.1139,50.2247,0.0],[-60.1139,50.2231,0.0],[-60.1094,50.2231,3.3059],[-60.1113,50.2217,0.0],[-60.1094,50.2208,12.5986],[-60.1137,50.2194,18.9174],[-60.1128,50.2147,0.1329],[-60.1111,50.2167,1.6068],[-60.1071,50.2156,3.0808],[-60.1083,50.2172,10.4793],[-60.1072,50.2186,0.0],[-60.1017,50.2194,0.8763],[-60.1066,50.2233,2.4872]]],
[[[-60.2907,50.2607,0.5051],[-60.2925,50.2597,1.1117],[-60.292,50.2578,0.7678],[-60.2889,50.2597,2.3475],[-60.2907,50.2607,0.5051]]],
[[[-59.9056,50.2583,8.9826],[-59.9039,50.2547,0.0],[-59.9006,50.2589,4.1344],[-59.9022,50.2597,4.1344],[-59.9056,50.2583,8.9826]]],
[[[-59.9003,50.2712,1.8349],[-59.9029,50.2718,1.8349],[-59.903,50.274,0.0],[-59.9078,50.2747,5.3099],[-59.9094,50.2773,0.5135],[-59.9144,50.2761,3.9771],[-59.9226,50.2707,0.0],[-59.9205,50.2683,0.135],[-59.9257,50.2642,3.828],[-59.9164,50.262,0.0],[-59.9084,50.2629,13.8286],[-59.8978,50.2689,0.0],[-59.8975,50.2714,0.0],[-59.9003,50.2712,1.8349]]],
[[[-59.3406,50.8367,118.5002],[-59.3411,50.8402,67.2858],[-59.336,50.845,59.0],[-59.3471,50.8424,76.0949],[-59.3634,50.8476,59.0],[-59.3664,50.8513,59.0],[-59.3827,50.8596,59.0],[-59.3874,50.8575,59.0],[-59.3936,50.8582,90.2179],[-59.3946,50.8604,78.6959],[-59.3934,50.8666,59.0],[-59.3985,50.8693,67.7968],[-59.4052,50.8765,88.0664],[-59.4047,50.8793,100.2353],[-59.4107,50.8799,90.7451],[-59.4162,50.8761,98.4743],[-59.4202,50.8771,94.7447],[-59.4205,50.6683,23.2245],[-59.433,50.6694,25.3575],[-59.4503,50.6608,36.7094],[-59.4534,50.6561,48.5828],[-59.4623,50.6558,39.1909],[-59.4899,50.6585,41.872],[-59.501,50.6656,24.8498],[-59.515,50.6682,45.5026],[-59.529,50.6681,48.0456],[-59.5459,50.6649,49.4184],[-59.5848,50.6685,48.6387],[-59.5831,50.5401,29.8466],[-59.9629,50.5372,135.7712],[-59.9639,50.4922,58.5],[-59.9685,50.4312,15.0],[-60.2075,50.4333,84.9739],[-60.2179,50.4253,47.6979],[-60.225,50.4146,29.7657],[-60.2378,50.4027,38.9256],[-60.2627,50.3718,35.2679],[-60.2641,50.3663,28.0],[-60.2584,50.3611,32.6074],[-60.2576,50.3574,73.9003],[-60.2636,50.3549,37.538],[-60.9668,50.36,110.1158],[-61.2362,50.3654,51.5318],[-61.2409,50.352,78.9676],[-61.2588,50.3422,34.8422],[-61.2603,50.3307,77.9498],[-61.2653,50.3289,50.6033],[-61.2673,50.3247,30.7577],[-61.2658,50.3204,26.5],[-61.2607,50.3177,32.9461],[-61.2533,50.3091,26.5],[-61.2455,50.3074,31.4763],[-61.2407,50.3026,26.5],[-61.235,50.3024,26.5],[-61.2259,50.2964,29.0148],[-61.2225,50.2884,52.8219],[-61.2157,50.2882,11.1082],[-61.2095,50.284,16.9432],[-61.1924,50.2837,4.5],[-61.1812,50.276,17.8663],[-61.1748,50.2795,32.389],[-61.1695,50.2782,35.3514],[-61.1696,50.2744,25.3979],[-61.3471,50.2741,29.0],[-61.5026,50.2759,66.2636],[-61.5056,50.2309,40.3739],[-61.5638,50.2279,11.4634],[-61.5704,50.2192,20.8436],[-61.5756,50.217,25.084],[-61.5806,50.2115,18.9508],[-61.5857,50.2038,18.9934],[-61.5888,50.1884,14.5925],[-61.5906,50.1861,12.0484],[-61.5814,50.1796,7.9402],[-61.5792,50.1723,22.2606],[-61.5814,50.1598,16.9746],[-61.5869,50.1548,25.045],[-61.5932,50.153,12.6881],[-61.6046,50.1526,3.0],[-61.5998,50.1517,7.4733],[-61.6068,50.1509,3.0],[-61.6156,50.1457,6.8655],[-61.6346,50.1387,11.7842],[-61.6625,50.1393,1.5],[-61.683,50.1337,10.8924],[-61.6947,50.1332,4.4218],[-61.7097,50.1262,5.3474],[-61.7303,50.1199,8.3404],[-61.7356,50.1187,5.5094],[-61.7351,50.1204,0.0],[-61.7407,50.1204,0.0],[-61.7375,50.1187,1.7078],[-61.7401,50.1191,0.0],[-61.7472,50.1142,0.0],[-61.7583,50.1124,0.0],[-61.7536,50.1108,0.0],[-61.7611,50.109,0.0],[-61.7645,50.1088,0.0],[-61.7619,50.1098,0.0],[-61.7651,50.11,0.0],[-61.7688,50.1082,0.0],[-61.7669,50.1071,0.0],[-61.7612,50.1081,0.0],[-61.7597,50.1075,0.0],[-61.7616,50.107,0.0],[-61.7606,50.1059,0.0],[-61.7803,50.1048,3.9802],[-61.802,50.1061,3.948],[-61.8125,50.1102,0.3042],[-61.798,50.101,0.8283],[-61.7725,50.0921,1.9313],[-61.7503,50.0862,0.0],[-61.725,50.0863,0.0],[-61.6586,50.1001,0.0],[-61.4596,50.1628,3.7155],[-61.4158,50.1732,0.0],[-61.398,50.171,0.6532],[-61.3928,50.1734,1.8135],[-61.388,50.1715,0.0],[-61.3877,50.1734,2.3483],[-61.3786,50.1757,2.7584],[-61.3714,50.1744,0.4026],[-61.3661,50.1767,2.8014],[-61.3569,50.1754,0.0],[-61.3486,50.1782,0.7277],[-61.3626,50.1776,4.3891],[-61.3702,50.1803,2.5917],[-61.368,50.1812,5.4008],[-61.3514,50.1793,1.1946],[-61.3467,50.1826,2.6249],[-61.3403,50.1826,2.0725],[-61.3386,50.1846,5.7819],[-61.3319,50.1832,0.0],[-61.3308,50.184,0.2165],[-61.3319,50.1848,0.2165],[-61.325,50.1896,3.9232],[-61.3184,50.1891,4.6203],[-61.3176,50.1869,0.7946],[-61.3153,50.1868,0.0],[-61.3114,50.1896,4.7358],[-61.3023,50.1892,0.0],[-61.3027,50.1911,0.0],[-61.301,50.1918,0.0],[-61.2915,50.1923,10.7427],[-61.2915,50.1908,1.7184],[-61.2867,50.1871,5.5896],[-61.2785,50.188,3.2002],[-61.2741,50.1868,0.0],[-61.273,50.1857,0.0],[-61.2742,50.184,1.0576],[-61.2719,50.1812,2.2199],[-61.2764,50.1768,0.847],[-61.2697,50.1773,2.6876],[-61.2664,50.1743,1.1064],[-61.2635,50.1768,1.1105],[-61.2641,50.1798,3.7592],[-61.2611,50.1829,0.9642],[-61.2628,50.1843,0.1254],[-61.2669,50.1826,2.666],[-61.2675,50.1846,0.1987],[-61.2715,50.1862,0.8599],[-61.2693,50.1915,1.4318],[-61.2636,50.1948,4.022],[-61.2556,50.1967,1.4243],[-61.2523,50.1962,4.0531],[-61.2489,50.1932,1.882],[-61.239,50.1942,3.27],[-61.2358,50.192,0.0],[-61.2273,50.1958,2.6905],[-61.2247,50.1957,6.6001],[-61.2268,50.194,0.5917],[-61.2242,50.1934,1.2086],[-61.2194,50.1974,3.6543],[-61.2135,50.1982,0.1503],[-61.2105,50.1974,1.8189],[-61.2093,50.1948,0.6081],[-61.218,50.1925,1.1258],[-61.2183,50.1903,8.7217],[-61.2215,50.1897,4.342],[-61.2213,50.1909,0.6947],[-61.2232,50.1911,0.0],[-61.2272,50.1888,0.0],[-61.198,50.1865,0.0],[-61.1975,50.1885,2.6699],[-61.1925,50.1896,5.1745],[-61.1893,50.186,2.2121],[-61.1892,50.1821,3.2491],[-61.1925,50.1801,0.0],[-61.1897,50.1754,-0.05],[-61.1821,50.1757,1.1703],[-61.1805,50.1743,0.3854],[-61.1723,50.1787,0.0],[-61.1692,50.1826,0.0],[-61.1758,50.1793,0.5089],[-61.1799,50.1796,5.5401],[-61.1728,50.1826,0.2753],[-61.1691,50.1869,1.3538],[-61.1733,50.1938,0.0078],[-61.1718,50.1955,0.0],[-61.1847,50.1995,0.0527],[-61.1761,50.2041,2.5808],[-61.1701,50.204,2.3311],[-61.1786,50.201,0.0],[-61.1713,50.1987,0.5928],[-61.1623,50.1997,3.9529],[-61.1656,50.197,0.0],[-61.1561,50.1922,2.0404],[-61.1561,50.1911,0.2025],[-61.1596,50.1909,0.0],[-61.1536,50.1853,0.0],[-61.152,50.1862,0.489],[-61.1543,50.1882,1.6597],[-61.1504,50.1873,0.0],[-61.1515,50.1895,1.3429],[-61.1467,50.1918,0.2027],[-61.1433,50.1888,0.5219],[-61.1397,50.1893,6.204],[-61.1379,50.1872,6.3783],[-61.138,50.1844,0.0],[-61.1334,50.1852,0.5605],[-61.1297,50.1826,3.7917],[-61.1202,50.181,4.3779],[-61.1098,50.1821,0.0],[-61.1148,50.1857,8.8044],[-61.111,50.1878,7.9624],[-61.1032,50.1852,0.0],[-61.1023,50.1865,1.7469],[-61.1109,50.1895,0.8114],[-61.118,50.1878,4.2284],[-61.1231,50.1894,3.1458],[-61.1226,50.1912,5.0189],[-61.1171,50.1933,0.0],[-61.1208,50.1948,3.1873],[-61.1235,50.1999,1.3913],[-61.1111,50.1994,3.3868],[-61.1087,50.2006,2.0623],[-61.1079,50.2067,1.8944],[-61.1013,50.204,0.8037],[-61.0973,50.2053,0.0165],[-61.0937,50.202,0.0],[-61.0943,50.199,3.5261],[-61.0912,50.197,5.7612],[-61.0916,50.1958,0.0],[-61.0946,50.1966,0.0],[-61.0932,50.1942,3.5982],[-61.085,50.1935,0.5985],[-61.0873,50.1912,0.0],[-61.0841,50.1888,2.1026],[-61.0803,50.1886,-0.102],[-61.0813,50.1877,-0.2676],[-61.0786,50.184,1.0007],[-61.0743,50.1826,0.4126],[-61.0767,50.1862,0.1251],[-61.068,50.1823,7.273],[-61.0685,50.181,5.0643],[-61.0626,50.1761,0.5715],[-61.0651,50.18,1.3313],[-61.0629,50.1801,1.3313],[-61.0628,50.1813,5.7072],[-61.0672,50.185,2.3844],[-61.066,50.1864,0.0],[-61.0671,50.1886,2.8003],[-61.0698,50.1902,0.6551],[-61.0662,50.1894,0.0],[-61.0658,50.1913,0.9634],[-61.0586,50.1923,4.0012],[-61.0586,50.196,0.8718],[-61.0678,50.1957,0.0],[-61.0714,50.199,5.3749],[-61.0602,50.1979,1.5438],[-61.0618,50.2022,0.0],[-61.0638,50.2026,4.0736],[-61.0619,50.205,1.6162],[-61.0632,50.2076,3.1723],[-61.0664,50.2093,0.0],[-61.0713,50.2067,3.0604],[-61.0765,50.21,3.7088],[-61.0753,50.2124,4.2062],[-61.0716,50.2108,2.4047],[-61.0655,50.2119,0.0],[-61.0769,50.2201,1.61],[-61.0794,50.2286,2.1913],[-61.0896,50.2264,2.5433],[-61.0992,50.2323,1.7713],[-61.0986,50.2371,6.721],[-61.0871,50.2421,6.9361],[-61.0833,50.2471,12.6123],[-61.0874,50.253,13.8611],[-61.0961,50.2585,20.3777],[-61.1109,50.2635,4.2183],[-61.1158,50.2693,0.0],[-61.1269,50.2718,5.8724],[-61.1291,50.2746,3.612],[-61.1359,50.2757,0.0],[-61.1387,50.2729,0.0],[-61.1669,50.2707,1.3125],[-61.1686,50.2718,0.0],[-61.1658,50.2737,0.0],[-61.1583,50.2736,0.0],[-61.1497,50.2782,0.0],[-61.1369,50.2793,4.0314],[-61.1327,50.2788,3.8489],[-61.1288,50.2755,3.8179],[-61.1279,50.2765,2.3114],[-61.118899999999996,50.2748,0.0],[-61.1141,50.2713,0.0],[-61.1105,50.265,0.0],[-61.1008,50.2648,4.3442],[-61.0911,50.2572,6.2108],[-61.0857,50.2548,1.9513],[-61.0786,50.2476,5.6535],[-61.0827,50.244,8.1683],[-61.0813,50.2418,0.0],[-61.0829,50.2402,8.178],[-61.0826,50.2371,4.0949],[-61.0797,50.2348,2.2331],[-61.0815,50.2311,0.0],[-61.0745,50.2322,10.9617],[-61.0747,50.2306,0.5852],[-61.0664,50.2312,9.9605],[-61.0668,50.2285,6.4463],[-61.0723,50.2239,2.3501],[-61.0608,50.2129,1.2006],[-61.0531,50.2109,1.6386],[-61.052,50.2121,0.6221],[-61.0573,50.2139,0.0],[-61.0584,50.2162,19.0105],[-61.0528,50.2221,12.9664],[-61.0486,50.222,0.0],[-61.0497,50.2245,2.0779],[-61.0396,50.2266,1.4125],[-61.0334,50.2243,8.1885],[-61.0339,50.2213,0.9935],[-61.0255,50.2195,0.8806],[-61.025,50.2177,2.7595],[-61.0197,50.2181,2.5041],[-61.0177,50.2123,0.0],[-61.0161,50.2115,0.3966],[-61.0154,50.2194,14.8241],[-61.0141,50.2196,8.1313],[-61.0133,50.2103,0.0],[-61.0113,50.2108,6.3878],[-61.0095,50.2188,8.5406],[-61.0077,50.219,8.5332],[-61.006,50.2123,0.0],[-61.0033,50.2106,1.4109],[-61.0053,50.2072,0.0],[-61.0019,50.204,3.9677],[-61.0,50.2061,2.6365],[-60.9972,50.2038,0.7253],[-60.9933,50.2067,0.1983],[-60.9944,50.2083,0.6876],[-60.9933,50.2097,4.8343],[-60.9906,50.2108,6.743],[-60.9889,50.21,2.6897],[-60.9894,50.205,0.1856],[-60.9811,50.2097,0.6875],[-60.9774,50.209,0.2905],[-60.9767,50.2114,0.6851],[-60.9744,50.2117,1.3224],[-60.975,50.2106,1.3224],[-60.9733,50.2097,3.066],[-60.9772,50.2072,0.5094],[-60.9756,50.2057,0.3758],[-60.9728,50.2078,5.7459],[-60.9728,50.2061,2.7057],[-60.9761,50.2024,0.0345],[-60.9711,50.2008,1.2119],[-60.9694,50.2081,1.0696],[-60.9617,50.2136,0.0],[-60.9611,50.2175,0.8545],[-60.965,50.2169,5.2984],[-60.9639,50.2183,2.2802],[-60.965,50.2194,3.6376],[-60.96,50.2186,0.8545],[-60.955,50.2208,0.0],[-60.9561,50.2236,5.3419],[-60.9528,50.2264,0.0],[-60.9522,50.2303,0.523],[-60.9544,50.2333,3.8379],[-60.9594,50.2333,3.5072],[-60.9578,50.2344,4.9908],[-60.9583,50.2358,0.8334],[-60.9706,50.2333,1.363],[-60.9732,50.2345,0.0],[-60.9735,50.2323,1.363],[-60.985,50.2281,3.8951],[-60.9983,50.2281,0.8756],[-61.0051,50.232,14.5681],[-61.012,50.2414,1.4958],[-61.0217,50.2453,2.5581],[-61.0189,50.2461,0.0],[-61.0197,50.2501,0.0],[-61.0295,50.2533,0.0],[-61.03,50.2597,0.1808],[-61.0289,50.2603,0.1808],[-61.0272,50.2567,2.4633],[-61.0222,50.2564,0.0],[-61.0219,50.2542,0.0],[-61.0167,50.2511,0.6166],[-61.0161,50.2472,0.0],[-61.0134,50.2437,0.0],[-61.0063,50.2437,0.2045],[-61.0077,50.2415,3.4305],[-61.0051,50.2388,0.0],[-61.0042,50.2355,0.6002],[-61.0053,50.235,4.1828],[-61.0,50.2311,0.4677],[-60.9911,50.2325,4.0978],[-60.9911,50.2342,7.5484],[-60.9861,50.2353,0.0],[-60.9832,50.2402,0.2105],[-60.98,50.2374,2.3585],[-60.975,50.2381,5.3849],[-60.975,50.2361,1.6304],[-60.9683,50.2386,3.7205],[-60.9683,50.2364,0.0],[-60.9621,50.2382,0.699],[-60.9544,50.2381,0.0],[-60.9517,50.2394,0.5714],[-60.9531,50.2408,0.0],[-60.9517,50.2456,6.1815],[-60.9478,50.2472,9.0515],[-60.9344,50.2417,0.0],[-60.9206,50.2425,4.1207],[-60.9189,50.24,0.685],[-60.9344,50.2403,14.7627],[-60.9406,50.2375,1.7992],[-60.9489,50.2375,0.0],[-60.9467,50.2314,0.0],[-60.9406,50.2291,7.9152],[-60.9411,50.2258,0.0],[-60.9372,50.2222,1.538],[-60.9456,50.2217,0.0],[-60.9589,50.2142,0.0],[-60.9589,50.2114,0.1833],[-60.9567,50.2111,1.4897],[-60.9589,50.2103,0.2188],[-60.9589,50.2086,0.0816],[-60.9567,50.2047,0.3704],[-60.9539,50.2058,1.139],[-60.9533,50.2089,2.5363],[-60.95,50.2064,5.7131],[-60.9494,50.1992,2.1041],[-60.9533,50.1964,4.285],[-60.9533,50.1936,2.2597],[-60.9522,50.1914,0.3869],[-60.9506,50.1914,0.0],[-60.9478,50.195,3.0179],[-60.9467,50.1944,2.1029],[-60.9478,50.19,0.0],[-60.9456,50.1881,0.0],[-60.9444,50.1833,0.347],[-60.94,50.1872,6.3111],[-60.9386,50.1858,0.6526],[-60.937,50.1865,0.6526],[-60.9361,50.1922,21.6262],[-60.9344,50.1906,2.747],[-60.9322,50.1919,0.0],[-60.9317,50.195,0.5648],[-60.9339,50.1961,7.7998],[-60.93,50.1997,0.0],[-60.9306,50.2028,1.0868],[-60.9283,50.2031,2.6139],[-60.9289,50.2012,0.3318],[-60.9272,50.2006,1.2576],[-60.9256,50.2025,2.6139],[-60.9283,50.2067,0.3631],[-60.9222,50.2097,0.0],[-60.9233,50.2139,0.4969],[-60.9267,50.2156,8.0803],[-60.9236,50.2182,0.9381],[-60.9211,50.2125,0.4831],[-60.9139,50.2089,3.963],[-60.9094,50.2106,2.077],[-60.9106,50.2144,14.5321],[-60.9094,50.2158,6.4211],[-60.905,50.2122,4.3122],[-60.9022,50.2122,1.1974],[-60.9017,50.2139,0.3543],[-60.9033,50.2144,0.3543],[-60.9006,50.2158,6.0264],[-60.8978,50.2153,0.0],[-60.8972,50.2169,0.0],[-60.8998,50.2196,3.92],[-60.8972,50.2214,4.5062],[-60.895,50.2158,8.6021],[-60.8889,50.2153,3.5415],[-60.8905,50.214,0.0],[-60.887,50.211,0.6822],[-60.8917,50.2092,1.0726],[-60.889,50.2077,3.5744],[-60.8894,50.206,1.5473],[-60.8806,50.2131,0.0],[-60.8817,50.2142,5.9977],[-60.8778,50.2164,5.0097],[-60.8778,50.2189,14.7206],[-60.8689,50.2239,0.0],[-60.8694,50.2256,7.1947],[-60.8667,50.2289,3.9375],[-60.8672,50.2314,1.3654],[-60.8644,50.2336,5.1418],[-60.8611,50.2353,1.393],[-60.8578,50.2325,0.0],[-60.8506,50.2367,6.6029],[-60.8506,50.2383,3.6673],[-60.8567,50.2403,10.5347],[-60.8472,50.24,0.0],[-60.8406,50.2428,17.8089],[-60.8428,50.2444,0.0],[-60.8544,50.2447,14.7475],[-60.8539,50.2458,14.9124],[-60.8422,50.2467,0.0],[-60.8372,50.2447,0.0],[-60.8267,50.2506,17.1257],[-60.8183,50.2506,6.3952],[-60.7961,50.2548,2.4038],[-60.7982,50.256,0.0],[-60.7972,50.2597,5.1104],[-60.795,50.2606,8.4191],[-60.7933,50.26,0.0],[-60.7939,50.2569,0.0],[-60.7922,50.2564,2.8218],[-60.7817,50.2567,14.598],[-60.7889,50.2531,3.0942],[-60.8011,50.2533,10.3558],[-60.8106,50.25,23.6208],[-60.8139,50.2506,4.9337],[-60.8171,50.2489,0.0],[-60.8157,50.2478,2.8909],[-60.8217,50.2447,16.2252],[-60.8361,50.2414,6.058],[-60.835,50.2392,12.898],[-60.8367,50.2372,2.6033],[-60.8439,50.2325,0.0],[-60.85,50.2308,2.7477],[-60.8556,50.2231,0.0],[-60.8589,50.2142,1.0462],[-60.8619,50.2123,0.6311],[-60.8617,50.2086,4.4824],[-60.8678,50.2021,1.7076],[-60.86,50.2053,0.0],[-60.8559,50.2101,3.2317],[-60.8544,50.2081,0.0],[-60.8506,50.2114,3.1002],[-60.8517,50.2122,2.8673],[-60.8367,50.2192,8.5987],[-60.8406,50.2153,0.0],[-60.8372,50.2119,2.3975],[-60.8406,50.2089,0.8049],[-60.8363,50.207,0.3969],[-60.8339,50.2158,8.1885],[-60.8317,50.2164,8.1885],[-60.8324,50.2094,1.7546],[-60.8361,50.2058,9.1139],[-60.835,50.205,1.035],[-60.8333,50.205,0.0],[-60.8307,50.2094,1.7546],[-60.8261,50.2117,2.4573],[-60.8267,50.2136,2.2467],[-60.8233,50.2134,10.3549],[-60.825,50.2067,5.9625],[-60.8267,50.2086,1.8272],[-60.8294,50.2075,0.3526],[-60.8289,50.2033,0.3932],[-60.8267,50.2031,1.5849],[-60.8217,50.2081,2.3752],[-60.8211,50.205,0.9858],[-60.825,50.2028,3.7335],[-60.8256,50.2008,7.3452],[-60.8294,50.1994,1.6175],[-60.8289,50.1981,1.9899],[-60.8206,50.2025,6.3704],[-60.8189,50.2011,0.2433],[-60.8183,50.2072,1.1379],[-60.82,50.2094,4.2366],[-60.8161,50.2117,2.7469],[-60.8167,50.2092,1.607],[-60.815,50.2083,1.4635],[-60.8156,50.2064,0.0],[-60.8128,50.2025,2.7934],[-60.8106,50.2014,0.0],[-60.8106,50.2062,3.8862],[-60.8067,50.205,3.0051],[-60.8072,50.2014,3.0462],[-60.8056,50.2,1.3222],[-60.8083,50.1992,0.3403],[-60.8083,50.1961,0.7737],[-60.8128,50.1947,3.7581],[-60.8077,50.1934,0.4659],[-60.8044,50.195,0.0],[-60.8028,50.2019,0.0],[-60.793,50.2019,0.0],[-60.7912,50.2039,2.9266],[-60.7922,50.205,2.9266],[-60.7906,50.2069,0.0],[-60.7911,50.2097,3.4489],[-60.7878,50.2108,0.0],[-60.7866,50.2144,1.6],[-60.7806,50.2073,0.5702],[-60.7789,50.2069,0.0],[-60.7778,50.2092,6.382],[-60.7745,50.2071,2.179],[-60.7733,50.2083,2.179],[-60.7733,50.2186,5.5487],[-60.7675,50.2267,0.7801],[-60.765,50.2333,0.0],[-60.76,50.2361,1.3376],[-60.7567,50.235,0.0],[-60.7511,50.2378,5.3811],[-60.7511,50.2364,0.0],[-60.7482,50.2359,0.6594],[-60.7494,50.2347,1.0977],[-60.7483,50.2325,0.0],[-60.7456,50.2311,0.0],[-60.7383,50.235,0.4076],[-60.7283,50.2317,10.6169],[-60.73,50.2261,7.4514],[-60.7283,50.2239,6.3662],[-60.7417,50.2194,2.7387],[-60.7417,50.2167,1.2322],[-60.7392,50.2149,0.0],[-60.7217,50.2222,0.836],[-60.7178,50.2181,1.3879],[-60.7154,50.2182,1.3879],[-60.71,50.2147,0.0],[-60.7112,50.217,2.1663],[-60.7095,50.2172,0.0],[-60.7144,50.2194,1.0169],[-60.7144,50.2217,0.0],[-60.7161,50.2225,7.3801],[-60.7111,50.2248,0.9653],[-60.7061,50.2231,5.8765],[-60.7106,50.2211,2.3743],[-60.7078,50.2178,3.3225],[-60.6973,50.2135,0.0],[-60.6967,50.2156,0.765],[-60.6989,50.2181,6.0046],[-60.6961,50.2197,0.0],[-60.6972,50.2214,0.9392],[-60.6917,50.2211,1.0318],[-60.6906,50.2225,1.3842],[-60.6917,50.2244,0.498],[-60.6889,50.2261,0.4162],[-60.6889,50.2278,0.4175],[-60.6933,50.2303,0.7285],[-60.6878,50.2286,0.0],[-60.6828,50.2325,2.55],[-60.6794,50.2319,3.7094],[-60.6861,50.2294,0.1911],[-60.6844,50.2219,0.9568],[-60.6894,50.2206,0.6848],[-60.6861,50.2189,0.5931],[-60.6933,50.2175,0.7062],[-60.6889,50.2133,0.5955],[-60.6822,50.2144,1.8865],[-60.6804,50.2133,0.1754],[-60.6811,50.2122,0.1754],[-60.6757,50.2109,4.0059],[-60.6733,50.2142,2.7514],[-60.6654,50.2163,3.9434],[-60.6601,50.2156,1.6957],[-60.6571,50.2181,5.6037],[-60.6417,50.2186,1.0334],[-60.6472,50.2233,1.8262],[-60.645,50.2281,4.2869],[-60.6417,50.2297,1.0325],[-60.6439,50.2322,3.0158],[-60.6433,50.2367,4.2996],[-60.6365,50.2403,15.9816],[-60.6322,50.2378,11.6581],[-60.6322,50.2339,7.2861],[-60.63,50.2297,13.1458],[-60.6317,50.2292,0.0],[-60.6322,50.2258,5.9646],[-60.6272,50.2217,11.3593],[-60.6306,50.2175,0.0],[-60.63,50.2156,10.1259],[-60.6328,50.2139,0.0],[-60.6306,50.2117,0.0],[-60.6311,50.21,0.0],[-60.625,50.2108,10.7245],[-60.6211,50.2072,3.6536],[-60.615,50.2092,5.9947],[-60.6111,50.2083,1.1307],[-60.6094,50.2067,2.9927],[-60.6117,50.205,0.9742],[-60.6094,50.2036,9.6082],[-60.6122,50.2014,2.6424],[-60.6005,50.1999,0.0],[-60.5961,50.2028,3.3757],[-60.5961,50.205,2.2313],[-60.5983,50.2064,2.4925],[-60.5967,50.2072,2.1981],[-60.5967,50.2103,2.2279],[-60.5939,50.2108,5.1865],[-60.5889,50.2094,0.5253],[-60.5929,50.2056,4.9123],[-60.5722,50.2131,0.7318],[-60.5706,50.2128,3.3516],[-60.5773,50.2098,0.403],[-60.5661,50.2108,7.1227],[-60.5628,50.2089,2.9159],[-60.5583,50.2125,3.0989],[-60.5589,50.2108,0.3045],[-60.5572,50.2103,10.9805],[-60.56,50.2089,2.5919],[-60.549,50.2083,0.9809],[-60.5506,50.2106,9.4253],[-60.5439,50.2119,0.0],[-60.5417,50.2139,2.8215],[-60.5456,50.2156,0.0],[-60.5428,50.2208,0.525],[-60.5378,50.2211,0.3954],[-60.5394,50.2219,0.3954],[-60.5378,50.2231,0.0],[-60.5389,50.225,0.7061],[-60.5361,50.2264,1.3982],[-60.5372,50.2283,1.2406],[-60.535,50.2292,0.0],[-60.535,50.2308,0.0],[-60.5367,50.2328,2.1939],[-60.5344,50.2333,0.0],[-60.5367,50.2358,1.1085],[-60.5228,50.2325,0.9871],[-60.5167,50.2364,0.0],[-60.51,50.2364,0.0],[-60.5106,50.2383,0.0],[-60.5067,50.2419,0.0],[-60.5083,50.2442,0.0],[-60.5072,50.2547,1.5484],[-60.5039,50.2522,1.669],[-60.5039,50.2469,0.0],[-60.5016,50.2453,0.646],[-60.5028,50.2447,0.0],[-60.5017,50.2389,0.0],[-60.4994,50.2375,0.8629],[-60.4799,50.2413,0.3372],[-60.4759,50.2411,2.2234],[-60.4706,50.2378,0.7463],[-60.4656,50.2375,0.0],[-60.4639,50.2383,0.0],[-60.4622,50.2436,0.0],[-60.4589,50.2406,1.4018],[-60.4539,50.2444,6.5594],[-60.4472,50.2464,1.5825],[-60.4467,50.2431,2.8614],[-60.4511,50.2406,0.4341],[-60.4533,50.2344,3.0199],[-60.4511,50.2283,2.8744],[-60.4439,50.2269,0.0931],[-60.4361,50.2306,4.2679],[-60.4339,50.2361,0.9836],[-60.435,50.2394,2.4734],[-60.4333,50.2394,0.2018],[-60.4322,50.2375,0.0],[-60.4311,50.2375,0.0],[-60.4317,50.2389,0.6597],[-60.4261,50.2386,0.0],[-60.4244,50.2419,0.6843],[-60.4194,50.2442,0.0],[-60.42,50.2478,1.8032],[-60.4122,50.2417,2.4894],[-60.4144,50.24,3.2819],[-60.4144,50.2378,3.4811],[-60.4089,50.2319,0.0],[-60.3972,50.2244,1.8448],[-60.3917,50.2253,0.0],[-60.3894,50.2228,5.7877],[-60.3885,50.2157,0.0],[-60.3865,50.2158,1.9509],[-60.3844,50.2128,0.6517],[-60.3783,50.2094,0.0],[-60.3767,50.2094,0.3613],[-60.3789,50.2125,3.4534],[-60.3778,50.215,6.3356],[-60.3733,50.2092,0.8853],[-60.3666,50.2107,0.7172],[-60.3744,50.221,3.1803],[-60.3723,50.2273,4.3837],[-60.37,50.2272,0.0],[-60.3714,50.2307,1.9772],[-60.3694,50.2328,0.0],[-60.3736,50.236,0.3145],[-60.3772,50.2364,2.2244],[-60.3711,50.2369,0.0],[-60.3583,50.2319,0.0],[-60.3561,50.2325,0.3041],[-60.3661,50.2381,5.8174],[-60.3656,50.2406,4.0116],[-60.3539,50.2336,0.0],[-60.3489,50.2344,7.8589],[-60.3497,50.2331,6.326],[-60.3474,50.2311,3.8819],[-60.3431,50.2326,5.1982],[-60.3372,50.2311,0.0],[-60.335,50.2325,14.7421],[-60.335,50.2308,10.2271],[-60.3383,50.2289,0.0],[-60.3367,50.2269,2.8587],[-60.3389,50.2192,5.2861],[-60.3444,50.2117,3.7679],[-60.3416,50.2088,8.2629],[-60.335,50.2217,0.6755],[-60.3322,50.2242,0.0],[-60.3328,50.2306,1.2709],[-60.3283,50.2347,3.9184],[-60.3275,50.2418,2.2131],[-60.3256,50.2431,3.5749],[-60.3244,50.2367,0.0],[-60.3211,50.2378,-0.0037],[-60.3217,50.2425,2.6427],[-60.3189,50.2428,0.0753],[-60.3178,50.2403,0.0],[-60.32,50.2367,0.6084],[-60.32,50.2325,0.0],[-60.3172,50.2283,0.8784],[-60.3223,50.2268,1.0061],[-60.3228,50.2283,0.4243],[-60.3248,50.2233,-0.0255],[-60.3144,50.2228,3.5375],[-60.3122,50.2239,0.9017],[-60.3106,50.23,0.0],[-60.3122,50.2317,1.4197],[-60.3083,50.2358,4.5715],[-60.3083,50.2403,2.5857],[-60.3061,50.2417,0.3874],[-60.3083,50.245,11.9394],[-60.3011,50.2467,0.0],[-60.3,50.2514,2.6005],[-60.2972,50.2531,0.0],[-60.2972,50.2561,0.0],[-60.3017,50.2608,2.5864],[-60.3056,50.2608,0.0],[-60.31,50.2586,7.4807],[-60.3111,50.2597,0.2293],[-60.3067,50.2628,1.4579],[-60.3094,50.2639,0.0],[-60.3139,50.2619,13.0413],[-60.3139,50.2636,10.3139],[-60.3133,50.2664,4.08],[-60.305,50.2667,0.0],[-60.3011,50.2731,0.0],[-60.2994,50.2733,0.0],[-60.2992,50.2773,11.7443],[-60.2944,50.2781,2.1581],[-60.2939,50.2828,5.6011],[-60.2961,50.2844,4.5517],[-60.3061,50.2856,0.0],[-60.3144,50.2842,2.0231],[-60.3144,50.2856,7.0428],[-60.3094,50.2911,0.9988],[-60.3108,50.2975,0.0],[-60.31,50.3003,0.0],[-60.3028,50.3039,7.2127],[-60.2978,50.3036,0.0],[-60.2978,50.3069,0.0],[-60.3017,50.3106,7.4674],[-60.2989,50.3158,0.0],[-60.3017,50.3167,2.7213],[-60.2922,50.3247,0.0],[-60.2971,50.325,2.9347],[-60.2994,50.3214,2.2566],[-60.3067,50.3166,3.2025],[-60.3106,50.3181,1.4667],[-60.3148,50.3164,4.3157],[-60.3139,50.3178,1.5536],[-60.3178,50.3208,9.3858],[-60.3161,50.3228,5.9495],[-60.3144,50.3206,0.0],[-60.3111,50.3253,0.0],[-60.3078,50.3275,11.0721],[-60.305,50.3272,0.0],[-60.3033,50.3317,7.9196],[-60.2989,50.3333,0.0],[-60.3106,50.3394,0.0],[-60.3039,50.3419,0.0],[-60.2967,50.3408,3.5266],[-60.2889,50.3442,5.2282],[-60.2828,50.3428,0.0],[-60.2878,50.3381,7.6799],[-60.2839,50.3358,7.3841],[-60.2833,50.3325,0.0],[-60.2622,50.3378,5.5512],[-60.26,50.3347,0.0],[-60.2617,50.3314,0.5478],[-60.2575,50.3302,0.0],[-60.2517,50.3325,2.7465],[-60.2483,50.33,0.0],[-60.2509,50.3273,0.0],[-60.2439,50.3278,2.6753],[-60.2493,50.3258,0.0],[-60.2454,50.3252,13.9741],[-60.2522,50.3239,0.0],[-60.2586,50.3185,4.9136],[-60.2616,50.3183,1.6745],[-60.2644,50.3133,17.5073],[-60.2822,50.3075,2.0156],[-60.2877,50.3007,10.9225],[-60.2883,50.3028,2.7657],[-60.2906,50.3025,1.3699],[-60.2917,50.2994,1.9338],[-60.29,50.2986,4.2116],[-60.2906,50.2956,3.5455],[-60.2883,50.2944,13.1737],[-60.2948,50.2887,0.7612],[-60.2917,50.285,10.8444],[-60.2928,50.275,11.4198],[-60.2911,50.273,0.0],[-60.2906,50.2672,16.7644],[-60.285,50.2642,0.2279],[-60.2761,50.2622,7.8263],[-60.2783,50.2594,4.79],[-60.2856,50.2586,0.6044],[-60.2883,50.2558,2.1241],[-60.2828,50.2539,3.3506],[-60.2794,50.255,11.7145],[-60.2794,50.2531,3.6101],[-60.2778,50.2522,21.2987],[-60.2783,50.25,5.1475],[-60.2822,50.2475,5.5437],[-60.28,50.2454,0.0],[-60.2672,50.2522,1.2667],[-60.2667,50.2556,0.0],[-60.2728,50.2572,15.3212],[-60.2728,50.2586,15.3212],[-60.2606,50.2592,12.4795],[-60.2589,50.2608,5.1006],[-60.26,50.2622,23.829],[-60.2506,50.2664,9.9538],[-60.2539,50.2681,9.5499],[-60.2472,50.2719,0.0],[-60.2439,50.2717,3.0006],[-60.245,50.2692,16.0281],[-60.2583,50.2581,0.7658],[-60.2589,50.2539,5.2689],[-60.2728,50.245,0.0],[-60.2706,50.243899999999996,1.6731],[-60.2883,50.2356,1.6768],[-60.2889,50.2342,0.0],[-60.2861,50.2325,0.0],[-60.2911,50.2289,0.0],[-60.2906,50.2261,15.6886],[-60.2939,50.2242,0.0],[-60.2933,50.2217,0.0],[-60.2883,50.2242,4.0539],[-60.2869,50.2223,3.9957],[-60.281,50.2222,1.2329],[-60.2837,50.2238,7.0371],[-60.2814,50.2249,1.3203],[-60.2774,50.2217,0.4812],[-60.2726,50.2232,13.8383],[-60.2672,50.2225,6.6037],[-60.2669,50.2201,1.6409],[-60.2649,50.2198,0.6498],[-60.2644,50.2216,2.4761],[-60.26,50.2231,2.2492],[-60.2572,50.2264,5.1671],[-60.2562,50.2263,5.1671],[-60.2581,50.223,0.4903],[-60.25,50.2247,1.249],[-60.2239,50.2533,2.2992],[-60.2228,50.2556,0.0],[-60.2244,50.2567,7.5492],[-60.2122,50.2714,2.92],[-60.1989,50.2769,1.1223],[-60.2029,50.2784,11.9167],[-60.2006,50.2817,10.3034],[-60.1961,50.2828,4.5932],[-60.195,50.2822,4.5932],[-60.1972,50.2794,1.7157],[-60.1933,50.2789,0.0],[-60.1894,50.2819,2.6181],[-60.1821,50.2832,0.0],[-60.1806,50.2823,0.0],[-60.1889,50.2764,0.826],[-60.1861,50.2739,4.7229],[-60.1906,50.2731,0.7462],[-60.1933,50.2706,2.5328],[-60.1878,50.2681,0.0],[-60.1867,50.2694,0.4489],[-60.1889,50.2706,4.1529],[-60.1756,50.2753,0.0],[-60.1744,50.2783,2.3742],[-60.1711,50.2789,9.651],[-60.1717,50.2772,1.5499],[-60.1683,50.2747,1.6026],[-60.1667,50.2758,3.9225],[-60.1672,50.2772,8.0163],[-60.1617,50.2783,0.8752],[-60.1528,50.2831,0.0],[-60.1506,50.2864,6.565],[-60.1472,50.2836,15.6697],[-60.1494,50.2811,7.317],[-60.1544,50.2803,10.536],[-60.1622,50.2744,8.5388],[-60.1739,50.27,0.0],[-60.1739,50.2661,2.568],[-60.1794,50.2608,4.2635],[-60.1894,50.2553,10.2998],[-60.1906,50.2525,0.0],[-60.19,50.2494,9.1482],[-60.185,50.2456,5.0161],[-60.1805,50.2505,9.7504],[-60.1744,50.2478,4.2163],[-60.1739,50.2469,4.0494],[-60.1794,50.2453,1.6243],[-60.1789,50.2442,1.6243],[-60.1817,50.2428,1.5986],[-60.1789,50.2411,1.7332],[-60.175,50.2422,0.0],[-60.175,50.2447,1.0408],[-60.1711,50.2442,0.6446],[-60.1702,50.246,3.8303],[-60.1683,50.2447,0.6446],[-60.16,50.2467,0.0],[-60.1515,50.2523,11.4579],[-60.1472,50.2564,0.0],[-60.1478,50.2586,2.2733],[-60.1439,50.2617,2.9198],[-60.1444,50.2669,6.3274],[-60.1406,50.2692,1.6376],[-60.1417,50.27,6.4086],[-60.1367,50.2689,2.3396],[-60.1389,50.2678,0.0],[-60.1371,50.267,1.4004],[-60.1383,50.2656,1.4004],[-60.1353,50.2652,3.2373],[-60.1361,50.2617,20.575],[-60.145,50.2553,0.0],[-60.1439,50.2536,6.9768],[-60.1483,50.2531,3.7371],[-60.1536,50.25,0.4482],[-60.1533,50.2475,0.3999],[-60.1483,50.2472,5.1956],[-60.1549,50.2463,1.728],[-60.1622,50.24,7.9668],[-60.1667,50.2383,3.6063],[-60.1689,50.235,1.8625],[-60.1816,50.2309,2.9567],[-60.1883,50.2253,1.4343],[-60.1878,50.2206,11.0227],[-60.19,50.2189,7.2505],[-60.1928,50.21,0.0],[-60.1856,50.2133,0.0],[-60.1844,50.2158,2.7655],[-60.1861,50.2164,15.44],[-60.1817,50.2172,3.2613],[-60.1822,50.2194,0.2981],[-60.1794,50.2183,0.1247],[-60.1714,50.2225,12.3966],[-60.1722,50.22,2.9621],[-60.17,50.2181,0.402],[-60.1685,50.2247,12.8484],[-60.1631,50.2265,5.266],[-60.1606,50.225,0.0],[-60.1517,50.2281,1.5629],[-60.1539,50.2264,0.1206],[-60.1533,50.2247,0.0],[-60.1556,50.2211,0.0],[-60.1489,50.2214,0.0],[-60.1528,50.2175,2.1077],[-60.1506,50.2167,0.6768],[-60.1467,50.2181,2.6588],[-60.1467,50.2164,3.1279],[-60.1511,50.2156,0.0],[-60.1522,50.2131,8.2395],[-60.1617,50.2092,0.0],[-60.1717,50.2094,1.2549],[-60.1711,50.2058,6.9499],[-60.1722,50.2053,1.9115],[-60.1711,50.2047,6.7936],[-60.1728,50.2036,7.7053],[-60.1717,50.2031,7.7053],[-60.1756,50.1992,1.8436],[-60.1729,50.1969,0.0],[-60.169,50.1981,0.5173],[-60.1728,50.2,0.1699],[-60.1672,50.2003,0.0],[-60.1665,50.2044,2.7422],[-60.1622,50.2059,5.0344],[-60.1576,50.2042,2.1117],[-60.1632,50.2034,3.6816],[-60.165,50.2011,1.2586],[-60.1661,50.1967,0.0],[-60.1633,50.1936,0.0],[-60.1544,50.1967,0.1716],[-60.1506,50.1953,0.0],[-60.146,50.2005,1.764],[-60.1462,50.2025,5.5345],[-60.1428,50.2039,12.0921],[-60.1344,50.2033,1.3287],[-60.1344,50.2053,2.7257],[-60.1292,50.2074,0.9122],[-60.1374,50.2061,0.5537],[-60.135,50.2094,0.0],[-60.1356,50.2117,0.0],[-60.1306,50.215,5.6838],[-60.125,50.2156,2.3607],[-60.1233,50.2197,4.3454],[-60.1239,50.2231,1.8661],[-60.1272,50.2244,0.777],[-60.1294,50.2233,1.1678],[-60.1278,50.2208,2.1667],[-60.1325,50.2185,12.5609],[-60.1339,50.2192,3.5258],[-60.1332,50.2212,2.7343],[-60.1356,50.2217,2.7343],[-60.135,50.2231,0.1571],[-60.1167,50.2281,0.9331],[-60.115,50.2306,0.0],[-60.1183,50.2314,2.6861],[-60.1117,50.2361,0.6442],[-60.1206,50.2378,4.1244],[-60.11,50.2394,4.1281],[-60.1089,50.2411,3.1062],[-60.1061,50.2406,0.499],[-60.1028,50.2425,0.0],[-60.1039,50.2442,2.1303],[-60.1028,50.2453,0.0],[-60.0961,50.2489,13.1216],[-60.0939,50.2483,2.622],[-60.1033,50.2386,2.1934],[-60.0972,50.2372,5.6378],[-60.106,50.2344,0.0],[-60.1059,50.2323,1.2665],[-60.1072,50.2333,1.2665],[-60.1083,50.2322,0.0],[-60.105,50.229,2.127],[-60.1031,50.2292,2.0699],[-60.1044,50.2278,1.4989],[-60.1033,50.2267,1.0464],[-60.0978,50.2261,0.0],[-60.1047,50.2249,-0.3104],[-60.1017,50.2244,0.3449],[-60.102,50.222,0.2109],[-60.1003,50.221,0.5955],[-60.0944,50.2253,0.0],[-60.085,50.2275,0.0],[-60.0906,50.2294,1.6192],[-60.0872,50.2306,8.0971],[-60.0872,50.2331,21.4177],[-60.0887,50.2363,1.6302],[-60.0933,50.2364,8.2192],[-60.0917,50.2378,1.1035],[-60.0922,50.2419,0.6101],[-60.0833,50.2411,0.0],[-60.0806,50.2431,0.4216],[-60.0772,50.2431,1.9062],[-60.0728,50.2417,0.0],[-60.0689,50.2431,0.7855],[-60.0678,50.2453,0.0],[-60.0694,50.2464,1.2978],[-60.0633,50.2467,0.0],[-60.0617,50.2486,0.0499],[-60.0594,50.2483,1.8802],[-60.0583,50.2447,1.5724],[-60.0561,50.2436,6.5052],[-60.0594,50.2414,0.0],[-60.0505,50.24,-0.8444],[-60.0543,50.2388,-0.6007],[-60.0522,50.2364,0.0],[-60.0556,50.2342,2.6449],[-60.0628,50.2358,0.4443],[-60.0567,50.2333,1.7656],[-60.0578,50.2319,8.659],[-60.0628,50.2311,3.9722],[-60.0678,50.2331,0.1842],[-60.0706,50.2325,0.4993],[-60.0689,50.2294,1.056],[-60.0656,50.2275,0.738],[-60.0622,50.2292,2.1424],[-60.0578,50.2278,0.213],[-60.0561,50.2306,4.087],[-60.0533,50.2303,0.0],[-60.0461,50.2347,2.7949],[-60.0461,50.2325,0.1607],[-60.0428,50.2308,3.3593],[-60.0433,50.2283,8.8359],[-60.041,50.2247,0.502],[-60.0378,50.2245,2.5425],[-60.0356,50.2258,0.0],[-60.0356,50.2289,0.0],[-60.0394,50.2306,1.8201],[-60.0383,50.2331,3.7026],[-60.0312,50.2357,0.0167],[-60.0311,50.2397,0.1941],[-60.0239,50.2428,0.7072],[-60.0282,50.2475,0.1128],[-60.035,50.2422,3.3637],[-60.0372,50.2433,2.8551],[-60.0367,50.2453,1.8052],[-60.0394,50.2464,4.7973],[-60.0372,50.2472,0.3634],[-60.0372,50.2514,0.0],[-60.04,50.2519,11.7358],[-60.0406,50.2544,8.8729],[-60.0361,50.2561,2.943],[-60.0339,50.2531,0.666],[-60.0283,50.2539,2.9679],[-60.0233,50.2575,0.0],[-60.0233,50.2597,0.8553],[-60.0172,50.2614,4.6237],[-60.0167,50.2631,1.8442],[-60.0183,50.2633,3.4444],[-60.0128,50.2672,0.0],[-60.0167,50.2689,7.9842],[-60.0122,50.2706,0.0],[-60.0128,50.2725,2.0309],[-60.0089,50.2742,0.0],[-60.01,50.2756,0.0],[-60.0194,50.2744,1.2031],[-60.02,50.2778,2.4324],[-60.0183,50.28,7.4984],[-60.0094,50.28,0.0],[-60.0039,50.2838,11.0362],[-60.0044,50.2825,0.0],[-59.9937,50.2781,1.4014],[-60.002,50.2732,2.4131],[-60.0028,50.2706,0.0],[-60.0106,50.2661,14.4909],[-60.0194,50.2561,4.7638],[-60.0234,50.2539,0.0],[-60.0222,50.25,8.2989],[-60.0261,50.2497,0.0],[-60.0228,50.2475,5.8124],[-60.0239,50.2461,0.0],[-60.0194,50.2433,0.0],[-60.0178,50.243899999999996,4.8251],[-60.0189,50.2467,4.5903],[-60.0172,50.2494,14.2875],[-60.0144,50.2508,4.5679],[-60.0089,50.2486,0.0],[-60.0045,50.2503,0.0],[-60.0028,50.2494,0.0],[-60.0039,50.2483,0.0],[-60.0028,50.2475,0.0],[-59.9983,50.2466,0.0],[-59.9963,50.2478,0.0],[-59.9986,50.249,0.0],[-59.9961,50.2504,2.7508],[-59.9922,50.2475,2.9313],[-59.9902,50.2483,0.0],[-59.9902,50.2502,0.0],[-59.9808,50.2498,2.0308],[-59.9856,50.2543,0.0],[-59.9911,50.2555,1.5355],[-59.9889,50.2592,7.6057],[-59.9839,50.2607,3.769],[-59.9856,50.2634,0.366],[-59.9785,50.2637,0.0],[-59.9733,50.2664,0.0],[-59.977,50.268,1.484],[-59.9717,50.2712,0.6504],[-59.9726,50.2728,0.0],[-59.97,50.2756,4.0108],[-59.9759,50.2762,2.7778],[-59.9814,50.28,10.6802],[-59.9779,50.2814,0.0],[-59.9769,50.2834,0.0],[-59.9761,50.2913,4.6194],[-59.9739,50.2905,10.0328],[-59.9753,50.2887,4.5158],[-59.9733,50.2831,8.0915],[-59.9772,50.2803,0.0],[-59.976,50.2797,0.6213],[-59.9689,50.2794,1.5105],[-59.964,50.2824,3.1893],[-59.9601,50.2817,0.0],[-59.9646,50.2883,1.3984],[-59.9601,50.29,0.8155],[-59.9572,50.2889,8.9165],[-59.9561,50.2858,0.0],[-59.9496,50.2841,4.6989],[-59.9478,50.2821,0.4128],[-59.9531,50.2792,5.7312],[-59.9523,50.277,2.9774],[-59.9544,50.2755,0.0],[-59.9574,50.2752,2.1675],[-59.9554,50.2802,0.0],[-59.9617,50.2791,0.5052],[-59.9595,50.2775,3.2094],[-59.9594,50.2733,2.3295],[-59.9625,50.2732,1.5342],[-59.9643,50.2749,0.7423],[-59.9685,50.274,0.0],[-59.9683,50.2715,0.5028],[-59.9721,50.2684,1.3106],[-59.9671,50.2659,3.3381],[-59.96,50.2675,1.6604],[-59.9643,50.2637,0.2484],[-59.9622,50.2622,1.5852],[-59.9655,50.2598,0.9716],[-59.9619,50.2592,2.3594],[-59.9611,50.2572,10.1172],[-59.955,50.2575,6.7434],[-59.9528,50.2559,1.2675],[-59.9535,50.2539,1.7854],[-59.9503,50.2523,3.0112],[-59.9472,50.2528,0.5648],[-59.9526,50.2581,5.1912],[-59.9454,50.2588,11.9303],[-59.9456,50.2625,1.4173],[-59.9478,50.2633,0.8399],[-59.9493,50.2618,5.456],[-59.9499,50.2634,0.8399],[-59.9405,50.2689,0.0],[-59.9495,50.2708,0.1999],[-59.9504,50.2731,1.0699],[-59.9424,50.2742,1.0051],[-59.9412,50.2759,4.5861],[-59.9387,50.2756,1.122],[-59.9333,50.2785,1.2032],[-59.9308,50.2773,1.2536],[-59.9302,50.2749,1.7267],[-59.9256,50.2745,0.2517],[-59.9206,50.2782,12.0757],[-59.9214,50.2831,8.6823],[-59.9185,50.2835,0.349],[-59.9161,50.2811,0.3023],[-59.9139,50.2822,4.0586],[-59.9139,50.2847,2.7739],[-59.9194,50.2901,1.4001],[-59.9139,50.2936,0.8106],[-59.9111,50.2931,1.9574],[-59.9072,50.2989,7.7232],[-59.9025,50.3005,6.0918],[-59.9102,50.2879,0.0],[-59.9102,50.2812,0.0],[-59.9067,50.2822,10.0884],[-59.9015,50.2871,7.2428],[-59.9,50.2836,0.0],[-59.8989,50.2838,2.8997],[-59.8966,50.2865,1.6399],[-59.9,50.2883,7.2428],[-59.8968,50.2915,3.599],[-59.8886,50.2897,4.3851],[-59.8837,50.2914,4.1494],[-59.8723,50.2993,1.1237],[-59.8679,50.3047,0.5305],[-59.8567,50.306399999999996,0.1973],[-59.8627,50.3087,1.7278],[-59.8558,50.3133,6.0357],[-59.8372,50.3146,3.9337],[-59.8177,50.3258,5.4504],[-59.8165,50.3342,2.5223],[-59.8136,50.3371,4.8889],[-59.8117,50.335,0.6861],[-59.8078,50.3365,4.3034],[-59.8156,50.3414,3.1292],[-59.8112,50.3399,0.0],[-59.8056,50.3411,1.602],[-59.81,50.3428,0.4577],[-59.8113,50.3413,1.2121],[-59.8128,50.3427,0.2973],[-59.8102,50.3467,0.0],[-59.811,50.3485,1.4057],[-59.8212,50.3494,3.5697],[-59.8217,50.3513,2.8263],[-59.8261,50.3525,0.0681],[-59.8311,50.3499,0.2317],[-59.8294,50.3494,3.5138],[-59.8395,50.3461,5.2673],[-59.8346,50.3421,3.05],[-59.8372,50.3414,0.8357],[-59.8283,50.3403,0.9525],[-59.8367,50.3375,0.0],[-59.8474,50.3307,4.4859],[-59.8295,50.3381,1.4654],[-59.8284,50.3356,2.0228],[-59.8243,50.3383,2.0871],[-59.8225,50.3358,3.8386],[-59.8299,50.3343,0.9706],[-59.8311,50.3292,0.0],[-59.836,50.3279,3.4827],[-59.8356,50.3311,0.0],[-59.8404,50.3301,0.0],[-59.8373,50.3277,3.3947],[-59.8428,50.3246,5.7551],[-59.8456,50.3264,1.0769],[-59.8468,50.3245,0.904],[-59.8456,50.3219,10.4357],[-59.85,50.3197,2.8573],[-59.8574,50.3217,2.4155],[-59.8564,50.3261,6.6895],[-59.852,50.3282,0.0],[-59.8567,50.3283,7.4061],[-59.8519,50.3314,0.3507],[-59.8528,50.3319,1.3333],[-59.868899999999996,50.3253,21.8815],[-59.8544,50.3336,0.0],[-59.8561,50.3344,0.0],[-59.8651,50.3319,16.8974],[-59.8675,50.3328,0.0],[-59.8666,50.3347,4.3364],[-59.8546,50.3389,0.3765],[-59.8553,50.3408,12.6403],[-59.852,50.3418,0.0],[-59.8519,50.3433,2.0521],[-59.8601,50.3466,1.1607],[-59.8599,50.3488,0.0],[-59.8646,50.3485,2.0459],[-59.8633,50.3464,15.3676],[-59.8772,50.3517,12.0218],[-59.873,50.3529,9.9742],[-59.8644,50.3508,5.2762],[-59.8542,50.3516,0.0],[-59.8424,50.3544,9.4535],[-59.842,50.3557,4.8212],[-59.8335,50.3556,1.5861],[-59.8279,50.3586,10.8073],[-59.8273,50.3639,0.9696],[-59.8417,50.3627,1.2498],[-59.8417,50.3614,5.8977],[-59.8492,50.3627,0.5497],[-59.8511,50.3606,0.0],[-59.8546,50.3619,1.0739],[-59.8633,50.3592,3.6224],[-59.8643,50.3612,1.9727],[-59.86,50.3622,0.0],[-59.8657,50.3628,0.7017],[-59.8712,50.3607,0.0],[-59.8725,50.3582,13.643],[-59.8752,50.3594,3.1422],[-59.8817,50.3578,3.4756],[-59.8756,50.3606,0.0],[-59.8806,50.3614,2.0267],[-59.8798,50.364,0.2774],[-59.8842,50.3671,0.0],[-59.8905,50.3646,1.4619],[-59.8891,50.3695,1.6889],[-59.8938,50.3709,0.0],[-59.8989,50.3692,1.9297],[-59.9011,50.3711,8.3123],[-59.8956,50.375,2.1651],[-59.8941,50.3743,2.1651],[-59.895,50.3725,5.45],[-59.8883,50.3717,0.3752],[-59.8809,50.3732,0.0],[-59.8801,50.3749,0.0],[-59.8743,50.3752,1.258],[-59.8657,50.3799,4.6624],[-59.8568,50.3808,1.7424],[-59.8582,50.3832,0.0],[-59.8526,50.3864,6.8039],[-59.8537,50.389,1.4675],[-59.8575,50.3894,2.3647],[-59.865,50.3872,0.291],[-59.8724,50.3884,4.9605],[-59.8521,50.3959,6.7061],[-59.8484,50.3999,0.0],[-59.8402,50.4011,21.4258],[-59.8336,50.4072,17.9364],[-59.8307,50.406,4.4514],[-59.8278,50.4075,0.0],[-59.8224,50.4139,1.8203],[-59.8214,50.4172,4.3866],[-59.8232,50.4215,0.0],[-59.8194,50.4273,0.0],[-59.8222,50.4292,2.3453],[-59.8186,50.4295,2.7024],[-59.8161,50.4324,6.5266],[-59.8115,50.43,0.0],[-59.8042,50.4332,2.8302],[-59.7969,50.4398,0.0],[-59.8002,50.4418,0.0],[-59.7907,50.4467,0.0],[-59.7952,50.4493,26.2761],[-59.7933,50.4513,13.5799],[-59.7846,50.4548,3.8356],[-59.7832,50.454,3.8356],[-59.7864,50.4467,0.0],[-59.7853,50.445,2.8236],[-59.7893,50.4429,7.4292],[-59.7899,50.4401,10.6422],[-59.8036,50.432,4.4757],[-59.8063,50.4278,0.0],[-59.8005,50.4289,27.7312],[-59.7957,50.4258,1.4949],[-59.7897,50.4297,4.1766],[-59.7868,50.4283,2.4414],[-59.7888,50.4242,0.0],[-59.7861,50.4236,0.0],[-59.7843,50.425,0.0],[-59.785,50.4306,15.0944],[-59.7833,50.4306,6.0852],[-59.781,50.4255,3.8594],[-59.7787,50.4248,1.0308],[-59.7703,50.4262,3.6789],[-59.7681,50.4275,0.0],[-59.7696,50.4282,2.3361],[-59.7675,50.4312,4.1897],[-59.7578,50.4333,2.1456],[-59.7519,50.4298,2.341],[-59.7517,50.4282,0.0],[-59.7477,50.4315,6.142],[-59.7399,50.4326,1.6186],[-59.7323,50.439,1.0034],[-59.7377,50.4435,13.2652],[-59.735,50.4458,0.0],[-59.7374,50.4476,11.916],[-59.7361,50.4511,18.8694],[-59.7336,50.4493,2.0304],[-59.7284,50.4497,7.2175],[-59.726,50.448,0.6365],[-59.7242,50.4481,1.3087],[-59.7259,50.4512,16.2326],[-59.7241,50.4511,7.8602],[-59.7228,50.4479,7.9369],[-59.7124,50.4435,0.0],[-59.7062,50.4462,0.0],[-59.7068,50.4476,1.6886],[-59.7138,50.4492,1.8368],[-59.7111,50.4519,2.3801],[-59.7075,50.4505,0.0442],[-59.706,50.4528,0.0],[-59.7023,50.454,11.6078],[-59.6959,50.4515,0.0],[-59.693,50.4522,21.8944],[-59.6878,50.4489,2.3992],[-59.6828,50.4533,0.0],[-59.6833,50.4547,0.0],[-59.6805,50.4571,13.709],[-59.68,50.4597,7.1731],[-59.6766,50.4588,6.5922],[-59.6783,50.4564,0.0],[-59.6767,50.4558,4.8201],[-59.6742,50.4581,1.6199],[-59.6526,50.4608,0.0],[-59.654,50.462,5.9065],[-59.6628,50.4619,5.7858],[-59.6639,50.4647,3.4615],[-59.6617,50.4667,2.0314],[-59.66,50.4664,9.6993],[-59.6626,50.4646,5.9813],[-59.6612,50.4627,2.457],[-59.6505,50.4628,5.6233],[-59.65,50.4617,6.1804],[-59.6543,50.4595,1.0439],[-59.6528,50.4578,0.7118],[-59.6484,50.4605,4.0671],[-59.6301,50.4621,3.1423],[-59.6215,50.4645,0.8348],[-59.6073,50.4708,1.7226],[-59.6055,50.4747,0.0],[-59.5998,50.4799,0.8784],[-59.6007,50.4823,2.1837],[-59.5967,50.485,1.1734],[-59.6006,50.487,7.9257],[-59.5994,50.4889,12.9346],[-59.5936,50.4884,1.5],[-59.5896,50.4858,7.5516],[-59.5925,50.4839,2.9566],[-59.5947,50.4844,6.5706],[-59.5935,50.4794,0.0],[-59.5971,50.4768,4.8809],[-59.5973,50.4751,9.1428],[-59.5998,50.4756,0.0],[-59.5995,50.4732,5.2626],[-59.6036,50.4714,0.8093],[-59.6054,50.4661,0.645],[-59.5904,50.472,0.0],[-59.5846,50.4725,2.3465],[-59.58,50.475,0.0],[-59.5815,50.4765,6.0823],[-59.579,50.4792,1.8209],[-59.5805,50.4823,0.0],[-59.5786,50.4863,0.0],[-59.576,50.4886,1.8557],[-59.5694,50.4903,0.0],[-59.573,50.4928,11.7555],[-59.5689,50.4947,2.685],[-59.5689,50.4981,2.367],[-59.5725,50.4997,1.5338],[-59.5722,50.5019,3.2477],[-59.5651,50.5023,1.2199],[-59.5646,50.5045,3.1683],[-59.5683,50.5042,4.6746],[-59.57,50.5057,2.8806],[-59.5628,50.5092,15.7277],[-59.5611,50.5116,4.4713],[-59.5627,50.5168,10.7557],[-59.5597,50.522,0.0],[-59.5506,50.5239,11.7115],[-59.5361,50.5231,1.9901],[-59.5333,50.5218,7.599],[-59.5341,50.5175,4.3404],[-59.5323,50.5164,1.2804],[-59.5289,50.5175,5.3756],[-59.53,50.5208,0.0],[-59.5244,50.5247,0.0],[-59.5313,50.526,0.0],[-59.5299,50.528,1.5785],[-59.5325,50.5292,0.377],[-59.5249,50.5332,0.429],[-59.5222,50.5372,0.0],[-59.525,50.5389,0.0],[-59.525,50.5425,0.0],[-59.5272,50.5464,2.1398],[-59.5211,50.5517,0.0],[-59.5211,50.5536,0.0],[-59.5143,50.5577,3.5433],[-59.5033,50.5572,6.1926],[-59.4994,50.5607,5.2212],[-59.4979,50.5603,7.3879],[-59.5006,50.5558,0.2411],[-59.4972,50.5533,3.9259],[-59.4978,50.5514,0.4115],[-59.4922,50.55,0.1673],[-59.4994,50.55,3.1143],[-59.5027,50.5475,3.3922],[-59.5008,50.5433,5.8931],[-59.5036,50.5449,2.894],[-59.5057,50.544,0.0],[-59.4984,50.5389,16.9328],[-59.4848,50.5367,0.0],[-59.4761,50.5372,10.7618],[-59.4743,50.5362,4.7019],[-59.4792,50.5347,1.1326],[-59.4749,50.5333,0.0],[-59.4693,50.535,1.3988],[-59.4687,50.5363,2.413],[-59.4717,50.5381,1.0365],[-59.4703,50.5388,7.6096],[-59.4497,50.5417,0.8927],[-59.4455,50.5375,0.0],[-59.4422,50.5378,2.669],[-59.4383,50.5339,3.0207],[-59.4368,50.5342,3.0207],[-59.4368,50.5371,3.0699],[-59.4344,50.5367,0.6316],[-59.4332,50.5392,3.5008],[-59.446,50.5456,8.4821],[-59.4427,50.546,0.6033],[-59.443,50.5474,6.9552],[-59.4415,50.5477,6.9552],[-59.4304,50.5446,9.0947],[-59.4306,50.543,3.8472],[-59.429,50.5428,3.8472],[-59.4267,50.545,1.1615],[-59.4293,50.5475,5.194],[-59.4274,50.5509,1.6477],[-59.4217,50.5458,3.4685],[-59.4197,50.5493,0.8231],[-59.4245,50.5507,0.3133],[-59.4248,50.5539,0.4833],[-59.428,50.5559,0.8428],[-59.4356,50.5586,11.9492],[-59.4328,50.5586,5.6278],[-59.432,50.5616,3.3868],[-59.4462,50.5693,2.062],[-59.4533,50.5672,1.7794],[-59.4544,50.5704,8.1425],[-59.4606,50.5692,0.7312],[-59.4617,50.5664,2.5156],[-59.4722,50.5603,0.1469],[-59.4761,50.5622,0.7552],[-59.4753,50.5658,1.0503],[-59.4778,50.5661,1.0202],[-59.472,50.5722,1.4841],[-59.4763,50.5734,10.6905],[-59.476,50.575,8.5221],[-59.4681,50.5824,3.2454],[-59.4695,50.5835,3.2454],[-59.4674,50.5879,0.8698],[-59.4616,50.5925,4.0745],[-59.4625,50.5933,4.0745],[-59.4611,50.595,0.0],[-59.4632,50.5976,0.0],[-59.4608,50.6029,0.0],[-59.4537,50.6049,0.6425],[-59.4563,50.6067,4.6942],[-59.4586,50.6062,8.3982],[-59.4594,50.6078,3.8154],[-59.4585,50.6106,8.6682],[-59.4615,50.6144,0.0],[-59.4621,50.6184,2.3855],[-59.4605,50.6206,0.6253],[-59.4508,50.6234,0.2139],[-59.4399,50.6214,2.983],[-59.442,50.6165,2.1277],[-59.4501,50.6162,2.1732],[-59.4506,50.6128,3.8027],[-59.4439,50.6131,0.3737],[-59.4435,50.615,6.2516],[-59.4417,50.6153,0.0],[-59.4415,50.6126,0.0],[-59.4372,50.61,0.0],[-59.4339,50.6156,6.2986],[-59.4329,50.6227,12.2721],[-59.4251,50.6238,9.6196],[-59.4187,50.6217,0.0],[-59.4138,50.622,0.0],[-59.4131,50.6264,4.2825],[-59.4101,50.6257,0.0],[-59.4148,50.6281,1.0541],[-59.4117,50.6284,0.3493],[-59.4132,50.6346,4.892],[-59.4149,50.6352,4.892],[-59.4156,50.6381,0.0],[-59.4194,50.6394,4.7604],[-59.4224,50.6469,4.6758],[-59.4286,50.6515,2.8014],[-59.4303,50.6572,2.875],[-59.4278,50.6583,15.5365],[-59.4239,50.6553,0.0],[-59.3946,50.6499,0.4148],[-59.3847,50.6528,1.0899],[-59.3744,50.6517,0.0],[-59.3698,50.6531,0.127],[-59.37,50.6553,1.2151],[-59.3583,50.6586,1.6244],[-59.3544,50.6558,2.6528],[-59.3572,50.6542,0.77],[-59.3556,50.6506,1.1877],[-59.3524,50.6535,0.8619],[-59.3494,50.6519,0.6395],[-59.3506,50.6508,0.0645],[-59.3494,50.6489,0.8317],[-59.3444,50.6486,0.0],[-59.3419,50.6502,0.0],[-59.3481,50.651,1.2662],[-59.3415,50.6511,2.7158],[-59.3429,50.6551,7.4329],[-59.3333,50.6607,0.0],[-59.3334,50.6648,0.0],[-59.33,50.6675,9.0267],[-59.3326,50.6708,0.23],[-59.3296,50.6798,3.9437],[-59.3344,50.6826,2.1965],[-59.3268,50.6855,1.3204],[-59.3291,50.6877,4.6662],[-59.3244,50.6919,0.0],[-59.3261,50.6947,25.0702],[-59.325,50.6983,0.0],[-59.3222,50.6987,0.0],[-59.3198,50.7013,0.5318],[-59.3155,50.7016,0.092],[-59.311,50.697,0.0],[-59.3032,50.6979,2.4868],[-59.3026,50.6952,1.1969],[-59.2983,50.6939,0.1162],[-59.2945,50.6971,1.4786],[-59.2817,50.7,0.4813],[-59.2772,50.7063,0.2896],[-59.2711,50.7083,0.0],[-59.2582,50.709,13.3904],[-59.2544,50.7129,1.8619],[-59.2541,50.7145,6.1969],[-59.2587,50.7207,21.4695],[-59.2584,50.7279,13.4023],[-59.264,50.7289,0.8288],[-59.2592,50.7305,3.5613],[-59.2616,50.7358,3.468],[-59.2664,50.7386,23.3861],[-59.267,50.7437,0.0],[-59.2707,50.7491,31.8683],[-59.2711,50.7567,15.2643],[-59.2689,50.755,2.286],[-59.2633,50.7433,0.5504],[-59.2611,50.7472,0.5262],[-59.2656,50.7519,0.8665],[-59.2628,50.7544,0.0],[-59.2633,50.7567,0.0],[-59.2611,50.7578,4.0985],[-59.2589,50.7561,2.8403],[-59.2578,50.7511,1.0692],[-59.2478,50.7553,0.0],[-59.2452,50.7533,19.907],[-59.2522,50.7517,0.3537],[-59.2444,50.7483,0.4976],[-59.2396,50.7501,0.0],[-59.2406,50.7536,0.0],[-59.2373,50.7563,15.5424],[-59.2352,50.7575,2.7761],[-59.2318,50.7562,4.1696],[-59.233,50.7511,10.4655],[-59.2284,50.7483,12.3651],[-59.2326,50.747,6.673],[-59.2298,50.7433,10.1171],[-59.235,50.7417,6.4557],[-59.2333,50.7333,0.0],[-59.2306,50.7333,0.0],[-59.2293,50.7397,2.2564],[-59.2211,50.7384,0.6394],[-59.2208,50.7367,13.6107],[-59.2261,50.7347,0.0],[-59.2256,50.7331,0.0],[-59.2217,50.7331,2.9426],[-59.222,50.7306,2.5968],[-59.2262,50.7272,0.0],[-59.2238,50.7255,1.2365],[-59.2167,50.7308,3.6032],[-59.2156,50.73,1.8074],[-59.219,50.7259,0.7286],[-59.2122,50.7244,0.0],[-59.2117,50.7304,4.0305],[-59.2161,50.7328,2.2077],[-59.2106,50.7367,3.5616],[-59.2106,50.7389,12.6295],[-59.2061,50.7386,0.0],[-59.2014,50.7405,7.8077],[-59.2094,50.7311,6.3692],[-59.2111,50.7236,0.0],[-59.2083,50.7225,0.3064],[-59.2067,50.7233,0.3064],[-59.206,50.7269,0.0],[-59.1992,50.7279,2.2123],[-59.2033,50.7314,5.7277],[-59.2025,50.733,4.9721],[-59.1982,50.7334,0.0],[-59.1961,50.7294,0.0],[-59.1882,50.734,11.0305],[-59.187,50.7368,2.4609],[-59.1903,50.7368,2.7432],[-59.1879,50.7427,6.5428],[-59.1906,50.7442,10.2851],[-59.1893,50.746,3.5864],[-59.1906,50.7479,2.9278],[-59.1926,50.7464,11.5095],[-59.1944,50.7483,3.5245],[-59.1978,50.7479,6.0531],[-59.2011,50.7451,7.2707],[-59.2071,50.7462,0.9978],[-59.2083,50.7476,0.0],[-59.2036,50.75,1.2184],[-59.2081,50.7526,4.1725],[-59.2011,50.7517,0.0],[-59.1967,50.7531,0.205],[-59.2005,50.7542,1.5769],[-59.2047,50.7534,4.4376],[-59.2157,50.7581,15.9463],[-59.2059,50.7576,12.7843],[-59.2033,50.7558,2.2592],[-59.1983,50.7557,9.9952],[-59.1972,50.7572,8.9586],[-59.1933,50.7543,7.3849],[-59.1818,50.7546,3.5052],[-59.165,50.7628,2.8304],[-59.1561,50.7639,10.4062],[-59.1505,50.7667,0.0],[-59.141,50.7676,11.0959],[-59.1398,50.7686,2.0146],[-59.1431,50.7708,16.9437],[-59.1455,50.777,18.6749],[-59.133,50.78,0.0],[-59.1307,50.7822,9.5673],[-59.1372,50.7831,3.747],[-59.1331,50.793,6.5179],[-59.14,50.8038,11.6081],[-59.1314,50.8252,13.1791],[-59.1441,50.822,32.0353],[-59.1528,50.8169,25.0903],[-59.1571,50.8178,17.4103],[-59.1584,50.824,23.237],[-59.1642,50.827,48.2328],[-59.1651,50.833,23.6458],[-59.1734,50.8366,22.6774],[-59.1776,50.8404,22.4029],[-59.1819,50.8405,22.4127],[-59.1932,50.8364,38.0207],[-59.208,50.8383,48.7291],[-59.2192,50.8364,53.9304],[-59.2356,50.8285,50.4601],[-59.2479,50.8256,53.2682],[-59.2603,50.8202,55.761],[-59.27,50.8212,50.0279],[-59.2807,50.8297,44.1798],[-59.2879,50.8298,39.2245],[-59.2955,50.8271,75.0998],[-59.3084,50.8313,77.9429],[-59.3164,50.8302,88.4622],[-59.3211,50.8317,109.8125],[-59.3291,50.8382,84.671],[-59.3321,50.8358,48.5],[-59.3406,50.8367,118.5002]]]]}}