{"type": "Feature","bbox": [-126.5908,48.6661,-124.5396,49.6427],"geometry": {"type": "MultiPolygon","coordinates": [[[[-125.1553,48.7469,0.0],[-125.1536,48.75,2.1297],[-125.1561,48.7511,0.0],[-125.1572,48.7483,0.0],[-125.1553,48.7469,0.0]]],
[[[-125.1683,48.7728,0.0],[-125.1678,48.7764,0.0],[-125.1719,48.7747,0.0],[-125.17,48.7728,0.0],[-125.1683,48.7728,0.0]]],
[[[-125.1181,48.7933,0.0],[-125.1153,48.7911,20.2021],[-125.1168,48.7877,8.0116],[-125.1342,48.7733,1.8729],[-125.1327,48.7625,0.0],[-125.1268,48.7599,0.0],[-125.1282,48.7577,0.0],[-125.1325,48.7581,0.0],[-125.1331,48.7567,0.0],[-125.1303,48.755,8.423],[-125.1314,48.7533,0.0],[-125.1304,48.748,0.0],[-125.1256,48.7425,16.1863],[-125.1222,48.7411,3.5095],[-125.1222,48.7392,0.1431],[-125.1192,48.74,4.7518],[-125.1175,48.7383,70.8724],[-125.12,48.7378,0.0],[-125.1172,48.7364,35.5252],[-125.118,48.7304,0.0],[-125.1078,48.7269,0.0],[-125.1037,48.7224,0.0],[-125.0944,48.7203,0.0],[-125.09,48.7177,0.0],[-125.0874,48.7209,31.6563],[-125.0834,48.7206,26.04],[-125.0792,48.7234,0.9087],[-125.0703,48.7214,0.0],[-125.0644,48.7221,62.4985],[-125.0208,48.7138,82.7096],[-125.0105,48.7097,18.4278],[-125.0047,48.7053,0.0],[-124.9944,48.7058,22.4965],[-124.9726,48.7007,51.8997],[-124.9536,48.7,1.8355],[-124.9356,48.6918,0.0],[-124.9286,48.6911,24.3016],[-124.9197,48.6871,48.7547],[-124.9114,48.6807,1.6634],[-124.9077,48.6815,13.0889],[-124.9058,48.6794,0.0],[-124.902,48.681,14.2118],[-124.8922,48.677,0.9991],[-124.8833,48.6753,0.0],[-124.8798,48.6767,2.3456],[-124.8739,48.6739,0.0],[-124.8711,48.6761,10.8515],[-124.8664,48.6714,0.0],[-124.86279999999999,48.67,0.6551],[-124.8578,48.6689,1.0843],[-124.8572,48.6703,1.0843],[-124.8548,48.6683,0.0],[-124.8503,48.6706,34.9128],[-124.8486,48.6689,28.572],[-124.85,48.6667,0.0],[-124.8434,48.6661,9.9456],[-124.848,48.6684,37.9317],[-124.851,48.6827,46.242],[-124.8456,48.6862,15.6265],[-124.8203,48.6841,0.0],[-124.8125,48.6857,0.0],[-124.8024,48.6927,0.0],[-124.7942,48.6949,29.4433],[-124.7896,48.6998,12.4362],[-124.7845,48.7014,43.888],[-124.7847,48.7071,0.0],[-124.7744,48.726,0.0],[-124.7664,48.7319,0.0],[-124.7565,48.7341,0.0],[-124.7533,48.7326,0.0],[-124.7485,48.7331,0.0],[-124.7455,48.737,0.0],[-124.7374,48.7406,0.0],[-124.7322,48.7498,0.0],[-124.734,48.7594,0.0],[-124.709,48.7833,0.0],[-124.6846,48.7958,0.0],[-124.6793,48.8098,0.0],[-124.67,48.8114,0.0],[-124.6659,48.8142,0.0],[-124.6705,48.8166,0.0],[-124.6707,48.8207,3.5655],[-124.6816,48.8242,17.153],[-124.6803,48.8281,54.5928],[-124.6704,48.8314,4.1465],[-124.6767,48.8348,93.7059],[-124.6717,48.8387,16.7505],[-124.6589,48.8389,27.855],[-124.6545,48.842,23.8411],[-124.652,48.8473,20.3245],[-124.6574,48.8549,33.1956],[-124.6568,48.8572,21.9867],[-124.6545,48.8582,18.208],[-124.653,48.8646,46.2861],[-124.6492,48.8665,36.864],[-124.6437,48.8664,20.2729],[-124.6398,48.8632,21.44],[-124.6363,48.864,23.9167],[-124.6249,48.8731,37.1374],[-124.6088,48.879,34.7614],[-124.6006,48.8807,59.931399999999996],[-124.595,48.8781,36.8054],[-124.5898,48.8798,30.5532],[-124.5869,48.8851,37.9447],[-124.5824,48.8856,77.8212],[-124.5805,48.8899,36.7954],[-124.5726,48.8905,34.1684],[-124.5673,48.8993,57.0871],[-124.5607,48.8973,115.5172],[-124.5565,48.8979,133.9249],[-124.5505,48.903,71.7531],[-124.5465,48.9165,108.0523],[-124.5505,48.9231,114.1351],[-124.5466,48.9302,100.026],[-124.5396,48.9344,98.1455],[-124.638,49.0144,662.7335],[-124.6332,49.014,590.3958],[-124.6256,49.0161,684.9701],[-124.6256,49.0142,584.3602],[-124.6191,49.0151,699.791],[-124.6186,49.0124,567.2035],[-124.6159,49.0103,437.2602],[-124.6066,49.0102,512.4448],[-124.6054,49.011,693.2703],[-124.6072,49.0141,824.0352],[-124.6016,49.0146,633.9185],[-124.6015,49.0174,579.9244],[-124.605,49.0176,675.6661],[-124.6048,49.02,633.7939],[-124.6024,49.02,527.2159],[-124.6032,49.0258,351.9786],[-124.6059,49.0262,518.5515],[-124.6056,49.035,309.1376],[-124.6109,49.0352,671.4249],[-124.6112,49.0377,608.4786],[-124.6137,49.0375,677.1033],[-124.6154,49.0482,487.8988],[-124.6242,49.049,691.4832],[-124.6245,49.0517,602.8484],[-124.6302,49.0516,713.4767],[-124.6298,49.0596,722.4402],[-124.628,49.0598,678.0312],[-124.6277,49.0615,636.7852],[-124.6298,49.0615,679.9141],[-124.633,49.0701,585.5324],[-124.6387,49.072,629.0676],[-124.6385,49.0757,456.2107],[-124.6356,49.0755,452.7393],[-124.6352,49.0863,972.1754],[-124.6296,49.0862,985.0099],[-124.6289,49.0973,929.5842],[-124.6201,49.0997,1016.3497],[-124.6161,49.1042,1138.8171],[-124.6072,49.1035,1076.0703],[-124.6085,49.0908,941.9044],[-124.611,49.0904,814.6396],[-124.6116,49.0814,976.4442],[-124.6063,49.0811,1161.1147],[-124.6057,49.0795,1082.5972],[-124.6032,49.0792,1163.5391],[-124.6027,49.0757,1013.6287],[-124.5972,49.0757,1176.3217],[-124.5969,49.0792,1270.5405],[-124.5998,49.087,1321.6952],[-124.5951,49.0982,1428.9562],[-124.599,49.1041,1434.0074],[-124.599,49.1064,1468.9545],[-124.5976,49.1064,1468.9545],[-124.5986,49.109,1277.9724],[-124.5887,49.1153,661.7953],[-124.5843,49.1127,897.6532],[-124.5905,49.1074,1045.3907],[-124.5886,49.106,1085.8513],[-124.5822,49.1038,1124.4897],[-124.5774,49.1078,1223.2079],[-124.5801,49.1143,1166.1021],[-124.5774,49.1241,952.8237],[-124.5785,49.1315,956.4493],[-124.5809,49.1319,927.0576],[-124.5825,49.1401,1048.7305],[-124.5899,49.1419,937.6551],[-124.5898,49.147,1210.0326],[-124.5954,49.1481,917.3061],[-124.5954,49.1522,964.0834],[-124.59,49.1522,1057.0876],[-124.5903,49.1597,1083.8213],[-124.6132,49.16,912.8835],[-124.6133,49.1582,831.844],[-124.6291,49.1583,504.2411],[-124.6294,49.1623,740.6623],[-124.6348,49.1626,566.5779],[-124.6348,49.1657,771.4388],[-124.6403,49.166,695.9238],[-124.6405,49.172,1023.8527],[-124.6467,49.1722,1029.0219],[-124.6468,49.1739,1135.4852],[-124.6563,49.1739,1047.9745],[-124.6536,49.1792,1159.7417],[-124.6652,49.1811,1074.6865],[-124.6699,49.1732,834.647],[-124.6725,49.1729,833.3486],[-124.6724,49.1717,733.9941],[-124.6881,49.1716,414.4501],[-124.6884,49.1749,581.1953],[-124.6986,49.1751,408.666],[-124.6976,49.1761,515.8065],[-124.6991,49.1789,611.8956],[-124.6944,49.1809,833.192],[-124.6979,49.1884,905.3521],[-124.6971,49.1914,922.8094],[-124.6894,49.1974,1009.181],[-124.683,49.2002,978.6271],[-124.6801,49.2057,899.2988],[-124.6882,49.2012,941.8154],[-124.6927,49.2056,875.3245],[-124.6817,49.2159,857.0479],[-124.6772,49.2154,844.253],[-124.6746,49.2206,684.9044],[-124.6797,49.2209,758.9714],[-124.6795,49.2277,500.7641],[-124.674,49.2275,484.4926],[-124.6741,49.2242,572.3935],[-124.663,49.224,442.1759],[-124.663,49.2274,550.8849],[-124.6682,49.2276,472.3275],[-124.6684,49.2314,556.3978],[-124.6739,49.2313,364.1652],[-124.6744,49.2472,407.1279],[-124.6771,49.2498,439.3161],[-124.6772,49.2576,449.0346],[-124.6879,49.2576,495.1235],[-124.6878,49.2678,548.2588],[-124.6931,49.268,560.324],[-124.6931,49.2749,543.0577],[-124.6985,49.2751,498.3945],[-124.6984,49.2823,564.5046],[-124.7054,49.2823,498.0387],[-124.7056,49.279,486.6517],[-124.7148,49.2789,532.5909],[-124.7151,49.2753,422.1912],[-124.7476,49.2756,230.0385],[-124.7473,49.2899,401.4098],[-124.7534,49.2899,298.5714],[-124.7532,49.3012,377.9744],[-124.7591,49.3012,371.1676],[-124.7592,49.2943,254.3234],[-124.765,49.2941,234.2222],[-124.7652,49.2907,219.0881],[-124.7708,49.2907,134.2555],[-124.7715,49.2985,251.5754],[-124.774,49.2988,314.4318],[-124.774,49.3166,289.3981],[-124.7837,49.3167,544.2607],[-124.7839,49.3257,297.9511],[-124.7946,49.3257,541.2053],[-124.7948,49.3224,585.2361],[-124.8006,49.3224,650.2705],[-124.8017,49.3274,601.2216],[-124.8094,49.3282,650.3782],[-124.8101,49.3305,673.1932],[-124.815,49.3305,746.6165],[-124.8159,49.3342,801.9813],[-124.8215,49.3349,824.2486],[-124.8221,49.3399,929.1136],[-124.826,49.3409,981.5545],[-124.8278,49.3451,1003.7968],[-124.8349,49.3471,1035.1901],[-124.8376,49.3505,1049.8218],[-124.8636,49.3596,1270.5964],[-124.8694,49.368,1135.2241],[-124.8694,49.3739,1269.4153],[-124.8727,49.3781,1332.6986],[-124.8999,49.3798,1102.0583],[-124.9005,49.3874,1257.189],[-124.9038,49.3896,1136.83],[-124.9096,49.3893,1096.1028],[-124.9232,49.3947,912.2267],[-124.9241,49.3993,1165.7789],[-124.9294,49.4015,933.5037],[-124.9276,49.4045,1194.5929],[-124.9295,49.4099,1295.7457],[-124.9411,49.4163,1044.7476],[-124.942,49.42,868.0789],[-124.9473,49.4209,829.7773],[-124.9533,49.4274,1231.2362],[-124.9658,49.427,715.9678],[-124.9679,49.4287,766.0866],[-124.9681,49.4336,969.6191],[-124.9708,49.4338,961.186],[-124.9709,49.4428,1168.9841],[-124.9752,49.4428,1104.7202],[-124.9752,49.4459,1196.1377],[-124.982,49.4459,1011.5703],[-124.9823,49.4534,1254.3735],[-124.9867,49.4534,1162.9698],[-124.9869,49.4521,1162.9698],[-125.0004,49.4534,894.4998],[-124.995,49.4555,1021.8092],[-124.995,49.4573,1071.5632],[-125.0097,49.4592,1089.3615],[-125.0102,49.4631,1257.8984],[-125.0155,49.4647,1118.6335],[-125.0156,49.4668,1092.556],[-125.013,49.4672,1162.9496],[-125.0131,49.4705,1167.4479],[-125.0159,49.4705,1176.0898],[-125.0159,49.4723,1299.7007],[-125.0215,49.4723,1123.0112],[-125.0218,49.4761,1252.0334],[-125.0241,49.4761,1162.4635],[-125.0244,49.4811,1040.1049],[-125.0196,49.4813,1081.9155],[-125.0197,49.4863,1131.3672],[-125.0219,49.4865,979.9351],[-125.0222,49.492,1274.4709],[-125.0255,49.4921,1197.0771],[-125.0254,49.4936,1197.0771],[-125.0365,49.4935,1070.8976],[-125.0367,49.4902,1031.5186],[-125.0347,49.49,949.6385],[-125.0346,49.4865,965.6399],[-125.0366,49.4864,1031.2375],[-125.0368,49.4848,947.7263],[-125.0422,49.4847,1176.838],[-125.0425,49.4832,1046.0559],[-125.0453,49.483,1137.4978],[-125.0455,49.4812,1103.6641],[-125.0523,49.4809,1127.212],[-125.0524,49.4769,935.4772],[-125.0687,49.4769,517.3558],[-125.0686,49.4783,580.5206],[-125.0717,49.4784,540.1165],[-125.0715,49.4803,581.4288],[-125.0742,49.4805,589.8627],[-125.0742,49.4835,651.8737],[-125.0774,49.4839,626.0293],[-125.0776,49.4873,725.2712],[-125.0824,49.4874,648.2631],[-125.0825,49.4909,740.3062],[-125.0928,49.4928,590.875],[-125.0925,49.5017,799.4822],[-125.1019,49.5018,543.226],[-125.102,49.5035,600.7716],[-125.1069,49.5035,569.9526],[-125.1083,49.5144,1005.2473],[-125.126,49.5145,434.9923],[-125.126,49.5179,576.4786],[-125.1307,49.518,359.3685],[-125.1308,49.5216,497.0213],[-125.1364,49.5216,330.5764],[-125.1363,49.5251,418.6981],[-125.1405,49.5254,326.2401],[-125.1405,49.5289,526.8994],[-125.1491,49.5288,176.2141],[-125.1491,49.5216,373.0869],[-125.1409,49.5207,252.9606],[-125.141,49.5109,513.3317],[-125.1283,49.5107,400.1853],[-125.1285,49.5091,410.8031],[-125.1338,49.5089,410.1091],[-125.1338,49.5018,477.095],[-125.1407,49.5017,531.9061],[-125.1406,49.5032,576.4119],[-125.1612,49.506,511.2876],[-125.1613,49.5077,602.4375],[-125.1727,49.5079,331.848],[-125.173,49.4987,620.2228],[-125.1706,49.4987,601.785],[-125.1704,49.4957,661.6865],[-125.1661,49.4956,576.2992],[-125.1662,49.4902,703.6902],[-125.1684,49.4891,688.0142],[-125.1762,49.4906,701.2239],[-125.187,49.489,828.3638],[-125.1981,49.4934,824.5626],[-125.2198,49.4896,1030.7872],[-125.2338,49.4902,814.2656],[-125.4265,49.6427,1719.7012],[-125.4277,49.6338,1792.186],[-125.4246,49.6272,1865.2561],[-125.4053,49.6078,1530.6525],[-125.3962,49.595,1648.5747],[-125.392,49.5767,1682.9821],[-125.3799,49.5486,1374.2114],[-125.3819,49.5413,1767.0627],[-125.3879,49.5428,1565.4131],[-125.3904,49.5464,1501.8612],[-125.3955,49.5477,1704.7992],[-125.4039,49.5453,1712.9189],[-125.4121,49.5461,1579.7258],[-125.4303,49.5562,1600.0715],[-125.4345,49.5542,1476.9272],[-125.4422,49.5418,1745.6431],[-125.4424,49.5387,1582.5681],[-125.4464,49.5354,1652.5326],[-125.4548,49.5317,1425.9878],[-125.4691,49.5286,1405.1263],[-125.4833,49.5165,1625.8555],[-125.4837,49.5101,1425.9868],[-125.4902,49.5079,1551.5398],[-125.4929,49.5046,1576.5585],[-125.4936,49.5006,1578.842],[-125.4911,49.4955,1481.6318],[-125.495,49.4843,1380.6917],[-125.5,49.4784,1840.7795],[-125.5163,49.4808,1771.2296],[-125.5513,49.4891,1458.184],[-125.5533,49.4909,1467.9204],[-125.5512,49.4974,1472.6049],[-125.5531,49.4989,1472.0229],[-125.5847,49.4966,1032.4622],[-125.6191,49.4997,1456.1648],[-125.6331,49.4984,1310.5892],[-125.6345,49.5001,1280.9663],[-125.6351,49.5117,938.398],[-125.6437,49.5192,809.8948],[-125.6572,49.5123,896.4212],[-125.6831,49.5114,1066.5431],[-125.6877,49.5147,1129.4144],[-125.6937,49.5148,976.0992],[-125.7016,49.5115,1192.1743],[-125.7169,49.5209,1347.7721],[-125.7369,49.5237,1563.0651],[-125.7419,49.5228,1429.6378],[-125.757,49.514,1414.4635],[-125.7619,49.5135,1385.7938],[-125.7671,49.5161,1436.9657],[-125.7702,49.5198,1383.3154],[-125.7694,49.5226,1413.3588],[-125.7709,49.5269,1419.819],[-125.7856,49.5402,1411.5461],[-125.7904,49.5412,1381.1249],[-125.8085,49.5397,1159.0566],[-125.8374,49.5446,1304.848],[-125.8855,49.5451,963.8743],[-125.8898,49.5474,1277.6434],[-125.8945,49.5549,1537.4358],[-125.8991,49.5581,1314.595],[-125.9447,49.5695,1112.3252],[-125.9508,49.5743,1055.4425],[-125.9556,49.5817,624.1393],[-125.9595,49.5836,685.4467],[-125.9663,49.5825,686.953],[-125.9687,49.5851,780.5614],[-125.9712,49.5854,814.5484],[-125.9781,49.5807,726.003],[-125.9886,49.578,795.6389],[-125.9963,49.5831,1198.4242],[-126.0004,49.5812,1242.802],[-126.0008,49.5731,1233.6051],[-126.0039,49.5716,1213.5461],[-126.0133,49.5708,1361.7976],[-126.0173,49.5744,1285.1569],[-126.0294,49.577,1290.7954],[-126.0328,49.5719,1161.7825],[-126.0396,49.5686,1296.3065],[-126.0453,49.5684,1328.1788],[-126.0473,49.5658,1216.6338],[-126.0482,49.5596,1014.1193],[-126.066,49.5519,1279.7095],[-126.0842,49.5578,1341.6165],[-126.0962,49.5698,813.3752],[-126.1016,49.5722,735.8536],[-126.1078,49.5702,560.9204],[-126.1138,49.5711,658.7465],[-126.118,49.5664,474.5862],[-126.1245,49.5661,467.5553],[-126.1335,49.5699,691.5106],[-126.142,49.5708,661.8406],[-126.1478,49.5731,685.6277],[-126.1469,49.5779,821.9625],[-126.1487,49.5794,822.6127],[-126.1592,49.573,817.8612],[-126.1657,49.5728,1007.6005],[-126.1811,49.5687,882.4029],[-126.1765,49.5648,740.7392],[-126.1767,49.5558,643.7203],[-126.1821,49.551,1002.0267],[-126.1847,49.5506,1020.7252],[-126.1891,49.5554,979.6786],[-126.194,49.5565,991.0548],[-126.2029,49.5556,781.4257],[-126.2092,49.5521,590.8175],[-126.2131,49.5529,568.7176],[-126.2177,49.5549,548.4522],[-126.2236,49.5606,862.4305],[-126.2371,49.5558,794.397],[-126.2462,49.5546,549.8097],[-126.2515,49.5559,445.9071],[-126.2575,49.562,507.5428],[-126.2576,49.5694,610.259],[-126.2595,49.5726,746.8334],[-126.2628,49.5745,795.9983],[-126.267,49.5738,812.2698],[-126.2728,49.57,1029.4563],[-126.2788,49.5729,973.8287],[-126.2837,49.5726,1044.8824],[-126.2865,49.5751,1088.8156],[-126.2855,49.5771,984.0827],[-126.2864,49.5795,937.0493],[-126.3033,49.5903,714.8139],[-126.3114,49.5931,858.5868],[-126.321,49.6052,838.0754],[-126.3337,49.6071,743.9869],[-126.3375,49.6069,858.8589],[-126.3379,49.5991,863.8231],[-126.3394,49.5984,899.3743],[-126.3495,49.5998,900.3116],[-126.3576,49.5963,1010.1584],[-126.355,49.591,953.1774],[-126.3574,49.5792,733.7372],[-126.3682,49.5772,764.3495],[-126.366,49.5717,962.4149],[-126.3668,49.5704,921.1077],[-126.3744,49.5722,829.4048],[-126.38,49.5704,749.3508],[-126.3833,49.5633,809.1262],[-126.3863,49.5618,901.7064],[-126.4018,49.5627,859.711],[-126.4072,49.5712,944.8623],[-126.4234,49.5759,603.3859],[-126.4303,49.5761,461.7227],[-126.4377,49.5792,820.5578],[-126.4463,49.5774,829.2181],[-126.4618,49.5783,983.7816],[-126.4775,49.5715,836.8557],[-126.4893,49.5599,789.0404],[-126.5057,49.5483,595.0046],[-126.51,49.5416,223.7963],[-126.5608,49.5411,0.6853],[-126.5612,49.5372,2.9141],[-126.5652,49.5343,13.0415],[-126.5727,49.5347,0.9884],[-126.5636,49.5272,9.4674],[-126.5675,49.5278,0.0],[-126.5694,49.5258,0.2919],[-126.5626,49.5229,0.0],[-126.5608,49.5239,0.0],[-126.5608,49.5258,16.4932],[-126.5564,49.525,0.0],[-126.5544,49.5208,4.2232],[-126.5516,49.5208,44.994],[-126.5536,49.5178,1.416],[-126.5491,49.515,25.4416],[-126.5508,49.5117,18.8696],[-126.5575,49.5097,7.9853],[-126.5575,49.5025,11.0802],[-126.5625,49.4986,0.3845],[-126.5611,49.4953,0.2256],[-126.5636,49.4906,0.513],[-126.5629,49.4835,3.4152],[-126.5678,49.4844,0.2133],[-126.5692,49.4825,0.0],[-126.5719,49.4733,0.9744],[-126.5708,49.4706,0.0],[-126.5667,49.4678,0.7238],[-126.5735,49.4696,0.0502],[-126.5783,49.4644,0.0],[-126.573,49.4614,0.0],[-126.5707,49.4562,0.8978],[-126.5605,49.4519,0.0],[-126.5516,49.4514,23.5937],[-126.5521,49.4499,1.1063],[-126.5484,49.448,0.0],[-126.5517,49.4439,2.1566],[-126.5542,49.4442,1.4988],[-126.555,49.4461,0.0],[-126.5572,49.4447,0.3245],[-126.5597,49.4462,0.0],[-126.5642,49.4447,0.0],[-126.5614,49.4404,0.0],[-126.5667,49.4392,0.0],[-126.5706,49.4342,0.2321],[-126.5692,49.4318,0.0],[-126.5667,49.4311,0.0],[-126.5678,49.4275,0.0],[-126.5664,49.4261,0.5021],[-126.5697,49.4261,0.2831],[-126.5721,49.4283,0.0],[-126.5744,49.4272,0.0],[-126.5742,49.4258,0.0723],[-126.5811,49.4278,0.063],[-126.5836,49.4178,0.0],[-126.5803,49.4128,0.0],[-126.5744,49.4136,0.0843],[-126.5772,49.4103,0.0],[-126.5736,49.4067,0.045],[-126.5694,49.4088,22.8777],[-126.5655,49.4075,7.9986],[-126.5692,49.4036,0.0],[-126.5553,49.3994,0.7518],[-126.5536,49.3942,0.4707],[-126.5475,49.3931,0.5075],[-126.5444,49.3892,0.4252],[-126.5494,49.3856,0.0],[-126.5494,49.3817,0.0],[-126.5461,49.3781,0.0],[-126.5389,49.3753,0.0],[-126.5375,49.3775,1.9379],[-126.5333,49.3758,0.8397],[-126.5192,49.3761,0.0],[-126.5128,49.3781,0.6917],[-126.5094,49.3761,0.0],[-126.5072,49.3786,0.2597],[-126.5033,49.3778,0.0],[-126.4989,49.3794,1.0389],[-126.4919,49.3767,0.0],[-126.4839,49.3794,10.8829],[-126.4831,49.3786,1.3574],[-126.4853,49.3764,0.229],[-126.4828,49.3747,0.0],[-126.4716,49.3743,0.0],[-126.4733,49.3761,0.8106],[-126.4741,49.3819,1.493],[-126.4658,49.3842,0.0],[-126.4608,49.3903,0.0],[-126.463,49.3946,0.0869],[-126.4669,49.3961,0.3553],[-126.4617,49.3995,0.0745],[-126.4599,49.4068,0.6651],[-126.4702,49.4115,9.9755],[-126.4711,49.4156,3.2423],[-126.4655,49.4161,0.0],[-126.4652,49.4175,0.0],[-126.4797,49.4164,10.6949],[-126.4874,49.4206,0.0],[-126.4893,49.4247,0.0],[-126.488,49.4303,0.0],[-126.483,49.4364,0.0],[-126.4749,49.4426,0.0],[-126.4745,49.4447,3.9506],[-126.4672,49.4427,0.1444],[-126.4645,49.4446,3.416],[-126.4611,49.4439,0.0],[-126.4622,49.4462,15.9578],[-126.4603,49.4476,0.3325],[-126.4605,49.4498,0.0],[-126.4527,49.4561,0.0],[-126.455,49.4594,2.2184],[-126.4522,49.4603,0.0],[-126.451,49.4648,0.0],[-126.4467,49.4678,0.0],[-126.4467,49.4696,3.7263],[-126.435,49.4747,11.1197],[-126.4252,49.4767,10.128],[-126.411,49.4717,0.0],[-126.4072,49.4744,25.4814],[-126.4031,49.4728,7.6328],[-126.4052,49.4698,36.6776],[-126.4066,49.4716,3.3605],[-126.4158,49.4642,11.7305],[-126.4136,49.4609,17.116],[-126.4163,49.4567,10.0084],[-126.4239,49.4559,11.3481],[-126.4291,49.4519,4.264],[-126.4322,49.4472,20.5139],[-126.4319,49.4458,7.3394],[-126.4195,49.4423,19.2177],[-126.4169,49.4354,0.0],[-126.4027,49.4272,35.285],[-126.4039,49.4233,16.1541],[-126.4025,49.4217,6.4047],[-126.403,49.4172,19.6285],[-126.4075,49.4153,3.525],[-126.4069,49.4125,5.1453],[-126.4019,49.4106,31.3631],[-126.3948,49.411,12.5706],[-126.3819,49.4064,2.1977],[-126.3733,49.4075,42.5749],[-126.365,49.4061,15.0593],[-126.3583,49.4025,5.417],[-126.3502,49.4011,20.2881],[-126.3505,49.3986,17.2543],[-126.348,49.3956,2.353],[-126.3458,49.395,0.0],[-126.3416,49.3894,0.8116],[-126.3378,49.3886,2.7745],[-126.3355,49.3818,1.4166],[-126.3324,49.3789,4.0812],[-126.3258,49.3764,11.548],[-126.3233,49.3728,0.1782],[-126.3189,49.3708,0.0],[-126.3119,49.3708,0.0],[-126.3094,49.3692,1.0538],[-126.3066,49.37,1.961],[-126.3072,49.3672,1.9598],[-126.3033,49.3658,0.0],[-126.3039,49.3644,0.0],[-126.3,49.3608,1.2496],[-126.295,49.3614,1.6329],[-126.2911,49.3583,0.0],[-126.288,49.3594,18.0354],[-126.29,49.3575,0.0],[-126.2869,49.3553,0.8841],[-126.2886,49.3528,1.9178],[-126.2858,49.3503,0.0],[-126.2822,49.3517,0.2642],[-126.2719,49.3483,0.0],[-126.2664,49.3494,4.2883],[-126.2672,49.355,2.1496],[-126.2705,49.3591,15.8263],[-126.2695,49.365,4.3698],[-126.2736,49.3739,0.0],[-126.2726,49.3776,18.8274],[-126.2674,49.3788,18.3308],[-126.2656,49.3749,39.9176],[-126.2674,49.3727,0.0],[-126.267,49.3676,0.0],[-126.2647,49.3667,0.0],[-126.2631,49.3683,3.364],[-126.2626,49.3673,3.364],[-126.2666,49.3592,0.0],[-126.2602,49.3536,0.0],[-126.2619,49.3478,2.9533],[-126.2606,49.3467,0.0],[-126.2572,49.3475,0.0],[-126.2539,49.3542,7.0934],[-126.2558,49.3567,3.6261],[-126.2522,49.3575,0.351],[-126.2533,49.3597,1.9894],[-126.2519,49.3611,2.8611],[-126.2558,49.3628,0.0],[-126.2578,49.3678,0.0],[-126.2569,49.3706,0.0],[-126.2597,49.3736,0.0],[-126.2589,49.3756,11.7586],[-126.2611,49.3821,16.5395],[-126.2578,49.3842,0.0],[-126.2608,49.3879,1.6611],[-126.2581,49.3897,15.7493],[-126.2622,49.3931,47.6683],[-126.2598,49.3952,0.0],[-126.2615,49.3984,9.9638],[-126.2596,49.4043,11.6246],[-126.2537,49.4056,0.0],[-126.2548,49.4068,28.9525],[-126.2528,49.4086,6.631],[-126.2539,49.4139,21.053],[-126.2519,49.4153,5.2084],[-126.2526,49.4198,26.234],[-126.2508,49.4222,9.6941],[-126.2514,49.4253,0.0],[-126.2565,49.4323,0.0],[-126.2621,49.4374,26.8626],[-126.2675,49.4453,4.013],[-126.27,49.4453,43.8663],[-126.2758,49.4419,70.6669],[-126.2816,49.4416,32.566],[-126.2882,49.4388,0.0],[-126.291,49.4357,5.4343],[-126.2906,49.4311,80.5359],[-126.292,49.4287,53.6734],[-126.2948,49.427,47.8889],[-126.2976,49.4284,22.649],[-126.3005,49.4275,16.0639],[-126.3025,49.4219,89.8731],[-126.3125,49.4203,32.9198],[-126.311,49.4239,17.3472],[-126.3039,49.4278,25.3277],[-126.3034,49.4347,74.8692],[-126.2964,49.4458,3.5774],[-126.2913,49.4482,0.0],[-126.2909,49.4515,7.6283],[-126.2839,49.4514,28.2115],[-126.2839,49.4498,48.9758],[-126.2873,49.4495,0.0],[-126.284,49.4474,64.694],[-126.2843,49.4458,54.418],[-126.282,49.4452,0.0],[-126.2794,49.4469,9.1561],[-126.2803,49.4514,0.0],[-126.2775,49.4542,27.1484],[-126.2775,49.4611,0.0],[-126.2806,49.4647,0.0],[-126.2822,49.4703,7.2388],[-126.2817,49.4747,0.0],[-126.2847,49.4778,0.0],[-126.2872,49.4861,22.2852],[-126.295,49.4964,23.9329],[-126.2964,49.5067,9.4121],[-126.2983,49.5103,17.5794],[-126.2961,49.5119,0.0],[-126.29,49.5103,73.4742],[-126.2899,49.5066,45.4456],[-126.2867,49.5031,45.3224],[-126.2871,49.5,0.0],[-126.2825,49.4954,111.833],[-126.2832,49.4919,26.781],[-126.278,49.4832,32.7753],[-126.2711,49.4758,41.2624],[-126.2663,49.4592,4.2673],[-126.2588,49.4457,29.1335],[-126.2586,49.4423,11.823],[-126.2475,49.4342,16.2711],[-126.2433,49.4358,0.0],[-126.2431,49.4394,0.0],[-126.2453,49.4431,0.0],[-126.2406,49.4514,16.1733],[-126.2406,49.4533,17.5066],[-126.2461,49.4597,25.6548],[-126.2464,49.4694,0.0],[-126.2411,49.4744,58.705],[-126.2353,49.4742,25.7922],[-126.2347,49.4717,12.1125],[-126.2403,49.4672,0.0],[-126.2397,49.4519,16.1733],[-126.2359,49.4494,1.9316],[-126.2372,49.4592,4.5727],[-126.2353,49.4592,25.3857],[-126.2311,49.4514,161.8813],[-126.2354,49.4481,0.0],[-126.2369,49.4425,24.4964],[-126.2347,49.44,7.6508],[-126.2303,49.4397,0.0],[-126.2281,49.4422,6.9905],[-126.2258,49.4411,0.0],[-126.2269,49.4353,36.8233],[-126.2347,49.4331,0.0],[-126.2258,49.4292,17.3225],[-126.2181,49.4278,0.0],[-126.22,49.4264,13.3111],[-126.2311,49.4283,15.5268],[-126.2364,49.4236,15.9053],[-126.2381,49.4186,4.4666],[-126.2356,49.4142,12.5812],[-126.23,49.4114,9.688],[-126.2266,49.4044,4.8271],[-126.2186,49.4036,9.9344],[-126.214,49.4012,0.0],[-126.2068,49.4029,26.6935],[-126.1919,49.3981,11.821],[-126.1832,49.3996,19.8906],[-126.1771,49.3978,21.3759],[-126.1488,49.4007,0.0],[-126.1487,49.4022,0.0],[-126.1514,49.4036,0.0],[-126.1582,49.4038,0.0],[-126.1686,49.4017,27.6862],[-126.1714,49.4042,14.6825],[-126.1605,49.41,16.9584],[-126.1567,49.409,29.2335],[-126.1436,49.4106,49.7672],[-126.1369,49.4175,64.0922],[-126.1228,49.4232,5.4932],[-126.1213,49.43,7.714],[-126.0938,49.4306,27.7805],[-126.0852,49.4364,8.5942],[-126.0777,49.4378,10.3231],[-126.0762,49.4371,29.0113],[-126.0764,49.4345,7.7782],[-126.0741,49.4315,0.0],[-126.0672,49.43,0.0],[-126.0587,49.4304,0.0],[-126.0516,49.4341,0.0],[-126.0525,49.44,14.7816],[-126.0505,49.4433,5.4876],[-126.0461,49.4444,5.2532],[-126.0458,49.4467,0.0],[-126.0408,49.4489,33.1211],[-126.0375,49.4542,0.0],[-126.033,49.4536,0.0],[-126.0325,49.4514,7.4671],[-126.0361,49.4478,19.1812],[-126.0433,49.4447,26.6504],[-126.0405,49.4436,0.0],[-126.0406,49.4394,4.6329],[-126.0347,49.4351,24.7445],[-126.0338,49.4322,0.0],[-126.0397,49.4259,10.8391],[-126.0489,49.4225,3.5521],[-126.0677,49.4206,0.0],[-126.0641,49.4172,40.8926],[-126.0679,49.414,0.0],[-126.0619,49.4141,28.5849],[-126.0598,49.4122,19.5027],[-126.0606,49.407,18.417],[-126.0669,49.4045,3.1723],[-126.0683,49.402,62.437],[-126.0797,49.3997,5.4566],[-126.0818,49.398,42.3586],[-126.0831,49.3933,0.0],[-126.0797,49.3926,0.0],[-126.0778,49.3949,14.2308],[-126.0726,49.3935,86.5072],[-126.0718,49.3896,26.3067],[-126.0676,49.3837,0.0],[-126.0655,49.3831,6.4414],[-126.0641,49.377,3.3817],[-126.0605,49.3746,0.0],[-126.061,49.3626,0.0],[-126.0597,49.3596,21.2429],[-126.0613,49.3499,14.2218],[-126.0589,49.3471,18.6524],[-126.0583,49.3406,64.0844],[-126.0541,49.3369,0.0],[-126.0506,49.3367,0.0],[-126.0536,49.3328,6.9335],[-126.0475,49.3311,0.0],[-126.0479,49.3328,0.0],[-126.0518,49.3339,0.0],[-126.0446,49.3346,2.2164],[-126.0428,49.3328,12.834],[-126.0432,49.3295,5.0812],[-126.0392,49.3307,0.0],[-126.0331,49.3242,17.6072],[-126.0157,49.3194,17.6436],[-126.0016,49.3193,0.0],[-125.9932,49.3285,0.0],[-125.9901,49.3293,0.0],[-125.9893,49.3368,14.6637],[-125.9915,49.3495,5.9262],[-125.9884,49.3552,0.0],[-125.9856,49.3545,42.0535],[-125.9849,49.3483,8.7061],[-125.9819,49.344,25.3998],[-125.9734,49.3462,4.5393],[-125.971,49.3509,31.1421],[-125.967,49.3525,0.0],[-125.9636,49.3574,6.9643],[-125.9585,49.3596,0.0],[-125.9557,49.3634,6.0134],[-125.9556,49.3669,26.2566],[-125.959,49.3718,0.0],[-125.9566,49.375,0.0],[-125.9524,49.3769,5.7521],[-125.9549,49.3801,3.5322],[-125.9543,49.3837,13.3528],[-125.9528,49.3862,9.2143],[-125.9479,49.3879,9.9265],[-125.948,49.392,0.0],[-125.9453,49.3981,36.7754],[-125.9308,49.4031,20.3413],[-125.9239,49.4015,9.8112],[-125.9195,49.4025,48.086],[-125.9177,49.4063,8.3834],[-125.9138,49.4088,0.0],[-125.9158,49.4144,0.0],[-125.9147,49.4164,0.2639],[-125.901,49.4202,0.0],[-125.8981,49.4178,0.0],[-125.8967,49.4125,11.3394],[-125.8995,49.4066,1.7797],[-125.9027,49.4045,9.7649],[-125.9052,49.3974,7.1158],[-125.9183,49.3923,5.1191],[-125.9312,49.3915,23.6813],[-125.935,49.3834,0.0],[-125.9314,49.3792,20.2054],[-125.927,49.3835,6.3719],[-125.9245,49.3805,48.3256],[-125.9337,49.3735,0.0],[-125.9344,49.3703,0.0],[-125.9323,49.3637,30.0741],[-125.9386,49.3513,2.3053],[-125.9387,49.348,8.3043],[-125.9452,49.3379,0.0],[-125.953,49.3335,22.382],[-125.953,49.3296,13.3806],[-125.9498,49.3272,11.7538],[-125.9502,49.3241,24.8168],[-125.9477,49.321,0.0],[-125.9486,49.316,28.952],[-125.9569,49.3144,8.7212],[-125.9572,49.3131,19.3452],[-125.9569,49.3125,19.3452],[-125.96,49.3108,0.0],[-125.9494,49.3085,0.0],[-125.9468,49.3032,9.8034],[-125.9523,49.3012,3.7541],[-125.9561,49.3025,0.0],[-125.9744,49.3025,0.0],[-125.9814,49.3044,3.4604],[-125.9848,49.3021,0.0],[-125.9844,49.2983,1.1967],[-125.9794,49.2986,0.0],[-125.9764,49.2953,0.0],[-125.9744,49.2953,3.1802],[-125.9744,49.2994,17.8205],[-125.97,49.2994,8.4822],[-125.9672,49.2967,14.163],[-125.9717,49.2942,5.6168],[-125.9767,49.2936,63.621],[-125.9905,49.3003,32.2787],[-126.0,49.3028,13.9798],[-126.0015,49.3048,15.3535],[-126.0111,49.3056,0.0],[-126.0172,49.3036,40.0361],[-126.0152,49.3011,0.0],[-126.0185,49.2958,6.8527],[-126.0162,49.294,3.1335],[-126.0124,49.2958,52.7926],[-126.0064,49.2925,5.7919],[-126.0064,49.2911,3.9105],[-126.0083,49.2919,8.0066],[-126.0086,49.2894,2.3701],[-126.0052,49.2892,5.2535],[-126.0041,49.2861,7.9908],[-126.0077,49.2869,14.3342],[-126.0102,49.2856,2.0084],[-126.0093,49.2845,6.8459],[-126.011,49.2843,6.8459],[-126.0089,49.2811,9.9773],[-126.0176,49.2819,51.8748],[-126.0188,49.2848,0.0],[-126.0238,49.2873,0.0],[-126.0316,49.2857,5.4537],[-126.0261,49.2758,13.3647],[-126.0266,49.2719,5.0601],[-126.0244,49.2683,4.9943],[-126.024,49.2615,0.0],[-126.0201,49.2597,7.5127],[-126.0211,49.2569,0.0],[-126.0158,49.2564,4.0152],[-126.0131,49.2544,28.6011],[-126.0144,49.2519,0.0],[-126.0106,49.2472,17.3838],[-126.0102,49.245,13.6032],[-126.0153,49.2447,0.0],[-126.0179,49.2411,0.0],[-126.0142,49.2428,0.0],[-126.0066,49.2389,0.0],[-126.0025,49.2417,0.0],[-125.9948,49.2361,0.0],[-125.9907,49.2368,0.0],[-125.9854,49.2333,0.0],[-125.9822,49.2331,16.5985],[-125.9833,49.2308,0.0],[-125.9822,49.2298,2.0702],[-125.979,49.2279,0.0],[-125.9756,49.2289,27.531],[-125.9725,49.2253,0.0],[-125.9711,49.2278,6.6841],[-125.9664,49.2287,0.0],[-125.9616,49.2333,0.0],[-125.9581,49.2344,0.0],[-125.9533,49.2406,10.0291],[-125.9384,49.2435,0.0],[-125.9365,49.245,0.0],[-125.9369,49.2468,7.2957],[-125.9403,49.2483,24.6545],[-125.9428,49.2477,0.0],[-125.9441,49.2503,28.6914],[-125.9349,49.2586,0.0],[-125.9276,49.2569,0.0],[-125.9242,49.263,0.0],[-125.9181,49.2642,12.4286],[-125.9148,49.2668,2.6057],[-125.9141,49.2718,0.0],[-125.9066,49.2701,0.0],[-125.9062,49.2715,23.5399],[-125.9116,49.2762,0.0],[-125.9064,49.2764,1.8169],[-125.9017,49.2794,14.1272],[-125.895,49.2804,3.2458],[-125.8913,49.2772,13.262],[-125.8887,49.279,10.8107],[-125.8853,49.2786,0.0],[-125.8852,49.2821,7.7456],[-125.883,49.283,13.3641],[-125.874,49.2754,0.0],[-125.8714,49.2742,5.3035],[-125.8678,49.275,48.8759],[-125.8658,49.2729,6.8661],[-125.8585,49.2777,11.1263],[-125.8477,49.2773,11.512],[-125.8512,49.2736,26.7759],[-125.8648,49.2719,5.6796],[-125.8608,49.2701,22.449],[-125.8624,49.2671,28.1645],[-125.8603,49.2654,0.0],[-125.8626,49.2633,38.741],[-125.8618,49.2611,21.6948],[-125.8671,49.2582,4.1998],[-125.8664,49.2565,0.0],[-125.8561,49.2551,3.3258],[-125.8432,49.2611,12.5837],[-125.8335,49.2621,0.0],[-125.8337,49.2647,0.0],[-125.837,49.2692,31.5542],[-125.8353,49.2757,0.0],[-125.8383,49.284,73.8576],[-125.8378,49.288,0.0],[-125.836,49.2906,17.729],[-125.832,49.2904,0.0],[-125.8287,49.2978,21.5823],[-125.8241,49.2967,0.0],[-125.8208,49.2989,44.3408],[-125.8188,49.3077,0.0],[-125.8148,49.3137,0.0],[-125.8158,49.3215,20.0097],[-125.8099,49.3248,0.0],[-125.8125,49.3261,8.1182],[-125.8103,49.3278,0.0],[-125.8108,49.33,0.0],[-125.8087,49.3335,0.0],[-125.8096,49.3362,23.0422],[-125.8071,49.3412,0.0],[-125.8039,49.3444,57.1115],[-125.7972,49.3456,55.2994],[-125.7913,49.3566,12.5696],[-125.7838,49.3609,24.9949],[-125.7759,49.3617,0.0],[-125.7724,49.3603,0.0],[-125.7712,49.3591,0.0],[-125.7724,49.3564,0.0],[-125.7854,49.351,0.0],[-125.7885,49.344,25.6158],[-125.7988,49.3388,5.7925],[-125.8021,49.3334,0.0],[-125.7925,49.3278,123.6571],[-125.7925,49.3222,83.3942],[-125.7944,49.3197,0.0],[-125.7914,49.3158,54.352],[-125.7925,49.3142,90.4402],[-125.7914,49.3092,39.4756],[-125.8021,49.2968,0.0],[-125.8025,49.2886,35.326],[-125.8072,49.2811,0.0],[-125.8058,49.2789,0.0],[-125.81,49.2625,0.0],[-125.8092,49.2608,68.3323],[-125.8139,49.2538,0.0],[-125.8121,49.2461,0.0],[-125.8082,49.2424,21.5465],[-125.7996,49.2393,4.2926],[-125.7786,49.2403,0.0],[-125.7731,49.2441,18.3462],[-125.7714,49.2442,12.876],[-125.7711,49.2424,0.0],[-125.7688,49.2431,0.0],[-125.7661,49.2447,0.0],[-125.7675,49.2461,22.5654],[-125.758,49.2487,11.3851],[-125.7544,49.2517,4.3061],[-125.7533,49.2556,15.2351],[-125.7474,49.2583,0.0],[-125.7437,49.2566,0.0],[-125.7393,49.2605,30.8533],[-125.7333,49.2622,45.2253],[-125.7298,49.2562,1.9926],[-125.7361,49.2497,10.2194],[-125.7407,49.2402,11.4498],[-125.7514,49.2322,0.0],[-125.7538,49.227,0.0],[-125.7526,49.2248,1.7316],[-125.7547,49.2226,0.9046],[-125.7506,49.2125,0.8791],[-125.7541,49.2085,0.0],[-125.7512,49.203,0.0],[-125.7532,49.1979,17.7783],[-125.75,49.1922,0.0],[-125.7519,49.1878,0.0],[-125.7459,49.1859,3.2076],[-125.7462,49.1813,2.7966],[-125.7513,49.1797,7.1061],[-125.7555,49.1758,3.8418],[-125.7571,49.1773,0.0],[-125.7593,49.1768,0.0],[-125.7572,49.1722,6.3317],[-125.7609,49.1736,10.1142],[-125.7611,49.1704,20.4033],[-125.7737,49.1555,4.6946],[-125.7696,49.1526,6.6336],[-125.7715,49.1495,9.2518],[-125.7707,49.148,2.0919],[-125.7827,49.1516,32.8675],[-125.7849,49.1494,0.0],[-125.7828,49.1465,0.0],[-125.7837,49.1447,14.7716],[-125.7933,49.146,0.0],[-125.7906,49.1401,7.7416],[-125.7834,49.138,4.7688],[-125.7787,49.1321,3.7147],[-125.7753,49.1333,3.6018],[-125.773,49.131,9.618],[-125.7672,49.1293,7.758],[-125.7621,49.1307,50.2573],[-125.7609,49.1351,25.1621],[-125.766,49.1413,0.0],[-125.7658,49.1436,0.0],[-125.7692,49.1451,7.505],[-125.7691,49.1468,5.4403],[-125.7617,49.1489,26.9437],[-125.7511,49.1448,4.6952],[-125.7428,49.1492,5.1531],[-125.7437,49.1548,17.2618],[-125.7419,49.1636,24.2894],[-125.7479,49.1691,1.5816],[-125.7452,49.1706,8.4689],[-125.7414,49.168,2.0655],[-125.739,49.1599,4.9495],[-125.732,49.1556,2.7358],[-125.7351,49.1521,3.7959],[-125.7352,49.1454,0.0],[-125.7314,49.1431,0.0],[-125.7252,49.1439,78.9145],[-125.7182,49.1501,0.0],[-125.7187,49.1537,0.0],[-125.7161,49.1553,5.9262],[-125.7169,49.1581,20.773],[-125.7148,49.1606,16.1446],[-125.7129,49.1622,3.2852],[-125.7095,49.1615,0.0],[-125.711,49.1641,5.4148],[-125.7029,49.1672,0.0],[-125.7033,49.1697,0.0],[-125.7073,49.1718,28.3036],[-125.7064,49.1734,2.4095],[-125.7125,49.1769,0.0],[-125.7094,49.1774,11.1884],[-125.6997,49.1738,8.2879],[-125.6955,49.176,0.0],[-125.6955,49.1788,1.9306],[-125.6934,49.1808,5.2728],[-125.688,49.1807,14.0862],[-125.6872,49.1923,5.5697],[-125.6834,49.1962,5.8229],[-125.6813,49.1953,9.1179],[-125.6824,49.1936,0.0],[-125.6811,49.1917,0.0],[-125.6787,49.1918,0.0],[-125.6776,49.1937,0.0],[-125.6782,49.1984,9.244],[-125.6818,49.2012,2.8971],[-125.6769,49.2025,8.5212],[-125.6736,49.2096,31.7237],[-125.6685,49.2118,0.0],[-125.6656,49.2101,0.0],[-125.6657,49.2063,2.545],[-125.6675,49.2042,0.0],[-125.6644,49.2031,35.8193],[-125.6704,49.2028,0.0],[-125.6679,49.1997,6.1822],[-125.6689,49.1933,120.4153],[-125.6726,49.1927,7.3462],[-125.6731,49.1896,4.3321],[-125.6697,49.1888,11.3345],[-125.6681,49.1859,8.9011],[-125.6719,49.1828,0.0],[-125.67,49.1795,0.0],[-125.6704,49.1766,0.0],[-125.6727,49.1737,0.0],[-125.6723,49.1698,2.2488],[-125.6756,49.167,0.0],[-125.6687,49.1697,0.0],[-125.6634,49.1688,34.7324],[-125.6602,49.1734,0.0],[-125.6576,49.1716,0.0],[-125.6531,49.1714,0.0],[-125.6564,49.1813,0.0],[-125.6542,49.1865,4.2993],[-125.6559,49.199,20.9412],[-125.6545,49.2019,0.0],[-125.6446,49.207,0.0],[-125.6242,49.2119,0.0],[-125.6186,49.2169,8.5591],[-125.6096,49.212,0.0],[-125.6094,49.2177,30.539],[-125.6013,49.2256,16.8761],[-125.6022,49.2308,40.049],[-125.5999,49.2329,18.9527],[-125.5956,49.2335,0.0],[-125.5937,49.2302,5.0308],[-125.5997,49.2197,0.0],[-125.5986,49.2147,25.814],[-125.6029,49.2111,2.3983],[-125.6009,49.2051,5.72],[-125.62,49.2006,0.0],[-125.6329,49.2002,9.9144],[-125.6425,49.1934,15.5259],[-125.639,49.1887,0.0],[-125.6353,49.1894,0.0],[-125.6372,49.1875,0.0],[-125.6362,49.1862,3.2186],[-125.6306,49.1917,11.0034],[-125.6278,49.1906,0.0],[-125.6364,49.1816,16.7619],[-125.6383,49.1777,9.0247],[-125.6379,49.1721,5.012],[-125.6427,49.1615,44.1445],[-125.6483,49.1587,28.4059],[-125.652,49.1539,4.1654],[-125.6658,49.1503,36.6212],[-125.6742,49.1552,35.6734],[-125.6778,49.1558,2.3007],[-125.6804,49.1535,0.0],[-125.6781,49.1497,6.0984],[-125.6793,49.1482,0.0],[-125.6758,49.1457,0.0],[-125.6722,49.1445,7.8183],[-125.6678,49.1467,0.0],[-125.6645,49.1446,0.0],[-125.6657,49.1424,0.0],[-125.6717,49.1431,0.0],[-125.6736,49.1417,0.0],[-125.6676,49.1393,17.4332],[-125.6675,49.1367,0.0],[-125.6735,49.1377,2.6692],[-125.6744,49.14,2.0992],[-125.685,49.1408,6.3507999999999996],[-125.6908,49.1365,13.4726],[-125.6974,49.1339,0.0],[-125.6976,49.1315,9.2685],[-125.7074,49.1303,23.4562],[-125.709,49.1266,19.6154],[-125.7137,49.1269,37.8769],[-125.7224,49.1234,33.3487],[-125.7244,49.12,0.0],[-125.7209,49.1179,56.6531],[-125.7193,49.1147,2.0109],[-125.7216,49.1115,16.0381],[-125.7319,49.112,30.8374],[-125.7389,49.1096,42.9955],[-125.757,49.1094,12.1369],[-125.7581,49.1079,0.0],[-125.7529,49.1048,4.8002],[-125.7471,49.104,36.9141],[-125.7412,49.1001,0.0],[-125.7291,49.0971,35.685],[-125.7269,49.0947,13.2026],[-125.7286,49.0889,0.0],[-125.7397,49.0892,0.0],[-125.7408,49.0881,0.0],[-125.7392,49.0853,14.2758],[-125.74,49.0831,0.0],[-125.7447,49.0869,2.3936],[-125.7456,49.0911,0.0],[-125.7574,49.095,0.0],[-125.7608,49.0985,22.8675],[-125.7685,49.1013,13.352],[-125.7733,49.0998,0.0],[-125.7801,49.102,0.0],[-125.7813,49.1039,0.0],[-125.7777,49.1045,5.3122],[-125.7784,49.1061,0.0],[-125.7827,49.1068,24.9759],[-125.786,49.1104,29.0409],[-125.7937,49.1123,5.5967],[-125.8124,49.1225,0.0],[-125.8197,49.1203,23.5234],[-125.8224,49.1224,4.0881],[-125.8249,49.1205,0.0],[-125.8343,49.1228,3.8062],[-125.8368,49.1208,0.0],[-125.8372,49.118,0.0],[-125.8339,49.1136,0.0],[-125.8283,49.1114,0.0],[-125.8242,49.1067,1.2871],[-125.8189,49.1042,21.642],[-125.8214,49.1019,16.2885],[-125.8258,49.1033,7.3914],[-125.8297,49.0997,12.5743],[-125.8339,49.0989,0.0],[-125.8347,49.1003,0.0],[-125.8328,49.1033,5.3244],[-125.8339,49.1058,0.0],[-125.8423,49.1145,0.0],[-125.8461,49.1128,18.2934],[-125.8481,49.1136,22.8901],[-125.8464,49.1153,0.0],[-125.8475,49.1169,21.2285],[-125.8511,49.1122,0.0],[-125.8537,49.1135,16.4283],[-125.8579,49.113,0.0],[-125.8567,49.11,6.3199],[-125.8581,49.1069,0.0],[-125.8511,49.1028,2.1665],[-125.8558,49.1036,21.9226],[-125.8617,49.1075,0.0],[-125.8606,49.11,0.0],[-125.8616,49.1143,0.0],[-125.8586,49.1158,8.9744],[-125.8536,49.1153,0.0],[-125.8496,49.1182,2.7131],[-125.8531,49.1234,3.2899],[-125.8626,49.1253,0.0],[-125.8721,49.1235,0.0],[-125.8761,49.1211,0.0],[-125.8772,49.1178,0.0],[-125.8761,49.1158,0.0],[-125.8781,49.1156,0.0],[-125.8875,49.1233,1.1565],[-125.8839,49.1236,2.0256],[-125.8833,49.1265,0.0],[-125.8844,49.1311,0.0],[-125.8867,49.1303,23.6295],[-125.8881,49.1331,5.5349],[-125.8864,49.1369,0.0],[-125.89,49.1508,0.0],[-125.9072,49.1555,0.0],[-125.9132,49.1533,4.6991],[-125.9115,49.1507,2.0657],[-125.9158,49.1478,16.104],[-125.9147,49.1436,7.1959],[-125.9158,49.1406,13.5333],[-125.9142,49.1372,15.9371],[-125.9093,49.1367,0.0],[-125.9109,49.1342,0.0],[-125.91,49.1327,1.6024],[-125.9057,49.1338,13.0029],[-125.9022,49.1308,1.6629],[-125.9019,49.1289,5.7625],[-125.9058,49.1267,8.2924],[-125.9072,49.1225,0.0],[-125.9056,49.1214,0.0],[-125.9036,49.1233,2.4966],[-125.9022,49.1217,0.0],[-125.8994,49.1217,0.0],[-125.895,49.1167,0.0],[-125.8944,49.1142,0.0],[-125.8964,49.11,1.3652],[-125.9024,49.111,0.9743],[-125.9016,49.1091,2.756],[-125.8942,49.1061,0.4561],[-125.8928,49.1067,0.0],[-125.8947,49.1092,0.0],[-125.8933,49.11,0.0],[-125.8861,49.1106,0.0],[-125.8806,49.1086,5.5741],[-125.8797,49.1064,1.7372],[-125.8756,49.1064,0.0],[-125.8728,49.1034,2.5911],[-125.8736,49.0989,0.0],[-125.8792,49.0967,11.9092],[-125.8883,49.0975,0.0],[-125.8906,49.0944,0.0],[-125.8881,49.0917,0.0],[-125.8858,49.0919,0.0],[-125.8818,49.0877,0.0],[-125.8753,49.0878,0.0],[-125.8744,49.0855,1.9312],[-125.87,49.0846,4.927],[-125.8695,49.0828,1.6263],[-125.865,49.0817,0.0],[-125.8583,49.0765,0.0],[-125.8542,49.0777,14.3614],[-125.8539,49.0764,0.0],[-125.8513,49.0768,1.7276],[-125.8447,49.0731,0.0],[-125.8418,49.0736,6.2438],[-125.8433,49.071,4.993],[-125.8403,49.0711,4.9729],[-125.8394,49.0731,3.473],[-125.834,49.069,0.0],[-125.8322,49.0707,9.7947],[-125.8286,49.07,0.0],[-125.8283,49.0681,0.0908],[-125.8314,49.0675,0.2879],[-125.8272,49.0631,0.0],[-125.8239,49.0656,12.7741],[-125.8228,49.0619,0.0],[-125.8164,49.0628,0.9893],[-125.8142,49.0644,1.9318],[-125.8158,49.0664,11.0084],[-125.8139,49.0689,23.116],[-125.8089,49.07,8.6008],[-125.7919,49.0661,15.3768],[-125.7894,49.0639,6.8972],[-125.7919,49.0619,0.0],[-125.7857,49.0585,0.0],[-125.7836,49.0589,0.0],[-125.7839,49.0603,0.0],[-125.7872,49.063,3.164],[-125.7803,49.0666,0.0],[-125.7819,49.0706,9.2812],[-125.7694,49.0725,10.7473],[-125.75,49.0686,0.0],[-125.7358,49.0622,18.9094],[-125.7097,49.0439,4.3759],[-125.6989,49.0408,3.2028],[-125.6756,49.02,11.9381],[-125.6742,49.0144,0.0],[-125.6756,49.0125,7.9807],[-125.6778,49.0111,0.0],[-125.6811,49.0129,0.2857],[-125.6806,49.0108,0.0],[-125.6759,49.0094,7.3658],[-125.6825,49.0078,0.0],[-125.67529999999999,49.0058,26.5892],[-125.6778,49.0039,0.0],[-125.6744,49.0022,4.0631],[-125.6767,49.0008,0.5342],[-125.6739,49.0003,0.0],[-125.6748,48.9989,0.0],[-125.6736,48.9967,0.0],[-125.6661,48.9947,2.8155],[-125.6606,48.9967,2.6286],[-125.6606,48.993899999999996,0.0],[-125.6589,48.9931,0.0],[-125.6553,48.9972,0.0],[-125.6575,49.0,2.3482],[-125.6558,49.002,0.0],[-125.6448,49.0034,0.0],[-125.6344,49.0,20.1642],[-125.6111,48.9836,0.0],[-125.6111,48.9806,5.0873],[-125.615,48.9803,3.8617],[-125.613,48.9771,16.082],[-125.6183,48.9775,0.0],[-125.6192,48.9758,0.0],[-125.6132,48.97,0.0],[-125.6113,48.972,0.0],[-125.6075,48.9703,37.8344],[-125.6088,48.9689,0.0],[-125.6037,48.9651,0.0],[-125.6039,48.9633,24.762],[-125.6089,48.9644,0.0],[-125.61,48.9632,0.0],[-125.606,48.9612,1.2748],[-125.6022,48.9619,0.9154],[-125.6052,48.9589,0.0],[-125.6044,48.9577,1.3493],[-125.6008,48.9561,0.0],[-125.595,48.9581,8.3775],[-125.5908,48.9569,2.3991],[-125.5936,48.9544,0.0],[-125.5889,48.9481,0.0],[-125.5844,48.9489,7.4919],[-125.5861,48.9464,0.0],[-125.5789,48.9456,7.6162],[-125.5789,48.9433,0.0],[-125.5754,48.9431,0.0],[-125.5748,48.9406,1.6935],[-125.5692,48.9375,1.4162],[-125.5571,48.9353,0.0],[-125.5524,48.9366,1.0601],[-125.555,48.9335,0.0],[-125.5507,48.9297,0.0],[-125.5486,48.9327,17.9811],[-125.5419,48.9344,11.1698],[-125.5436,48.9297,5.4818],[-125.5394,48.9283,11.8405],[-125.5425,48.9275,4.6859],[-125.546,48.924,0.0],[-125.5447,48.92,0.0],[-125.529,48.9217,0.0],[-125.5261,48.9267,4.233],[-125.5292,48.9252,4.8462],[-125.5319,48.9286,12.3888],[-125.5353,48.9278,7.6238],[-125.5361,48.9289,6.8643],[-125.5342,48.9306,8.1402],[-125.5289,48.9281,0.0],[-125.5264,48.9297,0.0],[-125.5283,48.9324,0.0],[-125.5351,48.9352,3.9927],[-125.5356,48.9383,0.0],[-125.5439,48.9426,0.0],[-125.5471,48.9466,0.0],[-125.5607,48.9508,0.0],[-125.5638,48.95,12.5038],[-125.564,48.9486,12.0733],[-125.5692,48.9508,0.0],[-125.5728,48.9483,31.6602],[-125.5731,48.9508,6.3092],[-125.5659,48.9541,6.7089],[-125.5707,48.9585,16.456],[-125.5897,48.9647,0.0],[-125.5881,48.968,1.3186],[-125.5832,48.9711,7.9847],[-125.5856,48.9758,18.5819],[-125.5825,48.975,0.4855],[-125.5789,48.9783,0.0],[-125.5752,48.9777,0.0],[-125.5754,48.9755,0.0],[-125.5724,48.9719,2.4241],[-125.5684,48.9702,5.665],[-125.5679,48.9662,0.0],[-125.5633,48.9651,3.6778],[-125.5573,48.9572,7.9215],[-125.545,48.9522,28.2392],[-125.5426,48.9472,1.4085],[-125.5352,48.9433,1.8834],[-125.5272,48.9346,0.9822],[-125.5193,48.9341,15.5649],[-125.5192,48.9319,0.0],[-125.5148,48.9304,16.8288],[-125.5197,48.9281,1.7343],[-125.5166,48.9273,13.7754],[-125.5153,48.9251,0.0],[-125.512,48.9256,12.2115],[-125.5123,48.923,4.5502],[-125.5106,48.9216,2.4514],[-125.5059,48.9224,8.9525],[-125.5037,48.92,0.0],[-125.4997,48.9206,0.0],[-125.5039,48.9251,31.1128],[-125.503,48.9265,17.4027],[-125.4991,48.9231,0.0],[-125.4939,48.923,0.0],[-125.4886,48.9197,0.0],[-125.4801,48.921,2.7444],[-125.4759,48.9253,0.0],[-125.4726,48.9243,1.8819],[-125.4685,48.9264,2.5857],[-125.4683,48.931,22.0315],[-125.4625,48.9339,8.3186],[-125.46,48.9417,19.8743],[-125.4469,48.9422,3.1821],[-125.4442,48.9483,1.2926],[-125.4458,48.9494,13.123],[-125.4414,48.9531,1.5377],[-125.435,48.9542,3.6261],[-125.4331,48.9525,0.0],[-125.4325,48.9569,0.0],[-125.4275,48.9619,2.0002],[-125.4229,48.9639,10.5746],[-125.4185,48.9626,0.0],[-125.4078,48.97,1.6191],[-125.4033,48.9711,0.0],[-125.4014,48.9739,20.0978],[-125.3917,48.9794,13.8657],[-125.3928,48.985,0.0],[-125.3864,48.9878,4.033],[-125.3819,48.9925,23.3159],[-125.3692,48.9976,6.5118],[-125.3708,49.0031,0.0],[-125.3617,49.0071,1.5691],[-125.3604,49.0095,0.0],[-125.362,49.0107,0.0],[-125.3586,49.0186,0.0],[-125.3636,49.0272,19.3612],[-125.3606,49.0306,3.7377],[-125.3564,49.0322,0.0],[-125.3572,49.0358,0.3815],[-125.3544,49.0353,0.0],[-125.3533,49.0386,0.0],[-125.3478,49.0394,4.3249],[-125.3365,49.0366,0.0],[-125.3307,49.0303,0.0],[-125.3252,49.0316,0.0],[-125.3158,49.0278,4.3665],[-125.3124,49.0295,0.0],[-125.3042,49.0269,0.0],[-125.3012,49.0242,0.0],[-125.2985,49.0253,0.0],[-125.2912,49.0235,0.0],[-125.2636,49.0267,0.0],[-125.2617,49.0289,92.2198],[-125.2397,49.0323,53.007],[-125.2284,49.0369,0.0],[-125.2238,49.0369,0.0],[-125.2209,49.0345,11.88],[-125.2027,49.0393,23.415],[-125.2027,49.0369,32.4188],[-125.2094,49.0342,12.0097],[-125.223,49.0336,16.3428],[-125.2358,49.0284,29.2178],[-125.2548,49.0271,0.0],[-125.2679,49.0228,10.4387],[-125.281,49.0212,12.7082],[-125.2845,49.019,0.0],[-125.2923,49.0203,19.6986],[-125.2948,49.0178,21.2401],[-125.3028,49.0172,0.0],[-125.3059,49.0151,5.8202],[-125.314,49.0172,0.0],[-125.3238,49.0118,0.0],[-125.3238,49.009,0.0],[-125.3193,49.0068,5.57],[-125.3222,49.0025,0.0],[-125.3211,49.0008,4.2496],[-125.318,49.0033,0.0],[-125.3046,48.9987,0.0],[-125.2978,48.9983,0.0],[-125.297,49.002,0.0],[-125.2917,49.005,23.5674],[-125.2964,48.9981,10.9697],[-125.2964,48.9925,1.1144],[-125.2934,48.9867,0.0],[-125.2947,48.9843,12.5423],[-125.2941,48.9792,0.0],[-125.2878,48.9744,12.4962],[-125.2892,48.9739,8.2087],[-125.3005,48.9763,13.9459],[-125.3105,48.9735,14.4299],[-125.3153,48.9738,0.0],[-125.3233,48.9698,5.0706],[-125.3228,48.9684,0.0],[-125.3168,48.9691,13.825],[-125.31,48.9656,7.6227],[-125.3004,48.9678,9.2709],[-125.2922,48.9658,0.0],[-125.289,48.9672,13.875],[-125.2837,48.9661,11.025],[-125.2808,48.9631,0.0],[-125.2767,48.9675,13.7804],[-125.2753,48.9661,12.4812],[-125.2811,48.9608,0.0],[-125.2778,48.9594,5.8732],[-125.2766,48.9546,0.0],[-125.2716,48.954,0.0],[-125.27,48.9569,0.0],[-125.2706,48.9597,8.0571],[-125.2678,48.9577,4.0327],[-125.2581,48.9575,16.4031],[-125.2524,48.954,0.0],[-125.25,48.9544,23.7801],[-125.2489,48.9533,54.1533],[-125.25,48.9485,0.0],[-125.2419,48.9437,0.0],[-125.2354,48.9453,0.0],[-125.2324,48.9483,0.0],[-125.2211,48.9514,0.0],[-125.2164,48.955,0.0],[-125.2153,48.9583,6.3651],[-125.2067,48.9597,14.7727],[-125.2022,48.9622,0.0],[-125.1978,48.9672,4.8258],[-125.1978,48.9717,15.77],[-125.1928,48.9758,11.4674],[-125.1892,48.9772,14.7452],[-125.1869,48.9764,0.0],[-125.1836,48.979,0.0],[-125.1841,48.9816,18.4332],[-125.1875,48.9806,0.0],[-125.1892,48.9826,0.0],[-125.194,48.9835,0.0],[-125.1958,48.9908,0.0],[-125.1926,48.9988,14.8833],[-125.1935,49.0059,1.982],[-125.1883,49.0106,108.58],[-125.1828,49.0083,6.7787],[-125.1786,49.012,0.0],[-125.1782,49.013,3.8959],[-125.181,49.0147,20.5268],[-125.1778,49.0186,0.0],[-125.1748,49.0191,55.5873],[-125.1726,49.0172,7.7983],[-125.1733,49.0156,0.0],[-125.1712,49.0151,0.0],[-125.1656,49.0161,21.7081],[-125.1573,49.0272,80.8852],[-125.1567,49.0377,0.0],[-125.1633,49.0419,68.4818],[-125.1629,49.0457,3.2899],[-125.1678,49.0517,17.8843],[-125.1549,49.0514,10.6126],[-125.1534,49.0546,29.6974],[-125.148,49.0525,20.1917],[-125.1457,49.0532,14.1035],[-125.1547,49.0652,46.4369],[-125.1677,49.0733,62.8902],[-125.1735,49.0821,0.0],[-125.1847,49.0877,9.2566],[-125.1985,49.0907,18.0323],[-125.1997,49.0933,0.0],[-125.1981,49.0969,0.0],[-125.1877,49.0905,7.0738],[-125.1842,49.091,9.6611],[-125.1716,49.0865,0.0],[-125.1667,49.0829,31.6057],[-125.1636,49.0781,0.0],[-125.1526,49.0742,68.7744],[-125.1475,49.0606,0.0],[-125.14,49.0522,59.153],[-125.1381,49.0464,5.7588],[-125.1409,49.0463,0.0],[-125.1405,49.0443,7.2012],[-125.1433,49.0431,25.1464],[-125.1394,49.0398,0.0],[-125.145,49.0357,0.0],[-125.1462,49.0318,41.5455],[-125.1508,49.0268,52.0698],[-125.1484,49.0236,16.1635],[-125.1508,49.0194,36.7187],[-125.1641,49.0119,14.8026],[-125.1679,49.0077,0.0],[-125.1741,49.0051,0.0],[-125.1815,48.9991,14.0685],[-125.1861,48.994,0.0],[-125.1852,48.99,0.0],[-125.1781,48.9884,0.0],[-125.1741,48.9897,6.9763],[-125.1676,48.9889,39.8602],[-125.1659,48.9877,0.0],[-125.166,48.9854,0.0],[-125.161,48.9847,0.0],[-125.1611,48.9898,0.0],[-125.1592,48.9947,19.1566],[-125.1558,48.9967,0.0],[-125.15,48.9967,0.0],[-125.1514,48.9983,9.1329],[-125.1589,48.9997,15.0416],[-125.1595,49.0033,14.5132],[-125.1532,49.0061,72.2382],[-125.1511,49.01,11.1777],[-125.1456,49.0106,54.0351],[-125.1428,49.0067,9.6459],[-125.1466,49.0037,25.7465],[-125.1504,49.003,22.2892],[-125.1518,48.9996,0.0],[-125.1461,48.9969,0.0],[-125.1436,48.9992,0.0],[-125.1467,49.0009,0.0],[-125.1458,49.0017,0.0],[-125.1334,48.9972,24.6349],[-125.132,48.9953,7.4519],[-125.1327,48.9915,0.0],[-125.1262,48.9888,79.721],[-125.1274,48.9794,0.0],[-125.1209,48.9791,7.5528],[-125.1182,48.9758,0.0],[-125.1108,48.9732,0.0],[-125.1025,48.9744,0.0],[-125.0957,48.9728,10.1258],[-125.0864,48.9753,0.0],[-125.0675,48.9897,34.6694],[-125.0606,48.9908,15.9738],[-125.0497,48.9978,12.5526],[-125.0452,48.9937,10.6546],[-125.0456,48.9912,15.0845],[-125.0434,48.9898,1.0],[-125.0407,48.9914,1.0],[-125.0351,48.9909,18.5019],[-125.0267,48.9942,14.4604],[-125.0256,48.9933,2.0],[-125.0267,48.9922,2.0],[-125.0369,48.9881,8.6671],[-125.0682,48.9855,0.5],[-125.0746,48.9805,28.214],[-125.0756,48.9781,8.3905],[-125.0772,48.9786,12.9778],[-125.0831,48.9758,8.22],[-125.0869,48.9717,0.0],[-125.084,48.9723,6.5698],[-125.0803,48.9708,22.4053],[-125.0821,48.9675,8.8184],[-125.0847,48.9664,0.0],[-125.0839,48.9658,0.0],[-125.0661,48.962,0.0],[-125.0581,48.9669,0.0],[-125.0487,48.9683,11.7411],[-125.0447,48.9786,0.0],[-125.0417,48.98,0.0],[-125.0378,48.9781,4.7072],[-125.0364,48.9814,2.5127],[-125.0328,48.9831,1.5778],[-125.0378,48.9753,0.0],[-125.0361,48.9733,0.0],[-125.0306,48.9744,33.7662],[-125.031,48.9772,0.0],[-125.0292,48.9766,0.0],[-125.0252,48.9793,13.5427],[-125.0219,48.9761,0.0],[-125.0184,48.9752,0.0],[-125.0203,48.9711,36.9103],[-125.0308,48.9605,0.0],[-125.0327,48.9561,0.0],[-125.03,48.9547,0.0],[-125.0217,48.9619,0.0],[-125.0172,48.9614,0.0],[-125.0019,48.9658,5.7705],[-125.0011,48.9683,2.7573],[-124.9964,48.9717,0.0],[-124.9978,48.9744,16.37],[-124.9933,48.9769,0.0],[-124.998,48.9797,23.2554],[-124.9973,48.9818,16.5904],[-125.0031,48.9906,4.9181],[-125.0133,49.0,19.1932],[-125.0377,49.0076,0.0],[-125.0402,49.0108,13.2534],[-125.0479,49.0132,0.0],[-125.0474,49.0145,0.0],[-125.0495,49.0167,5.8955],[-125.0483,49.0178,46.469],[-125.0416,49.0205,44.9474],[-125.0353,49.0183,0.0],[-125.031,49.0256,31.0323],[-125.0282,49.0275,33.1962],[-125.0249,49.0261,19.0668],[-125.0247,49.0237,30.6093],[-125.0292,49.0197,25.9161],[-125.0325,49.02,7.0736],[-125.0341,49.0165,0.0],[-125.0305,49.0145,0.0],[-125.0264,49.0148,4.9275],[-125.0232,49.012,0.0],[-125.0187,49.0121,35.7002],[-125.0179,49.0097,0.0],[-124.9972,49.0017,0.0],[-124.9842,48.9914,0.0],[-124.9761,48.9875,9.682],[-124.9836,48.9872,0.0],[-124.9861,48.9844,50.9396],[-124.9847,48.9803,0.0],[-124.9783,48.9836,15.2554],[-124.9753,48.9836,0.0],[-124.9747,48.9857,13.7891],[-124.9678,48.9833,0.0],[-124.9606,48.9842,26.914],[-124.955,48.9867,0.0],[-124.9456,48.9861,22.6889],[-124.9372,48.9825,7.8218],[-124.9223,48.9824,12.2414],[-124.9106,48.9853,4.9898],[-124.9033,48.9908,32.0706],[-124.8967,48.9936,0.0],[-124.8952,48.996,0.0],[-124.8958,48.9989,53.2747],[-124.8914,49.0039,69.7845],[-124.8732,49.0114,37.9263],[-124.8706,49.0147,0.0],[-124.8703,49.0194,0.0],[-124.8664,49.0247,5.5373],[-124.8658,49.0349,25.1808],[-124.862,49.0397,0.0],[-124.86279999999999,49.055,0.0],[-124.8686,49.058,3.6469],[-124.8789,49.0592,0.0],[-124.8831,49.0619,7.9172],[-124.8825,49.0631,0.9144],[-124.88,49.065,6.7332],[-124.8662,49.0657,33.4569],[-124.8557,49.0697,12.6064],[-124.8547,49.0711,40.0295],[-124.8573,49.0733,9.0807],[-124.8559,49.0753,4.5725],[-124.8459,49.079,0.0],[-124.8442,49.0815,0.0],[-124.8373,49.0835,0.0],[-124.8314,49.0878,5.8104],[-124.8349,49.0959,4.5527],[-124.8356,49.1018,0.0],[-124.8263,49.1053,0.0],[-124.8233,49.1094,0.0],[-124.8239,49.1133,1.0425],[-124.8267,49.1156,10.9198],[-124.8211,49.1175,17.6569],[-124.8162,49.1215,12.6579],[-124.816,49.1271,26.515],[-124.8117,49.1408,12.2015],[-124.8113,49.1495,0.0],[-124.8077,49.1543,2.9003],[-124.8096,49.1576,0.0],[-124.8226,49.1667,4.5051],[-124.8284,49.1669,126.0713],[-124.8273,49.168,0.0],[-124.829,49.1702,13.0825],[-124.8288,49.1738,4.9094],[-124.8317,49.1759,0.0],[-124.8314,49.1808,3.9983],[-124.8297,49.1831,0.54],[-124.8226,49.1842,0.8054],[-124.8242,49.1926,24.8676],[-124.8225,49.1936,0.0],[-124.8255,49.1979,0.0],[-124.8253,49.2053,0.0],[-124.8271,49.2103,0.0],[-124.8256,49.2122,0.0],[-124.8278,49.2128,0.0],[-124.8275,49.2171,0.0],[-124.8347,49.2239,0.0],[-124.8337,49.228,0.0],[-124.8389,49.2336,27.5919],[-124.8369,49.2389,24.2426],[-124.8396,49.2481,6.2255],[-124.8372,49.2524,13.0076],[-124.832,49.2524,20.3234],[-124.8378,49.2494,0.5639],[-124.8367,49.2436,0.0],[-124.8336,49.2437,0.0],[-124.8308,49.2467,0.0],[-124.8278,49.2442,0.6846],[-124.8236,49.2445,0.0],[-124.8146,49.2503,0.0],[-124.8138,49.2567,0.7933],[-124.8121,49.2559,3.0171],[-124.8125,49.2499,2.7195],[-124.8189,49.2461,2.9642],[-124.8161,49.2425,0.0],[-124.8171,49.2353,0.5307],[-124.8128,49.2287,0.0],[-124.8172,49.2159,17.0659],[-124.8117,49.2064,0.0],[-124.8128,49.2011,2.6294],[-124.8117,49.1919,0.0],[-124.8161,49.1867,0.0],[-124.8164,49.1833,4.1183],[-124.806,49.1667,0.0],[-124.7969,49.1628,53.1064],[-124.795,49.1589,0.0],[-124.7981,49.1575,0.0],[-124.7978,49.1533,0.0],[-124.7915,49.1503,11.8536],[-124.7889,49.1439,0.0],[-124.7929,49.1413,0.0],[-124.7977,49.1318,21.7877],[-124.8014,49.1303,0.0],[-124.8053,49.1216,7.1201],[-124.8115,49.1175,0.0],[-124.8147,49.1128,20.5038],[-124.8112,49.108,81.2535],[-124.8169,49.1052,0.3937],[-124.8204,49.1003,0.0],[-124.815,49.095,25.2654],[-124.8208,49.0914,0.0],[-124.8196,49.089,61.9162],[-124.8205,49.0868,18.5069],[-124.8367,49.0683,0.0],[-124.8364,49.0636,0.0],[-124.8408,49.0592,0.0],[-124.8386,49.0558,1.5381],[-124.83839999999999,49.0443,0.0],[-124.8427,49.0412,7.3518],[-124.8481,49.0325,5.5946],[-124.8472,49.0292,0.0],[-124.8531,49.0252,22.4549],[-124.8538,49.0215,53.0657],[-124.8571,49.0181,0.0],[-124.8568,49.0121,0.0],[-124.8603,49.004,0.0],[-124.8703,48.9983,49.9659],[-124.8822,48.995,0.0],[-124.8856,48.9906,0.0],[-124.8919,48.9892,0.0],[-124.8947,48.985,8.2596],[-124.8936,48.9808,64.8155],[-124.9062,48.9732,32.1875],[-124.9119,48.9748,9.5689],[-124.9153,48.9733,42.395],[-124.9275,48.9756,0.0],[-124.94,48.9753,49.8065],[-124.9464,48.9772,0.0],[-124.9503,48.9744,15.992],[-124.9561,48.9753,60.1271],[-124.9642,48.9733,22.7418],[-124.9822,48.9644,0.0],[-124.9819,48.9599,22.2112],[-124.9892,48.9567,0.0],[-124.9767,48.9522,21.5354],[-124.9869,48.9508,0.0],[-124.9854,48.9465,67.0062],[-124.9864,48.9397,0.0],[-124.9828,48.9372,34.4664],[-124.9839,48.9363,18.456],[-124.9972,48.94,40.0355],[-125.0039,48.9442,27.6814],[-125.0039,48.9472,0.0],[-125.0183,48.9439,6.4778],[-125.0205,48.9397,22.0766],[-125.0236,48.9383,25.0824],[-125.033,48.9379,0.0],[-125.0319,48.936,0.0],[-125.0286,48.9356,18.3456],[-125.032,48.9345,0.0],[-125.0319,48.9323,0.0],[-125.0281,48.93,0.0],[-125.0214,48.9289,10.3787],[-125.025,48.9264,18.5049],[-125.0221,48.9209,0.0],[-125.0156,48.9215,0.0],[-125.0139,48.9172,8.365],[-125.0074,48.9194,17.6857],[-125.0065,48.9185,8.6246],[-125.0069,48.9156,0.0],[-125.0044,48.9139,5.5939],[-125.0081,48.9125,1.0369],[-125.0114,48.9069,0.0],[-125.0094,48.9047,3.7032],[-125.0131,48.9017,0.0],[-125.0086,48.9006,1.3747],[-125.0097,48.8981,0.2598],[-125.0189,48.8958,2.8435],[-125.0222,48.8917,23.3276],[-125.0293,48.8893,7.8962],[-125.0322,48.8839,0.0],[-125.0375,48.8864,0.0],[-125.0406,48.8836,13.9932],[-125.0449,48.8851,2.2674],[-125.0477,48.8838,10.3867],[-125.0475,48.8786,11.3814],[-125.0489,48.8772,0.0],[-125.0533,48.8769,14.2585],[-125.0492,48.8817,4.9561],[-125.0494,48.8839,0.0],[-125.0568,48.8831,25.7041],[-125.0685,48.8851,25.4999],[-125.0745,48.8846,38.2521],[-125.0742,48.8812,9.7089],[-125.0863,48.8769,32.1237],[-125.0903,48.878,5.458],[-125.091,48.8744,24.3189],[-125.0981,48.8673,1.6422],[-125.1072,48.8639,6.299],[-125.1053,48.8617,25.7434],[-125.1118,48.8525,1.7349],[-125.1197,48.8494,14.6747],[-125.1243,48.85,6.4006],[-125.1298,48.8467,0.0],[-125.1292,48.8448,22.0851],[-125.1344,48.8406,33.5659],[-125.1347,48.8386,0.0],[-125.1328,48.8364,0.0],[-125.1374,48.835,0.0],[-125.1375,48.8242,0.0],[-125.1403,48.8254,2.9644],[-125.1385,48.8349,0.0],[-125.1387,48.8376,3.2033],[-125.1413,48.8397,2.2241],[-125.1448,48.8369,0.0],[-125.1433,48.8356,8.2977],[-125.1442,48.8347,33.7524],[-125.1492,48.8339,0.0],[-125.1561,48.8264,0.0],[-125.155,48.8256,3.1388],[-125.1616,48.8244,0.0],[-125.1661,48.8208,0.0],[-125.1633,48.8181,0.0],[-125.1642,48.8169,36.6609],[-125.1691,48.8185,2.5149],[-125.1696,48.8143,0.0],[-125.1771,48.8158,0.0],[-125.1859,48.8109,0.0],[-125.1866,48.8073,0.0],[-125.1811,48.8053,0.0],[-125.1811,48.8034,1.0655],[-125.1883,48.8017,0.0],[-125.1892,48.8,43.6217],[-125.1922,48.8014,0.0],[-125.1936,48.8003,0.0],[-125.1914,48.7978,13.1303],[-125.1925,48.7964,49.6478],[-125.1947,48.7983,0.0],[-125.201,48.7991,0.0],[-125.2113,48.7977,0.0],[-125.2133,48.7958,0.0],[-125.2106,48.7931,0.0],[-125.2181,48.7894,0.0],[-125.2207,48.7851,0.0],[-125.2139,48.7799,0.0],[-125.2076,48.781,17.5818],[-125.2017,48.785,0.0],[-125.1989,48.7807,4.9586],[-125.1912,48.7841,15.5861],[-125.1866,48.7813,0.0],[-125.1844,48.7822,0.0],[-125.1853,48.7839,0.0],[-125.1836,48.7858,1.2404],[-125.1769,48.7875,8.6026],[-125.1667,48.7839,23.196],[-125.1644,48.7814,11.9474],[-125.1669,48.7781,1.0057],[-125.1597,48.7761,10.7441],[-125.1611,48.7714,8.95],[-125.1575,48.7687,0.0],[-125.1542,48.7704,0.0],[-125.1544,48.7756,22.1321],[-125.1472,48.7756,5.3732],[-125.1455,48.7793,4.4659],[-125.141,48.7825,0.0],[-125.1425,48.7869,0.0],[-125.1297,48.7947,0.0],[-125.1283,48.7972,67.0191],[-125.1181,48.7933,0.0]]],
[[[-125.2042,48.8347,10.9914],[-125.2054,48.8331,20.5958],[-125.213,48.8368,0.0],[-125.2158,48.8361,0.0],[-125.2175,48.8347,0.0],[-125.2161,48.8333,0.3448],[-125.2189,48.8317,0.0],[-125.2189,48.8286,21.1195],[-125.2227,48.8288,0.0],[-125.2228,48.825,55.4541],[-125.2247,48.8267,0.0],[-125.2264,48.8258,0.0],[-125.2251,48.8216,0.0],[-125.2202,48.8198,0.0],[-125.2186,48.8219,0.0],[-125.2133,48.8231,0.0],[-125.2153,48.8244,35.5602],[-125.2125,48.8247,0.0],[-125.2098,48.8276,7.197],[-125.2042,48.8283,0.0],[-125.201,48.8316,0.0],[-125.1978,48.8286,0.0],[-125.1953,48.8308,0.0],[-125.1982,48.8354,17.887],[-125.2047,48.8358,0.0],[-125.2042,48.8347,10.9914]]],
[[[-125.2055,48.839,6.9367],[-125.2083,48.8422,0.0],[-125.2103,48.8411,0.3475],[-125.2092,48.8389,0.0],[-125.2055,48.839,6.9367]]],
[[[-125.1997,48.8494,0.0],[-125.1986,48.8503,0.0],[-125.201,48.8513,0.0],[-125.2066,48.8499,0.0],[-125.2087,48.8469,0.0],[-125.2033,48.8413,0.0],[-125.193,48.8347,0.0],[-125.1931,48.8308,0.0],[-125.1898,48.8295,1.4862],[-125.1886,48.8303,1.4862],[-125.1897,48.8328,4.2756],[-125.185,48.8336,0.0],[-125.1861,48.836,2.9558],[-125.1824,48.8473,0.0],[-125.189,48.8496,0.0],[-125.1955,48.8497,5.5768],[-125.1986,48.8481,20.5517],[-125.2006,48.8486,26.5136],[-125.1997,48.8494,0.0]]],
[[[-125.2296,48.8165,0.0],[-125.2306,48.8198,0.0],[-125.2347,48.8169,0.0],[-125.2339,48.8161,0.0],[-125.2296,48.8165,0.0]]],
[[[-125.2389,48.8303,0.0],[-125.2411,48.8328,0.0],[-125.2458,48.8302,15.8734],[-125.2503,48.8313,0.0],[-125.2527,48.8296,0.0],[-125.2515,48.8263,0.0],[-125.2485,48.8258,12.9338],[-125.2389,48.8303,0.0]]],
[[[-125.2782,48.8969,0.3264],[-125.2845,48.8977,0.0],[-125.2876,48.8955,0.0],[-125.2794,48.8928,0.0],[-125.2782,48.8969,0.3264]]],
[[[-125.2933,48.9022,4.5882],[-125.2901,48.9027,0.0],[-125.2944,48.9044,4.6508],[-125.2992,48.9017,0.0],[-125.2947,48.9028,4.5882],[-125.2933,48.9022,4.5882]]],
[[[-125.3183,48.8628,6.7365],[-125.3149,48.86,0.0],[-125.3117,48.861,19.8023],[-125.3118,48.863,29.8733],[-125.3157,48.865,18.7826],[-125.3183,48.8628,6.7365]]],
[[[-125.3208,48.8678,5.5471],[-125.3242,48.8686,29.2142],[-125.3282,48.8653,0.0],[-125.322,48.8639,6.2861],[-125.32,48.8663,10.3092],[-125.3208,48.8678,5.5471]]],
[[[-125.3553,48.8675,15.416],[-125.3538,48.8681,0.0],[-125.3544,48.87,0.0],[-125.3653,48.8669,0.0],[-125.3575,48.8667,0.0],[-125.3553,48.8675,15.416]]],
[[[-125.3015,48.8803,38.7561],[-125.3105,48.8803,14.0497],[-125.3056,48.8781,0.0],[-125.3069,48.8758,11.5998],[-125.305,48.8733,36.0428],[-125.3097,48.8749,6.2281],[-125.3194,48.875,6.7078],[-125.3294,48.8789,0.0],[-125.3303,48.8778,0.0],[-125.3286,48.8764,0.0],[-125.3297,48.8747,5.0259],[-125.3283,48.8731,0.0],[-125.3247,48.8719,0.0],[-125.3203,48.8733,0.0],[-125.3173,48.867,0.0],[-125.3099,48.864,31.4508],[-125.2898,48.8663,0.0],[-125.2896,48.8695,0.0],[-125.2949,48.8733,8.8227],[-125.2964,48.8776,0.0],[-125.3015,48.8803,38.7561]]],
[[[-125.3279,48.8507,11.3412],[-125.3314,48.8537,12.842],[-125.3339,48.852,6.0336],[-125.3319,48.8497,0.0],[-125.3279,48.8507,11.3412]]],
[[[-125.3153,48.8544,0.0],[-125.3144,48.855,0.0],[-125.3183,48.8564,5.935],[-125.3203,48.8553,0.0],[-125.3194,48.8544,1.8995],[-125.3153,48.8544,0.0]]],
[[[-125.3378,48.8542,1.2129],[-125.3436,48.8619,6.4907],[-125.3494,48.8612,1.6199],[-125.3504,48.8586,4.2514],[-125.3486,48.8564,0.0],[-125.3378,48.8542,1.2129]]],
[[[-125.3344,48.8594,0.0],[-125.3302,48.8598,2.6229],[-125.3342,48.8623,0.0],[-125.3358,48.8614,13.6025],[-125.3344,48.8594,0.0]]],
[[[-125.3633,48.8638,0.0],[-125.3694,48.8661,0.0],[-125.3725,48.8647,0.0],[-125.3668,48.8628,10.8338],[-125.3653,48.8592,0.0],[-125.3603,48.8576,1.8349],[-125.3583,48.8617,1.8131],[-125.3564,48.8601,0.0],[-125.3481,48.8648,0.0],[-125.3547,48.8657,0.0],[-125.3633,48.8638,0.0]]],
[[[-125.3658,48.8727,0.0],[-125.3622,48.8713,0.3478],[-125.3605,48.8718,0.0],[-125.3635,48.8749,7.1352],[-125.3658,48.8727,0.0]]],
[[[-125.486,48.8832,1.1262],[-125.4869,48.8806,0.0],[-125.485,48.8797,0.0],[-125.4839,48.8828,0.0],[-125.486,48.8832,1.1262]]],
[[[-125.3799,48.8855,0.0],[-125.3861,48.8871,0.0],[-125.3865,48.8837,10.9966],[-125.3884,48.8827,0.0],[-125.3842,48.8811,0.0],[-125.3828,48.8822,31.4632],[-125.3824,48.8801,0.0],[-125.3786,48.8792,0.0],[-125.3771,48.8811,0.0],[-125.3799,48.8855,0.0]]],
[[[-125.3481,48.8772,0.0],[-125.3519,48.8786,16.0019],[-125.3551,48.8764,0.0],[-125.3447,48.8723,24.0412],[-125.3384,48.8736,0.0],[-125.3319,48.8772,0.0],[-125.3344,48.8778,0.0],[-125.3368,48.876,9.1909],[-125.3481,48.8772,0.0]]],
[[[-125.3153,48.8822,0.0],[-125.3186,48.8836,0.711],[-125.3203,48.8828,0.0],[-125.3175,48.8811,0.0],[-125.3153,48.8822,0.0]]],
[[[-125.3458,48.8978,0.0],[-125.3506,48.8986,0.0],[-125.3444,48.8958,4.4564],[-125.3442,48.8972,0.0],[-125.3458,48.8978,0.0]]],
[[[-125.3444,48.9064,13.2255],[-125.3529,48.906,3.705],[-125.3489,48.9007,0.0],[-125.3422,48.9014,18.5507],[-125.3422,48.8961,1.8992],[-125.3372,48.8986,3.6253],[-125.3398,48.8932,1.5492],[-125.3389,48.8925,1.5492],[-125.3333,48.8911,9.6267],[-125.3284,48.8932,11.8262],[-125.3315,48.8992,3.8851],[-125.3297,48.9006,0.0],[-125.3306,48.9014,0.715],[-125.3444,48.9064,13.2255]]],
[[[-125.3919,48.8861,0.0],[-125.3883,48.8872,0.0],[-125.3956,48.8872,0.0],[-125.3931,48.8858,0.0],[-125.3919,48.8861,0.0]]],
[[[-125.376,48.887,0.0],[-125.3723,48.8889,1.2878],[-125.3798,48.8937,0.0],[-125.3792,48.8917,29.8775],[-125.3826,48.8889,9.6647],[-125.376,48.887,0.0]]],
[[[-125.3827,48.8942,0.0],[-125.3869,48.8944,0.0],[-125.3908,48.8919,0.0],[-125.3883,48.8903,0.0],[-125.3864,48.8922,0.0],[-125.3839,48.8907,0.0],[-125.3809,48.8925,0.0],[-125.3827,48.8942,0.0]]],
[[[-125.4531,48.8918,0.0],[-125.4539,48.8936,1.2291],[-125.457,48.8932,0.0],[-125.4548,48.891,1.5908],[-125.4531,48.8918,0.0]]],
[[[-125.3759,48.8963,1.6731],[-125.376,48.894,4.1453],[-125.3716,48.8951,15.9898],[-125.3723,48.8966,10.6084],[-125.3759,48.8963,1.6731]]],
[[[-125.4331,48.8992,0.0],[-125.4356,48.8975,0.0],[-125.4347,48.8964,0.0],[-125.4314,48.8997,0.0],[-125.4331,48.8992,0.0]]],
[[[-125.5119,48.9008,3.7174],[-125.5106,48.9003,0.0],[-125.5092,48.9008,0.0],[-125.51,48.9022,0.0],[-125.5119,48.9008,3.7174]]],
[[[-125.3753,48.9042,2.8658],[-125.3723,48.9029,0.0],[-125.3699,48.9053,0.0],[-125.3735,48.9082,3.3746],[-125.3772,48.9061,2.3353],[-125.3753,48.9042,2.8658]]],
[[[-125.4729,48.9067,0.0],[-125.469,48.9046,0.0],[-125.4667,48.9053,0.0],[-125.4712,48.9099,2.2419],[-125.4724,48.9099,0.0],[-125.4729,48.9067,0.0]]],
[[[-125.3575,48.9069,0.0],[-125.3519,48.9086,0.3588],[-125.3681,48.9086,1.8367],[-125.3686,48.9076,1.8367],[-125.3653,48.9058,0.0],[-125.3628,48.9075,1.4826],[-125.3575,48.9069,0.0]]],
[[[-125.5136,48.9136,0.2018],[-125.5161,48.9156,0.0],[-125.5186,48.9144,0.0],[-125.5189,48.9128,0.0],[-125.5161,48.9103,0.0],[-125.5214,48.9014,0.0],[-125.5156,48.9036,1.3054],[-125.5128,48.9031,0.0],[-125.5083,48.9069,0.0],[-125.5083,48.9097,0.0],[-125.5108,48.9103,2.0462],[-125.5136,48.9136,0.2018]]],
[[[-125.5014,48.9192,0.0],[-125.5031,48.9181,0.0],[-125.5022,48.9172,13.5469],[-125.4983,48.9175,0.0],[-125.4994,48.9192,0.0],[-125.5014,48.9192,0.0]]],
[[[-125.3553,48.9009,0.0],[-125.3561,48.8996,0.0],[-125.3544,48.8986,0.0],[-125.3518,48.9009,0.0],[-125.3529,48.902,10.3083],[-125.3553,48.9009,0.0]]],
[[[-125.3251,48.9129,11.5366],[-125.3277,48.9154,0.0],[-125.3307,48.9154,1.4349],[-125.3305,48.9098,19.7841],[-125.3342,48.9106,0.0],[-125.3358,48.9092,15.2784],[-125.3336,48.9069,0.0],[-125.3279,48.908,12.1041],[-125.3274,48.9058,38.892],[-125.3248,48.9048,2.4312],[-125.3104,48.9083,0.0],[-125.3108,48.912,0.0],[-125.3156,48.9147,11.6771],[-125.3251,48.9129,11.5366]]],
[[[-125.3204,48.9164,3.7245],[-125.3181,48.9192,0.8119],[-125.3244,48.9178,2.6308],[-125.323,48.9158,2.1735],[-125.3204,48.9164,3.7245]]],
[[[-125.3361,48.9258,0.0],[-125.3403,48.9269,0.0],[-125.3458,48.9228,0.0],[-125.3342,48.9161,8.7986],[-125.3476,48.9181,3.2816],[-125.35,48.9161,2.6427],[-125.3402,48.9118,0.0],[-125.3325,48.9145,13.044],[-125.3294,48.9183,0.0],[-125.3211,48.9222,0.0],[-125.3361,48.9258,0.0]]],
[[[-125.4857,48.919,6.6863],[-125.4869,48.9186,0.0],[-125.4828,48.9186,0.0],[-125.4839,48.9197,0.0],[-125.4857,48.919,6.6863]]],
[[[-125.3726,48.9209,0.0],[-125.3676,48.9195,9.4065],[-125.3645,48.9225,0.0],[-125.3658,48.9233,8.1315],[-125.3726,48.9209,0.0]]],
[[[-125.3866,48.9327,0.0],[-125.3839,48.9308,2.5924],[-125.3823,48.932,0.0],[-125.385,48.9335,2.7559],[-125.3866,48.9327,0.0]]],
[[[-125.2864,48.9039,0.0],[-125.2842,48.9056,0.0],[-125.2861,48.9072,0.0],[-125.2894,48.9047,0.0],[-125.2864,48.9039,0.0]]],
[[[-125.2896,48.9063,6.5752],[-125.2875,48.9078,0.0],[-125.2883,48.9086,0.0],[-125.2935,48.9094,5.8216],[-125.2966,48.9077,10.4564],[-125.2949,48.9064,6.9287],[-125.2896,48.9063,6.5752]]],
[[[-125.27,48.9108,0.0],[-125.275,48.9122,0.0],[-125.275,48.9072,0.0],[-125.2694,48.9069,2.2129],[-125.2697,48.9049,0.5708],[-125.266,48.9042,6.2194],[-125.2609,48.9058,0.0],[-125.2667,48.9093,0.0],[-125.27,48.9108,0.0]]],
[[[-125.2926,48.9117,6.0506],[-125.2894,48.9101,0.0],[-125.2854,48.9121,9.5839],[-125.2874,48.9135,15.6359],[-125.2926,48.9117,6.0506]]],
[[[-125.248,48.9171,0.0],[-125.2584,48.9177,0.0],[-125.2615,48.9165,0.0],[-125.2638,48.9127,4.2456],[-125.2621,48.9105,0.0],[-125.2583,48.9111,18.8927],[-125.2586,48.9089,0.0],[-125.2514,48.9076,0.0],[-125.2506,48.9097,7.1525],[-125.2439,48.9115,1.492],[-125.2427,48.9159,1.2142],[-125.248,48.9171,0.0]]],
[[[-125.3083,48.9167,0.3929],[-125.3081,48.9153,0.0],[-125.3067,48.9156,2.8236],[-125.3042,48.9186,0.0],[-125.3061,48.9189,0.0],[-125.3083,48.9167,0.3929]]],
[[[-125.2319,48.9186,0.0],[-125.2308,48.9194,0.0],[-125.2331,48.9208,0.0],[-125.2358,48.9192,0.0],[-125.2347,48.9181,0.0],[-125.2319,48.9186,0.0]]],
[[[-125.3067,48.9216,2.8137],[-125.3054,48.9202,0.0],[-125.3036,48.9211,3.6739],[-125.3056,48.9224,0.0],[-125.3067,48.9216,2.8137]]],
[[[-125.2418,48.9218,0.0],[-125.2408,48.9228,0.0],[-125.2428,48.9234,4.6965],[-125.2478,48.9214,0.0],[-125.2464,48.9208,2.6546],[-125.2418,48.9218,0.0]]],
[[[-125.2842,48.9286,0.0],[-125.2936,48.9292,0.0],[-125.2933,48.9236,0.0],[-125.2903,48.9242,5.9502],[-125.2903,48.9217,0.0],[-125.2864,48.9225,13.808],[-125.2828,48.9211,1.8021],[-125.2836,48.9192,9.5684],[-125.2903,48.9186,0.0],[-125.2908,48.915,0.0],[-125.2772,48.9183,4.7084],[-125.2755,48.9158,7.3148],[-125.271,48.9164,0.0],[-125.2695,48.9146,0.0],[-125.2629,48.9174,2.2109],[-125.2635,48.92,0.0],[-125.2692,48.9239,0.0],[-125.2822,48.9269,13.4636],[-125.2842,48.9286,0.0]]],
[[[-125.2328,48.9244,0.0],[-125.2375,48.9262,11.9499],[-125.2407,48.9245,0.0],[-125.23,48.9209,5.3391],[-125.2253,48.9226,15.5101],[-125.2258,48.9238,0.0],[-125.2328,48.9244,0.0]]],
[[[-125.2469,48.9236,0.0],[-125.2475,48.9244,0.0],[-125.2489,48.9242,3.2187],[-125.2481,48.9228,3.6356],[-125.2469,48.9236,0.0]]],
[[[-125.3475,48.9186,3.2816],[-125.3456,48.9194,0.0],[-125.3478,48.9206,0.0],[-125.3489,48.9194,0.0],[-125.3475,48.9186,3.2816]]],
[[[-125.3167,48.9193,18.4086],[-125.3145,48.9168,0.5221],[-125.3132,48.9173,0.0],[-125.3144,48.9224,0.0],[-125.3185,48.9219,14.1523],[-125.3167,48.9193,18.4086]]],
[[[-125.3086,48.9378,0.0],[-125.3071,48.9406,2.0546],[-125.3198,48.9407,0.0],[-125.3131,48.9344,10.7424],[-125.3104,48.9348,0.0],[-125.3086,48.9378,0.0]]],
[[[-125.3276,48.941,16.932],[-125.3235,48.9389,5.595],[-125.3215,48.9425,0.0],[-125.3274,48.9438,0.0],[-125.3276,48.941,16.932]]],
[[[-125.1635,48.8523,0.0],[-125.1665,48.8531,1.5184],[-125.1697,48.8565,0.0],[-125.1725,48.8551,8.8766],[-125.1745,48.8562,0.0],[-125.1785,48.8546,0.2572],[-125.1805,48.8501,0.0],[-125.1754,48.8473,19.5013],[-125.1664,48.8465,0.0],[-125.1618,48.8488,12.9173],[-125.1635,48.8523,0.0]]],
[[[-125.1161,48.8533,1.2782],[-125.1197,48.855,6.0375],[-125.1244,48.8519,0.0],[-125.1197,48.8508,15.8538],[-125.1161,48.8533,1.2782]]],
[[[-125.1717,48.8653,0.0],[-125.1668,48.8646,0.0],[-125.164,48.8664,4.8048],[-125.1639,48.8708,10.8032],[-125.1656,48.8733,8.531],[-125.1671,48.8736,8.531],[-125.1696,48.8692,0.0],[-125.1736,48.8671,0.0],[-125.1717,48.8653,0.0]]],
[[[-125.1225,48.8975,0.0],[-125.1336,48.898,9.268],[-125.1371,48.8923,0.0],[-125.1399,48.8919,18.5724],[-125.1421,48.8896,6.8741],[-125.1417,48.8857,0.7584],[-125.1444,48.8826,11.0471],[-125.15,48.8849,4.3337],[-125.1588,48.8823,0.0],[-125.1598,48.8795,0.0],[-125.1631,48.8774,0.5529],[-125.1617,48.8733,0.0],[-125.1595,48.8725,1.2432],[-125.1559,48.875,0.0],[-125.1511,48.8748,3.081],[-125.1485,48.8776,6.3404],[-125.1398,48.8813,2.2386],[-125.1307,48.881,5.8071],[-125.1251,48.8851,0.0],[-125.1216,48.8846,3.1021],[-125.1213,48.8874,14.5505],[-125.1142,48.8925,2.7456],[-125.1183,48.8941,5.5155],[-125.1211,48.898,0.0],[-125.1225,48.8975,0.0]]],
[[[-125.0769,48.8842,0.0],[-125.0758,48.8842,0.4179],[-125.0758,48.8847,0.4179],[-125.0778,48.8847,0.0],[-125.0769,48.8842,0.0]]],
[[[-125.0272,48.8928,14.3505],[-125.0308,48.8906,0.0],[-125.0236,48.8922,29.1621],[-125.0206,48.8958,0.0],[-125.0242,48.8947,8.5943],[-125.0272,48.8928,14.3505]]],
[[[-125.1164,48.913,0.0],[-125.1146,48.9106,0.0],[-125.1109,48.9111,0.0],[-125.1143,48.9139,0.0],[-125.1164,48.913,0.0]]],
[[[-125.1339,48.9177,9.3364],[-125.1359,48.9157,0.0],[-125.1342,48.9148,0.0],[-125.1279,48.9182,4.0282],[-125.1295,48.9191,0.0],[-125.1339,48.9177,9.3364]]],
[[[-125.0565,48.9533,29.8879],[-125.0655,48.9541,3.3727],[-125.0708,48.9489,0.0],[-125.0816,48.9468,0.0],[-125.0817,48.9446,19.0302],[-125.089,48.9393,10.3148],[-125.0857,48.9371,0.0],[-125.0981,48.9333,0.0],[-125.1066,48.9262,8.6418],[-125.1084,48.9234,0.0],[-125.1014,48.9189,12.2367],[-125.1033,48.9181,47.0103],[-125.108,48.9197,7.7358],[-125.1087,48.9176,9.1979],[-125.1131,48.9151,0.0],[-125.1124,48.9136,0.0],[-125.1082,48.9135,0.0],[-125.1069,48.9087,26.0589],[-125.1212,48.904,0.0],[-125.1176,48.9016,29.476],[-125.1166,48.8958,4.7764],[-125.113,48.8933,0.0],[-125.1068,48.8931,0.0],[-125.0997,48.8969,7.9899],[-125.0952,48.8954,0.0],[-125.0856,48.897,0.0],[-125.0805,48.9014,0.0],[-125.0833,48.903,28.9696],[-125.0786,48.9056,0.0],[-125.0811,48.9067,6.1273],[-125.0803,48.9078,8.3401],[-125.0727,48.9069,0.0],[-125.067,48.9093,20.2916],[-125.0623,48.915,0.0],[-125.0624,48.9178,0.0],[-125.057,48.9207,4.6312],[-125.0585,48.9254,37.8213],[-125.0552,48.9315,0.0],[-125.055,48.9369,0.0],[-125.0497,48.9382,0.0],[-125.0455,48.9415,0.0],[-125.0497,48.9521,0.0],[-125.0565,48.9533,29.8879]]],
[[[-125.1236,48.9239,0.0],[-125.1203,48.9247,0.1694],[-125.119,48.9265,0.7346],[-125.1256,48.9247,0.0],[-125.1236,48.9239,0.0]]],
[[[-125.0386,48.9075,0.0],[-125.0364,48.9075,6.5631],[-125.0356,48.9083,0.0],[-125.0379,48.9096,0.0],[-125.0386,48.9075,0.0]]],
[[[-125.0353,48.9122,0.0],[-125.0367,48.9108,0.0],[-125.0367,48.91,2.8364],[-125.0331,48.9122,0.0],[-125.0353,48.9122,0.0]]],
[[[-125.0264,48.9283,24.5071],[-125.0336,48.9294,8.8404],[-125.0358,48.9283,0.0],[-125.0325,48.9244,13.8096],[-125.0314,48.9194,8.3723],[-125.0275,48.9186,0.0],[-125.0261,48.9203,0.0],[-125.0272,48.9219,0.0],[-125.025,48.9225,0.0],[-125.0244,48.9244,20.6729],[-125.0269,48.9264,19.4167],[-125.0253,48.9281,19.9935],[-125.0264,48.9283,24.5071]]],
[[[-125.0807,48.9564,0.0],[-125.0783,48.9566,0.0],[-125.0778,48.9594,0.0],[-125.0881,48.957,2.6396],[-125.0866,48.9541,15.9621],[-125.0807,48.9564,0.0]]],
[[[-125.2624,48.9262,8.2311],[-125.2622,48.9273,0.0],[-125.2663,48.9276,0.0],[-125.2691,48.9265,0.0],[-125.2645,48.925,0.0],[-125.2624,48.9262,8.2311]]],
[[[-125.2592,48.9285,5.8326],[-125.2568,48.9268,0.0],[-125.2553,48.9281,0.0],[-125.2562,48.9291,0.0],[-125.2592,48.9285,5.8326]]],
[[[-125.2534,48.9376,0.0],[-125.2636,48.9386,0.0],[-125.2681,48.9347,19.4275],[-125.2717,48.9361,2.1311],[-125.2739,48.9353,0.0],[-125.2709,48.9339,9.7452],[-125.27,48.9298,0.0],[-125.2649,48.9295,7.2682],[-125.2565,48.9318,0.0],[-125.2545,48.9293,0.0],[-125.251,48.9297,0.0],[-125.2506,48.9281,8.9125],[-125.2553,48.9258,4.9234],[-125.2528,48.9242,13.3534],[-125.2477,48.9258,18.2297],[-125.245,48.9245,4.6594],[-125.2418,48.9258,2.7636],[-125.2433,48.9272,22.0947],[-125.2386,48.9269,11.9499],[-125.235,48.9286,0.0],[-125.2372,48.93,2.0394],[-125.2386,48.9289,1.1168],[-125.2397,48.9308,15.6873],[-125.2534,48.9376,0.0]]],
[[[-125.2833,48.9331,0.0],[-125.2811,48.9322,3.6959],[-125.2794,48.9339,0.0],[-125.2833,48.9342,0.0],[-125.2833,48.9331,0.0]]],
[[[-125.2681,48.9419,30.4093],[-125.2722,48.9433,18.5538],[-125.2756,48.9425,6.2137],[-125.2733,48.9408,14.0044],[-125.275,48.9394,0.0],[-125.2708,48.9367,2.1311],[-125.2675,48.9369,0.0],[-125.2642,48.9397,5.2166],[-125.2681,48.9419,30.4093]]],
[[[-125.2856,48.9494,4.0283],[-125.2833,48.9492,0.0],[-125.2828,48.9497,0.0],[-125.2867,48.9508,0.0],[-125.2856,48.9494,4.0283]]],
[[[-125.205,48.9542,24.6995],[-125.205,48.9592,15.4706],[-125.2092,48.9583,20.6051],[-125.2167,48.9511,9.9365],[-125.2242,48.9492,0.0],[-125.2272,48.9461,0.0],[-125.225,48.9436,0.0],[-125.22,48.9453,0.0],[-125.2169,48.9428,0.0],[-125.2114,48.9436,0.0],[-125.205,48.9542,24.6995]]],
[[[-125.2814,48.9519,0.0],[-125.2844,48.9531,4.0884],[-125.2853,48.9531,0.0],[-125.2831,48.9514,0.0],[-125.2814,48.9519,0.0]]],
[[[-125.259,48.9524,0.0],[-125.2567,48.9511,0.0],[-125.255,48.9519,0.0],[-125.2558,48.9533,0.0],[-125.259,48.9524,0.0]]],
[[[-125.2886,48.9525,4.3607],[-125.2867,48.9525,0.0],[-125.2867,48.9536,0.0],[-125.2892,48.9542,0.0],[-125.2886,48.9525,4.3607]]],
[[[-125.2792,48.9564,1.5288],[-125.2808,48.9594,0.0],[-125.2881,48.9586,0.0],[-125.2844,48.9556,12.0404],[-125.2792,48.9564,1.5288]]],
[[[-125.2842,48.9597,0.0],[-125.2831,48.9594,0.0],[-125.2822,48.9606,0.0],[-125.2856,48.9608,0.0],[-125.2842,48.9597,0.0]]],
[[[-125.1911,48.9619,0.0],[-125.1886,48.9644,0.0],[-125.1889,48.9694,5.8567],[-125.1928,48.9739,0.0],[-125.1964,48.9706,15.77],[-125.1961,48.9669,57.3554],[-125.1997,48.9617,7.7914],[-125.2039,48.9597,11.4295],[-125.2036,48.9539,3.0393],[-125.2028,48.9531,0.0],[-125.2019,48.9561,0.0],[-125.1997,48.9567,0.0],[-125.1969,48.9519,0.0],[-125.1925,48.9522,0.0],[-125.1914,48.9542,0.0],[-125.1933,48.9586,0.0],[-125.1911,48.9619,0.0]]],
[[[-125.1633,48.9717,0.0],[-125.1575,48.9753,0.0],[-125.1603,48.9756,0.0],[-125.1644,48.9725,0.0],[-125.1633,48.9717,0.0]]],
[[[-125.1722,48.9758,0.0],[-125.1728,48.9769,0.0],[-125.175,48.9762,0.0],[-125.1747,48.9753,0.0],[-125.1722,48.9758,0.0]]],
[[[-125.1853,49.0033,0.0],[-125.1881,49.0019,0.0],[-125.1883,49.0014,0.0],[-125.1833,49.0028,0.0],[-125.1853,49.0033,0.0]]],
[[[-125.1119,48.9278,0.0],[-125.11,48.9286,0.0],[-125.1106,48.9297,2.9232],[-125.1133,48.9297,0.0],[-125.1136,48.9294,0.0],[-125.1119,48.9278,0.0]]],
[[[-125.1085,48.9331,0.0],[-125.1036,48.9362,1.0506],[-125.111,48.9354,25.4883],[-125.1196,48.9317,0.0],[-125.1165,48.9303,0.0],[-125.1085,48.9331,0.0]]],
[[[-125.0994,48.9361,4.1782],[-125.1002,48.9346,0.0],[-125.0954,48.9362,3.9617],[-125.0967,48.9369,3.9617],[-125.0994,48.9361,4.1782]]],
[[[-125.0931,48.9443,0.0],[-125.0942,48.9428,0.0],[-125.0931,48.9421,4.4309],[-125.0917,48.9431,4.4309],[-125.0931,48.9443,0.0]]],
[[[-125.0961,48.9403,0.0],[-125.0944,48.9411,0.0],[-125.0956,48.9447,0.0],[-125.0972,48.9464,0.0],[-125.0994,48.9461,0.0],[-125.0967,48.9425,0.0],[-125.0975,48.9414,0.0],[-125.0961,48.9403,0.0]]],
[[[-125.0913,48.9463,0.0],[-125.0881,48.9458,5.7515],[-125.0865,48.9491,0.0],[-125.0907,48.9522,0.0],[-125.0951,48.9506,0.0],[-125.0957,48.9489,0.0],[-125.0913,48.9463,0.0]]],
[[[-125.1578,48.9486,0.0],[-125.1558,48.9481,0.0],[-125.1539,48.9497,0.0],[-125.1564,48.9503,0.0],[-125.1578,48.9486,0.0]]],
[[[-125.2053,48.9486,0.0],[-125.1994,48.9489,11.6943],[-125.1978,48.9508,0.0],[-125.1992,48.9522,0.0],[-125.2039,48.9508,0.0],[-125.2053,48.9486,0.0]]],
[[[-125.0264,48.97,0.0],[-125.0286,48.9708,0.0],[-125.031,48.9692,0.0],[-125.0284,48.9687,0.0],[-125.0264,48.97,0.0]]],
[[[-125.0328,48.9703,0.0],[-125.0353,48.9706,4.7863],[-125.0367,48.9692,2.892],[-125.0339,48.9692,11.9738],[-125.0328,48.9703,0.0]]],
[[[-124.9736,48.9819,0.0],[-124.9722,48.9817,0.0],[-124.9714,48.9828,0.0],[-124.9739,48.9833,0.4945],[-124.9736,48.9819,0.0]]],
[[[-124.9864,48.9886,27.2217],[-124.9926,48.9918,28.7868],[-124.9958,48.9898,0.0],[-124.9886,48.9869,0.0],[-124.9864,48.9886,27.2217]]],
[[[-125.295,48.9617,0.0],[-125.2928,48.9631,0.0],[-125.2964,48.9642,0.0],[-125.2983,48.9625,2.5048],[-125.2981,48.9617,0.0],[-125.295,48.9617,0.0]]],
[[[-125.3047,49.0186,0.0],[-125.2988,49.0191,0.0],[-125.3036,49.0206,0.0],[-125.3058,49.0194,3.8985],[-125.3047,49.0186,0.0]]],
[[[-125.3125,49.0259,4.8866],[-125.3172,49.0261,6.8476],[-125.3144,49.0233,0.0],[-125.312,49.0248,9.0629],[-125.3125,49.0259,4.8866]]],
[[[-125.3403,49.034,0.0],[-125.3389,49.0339,0.0],[-125.3397,49.0361,0.0],[-125.3411,49.0358,0.0],[-125.3403,49.034,0.0]]],
[[[-124.8273,49.2308,0.0],[-124.8262,49.2294,0.0],[-124.8268,49.2322,0.0],[-124.8279,49.2322,0.0],[-124.8273,49.2308,0.0]]],
[[[-124.8264,49.2366,0.0],[-124.8248,49.2366,0.0],[-124.8248,49.2374,0.0],[-124.8275,49.2374,0.0],[-124.8264,49.2366,0.0]]],
[[[-125.523,48.9209,0.6038],[-125.5218,48.922,0.6038],[-125.5227,48.9241,2.9073],[-125.5269,48.9228,10.4293],[-125.5264,48.9217,0.0],[-125.523,48.9209,0.6038]]],
[[[-125.5442,48.9267,0.557],[-125.5436,48.9283,4.6859],[-125.5449,48.9292,0.0],[-125.5468,48.9269,1.0618],[-125.5508,48.9281,1.2382],[-125.5522,48.9261,0.0],[-125.5486,48.9242,0.0],[-125.5442,48.9267,0.557]]],
[[[-125.4303,48.9506,0.0],[-125.4281,48.9497,0.0],[-125.4275,48.9508,0.0],[-125.4283,48.9514,0.0],[-125.4303,48.9506,0.0]]],
[[[-125.4047,48.9529,0.0],[-125.4084,48.9559,0.0],[-125.4157,48.9523,0.0],[-125.4142,48.9491,7.4739],[-125.4103,48.9478,0.0],[-125.4042,48.9514,0.0],[-125.4047,48.9529,0.0]]],
[[[-125.3619,48.9544,0.0],[-125.3671,48.9569,0.0],[-125.365,48.9547,0.0],[-125.3669,48.9531,4.9694],[-125.3661,48.9519,0.0],[-125.3622,48.9528,0.0],[-125.3619,48.9544,0.0]]],
[[[-125.545,48.9458,0.0],[-125.5436,48.9447,0.0],[-125.5427,48.9455,0.0],[-125.5439,48.9469,0.0],[-125.545,48.9458,0.0]]],
[[[-125.5722,48.9614,0.0],[-125.5713,48.9628,3.969],[-125.5771,48.969,0.0],[-125.5828,48.9665,19.6583],[-125.58,48.9634,0.0],[-125.5722,48.9614,0.0]]],
[[[-125.6136,48.9648,0.0],[-125.6115,48.9653,0.0],[-125.6154,48.9662,0.0],[-125.6151,48.965,0.0],[-125.6136,48.9648,0.0]]],
[[[-125.6081,48.9672,0.0],[-125.6089,48.9661,0.0],[-125.6061,48.9647,0.0],[-125.6069,48.9661,0.457],[-125.6081,48.9672,0.0]]],
[[[-125.3593,48.9458,0.0],[-125.3592,48.9467,0.0],[-125.3612,48.9464,0.0],[-125.3603,48.9458,0.0],[-125.3593,48.9458,0.0]]],
[[[-125.3139,48.9508,3.574],[-125.3197,48.9535,0.0],[-125.3253,48.9503,13.9762],[-125.3269,48.9475,2.4327],[-125.3198,48.9488,24.2144],[-125.3153,48.947,0.0],[-125.3099,48.9508,0.9734],[-125.3109,48.9519,0.9734],[-125.3139,48.9508,3.574]]],
[[[-125.3383,48.985,4.3884],[-125.3392,48.9853,4.3884],[-125.3408,48.9844,0.0],[-125.3392,48.9839,4.3884],[-125.3383,48.985,4.3884]]],
[[[-125.3403,48.9894,21.0826],[-125.3469,48.9919,35.4307],[-125.3531,48.9908,13.6711],[-125.3556,48.9894,0.0],[-125.3544,48.9872,31.4455],[-125.3564,48.9869,0.0],[-125.3536,48.9858,32.5006],[-125.3556,48.9814,0.0],[-125.3522,48.9814,0.0],[-125.3494,48.9836,5.082],[-125.3481,48.9836,18.0168],[-125.3497,48.9831,5.082],[-125.3492,48.9817,0.0],[-125.3469,48.9825,18.0168],[-125.3494,48.9856,23.5705],[-125.3436,48.9842,6.226],[-125.3411,48.9844,0.0],[-125.34,48.9867,0.0],[-125.3369,48.9861,2.5077],[-125.3378,48.9889,0.0],[-125.3403,48.9894,21.0826]]],
[[[-125.3844,48.9672,0.0],[-125.3878,48.9703,0.0],[-125.39,48.9669,0.0],[-125.3894,48.9633,0.0],[-125.385,48.9631,0.0],[-125.3844,48.9672,0.0]]],
[[[-125.3572,48.9734,6.1757],[-125.3573,48.975,3.2148],[-125.3621,48.9769,0.0],[-125.3678,48.9749,0.0],[-125.3689,48.9723,8.0087],[-125.365,48.9697,0.0],[-125.3619,48.9697,0.0],[-125.3583,48.9703,0.0],[-125.3572,48.9734,6.1757]]],
[[[-125.3808,48.975,0.0],[-125.3794,48.9761,0.0],[-125.3806,48.9778,0.0],[-125.3819,48.9764,0.0],[-125.3808,48.975,0.0]]],
[[[-125.3781,48.9808,0.0],[-125.3792,48.9804,0.0],[-125.3788,48.9796,0.0],[-125.3778,48.9797,0.0],[-125.3781,48.9808,0.0]]],
[[[-125.3749,48.9839,0.0],[-125.3768,48.9836,5.4876],[-125.3769,48.9825,5.4876],[-125.3742,48.9837,0.0],[-125.3749,48.9839,0.0]]],
[[[-125.3567,48.99,20.8851],[-125.3558,48.9925,0.0],[-125.3608,48.9908,5.6526],[-125.3617,48.9881,0.0],[-125.3578,48.9878,2.8744],[-125.3567,48.99,20.8851]]],
[[[-125.35,48.992,45.1219],[-125.348,48.9925,3.8558],[-125.3474,48.9933,3.8558],[-125.3493,48.9942,0.0],[-125.35,48.992,45.1219]]],
[[[-125.3394,49.0014,45.7305],[-125.3475,49.0031,17.9855],[-125.3486,49.0019,0.0],[-125.3472,49.0006,29.9295],[-125.3497,48.9986,4.7759],[-125.3458,48.9936,0.0],[-125.3408,48.993899999999996,16.2905],[-125.3369,48.9922,14.7426],[-125.3322,48.9933,2.9111],[-125.335,48.9942,12.4914],[-125.3339,48.9983,0.0],[-125.3394,49.0014,45.7305]]],
[[[-125.3306,49.0239,5.6605],[-125.33,49.0253,5.6605],[-125.3328,49.0269,16.4864],[-125.3383,49.0267,0.0],[-125.3372,49.025,5.4268],[-125.339,49.0243,0.0],[-125.3339,49.0208,4.2736],[-125.3308,49.0219,0.0],[-125.3319,49.0231,0.0],[-125.3306,49.0239,5.6605]]],
[[[-125.6431,48.9766,0.0],[-125.641,48.9757,0.0],[-125.6398,48.9783,0.0],[-125.6445,48.9816,0.697],[-125.6463,48.9786,0.0],[-125.6431,48.9766,0.0]]],
[[[-125.6664,48.9906,0.0],[-125.6656,48.9931,0.0],[-125.6706,48.9933,0.0],[-125.67,48.9922,0.0],[-125.6664,48.9906,0.0]]],
[[[-125.7222,49.0381,0.0],[-125.7194,49.0372,0.0],[-125.7186,49.0383,0.0],[-125.7227,49.0398,0.0],[-125.7222,49.0381,0.0]]],
[[[-125.8091,49.0593,0.0],[-125.8111,49.0578,7.5914],[-125.8103,49.056,0.0],[-125.8067,49.0581,0.0],[-125.8091,49.0593,0.0]]],
[[[-125.8386,49.0694,10.4985],[-125.8403,49.0703,1.9375],[-125.8411,49.0674,0.2786],[-125.84,49.0681,0.6335],[-125.8386,49.0694,10.4985]]],
[[[-125.8544,49.0717,0.0],[-125.8583,49.0728,0.0],[-125.8594,49.0711,0.0],[-125.8542,49.0664,0.0],[-125.8531,49.0689,0.0],[-125.8544,49.0717,0.0]]],
[[[-125.7389,49.0931,0.0],[-125.7408,49.0919,0.0],[-125.7403,49.0908,0.0],[-125.7383,49.0917,0.0],[-125.7389,49.0931,0.0]]],
[[[-125.7356,49.095,0.0],[-125.7378,49.095,0.0],[-125.7336,49.0933,0.0],[-125.7344,49.0944,0.0],[-125.7356,49.095,0.0]]],
[[[-125.7417,49.0942,0.0],[-125.7417,49.0953,0.0],[-125.7475,49.0947,0.0],[-125.7425,49.0936,0.0],[-125.7417,49.0942,0.0]]],
[[[-125.7478,49.0983,0.0],[-125.7464,49.1022,0.0],[-125.7492,49.1011,0.0],[-125.7483,49.0986,0.0],[-125.7495,49.0983,0.0],[-125.7478,49.0983,0.0]]],
[[[-125.7763,49.108,0.0],[-125.7733,49.1074,0.0],[-125.776,49.1088,0.0],[-125.7794,49.1078,0.0],[-125.7774,49.1074,0.0],[-125.7763,49.108,0.0]]],
[[[-125.7806,49.1133,0.0],[-125.7774,49.1126,0.0],[-125.7831,49.1147,0.0],[-125.7883,49.1119,4.7396],[-125.7836,49.1111,0.0],[-125.7806,49.1133,0.0]]],
[[[-125.7851,49.1207,0.0],[-125.7831,49.1215,0.0],[-125.787,49.1202,0.0],[-125.7872,49.1181,0.0],[-125.7856,49.1183,0.0],[-125.7865,49.1192,0.0],[-125.7851,49.1207,0.0]]],
[[[-125.8811,49.1219,0.0],[-125.8797,49.1228,0.0],[-125.8819,49.1236,0.0],[-125.8828,49.1222,0.0],[-125.8811,49.1219,0.0]]],
[[[-125.8392,49.1253,0.0],[-125.8408,49.1267,6.1007999999999996],[-125.8419,49.1244,23.0105],[-125.8406,49.1236,0.0],[-125.8392,49.1253,0.0]]],
[[[-125.8272,49.1244,1.4755],[-125.8261,49.1244,1.4755],[-125.8247,49.1253,0.0],[-125.8272,49.1264,1.2151],[-125.8272,49.1244,1.4755]]],
[[[-125.8675,49.1311,0.2355],[-125.8689,49.1311,0.2355],[-125.8681,49.1292,0.0],[-125.8669,49.1294,0.0],[-125.8675,49.1311,0.2355]]],
[[[-125.7669,49.1203,32.6919],[-125.7675,49.1217,13.8999],[-125.775,49.1222,0.0],[-125.7814,49.1192,0.0],[-125.7817,49.1158,9.0937],[-125.7726,49.1103,0.0],[-125.771,49.1103,0.0],[-125.7709,49.1118,0.0],[-125.7744,49.1133,0.0],[-125.7642,49.1111,5.4887],[-125.7625,49.1077,0.0],[-125.7613,49.1081,0.0],[-125.7622,49.11,0.7576],[-125.7539,49.1114,0.0],[-125.7506,49.1136,0.0],[-125.7536,49.1183,7.2277],[-125.7636,49.1214,13.5301],[-125.7653,49.1197,38.4569],[-125.7669,49.1203,32.6919]]],
[[[-125.7358,49.1378,15.8107],[-125.7389,49.1408,0.0],[-125.7486,49.14,10.0854],[-125.7475,49.1339,40.9912],[-125.7492,49.1317,12.4836],[-125.7453,49.1283,0.0],[-125.7333,49.1283,0.0],[-125.7306,49.1322,0.0],[-125.7336,49.1381,15.0291],[-125.7353,49.1389,0.0],[-125.7358,49.1378,15.8107]]],
[[[-125.7558,49.1389,4.8536],[-125.7528,49.1403,0.0],[-125.7525,49.1422,0.0],[-125.76,49.1422,0.0],[-125.7592,49.1408,8.6756],[-125.7606,49.1397,0.0],[-125.7589,49.1381,0.0],[-125.7558,49.1389,4.8536]]],
[[[-125.7211,49.1456,0.0],[-125.7214,49.1444,8.6973],[-125.7174,49.1443,18.9502],[-125.7182,49.1471,0.0],[-125.7211,49.1456,0.0]]],
[[[-125.8636,49.1302,2.674],[-125.8638,49.132,0.0],[-125.8656,49.1306,0.0],[-125.8654,49.1293,0.0],[-125.8636,49.1302,2.674]]],
[[[-125.8778,49.1325,10.6229],[-125.8764,49.1328,0.0],[-125.8775,49.1344,2.0457],[-125.8792,49.1333,10.6229],[-125.8778,49.1325,10.6229]]],
[[[-125.8869,49.1536,12.1244],[-125.8836,49.1522,14.959],[-125.8862,49.1548,11.7918],[-125.8877,49.1548,1.9482],[-125.8869,49.1536,12.1244]]],
[[[-125.8769,49.1567,0.0],[-125.8789,49.1597,0.0],[-125.8814,49.1597,20.8088],[-125.8822,49.1556,0.0],[-125.88,49.1542,23.3914],[-125.8786,49.1492,0.0],[-125.8767,49.1508,0.0],[-125.8769,49.1567,0.0]]],
[[[-125.7439,49.1467,5.3825],[-125.7433,49.1472,0.0],[-125.7458,49.1462,0.0],[-125.7445,49.1461,5.3825],[-125.7439,49.1467,5.3825]]],
[[[-125.7136,49.1506,0.0],[-125.7117,49.1517,0.0],[-125.7164,49.1511,0.0],[-125.7142,49.1489,0.0],[-125.7136,49.1506,0.0]]],
[[[-125.7131,49.1531,0.0],[-125.7114,49.1522,0.0],[-125.7117,49.1539,0.0],[-125.7153,49.1536,0.0],[-125.7153,49.1528,0.0],[-125.7131,49.1531,0.0]]],
[[[-125.6536,49.17,2.9694],[-125.6556,49.1689,0.0],[-125.6558,49.1672,0.0],[-125.6542,49.1672,6.2183],[-125.6536,49.17,2.9694]]],
[[[-125.9194,49.1117,5.2569],[-125.9256,49.1133,0.0],[-125.9306,49.1092,1.0016],[-125.9225,49.1086,0.0],[-125.9211,49.1103,0.0],[-125.9192,49.1097,0.0],[-125.9194,49.1117,5.2569]]],
[[[-125.9244,49.1206,0.0],[-125.9222,49.1219,0.0],[-125.9272,49.1219,0.0],[-125.9261,49.1206,3.569],[-125.9244,49.1206,0.0]]],
[[[-125.94,49.1468,7.8651],[-125.9531,49.1475,0.0],[-125.9525,49.1444,0.0],[-125.9547,49.1411,0.0],[-125.9522,49.1414,0.0],[-125.9514,49.1406,0.0],[-125.9533,49.1383,0.0],[-125.9475,49.1353,0.0],[-125.95,49.1325,0.0],[-125.944,49.1312,0.0],[-125.9452,49.1278,0.0],[-125.9427,49.1266,0.0],[-125.9433,49.125,0.0],[-125.9343,49.1235,0.0],[-125.9349,49.1267,0.0],[-125.9369,49.1274,0.0],[-125.9353,49.1295,13.8077],[-125.9357,49.1334,6.9862],[-125.9339,49.1374,1.0583],[-125.9349,49.1398,0.0],[-125.9335,49.1424,14.6315],[-125.94,49.1468,7.8651]]],
[[[-125.9783,49.1367,0.0],[-125.9758,49.1372,0.0],[-125.9786,49.1392,0.0],[-125.9796,49.1382,0.0],[-125.9783,49.1367,0.0]]],
[[[-125.9835,49.1401,0.0],[-125.9808,49.1414,0.4785],[-125.9848,49.142,0.1185],[-125.987,49.1408,0.0],[-125.9858,49.1398,0.0],[-125.9835,49.1401,0.0]]],
[[[-125.9892,49.1464,0.0],[-125.9914,49.145,0.0],[-125.99,49.1431,0.0],[-125.9881,49.1447,0.0],[-125.9892,49.1464,0.0]]],
[[[-125.9814,49.145,0.0],[-125.9814,49.1469,1.7515],[-125.9858,49.1467,0.1311],[-125.985,49.1456,0.1311],[-125.9814,49.145,0.0]]],
[[[-125.9958,49.1486,0.0],[-125.9958,49.1506,0.0],[-126.0027,49.1511,0.8281],[-126.0,49.1483,0.0],[-125.9958,49.1486,0.0]]],
[[[-125.9183,49.1514,0.0],[-125.9169,49.1525,16.8912],[-125.9187,49.155,29.0],[-125.9214,49.1552,37.99],[-125.9237,49.1529,41.3097],[-125.9213,49.1503,0.0],[-125.9183,49.1514,0.0]]],
[[[-126.0247,49.1556,0.9741],[-126.0217,49.1553,0.0],[-126.0239,49.1575,0.0],[-126.0278,49.1578,0.0],[-126.0306,49.1569,0.0],[-126.0294,49.155,0.0],[-126.0333,49.1564,0.2096],[-126.0344,49.1547,0.0],[-126.03,49.1517,0.0],[-126.0272,49.1558,0.2888],[-126.0247,49.1556,0.9741]]],
[[[-125.9266,49.1605,4.0389],[-125.9244,49.1617,0.0],[-125.9305,49.1618,6.2798],[-125.9331,49.1598,14.9238],[-125.9415,49.1589,0.0],[-125.9364,49.1544,1.976],[-125.9286,49.1528,4.0603],[-125.9267,49.1545,19.3903],[-125.928,49.1588,2.85],[-125.9266,49.1605,4.0389]]],
[[[-125.9006,49.1589,0.0],[-125.9,49.1575,0.0],[-125.8981,49.1578,4.4418],[-125.8986,49.1589,0.0],[-125.9006,49.1589,0.0]]],
[[[-125.9172,49.1732,0.0],[-125.9124,49.172,0.0],[-125.9058,49.1733,6.2389],[-125.9014,49.176,21.0865],[-125.8948,49.1729,9.8505],[-125.8921,49.174,33.625],[-125.8911,49.1869,15.193],[-125.8892,49.1881,0.0],[-125.8897,49.1928,51.664],[-125.8885,49.194,22.8278],[-125.8847,49.1928,20.702],[-125.8815,49.1938,31.5687],[-125.8839,49.1992,26.67],[-125.8799,49.1967,0.0],[-125.8775,49.197,0.0],[-125.8789,49.1934,16.0194],[-125.8779,49.1923,16.0194],[-125.8725,49.1925,16.2367],[-125.8697,49.1954,0.0],[-125.8742,49.2028,6.1169],[-125.8782,49.2022,0.0],[-125.8817,49.2039,0.0],[-125.8857,49.2015,32.1998],[-125.8897,49.2061,127.1109],[-125.8878,49.2089,5.3504],[-125.8906,49.213,15.5851],[-125.8847,49.2161,6.1363],[-125.8847,49.2125,6.2788],[-125.8833,49.2114,0.0],[-125.8806,49.2119,0.0],[-125.878,49.2153,0.0],[-125.876,49.2146,0.0],[-125.8756,49.2125,1.4599],[-125.8728,49.2133,0.0],[-125.8667,49.2087,0.0],[-125.86279999999999,49.2097,0.0],[-125.86279999999999,49.2114,51.4842],[-125.8604,49.2104,0.0],[-125.8573,49.2127,42.1643],[-125.8542,49.2184,0.0],[-125.8573,49.2221,0.0],[-125.8599,49.2197,13.573],[-125.8606,49.2247,0.0],[-125.8594,49.2254,0.0],[-125.855,49.2225,2.091],[-125.8531,49.2247,9.1564],[-125.8496,49.2254,0.0],[-125.8483,49.2292,12.7786],[-125.8452,49.2302,37.7103],[-125.8463,49.2258,87.7966],[-125.8399,49.2202,20.3028],[-125.8405,49.214,0.0],[-125.8389,49.2117,7.2047],[-125.8417,49.21,36.2396],[-125.8461,49.211,10.0259],[-125.8533,49.2049,19.4812],[-125.8533,49.2008,0.0],[-125.8556,49.2014,13.5292],[-125.855,49.2028,0.0],[-125.8579,49.2016,7.4376],[-125.8617,49.1947,7.794],[-125.8592,49.1933,12.4464],[-125.8614,49.1931,4.9236],[-125.8599,49.1892,12.4588],[-125.862,49.186,25.865],[-125.8647,49.1851,1.5755],[-125.8686,49.1869,23.5719],[-125.8703,49.1853,3.3823],[-125.8675,49.1828,0.0],[-125.865,49.1664,0.0],[-125.8619,49.16,9.1698],[-125.8642,49.1575,2.239],[-125.8694,49.1594,0.0],[-125.8761,49.1594,0.0],[-125.8744,49.1567,14.7729],[-125.8754,49.1532,0.0],[-125.8717,49.1489,0.0],[-125.8681,49.1506,23.0378],[-125.8661,49.1486,0.0],[-125.8569,49.1475,2.8755],[-125.8572,49.1447,0.0],[-125.8619,49.1444,0.0],[-125.8636,49.1419,0.0],[-125.8583,49.1417,0.2684],[-125.8581,49.1392,2.3383],[-125.8547,49.1372,0.0],[-125.8553,49.1356,0.0],[-125.8528,49.1337,0.0],[-125.8431,49.1336,0.0],[-125.8353,49.1294,8.4479],[-125.8255,49.1283,3.521],[-125.8184,49.1239,21.7],[-125.8153,49.1249,0.0],[-125.8131,49.1294,10.7911],[-125.7965,49.1204,0.0],[-125.792,49.1233,0.0],[-125.7909,49.1295,17.121],[-125.7936,49.1349,36.8502],[-125.799,49.1397,0.0],[-125.8036,49.1416,10.579],[-125.8081,49.1393,17.5611],[-125.82,49.1375,41.5785],[-125.815,49.1408,41.8093],[-125.811,49.1413,0.0],[-125.8029,49.1491,20.2378],[-125.7937,49.1492,25.6952],[-125.7917,49.151,0.0],[-125.7938,49.1549,13.1039],[-125.7979,49.1533,0.0],[-125.7924,49.1665,0.0],[-125.7947,49.1714,10.1764],[-125.7924,49.1781,0.0],[-125.7964,49.1858,3.6889],[-125.7931,49.1876,23.9335],[-125.7969,49.1978,0.0],[-125.7958,49.1986,0.0],[-125.7946,49.1971,0.0],[-125.7914,49.2016,0.0],[-125.7961,49.2086,21.0874],[-125.7998,49.2085,11.9606],[-125.7982,49.2119,0.0],[-125.8035,49.2187,35.0195],[-125.8041,49.2226,19.8052],[-125.8028,49.2251,0.0],[-125.7991,49.2263,8.64],[-125.7921,49.2239,13.4259],[-125.789,49.2164,0.0],[-125.7902,49.213,34.3588],[-125.7872,49.2027,5.147],[-125.7839,49.2006,19.7224],[-125.7796,49.2004,0.0],[-125.7778,49.1962,12.0695],[-125.7713,49.1935,0.0],[-125.7676,49.1964,9.274],[-125.7691,49.2002,26.5293],[-125.7673,49.2032,24.4478],[-125.7707,49.2141,18.078],[-125.769,49.2173,4.2634],[-125.7756,49.2296,42.3477],[-125.7822,49.2338,0.0],[-125.7909,49.2349,3.0429],[-125.7918,49.2315,7.1797],[-125.7944,49.2342,6.4925],[-125.7997,49.236,0.0],[-125.8342,49.2381,20.0906],[-125.8613,49.2427,0.0],[-125.879,49.2411,23.2427],[-125.8914,49.2418,21.7686],[-125.8997,49.2365,11.6167],[-125.8982,49.2345,0.0],[-125.8958,49.2358,16.9703],[-125.8939,49.235,5.5119],[-125.8977,49.2314,29.8567],[-125.8993,49.2248,17.8469],[-125.9073,49.2264,12.5517],[-125.9169,49.224,0.0],[-125.9261,49.2264,9.8572],[-125.9283,49.2239,0.0],[-125.9339,49.2236,0.0],[-125.9292,49.2194,0.0],[-125.9317,49.2147,20.7963],[-125.93,49.2042,11.6032],[-125.9229,49.1975,11.7352],[-125.9211,49.1918,0.0],[-125.9155,49.1873,7.8809],[-125.919,49.1844,5.8387],[-125.9257,49.1825,0.0],[-125.925,49.1801,0.0],[-125.9263,49.1781,2.8296],[-125.9172,49.1732,0.0]]],
[[[-126.008,49.2158,0.0],[-126.0192,49.2169,4.8487],[-126.0227,49.2148,0.0],[-126.0222,49.2117,17.0629],[-126.0267,49.2125,1.1663],[-126.0264,49.2097,9.735],[-126.0291,49.2076,9.7292],[-126.0334,49.2087,1.8347],[-126.04,49.2058,0.0],[-126.0377,49.2019,14.6469],[-126.0391,49.2,0.0],[-126.0364,49.2003,0.0],[-126.0347,49.1981,1.849],[-126.0364,49.1958,0.0],[-126.0364,49.1905,0.0],[-126.0308,49.1876,0.0],[-126.0312,49.1856,2.0198],[-126.0286,49.1862,3.68],[-126.0267,49.1847,0.0],[-126.0255,49.1856,9.6722],[-126.0261,49.1878,19.4086],[-126.0231,49.1869,0.0],[-126.025,49.1889,15.6111],[-126.0236,49.1894,15.6111],[-126.0217,49.1875,0.5914],[-126.0164,49.1867,0.0],[-126.0102,49.1792,0.0],[-126.0091,49.1728,0.0],[-126.0114,49.1678,0.0],[-126.0136,49.1664,7.037],[-126.0218,49.1686,0.0],[-126.023,49.1653,0.3659],[-126.0186,49.1592,9.5347],[-126.0152,49.1589,18.5494],[-126.0125,49.1561,0.0],[-126.0102,49.1594,2.5051],[-126.0069,49.1581,0.0],[-126.0056,49.1582,0.0],[-126.0067,49.1603,0.0],[-126.0011,49.1592,7.7365],[-125.9969,49.1542,0.0],[-125.9942,49.1539,7.7394],[-125.994,49.1517,0.0],[-125.9911,49.1533,0.0],[-125.9885,49.1519,0.0],[-125.9906,49.1478,0.0],[-125.9736,49.1497,0.0],[-125.9692,49.1465,0.0],[-125.9658,49.1514,0.0],[-125.9631,49.1495,0.0],[-125.9612,49.151,0.0],[-125.9617,49.1565,44.6784],[-125.9661,49.1606,19.4205],[-125.9617,49.1624,4.7614],[-125.968,49.1714,23.754],[-125.9627,49.1747,3.2891],[-125.9575,49.1757,0.0],[-125.9548,49.1811,0.0],[-125.9586,49.1825,9.03],[-125.9614,49.1869,13.1935],[-125.9578,49.1856,9.3795],[-125.955,49.1867,7.9922],[-125.9533,49.1833,0.0],[-125.9498,49.1821,3.0263],[-125.9453,49.1826,11.7801],[-125.9426,49.185,0.0],[-125.9374,49.1854,0.0],[-125.9341,49.1839,7.4228],[-125.9323,49.1862,0.0],[-125.932,49.1885,0.0],[-125.9347,49.1917,4.9223],[-125.9415,49.1952,0.0],[-125.9447,49.1949,6.2896],[-125.951,49.1998,4.9298],[-125.951,49.2024,0.0],[-125.9529,49.2033,18.3364],[-125.9518,49.2063,24.4369],[-125.9528,49.2075,4.0045],[-125.9633,49.2078,4.6537],[-125.9571,49.2109,0.0],[-125.9733,49.2108,0.0],[-125.9764,49.2082,36.5859],[-126.0,49.2122,0.0],[-126.008,49.2158,0.0]]],
[[[-126.0336,49.2131,0.0],[-126.0294,49.2125,0.0],[-126.0286,49.2135,0.0],[-126.0333,49.2153,3.1611],[-126.0336,49.2131,0.0]]],
[[[-125.9448,49.2175,35.3997],[-125.9418,49.2153,0.0],[-125.9397,49.2157,0.0],[-125.9444,49.2219,25.8041],[-125.9468,49.2193,38.6825],[-125.9448,49.2175,35.3997]]],
[[[-125.8847,49.1575,0.0],[-125.8881,49.1594,4.3007],[-125.8903,49.1586,0.0],[-125.8875,49.1556,23.7358],[-125.8847,49.1575,0.0]]],
[[[-125.8822,49.1658,13.9196],[-125.8819,49.1681,18.9838],[-125.8847,49.1678,3.5085],[-125.8836,49.1661,0.0],[-125.8822,49.1658,13.9196]]],
[[[-125.8867,49.1742,0.0],[-125.8886,49.175,4.8286],[-125.8897,49.1736,0.0],[-125.8886,49.1731,0.0],[-125.8867,49.1742,0.0]]],
[[[-125.7845,49.1768,0.0],[-125.7855,49.175,0.0],[-125.7845,49.174,0.0],[-125.7834,49.175,0.0],[-125.7845,49.1768,0.0]]],
[[[-125.9003,49.1628,12.8303],[-125.9021,49.1621,0.0],[-125.9011,49.1601,0.0],[-125.8988,49.1614,14.9102],[-125.9003,49.1628,12.8303]]],
[[[-125.8914,49.1611,0.0],[-125.8978,49.165,5.0243],[-125.8975,49.1611,24.255],[-125.8944,49.1589,8.4691],[-125.8914,49.1611,0.0]]],
[[[-125.8992,49.1714,17.8446],[-125.9022,49.1731,16.353],[-125.907,49.1712,0.0],[-125.8978,49.1684,0.0],[-125.8946,49.1696,0.0],[-125.8992,49.1714,17.8446]]],
[[[-125.8809,49.1757,3.015],[-125.8789,49.1764,0.0],[-125.8818,49.1784,1.6786],[-125.8852,49.1783,15.5869],[-125.8869,49.1765,22.8779],[-125.8832,49.1752,0.0],[-125.8816,49.1774,1.6786],[-125.8809,49.1757,3.015]]],
[[[-125.7792,49.1828,0.0],[-125.7786,49.18,0.0],[-125.7767,49.1811,4.9323],[-125.7764,49.1831,0.0],[-125.7792,49.1828,0.0]]],
[[[-125.8811,49.1876,0.0],[-125.8868,49.1894,12.0267],[-125.8883,49.1841,0.0],[-125.886,49.1827,0.0],[-125.8846,49.185,0.0],[-125.8809,49.1858,0.0],[-125.8811,49.1876,0.0]]],
[[[-125.6807,49.191,0.0],[-125.6811,49.1891,0.0],[-125.6794,49.1889,0.0],[-125.6787,49.1901,0.0],[-125.6807,49.191,0.0]]],
[[[-125.6443,49.1908,1.6306],[-125.6428,49.1898,0.0],[-125.6419,49.1903,0.0],[-125.6433,49.1917,1.6306],[-125.6443,49.1908,1.6306]]],
[[[-125.6236,49.2039,30.9197],[-125.6217,49.2028,0.0],[-125.6181,49.2056,49.5433],[-125.6211,49.2078,19.9595],[-125.6236,49.2067,39.7444],[-125.6225,49.2039,30.9197],[-125.6236,49.2039,30.9197]]],
[[[-125.6178,49.2092,3.4779],[-125.6156,49.2103,0.0],[-125.6147,49.2128,0.0],[-125.6181,49.2122,0.0],[-125.6178,49.2092,3.4779]]],
[[[-126.0895,49.1731,0.0],[-126.0964,49.1746,0.0],[-126.0982,49.1731,0.0],[-126.0916,49.1675,0.0],[-126.089,49.1693,0.0],[-126.0895,49.1731,0.0]]],
[[[-126.0489,49.1825,0.0],[-126.0475,49.1806,3.1442],[-126.0456,49.1811,0.0],[-126.0473,49.1838,0.0],[-126.0489,49.1825,0.0]]],
[[[-126.0596,49.19,9.0074],[-126.0665,49.1902,0.787],[-126.0733,49.1844,0.0],[-126.0601,49.1766,0.0],[-126.0498,49.1774,1.9242],[-126.05,49.179,0.0],[-126.0533,49.1808,0.0],[-126.0514,49.181399999999996,0.0],[-126.0515,49.1846,0.0],[-126.0596,49.19,9.0074]]],
[[[-126.0442,49.2083,0.0],[-126.0447,49.2067,0.0],[-126.0428,49.2056,5.4312],[-126.0417,49.2078,4.566],[-126.0442,49.2083,0.0]]],
[[[-126.0713,49.2109,1.3612],[-126.0704,49.2119,0.0],[-126.0717,49.2147,0.0],[-126.0772,49.2129,0.0],[-126.0744,49.2106,0.7389],[-126.0713,49.2109,1.3612]]],
[[[-126.0888,49.2258,0.0],[-126.095,49.2272,0.0],[-126.0964,49.2258,2.407],[-126.0933,49.2231,0.6617],[-126.0939,49.222,0.0],[-126.0965,49.2205,0.0],[-126.1014,49.2228,0.0],[-126.1033,49.2208,0.0],[-126.1008,49.22,0.0],[-126.1008,49.2171,0.0],[-126.0982,49.2172,0.595],[-126.0956,49.2152,0.0],[-126.09,49.2169,0.0],[-126.0931,49.2183,0.9506],[-126.0914,49.22,6.9233],[-126.0842,49.2179,0.345],[-126.0825,49.2156,0.9615],[-126.079,49.2166,0.0],[-126.0771,49.2205,6.5804],[-126.0776,49.2231,0.108],[-126.0862,49.2263,0.0],[-126.0888,49.2258,0.0]]],
[[[-126.0461,49.225,0.0],[-126.0458,49.2261,0.0],[-126.05,49.2269,1.5427],[-126.0519,49.2256,0.9859],[-126.0508,49.2244,0.0],[-126.0461,49.225,0.0]]],
[[[-126.0657,49.2253,0.0],[-126.0636,49.2262,0.0],[-126.0699,49.226,0.0],[-126.0684,49.2251,0.0],[-126.0657,49.2253,0.0]]],
[[[-125.955,49.2208,0.0],[-125.9566,49.2263,0.0],[-125.9588,49.2263,4.7],[-125.9627,49.222,0.0],[-125.9611,49.2189,9.0622],[-125.9552,49.2173,3.9593],[-125.955,49.2208,0.0]]],
[[[-125.9648,49.2272,0.0],[-125.965,49.2256,0.3466],[-125.963,49.2259,0.2114],[-125.9619,49.2285,4.8349],[-125.9636,49.2286,4.8349],[-125.9648,49.2272,0.0]]],
[[[-125.9062,49.2443,39.3778],[-125.9097,49.2475,2.4175],[-125.9125,49.2453,0.0],[-125.9111,49.2413,0.0],[-125.9071,49.2387,0.0],[-125.9037,49.2395,0.0],[-125.9031,49.2411,0.0],[-125.9062,49.2443,39.3778]]],
[[[-125.9174,49.2462,0.0],[-125.9174,49.2436,0.0],[-125.9147,49.2428,0.0],[-125.9149,49.2455,0.0],[-125.9174,49.2462,0.0]]],
[[[-126.0706,49.2295,0.0],[-126.0718,49.229,0.0],[-126.0724,49.2284,0.0],[-126.0692,49.228,0.0],[-126.0706,49.2295,0.0]]],
[[[-126.1233,49.2431,0.0],[-126.1217,49.243899999999996,0.0],[-126.1253,49.2447,3.3224],[-126.1272,49.2428,0.0],[-126.1264,49.2422,0.0],[-126.1233,49.2431,0.0]]],
[[[-126.0542,49.2548,0.0],[-126.054,49.2558,0.0],[-126.0574,49.2549,0.0],[-126.0557,49.2535,0.0],[-126.0542,49.2548,0.0]]],
[[[-126.0572,49.2828,6.7361],[-126.0565,49.2917,26.0527],[-126.0661,49.2991,7.1161],[-126.0701,49.3003,12.2285],[-126.0712,49.2982,0.0],[-126.0678,49.2932,3.0476],[-126.0681,49.2889,17.5717],[-126.0709,49.2863,0.0],[-126.0698,49.282,0.0],[-126.0631,49.2778,1.4421],[-126.0653,49.2767,0.0],[-126.0647,49.2747,0.0],[-126.0611,49.2728,4.6213],[-126.06,49.27,3.9383],[-126.0611,49.2689,0.0],[-126.0658,49.2703,9.9788],[-126.0661,49.2753,0.0],[-126.0696,49.2786,2.5892],[-126.0728,49.2728,0.0],[-126.0706,49.2692,2.7552],[-126.0725,49.2681,12.2071],[-126.0747,49.2694,7.7846],[-126.0756,49.2731,7.6122],[-126.0739,49.2733,0.0],[-126.0717,49.2772,0.5607],[-126.0708,49.2814,5.1306],[-126.0758,49.2977,16.6501],[-126.075,49.3031,27.5042],[-126.0808,49.31,0.0],[-126.077,49.3178,26.9482],[-126.075,49.3265,38.1789],[-126.0755,49.3308,2.7692],[-126.0786,49.3325,0.0],[-126.08,49.3369,4.3971],[-126.0775,49.3392,3.7904],[-126.0836,49.3447,59.9877],[-126.0814,49.3458,6.3087],[-126.0842,49.3564,24.817],[-126.0803,49.3597,0.0],[-126.0819,49.3622,0.0],[-126.0811,49.3644,9.9219],[-126.0861,49.3719,53.6603],[-126.0933,49.3722,12.1638],[-126.095,49.3736,18.7208],[-126.0947,49.3789,0.0],[-126.1013,49.3825,0.0],[-126.0989,49.3847,0.0],[-126.0986,49.3883,0.0],[-126.1003,49.39,35.2342],[-126.1083,49.3944,12.2033],[-126.1281,49.3983,24.2115],[-126.131,49.3951,6.4666],[-126.1361,49.3966,9.8207],[-126.1512,49.393,25.1924],[-126.1559,49.3889,0.0],[-126.1648,49.388,21.0048],[-126.1689,49.3844,24.5968],[-126.1757,49.3822,0.0],[-126.1827,49.3753,13.1092],[-126.1914,49.3742,2.3704],[-126.1928,49.3756,4.2679],[-126.19,49.3761,0.0],[-126.1929,49.3815,15.0732],[-126.1991,49.385,18.4549],[-126.204,49.3902,6.8509],[-126.2124,49.3936,29.9482],[-126.222,49.3932,42.6733],[-126.2225,49.3906,29.9437],[-126.2239,49.3903,15.4872],[-126.2294,49.3944,10.9386],[-126.2341,49.3904,0.0],[-126.2303,49.3815,8.5039],[-126.2336,49.3764,0.0],[-126.2319,49.3747,0.0],[-126.2269,49.3764,0.0],[-126.2261,49.3753,0.0],[-126.2328,49.3736,0.0],[-126.2311,49.3703,50.4674],[-126.2322,49.3686,11.9713],[-126.2281,49.3661,12.8446],[-126.2264,49.3631,9.375],[-126.2283,49.3619,21.966],[-126.23,49.3633,0.0],[-126.23,49.36,24.305],[-126.2356,49.3594,0.0],[-126.2333,49.3572,0.0],[-126.2342,49.3544,0.0],[-126.2303,49.3561,23.592],[-126.2286,49.3544,24.8764],[-126.2331,49.3539,0.8677],[-126.2336,49.3517,0.5701],[-126.2369,49.3506,0.0],[-126.2372,49.3481,3.5388],[-126.2317,49.3436,21.2147],[-126.2328,49.3428,21.2147],[-126.2386,49.345,2.7137],[-126.2419,49.3394,0.0],[-126.2392,49.3383,0.0],[-126.23779999999999,49.3425,5.1268],[-126.2364,49.3419,1.0115],[-126.2364,49.3392,3.3961],[-126.2391,49.3341,0.0],[-126.2411,49.3344,0.0],[-126.2436,49.3319,0.0],[-126.2344,49.3283,1.7284],[-126.2358,49.3264,0.0],[-126.2331,49.3247,1.7236],[-126.2372,49.3247,0.2633],[-126.24,49.3214,0.0],[-126.24,49.3186,0.0],[-126.2383,49.3194,3.0007],[-126.2358,49.3181,0.0],[-126.2392,49.3169,1.0207],[-126.2397,49.3147,0.0],[-126.2236,49.3106,6.1757],[-126.2239,49.3092,0.4254],[-126.2272,49.3094,0.0],[-126.2231,49.306399999999996,3.7254],[-126.2247,49.3039,10.8096],[-126.2164,49.2983,16.7118],[-126.2238,49.293,10.37],[-126.2287,49.2933,0.0],[-126.2272,49.2919,0.0],[-126.2281,49.29,0.6368],[-126.2339,49.2842,0.0],[-126.2325,49.2822,0.0],[-126.2289,49.2811,0.0],[-126.2169,49.2825,17.2188],[-126.2144,49.2803,25.375],[-126.2139,49.2753,0.0],[-126.2003,49.2667,0.0],[-126.1964,49.2675,14.4966],[-126.1931,49.2639,3.4644],[-126.1897,49.2653,4.1803],[-126.1894,49.2625,1.6031],[-126.1872,49.2606,0.7512],[-126.1856,49.2617,0.0],[-126.1864,49.2633,0.544],[-126.1825,49.2642,5.1732],[-126.1822,49.2661,19.2629],[-126.1739,49.2672,10.3817],[-126.1731,49.2703,0.6866],[-126.1689,49.2733,0.0],[-126.1628,49.2711,2.7925],[-126.1603,49.2731,11.8775],[-126.1575,49.2703,0.0],[-126.1527,49.2707,0.0],[-126.1533,49.2722,5.0954],[-126.1514,49.2733,0.0],[-126.1447,49.2725,5.9521],[-126.1364,49.2669,0.0],[-126.1347,49.2639,0.0],[-126.1361,49.26,0.0],[-126.1394,49.2611,0.0],[-126.1411,49.26,0.0],[-126.1392,49.2561,0.0],[-126.1339,49.2542,0.2833],[-126.1294,49.2575,13.1245],[-126.1275,49.2539,0.0],[-126.1242,49.255,0.0],[-126.1233,49.2569,0.0],[-126.1114,49.2556,3.4749],[-126.1006,49.2503,0.0],[-126.105,49.2461,0.0],[-126.1019,49.245,0.0],[-126.0933,49.2508,2.0553],[-126.0845,49.2458,0.9724],[-126.0789,49.2469,0.0],[-126.0789,49.2489,0.0],[-126.0844,49.2531,8.3386],[-126.0786,49.2581,6.5051],[-126.0711,49.2592,14.2302],[-126.0673,49.2571,0.0],[-126.0633,49.2611,6.9633],[-126.055,49.26,0.0],[-126.0542,49.2658,2.8145],[-126.0475,49.2692,0.0],[-126.0467,49.2714,0.0],[-126.0544,49.2782,0.7838],[-126.0572,49.2828,6.7361]]],
[[[-125.7803,49.1852,0.0],[-125.779,49.1867,0.0],[-125.7809,49.1875,0.0],[-125.7817,49.186,0.0],[-125.7803,49.1852,0.0]]],
[[[-125.784,49.1942,0.0],[-125.7831,49.195,0.0],[-125.7852,49.198,34.0605],[-125.7888,49.1996,10.5174],[-125.7881,49.1882,0.0],[-125.7863,49.1901,0.0],[-125.7866,49.1933,0.0],[-125.784,49.1942,0.0]]],
[[[-125.8789,49.2596,0.0],[-125.8771,49.2589,0.0],[-125.8767,49.2601,0.0],[-125.8775,49.2601,0.0],[-125.8789,49.2596,0.0]]],
[[[-125.8708,49.2594,0.0],[-125.8706,49.2606,0.0],[-125.8736,49.2608,0.0],[-125.8728,49.2586,0.0],[-125.8708,49.2594,0.0]]],
[[[-125.6036,49.2131,0.0],[-125.6046,49.2138,0.0],[-125.6053,49.2128,10.3871],[-125.6039,49.212,0.0],[-125.6036,49.2131,0.0]]],
[[[-125.7454,49.2394,0.0],[-125.746,49.2389,0.0],[-125.7442,49.2383,0.0],[-125.7441,49.2394,0.0],[-125.7454,49.2394,0.0]]],
[[[-125.8669,49.2625,0.0],[-125.8658,49.2633,0.0],[-125.8697,49.2633,0.0422],[-125.8686,49.2622,0.0333],[-125.8669,49.2625,0.0]]],
[[[-125.8958,49.2528,0.247],[-125.89,49.2539,0.0],[-125.8944,49.2553,0.0],[-125.8953,49.2547,0.0],[-125.8936,49.2539,2.6545],[-125.8958,49.2528,0.247]]],
[[[-125.9181,49.2633,3.0334],[-125.9157,49.2611,0.0],[-125.9127,49.2621,0.0],[-125.9164,49.2638,12.4286],[-125.9181,49.2633,3.0334]]],
[[[-126.0354,49.2874,0.0],[-126.0357,49.2856,6.235],[-126.0336,49.285,0.0],[-126.0336,49.2875,0.0],[-126.0354,49.2874,0.0]]],
[[[-125.9894,49.3011,0.0],[-125.9881,49.3017,0.0],[-125.9872,49.3025,3.9146],[-125.9897,49.3031,0.0],[-125.9894,49.3011,0.0]]],
[[[-125.9782,49.3048,7.9236],[-125.9767,49.3051,9.9253],[-125.9774,49.3078,2.962],[-125.9813,49.3063,0.0],[-125.9807,49.3053,3.4604],[-125.9782,49.3048,7.9236]]],
[[[-125.9586,49.3339,26.0249],[-125.9569,49.3311,0.0],[-125.9558,49.3347,0.0],[-125.9581,49.3361,7.5168],[-125.9586,49.3339,26.0249]]],
[[[-126.039,49.3135,51.3301],[-126.0558,49.3236,6.68],[-126.0583,49.3231,8.9462],[-126.0585,49.3182,0.0],[-126.0556,49.3142,16.0413],[-126.0589,49.3108,0.0],[-126.0531,49.3036,0.0],[-126.0497,49.3044,27.0906],[-126.0481,49.3028,0.0],[-126.0453,49.305,0.0],[-126.0322,49.3063,1.897],[-126.0333,49.3101,3.0637],[-126.039,49.3135,51.3301]]],
[[[-126.0433,49.3231,0.0],[-126.0467,49.3241,0.0],[-126.0478,49.3217,11.8005],[-126.0443,49.3209,8.3473],[-126.0433,49.3231,0.0]]],
[[[-126.0528,49.3269,0.0],[-126.0508,49.3256,2.358],[-126.0496,49.3286,0.0],[-126.0525,49.3292,0.0],[-126.0528,49.3269,0.0]]],
[[[-126.0535,49.3302,0.0],[-126.0531,49.3314,0.0],[-126.0551,49.332,0.0],[-126.055,49.3303,0.0],[-126.0535,49.3302,0.0]]],
[[[-126.2317,49.365,29.2381],[-126.2333,49.3697,18.0983],[-126.2375,49.3697,0.0],[-126.2356,49.3628,0.0],[-126.2328,49.3628,4.8826],[-126.2317,49.365,29.2381]]],
[[[-126.1875,49.3816,4.758],[-126.1826,49.3801,2.6858],[-126.1801,49.3836,43.6981],[-126.1841,49.3841,0.0],[-126.1875,49.3816,4.758]]],
[[[-126.5856,49.4008,0.1252],[-126.5831,49.4013,0.6061],[-126.5815,49.4036,0.0],[-126.5823,49.4049,0.1729],[-126.5849,49.4042,0.3489],[-126.5867,49.4017,0.1252],[-126.5856,49.4008,0.1252]]],
[[[-126.5774,49.4033,0.0],[-126.5733,49.4023,0.3918],[-126.5727,49.4033,0.0],[-126.5737,49.4052,0.1538],[-126.5774,49.4033,0.0]]],
[[[-126.0792,49.4182,24.6469],[-126.0872,49.4197,0.0],[-126.1108,49.4172,0.0],[-126.115,49.4133,21.2862],[-126.1183,49.4128,0.0],[-126.1176,49.4102,42.5061],[-126.1247,49.4103,5.1581],[-126.1261,49.4056,25.4174],[-126.1247,49.4039,11.7027],[-126.1183,49.4033,0.0],[-126.1142,49.3981,0.4676],[-126.1006,49.3956,34.4642],[-126.0986,49.3917,0.0],[-126.0936,49.39,0.0],[-126.0908,49.3917,0.0],[-126.0908,49.3942,3.3038],[-126.0869,49.3928,0.0],[-126.0843,49.3964,4.4536],[-126.0867,49.4,4.4696],[-126.0931,49.3969,69.9897],[-126.0939,49.3981,49.6335],[-126.0919,49.4003,20.8872],[-126.0814,49.4011,0.0],[-126.0692,49.4058,25.7299],[-126.0664,49.4094,0.0],[-126.0686,49.4108,0.0],[-126.0789,49.4114,3.2698],[-126.0733,49.4125,18.6589],[-126.0714,49.4153,0.0],[-126.0792,49.4182,24.6469]]],
[[[-126.5764,49.4067,0.1686],[-126.5784,49.4058,0.0999],[-126.5761,49.4048,0.0],[-126.5746,49.4071,0.2122],[-126.5764,49.4067,0.1686]]],
[[[-126.0694,49.4132,1.4248],[-126.0681,49.4137,0.0],[-126.0715,49.413,0.0],[-126.0707,49.4129,1.4248],[-126.0694,49.4132,1.4248]]],
[[[-126.5847,49.4122,0.7479],[-126.5858,49.4164,0.0],[-126.5908,49.4128,0.3407],[-126.5892,49.4108,0.2122],[-126.5847,49.4122,0.7479]]],
[[[-126.568,49.4875,0.6459],[-126.5668,49.4898,1.646],[-126.57,49.4901,0.4856],[-126.5697,49.4884,0.3044],[-126.568,49.4875,0.6459]]],
[[[-126.5715,49.5246,3.5182],[-126.5757,49.5257,0.0],[-126.5767,49.5239,0.6892],[-126.5667,49.5196,0.0],[-126.5665,49.5208,0.0],[-126.5715,49.5246,3.5182]]]]}
,"properties": {"GID_2": "CAN.2.1_1","GID_0": "CAN","country": "Canada","GID_1": "CAN.2_1","province": "BritishColumbia","NL_NAME_1": "NA","county": "Alberni-Clayoquot","VARNAME_2": "NA","NL_NAME_2": "NA","TYPE_2": "RegionalDistrict","ENGTYPE_2": "RegionalDistrict","CC_2": "23","HASC_2": "CA.BC.AC","name": "Alberni-Clayoquot.county","area_km2": 6953.319,"hist_schema_id": "Elevation0-9000","hist_area_km2": {"0": 251.258,"25": 408.978,"50": 397.198,"75": 343.871,"100": 271.109,"125": 224.292,"150": 199.066,"175": 175.669,"200": 171.172,"225": 165.745,"250": 160.125,"275": 154.682,"300": 151.251,"325": 162.375,"350": 158.257,"375": 160.115,"400": 161.224,"425": 155.576,"450": 157.19,"475": 149.188,"500": 149.343,"525": 143.652,"550": 142.395,"575": 139.67,"600": 134.691,"625": 132.312,"650": 124.308,"675": 120.32,"700": 114.46,"725": 113.979,"750": 106.18,"775": 101.079,"800": 95.765,"825": 92.733,"850": 86.923,"875": 81.34,"900": 77.096,"925": 73.459,"950": 66.855,"975": 63.429,"1000": 59.549,"1025": 56.347,"1050": 51.94,"1075": 47.333,"1100": 44.278,"1125": 40.856,"1150": 38.136,"1175": 34.25,"1200": 31.027,"1225": 27.942,"1250": 24.281,"1275": 22.55,"1300": 18.13,"1325": 15.865,"1350": 13.765,"1375": 12.025,"1400": 9.803,"1425": 8.74,"1450": 7.539,"1475": 6.38,"1500": 5.77,"1525": 4.571,"1550": 4.805,"1575": 4.281,"1600": 4.019,"1625": 3.345,"1650": 3.345,"1675": 2.587,"1700": 2.298,"1725": 2.339,"1750": 1.706,"1775": 1.389,"1800": 1.128,"1825": 0.605,"1850": 0.633,"1875": 0.729,"1900": 0.454,"1925": 0.151,"1950": 0.083}}}