{"type":"Feature","properties":{"GID_2":"CAN.2.24_1","GID_0":"CAN","country":"Canada","GID_1":"CAN.2_1","province":"BritishColumbia","NL_NAME_1":"NA","county":"Skeena-QueenCharlotte","VARNAME_2":"NA","NL_NAME_2":"NA","TYPE_2":"RegionalDistrict","ENGTYPE_2":"RegionalDistrict","CC_2":"47","HASC_2":"CA.BC.SQ","name":"Skeena-Queen_Charlotte.county"},
"geometry":{"type": "MultiPolygon","coordinates": [[[[-130.9773,51.9107,0.0],[-130.9793,51.9097,0.6682],[-130.9822,51.9123,0.0],[-130.9872,51.9125,0.0],[-130.9849,51.9098,0.0],[-130.9801,51.9079,0.0],[-130.9755,51.909,0.0],[-130.9773,51.9107,0.0]]],
[[[-131.0061,51.9231,0.0],[-131.0067,51.9217,0.0],[-131.0051,51.9205,0.0],[-131.0011,51.9219,0.0],[-131.0039,51.9239,0.0],[-131.0061,51.9231,0.0]]],
[[[-130.9983,51.9281,0.0],[-131.0028,51.9311,0.0],[-131.0094,51.931399999999996,0.0],[-131.0,51.925,0.0],[-130.9978,51.9261,0.0],[-130.9983,51.9281,0.0]]],
[[[-131.0128,51.9333,0.0],[-131.0105,51.9323,0.0],[-131.0089,51.9336,0.0],[-131.0161,51.9397,1.7244],[-131.0189,51.9411,0.0],[-131.0233,51.9389,0.0],[-131.0206,51.9349,0.4854],[-131.0128,51.9333,0.0]]],
[[[-131.0889,52.1495,3.4542],[-131.1032,52.1537,18.4587],[-131.1184,52.1506,0.0],[-131.121,52.1446,0.0],[-131.1199,52.1434,36.9237],[-131.1241,52.1383,0.0],[-131.1224,52.1335,16.8048],[-131.1265,52.1253,35.2099],[-131.1262,52.1219,41.383],[-131.1314,52.1191,1.3953],[-131.1322,52.1153,9.6198],[-131.1312,52.1103,6.1277],[-131.1333,52.0997,0.0],[-131.12,52.0945,4.8853],[-131.1194,52.0925,0.1328],[-131.1137,52.0892,0.3346],[-131.113,52.0861,0.0],[-131.1136,52.0783,1.1936],[-131.1178,52.0758,12.2427],[-131.116,52.073,39.5518],[-131.1298,52.0768,3.4178],[-131.13,52.0737,1.3331],[-131.1228,52.0667,1.2324],[-131.125,52.0653,0.0],[-131.1223,52.0641,2.1533],[-131.1194,52.0645,1.2341],[-131.1189,52.0664,2.3821],[-131.1128,52.0695,17.5581],[-131.1106,52.0686,0.4505],[-131.1161,52.0544,15.0152],[-131.11,52.0508,1.0169],[-131.1042,52.044,0.6664],[-131.1039,52.0388,27.0083],[-131.1022,52.0371,13.7973],[-131.0917,52.0351,0.0],[-131.0885,52.0361,4.5884],[-131.0862,52.0401,4.461],[-131.0819,52.0393,2.4705],[-131.0837,52.0351,0.0],[-131.0839,52.0259,0.0],[-131.0776,52.0232,0.0],[-131.0841,52.0211,0.0],[-131.0798,52.0173,8.5307],[-131.0808,52.0137,18.9263],[-131.0896,52.0111,0.0],[-131.0962,52.0071,0.0],[-131.1106,52.0041,0.0],[-131.1095,52.0023,1.7119],[-131.1106,52.0,0.0],[-131.1061,51.9978,0.0],[-131.1056,51.9953,0.0],[-131.0922,51.9947,0.0],[-131.0922,51.9917,0.0],[-131.0888,51.9889,0.1828],[-131.0888,51.9847,0.0],[-131.0922,51.9822,0.0],[-131.0828,51.9753,0.0],[-131.0783,51.9697,0.0],[-131.0644,51.9622,0.0],[-131.0533,51.9586,0.0],[-131.055,51.9553,0.0],[-131.0517,51.9528,0.0],[-131.0378,51.9514,5.0455],[-131.0311,51.9478,0.0],[-131.0344,51.9453,0.0],[-131.0322,51.9425,0.0],[-131.0235,51.9415,0.0],[-131.0211,51.9436,0.0],[-131.015,51.9436,0.0],[-131.0116,51.9458,0.0],[-131.0167,51.9478,1.6263],[-131.0206,51.9508,0.0],[-131.02,51.952,0.0],[-131.03,51.9581,11.6435],[-131.0389,51.9617,9.8368],[-131.0411,51.965,3.9255],[-131.0411,51.9697,12.6241],[-131.0333,51.9744,7.6964],[-131.0261,51.9722,1.2541],[-131.0172,51.9721,0.6598],[-131.0139,51.9703,0.0],[-131.0121,51.971,0.0],[-131.0148,51.9725,0.0],[-131.0122,51.9742,3.6217],[-131.0039,51.9749,0.3278],[-131.0094,51.9795,3.5662],[-131.0094,51.9842,0.0],[-131.0183,51.9917,11.8702],[-131.0333,52.0,0.0],[-131.0394,52.0106,0.0],[-131.055,52.0175,1.3736],[-131.0567,52.0195,12.5599],[-131.0567,52.0228,8.7844],[-131.0506,52.0268,2.4282],[-131.039,52.0255,24.0361],[-131.0201,52.0194,10.1349],[-131.0122,52.0137,0.0],[-130.9956,52.0056,16.9196],[-130.9892,52.0076,8.7114],[-130.9825,52.0044,0.0],[-130.9803,52.008,0.0],[-130.9755,52.0101,0.0],[-130.9794,52.0131,2.0674],[-130.9922,52.0175,0.0],[-130.9939,52.0203,12.5864],[-131.0018,52.0235,9.8763],[-131.0028,52.0253,0.0],[-131.0099,52.0255,0.0],[-131.035,52.035,5.0946],[-131.0539,52.0386,29.2351],[-131.0575,52.042,7.8754],[-131.0596,52.0503,4.7302],[-131.067,52.0552,37.5729],[-131.0681,52.0566,3.588],[-131.0672,52.0589,0.0],[-131.0717,52.0631,5.553],[-131.0728,52.075,0.0],[-131.0712,52.0769,4.9697],[-131.0656,52.0783,2.1259],[-131.0627,52.0775,8.9561],[-131.0567,52.0743,4.7226],[-131.0522,52.0661,10.9164],[-131.0444,52.0595,6.7623],[-131.0439,52.0567,0.0],[-131.025,52.0514,0.0],[-131.0283,52.0643,14.4657],[-131.0202,52.0689,19.2332],[-131.0117,52.0672,16.9035],[-130.9928,52.0583,0.0],[-130.98,52.0628,0.0],[-130.9794,52.0669,0.0],[-130.9772,52.0681,0.0],[-130.9744,52.0686,0.0],[-130.9677,52.0661,0.0],[-130.9622,52.0697,0.0],[-130.95,52.0731,9.8205],[-130.9492,52.0768,0.1316],[-130.945,52.0781,1.1337],[-130.9389,52.0751,0.0],[-130.9372,52.0758,0.0],[-130.9378,52.0811,32.1467],[-130.9356,52.0833,8.7797],[-130.9367,52.0858,19.2084],[-130.9355,52.0875,2.5634],[-130.9372,52.0894,1.1924],[-130.935,52.0934,0.0],[-130.9405,52.0967,2.2413],[-130.945,52.0969,8.1237],[-130.9444,52.1003,0.0],[-130.9511,52.1056,0.0],[-130.9566,52.1042,0.0],[-130.9639,52.0964,23.293],[-130.9672,52.0958,0.0],[-130.9728,52.1011,11.976],[-130.9672,52.1039,0.0],[-130.9722,52.1078,0.0],[-130.9733,52.1109,0.0],[-130.9911,52.1025,3.7211],[-131.0,52.1033,19.9569],[-131.0,52.1053,0.0],[-130.9959,52.1097,1.1088],[-130.9958,52.1125,0.0],[-131.0035,52.1107,0.0],[-131.0043,52.1048,0.0],[-131.0033,52.0968,0.0],[-130.9974,52.0925,69.4182],[-130.9984,52.0909,41.1688],[-131.0,52.0906,0.0],[-131.0044,52.0939,4.7823],[-131.0083,52.1011,0.0],[-131.0183,52.0989,0.0],[-131.0211,52.0965,30.4877],[-131.0211,52.1003,0.0],[-131.0144,52.1039,4.8744],[-131.0169,52.1078,11.4875],[-131.0162,52.1109,13.0271],[-131.0178,52.1144,19.0203],[-131.0332,52.1192,0.0],[-131.0461,52.1184,19.2146],[-131.0511,52.1224,11.868],[-131.0506,52.1255,0.0],[-131.0556,52.1249,12.3264],[-131.0567,52.1233,12.3119],[-131.0617,52.1247,5.5339],[-131.0517,52.1267,0.0],[-131.05,52.1306,13.6694],[-131.0456,52.1261,3.9996],[-131.0414,52.1265,2.2706],[-131.0314,52.123,2.1585],[-131.0217,52.1233,2.8551],[-131.0228,52.1253,4.8518],[-131.0292,52.1264,3.7608],[-131.0483,52.1394,0.0],[-131.0469,52.1447,0.5579],[-131.0514,52.1461,13.8338],[-131.0517,52.1495,5.3758],[-131.06,52.1503,10.3746],[-131.0622,52.1492,6.797],[-131.069,52.1522,0.0],[-131.0722,52.1514,19.562],[-131.0772,52.1528,6.9977],[-131.0811,52.15,33.0041],[-131.0876,52.1483,39.1418],[-131.0889,52.1495,3.4542]]],
[[[-131.2117,52.0822,0.0],[-131.2128,52.0808,4.9443],[-131.2117,52.0797,0.0],[-131.2089,52.0806,0.0],[-131.2089,52.0811,0.0],[-131.2117,52.0822,0.0]]],
[[[-131.2169,52.0829,3.8111],[-131.2196,52.0817,1.9835],[-131.216,52.081,3.9999],[-131.215,52.0822,0.0],[-131.2169,52.0829,3.8111]]],
[[[-131.2178,52.1036,24.6061],[-131.2189,52.1059,0.0],[-131.2255,52.1067,0.0],[-131.2239,52.1044,0.0],[-131.2273,52.1036,0.0],[-131.2251,52.1022,4.3931],[-131.2278,52.1008,0.0],[-131.2276,52.0973,0.0],[-131.2327,52.0972,0.2774],[-131.2343,52.0946,0.0],[-131.23,52.0919,0.0],[-131.2252,52.0922,2.0667],[-131.2236,52.094,22.1761],[-131.2146,52.0861,3.1231],[-131.2105,52.0845,0.0],[-131.2083,52.0867,0.0],[-131.2097,52.0881,1.1962],[-131.2094,52.0911,0.0],[-131.2146,52.0967,0.9375],[-131.2115,52.0977,0.2318],[-131.2167,52.1008,6.3691],[-131.2178,52.1036,24.6061]]],
[[[-131.1416,52.0909,3.0994],[-131.1378,52.0914,0.0],[-131.1459,52.097,1.4634],[-131.1483,52.1022,0.0],[-131.1522,52.1019,7.3793],[-131.1561,52.0989,1.2669],[-131.1522,52.0956,1.6767],[-131.1502,52.0969,0.2839],[-131.146,52.0946,0.0],[-131.1458,52.0929,0.0],[-131.1416,52.0909,3.0994]]],
[[[-131.2294,52.1017,0.0],[-131.2394,52.11,0.6026],[-131.2414,52.1079,0.0],[-131.239,52.1064,0.0],[-131.2389,52.1045,0.0],[-131.2433,52.1061,0.0],[-131.2461,52.1053,0.0],[-131.2406,52.1014,0.0],[-131.2367,52.104,3.2118],[-131.2322,52.1009,2.632],[-131.2294,52.1017,0.0]]],
[[[-131.2278,52.105,0.0],[-131.2283,52.1067,0.0],[-131.2311,52.1067,0.0],[-131.2311,52.1061,0.0],[-131.2278,52.105,0.0]]],
[[[-131.1695,52.1061,1.7351],[-131.1672,52.1067,0.0],[-131.1678,52.1081,5.99],[-131.1728,52.1078,0.7115],[-131.1728,52.1075,0.7115],[-131.1695,52.1061,1.7351]]],
[[[-131.2271,52.1155,0.0],[-131.2289,52.1163,0.1471],[-131.2306,52.115,0.8881],[-131.2272,52.1131,0.0],[-131.2271,52.1155,0.0]]],
[[[-131.2312,52.118899999999996,0.0],[-131.2333,52.1203,0.2386],[-131.2339,52.12,0.0],[-131.2293,52.1181,0.0],[-131.2312,52.118899999999996,0.0]]],
[[[-131.0067,52.1277,4.3356],[-131.0144,52.1319,11.7439],[-131.0167,52.1306,0.0],[-131.0172,52.1267,4.4579],[-131.0127,52.1241,26.0424],[-131.0071,52.124,28.6335],[-131.005,52.125,0.0],[-131.0067,52.1277,4.3356]]],
[[[-131.0844,52.1515,2.0532],[-131.085,52.1503,1.1179],[-131.0822,52.1506,3.7022],[-131.0816,52.1531,2.6796],[-131.0839,52.1531,0.0],[-131.0844,52.1515,2.0532]]],
[[[-131.062,52.1547,2.8419],[-131.0639,52.1561,0.0],[-131.065,52.1553,0.0],[-131.0618,52.1533,0.8488],[-131.062,52.1547,2.8419]]],
[[[-131.0997,52.1558,2.8616],[-131.0986,52.154,4.3637],[-131.0941,52.1529,0.0],[-131.0909,52.1557,0.0],[-131.0932,52.1575,0.0],[-131.0997,52.1558,2.8616]]],
[[[-131.0733,52.156,0.0],[-131.0741,52.1574,0.0],[-131.0756,52.1566,0.0],[-131.0739,52.1554,0.0],[-131.0733,52.156,0.0]]],
[[[-131.1158,52.1605,0.0],[-131.1211,52.1642,7.8802],[-131.1255,52.1636,13.201],[-131.1217,52.1606,12.8564],[-131.1194,52.1607,11.1685],[-131.119,52.1588,13.2028],[-131.1159,52.1591,0.0],[-131.1158,52.1605,0.0]]],
[[[-131.2206,52.1706,0.0],[-131.2195,52.1678,6.3828],[-131.2156,52.1683,5.7892],[-131.2164,52.1701,7.1772],[-131.2206,52.1706,0.0]]],
[[[-131.2361,52.1941,19.2511],[-131.2379,52.1956,4.0231],[-131.2428,52.1953,11.4817],[-131.241,52.1895,0.0],[-131.2394,52.1911,7.23],[-131.2328,52.1886,0.0],[-131.2361,52.1941,19.2511]]],
[[[-131.175,52.2287,5.2989],[-131.1773,52.2292,5.3381],[-131.178,52.2282,8.7145],[-131.1738,52.2277,0.0],[-131.175,52.2287,5.2989]]],
[[[-131.1711,52.23,0.2606],[-131.1711,52.2289,0.2606],[-131.1682,52.2287,0.0],[-131.1661,52.2306,8.5887],[-131.1667,52.2319,8.5887],[-131.1694,52.2319,4.9477],[-131.1711,52.23,0.2606]]],
[[[-131.2794,52.1361,0.0],[-131.2822,52.1314,1.4011],[-131.2772,52.1294,0.0],[-131.2755,52.1325,5.2259],[-131.2794,52.1361,0.0]]],
[[[-131.2894,52.285,0.0],[-131.286,52.2839,3.3853],[-131.2839,52.2861,8.4041],[-131.2867,52.2867,8.4735],[-131.2894,52.285,0.0]]],
[[[-131.2952,52.2939,0.0],[-131.2989,52.2917,0.0],[-131.2982,52.2885,0.0],[-131.2939,52.2919,0.0],[-131.2952,52.2939,0.0]]],
[[[-131.2717,52.2937,7.0902],[-131.2727,52.2917,0.0],[-131.2711,52.2897,0.0],[-131.2644,52.2931,0.0],[-131.2677,52.2947,3.859],[-131.2717,52.2937,7.0902]]],
[[[-131.0078,52.2325,0.0],[-131.0089,52.2305,0.0],[-131.0061,52.2294,0.0],[-131.0056,52.2322,0.0],[-131.0078,52.2325,0.0]]],
[[[-131.1555,52.2331,13.4103],[-131.1595,52.2331,0.0],[-131.1594,52.2305,5.4232],[-131.1555,52.2317,6.7544],[-131.1555,52.2331,13.4103]]],
[[[-131.0656,52.2553,0.0],[-131.0577,52.2543,2.2691],[-131.0538,52.2585,2.7442],[-131.0616,52.2622,0.0],[-131.0673,52.2581,10.3875],[-131.0674,52.2563,4.8955],[-131.0656,52.2553,0.0]]],
[[[-131.0467,52.2617,1.075],[-131.0472,52.2575,1.1894],[-131.0433,52.2595,5.213],[-131.0437,52.2625,0.1952],[-131.0467,52.2617,1.075]]],
[[[-131.1472,52.2828,0.0],[-131.1484,52.2835,0.0],[-131.1499,52.2826,0.0],[-131.1489,52.2819,0.0],[-131.1472,52.2828,0.0]]],
[[[-131.1355,52.2915,2.4194],[-131.1367,52.2894,0.0],[-131.1317,52.2912,5.5493],[-131.1331,52.2929,1.7345],[-131.1355,52.2915,2.4194]]],
[[[-131.2299,52.3044,0.0],[-131.2272,52.301,0.0],[-131.2253,52.3016,0.0],[-131.2272,52.3053,0.0],[-131.2299,52.3044,0.0]]],
[[[-131.2661,52.3229,8.2363],[-131.2598,52.3223,16.1747],[-131.2566,52.3244,0.9888],[-131.265,52.3239,0.0],[-131.2661,52.3229,8.2363]]],
[[[-131.2694,52.2973,0.0],[-131.2736,52.2993,25.1988],[-131.2744,52.3022,0.0],[-131.2778,52.3004,8.1633],[-131.2728,52.2955,5.5883],[-131.2694,52.2973,0.0]]],
[[[-131.3361,52.3137,0.0],[-131.3373,52.3121,1.0199],[-131.3359,52.3112,0.0],[-131.3351,52.3132,0.0],[-131.3361,52.3137,0.0]]],
[[[-131.3465,52.3247,0.0],[-131.3455,52.3232,7.5542],[-131.3437,52.3233,0.0],[-131.345,52.3243,0.0],[-131.3465,52.3247,0.0]]],
[[[-131.2744,52.3236,26.4401],[-131.2769,52.3252,9.567],[-131.275,52.3264,9.7809],[-131.2761,52.3273,0.0],[-131.2856,52.3255,0.0],[-131.2885,52.3267,0.0],[-131.2933,52.3244,0.0],[-131.2907,52.3208,17.0631],[-131.2868,52.3207,10.7932],[-131.285,52.3222,22.9824],[-131.2811,52.321,4.1857],[-131.27,52.3222,0.0],[-131.2744,52.3236,26.4401]]],
[[[-131.2479,52.3231,0.0],[-131.2417,52.325,0.0],[-131.2522,52.3253,0.0],[-131.2544,52.3239,0.0],[-131.2527,52.3233,0.0],[-131.2479,52.3231,0.0]]],
[[[-131.2357,52.3424,0.0],[-131.2333,52.3403,0.0],[-131.2311,52.3414,0.0],[-131.234,52.3431,0.0],[-131.2357,52.3424,0.0]]],
[[[-131.2384,52.3459,0.0],[-131.2394,52.3443,0.0],[-131.2365,52.3429,0.0],[-131.2368,52.3451,5.9736],[-131.2384,52.3459,0.0]]],
[[[-131.2269,52.3461,1.3752],[-131.22,52.3475,0.2961],[-131.2262,52.3495,0.0],[-131.2294,52.3483,0.0],[-131.2269,52.3461,1.3752]]],
[[[-131.3061,52.334,0.0],[-131.3083,52.3334,0.0],[-131.3072,52.3307,6.4085],[-131.3039,52.3322,3.0088],[-131.3061,52.334,0.0]]],
[[[-131.2968,52.3361,15.6292],[-131.3006,52.3378,0.0],[-131.3017,52.3364,0.0],[-131.3006,52.3353,28.8209],[-131.3033,52.3331,1.4672],[-131.2972,52.3322,10.8835],[-131.2935,52.3336,0.0],[-131.2968,52.3361,15.6292]]],
[[[-131.4072,52.3561,5.4242],[-131.4059,52.3545,0.0],[-131.4037,52.3547,0.0],[-131.4047,52.3573,0.0],[-131.4072,52.3561,5.4242]]],
[[[-131.3988,52.3579,0.0],[-131.4006,52.3564,0.0],[-131.3961,52.3567,0.0],[-131.395,52.3586,0.0],[-131.3961,52.3592,0.0],[-131.3988,52.3579,0.0]]],
[[[-131.3814,52.3681,0.0],[-131.3805,52.3667,0.0],[-131.3785,52.3669,0.0],[-131.3793,52.3684,0.0],[-131.3814,52.3681,0.0]]],
[[[-131.3821,52.3716,0.0],[-131.3833,52.3705,0.0],[-131.3806,52.3703,0.0],[-131.3807,52.3709,0.0],[-131.3821,52.3716,0.0]]],
[[[-131.3727,52.3741,0.0],[-131.37,52.3731,0.0],[-131.3689,52.3755,0.0],[-131.3761,52.3755,0.0],[-131.3727,52.3741,0.0]]],
[[[-131.3849,52.3798,5.4049],[-131.385,52.3781,2.8431],[-131.3828,52.3772,6.6871],[-131.3795,52.3795,0.0],[-131.3811,52.3808,0.0],[-131.3849,52.3798,5.4049]]],
[[[-131.3717,52.3892,0.0],[-131.3877,52.3908,0.0],[-131.3778,52.3819,0.0],[-131.3722,52.3825,0.0],[-131.3706,52.3867,0.0],[-131.3717,52.3892,0.0]]],
[[[-131.2491,52.4486,5.0333],[-131.2633,52.4497,0.8954],[-131.279,52.4483,12.259],[-131.2833,52.4497,0.5666],[-131.2956,52.4467,3.2533],[-131.3064,52.4407,0.0],[-131.3121,52.4403,19.7211],[-131.3142,52.4375,2.3898],[-131.3251,52.4368,27.1407],[-131.3414,52.4269,24.2242],[-131.3517,52.429,0.0],[-131.3565,52.4258,0.0],[-131.3556,52.4237,0.0],[-131.3572,52.4189,11.98],[-131.3615,52.4171,0.0],[-131.367,52.4199,15.0928],[-131.3705,52.4197,9.4578],[-131.3689,52.4057,0.0],[-131.3555,52.3906,0.0],[-131.35,52.3614,23.8999],[-131.3517,52.36,0.0],[-131.352,52.3543,9.3502],[-131.35,52.3528,2.3807],[-131.3441,52.3531,6.0619],[-131.3383,52.3439,21.6772],[-131.3344,52.3414,17.6435],[-131.3341,52.3311,2.2184],[-131.3306,52.3267,0.0],[-131.3261,52.325,0.0],[-131.3161,52.3258,7.7706],[-131.3168,52.3278,5.1184],[-131.3127,52.3297,0.0],[-131.3129,52.3318,0.0],[-131.3106,52.3333,8.5589],[-131.3078,52.3393,36.8321],[-131.3072,52.3445,7.5983],[-131.3088,52.3479,25.3072],[-131.3069,52.3501,4.1881],[-131.2939,52.3453,0.0],[-131.284,52.3461,17.9825],[-131.2775,52.3447,0.0],[-131.2723,52.3463,7.899],[-131.2679,52.3443,19.6498],[-131.2611,52.3446,4.8856],[-131.2621,52.3463,6.5107],[-131.2586,52.3495,2.3595],[-131.263,52.3494,4.049],[-131.2618,52.3521,3.0069],[-131.2651,52.3548,10.5223],[-131.2646,52.3572,25.5615],[-131.2583,52.3579,8.0766],[-131.2578,52.3589,0.0],[-131.2605,52.3604,46.2474],[-131.2597,52.3628,0.0],[-131.2439,52.3723,1.4963],[-131.2517,52.3728,0.0],[-131.2833,52.3641,9.0235],[-131.2834,52.3673,28.2844],[-131.28,52.3694,0.0],[-131.283,52.3707,42.6626],[-131.2772,52.3731,3.433],[-131.2757,52.3761,19.4721],[-131.2821,52.3793,0.0],[-131.289,52.3795,11.0555],[-131.2939,52.3769,0.0],[-131.295,52.3733,7.1083],[-131.2902,52.3699,11.3668],[-131.2884,52.3657,0.0],[-131.2939,52.3644,0.0],[-131.295,52.3606,32.1654],[-131.3044,52.3597,5.4108],[-131.3098,52.3553,20.6025],[-131.3166,52.3559,0.0],[-131.3239,52.352,22.6765],[-131.3267,52.3528,3.7438],[-131.3266,52.3551,5.9847],[-131.3219,52.3578,37.4474],[-131.3122,52.36,0.0],[-131.3061,52.3653,13.012],[-131.3072,52.3686,7.7267],[-131.3022,52.3703,0.0],[-131.3041,52.3717,8.3318],[-131.3032,52.3733,0.0],[-131.3051,52.3766,9.4732],[-131.3038,52.3828,27.4948],[-131.2899,52.3964,5.2239],[-131.2655,52.4064,0.0],[-131.2639,52.4081,4.6486],[-131.264,52.4113,3.8105],[-131.2681,52.4142,12.1328],[-131.2556,52.4169,0.0],[-131.2428,52.4239,0.0],[-131.2439,52.4267,6.3724],[-131.2389,52.4319,0.1519],[-131.2352,52.4391,0.1131],[-131.2354,52.4433,0.0],[-131.2382,52.4471,0.0],[-131.2491,52.4486,5.0333]]],
[[[-131.4106,52.4106,0.0],[-131.4089,52.4078,2.8028],[-131.4065,52.4095,15.8386],[-131.4077,52.4117,9.401],[-131.4106,52.4106,0.0]]],
[[[-131.4087,52.417,0.0],[-131.4083,52.4131,0.0],[-131.4071,52.4127,0.0],[-131.3989,52.4174,29.3815],[-131.3994,52.4281,4.0441],[-131.4022,52.4289,0.0],[-131.4077,52.4264,13.3757],[-131.4101,52.4197,11.3777],[-131.4087,52.417,0.0]]],
[[[-131.3717,52.4193,1.7545],[-131.37,52.4227,0.0],[-131.3745,52.4247,0.0],[-131.3761,52.4239,0.0],[-131.3739,52.4192,0.0],[-131.3717,52.4193,1.7545]]],
[[[-131.4121,52.4253,0.0],[-131.415,52.4239,0.0],[-131.4122,52.4228,0.0],[-131.4111,52.4233,0.0],[-131.4121,52.4253,0.0]]],
[[[-131.3789,52.4294,0.0],[-131.3825,52.4312,0.0],[-131.3808,52.4289,0.0],[-131.3788,52.4284,0.0],[-131.3789,52.4294,0.0]]],
[[[-131.3561,52.4342,0.1443],[-131.355,52.4328,1.3229],[-131.3522,52.433,0.0],[-131.3544,52.4342,0.0],[-131.3561,52.4342,0.1443]]],
[[[-131.4084,52.4376,0.0],[-131.4106,52.4389,0.0],[-131.4117,52.4353,0.0],[-131.4072,52.4353,0.0],[-131.4084,52.4376,0.0]]],
[[[-131.3167,52.4478,9.4681],[-131.3211,52.4551,0.8991],[-131.3245,52.4549,1.5721],[-131.3228,52.4531,1.3593],[-131.3236,52.4519,26.4936],[-131.3267,52.4526,0.0],[-131.3272,52.4489,0.0],[-131.3245,52.4472,18.0604],[-131.325,52.4447,8.6395],[-131.32,52.4417,0.0],[-131.3144,52.4436,0.0],[-131.3139,52.4456,3.4071],[-131.3167,52.4478,9.4681]]],
[[[-131.3539,52.4608,22.2319],[-131.355,52.4659,0.0],[-131.3634,52.4678,0.0],[-131.3778,52.4614,30.5277],[-131.3872,52.4603,0.0],[-131.3867,52.4578,0.0],[-131.3889,52.4557,0.0],[-131.3874,52.455,20.9538],[-131.3881,52.4529,0.0],[-131.3931,52.4518,40.3512],[-131.3932,52.4501,48.1307],[-131.3884,52.4464,0.0],[-131.39,52.4431,0.0],[-131.3833,52.4367,26.6109],[-131.3789,52.4339,21.2092],[-131.3739,52.4345,44.6552],[-131.365,52.4319,0.0],[-131.3578,52.435,0.1443],[-131.3622,52.4375,16.0844],[-131.3633,52.4394,61.8354],[-131.3617,52.4414,5.5691],[-131.3661,52.4447,42.8138],[-131.3661,52.4472,41.7844],[-131.3622,52.4514,0.0],[-131.3622,52.4537,0.1698],[-131.3539,52.4608,22.2319]]],
[[[-131.2917,52.4522,0.0],[-131.2933,52.4512,0.0],[-131.2928,52.4493,0.0],[-131.2903,52.4491,0.0],[-131.289,52.4515,0.0],[-131.2917,52.4522,0.0]]],
[[[-131.6228,52.5405,0.0],[-131.6278,52.54,9.472],[-131.6317,52.5428,0.0],[-131.6361,52.5397,0.0],[-131.62,52.5364,0.0],[-131.6217,52.5375,17.5963],[-131.6205,52.5395,13.4655],[-131.6228,52.5405,0.0]]],
[[[-131.5511,52.5415,0.0],[-131.5517,52.5389,2.9033],[-131.5483,52.5392,0.0],[-131.5483,52.5403,0.0],[-131.5511,52.5415,0.0]]],
[[[-131.5556,52.5728,18.4254],[-131.5517,52.5767,1.9453],[-131.5572,52.5769,13.7765],[-131.5589,52.5753,0.0],[-131.5572,52.5739,5.441],[-131.5639,52.5719,0.0],[-131.5556,52.5686,0.0],[-131.5506,52.5717,1.2782],[-131.5556,52.5728,18.4254]]],
[[[-131.5611,52.5769,0.0],[-131.5578,52.5803,4.7893],[-131.5661,52.5833,5.0237],[-131.5733,52.5781,0.0],[-131.5739,52.5753,0.0],[-131.5633,52.5753,0.0],[-131.5611,52.5769,0.0]]],
[[[-131.5889,52.6381,0.2414],[-131.59,52.6383,0.2414],[-131.5828,52.6353,0.0],[-131.5828,52.6364,0.0],[-131.5889,52.6381,0.2414]]],
[[[-131.6933,52.6442,3.7639],[-131.69,52.6414,0.0],[-131.6887,52.6446,1.6326],[-131.6832,52.6463,3.9008],[-131.6864,52.6544,2.1868],[-131.7,52.6647,0.0],[-131.7144,52.6721,0.0],[-131.7156,52.6753,22.3997],[-131.7211,52.6764,17.3417],[-131.7174,52.6697,0.0],[-131.7176,52.6671,0.0],[-131.7056,52.6616,0.0],[-131.7044,52.6561,9.1418],[-131.6933,52.6442,3.7639]]],
[[[-131.4789,52.7359,14.7788],[-131.4831,52.735,55.6276],[-131.4883,52.7395,0.0],[-131.4966,52.7379,7.9829],[-131.5014,52.7353,7.6077],[-131.5042,52.7365,1.6791],[-131.5065,52.733,14.2607],[-131.5122,52.7329,8.5001],[-131.5266,52.7255,0.0],[-131.5348,52.7235,14.2224],[-131.5343,52.7196,44.9326],[-131.5451,52.7129,18.1039],[-131.5453,52.7103,39.348],[-131.5501,52.7061,24.275],[-131.5513,52.702,26.4331],[-131.5559,52.7003,0.0],[-131.5522,52.6926,33.46],[-131.5515,52.6845,6.708],[-131.5606,52.6815,7.2976],[-131.5628,52.6827,0.0],[-131.5607,52.6863,0.0],[-131.5611,52.6891,5.5233],[-131.5683,52.6986,0.0],[-131.5795,52.7007,0.0],[-131.5894,52.7063,33.4283],[-131.605,52.7033,40.7377],[-131.6165,52.6965,4.8585],[-131.6222,52.6901,31.7025],[-131.632,52.6875,0.0],[-131.6385,52.6877,0.0],[-131.6438,52.6931,0.0],[-131.6276,52.7038,0.0],[-131.6322,52.707,24.1694],[-131.6652,52.7061,0.0],[-131.6817,52.6989,0.0],[-131.6854,52.7009,0.0],[-131.6815,52.7059,15.7204],[-131.6763,52.7076,0.0],[-131.6777,52.7088,0.0],[-131.6767,52.7133,0.0],[-131.6695,52.7149,0.0],[-131.6316,52.7165,10.0338],[-131.5761,52.7137,0.0],[-131.5796,52.7209,13.5882],[-131.5752,52.7227,19.1809],[-131.5751,52.7242,0.0],[-131.5788,52.7257,17.1687],[-131.5782,52.7271,0.0],[-131.585,52.7259,14.1457],[-131.5869,52.7273,0.0],[-131.5979,52.7273,16.8669],[-131.61,52.73,10.9463],[-131.6111,52.7339,0.0],[-131.6128,52.7339,0.0],[-131.6133,52.7301,6.3696],[-131.6164,52.728,0.0],[-131.6276,52.7259,4.9186],[-131.6342,52.7287,14.8477],[-131.6455,52.7277,11.0153],[-131.6539,52.7288,0.0],[-131.6643,52.7325,0.0],[-131.6766,52.7338,0.0],[-131.6838,52.7317,19.2178],[-131.6869,52.7332,0.0],[-131.6915,52.7326,7.5568],[-131.7005,52.7267,64.3658],[-131.7061,52.7193,0.0],[-131.7145,52.7175,2.3589],[-131.7178,52.7156,0.0],[-131.7219,52.7091,3.7689],[-131.7281,52.7091,0.0],[-131.7294,52.7075,8.4379],[-131.7187,52.6973,16.542],[-131.6808,52.6709,2.2291],[-131.6724,52.6693,12.3817],[-131.6701,52.6662,0.0],[-131.6591,52.6622,21.4399],[-131.6529,52.6547,8.0644],[-131.6413,52.6509,5.6275],[-131.641,52.6477,19.4946],[-131.6454,52.6469,51.7292],[-131.6518,52.6503,29.392],[-131.6622,52.6522,0.0],[-131.6639,52.6514,0.0],[-131.665,52.6473,14.2831],[-131.6638,52.6414,0.0],[-131.6533,52.6279,62.0663],[-131.6336,52.611,0.0],[-131.6172,52.5908,36.912],[-131.6103,52.5851,0.0],[-131.6016,52.5822,14.554],[-131.5945,52.5823,14.17],[-131.5909,52.5802,0.0],[-131.5828,52.5801,0.0],[-131.5778,52.5823,9.9186],[-131.5788,52.5834,9.9186],[-131.5772,52.5842,3.6218],[-131.5767,52.5958,0.0],[-131.584,52.6047,6.8483],[-131.5661,52.5927,4.1175],[-131.5595,52.5929,2.3196],[-131.5616,52.5936,15.0825],[-131.5614,52.5949,8.1767],[-131.5503,52.5955,30.4473],[-131.5467,52.5992,16.4421],[-131.5605,52.6139,0.0],[-131.5802,52.6245,0.0],[-131.5835,52.6279,13.4749],[-131.6008,52.6288,0.0],[-131.6075,52.6308,4.5556],[-131.5994,52.6328,3.34],[-131.5989,52.635,4.3776],[-131.6151,52.6399,0.0],[-131.615,52.642,0.0],[-131.6127,52.6428,8.8747],[-131.6044,52.6381,0.0],[-131.6039,52.6403,0.0],[-131.6095,52.6421,0.0],[-131.6099,52.6439,22.1214],[-131.596,52.6413,6.0225],[-131.5907,52.6409,0.0],[-131.59,52.6422,0.0],[-131.5903,52.646,0.0],[-131.5996,52.6547,0.0],[-131.5985,52.6567,0.0],[-131.587,52.651,12.4273],[-131.5777,52.6505,18.0789],[-131.5634,52.6461,0.0],[-131.5594,52.6425,11.2775],[-131.555,52.6409,0.0],[-131.5517,52.6361,0.0],[-131.5399,52.6317,16.7677],[-131.5344,52.6245,6.9942],[-131.5189,52.6161,7.7635],[-131.4909,52.6207,38.4666],[-131.475,52.6193,0.0],[-131.4696,52.6226,9.6974],[-131.4639,52.6239,0.0],[-131.4627,52.6256,0.0],[-131.464,52.6297,0.0],[-131.4578,52.6407,0.0],[-131.4583,52.6453,27.7441],[-131.4556,52.6505,0.0],[-131.4555,52.6542,0.0],[-131.4584,52.6572,12.3011],[-131.4576,52.6602,0.0],[-131.4642,52.6629,16.0547],[-131.4618,52.6671,3.76],[-131.4641,52.6737,13.0996],[-131.4545,52.6773,13.7312],[-131.4522,52.6767,0.0],[-131.4511,52.6786,1.5142],[-131.4487,52.6776,0.0],[-131.45,52.6795,17.0161],[-131.4489,52.6801,4.1333],[-131.445,52.6783,0.0],[-131.4435,52.6792,3.566],[-131.4447,52.6828,3.4296],[-131.4389,52.6853,0.0],[-131.4395,52.6878,0.0],[-131.4441,52.6897,0.0],[-131.4508,52.6885,18.7196],[-131.4533,52.6915,3.2049],[-131.4456,52.6916,2.9193],[-131.4483,52.6931,11.4899],[-131.446,52.6952,3.5537],[-131.4462,52.6981,11.1097],[-131.4417,52.7003,0.0],[-131.4423,52.7022,2.176],[-131.4408,52.7041,0.0],[-131.4444,52.7114,0.0],[-131.4487,52.715,42.8549],[-131.4538,52.7173,0.0],[-131.4628,52.7185,47.5693],[-131.4802,52.7304,4.1128],[-131.4767,52.7344,0.0],[-131.4789,52.7359,14.7788]]],
[[[-131.6806,52.6636,6.933],[-131.6822,52.6614,0.0],[-131.6806,52.6586,0.0],[-131.6756,52.6625,0.0],[-131.6783,52.6639,0.0],[-131.6806,52.6636,6.933]]],
[[[-131.8006,53.2553,0.0],[-131.8117,53.2572,0.0],[-131.8216,53.2617,1.3224],[-131.8261,53.2589,2.0128],[-131.8227,53.2558,0.0],[-131.8235,53.2542,0.0],[-131.8217,53.2525,2.0309],[-131.8234,53.2478,0.6248],[-131.8349,53.2405,0.0],[-131.8459,53.237,6.3962],[-131.86,53.2367,4.9583],[-131.8692,53.2395,0.0],[-131.8714,53.2383,11.5942],[-131.8792,53.2389,0.0],[-131.8817,53.2364,3.3168],[-131.8888,53.2359,1.7886],[-131.8966,53.2381,1.0427],[-131.9094,53.2375,4.3927],[-131.9221,53.2407,0.0],[-131.9228,53.2367,9.3453],[-131.9261,53.2331,2.2659],[-131.9383,53.2261,3.8973],[-131.945,53.2245,5.2732],[-131.9466,53.2217,36.9646],[-131.9627,53.2125,2.168],[-131.9744,53.215,29.4977],[-131.98,53.2142,1.7874],[-131.9833,53.2161,0.6594],[-131.9862,53.215,14.464],[-131.9856,53.2178,3.7259],[-131.9939,53.2181,0.0],[-131.995,53.2169,0.0],[-131.9878,53.2106,17.9505],[-131.9883,53.2072,3.2589],[-131.9817,53.2028,4.7252],[-131.9828,53.2014,0.0],[-131.9861,53.1997,8.0679],[-131.99,53.2009,0.0],[-131.9978,53.1992,0.0],[-132.0161,53.1986,14.4927],[-132.0172,53.1989,0.0],[-132.0166,53.2011,17.8551],[-132.0122,53.2037,0.0],[-132.0122,53.2059,0.0],[-132.015,53.2067,39.7397],[-132.0238,53.1998,0.0],[-132.0217,53.1967,0.0],[-132.0161,53.1956,0.0],[-132.0228,53.1942,6.7637],[-132.0201,53.1921,0.0],[-132.025,53.1892,15.7092],[-132.0244,53.1861,13.7011],[-132.03,53.1839,0.0],[-132.0317,53.1806,0.0],[-132.0367,53.1778,6.999],[-132.0444,53.1697,6.3273],[-132.0595,53.1675,5.3362],[-132.0608,53.1656,21.981],[-132.0556,53.1644,0.9463],[-132.0627,53.1614,24.7299],[-132.0683,53.1611,0.7007],[-132.0689,53.1592,11.1891],[-132.0803,53.1528,12.1426],[-132.0806,53.15,21.8311],[-132.0827,53.1484,19.331],[-132.0911,53.1492,5.9262],[-132.0944,53.1517,14.3238],[-132.0978,53.1517,18.4623],[-132.1192,53.1493,2.8144],[-132.1283,53.145,45.4792],[-132.1333,53.145,10.3028],[-132.135,53.1461,30.0113],[-132.1278,53.1495,10.014099999999999],[-132.1133,53.1517,9.0494],[-132.1167,53.1533,27.0683],[-132.113,53.1562,5.3615],[-132.1194,53.1553,20.2545],[-132.1203,53.1573,0.0],[-132.1235,53.1563,26.0925],[-132.1272,53.1592,0.0],[-132.1349,53.1604,23.0221],[-132.1394,53.1592,7.4047],[-132.1456,53.1601,4.5159],[-132.1599,53.1569,41.1332],[-132.1717,53.1519,44.6175],[-132.177,53.1514,17.5418],[-132.1828,53.1481,7.8105],[-132.2016,53.1475,0.0],[-132.2144,53.1422,0.0],[-132.23,53.1397,16.7693],[-132.2354,53.1415,0.0],[-132.235,53.1436,0.0],[-132.2372,53.1445,0.0],[-132.2411,53.1447,0.0],[-132.2439,53.1428,23.9192],[-132.2502,53.1459,8.8873],[-132.2634,53.1465,38.2584],[-132.2653,53.1478,0.0],[-132.2711,53.1469,47.4137],[-132.2747,53.1495,0.0],[-132.2833,53.1517,22.4066],[-132.3001,53.1535,14.6252],[-132.3327,53.1464,20.378],[-132.3567,53.1497,2.754],[-132.3649,53.1459,0.0],[-132.3649,53.1439,0.0],[-132.3621,53.1428,0.0],[-132.3561,53.1447,6.691],[-132.3533,53.1433,0.0],[-132.3556,53.1386,0.0],[-132.3511,53.1369,11.9651],[-132.3528,53.1347,7.2101],[-132.3506,53.1336,12.9084],[-132.3561,53.1308,25.6385],[-132.3594,53.1331,7.244],[-132.37,53.1333,14.3413],[-132.3789,53.13,23.9354],[-132.3928,53.1278,0.0],[-132.3944,53.1261,3.4493],[-132.3889,53.118899999999996,22.5177],[-132.3905,53.1175,0.0],[-132.3889,53.1144,22.2389],[-132.3905,53.1131,0.0],[-132.3894,53.1097,12.2606],[-132.3911,53.1086,0.0],[-132.3939,53.1103,45.6103],[-132.395,53.1192,0.0],[-132.3983,53.1222,58.8013],[-132.3985,53.1249,27.8846],[-132.4016,53.1275,0.0],[-132.4089,53.1295,0.0],[-132.4156,53.1281,23.7211],[-132.4272,53.1295,0.0],[-132.4433,53.1289,0.0],[-132.4616,53.1253,60.0152],[-132.4744,53.1248,2.4955],[-132.4755,53.1233,45.0171],[-132.4839,53.1264,14.0338],[-132.4917,53.1247,22.2992],[-132.5022,53.1292,0.0],[-132.505,53.1286,90.7859],[-132.5078,53.1311,45.5642],[-132.5158,53.1323,35.7219],[-132.5227,53.1361,0.0],[-132.5278,53.1364,11.5571],[-132.5312,53.1345,25.7228],[-132.5494,53.1394,8.475],[-132.555,53.1414,102.6356],[-132.5594,53.1464,29.4483],[-132.575,53.1519,13.4484],[-132.5777,53.1511,6.7654],[-132.5755,53.1497,54.8698],[-132.5772,53.1489,54.8698],[-132.5843,53.1523,0.0],[-132.5893,53.1509,0.0],[-132.5888,53.1492,0.0],[-132.5843,53.1486,13.2501],[-132.5854,53.1473,13.2501],[-132.5899,53.1475,0.0],[-132.5861,53.1425,0.0],[-132.5861,53.1394,0.0],[-132.5927,53.1375,0.0],[-132.5945,53.135,0.0],[-132.5928,53.1328,6.5838],[-132.596,53.1309,0.0],[-132.5961,53.1264,0.0],[-132.5906,53.1219,0.0],[-132.5871,53.1227,4.9667],[-132.5738,53.1194,1.7746],[-132.5633,53.1191,29.8732],[-132.5594,53.1155,18.9355],[-132.5489,53.1106,30.3106],[-132.5511,53.1073,0.0],[-132.5438,53.1047,0.0],[-132.5349,53.1059,39.49],[-132.5271,53.1045,4.0245],[-132.5189,53.1064,19.5345],[-132.4602,53.1031,4.3888],[-132.4389,53.1056,19.5941],[-132.4217,53.1031,0.0],[-132.4011,53.1039,22.3744],[-132.3944,53.1061,6.8378],[-132.3922,53.1047,0.0],[-132.4089,53.1025,0.0],[-132.4161,53.0997,7.3806],[-132.4305,53.0994,6.444],[-132.4355,53.097,14.4241],[-132.4433,53.0981,7.7501],[-132.4533,53.0959,14.8093],[-132.4857,53.0992,0.0],[-132.4911,53.0973,56.4413],[-132.4928,53.0987,56.4413],[-132.4995,53.0983,37.645],[-132.5039,53.0969,0.0],[-132.5033,53.0947,44.0229],[-132.5087,53.0975,0.0],[-132.5183,53.0961,24.1443],[-132.5233,53.0983,21.4254],[-132.5418,53.1003,37.8769],[-132.5577,53.097,92.1306],[-132.5648,53.0985,53.9908],[-132.5702,53.0967,65.4521],[-132.5755,53.0975,0.0],[-132.5761,53.0953,0.0],[-132.5716,53.0911,0.9829],[-132.5767,53.09,0.0],[-132.5739,53.0878,48.4167],[-132.5779,53.0884,8.4118],[-132.5806,53.0867,8.9686],[-132.5772,53.0864,7.3468],[-132.5767,53.0831,0.0],[-132.5739,53.0837,0.0],[-132.5622,53.0803,53.5557],[-132.5667,53.0797,0.0],[-132.5656,53.0767,0.0],[-132.55,53.0678,1.6594],[-132.5358,53.0672,14.9903],[-132.5244,53.0697,47.0173],[-132.5155,53.0689,4.7312],[-132.5061,53.0722,44.3996],[-132.5028,53.0714,7.4709],[-132.5011,53.0689,35.5337],[-132.5061,53.0675,21.5346],[-132.5255,53.0669,1.194],[-132.525,53.0653,0.0],[-132.5189,53.0641,7.5374],[-132.5239,53.0619,1.2412],[-132.5217,53.0592,6.6749],[-132.5261,53.0517,0.0],[-132.5228,53.0494,94.5715],[-132.5305,53.0503,0.0],[-132.5311,53.0478,3.7448],[-132.5339,53.0461,18.7527],[-132.5244,53.0417,0.0],[-132.5233,53.0406,14.9213],[-132.5244,53.0397,0.0],[-132.5206,53.0369,0.0],[-132.5155,53.035,0.0],[-132.5133,53.0359,13.2443],[-132.5117,53.0336,0.0],[-132.5061,53.0344,0.9718],[-132.505,53.0339,10.2906],[-132.5064,53.0322,0.0],[-132.5056,53.0308,0.0],[-132.4972,53.0272,0.8143],[-132.4849,53.0284,0.0],[-132.4772,53.0328,3.1451],[-132.4644,53.0356,31.2824],[-132.4578,53.0353,13.8907],[-132.4578,53.0328,4.4921],[-132.4544,53.0323,0.0],[-132.4511,53.0356,87.4871],[-132.4406,53.0386,7.8128],[-132.4422,53.0405,24.6395],[-132.4388,53.0417,0.0],[-132.4361,53.04,5.7652],[-132.44,53.0375,7.8128],[-132.4383,53.0361,0.0],[-132.43,53.0389,0.0],[-132.43,53.0409,19.6701],[-132.4261,53.0405,50.6641],[-132.4255,53.0369,0.0],[-132.4283,53.0353,0.0],[-132.4222,53.0331,108.0854],[-132.4228,53.0311,37.0393],[-132.4178,53.028,22.5409],[-132.4044,53.0247,0.0],[-132.3967,53.0269,0.0],[-132.39,53.0261,0.0],[-132.3778,53.0306,112.3284],[-132.3683,53.03,0.0],[-132.3678,53.0322,96.7261],[-132.3656,53.0333,28.5902],[-132.3522,53.0353,0.0],[-132.3506,53.0389,6.6198],[-132.3455,53.0411,37.8028],[-132.3442,53.0444,29.6434],[-132.3372,53.0473,28.7869],[-132.3344,53.0453,5.0314],[-132.3344,53.0431,24.7947],[-132.3487,53.0348,19.762],[-132.3438,53.0334,0.0],[-132.3241,53.0444,50.7589],[-132.3155,53.0445,0.0],[-132.304,53.0469,3.8499],[-132.2961,53.0503,14.8854],[-132.2927,53.055,6.5153],[-132.2872,53.0578,28.9942],[-132.277,53.0601,0.0],[-132.2638,53.0599,4.5702],[-132.2676,53.0545,0.0],[-132.2889,53.0531,6.1737],[-132.2922,53.0475,11.3938],[-132.3022,53.0431,54.755],[-132.3256,53.0397,31.6783],[-132.3283,53.035,63.5118],[-132.3339,53.0328,13.6081],[-132.3383,53.0314,92.7425],[-132.3472,53.0323,0.0],[-132.3611,53.0264,11.9576],[-132.3561,53.0231,0.0],[-132.3583,53.0206,0.0],[-132.3539,53.0183,0.0],[-132.33,53.0247,6.1082],[-132.3261,53.0239,0.0],[-132.3217,53.0264,3.6925],[-132.3167,53.025,1.6601],[-132.3161,53.0219,0.0],[-132.3106,53.0189,4.8821],[-132.2985,53.0201,10.0328],[-132.284,53.0186,0.0],[-132.2729,53.0203,0.0],[-132.2569,53.0181,13.9424],[-132.2467,53.0139,24.3659],[-132.2478,53.0122,0.0],[-132.2511,53.0139,0.0],[-132.2528,53.0114,0.0],[-132.2517,53.01,5.2093],[-132.237,53.0064,0.0],[-132.23,53.0081,7.3849],[-132.2276,53.0049,0.0],[-132.2202,53.0005,39.2429],[-132.2024,52.9947,0.0],[-132.1635,52.9933,0.0],[-132.1399,52.9985,0.0],[-132.1248,52.9955,22.2504],[-132.1168,52.9922,25.6395],[-132.1196,52.9905,2.5061],[-132.1186,52.9899,0.0],[-132.1007,52.9828,6.6065],[-132.1007,52.9805,0.0],[-132.1029,52.9791,14.9957],[-132.1013,52.9779,6.1036],[-132.0783,52.9677,4.2168],[-132.0804,52.9656,0.0],[-132.084,52.9656,7.5034],[-132.1043,52.9763,40.467],[-132.1065,52.9789,51.7667],[-132.107,52.9827,2.6823],[-132.112,52.9856,-0.0554],[-132.1208,52.9866,53.5926],[-132.1264,52.9893,29.7541],[-132.1265,52.9911,0.0],[-132.1369,52.993899999999996,0.0],[-132.1416,52.9901,32.1728],[-132.1541,52.9886,2.273],[-132.1524,52.9842,18.5833],[-132.1563,52.9778,6.859],[-132.1463,52.9731,4.0295],[-132.1393,52.9647,2.6437],[-132.1327,52.9607,32.9343],[-132.1237,52.9602,0.0],[-132.1141,52.9622,5.1731],[-132.1136,52.9601,0.0],[-132.1163,52.9572,15.1048],[-132.1259,52.9549,19.6486],[-132.1385,52.9564,7.3147],[-132.1464,52.9612,77.3501],[-132.1575,52.9726,3.6419],[-132.1667,52.9769,13.3855],[-132.1757,52.9748,12.8771],[-132.1785,52.9703,12.2539],[-132.1908,52.9668,0.0],[-132.1748,52.9613,21.9747],[-132.1583,52.9533,0.0],[-132.1478,52.9414,0.0],[-132.135,52.9375,5.54],[-132.1344,52.9353,0.0],[-132.1361,52.9347,4.3122],[-132.1463,52.9364,28.0371],[-132.1613,52.9453,21.5663],[-132.1685,52.9447,31.8871],[-132.1756,52.9506,0.0],[-132.1788,52.9557,7.527],[-132.2015,52.9623,17.8666],[-132.2037,52.9652,49.2825],[-132.2135,52.9695,0.0],[-132.2201,52.9653,124.993],[-132.2265,52.9649,5.1674],[-132.2307,52.9609,14.7112],[-132.2007,52.9445,99.9066],[-132.2018,52.9417,8.3902],[-132.1934,52.9359,0.0],[-132.1883,52.9341,42.1296],[-132.1751,52.9331,15.6594],[-132.1712,52.931399999999996,3.6792],[-132.1715,52.9293,0.0],[-132.1775,52.9274,0.0],[-132.1936,52.9301,6.8404],[-132.1995,52.9295,16.4873],[-132.2131,52.9455,10.9449],[-132.2168,52.9475,0.0],[-132.225,52.9477,0.0],[-132.2541,52.9586,18.0136],[-132.2625,52.9595,3.0306],[-132.2704,52.9574,5.8831],[-132.2881,52.9591,0.0],[-132.2898,52.9583,0.0],[-132.2872,52.9557,0.0],[-132.2883,52.9545,7.5024],[-132.2985,52.9552,10.189],[-132.3013,52.9522,29.2643],[-132.3118,52.953,36.1532],[-132.3165,52.9552,30.4809],[-132.3235,52.9537,39.9473],[-132.3268,52.9544,0.0],[-132.3304,52.9519,0.0],[-132.3353,52.9536,2.1805],[-132.3363,52.9514,17.6401],[-132.3454,52.9517,0.0],[-132.3515,52.9491,0.0],[-132.3485,52.9469,19.8503],[-132.3554,52.948,0.0],[-132.364,52.9466,0.8069],[-132.3644,52.9451,0.0],[-132.3582,52.943,0.0],[-132.3568,52.9386,10.3652],[-132.3604,52.9374,0.0],[-132.3618,52.9342,0.0],[-132.3652,52.9319,19.7215],[-132.3668,52.9269,0.0],[-132.3632,52.9258,4.0768],[-132.3581,52.9275,18.9896],[-132.3563,52.9233,0.0],[-132.3509,52.9227,27.7865],[-132.3503,52.9205,0.0],[-132.3396,52.9259,4.8008],[-132.3391,52.9228,68.7035],[-132.3448,52.9197,0.0],[-132.3445,52.9151,0.0],[-132.3374,52.9156,73.0063],[-132.3391,52.9136,0.0],[-132.3341,52.9139,4.8341],[-132.3289,52.9108,18.3286],[-132.3328,52.9072,0.0],[-132.3272,52.9085,2.0636],[-132.3247,52.9055,2.9461],[-132.3213,52.9061,1.248],[-132.3173,52.9035,0.0],[-132.3121,52.9039,17.7267],[-132.3093,52.9093,27.6455],[-132.3032,52.9116,0.0],[-132.2932,52.9094,27.1949],[-132.2792,52.9119,0.0],[-132.2643,52.9185,0.0],[-132.2626,52.9177,0.0],[-132.2654,52.9133,6.3326],[-132.2755,52.9069,15.5965],[-132.2947,52.9047,140.568],[-132.3043,52.9072,0.0],[-132.3074,52.9056,0.0],[-132.3084,52.901,60.9872],[-132.3178,52.9019,29.1671],[-132.3206,52.8995,18.8341],[-132.3283,52.8997,0.0],[-132.3294,52.8975,0.0],[-132.3268,52.8961,0.0],[-132.3245,52.8916,0.0],[-132.3204,52.8899,0.0],[-132.315,52.8905,18.5667],[-132.3161,52.8883,0.0],[-132.3133,52.8864,0.0],[-132.3094,52.8867,0.0],[-132.3039,52.8831,0.0],[-132.3033,52.88,0.0],[-132.3006,52.8806,16.3736],[-132.2961,52.8767,0.0],[-132.287,52.8747,0.0],[-132.2776,52.8702,0.0],[-132.2715,52.8711,0.0],[-132.2665,52.8674,16.3947],[-132.2608,52.8663,1.6342],[-132.2604,52.863,0.0],[-132.2552,52.8656,6.6605],[-132.2503,52.8619,0.0],[-132.2454,52.8658,20.5487],[-132.2322,52.8648,0.0],[-132.2272,52.8667,0.0],[-132.2242,52.866,0.0],[-132.2246,52.8614,5.2761],[-132.2268,52.8581,0.0],[-132.2315,52.8608,0.0],[-132.2406,52.8604,68.96],[-132.2428,52.8618,12.1909],[-132.2453,52.86,7.1357],[-132.2452,52.8547,19.2888],[-132.2498,52.8555,0.0],[-132.252,52.8511,0.0],[-132.2544,52.85,40.8175],[-132.2594,52.8514,0.0],[-132.2667,52.8487,0.0],[-132.2646,52.8467,0.0],[-132.2591,52.8472,13.5691],[-132.2585,52.8456,9.5692],[-132.2607,52.8445,0.0],[-132.2602,52.8414,189.6135],[-132.267,52.8394,0.0],[-132.262,52.8377,12.3041],[-132.2607,52.8303,0.0],[-132.2567,52.8287,2.35],[-132.2591,52.8264,0.0],[-132.2535,52.8247,0.0],[-132.253,52.8208,0.0],[-132.2474,52.8197,3.7982],[-132.2466,52.8165,0.0],[-132.2407,52.8161,8.282],[-132.2505,52.8142,0.0],[-132.2433,52.8105,15.1959],[-132.239,52.8048,0.0],[-132.24,52.8036,0.0],[-132.2361,52.8014,0.0],[-132.2376,52.7997,0.0],[-132.2218,52.7972,4.7149],[-132.2168,52.7978,0.0],[-132.2126,52.7958,2.5409],[-132.2091,52.7962,0.0],[-132.2046,52.7931,0.0],[-132.1952,52.7928,1.2514],[-132.1936,52.7946,30.0663],[-132.1863,52.7964,14.2329],[-132.183,52.7936,0.0],[-132.1841,52.7909,2.2659],[-132.1906,52.7872,0.0],[-132.1922,52.7842,0.0],[-132.1856,52.7814,0.0],[-132.1832,52.7833,11.2139],[-132.1787,52.7838,17.8934],[-132.1746,52.7803,31.0262],[-132.176,52.7782,1.9699],[-132.1679,52.7767,0.0],[-132.1716,52.7726,0.0],[-132.1657,52.7731,10.1154],[-132.1624,52.7713,105.1098],[-132.1674,52.7687,0.0],[-132.1579,52.7637,0.0],[-132.1535,52.7597,0.0],[-132.1535,52.7564,0.0],[-132.1502,52.7553,1.3671],[-132.1491,52.7517,0.0],[-132.1393,52.7444,0.0],[-132.1343,52.743,0.0],[-132.1304,52.7453,0.0],[-132.1231,52.7461,0.0],[-132.1209,52.7444,0.0],[-132.113,52.7433,3.1065],[-132.1155,52.7411,3.4947],[-132.1145,52.7405,3.4947],[-132.1081,52.7431,0.0],[-132.1048,52.7483,0.0],[-132.1059,52.7516,0.0],[-132.1023,52.7572,6.9601],[-132.103,52.7638,0.0],[-132.1013,52.7657,6.4648],[-132.1055,52.7701,6.216],[-132.1059,52.7743,0.0],[-132.1031,52.7766,0.0],[-132.1043,52.7788,14.5696],[-132.1015,52.7802,0.0],[-132.0985,52.7861,20.947],[-132.0833,52.7892,40.8678],[-132.0759,52.7891,22.987],[-132.0694,52.7861,4.9986],[-132.0606,52.7919,0.0],[-132.0661,52.7953,2.2669],[-132.0667,52.7999,5.8405],[-132.0652,52.8023,30.6201],[-132.0599,52.8045,0.0],[-132.0631,52.8107,57.2034],[-132.0593,52.8147,10.0006],[-132.0626,52.8166,7.7519],[-132.0626,52.8191,0.0],[-132.0653,52.8195,53.4661],[-132.0765,52.8277,18.4325],[-132.0909,52.8445,15.0281],[-132.0891,52.8484,4.2061],[-132.0821,52.8487,0.0],[-132.0822,52.8531,0.0],[-132.08,52.8553,0.0],[-132.0735,52.8525,5.6527],[-132.0709,52.8455,13.3712],[-132.0674,52.8442,14.6543],[-132.0639,52.8375,4.6885],[-132.0567,52.8336,10.7613],[-132.0533,52.8269,0.0],[-132.0494,52.8242,2.2504],[-132.0506,52.8211,0.0],[-132.0494,52.8183,7.2117],[-132.0511,52.8175,0.0],[-132.0461,52.8161,28.4402],[-132.0394,52.8103,0.0],[-132.0383,52.8039,0.0],[-132.0287,52.7988,5.0951],[-132.0209,52.7991,35.5615],[-132.0188,52.7972,0.0],[-131.9987,52.7941,25.7451],[-131.9944,52.7892,10.9632],[-131.9917,52.7908,0.0],[-131.995,52.7947,25.7451],[-132.0078,52.7981,28.4428],[-132.0,52.8,0.0],[-131.9944,52.7981,0.0],[-131.9921,52.7938,4.0625],[-131.9895,52.7926,8.0399],[-131.9839,52.7936,0.0],[-131.9804,52.792,0.0],[-131.971,52.7943,0.0],[-131.9693,52.7904,0.0],[-131.9649,52.7887,0.0],[-131.9633,52.7842,21.1319],[-131.9494,52.7717,18.8541],[-131.9472,52.7617,0.0],[-131.9398,52.7583,6.1221],[-131.939,52.7565,3.5366],[-131.9433,52.7539,0.0],[-131.9483,52.7536,18.3237],[-131.9589,52.7589,0.0],[-131.9567,52.7564,0.0],[-131.9644,52.7559,0.0],[-131.9661,52.7578,0.0],[-131.9638,52.7611,0.0],[-131.9673,52.7645,7.6632999999999996],[-131.9705,52.7659,0.0],[-131.9739,52.7644,5.3389],[-131.9856,52.7711,4.4432],[-131.9878,52.7697,11.0726],[-131.9817,52.7658,20.7413],[-131.9793,52.7617,0.0],[-131.9739,52.7589,37.9564],[-131.9744,52.7554,5.6416],[-131.9661,52.7531,0.0],[-131.9617,52.7544,6.694],[-131.955,52.7486,23.495],[-131.9555,52.7461,3.4236],[-131.9417,52.74,9.4163],[-131.94,52.7358,13.4809],[-131.9367,52.7342,17.6838],[-131.9361,52.7303,0.0],[-131.9211,52.7222,28.1771],[-131.9172,52.7169,2.5876],[-131.9222,52.7161,0.0],[-131.9433,52.7317,0.0],[-131.9444,52.735,7.6709],[-131.9582,52.74,67.5154],[-131.9845,52.7638,0.0],[-131.9955,52.7695,16.2508],[-131.9979,52.7735,0.0],[-132.0037,52.7775,12.5319],[-132.0154,52.7833,14.6255],[-132.0176,52.7822,0.0],[-132.017,52.7785,9.4844],[-132.0251,52.7718,25.9913],[-132.0254,52.7694,24.4886],[-132.0198,52.7619,0.0],[-132.0031,52.7533,48.1572],[-131.985,52.7387,0.0],[-131.9816,52.7313,0.0],[-131.9838,52.7285,0.0],[-131.9828,52.724,0.0],[-131.9845,52.7209,2.0817],[-131.9883,52.7235,0.0],[-131.9936,52.721,0.0],[-131.9963,52.7218,0.0],[-131.99,52.7317,0.0],[-131.9905,52.7339,0.0],[-131.9957,52.7374,9.7278],[-132.0028,52.7383,2.7212],[-132.0039,52.7431,19.4172],[-132.0078,52.7456,35.9329],[-132.0094,52.7497,3.9867],[-132.015,52.7514,0.0],[-132.0156,52.7541,0.0],[-132.024,52.7525,0.0],[-132.0376,52.7594,5.4483],[-132.0393,52.7619,32.2521],[-132.03809999999999,52.7627,14.7927],[-132.0304,52.7594,0.0],[-132.025,52.7625,0.0],[-132.0406,52.7681,0.0],[-132.0422,52.7675,0.0],[-132.0426,52.7646,24.7086],[-132.0467,52.766,1.4105],[-132.0539,52.763,15.761],[-132.0565,52.7641,0.0],[-132.0565,52.768,10.1474],[-132.0598,52.7683,0.0],[-132.0604,52.7649,3.4306],[-132.0589,52.7624,0.0],[-132.0714,52.7561,2.8348],[-132.0739,52.7517,17.8024],[-132.0777,52.7497,6.1404],[-132.0833,52.7503,37.8535],[-132.0889,52.7475,0.0],[-132.0937,52.7499,0.0],[-132.0981,52.7485,0.0],[-132.0974,52.7447,131.7555],[-132.1065,52.7397,0.0],[-132.1107,52.7347,0.0],[-132.1084,52.7333,0.0],[-132.11,52.7323,0.0],[-132.1083,52.7314,0.0],[-132.1089,52.73,0.0],[-132.0987,52.723,0.0],[-132.0993,52.7208,0.0],[-132.082,52.7138,2.8283],[-132.0768,52.7139,0.0],[-132.0757,52.7125,8.3996],[-132.0794,52.7117,0.0],[-132.0728,52.7081,11.6457],[-132.075,52.7053,0.0],[-132.0706,52.6992,3.3768],[-132.0666,52.6961,0.0],[-132.0626,52.6965,0.0],[-132.0606,52.691,2.4728],[-132.0513,52.6894,0.0],[-132.0465,52.6835,0.0],[-132.0383,52.6839,10.4539],[-132.0356,52.681399999999996,0.0],[-132.0322,52.6828,0.0],[-132.0305,52.6864,30.2872],[-132.0263,52.6864,0.0],[-132.0246,52.6839,38.1611],[-132.0295,52.6809,0.0],[-132.0305,52.6775,0.0],[-132.0278,52.675,0.0],[-132.0231,52.6741,21.0562],[-132.0215,52.6719,0.0],[-132.0135,52.6694,0.0],[-132.0107,52.6695,0.0],[-132.0025,52.6752,0.0],[-131.9978,52.675,9.6127],[-131.9972,52.6731,6.9845],[-132.0013,52.6714,0.0],[-132.0018,52.6669,0.0],[-132.0,52.6664,5.3617],[-131.9967,52.6592,0.0],[-131.9939,52.6567,0.0],[-131.9905,52.6573,7.9829],[-131.9834,52.654,0.0],[-131.9764,52.6462,2.2549],[-131.9722,52.6456,1.3338],[-131.9646,52.6494,1.6342],[-131.9602,52.6481,0.0],[-131.9522,52.6509,0.0],[-131.9528,52.6569,0.0],[-131.956,52.6595,131.4021],[-131.9533,52.6631,0.0],[-131.9496,52.6648,0.0],[-131.9453,52.6646,50.7368],[-131.9449,52.6589,76.2983],[-131.9467,52.6556,3.1279],[-131.9441,52.6543,76.7298],[-131.9458,52.6515,0.0],[-131.9397,52.6493,16.1992],[-131.9382,52.6473,5.1814],[-131.9289,52.6531,0.0],[-131.9172,52.6539,6.0705],[-131.9169,52.652,0.0],[-131.9157,52.6536,0.0],[-131.9178,52.6555,9.8368],[-131.9139,52.6569,0.0],[-131.9049,52.6555,123.1399],[-131.905,52.6515,0.0],[-131.8936,52.656,24.9941],[-131.8794,52.6522,50.2205],[-131.8806,52.6503,29.0123],[-131.8872,52.6475,0.0],[-131.8957,52.6515,27.6296],[-131.9035,52.6484,43.356],[-131.9121,52.6479,12.1984],[-131.9167,52.6509,0.0],[-131.9222,52.6469,72.6799],[-131.9344,52.6428,2.3932],[-131.9406,52.6436,44.5047],[-131.9422,52.6419,12.4172],[-131.9417,52.6367,0.0],[-131.9294,52.6331,15.1612],[-131.9253,52.6296,0.0],[-131.9269,52.6286,55.4453],[-131.9367,52.6319,1.0223],[-131.9383,52.6311,0.0],[-131.9361,52.6291,1.0849],[-131.9389,52.6255,0.0],[-131.9317,52.6181,3.8696],[-131.9333,52.6153,0.0],[-131.9244,52.6181,1.9559],[-131.9195,52.6177,9.7073],[-131.915,52.6128,0.0],[-131.9067,52.61,0.0],[-131.8903,52.6142,12.1622],[-131.885,52.6117,17.1512],[-131.8856,52.6097,5.0407],[-131.8822,52.6086,0.0],[-131.8667,52.6159,28.5733],[-131.86,52.6133,29.3173],[-131.875,52.605,73.8482],[-131.8933,52.6053,25.3379],[-131.9,52.6089,3.3119],[-131.907,52.6057,16.5988],[-131.9079,52.6043,36.5035],[-131.9027,52.6011,0.0],[-131.9105,52.6008,0.0],[-131.9122,52.5994,5.1464],[-131.9122,52.595,4.1528],[-131.9067,52.5901,8.9165],[-131.9061,52.5869,0.0],[-131.9001,52.5864,0.0],[-131.893,52.5887,0.0],[-131.8889,52.5864,4.7075],[-131.88,52.5861,18.8263],[-131.8789,52.5853,44.019],[-131.8961,52.5829,14.7805],[-131.8942,52.5808,13.0498],[-131.8944,52.5786,2.3263],[-131.8914,52.5761,1.0578],[-131.8896,52.5778,22.4655],[-131.8793,52.5753,0.0],[-131.8705,52.5771,69.6964],[-131.8628,52.5761,38.6535],[-131.8592,52.5733,122.1815],[-131.8642,52.5718,1.9788],[-131.8614,52.5702,21.8277],[-131.8638,52.568,0.0],[-131.8579,52.5634,0.0],[-131.8478,52.5586,0.0],[-131.845,52.5619,9.2808],[-131.8461,52.5656,55.5859],[-131.8411,52.57,21.8449],[-131.8333,52.5719,0.0],[-131.8174,52.5724,15.6134],[-131.7909,52.5826,9.212],[-131.7843,52.5819,0.0],[-131.7855,52.5783,2.279],[-131.7979,52.5747,3.5839],[-131.8057,52.57,11.0845],[-131.8156,52.568,18.7849],[-131.8294,52.5679,38.7714],[-131.8387,52.5654,2.8939],[-131.8392,52.5641,2.8939],[-131.8343,52.5606,18.8961],[-131.8341,52.5567,51.8915],[-131.8394,52.555,1.5068],[-131.8344,52.5533,5.8474],[-131.835,52.5469,0.0],[-131.8266,52.5461,1.8311],[-131.8187,52.5478,23.4586],[-131.8156,52.5439,8.914],[-131.8112,52.5443,2.3145],[-131.8106,52.5428,0.0],[-131.8155,52.5394,8.5612],[-131.8152,52.5359,4.8463],[-131.8055,52.529,10.0771],[-131.7938,52.5292,3.5983],[-131.7923,52.533,0.0],[-131.7881,52.5339,58.9946],[-131.7771,52.5339,26.5099],[-131.7705,52.5323,14.1459],[-131.765,52.5342,25.2072],[-131.7488,52.5341,29.4939],[-131.7493,52.5319,26.6309],[-131.7522,52.5308,0.0],[-131.7628,52.5295,19.7285],[-131.7733,52.5311,0.0],[-131.773,52.5294,4.5412],[-131.7762,52.5282,45.114],[-131.7848,52.5287,33.6292],[-131.7928,52.5236,24.0097],[-131.7883,52.5204,0.2993],[-131.7867,52.5159,6.0201],[-131.7884,52.5147,0.0],[-131.7839,52.5114,0.0],[-131.7727,52.5097,24.4515],[-131.7672,52.505,4.4471],[-131.7611,52.5042,17.6598],[-131.7567,52.5014,1.8741],[-131.7528,52.5018,0.0],[-131.7413,52.4962,26.9201],[-131.7422,52.4941,4.5007],[-131.7317,52.4988,24.0929],[-131.7249,52.493,0.0],[-131.7177,52.4912,0.811],[-131.7176,52.4882,0.0],[-131.712,52.4891,23.7463],[-131.7067,52.4878,6.6531],[-131.7025,52.4847,0.0],[-131.699,52.4846,0.0],[-131.6939,52.4803,0.0],[-131.6815,52.4798,4.681],[-131.6789,52.4769,0.0],[-131.6768,52.4783,0.1987],[-131.6704,52.4771,9.0069],[-131.6689,52.4825,32.0257],[-131.6655,52.4811,0.0],[-131.6628,52.4828,7.4544],[-131.6598,52.4821,20.6276],[-131.6647,52.4778,3.0672],[-131.656,52.4726,3.0023],[-131.6539,52.4693,0.225],[-131.6555,52.4678,0.0],[-131.6514,52.4665,1.6915],[-131.6524,52.4648,0.3974],[-131.6502,52.4641,18.9747],[-131.6499,52.4622,4.4639],[-131.6533,52.4619,3.4851],[-131.6577,52.4544,0.0],[-131.6505,52.4559,21.5323],[-131.6478,52.4542,0.0],[-131.6488,52.4509,0.0],[-131.64,52.4475,1.9792],[-131.635,52.4486,0.0],[-131.6357,52.4504,31.9411],[-131.6337,52.453,16.164],[-131.6311,52.4522,1.179],[-131.6303,52.4543,8.9222],[-131.6267,52.4555,28.9272],[-131.6232,52.4542,4.0281],[-131.6198,52.4503,15.5122],[-131.6206,52.4485,0.0],[-131.6333,52.4428,0.0],[-131.6264,52.4299,58.4906],[-131.6153,52.4234,2.9653],[-131.6109,52.4138,1.4735],[-131.6081,52.4134,0.0],[-131.6025,52.4205,16.4248],[-131.5984,52.4205,15.453],[-131.5944,52.4181,4.0191],[-131.5926,52.4206,27.6334],[-131.586,52.4202,1.4173],[-131.5868,52.4211,7.6702],[-131.5831,52.4263,4.5566],[-131.5743,52.426,10.6245],[-131.5711,52.4295,9.6549],[-131.5723,52.4323,6.7547],[-131.5705,52.4345,6.501],[-131.5607,52.433,3.2529],[-131.5594,52.4309,0.7848],[-131.5561,52.4364,13.1726],[-131.5489,52.4389,12.1983],[-131.5472,52.4372,14.7988],[-131.5486,52.4323,0.0],[-131.5536,52.4257,0.0],[-131.5537,52.4231,0.9316],[-131.5516,52.4213,5.1492],[-131.536,52.4158,27.9695],[-131.5165,52.4149,1.8605],[-131.5042,52.4037,10.1116],[-131.5074,52.3934,28.9661],[-131.5278,52.4014,7.2411],[-131.5406,52.4086,18.693],[-131.5451,52.4095,0.0],[-131.5457,52.4067,7.1941],[-131.553,52.4047,7.8946],[-131.5666,52.4099,4.7436],[-131.5716,52.4065,9.6084],[-131.5825,52.4051,17.4401],[-131.5849,52.4023,2.2735],[-131.5907,52.4,22.9097],[-131.591,52.3966,28.0069],[-131.5866,52.3939,6.8183],[-131.602,52.392,2.097],[-131.5972,52.3867,4.1935],[-131.6011,52.3825,0.0],[-131.5989,52.3756,2.7073],[-131.6019,52.3758,2.2084],[-131.6055,52.3803,0.0],[-131.6072,52.38,0.0],[-131.6072,52.3783,0.0],[-131.6006,52.3728,0.0],[-131.5967,52.3739,0.4398],[-131.5978,52.3767,0.5707],[-131.5961,52.3772,16.2798],[-131.5933,52.3756,23.6518],[-131.5956,52.3714,0.4919],[-131.5854,52.3701,8.1213],[-131.5836,52.367,0.0],[-131.5807,52.3659,16.902],[-131.5789,52.362,1.058],[-131.5857,52.3588,0.0],[-131.5794,52.3509,6.2277],[-131.5798,52.3485,0.876],[-131.5764,52.3465,0.5427],[-131.5756,52.3431,16.6938],[-131.5706,52.3454,0.0],[-131.5634,52.344,1.6168],[-131.5584,52.35,4.8197],[-131.5521,52.3483,4.3572],[-131.5522,52.3466,4.1705],[-131.5493,52.3452,1.5876999999999999],[-131.5512,52.3433,3.7302],[-131.555,52.3431,0.0],[-131.5512,52.3411,0.0],[-131.5461,52.3442,0.0],[-131.5452,52.3479,0.0],[-131.5433,52.3489,17.0755],[-131.5317,52.3486,0.0],[-131.5338,52.344,26.1796],[-131.537,52.3431,12.5785],[-131.5393,52.3394,12.8779],[-131.5455,52.3374,4.7444],[-131.5511,52.3384,0.3351],[-131.5518,52.3365,0.6116],[-131.5476,52.3335,19.2943],[-131.5573,52.3308,1.2278],[-131.56,52.3257,12.8205],[-131.5455,52.3215,4.7628],[-131.545,52.3199,0.0],[-131.5376,52.3193,12.3973],[-131.5344,52.3161,0.0],[-131.5272,52.3158,0.8953],[-131.5262,52.3177,10.0484],[-131.5275,52.3192,28.9883],[-131.52,52.3217,13.6573],[-131.5163,52.3221,10.9591],[-131.5095,52.3193,18.803],[-131.5091,52.3154,1.2213],[-131.5135,52.3135,0.0],[-131.5119,52.3086,15.1029],[-131.5139,52.3075,0.0],[-131.5154,52.3021,16.0205],[-131.5135,52.3003,0.0],[-131.5055,52.2995,3.1052],[-131.5078,52.2982,0.0],[-131.5064,52.2958,6.8808],[-131.5099,52.295,4.8702],[-131.5094,52.2939,4.8702],[-131.5017,52.2878,0.0],[-131.4924,52.2883,8.4026],[-131.4816,52.2779,7.3819],[-131.4826,52.2749,0.0],[-131.4791,52.2743,4.9947],[-131.4782,52.2726,2.4744],[-131.4761,52.2733,0.0],[-131.4786,52.2773,31.5509],[-131.4768,52.2781,11.0388],[-131.4719,52.2771,22.7538],[-131.4703,52.2749,0.0],[-131.4693,52.2769,5.3115],[-131.4668,52.2739,11.8228],[-131.4605,52.2715,0.0],[-131.4611,52.2678,0.0],[-131.4528,52.2645,17.9582],[-131.4533,52.263,12.188],[-131.4435,52.2556,5.1348],[-131.4431,52.2505,21.0615],[-131.4456,52.2486,0.0],[-131.4409,52.2444,3.5552],[-131.4388,52.2404,2.1629],[-131.4398,52.2385,0.0],[-131.4283,52.2312,25.7245],[-131.4303,52.2283,9.628],[-131.4287,52.2247,16.9949],[-131.4299,52.2219,4.2007],[-131.4281,52.2192,10.1397],[-131.4239,52.2197,6.3737],[-131.4214,52.2168,0.3657],[-131.4243,52.2151,0.0],[-131.4187,52.2144,38.1713],[-131.4156,52.2123,1.5453],[-131.4107,52.2131,0.3891],[-131.4072,52.2089,4.5598],[-131.4034,52.2084,0.8504],[-131.4043,52.2065,0.0],[-131.3984,52.2051,0.0],[-131.3974,52.1976,0.4083],[-131.3932,52.1974,35.9606],[-131.3885,52.194,0.0],[-131.3854,52.1965,0.0],[-131.3745,52.1956,7.8968],[-131.3668,52.1896,0.0],[-131.3706,52.1858,4.3819],[-131.3661,52.1817,0.0],[-131.3617,52.1828,0.0],[-131.3639,52.1847,11.9964],[-131.36,52.1864,0.0],[-131.3617,52.1875,3.4887],[-131.3583,52.1903,0.0],[-131.3629,52.1999,0.0],[-131.3593,52.2038,0.0],[-131.3644,52.2169,11.7386],[-131.36,52.2197,0.0],[-131.3617,52.2225,6.5288],[-131.3611,52.2253,0.0],[-131.3655,52.2342,22.4511],[-131.375,52.2464,0.0],[-131.3727,52.2503,0.0],[-131.3793,52.2701,9.6078],[-131.3783,52.2723,19.7033],[-131.3753,52.2727,3.473],[-131.3733,52.2721,30.5855],[-131.3661,52.2625,0.0],[-131.3633,52.2614,0.0],[-131.351,52.2375,0.0],[-131.3567,52.2383,8.5753],[-131.3611,52.2353,17.526],[-131.3587,52.2298,60.2657],[-131.3541,52.2247,9.7408],[-131.3561,52.2186,0.0],[-131.3518,52.216,12.6616],[-131.3499,52.2166,0.0],[-131.3498,52.2189,2.0445],[-131.3475,52.2198,0.0],[-131.3513,52.2213,15.1601],[-131.3484,52.2235,3.8151],[-131.3421,52.218,11.1346],[-131.3522,52.2124,0.0],[-131.3476,52.2097,31.2275],[-131.3503,52.2074,12.7829],[-131.3458,52.2038,2.4827],[-131.3469,52.2003,0.0],[-131.345,52.1989,0.0],[-131.3426,52.2,0.0],[-131.3438,52.205,27.8233],[-131.3421,52.2063,6.574],[-131.3401,52.2043,15.1818],[-131.3422,52.1974,3.6815],[-131.3412,52.1965,0.0],[-131.3356,52.1934,0.0],[-131.3266,52.195,0.0],[-131.3259,52.1944,16.8986],[-131.3301,52.1914,4.1942],[-131.326,52.1857,5.6785],[-131.3229,52.1841,12.1336],[-131.3284,52.184,0.0],[-131.3266,52.1802,0.0],[-131.3224,52.1803,0.7217],[-131.3175,52.1764,1.3915],[-131.3075,52.1726,6.3704],[-131.3053,52.1706,27.0036],[-131.3042,52.1632,0.0],[-131.2975,52.1571,0.0],[-131.3001,52.1549,1.889],[-131.3125,52.1533,0.0],[-131.3132,52.1482,2.0568],[-131.3111,52.1467,0.0],[-131.3083,52.1473,4.6346],[-131.3057,52.1502,3.8495],[-131.3023,52.1444,3.5457],[-131.2978,52.1431,0.0],[-131.2967,52.1439,0.7842],[-131.2978,52.1456,3.5336],[-131.295,52.1461,5.2335],[-131.2939,52.1425,0.0],[-131.2917,52.1428,0.0],[-131.2922,52.1464,2.8461],[-131.2878,52.1453,0.0],[-131.2844,52.1468,0.0],[-131.2722,52.135,7.6942],[-131.2739,52.1336,0.0],[-131.2728,52.1283,0.0],[-131.2617,52.1187,0.0],[-131.2594,52.1188,0.4897],[-131.2569,52.1247,0.0],[-131.2589,52.1272,5.2497],[-131.2554,52.1266,0.0],[-131.2522,52.128,0.4519],[-131.2479,52.1236,0.0],[-131.2441,52.1239,13.1719],[-131.2417,52.1222,6.0693],[-131.2384,52.1231,2.7098],[-131.2378,52.1245,11.8672],[-131.2401,52.1263,33.8541],[-131.2374,52.1285,0.0],[-131.2345,52.1264,0.0],[-131.2317,52.1283,0.0],[-131.2397,52.1345,3.0417],[-131.2388,52.1377,0.0],[-131.2426,52.1417,5.9447],[-131.2442,52.1469,3.3701],[-131.2384,52.1486,1.5697],[-131.2424,52.152,3.2744],[-131.2348,52.1535,0.0],[-131.2324,52.1581,0.0],[-131.245,52.175,0.0],[-131.2464,52.1815,13.7072],[-131.2499,52.1841,2.1125],[-131.2533,52.1911,17.0153],[-131.2621,52.1989,0.0],[-131.2669,52.2011,5.5441],[-131.2664,52.2026,0.0],[-131.2697,52.2041,1.2516],[-131.2688,52.2063,8.5864],[-131.2718,52.2096,5.1621],[-131.2715,52.2113,0.0],[-131.2767,52.2142,0.0],[-131.2783,52.2186,0.0],[-131.2811,52.2198,12.874],[-131.2817,52.2285,12.0339],[-131.2889,52.2367,18.289],[-131.2872,52.238,2.9247],[-131.2773,52.2325,11.5748],[-131.2737,52.2234,0.0],[-131.2687,52.2224,14.0286],[-131.2643,52.2167,0.0],[-131.2467,52.2084,0.0],[-131.2385,52.1975,0.0],[-131.2294,52.1906,18.105],[-131.2281,52.1867,0.0],[-131.221,52.1835,28.076],[-131.2189,52.1801,1.7797],[-131.2225,52.1806,0.0],[-131.2209,52.1776,14.0983],[-131.2217,52.1756,0.0],[-131.2121,52.168,7.8006],[-131.212,52.1662,2.8221],[-131.2179,52.1665,0.0],[-131.2214,52.1644,0.0],[-131.2194,52.1625,1.2445],[-131.2173,52.1644,7.1579],[-131.2127,52.1646,15.2801],[-131.2193,52.1567,0.0],[-131.2174,52.1545,0.0],[-131.2095,52.1537,4.2717],[-131.2106,52.1508,11.6001],[-131.2087,52.1495,40.2235],[-131.2103,52.1476,8.5053],[-131.209,52.1455,0.0],[-131.2127,52.1455,0.0],[-131.2036,52.1397,0.0],[-131.2055,52.1385,22.5479],[-131.2108,52.1409,3.1743],[-131.2122,52.1386,0.0],[-131.2053,52.135,2.2575],[-131.2084,52.1342,2.2575],[-131.2069,52.1313,0.642],[-131.2,52.1323,14.7143],[-131.1941,52.1219,0.0],[-131.1834,52.1184,0.0],[-131.1785,52.1185,5.2481],[-131.1721,52.1238,8.6886],[-131.1628,52.1233,0.0],[-131.1639,52.1274,24.7692],[-131.1539,52.1267,0.6045],[-131.1439,52.1385,0.0],[-131.1417,52.1389,8.6568],[-131.1416,52.1453,14.1237],[-131.1394,52.1505,11.8704],[-131.1422,52.1594,5.4142],[-131.1405,52.1661,0.0],[-131.1449,52.1687,12.8138],[-131.1383,52.1745,0.0],[-131.1377,52.1825,0.0],[-131.1395,52.1867,2.7051],[-131.1372,52.19,0.0],[-131.1405,52.1939,0.0],[-131.1445,52.1951,9.0663],[-131.1456,52.2011,6.8118],[-131.1531,52.2023,0.0],[-131.1511,52.2051,0.0],[-131.1407,52.2052,6.7929],[-131.136,52.2031,0.0],[-131.1363,52.1988,0.0],[-131.132,52.1954,0.0],[-131.1228,52.195,0.0],[-131.1198,52.1931,7.7656],[-131.1191,52.1809,8.9469],[-131.1207,52.1789,0.0],[-131.1194,52.1739,6.9578],[-131.1212,52.1734,0.0],[-131.12,52.1723,11.1199],[-131.1211,52.1659,0.0],[-131.1117,52.1631,0.0],[-131.112,52.1613,0.0],[-131.1072,52.1625,4.7494],[-131.1077,52.166,0.0],[-131.1059,52.1673,9.5798],[-131.0992,52.1681,0.0],[-131.0857,52.1664,2.3416],[-131.0751,52.1671,22.0584],[-131.0711,52.1647,0.0],[-131.0693,52.1615,0.0],[-131.0594,52.1642,0.0],[-131.0578,52.1674,35.244],[-131.0455,52.1629,0.0],[-131.0416,52.1649,1.571],[-131.0387,52.1703,1.9063],[-131.03,52.172,1.5315],[-131.0194,52.1801,0.0],[-131.0151,52.1807,0.239],[-131.0135,52.1901,15.3073],[-131.0115,52.1921,9.431],[-131.0105,52.1969,0.0],[-131.0126,52.2044,2.2438],[-131.0116,52.2101,7.3233],[-131.0071,52.214,8.2768],[-131.0039,52.2097,0.0],[-131.0022,52.2097,0.0],[-130.9983,52.2114,0.0],[-130.9978,52.2139,0.0],[-131.0045,52.2175,0.3097],[-131.0106,52.2173,0.0],[-131.0151,52.2234,0.3702],[-131.0179,52.2239,13.5618],[-131.0206,52.227,0.8223],[-131.0201,52.2287,0.0],[-131.025,52.2314,0.9396],[-131.0345,52.2319,2.4818],[-131.046,52.2223,19.5559],[-131.0547,52.2219,34.399],[-131.0565,52.225,0.0],[-131.0617,52.22,20.0143],[-131.0691,52.2183,15.1407],[-131.0728,52.2192,0.0],[-131.0755,52.2175,8.9178],[-131.0778,52.2186,0.0],[-131.0803,52.215,11.2524],[-131.0855,52.2169,57.5391],[-131.0855,52.2197,41.5051],[-131.0922,52.225,18.5419],[-131.0983,52.2256,0.0],[-131.1064,52.2191,0.0],[-131.1148,52.2183,11.1515],[-131.1219,52.2133,12.2179],[-131.1236,52.2153,20.0094],[-131.1238,52.2255,3.0769],[-131.1322,52.2302,17.6622],[-131.1402,52.2318,13.3638],[-131.1393,52.2356,0.0],[-131.1433,52.2328,0.0],[-131.1627,52.2273,0.0],[-131.1679,52.2279,0.0],[-131.1777,52.2243,3.3],[-131.1894,52.2253,4.9468],[-131.1878,52.228,2.557],[-131.1833,52.2281,3.2742],[-131.1812,52.231,9.4885],[-131.1655,52.2361,0.0],[-131.16,52.2408,16.4328],[-131.1568,52.2392,3.1068],[-131.1535,52.2413,18.0046],[-131.1452,52.2419,0.0],[-131.1423,52.2445,17.0789],[-131.1257,52.2444,0.0],[-131.1209,52.246,15.8061],[-131.1151,52.2447,8.372],[-131.0956,52.2463,15.7905],[-131.0894,52.2453,0.0],[-131.085,52.2481,0.0],[-131.0889,52.2533,12.6184],[-131.0872,52.2563,0.0],[-131.095,52.2577,6.6052],[-131.0828,52.2658,0.0],[-131.0861,52.2778,17.8935],[-131.0855,52.2803,16.0395],[-131.0894,52.2833,0.0],[-131.0894,52.2867,0.0],[-131.0917,52.2892,0.0],[-131.1094,52.2889,0.0],[-131.1127,52.2862,0.0],[-131.1258,52.283,7.8593],[-131.1272,52.2806,0.0],[-131.135,52.2817,31.0956],[-131.1344,52.2833,0.0],[-131.1371,52.2854,12.3333],[-131.1408,52.2825,15.143],[-131.145,52.2819,26.9546],[-131.1517,52.275,32.215],[-131.157,52.2786,17.1539],[-131.1524,52.2835,4.3393],[-131.1463,52.2847,5.1141],[-131.145,52.2881,5.2774],[-131.1401,52.2889,10.555],[-131.1346,52.2955,6.1811],[-131.1375,52.3049,4.6355],[-131.1361,52.3084,11.7875],[-131.1371,52.3107,0.7407],[-131.1405,52.3081,19.7571],[-131.145,52.3075,8.6515],[-131.1494,52.3036,7.6054],[-131.1522,52.3003,2.9606],[-131.1526,52.296,14.5209],[-131.1585,52.2942,3.0616],[-131.1644,52.2956,0.2485],[-131.1633,52.2974,9.6994],[-131.1578,52.2994,21.6721],[-131.1578,52.3017,36.2278],[-131.1542,52.3043,30.4194],[-131.1369,52.3145,5.0102],[-131.1432,52.3172,0.2706],[-131.1681,52.3185,27.1309],[-131.1742,52.3211,20.8417],[-131.1732,52.3234,0.0],[-131.175,52.3257,0.4154],[-131.1972,52.3154,52.0591],[-131.2072,52.3156,0.0],[-131.2144,52.3136,16.328],[-131.2244,52.3053,0.0],[-131.2183,52.3011,0.0],[-131.2192,52.2943,0.0],[-131.2174,52.2925,0.0],[-131.2193,52.2913,10.201],[-131.22559999999999,52.2935,65.1342],[-131.2344,52.3031,10.1479],[-131.239,52.3047,27.1317],[-131.2462,52.3038,0.0],[-131.2514,52.2999,19.1618],[-131.2564,52.2992,0.0],[-131.2575,52.2983,7.8971],[-131.2552,52.2943,25.3644],[-131.2594,52.2928,0.0],[-131.2547,52.2879,10.1198],[-131.2585,52.2866,14.3437],[-131.2621,52.2898,9.5115],[-131.2682,52.2889,10.3175],[-131.2655,52.285,3.0185],[-131.2593,52.2822,15.4365],[-131.2506,52.2734,0.0],[-131.2451,52.2724,37.9048],[-131.2429,52.27,2.5179],[-131.2279,52.2656,13.1772],[-131.225,52.2633,0.0],[-131.2177,52.2625,2.4171],[-131.2317,52.2586,1.2708],[-131.2317,52.2533,5.7302],[-131.2389,52.2506,0.0],[-131.2395,52.2456,2.1503],[-131.247,52.2453,11.8639],[-131.2563,52.2604,28.4822],[-131.262,52.2634,9.9978],[-131.2674,52.2688,0.0],[-131.2746,52.2711,15.612],[-131.2795,52.2765,10.8595],[-131.29,52.2831,3.4426],[-131.2989,52.2858,6.1544],[-131.3051,52.2944,3.9443],[-131.3065,52.3025,0.0],[-131.315,52.3005,0.0],[-131.3212,52.2956,0.0],[-131.3203,52.2905,0.0],[-131.3228,52.2869,9.5864],[-131.3209,52.2841,0.0],[-131.3235,52.2811,19.9985],[-131.3216,52.2781,0.0],[-131.3223,52.2758,0.0],[-131.3254,52.2792,2.9842],[-131.3259,52.2833,0.0],[-131.3247,52.294,0.0],[-131.3322,52.2971,7.0809],[-131.3336,52.3039,0.0],[-131.3384,52.304,0.0],[-131.337,52.3077,0.0],[-131.3409,52.3052,13.6183],[-131.3447,52.3073,0.0],[-131.3434,52.3086,0.0],[-131.3391,52.3085,0.0],[-131.3408,52.3107,15.7057],[-131.3377,52.3139,0.0],[-131.3406,52.3205,17.5125],[-131.3521,52.3243,5.0908],[-131.3471,52.3264,0.0],[-131.3476,52.3284,0.0],[-131.3452,52.3285,0.0],[-131.3444,52.3389,4.1275],[-131.3551,52.3477,0.0],[-131.3655,52.344,0.0],[-131.3698,52.3447,9.9863],[-131.3695,52.349,17.2052],[-131.3517,52.35,3.7586],[-131.3551,52.3521,15.8319],[-131.3537,52.3558,8.297],[-131.3556,52.3592,28.4092],[-131.3531,52.3605,17.1902],[-131.3531,52.364,23.189],[-131.3561,52.3695,11.7148],[-131.3624,52.3759,0.0],[-131.364,52.3763,0.0],[-131.3678,52.3711,0.0],[-131.3748,52.3691,0.0],[-131.3758,52.3649,1.8478],[-131.3827,52.3606,3.2898],[-131.3852,52.3569,15.9646],[-131.3911,52.3578,0.0],[-131.4064,52.3508,3.2715],[-131.4122,52.3552,3.4709],[-131.4115,52.3579,12.6725],[-131.405,52.3608,0.0],[-131.407,52.3616,3.1709],[-131.4056,52.3643,0.0],[-131.3922,52.3683,0.0],[-131.3839,52.3729,17.3714],[-131.3921,52.3889,13.9071],[-131.392,52.3994,3.6423],[-131.3969,52.4017,8.9484],[-131.4016,52.4003,26.602],[-131.3994,52.4053,0.0],[-131.4049,52.4042,0.0],[-131.4048,52.4063,0.0],[-131.4099,52.4058,0.0],[-131.411,52.4084,4.8212],[-131.4129,52.4089,0.0],[-131.4123,52.407,10.8116],[-131.4154,52.3997,0.0],[-131.4236,52.3944,0.0],[-131.4278,52.3956,3.4843],[-131.43,52.3925,7.2671],[-131.4357,52.3906,0.0],[-131.4384,52.3815,4.7444],[-131.4422,52.3819,3.2024],[-131.4498,52.3903,50.0377],[-131.445,52.3972,29.5744],[-131.4366,52.4019,1.8039],[-131.4366,52.4048,12.6809],[-131.4268,52.4083,10.4046],[-131.4289,52.4114,0.0],[-131.4278,52.4142,0.0],[-131.43,52.4159,4.6757],[-131.429,52.4234,0.0],[-131.4277,52.4274,9.3889],[-131.4181,52.4391,0.0],[-131.4189,52.4514,45.1359],[-131.4161,52.4545,25.6332],[-131.4159,52.458,11.4311],[-131.4244,52.4661,1.8311],[-131.4318,52.4691,0.0],[-131.4365,52.4681,5.8318],[-131.4396,52.4639,0.0],[-131.4461,52.4633,4.5822],[-131.4477,52.4613,13.3235],[-131.4524,52.4645,4.3517],[-131.4503,52.468,28.2878],[-131.4564,52.4699,0.0],[-131.4561,52.4678,0.0],[-131.4611,52.4673,0.0],[-131.46,52.4661,0.0],[-131.4624,52.4637,14.0507],[-131.4683,52.4623,0.0],[-131.4661,52.4578,29.0715],[-131.4694,52.4564,4.4181],[-131.4654,52.4524,10.7684],[-131.4739,52.4481,0.0],[-131.4728,52.4447,1.8398],[-131.4756,52.4442,1.8398],[-131.4801,52.4467,5.6778],[-131.4814,52.4493,9.9852],[-131.4775,52.4537,0.0],[-131.4748,52.4538,0.0],[-131.4744,52.4564,0.0],[-131.4711,52.4586,3.7719],[-131.4726,52.4629,49.7435],[-131.4689,52.4659,15.5652],[-131.4688,52.4698,31.0949],[-131.4644,52.4717,5.0256],[-131.4644,52.4745,1.5555],[-131.4842,52.4713,14.159],[-131.5069,52.4654,46.1135],[-131.5128,52.4656,0.0],[-131.5135,52.467,17.8542],[-131.5128,52.4693,9.8736],[-131.5024,52.469,10.0644],[-131.5006,52.4717,0.0],[-131.4916,52.4737,0.0],[-131.4844,52.4773,13.7281],[-131.4724,52.4775,22.0141],[-131.4747,52.48,8.1653],[-131.4722,52.4817,0.0],[-131.4748,52.4839,0.0],[-131.4813,52.4839,6.1521],[-131.4824,52.4861,3.6883],[-131.4773,52.4875,0.0],[-131.4794,52.4894,3.7143],[-131.4777,52.4925,0.0],[-131.4787,52.4955,28.2634],[-131.4707,52.4969,0.0],[-131.4661,52.5005,0.0],[-131.4715,52.5007,11.8527],[-131.4711,52.5027,13.2301],[-131.4811,52.5069,28.2089],[-131.4866,52.507,65.8296],[-131.4955,52.5103,4.0074],[-131.4986,52.5088,4.0074],[-131.5028,52.5098,16.8412],[-131.5037,52.5114,16.928],[-131.5002,52.5121,0.0],[-131.4995,52.5137,0.0],[-131.5031,52.5151,1.7431],[-131.5037,52.5169,16.7367],[-131.5161,52.5178,6.1819],[-131.5253,52.5135,35.3203],[-131.5349,52.5143,8.5592],[-131.5449,52.5074,0.0],[-131.545,52.5055,8.454],[-131.5539,52.5039,0.0],[-131.5555,52.5008,0.0],[-131.568,52.4985,16.218],[-131.5791,52.492,9.594],[-131.5801,52.4932,0.0],[-131.5771,52.4969,1.1302],[-131.5738,52.4979,7.6187],[-131.571,52.5017,0.0],[-131.5639,52.5056,48.2563],[-131.544,52.5118,3.9795],[-131.5422,52.515,0.0],[-131.5473,52.5163,4.3529],[-131.55,52.5191,4.3468],[-131.5385,52.5239,22.0645],[-131.5384,52.527,65.6395],[-131.5417,52.5289,0.0],[-131.5545,52.5309,4.3848],[-131.5657,52.5348,9.8124],[-131.5696,52.5344,7.2432],[-131.5712,52.5365,21.1148],[-131.5755,52.5369,0.0],[-131.5776,52.5355,0.0],[-131.5774,52.5308,0.0],[-131.582,52.5253,20.8301],[-131.5953,52.5206,26.9842],[-131.6021,52.5203,32.3952],[-131.606,52.5125,48.4496],[-131.6089,52.5105,0.0],[-131.6139,52.5103,0.0],[-131.6137,52.5088,0.0],[-131.6175,52.5072,4.0468],[-131.6201,52.5088,2.0691],[-131.6178,52.5111,0.0],[-131.6183,52.5127,0.3961],[-131.6115,52.514,24.8477],[-131.6084,52.5164,21.0324],[-131.6122,52.5209,13.4919],[-131.6122,52.5239,0.0],[-131.6142,52.5249,12.8814],[-131.6127,52.5269,17.6393],[-131.6132,52.5295,7.405],[-131.6098,52.5309,1.2698],[-131.61,52.5328,0.0],[-131.6291,52.5303,29.1543],[-131.6328,52.5319,75.9068],[-131.6339,52.5369,8.0159],[-131.6411,52.5395,3.3526],[-131.6581,52.5357,14.1284],[-131.6661,52.5403,16.1963],[-131.67,52.5386,0.0],[-131.6728,52.5323,41.6438],[-131.6765,52.5315,17.9882],[-131.6778,52.5339,7.7711],[-131.6728,52.5381,0.0],[-131.6758,52.5393,0.0],[-131.6744,52.5412,12.441],[-131.6717,52.5413,2.6914],[-131.6854,52.5443,0.0],[-131.6878,52.5467,0.0],[-131.6839,52.5486,0.0],[-131.6911,52.5507,16.4942],[-131.6909,52.553,10.0755],[-131.6844,52.5511,2.3474],[-131.68,52.5464,6.1357],[-131.6756,52.5478,52.732],[-131.6522,52.5405,0.0],[-131.6512,52.5422,0.0],[-131.6536,52.5453,18.7096],[-131.6498,52.5463,9.2127],[-131.6449,52.5448,0.0],[-131.6441,52.5459,5.0174],[-131.6468,52.5469,24.8944],[-131.6458,52.5483,0.0],[-131.6361,52.5478,0.0],[-131.6385,52.5505,15.4777],[-131.6372,52.5513,15.4777],[-131.6284,52.5493,0.0],[-131.6346,52.5519,34.7855],[-131.6361,52.555,37.761],[-131.6328,52.5581,12.5697],[-131.6283,52.5575,0.0],[-131.6189,52.5619,0.0],[-131.6222,52.5652,8.6577],[-131.6189,52.5675,16.2954],[-131.6217,52.5706,1.5473],[-131.6283,52.5725,2.1636],[-131.6267,52.5742,0.0],[-131.632,52.5761,3.6646],[-131.642,52.5763,22.0098],[-131.6442,52.5751,8.7726],[-131.6454,52.5705,7.1309],[-131.6512,52.5734,0.0],[-131.6544,52.5772,0.0],[-131.6656,52.5806,0.0],[-131.665,52.5828,0.0],[-131.6667,52.5841,0.0],[-131.6706,52.5806,2.3661],[-131.675,52.5813,2.5433],[-131.6771,52.5835,35.2084],[-131.677,52.5857,0.0],[-131.68,52.586,0.0],[-131.6826,52.5885,12.45],[-131.688,52.5873,2.4454],[-131.6917,52.5847,4.1106],[-131.6932,52.5873,39.9101],[-131.6888,52.5908,80.0339],[-131.6799,52.5911,0.0],[-131.6776,52.5945,2.2426],[-131.6839,52.5992,17.1669],[-131.6833,52.6017,24.1273],[-131.6856,52.6036,3.1399],[-131.6975,52.605,8.6424],[-131.6991,52.6064,21.2168],[-131.6936,52.6076,8.2294],[-131.6944,52.6089,7.3735],[-131.699,52.6098,27.7924],[-131.71,52.6158,0.0],[-131.7598,52.6301,12.9308],[-131.7632,52.6344,49.9626],[-131.7617,52.6373,44.8194],[-131.7538,52.6359,40.6551],[-131.754,52.6348,0.0],[-131.7469,52.6327,5.7622],[-131.74,52.6323,35.9487],[-131.7211,52.625,0.0],[-131.715,52.625,12.721],[-131.7061,52.6214,0.0],[-131.7011,52.6222,29.9298],[-131.6956,52.618899999999996,9.0853],[-131.6878,52.6219,0.0],[-131.6955,52.6343,0.0],[-131.7007,52.6367,11.5838],[-131.6978,52.6384,0.0],[-131.71,52.6453,24.4991],[-131.7139,52.6575,0.0],[-131.7224,52.6612,0.0],[-131.7235,52.6653,23.7335],[-131.7297,52.6658,2.933],[-131.7262,52.6689,12.178],[-131.7285,52.6717,19.6409],[-131.7265,52.6734,3.3602],[-131.7299,52.6753,7.7045],[-131.732,52.6842,0.0],[-131.7387,52.689,9.976],[-131.7406,52.6928,17.2487],[-131.7513,52.694,0.0],[-131.7611,52.6997,12.1717],[-131.7669,52.6989,0.0],[-131.7682,52.7013,0.0],[-131.7668,52.7056,0.0],[-131.7782,52.7101,4.3683],[-131.7764,52.7124,0.9353],[-131.7776,52.7131,0.9353],[-131.7806,52.7119,8.6571],[-131.7936,52.715,15.4626],[-131.8004,52.714,0.0],[-131.8025,52.7147,20.5165],[-131.8024,52.7178,0.0],[-131.8056,52.7183,18.1976],[-131.8081,52.7029,18.6963],[-131.815,52.7061,0.9944],[-131.8168,52.7128,9.1282],[-131.8306,52.7153,7.2769],[-131.8293,52.7196,0.0],[-131.8234,52.7231,12.1082],[-131.8235,52.7271,56.8999],[-131.8106,52.7346,23.0013],[-131.8028,52.7425,0.0],[-131.8125,52.7486,26.2379],[-131.8221,52.7577,0.0],[-131.8276,52.7605,0.0],[-131.8368,52.7601,22.3159],[-131.8506,52.7627,0.0],[-131.8633,52.76,0.0],[-131.8682,52.7557,0.0],[-131.8755,52.7561,0.0],[-131.8844,52.7514,6.8489],[-131.875,52.7453,26.8756],[-131.8741,52.7408,1.0632],[-131.8783,52.7419,24.4189],[-131.8833,52.7464,0.0],[-131.883,52.7479,0.0],[-131.8859,52.7486,8.4339],[-131.8894,52.7528,26.053],[-131.8886,52.7555,31.6691],[-131.8843,52.7566,0.0],[-131.8816,52.7605,38.9038],[-131.8689,52.7597,0.0],[-131.8667,52.7609,4.1112],[-131.8678,52.7631,53.3884],[-131.8667,52.7645,24.9741],[-131.8557,52.7665,13.6593],[-131.848,52.7701,0.0],[-131.8326,52.7696,0.0],[-131.8289,52.7675,0.0],[-131.8189,52.7667,0.0],[-131.8133,52.7639,156.1908],[-131.8079,52.7565,0.0],[-131.7978,52.7565,25.9022],[-131.7963,52.7575,10.4696],[-131.7972,52.76,0.0],[-131.7929,52.7621,0.0],[-131.7895,52.7741,8.2171],[-131.7755,52.7769,0.0],[-131.7714,52.7819,7.2211],[-131.7589,52.7874,32.6234],[-131.7526,52.789,88.0535],[-131.7339,52.7883,0.0],[-131.7156,52.785,0.0],[-131.7008,52.7843,10.5705],[-131.6923,52.789,29.4548],[-131.6745,52.7944,0.0],[-131.66,52.7956,3.5506],[-131.6555,52.7978,13.3675],[-131.6539,52.8055,0.0],[-131.6567,52.8095,6.4213],[-131.6639,52.8111,0.0],[-131.6778,52.8031,36.0059],[-131.6892,52.7999,42.9409],[-131.7038,52.7973,0.0],[-131.718,52.7977,0.0],[-131.7312,52.794,8.1202],[-131.7561,52.7975,0.0],[-131.7745,52.8022,0.0],[-131.8125,52.7963,4.8474],[-131.8244,52.8041,0.0],[-131.8326,52.8078,4.8148],[-131.8354,52.8075,4.8148],[-131.8383,52.8131,0.0],[-131.8351,52.8184,0.0],[-131.838,52.8226,0.0],[-131.8502,52.8332,0.0],[-131.8606,52.8347,16.0799],[-131.8794,52.8312,17.9879],[-131.8816,52.8316,6.4559],[-131.8862,52.8364,0.0],[-131.8797,52.8404,0.0],[-131.8683,52.8433,6.958],[-131.8639,52.8505,16.5509],[-131.8645,52.8547,5.5479],[-131.873,52.8583,7.5876],[-131.8761,52.8617,6.3685],[-131.8722,52.8628,13.0017],[-131.8575,52.8577,6.4165],[-131.8467,52.8617,4.1041],[-131.8467,52.8636,11.8188],[-131.8522,52.8678,0.0],[-131.8522,52.8705,0.0],[-131.8572,52.8736,11.5506],[-131.873,52.8781,18.0279],[-131.8778,52.8822,0.0],[-131.8818,52.8829,0.0],[-131.8876,52.8808,0.0],[-131.8871,52.8837,0.0],[-131.8811,52.8861,0.0],[-131.8861,52.8889,5.1089],[-131.8878,52.8917,0.0],[-131.8983,52.895,49.8253],[-131.9083,52.8961,0.0],[-131.9245,52.8914,9.0051],[-131.9452,52.8791,5.64],[-131.9507,52.8795,0.0],[-131.9572,52.8772,0.0],[-131.9729,52.8791,0.0],[-131.9844,52.8763,4.9242],[-131.9916,52.8783,6.5145],[-131.9981,52.8777,0.0],[-131.9969,52.8791,0.0],[-131.9986,52.8809,0.0],[-131.9967,52.8818,0.0],[-131.982,52.8823,3.3067],[-131.9775,52.8868,0.0],[-131.9665,52.8876,14.0009],[-131.9368,52.8948,11.9691],[-131.9322,52.8975,3.6809],[-131.9287,52.9031,0.0],[-131.9238,52.9037,0.0],[-131.9162,52.9079,8.9186],[-131.9086,52.9091,17.4675],[-131.898,52.9071,12.2657],[-131.8943,52.9084,0.0],[-131.8935,52.9124,0.0],[-131.9,52.9172,8.6217],[-131.8996,52.9208,0.0],[-131.9133,52.9239,0.0],[-131.9244,52.9225,0.0],[-131.9395,52.9231,35.7953],[-131.9493,52.9292,3.4323],[-131.9454,52.931399999999996,0.0],[-131.9471,52.9334,8.1653],[-131.9464,52.9349,1.3842],[-131.9269,52.9309,13.3205],[-131.9116,52.9341,24.9888],[-131.9039,52.9392,28.1259],[-131.9037,52.9449,40.3865],[-131.9006,52.9456,2.0197],[-131.8989,52.9447,0.0],[-131.8989,52.9364,0.0],[-131.8873,52.9275,49.1645],[-131.8863,52.9228,0.0],[-131.8812,52.9194,6.2152],[-131.8785,52.9151,0.0],[-131.8696,52.9121,32.7763],[-131.8642,52.9054,0.0],[-131.855,52.9039,50.4],[-131.849,52.9012,4.8835],[-131.8445,52.8969,13.2727],[-131.8487,52.8909,21.8572],[-131.848,52.8884,4.3553],[-131.8423,52.8879,3.2413],[-131.8381,52.883,39.8026],[-131.8294,52.8781,9.5416],[-131.8267,52.8753,26.569],[-131.8272,52.8736,5.567],[-131.825,52.8703,8.7221],[-131.8206,52.8669,0.0],[-131.8133,52.8675,0.0],[-131.8124,52.8695,9.6254],[-131.805,52.8733,1.2583],[-131.7946,52.874,0.0],[-131.7925,52.8771,18.823],[-131.7823,52.8795,2.9379],[-131.7883,52.8817,24.5553],[-131.821,52.881,5.6576],[-131.8208,52.8828,13.7235],[-131.8178,52.8845,4.4971],[-131.7939,52.8858,9.4464],[-131.7422,52.8792,67.5561],[-131.735,52.8764,0.0],[-131.7244,52.8763,12.1212],[-131.7139,52.8742,14.8965],[-131.705,52.8761,11.3608],[-131.6939,52.865,0.0],[-131.6917,52.8672,15.5036],[-131.6884,52.8671,0.0],[-131.6907,52.8693,27.6041],[-131.69,52.8714,0.0],[-131.6947,52.8739,9.9845],[-131.6928,52.8761,32.0714],[-131.6883,52.8761,0.0],[-131.6889,52.8783,24.326],[-131.6856,52.8806,34.0433],[-131.6678,52.8778,0.9747],[-131.6725,52.8813,3.1988],[-131.6737,52.8848,0.0],[-131.6597,52.8891,8.7648],[-131.6584,52.8932,18.8139],[-131.6544,52.8945,0.0],[-131.6517,52.8986,0.0],[-131.6511,52.9006,0.0],[-131.6551,52.9018,23.657],[-131.6545,52.9026,0.0],[-131.6467,52.9053,0.0],[-131.6374,52.9037,0.0],[-131.6322,52.9047,1.0055],[-131.6317,52.9014,0.0],[-131.6206,52.8997,0.0],[-131.6225,52.9026,0.0],[-131.64,52.9111,0.0],[-131.6221,52.9165,0.0],[-131.6235,52.9205,10.064],[-131.6258,52.9217,10.064],[-131.6188,52.9229,2.1408],[-131.6166,52.9294,0.0],[-131.6218,52.93,34.7318],[-131.6317,52.9378,21.132],[-131.6422,52.9433,9.943],[-131.6422,52.9448,3.894],[-131.638,52.9504,0.0],[-131.6222,52.9528,0.0],[-131.6156,52.9564,0.0],[-131.6117,52.9606,34.0456],[-131.6022,52.9639,0.0],[-131.6072,52.9658,2.2364],[-131.6062,52.9672,4.2893],[-131.6094,52.9695,9.148],[-131.6128,52.9753,14.8616],[-131.6356,52.9858,2.6746],[-131.6422,52.9872,0.0],[-131.6628,52.9995,1.8886],[-131.6627,53.0007,0.0],[-131.6767,52.9987,30.7769],[-131.6889,53.0014,9.5685],[-131.6944,53.0044,0.0],[-131.7183,53.0083,16.3449],[-131.7539,53.0103,13.2191],[-131.7589,53.0133,0.0],[-131.767,53.015,10.5474],[-131.7667,53.0181,0.0],[-131.7778,53.0239,0.0],[-131.78,53.0286,3.9097],[-131.7961,53.0342,0.0],[-131.8361,53.04,2.652],[-131.8761,53.0389,0.0],[-131.88,53.0373,0.0],[-131.8827,53.0334,46.6769],[-131.8916,53.0322,0.0],[-131.895,53.0269,19.1071],[-131.9006,53.0249,0.0],[-131.9033,53.0211,2.0776],[-131.9123,53.0223,0.0],[-131.9178,53.0163,26.9067],[-131.9333,53.015,0.0],[-131.9258,53.0048,0.0],[-131.9267,53.0022,0.0],[-131.9239,53.0006,3.04],[-131.9289,52.9981,26.5894],[-131.93,52.9914,30.7998],[-131.9183,52.9811,13.2158],[-131.9094,52.9764,23.5163],[-131.9083,52.9697,11.6597],[-131.9055,52.9667,26.1247],[-131.9061,52.9618,0.0],[-131.9106,52.9661,23.8221],[-131.9116,52.9681,4.565],[-131.9106,52.9689,0.0],[-131.9133,52.97,25.1954],[-131.9144,52.9731,0.0],[-131.9183,52.9756,0.0],[-131.925,52.9839,8.5677],[-131.9328,52.9861,0.0],[-131.9378,52.9897,18.5301],[-131.9386,52.993,8.3356],[-131.945,52.9981,7.8359],[-131.9446,53.0005,0.0],[-131.9482,53.0078,10.8647],[-131.9566,53.0103,12.9892],[-131.9601,53.013,21.6259],[-131.9626,53.0206,3.1909],[-131.9573,53.0275,16.8126],[-131.955,53.0372,0.0],[-131.9647,53.0413,5.645],[-131.971,53.0417,18.1058],[-131.9839,53.0389,11.5554],[-131.9933,53.0429,63.6503],[-131.9978,53.042,130.6174],[-132.0167,53.0463,6.3049],[-132.0209,53.0449,0.0],[-132.0238,53.0406,0.0],[-132.0311,53.0406,18.6844],[-132.0239,53.0456,6.1579],[-132.0317,53.0508,21.3294],[-132.0233,53.0519,0.0],[-132.0289,53.055,12.5549],[-132.0139,53.0528,0.0],[-132.0094,53.0539,0.0],[-132.015,53.0558,0.0],[-132.0144,53.0575,18.5021],[-131.9923,53.0567,0.0],[-131.9843,53.0527,2.0832],[-131.9661,53.0516,0.0],[-131.959,53.0489,19.9714],[-131.9427,53.0473,22.2603],[-131.9204,53.0479,3.1404],[-131.9143,53.0493,12.9274],[-131.915,53.0528,48.6838],[-131.9125,53.054,15.3325],[-131.9061,53.0553,4.2363],[-131.8977,53.0539,2.4044],[-131.8961,53.0561,0.0],[-131.8989,53.0575,19.2648],[-131.8844,53.0639,16.7198],[-131.87,53.0636,3.7748],[-131.8595,53.0585,0.0],[-131.855,53.0597,0.0],[-131.8582,53.0612,0.0],[-131.8533,53.0617,0.0],[-131.8478,53.0589,3.3806],[-131.8443,53.0613,0.0],[-131.8383,53.0619,0.0],[-131.8422,53.065,0.0],[-131.8354,53.0677,0.0],[-131.8128,53.0648,0.0],[-131.8039,53.0675,11.7711],[-131.7883,53.0606,3.596],[-131.7833,53.0559,3.4694],[-131.7732,53.0549,0.0],[-131.77,53.0525,18.1748],[-131.7639,53.0517,0.0],[-131.7583,53.0489,4.1847],[-131.75,53.0522,18.0236],[-131.7439,53.0503,21.6932],[-131.7394,53.0461,0.7144],[-131.735,53.0492,12.4776],[-131.7271,53.0459,15.7506],[-131.695,53.0411,5.3291],[-131.6796,53.0421,19.4383],[-131.6672,53.0407,11.9661],[-131.6561,53.0439,13.2917],[-131.6539,53.0419,0.0],[-131.6557,53.0331,0.0],[-131.6511,53.0306,2.3244],[-131.6378,53.0319,14.8404],[-131.6377,53.0303,1.4398],[-131.6322,53.0286,0.0],[-131.61,53.0281,0.0],[-131.6111,53.0297,6.2689],[-131.6061,53.0325,0.0],[-131.6072,53.0359,4.1502],[-131.605,53.0389,0.0],[-131.6122,53.0439,0.0],[-131.6217,53.0421,3.2998],[-131.6303,53.0445,1.5828],[-131.6306,53.0461,0.0],[-131.6239,53.0503,2.7696],[-131.6311,53.0509,30.1204],[-131.6289,53.0527,8.2493],[-131.6311,53.0553,21.0898],[-131.6244,53.0589,0.0],[-131.634,53.065,5.2579],[-131.6377,53.0639,3.8831],[-131.64,53.0653,11.6772],[-131.6356,53.0709,34.133],[-131.6356,53.0731,14.2179],[-131.6389,53.0775,0.0],[-131.6389,53.0803,0.0],[-131.6444,53.0842,6.6408],[-131.6377,53.0947,0.0],[-131.6383,53.0989,0.0],[-131.64,53.1,6.0208],[-131.6395,53.1033,0.0],[-131.6439,53.1083,4.1127],[-131.6598,53.1128,0.0],[-131.6672,53.1081,10.8391],[-131.6903,53.1107,0.0],[-131.7022,53.12,4.8219],[-131.7067,53.1272,8.6058],[-131.7059,53.1309,7.0169],[-131.7,53.1303,0.0],[-131.6983,53.1317,0.0],[-131.7011,53.1334,11.726],[-131.7055,53.1334,41.5422],[-131.7055,53.1375,0.0],[-131.7106,53.1417,0.0],[-131.7103,53.1437,0.0],[-131.7055,53.1483,0.4151],[-131.7072,53.1497,0.0],[-131.7156,53.1514,0.0],[-131.7183,53.1497,9.9305],[-131.7211,53.1508,0.0],[-131.7195,53.1519,0.0],[-131.7206,53.1528,0.0],[-131.7271,53.1531,0.0],[-131.7314,53.1514,8.4625],[-131.7344,53.1531,3.7665],[-131.7439,53.1537,13.9333],[-131.7508,53.1532,0.0],[-131.7561,53.1503,2.2867],[-131.7578,53.1508,0.0],[-131.7583,53.1545,0.0],[-131.7609,53.1553,57.9548],[-131.7629,53.1601,54.9733],[-131.7661,53.1611,0.0],[-131.7728,53.1592,0.0],[-131.7799,53.1594,4.0845],[-131.7827,53.1619,0.0],[-131.7794,53.1677,0.0],[-131.7822,53.1686,0.0],[-131.7889,53.1669,0.0],[-131.7922,53.1689,6.5879],[-131.7833,53.1703,0.0],[-131.7766,53.1733,0.0],[-131.7744,53.1839,0.0],[-131.7772,53.1891,5.9607],[-131.775,53.1947,26.6894],[-131.7717,53.1968,0.0],[-131.7811,53.2014,4.3789],[-131.7839,53.2067,0.0],[-131.7867,53.2083,13.1656],[-131.7878,53.2111,20.8245],[-131.7861,53.2153,7.4716],[-131.7889,53.22,21.4713],[-131.7883,53.2244,6.1679],[-131.7899,53.2269,0.0],[-131.8028,53.2312,0.7853],[-131.8077,53.237,2.0589],[-131.8067,53.2394,1.004],[-131.8077,53.2423,1.9102],[-131.8039,53.2497,0.6888],[-131.8044,53.2514,2.3602],[-131.7962,53.2551,0.0],[-131.8006,53.2553,0.0]]],
[[[-131.8111,52.7086,0.0],[-131.8117,52.7067,0.0],[-131.8083,52.7061,0.0],[-131.8083,52.7081,0.0],[-131.8111,52.7086,0.0]]],
[[[-131.9619,52.7638,0.0],[-131.9628,52.7623,0.0],[-131.96,52.7623,0.0],[-131.96,52.7636,0.0],[-131.9619,52.7638,0.0]]],
[[[-131.7256,52.8519,52.593],[-131.75,52.8603,6.0731],[-131.7608,52.8601,1.6208],[-131.7758,52.8528,0.0],[-131.8018,52.845,9.6032],[-131.83,52.8475,0.0],[-131.8409,52.8467,12.8553],[-131.8467,52.843,8.7226],[-131.8488,52.8385,81.7579],[-131.8439,52.8319,0.0],[-131.8372,52.8267,24.5512],[-131.8367,52.8236,0.0],[-131.8324,52.8217,0.0],[-131.8311,52.8187,0.0],[-131.8153,52.8141,7.3759],[-131.7958,52.8129,0.0],[-131.7893,52.8147,6.1519],[-131.7712,52.8147,14.39],[-131.7599,52.8136,4.4377],[-131.7456,52.8086,0.0],[-131.736,52.8072,31.6586],[-131.6961,52.8161,0.0],[-131.6624,52.83,0.0],[-131.649,52.8294,0.0],[-131.6443,52.8329,0.0],[-131.6499,52.8397,9.7299],[-131.6535,52.8408,2.1534],[-131.6785,52.841,28.5274],[-131.6964,52.8433,24.1851],[-131.7033,52.8423,0.0],[-131.7171,52.8359,5.093],[-131.7233,52.835,42.504],[-131.735,52.8361,16.8831],[-131.7389,52.8387,20.2805],[-131.7466,52.8386,28.6088],[-131.7518,52.8418,24.2974],[-131.7572,52.8425,0.0],[-131.7542,52.8442,18.8506],[-131.7251,52.8401,0.0],[-131.7216,52.8429,1.744],[-131.7208,52.8461,0.0],[-131.7256,52.8519,52.593]]],
[[[-131.6676,52.6625,0.0],[-131.6695,52.6637,14.2752],[-131.6709,52.6636,0.0],[-131.6679,52.6613,0.0],[-131.6676,52.6625,0.0]]],
[[[-131.6863,52.672,2.5221],[-131.6889,52.6733,4.3432],[-131.69,52.6728,4.3432],[-131.6878,52.6708,2.5221],[-131.6863,52.672,2.5221]]],
[[[-131.6028,52.7353,0.0],[-131.603,52.7362,0.0],[-131.6057,52.7361,0.0],[-131.6034,52.7345,0.0],[-131.6028,52.7353,0.0]]],
[[[-131.7453,52.7513,0.0],[-131.7533,52.7544,14.307],[-131.7615,52.7622,0.0],[-131.7705,52.7603,39.3319],[-131.7715,52.7567,0.0],[-131.7683,52.7357,18.5723],[-131.7648,52.7294,6.7538],[-131.7479,52.7201,9.7255],[-131.735,52.7106,18.2323],[-131.7326,52.7106,5.5418],[-131.7301,52.7119,0.0],[-131.7305,52.7173,0.0],[-131.7201,52.7271,0.0],[-131.7235,52.7319,22.998],[-131.7272,52.7338,0.0],[-131.7284,52.7367,17.5969],[-131.7453,52.7513,0.0]]],
[[[-131.63,52.7376,43.0175],[-131.6308,52.7351,0.0],[-131.6235,52.7349,0.0],[-131.6252,52.7373,2.0221],[-131.629,52.7385,43.0175],[-131.63,52.7376,43.0175]]],
[[[-131.6245,52.7717,18.5916],[-131.6411,52.7785,51.744],[-131.648,52.7787,19.7499],[-131.6718,52.7745,0.0],[-131.6837,52.7745,0.0],[-131.6877,52.7701,26.5408],[-131.6928,52.7687,22.1988],[-131.7091,52.7685,132.1929],[-131.7268,52.7725,0.0],[-131.748,52.7721,0.0],[-131.7569,52.7684,12.4287],[-131.753,52.7661,7.7118],[-131.7528,52.7636,0.0],[-131.7489,52.7619,0.0],[-131.7472,52.7625,0.0],[-131.7489,52.7643,7.1553],[-131.748,52.7668,9.7714],[-131.7378,52.7579,0.0],[-131.7288,52.7526,2.9325],[-131.7105,52.745,0.0],[-131.6936,52.75,4.1752],[-131.6839,52.749,16.2828],[-131.6689,52.7509,34.294],[-131.6599,52.7489,23.0911],[-131.6487,52.7507,33.3699],[-131.6371,52.7475,0.0],[-131.6285,52.75,0.0],[-131.6177,52.7487,0.0],[-131.6098,52.751,0.0],[-131.6094,52.7537,11.847],[-131.6117,52.7555,9.9085],[-131.6111,52.7576,0.0],[-131.6139,52.7619,29.2278],[-131.6122,52.7639,0.0],[-131.6245,52.7717,18.5916]]],
[[[-131.55,52.7714,0.0],[-131.56,52.7719,22.8375],[-131.5699,52.7763,0.0],[-131.5751,52.7758,4.256],[-131.5833,52.7697,21.0166],[-131.59,52.7595,23.0243],[-131.595,52.755,0.0],[-131.5917,52.7508,5.5039],[-131.5678,52.7523,0.0],[-131.5692,52.7557,42.8423],[-131.5628,52.7572,0.0],[-131.5606,52.7606,0.0],[-131.5533,52.7631,0.9778],[-131.5528,52.765,18.3348],[-131.5489,52.7669,0.0],[-131.5483,52.7689,0.0],[-131.55,52.7714,0.0]]],
[[[-131.6893,52.7742,0.0],[-131.6877,52.774,0.0],[-131.6869,52.774,0.0],[-131.691,52.7753,0.0],[-131.6893,52.7742,0.0]]],
[[[-131.5769,52.7847,1.186],[-131.578,52.783,0.0],[-131.577,52.7811,0.8614],[-131.5717,52.7786,0.0],[-131.5717,52.7796,0.0],[-131.5769,52.7847,1.186]]],
[[[-131.6505,52.7831,0.0],[-131.6511,52.7853,0.0],[-131.6533,52.785,3.2681],[-131.6533,52.7836,0.0],[-131.6505,52.7831,0.0]]],
[[[-131.6638,52.817,20.9061],[-131.6642,52.8152,0.0],[-131.6577,52.8156,0.1564],[-131.6578,52.8179,34.799],[-131.6599,52.819,0.0],[-131.6638,52.817,20.9061]]],
[[[-131.6877,52.86,0.0],[-131.6845,52.8623,5.2496],[-131.6922,52.8631,0.0],[-131.6905,52.8613,0.0],[-131.6877,52.86,0.0]]],
[[[-131.4911,52.8749,2.0049],[-131.4894,52.8772,0.0],[-131.4917,52.8781,24.1979],[-131.5069,52.8775,0.0],[-131.5161,52.8753,83.4445],[-131.5217,52.877,17.0832],[-131.5344,52.8705,5.1231],[-131.5444,52.8703,20.0875],[-131.5467,52.868899999999996,0.0],[-131.5372,52.8664,2.1055],[-131.5344,52.8636,0.0],[-131.5317,52.865,3.3999],[-131.5222,52.8645,2.1344],[-131.5155,52.8611,0.0],[-131.5111,52.8625,0.0],[-131.5144,52.8664,3.0022],[-131.5189,52.8681,32.6133],[-131.5166,52.868899999999996,34.3328],[-131.5096,52.8674,1.5859],[-131.5094,52.87,2.5053],[-131.5044,52.8709,2.3714],[-131.5005,52.8739,4.29],[-131.4911,52.8749,2.0049]]],
[[[-131.5694,52.8942,0.0],[-131.575,52.8956,0.0],[-131.5772,52.8936,0.0],[-131.5694,52.8911,0.0],[-131.5683,52.8917,0.0],[-131.5706,52.8931,0.0],[-131.5694,52.8942,0.0]]],
[[[-131.6072,52.9047,0.0],[-131.6064,52.9062,9.8109],[-131.6088,52.9075,8.8957],[-131.6078,52.9097,0.0],[-131.6144,52.9125,0.0],[-131.6193,52.9075,5.8579],[-131.6186,52.9057,6.811],[-131.6111,52.9032,0.0],[-131.6072,52.9047,0.0]]],
[[[-131.5344,52.9064,0.0],[-131.5317,52.9078,1.5226],[-131.5394,52.9125,0.0],[-131.5411,52.9117,0.0],[-131.5383,52.9086,0.0],[-131.5344,52.9064,0.0]]],
[[[-131.6242,52.9123,4.881],[-131.6255,52.91,5.4897],[-131.6233,52.9089,5.4897],[-131.6195,52.9114,0.0],[-131.6222,52.9139,0.0],[-131.6242,52.9123,4.881]]],
[[[-131.6318,52.9397,0.0],[-131.6303,52.9404,0.0],[-131.6356,52.9412,2.6911],[-131.6345,52.94,7.9008],[-131.6318,52.9397,0.0]]],
[[[-131.5689,52.9508,0.0],[-131.5639,52.9527,0.0],[-131.5694,52.9533,14.8905],[-131.5739,52.9519,0.0],[-131.5689,52.9508,0.0]]],
[[[-131.6125,52.9555,0.0],[-131.6148,52.9553,1.4713],[-131.6166,52.9527,0.0],[-131.6115,52.9539,0.0],[-131.6125,52.9555,0.0]]],
[[[-131.5522,52.9525,1.6398],[-131.5505,52.9534,1.6398],[-131.5522,52.955,0.0],[-131.5617,52.9558,2.6592],[-131.5572,52.9533,0.0],[-131.5522,52.9525,1.6398]]],
[[[-131.5775,52.9589,0.0],[-131.5839,52.9578,0.2058],[-131.5761,52.9528,0.0],[-131.575,52.9559,0.0],[-131.5775,52.9589,0.0]]],
[[[-131.6003,52.9595,2.5529],[-131.6021,52.96,2.5529],[-131.6026,52.9594,2.5529],[-131.6001,52.9574,0.0],[-131.6003,52.9595,2.5529]]],
[[[-131.565,52.9592,10.1078],[-131.5639,52.9603,1.3587],[-131.565,52.9609,0.0],[-131.5694,52.9603,0.0],[-131.5672,52.9592,10.1078],[-131.565,52.9592,10.1078]]],
[[[-131.6263,53.0247,0.0],[-131.6314,53.0265,3.8359],[-131.6331,53.0253,0.0],[-131.6283,53.0231,0.0],[-131.625,53.0239,0.0],[-131.6263,53.0247,0.0]]],
[[[-131.6839,53.0386,0.0],[-131.6863,53.0403,2.2185],[-131.6889,53.0389,0.0],[-131.6856,53.0381,0.0],[-131.6839,53.0386,0.0]]],
[[[-131.9444,53.0253,0.0],[-131.9439,53.0264,0.0],[-131.9488,53.0283,0.0],[-131.9506,53.0272,0.0],[-131.9461,53.025,0.0],[-131.9444,53.0253,0.0]]],
[[[-131.9332,53.0373,0.0],[-131.9378,53.0386,0.0],[-131.938,53.0381,0.0],[-131.9377,53.0373,0.0],[-131.9332,53.0373,0.0]]],
[[[-131.7444,53.0438,19.7705],[-131.7428,53.0445,0.0],[-131.7428,53.0467,0.0],[-131.7483,53.0489,2.3022],[-131.755,53.0458,5.7906],[-131.75,53.0431,0.5807],[-131.7444,53.0438,19.7705]]],
[[[-131.9977,53.0547,14.3043],[-131.9911,53.0546,8.3983],[-131.9911,53.0553,8.3983],[-132.0014,53.0559,0.0],[-131.9977,53.0547,14.3043]]],
[[[-132.2006,53.1553,0.0],[-132.2018,53.1541,0.0],[-132.1983,53.1525,0.0],[-132.1983,53.155,0.0],[-132.2006,53.1553,0.0]]],
[[[-132.1879,53.1571,14.2134],[-132.1899,53.1555,9.9724],[-132.1875,53.1551,0.0],[-132.1866,53.1567,7.5279],[-132.1879,53.1571,14.2134]]],
[[[-132.0678,53.1643,0.0],[-132.0688,53.1632,0.0],[-132.0676,53.1625,0.0],[-132.0641,53.163,0.0],[-132.0665,53.1648,0.0],[-132.0678,53.1643,0.0]]],
[[[-132.1113,53.182,38.8726],[-132.1178,53.1861,3.7975],[-132.1212,53.1858,0.0],[-132.1216,53.1842,6.864],[-132.1172,53.1781,20.2719],[-132.1211,53.1767,0.0],[-132.125,53.1694,0.0],[-132.1167,53.1675,3.0717],[-132.1079,53.1703,0.0],[-132.0961,53.1703,0.0],[-132.0867,53.1683,0.0],[-132.0839,53.1703,0.0],[-132.0911,53.1731,25.914],[-132.0933,53.1761,0.0],[-132.1,53.1792,39.9638],[-132.1022,53.1825,0.0],[-132.1072,53.1809,0.0],[-132.1113,53.182,38.8726]]],
[[[-132.3515,52.9668,0.0],[-132.3545,52.9689,1.9263],[-132.3589,52.9683,0.0],[-132.355,52.9659,1.1796],[-132.3515,52.9668,0.0]]],
[[[-132.3544,52.9703,1.9263],[-132.3534,52.9708,0.8222],[-132.3594,52.9717,0.0],[-132.3578,52.9703,0.0],[-132.3544,52.9703,1.9263]]],
[[[-132.3321,52.9753,0.0],[-132.331,52.9757,1.2821],[-132.3346,52.9773,8.8082],[-132.34,52.9767,7.4733],[-132.3378,52.9753,0.0],[-132.3321,52.9753,0.0]]],
[[[-132.355,52.9793,1.2649],[-132.3544,52.977,0.0],[-132.3459,52.9771,13.467],[-132.3524,52.9802,4.2832],[-132.355,52.9793,1.2649]]],
[[[-132.3202,53.0064,19.3615],[-132.3339,53.0083,6.0383],[-132.3372,53.0056,0.0],[-132.345,53.0058,20.0134],[-132.3639,53.0081,9.7376],[-132.3685,53.0061,45.0152],[-132.3745,53.0066,43.9776],[-132.3872,53.0042,0.0],[-132.3811,53.0017,0.0],[-132.3767,53.0022,22.0554],[-132.3709,52.9977,2.178],[-132.3643,52.996,0.0],[-132.3643,52.9938,0.0],[-132.3537,52.9883,0.0],[-132.3392,52.9896,2.0722],[-132.342,52.9877,0.0],[-132.3365,52.9875,21.146],[-132.3226,52.9769,3.1291],[-132.3273,52.9758,0.0],[-132.3254,52.9721,9.3877],[-132.3332,52.9722,0.0],[-132.3316,52.9681,10.6798],[-132.3363,52.9706,0.0],[-132.3398,52.9749,1.8358],[-132.3459,52.9705,0.0],[-132.342,52.9677,0.0],[-132.3359,52.9671,4.9803],[-132.3242,52.9621,9.4977],[-132.2947,52.9687,0.0],[-132.2741,52.9684,0.0],[-132.2618,52.9708,49.3298],[-132.2417,52.972,0.0],[-132.2338,52.9741,51.184],[-132.2264,52.9732,0.0],[-132.2195,52.9758,41.8011],[-132.1959,52.9769,0.0],[-132.1899,52.9791,8.3188],[-132.1916,52.9815,64.8432],[-132.2027,52.9846,28.5767],[-132.2175,52.9936,59.1577],[-132.2338,52.9966,12.0007],[-132.2657,52.999,0.0],[-132.2917,53.005,36.0845],[-132.2994,53.0056,0.0],[-132.305,53.0036,43.8246],[-132.3202,53.0064,19.3615]]],
[[[-132.425,53.0089,0.0],[-132.4344,53.0089,0.0],[-132.43,53.0047,0.0],[-132.4178,53.0025,1.5687],[-132.4015,53.0065,2.1873],[-132.41,53.0095,0.0],[-132.425,53.0089,0.0]]],
[[[-132.4178,53.0233,6.8094],[-132.4206,53.0219,52.0703],[-132.4244,53.0239,0.0],[-132.4266,53.0213,0.0],[-132.4234,53.019,3.8552],[-132.4178,53.0208,0.0],[-132.4161,53.0225,6.8094],[-132.4178,53.0233,6.8094]]],
[[[-132.3232,53.0234,0.1393],[-132.3256,53.0222,0.1393],[-132.3256,53.0211,0.5764],[-132.321,53.0234,1.0993],[-132.3232,53.0234,0.1393]]],
[[[-132.44,53.0317,0.0],[-132.4422,53.0342,0.0],[-132.4511,53.0328,0.0],[-132.449,53.0299,0.0],[-132.4422,53.0281,3.5761],[-132.44,53.025,0.0],[-132.4361,53.0237,0.0],[-132.4367,53.0225,0.0],[-132.4322,53.0219,0.0],[-132.4305,53.0253,0.0],[-132.4381,53.0291,43.3242],[-132.44,53.0317,0.0]]],
[[[-132.4355,53.0313,0.9097],[-132.4375,53.0312,0.0],[-132.4355,53.0295,3.9365],[-132.4328,53.0297,0.0],[-132.4333,53.0305,0.0],[-132.4355,53.0313,0.9097]]],
[[[-132.2472,53.1909,10.6783],[-132.2422,53.1914,0.0],[-132.2463,53.1931,5.194],[-132.2494,53.1919,0.0],[-132.2472,53.1909,10.6783]]],
[[[-132.2404,53.1914,0.0],[-132.2405,53.1935,6.5101],[-132.2429,53.1949,0.0],[-132.2425,53.1923,6.5101],[-132.2404,53.1914,0.0]]],
[[[-132.4616,53.0178,0.0],[-132.4611,53.0203,3.7318],[-132.4689,53.0206,0.0],[-132.4661,53.0187,0.0],[-132.4616,53.0178,0.0]]],
[[[-132.4596,53.028,26.3634],[-132.4566,53.0303,0.0],[-132.4594,53.0323,0.0],[-132.4754,53.029,0.0],[-132.4759,53.0275,82.5829],[-132.4733,53.0266,33.0101],[-132.475,53.0251,0.0],[-132.4733,53.0245,0.0],[-132.4661,53.0278,24.9676],[-132.4628,53.0264,18.3687],[-132.465,53.0247,0.0],[-132.4611,53.0226,0.0],[-132.458,53.0264,11.7445],[-132.4596,53.028,26.3634]]],
[[[-132.5553,53.1061,0.0],[-132.5534,53.1047,0.0],[-132.55,53.1053,0.0],[-132.5516,53.1065,0.7542],[-132.5553,53.1061,0.0]]],
[[[-132.6533,53.2009,0.0],[-132.6502,53.2038,0.0],[-132.6537,53.2055,0.0],[-132.6673,53.2046,0.0],[-132.6709,53.2022,0.0],[-132.6635,53.1978,0.0],[-132.6573,53.1983,0.0],[-132.6533,53.2009,0.0]]],
[[[-131.5778,52.3429,75.2718],[-131.5813,52.3425,75.2718],[-131.5782,52.3391,33.4698],[-131.5769,52.3393,8.2602],[-131.5778,52.3429,75.2718]]],
[[[-131.566,52.3413,1.6785],[-131.5655,52.3425,6.1706],[-131.5673,52.3436,6.1706],[-131.5689,52.3431,6.1706],[-131.5689,52.3408,1.6785],[-131.5672,52.3401,0.0],[-131.566,52.3413,1.6785]]],
[[[-131.6032,52.3954,2.7804],[-131.6022,52.3936,0.0],[-131.5992,52.3952,0.0],[-131.6019,52.3965,0.0],[-131.6032,52.3954,2.7804]]],
[[[-131.6071,52.4071,0.0],[-131.6089,52.4095,13.7463],[-131.6108,52.4089,18.2778],[-131.6083,52.4063,44.5141],[-131.6071,52.4071,0.0]]],
[[[-131.612,52.4137,12.0934],[-131.6138,52.4133,0.5959],[-131.6133,52.4114,0.0],[-131.6087,52.4108,3.4278],[-131.6086,52.4117,3.4278],[-131.612,52.4137,12.0934]]],
[[[-131.5972,52.4119,0.0],[-131.5955,52.4125,0.0],[-131.5945,52.4144,0.0],[-131.599,52.4142,4.331],[-131.5972,52.4119,0.0]]],
[[[-131.5873,52.4195,1.4173],[-131.5886,52.4181,0.0],[-131.5862,52.4178,0.0],[-131.586,52.4189,1.4173],[-131.5873,52.4195,1.4173]]],
[[[-131.6661,52.4745,0.0],[-131.6706,52.4733,0.0],[-131.6661,52.4703,0.0],[-131.665,52.4739,0.0],[-131.6661,52.4745,0.0]]],
[[[-131.7428,52.4909,4.5633],[-131.7383,52.49,0.0],[-131.7394,52.4931,2.3597],[-131.7433,52.4928,13.8058],[-131.7428,52.4909,4.5633]]],
[[[-131.5229,52.5171,0.0],[-131.5239,52.5173,0.0],[-131.5245,52.5164,4.2809],[-131.5231,52.5158,3.8291],[-131.5229,52.5171,0.0]]],
[[[-131.5328,52.5172,7.215],[-131.53,52.52,31.1142],[-131.5344,52.5209,0.0],[-131.5383,52.5189,0.0],[-131.5361,52.5172,6.3022],[-131.5328,52.5172,7.215]]],
[[[-131.5168,52.5205,0.0],[-131.5182,52.5209,0.0],[-131.5195,52.5205,0.0],[-131.5176,52.5195,0.0],[-131.5168,52.5205,0.0]]],
[[[-131.5041,52.5183,0.0],[-131.4994,52.5183,0.0],[-131.5044,52.5211,10.363],[-131.505,52.5242,0.0],[-131.5081,52.524,0.0],[-131.5089,52.5224,0.0],[-131.5162,52.5225,0.0],[-131.5141,52.5209,7.7868],[-131.5041,52.5183,0.0]]],
[[[-131.6066,52.5308,0.0],[-131.6078,52.5311,0.0],[-131.6092,52.5293,6.0132],[-131.6077,52.529,0.0],[-131.6066,52.5308,0.0]]],
[[[-131.5461,52.5358,0.0],[-131.545,52.5367,0.0],[-131.5494,52.5372,0.0],[-131.5467,52.5356,0.0],[-131.5461,52.5358,0.0]]],
[[[-131.5945,52.5371,0.0],[-131.595,52.5361,4.8916],[-131.5922,52.535,0.0],[-131.5883,52.5372,13.1601],[-131.5906,52.5392,0.0],[-131.5945,52.5371,0.0]]],
[[[-131.3439,52.4719,0.0],[-131.3422,52.4681,0.0],[-131.3389,52.4675,0.0],[-131.34,52.4683,0.0],[-131.3383,52.4706,0.0],[-131.3394,52.4733,8.3606],[-131.3427,52.4745,0.0],[-131.345,52.4733,0.0],[-131.3439,52.4719,0.0]]],
[[[-131.4,52.4831,0.0],[-131.3973,52.4839,0.0],[-131.4028,52.4847,0.0],[-131.4028,52.4842,0.0],[-131.4,52.4831,0.0]]],
[[[-131.368,52.5826,0.842],[-131.3717,52.5861,0.0],[-131.3762,52.585,0.0],[-131.3826,52.5826,9.4385],[-131.3875,52.5754,56.6199],[-131.3944,52.5706,3.1398],[-131.3983,52.57,26.9149],[-131.3994,52.5725,0.0],[-131.4025,52.5738,0.0],[-131.4044,52.5714,0.0],[-131.4017,52.5692,0.0],[-131.4091,52.5663,15.0898],[-131.4144,52.5683,15.0695],[-131.4194,52.5656,4.623],[-131.4222,52.5678,1.9756],[-131.4263,52.5684,2.4179],[-131.4331,52.5639,7.5845],[-131.4395,52.5639,0.0],[-131.4405,52.5591,24.3223],[-131.4317,52.5528,4.3395],[-131.4239,52.5506,13.6661],[-131.3997,52.549,25.6358],[-131.3954,52.5456,43.3583],[-131.3944,52.5409,0.0],[-131.3928,52.54,0.0],[-131.3885,52.5431,20.1296],[-131.381,52.5442,26.8892],[-131.3752,52.5431,0.0],[-131.3615,52.5458,0.7248],[-131.3614,52.5479,6.4353],[-131.3501,52.5515,0.0],[-131.3502,52.5532,0.0],[-131.3467,52.5555,0.0],[-131.3495,52.5579,2.0427],[-131.3472,52.5617,1.2514],[-131.3478,52.5678,0.0],[-131.3539,52.5739,0.0],[-131.3646,52.5775,0.0],[-131.3644,52.5792,0.0],[-131.3667,52.5798,11.5758],[-131.3661,52.5811,0.0],[-131.368,52.5826,0.842]]],
[[[-131.3961,52.575,0.0],[-131.3977,52.5747,0.0],[-131.395,52.5725,0.0],[-131.3928,52.5731,0.0],[-131.3939,52.5744,0.0],[-131.3961,52.575,0.0]]],
[[[-131.4376,52.5746,8.382],[-131.4378,52.5783,19.0409],[-131.4318,52.5807,2.9476],[-131.4302,52.5843,0.0],[-131.4328,52.5844,0.6684],[-131.436,52.5799,0.0],[-131.4457,52.5758,0.0],[-131.4376,52.5746,8.382]]],
[[[-131.4157,52.58,0.0],[-131.4137,52.5811,2.0295],[-131.419,52.5809,12.5131],[-131.4203,52.5831,0.0],[-131.4236,52.5838,0.0],[-131.4298,52.5791,1.6967],[-131.4263,52.5773,0.0],[-131.4212,52.5774,16.828],[-131.4182,52.5785,0.0],[-131.4186,52.58,0.0],[-131.4157,52.58,0.0]]],
[[[-131.3721,52.5885,0.0],[-131.3717,52.5875,0.0],[-131.3688,52.5872,0.0],[-131.3703,52.5887,0.0],[-131.3721,52.5885,0.0]]],
[[[-131.4247,52.5964,0.0],[-131.4239,52.5973,0.0],[-131.4272,52.595,0.0],[-131.425,52.5957,0.0734],[-131.4247,52.5964,0.0]]],
[[[-131.4724,52.5966,0.0],[-131.4687,52.5948,0.0],[-131.4652,52.5961,0.0],[-131.4642,52.5983,8.9411],[-131.4709,52.5965,0.0],[-131.4724,52.5966,0.0]]],
[[[-131.4372,52.6127,0.0],[-131.4356,52.6142,8.0848],[-131.4377,52.6147,27.8073],[-131.4373,52.6171,0.0],[-131.4389,52.6181,0.0],[-131.4403,52.615,27.8073],[-131.4444,52.6144,2.9647],[-131.4489,52.6108,0.0],[-131.4479,52.6077,0.0],[-131.4527,52.6003,86.6776],[-131.4682,52.5913,39.7765],[-131.4756,52.5952,5.2277],[-131.4755,52.5934,30.2014],[-131.4839,52.5879,4.6966],[-131.4831,52.5855,2.3965],[-131.4753,52.5806,45.9975],[-131.4747,52.5786,2.1009],[-131.4688,52.5768,0.0],[-131.4629,52.5812,13.0199],[-131.4572,52.5817,0.0],[-131.4633,52.5842,0.0],[-131.4633,52.5853,0.0],[-131.4611,52.5875,22.0902],[-131.4572,52.5867,0.0],[-131.4572,52.5894,2.4596],[-131.4555,52.5911,0.0],[-131.4486,52.5921,11.5911],[-131.4445,52.5949,0.0],[-131.4427,52.5931,0.0],[-131.4383,52.5985,9.6345],[-131.4363,52.5968,0.0],[-131.4308,52.5973,0.0],[-131.4311,52.605,0.0],[-131.4328,52.6061,0.0],[-131.435,52.6008,5.7544],[-131.4367,52.6011,16.6936],[-131.4405,52.6094,0.0],[-131.4444,52.6114,20.5492],[-131.4372,52.6127,0.0]]],
[[[-131.4689,52.6088,12.2356],[-131.4672,52.6109,0.0],[-131.4739,52.6136,18.3268],[-131.48,52.6109,5.2054],[-131.4936,52.612,8.0897],[-131.4989,52.6092,24.4682],[-131.5111,52.6073,14.6203],[-131.5122,52.6055,13.7609],[-131.5025,52.5993,5.2703],[-131.48,52.5989,9.8112],[-131.4721,52.6009,0.0],[-131.4733,52.6017,14.8065],[-131.4727,52.6036,31.6751],[-131.4683,52.6063,7.3829],[-131.4689,52.6088,12.2356]]],
[[[-131.4636,52.6135,0.0],[-131.4656,52.6139,1.4862],[-131.4672,52.6122,0.0],[-131.4644,52.6128,3.037],[-131.4636,52.6135,0.0]]],
[[[-131.418,52.6216,0.0],[-131.4172,52.6236,0.0],[-131.4199,52.6244,0.0],[-131.4226,52.6308,0.0],[-131.4209,52.6325,0.0],[-131.4222,52.6332,0.0],[-131.4248,52.6318,27.4794],[-131.426,52.6284,0.0],[-131.42,52.6211,0.8427],[-131.418,52.6216,0.0]]],
[[[-131.4123,52.644,6.4563],[-131.4061,52.6453,0.0],[-131.4122,52.6464,3.0088],[-131.415,52.6437,0.0],[-131.4146,52.6415,-0.0228],[-131.4182,52.6412,0.0],[-131.4206,52.6392,7.1194],[-131.4178,52.6375,0.0],[-131.4139,52.6383,0.0],[-131.4123,52.644,6.4563]]],
[[[-131.4228,52.6603,6.7269],[-131.4187,52.6584,0.0],[-131.4183,52.6622,0.0],[-131.4215,52.6627,0.0],[-131.4228,52.6603,6.7269]]],
[[[-131.4204,52.6647,1.3132],[-131.4167,52.6642,0.0],[-131.4122,52.6665,0.0],[-131.4117,52.6683,0.0],[-131.4184,52.6678,1.0593],[-131.4204,52.6647,1.3132]]],
[[[-131.4165,52.6748,0.0],[-131.4161,52.6725,0.0],[-131.4122,52.6728,0.0],[-131.415,52.675,0.0],[-131.4165,52.6748,0.0]]],
[[[-131.4094,52.6781,0.0],[-131.4106,52.6786,4.0622],[-131.4139,52.6764,0.0],[-131.4117,52.6756,3.5291],[-131.4094,52.6781,0.0]]],
[[[-131.3902,52.6915,0.0],[-131.3922,52.6909,0.0],[-131.3894,52.6881,0.0],[-131.3889,52.6883,0.0],[-131.3902,52.6915,0.0]]],
[[[-131.4111,52.7044,0.0],[-131.4142,52.7017,0.0],[-131.4134,52.6993,0.0],[-131.4099,52.7038,0.0],[-131.4111,52.7044,0.0]]],
[[[-131.4815,52.8021,1.4933],[-131.4815,52.8033,1.4933],[-131.4851,52.8034,15.9221],[-131.488,52.8061,0.0],[-131.492,52.8047,0.0],[-131.4857,52.8011,2.2265],[-131.4815,52.8021,1.4933]]],
[[[-131.5036,52.8661,0.0],[-131.5022,52.8654,0.0],[-131.5009,52.8684,0.0],[-131.5044,52.8681,3.4382],[-131.505,52.8669,0.0],[-131.5036,52.8661,0.0]]],
[[[-131.2028,52.349,22.5458],[-131.2033,52.3521,0.0],[-131.2088,52.3539,0.0],[-131.2144,52.3517,3.2987],[-131.2159,52.3489,0.0],[-131.2061,52.347,0.0],[-131.2028,52.349,22.5458]]],
[[[-131.1717,52.3569,0.0139],[-131.1789,52.36,6.8279],[-131.1833,52.36,1.9148],[-131.1873,52.3575,2.7915],[-131.1922,52.3583,15.1776],[-131.195,52.3572,1.2846],[-131.1939,52.3556,2.4093],[-131.1823,52.3563,3.2587],[-131.1783,52.3544,1.8208],[-131.1739,52.355,0.0],[-131.1717,52.3569,0.0139]]],
[[[-131.2708,52.3893,0.0],[-131.2722,52.3869,0.0],[-131.27,52.3864,0.0],[-131.255,52.3909,5.9799],[-131.2534,52.3927,10.9729],[-131.2561,52.3933,10.9729],[-131.2708,52.3893,0.0]]],
[[[-130.9867,54.4427,0.5827],[-130.9877,54.4415,1.3469],[-130.9841,54.4406,0.0],[-130.985,54.4429,0.5827],[-130.9867,54.4427,0.5827]]],
[[[-130.9856,54.4483,2.8851],[-130.9807,54.449,9.2026],[-130.9803,54.4512,1.2223],[-130.9763,54.4542,0.0],[-130.9844,54.4615,6.8434],[-130.989,54.4617,3.5972],[-130.991,54.4609,0.0],[-130.9928,54.4537,0.0],[-130.9868,54.4512,13.7964],[-130.9907,54.4505,3.6522],[-130.988,54.4471,2.8851],[-130.9856,54.4483,2.8851]]],
[[[-130.9728,54.4778,17.6316],[-130.9756,54.4787,17.6316],[-130.9764,54.4768,0.0],[-130.973,54.4749,0.8321],[-130.9717,54.4767,2.9679],[-130.9728,54.4778,17.6316]]],
[[[-130.9717,54.4887,2.7708],[-130.9733,54.4889,0.0],[-130.975,54.4869,0.0],[-130.9722,54.4869,4.4041],[-130.9717,54.4887,2.7708]]],
[[[-130.9811,54.5005,0.0],[-130.9822,54.4989,6.4543],[-130.9794,54.4978,2.6278],[-130.9739,54.4989,2.3349],[-130.977,54.5013,2.8266],[-130.9811,54.5005,0.0]]],
[[[-130.8268,54.39,2.4282],[-130.8288,54.3914,10.2321],[-130.8278,54.3945,0.0],[-130.8335,54.397,8.2469],[-130.8361,54.3953,19.0031],[-130.8367,54.3933,1.8638],[-130.8328,54.39,0.0],[-130.8268,54.3888,2.4282],[-130.8268,54.39,2.4282]]],
[[[-130.9189,54.4061,5.111],[-130.923,54.4099,4.0226],[-130.9312,54.4119,0.2728],[-130.9294,54.4092,3.9723],[-130.9256,54.4091,6.5854],[-130.9256,54.4064,0.0],[-130.9225,54.4029,3.7046],[-130.9167,54.4042,0.9682],[-130.9189,54.4061,5.111]]],
[[[-130.8367,54.4114,1.9678],[-130.8411,54.4089,0.0],[-130.8383,54.4086,0.0],[-130.8344,54.4111,0.0],[-130.8367,54.4114,1.9678]]],
[[[-130.9092,54.4123,3.8326],[-130.9079,54.4148,0.0],[-130.9126,54.4154,0.0],[-130.9107,54.4141,1.2153],[-130.9092,54.4123,3.8326]]],
[[[-130.7972,54.4053,8.2536],[-130.8072,54.4067,11.5231],[-130.8094,54.4056,3.9098],[-130.8072,54.4033,0.0],[-130.8017,54.4022,21.1876],[-130.7961,54.4044,8.2536],[-130.7972,54.4053,8.2536]]],
[[[-130.757,54.4081,0.0],[-130.7552,54.409,0.0],[-130.7583,54.4099,0.0],[-130.7583,54.409,0.0],[-130.757,54.4081,0.0]]],
[[[-130.7507,54.412,0.0],[-130.7507,54.4137,4.4582],[-130.7544,54.4127,0.0],[-130.7557,54.414,0.0],[-130.7589,54.4112,0.0],[-130.7568,54.4108,5.1866],[-130.7507,54.412,0.0]]],
[[[-130.815,54.4135,0.0],[-130.815,54.4158,0.0],[-130.8182,54.4163,0.0],[-130.82,54.4147,0.0],[-130.8178,54.4111,2.0461],[-130.815,54.4135,0.0]]],
[[[-130.8514,54.4174,0.0],[-130.85,54.4161,14.0618],[-130.8506,54.4142,1.6698],[-130.8483,54.4142,1.3218],[-130.8427,54.4192,10.39],[-130.8433,54.4206,0.0],[-130.8491,54.4201,24.8762],[-130.8514,54.4174,0.0]]],
[[[-130.9061,54.4178,0.0],[-130.9041,54.4189,0.3481],[-130.9082,54.4196,7.3446],[-130.9072,54.4184,2.0854],[-130.9061,54.4178,0.0]]],
[[[-130.8905,54.4245,0.0],[-130.8888,54.4231,0.0],[-130.8861,54.4239,4.7793],[-130.8909,54.4262,0.0],[-130.8916,54.4247,0.0],[-130.8905,54.4245,0.0]]],
[[[-130.8861,54.4291,3.3743],[-130.8827,54.4255,2.5278],[-130.8812,54.4257,2.5278],[-130.8822,54.4291,0.0],[-130.8856,54.4319,1.0504],[-130.8869,54.4304,3.3743],[-130.8861,54.4291,3.3743]]],
[[[-130.725,54.4235,2.8993],[-130.7272,54.4223,2.5577],[-130.7274,54.4212,0.2397],[-130.7239,54.4211,2.7196],[-130.725,54.4235,2.8993]]],
[[[-130.7967,54.4222,13.6549],[-130.7929,54.4233,0.0],[-130.7933,54.4242,6.4739],[-130.7983,54.4231,0.0],[-130.7967,54.4222,13.6549]]],
[[[-130.8011,54.4289,13.1307],[-130.8,54.4272,16.3772],[-130.795,54.4286,0.0],[-130.7984,54.4301,13.1307],[-130.8011,54.4289,13.1307]]],
[[[-130.7062,54.4335,0.0],[-130.7178,54.4361,0.0],[-130.7189,54.4336,3.7866],[-130.7177,54.4325,3.7866],[-130.7195,54.4311,5.1862],[-130.7144,54.4295,4.7643],[-130.7076,54.4309,0.0],[-130.7062,54.4335,0.0]]],
[[[-132.0978,53.1842,0.0],[-132.1,53.1825,0.0],[-132.0956,53.1819,0.0],[-132.0955,53.1825,0.0],[-132.0978,53.1842,0.0]]],
[[[-132.0433,53.2208,0.0],[-132.0465,53.2208,1.2763],[-132.0494,53.2231,17.0376],[-132.0561,53.2228,2.1444],[-132.0602,53.2199,26.7035],[-132.0694,53.2208,0.0],[-132.0711,53.22,0.0],[-132.07,53.2169,28.1234],[-132.0722,53.2158,8.2999],[-132.0797,53.2163,12.2555],[-132.0816,53.2139,0.149],[-132.0939,53.2117,12.4372],[-132.1049,53.2061,4.1377],[-132.1116,53.2045,7.8586],[-132.1217,53.2047,6.3822],[-132.1246,53.202,0.0],[-132.1316,53.2019,0.0],[-132.1328,53.2006,0.0],[-132.1268,53.1956,29.5839],[-132.1283,53.1933,1.3902],[-132.1233,53.1929,2.4317],[-132.1244,53.1917,0.0],[-132.12,53.1875,13.176],[-132.1161,53.1914,4.9709],[-132.1078,53.1883,0.0],[-132.1002,53.1886,0.0],[-132.0828,53.193,9.7809],[-132.0717,53.1914,0.0],[-132.0567,53.1981,0.0],[-132.0457,53.2007,30.6098],[-132.0425,53.2,3.9359],[-132.04,53.2011,0.0],[-132.0411,53.2021,43.7687],[-132.04,53.2033,6.8223],[-132.0333,53.2044,0.0],[-132.0344,53.208,19.2992],[-132.0311,53.2095,15.8066],[-132.0341,53.2128,17.3383],[-132.0289,53.2155,3.6693],[-132.0375,53.2217,4.6911],[-132.0433,53.2208,0.0]]],
[[[-132.2244,53.2083,20.2636],[-132.2272,53.2072,0.0],[-132.2239,53.2059,4.5709],[-132.2205,53.2067,0.0],[-132.2211,53.2089,0.0],[-132.225,53.2111,0.0],[-132.2244,53.2083,20.2636]]],
[[[-132.2182,53.2106,0.0],[-132.2156,53.2084,0.0],[-132.2139,53.2087,0.0],[-132.2167,53.2109,0.0],[-132.2182,53.2106,0.0]]],
[[[-132.1539,53.2097,5.356],[-132.1528,53.2089,0.0],[-132.1511,53.2106,0.0],[-132.1589,53.2131,0.0],[-132.1589,53.2117,0.0],[-132.1539,53.2097,5.356]]],
[[[-132.2067,53.2137,37.5551],[-132.2094,53.2119,0.0],[-132.2022,53.2106,22.2428],[-132.1994,53.2125,9.6297],[-132.1978,53.2164,0.0],[-132.1994,53.2169,10.8128],[-132.2067,53.2137,37.5551]]],
[[[-132.1522,53.2142,0.084],[-132.1478,53.2142,0.0],[-132.1516,53.2159,0.0],[-132.1533,53.2153,0.084],[-132.1522,53.2142,0.084]]],
[[[-132.005,53.2143,0.0],[-132.0061,53.2158,0.0],[-132.0078,53.2153,0.0],[-132.0061,53.2136,0.0],[-132.005,53.2143,0.0]]],
[[[-132.0283,53.2189,0.0],[-132.0289,53.2172,0.0],[-132.0261,53.2172,1.6755],[-132.0266,53.2189,0.0],[-132.0283,53.2189,0.0]]],
[[[-132.1628,53.2203,0.0],[-132.1733,53.2208,8.1622],[-132.1628,53.2147,0.0],[-132.1594,53.2153,0.0],[-132.1655,53.2186,20.2201],[-132.1611,53.2183,0.0],[-132.1628,53.2203,0.0]]],
[[[-132.2222,53.2195,0.0],[-132.22,53.2164,0.0],[-132.2172,53.2175,3.9472],[-132.2205,53.2203,2.0453],[-132.2222,53.2195,0.0]]],
[[[-132.1385,53.2183,0.0],[-132.1378,53.2194,0.0],[-132.1455,53.2217,3.3814],[-132.1483,53.2205,0.0],[-132.1433,53.2178,20.8459],[-132.1385,53.2183,0.0]]],
[[[-132.0783,53.2241,0.0],[-132.0811,53.2242,0.0],[-132.0817,53.2225,0.9879],[-132.0772,53.2225,0.0],[-132.0783,53.2241,0.0]]],
[[[-132.1094,53.2245,3.4064],[-132.1113,53.2243,0.0],[-132.1117,53.2231,1.3478],[-132.1106,53.2225,1.3478],[-132.1094,53.2245,3.4064]]],
[[[-132.0844,53.2264,0.4144],[-132.0794,53.2267,0.0],[-132.0828,53.2283,5.9192],[-132.0855,53.2267,0.4144],[-132.0844,53.2264,0.4144]]],
[[[-132.0931,53.2273,2.4489],[-132.0867,53.2283,0.0],[-132.0922,53.2309,0.0],[-132.095,53.2286,2.3688],[-132.0931,53.2273,2.4489]]],
[[[-132.2572,53.195,0.0],[-132.2528,53.195,0.0],[-132.2505,53.1969,16.453],[-132.2545,53.1978,6.2633],[-132.2589,53.1958,0.0],[-132.2572,53.195,0.0]]],
[[[-132.2255,53.2009,2.2629],[-132.2217,53.2008,0.0],[-132.2272,53.2039,0.0],[-132.2267,53.2025,0.0],[-132.2283,53.2019,0.0],[-132.2255,53.2009,2.2629]]],
[[[-132.2376,53.2177,0.0],[-132.2359,53.2177,0.0],[-132.2358,53.2195,4.5981],[-132.2379,53.2195,0.0],[-132.2376,53.2177,0.0]]],
[[[-132.4228,53.3156,0.0],[-132.4298,53.3177,5.0792],[-132.4317,53.3172,0.0],[-132.4315,53.3154,2.9889],[-132.4344,53.3161,3.2322],[-132.4356,53.315,0.0],[-132.425,53.3122,31.711],[-132.4217,53.3128,0.0],[-132.4228,53.3156,0.0]]],
[[[-132.6402,53.2075,0.0],[-132.6366,53.2095,0.0],[-132.64,53.21,0.4028],[-132.6444,53.2075,0.0],[-132.6422,53.2069,0.0],[-132.6402,53.2075,0.0]]],
[[[-132.6068,53.2158,0.0],[-132.6061,53.2175,0.0],[-132.6078,53.2189,0.0],[-132.6105,53.2203,0.0],[-132.6127,53.2192,0.0],[-132.6105,53.2172,0.0],[-132.6068,53.2158,0.0]]],
[[[-132.6485,53.2951,27.5814],[-132.6568,53.3008,0.0],[-132.6583,53.2995,0.0],[-132.6555,53.2975,0.0],[-132.6683,53.2933,0.0],[-132.662,53.2936,0.0],[-132.6458,53.2899,0.0],[-132.6455,53.2917,10.4432],[-132.6485,53.2951,27.5814]]],
[[[-132.5599,53.3149,0.0],[-132.5618,53.3169,8.387],[-132.5633,53.315,17.6922],[-132.5613,53.3141,11.8136],[-132.5599,53.3149,0.0]]],
[[[-132.5703,53.32,0.0],[-132.5681,53.3185,6.9806],[-132.5658,53.3191,0.0],[-132.5669,53.3201,0.0],[-132.5703,53.32,0.0]]],
[[[-132.5903,53.3863,0.0],[-132.5861,53.3894,0.0],[-132.593,53.3897,0.0],[-132.5979,53.3879,0.0],[-132.5942,53.3864,0.4783],[-132.5903,53.3863,0.0]]],
[[[-132.7728,53.4694,0.0],[-132.7722,53.4687,0.0],[-132.768,53.4692,0.0],[-132.7715,53.4702,2.4792],[-132.7728,53.4694,0.0]]],
[[[-132.8972,53.4975,0.0],[-132.9017,53.5022,0.0],[-132.9039,53.5017,0.0],[-132.9033,53.5003,0.0],[-132.905,53.4992,0.0],[-132.8983,53.4961,0.0],[-132.8961,53.4967,0.0],[-132.8972,53.4975,0.0]]],
[[[-132.7417,53.5244,7.881],[-132.7427,53.5231,0.0],[-132.7411,53.5225,0.0],[-132.7394,53.5247,3.0383],[-132.7406,53.5253,7.881],[-132.7417,53.5244,7.881]]],
[[[-132.9977,53.5464,3.8844],[-133.0044,53.5483,2.3768],[-133.01,53.5472,1.3948],[-133.0133,53.5439,5.5417],[-133.01,53.5425,3.7127],[-133.0078,53.5439,15.9113],[-133.0056,53.5408,0.5611],[-133.0017,53.54,0.0],[-132.994,53.5406,9.4609],[-132.9972,53.5384,0.0],[-132.9914,53.5374,12.5122],[-132.9939,53.5353,0.0],[-132.9922,53.5342,1.4349],[-132.9859,53.535,0.0],[-132.9917,53.5328,0.0],[-132.9922,53.5292,0.0],[-132.9861,53.5255,0.8608],[-132.9872,53.5244,-0.0075],[-132.9794,53.5206,2.1704],[-132.975,53.5223,9.2002],[-132.9572,53.5228,0.0],[-132.9522,53.5264,0.0],[-132.9561,53.5317,76.8678],[-132.9544,53.5345,0.0],[-132.9578,53.5364,6.026],[-132.9977,53.5464,3.8844]]],
[[[-132.9346,53.5431,4.4587],[-132.9333,53.5419,0.0],[-132.9316,53.5429,3.3796],[-132.9326,53.5455,0.0],[-132.9338,53.5453,3.0427],[-132.9346,53.5431,4.4587]]],
[[[-133.0113,53.5481,1.3948],[-133.0078,53.5492,13.1624],[-133.01,53.5528,0.0],[-133.0139,53.55,0.0],[-133.0113,53.5481,1.3948]]],
[[[-132.125,53.2364,33.0507],[-132.1244,53.2386,0.0],[-132.1273,53.24,17.4772],[-132.1327,53.2392,13.1029],[-132.135,53.2372,26.9637],[-132.1394,53.2395,13.1239],[-132.1411,53.2342,0.0],[-132.1483,53.2308,0.0],[-132.1522,53.2311,4.4849],[-132.1561,53.2275,0.0],[-132.1405,53.2217,0.0],[-132.1278,53.2219,0.0],[-132.12,53.2245,14.1992],[-132.1162,53.2235,0.0],[-132.1122,53.2256,40.8681],[-132.1,53.2261,24.6533],[-132.0933,53.2314,0.0],[-132.0972,53.2353,28.4541],[-132.1083,53.2359,2.1322],[-132.1178,53.2325,12.7455],[-132.1245,53.2336,26.6473],[-132.125,53.2364,33.0507]]],
[[[-132.1789,53.2328,0.0],[-132.1817,53.2333,0.0],[-132.1811,53.2303,0.0],[-132.1794,53.2294,0.0],[-132.1772,53.2317,0.0],[-132.1789,53.2328,0.0]]],
[[[-132.135,53.2412,0.0],[-132.1361,53.2404,2.9999],[-132.1351,53.2395,2.9999],[-132.1335,53.2405,2.4238],[-132.135,53.2412,0.0]]],
[[[-132.1294,53.2418,2.8192],[-132.1331,53.2422,3.3596],[-132.1335,53.2435,3.3596],[-132.135,53.2425,0.0],[-132.1321,53.2415,5.1248],[-132.1294,53.2418,2.8192]]],
[[[-132.0689,53.2423,0.0],[-132.0678,53.243899999999996,0.0],[-132.0728,53.2433,0.0],[-132.0706,53.2422,4.0723],[-132.0689,53.2423,0.0]]],
[[[-132.0896,53.2431,2.0239],[-132.0861,53.2425,1.8405],[-132.085,53.2436,0.0],[-132.0917,53.2444,0.0],[-132.0896,53.2431,2.0239]]],
[[[-132.0267,53.2472,4.3162],[-132.0206,53.243899999999996,2.4638],[-132.015,53.2433,0.0],[-132.0117,53.2459,0.8177],[-132.0083,53.2461,0.0],[-132.0061,53.2442,0.0],[-131.9946,53.2478,0.0],[-131.9967,53.2492,14.0251],[-131.9894,53.2547,0.4586],[-131.9906,53.265,0.0],[-131.98,53.2695,0.9158],[-131.9783,53.2728,1.0466],[-131.97,53.2781,0.0],[-131.9705,53.2801,41.9732],[-131.9683,53.2817,6.3308],[-131.9695,53.2893,6.2317],[-131.9644,53.2967,0.0],[-131.9661,53.2981,0.0],[-131.9656,53.3033,0.1239],[-131.9611,53.3072,6.7927],[-131.9617,53.3094,12.3776],[-131.9589,53.3153,6.2891],[-131.9522,53.3195,0.0],[-131.9533,53.3211,0.0728],[-131.9517,53.3223,0.3634],[-131.9539,53.3236,11.6519],[-131.9528,53.325,0.2534],[-131.9539,53.3258,16.6154],[-131.9522,53.3289,8.6741],[-131.9444,53.3325,2.9209],[-131.9428,53.3347,0.0],[-131.9439,53.3361,13.8111],[-131.9422,53.3383,0.0],[-131.9411,53.3467,0.0],[-131.9328,53.355,0.0],[-131.9256,53.3578,7.6323],[-131.9278,53.3625,1.6312],[-131.925,53.3678,13.5892],[-131.9322,53.3753,12.9332],[-131.9316,53.3775,1.7768],[-131.9339,53.3828,6.9348],[-131.9244,53.4014,1.4428],[-131.9161,53.4075,4.7448],[-131.9139,53.4225,1.7003],[-131.9156,53.4244,26.4847],[-131.9107,53.4317,6.2878],[-131.9142,53.4401,2.2186],[-131.9196,53.4437,8.2826],[-131.9201,53.4515,0.1618],[-131.9227,53.456,0.0412],[-131.9296,53.4642,1.6862],[-131.9324,53.4724,4.6559],[-131.9311,53.4769,0.0],[-131.9376,53.4795,26.0883],[-131.9355,53.4894,7.0156],[-131.9444,53.4928,7.9399],[-131.9467,53.4986,11.1934],[-131.945,53.5017,0.0],[-131.9483,53.5039,8.4106],[-131.9505,53.5092,6.9263],[-131.955,53.5119,13.6709],[-131.9572,53.5189,2.6211],[-131.9555,53.5259,0.0],[-131.9483,53.5389,20.0082],[-131.93,53.5547,0.0],[-131.9239,53.5633,1.5135],[-131.9267,53.5672,8.2071],[-131.925,53.5693,5.1075],[-131.9245,53.5753,0.945],[-131.9297,53.5804,3.4863],[-131.9311,53.5906,0.0],[-131.9328,53.5925,1.4349],[-131.9322,53.6045,1.3715],[-131.9333,53.6053,7.601],[-131.9317,53.6078,2.2183],[-131.9317,53.6142,4.5697],[-131.9267,53.6206,0.0],[-131.9268,53.6249,0.0],[-131.9228,53.6319,0.0],[-131.9227,53.6357,1.0276],[-131.9178,53.6425,0.1871],[-131.9194,53.6447,5.5503],[-131.9178,53.6497,1.2088],[-131.9078,53.6653,0.9661],[-131.8865,53.6862,0.0],[-131.8872,53.6899,2.7454],[-131.8786,53.6992,5.4293],[-131.8733,53.7109,0.0],[-131.8739,53.7203,5.5432],[-131.8772,53.7319,13.6072],[-131.8761,53.7339,8.7904],[-131.8779,53.7373,25.9462],[-131.8772,53.7447,4.2485],[-131.8833,53.7575,0.0],[-131.8839,53.7715,13.993],[-131.8778,53.7809,24.276],[-131.8761,53.7868,22.9511],[-131.8622,53.8072,13.6642],[-131.8467,53.8236,2.2431],[-131.8306,53.8369,5.263],[-131.8145,53.8591,5.3652],[-131.7628,53.9072,6.3734],[-131.7167,53.9628,1.712],[-131.7116,53.9742,9.9962],[-131.7083,53.9775,1.2253],[-131.7005,53.9911,0.0],[-131.7011,53.9925,13.4816],[-131.6967,53.9983,0.3254],[-131.6956,54.0053,0.3548],[-131.6917,54.01,0.2073],[-131.6922,54.0125,2.4973],[-131.69,54.0169,0.9263],[-131.6911,54.0239,21.7332],[-131.685,54.0325,0.259],[-131.6817,54.0431,1.4401],[-131.6828,54.0453,8.4826],[-131.6817,54.0508,6.0827],[-131.6772,54.0581,0.8897],[-131.6772,54.0625,2.2921],[-131.6756,54.0636,0.0],[-131.6739,54.0697,0.0],[-131.6733,54.0778,0.0],[-131.6756,54.0792,2.5311],[-131.6744,54.09,4.2543],[-131.6722,54.0928,2.4672],[-131.6733,54.0942,1.8417],[-131.6717,54.0992,5.1406],[-131.6683,54.1044,1.8762],[-131.6706,54.1072,5.9564],[-131.6628,54.1281,0.0],[-131.6633,54.1328,0.6112],[-131.6606,54.1378,0.0],[-131.6617,54.1397,3.8091],[-131.6594,54.1414,0.0],[-131.6611,54.1439,1.3186],[-131.6594,54.1456,2.1979],[-131.6583,54.1531,3.29],[-131.6594,54.155,3.3409],[-131.6572,54.1661,3.5226],[-131.65,54.18,0.0],[-131.6409,54.1924,0.0],[-131.6485,54.1862,0.8774],[-131.6572,54.1703,5.5239],[-131.6661,54.1592,0.3464],[-131.715,54.1119,17.3817],[-131.7355,54.0986,13.7317],[-131.7906,54.0736,25.9947],[-131.7928,54.0742,0.0],[-131.7933,54.0789,0.0],[-131.7956,54.0792,0.0],[-131.8,54.0747,75.4968],[-131.82,54.0692,9.031],[-131.8289,54.0683,24.1213],[-131.8367,54.0709,0.2491],[-131.85,54.0633,13.2838],[-131.89,54.0486,12.0602],[-131.94,54.0364,7.0102],[-131.9873,54.03,0.7744],[-131.9915,54.0278,3.4433],[-132.0011,54.0299,1.9958],[-132.0102,54.0289,1.8682],[-132.0494,54.03,4.4852],[-132.0583,54.0328,0.596],[-132.0788,54.0317,3.8449],[-132.1006,54.0333,1.0274],[-132.1111,54.0314,3.9388],[-132.1206,54.0318,4.5593],[-132.163,54.0397,7.7761],[-132.1912,54.0516,0.0],[-132.1975,54.0511,0.0],[-132.2003,54.0482,1.4723],[-132.1967,54.0428,1.2181],[-132.1696,54.0291,3.3771],[-132.1481,54.0087,0.0],[-132.1439,54.0069,0.8943],[-132.1405,54.0078,0.6061],[-132.1367,54.0133,0.1268],[-132.1433,54.0217,20.9209],[-132.1567,54.0289,6.1448],[-132.16,54.0317,9.0896],[-132.1589,54.0328,10.4607],[-132.1417,54.0278,11.0944],[-132.1339,54.0211,2.6287],[-132.1205,54.0161,2.9432],[-132.1339,54.0125,0.2003],[-132.1361,54.0103,1.2518],[-132.135,54.0078,2.3919],[-132.1444,54.0,0.0],[-132.1367,53.9933,2.9125],[-132.1378,53.9917,3.889],[-132.135,53.9873,0.0],[-132.1355,53.9839,0.0],[-132.1267,53.9751,0.9464],[-132.1268,53.9712,0.0],[-132.1235,53.9676,0.0],[-132.1245,53.9628,4.3027],[-132.1289,53.9559,0.0],[-132.1278,53.9461,6.1746],[-132.1258,53.9432,0.4545],[-132.1272,53.9328,6.2158],[-132.1244,53.9283,0.0],[-132.1105,53.9214,0.0],[-132.1089,53.9183,0.0],[-132.0978,53.9092,31.1923],[-132.0951,53.9037,0.0],[-132.0917,53.9015,0.0],[-132.09,53.8917,0.0],[-132.0911,53.8811,0.0],[-132.1067,53.8539,0.0],[-132.1089,53.8459,0.0],[-132.125,53.8359,0.0],[-132.135,53.8231,0.0],[-132.13,53.8161,17.7896],[-132.129,53.8109,0.0],[-132.1317,53.8072,0.0],[-132.134,53.7909,0.0],[-132.1374,53.7863,1.2174],[-132.1356,53.7803,0.0],[-132.1367,53.7792,0.0],[-132.136,53.7689,0.0],[-132.1378,53.7636,13.7137],[-132.1439,53.7558,1.8502],[-132.1394,53.7502,16.9261],[-132.145,53.7459,12.3392],[-132.1572,53.74,13.5801],[-132.1583,53.7342,0.0],[-132.162,53.7323,1.4831],[-132.1607,53.7299,8.3955],[-132.1617,53.7292,0.0],[-132.1589,53.7294,8.3955],[-132.1581,53.7278,0.0],[-132.16,53.7236,6.3187],[-132.1611,53.7128,15.3674],[-132.1457,53.7023,6.5803],[-132.1389,53.7022,2.5132],[-132.1428,53.7011,2.7935],[-132.1417,53.6983,0.0],[-132.1391,53.6974,8.8281],[-132.138,53.6991,4.2334],[-132.1361,53.6986,6.7094],[-132.1405,53.6953,20.3472],[-132.1444,53.6956,0.6106],[-132.145,53.6969,0.6106],[-132.1491,53.6945,0.0],[-132.1528,53.6986,4.6726],[-132.1505,53.7003,0.0],[-132.1506,53.7033,0.0],[-132.1493,53.7037,0.0],[-132.1502,53.7045,3.4073],[-132.1594,53.7076,6.013],[-132.1611,53.7103,1.4894],[-132.1627,53.7098,2.3795],[-132.1619,53.7087,22.6782],[-132.1667,53.7076,0.0],[-132.1667,53.7053,3.6767],[-132.1744,53.6994,0.0],[-132.1731,53.6953,13.2936],[-132.1756,53.6914,5.2337],[-132.1739,53.6864,9.4408],[-132.1761,53.6853,7.2219],[-132.1788,53.6865,6.5712],[-132.1827,53.6893,1.3162],[-132.1812,53.69,0.0],[-132.1822,53.6906,0.0],[-132.1883,53.6872,2.1819],[-132.1889,53.6819,2.2496],[-132.1933,53.6739,0.0],[-132.2022,53.6675,1.6388],[-132.2005,53.6589,15.048],[-132.2083,53.6561,6.7004],[-132.2094,53.6542,1.1954],[-132.2117,53.655,9.1742],[-132.2111,53.6569,3.4365],[-132.215,53.6556,2.081],[-132.2183,53.6567,14.8263],[-132.2183,53.6606,19.1182],[-132.2233,53.6683,0.0],[-132.2206,53.6711,0.0],[-132.2222,53.6719,3.8691],[-132.2339,53.6679,7.0877],[-132.2483,53.667,21.5926],[-132.2655,53.6705,0.0],[-132.2899,53.6717,3.4471],[-132.295,53.6703,19.1668],[-132.2992,53.6714,17.0205],[-132.2923,53.6759,0.0],[-132.2967,53.6773,0.0],[-132.3011,53.6756,4.5267],[-132.3067,53.6769,16.9852],[-132.32,53.6761,5.1199],[-132.3327,53.6703,34.8591],[-132.3433,53.6714,0.0],[-132.3466,53.6642,0.0],[-132.3439,53.6619,0.0],[-132.3423,53.6563,7.6937],[-132.345,53.6528,0.0],[-132.3383,53.6503,28.6479],[-132.3388,53.6481,0.0],[-132.335,53.6461,6.0009],[-132.3317,53.6422,4.2166],[-132.3322,53.6411,0.0],[-132.3183,53.6408,17.635],[-132.3167,53.64,18.9302],[-132.3201,53.6379,0.0],[-132.3166,53.6367,0.0],[-132.3011,53.6387,0.0],[-132.2833,53.6333,0.0],[-132.2805,53.63,17.558],[-132.2828,53.6289,1.3816],[-132.3022,53.6311,0.0],[-132.3055,53.6299,18.4672],[-132.3089,53.6283,0.0],[-132.3078,53.6269,0.351],[-132.3128,53.6222,1.7169],[-132.3133,53.6197,10.8499],[-132.3117,53.6175,0.0],[-132.3145,53.6156,0.0],[-132.3141,53.6144,1.1817],[-132.3177,53.6137,13.7427],[-132.3289,53.6178,0.0],[-132.335,53.6178,4.0941],[-132.3367,53.6225,0.0],[-132.3445,53.6241,0.0],[-132.3456,53.6231,0.0],[-132.3445,53.6222,13.1078],[-132.3494,53.6211,17.0192],[-132.3522,53.6225,1.5959],[-132.3511,53.6236,1.5959],[-132.3543,53.6245,11.2491],[-132.3628,53.6231,19.2183],[-132.38,53.6167,16.8473],[-132.3899,53.6167,21.2314],[-132.3835,53.6208,0.0],[-132.3933,53.6229,7.4383],[-132.3985,53.6182,15.2104],[-132.4083,53.6147,7.6635],[-132.4084,53.6129,11.0576],[-132.4045,53.6124,1.8392],[-132.4024,53.61,0.0],[-132.4061,53.6072,10.922],[-132.41,53.6083,1.5833],[-132.4132,53.6117,13.5611],[-132.4221,53.6092,0.0],[-132.4272,53.6106,13.1619],[-132.4211,53.6131,6.5845],[-132.4198,53.6155,1.7705],[-132.4217,53.6175,0.0],[-132.4255,53.6139,0.0],[-132.44,53.6119,26.6817],[-132.4456,53.6067,22.2655],[-132.4511,53.5956,0.0],[-132.4544,53.5939,0.0],[-132.455,53.5906,8.2579],[-132.46,53.5859,6.7872],[-132.4617,53.5831,0.0],[-132.4611,53.5794,0.0],[-132.4749,53.5728,7.7493],[-132.4778,53.5659,38.1443],[-132.4807,53.5642,0.0],[-132.4839,53.5656,1.2857],[-132.4848,53.5687,29.9306],[-132.4828,53.5706,23.8265],[-132.485,53.5731,24.1695],[-132.4836,53.5765,12.6427],[-132.4867,53.5792,10.2435],[-132.4744,53.5839,8.3577],[-132.4728,53.5908,47.2773],[-132.4739,53.5936,10.6983],[-132.4714,53.6018,29.4731],[-132.4689,53.6061,16.0091],[-132.4594,53.6133,0.0],[-132.4611,53.6144,9.2836],[-132.46,53.6172,16.1286],[-132.4406,53.6258,11.3224],[-132.4328,53.6269,0.0],[-132.4272,53.6325,22.1843],[-132.4083,53.6411,0.0],[-132.41,53.6428,0.0],[-132.4056,53.6461,0.0],[-132.3892,53.6552,0.0],[-132.3618,53.6626,8.2857],[-132.3595,53.6692,19.7599],[-132.3517,53.6711,6.1018],[-132.3515,53.6734,17.7268],[-132.3542,53.6751,27.0161],[-132.3622,53.6756,0.0],[-132.3726,53.6721,0.0],[-132.3755,53.6745,8.1694],[-132.3872,53.6725,0.0],[-132.3902,53.6706,0.0],[-132.4028,53.6701,2.663],[-132.4072,53.6681,13.0541],[-132.4193,53.6725,0.0],[-132.4306,53.6675,1.6687],[-132.4387,53.6706,37.2534],[-132.4352,53.6734,0.0],[-132.4439,53.6742,0.0],[-132.4505,53.667,0.0],[-132.4493,53.6637,35.5361],[-132.4539,53.6611,7.7144],[-132.4672,53.6578,9.153],[-132.4755,53.6595,8.7769],[-132.4789,53.6573,0.0],[-132.479,53.6547,15.5169],[-132.4939,53.6453,19.2582],[-132.4977,53.6444,1.8376],[-132.4985,53.6421,22.4852],[-132.5073,53.6418,9.3173],[-132.5117,53.6447,7.5706],[-132.5072,53.6483,3.2319],[-132.5078,53.6525,52.2002],[-132.5017,53.6563,0.0],[-132.5043,53.6573,0.0],[-132.51,53.6561,8.8797],[-132.5177,53.657,2.8372],[-132.5206,53.6538,3.3798],[-132.5233,53.6551,3.3798],[-132.5337,53.649,26.1912],[-132.5381,53.6492,0.0],[-132.5411,53.6559,7.9519],[-132.5444,53.6586,11.1021],[-132.5444,53.6614,5.7835],[-132.5421,53.6652,6.7603],[-132.5289,53.6726,0.8289],[-132.5314,53.6722,2.7378999999999998],[-132.535,53.6746,9.9663],[-132.5461,53.6737,33.4609],[-132.5517,53.6714,6.9969],[-132.5533,53.6675,0.0],[-132.5583,53.6697,8.3084],[-132.5561,53.6714,7.7909],[-132.5594,53.6719,11.3122],[-132.5633,53.6703,0.0],[-132.5621,53.6687,47.0916],[-132.575,53.6645,3.1755],[-132.5757,53.6627,1.2626],[-132.5789,53.6617,0.0],[-132.5801,53.6575,6.4941],[-132.5922,53.6503,11.2473],[-132.5944,53.6477,2.7479],[-132.5939,53.6461,0.8457],[-132.5896,53.6445,12.7911],[-132.5971,53.6452,0.0],[-132.5981,53.6437,0.0],[-132.5923,53.6432,0.0],[-132.5928,53.6417,4.9899],[-132.595,53.6406,0.0],[-132.5962,53.637,2.6988],[-132.6012,53.6354,5.2263],[-132.609,53.636,0.2085],[-132.609,53.6375,5.4727],[-132.6028,53.6389,0.0],[-132.6021,53.644,10.1825],[-132.5989,53.6481,6.685],[-132.6006,53.6503,26.324],[-132.5984,53.6549,16.5903],[-132.5825,53.6719,0.0],[-132.5876,53.6723,17.1653],[-132.5867,53.6745,0.0],[-132.5889,53.6765,10.4171],[-132.6044,53.6853,21.6181],[-132.6213,53.6881,13.4831],[-132.6261,53.6865,5.5483],[-132.6418,53.6861,0.0],[-132.6567,53.6819,7.488],[-132.6632,53.6779,17.008],[-132.6626,53.6737,34.9267],[-132.6694,53.6669,4.1876],[-132.67,53.6639,0.0],[-132.6748,53.6605,2.8752],[-132.6742,53.658,11.1004],[-132.6762,53.6535,6.2365],[-132.6811,53.655,8.5073],[-132.6833,53.6591,18.346],[-132.6797,53.6649,0.0],[-132.6724,53.6699,0.0],[-132.6722,53.6777,3.172],[-132.6603,53.6892,21.0933],[-132.6378,53.6931,0.0],[-132.63,53.6919,0.0],[-132.6283,53.6939,10.2598],[-132.6239,53.6947,4.95],[-132.6059,53.6941,17.1182],[-132.6056,53.6925,0.0],[-132.6028,53.6917,0.0],[-132.601,53.6943,9.5472],[-132.5965,53.695,0.0],[-132.5875,53.6939,64.9576],[-132.574,53.6888,35.9195],[-132.56,53.6889,16.7867],[-132.5465,53.6906,7.7132],[-132.5444,53.693,2.9633],[-132.5462,53.6945,9.3336],[-132.5383,53.6969,6.5671],[-132.5271,53.6961,4.8175],[-132.5066,53.7,0.0],[-132.4922,53.7051,0.0],[-132.4821,53.7023,17.241],[-132.452,53.7169,0.8965],[-132.4439,53.7178,13.4592],[-132.4411,53.7167,0.0],[-132.4303,53.7229,0.0],[-132.4227,53.7319,0.0],[-132.415,53.7361,28.9435],[-132.409,53.7455,31.5867],[-132.3928,53.7492,18.4891],[-132.3872,53.7533,0.0],[-132.3789,53.7534,0.0],[-132.3601,53.7583,0.0],[-132.3506,53.7533,0.0],[-132.3394,53.7531,0.0],[-132.3244,53.7547,2.3181],[-132.3005,53.7625,1.8629],[-132.2961,53.7628,2.5354],[-132.2928,53.7611,21.0983],[-132.2944,53.7591,0.0],[-132.2883,53.7586,0.0],[-132.2822,53.7608,3.8849],[-132.28,53.7636,0.0],[-132.2594,53.7647,3.6622],[-132.2544,53.7687,0.0],[-132.2511,53.7745,21.0316],[-132.2456,53.7781,0.0],[-132.2222,53.7844,0.0],[-132.2167,53.7967,15.1413],[-132.2061,53.8067,11.0368],[-132.2067,53.8106,28.9472],[-132.2022,53.8153,0.0],[-132.1687,53.8252,0.0],[-132.1523,53.8314,0.0],[-132.1444,53.8381,1.0727],[-132.1286,53.8427,0.0],[-132.1069,53.8742,0.0],[-132.1072,53.8784,1.1788],[-132.105,53.8806,0.0],[-132.105,53.8836,0.0],[-132.1067,53.8883,12.1784],[-132.1095,53.8897,25.5915],[-132.1226,53.9075,30.461],[-132.1344,53.9177,4.5054],[-132.1428,53.9208,2.3863],[-132.1527,53.9311,0.0],[-132.1545,53.9381,15.3153],[-132.1489,53.9447,16.8094],[-132.1455,53.9517,13.7145],[-132.1466,53.9611,18.6447],[-132.1445,53.965,3.3184],[-132.1446,53.9689,0.0],[-132.1522,53.9811,2.7939],[-132.1511,53.9833,0.0],[-132.1523,53.9855,0.0],[-132.16,53.9896,4.672],[-132.1691,53.9988,6.7259],[-132.1728,54.0,21.1876],[-132.1778,54.0097,1.8019],[-132.1778,54.0125,2.6036],[-132.1756,54.0156,0.0],[-132.1866,54.0197,10.2249],[-132.1972,54.0197,12.3169],[-132.1994,54.0225,0.2532],[-132.2039,54.0222,17.2616],[-132.2022,54.0239,0.4285],[-132.2039,54.0247,3.7565],[-132.2116,54.0237,26.1733],[-132.225,54.0247,9.8651],[-132.2361,54.0281,15.1809],[-132.2467,54.0342,3.5045],[-132.25,54.0397,0.8764],[-132.2433,54.0464,0.0],[-132.2422,54.0553,2.123],[-132.2372,54.0589,0.4341],[-132.2383,54.0603,25.1951],[-132.2366,54.0636,2.6382],[-132.2378,54.0695,14.1282],[-132.2439,54.0728,0.0],[-132.2428,54.0767,0.9926],[-132.2482,54.0765,12.4783],[-132.2511,54.0781,14.728],[-132.2489,54.08,0.3361],[-132.25,54.0809,0.0],[-132.2628,54.0778,19.41],[-132.2617,54.0814,0.4226],[-132.2655,54.0819,8.3347],[-132.2644,54.0914,3.2019],[-132.2661,54.0928,0.4088],[-132.2639,54.0959,0.4886],[-132.2666,54.0953,8.2453],[-132.2689,54.0981,7.5151],[-132.2722,54.0978,10.5207],[-132.2789,54.1017,0.7439],[-132.2833,54.0986,13.0639],[-132.2839,54.1009,3.9986],[-132.2906,54.1069,4.5412],[-132.295,54.1078,1.128],[-132.2978,54.1064,18.7057],[-132.3022,54.1097,6.3009],[-132.3061,54.1092,5.8948],[-132.3117,54.1111,9.2847],[-132.3139,54.1145,0.1543],[-132.32,54.1153,12.6007],[-132.3222,54.1105,0.7168],[-132.3294,54.1133,4.9178],[-132.3311,54.1103,19.5821],[-132.3445,54.1072,2.0614],[-132.3489,54.1075,7.1935],[-132.3494,54.1106,0.0],[-132.3516,54.1086,23.6192],[-132.3533,54.1103,1.3495],[-132.355,54.1083,17.9396],[-132.3623,54.1101,1.4916],[-132.3639,54.1075,0.8281],[-132.3689,54.1083,2.3751],[-132.3733,54.1059,18.4319],[-132.3761,54.1061,0.3374],[-132.3811,54.1019,24.341],[-132.3828,54.1042,0.0],[-132.3861,54.1017,22.0545],[-132.385,54.1044,0.0],[-132.3861,54.1045,0.0],[-132.3922,54.1017,7.786],[-132.3967,54.1025,0.1117],[-132.4089,54.1003,9.5108],[-132.4172,54.1025,0.0],[-132.4228,54.1,17.4613],[-132.4294,54.0997,11.1901],[-132.4333,54.1022,0.0],[-132.4361,54.1009,0.0],[-132.435,54.0992,10.2672],[-132.4389,54.0983,0.8822],[-132.4389,54.0961,0.7393],[-132.4317,54.0934,2.2876],[-132.4311,54.0883,14.9627],[-132.4294,54.0869,9.4323],[-132.4316,54.0845,5.3524],[-132.4334,54.0864,4.7119],[-132.4439,54.0895,0.7649],[-132.4461,54.0839,0.7074],[-132.4544,54.0828,1.723],[-132.4561,54.0789,0.0],[-132.4683,54.0742,1.0212],[-132.4722,54.0689,6.3874],[-132.4867,54.065,17.4616],[-132.5244,54.0611,4.1948],[-132.5278,54.0594,2.8514],[-132.5261,54.0547,5.2548],[-132.5289,54.0528,9.1575],[-132.5433,54.0506,0.0],[-132.5528,54.0453,23.2402],[-132.5667,54.0417,15.5728],[-132.5672,54.0403,1.3392],[-132.5633,54.0375,0.0],[-132.5661,54.0303,0.0],[-132.5661,54.0253,0.0],[-132.5644,54.0239,19.9856],[-132.5817,54.0094,1.3711],[-132.5789,54.0083,2.9731],[-132.5706,54.0164,0.0],[-132.5683,54.0167,4.2003],[-132.5667,54.0153,12.9532],[-132.5717,54.0103,0.7478],[-132.5611,54.0067,0.0],[-132.5606,54.0044,11.3657],[-132.5556,54.0053,4.3672],[-132.5561,54.0033,9.8542],[-132.5606,54.0006,7.0183],[-132.5594,54.0,40.154],[-132.59,53.9839,0.0],[-132.5885,53.9783,1.995],[-132.5867,53.9777,6.7124],[-132.588,53.9754,10.6329],[-132.5922,53.9778,8.9636],[-132.6005,53.9723,8.8125],[-132.6017,53.9728,8.8125],[-132.6008,53.979,0.0],[-132.6211,53.9713,2.3307],[-132.6289,53.9667,0.8055],[-132.6272,53.9656,9.5109],[-132.6289,53.9647,12.2974],[-132.6428,53.9625,3.4234],[-132.645,53.9609,4.1692],[-132.6423,53.9583,22.3143],[-132.6444,53.9558,4.3482],[-132.6644,53.9469,16.0115],[-132.67,53.9467,0.0],[-132.671,53.9445,5.2635],[-132.677,53.9423,3.9742],[-132.68,53.9358,5.59],[-132.6801,53.9399,0.5],[-132.6778,53.9431,3.9742],[-132.6728,53.9453,5.2635],[-132.6728,53.9494,0.6026],[-132.6694,53.9514,0.7994],[-132.6722,53.9531,8.7078],[-132.6711,53.9539,0.7056],[-132.6789,53.9567,5.7297],[-132.6822,53.9542,4.0234],[-132.6861,53.9564,5.5553],[-132.6637,53.9633,0.0],[-132.6611,53.9661,4.4938],[-132.665,53.9683,3.189],[-132.665,53.9728,1.3347],[-132.6727,53.9733,6.1912],[-132.67,53.9753,10.9569],[-132.6689,53.9781,1.3625],[-132.67,53.9789,0.0],[-132.6739,53.9769,7.0257],[-132.6794,53.9767,6.0424],[-132.685,53.9731,5.5101],[-132.69,53.9742,0.0],[-132.6906,53.9772,19.3261],[-132.6811,53.9831,11.3355],[-132.6622,53.9892,3.0984],[-132.6628,53.9928,1.3575],[-132.6555,53.9964,6.2807],[-132.6533,54.0014,0.0],[-132.6472,54.0025,1.5002],[-132.64,54.0064,0.0],[-132.6311,54.0151,3.8387],[-132.6284,54.0123,25.1516],[-132.6228,54.0128,16.288],[-132.5894,54.025,0.0],[-132.585,54.0295,0.0],[-132.5833,54.0373,8.0413],[-132.5789,54.04,0.0],[-132.58,54.0428,7.5899],[-132.5772,54.0453,0.0],[-132.5772,54.0478,0.0],[-132.5722,54.0483,4.3061],[-132.5694,54.0464,0.0],[-132.5672,54.0475,0.0],[-132.5661,54.0531,11.4119],[-132.5739,54.0578,13.6916],[-132.5833,54.0675,0.0],[-132.5844,54.0708,7.2465],[-132.5822,54.0764,5.2001],[-132.5783,54.0806,18.5733],[-132.5706,54.0856,0.1585],[-132.5717,54.0889,13.2797],[-132.5694,54.0903,0.0],[-132.5705,54.0933,0.0],[-132.5767,54.0967,14.4648],[-132.5772,54.0983,0.0],[-132.5827,54.1017,2.6493],[-132.5867,54.1017,11.0078],[-132.59,54.1047,27.5265],[-132.5845,54.1086,0.0],[-132.5878,54.1106,22.2442],[-132.5839,54.1136,1.6973],[-132.5855,54.1147,1.4398],[-132.5811,54.118899999999996,0.0],[-132.5816,54.1203,1.5478],[-132.6033,54.1253,14.535],[-132.6061,54.1247,24.7541],[-132.6167,54.1297,9.5842],[-132.6156,54.1325,0.0],[-132.6194,54.1347,1.8718],[-132.6239,54.1322,0.4276],[-132.6267,54.1344,0.1884],[-132.6317,54.1344,5.8406],[-132.6356,54.1389,1.4413],[-132.6405,54.1403,7.294],[-132.6394,54.1417,0.0],[-132.6439,54.1414,11.2666],[-132.6572,54.145,6.8343],[-132.6555,54.1497,20.1864],[-132.6589,54.1531,4.5418],[-132.6644,54.1539,0.0],[-132.6661,54.1559,0.0],[-132.6689,54.1545,1.8451],[-132.6711,54.1567,0.2985],[-132.6728,54.1542,4.3649],[-132.6717,54.1511,4.5467],[-132.6733,54.1503,38.4055],[-132.6844,54.1497,1.7532],[-132.6833,54.1486,10.1164],[-132.6876,54.1472,0.5606],[-132.6961,54.1467,17.4515],[-132.7033,54.1511,0.0],[-132.71,54.1469,8.8938],[-132.71,54.1442,11.3335],[-132.7122,54.1431,16.3453],[-132.7311,54.1403,21.0326],[-132.7361,54.1415,0.1617],[-132.7444,54.1369,18.8835],[-132.7566,54.1395,0.4461],[-132.76,54.1375,9.8827],[-132.7611,54.1342,0.1377],[-132.7672,54.1319,19.7491],[-132.7828,54.1333,0.1946],[-132.79,54.1322,0.0],[-132.7989,54.1345,0.9461],[-132.8039,54.1305,0.0],[-132.8005,54.1283,28.7984],[-132.8028,54.1264,10.9018],[-132.805,54.1292,0.0],[-132.82,54.1278,0.0],[-132.8378,54.1317,15.1669],[-132.8394,54.1344,0.1056],[-132.8445,54.1336,17.0527],[-132.8556,54.1372,0.2902],[-132.8656,54.1364,24.7417],[-132.8728,54.1411,0.3418],[-132.8728,54.1428,0.0],[-132.8767,54.1425,4.2558],[-132.8811,54.1444,9.8637],[-132.8811,54.1459,0.0],[-132.8861,54.1453,43.127],[-132.8917,54.1472,0.0],[-132.8883,54.1507,0.0],[-132.8937,54.1531,0.2517],[-132.8959,54.1528,0.2517],[-132.8937,54.1511,0.0],[-132.8942,54.1498,8.723],[-132.8988,54.1478,10.6239],[-132.9167,54.1481,13.5197],[-132.925,54.1533,1.9359],[-132.9244,54.1564,1.1078],[-132.9311,54.1572,0.0],[-132.9311,54.1606,0.0],[-132.9289,54.1625,0.0],[-132.9411,54.1672,0.0],[-132.9439,54.1714,0.1833],[-132.9467,54.1681,41.9475],[-132.9539,54.1658,8.2589],[-132.9617,54.165,16.8552],[-132.9628,54.1658,22.8265],[-132.9606,54.1669,6.7598],[-132.9661,54.1694,0.0],[-132.9767,54.1658,8.094],[-132.9811,54.1658,9.6236],[-132.9867,54.1669,14.3576],[-132.9872,54.1711,0.6234],[-132.9967,54.1733,16.4636],[-133.0011,54.1728,18.2399],[-133.0105,54.1767,0.0573],[-133.0133,54.1758,0.7408],[-133.0189,54.1775,2.8168],[-133.0264,54.1846,10.2232],[-133.045,54.1845,3.0016],[-133.0706,54.1808,0.0],[-133.08,54.1839,0.0],[-133.0877,54.1825,0.0],[-133.0861,54.1803,1.2095],[-133.0883,54.1789,0.0],[-133.0894,54.1753,0.0],[-133.0861,54.1739,0.0919],[-133.0872,54.1725,1.8402],[-133.0856,54.1714,6.2971],[-133.0872,54.1703,0.0],[-133.0761,54.1706,18.0199],[-133.0705,54.1745,9.0921],[-133.0572,54.1728,3.0276],[-133.0539,54.1756,44.4209],[-133.0506,54.175,0.7438],[-133.0528,54.1731,0.0],[-133.0511,54.1725,1.0529],[-133.0459,54.1755,21.2861],[-133.0356,54.1722,22.6274],[-133.0346,54.1667,0.0],[-133.0373,54.1638,0.0],[-133.0524,54.1607,0.8735],[-133.0578,54.1575,0.0],[-133.0584,54.1553,12.1796],[-133.0606,54.1547,0.4547],[-133.0583,54.1531,23.0222],[-133.0693,54.1474,0.1963],[-133.0667,54.1419,18.043],[-133.0728,54.1428,0.0],[-133.075,54.14,8.8364],[-133.0806,54.1403,1.5232],[-133.0811,54.1392,1.5232],[-133.0783,54.1369,0.0],[-133.0833,54.1358,0.0],[-133.0878,54.1306,0.0],[-133.095,54.1294,0.0],[-133.0956,54.1269,6.292],[-133.1028,54.1239,0.0],[-133.1056,54.1242,0.0],[-133.1022,54.1197,0.0],[-133.1028,54.1186,0.1672],[-133.0994,54.1164,11.0478],[-133.1028,54.1142,3.2541],[-133.1017,54.1133,0.4031],[-133.1033,54.1094,1.0052],[-133.0989,54.1083,1.135],[-133.0972,54.1045,10.1883],[-133.0994,54.1031,0.0],[-133.0966,54.1025,0.1912],[-133.0917,54.1045,17.8904],[-133.0883,54.1033,0.0],[-133.0761,54.1069,0.0992],[-133.0728,54.1053,0.0],[-133.0717,54.1006,0.0],[-133.0689,54.0986,6.878],[-133.0729,54.0961,0.0],[-133.0728,54.0938,0.0],[-133.079,54.0917,0.8076],[-133.0716,54.0881,2.2374],[-133.0733,54.0853,7.684],[-133.0778,54.0858,0.0],[-133.0727,54.0808,4.3298],[-133.0783,54.0769,0.1515],[-133.0742,54.0759,0.5249],[-133.0719,54.0733,0.0518],[-133.0711,54.0614,20.3101],[-133.0672,54.0581,21.2465],[-133.0722,54.0559,0.0962],[-133.0711,54.0545,3.0144],[-133.0672,54.0511,0.1331],[-133.0589,54.0521,8.4405],[-133.0536,54.0476,0.0],[-133.055,54.0425,0.0],[-133.0591,54.0403,0.0922],[-133.065,54.0403,0.0],[-133.0591,54.0378,0.3763],[-133.0545,54.0314,2.2185],[-133.0683,54.0231,26.3956],[-133.08,54.0233,6.0654],[-133.0877,54.0211,0.0],[-133.0894,54.0192,0.0],[-133.0889,54.0172,0.0],[-133.0801,54.0093,8.9424],[-133.0822,54.0067,20.9848],[-133.0932,54.0034,22.167],[-133.1017,54.0072,0.1116],[-133.1067,54.0071,0.0],[-133.1148,54.004,0.0],[-133.1194,54.0,1.9997],[-133.1184,53.9972,34.025],[-133.1211,53.9937,1.665],[-133.1219,53.9892,7.5892],[-133.1267,53.9856,0.0],[-133.1222,53.9839,25.8061],[-133.1238,53.9817,0.5121],[-133.1272,53.9811,-0.0133],[-133.1206,53.9806,10.9874],[-133.1161,53.9781,32.9609],[-133.1156,53.9765,30.084],[-133.1178,53.975,0.3032],[-133.1144,53.9722,7.4433],[-133.1167,53.9703,0.0],[-133.1128,53.9686,0.0],[-133.1161,53.9659,6.7879],[-133.1133,53.9609,1.5106],[-133.1167,53.9594,0.0],[-133.1144,53.9583,2.4018],[-133.1206,53.9544,0.0],[-133.115,53.9514,19.8872],[-133.1211,53.9472,0.0],[-133.1165,53.9437,12.5368],[-133.1283,53.9419,26.6664],[-133.1322,53.9461,0.0],[-133.1361,53.9467,4.4892],[-133.1383,53.9436,44.2306],[-133.1367,53.9364,0.0],[-133.1321,53.9355,27.7803],[-133.1322,53.9336,0.0],[-133.1252,53.9335,0.0],[-133.124,53.9316,0.0],[-133.125,53.9283,0.0],[-133.1344,53.9223,2.8664],[-133.1589,53.9147,0.0],[-133.1478,53.9008,0.0],[-133.1516,53.8959,0.0],[-133.15,53.8911,12.8441],[-133.1556,53.8917,0.0],[-133.1533,53.8889,4.0412],[-133.1544,53.8872,0.0],[-133.1483,53.8844,0.0],[-133.1444,53.8847,15.4389],[-133.1461,53.8778,0.0],[-133.1422,53.8761,0.0],[-133.145,53.8736,0.0],[-133.1393,53.871,2.7884],[-133.1406,53.8696,1.2041],[-133.1395,53.8645,1.5966],[-133.1361,53.8628,1.5384],[-133.1245,53.8647,0.0],[-133.1228,53.8619,0.0],[-133.125,53.8597,0.0],[-133.1161,53.8525,4.3471],[-133.12,53.8495,0.0],[-133.1183,53.8456,11.6873],[-133.1117,53.8422,49.6952],[-133.1127,53.8407,0.0],[-133.1109,53.8397,10.1859],[-133.1122,53.839,10.1859],[-133.1107,53.8367,0.0],[-133.1074,53.8346,0.0],[-133.0984,53.8336,0.0],[-133.0945,53.8292,4.9114],[-133.085,53.8287,0.0],[-133.0822,53.8253,2.2916],[-133.085,53.82,30.0125],[-133.1044,53.8183,0.2029],[-133.1056,53.8175,0.2029],[-133.1017,53.8153,3.6004],[-133.1025,53.814,3.6004],[-133.1126,53.8124,0.0553],[-133.1156,53.81,31.6769],[-133.1178,53.8109,0.0],[-133.1217,53.8083,0.0],[-133.1228,53.8058,0.0],[-133.1214,53.8035,11.3342],[-133.1267,53.8017,0.0],[-133.1261,53.7994,0.0],[-133.1311,53.7964,0.0],[-133.1292,53.7949,0.0],[-133.1306,53.7942,0.0],[-133.1249,53.7915,0.0],[-133.1261,53.7897,0.0],[-133.1245,53.7864,0.0],[-133.1211,53.7844,0.0],[-133.1178,53.7847,8.3863],[-133.1176,53.7806,6.4428],[-133.1227,53.7789,0.0],[-133.1233,53.7764,0.0],[-133.1089,53.7737,0.0],[-133.1065,53.7745,0.2545],[-133.1043,53.7725,0.7593],[-133.0989,53.7737,0.0],[-133.0972,53.7719,0.0],[-133.0939,53.7728,4.4563],[-133.0894,53.7703,10.8951],[-133.0917,53.7689,0.0],[-133.09,53.7681,0.0],[-133.0911,53.7658,0.0],[-133.0894,53.7642,1.7419],[-133.0817,53.7687,0.0],[-133.0833,53.7703,3.1981],[-133.0822,53.7709,14.5276],[-133.0788,53.7708,6.2521],[-133.075,53.7669,-0.0409],[-133.0694,53.7683,0.0],[-133.0717,53.7708,17.7361],[-133.0672,53.7692,1.9659],[-133.0633,53.7703,1.1213],[-133.065,53.7683,0.0],[-133.0567,53.7581,0.0],[-133.0444,53.7531,3.3044],[-133.0456,53.7517,1.4307],[-133.0444,53.7494,1.1542],[-133.0361,53.7469,0.0],[-133.0305,53.7525,31.0797],[-133.0294,53.7581,9.6676],[-133.0223,53.7659,22.4722],[-133.0166,53.7661,0.4915],[-133.0128,53.7686,0.0],[-133.0039,53.7697,0.2013],[-133.0005,53.7717,1.499],[-132.9943,53.7714,2.8052],[-132.9903,53.7675,18.4441],[-132.9903,53.7657,11.5261],[-132.9947,53.7649,11.0498],[-132.9965,53.7624,0.0],[-133.0015,53.7634,0.0],[-133.0005,53.7614,0.0],[-133.0133,53.7497,15.466],[-133.0122,53.7472,2.2889],[-133.0094,53.7464,0.0],[-133.0061,53.7511,11.3127],[-133.0,53.7497,21.3753],[-132.9933,53.7425,0.0],[-132.9972,53.7403,1.3351],[-132.9939,53.7328,0.5152],[-132.9972,53.7292,0.0],[-132.9956,53.7258,0.0],[-132.9967,53.7231,0.0],[-132.9939,53.7193,3.3979],[-132.9961,53.7186,11.1907],[-132.9972,53.7221,0.0],[-133.0,53.7225,0.0],[-133.0039,53.7206,0.0],[-133.0011,53.717,0.0],[-132.9983,53.7161,19.0311],[-132.9989,53.7144,1.6984],[-132.9915,53.7121,1.6288],[-132.99,53.7124,0.0],[-132.99,53.7142,28.2269],[-132.988,53.712,16.9308],[-132.99,53.7108,0.689],[-132.9872,53.7097,0.0],[-132.9789,53.7123,33.2565],[-132.9689,53.7073,0.0],[-132.9655,53.7074,0.0],[-132.966,53.7085,0.0],[-132.9625,53.7109,40.4628],[-132.9502,53.7075,0.0],[-132.9373,53.7065,17.8234],[-132.9302,53.7043,27.6189],[-132.9311,53.7017,6.1692],[-132.9232,53.6982,11.9555],[-132.9295,53.7,13.221],[-132.9344,53.6972,0.0],[-132.935,53.6933,32.2642],[-132.9369,53.6924,3.5453],[-132.9317,53.6873,9.8802],[-132.9328,53.6869,19.5279],[-132.9378,53.6913,24.6228],[-132.9383,53.6969,0.0],[-132.9405,53.6964,0.0],[-132.94,53.6945,0.0],[-132.9417,53.6928,0.0],[-132.9394,53.6892,11.5756],[-132.9417,53.6895,12.6273],[-132.9442,53.6953,12.3103],[-132.9494,53.6933,0.0],[-132.9471,53.6901,11.9965],[-132.95,53.6856,0.0],[-132.9394,53.6819,29.5744],[-132.9417,53.681399999999996,16.2618],[-132.9483,53.6828,14.1554],[-132.9476,53.6842,3.0651],[-132.9528,53.6839,0.0],[-132.96,53.6859,10.4619],[-132.9672,53.6836,12.4527],[-132.968,53.686,0.0],[-132.9731,53.6879,14.6547],[-132.963,53.688,8.2345],[-132.958,53.6897,5.0884],[-132.9567,53.6922,0.0],[-132.9661,53.6995,0.0],[-132.9694,53.6981,21.6515],[-132.9732,53.6991,0.0],[-132.9822,53.6942,6.5633],[-132.9811,53.6919,1.0421],[-132.9822,53.6911,1.0421],[-132.9789,53.6891,7.3633],[-132.9794,53.6872,3.8567],[-132.9763,53.6841,36.7896],[-132.9867,53.6846,35.4418],[-132.9908,53.6863,0.0],[-132.9878,53.6809,44.133],[-132.9886,53.6776,12.6144],[-132.9933,53.6791,22.7141],[-132.9995,53.6839,13.5209],[-133.0,53.6881,0.0],[-133.0089,53.6906,0.0],[-133.0118,53.6885,37.2362],[-133.0217,53.6933,0.0],[-133.0233,53.6928,0.0],[-133.0222,53.6911,0.0],[-133.0239,53.6908,2.6133],[-133.0333,53.6936,3.3754],[-133.0294,53.6869,0.0],[-133.0278,53.6886,2.4757],[-133.0233,53.6839,15.1039],[-133.0166,53.6811,1.0825],[-133.0139,53.6736,0.0],[-133.0122,53.6728,2.9035],[-133.0117,53.6686,0.0],[-133.0027,53.6658,2.1726],[-132.9955,53.6656,11.9021],[-132.99,53.6672,23.9285],[-132.9867,53.6656,9.7887],[-132.9889,53.6636,0.0],[-132.9872,53.6614,0.0],[-132.9728,53.6653,1.3185],[-132.9616,53.6645,1.8123],[-132.9583,53.6619,0.0],[-132.9556,53.6642,10.0781],[-132.9539,53.6634,0.6906],[-132.9528,53.6611,7.0569],[-132.9544,53.6597,0.0],[-132.9522,53.6575,0.0],[-132.9533,53.6544,0.8764],[-132.948,53.653,0.1824],[-132.9485,53.6511,7.2114],[-132.9522,53.6528,0.8003],[-132.9539,53.6517,0.0],[-132.9495,53.6484,16.197],[-132.9525,53.6476,3.2854],[-132.958,53.6511,0.3694],[-132.9617,53.65,0.7282],[-132.9605,53.6475,0.0],[-132.9617,53.6464,1.6246],[-132.9638,53.6495,0.0],[-132.9667,53.6489,0.0],[-132.9728,53.645,0.0],[-132.97,53.6425,35.2925],[-132.9722,53.6406,0.0],[-132.9644,53.6375,0.0],[-132.9633,53.6383,0.0],[-132.9639,53.645,15.5673],[-132.9616,53.6447,1.2044],[-132.9594,53.6409,0.3666],[-132.9522,53.6419,0.0],[-132.9494,53.6461,4.7447],[-132.9427,53.6461,9.9173],[-132.9433,53.6433,37.698],[-132.9461,53.6419,0.0],[-132.9444,53.6403,12.009],[-132.945,53.6369,0.1679],[-132.9433,53.6361,0.0],[-132.9389,53.64,0.0514],[-132.9339,53.6372,4.8482],[-132.9337,53.634,0.0],[-132.9356,53.6328,0.0],[-132.9333,53.6278,0.0],[-132.9339,53.6225,0.0],[-132.9278,53.6156,2.2093],[-132.9256,53.6161,5.6911],[-132.9267,53.6192,15.0875],[-132.9239,53.62,0.0],[-132.9216,53.6186,12.8558],[-132.9228,53.6167,3.5884],[-132.9211,53.615,9.6165],[-132.9228,53.6133,6.352],[-132.9117,53.6039,34.3576],[-132.8991,53.6014,2.1421],[-132.8781,53.6017,6.7329],[-132.8583,53.5967,0.0],[-132.8422,53.5975,19.256],[-132.8383,53.5961,0.0],[-132.835,53.5961,4.1223],[-132.8244,53.6025,0.0],[-132.8178,53.602,13.7822],[-132.8178,53.6001,31.2461],[-132.8205,53.5987,5.8969],[-132.825,53.5986,0.5127],[-132.8261,53.5945,33.7419],[-132.8322,53.5923,0.0],[-132.8333,53.5903,13.7507],[-132.8394,53.5901,15.9583],[-132.8455,53.5867,26.8582],[-132.8527,53.5866,17.6072],[-132.86,53.5886,16.7657],[-132.8639,53.5878,3.7974],[-132.8717,53.5919,18.8489],[-132.8922,53.5942,0.0],[-132.9011,53.59,0.0],[-132.8997,53.5875,14.1648],[-132.9038,53.585,8.3099],[-132.9111,53.5867,13.4131],[-132.9105,53.59,0.0],[-132.9127,53.5917,1.7294],[-132.9191,53.5895,6.5111],[-132.9283,53.5908,10.7885],[-132.9533,53.6023,0.0],[-132.9577,53.6061,0.0],[-132.967,53.6065,1.4114],[-132.9752,53.6025,0.0],[-132.9805,53.5961,5.1991],[-133.0,53.5969,0.0],[-133.0061,53.5917,0.0],[-133.005,53.5903,5.5498],[-133.0061,53.5894,0.0],[-133.0039,53.5875,0.0],[-132.9928,53.5843,48.1481],[-132.9913,53.5814,0.0],[-132.9794,53.5761,14.1778],[-132.9694,53.5689,12.1157],[-132.9732,53.5659,5.2136],[-132.9767,53.5667,0.5295],[-132.9794,53.5636,20.1326],[-132.9845,53.5672,0.0],[-132.9853,53.563,1.3495],[-132.9928,53.5636,2.7902],[-132.9944,53.5625,0.0],[-132.9861,53.5578,0.4],[-132.9806,53.5592,16.4205],[-132.955,53.5531,0.0],[-132.9443,53.56,3.777],[-132.9406,53.5592,4.608],[-132.9294,53.5633,0.0],[-132.9163,53.5647,17.4101],[-132.9132,53.5635,0.0],[-132.9081,53.5651,4.4169],[-132.9027,53.5639,29.8661],[-132.9017,53.5615,11.1523],[-132.9066,53.5598,29.8904],[-132.9186,53.5569,87.9638],[-132.9289,53.5569,28.2489],[-132.935,53.5542,5.9795],[-132.9328,53.5492,24.839],[-132.9289,53.5472,17.9902],[-132.9312,53.5463,17.935],[-132.93,53.5444,4.6578],[-132.9233,53.5449,0.0],[-132.9256,53.5422,0.0],[-132.925,53.54,20.8237],[-132.9289,53.5381,20.8909],[-132.9339,53.5383,12.1423],[-132.9339,53.5356,9.4329],[-132.94,53.5331,21.6748],[-132.9428,53.5242,31.94],[-132.9466,53.5223,0.0],[-132.9455,53.5214,47.3124],[-132.9467,53.5194,0.0],[-132.9377,53.5155,0.5565],[-132.9336,53.5175,16.612],[-132.9283,53.5158,3.1514],[-132.9161,53.5178,10.2354],[-132.8855,53.5181,0.0],[-132.8828,53.5194,6.5279],[-132.8633,53.5189,10.6761],[-132.85,53.5217,0.0],[-132.8417,53.5197,2.9241],[-132.8422,53.5172,0.0],[-132.8378,53.515,63.2461],[-132.8461,53.5133,0.0],[-132.8472,53.5111,0.0],[-132.8428,53.5075,0.0],[-132.85,53.5,18.8101],[-132.8633,53.4973,1.4167],[-132.8811,53.4992,0.0],[-132.8922,53.4981,0.0],[-132.8939,53.4958,0.0],[-132.8916,53.4947,1.7628],[-132.8933,53.4936,0.0],[-132.8911,53.4909,0.0],[-132.8927,53.4889,0.0],[-132.8866,53.4867,0.4538],[-132.8966,53.4795,0.0],[-132.8983,53.4764,0.0],[-132.8955,53.4745,10.2704],[-132.8955,53.4711,2.6935],[-132.9,53.4683,4.2468],[-132.8989,53.4672,4.2468],[-132.8727,53.4659,0.0],[-132.8713,53.4679,0.2709],[-132.8663,53.467,0.0],[-132.8541,53.47,0.0],[-132.8366,53.471,5.4773],[-132.8294,53.4678,0.0],[-132.8283,53.4686,0.0],[-132.83,53.4709,0.0],[-132.8155,53.4799,0.0],[-132.8044,53.4805,0.0],[-132.7878,53.4842,22.8206],[-132.785,53.4842,12.217],[-132.7823,53.4819,2.1064],[-132.7872,53.4822,0.0],[-132.7889,53.4814,0.0],[-132.7878,53.4806,0.0],[-132.7749,53.4789,9.972],[-132.7716,53.4805,0.0],[-132.7783,53.4817,12.944],[-132.78,53.4842,10.175],[-132.768,53.4849,0.0],[-132.7539,53.4933,0.0],[-132.7633,53.4995,44.6139],[-132.7628,53.5033,30.8509],[-132.7589,53.5092,5.8032],[-132.7617,53.5131,21.6968],[-132.7594,53.5203,6.1807],[-132.7539,53.5247,6.8343],[-132.7463,53.5239,24.6331],[-132.7417,53.5261,5.5083],[-132.7394,53.5319,0.0],[-132.7361,53.5339,9.5079],[-132.7372,53.5356,15.8511],[-132.7344,53.536,3.0479],[-132.7323,53.5348,18.2661],[-132.7333,53.5328,14.1838],[-132.7322,53.5317,26.5904],[-132.7389,53.5273,0.0],[-132.7367,53.5256,0.0],[-132.7367,53.5236,0.0],[-132.7328,53.5225,8.3022],[-132.736,53.5209,0.9677],[-132.7472,53.5217,8.2088],[-132.7489,53.5197,0.0],[-132.7472,53.5189,23.0829],[-132.7533,53.5153,0.0],[-132.7478,53.5108,32.2038],[-132.7489,53.5097,0.0],[-132.7439,53.5101,25.4508],[-132.7401,53.5059,0.0],[-132.745,53.5022,8.6215],[-132.745,53.4972,22.7616],[-132.7311,53.4978,59.6153],[-132.7294,53.4956,43.6259],[-132.7306,53.4917,35.9613],[-132.7327,53.4905,0.0],[-132.7322,53.4883,16.1761],[-132.7361,53.4859,0.0],[-132.7356,53.4828,30.6155],[-132.74,53.4786,24.569],[-132.7439,53.4781,24.569],[-132.7472,53.4753,33.1528],[-132.7504,53.4753,0.0],[-132.7517,53.4742,0.0],[-132.7505,53.4725,0.0],[-132.7633,53.4681,36.7535],[-132.7661,53.4687,36.7535],[-132.7755,53.4661,0.0],[-132.7772,53.4639,0.0],[-132.7767,53.4617,0.0],[-132.7533,53.4533,0.0],[-132.745,53.4544,15.8354],[-132.7338,53.4484,0.0],[-132.7193,53.4484,0.0],[-132.7056,53.4425,0.0],[-132.6968,53.4446,4.3889],[-132.6956,53.4464,0.0],[-132.6878,53.4492,0.0],[-132.6844,53.4553,0.0],[-132.6794,53.4575,0.0],[-132.6783,53.4606,76.286],[-132.6744,53.4633,0.0],[-132.6739,53.4681,0.0],[-132.6767,53.4797,12.2256],[-132.6717,53.485,3.7723],[-132.6739,53.4967,0.0],[-132.6704,53.4986,1.012],[-132.6711,53.4978,1.012],[-132.6672,53.4928,18.2904],[-132.6683,53.4903,0.0],[-132.6667,53.4864,4.626],[-132.6683,53.4842,0.0],[-132.6672,53.4828,9.2235],[-132.6678,53.4769,0.0],[-132.6644,53.475,0.0],[-132.6567,53.4742,0.0],[-132.6561,53.4703,5.4856],[-132.6589,53.4669,0.0],[-132.6589,53.4642,0.0],[-132.6639,53.4614,0.0],[-132.6594,53.4581,6.5505],[-132.66,53.4556,0.0],[-132.6628,53.4537,0.0],[-132.6611,53.4506,0.0],[-132.6628,53.4489,0.0],[-132.6622,53.4464,14.6745],[-132.6767,53.4392,0.0],[-132.6772,53.4381,0.0],[-132.6728,53.4353,15.8955],[-132.6761,53.4328,0.0],[-132.6733,53.4319,0.0],[-132.6678,53.4333,0.1651],[-132.6667,53.4322,0.1651],[-132.6683,53.4303,0.0],[-132.6628,53.4269,0.0],[-132.66,53.4281,0.0],[-132.6555,53.4264,0.0],[-132.6475,53.4266,0.0],[-132.6439,53.4245,1.3358],[-132.6245,53.4275,12.8046],[-132.6067,53.4222,12.4654],[-132.6017,53.4233,3.016],[-132.5946,53.4217,0.0],[-132.5867,53.4242,17.9125],[-132.5811,53.4203,0.0],[-132.5711,53.4175,15.6278],[-132.5678,53.4156,25.109],[-132.5689,53.4145,8.4123],[-132.5639,53.4125,3.694],[-132.5489,53.4139,22.4892],[-132.5428,53.4122,8.5476],[-132.5389,53.4159,8.461],[-132.5339,53.4153,4.0277],[-132.5317,53.4139,4.0277],[-132.5306,53.41,0.0],[-132.535,53.4078,0.6562],[-132.5238,53.4061,21.0882],[-132.5222,53.4053,17.2013],[-132.5244,53.4036,0.0],[-132.5202,53.4012,0.0],[-132.52,53.3981,0.0],[-132.5261,53.3975,0.0],[-132.535,53.3903,4.0039],[-132.5319,53.3879,5.647],[-132.5178,53.3864,0.0],[-132.5172,53.3833,13.1453],[-132.5206,53.38,4.8256],[-132.525,53.3794,0.0],[-132.4972,53.3727,18.6159],[-132.4856,53.3672,1.5957],[-132.4767,53.3603,0.0],[-132.4656,53.3569,0.0],[-132.4589,53.3569,0.0],[-132.4421,53.3498,0.0],[-132.4323,53.3476,41.2884],[-132.4267,53.3419,0.0],[-132.42,53.3397,18.8188],[-132.4178,53.3364,25.3119],[-132.4189,53.3353,0.0],[-132.4161,53.3325,2.6459],[-132.4172,53.3294,3.639],[-132.4156,53.325,0.0],[-132.4123,53.3224,13.756],[-132.4228,53.3189,0.0],[-132.415,53.3114,0.0],[-132.4172,53.3097,8.4231],[-132.425,53.3097,1.2195],[-132.4311,53.3011,20.6501],[-132.4311,53.2986,5.9686],[-132.4217,53.2953,10.4982],[-132.4211,53.2928,4.0755],[-132.4261,53.2914,8.4945],[-132.4339,53.2992,24.9487],[-132.4345,53.3022,0.0],[-132.4389,53.3053,19.7844],[-132.435,53.3117,0.0],[-132.4383,53.3128,30.2403],[-132.4411,53.3192,0.0],[-132.4383,53.3206,11.9864],[-132.4294,53.3186,5.0792],[-132.4289,53.3211,0.0],[-132.4411,53.3275,0.0],[-132.435,53.3317,0.0],[-132.4406,53.3403,0.0],[-132.4444,53.3395,7.1898],[-132.4428,53.3359,11.0778],[-132.4444,53.3347,26.8723],[-132.4561,53.3333,35.8562],[-132.4628,53.3356,0.0],[-132.4659,53.3333,68.0801],[-132.4744,53.3337,12.1165],[-132.4739,53.3317,19.3463],[-132.4772,53.33,4.6176],[-132.4533,53.3219,41.1613],[-132.4594,53.3206,0.0],[-132.4717,53.3222,0.0],[-132.4761,53.3206,13.4703],[-132.4828,53.3225,32.0228],[-132.4828,53.3258,17.3163],[-132.4889,53.3297,33.3929],[-132.4916,53.334,0.0],[-132.5022,53.3378,3.8492],[-132.5066,53.3411,0.0],[-132.5117,53.3403,19.511],[-132.5189,53.3439,9.6189],[-132.5183,53.3459,17.1116],[-132.5106,53.3495,0.0],[-132.51,53.3542,0.0],[-132.5128,53.3572,0.0],[-132.5394,53.3659,0.0],[-132.5528,53.3667,2.5454],[-132.5683,53.3659,0.0],[-132.58,53.3631,12.9379],[-132.5889,53.3633,22.3955],[-132.6178,53.3661,56.4256],[-132.6244,53.3695,0.0],[-132.6461,53.3658,0.0],[-132.6538,53.3661,1.0981],[-132.6672,53.3706,0.0],[-132.6717,53.3706,0.0],[-132.6916,53.3646,21.2045],[-132.6944,53.3703,8.9206],[-132.7016,53.3755,0.0],[-132.7128,53.3772,0.0],[-132.725,53.3769,0.0],[-132.7272,53.3717,2.1961],[-132.7322,53.368899999999996,0.0],[-132.7305,53.3659,9.3365],[-132.7256,53.3636,0.0],[-132.7222,53.3642,22.8199],[-132.72,53.3619,0.0],[-132.7133,53.3614,0.0],[-132.71,53.3592,29.2331],[-132.7182,53.3587,4.765],[-132.7306,53.3543,1.8652],[-132.7292,53.3528,4.1147],[-132.73,53.349,11.5723],[-132.7326,53.3478,27.7051],[-132.7325,53.3455,61.3996],[-132.7372,53.3447,0.0],[-132.7352,53.3431,71.3897],[-132.7388,53.3384,12.381],[-132.7482,53.3339,0.0],[-132.7578,53.3331,0.0],[-132.7567,53.3306,0.0],[-132.7583,53.3294,20.433],[-132.7616,53.3308,0.0],[-132.765,53.33,0.0],[-132.77,53.3255,0.0],[-132.7672,53.3236,1.2971],[-132.77,53.3203,0.1101],[-132.769,53.3178,0.0],[-132.7756,53.3156,0.0],[-132.7722,53.3136,0.0],[-132.7672,53.3156,0.4538],[-132.7511,53.3147,0.0],[-132.7367,53.3211,21.5224],[-132.7311,53.3197,0.0],[-132.7244,53.3242,0.0],[-132.7205,53.3225,0.0],[-132.7144,53.3259,67.1314],[-132.7094,53.3242,1.7047],[-132.7078,53.3267,13.6332],[-132.7033,53.3256,2.7016],[-132.6856,53.3264,3.9438],[-132.6764,53.3234,0.0],[-132.6644,53.3231,0.0],[-132.6422,53.3256,38.1084],[-132.6322,53.3247,0.0],[-132.6189,53.3258,10.5977],[-132.6133,53.3278,23.0424],[-132.6094,53.3267,0.0],[-132.5944,53.3323,34.8938],[-132.5866,53.3311,0.0],[-132.5731,53.3344,12.0693],[-132.555,53.3319,0.0],[-132.5522,53.3275,10.547],[-132.5578,53.3133,15.1696],[-132.5545,53.3055,22.3728],[-132.5545,53.3012,8.3579],[-132.5558,53.3007,0.0],[-132.56,53.3017,2.2203],[-132.5594,53.3039,0.0],[-132.5644,53.3161,0.0],[-132.5722,53.3197,6.6558],[-132.5705,53.3211,0.0],[-132.5783,53.3228,0.0],[-132.5938,53.3225,0.0],[-132.6105,53.3172,0.0],[-132.6239,53.3192,0.0],[-132.6261,53.3169,0.0],[-132.6233,53.3156,12.603],[-132.6405,53.3141,6.4266],[-132.6378,53.3092,7.6907],[-132.6417,53.3028,0.0],[-132.6294,53.2923,15.8299],[-132.6289,53.2909,2.3879],[-132.6311,53.2895,10.986],[-132.6372,53.2903,39.6631],[-132.6522,53.2872,0.0],[-132.6711,53.2887,3.0488],[-132.6767,53.2856,0.0],[-132.6811,53.2864,0.0],[-132.6961,53.2836,168.0385],[-132.7006,53.2853,76.0044],[-132.7076,53.2841,3.4917],[-132.7059,53.2808,3.5955],[-132.713,53.2801,3.517],[-132.7083,53.2719,27.1907],[-132.7172,53.265,0.0],[-132.716,53.26,5.6254],[-132.7195,53.2586,0.0],[-132.7172,53.2578,2.6454],[-132.7172,53.2531,0.0],[-132.711,53.2528,0.0],[-132.7002,53.2583,0.0],[-132.6872,53.2606,11.561],[-132.6789,53.2581,0.0],[-132.6694,53.2586,0.0],[-132.6583,53.2569,0.0],[-132.6555,53.2544,0.0],[-132.6401,53.2526,13.6017],[-132.6389,53.2508,0.0],[-132.6338,53.2524,13.2955],[-132.6344,53.2486,0.0],[-132.6317,53.2472,3.3064],[-132.6255,53.2514,39.7729],[-132.6249,53.2528,76.8743],[-132.6267,53.2544,18.1265],[-132.6239,53.2561,35.0104],[-132.5925,53.2594,4.2951],[-132.5664,53.2699,32.092],[-132.5537,53.2714,12.163],[-132.5249,53.2806,25.6424],[-132.5022,53.285,11.118],[-132.5,53.2831,21.9252],[-132.5177,53.2759,0.0],[-132.5393,53.2703,45.6114],[-132.5423,53.2683,92.6735],[-132.5639,53.2653,47.1835],[-132.5707,53.2613,135.5244],[-132.586,53.2563,37.8346],[-132.6043,53.2535,67.0218],[-132.6059,53.2547,0.0],[-132.6206,53.2478,0.0],[-132.6156,53.2422,9.4691],[-132.6083,53.2403,0.0],[-132.6089,53.2381,0.0],[-132.601,53.2358,0.0],[-132.6,53.2319,0.0],[-132.5928,53.2286,0.0],[-132.5883,53.2303,0.0],[-132.5817,53.2286,0.0],[-132.5769,53.2303,12.8562],[-132.5772,53.2269,0.0],[-132.57,53.2325,13.7374],[-132.5628,53.2306,20.1432],[-132.5611,53.2286,2.2554],[-132.5666,53.2239,0.0],[-132.5656,53.2217,0.1129],[-132.5711,53.2186,21.4999],[-132.576,53.2179,0.0],[-132.5751,53.2166,15.7431],[-132.5767,53.2142,6.0041],[-132.5838,53.212,0.0],[-132.5837,53.2086,18.8446],[-132.5859,53.2071,0.0],[-132.5944,53.2064,0.0],[-132.5955,53.2037,2.1351],[-132.5929,53.1999,6.2056],[-132.5933,53.1961,0.6043],[-132.585,53.1906,5.0517],[-132.5794,53.1906,0.0],[-132.5717,53.1944,18.1218],[-132.5594,53.1917,0.0],[-132.5528,53.1939,53.7152],[-132.5428,53.1936,0.0],[-132.5389,53.1908,9.9651],[-132.5395,53.1879,33.2705],[-132.5554,53.1836,10.4542],[-132.565,53.1759,0.0],[-132.5595,53.1733,0.0],[-132.5556,53.1683,0.0],[-132.5411,53.1667,8.7011],[-132.5394,53.1656,77.8436],[-132.5417,53.1644,0.0],[-132.5378,53.1625,0.0],[-132.5328,53.1642,27.8048],[-132.5283,53.1617,0.0],[-132.5267,53.1578,0.0],[-132.5188,53.1581,11.4216],[-132.5161,53.1528,0.0],[-132.5119,53.1524,20.9472],[-132.5072,53.155,5.0455],[-132.5083,53.1589,112.3647],[-132.4999,53.1667,0.0],[-132.4959,53.1757,85.6984],[-132.4894,53.1833,0.0],[-132.4883,53.1881,0.0],[-132.4894,53.1889,81.3681],[-132.4867,53.1933,9.0103],[-132.4906,53.2006,0.0],[-132.4894,53.2019,0.0],[-132.4905,53.2034,0.0],[-132.4883,53.2056,0.0],[-132.4883,53.2131,0.0],[-132.485,53.2203,129.6347],[-132.4823,53.2229,5.0465],[-132.4744,53.2214,44.6537],[-132.4783,53.2189,19.8887],[-132.4778,53.2164,51.847],[-132.4794,53.2153,0.0],[-132.475,53.2103,72.3522],[-132.4767,53.2095,0.0],[-132.4761,53.2083,85.0842],[-132.48,53.2019,9.533],[-132.4794,53.1989,7.4407],[-132.4772,53.1972,43.5951],[-132.4789,53.1936,0.0],[-132.4778,53.1881,87.7099],[-132.49,53.1761,5.3231],[-132.488,53.1744,9.3301],[-132.48,53.1769,56.0875],[-132.4845,53.1708,6.9637],[-132.4845,53.1683,5.4978],[-132.4733,53.1659,8.5275],[-132.4641,53.1669,7.0352],[-132.4615,53.1658,7.0352],[-132.4506,53.1689,87.9536],[-132.4444,53.1689,11.6436],[-132.4383,53.1723,72.8431],[-132.4306,53.1684,45.3208],[-132.4628,53.1606,0.0],[-132.4855,53.1594,0.0],[-132.4883,53.1558,15.712],[-132.4855,53.1514,5.1673],[-132.4992,53.1462,9.3906],[-132.4995,53.1442,16.1956],[-132.4972,53.1425,29.7316],[-132.4817,53.1415,19.2307],[-132.475,53.1387,25.2296],[-132.4744,53.1361,8.5763],[-132.4717,53.135,0.0],[-132.4505,53.1353,0.0],[-132.4245,53.1395,37.5278],[-132.3955,53.1378,3.5485],[-132.3745,53.1425,12.0579],[-132.3694,53.1447,0.0],[-132.3631,53.1511,4.9909],[-132.3589,53.1531,6.2602],[-132.3433,53.1503,0.0],[-132.33,53.1519,0.0],[-132.3233,53.1564,12.6705],[-132.3208,53.1609,15.6179],[-132.3217,53.1672,16.7962],[-132.3205,53.1711,26.9439],[-132.3244,53.1747,10.858],[-132.325,53.1778,0.0],[-132.3312,53.1823,6.4146],[-132.3378,53.1844,0.0],[-132.3368,53.1873,0.0],[-132.3311,53.1886,0.0],[-132.3222,53.1866,0.0],[-132.3155,53.1822,12.4566],[-132.3144,53.1797,8.1279],[-132.3156,53.1769,11.1159],[-132.3111,53.1683,0.0],[-132.3133,53.1645,8.9727],[-132.3105,53.1625,0.0],[-132.3089,53.1583,0.0],[-132.2995,53.1547,6.1682],[-132.2758,53.1518,0.0],[-132.2672,53.1489,0.0],[-132.2594,53.1495,5.9404],[-132.2432,53.1454,0.0],[-132.2138,53.1478,16.9935],[-132.2023,53.1559,14.338],[-132.1864,53.1574,14.2134],[-132.1844,53.1589,10.1638],[-132.1856,53.1608,8.8],[-132.1739,53.1625,0.0],[-132.1661,53.1681,14.9983],[-132.1549,53.1681,0.0],[-132.1466,53.1703,0.0],[-132.1455,53.1714,9.1524],[-132.1477,53.1737,34.1394],[-132.1317,53.1778,6.052],[-132.1284,53.1809,0.0],[-132.1339,53.1839,21.9656],[-132.1322,53.1878,13.0544],[-132.1291,53.1894,0.0],[-132.1339,53.1917,28.8414],[-132.1344,53.1939,0.0],[-132.1372,53.1956,0.0],[-132.1527,53.1989,0.0],[-132.1678,53.1986,35.7002],[-132.1739,53.2,7.8482],[-132.1939,53.1975,2.5118],[-132.2017,53.2,18.1082],[-132.2056,53.2031,35.6138],[-132.2055,53.2055,7.3127],[-132.2117,53.2083,17.8161],[-132.2144,53.2073,0.0],[-132.2116,53.2051,7.5413],[-132.2133,53.2033,47.16],[-132.2199,53.2058,0.0],[-132.2233,53.2042,13.7952],[-132.2139,53.1978,6.5043],[-132.2083,53.1967,27.9687],[-132.2089,53.1956,27.9687],[-132.22,53.1975,0.0],[-132.2278,53.1936,0.0],[-132.2267,53.1911,4.831],[-132.2339,53.1872,0.0],[-132.2394,53.1881,15.5563],[-132.245,53.1858,5.9725],[-132.2561,53.185,13.2819],[-132.2606,53.1872,0.0],[-132.2726,53.189,0.0],[-132.2833,53.1933,25.862],[-132.2833,53.1981,19.4802],[-132.285,53.2017,0.0],[-132.2867,53.2017,25.6157],[-132.2855,53.2059,11.9504],[-132.2833,53.2073,4.0859],[-132.2933,53.215,0.0],[-132.31,53.2242,5.6414],[-132.3189,53.2272,0.0],[-132.3272,53.2275,10.7534],[-132.3206,53.2342,13.9155],[-132.3161,53.235,1.5324],[-132.3083,53.2331,0.0],[-132.2878,53.2231,0.0],[-132.2755,53.2095,0.0],[-132.2761,53.2047,0.0],[-132.2717,53.2019,0.0],[-132.2677,53.2031,9.313],[-132.255,53.1994,2.8678],[-132.2528,53.2017,35.5084],[-132.2555,53.2061,3.4542],[-132.2539,53.2073,20.3915],[-132.2505,53.2047,0.0],[-132.2495,53.2017,0.0],[-132.2416,53.1998,0.0],[-132.2383,53.2017,12.2453],[-132.2467,53.2061,9.5798],[-132.2445,53.2081,7.2999],[-132.2456,53.2139,3.3624],[-132.2428,53.2195,3.4654],[-132.235,53.2211,0.0],[-132.2328,53.2192,0.0],[-132.2278,53.2236,2.194],[-132.2294,53.2261,18.0628],[-132.2205,53.2267,0.0],[-132.2225,53.2282,0.0],[-132.22,53.2306,30.6776],[-132.2005,53.2331,0.0],[-132.1883,53.2369,0.0],[-132.18,53.2425,10.5749],[-132.1767,53.2425,17.4034],[-132.1733,53.2397,6.3299],[-132.1667,53.2406,19.101],[-132.1622,53.2392,6.1903],[-132.1567,53.2419,0.0],[-132.1545,53.2405,14.2748],[-132.1544,53.2381,2.5195],[-132.1489,53.2355,15.8841],[-132.1467,53.2367,3.9081],[-132.1488,53.2389,43.8088],[-132.1478,53.2408,38.4987],[-132.1394,53.2403,13.1239],[-132.14,53.2436,2.5986],[-132.1245,53.2519,0.2495],[-132.1211,53.2514,0.7027],[-132.1217,53.2494,0.0],[-132.1188,53.2489,9.0044],[-132.11,53.2531,3.8638],[-132.098,53.2537,0.0],[-132.0956,53.2519,0.0],[-132.0906,53.2547,4.0311],[-132.0839,53.2533,0.0],[-132.0733,53.2541,12.3735],[-132.0722,53.2517,0.0],[-132.0661,53.2539,20.9119],[-132.0594,53.2514,2.5116],[-132.0478,53.2522,41.4332],[-132.0417,53.2503,0.0],[-132.0344,53.2508,14.7009],[-132.03,53.25,0.0],[-132.0267,53.2472,4.3162]]],
[[[-132.0566,53.2434,0.0],[-132.0522,53.2447,0.0],[-132.0572,53.2461,0.0],[-132.0583,53.2453,1.7188],[-132.0566,53.2434,0.0]]],
[[[-131.985,53.2483,13.2926],[-131.9878,53.2492,0.0],[-131.9894,53.2483,0.0],[-131.9872,53.2469,0.0],[-131.985,53.2483,13.2926]]],
[[[-132.0817,53.2478,5.3004],[-132.0894,53.2511,6.6519],[-132.0928,53.2494,11.8966],[-132.0856,53.2461,2.4521],[-132.0822,53.2464,0.0],[-132.0817,53.2478,5.3004]]],
[[[-131.975,53.2581,0.0],[-131.9778,53.2583,11.5848],[-131.9817,53.2559,0.0],[-131.9789,53.2547,0.0],[-131.9744,53.2567,0.0],[-131.975,53.2581,0.0]]],
[[[-132.1362,53.7986,3.6722],[-132.1367,53.8028,13.2294],[-132.1327,53.8109,0.0],[-132.135,53.8178,4.4965],[-132.1391,53.8232,7.1099],[-132.1411,53.8235,12.6437],[-132.1639,53.8103,32.7416],[-132.1867,53.8,5.0161],[-132.1844,53.7975,4.6669],[-132.1878,53.7942,21.6436],[-132.1928,53.7919,13.6585],[-132.2039,53.7911,0.0],[-132.2055,53.7867,0.0],[-132.21,53.7823,0.0],[-132.2122,53.7742,13.4635],[-132.2158,53.7716,0.0],[-132.2115,53.7575,0.0],[-132.2061,53.7495,0.0],[-132.2022,53.75,1.9145],[-132.1983,53.7445,3.6258],[-132.1934,53.7441,1.9998],[-132.1938,53.7423,0.0],[-132.1906,53.7358,0.0],[-132.1863,53.7311,18.2247],[-132.1883,53.7265,26.0009],[-132.1839,53.7161,4.8166],[-132.1844,53.7142,4.3473],[-132.181,53.7119,0.0],[-132.1778,53.7128,0.0],[-132.1728,53.7195,0.0],[-132.1683,53.7216,5.1273],[-132.1672,53.7239,7.814],[-132.1633,53.725,0.0],[-132.1644,53.7322,14.3592],[-132.1578,53.7422,24.4867],[-132.1471,53.7456,3.9189],[-132.1408,53.7495,16.9261],[-132.1406,53.7513,12.6083],[-132.145,53.7539,2.6231],[-132.1461,53.7575,22.472],[-132.1376,53.768,0.0],[-132.1396,53.7847,12.4504],[-132.1344,53.7985,0.0],[-132.1362,53.7986,3.6722]]],
[[[-132.4583,53.6,0.0],[-132.4561,53.6008,8.6323],[-132.4561,53.6025,0.0],[-132.4605,53.6017,0.0],[-132.4605,53.5995,0.0],[-132.4583,53.6,0.0]]],
[[[-132.4567,53.605,0.0],[-132.4539,53.6058,5.815],[-132.4533,53.6072,0.0],[-132.4556,53.6075,3.4022],[-132.4567,53.605,0.0]]],
[[[-132.41,53.6183,11.6501],[-132.4116,53.6183,19.9718],[-132.4128,53.6173,0.0],[-132.4083,53.6172,0.0],[-132.41,53.6183,11.6501]]],
[[[-132.4161,53.6203,0.0],[-132.413,53.6243,3.3435],[-132.4189,53.6217,0.0],[-132.415,53.6222,11.2268],[-132.4166,53.6211,0.261],[-132.4161,53.6203,0.0]]],
[[[-132.3489,53.6244,0.0],[-132.3505,53.6231,9.8409],[-132.3498,53.6218,17.0192],[-132.3468,53.6243,0.0],[-132.3489,53.6244,0.0]]],
[[[-132.3411,53.625,0.0],[-132.3393,53.6257,0.0],[-132.3429,53.6259,0.0],[-132.3427,53.6253,0.0],[-132.3411,53.625,0.0]]],
[[[-132.3472,53.625,0.0],[-132.347,53.6257,0.9326],[-132.3444,53.6264,0.0],[-132.3491,53.6264,0.0],[-132.3472,53.625,0.0]]],
[[[-132.99,53.6,0.0],[-132.9946,53.6007,1.6162],[-132.9933,53.6019,1.6162],[-132.9944,53.6028,0.0],[-132.9989,53.6023,0.0],[-132.9989,53.5992,12.1365],[-132.9972,53.5978,4.7367],[-132.9939,53.5975,12.5841],[-132.99,53.6,0.0]]],
[[[-132.94,53.6117,0.0],[-132.9472,53.6128,0.0],[-132.9482,53.6101,0.0],[-132.9466,53.6082,22.9297],[-132.9488,53.6059,0.0],[-132.9364,53.604,12.7417],[-132.9383,53.5975,4.6495],[-132.9252,53.5939,11.8061],[-132.9211,53.5947,16.5039],[-132.9189,53.5975,14.4902],[-132.9247,53.6025,2.4838],[-132.93,53.6039,0.0],[-132.9318,53.6067,9.4234],[-132.9406,53.6089,0.0],[-132.94,53.6117,0.0]]],
[[[-132.9461,53.6242,0.0],[-132.9422,53.6206,8.8858],[-132.9372,53.6192,0.0],[-132.9383,53.6222,3.9288],[-132.9417,53.6247,5.2248],[-132.9417,53.6272,0.0],[-132.945,53.6272,0.0],[-132.9461,53.6242,0.0]]],
[[[-132.9656,53.6587,0.0],[-132.9667,53.6595,0.4761],[-132.9675,53.6592,0.4761],[-132.9644,53.6572,0.0],[-132.9656,53.6587,0.0]]],
[[[-132.3972,53.6361,18.2414],[-132.3991,53.6341,5.351],[-132.3916,53.6353,0.0],[-132.3929,53.6366,32.7069],[-132.3972,53.6361,18.2414]]],
[[[-132.3719,53.6422,0.0],[-132.375,53.6425,0.9759],[-132.3767,53.645,0.0],[-132.3794,53.6445,0.8812],[-132.3783,53.6428,0.0],[-132.3793,53.6398,37.9634],[-132.3827,53.6387,38.9074],[-132.3845,53.634,20.4863],[-132.3896,53.6279,13.8551],[-132.3843,53.6265,9.3907],[-132.3706,53.6295,4.9046],[-132.3633,53.6331,17.1935],[-132.3581,53.6388,22.4537],[-132.3636,53.6423,8.6875],[-132.3719,53.6422,0.0]]],
[[[-132.3576,53.6435,0.0],[-132.3587,53.6423,0.0],[-132.3561,53.6415,0.1801],[-132.3566,53.6427,12.316],[-132.3521,53.644,0.0],[-132.3539,53.6457,0.0],[-132.3639,53.6444,0.0],[-132.3579,53.6441,4.4183],[-132.3576,53.6435,0.0]]],
[[[-132.3485,53.6451,0.0],[-132.3485,53.6462,0.0],[-132.3504,53.6465,3.6616],[-132.3506,53.6445,0.0],[-132.3485,53.6451,0.0]]],
[[[-129.7791,53.1474,0.0],[-129.7817,53.1469,0.9142],[-129.7828,53.145,1.0051],[-129.7794,53.1444,0.6517],[-129.7779,53.1467,0.0],[-129.7791,53.1474,0.0]]],
[[[-129.7956,53.1514,1.1483],[-129.7944,53.1525,0.0],[-129.7967,53.1522,0.2315],[-129.7961,53.1497,0.0],[-129.7944,53.1508,0.0],[-129.7956,53.1514,1.1483]]],
[[[-129.7856,53.1558,1.5812],[-129.7872,53.155,0.0],[-129.7817,53.1544,0.0954],[-129.7828,53.1561,0.0],[-129.7856,53.1558,1.5812]]],
[[[-129.7986,53.1584,7.6516],[-129.8061,53.1603,0.0],[-129.8006,53.1564,0.0],[-129.7983,53.1567,0.0],[-129.7986,53.1584,7.6516]]],
[[[-129.89,53.1583,0.0],[-129.8881,53.1598,1.1226],[-129.8922,53.1597,0.0],[-129.8917,53.1589,0.0],[-129.89,53.1583,0.0]]],
[[[-129.8276,53.1603,0.0],[-129.8316,53.1609,0.0],[-129.8326,53.16,0.0],[-129.8296,53.1585,0.0],[-129.8276,53.1603,0.0]]],
[[[-129.8083,53.1592,1.3592],[-129.8073,53.16,0.0],[-129.8089,53.1612,0.8165],[-129.8122,53.1604,0.0],[-129.8115,53.1595,0.0],[-129.8083,53.1592,1.3592]]],
[[[-129.7903,53.1612,2.358],[-129.7912,53.1595,0.0],[-129.7865,53.1594,0.2293],[-129.7865,53.1613,0.563],[-129.7903,53.1612,2.358]]],
[[[-129.9006,53.1625,0.0],[-129.905,53.1614,0.0],[-129.9,53.1592,0.6193],[-129.8978,53.1603,0.0],[-129.9006,53.1625,0.0]]],
[[[-129.8251,53.1685,0.0],[-129.8271,53.1694,0.0],[-129.8286,53.1691,0.0],[-129.8281,53.1679,2.0068],[-129.8251,53.1685,0.0]]],
[[[-129.8227,53.1709,0.0],[-129.8232,53.1721,4.2982],[-129.8257,53.1709,8.8203],[-129.8237,53.1703,0.0],[-129.8227,53.1709,0.0]]],
[[[-129.76,53.1717,0.0],[-129.7594,53.1731,0.0],[-129.7611,53.1733,17.5647],[-129.7633,53.1725,0.0],[-129.7633,53.1706,4.8107],[-129.7611,53.1706,16.4821],[-129.76,53.1717,0.0]]],
[[[-130.042,53.1439,13.305],[-130.0403,53.1428,1.1518],[-130.0399,53.1453,2.2729],[-130.0437,53.1458,0.0],[-130.0425,53.1453,1.4773],[-130.0442,53.1442,1.4773],[-130.0437,53.1428,0.0],[-130.042,53.1439,13.305]]],
[[[-129.9452,53.1619,0.5214],[-129.9539,53.1669,14.308],[-129.9567,53.1663,1.6021],[-129.955,53.1646,10.343],[-129.9594,53.1642,4.5335],[-129.9533,53.1608,1.8169],[-129.9452,53.1619,0.5214]]],
[[[-130.0139,53.2039,0.0],[-130.015,53.2028,0.0],[-130.0139,53.2006,0.0],[-130.0114,53.2003,0.0],[-130.0117,53.2036,0.6159],[-130.0139,53.2039,0.0]]],
[[[-129.9964,53.2025,0.0],[-129.9944,53.2032,0.0],[-129.9924,53.2032,0.0],[-129.9974,53.2059,0.0],[-129.9964,53.2025,0.0]]],
[[[-129.8667,53.1742,0.0],[-129.865,53.1731,0.0],[-129.8628,53.1739,0.0],[-129.8661,53.1753,0.0],[-129.8667,53.1742,0.0]]],
[[[-129.8589,53.1756,0.0],[-129.86,53.1761,0.0],[-129.8617,53.1744,0.0],[-129.8595,53.1736,0.0],[-129.8589,53.1756,0.0]]],
[[[-129.6096,53.2334,0.0],[-129.6117,53.2342,0.9627],[-129.6128,53.2325,2.4886],[-129.61,53.2317,0.0],[-129.6096,53.2334,0.0]]],
[[[-129.6246,53.2427,0.0],[-129.6234,53.2436,0.0],[-129.6255,53.2447,0.0],[-129.6314,53.2422,0.0],[-129.6303,53.2411,1.6263],[-129.6246,53.2427,0.0]]],
[[[-130.021,53.2156,1.269],[-130.0194,53.2173,0.0],[-130.0232,53.217,0.0],[-130.0233,53.2167,0.0],[-130.0211,53.2169,1.269],[-130.021,53.2156,1.269]]],
[[[-130.0348,53.2361,5.5159],[-130.032,53.2397,0.0],[-130.0348,53.2406,0.0],[-130.0343,53.2394,6.1896],[-130.0359,53.2386,6.5017],[-130.0343,53.2381,6.5017],[-130.0409,53.2339,0.0],[-130.0382,53.2333,0.0],[-130.0348,53.2361,5.5159]]],
[[[-130.0475,53.2397,0.0],[-130.0471,53.2415,3.9944],[-130.0439,53.2422,1.1164],[-130.0467,53.243899999999996,2.8506],[-130.0518,53.2409,0.0],[-130.0528,53.2383,0.0],[-130.0483,53.2381,0.0],[-130.0475,53.2397,0.0]]],
[[[-130.0362,53.2426,5.6634],[-130.0306,53.2462,12.632],[-130.034,53.2467,4.7586],[-130.0367,53.2451,0.0],[-130.0379,53.2431,5.6634],[-130.0362,53.2426,5.6634]]],
[[[-129.4978,53.2514,0.0],[-129.5,53.2506,0.0],[-129.4961,53.2492,3.2465],[-129.4933,53.2522,0.0],[-129.4944,53.2525,0.0],[-129.4978,53.2514,0.0]]],
[[[-129.7995,53.2792,0.0],[-129.7983,53.2781,0.0],[-129.7961,53.2789,0.0],[-129.7989,53.2803,0.0],[-129.7995,53.2792,0.0]]],
[[[-129.5167,53.2964,18.7947],[-129.52,53.2972,0.0],[-129.52,53.2919,0.0],[-129.5144,53.2928,4.3818],[-129.5167,53.2964,18.7947]]],
[[[-129.5243,53.2989,0.0],[-129.524,53.2977,0.0],[-129.5222,53.2972,0.0],[-129.5222,53.2989,0.0],[-129.5243,53.2989,0.0]]],
[[[-130.0994,53.2869,0.6768],[-130.1,53.2839,0.0],[-130.0983,53.2836,0.0],[-130.0967,53.2864,1.4841],[-130.0994,53.2869,0.6768]]],
[[[-130.1123,53.3078,0.0],[-130.114,53.3044,0.0],[-130.1101,53.3061,1.3987],[-130.1106,53.3086,0.8838],[-130.1123,53.3078,0.0]]],
[[[-130.1179,53.3164,5.4136],[-130.1179,53.3147,0.0],[-130.1151,53.315,0.0],[-130.1151,53.3183,2.1707],[-130.1167,53.3189,0.0],[-130.1179,53.3164,5.4136]]],
[[[-130.1528,53.3225,0.0],[-130.1542,53.3243,0.0],[-130.1555,53.3235,0.0],[-130.1539,53.3208,0.1327],[-130.1522,53.3208,0.0],[-130.1528,53.3225,0.0]]],
[[[-129.6914,53.3076,0.0],[-129.6924,53.3061,0.0],[-129.69,53.3044,0.0],[-129.6872,53.305,0.0],[-129.6894,53.3075,0.0],[-129.6914,53.3076,0.0]]],
[[[-129.4161,53.3078,0.0],[-129.4143,53.3087,0.0],[-129.4167,53.3097,0.0],[-129.4172,53.3086,0.0],[-129.4161,53.3078,0.0]]],
[[[-129.6978,53.3156,0.0],[-129.6967,53.3164,0.0],[-129.7011,53.3186,2.783],[-129.7033,53.3175,0.0],[-129.7011,53.3153,0.0],[-129.6978,53.3156,0.0]]],
[[[-129.4061,53.3181,0.0],[-129.4106,53.315,0.0],[-129.4083,53.3147,0.0],[-129.3999,53.3191,0.0],[-129.4022,53.3199,3.7878],[-129.4061,53.3181,0.0]]],
[[[-130.187,53.3411,0.2154],[-130.1887,53.3411,0.7491],[-130.1882,53.3386,0.0],[-130.1865,53.3386,0.0],[-130.187,53.3411,0.2154]]],
[[[-130.193,53.3441,7.7071],[-130.1956,53.3475,0.0],[-130.2022,53.3489,0.0],[-130.2037,53.3375,0.0],[-130.1991,53.3357,0.3851],[-130.1966,53.3325,1.0258],[-130.1945,53.3335,0.9597],[-130.1926,53.3323,0.9597],[-130.1903,53.3342,0.0],[-130.1924,53.336,0.4341],[-130.1962,53.3362,0.4341],[-130.1933,53.3386,2.7228],[-130.1944,53.3411,4.7872],[-130.193,53.3441,7.7071]]],
[[[-130.1912,53.3444,0.0],[-130.1923,53.3419,1.601],[-130.1906,53.3411,1.601],[-130.1895,53.3428,0.8721],[-130.1912,53.3444,0.0]]],
[[[-130.2057,53.3494,1.4371],[-130.2135,53.3531,4.4254],[-130.2163,53.3525,0.0],[-130.2144,53.3494,0.7251],[-130.208,53.3503,1.4371],[-130.2069,53.3492,1.4371],[-130.2091,53.3489,0.0],[-130.2063,53.3478,1.4688],[-130.2057,53.3494,1.4371]]],
[[[-129.3972,53.3247,0.0],[-129.4,53.3247,6.3053],[-129.4039,53.3222,0.0],[-129.4017,53.3217,0.0],[-129.3972,53.3247,0.0]]],
[[[-129.4406,53.3337,0.0],[-129.4355,53.3453,20.3581],[-129.4373,53.3489,20.7383],[-129.4417,53.3526,0.0],[-129.4599,53.3605,0.0],[-129.4689,53.3614,0.0],[-129.4652,53.3586,44.11],[-129.4657,53.3473,61.0934],[-129.4693,53.3448,4.8307],[-129.4716,53.3393,0.0],[-129.4694,53.3314,4.3025],[-129.465,53.3253,0.0],[-129.4611,53.3244,0.0],[-129.465,53.335,3.3624],[-129.4646,53.3385,0.0],[-129.461,53.3361,2.1689],[-129.4607,53.3307,0.0],[-129.4517,53.3218,0.0],[-129.4433,53.3281,0.0],[-129.4439,53.3342,31.447],[-129.4406,53.3337,0.0]]],
[[[-129.8613,53.3448,13.9559],[-129.8638,53.3491,7.8775],[-129.8674,53.3491,4.9998],[-129.8659,53.343,0.0],[-129.8613,53.3448,13.9559]]],
[[[-129.2245,53.3885,11.5352],[-129.2285,53.3941,30.494],[-129.2319,53.4088,6.41],[-129.2364,53.4118,10.7715],[-129.2586,53.4037,27.7932],[-129.2703,53.4016,21.6676],[-129.2778,53.3939,7.0997],[-129.2706,53.3892,3.8936],[-129.2678,53.385,24.9484],[-129.2667,53.3789,19.898],[-129.2612,53.3709,21.786],[-129.2617,53.3681,5.1112],[-129.2504,53.3647,0.0],[-129.247,53.3611,8.0017],[-129.2333,53.3572,30.8312],[-129.2278,53.3581,26.3228],[-129.2278,53.3639,147.0152],[-129.2211,53.3758,0.0],[-129.2245,53.3885,11.5352]]],
[[[-130.2251,53.3622,0.2591],[-130.2256,53.3606,0.0],[-130.2234,53.3592,0.5883],[-130.2223,53.3625,0.0],[-130.2251,53.3622,0.2591]]],
[[[-130.4622,53.6353,17.1644],[-130.4639,53.6372,0.0],[-130.471,53.6376,1.6208],[-130.4745,53.6366,5.4088],[-130.475,53.6347,23.5345],[-130.4799,53.6337,0.0],[-130.471,53.6317,0.0],[-130.4633,53.6272,13.3585],[-130.4646,53.6267,8.8555],[-130.4744,53.6269,11.675],[-130.4805,53.6303,8.3234],[-130.4867,53.6297,10.1114],[-130.487,53.6323,0.0],[-130.4895,53.6335,12.5208],[-130.4989,53.6308,5.2636],[-130.5078,53.6336,0.0],[-130.5078,53.6317,3.6324],[-130.5144,53.6294,5.6838],[-130.5163,53.6312,7.4412],[-130.5239,53.63,5.7068],[-130.5319,53.6308,0.3257],[-130.5315,53.6275,1.0901],[-130.5342,53.6269,0.0],[-130.5405,53.6289,0.0],[-130.5428,53.6244,13.1139],[-130.5473,53.6253,16.0066],[-130.5558,53.6175,7.2287],[-130.5573,53.6177,0.0],[-130.5572,53.6208,0.6518],[-130.5597,53.6241,0.8508],[-130.5572,53.6239,3.8168],[-130.5556,53.6256,0.0],[-130.5589,53.6286,14.5126],[-130.5611,53.6278,0.0],[-130.5613,53.6239,0.0],[-130.5639,53.6233,0.4119],[-130.5623,53.6201,3.8092],[-130.5665,53.618,0.0],[-130.5656,53.6131,0.0],[-130.576,53.6103,0.0],[-130.579,53.6084,0.0],[-130.5791,53.6051,0.0],[-130.5688,53.6065,0.0],[-130.5572,53.6125,1.1539],[-130.555,53.6096,2.7606],[-130.5515,53.6101,0.0],[-130.5461,53.6133,2.5623],[-130.5456,53.6158,0.0],[-130.5422,53.6161,0.0],[-130.5456,53.6111,4.4781],[-130.5428,53.6086,0.0],[-130.5433,53.6069,8.8565],[-130.55,53.6047,3.6056],[-130.5428,53.6036,0.0],[-130.5359,53.6058,13.0008],[-130.5411,53.6027,0.0],[-130.5411,53.5992,0.0],[-130.5467,53.5974,0.0],[-130.5501,53.593,4.1126],[-130.5467,53.5919,0.0],[-130.5429,53.595,8.2912],[-130.5374,53.5955,18.3247],[-130.5376,53.5939,7.8781],[-130.5344,53.5933,15.6029],[-130.5361,53.5911,0.0],[-130.5339,53.5894,16.6822],[-130.5428,53.5903,0.0],[-130.5466,53.5863,0.0],[-130.545,53.5839,13.9169],[-130.5475,53.5802,0.0],[-130.5422,53.5806,9.9134],[-130.5456,53.578,5.8424],[-130.53,53.5731,5.6408],[-130.5444,53.5765,10.3464],[-130.5492,53.5749,4.3446],[-130.5488,53.564,0.0],[-130.5417,53.5597,2.8076],[-130.5458,53.5591,4.313],[-130.5508,53.5524,0.0],[-130.5463,53.5497,0.4727],[-130.5376,53.5512,9.5674],[-130.5391,53.5485,0.0],[-130.526,53.5435,1.9703],[-130.5228,53.5433,0.0],[-130.5216,53.5453,8.7764],[-130.5194,53.5433,0.0],[-130.5116,53.5431,0.0],[-130.5126,53.5387,1.6373],[-130.5056,53.54,0.9424],[-130.5033,53.5375,0.9201],[-130.4998,53.537,0.0],[-130.4978,53.5389,9.5814],[-130.4976,53.5365,0.1131],[-130.4949,53.5347,0.0],[-130.4855,53.5372,8.4673],[-130.4895,53.5336,21.2328],[-130.495,53.5319,0.0],[-130.495,53.5287,0.0],[-130.4906,53.5297,7.1117],[-130.4878,53.5267,11.391],[-130.4906,53.5253,10.479],[-130.4883,53.5214,16.4933],[-130.4922,53.5189,0.6376],[-130.4889,53.5192,1.5928],[-130.4889,53.5161,0.0],[-130.4867,53.5154,0.0],[-130.475,53.5158,4.2352],[-130.4761,53.5142,7.5112],[-130.47,53.5114,10.3707],[-130.4706,53.5097,0.0],[-130.4689,53.5081,0.0],[-130.4633,53.5106,7.4565],[-130.4584,53.5069,0.0],[-130.4467,53.5092,8.3529],[-130.4391,53.5027,3.9478],[-130.4315,53.5064,3.3175],[-130.4246,53.5043,2.9097],[-130.4161,53.5059,8.2011],[-130.4144,53.5097,4.8851],[-130.4089,53.5098,2.0394],[-130.4111,53.5124,9.5727],[-130.4022,53.5111,0.0],[-130.3977,53.5133,3.171],[-130.3967,53.5128,3.171],[-130.3985,53.5109,0.0],[-130.395,53.51,0.0],[-130.3912,53.5117,0.0],[-130.3918,53.5148,1.6128],[-130.3937,53.516,0.7196],[-130.3872,53.5175,0.6317],[-130.3817,53.5214,1.7234],[-130.3833,53.5242,0.0],[-130.3822,53.5286,0.2873],[-130.3772,53.5269,5.6955],[-130.3806,53.5239,0.0],[-130.3777,53.5211,0.0],[-130.373,53.5212,0.0],[-130.3706,53.5239,10.4707],[-130.3679,53.5207,0.0],[-130.365,53.5214,11.1823],[-130.3628,53.5186,16.6704],[-130.3644,53.5175,1.8254],[-130.3676,53.5189,0.0],[-130.3713,53.5163,18.3053],[-130.3669,53.5129,0.0],[-130.3639,53.5125,4.0573],[-130.3615,53.5142,3.9082],[-130.3585,53.5105,7.4086],[-130.3474,53.5119,0.0],[-130.3383,53.51,14.5798],[-130.3555,53.5086,15.786],[-130.3704,53.511,0.0],[-130.3745,53.5097,9.0105],[-130.3769,53.5095,4.2191],[-130.3871,53.5055,0.0],[-130.3936,53.4989,23.651],[-130.4018,53.4935,12.1432],[-130.4055,53.4935,8.9359],[-130.4069,53.4921,4.2742],[-130.4061,53.4906,16.5669],[-130.4078,53.4903,13.1112],[-130.4094,53.4923,13.6533],[-130.4016,53.4961,5.8746],[-130.4005,53.4989,19.8422],[-130.3961,53.5014,3.1785],[-130.3939,53.505,0.0],[-130.3975,53.5068,8.7041],[-130.4017,53.5061,2.8232],[-130.4117,53.4972,0.0],[-130.4106,53.4942,2.8979],[-130.415,53.4945,0.0],[-130.4173,53.4897,5.5304],[-130.4138,53.4898,0.0],[-130.4161,53.4879,0.0],[-130.4144,53.4873,7.4065],[-130.4172,53.4864,0.9852],[-130.415,53.4844,0.0],[-130.4243,53.4815,5.4382],[-130.4233,53.4775,0.0],[-130.425,53.4758,0.0],[-130.4211,53.4764,3.7859],[-130.4117,53.4861,11.1341],[-130.4089,53.4861,6.6116],[-130.4144,53.4786,0.0],[-130.4122,53.4747,8.3907],[-130.4156,53.4725,0.0],[-130.4147,53.4669,0.0],[-130.4089,53.4661,0.8494],[-130.405,53.4681,6.2822],[-130.4011,53.4736,5.834],[-130.3961,53.4747,7.5505],[-130.4099,53.463,2.4554],[-130.4078,53.4606,5.5546],[-130.4077,53.4567,0.0],[-130.4011,53.4564,0.639],[-130.4021,53.4497,3.1069],[-130.3944,53.447,0.0],[-130.3947,53.4493,0.0],[-130.3972,53.4508,2.532],[-130.3939,53.4537,8.9381],[-130.3916,53.4519,5.3834],[-130.3928,53.4481,9.1822],[-130.3911,53.4465,0.0],[-130.3844,53.4453,18.4839],[-130.3878,53.4431,2.5659],[-130.3811,53.44,0.0],[-130.3755,53.44,0.2866],[-130.3739,53.4375,0.0],[-130.369,53.4378,3.5453],[-130.3699,53.4361,1.7482],[-130.3672,53.4333,0.3034],[-130.3511,53.4231,0.0],[-130.3524,53.4209,0.0],[-130.3511,53.4192,0.0],[-130.3479,53.421,9.2493],[-130.3378,53.4145,10.6753],[-130.3283,53.4053,0.0],[-130.3283,53.4025,0.0],[-130.3251,53.3997,4.9387],[-130.3274,53.3984,0.2015],[-130.3219,53.3963,1.1004],[-130.3122,53.3876,1.4896],[-130.31,53.3876,1.4896],[-130.3059,53.3922,19.9593],[-130.3067,53.3883,0.0],[-130.3051,53.3877,4.2643],[-130.3047,53.3835,0.0],[-130.2944,53.3829,1.5373],[-130.2983,53.3814,0.0],[-130.2872,53.3783,0.7815],[-130.2817,53.3791,6.5124],[-130.2783,53.3778,0.0],[-130.2757,53.3795,4.0891],[-130.2721,53.3768,0.0],[-130.2689,53.3801,3.2212],[-130.2683,53.3831,9.1725],[-130.2666,53.3822,9.1725],[-130.2666,53.3802,0.0],[-130.2595,53.3755,5.7896],[-130.25,53.3769,2.5901],[-130.2379,53.3767,1.2781],[-130.2342,53.3749,1.4418],[-130.222,53.3771,4.2851],[-130.2125,53.3759,9.8997],[-130.2222,53.374,0.0],[-130.2206,53.3728,11.5841],[-130.2217,53.3714,0.0],[-130.2188,53.3711,8.5479],[-130.2224,53.3701,8.2445],[-130.22,53.3661,9.7256],[-130.2238,53.3651,0.0],[-130.2216,53.3638,2.811],[-130.2204,53.359,9.5619],[-130.2167,53.3586,0.8623],[-130.2199,53.3577,0.2819],[-130.2195,53.3562,0.2886],[-130.213,53.3558,2.8407],[-130.2094,53.3536,0.0],[-130.2049,53.3541,8.9382],[-130.2022,53.3522,6.8991],[-130.1989,53.354,7.9657],[-130.1922,53.3514,0.0],[-130.1861,53.3542,1.7878],[-130.1833,53.3572,14.1697],[-130.1822,53.3567,7.2691],[-130.1816,53.3555,7.2691],[-130.1889,53.3514,0.0],[-130.1872,53.3508,0.7225],[-130.1766,53.3509,2.7663],[-130.1711,53.3533,0.0],[-130.1678,53.3509,0.0],[-130.1844,53.3487,0.135],[-130.1772,53.3455,7.7183],[-130.1714,53.3477,2.5565],[-130.1733,53.3433,0.6647],[-130.1689,53.3417,0.0],[-130.1661,53.3425,5.7598],[-130.1644,53.3459,3.8814],[-130.1617,53.3459,1.2462],[-130.1639,53.3419,0.0],[-130.1594,53.3415,0.8533],[-130.1601,53.3382,2.6862],[-130.1583,53.3358,0.0],[-130.1622,53.3317,0.0],[-130.1594,53.3305,0.4155],[-130.1609,53.3283,6.6111],[-130.1583,53.3267,0.0],[-130.1583,53.3251,0.0],[-130.1537,53.3253,0.0],[-130.1431,53.3193,0.0],[-130.1344,53.3169,0.0],[-130.1283,53.3181,2.0388],[-130.1239,53.3144,0.0],[-130.1239,53.3128,0.0],[-130.1189,53.3115,0.0],[-130.1197,53.3189,0.0],[-130.1233,53.3239,19.1227],[-130.1228,53.3264,15.27],[-130.1255,53.3286,4.9178],[-130.1222,53.3303,8.3551],[-130.123,53.3283,4.9178],[-130.1211,53.3276,3.134],[-130.1193,53.3239,4.6149],[-130.105,53.3117,9.7306],[-130.1078,53.3056,3.4306],[-130.1028,53.3061,8.6403],[-130.1048,53.3028,1.3987],[-130.1028,53.3011,12.2063],[-130.1044,53.2973,1.0463],[-130.1028,53.2945,0.673],[-130.1056,53.2922,0.8295],[-130.0983,53.2897,0.0],[-130.0942,53.2859,3.6353],[-130.0944,53.2833,11.8338],[-130.0989,53.2819,0.0],[-130.0989,53.2786,2.431],[-130.1011,53.2769,0.0],[-130.0967,53.2767,1.7326],[-130.0961,53.2747,0.0],[-130.1008,53.2719,0.0],[-130.0961,53.27,0.0],[-130.0972,53.2689,0.0],[-130.0933,53.265,1.5844],[-130.0828,53.2608,5.5218],[-130.0804,53.2589,4.6326],[-130.0806,53.2569,1.0251],[-130.076,53.257,0.0],[-130.0782,53.2539,0.0],[-130.0743,53.2526,8.0477],[-130.0744,53.2514,0.0],[-130.0689,53.2556,0.0],[-130.0706,53.2625,0.0],[-130.0694,53.2639,2.5439],[-130.0656,53.2661,10.3193],[-130.0583,53.2649,18.0509],[-130.065,53.2626,0.0],[-130.0655,53.2597,0.0],[-130.0629,53.2588,6.2433],[-130.0661,53.2556,0.0],[-130.0644,53.2547,2.7607],[-130.0656,53.2533,0.0],[-130.0635,53.2506,2.4011],[-130.065,53.2486,0.5729],[-130.0594,53.2506,10.7375],[-130.0576,53.2475,17.5139],[-130.0572,53.245,1.386],[-130.0595,53.2428,4.2073],[-130.0583,53.2411,0.9992],[-130.0569,53.2425,2.3384],[-130.0534,53.2417,0.0],[-130.05,53.2445,7.4396],[-130.0461,53.2453,0.0],[-130.0463,53.2469,9.0662],[-130.0411,53.25,1.1213],[-130.0372,53.25,0.0],[-130.0356,53.2475,12.7616],[-130.0266,53.2467,9.7026],[-130.0241,53.2433,1.5665],[-130.028,53.2418,0.0],[-130.0318,53.2379,3.5727],[-130.035,53.2328,3.1528],[-130.0349,53.2281,5.8808],[-130.0328,53.2269,0.0],[-130.0278,53.2314,3.5724],[-130.0239,53.2317,0.0],[-130.0205,53.23,16.9538],[-130.0244,53.2259,4.3682],[-130.0247,53.2233,3.1332],[-130.0195,53.2225,16.6651],[-130.0188,53.2214,10.4156],[-130.0228,53.2206,0.0],[-130.0212,53.2186,0.0],[-130.0122,53.2183,13.4904],[-130.0144,53.2176,1.3295],[-130.0155,53.215,0.0],[-130.0105,53.2145,19.2763],[-130.0149,53.2085,3.9021],[-130.0116,53.2057,5.0815],[-130.0056,53.2089,20.8871],[-130.0066,53.2153,10.2624],[-130.0022,53.2119,0.0],[-130.0005,53.2156,5.6182],[-129.9994,53.2153,0.0],[-129.9978,53.2106,9.8752],[-129.995,53.2089,0.0],[-129.995,53.2064,0.0],[-129.984,53.1998,0.0],[-129.9856,53.1978,13.7306],[-129.9889,53.1978,0.0],[-129.9863,53.193,7.2562],[-129.9828,53.1922,7.2562],[-129.9811,53.1936,0.5524],[-129.9806,53.1917,0.0],[-129.9778,53.1908,0.0],[-129.9772,53.1936,0.0],[-129.9744,53.1939,3.1716],[-129.9739,53.1919,9.7912],[-129.9756,53.1903,3.3845],[-129.9739,53.1886,2.8623],[-129.975,53.1878,2.8623],[-129.9705,53.1861,0.0],[-129.9744,53.1869,0.0],[-129.9744,53.1853,0.0],[-129.9638,53.1833,8.991],[-129.9672,53.1811,6.318],[-129.9718,53.1815,8.9548],[-129.9739,53.1795,0.0],[-129.9717,53.1778,0.8065],[-129.968,53.1789,13.3523],[-129.9689,53.1772,0.8459],[-129.9628,53.1736,7.6966],[-129.9639,53.1697,4.7699],[-129.961,53.1682,0.0],[-129.9584,53.1669,0.0],[-129.9539,53.1681,5.4185],[-129.9378,53.1617,2.335],[-129.9361,53.1627,0.0],[-129.9394,53.1645,8.3228],[-129.9383,53.1656,10.8682],[-129.9339,53.1631,1.1978],[-129.9263,53.1638,0.3793],[-129.9356,53.1683,12.2314],[-129.9366,53.1697,8.6533],[-129.9356,53.1703,8.6533],[-129.9328,53.1686,0.0],[-129.9217,53.1692,8.9473],[-129.92,53.1683,2.7931],[-129.9211,53.1673,0.8979],[-129.9178,53.1658,0.303],[-129.9161,53.1669,0.3509],[-129.92,53.1699,4.6868],[-129.9105,53.1675,0.6957],[-129.9117,53.1697,0.631],[-129.91,53.17,0.0],[-129.9061,53.1669,14.0922],[-129.905,53.1625,0.4213],[-129.9022,53.1639,25.3695],[-129.8977,53.1625,0.9554],[-129.8933,53.1664,12.6384],[-129.893,53.1629,24.0628],[-129.8909,53.1618,0.0],[-129.8867,53.1625,0.0],[-129.8861,53.1645,1.5932],[-129.8823,53.1631,0.0],[-129.8801,53.1649,2.0376],[-129.885,53.1678,0.0],[-129.8822,53.1683,0.0],[-129.8806,53.1694,4.1988],[-129.8817,53.1706,0.0],[-129.8783,53.1719,0.0],[-129.8828,53.1742,4.2878],[-129.8767,53.1728,3.2436],[-129.8767,53.175,11.6828],[-129.875,53.1756,13.8377],[-129.8728,53.172,0.0],[-129.8694,53.1733,0.0],[-129.8742,53.1809,0.0],[-129.8722,53.1831,0.0],[-129.8678,53.181399999999996,0.0],[-129.8655,53.1831,0.0],[-129.87,53.1864,4.644],[-129.8688,53.1872,7.5256],[-129.865,53.1844,0.0],[-129.8622,53.1853,0.0],[-129.8522,53.1822,0.0],[-129.8439,53.1828,1.1811],[-129.833,53.1861,0.0],[-129.8333,53.1828,0.0],[-129.8317,53.181399999999996,0.2456],[-129.835,53.1783,0.3289],[-129.8302,53.1747,4.3],[-129.83,53.1719,0.0],[-129.8239,53.1744,13.5105],[-129.8206,53.1708,0.0],[-129.8222,53.1683,0.0],[-129.8194,53.1678,0.0],[-129.8139,53.1697,1.5439],[-129.8128,53.1689,3.514],[-129.8183,53.1664,0.0],[-129.8094,53.1619,0.8165],[-129.7989,53.1611,1.8503],[-129.8017,53.1642,3.4372],[-129.7983,53.1656,2.136],[-129.8,53.1683,0.0],[-129.7989,53.1692,3.0842],[-129.7961,53.1683,0.0],[-129.7944,53.1639,6.2789],[-129.7909,53.1631,0.5999],[-129.7889,53.1639,0.0],[-129.7905,53.1651,0.6794],[-129.7867,53.1656,1.2408],[-129.7889,53.1675,5.817],[-129.7892,53.1689,8.8055],[-129.7877,53.1695,11.265],[-129.7856,53.1658,1.2408],[-129.7807,53.1641,18.3022],[-129.7822,53.1619,1.4762],[-129.7811,53.1611,1.4762],[-129.7766,53.1623,11.2262],[-129.7733,53.1603,0.0],[-129.7655,53.1639,0.0],[-129.7667,53.1653,7.1411],[-129.765,53.1667,0.0],[-129.7677,53.1681,0.0],[-129.7661,53.1728,0.0],[-129.7705,53.1709,10.2092],[-129.7728,53.1728,9.5211],[-129.77,53.1744,0.0],[-129.77,53.1761,0.0],[-129.765,53.1745,0.0],[-129.7627,53.1761,3.6059],[-129.77,53.1783,2.8217],[-129.7772,53.175,0.0],[-129.78,53.1806,2.4924],[-129.7761,53.1819,0.0],[-129.7767,53.1797,0.0],[-129.7744,53.1783,2.2784],[-129.7762,53.1762,0.0],[-129.77,53.1797,0.0],[-129.7617,53.1803,0.0],[-129.7639,53.1817,3.2956],[-129.7611,53.1839,0.8968],[-129.7633,53.1851,4.6699],[-129.7622,53.1875,0.0],[-129.7644,53.1883,0.4403],[-129.7611,53.1894,0.0],[-129.7644,53.19,0.0],[-129.7607,53.1913,11.3988],[-129.7564,53.1953,0.0],[-129.7575,53.1983,0.0],[-129.7552,53.2019,0.0],[-129.7547,53.2083,0.0],[-129.7522,53.2141,0.0],[-129.7558,53.2187,0.0],[-129.7594,53.2169,18.6031],[-129.7593,53.2195,3.5489],[-129.7627,53.2228,37.899],[-129.7621,53.2273,0.0],[-129.7644,53.2314,0.0],[-129.7711,53.2377,3.3936],[-129.7798,53.2429,3.9333],[-129.7796,53.2459,0.0],[-129.7817,53.2489,0.0],[-129.7939,53.255,15.4511],[-129.7894,53.2569,0.0],[-129.7943,53.2614,2.7555],[-129.796,53.265,6.186],[-129.7956,53.2683,12.3699],[-129.8011,53.2786,0.0],[-129.7984,53.2848,12.1968],[-129.8011,53.2893,0.0],[-129.8107,53.2955,0.0],[-129.8294,53.3028,12.1791],[-129.8239,53.3036,0.0],[-129.8261,53.305,9.1762],[-129.8251,53.3068,0.0],[-129.838,53.3174,0.0],[-129.8506,53.3214,0.0],[-129.8533,53.325,14.4564],[-129.855,53.3355,0.0],[-129.8573,53.3361,0.0],[-129.8633,53.3328,0.0],[-129.8656,53.3333,29.1968],[-129.8662,53.3368,8.8643],[-129.8697,53.3416,3.4739],[-129.8689,53.3503,4.9998],[-129.8711,53.3545,0.0],[-129.8755,53.3581,30.7974],[-129.8806,53.3595,0.0],[-129.8856,53.3564,20.242],[-129.8911,53.3562,14.3167],[-129.8828,53.3603,0.0],[-129.8828,53.3634,0.0],[-129.8926,53.3733,5.0377],[-129.904,53.3906,3.4996],[-129.9117,53.3969,21.3767],[-129.9272,53.4053,21.1393],[-129.928,53.4072,0.0],[-129.9372,53.4075,0.0],[-129.9378,53.4091,19.9024],[-129.9333,53.4083,0.0],[-129.9311,53.4106,0.0],[-129.9339,53.4125,14.1485],[-129.9333,53.4139,7.3263],[-129.9456,53.4206,10.7184],[-129.9463,53.4233,9.499],[-129.9696,53.4347,12.46],[-129.9735,53.438,19.0912],[-129.9778,53.4389,0.0],[-129.9783,53.4403,0.0],[-129.9761,53.4412,0.0],[-129.9783,53.4434,0.0],[-129.9922,53.4523,0.0],[-130.0028,53.4553,16.8447],[-130.0074,53.4596,40.6046],[-130.0283,53.4697,26.7092],[-130.0439,53.4747,4.5317],[-130.0583,53.4833,6.1277],[-130.0605,53.4867,0.0],[-130.0778,53.4928,37.8918],[-130.0789,53.4964,20.4885],[-130.0894,53.5039,0.0],[-130.1022,53.5097,5.5336],[-130.1094,53.5153,19.6855],[-130.1266,53.5189,0.0],[-130.1394,53.5253,15.0965],[-130.1444,53.5258,2.9672],[-130.1617,53.5333,17.1608],[-130.1672,53.5344,2.6898],[-130.17,53.5325,11.749],[-130.1716,53.5356,0.0],[-130.1778,53.5397,2.9703],[-130.1906,53.545,20.1133],[-130.1972,53.55,6.9897],[-130.2239,53.5614,13.4278],[-130.2367,53.5639,8.2243],[-130.2483,53.5703,28.2859],[-130.2759,53.5769,1.4343],[-130.2783,53.5758,1.4343],[-130.3061,53.5864,19.1645],[-130.3133,53.5869,20.4476],[-130.3311,53.5933,6.6773],[-130.3347,53.5929,3.6383],[-130.3384,53.596,0.0],[-130.3537,53.6017,17.3293],[-130.3583,53.6006,4.2397],[-130.3644,53.6059,0.0],[-130.3867,53.6131,1.5948],[-130.3894,53.6119,15.6129],[-130.4022,53.62,7.752],[-130.4244,53.6247,6.2056],[-130.4333,53.6223,17.0607],[-130.4329,53.6244,0.0],[-130.4442,53.6295,1.1936],[-130.4455,53.632,2.3329],[-130.4539,53.6314,6.0677],[-130.4578,53.6344,0.0],[-130.4622,53.6353,17.1644]]],
[[[-129.9488,53.4584,0.0],[-129.9478,53.4601,2.8235],[-129.9528,53.4611,0.0],[-129.9522,53.4637,1.5782],[-129.9583,53.462,0.0],[-129.9567,53.4583,0.0],[-129.9488,53.4584,0.0]]],
[[[-129.9572,53.4635,0.0],[-129.9544,53.4639,0.0],[-129.9544,53.4645,0.0],[-129.96,53.4631,0.0],[-129.9572,53.4635,0.0]]],
[[[-129.2528,53.4181,0.0],[-129.2492,53.4237,0.0],[-129.2383,53.4236,0.0],[-129.237,53.4251,5.3721],[-129.238,53.4301,80.3046],[-129.2368,53.4345,9.837],[-129.2398,53.4398,83.7698],[-129.2367,53.4479,3.6635],[-129.2333,53.4503,0.0],[-129.2328,53.4533,0.0],[-129.235,53.4578,0.0],[-129.2333,53.4608,0.0],[-129.2394,53.4739,0.0],[-129.2422,53.4769,10.886],[-129.2389,53.4823,24.63],[-129.2406,53.4892,57.8657],[-129.2384,53.4978,15.3682],[-129.2405,53.5003,71.212],[-129.2345,53.5092,0.0],[-129.2422,53.5139,0.0],[-129.2644,53.5122,0.0],[-129.2755,53.5133,11.6248],[-129.2833,53.5158,13.7462],[-129.2898,53.5203,17.7813],[-129.2996,53.5223,0.0],[-129.3042,53.5293,0.0],[-129.308,53.5312,26.5783],[-129.3111,53.5384,22.4827],[-129.3236,53.5475,0.0],[-129.3312,53.5499,17.1964],[-129.3363,53.5535,3.8206],[-129.3441,53.5636,3.9623],[-129.3488,53.564,4.1123],[-129.3444,53.5675,4.744],[-129.3395,53.5649,0.0],[-129.3312,53.5547,0.0],[-129.3172,53.5527,25.8779],[-129.3017,53.5373,12.1575],[-129.2982,53.5304,0.0],[-129.2991,53.5271,1.3273],[-129.2811,53.5178,0.0],[-129.2502,53.5169,0.0],[-129.2335,53.5187,0.0],[-129.2317,53.5209,20.6525],[-129.2361,53.5269,42.0562],[-129.2362,53.5322,7.3991],[-129.2394,53.5378,10.6683],[-129.2361,53.5445,20.0891],[-129.2406,53.5539,40.9695],[-129.2389,53.5664,5.7412],[-129.25,53.5753,121.9063],[-129.2517,53.5783,28.7852],[-129.25,53.5847,45.5728],[-129.2528,53.5886,3.1175],[-129.2496,53.5932,0.0],[-129.2506,53.597,35.6219],[-129.2485,53.6041,30.7521],[-129.2394,53.61,0.0],[-129.2394,53.6125,0.0],[-129.2461,53.6169,44.6935],[-129.2578,53.6183,17.5415],[-129.2728,53.625,29.7774],[-129.2861,53.6272,12.3483],[-129.2894,53.6295,0.0],[-129.2978,53.6297,39.2675],[-129.3028,53.6367,1.5684],[-129.2989,53.6411,-0.0029],[-129.3016,53.6445,2.7505],[-129.3006,53.6467,0.0],[-129.3072,53.6459,1.8406],[-129.3083,53.6473,15.8195],[-129.2986,53.6496,0.7908],[-129.275,53.6385,0.0],[-129.2658,53.6395,12.4704],[-129.2453,53.6335,2.6052],[-129.2339,53.6308,9.0284],[-129.2309,53.6312,0.0],[-129.2323,53.6311,5.1515],[-129.3738,53.7966,992.7527],[-129.375,53.9411,576.6163],[-129.3713,54.3038,3.1044],[-129.3723,54.3035,6.479],[-129.3721,54.3575,898.9542],[-129.3864,54.3521,1083.4657],[-129.4001,54.3521,1050.0576],[-129.4315,54.3651,1415.3302],[-129.4395,54.3665,1462.064],[-129.4556,54.3646,1108.238],[-129.4667,54.3653,1034.5599],[-129.4763,54.368,1449.4393],[-129.4866,54.374,1158.9812],[-129.4973,54.3843,1327.4274],[-129.5066,54.3967,1421.1387],[-129.5106,54.4058,1048.6172],[-129.5142,54.4235,1323.7458],[-129.5179,54.4303,1422.3386],[-129.5254,54.437,1455.7465],[-129.5653,54.4585,1069.9467],[-129.5985,54.4707,1464.0103],[-129.6536,54.484,875.6677],[-129.6758,54.4785,1160.4714],[-129.6919,54.5229,1298.4011],[-129.6728,54.5349,1438.504],[-129.6627,54.5446,1247.6051],[-129.6581,54.5519,1591.7905],[-129.6555,54.5633,1181.8992],[-129.6555,54.5702,1274.1788],[-129.6576,54.5755,978.9723],[-129.6687,54.5847,1161.6606],[-129.6864,54.589,1078.3496],[-129.672,54.6068,1187.9446],[-129.6616,54.6146,938.5228],[-129.6451,54.6225,1536.7408],[-129.6243,54.6277,1049.5365],[-129.5916,54.6316,1631.6628],[-129.5747,54.6303,1630.8818],[-129.5673,54.6282,1516.2637],[-129.5562,54.6201,1778.2192],[-129.5525,54.6152,1637.5442],[-129.5427,54.5917,1640.5474],[-129.5362,54.5891,1862.0222],[-129.5169,54.5913,1566.0718],[-129.4923,54.5969,1766.3762],[-129.4792,54.6041,1507.8478],[-129.4731,54.6096,1456.1929],[-129.4655,54.6266,1316.6331],[-129.4623,54.6505,2149.5425],[-129.4767,54.6553,2099.4541],[-129.4864,54.6504,1942.6204],[-129.5114,54.6492,1677.5819],[-129.5509,54.6684,1695.4895],[-129.5655,54.6718,1779.8047],[-129.6638,54.6819,1595.605],[-129.683,54.6882,1425.3989],[-129.6883,54.6988,1112.4054],[-129.6885,54.7068,1434.7509],[-129.691,54.7166,1528.2251],[-129.6955,54.7245,1078.7769],[-129.7,54.73,954.0322],[-129.7132,54.7375,1176.8705],[-129.7226,54.7368,1008.2291],[-129.7422,54.7265,1423.7439],[-129.7528,54.718,1332.3596],[-129.7628,54.7173,1752.5607],[-129.7733,54.7221,1425.6494],[-129.7785,54.7281,1473.3579],[-129.7944,54.7408,1254.3149],[-129.8083,54.7359,1329.2218],[-129.8228,54.7271,877.1997],[-129.869,54.7211,1453.751],[-129.9185,54.7076,825.7465],[-129.9401,54.7071,468.0574],[-129.9731,54.7135,1259.7057],[-129.9705,54.7099,1210.7938],[-129.959,54.7043,1022.9346],[-129.9594,54.7,1136.1824],[-129.965,54.6965,977.2734],[-129.9829,54.6969,705.8286],[-130.0018,54.6997,1014.4509],[-130.0312,54.6981,1194.2745],[-130.0495,54.6994,1067.7314],[-130.0584,54.7018,985.412],[-130.0805,54.7136,833.7053],[-130.1215,54.7208,930.7078],[-130.1279,54.7229,944.2799],[-130.1303,54.7265,1015.0452],[-130.1447,54.7311,802.8921],[-130.2037,54.7312,163.3931],[-130.2071,54.7301,112.6709],[-130.2128,54.7217,25.7451],[-130.2039,54.7203,0.0],[-130.1877,54.7223,118.9969],[-130.1744,54.7172,6.8701],[-130.1478,54.7161,33.5823],[-130.1248,54.7047,38.3395],[-130.1181,54.6958,29.0281],[-130.1109,54.6952,0.0],[-130.1098,54.692,8.5493],[-130.1072,54.6906,21.0572],[-130.1022,54.6923,100.547],[-130.0925,54.6924,70.4285],[-130.0853,54.6907,95.9379],[-130.0776,54.6825,0.0],[-130.0772,54.679,0.0],[-130.0628,54.6606,0.0],[-130.0631,54.6586,0.0],[-130.058,54.6542,64.5997],[-130.0434,54.6467,0.0],[-130.0399,54.6428,11.1255],[-130.0178,54.6359,3.8318],[-130.0133,54.6312,32.7758],[-129.9981,54.6248,28.1859],[-129.9915,54.6161,8.8239],[-129.9722,54.6086,0.0],[-129.9606,54.6078,15.0487],[-129.95,54.6028,11.9041],[-129.945,54.6023,8.2289],[-129.9372,54.61,0.0],[-129.9326,54.6123,73.7195],[-129.9172,54.6135,0.0],[-129.9104,54.6185,1.3834],[-129.9082,54.6172,0.4151],[-129.9064,54.6181,0.4151],[-129.9019,54.6222,2.1589],[-129.8987,54.6205,2.7726],[-129.8986,54.6161,9.5795],[-129.9111,54.6086,30.034],[-129.9194,54.6047,48.0619],[-129.9367,54.6029,0.3523],[-129.9394,54.5978,21.9949],[-129.9444,54.5967,12.9843],[-129.9522,54.5972,0.0],[-129.9559,54.6,5.3131],[-129.9639,54.5995,1.7124],[-129.9705,54.6028,0.0],[-129.9789,54.6028,21.1154],[-129.984,54.6067,5.9689],[-129.9872,54.6061,9.519],[-130.0,54.6105,0.0],[-130.0078,54.6177,49.2991],[-130.0156,54.6221,0.0],[-130.0246,54.6208,3.506],[-130.0432,54.6272,9.0701],[-130.0468,54.632,13.6873],[-130.0578,54.6357,0.0],[-130.0589,54.6387,20.1315],[-130.0648,54.6408,62.3006],[-130.0715,54.6492,36.1749],[-130.0728,54.6551,0.0],[-130.0817,54.6679,5.3651],[-130.0871,54.67,34.2273],[-130.0927,54.6848,6.7492],[-130.0966,54.6854,53.6682],[-130.1001,54.6835,0.0],[-130.1037,54.6762,83.6163],[-130.098,54.6693,0.0],[-130.0962,54.6637,33.668],[-130.0984,54.6635,41.2622],[-130.1013,54.6677,14.6396],[-130.1087,54.6692,28.7735],[-130.112,54.6768,8.0581],[-130.1194,54.6781,23.7536],[-130.1233,54.6822,4.485],[-130.1283,54.6844,0.0],[-130.133,54.6935,82.8209],[-130.1394,54.6957,16.9037],[-130.1396,54.6982,1.902],[-130.1436,54.7021,5.2962],[-130.1513,54.7035,71.1009],[-130.1587,54.7089,0.0],[-130.1681,54.708,19.6049],[-130.1928,54.7138,0.0],[-130.1978,54.7097,72.389],[-130.2033,54.7106,0.0],[-130.2079,54.709,14.2323],[-130.2132,54.7115,0.4764],[-130.2208,54.7086,59.5612],[-130.2195,54.7067,66.3707],[-130.2206,54.7052,124.9226],[-130.2262,54.7039,3.494],[-130.2322,54.7097,19.4186],[-130.2282,54.7111,48.9582],[-130.2204,54.7097,5.9261],[-130.2172,54.7123,2.6021],[-130.2261,54.7159,5.055],[-130.2328,54.7159,5.7578],[-130.2405,54.7133,0.0],[-130.2406,54.7108,0.0],[-130.2455,54.7073,41.9301],[-130.2505,54.7092,0.0],[-130.2725,54.7062,10.6099],[-130.2901,54.7017,41.7807],[-130.2977,54.6981,8.3312],[-130.3027,54.6977,2.0237],[-130.3072,54.6994,12.353],[-130.3225,54.6943,10.5354],[-130.348,54.6952,26.5426],[-130.3697,54.6809,5.0268],[-130.3694,54.6745,19.2265],[-130.3766,54.6653,10.3483],[-130.3766,54.6603,19.49],[-130.3805,54.6531,0.0],[-130.3639,54.6389,21.4346],[-130.3533,54.6344,0.0],[-130.3211,54.6536,12.3271],[-130.3156,54.6553,0.0],[-130.3117,54.6589,40.4193],[-130.2964,54.6633,2.6295],[-130.2906,54.6614,24.6881],[-130.3034,54.6578,25.2119],[-130.3039,54.6547,11.0442],[-130.3139,54.6509,0.0],[-130.3167,54.6483,43.0061],[-130.3238,54.6459,33.5681],[-130.3255,54.6433,59.7666],[-130.3355,54.6389,12.1153],[-130.3438,54.6303,5.1577],[-130.3445,54.625,17.3415],[-130.3473,54.6225,13.5879],[-130.355,54.6261,32.9357],[-130.3694,54.6381,0.0],[-130.3861,54.6478,0.0],[-130.3878,54.6469,22.8887],[-130.3877,54.6403,29.3806],[-130.3934,54.6337,23.7212],[-130.3929,54.631,9.8707],[-130.388,54.6272,0.0],[-130.3806,54.6247,0.0],[-130.372,54.6179,6.2662],[-130.3644,54.6147,0.0],[-130.3601,54.6148,3.6001],[-130.3557,54.6084,0.0],[-130.3067,54.5828,17.9785],[-130.295,54.5742,5.0179],[-130.2922,54.5736,10.0549],[-130.2928,54.5692,23.9695],[-130.2944,54.5681,13.1758],[-130.3039,54.5686,0.0],[-130.305,54.5656,6.6138],[-130.3033,54.5631,17.2526],[-130.2944,54.5584,16.7598],[-130.2917,54.5528,4.1502],[-130.2856,54.5494,7.77],[-130.2822,54.545,18.5121],[-130.2683,54.5369,0.0],[-130.2607,54.5343,0.0],[-130.2622,54.5275,17.1904],[-130.2583,54.5217,0.0],[-130.2478,54.5184,0.0],[-130.2305,54.517,7.5369],[-130.23,54.5151,45.3982],[-130.2317,54.5139,0.0],[-130.2345,54.515,7.9529],[-130.2454,54.5112,23.981],[-130.2378,54.5039,0.0],[-130.2298,54.5055,9.6538],[-130.2333,54.5003,6.1031],[-130.2283,54.4936,0.0],[-130.215,54.4845,18.2784],[-130.1983,54.4797,9.6319],[-130.1945,54.4771,9.399],[-130.1922,54.4689,17.8177],[-130.1894,54.4664,7.3718],[-130.1711,54.4575,35.5945],[-130.1617,54.4503,0.0],[-130.1511,54.4447,56.6362],[-130.1428,54.4347,27.676],[-130.1233,54.4217,0.0],[-130.1111,54.4169,0.0],[-130.1006,54.4197,32.8198],[-130.0978,54.4219,87.0268],[-130.0933,54.4309,10.6223],[-130.0856,54.4372,132.1878],[-130.0828,54.4447,3.4199],[-130.0911,54.4542,0.0],[-130.0931,54.4613,9.1949],[-130.0894,54.4614,3.05],[-130.0811,54.4664,5.3697],[-130.0817,54.47,41.5526],[-130.08,54.4733,0.0],[-130.0822,54.4769,51.95],[-130.0816,54.4811,54.3413],[-130.0744,54.4881,30.5609],[-130.0697,54.4897,23.8335],[-130.0603,54.4891,29.5675],[-130.0461,54.493899999999996,49.8239],[-130.0333,54.4927,79.1471],[-130.0289,54.4903,0.0],[-130.0239,54.4919,0.0],[-130.0178,54.4978,43.8392],[-130.0044,54.5011,5.5756],[-129.9955,54.5081,7.7935],[-129.9861,54.5089,11.7166],[-129.9833,54.5078,0.8885],[-129.984,54.5033,11.0117],[-129.9876,54.499,0.0],[-129.9978,54.4948,37.1665],[-130.0,54.49,48.0871],[-130.0067,54.4878,12.6693],[-130.0138,54.4882,17.6482],[-130.0177,54.4857,35.2337],[-130.0221,54.4871,0.0],[-130.0228,54.4857,34.7978],[-130.0305,54.4849,0.0],[-130.0333,54.4832,67.5061],[-130.045,54.4842,0.0],[-130.0511,54.4809,257.7707],[-130.0551,54.4805,187.0817],[-130.0555,54.4781,564.6537],[-130.0683,54.4764,139.0767],[-130.0733,54.4733,0.0],[-130.0678,54.47,42.4183],[-130.075,54.4689,6.4827],[-130.0811,54.4631,84.4715],[-130.0789,54.4606,38.8149],[-130.08,54.4572,33.5108],[-130.0756,54.4489,0.0],[-130.0688,54.4473,41.8869],[-130.0661,54.4411,11.2769],[-130.07,54.4386,46.6457],[-130.0722,54.4342,16.5554],[-130.0839,54.4289,2.7251],[-130.0883,54.4156,0.0],[-130.1039,54.4061,0.0],[-130.1028,54.4031,24.4729],[-130.0906,54.3894,31.696],[-130.0828,54.3842,30.2966],[-130.0639,54.3642,4.9955],[-130.0539,54.3575,6.5069],[-130.0533,54.3475,0.0],[-130.0489,54.3428,15.4414],[-130.05,54.3403,9.8994],[-130.0444,54.3356,36.3323],[-130.0375,54.3332,16.4261],[-130.0322,54.3283,10.372],[-130.0106,54.3169,3.2029],[-129.9948,54.313,3.1823],[-129.9826,54.3185,20.7935],[-129.9811,54.3233,17.1789],[-129.9774,54.3239,48.5847],[-129.9768,54.3206,28.2122],[-129.9787,54.3151,2.8266],[-129.9844,54.3123,4.6997],[-129.9845,54.3031,4.7252],[-129.9944,54.3009,4.1071],[-129.9967,54.3011,12.7317],[-129.9992,54.3053,0.0],[-130.0183,54.3125,26.5988],[-130.0422,54.3239,48.9287],[-130.0589,54.335,41.9102],[-130.0611,54.3386,22.8289],[-130.0706,54.3425,0.0],[-130.075,54.3478,0.0],[-130.0756,54.3577,65.341],[-130.0833,54.3664,7.0187],[-130.0911,54.3719,0.0],[-130.0933,54.3758,0.0],[-130.1072,54.3861,5.5353],[-130.1139,54.3939,2.4744],[-130.1311,54.4042,5.0367],[-130.1439,54.4092,9.9997],[-130.1538,54.4189,4.454],[-130.1661,54.4256,12.4864],[-130.1722,54.4364,0.0],[-130.1772,54.4389,0.0],[-130.18,54.4436,1.9055],[-130.2083,54.4578,0.0],[-130.2367,54.4758,3.7915],[-130.2433,54.485,0.0],[-130.2655,54.4958,0.0],[-130.2683,54.5011,0.0],[-130.2789,54.5117,21.2766],[-130.2795,54.5147,6.4625],[-130.2867,54.5181,46.4732],[-130.2906,54.5228,0.0],[-130.2905,54.5259,0.0],[-130.2967,54.5292,8.0646],[-130.2956,54.5325,2.0147],[-130.3011,54.5333,4.6732],[-130.3056,54.5378,37.0983],[-130.3055,54.5411,0.0],[-130.3128,54.5469,0.0],[-130.3128,54.5494,0.0],[-130.3361,54.5633,3.8856],[-130.3383,54.5611,7.7907],[-130.3467,54.5695,7.7606],[-130.36,54.5769,6.0297],[-130.3755,54.5814,0.0],[-130.3739,54.5837,3.4537],[-130.3672,54.5817,0.0],[-130.3655,54.5825,6.1774],[-130.3678,54.5859,2.6088],[-130.3755,54.5906,6.3106],[-130.3739,54.5917,6.3106],[-130.3578,54.5839,62.9401],[-130.3472,54.5761,19.031],[-130.34,54.5753,0.0],[-130.3378,54.5764,0.0],[-130.3411,54.5823,4.4687],[-130.3539,54.5889,11.0892],[-130.3595,54.5975,0.0],[-130.3839,54.6119,29.7839],[-130.3883,54.6175,9.048],[-130.395,54.6211,0.0],[-130.4007,54.6206,16.2036],[-130.4061,54.6256,0.0],[-130.4132,54.6277,4.7289],[-130.4294,54.6366,19.0497],[-130.433,54.637,51.5349],[-130.4438,54.6323,7.555],[-130.4389,54.6281,0.0],[-130.4405,54.6253,20.8811],[-130.4496,54.6269,53.8798],[-130.4538,54.6247,6.317],[-130.4566,54.6197,15.1611],[-130.456,54.6129,0.0],[-130.4396,54.6077,0.0],[-130.4366,54.6039,2.1876],[-130.4378,54.5987,0.0],[-130.4364,54.5973,11.0496],[-130.4289,54.5956,34.8685],[-130.3952,54.5725,22.8382],[-130.3827,54.5575,23.6699],[-130.3887,54.5561,15.4843],[-130.3944,54.5603,9.6049],[-130.4006,54.5591,6.4283],[-130.405,54.5619,15.987],[-130.4167,54.5642,0.0],[-130.4198,54.5621,0.0],[-130.4269,54.5623,0.0],[-130.4367,54.5572,0.4617],[-130.4372,54.5511,12.664],[-130.4413,54.5475,30.5311],[-130.4411,54.5417,28.9974],[-130.4439,54.5386,15.5428],[-130.4478,54.5372,0.0],[-130.4453,54.5339,14.2029],[-130.4489,54.5336,0.0],[-130.4511,54.525,13.491],[-130.4489,54.5237,0.0],[-130.451,54.5207,7.1172],[-130.4495,54.516,0.7186],[-130.4472,54.5142,7.5728],[-130.4499,54.5122,0.0],[-130.4461,54.5097,1.692],[-130.4394,54.5095,10.1438],[-130.4417,54.5039,0.0],[-130.4477,54.4997,0.0],[-130.4436,54.4957,0.0],[-130.4461,54.4923,1.0336],[-130.4433,54.4886,4.9459],[-130.4366,54.4848,1.2764],[-130.4339,54.48,0.0],[-130.4283,54.4767,24.9374],[-130.4295,54.474,3.7384],[-130.4155,54.4747,4.1989],[-130.4139,54.4758,2.8138],[-130.4172,54.4784,6.7669],[-130.4115,54.4781,2.9399],[-130.4094,54.4725,9.0218],[-130.4104,54.4698,17.364],[-130.4143,54.4692,0.0],[-130.4146,54.468,2.5599],[-130.4096,54.4683,0.0],[-130.4061,54.4659,0.0],[-130.4026,54.4703,22.6763],[-130.3974,54.4711,9.201],[-130.402,54.4672,4.3009],[-130.4016,54.4633,2.2801],[-130.3946,54.4597,6.1835],[-130.3886,54.4609,9.7627],[-130.3894,54.4639,4.7624],[-130.3883,54.4645,4.7624],[-130.3856,54.4642,13.6104],[-130.385,54.4622,10.2037],[-130.3873,54.4619,7.3487],[-130.39,54.4583,0.0],[-130.3875,54.4567,5.6297],[-130.3894,54.4552,9.4004],[-130.4244,54.4492,1.1108],[-130.4328,54.4508,3.9613],[-130.433,54.4523,0.0],[-130.4407,54.456,0.0],[-130.4488,54.4573,0.0],[-130.4511,54.4564,12.5033],[-130.4539,54.4522,1.1503],[-130.4594,54.4497,5.2155],[-130.4638,54.4497,17.5272],[-130.4656,54.4478,19.6268],[-130.4672,54.44,6.5049],[-130.4728,54.4396,9.3029],[-130.4744,54.4425,0.0],[-130.4788,54.4444,0.0],[-130.4903,54.4296,12.9701],[-130.4861,54.4266,30.2931],[-130.4864,54.424,30.7965],[-130.4817,54.4217,2.581],[-130.4783,54.415,31.8386],[-130.4828,54.4122,0.0],[-130.4878,54.4073,3.7648],[-130.4878,54.4044,8.8488],[-130.4906,54.4031,13.9176],[-130.4857,54.4002,11.0243],[-130.4852,54.3977,14.6704],[-130.4803,54.3947,14.9375],[-130.4794,54.3922,9.0951],[-130.475,54.3906,18.4964],[-130.475,54.3869,19.5205],[-130.4789,54.3829,2.8433],[-130.4761,54.3761,11.5085],[-130.4853,54.3739,8.4546],[-130.483,54.3721,2.3097],[-130.4823,54.3691,10.1777],[-130.4881,54.3653,26.8564],[-130.4878,54.3639,26.8564],[-130.477,54.3636,1.9019],[-130.4644,54.3572,9.2717],[-130.46,54.3477,1.554],[-130.4622,54.3461,3.9282],[-130.4657,54.3463,6.4531],[-130.4666,54.3436,0.0],[-130.4577,54.3442,9.0089],[-130.4639,54.3411,9.277],[-130.4638,54.3376,29.4754],[-130.4618,54.3354,0.0],[-130.4425,54.3359,3.2452],[-130.4416,54.3381,3.2196],[-130.4322,54.3411,0.0],[-130.4322,54.3439,0.0],[-130.4339,54.3447,13.7991],[-130.4328,54.3453,0.0],[-130.4239,54.3447,6.9869],[-130.4235,54.3436,16.7053],[-130.4278,54.3428,10.2433],[-130.4272,54.3394,4.9189],[-130.4211,54.3395,0.0],[-130.4229,54.3425,16.7053],[-130.4172,54.3409,6.9219],[-130.4183,54.3369,18.3077],[-130.4233,54.3356,0.0],[-130.4147,54.3334,1.4265],[-130.4183,54.3314,19.5197],[-130.4178,54.3281,6.3354],[-130.4139,54.3278,5.1538],[-130.4133,54.3297,11.1074],[-130.4111,54.3289,12.8514],[-130.4096,54.3281,6.7688],[-130.4107,54.3247,0.0],[-130.4093,54.3228,3.721],[-130.4018,54.3204,0.0],[-130.4044,54.3275,5.9216],[-130.4006,54.3297,6.666],[-130.3944,54.3269,0.0],[-130.3902,54.3291,19.857],[-130.3892,54.3336,0.0],[-130.3854,54.3335,12.7997],[-130.3859,54.3309,0.0],[-130.3839,54.3293,7.9628],[-130.3839,54.3264,0.0],[-130.3781,54.3254,0.0],[-130.3792,54.3229,0.0],[-130.3761,54.3226,7.8823],[-130.3737,54.3185,1.6998],[-130.3631,54.3221,0.0],[-130.3633,54.3236,6.1641],[-130.3683,54.3219,8.1744],[-130.3644,54.3247,0.0],[-130.3622,54.3289,7.3215],[-130.3583,54.3222,4.3565],[-130.3516,54.3251,0.8145],[-130.3456,54.3314,18.801],[-130.3487,54.3347,0.0],[-130.3472,54.3356,20.707],[-130.3454,54.3358,20.707],[-130.3426,54.3306,0.0],[-130.3374,54.3294,0.0],[-130.3356,54.3311,7.7315],[-130.3293,54.3306,14.824],[-130.3194,54.3381,0.0],[-130.3144,54.3353,0.0],[-130.3056,54.3376,7.878],[-130.2942,54.3458,12.6587],[-130.2878,54.3475,0.0],[-130.2847,54.3539,1.9958],[-130.2814,54.3555,0.0],[-130.2833,54.3561,16.0069],[-130.2786,54.3583,0.0],[-130.2791,54.3606,10.6394],[-130.2741,54.3678,4.6603],[-130.2715,54.3785,6.0067],[-130.2601,54.3898,0.0],[-130.2605,54.3967,27.8246],[-130.2572,54.3989,0.0],[-130.2666,54.4009,0.0],[-130.2705,54.3997,6.9241],[-130.28,54.4039,0.0],[-130.2928,54.4133,0.0],[-130.3011,54.4169,3.8039],[-130.3122,54.4275,0.0],[-130.3128,54.4297,0.0],[-130.3233,54.4353,6.523],[-130.3244,54.4381,12.3782],[-130.3083,54.4319,0.0],[-130.3022,54.4261,12.3062],[-130.2956,54.4236,0.0],[-130.2944,54.4211,6.8474],[-130.2844,54.4133,0.0],[-130.2706,54.4067,0.0],[-130.2655,54.4061,18.3178],[-130.2554,54.3989,42.0133],[-130.2424,54.3995,18.8019],[-130.2473,54.3969,12.6131],[-130.2499,54.3929,16.9894],[-130.2497,54.3883,0.0],[-130.2455,54.3828,19.5353],[-130.2489,54.3819,0.0],[-130.2461,54.38,0.0],[-130.2469,54.3781,3.1732],[-130.2512,54.3806,0.0],[-130.2534,54.378,46.4581],[-130.2547,54.3724,41.8865],[-130.2574,54.3702,0.0],[-130.2568,54.3669,32.9003],[-130.2643,54.3545,22.4358],[-130.2645,54.3518,30.562],[-130.2727,54.3447,0.0],[-130.2761,54.3375,0.0],[-130.2799,54.3369,0.0],[-130.273,54.3349,0.0],[-130.27,54.3246,6.4442],[-130.2653,54.3238,5.4105],[-130.2622,54.3195,8.888],[-130.2535,54.3193,22.644],[-130.2508,54.317,0.0],[-130.2499,54.3105,8.2388],[-130.2458,54.3069,26.7932],[-130.2473,54.3051,0.0],[-130.2431,54.3011,34.2026],[-130.2447,54.2906,0.0],[-130.2391,54.2867,0.0],[-130.2386,54.2815,0.0],[-130.2353,54.2759,40.3564],[-130.2373,54.272,0.0],[-130.2318,54.2676,3.4902],[-130.2286,54.2689,30.1919],[-130.2253,54.2669,0.0],[-130.2185,54.2675,13.7455],[-130.2019,54.2651,0.0],[-130.1931,54.2685,4.8184],[-130.1855,54.269,0.0],[-130.1703,54.276,28.8147],[-130.1706,54.2742,0.0],[-130.165,54.2744,5.2318],[-130.1572,54.2805,20.6042],[-130.1483,54.2831,0.9152],[-130.1527,54.2781,47.7065],[-130.1599,54.2737,57.0082],[-130.1874,54.2672,0.0],[-130.1908,54.2633,15.2572],[-130.2038,54.2628,4.032],[-130.2042,54.2619,0.0],[-130.1952,54.257,15.0142],[-130.1988,54.2547,0.0],[-130.1956,54.2539,14.6364],[-130.1974,54.2514,0.0],[-130.1922,54.248,4.2209],[-130.1934,54.2475,0.0],[-130.1971,54.2472,0.0],[-130.2093,54.2536,16.6717],[-130.206,54.2556,17.2742],[-130.2061,54.259,3.7508],[-130.2078,54.2609,0.0],[-130.2115,54.2615,4.331],[-130.2245,54.2577,6.568],[-130.2359,54.2596,0.0],[-130.2455,54.2551,26.4388],[-130.2593,54.2533,5.4476],[-130.2647,54.2509,0.0],[-130.2672,54.2474,0.0],[-130.2727,54.2442,0.0],[-130.2733,54.242,14.5393],[-130.2771,54.2436,1.4088],[-130.2873,54.2417,8.1887],[-130.2849,54.2367,15.6931],[-130.2858,54.2332,6.2266],[-130.2916,54.2431,4.1926],[-130.301,54.2445,9.676],[-130.3038,54.2403,0.0],[-130.2956,54.2295,0.0],[-130.2976,54.229,0.0],[-130.2976,54.2274,0.0],[-130.2945,54.2246,2.8881],[-130.2947,54.2221,0.0],[-130.2874,54.2111,12.0545],[-130.2788,54.2042,18.9192],[-130.2632,54.1989,12.0059],[-130.2426,54.1949,0.0],[-130.2291,54.1955,13.4247],[-130.1836,54.1802,3.3477],[-130.1577,54.1675,2.4871],[-130.1335,54.1502,0.0],[-130.1286,54.1482,0.0],[-130.1133,54.1524,36.0294],[-130.105,54.1575,3.7844],[-130.0989,54.1658,13.9133],[-130.0794,54.1724,7.3305],[-130.0617,54.1736,0.0],[-130.0478,54.1711,7.2279],[-130.0361,54.1722,12.7918],[-130.029,54.1693,15.4685],[-130.0224,54.17,0.0],[-130.0172,54.1752,0.5609],[-130.0049,54.1794,5.0059],[-129.9988,54.1839,0.0],[-129.9932,54.1914,0.8027],[-129.9827,54.1967,1.515],[-129.9478,54.2017,1.9314],[-129.9378,54.2053,0.0],[-129.9228,54.2137,0.0],[-129.9078,54.2161,6.2081],[-129.8827,54.2251,0.0],[-129.8772,54.2297,19.6342],[-129.8694,54.2333,1.7118],[-129.8544,54.2367,1.3993],[-129.8361,54.2359,9.9495],[-129.8078,54.2317,0.7509],[-129.7933,54.2283,0.5686],[-129.7833,54.2233,0.0],[-129.77,54.2206,40.3218],[-129.7439,54.2197,12.1851],[-129.6994,54.2139,46.9448],[-129.6794,54.2078,20.4068],[-129.6522,54.1897,3.5225],[-129.6394,54.1864,0.0],[-129.6211,54.1872,16.4137],[-129.5944,54.1995,11.1615],[-129.5883,54.1981,0.0],[-129.5833,54.1989,0.0],[-129.5828,54.1934,3.4512],[-129.5867,54.1883,0.0],[-129.5906,54.1847,56.8553],[-129.6083,54.1756,0.0],[-129.6311,54.1737,13.6327],[-129.64,54.1709,0.0],[-129.6489,54.1722,0.0],[-129.6628,54.1772,0.0],[-129.6903,54.1948,49.8051],[-129.6978,54.1977,0.0],[-129.7083,54.1964,28.3556],[-129.7289,54.1969,58.5296],[-129.7383,54.195,16.4495],[-129.7683,54.1969,9.8808],[-129.8283,54.2133,26.6684],[-129.8467,54.215,31.0633],[-129.8544,54.2131,25.3148],[-129.8776,54.2026,1.511],[-129.8905,54.1989,0.0],[-129.9005,54.1981,1.855],[-129.9193,54.189,1.5539],[-129.9394,54.1836,10.7041],[-129.9417,54.1806,0.5224],[-129.9405,54.1794,108.4838],[-129.9422,54.1761,9.5343],[-129.945,54.1739,2.4445],[-129.9394,54.1703,3.4696],[-129.9367,54.165,4.5914],[-129.9373,54.1587,0.0],[-129.9416,54.1564,0.0],[-129.9505,54.1553,0.0],[-129.9556,54.1567,5.7072],[-129.96,54.16,16.2963],[-129.9689,54.16,1.3817],[-129.9706,54.1556,0.0],[-129.981,54.15,0.0],[-129.9811,54.1483,3.2432],[-129.9922,54.1437,19.1767],[-130.005,54.1442,0.0],[-130.0169,54.1422,0.0],[-130.0305,54.1421,0.8173],[-130.0325,54.1431,0.8173],[-130.0322,54.1453,3.4686],[-130.0345,54.1446,4.0252],[-130.0426,54.148,21.9263],[-130.0547,54.147,11.0945],[-130.0561,54.1454,6.0516],[-130.0541,54.1434,13.1581],[-130.0582,54.1387,5.2848],[-130.056,54.1363,42.5979],[-130.0641,54.1282,0.0],[-130.0653,54.1245,0.0],[-130.0702,54.1237,22.127],[-130.0795,54.119,0.0],[-130.0803,54.1153,53.8242],[-130.0844,54.1125,0.0],[-130.0837,54.1113,0.0],[-130.0854,54.1095,0.0],[-130.0842,54.1085,6.4316],[-130.0872,54.106,4.2435],[-130.0874,54.0983,25.0478],[-130.09,54.0897,7.3418],[-130.0886,54.0879,0.0],[-130.0896,54.0801,11.3762],[-130.0904,54.0782,34.7877],[-130.0943,54.0768,5.6797],[-130.098,54.0689,0.0],[-130.1028,54.0647,14.8904],[-130.0925,54.0499,14.7642],[-130.0909,54.0427,25.2156],[-130.0918,54.0353,7.6133],[-130.0855,54.0228,0.0],[-130.0867,54.0194,3.512],[-130.0896,54.0199,3.8933],[-130.0911,54.0175,18.6563],[-130.0937,54.0173,0.0],[-130.0932,54.012,39.607],[-130.0967,54.0089,0.0],[-130.0959,54.0052,0.0],[-130.0921,54.0016,1.8453],[-130.0789,54.0,2.2342],[-130.0743,53.9922,3.6227],[-130.0745,53.9895,3.859],[-130.0766,53.9882,2.8163],[-130.0765,53.9834,3.6722],[-130.0791,53.9941,1.4016],[-130.0915,54.0007,0.0],[-130.0983,53.9981,0.0],[-130.0966,53.9946,6.9938],[-130.1045,53.9839,3.4023],[-130.1022,53.9811,11.9509],[-130.1049,53.9783,6.5485],[-130.1032,53.9738,20.5189],[-130.0999,53.9709,0.0],[-130.0917,53.9681,11.0999],[-130.0967,53.9647,3.0288],[-130.1012,53.9646,0.0],[-130.1072,53.9576,0.0],[-130.1061,53.9528,5.0639],[-130.1083,53.9511,0.0],[-130.1083,53.9466,0.0],[-130.1038,53.9441,25.0611],[-130.1027,53.9372,3.2655],[-130.0972,53.9325,5.8701],[-130.085,53.9283,16.3657],[-130.0844,53.9259,10.5569],[-130.0861,53.9239,0.0],[-130.0839,53.9211,16.9727],[-130.085,53.9203,23.9694],[-130.0834,53.9156,3.9424],[-130.0839,53.9112,0.0],[-130.0763,53.9012,0.0],[-130.077,53.8991,0.0],[-130.0723,53.8948,4.3297],[-130.0732,53.8911,0.0],[-130.05,53.8753,0.0],[-130.0518,53.8722,0.0],[-130.0378,53.8619,0.0],[-130.0289,53.8595,0.0],[-130.0277,53.8611,0.0],[-130.0339,53.865,5.9061],[-130.0311,53.8658,11.9789],[-130.0149,53.8541,3.8825],[-130.0047,53.858,0.0],[-130.006,53.8592,33.5964],[-130.0039,53.8611,0.0],[-129.9883,53.865,0.0],[-129.9839,53.868899999999996,6.7642],[-129.9861,53.8703,6.7642],[-129.985,53.8709,6.8906],[-129.9718,53.8672,12.6598],[-129.9715,53.865,12.0105],[-129.9755,53.8645,3.2829],[-129.9752,53.8628,10.6056],[-129.9833,53.8628,0.0],[-129.9828,53.8603,5.9188],[-129.9861,53.8565,30.0533],[-130.0083,53.8508,0.0],[-130.0057,53.8483,3.1588],[-130.0078,53.8476,0.0],[-130.0078,53.844,0.0],[-129.9822,53.8242,5.4492],[-129.975,53.8222,3.0085],[-129.9733,53.8236,3.0085],[-129.9684,53.8214,1.2067],[-129.965,53.8175,7.2039],[-129.9589,53.8159,13.142],[-129.9578,53.8128,0.0],[-129.935,53.7977,28.6719],[-129.9232,53.7856,0.0],[-129.9028,53.7741,3.6935],[-129.8966,53.7678,3.5761],[-129.8884,53.7675,2.4028],[-129.8882,53.7659,0.0],[-129.8736,53.7572,13.4319],[-129.872,53.7548,0.0],[-129.8494,53.7423,33.5873],[-129.8339,53.7361,5.3816],[-129.8283,53.7392,33.5421],[-129.8289,53.743899999999996,44.526],[-129.8278,53.7447,0.0],[-129.8294,53.7472,17.8125],[-129.8297,53.7527,7.6071],[-129.8224,53.7555,16.489],[-129.8211,53.7525,1.1703],[-129.8246,53.7458,0.0],[-129.8222,53.7326,4.7122],[-129.8139,53.7239,4.7891],[-129.8011,53.7165,16.599],[-129.7945,53.7149,1.0746],[-129.7864,53.7065,3.3261],[-129.7792,53.7032,6.4349],[-129.7569,53.6947,3.5311],[-129.7445,53.6953,5.2663],[-129.7483,53.6917,0.0],[-129.7394,53.6872,13.5534],[-129.7361,53.6911,12.6218],[-129.7389,53.6951,21.9541],[-129.7381,53.6982,9.2042],[-129.7439,53.7064,3.4758],[-129.7428,53.7081,3.3648],[-129.7411,53.7073,3.3648],[-129.7345,53.6995,23.5876],[-129.7261,53.6836,0.0],[-129.7217,53.6809,2.8777],[-129.7228,53.6769,23.5238],[-129.7207,53.6735,0.0],[-129.7173,53.6747,0.0],[-129.7161,53.6795,0.0],[-129.7172,53.6867,4.9922],[-129.7161,53.6895,30.7881],[-129.7189,53.695,0.0],[-129.7167,53.6978,3.1668],[-129.7178,53.7,0.0],[-129.7239,53.7033,41.7482],[-129.725,53.7081,0.0],[-129.7311,53.7173,12.8225],[-129.7234,53.7136,0.0],[-129.7172,53.7023,1.4266],[-129.7156,53.7025,1.4266],[-129.7167,53.708,1.6858],[-129.715,53.7089,39.7739],[-129.7118,53.7077,10.8829],[-129.7066,53.6997,5.9688],[-129.71,53.6969,0.7763],[-129.7078,53.6959,43.6066],[-129.71,53.6933,3.5622],[-129.7072,53.6903,61.3449],[-129.7111,53.6844,0.0],[-129.7094,53.6817,46.5792],[-129.7128,53.6767,17.461],[-129.7122,53.6753,24.5388],[-129.7155,53.6717,0.0],[-129.7133,53.6694,0.0],[-129.7138,53.6666,0.0],[-129.7047,53.663,0.0],[-129.7028,53.6608,0.0],[-129.6978,53.66,9.5581],[-129.6972,53.6567,8.5639],[-129.6994,53.6556,0.0],[-129.7044,53.6569,34.1439],[-129.7174,53.6655,0.0],[-129.7211,53.6628,39.248],[-129.7247,53.668,7.8772],[-129.7399,53.673,35.115],[-129.744,53.6798,21.9061],[-129.7539,53.6847,0.0],[-129.7626,53.6772,0.0],[-129.7605,53.675,0.0],[-129.7539,53.6733,26.5784],[-129.7544,53.6717,12.6309],[-129.76,53.6695,3.5121],[-129.7594,53.6675,6.4662],[-129.7498,53.6563,13.6969],[-129.7303,53.6405,31.8171],[-129.7293,53.6365,0.0],[-129.7242,53.6306,10.5173],[-129.7073,53.6173,46.2682],[-129.6896,53.599,13.2119],[-129.6511,53.5714,56.1148],[-129.6462,53.5661,5.4291],[-129.602,53.5423,28.0972],[-129.5994,53.5439,11.855],[-129.5983,53.5522,82.4693],[-129.5967,53.5542,42.7668],[-129.5872,53.5553,0.0],[-129.5833,53.5575,36.8747],[-129.5828,53.5606,24.5304],[-129.5755,53.5631,11.5564],[-129.5706,53.5633,0.0],[-129.5652,53.5607,2.6584],[-129.5652,53.5575,0.0],[-129.5699,53.5555,0.0],[-129.5793,53.5565,7.2711],[-129.5748,53.5527,6.9662],[-129.5935,53.5467,79.7409],[-129.5956,53.5392,19.6157],[-129.5816,53.5293,7.9535],[-129.5441,53.5083,7.9205],[-129.5414,53.5053,0.0],[-129.5238,53.4971,32.9415],[-129.5163,53.4907,3.3392],[-129.5101,53.4888,69.7544],[-129.4915,53.4753,0.0],[-129.4867,53.4731,0.0],[-129.476,53.4728,26.1356],[-129.473,53.4685,0.0],[-129.4474,53.4547,28.3496],[-129.4449,53.4513,25.4307],[-129.4267,53.4373,39.8346],[-129.4133,53.4319,0.0],[-129.4013,53.4194,0.0],[-129.3956,53.4183,39.0724],[-129.3793,53.4054,5.3345],[-129.3667,53.3999,8.0568],[-129.3428,53.3842,0.0],[-129.3287,53.3796,9.0036],[-129.3142,53.3718,0.0],[-129.3107,53.371,4.6398],[-129.3069,53.3745,0.0],[-129.3025,53.375,0.0],[-129.2991,53.3729,5.2874],[-129.3,53.3708,10.2627],[-129.2988,53.368899999999996,6.2931],[-129.2888,53.3642,46.321],[-129.2813,53.3627,27.9038],[-129.2703,53.3641,5.6082],[-129.2704,53.3661,0.0],[-129.2785,53.3737,0.0],[-129.2782,53.3795,0.0],[-129.2877,53.3896,0.0],[-129.2894,53.3975,0.0],[-129.282,53.4015,2.8488],[-129.2586,53.4059,32.7179],[-129.2544,53.4106,0.0],[-129.255,53.4133,0.0],[-129.2583,53.4153,0.0],[-129.2528,53.4181,0.0]]],
[[[-129.8767,53.4236,0.0],[-129.88,53.425,0.0],[-129.8811,53.4233,0.0],[-129.8789,53.4228,0.0],[-129.8767,53.4236,0.0]]],
[[[-129.8503,53.439,0.0],[-129.8521,53.4387,4.6047],[-129.8533,53.4367,0.0],[-129.8482,53.4371,0.0],[-129.8503,53.439,0.0]]],
[[[-129.9339,53.4514,0.0],[-129.9315,53.4519,0.0],[-129.9336,53.4539,0.0],[-129.9344,53.4536,0.0],[-129.9339,53.4514,0.0]]],
[[[-129.966,53.466,9.012],[-129.9588,53.4659,11.0659],[-129.9568,53.4675,3.3741],[-129.9624,53.4703,4.2016],[-129.9688,53.468,0.0],[-129.966,53.466,9.012]]],
[[[-129.9689,53.47,0.0],[-129.9667,53.4709,0.0],[-129.97,53.4725,0.0],[-129.9744,53.4711,0.0],[-129.9733,53.4703,0.0],[-129.9689,53.47,0.0]]],
[[[-129.9866,53.4808,0.0],[-129.9904,53.4825,0.0],[-129.9911,53.4811,0.0],[-129.9889,53.4805,0.0],[-129.9866,53.4808,0.0]]],
[[[-130.0283,53.505,0.0],[-130.0278,53.5033,0.0],[-130.0244,53.5042,2.2611],[-130.0267,53.505,2.3871],[-130.0283,53.505,0.0]]],
[[[-129.9322,53.5469,20.3028],[-129.9405,53.5481,0.0],[-129.9444,53.5467,0.0],[-129.9439,53.5439,0.0],[-129.9506,53.5419,24.4529],[-129.9608,53.5316,0.0],[-129.9617,53.5289,0.0],[-129.9583,53.5273,0.0],[-129.9583,53.525,0.0],[-129.9622,53.5219,19.043],[-129.9667,53.5217,13.0844],[-129.9683,53.5228,12.9057],[-129.9677,53.5239,0.0],[-129.9731,53.5224,0.0],[-129.9717,53.5211,2.9467],[-129.9728,53.5187,0.0],[-129.9705,53.5175,0.0],[-129.9712,53.5113,0.0],[-129.9728,53.5103,4.2388],[-129.9761,53.51,4.2388],[-129.9777,53.5123,0.0],[-129.9761,53.5212,0.0],[-129.9783,53.5222,0.0],[-129.9789,53.5292,7.7062],[-129.9806,53.5297,7.6058],[-129.9828,53.5286,0.0],[-129.9825,53.5271,0.0],[-129.9897,53.5259,0.0],[-129.9955,53.5218,16.4615],[-130.023,53.5119,27.4977],[-130.0273,53.5092,1.9166],[-130.0272,53.5064,4.8872],[-130.0194,53.5028,4.1209],[-130.0211,53.5011,0.0],[-130.0112,53.4978,6.084],[-130.0109,53.4946,2.3255],[-130.0056,53.4925,0.0],[-130.0039,53.4931,0.0],[-130.0061,53.4956,13.1331],[-130.0044,53.4953,3.2644],[-130.0017,53.4933,6.6499],[-130.0044,53.4917,0.0],[-130.0028,53.4908,1.9054],[-129.9917,53.4886,0.0],[-129.9872,53.4892,4.5296],[-129.9894,53.4873,0.0],[-129.984,53.4839,6.6127],[-129.9828,53.4817,0.0],[-129.9839,53.48,0.0],[-129.9767,53.4759,0.0],[-129.9657,53.4744,6.3484],[-129.9574,53.4715,3.1248],[-129.955,53.4681,5.2564],[-129.9467,53.4659,5.4582],[-129.9339,53.4689,22.6942],[-129.9274,53.4689,3.4086],[-129.9236,53.4738,22.1915],[-129.9233,53.4783,24.3102],[-129.9167,53.4833,0.0],[-129.9178,53.4847,4.1913],[-129.9156,53.4859,0.0],[-129.916,53.4906,0.0],[-129.9086,53.4951,17.2984],[-129.9083,53.5006,0.0],[-129.9111,53.5017,12.0444],[-129.9043,53.5061,4.9608],[-129.8988,53.5126,10.1549],[-129.9027,53.5153,40.8292],[-129.9006,53.5164,12.5304],[-129.8989,53.5144,0.0],[-129.8961,53.5151,0.0],[-129.8977,53.5161,0.0],[-129.8939,53.52,0.0],[-129.8933,53.5245,0.0],[-129.895,53.5274,0.0],[-129.8939,53.53,0.0],[-129.8956,53.5314,0.0],[-129.8878,53.5345,0.0],[-129.895,53.5375,0.0],[-129.8956,53.5389,5.803],[-129.8933,53.5406,0.0],[-129.8972,53.5425,2.6035],[-129.9067,53.5439,0.0],[-129.9067,53.5422,5.9568],[-129.9094,53.5411,17.9118],[-129.9211,53.5451,21.2211],[-129.9322,53.5469,20.3028]]],
[[[-129.9983,53.5253,26.5078],[-129.9985,53.5221,3.8073],[-129.995,53.5249,26.5078],[-129.9983,53.5253,26.5078]]],
[[[-129.9938,53.5315,0.0],[-129.9962,53.5288,0.0],[-129.9951,53.5271,0.0],[-129.9903,53.5279,0.0],[-129.9828,53.5333,4.7912],[-129.9851,53.5351,6.2864],[-129.9892,53.5352,12.9882],[-129.9938,53.5315,0.0]]],
[[[-129.9806,53.5528,14.7674],[-129.9906,53.5536,10.9398],[-129.9961,53.5494,0.0],[-129.9989,53.5492,0.0],[-129.9989,53.5478,9.7424],[-129.9894,53.5489,8.5586],[-129.9878,53.5477,9.3802],[-129.9972,53.5447,0.0],[-129.995,53.5425,0.0],[-129.9906,53.5444,5.4294],[-129.9836,53.5442,15.7337],[-129.9739,53.5509,38.1829],[-129.9711,53.5503,76.6857],[-129.9717,53.5473,0.0],[-129.9755,53.5442,5.4999],[-129.975,53.5425,4.9549],[-129.9789,53.5405,0.0],[-129.9761,53.5375,50.643],[-129.9767,53.5319,0.0],[-129.9739,53.5311,2.0159],[-129.9707,53.5325,22.3457],[-129.9695,53.5319,15.5974],[-129.9716,53.5292,0.0],[-129.9683,53.53,0.0],[-129.9628,53.5361,0.0],[-129.9644,53.5383,10.1644],[-129.9622,53.54,0.0],[-129.9627,53.5439,0.0],[-129.9595,53.5473,0.0],[-129.9594,53.5511,0.0],[-129.9806,53.5528,14.7674]]],
[[[-130.1117,53.5506,0.0],[-130.11,53.5525,0.0],[-130.1122,53.5536,0.0],[-130.1167,53.5517,0.0],[-130.115,53.5497,0.0],[-130.1117,53.5506,0.0]]],
[[[-130.143,53.5531,9.0794],[-130.1456,53.5517,0.0],[-130.1442,53.5494,0.0],[-130.1359,53.5523,12.2732],[-130.1378,53.5561,0.0],[-130.143,53.5531,9.0794]]],
[[[-130.0666,53.5611,6.89],[-130.0961,53.5607,0.0],[-130.1034,53.5589,9.9889],[-130.1005,53.5506,0.0],[-130.0979,53.5479,0.0],[-130.0936,53.547,0.0],[-130.0877,53.5493,9.371],[-130.0697,53.5497,2.8671],[-130.0643,53.552,0.0],[-130.0614,53.557,2.9052],[-130.0654,53.5586,0.9585],[-130.0666,53.5611,6.89]]],
[[[-129.9622,53.5628,6.5056],[-129.9767,53.5631,2.828],[-129.9805,53.5612,0.0],[-129.9783,53.5594,19.9705],[-129.9833,53.5606,0.0],[-129.9894,53.5567,0.0],[-129.9822,53.5533,14.7674],[-129.965,53.5542,6.3187],[-129.9611,53.5553,3.0894],[-129.9567,53.5614,0.0],[-129.9572,53.5631,0.0],[-129.9622,53.5628,6.5056]]],
[[[-130.6163,53.4662,0.0],[-130.6156,53.4639,0.0],[-130.6139,53.4644,0.0],[-130.6139,53.4668,0.0741],[-130.6163,53.4662,0.0]]],
[[[-130.6037,53.4658,1.4405],[-130.6035,53.4645,1.0607],[-130.5997,53.4644,0.0],[-130.6019,53.4667,1.4405],[-130.6041,53.4669,0.0],[-130.6037,53.4658,1.4405]]],
[[[-130.6139,53.5045,2.744],[-130.6278,53.5044,0.0],[-130.6267,53.5031,11.493],[-130.6333,53.5017,0.5922],[-130.6328,53.4975,0.0],[-130.6306,53.4961,21.9197],[-130.6328,53.495,0.0533],[-130.6328,53.4933,0.5736],[-130.6289,53.4883,6.1998],[-130.6317,53.4872,0.6102],[-130.6317,53.485,0.318],[-130.625,53.4853,0.8371],[-130.622,53.4829,7.1624],[-130.623,53.4815,0.0],[-130.62,53.4794,19.6081],[-130.6206,53.4783,0.0],[-130.6161,53.4775,38.9965],[-130.6194,53.4761,0.4295],[-130.6156,53.4753,0.2185],[-130.615,53.4736,0.0],[-130.6133,53.4736,0.0],[-130.6128,53.4761,11.9223],[-130.6083,53.4745,2.9559],[-130.6078,53.4764,10.605],[-130.6044,53.4708,2.1558],[-130.6017,53.4692,3.6713],[-130.5978,53.47,1.5273],[-130.5967,53.4689,3.5787],[-130.5928,53.4722,13.6702],[-130.5906,53.4717,24.0687],[-130.5917,53.4671,0.7373],[-130.5905,53.4653,0.0],[-130.5833,53.4667,1.2345],[-130.5832,53.468,0.7139],[-130.5807,53.4668,0.2082],[-130.5831,53.4695,0.0641],[-130.5842,53.4742,0.0],[-130.5889,53.4742,13.416],[-130.5872,53.4769,0.0],[-130.5917,53.4803,18.6937],[-130.59,53.4828,10.7864],[-130.5856,53.4808,4.3271],[-130.5866,53.4836,0.0],[-130.5917,53.485,8.2239],[-130.5928,53.4875,0.0],[-130.595,53.4878,0.0],[-130.5945,53.49,0.0],[-130.5961,53.4919,5.1915],[-130.5922,53.4933,0.0],[-130.5983,53.4956,0.0],[-130.5983,53.4978,0.0],[-130.605,53.5025,0.0],[-130.6139,53.5045,2.744]]],
[[[-130.6341,53.4884,0.3536],[-130.6364,53.489,0.0733],[-130.6347,53.4865,-0.0205],[-130.633,53.4879,0.3536],[-130.6341,53.4884,0.3536]]],
[[[-130.5082,53.5335,0.7739],[-130.5101,53.5325,0.7739],[-130.5083,53.5317,0.0],[-130.5056,53.5331,1.1302],[-130.5067,53.5369,1.8115],[-130.5056,53.5378,6.4986],[-130.5117,53.5378,1.6373],[-130.5106,53.535,1.3109],[-130.5082,53.5335,0.7739]]],
[[[-130.5224,53.5375,6.6676],[-130.524,53.5359,0.0],[-130.5217,53.5319,0.0],[-130.5146,53.5346,0.2322],[-130.5169,53.5389,0.3401],[-130.5161,53.5403,0.3401],[-130.5183,53.5419,9.5357],[-130.5211,53.5414,9.5357],[-130.5195,53.5396,6.3699],[-130.5224,53.5375,6.6676]]],
[[[-130.5256,53.54,0.0],[-130.5285,53.5432,0.0],[-130.5371,53.5426,0.4978],[-130.5333,53.5392,4.7632],[-130.5322,53.5353,0.0],[-130.5289,53.5364,1.8412],[-130.5294,53.5397,1.5091],[-130.5278,53.5396,1.5091],[-130.5272,53.5367,0.0],[-130.5256,53.5373,0.0],[-130.5256,53.54,0.0]]],
[[[-130.5465,53.5453,0.0],[-130.5446,53.5426,0.3262],[-130.5416,53.5423,1.5485],[-130.5417,53.5464,5.123],[-130.5455,53.5467,3.0091],[-130.5465,53.5453,0.0]]],
[[[-130.6326,53.4899,0.0],[-130.6343,53.4946,0.0533],[-130.6398,53.4927,1.4232],[-130.6393,53.4913,0.2295],[-130.6337,53.4904,0.1169],[-130.6354,53.4899,0.0733],[-130.6343,53.4893,0.1169],[-130.6326,53.4899,0.0]]],
[[[-130.635,53.5478,0.0303],[-130.6328,53.5469,0.0],[-130.6328,53.5481,1.2204],[-130.6364,53.5491,0.1255],[-130.6367,53.5475,0.0303],[-130.635,53.5478,0.0303]]],
[[[-130.5769,53.5968,0.3324],[-130.5811,53.595,1.5998],[-130.5783,53.5942,1.5998],[-130.5753,53.5961,0.3324],[-130.5769,53.5968,0.3324]]],
[[[-130.5733,53.6006,8.2006],[-130.5728,53.6031,0.0],[-130.5744,53.6039,0.0],[-130.5817,53.6033,0.0],[-130.5839,53.6009,0.0],[-130.582,53.5978,0.5809],[-130.5838,53.596,0.0],[-130.5822,53.5956,0.7711],[-130.58,53.5967,1.8167],[-130.58,53.5986,0.0],[-130.5733,53.6006,8.2006]]],
[[[-130.554,53.5608,1.31],[-130.555,53.5624,0.0],[-130.5575,53.5603,1.5322],[-130.5556,53.5572,3.2112],[-130.5533,53.5581,3.2112],[-130.554,53.5608,1.31]]],
[[[-130.5539,53.59,0.0],[-130.5494,53.5894,0.1662],[-130.5472,53.5911,0.0],[-130.555,53.5908,0.4582],[-130.5539,53.59,0.0]]],
[[[-130.5417,53.5931,3.6931],[-130.5444,53.5914,1.3367],[-130.5444,53.5906,1.3367],[-130.538,53.5931,0.0],[-130.5417,53.5931,3.6931]]],
[[[-130.5589,53.5953,1.516],[-130.56,53.5944,1.516],[-130.5567,53.5939,3.3572],[-130.5544,53.5961,0.0],[-130.5611,53.5969,0.0],[-130.5589,53.5953,1.516]]],
[[[-130.5663,53.5971,0.0],[-130.5688,53.5951,4.5429],[-130.5657,53.594,4.5429],[-130.5628,53.5951,7.0543],[-130.5642,53.5971,0.0],[-130.5663,53.5971,0.0]]],
[[[-130.5617,53.6022,1.8931],[-130.565,53.6019,0.0],[-130.5667,53.6002,0.0],[-130.5602,53.6013,0.0],[-130.5617,53.6022,1.8931]]],
[[[-130.549,53.6016,0.0],[-130.5456,53.6014,0.0],[-130.545,53.6028,0.0],[-130.5517,53.6039,0.0],[-130.5589,53.6022,0.0],[-130.5561,53.6003,0.0],[-130.549,53.6016,0.0]]],
[[[-130.5628,53.6028,0.0],[-130.56,53.6042,0.0],[-130.565,53.6045,0.0],[-130.5711,53.6014,0.0],[-130.5655,53.6031,0.4056],[-130.5628,53.6028,0.0]]],
[[[-130.5835,53.6079,0.2953],[-130.5843,53.6061,0.3431],[-130.5806,53.6053,0.0],[-130.5809,53.6075,0.0],[-130.5835,53.6079,0.2953]]],
[[[-130.5772,53.6131,3.9329],[-130.5733,53.6125,8.4425],[-130.5689,53.615,0.0],[-130.5789,53.615,2.6013],[-130.5832,53.6134,0.0589],[-130.5796,53.6118,0.0],[-130.5772,53.6131,3.9329]]],
[[[-130.5678,53.618899999999996,0.0],[-130.5711,53.6192,0.0],[-130.5728,53.6169,0.0],[-130.5711,53.6167,0.0],[-130.5678,53.618899999999996,0.0]]],
[[[-130.5739,53.6203,3.1743],[-130.5789,53.618899999999996,0.0],[-130.5794,53.6169,0.1069],[-130.5761,53.6167,0.0],[-130.5739,53.6183,0.0],[-130.5739,53.6203,3.1743]]],
[[[-130.5556,53.605,0.0],[-130.5544,53.6061,3.5959],[-130.5572,53.6061,3.9645],[-130.5573,53.6051,1.4622],[-130.5556,53.605,0.0]]],
[[[-130.5549,53.6076,3.2094],[-130.5517,53.6086,0.0],[-130.5589,53.6092,1.6166],[-130.5606,53.6078,4.4942],[-130.5589,53.6072,4.4942],[-130.5549,53.6076,3.2094]]],
[[[-130.5483,53.6267,0.0],[-130.5522,53.6264,5.166],[-130.5533,53.6239,0.0],[-130.5506,53.6239,6.333],[-130.5483,53.6267,0.0]]],
[[[-130.565,53.6261,3.9636],[-130.5644,53.6281,0.0],[-130.5672,53.6283,0.3186],[-130.5672,53.6247,0.0],[-130.565,53.6261,3.9636]]],
[[[-130.567,53.6298,0.0],[-130.5656,53.6299,0.0],[-130.5633,53.6328,2.2706],[-130.5671,53.6328,7.1913],[-130.567,53.6298,0.0]]],
[[[-130.53,53.765,0.0],[-130.5242,53.7659,1.59],[-130.5305,53.7669,0.0],[-130.5317,53.7658,0.0],[-130.53,53.765,0.0]]],
[[[-130.4939,53.7647,0.8353],[-130.4922,53.7656,0.0],[-130.4928,53.7678,0.0],[-130.4965,53.7679,0.0],[-130.497,53.7654,0.0],[-130.4939,53.7647,0.8353]]],
[[[-130.4833,53.7661,0.0],[-130.4794,53.7658,5.8035],[-130.4783,53.7667,9.7642],[-130.4805,53.7681,3.7973],[-130.4833,53.7661,0.0]]],
[[[-130.4239,53.795,5.9201],[-130.4333,53.7969,1.6327],[-130.4367,53.7947,25.1744],[-130.44,53.7964,2.5805],[-130.4417,53.7947,0.0],[-130.4394,53.7933,10.1797],[-130.4411,53.7928,10.1797],[-130.4519,53.7937,21.3375],[-130.4645,53.7903,12.5095],[-130.4669,53.7837,11.9383],[-130.4717,53.7789,3.4304],[-130.4639,53.7792,2.8117],[-130.4522,53.7836,0.0],[-130.4506,53.7822,12.8292],[-130.4511,53.78,5.3767],[-130.4478,53.7772,0.0],[-130.4533,53.7753,27.2649],[-130.4544,53.7739,5.4993],[-130.4527,53.7725,17.2889],[-130.4544,53.7717,16.2639],[-130.4572,53.7747,1.2488],[-130.4705,53.7775,0.0],[-130.4751,53.7745,10.3378],[-130.4752,53.7714,11.6417],[-130.48,53.7711,7.9014],[-130.4756,53.7683,16.2181],[-130.4721,53.7701,7.1455],[-130.4727,53.7681,16.2181],[-130.478,53.7659,9.7642],[-130.4686,53.7626,3.4526],[-130.469,53.7655,17.8797],[-130.4646,53.7637,0.0],[-130.4552,53.7555,16.8701],[-130.4499,53.7532,17.8321],[-130.4476,53.75,0.0],[-130.4447,53.7492,7.1502],[-130.4358,53.7491,10.3415],[-130.4317,53.7505,0.0],[-130.435,53.7569,2.9389],[-130.4378,53.7583,14.56],[-130.435,53.7592,12.5949],[-130.4272,53.755,0.0],[-130.4239,53.7548,1.7315],[-130.4193,53.7575,10.1046],[-130.415,53.7561,0.0],[-130.4117,53.7595,9.0523],[-130.4133,53.7619,40.0279],[-130.4032,53.7693,29.8792],[-130.4026,53.7724,48.9095],[-130.4041,53.7751,9.9671],[-130.401,53.7787,11.3943],[-130.4045,53.7815,14.3368],[-130.4117,53.7828,11.2417],[-130.4128,53.7845,30.4904],[-130.41,53.785,6.5802],[-130.4033,53.7828,4.1683],[-130.3999,53.7839,0.0],[-130.4016,53.7867,7.0718],[-130.4061,53.7861,5.6309],[-130.4061,53.7887,0.0],[-130.4082,53.7907,0.0],[-130.4201,53.7925,1.225],[-130.4239,53.795,5.9201]]],
[[[-130.4606,53.7792,2.8117],[-130.4603,53.7774,0.0],[-130.457,53.7766,0.0],[-130.4528,53.7806,0.0],[-130.4544,53.7814,8.1642],[-130.4606,53.7792,2.8117]]],
[[[-130.4711,53.7844,8.9221],[-130.4663,53.7905,0.0],[-130.4811,53.7889,0.0],[-130.4783,53.7878,10.5827],[-130.4794,53.7861,0.0],[-130.4767,53.7847,2.8382],[-130.4711,53.7844,8.9221]]],
[[[-130.4494,53.7981,19.7343],[-130.4539,53.7961,2.4713],[-130.455,53.7942,2.4566],[-130.4456,53.7969,2.4231],[-130.4494,53.7981,19.7343]]],
[[[-130.3694,53.7994,0.0],[-130.3667,53.8006,2.4358],[-130.3722,53.8031,6.7781],[-130.3787,53.8014,3.5335],[-130.3815,53.7989,0.0],[-130.3781,53.7975,9.2552],[-130.3694,53.7994,0.0]]],
[[[-130.3494,53.8017,0.0],[-130.3511,53.8031,3.4405],[-130.3595,53.8036,0.0],[-130.355,53.8003,0.0],[-130.3517,53.8,0.0],[-130.3494,53.8017,0.0]]],
[[[-130.3611,53.8021,0.0],[-130.3624,53.8034,17.9166],[-130.3654,53.8029,0.0],[-130.3648,53.8009,7.5612],[-130.3611,53.8021,0.0]]],
[[[-130.3583,53.8097,0.0],[-130.3622,53.8097,17.5034],[-130.3639,53.8086,0.0],[-130.3622,53.8081,0.0],[-130.3583,53.8097,0.0]]],
[[[-130.4695,53.8019,8.9097],[-130.4722,53.8039,9.1857],[-130.4678,53.8039,4.7469],[-130.4667,53.8053,4.7469],[-130.47,53.8075,0.0],[-130.4783,53.805,15.1412],[-130.4817,53.8019,0.0],[-130.4753,53.7992,16.0912],[-130.486,53.7946,16.7211],[-130.4883,53.7917,3.4132],[-130.4856,53.7908,3.1433],[-130.4804,53.7927,4.937],[-130.4769,53.7914,1.9537],[-130.4744,53.7944,8.2553],[-130.4716,53.7923,23.2044],[-130.4671,53.792,0.0],[-130.4592,53.7955,8.5725],[-130.4594,53.798,3.7901],[-130.4671,53.7993,1.8079],[-130.4695,53.8019,8.9097]]],
[[[-130.4767,53.8081,2.5654],[-130.4744,53.8086,0.0],[-130.4744,53.8097,0.0],[-130.4778,53.8097,9.6835],[-130.4767,53.8081,2.5654]]],
[[[-130.4337,53.816,8.165],[-130.4368,53.8145,9.0139],[-130.4328,53.8124,23.4573],[-130.4293,53.813,8.0533],[-130.4306,53.8164,0.0],[-130.4337,53.816,8.165]]],
[[[-130.4156,53.8208,1.2468],[-130.4194,53.8189,0.0],[-130.4142,53.819,13.377],[-130.4096,53.8214,0.0],[-130.4128,53.8225,0.0],[-130.4156,53.8208,1.2468]]],
[[[-130.38,53.8108,13.2776],[-130.3806,53.8125,3.4993],[-130.3828,53.8128,3.4993],[-130.3828,53.8103,0.0],[-130.38,53.8108,13.2776]]],
[[[-130.3767,53.8125,17.5899],[-130.3733,53.8108,0.0],[-130.3711,53.8147,0.0],[-130.3781,53.8137,0.0],[-130.3767,53.8125,17.5899]]],
[[[-130.4006,53.8133,0.0],[-130.3955,53.8122,8.8813],[-130.3931,53.8135,0.0],[-130.4006,53.8169,15.649],[-130.4017,53.8139,25.2954],[-130.4006,53.8133,0.0]]],
[[[-130.3583,53.8142,5.8424],[-130.355,53.8144,5.8424],[-130.3539,53.8158,3.2363],[-130.3605,53.8158,7.0314],[-130.3583,53.8142,5.8424]]],
[[[-130.5408,53.7688,0.0],[-130.5456,53.7692,0.0],[-130.5472,53.7678,0.625],[-130.5444,53.7672,0.0],[-130.5408,53.7688,0.0]]],
[[[-130.5134,53.7763,11.0653],[-130.5116,53.7814,1.4477],[-130.5148,53.7847,3.889],[-130.5283,53.7828,0.0],[-130.5261,53.7806,11.38],[-130.5211,53.7803,27.4979],[-130.52,53.7767,39.6601],[-130.5294,53.7739,1.1696],[-130.5317,53.7717,17.2129],[-130.5344,53.7725,2.4584],[-130.5356,53.7719,5.7932],[-130.5339,53.7711,17.2129],[-130.5356,53.7697,9.1483],[-130.5233,53.7672,0.0],[-130.5172,53.7725,7.6942],[-130.5155,53.7722,7.6942],[-130.5172,53.7708,0.0],[-130.5155,53.77,0.0],[-130.5094,53.7725,0.0],[-130.5133,53.7744,0.0],[-130.5134,53.7763,11.0653]]],
[[[-130.53,53.775,13.2611],[-130.5239,53.7783,7.0126],[-130.5283,53.7789,0.0],[-130.535,53.7756,4.9947],[-130.5333,53.7742,13.2611],[-130.53,53.775,13.2611]]],
[[[-130.4989,53.78,0.0],[-130.5033,53.7836,27.3232],[-130.5072,53.7842,0.0],[-130.5083,53.7833,0.0],[-130.5067,53.7817,13.2122],[-130.5089,53.7806,0.0],[-130.5089,53.7772,1.1956],[-130.5028,53.7742,1.08],[-130.4995,53.7767,0.0],[-130.5011,53.7786,12.529],[-130.4989,53.78,0.0]]],
[[[-130.5322,53.7783,2.1828],[-130.53,53.78,17.3899],[-130.5322,53.7814,2.5021],[-130.535,53.7792,8.0466],[-130.5322,53.7783,2.1828]]],
[[[-130.49,53.7814,10.3218],[-130.4933,53.7806,0.0],[-130.4883,53.7792,0.0],[-130.485,53.7811,0.0],[-130.485,53.7828,0.0],[-130.4861,53.7831,0.0],[-130.49,53.7814,10.3218]]],
[[[-130.4772,53.7811,5.729],[-130.4744,53.7811,3.75],[-130.4739,53.7825,4.0207],[-130.4772,53.7836,22.203],[-130.4783,53.7817,5.729],[-130.4772,53.7811,5.729]]],
[[[-130.5183,53.7886,0.0],[-130.5211,53.7906,0.0],[-130.5233,53.7878,8.4554],[-130.5211,53.7873,0.0],[-130.5183,53.7886,0.0]]],
[[[-130.4906,53.7958,0.0],[-130.4911,53.7972,0.0],[-130.4972,53.7975,3.5141],[-130.5005,53.7947,0.0],[-130.4928,53.7944,0.0],[-130.4906,53.7958,0.0]]],
[[[-130.5005,53.8025,1.4707],[-130.5017,53.8036,9.3351],[-130.5039,53.8017,0.0],[-130.5028,53.8011,0.0],[-130.5005,53.8025,1.4707]]],
[[[-130.4898,53.7999,2.4838],[-130.4842,53.8019,3.0034],[-130.487,53.8093,7.2573],[-130.4956,53.8108,2.3449],[-130.502,53.8072,3.5012],[-130.5007,53.804,23.2831],[-130.4972,53.8025,17.6587],[-130.5003,53.8008,9.3997],[-130.4998,53.7982,0.0],[-130.4898,53.7999,2.4838]]],
[[[-130.5101,53.8063,26.5055],[-130.5121,53.8042,11.5103],[-130.5102,53.8029,2.5892],[-130.505,53.8056,0.0],[-130.5061,53.8075,0.0],[-130.5101,53.8063,26.5055]]],
[[[-130.5554,53.8462,3.3659],[-130.5653,53.85,13.2157],[-130.5798,53.8466,16.7169],[-130.6007,53.8333,9.469],[-130.6233,53.8264,2.6939],[-130.6433,53.8097,0.0],[-130.6331,53.8105,18.2695],[-130.6286,53.8093,12.8934],[-130.6261,53.8077,18.2389],[-130.6243,53.8037,8.2881],[-130.6248,53.8007,16.0099],[-130.6231,53.7995,2.127],[-130.616,53.7975,8.9123],[-130.6068,53.7975,12.2042],[-130.605,53.7964,17.6251],[-130.6078,53.7947,3.1009],[-130.5997,53.7937,1.3107],[-130.5972,53.7911,10.2842],[-130.5923,53.79,28.7927],[-130.5933,53.7886,3.279],[-130.5911,53.7878,3.7333],[-130.5802,53.7929,2.5627],[-130.5756,53.7908,0.6097],[-130.5701,53.7922,7.8997],[-130.5672,53.7892,0.0],[-130.5616,53.7909,21.3922],[-130.5622,53.7895,0.0],[-130.5606,53.7886,2.5157],[-130.5511,53.7909,16.5442],[-130.5494,53.7895,18.4979],[-130.5544,53.7878,0.0],[-130.5458,53.7876,3.8375],[-130.5312,53.7962,4.3818],[-130.5328,53.7985,0.0],[-130.5311,53.8017,16.135],[-130.5427,53.8038,53.1727],[-130.5373,53.8082,0.0],[-130.5259,53.8133,0.0],[-130.5152,53.8096,0.0],[-130.5113,53.8097,0.0],[-130.5072,53.8125,1.79],[-130.5128,53.8133,29.8792],[-130.5133,53.8147,4.3389],[-130.5061,53.8147,8.5712],[-130.5003,53.8192,0.0],[-130.5127,53.827,9.6782],[-130.5296,53.832,17.844],[-130.5381,53.8381,19.0473],[-130.5554,53.8462,3.3659]]],
[[[-130.6264,53.8306,0.0],[-130.6217,53.8328,0.0],[-130.6261,53.8336,3.6455],[-130.6296,53.8304,0.0],[-130.6264,53.8306,0.0]]],
[[[-130.595,53.8511,9.203],[-130.5956,53.8539,0.0],[-130.6039,53.8561,0.0],[-130.6106,53.8542,0.0],[-130.6128,53.8519,0.0],[-130.6089,53.8456,5.8465],[-130.6022,53.8433,0.0],[-130.6039,53.8406,14.0922],[-130.5994,53.8375,0.635],[-130.5939,53.8431,1.9671],[-130.5941,53.8471,11.5823],[-130.5926,53.8492,6.5959],[-130.595,53.8511,9.203]]],
[[[-130.5919,53.8503,6.5959],[-130.5881,53.8445,0.0],[-130.5822,53.8482,0.0],[-130.5808,53.8511,0.0],[-130.5883,53.8549,18.1124],[-130.5907,53.8542,18.1124],[-130.5919,53.8503,6.5959]]],
[[[-130.2261,53.3538,7.8281],[-130.2261,53.3558,0.0],[-130.2327,53.3555,2.3395],[-130.2266,53.3502,0.0],[-130.2249,53.351,0.0],[-130.2261,53.3538,7.8281]]],
[[[-130.225,53.3656,4.4004],[-130.2254,53.3696,8.3799],[-130.2311,53.3706,2.53],[-130.2317,53.3675,0.0],[-130.2294,53.3658,7.1092],[-130.2311,53.3636,1.2814],[-130.2278,53.3629,1.2814],[-130.225,53.3656,4.4004]]],
[[[-130.2341,53.3718,0.0],[-130.2294,53.3714,2.53],[-130.2311,53.3739,0.0],[-130.2383,53.3731,0.0],[-130.2341,53.3718,0.0]]],
[[[-130.2289,53.3731,0.0],[-130.2267,53.3709,3.7666],[-130.2233,53.3728,7.1149],[-130.226,53.3745,5.4805],[-130.2289,53.3731,0.0]]],
[[[-130.4189,53.4767,12.0304],[-130.4211,53.4733,0.0],[-130.42,53.4717,0.0],[-130.4167,53.4756,4.5771],[-130.4189,53.4767,12.0304]]],
[[[-130.4361,53.4728,7.8603],[-130.4322,53.4769,0.0],[-130.4322,53.48,0.0],[-130.4344,53.4844,6.8288],[-130.4339,53.4867,3.2334],[-130.4394,53.4899,9.4404],[-130.4444,53.4863,4.8367],[-130.4467,53.4831,4.8387],[-130.4461,53.4808,10.1704],[-130.4483,53.4789,0.0],[-130.4444,53.4733,0.842],[-130.4389,53.4694,1.841],[-130.4356,53.4711,8.2615],[-130.4361,53.4728,7.8603]]],
[[[-130.4483,53.4911,9.2512],[-130.45,53.493899999999996,0.0],[-130.4572,53.495,0.3582],[-130.4539,53.4925,2.5721],[-130.455,53.4897,10.1948],[-130.4533,53.4883,20.5971],[-130.4556,53.4861,13.3221],[-130.4572,53.4872,0.8828],[-130.4589,53.4858,0.8253],[-130.4572,53.4842,9.7094],[-130.4578,53.4817,3.3468],[-130.4544,53.4803,0.0],[-130.4544,53.4833,1.2617],[-130.4489,53.4853,5.0392],[-130.4478,53.4847,5.0392],[-130.4511,53.4817,0.0],[-130.4483,53.4822,16.638],[-130.4417,53.4897,2.0328],[-130.4417,53.4908,0.6341],[-130.4483,53.4911,9.2512]]],
[[[-130.4167,53.5011,8.9773],[-130.415,53.5025,6.0562],[-130.4222,53.5032,8.7203],[-130.4339,53.4994,0.0],[-130.4328,53.4981,18.8323],[-130.4356,53.4964,0.0],[-130.4344,53.4897,1.3818],[-130.4289,53.4892,14.4972],[-130.4317,53.4869,0.4727],[-130.4317,53.4858,0.4727],[-130.4289,53.4872,13.9539],[-130.4311,53.4839,0.0],[-130.4278,53.4839,0.3941],[-130.4244,53.4892,12.3531],[-130.4244,53.4869,0.0],[-130.4222,53.4872,17.8081],[-130.4222,53.4859,5.5253],[-130.4254,53.4822,0.0],[-130.42,53.4847,0.0],[-130.4167,53.5011,8.9773]]],
[[[-130.4489,53.4981,5.1404],[-130.4511,53.4964,7.0949],[-130.4494,53.495,0.0],[-130.4461,53.4972,4.386],[-130.4489,53.4981,5.1404]]],
[[[-130.4594,53.4972,0.097],[-130.4539,53.4983,0.0],[-130.4535,53.4991,0.0],[-130.4583,53.4997,0.0],[-130.4594,53.4972,0.097]]],
[[[-130.4428,53.5017,0.8286],[-130.4426,53.4976,0.1842],[-130.4385,53.5,11.7203],[-130.4394,53.501,1.836],[-130.4428,53.5017,0.8286]]],
[[[-130.4497,53.5031,0.8008],[-130.4455,53.5058,15.7362],[-130.4483,53.5072,1.9319],[-130.4577,53.5047,0.8599],[-130.4561,53.5036,0.0],[-130.4533,53.5044,3.4622],[-130.4497,53.5031,0.8008]]],
[[[-130.473,53.5103,0.0],[-130.4733,53.5117,0.8754],[-130.4789,53.5111,0.0],[-130.4761,53.51,0.0],[-130.473,53.5103,0.0]]],
[[[-130.415,53.6864,6.5203],[-130.4167,53.6878,0.0],[-130.4183,53.6867,6.5203],[-130.4156,53.6844,0.0],[-130.4139,53.6853,0.0],[-130.415,53.6864,6.5203]]],
[[[-130.4211,53.7161,9.388],[-130.4267,53.7147,0.0],[-130.4211,53.7144,0.0],[-130.42,53.715,0.0],[-130.4211,53.7161,9.388]]],
[[[-130.4172,53.7175,6.6129],[-130.4128,53.7186,3.0648],[-130.4206,53.72,7.3791],[-130.4244,53.7175,3.3204],[-130.4211,53.7169,9.388],[-130.4172,53.7175,6.6129]]],
[[[-130.4076,53.5059,4.0969],[-130.4039,53.5083,2.9156],[-130.4135,53.5087,0.0],[-130.4122,53.5064,1.1949],[-130.4076,53.5059,4.0969]]],
[[[-130.3772,53.51,4.2191],[-130.3745,53.51,9.0105],[-130.3733,53.5114,0.0],[-130.3778,53.5114,0.0],[-130.3772,53.51,4.2191]]],
[[[-130.37,53.5139,3.4692],[-130.3728,53.5144,0.8252],[-130.3728,53.5119,0.0],[-130.37,53.5125,0.0],[-130.37,53.5139,3.4692]]],
[[[-130.2715,53.7983,13.1765],[-130.2865,53.8002,21.7073],[-130.3144,53.7953,4.0304],[-130.3106,53.7914,3.3636],[-130.3,53.7883,19.3481],[-130.3061,53.7878,0.0],[-130.3117,53.7857,0.0],[-130.3127,53.7838,9.2457],[-130.3156,53.7836,10.918],[-130.3136,53.7803,34.2841],[-130.3183,53.7795,0.0],[-130.3189,53.7764,0.0],[-130.3122,53.7692,5.5298],[-130.3062,53.7663,3.2252],[-130.3006,53.7586,10.4761],[-130.2901,53.7557,19.6223],[-130.2872,53.7508,10.1628],[-130.2971,53.7515,12.3374],[-130.3044,53.7503,6.0746],[-130.3,53.7478,25.5379],[-130.3044,53.7469,7.6214],[-130.3039,53.7397,18.0984],[-130.3078,53.7408,29.4091],[-130.3072,53.7428,1.7639],[-130.3153,53.744,1.4025],[-130.3282,53.7414,0.0],[-130.3311,53.7389,0.0],[-130.3311,53.7378,0.0],[-130.3272,53.7372,14.8029],[-130.3283,53.7364,18.3159],[-130.3367,53.7369,8.5479],[-130.353,53.7312,3.9467],[-130.3621,53.7253,13.6413],[-130.3644,53.7214,9.0272],[-130.37,53.7214,5.2244],[-130.3702,53.7194,4.0197],[-130.3852,53.7109,2.2192],[-130.4,53.7073,0.3062],[-130.3999,53.7051,0.0],[-130.3936,53.7023,7.543],[-130.3739,53.7047,29.7754],[-130.3861,53.7017,5.3921],[-130.3897,53.6983,10.9608],[-130.3999,53.6967,5.2093],[-130.3983,53.6947,0.0],[-130.4,53.6936,0.0],[-130.3972,53.6917,4.6609],[-130.4001,53.69,13.1865],[-130.4041,53.6908,0.0],[-130.4055,53.69,8.7634],[-130.4044,53.6881,14.9127],[-130.4078,53.6864,7.7715],[-130.4063,53.6831,16.271],[-130.4072,53.6817,0.0],[-130.4022,53.6794,9.6089],[-130.4073,53.6784,23.8857],[-130.4101,53.6754,6.8465],[-130.4057,53.673,0.0],[-130.4033,53.6745,14.8212],[-130.4016,53.6736,8.3774],[-130.4006,53.6714,2.4451],[-130.4017,53.6701,1.3822],[-130.4,53.668,4.9949],[-130.3935,53.6667,14.3343],[-130.39,53.6636,0.0],[-130.3822,53.6631,13.0752],[-130.3961,53.6611,0.0],[-130.3872,53.6581,0.0],[-130.3771,53.6515,1.9428],[-130.3717,53.6498,0.0],[-130.3628,53.6514,7.5311],[-130.3605,53.6503,7.7501],[-130.365,53.6489,5.8947],[-130.3641,53.6451,0.0],[-130.3554,53.6459,6.0757],[-130.349,53.6447,0.0],[-130.3467,53.642,4.4425],[-130.3399,53.6403,0.0],[-130.3261,53.6403,13.6978],[-130.3339,53.6383,5.1364],[-130.3256,53.6364,4.7306],[-130.3278,53.6353,27.1614],[-130.3494,53.6414,14.634],[-130.3583,53.6405,0.0],[-130.3517,53.6383,2.5244],[-130.3582,53.6352,12.1127],[-130.3596,53.6324,2.1536],[-130.3569,53.6296,3.7633],[-130.3518,53.6259,3.2507],[-130.3432,53.6241,3.0807],[-130.3328,53.6176,0.0],[-130.3178,53.6155,4.5313],[-130.3116,53.6175,9.7174],[-130.3111,53.6164,1.601],[-130.3161,53.6145,0.0],[-130.3139,53.6134,0.0],[-130.305,53.6161,3.5824],[-130.3032,53.6191,19.4567],[-130.3022,53.6153,10.661],[-130.3044,53.6136,0.0],[-130.2989,53.6089,4.7842],[-130.295,53.6128,10.7442],[-130.2926,53.61,4.1984],[-130.2872,53.6086,16.055],[-130.2894,53.6067,0.0],[-130.2867,53.6059,7.3142],[-130.2812,53.6063,3.2736],[-130.2739,53.6095,13.3518],[-130.2727,53.6089,13.3518],[-130.2741,53.6079,0.0],[-130.27,53.6073,11.6653],[-130.275,53.6061,0.0],[-130.2637,53.601,5.9629],[-130.2402,53.5984,0.0],[-130.2333,53.5997,2.5991],[-130.2339,53.5975,0.0],[-130.2255,53.5959,3.2158],[-130.2317,53.5959,0.0],[-130.231,53.5951,0.0],[-130.2057,53.5853,0.0],[-130.1942,53.5844,0.0],[-130.1917,53.5803,0.0],[-130.1859,53.5807,4.6063],[-130.1673,53.5864,0.0],[-130.1631,53.5821,19.7661],[-130.165,53.5797,3.5461],[-130.1644,53.5779,3.4819],[-130.1537,53.5679,3.624],[-130.1437,53.5691,2.7888],[-130.1419,53.5677,2.3459],[-130.1263,53.5669,3.0508],[-130.1227,53.5692,13.5381],[-130.1166,53.566,0.0],[-130.1111,53.5675,1.8221],[-130.1122,53.5628,0.0],[-130.105,53.5611,0.0],[-130.0977,53.5634,0.0],[-130.0872,53.5622,10.1618],[-130.075,53.5636,0.0],[-130.0744,53.5653,0.0],[-130.0794,53.5717,0.0],[-130.1006,53.5828,7.659],[-130.0972,53.5869,0.0],[-130.0989,53.5909,17.4244],[-130.0968,53.5932,0.0],[-130.1004,53.5998,18.1727],[-130.1011,53.6056,14.5314],[-130.1072,53.6109,2.1326],[-130.1139,53.6125,3.7034],[-130.1182,53.6203,0.0],[-130.1277,53.618899999999996,5.1458],[-130.1267,53.6206,11.4452],[-130.1205,53.6211,10.1589],[-130.1209,53.6233,7.3069],[-130.1143,53.6323,3.7786],[-130.115,53.6356,0.0],[-130.1177,53.6372,0.0],[-130.1167,53.6392,0.0],[-130.1238,53.6481,12.1547],[-130.124,53.6519,14.054],[-130.1206,53.6558,24.4597],[-130.1222,53.6597,0.0],[-130.1194,53.6622,0.0],[-130.1238,53.665,20.5259],[-130.1247,53.6683,3.0446],[-130.127,53.669,8.517],[-130.1205,53.6695,9.8648],[-130.11,53.6756,0.0],[-130.112,53.6801,16.2211],[-130.1245,53.6878,10.3743],[-130.1222,53.6931,8.4001],[-130.1226,53.6957,17.363],[-130.1373,53.6995,6.9028],[-130.1572,53.7095,4.8679],[-130.1853,53.7116,20.8115],[-130.1939,53.7083,13.104],[-130.1989,53.7084,28.7291],[-130.2082,53.7115,0.0],[-130.2222,53.719,0.0],[-130.2306,53.7253,5.2096],[-130.2322,53.7286,6.4161],[-130.2267,53.7281,0.0],[-130.2305,53.7378,0.0],[-130.2206,53.7514,0.0],[-130.2207,53.7611,0.0],[-130.226,53.7678,24.1218],[-130.2244,53.7711,4.1256],[-130.2267,53.7756,3.2679],[-130.2338,53.7802,43.9417],[-130.2348,53.784,0.0],[-130.2413,53.7924,0.0],[-130.2646,53.7943,7.7726],[-130.2715,53.7983,13.1765]]],
[[[-130.3956,53.7239,6.7963],[-130.4,53.7219,2.8516],[-130.3978,53.7214,2.9267],[-130.3922,53.7242,0.0],[-130.3956,53.7239,6.7963]]],
[[[-130.3738,53.7353,0.0],[-130.3741,53.734,0.0],[-130.3716,53.7331,0.0],[-130.3694,53.7356,0.0],[-130.3703,53.7363,0.0],[-130.3738,53.7353,0.0]]],
[[[-130.3647,53.7458,3.5373],[-130.3617,53.75,0.0],[-130.3726,53.7491,5.6601],[-130.3761,53.745,22.0591],[-130.3793,53.7473,0.0],[-130.3876,53.7473,10.0087],[-130.3921,53.7444,9.1035],[-130.392,53.7417,3.6105],[-130.39,53.74,0.9457],[-130.3928,53.7372,2.2503],[-130.3911,53.7367,0.0],[-130.3861,53.7397,3.5442],[-130.388,53.7342,2.9884],[-130.3856,53.7319,1.3411],[-130.3833,53.7331,15.3341],[-130.3803,53.7322,15.3341],[-130.3772,53.7351,0.0],[-130.3656,53.7405,41.1555],[-130.3647,53.7458,3.5373]]],
[[[-130.395,53.7489,1.9923],[-130.3911,53.7506,0.0],[-130.3928,53.7517,0.0],[-130.3917,53.7531,0.0],[-130.3989,53.7514,0.0],[-130.3989,53.7486,0.0],[-130.395,53.7489,1.9923]]],
[[[-130.4139,53.7319,0.0],[-130.4044,53.7333,0.0],[-130.4061,53.7356,0.0],[-130.4128,53.735,8.7575],[-130.415,53.7342,0.0],[-130.4139,53.7319,0.0]]],
[[[-130.4111,53.752,0.0],[-130.4133,53.7522,0.0],[-130.4144,53.7511,0.0],[-130.4122,53.7497,0.0],[-130.4111,53.752,0.0]]],
[[[-130.4744,53.7547,0.0],[-130.4722,53.7547,0.0],[-130.4717,53.7564,0.0],[-130.4767,53.7558,0.0],[-130.4744,53.7547,0.0]]],
[[[-130.4736,53.7618,0.0],[-130.4711,53.7611,2.6115],[-130.4689,53.7614,1.6341],[-130.4722,53.7631,13.7818],[-130.4736,53.7618,0.0]]],
[[[-130.3562,53.7814,10.9688],[-130.3664,53.7809,10.9506],[-130.3752,53.783,14.5739],[-130.3818,53.7811,20.9373],[-130.3844,53.7767,5.2093],[-130.3817,53.7733,0.0],[-130.3829,53.7706,11.0796],[-130.3872,53.7693,8.6606],[-130.3909,53.7658,0.0],[-130.3867,53.7624,4.9335],[-130.3907,53.7589,0.0],[-130.3882,53.7558,0.0],[-130.3892,53.7534,5.4066],[-130.3758,53.7496,0.0],[-130.373,53.7505,4.5569],[-130.3711,53.7539,10.5177],[-130.3672,53.7536,0.0],[-130.3694,53.7561,23.2338],[-130.3628,53.7567,18.0814],[-130.3622,53.755,3.1537],[-130.3544,53.7512,19.4717],[-130.3595,53.7506,3.6423],[-130.3628,53.7431,32.6535],[-130.3633,53.7397,0.0],[-130.3617,53.7392,2.6721],[-130.3567,53.7433,4.1794],[-130.3561,53.7483,19.9033],[-130.3538,53.7426,5.7986],[-130.3477,53.743899999999996,22.6655],[-130.3417,53.7486,0.0],[-130.3333,53.7501,15.1374],[-130.3323,53.7529,1.9625],[-130.3372,53.7541,10.7364],[-130.3333,53.7564,9.7719],[-130.3236,53.7582,0.0],[-130.3239,53.7606,4.3893],[-130.3211,53.7617,4.3893],[-130.3467,53.7789,2.9609],[-130.3562,53.7814,10.9688]]],
[[[-130.3958,53.7865,0.0],[-130.393,53.7867,0.0],[-130.3927,53.7878,0.0],[-130.398,53.7873,0.0],[-130.3958,53.7865,0.0]]],
[[[-130.3189,53.7886,0.0],[-130.3144,53.7875,4.7232],[-130.3106,53.7897,23.2169],[-130.3172,53.7947,12.0591],[-130.32,53.7928,0.0],[-130.3189,53.7886,0.0]]],
[[[-130.345,53.7972,11.9593],[-130.3467,53.7983,11.9593],[-130.3494,53.7961,15.4097],[-130.3467,53.795,0.0],[-130.345,53.7972,11.9593]]],
[[[-129.9211,53.4633,0.0],[-129.9228,53.4628,0.0],[-129.9228,53.4603,0.0],[-129.9206,53.4597,0.0],[-129.9194,53.4633,0.0],[-129.9211,53.4633,0.0]]],
[[[-129.8844,53.5214,0.0],[-129.8833,53.5225,2.3562],[-129.8846,53.5235,0.2141],[-129.8928,53.5231,13.1351],[-129.8925,53.5203,0.0],[-129.8844,53.5214,0.0]]],
[[[-130.1934,53.9082,13.4758],[-130.1961,53.91,0.0],[-130.205,53.9114,19.695],[-130.2149,53.9073,0.0],[-130.2247,53.9068,0.0],[-130.2249,53.9039,1.5876],[-130.2276,53.9027,0.0],[-130.2267,53.8981,6.2221],[-130.2322,53.8917,19.6267],[-130.2422,53.8925,0.0],[-130.2489,53.8883,23.7897],[-130.2575,53.8898,18.2676],[-130.2603,53.8887,4.1385],[-130.2628,53.8872,0.0],[-130.2611,53.885,14.9165],[-130.2667,53.8831,6.6437],[-130.2778,53.8739,9.5441],[-130.2869,53.8701,6.6555],[-130.2856,53.8656,0.0],[-130.2817,53.8639,16.7434],[-130.2959,53.8492,0.0],[-130.2945,53.8479,7.0197],[-130.2959,53.8465,0.0],[-130.2944,53.8419,0.0],[-130.2894,53.8378,27.7292],[-130.2917,53.8328,0.0],[-130.2867,53.8311,30.6704],[-130.2894,53.8297,3.9843],[-130.2883,53.8264,64.943],[-130.2911,53.825,46.2237],[-130.2894,53.8233,0.0],[-130.2824,53.8237,0.0],[-130.2726,53.8191,17.8819],[-130.2663,53.8193,33.7206],[-130.2628,53.8175,0.0],[-130.2533,53.8183,8.6867],[-130.2433,53.8149,12.8636],[-130.2294,53.8147,20.5924],[-130.2228,53.8131,0.0],[-130.2022,53.8132,16.05],[-130.1938,53.8155,120.7995],[-130.1833,53.8161,11.7322],[-130.1833,53.8131,34.0663],[-130.1883,53.8078,7.0752],[-130.1978,53.8095,0.0],[-130.2017,53.8083,51.1317],[-130.2033,53.8092,22.3754],[-130.2011,53.8103,0.0],[-130.2028,53.8108,0.0],[-130.2156,53.8105,0.0],[-130.2203,53.8085,14.2022],[-130.2194,53.8069,12.5618],[-130.2208,53.8053,6.3779],[-130.2179,53.8038,20.9042],[-130.2221,53.7993,9.099],[-130.2222,53.7972,14.6909],[-130.2195,53.7914,3.1118],[-130.2123,53.7867,17.8529],[-130.2112,53.7828,0.0],[-130.215,53.7756,6.2777],[-130.21,53.7715,3.4207],[-130.2072,53.7647,23.3285],[-130.2083,53.7617,7.2047],[-130.2061,53.76,0.0],[-130.2069,53.7584,0.0],[-130.2042,53.7543,4.8999],[-130.2033,53.7494,0.0],[-130.2044,53.7461,24.5176],[-130.2133,53.7428,0.0],[-130.215,53.7336,2.1098],[-130.213,53.7289,0.0],[-130.2056,53.7211,0.0],[-130.1966,53.7202,0.0],[-130.1944,53.7183,0.0],[-130.1735,53.7186,0.0],[-130.1628,53.715,0.0],[-130.1533,53.7147,7.3975],[-130.1439,53.71,0.0],[-130.1394,53.7095,7.5659],[-130.1326,53.7051,2.7361],[-130.117,53.7023,16.2024],[-130.107,53.6983,0.0],[-130.1038,53.6991,0.0],[-130.0927,53.7161,0.0],[-130.0877,53.7167,6.888],[-130.0889,53.7208,19.8067],[-130.0844,53.7241,20.7067],[-130.0822,53.7233,11.119],[-130.0766,53.7183,0.0],[-130.0764,53.7155,0.0],[-130.0811,53.7122,4.8383],[-130.0903,53.7102,26.1213],[-130.0933,53.7061,43.0026],[-130.0931,53.7041,13.335],[-130.1008,53.7007,5.4149],[-130.1021,53.6979,10.0128],[-130.1017,53.6952,0.0],[-130.0986,53.6941,0.0],[-130.0982,53.6885,0.0],[-130.0913,53.6783,33.4648],[-130.0927,53.675,0.0],[-130.0901,53.673,7.2957],[-130.1006,53.6668,0.0],[-130.0874,53.6521,19.6289],[-130.0874,53.6423,19.6635],[-130.0724,53.6306,31.3644],[-130.0512,53.6306,49.6694],[-130.0428,53.6337,0.0],[-130.0341,53.6337,0.0],[-130.0085,53.6398,8.3603],[-129.9961,53.6448,3.0966],[-129.9856,53.6438,1.7779],[-129.9839,53.6443,1.7779],[-129.9838,53.6469,8.2387],[-129.9814,53.6478,6.9557],[-129.9657,53.6449,0.0],[-129.9569,53.6488,19.8675],[-129.9474,53.6491,0.0],[-129.9383,53.6559,13.4094],[-129.9267,53.6533,3.5701],[-129.925,53.6503,0.0],[-129.9221,53.6489,19.3246],[-129.9344,53.6453,24.62],[-129.943,53.6473,0.0],[-129.9448,53.6468,14.7394],[-129.9444,53.6443,6.7555],[-129.9832,53.6395,0.0],[-129.997,53.6329,5.7192],[-130.0061,53.6336,14.0585],[-130.0161,53.6306,27.8335],[-130.02,53.632,15.2306],[-130.0591,53.6265,8.3534],[-130.0655,53.6233,0.0],[-130.0628,53.6208,0.0],[-130.0632,53.6179,0.0],[-130.0617,53.6157,0.0],[-130.0647,53.6121,0.0],[-130.0619,53.6078,0.0],[-130.0628,53.6053,0.0],[-130.0612,53.602,0.0],[-130.0628,53.5986,0.0],[-130.0544,53.5942,1.5951],[-130.0561,53.5933,16.6849],[-130.055,53.5917,0.0],[-130.0489,53.5911,2.921],[-130.0528,53.59,0.0],[-130.0479,53.5873,23.3963],[-130.0457,53.5841,8.9495],[-130.0355,53.5901,21.0334],[-130.0344,53.5886,40.5742],[-130.0394,53.5844,0.0],[-130.0377,53.5821,21.0192],[-130.0328,53.5801,1.7722],[-130.03,53.5752,0.0],[-130.0222,53.5728,13.5647],[-130.0239,53.5714,1.1875],[-130.0171,53.5681,4.9244],[-130.0124,53.5677,5.1169],[-130.0089,53.5645,4.0143],[-129.9965,53.5665,0.0],[-129.9918,53.5707,18.4289],[-129.9839,53.5706,16.9141],[-129.9819,53.5738,3.155],[-129.9793,53.5747,0.0],[-129.9656,53.5731,0.0],[-129.9688,53.5714,5.0681],[-129.9733,53.5715,0.0],[-129.9739,53.5689,0.1987],[-129.9706,53.57,0.0],[-129.9566,53.5692,5.7756],[-129.955,53.5725,0.0],[-129.9566,53.5745,4.8572],[-129.9628,53.5764,0.0],[-129.9589,53.5781,5.5666],[-129.9567,53.5775,1.0573],[-129.9528,53.58,8.6503],[-129.9478,53.5778,0.0],[-129.9539,53.5736,0.0],[-129.9444,53.5719,0.0],[-129.9439,53.5661,0.0],[-129.9411,53.5645,18.9116],[-129.9422,53.5625,1.5705],[-129.9483,53.5597,0.0],[-129.9333,53.5603,0.0],[-129.9233,53.5653,5.4167],[-129.925,53.5678,0.0],[-129.9278,53.5672,0.0],[-129.9272,53.5695,5.1225],[-129.9178,53.5717,0.0],[-129.9144,53.5747,1.6619],[-129.9156,53.5764,3.6282],[-129.935,53.5742,0.0],[-129.9278,53.5809,15.4878],[-129.9261,53.5797,0.0],[-129.9294,53.5769,0.0],[-129.9255,53.5753,16.1919],[-129.9206,53.578,3.3013],[-129.9135,53.5785,0.0],[-129.9018,53.5827,21.0749],[-129.8912,53.5825,0.0],[-129.8894,53.5781,1.9495],[-129.8867,53.5764,0.0],[-129.8867,53.5742,0.0],[-129.8916,53.5717,0.0],[-129.8844,53.5708,11.4114],[-129.8811,53.5683,0.0],[-129.8817,53.5672,0.0],[-129.8883,53.5661,2.792],[-129.8933,53.5625,13.7682],[-129.8994,53.57,15.0245],[-129.8994,53.5733,3.1356],[-129.9078,53.5756,0.0],[-129.9111,53.5722,0.0],[-129.9078,53.5711,5.5045],[-129.9174,53.5684,0.0],[-129.9167,53.5671,0.0],[-129.92,53.5636,13.1225],[-129.92,53.5607,3.2836],[-129.9245,53.5567,0.0],[-129.9317,53.5575,0.0],[-129.9455,53.5553,26.7163],[-129.9496,53.5537,37.7556],[-129.9505,53.5511,25.5084],[-129.9333,53.5487,0.0],[-129.9209,53.552,0.0],[-129.8924,53.5455,28.6892],[-129.8867,53.5472,0.0],[-129.8883,53.5514,16.8319],[-129.8872,53.5514,0.0],[-129.8808,53.5461,0.0],[-129.8822,53.5382,5.6744],[-129.8813,53.5333,3.9255],[-129.8861,53.5292,0.0],[-129.8828,53.5253,0.0],[-129.8783,53.5247,0.0],[-129.8778,53.5222,0.0],[-129.8744,53.5225,14.0895],[-129.8728,53.5206,45.0377],[-129.8766,53.5189,0.0],[-129.8822,53.5197,14.0354],[-129.8889,53.5181,0.0],[-129.8884,53.515,0.0],[-129.8917,53.5131,0.0],[-129.8911,53.5103,1.087],[-129.8965,53.5056,0.0],[-129.8942,53.5038,6.8074],[-129.8939,53.5014,10.4044],[-129.8878,53.5003,26.781],[-129.8917,53.4991,5.9405],[-129.8956,53.5006,0.0],[-129.9007,53.4985,0.0],[-129.8946,53.4947,7.2935],[-129.9083,53.4861,9.9303],[-129.8995,53.4855,16.3627],[-129.9078,53.4842,0.0],[-129.9109,53.4815,0.0],[-129.9079,53.4783,13.1292],[-129.9117,53.4764,0.0],[-129.9094,53.4756,13.0839],[-129.911,53.4724,0.0],[-129.8989,53.4681,0.0],[-129.915,53.4664,0.0],[-129.9161,53.4633,3.6347],[-129.9044,53.4592,15.323],[-129.8955,53.4597,7.6797],[-129.8972,53.4581,12.2105],[-129.9017,53.4583,0.0],[-129.8991,53.4549,2.192],[-129.8957,53.4537,0.0],[-129.8905,53.4559,10.0782],[-129.8933,53.4578,0.0],[-129.8917,53.4597,0.0],[-129.8872,53.4578,5.0794],[-129.8856,53.4567,3.1013],[-129.89,53.4533,0.0],[-129.8877,53.451,15.1261],[-129.8833,53.4523,0.0],[-129.8828,53.4564,0.0],[-129.868,53.4602,0.0],[-129.8656,53.4577,0.0],[-129.8761,53.4561,0.0],[-129.8767,53.4528,2.7539],[-129.8745,53.4514,0.0],[-129.8761,53.4503,31.9613],[-129.8794,53.4511,0.0],[-129.8806,53.4492,0.0],[-129.8761,53.4475,3.4893],[-129.8722,53.4503,0.0],[-129.8664,53.4512,0.0],[-129.8621,53.4487,0.0],[-129.8554,53.448,0.0],[-129.8528,53.4483,0.0],[-129.8482,53.4534,0.0],[-129.8426,53.4551,19.4491],[-129.8432,53.4675,71.2049],[-129.839,53.468,2.093],[-129.8378,53.4654,45.9096],[-129.8394,53.4517,0.0],[-129.8344,53.4486,9.0674],[-129.8394,53.4439,0.0],[-129.8474,53.4399,2.7411],[-129.8411,53.4372,15.1849],[-129.8328,53.4381,3.5645],[-129.8402,53.4351,10.7862],[-129.8406,53.4321,0.0],[-129.8476,53.4299,11.649],[-129.8483,53.4289,11.649],[-129.8456,53.4261,0.0],[-129.8478,53.4253,8.9063],[-129.8467,53.4236,15.778],[-129.8489,53.4223,0.0],[-129.8505,53.4183,8.813],[-129.8373,53.4149,0.0],[-129.8359,53.4127,8.7653],[-129.8303,53.4105,0.0],[-129.8339,53.4083,0.0],[-129.8339,53.4058,0.0],[-129.8361,53.4053,16.5443],[-129.8383,53.4071,0.0],[-129.8356,53.4106,0.0],[-129.8434,53.4133,11.2481],[-129.8487,53.4119,23.9421],[-129.8504,53.4097,17.237],[-129.8478,53.4023,0.0],[-129.8459,53.4012,0.0],[-129.8422,53.4042,7.3034],[-129.84,53.4039,13.5494],[-129.8405,53.3993,25.2452],[-129.8332,53.3878,0.0],[-129.8267,53.3839,9.3972],[-129.8228,53.3834,6.675],[-129.8178,53.3778,12.6773],[-129.8111,53.3769,0.0],[-129.8067,53.3744,2.082],[-129.8017,53.3756,9.421],[-129.8,53.3744,3.7805],[-129.8018,53.3731,0.0],[-129.7939,53.3725,12.9391],[-129.7861,53.3681,0.0],[-129.7778,53.3707,0.0],[-129.7765,53.373,0.0],[-129.7798,53.3748,0.0],[-129.7761,53.375,0.0],[-129.7728,53.3717,0.0],[-129.7739,53.369,0.0],[-129.7817,53.3672,0.0],[-129.7755,53.3628,0.0],[-129.775,53.3608,0.0],[-129.7617,53.3533,6.0973],[-129.7639,53.3517,0.0],[-129.7633,53.3497,0.0],[-129.7478,53.3414,0.0],[-129.737,53.3329,8.0024],[-129.7312,53.3301,4.8653],[-129.7204,53.3279,7.5682],[-129.7213,53.325,0.0],[-129.7198,53.3242,31.9463],[-129.7135,53.3228,7.0301],[-129.7086,53.3255,0.0],[-129.709,53.3274,12.545],[-129.7046,53.3309,0.0],[-129.7061,53.3369,15.0243],[-129.695,53.3374,15.026],[-129.6946,53.3363,5.2055],[-129.7,53.3345,12.8024],[-129.6956,53.3328,4.7345],[-129.6811,53.3408,8.5559],[-129.6739,53.3378,1.1805],[-129.6655,53.3381,0.0],[-129.6644,53.3341,0.0],[-129.6706,53.3356,0.0],[-129.6744,53.3333,88.0768],[-129.68,53.3339,0.0],[-129.6828,53.3311,3.1264],[-129.68,53.3306,12.7255],[-129.6923,53.3275,0.0],[-129.7039,53.3214,0.0],[-129.6983,53.3228,17.2295],[-129.6994,53.3192,10.8287],[-129.6978,53.3181,0.0],[-129.6871,53.3174,5.0641],[-129.6796,53.3147,4.5776],[-129.6787,53.3129,0.0],[-129.6833,53.3111,15.3355],[-129.6811,53.31,0.0],[-129.6517,53.3122,10.3295],[-129.6526,53.3146,0.0],[-129.6493,53.3164,0.0],[-129.6419,53.3155,9.6246],[-129.6367,53.3117,0.0],[-129.6323,53.3113,0.0],[-129.6106,53.314,3.5462],[-129.6116,53.3182,18.8668],[-129.6104,53.3234,40.5255],[-129.6116,53.3256,5.5942],[-129.6165,53.3274,2.9241],[-129.6144,53.3285,0.0],[-129.6094,53.3275,18.0241],[-129.6055,53.3206,18.4537],[-129.6011,53.3181,0.0],[-129.5996,53.3189,25.9186],[-129.595,53.3169,0.0],[-129.5839,53.3197,0.0],[-129.5774,53.3179,0.0],[-129.5841,53.3149,2.4378],[-129.5972,53.3145,0.0],[-129.6033,53.3118,20.414],[-129.6263,53.3103,25.9839],[-129.6315,53.3067,11.1466],[-129.6856,53.3079,7.4662],[-129.6856,53.306,26.4281],[-129.6829,53.3041,9.5464],[-129.6851,53.302,4.2278],[-129.6842,53.3009,4.2278],[-129.6772,53.3019,4.7196],[-129.6756,53.3008,50.9259],[-129.6806,53.2994,0.0],[-129.6809,53.297,0.0],[-129.6661,53.2892,4.0356],[-129.6711,53.2894,0.0],[-129.6728,53.2866,5.2239],[-129.6692,53.2821,1.8624],[-129.6617,53.2811,6.4391],[-129.665,53.28,13.9486],[-129.6661,53.2767,0.0],[-129.6633,53.2753,0.0],[-129.6561,53.2761,4.5842],[-129.6505,53.2787,9.3652],[-129.6472,53.2772,44.3649],[-129.6489,53.2761,29.1997],[-129.6489,53.2734,53.7047],[-129.6522,53.2753,23.4665],[-129.6567,53.2728,0.0],[-129.6516,53.2725,8.153],[-129.6567,53.2686,0.0],[-129.65,53.2656,10.6544],[-129.6467,53.2667,2.3046],[-129.6483,53.2686,0.0],[-129.6472,53.2695,0.0],[-129.6433,53.2678,3.9203],[-129.6428,53.2667,10.6673],[-129.6466,53.2639,0.0],[-129.6452,53.2601,0.0],[-129.6331,53.2576,0.0],[-129.6378,53.2536,0.0],[-129.6365,53.2494,0.0],[-129.6321,53.2468,0.0],[-129.6264,53.2485,17.2204],[-129.62,53.243,7.1794],[-129.6066,53.2357,6.205],[-129.6061,53.2298,0.0],[-129.6024,53.2247,32.8515],[-129.6039,53.2213,0.0],[-129.6019,53.2195,6.9812],[-129.5873,53.2115,2.5202],[-129.5774,53.2115,3.5278],[-129.5783,53.215,11.3811],[-129.58,53.2159,7.4607],[-129.5778,53.2164,7.4607],[-129.5711,53.2144,0.0],[-129.5728,53.2125,8.9296],[-129.5717,53.2108,0.7578],[-129.5667,53.2106,5.1845],[-129.56,53.2119,0.0],[-129.5578,53.215,18.1386],[-129.5556,53.2124,23.2204],[-129.5467,53.215,3.6614],[-129.5439,53.2128,3.0926],[-129.5378,53.215,0.0],[-129.5406,53.2167,2.9236],[-129.5337,53.2166,0.0],[-129.5266,53.2198,0.0],[-129.5219,53.2165,5.1147],[-129.5146,53.2163,6.0042],[-129.5053,53.2082,0.0],[-129.4989,53.2097,0.0],[-129.498,53.2125,0.0],[-129.5018,53.2147,6.9986],[-129.4983,53.2169,0.0],[-129.5017,53.2208,10.6483],[-129.4983,53.2214,11.9456],[-129.4955,53.2183,0.0],[-129.4894,53.2233,0.0],[-129.4873,53.2279,0.0],[-129.4955,53.2375,38.413],[-129.4906,53.2389,0.5057],[-129.4872,53.2378,0.0],[-129.4867,53.2394,0.0],[-129.4894,53.2411,1.7469],[-129.4939,53.2403,16.8207],[-129.4961,53.2445,0.0],[-129.505,53.2472,0.0],[-129.5117,53.255,68.4061],[-129.5122,53.2581,11.5442],[-129.5028,53.2645,0.0],[-129.5003,53.2729,0.0],[-129.5093,53.2781,8.6995],[-129.5139,53.2758,12.1659],[-129.5144,53.2775,12.0796],[-129.5122,53.2794,0.0],[-129.5172,53.2853,23.4743],[-129.5294,53.2886,23.3281],[-129.5333,53.2911,0.0],[-129.5289,53.2939,35.3343],[-129.5222,53.2928,0.0],[-129.5282,53.3036,11.044],[-129.5188,53.3083,0.0],[-129.5158,53.3078,0.0],[-129.5189,53.3039,0.0],[-129.5107,53.2941,48.3719],[-129.5102,53.288,25.711],[-129.5027,53.2819,0.0],[-129.4983,53.2861,14.3273],[-129.4961,53.2851,0.0],[-129.4956,53.2828,0.0],[-129.4883,53.2833,8.0953],[-129.4855,53.2814,0.0],[-129.4772,53.2851,0.0],[-129.4767,53.2883,9.6896],[-129.4683,53.2942,18.1738],[-129.4694,53.3003,21.2073],[-129.465,53.3058,0.0],[-129.4638,53.3114,0.0],[-129.4739,53.3206,10.0967],[-129.4739,53.3233,11.5713],[-129.4783,53.3294,0.0],[-129.4767,53.3319,9.5209],[-129.4804,53.3365,16.9649],[-129.48,53.3469,11.7945],[-129.4789,53.3475,7.8526],[-129.4805,53.3509,14.1845],[-129.4777,53.3513,16.4327],[-129.4744,53.3481,0.0],[-129.4728,53.3486,0.0],[-129.4717,53.3565,7.1373],[-129.4722,53.3622,4.6269],[-129.4744,53.3645,0.0],[-129.4733,53.3667,5.6808],[-129.4706,53.3672,4.5951],[-129.4694,53.3633,2.3223],[-129.466,53.3629,6.0304],[-129.4602,53.3679,29.8654],[-129.4642,53.374,6.6417],[-129.4605,53.3739,2.6432],[-129.4578,53.3783,7.1967],[-129.4656,53.3803,6.159],[-129.4497,53.386,11.1719],[-129.447,53.3888,0.0],[-129.4471,53.3921,41.1494],[-129.4407,53.3945,0.0],[-129.4392,53.3976,9.5858],[-129.4353,53.3997,35.5272],[-129.435,53.4016,0.0],[-129.4387,53.4071,16.8303],[-129.4379,53.4087,16.8303],[-129.4398,53.4151,0.0],[-129.4379,53.4163,5.4335],[-129.4315,53.4138,12.4906],[-129.4276,53.4071,21.7865],[-129.4189,53.405,0.0],[-129.4178,53.4008,88.6096],[-129.4222,53.3956,3.6834],[-129.4211,53.3933,2.7901],[-129.4239,53.3919,10.8438],[-129.4261,53.3925,6.6379],[-129.4255,53.3975,14.0854],[-129.4311,53.4017,7.6067],[-129.4328,53.4009,7.6067],[-129.4311,53.3975,8.9867],[-129.4323,53.3931,22.099],[-129.4461,53.3872,0.0],[-129.455,53.3794,19.9729],[-129.4506,53.3773,15.0699],[-129.4539,53.3758,10.6616],[-129.4569,53.3771,0.0],[-129.4572,53.3659,22.6571],[-129.4522,53.3608,20.3344],[-129.4244,53.3511,0.0],[-129.4111,53.342,0.0],[-129.4033,53.3439,6.3723],[-129.4072,53.3394,0.0],[-129.4061,53.3383,0.0],[-129.4005,53.34,0.0],[-129.4017,53.3372,0.0],[-129.3989,53.3336,0.0],[-129.3983,53.3281,0.0],[-129.3939,53.3247,25.1519],[-129.3956,53.3228,10.8955],[-129.3939,53.3203,7.0736],[-129.3944,53.3181,0.0],[-129.3917,53.3183,0.0],[-129.3872,53.3231,2.6799],[-129.3844,53.3203,10.3405],[-129.3878,53.3131,32.2186],[-129.3922,53.3103,6.8302],[-129.3911,53.3089,6.8302],[-129.4117,53.2995,0.0],[-129.4161,53.2947,7.576],[-129.4111,53.2933,0.0],[-129.4028,53.2942,2.9908],[-129.395,53.2978,7.7811],[-129.3861,53.295,0.0],[-129.3533,53.3022,35.5621],[-129.3399,53.3008,18.994],[-129.3344,53.3028,3.6656],[-129.3328,53.3059,17.8284],[-129.3344,53.3089,16.1199],[-129.3328,53.3106,31.0851],[-129.3333,53.3231,20.421],[-129.3361,53.3303,0.0],[-129.3422,53.3347,2.6334],[-129.34,53.3364,0.0],[-129.3417,53.3373,0.0],[-129.3444,53.3459,1.4162],[-129.3433,53.3511,10.6894],[-129.3344,53.3561,0.0],[-129.3339,53.3619,1.2962],[-129.3357,53.3651,0.0],[-129.3733,53.3856,0.0],[-129.3778,53.39,23.8815],[-129.3944,53.3981,7.5346],[-129.4055,53.4056,0.0],[-129.4089,53.4095,8.5459],[-129.4181,53.4119,5.3611],[-129.4293,53.4222,0.0],[-129.4411,53.4283,0.0],[-129.4406,53.4303,0.0],[-129.4515,53.4399,0.0],[-129.4844,53.4564,3.6937],[-129.4942,53.4628,6.5053],[-129.4969,53.4667,2.7577],[-129.5063,53.4707,7.8599],[-129.5105,53.4753,0.0],[-129.5193,53.4776,5.2714],[-129.5203,53.4811,0.0],[-129.525,53.4847,2.7887],[-129.5397,53.4936,23.5101],[-129.5497,53.4968,22.9928],[-129.5656,53.5122,10.2515],[-129.5886,53.526,22.3652],[-129.5919,53.5298,0.0],[-129.6287,53.5492,7.023],[-129.6813,53.5857,5.3572],[-129.7048,53.5994,43.0223],[-129.7218,53.6205,0.0],[-129.7405,53.6397,61.6633],[-129.7671,53.661,1.9473],[-129.7843,53.6786,19.1623],[-129.8099,53.6972,52.102],[-129.8234,53.7095,0.0],[-129.8312,53.7132,8.9711],[-129.845,53.7233,23.2667],[-129.8595,53.7289,3.4988],[-129.8824,53.7435,10.3861],[-129.9323,53.7651,11.1493],[-129.9478,53.7829,33.962],[-129.955,53.7887,5.5579],[-129.9721,53.7985,28.5551],[-129.9902,53.8049,23.31],[-129.9994,53.8103,21.1371],[-130.0061,53.8103,25.1647],[-130.0033,53.8125,23.4799],[-130.0067,53.8157,6.9188],[-130.0155,53.82,52.7297],[-130.0189,53.8233,10.9659],[-130.0217,53.8225,5.9538],[-130.0272,53.8253,37.7942],[-130.0256,53.8263,0.0],[-130.0283,53.8283,28.1028],[-130.0261,53.8292,1.9224],[-130.0294,53.8306,5.3911],[-130.0277,53.8328,0.0],[-130.035,53.8398,2.844],[-130.0437,53.8441,2.1056],[-130.0462,53.8445,2.1056],[-130.0483,53.8428,7.2544],[-130.0586,53.8503,0.7876],[-130.0589,53.8469,19.6699],[-130.0628,53.8461,17.5793],[-130.065,53.8481,18.9907],[-130.0628,53.8497,18.277],[-130.0639,53.8522,8.8532],[-130.0627,53.8534,0.0],[-130.0682,53.8561,0.0],[-130.0711,53.8556,0.0],[-130.0667,53.8528,12.1508],[-130.0678,53.8517,16.9083],[-130.0717,53.8525,3.2723],[-130.0733,53.8511,0.0],[-130.0689,53.8475,18.9907],[-130.075,53.8489,3.2412],[-130.0805,53.8539,0.0],[-130.0972,53.8633,8.3086],[-130.1,53.8686,41.9349],[-130.1128,53.8794,20.0041],[-130.1107,53.8808,15.8584],[-130.1117,53.8821,6.5851],[-130.1272,53.8894,2.5525],[-130.1427,53.8889,0.0],[-130.1572,53.8933,0.0],[-130.1511,53.8903,14.2836],[-130.1567,53.8906,6.3117],[-130.1744,53.8969,89.7093],[-130.1934,53.9082,13.4758]]],
[[[-129.9058,53.5766,0.0],[-129.9038,53.5772,4.2792],[-129.9023,53.5775,4.2792],[-129.9078,53.5769,0.0],[-129.9058,53.5766,0.0]]],
[[[-130.1151,53.5618,0.0],[-130.1172,53.5631,2.4387],[-130.1189,53.5625,0.0],[-130.118,53.5618,0.0],[-130.1151,53.5618,0.0]]],
[[[-130.1328,53.5658,7.6401],[-130.1445,53.5668,0.0],[-130.1472,53.5649,4.2484],[-130.1553,53.5632,5.7411],[-130.1429,53.5589,14.1727],[-130.1213,53.5598,0.0],[-130.1187,53.5612,13.1401],[-130.1234,53.5622,16.4734],[-130.1228,53.5645,16.7455],[-130.1244,53.5658,3.0508],[-130.1328,53.5658,7.6401]]],
[[[-130.12,53.5656,0.0],[-130.1211,53.5647,0.0],[-130.1162,53.5647,0.0],[-130.1183,53.5658,0.0],[-130.12,53.5656,0.0]]],
[[[-129.9782,53.5687,1.149],[-129.9802,53.5687,2.3736],[-129.9842,53.5663,0.5894],[-129.9752,53.5675,0.0],[-129.9782,53.5687,1.149]]],
[[[-130.1983,53.5767,0.0],[-130.2022,53.5753,0.0],[-130.1983,53.5731,0.0],[-130.1972,53.5758,0.0],[-130.1983,53.5767,0.0]]],
[[[-130.1663,53.5765,3.5773],[-130.1667,53.5797,0.0],[-130.171,53.584,0.0],[-130.1744,53.5819,31.8787],[-130.1894,53.5789,0.0],[-130.1931,53.5759,0.0],[-130.19,53.5708,3.8355],[-130.1781,53.5667,0.0],[-130.1706,53.5679,8.402],[-130.1653,53.5713,0.0],[-130.1647,53.5742,0.0],[-130.1663,53.5765,3.5773]]],
[[[-129.9539,53.5758,0.0],[-129.9539,53.5772,0.0],[-129.9572,53.5758,4.971],[-129.955,53.575,0.0],[-129.9539,53.5758,0.0]]],
[[[-130.0233,53.8533,0.0],[-130.0206,53.8553,0.0],[-130.0239,53.8583,22.2359],[-130.0256,53.8592,0.0],[-130.03,53.8569,0.0],[-130.0283,53.8553,0.0],[-130.0233,53.8533,0.0]]],
[[[-129.9338,53.6533,0.0],[-129.9359,53.6545,3.5282],[-129.9371,53.6534,2.4067],[-129.935,53.6525,0.0],[-129.9338,53.6533,0.0]]],
[[[-129.9489,54.1764,1.3467],[-129.9456,54.1761,5.6307],[-129.9456,54.1775,0.0],[-129.9461,54.1778,0.0],[-129.9489,54.1764,1.3467]]],
[[[-129.9539,54.1797,3.6676],[-129.9533,54.1781,8.9811],[-129.9511,54.1778,0.0],[-129.9483,54.1806,0.0],[-129.9522,54.1808,0.0],[-129.9539,54.1797,3.6676]]],
[[[-130.3733,53.8156,0.0],[-130.3739,53.8175,3.9283],[-130.3806,53.8194,0.0],[-130.3856,53.8181,17.4497],[-130.3878,53.8144,4.8452],[-130.3914,53.813,0.0],[-130.3885,53.8123,2.4007],[-130.3733,53.8156,0.0]]],
[[[-130.3905,53.8178,13.4654],[-130.3928,53.8186,13.4654],[-130.3944,53.8172,3.4185],[-130.3905,53.8153,0.0],[-130.3894,53.8161,0.0],[-130.3905,53.8178,13.4654]]],
[[[-130.365,53.8169,0.0],[-130.3633,53.8175,6.1361],[-130.3633,53.8186,6.1361],[-130.3667,53.8186,0.0],[-130.365,53.8169,0.0]]],
[[[-130.34,53.8214,0.0],[-130.3469,53.8241,2.3622],[-130.3539,53.8225,0.0],[-130.3591,53.8233,12.2313],[-130.3633,53.8214,0.0],[-130.3575,53.8186,0.0],[-130.3454,53.8179,4.6551],[-130.3395,53.8198,0.0],[-130.34,53.8214,0.0]]],
[[[-130.4428,53.8269,0.0],[-130.4356,53.8283,5.0745],[-130.4417,53.8322,0.0],[-130.4489,53.8289,0.0],[-130.4428,53.8269,0.0]]],
[[[-130.4476,53.8326,2.106],[-130.4456,53.8319,1.074],[-130.4433,53.8359,0.0],[-130.4489,53.8383,17.4865],[-130.4522,53.8378,0.0],[-130.4483,53.8353,5.3815],[-130.4511,53.8347,5.3815],[-130.4522,53.8314,0.0],[-130.4506,53.8306,1.5746],[-130.4476,53.8326,2.106]]],
[[[-130.4375,54.0563,0.0],[-130.4361,54.0581,4.9441],[-130.4378,54.0589,0.0],[-130.4389,54.0558,0.0],[-130.4375,54.0563,0.0]]],
[[[-130.4755,54.078,0.0],[-130.4717,54.0797,3.4839],[-130.4717,54.0803,3.4839],[-130.4778,54.0786,9.1581],[-130.4755,54.078,0.0]]],
[[[-130.2514,54.0199,11.2726],[-130.2578,54.0217,5.7485],[-130.2566,54.0247,4.7371],[-130.2578,54.0256,0.0],[-130.2606,54.0247,0.0],[-130.2639,54.0208,2.4767],[-130.2584,54.0106,0.0],[-130.26,54.0072,9.801],[-130.2562,54.0049,0.0],[-130.2539,53.9994,1.784],[-130.2516,53.9987,0.0],[-130.2506,54.0,1.784],[-130.2444,54.0006,20.9453],[-130.2346,53.9868,0.0],[-130.2317,53.9867,0.0],[-130.2334,53.9886,0.0],[-130.2322,53.9899,0.0],[-130.2267,53.9889,0.0],[-130.2267,53.9909,0.0],[-130.2306,53.9937,3.6732],[-130.2303,53.9972,0.0],[-130.2345,54.0017,13.232],[-130.2322,54.0033,0.0],[-130.2367,54.0081,0.0],[-130.2389,54.0069,20.9588],[-130.2422,54.0083,2.1481],[-130.2444,54.0117,6.8077],[-130.2444,54.0169,1.8958],[-130.2472,54.0186,6.5685],[-130.245,54.0197,0.0],[-130.2444,54.0225,0.0],[-130.25,54.0253,0.0],[-130.2511,54.0247,0.0],[-130.2483,54.0214,1.4426],[-130.2514,54.0199,11.2726]]],
[[[-130.26,54.0347,0.0],[-130.2594,54.0408,0.0],[-130.2628,54.0425,22.6011],[-130.2628,54.0447,20.9786],[-130.2655,54.0475,0.0],[-130.2689,54.0486,4.6975],[-130.2705,54.0469,16.3516],[-130.2694,54.0435,10.6498],[-130.2761,54.0417,6.1212],[-130.2777,54.0442,0.0],[-130.2805,54.0444,4.3857],[-130.2817,54.0375,0.0],[-130.2772,54.0345,3.1168],[-130.2778,54.0319,0.0],[-130.2711,54.0256,5.0941],[-130.2667,54.0264,3.5458],[-130.265,54.0333,0.0],[-130.26,54.0347,0.0]]],
[[[-130.32,54.0708,22.3628],[-130.33,54.0745,0.0],[-130.3311,54.0736,0.0],[-130.3289,54.0711,5.1597],[-130.3378,54.0745,0.0],[-130.3389,54.0736,0.0],[-130.3339,54.0692,3.5703],[-130.3178,54.0614,30.0795],[-130.3155,54.0575,9.2306],[-130.3128,54.0567,15.8892],[-130.3006,54.0458,26.2931],[-130.2894,54.0389,16.9033],[-130.2872,54.0395,2.7705],[-130.2867,54.0408,0.0],[-130.2922,54.0428,10.8951],[-130.2889,54.0456,0.0],[-130.2917,54.0475,8.5029],[-130.2878,54.0519,0.0],[-130.2894,54.056399999999996,2.3237],[-130.2956,54.06,5.3614],[-130.2967,54.0572,7.3623],[-130.3022,54.0581,7.073],[-130.3055,54.0617,0.0],[-130.3133,54.0647,2.0452],[-130.3167,54.0694,5.6869],[-130.32,54.0708,22.3628]]],
[[[-130.2459,54.0579,20.8014],[-130.2444,54.0606,0.0],[-130.245,54.0633,0.0],[-130.2483,54.065,4.9232],[-130.2517,54.0611,7.4234],[-130.257,54.0599,0.0],[-130.2549,54.0557,6.0943],[-130.2525,54.0545,0.0],[-130.2459,54.0579,20.8014]]],
[[[-130.3912,54.0912,0.0],[-130.3936,54.0897,4.1492],[-130.3935,54.088,0.0],[-130.3889,54.0903,4.506],[-130.3912,54.0912,0.0]]],
[[[-130.2826,54.0942,0.0],[-130.2933,54.0978,0.0],[-130.2892,54.0947,1.0837],[-130.2823,54.0932,0.0],[-130.2826,54.0942,0.0]]],
[[[-130.3311,54.1038,2.7447],[-130.3333,54.1053,3.9342],[-130.3352,54.1037,1.5362],[-130.3328,54.1019,0.0],[-130.3311,54.1038,2.7447]]],
[[[-130.3386,54.1086,0.0],[-130.3365,54.1085,2.6548],[-130.336,54.1101,0.0],[-130.3385,54.1102,1.7231],[-130.3386,54.1086,0.0]]],
[[[-130.4958,53.8139,24.498],[-130.4948,53.8155,0.0],[-130.4971,53.8166,10.4482],[-130.5009,53.8164,3.3871],[-130.5061,53.8136,1.79],[-130.5023,53.8137,21.4356],[-130.5015,53.8117,0.0],[-130.4989,53.8111,2.3449],[-130.4958,53.8139,24.498]]],
[[[-130.4978,53.8339,5.6311],[-130.4911,53.8328,0.0],[-130.4894,53.8347,0.0],[-130.4978,53.8353,5.6311],[-130.4989,53.8342,5.6311],[-130.4978,53.8339,5.6311]]],
[[[-130.5155,53.8533,12.5182],[-130.5183,53.8553,11.7146],[-130.5211,53.8531,20.069],[-130.5172,53.8522,12.5182],[-130.5155,53.8533,12.5182]]],
[[[-130.5111,53.8586,0.0],[-130.5133,53.8586,13.3566],[-130.5139,53.8569,3.1037],[-130.5122,53.8536,0.0],[-130.5089,53.8544,0.0],[-130.5111,53.8586,0.0]]],
[[[-130.5672,53.87,5.9903],[-130.5694,53.8692,0.0],[-130.5678,53.8664,0.0],[-130.5661,53.8669,0.0],[-130.5672,53.87,5.9903]]],
[[[-130.5657,53.871,0.0],[-130.5596,53.8659,16.7936],[-130.5554,53.8695,0.0],[-130.5599,53.8734,8.6046],[-130.5657,53.871,0.0]]],
[[[-130.5506,53.8725,8.9536],[-130.5561,53.8717,15.0715],[-130.5517,53.8706,22.8856],[-130.55,53.8711,0.0],[-130.5506,53.8725,8.9536]]],
[[[-130.5117,53.8903,8.3251],[-130.5233,53.8923,3.5948],[-130.5233,53.8908,18.7021],[-130.5189,53.8894,10.612],[-130.52,53.8883,7.3608],[-130.5167,53.8869,0.0],[-130.5089,53.89,1.1788],[-130.5117,53.8903,8.3251]]],
[[[-130.65,53.8875,0.0],[-130.6522,53.8875,0.0],[-130.6528,53.8864,4.4655],[-130.6506,53.8861,2.2712],[-130.65,53.8875,0.0]]],
[[[-130.6635,53.8956,6.7096],[-130.6668,53.8939,10.3702],[-130.6639,53.8931,4.6008],[-130.66,53.8944,1.3736],[-130.661,53.896,0.7062],[-130.6635,53.8956,6.7096]]],
[[[-130.6089,53.9163,2.7055],[-130.6116,53.9139,0.0],[-130.6299,53.9175,0.0],[-130.6316,53.9184,10.8894],[-130.6311,53.9197,9.1116],[-130.6344,53.9199,9.0734],[-130.6392,53.9145,2.6326],[-130.6457,53.9135,6.0296],[-130.6533,53.9081,17.6479],[-130.6579,53.907,0.0],[-130.659,53.9016,10.5264],[-130.6625,53.8993,12.2238],[-130.6444,53.8894,7.1905],[-130.6313,53.8874,13.9149],[-130.6274,53.8883,0.0],[-130.6116,53.8842,13.8778],[-130.6133,53.8828,7.1267],[-130.6194,53.8828,10.5868],[-130.6222,53.885,10.8179],[-130.6272,53.8844,6.2669],[-130.6461,53.8881,5.1376],[-130.6494,53.8853,2.1432],[-130.6483,53.8842,2.1432],[-130.6372,53.8839,19.2181],[-130.6332,53.8803,0.0],[-130.619,53.874,12.0119],[-130.6104,53.8757,32.1404],[-130.6059,53.8834,11.9422],[-130.6028,53.8814,10.8386],[-130.5958,53.8819,2.4948],[-130.5932,53.8863,0.0],[-130.5871,53.8901,0.6378],[-130.5862,53.8932,14.8082],[-130.5861,53.8955,6.3258],[-130.5903,53.902,2.1257],[-130.5979,53.9036,22.6403],[-130.6106,53.9092,15.8297],[-130.6117,53.9119,2.5736],[-130.6033,53.9131,0.0],[-130.6089,53.9163,2.7055]]],
[[[-130.6667,53.905,0.0],[-130.6633,53.9069,0.0],[-130.6656,53.9078,4.7017],[-130.67,53.9056,0.0],[-130.6683,53.9042,3.4461],[-130.6667,53.905,0.0]]],
[[[-130.6917,53.9117,1.5164],[-130.6939,53.9131,11.2263],[-130.6972,53.9114,3.5144],[-130.6944,53.9106,15.1342],[-130.6917,53.9117,1.5164]]],
[[[-130.6628,53.9164,3.0975],[-130.6656,53.9167,26.0913],[-130.6656,53.9136,0.0],[-130.6617,53.9153,1.4913],[-130.6628,53.9164,3.0975]]],
[[[-130.6733,53.9175,11.8592],[-130.6756,53.9164,1.8779],[-130.6694,53.9169,0.0],[-130.6706,53.9183,11.8592],[-130.6733,53.9175,11.8592]]],
[[[-130.5789,53.9183,0.0],[-130.5817,53.9194,5.5529],[-130.5833,53.9183,3.96],[-130.5811,53.9172,0.0],[-130.5789,53.9183,0.0]]],
[[[-130.6588,53.9208,2.3297],[-130.6661,53.9231,14.14],[-130.67,53.9219,0.0],[-130.6611,53.9187,0.0],[-130.6585,53.9192,16.794],[-130.6588,53.9208,2.3297]]],
[[[-130.6667,53.9264,3.219],[-130.6644,53.9247,0.0],[-130.6633,53.9269,0.0],[-130.6689,53.93,14.6066],[-130.6739,53.9289,0.9204],[-130.6672,53.9281,7.214],[-130.6667,53.9264,3.219]]],
[[[-130.68,53.9417,0.0],[-130.6783,53.9406,0.0],[-130.675,53.9406,0.0],[-130.6772,53.9433,5.4761],[-130.68,53.9417,0.0]]],
[[[-130.6343,53.9882,0.0],[-130.6361,53.9886,1.7671],[-130.6372,53.9867,0.5941],[-130.6351,53.9867,0.5941],[-130.6343,53.9882,0.0]]],
[[[-130.5328,53.8892,0.0],[-130.5294,53.8894,1.3987],[-130.5289,53.8908,3.8362],[-130.5367,53.8917,0.0],[-130.5367,53.8908,0.0],[-130.5328,53.8892,0.0]]],
[[[-130.4144,54.1,7.3456],[-130.4144,54.1022,0.0],[-130.4189,54.1023,7.6747],[-130.4178,54.1039,0.0],[-130.4202,54.1046,0.0],[-130.4226,54.1034,10.4146],[-130.4244,54.0989,0.0],[-130.4364,54.0986,0.0],[-130.4383,54.0949,0.0],[-130.4368,54.0928,4.956],[-130.4476,54.0828,0.0],[-130.4431,54.0748,14.9931],[-130.4432,54.0703,5.3668],[-130.4403,54.0685,1.0055],[-130.4326,54.0677,11.8968],[-130.437,54.0651,7.9264],[-130.4392,54.0611,8.0709],[-130.435,54.0589,12.0677],[-130.4312,54.0603,0.0],[-130.4289,54.0592,19.1979],[-130.4344,54.0572,2.3266],[-130.4339,54.0542,0.0],[-130.4362,54.0528,3.7448],[-130.4433,54.0536,6.5296],[-130.4413,54.0553,0.0],[-130.443,54.0615,0.0],[-130.4414,54.0644,3.7905],[-130.4466,54.0721,0.0],[-130.4492,54.073,3.4312],[-130.449,54.076,5.3175],[-130.4538,54.0783,8.796],[-130.4611,54.0787,17.6881],[-130.4661,54.0766,9.9511],[-130.4716,54.0787,8.3593],[-130.4756,54.075,12.002],[-130.4788,54.0745,0.0],[-130.4769,54.0715,2.8702],[-130.4839,54.0733,4.103],[-130.484,54.0693,0.0],[-130.4884,54.067,11.0085],[-130.5011,54.0646,6.3871],[-130.514,54.0667,10.0875],[-130.5311,54.0653,0.0],[-130.53,54.0641,0.0],[-130.5339,54.0636,16.4848],[-130.5339,54.0623,16.4848],[-130.5228,54.0541,15.3449],[-130.525,54.0525,3.6061],[-130.5225,54.0484,8.515],[-130.5247,54.0469,7.7578],[-130.529,54.0477,2.4141],[-130.5375,54.0531,0.0],[-130.5423,54.0525,12.4484],[-130.5463,54.0565,0.0],[-130.5518,54.0571,0.0],[-130.5588,54.0546,0.0],[-130.5587,54.0508,5.7034],[-130.5533,54.0447,0.8822],[-130.555,54.0419,12.0734],[-130.56,54.0428,7.7607],[-130.5613,54.0394,3.4299],[-130.5591,54.0379,10.566],[-130.5601,54.0351,14.3583],[-130.5655,54.0311,0.0],[-130.5756,54.0315,1.7652],[-130.5782,54.0301,25.42],[-130.5962,54.0343,0.0],[-130.6022,54.0331,5.161],[-130.6017,54.0311,7.6037],[-130.6033,54.03,12.1439],[-130.6033,54.0264,21.8083],[-130.6056,54.0247,13.0697],[-130.605,54.0233,24.62],[-130.6101,54.0209,2.8822],[-130.6111,54.0172,2.825],[-130.6144,54.0183,5.6601],[-130.6161,54.0156,24.5903],[-130.6201,54.017,10.1753],[-130.6217,54.0142,0.0],[-130.6194,54.0117,13.5128],[-130.6258,54.0087,1.3889],[-130.6283,54.0093,1.3877],[-130.63,54.0,30.1197],[-130.6328,54.0,20.653199999999998],[-130.6339,54.0075,10.2526],[-130.6327,54.0114,0.0],[-130.6309,54.0119,0.0],[-130.6382,54.0127,4.6885],[-130.6409,54.0063,11.1739],[-130.6392,54.004,6.126],[-130.6398,54.0006,12.2543],[-130.6355,53.9961,0.0],[-130.6389,53.9931,15.7154],[-130.6416,53.9978,0.0],[-130.6439,53.9989,0.0],[-130.6452,53.9958,1.8917],[-130.6478,53.995,0.0],[-130.6422,53.9919,0.0],[-130.6378,53.9914,0.0],[-130.6328,53.9942,9.908],[-130.6306,53.9905,31.1371],[-130.6376,53.9819,5.2368],[-130.6344,53.9775,8.4961],[-130.6385,53.9766,15.7852],[-130.6456,53.9719,8.2105],[-130.6478,53.9728,9.9698],[-130.6438,53.9775,6.5677],[-130.6464,53.9897,10.7513],[-130.655,53.9933,6.9639],[-130.6589,53.9917,10.9487],[-130.6594,53.9947,1.9279],[-130.6636,53.9943,0.0],[-130.6628,53.9981,0.0],[-130.6583,53.9992,9.6869],[-130.6561,53.9967,0.0],[-130.6506,53.995,0.0],[-130.6483,53.9969,4.3749],[-130.6506,53.9986,2.948],[-130.6494,53.9997,0.0],[-130.6511,54.0014,0.0],[-130.6533,54.0,7.5409],[-130.6542,53.9967,5.4542],[-130.6556,54.0004,7.9214],[-130.6622,54.0022,1.9167],[-130.6611,54.0044,0.0],[-130.6661,54.0045,0.0],[-130.665,54.0014,24.2336],[-130.67,54.0008,0.0],[-130.6694,53.9981,5.8079],[-130.6662,53.9948,2.7346],[-130.6678,53.9925,0.0],[-130.6633,53.9894,18.0433],[-130.67,53.9759,0.0],[-130.69,53.955,21.1381],[-130.7027,53.9475,0.0],[-130.7133,53.9447,6.9637],[-130.7233,53.9397,0.0],[-130.7228,53.9358,15.1816],[-130.7261,53.9328,0.0],[-130.7228,53.93,15.9799],[-130.7228,53.9261,12.3713],[-130.7283,53.9231,0.0],[-130.7267,53.9219,29.6906],[-130.7332,53.9101,11.6937],[-130.7302,53.9066,2.2873],[-130.7194,53.9027,4.8781],[-130.7117,53.8971,15.2694],[-130.7111,53.8914,2.8539],[-130.7161,53.8861,0.0],[-130.7139,53.8809,16.9012],[-130.7228,53.8686,4.4177],[-130.7172,53.8625,0.0],[-130.7073,53.8589,23.5067],[-130.7083,53.8578,18.381],[-130.705,53.8539,0.0],[-130.7,53.8517,20.9534],[-130.7056,53.8503,0.0],[-130.7044,53.8494,13.8181],[-130.7077,53.8475,8.7823],[-130.7072,53.8464,0.0],[-130.7038,53.8444,0.4113],[-130.6927,53.8469,3.9244],[-130.6917,53.845,8.3607],[-130.6939,53.8433,0.0],[-130.6933,53.8419,0.0],[-130.6855,53.8409,0.0],[-130.6811,53.8425,4.3572],[-130.6817,53.8436,4.3572],[-130.6778,53.8431,0.0],[-130.6711,53.8461,9.6342],[-130.6667,53.8456,18.044],[-130.6617,53.8436,0.0],[-130.6589,53.84,0.0],[-130.6583,53.8383,4.8503],[-130.6611,53.8364,0.5622],[-130.6578,53.8367,0.5622],[-130.655,53.835,0.0],[-130.6528,53.8364,4.9089],[-130.6461,53.8342,2.3067],[-130.6373,53.8387,0.0],[-130.6405,53.8428,0.0],[-130.6389,53.8442,7.0679],[-130.6166,53.8439,13.4374],[-130.6152,53.8453,0.0],[-130.6173,53.8473,0.0],[-130.6255,53.8519,13.8397],[-130.6228,53.8533,5.2712],[-130.62,53.8511,7.0068],[-130.617,53.8512,6.2397],[-130.6111,53.8567,9.7243],[-130.6111,53.8581,21.2336],[-130.6173,53.8626,0.0],[-130.675,53.8848,2.9711],[-130.6883,53.8875,9.2449],[-130.6983,53.8917,5.4565],[-130.6979,53.8971,0.0],[-130.7011,53.9031,16.7969],[-130.6928,53.9077,4.7274],[-130.6978,53.9083,14.2762],[-130.7022,53.9109,4.8446],[-130.695,53.9167,0.0],[-130.6883,53.915,0.2616],[-130.68,53.9158,0.0],[-130.6816,53.9175,2.8398],[-130.685,53.9178,7.0079],[-130.6844,53.9222,3.03],[-130.6889,53.9253,13.5151],[-130.6859,53.9259,0.0],[-130.68,53.9315,0.0],[-130.6789,53.9355,0.9751],[-130.6872,53.9428,5.0443],[-130.6817,53.9461,4.6314],[-130.6694,53.95,4.3022],[-130.6717,53.9528,4.332],[-130.6706,53.9573,14.8238],[-130.6639,53.9525,6.0275],[-130.6639,53.9511,3.7235],[-130.6733,53.9455,4.4838],[-130.6711,53.9406,8.1282],[-130.6728,53.9394,12.7804],[-130.6711,53.9386,0.9841],[-130.6633,53.9383,6.0],[-130.6617,53.9375,6.0],[-130.6628,53.9367,3.1934],[-130.6618,53.9358,3.1934],[-130.6563,53.9349,0.0],[-130.635,53.9372,23.684],[-130.6289,53.947,3.0309],[-130.6456,53.9589,15.5839],[-130.635,53.9578,4.1222],[-130.6294,53.9553,2.3949],[-130.6244,53.9507,3.969],[-130.61,53.9475,8.1525],[-130.6061,53.9433,1.656],[-130.6044,53.9386,5.0344],[-130.59,53.9331,16.9174],[-130.59,53.931399999999996,15.3502],[-130.5861,53.9292,10.9524],[-130.58,53.9278,7.7971],[-130.5839,53.9236,4.2808],[-130.5833,53.9217,11.3634],[-130.5767,53.9197,5.9966],[-130.5761,53.9169,9.6604],[-130.5777,53.9156,0.0],[-130.5731,53.9103,0.0],[-130.5689,53.9089,34.3601],[-130.5691,53.9052,0.0],[-130.5572,53.9006,23.2221],[-130.5583,53.8992,18.7652],[-130.5572,53.8961,1.9478],[-130.5356,53.8997,8.3361],[-130.5287,53.8954,0.0],[-130.5179,53.8931,0.0],[-130.5133,53.8928,0.0],[-130.5111,53.8947,7.5719],[-130.5044,53.8906,12.9662],[-130.5075,53.8885,0.0],[-130.5039,53.8858,2.4202],[-130.4989,53.8833,0.0],[-130.4905,53.8831,0.0],[-130.4756,53.8897,0.0],[-130.4706,53.8939,27.7022],[-130.4602,53.9145,28.4548],[-130.4599,53.9169,34.0672],[-130.4619,53.9187,12.3135],[-130.4557,53.9217,0.0],[-130.4568,53.9247,24.0057],[-130.4555,53.928,0.0],[-130.4571,53.9321,1.2273],[-130.4551,53.9351,0.0],[-130.4605,53.9497,22.4405],[-130.458,53.9629,15.9631],[-130.4518,53.9721,13.3098],[-130.4444,53.9761,3.5354],[-130.4389,53.9817,6.503],[-130.4305,53.9839,22.4929],[-130.4163,53.9807,3.0651],[-130.4083,53.9805,34.3161],[-130.3933,53.9731,0.0],[-130.3878,53.9742,0.0],[-130.3822,53.98,0.0],[-130.3768,53.9767,0.0],[-130.37,53.9767,16.0959],[-130.3689,53.9749,10.6087],[-130.3711,53.9731,38.2298],[-130.3707,53.9712,29.7257],[-130.3622,53.9697,0.0],[-130.3611,53.9678,10.9706],[-130.3548,53.9653,0.0],[-130.3445,53.965,9.0188],[-130.3394,53.9642,20.5411],[-130.3389,53.9628,4.343],[-130.3439,53.9614,26.0836],[-130.3565,53.9626,2.6671],[-130.3629,53.9647,7.8767],[-130.3678,53.9608,3.6965],[-130.3717,53.9603,24.4867],[-130.3793,53.968,2.8392],[-130.3839,53.9656,0.0],[-130.3922,53.9659,0.0],[-130.4136,53.971,1.4744],[-130.4225,53.9664,12.4417],[-130.4326,53.9585,18.2264],[-130.4378,53.9393,0.0],[-130.4438,53.9309,0.0],[-130.4477,53.9188,0.0],[-130.4544,53.9147,0.0],[-130.4527,53.9114,9.4393],[-130.4539,53.9078,7.6576],[-130.458,53.9066,0.0],[-130.4586,53.9037,7.1051],[-130.4666,53.8971,6.0372],[-130.4688,53.8925,0.0],[-130.4683,53.8869,12.2043],[-130.4889,53.8786,16.9294],[-130.4928,53.8795,8.4008],[-130.4944,53.8786,6.1668],[-130.4933,53.8761,0.0],[-130.4978,53.8744,5.6691],[-130.5072,53.8767,8.6154],[-130.5106,53.8722,7.7139],[-130.5172,53.87,3.1981],[-130.5139,53.8683,0.0],[-130.5111,53.868899999999996,16.9699],[-130.5111,53.865,15.3417],[-130.5066,53.8631,16.5902],[-130.5061,53.8606,7.5091],[-130.5011,53.8595,3.5162],[-130.5011,53.8547,0.7507],[-130.4989,53.8525,15.9459],[-130.4855,53.847,11.3385],[-130.4933,53.8467,6.5224],[-130.4917,53.8483,2.7411],[-130.4928,53.8495,2.0332],[-130.5,53.8481,4.2498],[-130.51,53.8497,2.2623],[-130.5139,53.8483,0.0],[-130.5086,53.8454,0.0],[-130.4997,53.8448,4.5707],[-130.504,53.8431,0.0],[-130.5043,53.841,1.7755],[-130.5039,53.8378,0.0],[-130.4995,53.8364,0.0],[-130.4944,53.8375,2.5354],[-130.4889,53.8411,5.2848],[-130.4867,53.8406,4.2772],[-130.4883,53.8378,10.1395],[-130.4861,53.8369,0.0],[-130.477,53.8385,0.0],[-130.4705,53.8417,3.4366],[-130.4672,53.8406,12.3885],[-130.4662,53.8383,0.0],[-130.4628,53.8389,8.2867],[-130.4611,53.8375,2.3308],[-130.4489,53.8392,11.3254],[-130.4461,53.8414,1.8436],[-130.4506,53.8436,4.1572],[-130.4461,53.8436,0.0],[-130.4444,53.8444,0.0],[-130.4456,53.8464,22.3943],[-130.4428,53.8458,2.2495],[-130.4422,53.8486,2.5587],[-130.4394,53.8492,11.1455],[-130.44,53.8478,7.1062],[-130.4328,53.8439,23.8322],[-130.435,53.8431,0.7988],[-130.4306,53.84,12.0681],[-130.4383,53.8386,0.0],[-130.436,53.8365,0.0],[-130.4356,53.8335,0.0],[-130.4267,53.8318,0.0],[-130.425,53.8342,14.0347],[-130.4306,53.8344,6.9781],[-130.4244,53.8359,5.7465],[-130.4242,53.8377,11.9829],[-130.4128,53.8378,22.8112],[-130.4117,53.8361,9.0303],[-130.4206,53.8355,1.9396],[-130.4217,53.8331,4.803],[-130.4172,53.8319,7.1686],[-130.4183,53.83,8.5827],[-130.4144,53.8288,27.4959],[-130.4072,53.8284,0.0],[-130.405,53.8306,10.9807],[-130.3994,53.8269,15.7432],[-130.4017,53.8256,4.6275],[-130.3998,53.8235,0.0],[-130.3889,53.8269,0.0],[-130.386,53.8238,5.0067],[-130.3781,53.8238,20.1372],[-130.3624,53.8281,0.0],[-130.3598,53.8311,9.7869],[-130.3546,53.8281,0.0],[-130.3407,53.8285,3.8237],[-130.3423,53.8309,5.9593],[-130.3493,53.8343,52.4042],[-130.3408,53.8329,4.1629],[-130.3391,53.8353,0.0],[-130.3384,53.8429,0.0],[-130.3422,53.8451,16.0321],[-130.3472,53.8425,3.2915],[-130.3517,53.8451,7.9647],[-130.3467,53.8464,2.3352],[-130.3375,53.8541,0.0],[-130.3389,53.8582,17.785],[-130.3371,53.8607,9.3481],[-130.3369,53.8677,11.0093],[-130.334,53.8716,3.3479],[-130.3363,53.8755,0.0],[-130.3344,53.8791,10.8807],[-130.3167,53.8845,0.0],[-130.3127,53.8831,0.0],[-130.3083,53.8864,0.0],[-130.3072,53.8911,13.8822],[-130.2956,53.8931,13.5227],[-130.294,53.8976,2.4003],[-130.2778,53.9023,4.5195],[-130.2762,53.9071,44.4628],[-130.2775,53.9131,2.4341],[-130.2708,53.9173,35.0257],[-130.2711,53.9208,41.6746],[-130.2688,53.9239,26.719],[-130.2615,53.9264,10.7977],[-130.2594,53.9305,0.0],[-130.26,53.9328,3.034],[-130.2533,53.9347,1.558],[-130.2505,53.9344,1.558],[-130.2478,53.9317,0.0],[-130.2414,53.9329,1.0805],[-130.2395,53.9355,1.7292],[-130.2416,53.9381,25.5679],[-130.2528,53.9425,0.8677],[-130.2572,53.9458,4.4372],[-130.245,53.9439,6.6548],[-130.235,53.9445,4.4454],[-130.2317,53.9472,8.3845],[-130.23,53.9523,0.0],[-130.2345,53.9572,1.1842],[-130.2339,53.9614,3.556],[-130.2361,53.9628,11.7988],[-130.2378,53.9681,27.2507],[-130.2367,53.9736,3.288],[-130.2341,53.9755,8.6806],[-130.2345,53.9783,5.4385],[-130.2406,53.9814,23.9809],[-130.24,53.9864,15.9231],[-130.2439,53.9881,13.0072],[-130.2433,53.9894,0.0],[-130.2483,53.9936,9.7919],[-130.2478,53.9947,0.0],[-130.2522,53.9926,5.756],[-130.2539,53.9933,5.756],[-130.2544,53.9969,3.5397],[-130.2622,54.0061,2.641],[-130.2768,54.0141,1.8363],[-130.2785,54.0169,0.0],[-130.2856,54.0182,0.0],[-130.2939,54.0145,16.3193],[-130.2883,54.0211,0.0],[-130.288,54.0251,0.0],[-130.2901,54.0284,6.9117],[-130.3025,54.0369,9.2618],[-130.3055,54.0414,4.0393],[-130.3146,54.0477,0.0],[-130.3173,54.0508,2.2499],[-130.3171,54.0529,4.757],[-130.3212,54.0544,5.0627],[-130.3303,54.0629,15.9877],[-130.3356,54.0659,0.0],[-130.3383,54.0636,17.5818],[-130.3472,54.0703,4.8104],[-130.3478,54.0689,4.8104],[-130.3542,54.0696,8.2082],[-130.3731,54.0812,0.0],[-130.3823,54.0895,0.0],[-130.3881,54.088,0.0],[-130.3871,54.0844,14.9627],[-130.3833,54.0811,18.8011],[-130.3844,54.0803,13.1665],[-130.3938,54.0875,0.0],[-130.4011,54.0908,3.9725],[-130.4073,54.0906,0.0],[-130.41,54.088,6.2741],[-130.4094,54.0903,7.1345],[-130.415,54.0906,22.5013],[-130.4128,54.0919,5.6923],[-130.4128,54.0981,16.6144],[-130.4144,54.1,7.3456]]],
[[[-130.48,54.0817,22.5798],[-130.4828,54.0806,0.0],[-130.4811,54.0775,5.6807],[-130.4761,54.0819,0.0],[-130.48,54.0817,22.5798]]],
[[[-130.4926,54.0843,2.0223],[-130.4944,54.0822,9.95],[-130.49,54.0808,0.0],[-130.4899,54.0837,0.0],[-130.4926,54.0843,2.0223]]],
[[[-130.6745,54.0056,0.0],[-130.6776,54.0061,1.8072],[-130.6797,54.0049,0.4029],[-130.6744,54.0039,0.5499],[-130.6745,54.0056,0.0]]],
[[[-130.6883,54.0067,0.4444],[-130.6839,54.0056,4.7138],[-130.6811,54.0072,0.0],[-130.6839,54.0081,0.5342],[-130.6883,54.0067,0.4444]]],
[[[-130.6235,54.0165,6.3881],[-130.6261,54.0151,5.5119],[-130.6224,54.0117,3.2265],[-130.6221,54.0171,0.0],[-130.6235,54.0165,6.3881]]],
[[[-130.6239,54.0197,2.5687],[-130.6255,54.02,2.5687],[-130.6267,54.0183,0.2504],[-130.625,54.0178,0.0],[-130.6239,54.0197,2.5687]]],
[[[-130.6154,54.0187,5.6601],[-130.6152,54.0211,0.0],[-130.6182,54.0195,2.1407],[-130.6173,54.0175,0.5376],[-130.6154,54.0187,5.6601]]],
[[[-130.6628,54.0345,3.0864],[-130.6666,54.0333,4.5026],[-130.676,54.0373,0.9096],[-130.6772,54.0331,8.6295],[-130.6861,54.0292,6.9433],[-130.6835,54.0281,0.0],[-130.6828,54.0256,0.3158],[-130.6878,54.0215,6.658],[-130.6822,54.0192,1.2254],[-130.6828,54.0147,0.1417],[-130.6789,54.0122,7.8582],[-130.6839,54.0106,0.0],[-130.6828,54.0092,0.0],[-130.6683,54.0053,0.3289],[-130.6667,54.0089,0.0],[-130.67,54.0123,26.4224],[-130.6711,54.0178,16.978],[-130.6695,54.0192,11.9928],[-130.6667,54.0128,2.646],[-130.6617,54.0101,0.0],[-130.6572,54.0111,2.328],[-130.6506,54.0086,0.0],[-130.6433,54.0111,5.5886],[-130.6467,54.0136,14.0021],[-130.6444,54.0187,0.0],[-130.6503,54.0208,0.6171],[-130.6495,54.022,0.6171],[-130.6533,54.0247,0.0],[-130.6497,54.0251,0.0],[-130.6481,54.0269,3.0929],[-130.6505,54.0289,0.0],[-130.6489,54.0334,0.8763],[-130.6526,54.0346,1.4116],[-130.6528,54.0323,13.5084],[-130.655,54.0314,11.9362],[-130.6628,54.0345,3.0864]]],
[[[-130.6145,54.023,2.6737],[-130.6142,54.0298,0.9974],[-130.6172,54.0278,15.429],[-130.62,54.0297,4.4882],[-130.625,54.0267,0.0],[-130.6189,54.0267,9.7972],[-130.6183,54.0236,19.4434],[-130.6206,54.0217,0.0],[-130.6194,54.0208,4.3083],[-130.6145,54.023,2.6737]]],
[[[-130.635,54.0242,0.0],[-130.6322,54.0244,0.1462],[-130.6317,54.0275,0.6746],[-130.6356,54.0258,0.0],[-130.635,54.0242,0.0]]],
[[[-130.6978,54.0403,4.1226],[-130.7007,54.0436,13.3497],[-130.7038,54.0439,1.6605],[-130.7067,54.0431,0.0],[-130.7075,54.0411,4.0839],[-130.7111,54.0428,0.9216],[-130.7133,54.0417,0.4492],[-130.71,54.0389,14.214],[-130.7117,54.0359,1.5461],[-130.7094,54.0331,5.0492],[-130.7161,54.0305,0.0],[-130.715,54.028,22.6269],[-130.7172,54.0264,0.0],[-130.7138,54.025,0.0],[-130.7045,54.0297,1.7099],[-130.7005,54.0275,33.8615],[-130.7028,54.025,0.0],[-130.7017,54.0242,0.0],[-130.6956,54.0275,0.0],[-130.6933,54.0333,15.4688],[-130.6978,54.0403,4.1226]]],
[[[-130.748,54.1254,0.0],[-130.7473,54.1282,0.7439],[-130.7498,54.1287,1.9441],[-130.7494,54.127,0.6618],[-130.748,54.1254,0.0]]],
[[[-130.8212,54.2077,3.7357],[-130.8183,54.2105,0.0],[-130.8218,54.2098,2.6591],[-130.8224,54.2082,3.7357],[-130.8212,54.2077,3.7357]]],
[[[-130.7522,54.21,0.0],[-130.7594,54.2144,1.444],[-130.7639,54.2144,0.0],[-130.7628,54.2117,2.1957],[-130.7683,54.2103,10.2629],[-130.7655,54.2083,0.0],[-130.7522,54.21,0.0]]],
[[[-130.8359,54.2038,0.0],[-130.8371,54.2031,2.6994],[-130.8365,54.2014,0.9118],[-130.8329,54.2032,2.8784],[-130.8341,54.2039,0.0],[-130.8359,54.2038,0.0]]],
[[[-130.8364,54.2069,8.1596],[-130.8372,54.2058,8.1215],[-130.83,54.2043,4.2255],[-130.8277,54.2096,0.0],[-130.8321,54.2096,7.776],[-130.8364,54.2069,8.1596]]],
[[[-130.8639,54.243899999999996,1.3322],[-130.8656,54.2397,0.0],[-130.8628,54.2389,0.0],[-130.86,54.2417,0.0],[-130.8639,54.243899999999996,1.3322]]],
[[[-130.8789,54.2475,0.0],[-130.8794,54.2456,0.0],[-130.8761,54.2442,0.4559],[-130.8739,54.2494,0.0],[-130.8761,54.2492,0.4924],[-130.8789,54.2475,0.0]]],
[[[-130.8255,54.2107,0.0],[-130.8238,54.2106,0.0],[-130.8223,54.214,0.0],[-130.8236,54.2141,0.0],[-130.8255,54.2107,0.0]]],
[[[-130.8,54.2275,3.06],[-130.7987,54.2295,8.6201],[-130.8032,54.2293,6.6252],[-130.8022,54.2283,2.4826],[-130.8,54.2275,3.06]]],
[[[-130.8017,54.2356,4.1713],[-130.8031,54.2368,4.1713],[-130.8046,54.2353,0.682],[-130.8027,54.2344,0.0],[-130.8017,54.2356,4.1713]]],
[[[-130.8039,54.2419,0.0],[-130.8022,54.2447,0.0],[-130.8039,54.2453,2.0555],[-130.8122,54.2406,0.0],[-130.8122,54.2392,5.5338],[-130.8083,54.2381,1.6434],[-130.8039,54.2419,0.0]]],
[[[-130.8628,54.2517,6.0274],[-130.8656,54.2475,1.4406],[-130.8617,54.2486,0.0],[-130.8617,54.2519,6.0274],[-130.8628,54.2517,6.0274]]],
[[[-130.8304,54.2497,4.5697],[-130.8287,54.251,0.4222],[-130.8331,54.2499,0.0],[-130.8311,54.2488,4.5697],[-130.8304,54.2497,4.5697]]],
[[[-130.8563,54.2539,4.3229],[-130.8581,54.2553,4.3229],[-130.861,54.2553,2.0912],[-130.8585,54.2531,0.0],[-130.8563,54.2539,4.3229]]],
[[[-130.8206,54.2622,21.8082],[-130.8189,54.2653,0.923],[-130.8263,54.2655,0.0],[-130.8261,54.2603,12.9465],[-130.8344,54.255,0.0],[-130.8339,54.2536,0.0],[-130.8294,54.2542,3.7415],[-130.8206,54.2622,21.8082]]],
[[[-130.6068,54.0289,0.0],[-130.6106,54.0285,0.0],[-130.6105,54.025,0.0],[-130.6061,54.0264,7.2017],[-130.6053,54.0284,0.0],[-130.6068,54.0289,0.0]]],
[[[-130.6484,54.0286,3.4542],[-130.6473,54.0275,3.4542],[-130.6479,54.0248,0.0],[-130.6458,54.0245,1.8708],[-130.6437,54.0259,1.7307],[-130.6429,54.0291,0.0],[-130.6469,54.0315,1.4294],[-130.6484,54.0286,3.4542]]],
[[[-130.7038,54.0479,0.0],[-130.7044,54.045,1.6605],[-130.7011,54.0447,2.8924],[-130.7015,54.0463,0.0],[-130.7038,54.0479,0.0]]],
[[[-130.6189,54.0675,4.8694],[-130.6255,54.0717,3.9385],[-130.6317,54.0731,1.0026],[-130.6333,54.0675,0.3887],[-130.6355,54.0659,0.0],[-130.6322,54.0625,5.2565],[-130.6267,54.0609,9.1287],[-130.6289,54.0597,2.154],[-130.6273,54.0586,5.6524],[-130.6283,54.0569,0.4033],[-130.6239,54.0567,14.7537],[-130.6245,54.055,3.5965],[-130.6228,54.0539,3.5965],[-130.6166,54.0553,0.3971],[-130.614,54.0573,2.5956],[-130.615,54.0581,2.5956],[-130.6078,54.0603,2.2473],[-130.605,54.0589,2.2454],[-130.5989,54.0597,1.3779],[-130.6006,54.0572,0.0],[-130.5972,54.056399999999996,6.8738],[-130.6039,54.0539,6.6994],[-130.6028,54.0528,3.1389],[-130.5938,54.0539,10.5525],[-130.585,54.0589,1.2225],[-130.5861,54.0614,12.7977],[-130.595,54.0639,0.0],[-130.6,54.0672,2.2834],[-130.6144,54.0695,4.3409],[-130.6189,54.0675,4.8694]]],
[[[-130.6278,54.0814,0.0],[-130.6322,54.0794,0.0],[-130.6294,54.0786,0.3904],[-130.6272,54.0797,0.0],[-130.6278,54.0814,0.0]]],
[[[-130.6752,54.1037,0.0],[-130.6694,54.1028,0.0],[-130.6639,54.1097,1.7741],[-130.6665,54.1107,0.0],[-130.6821,54.1057,0.0],[-130.6895,54.0989,0.0],[-130.6867,54.0951,2.6064],[-130.689,54.0919,0.0],[-130.6862,54.0917,0.0],[-130.6752,54.1037,0.0]]],
[[[-130.6517,54.1075,3.9823],[-130.6624,54.1087,7.5156],[-130.6665,54.103,1.6013],[-130.6637,54.1017,5.4323],[-130.6663,54.1008,0.0],[-130.6612,54.0993,0.0],[-130.6581,54.1041,21.3263],[-130.6538,54.1044,5.5884],[-130.6517,54.1075,3.9823]]],
[[[-130.6533,54.1122,2.3482],[-130.66,54.1114,10.7362],[-130.6561,54.1089,18.4263],[-130.6528,54.1106,0.0],[-130.6533,54.1122,2.3482]]],
[[[-130.7855,54.2147,14.22],[-130.7861,54.2167,12.9203],[-130.7928,54.2173,0.0],[-130.7961,54.2127,0.0],[-130.795,54.2114,11.2962],[-130.8011,54.2097,16.7557],[-130.7978,54.2077,2.2928],[-130.8,54.2058,7.5224],[-130.7928,54.205,32.6818],[-130.795,54.2017,2.505],[-130.7933,54.1997,7.2053],[-130.7994,54.1986,0.0],[-130.7939,54.1961,4.7907],[-130.8,54.1956,0.0],[-130.8022,54.1919,14.7134],[-130.8117,54.185,0.0],[-130.8106,54.1837,0.0],[-130.8117,54.1828,0.0],[-130.8067,54.1803,0.5424],[-130.8061,54.1783,7.2221],[-130.8166,54.1783,3.256],[-130.8217,54.1756,4.1086],[-130.8206,54.1731,0.0],[-130.8228,54.1697,0.8049],[-130.8172,54.1667,13.1152],[-130.8183,54.1639,0.0],[-130.8139,54.1614,7.6777],[-130.8266,54.1619,9.1162],[-130.8261,54.1589,21.1646],[-130.8278,54.1572,5.7573],[-130.8217,54.1558,11.1552],[-130.8266,54.1528,8.3274],[-130.8322,54.1537,1.0933],[-130.8294,54.1511,10.352],[-130.8333,54.15,0.0],[-130.8333,54.1475,0.0],[-130.8356,54.1458,1.0981],[-130.8305,54.1439,0.4757],[-130.8289,54.1456,-0.0019],[-130.8222,54.1459,5.8614],[-130.8189,54.1483,4.5451],[-130.8178,54.1467,10.406],[-130.8211,54.1442,0.0],[-130.8195,54.1428,5.6154],[-130.8222,54.1403,0.0],[-130.8178,54.1389,3.1423],[-130.8145,54.1414,2.9459],[-130.8106,54.1417,0.0],[-130.8106,54.1394,0.0],[-130.8078,54.1369,0.0],[-130.8117,54.1339,0.4884],[-130.8044,54.1336,0.0],[-130.8017,54.1297,0.0],[-130.7989,54.1342,7.2583],[-130.7972,54.1311,10.7009],[-130.7983,54.1275,0.0],[-130.7928,54.1261,0.0],[-130.79,54.1295,0.0],[-130.7911,54.1328,0.0],[-130.7956,54.1347,14.9467],[-130.7979,54.1381,3.9912],[-130.8011,54.1378,3.9912],[-130.8028,54.1414,0.0],[-130.8011,54.1439,0.0],[-130.805,54.1453,3.4951],[-130.8,54.1478,11.2964],[-130.7894,54.1417,0.0],[-130.7872,54.1428,0.0],[-130.7889,54.1445,0.0],[-130.7828,54.1472,0.083],[-130.7821,54.1502,1.0491],[-130.7794,54.1522,6.4965],[-130.7794,54.1547,8.1556],[-130.7772,54.1553,0.6965],[-130.775,54.1506,0.0],[-130.7678,54.1467,7.5925],[-130.769,54.1446,3.1957],[-130.7749,54.1453,17.2876],[-130.7788,54.1437,28.0641],[-130.7789,54.1414,0.0],[-130.7694,54.1386,9.929],[-130.7772,54.1314,2.148],[-130.7728,54.1272,0.3056],[-130.7711,54.1203,0.0],[-130.7544,54.1167,4.2593],[-130.7505,54.1164,8.4174],[-130.7489,54.1178,2.126],[-130.75,54.1244,0.0],[-130.7522,54.1275,2.0325],[-130.7529,54.1335,0.0],[-130.7514,54.1341,0.0],[-130.7517,54.1356,0.0],[-130.7556,54.1386,0.1862],[-130.7523,54.1394,0.0],[-130.754,54.1408,0.0],[-130.7513,54.1409,0.0],[-130.7511,54.1383,0.0],[-130.7484,54.1393,0.0],[-130.7496,54.138,0.0],[-130.7486,54.1371,0.0],[-130.7428,54.1369,13.0627],[-130.7495,54.13,0.4611],[-130.7428,54.1297,17.3285],[-130.7456,54.1236,11.4278],[-130.7439,54.1203,0.0],[-130.7339,54.1247,2.0848],[-130.7361,54.1275,18.0648],[-130.7333,54.1336,0.0],[-130.73,54.1347,7.7813],[-130.7278,54.1333,0.0],[-130.7283,54.1225,3.3535],[-130.7333,54.1211,1.4758],[-130.73,54.12,0.0],[-130.7228,54.1219,8.3375],[-130.7217,54.1214,8.3375],[-130.7259,54.1178,0.0],[-130.7205,54.1173,0.0],[-130.715,54.1211,2.4994],[-130.7128,54.1187,22.8997],[-130.7156,54.1153,0.0],[-130.7088,54.1126,2.2169],[-130.705,54.1145,34.6213],[-130.7006,54.1145,17.4275],[-130.6983,54.1122,22.2472],[-130.6911,54.1106,9.5448],[-130.6906,54.1086,0.0],[-130.6878,54.1075,8.4398],[-130.6811,54.1086,0.0],[-130.6728,54.1139,1.6966],[-130.6472,54.1139,3.8396],[-130.6461,54.1131,0.0],[-130.65,54.1108,6.9219],[-130.645,54.1075,14.5619],[-130.65,54.1067,16.3408],[-130.6511,54.1033,17.4069],[-130.655,54.1006,1.8821],[-130.6539,54.0992,4.985],[-130.6549,54.0975,9.7068],[-130.6506,54.0959,5.8286],[-130.6528,54.0933,9.0408],[-130.6522,54.0914,8.0644],[-130.6572,54.0883,1.8173],[-130.6522,54.0881,15.093],[-130.6555,54.0842,0.0],[-130.6528,54.0842,0.0],[-130.6461,54.0928,4.9936],[-130.6467,54.0883,18.935],[-130.6483,54.0873,0.0],[-130.6478,54.0842,0.0],[-130.6411,54.0869,2.0478],[-130.6378,54.0911,5.2885],[-130.6344,54.0917,0.0],[-130.6344,54.0942,0.5229],[-130.6311,54.0969,0.0],[-130.6289,54.1025,5.1135],[-130.63,54.1042,14.7161],[-130.6283,54.1045,12.2524],[-130.625,54.1022,18.2383],[-130.6283,54.0994,16.2677],[-130.6283,54.0947,18.2192],[-130.6322,54.0903,2.05],[-130.6272,54.0853,4.4067],[-130.6272,54.0828,0.0],[-130.625,54.0817,0.0],[-130.6217,54.0845,14.1074],[-130.6228,54.0811,0.0],[-130.6217,54.0764,0.0],[-130.5978,54.0706,22.2882],[-130.5889,54.0669,0.0],[-130.5872,54.0689,0.0],[-130.595,54.0708,1.3591],[-130.5906,54.0725,22.528199999999998],[-130.5894,54.07,4.7401],[-130.5834,54.0695,0.0],[-130.5872,54.0664,5.513],[-130.5844,54.065,1.4135],[-130.5727,54.0651,0.0],[-130.5683,54.0672,0.0],[-130.5705,54.0694,0.0],[-130.5672,54.072,0.0],[-130.57,54.0753,5.1682],[-130.5711,54.0811,4.4283],[-130.5778,54.085,20.9058],[-130.5855,54.0945,21.5842],[-130.5989,54.1053,30.1471],[-130.6133,54.1125,0.0],[-130.6161,54.1108,4.8486],[-130.6194,54.1117,11.9573],[-130.6245,54.1164,8.9235],[-130.6217,54.1184,0.0],[-130.625,54.1206,0.0],[-130.6267,54.1197,7.2524],[-130.6268,54.117,16.2272],[-130.63,54.1183,4.8864],[-130.6317,54.123,4.4028],[-130.6294,54.1233,0.0],[-130.6289,54.1261,2.1974],[-130.6306,54.1281,0.0],[-130.6333,54.1289,0.0],[-130.6361,54.1275,0.0],[-130.6361,54.1258,1.8416],[-130.6405,54.1231,20.8598],[-130.64,54.1214,16.9533],[-130.6467,54.118899999999996,2.2705],[-130.645,54.1247,2.0089],[-130.6411,54.1258,0.0],[-130.6439,54.1269,13.464],[-130.6417,54.1283,4.2092],[-130.6422,54.13,3.3803],[-130.6405,54.1306,20.4621],[-130.6372,54.1283,0.0],[-130.635,54.1303,16.3022],[-130.6433,54.1356,17.7439],[-130.6394,54.1375,2.5763],[-130.6411,54.1403,15.0105],[-130.6508,54.1465,0.0],[-130.6567,54.1483,16.6271],[-130.6567,54.1506,3.8318],[-130.6606,54.1542,1.4924],[-130.6594,54.1553,1.4924],[-130.6628,54.1578,1.3249],[-130.6889,54.165,16.2063],[-130.6906,54.1659,14.0299],[-130.69,54.1675,0.0],[-130.7089,54.1753,17.2089],[-130.7128,54.1803,3.7187],[-130.73,54.1894,3.5816],[-130.7378,54.1914,23.2853],[-130.7417,54.1947,11.9288],[-130.7417,54.1969,5.4113],[-130.7489,54.2008,2.3394],[-130.7489,54.2031,2.1498],[-130.7567,54.2075,1.5355],[-130.7694,54.2033,17.288],[-130.7744,54.2081,4.7395],[-130.7805,54.2089,0.0],[-130.7827,54.2114,0.0],[-130.7811,54.2136,0.0],[-130.7855,54.2147,14.22]]],
[[[-130.6265,54.2939,0.0],[-130.6245,54.2922,14.6718],[-130.6206,54.2928,9.4078],[-130.6217,54.2936,9.4078],[-130.6265,54.2939,0.0]]],
[[[-130.6125,54.2931,0.5065],[-130.6101,54.2924,0.0],[-130.6082,54.2963,3.1256],[-130.6202,54.2964,3.981],[-130.6196,54.2946,1.799],[-130.6125,54.2931,0.5065]]],
[[[-130.6212,54.2955,3.5365],[-130.6214,54.2964,3.5365],[-130.627,54.2963,1.9659],[-130.6263,54.2948,0.0],[-130.6212,54.2955,3.5365]]],
[[[-130.4828,54.0825,0.0],[-130.4794,54.0836,2.0267],[-130.4794,54.085,0.0],[-130.4822,54.0847,4.0278],[-130.4839,54.0833,0.0],[-130.4828,54.0825,0.0]]],
[[[-130.5472,54.1986,0.0],[-130.5539,54.2019,26.5496],[-130.5594,54.2006,5.8961],[-130.5572,54.1989,29.0916],[-130.5583,54.1975,11.0875],[-130.5572,54.1969,0.0],[-130.5494,54.1967,0.0],[-130.5472,54.1986,0.0]]],
[[[-130.5572,54.2089,20.2408],[-130.5544,54.2108,1.5744],[-130.5606,54.2131,8.4612],[-130.5644,54.2114,0.0],[-130.5617,54.21,0.0],[-130.5572,54.2089,20.2408]]],
[[[-130.4856,54.3228,5.1686],[-130.49,54.32,6.1829],[-130.4878,54.3192,3.3743],[-130.4833,54.3219,4.4623],[-130.4856,54.3228,5.1686]]],
[[[-132.35,53.6537,0.0],[-132.3471,53.6543,0.0],[-132.3472,53.655,0.0],[-132.3517,53.6542,0.0],[-132.35,53.6537,0.0]]],
[[[-132.4589,53.6686,2.769],[-132.4594,53.6669,0.0],[-132.4566,53.6661,7.8209],[-132.4525,53.6685,0.0],[-132.4556,53.67,5.2206],[-132.4589,53.6686,2.769]]],
[[[-132.3477,53.6699,0.0],[-132.3494,53.6708,0.0],[-132.3528,53.6681,8.0426],[-132.3498,53.6673,11.3633],[-132.3477,53.6699,0.0]]],
[[[-132.4589,53.6702,0.0],[-132.4561,53.6717,7.1054],[-132.4644,53.6714,0.0],[-132.465,53.6692,0.0],[-132.4621,53.6687,0.0],[-132.4589,53.6702,0.0]]],
[[[-132.2895,53.6731,0.0],[-132.285,53.6734,0.0],[-132.29,53.6753,0.0],[-132.2911,53.6731,0.0],[-132.2895,53.6731,0.0]]],
[[[-132.3315,53.6731,5.0177],[-132.3305,53.6753,23.7532],[-132.3375,53.6782,10.0951],[-132.3474,53.6761,8.6226],[-132.3478,53.6779,0.0],[-132.3499,53.6778,2.9648],[-132.3489,53.6756,0.0],[-132.3503,53.6741,10.5699],[-132.3483,53.6728,3.2536],[-132.3444,53.674,16.9969],[-132.3356,53.6722,16.1128],[-132.3315,53.6731,5.0177]]],
[[[-132.9928,53.6623,0.0],[-132.9939,53.6642,0.0],[-132.9955,53.6634,0.0],[-132.9928,53.6603,0.0],[-132.9916,53.6617,0.0],[-132.9928,53.6623,0.0]]],
[[[-132.4953,53.6643,21.5314],[-132.4955,53.6667,40.3302],[-132.4983,53.6675,5.5125],[-132.5062,53.6662,0.0],[-132.5067,53.6642,0.0],[-132.505,53.6614,0.0],[-132.4953,53.6643,21.5314]]],
[[[-132.471,53.6671,36.2809],[-132.4713,53.6701,45.8403],[-132.4683,53.6722,4.1993],[-132.4718,53.6733,3.5303],[-132.4749,53.6717,3.4424],[-132.4739,53.6705,3.4424],[-132.4749,53.6688,13.2109],[-132.4771,53.6696,14.0264],[-132.4806,53.6669,0.0],[-132.4755,53.6653,0.0],[-132.471,53.6671,36.2809]]],
[[[-132.4711,53.6861,28.8716],[-132.475,53.6889,0.0],[-132.4814,53.6903,0.0],[-132.482,53.6881,15.0921],[-132.4878,53.6867,22.5688],[-132.4994,53.6781,0.0],[-132.4999,53.675,4.2419],[-132.4948,53.6705,11.7153],[-132.491,53.6702,3.8713],[-132.4928,53.6686,1.9655],[-132.4905,53.6681,0.0],[-132.4878,53.6709,15.9896],[-132.4789,53.6739,0.0],[-132.479,53.6754,0.0],[-132.4755,53.6774,8.0695],[-132.4683,53.68,6.7165],[-132.4683,53.6847,18.5437],[-132.4711,53.6861,28.8716]]],
[[[-132.9966,53.6867,0.0],[-132.9944,53.6844,2.7457],[-132.9913,53.6843,0.0],[-132.9933,53.6856,19.2341],[-132.9928,53.6875,0.0],[-132.9967,53.6887,13.7082],[-132.9978,53.6878,13.7082],[-132.9966,53.6867,0.0]]],
[[[-132.5864,53.6866,3.7342],[-132.5885,53.6899,28.3316],[-132.5962,53.6895,0.0],[-132.5973,53.6873,0.0],[-132.5946,53.6861,10.6088],[-132.5957,53.685,4.2561],[-132.5907,53.6837,0.0],[-132.5886,53.6839,20.897],[-132.5864,53.6866,3.7342]]],
[[[-132.9822,53.6894,0.0],[-132.9861,53.6914,8.0769],[-132.9939,53.6919,0.0],[-132.9861,53.6883,0.0],[-132.9833,53.6878,0.0],[-132.9822,53.6894,0.0]]],
[[[-132.597,53.6918,0.0],[-132.5985,53.6922,0.0],[-132.5996,53.6918,0.0],[-132.5966,53.6905,0.0],[-132.597,53.6918,0.0]]],
[[[-132.4568,53.6752,2.5758],[-132.455,53.6736,0.0],[-132.4517,53.6758,5.8651],[-132.4544,53.6781,0.0],[-132.4568,53.6752,2.5758]]],
[[[-132.37,53.6917,0.0],[-132.3678,53.6917,0.0],[-132.3655,53.6933,0.0],[-132.3717,53.6922,0.0],[-132.37,53.6917,0.0]]],
[[[-132.4578,53.7014,0.0],[-132.4522,53.7019,0.0],[-132.45,53.7042,0.0],[-132.4544,53.7056,0.0],[-132.46,53.7039,0.0],[-132.4578,53.7014,0.0]]],
[[[-132.4452,53.7131,9.1239],[-132.4472,53.7119,0.0],[-132.4422,53.7109,7.4543],[-132.4344,53.7144,0.0],[-132.4378,53.7159,0.0],[-132.4452,53.7131,9.1239]]],
[[[-132.9972,53.6925,0.0],[-132.9995,53.6931,0.0],[-132.9995,53.6919,0.0],[-132.9965,53.6912,0.0],[-132.9972,53.6925,0.0]]],
[[[-133.0151,53.6972,0.0],[-133.0162,53.6964,0.0],[-133.0129,53.6963,0.0],[-133.0138,53.6973,0.0],[-133.0151,53.6972,0.0]]],
[[[-132.9631,53.7007,0.0],[-132.9578,53.6997,0.0],[-132.9611,53.7042,0.0],[-132.9628,53.7036,0.0],[-132.9631,53.7007,0.0]]],
[[[-132.9874,53.7005,0.0],[-132.9951,53.7053,0.0],[-132.9972,53.7045,0.0],[-132.9907,53.6995,4.7017],[-132.9874,53.7005,0.0]]],
[[[-132.4071,53.7214,8.2603],[-132.4167,53.7217,0.0],[-132.4155,53.7203,0.0],[-132.4178,53.7175,8.0943],[-132.4172,53.7133,3.9407],[-132.4061,53.7092,0.0],[-132.4028,53.7117,14.6523],[-132.4061,53.7133,0.0],[-132.4005,53.7147,5.3651],[-132.3967,53.7178,3.962],[-132.4071,53.7214,8.2603]]],
[[[-132.3542,53.717,1.1432],[-132.355,53.7161,1.1432],[-132.3533,53.7153,0.0],[-132.3497,53.7161,0.0],[-132.351,53.7175,0.0],[-132.3542,53.717,1.1432]]],
[[[-132.3559,53.7193,0.0],[-132.3583,53.719,0.0],[-132.3591,53.7181,0.0],[-132.3573,53.7177,0.0],[-132.3559,53.7193,0.0]]],
[[[-132.3492,53.7185,0.0],[-132.3467,53.7175,2.7764],[-132.3455,53.7191,5.2267],[-132.3517,53.7195,0.0],[-132.3492,53.7185,0.0]]],
[[[-132.9755,53.7092,0.0],[-132.9772,53.7081,0.2117],[-132.9767,53.7069,0.0],[-132.9739,53.7081,0.0],[-132.9755,53.7092,0.0]]],
[[[-132.9971,53.7435,0.0],[-133.0,53.7461,11.8161],[-133.0033,53.7453,4.3154],[-133.0056,53.7467,0.0254],[-133.0067,53.7408,0.0],[-133.0033,53.7387,0.0],[-132.9971,53.7435,0.0]]],
[[[-133.0828,53.7533,1.654],[-133.0889,53.7556,0.0],[-133.0878,53.7508,0.0],[-133.0856,53.75,0.0],[-133.0816,53.7523,1.654],[-133.0828,53.7533,1.654]]],
[[[-133.0867,53.7567,0.0],[-133.0844,53.7583,0.0],[-133.0844,53.7611,0.0],[-133.0867,53.7628,0.0],[-133.0894,53.7606,0.0],[-133.0866,53.7591,2.7209],[-133.0883,53.7583,0.0],[-133.0867,53.7567,0.0]]],
[[[-132.1966,53.7959,8.4678],[-132.2009,53.7934,0.0],[-132.1917,53.7942,15.5322],[-132.1892,53.7957,4.9237],[-132.19,53.7961,4.9237],[-132.1966,53.7959,8.4678]]],
[[[-132.1954,53.7993,0.8597],[-132.1979,53.7992,0.0],[-132.1984,53.7986,0.0],[-132.1941,53.7986,0.0],[-132.1954,53.7993,0.8597]]],
[[[-132.1617,54.0016,9.2046],[-132.1694,54.0085,1.0838],[-132.1712,54.0121,0.0],[-132.1744,54.0109,0.1538],[-132.1656,54.0,0.4618],[-132.161,53.9986,0.0],[-132.1617,54.0016,9.2046]]],
[[[-132.2539,53.7561,14.0618],[-132.2528,53.7587,42.8233],[-132.2544,53.76,23.8386],[-132.2605,53.7589,0.0],[-132.2655,53.7564,25.93],[-132.2661,53.7525,5.7534],[-132.2628,53.751,1.0579],[-132.2539,53.7561,14.0618]]],
[[[-132.2709,53.7565,7.1243],[-132.2728,53.7544,0.0],[-132.2694,53.7539,13.4643],[-132.2674,53.7554,0.0],[-132.2684,53.7571,0.0],[-132.2709,53.7565,7.1243]]],
[[[-132.2484,54.0873,3.7714],[-132.2499,54.088,3.7714],[-132.2507,54.0864,0.0],[-132.2469,54.0865,0.2691],[-132.2484,54.0873,3.7714]]],
[[[-132.2584,54.0881,1.2126],[-132.2581,54.0849,2.0033],[-132.2543,54.0876,2.2882],[-132.2556,54.0915,0.293],[-132.2576,54.0905,0.5201],[-132.2584,54.0881,1.2126]]],
[[[-133.169,53.9406,3.8222],[-133.165,53.9427,0.0],[-133.1694,53.9444,0.0],[-133.1717,53.9422,0.0],[-133.1756,53.9422,0.0],[-133.175,53.9404,6.81],[-133.1789,53.9367,30.3305],[-133.1845,53.9395,0.0],[-133.1911,53.9406,0.0],[-133.2027,53.9375,0.2642],[-133.1944,53.9353,19.2482],[-133.1994,53.9331,0.85],[-133.1961,53.9255,0.0],[-133.1928,53.9237,0.0],[-133.195,53.9209,0.0],[-133.185,53.9178,0.3609],[-133.1828,53.9189,16.1158],[-133.1817,53.9153,0.249],[-133.1766,53.9134,0.0],[-133.1733,53.9156,0.0],[-133.1733,53.9211,0.9544],[-133.1606,53.9242,12.2161],[-133.1611,53.9275,24.1023],[-133.1572,53.93,0.0],[-133.1606,53.9331,66.4553],[-133.1611,53.9361,1.049],[-133.1667,53.9378,7.7346],[-133.1694,53.9394,23.2285],[-133.169,53.9406,3.8222]]],
[[[-133.1292,53.9711,0.3719],[-133.1307,53.9698,0.5529],[-133.1296,53.9689,0.5529],[-133.126,53.9699,2.9807],[-133.1273,53.972,1.6427],[-133.1292,53.9711,0.3719]]],
[[[-133.1369,53.9796,0.0],[-133.1345,53.9806,2.1137],[-133.1363,53.9825,0.0],[-133.1433,53.98,0.0],[-133.1411,53.9792,0.0],[-133.1369,53.9796,0.0]]],
[[[-132.5946,53.9847,3.8905],[-132.5963,53.9838,0.0],[-132.597,53.9825,5.6647],[-132.5939,53.9828,6.9629],[-132.5946,53.9847,3.8905]]],
[[[-132.2834,54.1027,13.6582],[-132.2841,54.1052,10.3649],[-132.2864,54.1052,3.2279],[-132.2854,54.1027,3.7848],[-132.2834,54.1027,13.6582]]],
[[[-132.3078,54.1133,0.4817],[-132.3083,54.1117,1.4623],[-132.3067,54.1105,2.2664],[-132.3039,54.1145,0.0792],[-132.3056,54.1153,0.0792],[-132.3078,54.1133,0.4817]]],
[[[-132.5533,54.0909,0.0],[-132.5572,54.0895,1.4379],[-132.5572,54.0889,1.4379],[-132.5517,54.0897,0.0],[-132.5533,54.0909,0.0]]],
[[[-132.5623,54.0896,6.579],[-132.5607,54.0917,0.367],[-132.5658,54.089,0.0],[-132.5643,54.0887,0.4591],[-132.5623,54.0896,6.579]]],
[[[-133.0455,54.1717,0.0],[-133.0483,54.1725,0.0],[-133.0494,54.1722,0.0],[-133.0478,54.1706,0.4582],[-133.0455,54.1717,0.0]]],
[[[-132.9761,54.1836,3.5057],[-132.991,54.1854,28.9306],[-132.9955,54.1834,0.0],[-132.9789,54.1797,0.0],[-132.9726,54.1813,12.3876],[-132.9761,54.1836,3.5057]]],
[[[-133.0544,54.1853,0.0993],[-133.0561,54.1853,0.0],[-133.0582,54.1833,0.0],[-133.0555,54.1833,0.0],[-133.0544,54.1853,0.0993]]],
[[[-133.0117,54.2042,0.1244],[-133.0105,54.2053,0.0],[-133.0129,54.2065,0.0],[-133.0183,54.2053,0.0],[-133.0144,54.2023,0.3346],[-133.0117,54.2042,0.1244]]],
[[[-133.0908,54.2233,0.0],[-133.0917,54.2225,0.0],[-133.0878,54.2219,0.0],[-133.0878,54.2239,0.0],[-133.0908,54.2233,0.0]]],
[[[-133.0299,54.2581,0.0],[-133.0349,54.2589,0.0],[-133.045,54.2567,3.5476],[-133.0528,54.2586,0.0],[-133.0606,54.2564,10.3328],[-133.065,54.2514,6.0254],[-133.0689,54.2522,0.0],[-133.08,54.2489,0.0],[-133.0783,54.2469,0.2431],[-133.0794,54.2453,0.0],[-133.0761,54.243899999999996,0.5935],[-133.0783,54.2417,0.0],[-133.0739,54.2406,5.6026],[-133.0794,54.2364,0.0],[-133.0722,54.2375,14.1238],[-133.0711,54.2369,35.2624],[-133.0756,54.235,0.0],[-133.0713,54.2349,0.0],[-133.0838,54.227,0.0],[-133.0844,54.2242,0.4938],[-133.0733,54.2217,0.0],[-133.0672,54.2233,0.0],[-133.05,54.2222,0.0794],[-133.0445,54.2242,24.169],[-133.04,54.2236,0.0],[-133.0367,54.2217,15.34],[-133.0428,54.2206,0.0],[-133.0367,54.2192,7.5287],[-133.0461,54.2178,0.0715],[-133.0389,54.2156,9.0403],[-133.0256,54.2164,6.9923],[-133.0208,54.2142,0.3546],[-133.0241,54.2129,0.0],[-133.0237,54.2118,0.0],[-133.0155,54.215,0.0],[-133.0145,54.2192,5.8472],[-133.0117,54.2195,5.0536],[-133.0028,54.2123,20.3687],[-133.0072,54.2089,3.4678],[-133.0078,54.2,0.0],[-133.0122,54.1997,0.0],[-133.0172,54.1956,0.0],[-133.0177,54.1938,0.0],[-133.0155,54.1913,4.1833],[-133.01,54.1891,18.5588],[-133.005,54.1898,0.0],[-133.0005,54.193,15.0687],[-132.998,54.1899,11.1423],[-132.9878,54.1869,0.0],[-132.9783,54.1881,0.1539],[-132.9739,54.1939,1.4291],[-132.9755,54.1972,0.1584],[-132.9728,54.2028,17.3477],[-132.975,54.2067,0.1471],[-132.98,54.2086,7.6575],[-132.9794,54.2108,0.0],[-132.9839,54.2139,9.0181],[-132.9867,54.2194,6.0599],[-132.965,54.2244,0.0],[-132.9622,54.2272,6.5182],[-132.9698,54.229,8.216],[-132.9711,54.2319,16.8854],[-132.9677,54.2351,0.0],[-132.9627,54.2361,18.783],[-132.9616,54.2389,0.0],[-132.9699,54.2372,0.0],[-132.9761,54.2383,5.8865],[-132.9799,54.2405,5.2462],[-132.9756,54.243899999999996,0.0],[-132.9783,54.2475,0.0],[-132.9772,54.2492,0.0],[-132.9922,54.2514,3.5806],[-133.0005,54.2564,0.0],[-133.0067,54.2567,1.1782],[-133.0144,54.2547,3.2965],[-133.0299,54.2581,0.0]]],
[[[-133.0167,54.2592,0.0],[-133.0122,54.2597,0.0],[-133.0161,54.2617,0.0],[-133.0183,54.2606,0.0],[-133.0167,54.2592,0.0]]],
[[[-133.0233,54.2603,0.0],[-133.0222,54.2611,0.0],[-133.0244,54.2619,0.0],[-133.0277,54.2611,0.0],[-133.0261,54.2597,0.0],[-133.0233,54.2603,0.0]]],
[[[-130.8343,54.4313,2.707],[-130.8368,54.431399999999996,3.6144],[-130.8384,54.429,3.5736],[-130.8357,54.4281,8.5677],[-130.8343,54.4313,2.707]]],
[[[-130.8702,54.4357,0.0],[-130.8732,54.4366,4.655],[-130.8705,54.4326,18.9282],[-130.8667,54.4316,0.0],[-130.8667,54.4331,0.0],[-130.8702,54.4357,0.0]]],
[[[-130.8961,54.4309,12.0518],[-130.8956,54.4292,7.0527],[-130.8928,54.4294,0.0],[-130.8911,54.431399999999996,5.2291],[-130.8922,54.4339,11.3275],[-130.8883,54.4353,0.0],[-130.8953,54.4403,19.9512],[-130.8989,54.4392,0.0],[-130.8977,54.4375,39.8214],[-130.8988,54.4354,0.0],[-130.8944,54.4333,3.9069],[-130.8968,54.4325,1.3702],[-130.8961,54.4309,12.0518]]],
[[[-130.855,54.4353,2.0051],[-130.8572,54.4375,0.0],[-130.8641,54.4397,9.7144],[-130.8676,54.4397,0.0],[-130.8685,54.4383,0.0],[-130.865,54.4341,4.5245],[-130.8594,54.4333,0.0],[-130.855,54.4353,2.0051]]],
[[[-130.7209,54.4341,0.0],[-130.7232,54.4341,0.0],[-130.723,54.4324,8.4289],[-130.7204,54.4321,3.7866],[-130.7209,54.4341,0.0]]],
[[[-130.8025,54.4343,0.0],[-130.8035,54.4347,0.0],[-130.8058,54.4343,0.0],[-130.8042,54.4331,0.0],[-130.8025,54.4343,0.0]]],
[[[-130.7627,54.4689,12.3055],[-130.7789,54.4725,0.0],[-130.7872,54.4683,9.6881],[-130.7878,54.4659,13.797],[-130.7923,54.4651,9.1764],[-130.8017,54.4586,3.0543],[-130.8006,54.4561,7.5852],[-130.7939,54.4542,8.6437],[-130.7967,54.4531,20.9947],[-130.8011,54.4551,10.1429],[-130.8089,54.4503,0.0],[-130.8083,54.4483,11.1166],[-130.8179,54.4472,0.0],[-130.8228,54.4431,2.345],[-130.8178,54.4422,13.5328],[-130.8245,54.4381,0.0],[-130.8243,54.4343,0.0],[-130.8279,54.4352,6.9955],[-130.8339,54.4306,2.707],[-130.8337,54.4283,8.5677],[-130.8355,54.4264,12.3819],[-130.8311,54.425,0.0],[-130.82,54.4289,30.6538],[-130.8189,54.43,2.5926],[-130.82,54.431399999999996,32.4858],[-130.8178,54.4325,0.0],[-130.8189,54.4341,12.8795],[-130.8122,54.435,0.8703],[-130.8111,54.4375,4.0307],[-130.8121,54.4387,4.0307],[-130.8094,54.4414,4.8408],[-130.8022,54.4436,2.1811],[-130.7917,54.4367,15.4127],[-130.7994,54.435,2.1079],[-130.7972,54.4339,11.0709],[-130.7983,54.4325,0.0],[-130.79,54.4303,28.4402],[-130.7917,54.4281,2.5181],[-130.7889,54.4253,0.7977],[-130.7746,54.4247,0.0],[-130.7698,54.4271,22.5998],[-130.7664,54.4262,18.8344],[-130.7672,54.4239,4.4966],[-130.7644,54.4225,6.5148],[-130.7644,54.4208,7.7223],[-130.7666,54.4201,7.3906],[-130.7706,54.4219,6.6772],[-130.7778,54.4186,30.4531],[-130.7783,54.4208,0.0],[-130.7844,54.4214,2.6295],[-130.7894,54.42,3.9274],[-130.7922,54.4211,0.0],[-130.7983,54.4167,2.6453],[-130.8117,54.4136,8.0264],[-130.8139,54.4117,0.0],[-130.8117,54.4103,0.0],[-130.8,54.4156,2.6453],[-130.7978,54.4147,3.0878],[-130.8022,54.4111,8.5363],[-130.7989,54.4097,0.0],[-130.7887,54.4118,0.0],[-130.7861,54.4133,1.4822],[-130.7871,54.4181,8.4099],[-130.7805,54.4128,13.9895],[-130.785,54.4114,0.0],[-130.7831,54.4106,0.0],[-130.775,54.4119,0.0],[-130.7734,54.4143,13.1491],[-130.7694,54.4142,3.5627],[-130.7682,54.4152,0.0],[-130.7698,54.4167,0.0],[-130.768,54.4178,11.5251],[-130.7655,54.4136,6.893],[-130.7617,54.4128,7.3475],[-130.7557,54.4153,0.0],[-130.7494,54.4147,0.0],[-130.7367,54.4169,0.3977],[-130.7325,54.4151,0.0],[-130.7289,54.4159,8.8678],[-130.7259,54.4186,0.7094],[-130.7306,54.4197,0.0],[-130.7294,54.4233,5.2749],[-130.7355,54.4258,6.7144],[-130.7278,54.4278,8.4426],[-130.7317,54.4281,14.1919],[-130.7339,54.4317,8.5952],[-130.7411,54.4373,6.151],[-130.7433,54.4417,0.0],[-130.7567,54.4492,5.5141],[-130.755,54.4517,0.0],[-130.7617,54.4614,12.7266],[-130.7633,54.4656,8.1138],[-130.7616,54.4667,0.0],[-130.7627,54.4689,12.3055]]],
[[[-130.727,54.4414,0.0],[-130.7231,54.4421,0.0],[-130.7254,54.4433,4.1072],[-130.7242,54.4458,0.0],[-130.7264,54.4454,0.0],[-130.7285,54.4416,0.0],[-130.727,54.4414,0.0]]],
[[[-130.8678,54.4453,0.0],[-130.8661,54.4436,2.3147],[-130.8667,54.4419,0.0],[-130.8617,54.4419,0.0],[-130.8628,54.4442,1.4414],[-130.8611,54.4467,0.0],[-130.865,54.4517,0.0],[-130.8703,54.4512,14.5012],[-130.87,54.4472,20.3622],[-130.8678,54.4453,0.0]]],
[[[-130.8614,54.4494,6.4319],[-130.8595,54.4474,9.3314],[-130.8564,54.4473,0.0],[-130.8586,54.4515,0.0],[-130.8629,54.4521,0.0],[-130.8614,54.4494,6.4319]]],
[[[-130.9678,54.4491,5.3025],[-130.9661,54.4497,5.3025],[-130.9674,54.4525,0.0],[-130.9694,54.4531,13.4289],[-130.9732,54.4509,0.0],[-130.9721,54.4491,6.8514],[-130.9678,54.4491,5.3025]]],
[[[-130.8803,54.4537,4.8644],[-130.8828,54.4528,4.8644],[-130.8788,54.4506,0.0],[-130.8784,54.4519,0.0],[-130.8803,54.4537,4.8644]]],
[[[-130.9633,54.4535,0.0],[-130.9665,54.4555,0.0],[-130.9672,54.455,6.4881],[-130.965,54.4531,1.2721],[-130.9633,54.4535,0.0]]],
[[[-130.9618,54.4544,9.6349],[-130.9586,54.4533,2.1717],[-130.9565,54.4544,6.5422],[-130.9643,54.4576,1.8699],[-130.9618,54.4544,9.6349]]],
[[[-130.9424,54.4641,0.0],[-130.9478,54.4642,0.0],[-130.9432,54.4628,2.556],[-130.9413,54.4635,0.0],[-130.9424,54.4641,0.0]]],
[[[-130.8633,54.4709,0.0],[-130.865,54.4667,6.568],[-130.8617,54.4644,3.7691],[-130.8539,54.4695,7.0103],[-130.8539,54.4714,6.0935],[-130.8583,54.4741,0.0],[-130.8633,54.4709,0.0]]],
[[[-130.735,54.4528,3.8794],[-130.7326,54.4556,0.0],[-130.7361,54.4542,4.9138],[-130.7372,54.455,4.9138],[-130.7357,54.4569,9.2841],[-130.7383,54.4574,0.0],[-130.74,54.4508,0.0],[-130.7461,54.4483,0.0],[-130.7461,54.4469,0.0],[-130.7406,54.4481,2.7349],[-130.7356,54.4469,0.8448],[-130.7345,54.4483,1.827],[-130.7328,54.4458,5.0746],[-130.7306,54.4456,3.7218],[-130.7272,54.4478,3.0267],[-130.7278,54.4511,6.1478],[-130.735,54.4528,3.8794]]],
[[[-130.7416,54.4596,0.0],[-130.7466,54.4562,2.8953],[-130.7448,54.4533,1.0791],[-130.7423,54.4538,0.0],[-130.7431,54.4564,0.0],[-130.7411,54.4575,11.0685],[-130.7416,54.4596,0.0]]],
[[[-130.7472,54.4633,17.3811],[-130.7483,54.4619,0.0],[-130.7472,54.4611,9.5241],[-130.7422,54.4623,0.0],[-130.7443,54.4701,0.0],[-130.7469,54.4687,0.6124],[-130.7472,54.4633,17.3811]]],
[[[-130.7905,54.4909,0.0],[-130.7883,54.4962,0.0],[-130.7928,54.4978,0.0],[-130.7978,54.494,2.5154],[-130.8011,54.4947,2.5154],[-130.8061,54.4933,5.2361],[-130.8111,54.4903,1.7003],[-130.8105,54.4875,1.1132],[-130.8217,54.4819,2.7042],[-130.8178,54.4792,12.5996],[-130.8317,54.4767,16.2923],[-130.8333,54.4756,0.0],[-130.8328,54.4723,0.0],[-130.8409,54.472,1.7476],[-130.8417,54.4645,4.8306],[-130.85,54.4619,2.0278],[-130.8505,54.4597,9.7956],[-130.8567,54.4553,0.0],[-130.8556,54.4529,0.0],[-130.8572,54.4511,0.0],[-130.8517,54.4433,12.5703],[-130.8567,54.4445,5.7203],[-130.8589,54.4425,27.7441],[-130.8584,54.4406,28.3816],[-130.8544,54.4378,5.5425],[-130.8517,54.4378,6.628],[-130.8478,54.4406,0.0],[-130.8478,54.445,0.0],[-130.8422,54.4453,0.0],[-130.8389,54.4497,17.8952],[-130.8376,54.4501,8.4483],[-130.8367,54.4469,0.5986],[-130.835,54.4464,0.0],[-130.8237,54.449,1.027],[-130.8172,54.4531,4.9275],[-130.8133,54.4517,0.0],[-130.81,54.4536,15.598],[-130.8072,54.4603,0.0],[-130.7972,54.4653,0.0],[-130.7944,54.4706,13.1995],[-130.7878,54.4742,0.0],[-130.7889,54.4814,0.0],[-130.785,54.4839,2.3604],[-130.785,54.4864,0.0],[-130.7905,54.4909,0.0]]],
[[[-130.7872,54.4722,0.0],[-130.7833,54.4722,6.3517],[-130.7811,54.4747,1.4738],[-130.7861,54.4742,0.0],[-130.7872,54.4722,0.0]]],
[[[-130.7484,54.4751,1.1024],[-130.7489,54.4734,2.2866],[-130.7461,54.4725,4.1182],[-130.7463,54.4746,1.0148],[-130.7484,54.4751,1.1024]]],
[[[-130.7756,54.4767,2.741],[-130.7762,54.4781,5.5566],[-130.7788,54.4775,5.5566],[-130.7778,54.4764,2.741],[-130.7756,54.4767,2.741]]],
[[[-130.7577,54.4864,5.9448],[-130.76,54.4819,3.425],[-130.755,54.4786,0.0],[-130.7533,54.4795,0.2754],[-130.7544,54.4814,5.0717],[-130.7522,54.4839,0.0],[-130.7577,54.4864,5.9448]]],
[[[-130.8389,54.4883,5.9314],[-130.8442,54.4908,3.3525],[-130.85,54.4889,4.2858],[-130.845,54.4853,0.0],[-130.8389,54.4839,14.0362],[-130.835,54.4858,0.0],[-130.8389,54.4883,5.9314]]],
[[[-130.8306,54.4912,0.2913],[-130.8322,54.4914,0.2913],[-130.8339,54.4893,1.7317],[-130.8308,54.4902,2.0516],[-130.8306,54.4912,0.2913]]],
[[[-130.8461,54.4933,0.9074],[-130.8461,54.4917,0.0],[-130.8428,54.4919,3.3525],[-130.8438,54.4931,2.7917],[-130.8461,54.4933,0.9074]]],
[[[-130.8356,54.5014,4.6255],[-130.8411,54.4991,0.0],[-130.8433,54.4967,0.0],[-130.8427,54.4953,0.0],[-130.835,54.4925,6.0773],[-130.8278,54.4964,0.0],[-130.8294,54.4997,3.9984],[-130.8356,54.5014,4.6255]]],
[[[-130.7857,54.4937,0.0],[-130.787,54.4913,0.0],[-130.7838,54.4911,5.4605],[-130.7825,54.4955,0.0],[-130.7853,54.4955,0.0],[-130.7857,54.4937,0.0]]],
[[[-130.7684,54.4927,0.0],[-130.7622,54.4953,0.1309],[-130.7606,54.5061,0.0],[-130.7628,54.5075,0.0],[-130.7706,54.5051,14.3258],[-130.7766,54.4965,0.0],[-130.7714,54.4883,0.0],[-130.7671,54.4889,0.0],[-130.7689,54.4908,10.5923],[-130.7684,54.4927,0.0]]],
[[[-130.82,54.5101,0.0],[-130.815,54.5139,0.0],[-130.8189,54.5142,2.9554],[-130.825,54.5106,2.0255],[-130.82,54.5101,0.0]]],
[[[-130.7711,54.515,0.0],[-130.7722,54.5153,0.0],[-130.7756,54.5133,0.0],[-130.7721,54.5135,0.0],[-130.7711,54.515,0.0]]],
[[[-130.8398,54.505,0.0],[-130.8422,54.5051,6.6649],[-130.8428,54.5039,0.0],[-130.84,54.5039,0.0],[-130.8398,54.505,0.0]]],
[[[-130.9727,54.5143,0.0],[-130.9717,54.5125,2.1109],[-130.9694,54.5124,2.2034],[-130.9694,54.5144,0.0],[-130.9727,54.5143,0.0]]],
[[[-130.8867,54.6294,16.9596],[-130.8889,54.6319,21.564],[-130.8933,54.6311,0.0],[-130.8944,54.6351,2.505],[-130.8988,54.6298,9.6601],[-130.9039,54.6306,1.5397],[-130.9028,54.6313,1.5397],[-130.9044,54.6322,0.0],[-130.9072,54.6317,2.6583],[-130.9078,54.6306,2.6583],[-130.9044,54.6283,27.8398],[-130.9111,54.6269,16.622],[-130.9189,54.6228,0.3223],[-130.9178,54.6214,17.088],[-130.9244,54.6203,20.4855],[-130.9267,54.6214,0.713],[-130.9283,54.6186,9.1986],[-130.9367,54.6206,0.0],[-130.9406,54.6181,2.9494],[-130.9372,54.615,0.0],[-130.9345,54.6173,1.5591],[-130.9328,54.6167,16.8832],[-130.9367,54.6131,0.0],[-130.9367,54.6095,14.407],[-130.94,54.6067,8.2608],[-130.9394,54.6047,4.8556],[-130.9355,54.6039,9.3577],[-130.9372,54.6023,2.6071],[-130.9361,54.5992,2.1643],[-130.9461,54.5961,0.0],[-130.9528,54.5908,1.5873],[-130.9511,54.5897,0.0],[-130.9471,54.5926,12.7667],[-130.9455,54.5903,0.0],[-130.9367,54.5908,11.1611],[-130.9394,54.5875,0.0],[-130.9378,54.585,3.5234],[-130.9439,54.5833,15.9957],[-130.9483,54.5803,0.0],[-130.9484,54.5774,3.218],[-130.9506,54.5767,0.0],[-130.9494,54.5744,6.3751],[-130.945,54.5739,11.9388],[-130.9467,54.5719,0.0],[-130.9428,54.5703,15.4793],[-130.9523,54.5686,6.175],[-130.9541,54.5668,0.2828],[-130.9499,54.5653,0.4392],[-130.9484,54.5632,5.4346],[-130.9528,54.5628,14.2405],[-130.96,54.5575,0.0],[-130.9622,54.555,8.5325],[-130.9622,54.5525,6.8738],[-130.96,54.5503,6.219],[-130.9622,54.5495,6.219],[-130.9644,54.5522,2.9019],[-130.9638,54.5539,8.5325],[-130.9667,54.5561,0.0],[-130.9694,54.5555,0.0],[-130.9711,54.5528,0.0],[-130.9717,54.5478,1.0345],[-130.9733,54.5464,0.1372],[-130.9711,54.5459,2.3147],[-130.9711,54.5444,0.818],[-130.9744,54.5411,0.9277],[-130.9717,54.54,2.2283],[-130.9755,54.5377,4.3876],[-130.9755,54.5339,7.2017],[-130.9677,54.5289,14.4156],[-130.9677,54.5273,21.2031],[-130.9767,54.5239,0.6009],[-130.9761,54.5211,19.7109],[-130.9772,54.5206,5.3757],[-130.9755,54.5189,5.0023],[-130.9694,54.5223,21.5513],[-130.9661,54.5209,8.2735],[-130.9689,54.5169,0.0],[-130.9672,54.5128,13.2183],[-130.9726,54.511,0.0],[-130.9733,54.5092,6.0789],[-130.9754,54.5113,0.0],[-130.9806,54.5117,0.0],[-130.9817,54.5108,0.0],[-130.9756,54.5083,19.07],[-130.9828,54.5059,0.0],[-130.9801,54.5028,0.7723],[-130.9728,54.5033,6.265],[-130.97,54.5064,4.157],[-130.9684,54.5042,0.4943],[-130.9628,54.5041,9.7885],[-130.966,54.5023,12.9295],[-130.9661,54.4989,0.5573],[-130.9616,54.4953,17.4634],[-130.9638,54.493899999999996,17.4634],[-130.9642,54.4916,5.1532],[-130.9695,54.4894,7.3397],[-130.9739,54.4845,0.0],[-130.9699,54.4817,7.0016],[-130.9695,54.4742,4.5597],[-130.9733,54.4711,0.0],[-130.9733,54.4675,0.0],[-130.9711,54.4633,0.0],[-130.9661,54.4592,3.6088],[-130.9566,54.4572,1.4603],[-130.9511,54.4578,0.9212],[-130.9484,54.46,2.1463],[-130.9516,54.4647,10.0221],[-130.9516,54.4693,0.0],[-130.9589,54.4714,4.1589],[-130.9566,54.4731,3.9604],[-130.9594,54.4767,8.5403],[-130.9573,54.4784,0.0],[-130.9606,54.4811,3.5286],[-130.9589,54.4822,5.9078],[-130.9556,54.4808,13.4203],[-130.9561,54.4783,0.0],[-130.9522,54.4739,13.1073],[-130.9506,54.4692,0.0],[-130.945,54.4669,1.5509],[-130.9494,54.4656,0.0],[-130.9454,54.465,4.0188],[-130.9411,54.4675,17.3298],[-130.9339,54.4672,12.7509],[-130.9328,54.4681,0.0],[-130.935,54.4703,12.4603],[-130.9294,54.4728,0.0],[-130.9228,54.4728,0.0],[-130.92,54.4761,5.345],[-130.9167,54.4767,1.0351],[-130.9172,54.4786,6.6786],[-130.91,54.4839,2.8445],[-130.9083,54.4869,0.0],[-130.9033,54.4892,16.1335],[-130.9028,54.493899999999996,24.5116],[-130.8966,54.5003,2.3051],[-130.8944,54.5056,10.6513],[-130.8905,54.5039,2.4672],[-130.8894,54.4997,2.4834],[-130.8872,54.4986,20.4175],[-130.8883,54.4958,0.0],[-130.8833,54.4947,0.0],[-130.8805,54.4967,10.2762],[-130.8794,54.4936,0.0],[-130.875,54.4942,7.5931],[-130.8678,54.5017,13.8111],[-130.8584,54.5045,0.0],[-130.8578,54.5092,1.6395],[-130.8561,54.5101,1.6395],[-130.8528,54.5083,0.0],[-130.845,54.5116,18.4208],[-130.845,54.5142,13.2889],[-130.8517,54.5153,12.5216],[-130.8394,54.5173,12.3495],[-130.8333,54.5245,13.1858],[-130.8244,54.5289,6.9802],[-130.8166,54.5359,12.788],[-130.8078,54.5378,12.3704],[-130.79,54.5451,0.0],[-130.7853,54.5455,22.1028],[-130.7744,54.5519,0.0],[-130.7728,54.5539,8.0113],[-130.7733,54.5561,20.6199],[-130.7672,54.5597,0.0],[-130.7683,54.5617,0.0],[-130.7578,54.5695,0.0],[-130.7572,54.5782,0.9379],[-130.7511,54.5892,0.0],[-130.7544,54.5928,8.7601],[-130.7544,54.5964,2.6922],[-130.7522,54.5975,0.0],[-130.7511,54.6025,3.2318],[-130.7561,54.6083,0.0],[-130.7567,54.6136,1.1172],[-130.76,54.6159,1.3232],[-130.7605,54.6181,14.3947],[-130.7678,54.6214,0.0],[-130.7683,54.6228,0.0],[-130.7664,54.624,0.0],[-130.7684,54.625,0.0],[-130.769,54.6241,0.4618],[-130.7783,54.6269,7.117],[-130.7861,54.6247,0.0],[-130.79,54.6217,16.9096],[-130.7906,54.6186,25.8624],[-130.7989,54.6147,0.0],[-130.8017,54.6114,22.0576],[-130.8033,54.6122,0.0],[-130.8022,54.6147,1.9075],[-130.8128,54.6142,1.4655],[-130.8233,54.6092,14.5964],[-130.8222,54.6075,31.6242],[-130.8256,54.6053,36.5708],[-130.8328,54.6031,0.0],[-130.8316,54.6019,6.1712],[-130.8361,54.5978,29.7236],[-130.8387,54.5984,6.1403],[-130.8378,54.5997,0.0],[-130.84,54.6014,0.0],[-130.8361,54.6067,0.0],[-130.8355,54.6117,0.0],[-130.8421,54.6112,15.7391],[-130.8417,54.6125,1.1586],[-130.8455,54.6131,0.0],[-130.8589,54.6067,23.0277],[-130.8667,54.5958,1.78],[-130.8667,54.5922,11.0201],[-130.8739,54.5919,11.406],[-130.8683,54.6003,1.3336],[-130.8728,54.6014,13.9371],[-130.8761,54.5995,0.0],[-130.8783,54.5953,17.1609],[-130.8811,54.5967,4.1341],[-130.8854,54.5934,5.0757],[-130.88,54.5916,0.0],[-130.8894,54.5895,4.2661],[-130.8878,54.5869,12.2895],[-130.8894,54.5861,12.4664],[-130.8967,54.585,13.776],[-130.8983,54.5859,26.7262],[-130.8955,54.5881,0.0],[-130.8978,54.5892,4.2804],[-130.8917,54.5933,3.6648],[-130.8861,54.5944,21.3722],[-130.8853,54.5974,4.0603],[-130.8806,54.6,8.3933],[-130.8794,54.6075,10.0652],[-130.8761,54.6075,12.0612],[-130.8788,54.602,0.0],[-130.8772,54.6019,0.0],[-130.8611,54.6078,0.0],[-130.8444,54.6169,0.0],[-130.846,54.618899999999996,0.0],[-130.8494,54.6181,4.653],[-130.8489,54.6233,6.3037],[-130.8517,54.6247,12.4845],[-130.8522,54.6294,0.0],[-130.8583,54.6281,20.3655],[-130.8617,54.6292,3.0246],[-130.86,54.6306,0.0],[-130.8615,54.6311,0.0],[-130.865,54.6289,2.3899],[-130.8617,54.6267,1.3619],[-130.8622,54.6253,6.4123],[-130.8735,54.6223,0.0],[-130.8742,54.6194,0.0],[-130.8728,54.6167,33.2044],[-130.8767,54.6147,4.395],[-130.8728,54.6114,19.7208],[-130.8772,54.6111,4.7902],[-130.8794,54.6131,8.8733],[-130.8798,54.6181,28.1837],[-130.8856,54.6211,0.0],[-130.8867,54.6294,16.9596]]],
[[[-130.9573,54.574,0.0],[-130.9607,54.5751,0.0],[-130.9588,54.5718,0.0],[-130.9566,54.5727,8.2705],[-130.9573,54.574,0.0]]],
[[[-130.8266,54.5175,0.0],[-130.8189,54.5167,0.0],[-130.8166,54.5197,0.7726],[-130.8206,54.5206,0.0],[-130.8266,54.5175,0.0]]],
[[[-130.71,54.5682,1.1835],[-130.7053,54.5663,0.0],[-130.7041,54.5672,0.0],[-130.7091,54.5711,0.0],[-130.711,54.5709,0.0],[-130.71,54.5682,1.1835]]],
[[[-130.8245,54.6159,0.0],[-130.8273,54.6158,4.5988],[-130.8285,54.6139,0.0],[-130.8269,54.6137,0.0],[-130.8245,54.6159,0.0]]],
[[[-130.7583,54.6229,0.6263],[-130.76,54.6241,0.0],[-130.7613,54.6241,0.0],[-130.7605,54.6221,0.0],[-130.7583,54.6229,0.6263]]],
[[[-130.9509,54.5818,11.8022],[-130.9537,54.581,11.8022],[-130.9519,54.5782,0.0],[-130.9498,54.5803,6.809],[-130.9509,54.5818,11.8022]]],
[[[-130.9505,54.5953,1.7473],[-130.9519,54.5959,1.7049],[-130.9533,54.5936,0.0],[-130.9527,54.5934,0.0],[-130.9505,54.5953,1.7473]]],
[[[-130.9393,54.6003,1.1303],[-130.9401,54.6001,1.1303],[-130.9409,54.5981,5.014],[-130.9386,54.5986,5.014],[-130.9393,54.6003,1.1303]]],
[[[-130.8637,54.6029,0.0],[-130.8646,54.6028,0.0],[-130.8673,54.6006,6.531],[-130.8625,54.6025,7.4719],[-130.8637,54.6029,0.0]]],
[[[-130.8327,54.6042,0.0],[-130.8308,54.6057,12.9917],[-130.8307,54.6077,1.3044],[-130.8353,54.6047,0.0],[-130.8327,54.6042,0.0]]],
[[[-130.8425,54.6267,1.5467],[-130.8394,54.6255,2.2772],[-130.8394,54.6273,0.0],[-130.842,54.6294,0.0],[-130.8435,54.6282,0.0],[-130.8425,54.6267,1.5467]]],
[[[-130.9314,54.6281,0.0],[-130.931,54.6295,0.0],[-130.9335,54.6307,0.5233],[-130.9345,54.6292,5.8356],[-130.9314,54.6281,0.0]]],
[[[-130.9216,54.6374,0.0],[-130.9247,54.6363,3.6252],[-130.924,54.6345,1.8007],[-130.9167,54.6351,0.4986],[-130.9172,54.6365,1.4263],[-130.9195,54.6355,0.0],[-130.9216,54.6374,0.0]]],
[[[-130.9703,54.5012,6.7271],[-130.9721,54.5016,6.7271],[-130.9745,54.502,3.1871],[-130.9721,54.5001,0.0],[-130.9703,54.5012,6.7271]]],
[[[-130.9779,54.5225,7.0898],[-130.9811,54.5245,0.0],[-130.9823,54.5238,0.0],[-130.9793,54.5217,0.5669],[-130.9779,54.5225,7.0898]]],
[[[-131.0514,54.6244,1.6312],[-131.0578,54.6233,6.0205],[-131.0594,54.6267,4.0739],[-131.0622,54.6219,11.9186],[-131.0661,54.6214,13.4105],[-131.0728,54.6261,0.0],[-131.08,54.625,5.3285],[-131.0878,54.6264,1.514],[-131.0933,54.6222,17.6932],[-131.0928,54.6206,4.5113],[-131.0861,54.6225,13.9335],[-131.0804,54.6217,7.7273],[-131.0837,54.6191,4.4385],[-131.0883,54.6186,5.2023],[-131.0956,54.6128,9.0154],[-131.09,54.6106,12.4103],[-131.0945,54.6075,1.2454],[-131.0933,54.6064,8.2614],[-131.0989,54.6045,0.2189],[-131.099,54.6033,0.0],[-131.0964,54.6026,0.0],[-131.0994,54.6,0.0],[-131.0939,54.5961,3.3904],[-131.1,54.5931,0.0],[-131.0989,54.5906,5.4639],[-131.1006,54.5878,0.0],[-131.0967,54.5842,11.8294],[-131.0978,54.5822,0.0],[-131.0917,54.5828,8.8661],[-131.0883,54.5903,5.1836],[-131.0866,54.5909,5.2028],[-131.0822,54.5819,0.0],[-131.0788,54.5789,0.2205],[-131.0728,54.5825,0.9954],[-131.0706,54.5878,0.0],[-131.0717,54.5892,6.8568],[-131.0666,54.5917,2.1738],[-131.0667,54.5939,19.8568],[-131.0633,54.5942,14.7392],[-131.06,54.5973,6.9919],[-131.0561,54.5953,0.0],[-131.0539,54.5958,1.6256],[-131.0522,54.5978,0.0],[-131.055,54.5995,2.9317],[-131.0533,54.6005,0.0],[-131.0589,54.6033,15.5802],[-131.0561,54.6042,16.5739],[-131.0544,54.6031,0.0],[-131.0517,54.605,0.0],[-131.0528,54.6059,14.3915],[-131.0455,54.6084,0.0],[-131.0478,54.61,14.7434],[-131.0461,54.6108,0.0],[-131.0472,54.6128,7.3779],[-131.0461,54.6139,0.0],[-131.0533,54.6186,18.8104],[-131.0494,54.6233,0.0],[-131.0514,54.6244,1.6312]]],
[[[-131.0454,54.6077,0.0],[-131.0437,54.6057,0.0],[-131.042,54.606,0.5769],[-131.0444,54.6079,0.0],[-131.0454,54.6077,0.0]]],
[[[-131.0647,54.6241,2.7011],[-131.0662,54.6242,1.0531],[-131.0664,54.622,13.4105],[-131.0644,54.6227,5.2094],[-131.0647,54.6241,2.7011]]],
[[[-131.0899,54.6288,0.0],[-131.0956,54.6295,0.0],[-131.0964,54.6274,0.0577],[-131.0938,54.6259,0.6628],[-131.0928,54.6271,0.0],[-131.094,54.6286,0.3626],[-131.0899,54.6288,0.0]]],
[[[-130.8175,54.6361,0.0],[-130.8175,54.6372,0.0],[-130.8225,54.6357,2.1461],[-130.8211,54.6353,0.0],[-130.8175,54.6361,0.0]]],
[[[-130.8174,54.6427,2.7237],[-130.819,54.642,0.0],[-130.8133,54.6423,0.0],[-130.8149,54.6432,1.6898],[-130.8174,54.6427,2.7237]]],
[[[-130.835,54.6404,2.6373],[-130.8339,54.6392,2.6373],[-130.8326,54.6409,9.3979],[-130.8337,54.6421,0.0],[-130.835,54.6404,2.6373]]],
[[[-130.8322,54.6423,1.1474],[-130.8307,54.642,0.0],[-130.828,54.6434,0.0],[-130.8315,54.644,0.0],[-130.8322,54.6423,1.1474]]],
[[[-130.3376,54.1134,0.0],[-130.345,54.1136,0.0],[-130.3444,54.1117,4.5985],[-130.3405,54.1103,1.7231],[-130.3374,54.1112,0.0],[-130.3376,54.1134,0.0]]],
[[[-130.3154,54.1803,14.0534],[-130.3193,54.1788,0.0],[-130.3171,54.1753,0.0],[-130.3121,54.1789,1.6713],[-130.3154,54.1803,14.0534]]],
[[[-130.2849,54.2036,8.4859],[-130.2827,54.2053,2.0445],[-130.2933,54.2111,0.0],[-130.2915,54.2075,8.089],[-130.2964,54.2072,0.0],[-130.2969,54.2046,6.3679],[-130.3032,54.2014,4.8585],[-130.2999,54.2,10.3171],[-130.2943,54.1936,0.0],[-130.2827,54.1906,16.2486],[-130.2774,54.1939,3.6725],[-130.2772,54.1992,2.1351],[-130.2849,54.2036,8.4859]]],
[[[-130.2732,54.1994,6.2902],[-130.2732,54.2011,13.1545],[-130.2765,54.2028,10.3649],[-130.2822,54.2038,2.0445],[-130.2743,54.1992,6.2902],[-130.2732,54.1994,6.2902]]],
[[[-130.4511,54.0867,2.3576],[-130.4472,54.0853,2.3404],[-130.4467,54.0878,0.0],[-130.4472,54.0881,0.0],[-130.4511,54.0867,2.3576]]],
[[[-130.4456,54.0925,0.0],[-130.4417,54.0942,0.0],[-130.4456,54.095,0.0],[-130.4478,54.0939,0.0],[-130.4456,54.0925,0.0]]],
[[[-130.4373,54.2636,0.0],[-130.4329,54.2634,0.0],[-130.4322,54.2639,0.0],[-130.4351,54.2656,0.0],[-130.4373,54.2636,0.0]]],
[[[-130.3944,54.3078,1.9024],[-130.4035,54.3131,3.97],[-130.4094,54.31,4.3087],[-130.4194,54.3192,0.0],[-130.4139,54.3228,0.0],[-130.4222,54.3247,9.8919],[-130.4289,54.3292,0.0],[-130.4344,54.3292,0.0],[-130.4361,54.3314,1.237],[-130.4394,54.3292,4.221],[-130.4472,54.3281,10.0262],[-130.4489,54.3225,3.766],[-130.4588,54.3161,0.0],[-130.4572,54.3091,14.5385],[-130.4533,54.3078,13.0384],[-130.4578,54.3072,0.0],[-130.46,54.31,21.1516],[-130.4656,54.3119,12.5753],[-130.4661,54.3094,0.0],[-130.4689,54.3078,4.8112],[-130.4733,54.3086,1.5764],[-130.4755,54.3075,1.5764],[-130.4667,54.3003,9.3827],[-130.4672,54.2972,9.2908],[-130.47,54.2967,2.8964],[-130.4695,54.295,1.6658],[-130.4606,54.2883,0.0],[-130.4556,54.2872,16.6386],[-130.4608,54.2847,0.0],[-130.455,54.2819,0.0],[-130.4489,54.2822,23.0404],[-130.4383,54.2745,3.3715],[-130.4389,54.2722,0.0],[-130.4348,54.2717,13.5492],[-130.4394,54.2703,9.9248],[-130.44,54.2683,0.0],[-130.4322,54.2687,8.5598],[-130.4322,54.2669,1.9469],[-130.4222,54.2619,0.0],[-130.4083,54.2486,0.0],[-130.398,54.2495,17.8971],[-130.385,54.2425,16.3361],[-130.392,54.2402,2.4352],[-130.3894,54.2375,10.4278],[-130.385,54.2347,1.0314],[-130.3778,54.235,0.0],[-130.3783,54.2383,8.3008],[-130.3817,54.2408,3.579],[-130.3822,54.2447,0.0],[-130.3839,54.2461,10.7952],[-130.3834,54.2485,6.239],[-130.3806,54.2483,6.239],[-130.385,54.2503,10.7819],[-130.3839,54.2522,3.6651],[-130.39,54.2606,18.3386],[-130.3905,54.2661,15.0886],[-130.3867,54.265,4.492],[-130.3881,54.263,1.62],[-130.3778,54.2522,5.009],[-130.3711,54.2559,22.3003],[-130.3661,54.2539,18.5655],[-130.3628,54.2553,0.0],[-130.3667,54.2592,10.1522],[-130.3645,54.265,0.0],[-130.3705,54.2667,6.5698],[-130.3712,54.2722,0.0],[-130.3733,54.2733,0.0],[-130.3717,54.2781,2.6226],[-130.3852,54.2797,0.0],[-130.3839,54.2825,9.9678],[-130.3772,54.2828,5.8769],[-130.3716,54.2861,0.0],[-130.375,54.2881,4.2424],[-130.3745,54.29,4.1868],[-130.3767,54.2903,28.1693],[-130.3808,54.2886,0.0],[-130.3784,54.2873,5.7213],[-130.3822,54.2853,21.6576],[-130.3856,54.2861,0.0],[-130.3878,54.2922,2.4299],[-130.3844,54.2944,0.0],[-130.385,54.2964,0.0],[-130.3833,54.2989,0.0],[-130.3872,54.3017,6.1437],[-130.3872,54.306399999999996,0.0],[-130.3944,54.3078,1.9024]]],
[[[-130.3905,54.2106,9.3777],[-130.3956,54.2139,0.0],[-130.4033,54.2142,0.0],[-130.4094,54.2125,3.8937],[-130.4128,54.2133,0.0],[-130.4189,54.2086,0.0],[-130.4167,54.2036,0.0],[-130.4055,54.2014,0.0],[-130.4044,54.2025,0.0],[-130.41,54.2064,0.0],[-130.41,54.2089,2.1567],[-130.4039,54.2103,0.0],[-130.3922,54.2061,6.6271],[-130.3883,54.2075,12.6208],[-130.3905,54.2106,9.3777]]],
[[[-130.3322,54.2139,0.0],[-130.3333,54.2131,0.0],[-130.3311,54.2117,0.0],[-130.3272,54.2122,0.0],[-130.3317,54.2142,0.0],[-130.3322,54.2139,0.0]]],
[[[-130.2696,54.2543,0.0],[-130.2693,54.2531,0.0],[-130.2672,54.2524,0.0],[-130.2679,54.2545,0.0],[-130.2696,54.2543,0.0]]],
[[[-130.2827,54.3314,0.0],[-130.2841,54.3319,0.0],[-130.2817,54.3331,0.0],[-130.2839,54.3347,1.6064],[-130.289,54.3339,0.0],[-130.3071,54.324,0.0],[-130.3139,54.3228,0.0],[-130.3266,54.3167,4.8505],[-130.3521,54.3022,0.0],[-130.3534,54.2953,0.0],[-130.3572,54.2917,0.0],[-130.3562,54.2889,1.6697],[-130.3611,54.2889,0.0],[-130.36,54.2875,5.3655],[-130.3611,54.2853,7.2138],[-130.3595,54.2842,7.2138],[-130.3611,54.2831,4.6607],[-130.3594,54.2811,0.0],[-130.3605,54.2764,0.0],[-130.3561,54.2673,0.0],[-130.3484,54.2557,0.0],[-130.3305,54.2359,0.0],[-130.3307,54.2343,1.7062],[-130.3344,54.2349,0.6848],[-130.3315,54.2303,2.7057],[-130.3326,54.2251,0.9285],[-130.3297,54.2237,4.2083],[-130.33,54.2209,6.0819],[-130.3272,54.2178,4.383],[-130.3178,54.2122,16.5739],[-130.3161,54.2056,2.7156],[-130.3083,54.2021,7.2318],[-130.2995,54.2081,0.0],[-130.2978,54.2119,14.951],[-130.3011,54.2147,3.5],[-130.2989,54.2153,3.5],[-130.2961,54.2125,4.7776],[-130.2944,54.2142,0.0],[-130.2983,54.2175,7.7067],[-130.2978,54.2197,8.7517],[-130.3002,54.2214,2.1357],[-130.2994,54.2231,1.1901],[-130.3035,54.2269,15.8043],[-130.3043,54.23,0.0],[-130.3083,54.23,0.0],[-130.3057,54.2281,1.8541],[-130.3078,54.2273,7.4112],[-130.3131,54.2313,0.0],[-130.3122,54.2333,0.0],[-130.3144,54.2361,0.0],[-130.3196,54.2367,4.1594],[-130.32,54.2381,9.0531],[-130.3133,54.2453,0.0],[-130.3079,54.2474,3.9422],[-130.3031,54.2453,0.0],[-130.2994,54.2469,0.0],[-130.3007,54.2483,0.0],[-130.2933,54.2458,5.6704],[-130.2969,54.2581,9.0297],[-130.2939,54.2594,6.8784],[-130.2939,54.2615,7.3376],[-130.2894,54.2586,0.0],[-130.2872,54.2597,0.0],[-130.2878,54.2617,0.0],[-130.2847,54.2608,13.8725],[-130.2833,54.2578,0.0],[-130.28,54.2566,2.5727],[-130.2795,54.2531,0.0],[-130.2767,54.2542,2.7131],[-130.2772,54.2581,10.9877],[-130.2756,54.2589,22.8547],[-130.2744,54.2558,6.5778],[-130.2704,54.2539,0.0],[-130.27,54.2558,0.0],[-130.2733,54.2611,15.9613],[-130.2722,54.2625,5.254],[-130.2661,54.2589,42.9515],[-130.2672,54.2569,0.0],[-130.2606,54.2547,0.0],[-130.2533,54.2576,0.0],[-130.2555,54.2592,0.0],[-130.2556,54.2613,0.0],[-130.2594,54.2631,12.3614],[-130.2599,54.2659,0.0],[-130.2644,54.265,21.3196],[-130.2567,54.2731,6.008],[-130.2567,54.2772,0.0],[-130.2589,54.2797,16.562],[-130.2582,54.2843,0.0],[-130.2606,54.2847,17.4188],[-130.2566,54.2881,0.0],[-130.261,54.2911,12.8107],[-130.2555,54.2931,0.0],[-130.255,54.2955,8.966],[-130.2476,54.2994,0.0],[-130.255,54.3033,10.9722],[-130.2594,54.3033,16.7795],[-130.2539,54.3112,0.0],[-130.2639,54.3142,5.0575],[-130.2623,54.317,0.0],[-130.2711,54.3216,21.4065],[-130.2722,54.3239,0.0],[-130.2793,54.3283,14.9984],[-130.275,54.3319,2.998],[-130.2827,54.3314,0.0]]],
[[[-130.3804,54.2919,0.0],[-130.3778,54.2914,3.029],[-130.3772,54.2922,0.0],[-130.3796,54.2924,1.5568],[-130.3804,54.2919,0.0]]],
[[[-130.3983,54.315,0.0],[-130.3961,54.3147,0.0],[-130.3961,54.3164,6.8582],[-130.4001,54.3168,12.5715],[-130.3983,54.315,0.0]]],
[[[-130.3722,54.3175,0.0],[-130.375,54.3172,1.6998],[-130.3755,54.3158,7.0497],[-130.3731,54.316,0.0],[-130.3722,54.3175,0.0]]],
[[[-130.3972,54.3206,4.4906],[-130.3972,54.3229,0.0],[-130.3998,54.3229,7.0519],[-130.4008,54.3205,7.9905],[-130.3971,54.3185,0.0],[-130.3972,54.3206,4.4906]]],
[[[-130.8128,54.2497,4.2263],[-130.8128,54.2486,0.0],[-130.8089,54.2486,0.0],[-130.8106,54.2511,1.0933],[-130.8128,54.2497,4.2263]]],
[[[-130.8236,54.2556,1.1027],[-130.8223,54.2568,1.1027],[-130.8257,54.2553,1.3845],[-130.8241,54.2545,0.0],[-130.8236,54.2556,1.1027]]],
[[[-130.7528,54.3533,2.1003],[-130.7494,54.3519,0.0],[-130.7495,54.3542,3.3094],[-130.7512,54.355,9.5982],[-130.7528,54.3533,2.1003]]],
[[[-130.7467,54.3567,4.7585],[-130.7483,54.3561,0.0],[-130.7478,54.3542,3.9382],[-130.745,54.3539,0.0],[-130.745,54.3559,0.0],[-130.7467,54.3567,4.7585]]],
[[[-130.8694,54.2678,4.0204],[-130.8706,54.2664,2.9683],[-130.8667,54.2664,0.0],[-130.8678,54.2683,4.0204],[-130.8694,54.2678,4.0204]]],
[[[-130.86,54.2861,1.1466],[-130.8516,54.2866,0.0],[-130.8589,54.2882,0.0],[-130.8628,54.2869,3.3091],[-130.86,54.2861,1.1466]]],
[[[-130.8328,54.3783,13.2733],[-130.8364,54.3801,0.991],[-130.8372,54.3781,9.5765999999999991],[-130.8339,54.3764,1.7772],[-130.8322,54.3772,0.0],[-130.8328,54.3783,13.2733]]],
[[[-130.8333,54.3835,0.0],[-130.8333,54.3814,0.0],[-130.8295,54.3791,4.5336],[-130.825,54.3845,2.8593],[-130.8328,54.3875,0.0],[-130.8344,54.3861,3.032],[-130.8333,54.3835,0.0]]],
[[[-130.7744,54.3569,5.0495],[-130.7728,54.3578,13.4926],[-130.7762,54.3592,0.0],[-130.7794,54.3558,0.0],[-130.7761,54.3542,5.9122],[-130.7711,54.3545,0.0],[-130.7744,54.3569,5.0495]]],
[[[-130.8161,54.3776,0.9639],[-130.8176,54.3782,0.9639],[-130.8193,54.3777,2.2656],[-130.8158,54.3754,0.0],[-130.8161,54.3776,0.9639]]],
[[[-130.7139,54.4033,10.4892],[-130.7167,54.4044,6.9574],[-130.7172,54.4078,12.0767],[-130.7205,54.4095,0.0],[-130.7189,54.4111,6.6762],[-130.7252,54.4128,2.3325],[-130.7383,54.4103,0.0],[-130.7367,54.4086,10.9604],[-130.7394,54.4059,0.0],[-130.7477,54.4059,0.0],[-130.7572,54.4033,8.6847],[-130.7589,54.4045,20.7662],[-130.7519,54.406,0.0],[-130.7568,54.4068,11.1455],[-130.7622,54.4047,17.309],[-130.7661,54.4059,0.0],[-130.7679,54.4041,11.2751],[-130.7643,54.4026,1.6215],[-130.7722,54.3998,0.0],[-130.7767,54.4012,0.0],[-130.7777,54.3981,7.0616],[-130.7756,54.3961,4.9226],[-130.7789,54.3928,1.6479],[-130.7778,54.3911,21.2062],[-130.7815,54.3898,3.6139],[-130.7822,54.3881,16.7255],[-130.7844,54.3883,4.9977],[-130.7839,54.3903,2.8513],[-130.7872,54.3919,9.9908],[-130.79,54.3908,6.4205],[-130.7894,54.3894,7.8982],[-130.7922,54.3867,7.2698],[-130.79,54.3842,13.5104],[-130.7911,54.3822,9.2088],[-130.79,54.3795,8.7734],[-130.7972,54.3775,0.9522],[-130.7813,54.3755,11.502],[-130.7844,54.3714,0.6401],[-130.7839,54.3694,0.5518],[-130.7778,54.3711,5.5766],[-130.7756,54.37,0.0],[-130.7744,54.368899999999996,2.006],[-130.7755,54.3675,0.0],[-130.7794,54.3653,0.0],[-130.7733,54.3647,1.3898],[-130.7739,54.3619,0.0],[-130.76,54.3542,4.9155],[-130.7472,54.3619,0.0],[-130.7333,54.3578,0.7151],[-130.7244,54.36,0.2667],[-130.7178,54.3642,14.3712],[-130.7128,54.3628,1.2205],[-130.7061,54.3683,1.5492],[-130.7078,54.3708,1.7813],[-130.7061,54.3742,12.4637],[-130.6994,54.3764,0.8098],[-130.7,54.3786,4.5541],[-130.6983,54.3797,0.0],[-130.7055,54.3836,17.6951],[-130.7125,54.3833,7.9798],[-130.7156,54.3822,2.524],[-130.7148,54.381,10.3802],[-130.7173,54.3811,28.2174],[-130.7172,54.3833,28.4898],[-130.7089,54.3843,6.4591],[-130.7044,54.3864,0.9647],[-130.7011,54.3923,5.8816],[-130.7128,54.3983,5.3145],[-130.7116,54.4019,7.663],[-130.7139,54.4033,10.4892]]],
[[[-130.7994,54.3861,7.6861],[-130.7983,54.3883,10.2223],[-130.8033,54.3906,0.0],[-130.8022,54.3939,0.0],[-130.8056,54.3944,0.0],[-130.8144,54.3892,9.3782],[-130.8183,54.39,0.4381],[-130.8179,54.3882,2.831],[-130.8161,54.3881,2.831],[-130.8189,54.3847,0.0],[-130.8139,54.3833,4.7101],[-130.8189,54.3825,0.4721],[-130.8189,54.3811,0.8922],[-130.8172,54.3786,0.9639],[-130.8139,54.3786,0.4519],[-130.8122,54.3803,1.0575],[-130.8061,54.3789,3.5242],[-130.8022,54.3831,0.8867],[-130.7983,54.3825,2.9238],[-130.7972,54.3842,0.5003],[-130.7994,54.3861,7.6861]]],
[[[-130.8241,54.3873,10.9392],[-130.8252,54.386,1.8852],[-130.8241,54.3852,1.0333],[-130.8201,54.3854,1.0333],[-130.8199,54.3881,0.0],[-130.8223,54.3907,0.0],[-130.8241,54.3873,10.9392]]],
[[[-130.7964,54.3905,0.0],[-130.797,54.3857,0.9133],[-130.7954,54.3859,0.9133],[-130.7944,54.3899,2.0701],[-130.7964,54.3905,0.0]]],
[[[-130.8139,54.3969,0.0],[-130.8128,54.3983,0.0],[-130.8139,54.3989,1.8364],[-130.8178,54.3981,10.209],[-130.8161,54.3967,1.3819],[-130.8139,54.3969,0.0]]],
[[[-130.8111,54.4006,4.7554],[-130.8106,54.3989,4.4549],[-130.8078,54.3998,12.2302],[-130.8106,54.4022,0.0],[-130.8111,54.4006,4.7554]]],
[[[-130.515,54.3206,0.0],[-130.5183,54.3183,0.0],[-130.5063,54.3215,4.7753],[-130.4953,54.3316,15.9223],[-130.5089,54.3394,5.9885],[-130.5121,54.3299,12.1426],[-130.5123,54.3244,15.8374],[-130.5134,54.3211,0.0],[-130.515,54.3206,0.0]]],
[[[-130.4872,54.3822,0.8054],[-130.4883,54.3806,4.283],[-130.4878,54.3794,0.5865],[-130.4856,54.3814,0.0],[-130.4872,54.3822,0.8054]]],
[[[-130.6202,54.3011,0.246],[-130.6212,54.3022,0.0],[-130.6255,54.3013,2.8205],[-130.624,54.3008,2.8205],[-130.6202,54.3011,0.246]]],
[[[-130.6983,54.4125,15.5383],[-130.6939,54.4117,1.0144],[-130.69,54.4145,0.0],[-130.6906,54.4175,2.8478],[-130.6956,54.4189,1.0338],[-130.6934,54.4214,1.4431],[-130.7011,54.4239,0.0],[-130.7072,54.4205,0.0],[-130.7017,54.4133,1.2349],[-130.6983,54.4125,15.5383]]],
[[[-130.4756,54.2928,1.0598],[-130.4783,54.2919,28.8476],[-130.4772,54.2892,2.2998],[-130.4739,54.2911,5.4757999999999996],[-130.4756,54.2928,1.0598]]],
[[[-130.4599,54.3239,0.0],[-130.4635,54.3226,6.6446],[-130.4633,54.3208,8.1931],[-130.4542,54.3241,1.1261],[-130.4574,54.3255,0.0],[-130.4599,54.3239,0.0]]],
[[[-130.416,54.3273,6.3354],[-130.418,54.3266,5.7905],[-130.4137,54.3256,9.4403],[-130.415,54.3271,6.3354],[-130.416,54.3273,6.3354]]],
[[[-130.3075,54.3348,0.0],[-130.3059,54.336,5.6626],[-130.3086,54.3363,0.0],[-130.3101,54.3345,0.0],[-130.3091,54.3343,0.0],[-130.3075,54.3348,0.0]]],
[[[-130.2633,54.3747,0.0],[-130.2655,54.3719,0.0],[-130.2628,54.3714,0.0],[-130.2617,54.3744,0.0],[-130.2633,54.3747,0.0]]],
[[[-130.4443,54.3314,0.0],[-130.4472,54.3319,2.1512],[-130.4483,54.3311,0.0],[-130.4461,54.3303,0.0],[-130.4443,54.3314,0.0]]],
[[[-130.435,54.3375,3.1766],[-130.43,54.3367,0.0],[-130.4322,54.3386,1.8351],[-130.435,54.3387,3.1766],[-130.435,54.3375,3.1766]]],
[[[-130.4683,54.4859,0.0],[-130.4689,54.4836,0.0],[-130.4661,54.4837,0.0],[-130.465,54.4856,0.0],[-130.4659,54.4864,0.0],[-130.4683,54.4859,0.0]]],
[[[-130.4645,54.4937,9.4322],[-130.4642,54.4911,8.0806],[-130.4611,54.4886,0.0],[-130.4594,54.4928,0.0],[-130.461,54.4956,16.884],[-130.46,54.4983,17.8179],[-130.4646,54.4995,3.7537],[-130.4667,54.4983,15.9538],[-130.4679,54.4953,2.514],[-130.4645,54.4937,9.4322]]],
[[[-130.4677,54.506,0.0],[-130.469,54.5071,0.5228],[-130.4701,54.5044,3.2468],[-130.4679,54.5051,0.0],[-130.4677,54.506,0.0]]],
[[[-130.4594,54.5107,0.0],[-130.4572,54.5121,8.3827],[-130.4569,54.5136,8.3827],[-130.459,54.5128,2.4716],[-130.4594,54.5107,0.0]]],
[[[-130.1528,53.9358,0.0],[-130.1628,53.9369,22.2681],[-130.1656,53.9356,11.7705],[-130.1661,53.9319,8.4188],[-130.173,53.9292,14.3359],[-130.1662,53.9225,4.6396],[-130.1624,53.9211,8.3632],[-130.156,53.9217,0.0],[-130.1483,53.9198,0.0],[-130.1456,53.9211,6.8686],[-130.1466,53.9231,1.5145],[-130.1439,53.9247,0.0],[-130.1372,53.9162,6.6475],[-130.1337,53.9153,0.0],[-130.133,53.9172,21.9942],[-130.1361,53.92,30.316],[-130.1362,53.9221,4.3397],[-130.1424,53.9279,0.7956],[-130.1389,53.9313,0.0],[-130.1455,53.9353,11.9443],[-130.1483,53.935,0.0],[-130.1478,53.9328,9.8455],[-130.1504,53.9331,9.8455],[-130.1528,53.9358,0.0]]],
[[[-130.1448,53.9483,2.5497],[-130.1458,53.95,28.4148],[-130.1507,53.9512,0.0],[-130.1534,53.9501,0.0],[-130.1508,53.9481,45.3295],[-130.1516,53.9468,0.0],[-130.1482,53.9452,0.0],[-130.1448,53.9468,0.0],[-130.1448,53.9483,2.5497]]],
[[[-130.1422,53.9682,0.9171],[-130.1428,53.9703,8.3347],[-130.1479,53.9709,0.0],[-130.1595,53.9661,13.448],[-130.1604,53.9639,27.0798],[-130.1547,53.9595,3.3966],[-130.1449,53.9559,0.0],[-130.1416,53.9589,3.4691],[-130.1428,53.9611,2.8518],[-130.1416,53.9619,2.8518],[-130.1439,53.9653,18.7548],[-130.1422,53.9682,0.9171]]],
[[[-130.1739,54.0721,0.0],[-130.1792,54.0741,8.0794],[-130.1842,54.0783,30.5793],[-130.1931,54.0807,0.0],[-130.1924,54.0773,0.0],[-130.1944,54.0756,1.854],[-130.201,54.0756,0.0],[-130.2228,54.0625,6.0401],[-130.2244,54.0559,19.998],[-130.2211,54.0403,102.3255],[-130.2212,54.0332,0.0],[-130.2164,54.0179,8.3625],[-130.2104,54.0121,109.2264],[-130.2108,54.0101,37.3483],[-130.2068,54.0037,6.7708],[-130.1888,53.9889,4.6781],[-130.177,53.9843,5.5146],[-130.1711,53.9873,36.599],[-130.1491,53.9873,27.0676],[-130.1459,53.9891,37.8694],[-130.1443,53.993899999999996,16.8192],[-130.1388,54.0001,0.0],[-130.1385,54.0043,0.0],[-130.1338,54.0101,6.0736],[-130.1292,54.0221,0.0],[-130.131,54.0271,0.0],[-130.1339,54.0274,6.1271],[-130.1386,54.0321,0.0],[-130.1446,54.0476,0.0],[-130.1562,54.059,20.7109],[-130.1578,54.0651,83.4454],[-130.1739,54.0721,0.0]]],
[[[-130.1972,54.1111,5.0762],[-130.195,54.1133,0.0],[-130.1967,54.115,7.4487],[-130.2056,54.1147,4.4501],[-130.215,54.1131,4.4873],[-130.2228,54.1083,5.2439],[-130.2101,54.1036,0.0],[-130.2055,54.1037,0.0],[-130.2006,54.1067,0.0],[-130.1972,54.1111,5.0762]]],
[[[-130.2178,54.1131,0.0],[-130.2217,54.1128,5.0801],[-130.2228,54.1114,4.3958],[-130.2183,54.1119,45.6447],[-130.2178,54.1131,0.0]]],
[[[-130.135,54.1403,93.2495],[-130.1488,54.1474,0.0],[-130.1511,54.1461,24.5478],[-130.1533,54.1411,0.0],[-130.1516,54.1375,32.5154],[-130.1528,54.1344,33.1246],[-130.1628,54.1289,3.7426],[-130.1606,54.1272,18.0641],[-130.1578,54.1281,18.0641],[-130.1572,54.1267,15.133],[-130.166,54.1188,0.0],[-130.1589,54.1155,23.2181],[-130.1533,54.1183,18.3609],[-130.1517,54.1177,10.5208],[-130.1511,54.1125,35.5794],[-130.1594,54.1089,0.0],[-130.1605,54.1069,19.8571],[-130.1583,54.1028,0.0],[-130.1517,54.0967,7.5525],[-130.1511,54.0917,19.3354],[-130.1478,54.0894,0.0],[-130.1439,54.0903,0.0],[-130.1344,54.0967,0.0],[-130.13,54.1083,0.0],[-130.1261,54.1125,0.0],[-130.1261,54.1169,0.0],[-130.1278,54.1192,0.0],[-130.1261,54.1209,0.0],[-130.1267,54.1231,41.2783],[-130.1233,54.1256,25.5606],[-130.1239,54.1289,32.8541],[-130.1223,54.13,0.0],[-130.1267,54.1349,28.7018],[-130.135,54.1403,93.2495]]],
[[[-130.2528,54.1931,3.0218],[-130.259,54.1949,5.2757],[-130.2591,54.1931,6.7901],[-130.2622,54.192,12.4241],[-130.2617,54.1881,5.8011],[-130.2644,54.1895,2.1198],[-130.2667,54.1864,2.9314],[-130.2711,54.1878,2.0913],[-130.2739,54.1867,0.0],[-130.2711,54.1847,0.0],[-130.2655,54.1847,0.0],[-130.2517,54.1877,7.6169],[-130.2567,54.1839,0.0],[-130.2591,54.1838,0.0],[-130.2583,54.1819,17.4863],[-130.2729,54.1783,0.0],[-130.2655,54.1761,23.2229],[-130.2758,54.1763,0.0],[-130.2722,54.1742,19.0399],[-130.2767,54.1706,0.0],[-130.2804,54.1712,0.0],[-130.2822,54.1675,13.1381],[-130.2861,54.1653,0.0],[-130.2894,54.1601,14.0873],[-130.29,54.1533,15.764099999999999],[-130.2878,54.1493,19.0417],[-130.2778,54.1419,16.7398],[-130.2756,54.1381,0.0],[-130.2706,54.1363,0.0],[-130.2713,54.1333,0.0],[-130.2578,54.1244,32.0584],[-130.2478,54.12,18.0231],[-130.2462,54.1171,0.0],[-130.2283,54.1178,15.6758],[-130.2272,54.1173,11.1399],[-130.2288,54.1151,0.0],[-130.2222,54.1139,14.2178],[-130.1939,54.1175,33.0171],[-130.1755,54.1239,14.3934],[-130.1667,54.1289,0.0],[-130.1672,54.1308,4.7687],[-130.1617,54.1353,1.1147],[-130.1555,54.1448,32.3292],[-130.155,54.1511,0.0],[-130.1678,54.1609,12.4652],[-130.1939,54.1736,25.9772],[-130.2027,54.1803,22.1342],[-130.2117,54.1831,7.7947],[-130.2228,54.1903,4.1114],[-130.2346,54.1893,1.6666],[-130.2422,54.1914,4.7048],[-130.2467,54.1897,14.7299],[-130.2528,54.1931,3.0218]]],
[[[-129.6228,54.1778,0.0],[-129.6139,54.1781,0.0],[-129.6042,54.1829,0.0],[-129.6106,54.1839,0.0],[-129.6226,54.1798,0.0],[-129.6444,54.1794,2.4156],[-129.6606,54.1833,0.0],[-129.6533,54.1783,0.0],[-129.6461,54.1769,0.0],[-129.6228,54.1778,0.0]]],
[[[-129.6067,54.1869,0.0],[-129.6083,54.1858,0.0],[-129.599,54.1859,0.0],[-129.5937,54.1911,0.0],[-129.5953,54.1927,0.0],[-129.6067,54.1869,0.0]]],
[[[-129.7256,54.2039,0.2801],[-129.7167,54.205,0.0],[-129.7195,54.2064,0.0],[-129.73,54.2065,0.0],[-129.7406,54.2044,0.0],[-129.74,54.2036,0.0],[-129.7256,54.2039,0.2801]]],
[[[-129.7461,54.2075,1.8923],[-129.7422,54.2067,0.0],[-129.7365,54.208,0.0],[-129.7406,54.2097,1.5908],[-129.7511,54.2092,0.0],[-129.7461,54.2075,1.8923]]],
[[[-129.9578,54.1617,0.0],[-129.9554,54.1585,0.0],[-129.9534,54.1594,0.0],[-129.9539,54.1614,11.4355],[-129.9572,54.1628,1.545],[-129.9578,54.1617,0.0]]],
[[[-129.8428,54.2314,0.625],[-129.8467,54.2322,0.0],[-129.8528,54.2314,0.0],[-129.8433,54.23,0.0],[-129.8428,54.2314,0.625]]],
[[[-129.8264,54.2324,0.3254],[-129.8389,54.2336,0.2948],[-129.8328,54.2314,0.1574],[-129.825,54.2314,0.3436],[-129.8264,54.2324,0.3254]]],
[[[-130.4677,54.5533,0.0],[-130.475,54.5609,0.0],[-130.4755,54.5639,0.0],[-130.48,54.5673,0.0],[-130.4844,54.5639,3.5863],[-130.4856,54.5558,23.287],[-130.4833,54.5514,3.1408],[-130.4894,54.5547,8.4713],[-130.4912,54.5489,0.0],[-130.4907,54.5462,22.0971],[-130.4869,54.5421,13.1648],[-130.4874,54.5395,2.6302],[-130.4856,54.5361,29.0362],[-130.4876,54.5337,14.2289],[-130.4854,54.5303,7.0002],[-130.4806,54.5266,0.473],[-130.4657,54.5217,0.0],[-130.4616,54.5231,4.7814],[-130.4616,54.5292,19.1423],[-130.4538,54.5417,0.0],[-130.4616,54.5489,2.8485],[-130.4656,54.55,9.2425],[-130.4677,54.5533,0.0]]],
[[[-130.4366,54.5593,1.3133],[-130.4346,54.5596,2.2179],[-130.4351,54.5632,0.0],[-130.4405,54.5629,22.0398],[-130.4399,54.5611,4.2415],[-130.4366,54.5593,1.3133]]],
[[[-130.4649,54.5932,50.8236],[-130.4647,54.5909,35.354],[-130.4594,54.5909,8.8924],[-130.4524,54.5997,0.0],[-130.4547,54.6021,0.0],[-130.4575,54.6019,41.0109],[-130.4649,54.5932,50.8236]]],
[[[-130.4661,54.6264,0.0],[-130.4683,54.6264,0.649],[-130.4689,54.6242,1.0814],[-130.4672,54.6247,0.0],[-130.4661,54.6264,0.0]]],
[[[-130.4383,54.6433,46.1852],[-130.4433,54.645,6.3507],[-130.4466,54.6483,21.8392],[-130.4489,54.6476,5.5218],[-130.455,54.6427,24.2183],[-130.4533,54.6411,5.4559],[-130.4495,54.6418,5.3048],[-130.45,54.6403,8.5095],[-130.4483,54.64,8.5095],[-130.4534,54.6353,20.0445],[-130.4444,54.6331,7.555],[-130.4367,54.6358,31.6853],[-130.4333,54.6391,13.4252],[-130.4383,54.6433,46.1852]]],
[[[-130.3922,54.6629,0.0],[-130.3905,54.6695,11.7085],[-130.3939,54.6703,11.7085],[-130.4011,54.6672,0.0],[-130.4056,54.6625,21.837],[-130.4211,54.6587,37.709],[-130.4262,54.6558,3.4082],[-130.4339,54.6569,46.1201],[-130.4422,54.6542,2.6172],[-130.4356,54.6508,4.3976],[-130.4361,54.6473,0.0],[-130.433,54.6462,37.656],[-130.4333,54.6447,0.0],[-130.4311,54.6433,0.0],[-130.395,54.6308,3.0292],[-130.39,54.6417,30.1184],[-130.3944,54.6592,10.1682],[-130.3922,54.6629,0.0]]]]}}