{"type":"Feature","properties":{"GID_3":"CAN.5.1.4_1","GID_0":"CAN","country":"Canada","GID_1":"CAN.5_1","province":"NewfoundlandandLabrador","NL_NAME_1":"NA","GID_2":"CAN.5.1_1","county":"DivisionNo.10","NL_NAME_2":"NA","city":"DivisionNo.10,Subd.B","VARNAME_3":"NA","NL_NAME_3":"NA","TYPE_3":"SubdivisionofUnorganized","ENGTYPE_3":"SubdivisionofUnorganized","CC_3":"NA","HASC_3":"NA","name":"Division_No.10,Subd.B.city"},
"geometry":{"type": "MultiPolygon","coordinates": [[[[-55.5933,52.2111,0.0],[-55.5931,52.2088,0.0],[-55.5876,52.2084,0.0],[-55.5844,52.2117,0.0],[-55.5844,52.2144,0.0],[-55.5889,52.2164,0.0],[-55.5933,52.2111,0.0]]],
[[[-55.5494,52.2531,0.0],[-55.5478,52.2581,5.8126],[-55.5506,52.26,0.0],[-55.5611,52.2559,0.0],[-55.565,52.2519,1.2718],[-55.5578,52.2475,0.3964],[-55.5518,52.2499,1.8238],[-55.5494,52.2531,0.0]]],
[[[-55.5729,52.2759,0.0],[-55.5729,52.2733,0.0],[-55.5703,52.2743,0.0],[-55.5707,52.2765,5.9596],[-55.5729,52.2759,0.0]]],
[[[-55.5987,52.2881,8.0119],[-55.6017,52.2903,23.1255],[-55.6063,52.2906,0.0],[-55.6044,52.2878,7.642],[-55.5987,52.2881,8.0119]]],
[[[-55.5844,52.2735,4.0867],[-55.5808,52.2734,1.7607],[-55.5801,52.2763,0.0],[-55.5816,52.2787,16.0446],[-55.5855,52.2803,0.0],[-55.5864,52.2758,4.3252],[-55.5844,52.2735,4.0867]]],
[[[-56.0711,53.0037,0.0],[-56.0694,53.0014,0.0],[-56.0672,53.0025,0.0],[-56.0683,53.0056,0.0],[-56.0711,53.0037,0.0]]],
[[[-55.7658,52.9726,14.416],[-55.7675,52.9712,11.0894],[-55.762,52.9709,4.1449],[-55.7629,52.9736,8.5395],[-55.7658,52.9726,14.416]]],
[[[-55.7561,52.9747,2.5428],[-55.7563,52.973,1.7697],[-55.7535,52.9725,0.0],[-55.7544,52.9747,4.8336],[-55.7561,52.9747,2.5428]]],
[[[-55.8456,52.9717,0.0],[-55.8456,52.9731,0.0],[-55.8515,52.9772,0.0],[-55.8557,52.9767,10.0758],[-55.8528,52.9736,0.0],[-55.8456,52.9717,0.0]]],
[[[-55.8352,52.9758,3.3309],[-55.8361,52.9741,2.5382],[-55.8297,52.9745,21.1701],[-55.8296,52.9756,0.0],[-55.8352,52.9758,3.3309]]],
[[[-55.8812,52.8309,0.0],[-55.878,52.8282,1.4298],[-55.8755,52.8284,1.4298],[-55.8722,52.8294,2.4257],[-55.8718,52.8328,1.9962],[-55.8801,52.8328,8.3383],[-55.8812,52.8309,0.0]]],
[[[-55.8386,52.8366,3.5263],[-55.8391,52.8351,0.0],[-55.8349,52.8356,0.0],[-55.8361,52.8364,10.118],[-55.8386,52.8366,3.5263]]],
[[[-55.7982,52.919,4.5312],[-55.7944,52.9218,2.7312],[-55.7983,52.9234,17.8129],[-55.8117,52.9203,30.6011],[-55.8164,52.9212,7.1811],[-55.8195,52.9179,4.7604],[-55.8106,52.9073,14.6686],[-55.8119,52.9025,3.2772],[-55.806,52.9004,0.0],[-55.8044,52.8979,2.1995],[-55.7978,52.8969,0.0],[-55.7956,52.8981,5.4831],[-55.7967,52.9011,15.8828],[-55.7905,52.9055,0.0],[-55.7906,52.9099,59.5482],[-55.7926,52.9137,9.3778],[-55.7911,52.915,8.1507],[-55.7945,52.9147,11.4371],[-55.7989,52.9167,2.6998],[-55.7982,52.919,4.5312]]],
[[[-55.835,52.9197,0.309],[-55.83,52.9209,10.1093],[-55.8311,52.9214,10.1093],[-55.83,52.9219,10.1093],[-55.8306,52.9255,1.1735],[-55.834,52.9267,4.8479],[-55.8389,52.9242,0.0],[-55.8406,52.9211,0.0],[-55.8377,52.9189,6.5422],[-55.8422,52.9183,2.2126],[-55.83,52.9111,0.0],[-55.8206,52.9106,0.0],[-55.8272,52.9133,2.9262],[-55.8261,52.9147,4.027],[-55.8289,52.9161,18.3324],[-55.8361,52.9178,18.6648],[-55.835,52.9197,0.309]]],
[[[-55.8125,52.9325,1.306],[-55.8149,52.9325,2.6742],[-55.8169,52.9305,5.1517],[-55.814,52.9309,10.8011],[-55.8125,52.9325,1.306]]],
[[[-55.879,52.9596,0.0],[-55.8812,52.9581,0.4184],[-55.8807,52.9571,3.7369],[-55.8773,52.9579,0.0],[-55.879,52.9596,0.0]]],
[[[-55.884,52.9463,2.3217],[-55.8841,52.9451,0.0],[-55.8807,52.9448,0.0],[-55.8794,52.9463,0.0],[-55.8838,52.9468,2.3217],[-55.884,52.9463,2.3217]]],
[[[-55.8572,52.9551,3.9074],[-55.8596,52.9584,7.2554],[-55.8643,52.9595,0.8436],[-55.8702,52.9585,12.8894],[-55.8714,52.9571,0.0],[-55.8695,52.9553,2.4112],[-55.8708,52.9533,5.5828],[-55.8771,52.9556,0.0],[-55.8823,52.9532,11.9507],[-55.8783,52.9506,15.8833],[-55.8711,52.9508,3.9839],[-55.8685,52.9448,1.3512],[-55.8656,52.9452,1.3512],[-55.8664,52.9465,12.9675],[-55.8575,52.9451,1.7908],[-55.8474,52.9488,1.9003],[-55.8491,52.9508,4.3568],[-55.8576,52.9532,11.7085],[-55.8572,52.9551,3.9074]]],
[[[-55.9158,52.8068,0.0],[-55.9122,52.8069,6.0864],[-55.9089,52.8097,1.7154],[-55.9122,52.8103,13.3942],[-55.9158,52.8068,0.0]]],
[[[-55.8889,52.8187,2.2471],[-55.8967,52.8211,0.3666],[-55.8933,52.8183,10.925],[-55.9016,52.8197,9.6904],[-55.9044,52.8186,1.2693],[-55.9022,52.8164,1.6734],[-55.8911,52.8156,0.0],[-55.8911,52.8169,0.0],[-55.8878,52.8181,2.2471],[-55.8889,52.8187,2.2471]]],
[[[-55.8713,52.8214,10.8508],[-55.8838,52.8262,9.8218],[-55.8861,52.8256,0.0],[-55.8855,52.8239,0.0],[-55.8878,52.8225,0.0],[-55.8882,52.8196,1.8919],[-55.885,52.8164,0.3454],[-55.88,52.8173,8.3234],[-55.8756,52.8156,4.5746],[-55.8744,52.8161,0.5971],[-55.8759,52.8168,4.5746],[-55.875,52.8186,17.7605],[-55.87,52.8161,0.5639],[-55.8683,52.8167,0.0],[-55.8722,52.8195,1.1437],[-55.87,52.8203,0.0],[-55.8713,52.8214,10.8508]]],
[[[-55.8217,52.8244,4.1297],[-55.8315,52.8253,34.2044],[-55.8306,52.8264,13.7637],[-55.8339,52.8278,3.7157],[-55.8386,52.8244,0.0],[-55.8322,52.8203,0.0],[-55.8255,52.8209,2.0445],[-55.8217,52.8244,4.1297]]],
[[[-55.8563,52.8246,3.4071],[-55.8719,52.8265,6.1875],[-55.8729,52.8254,0.0],[-55.8626,52.8216,0.0],[-55.8546,52.8238,3.4071],[-55.8563,52.8246,3.4071]]],
[[[-55.8751,52.8112,0.0],[-55.87,52.8097,0.7715],[-55.8676,52.8122,0.0],[-55.8732,52.8135,7.8622],[-55.8766,52.8125,0.0],[-55.8751,52.8112,0.0]]],
[[[-55.8133,52.8108,12.889099999999999],[-55.8111,52.8117,0.0],[-55.8111,52.8136,0.0],[-55.8166,52.8125,0.5016],[-55.815,52.8105,12.889099999999999],[-55.8133,52.8108,12.889099999999999]]],
[[[-55.865,52.8139,5.031],[-55.8628,52.815,0.6763],[-55.8639,52.8159,0.0],[-55.868899999999996,52.8145,0.0],[-55.8672,52.8136,0.0],[-55.865,52.8139,5.031]]],
[[[-55.8433,52.82,3.5196],[-55.8456,52.8211,0.0],[-55.8452,52.8238,0.0],[-55.8498,52.823,8.0712],[-55.8474,52.8159,11.5367],[-55.8535,52.8159,1.4457],[-55.855,52.8145,5.0811],[-55.8411,52.8105,11.8943],[-55.8279,52.8101,4.4944],[-55.8333,52.8125,4.4654],[-55.8306,52.8128,4.4654],[-55.8206,52.8086,2.2789],[-55.815,52.8094,0.0],[-55.8217,52.8107,12.742],[-55.8205,52.8122,0.0],[-55.8272,52.8131,5.564],[-55.8332,52.8166,9.9381],[-55.8406,52.815,25.1216],[-55.8386,52.8163,6.2454],[-55.8423,52.8175,8.4631],[-55.8406,52.8186,8.4631],[-55.8433,52.82,3.5196]]],
[[[-55.7613,53.0113,0.0],[-55.7596,53.0095,0.0],[-55.7555,53.0117,0.0],[-55.76,53.0119,0.0],[-55.7613,53.0113,0.0]]],
[[[-55.7826,53.0143,14.3188],[-55.7939,53.0172,0.0],[-55.8028,53.0158,0.0],[-55.8078,53.0128,0.0],[-55.82,53.0111,1.7346],[-55.8244,53.0081,9.5407],[-55.8344,53.0097,10.2999],[-55.8515,53.0077,0.0],[-55.8539,53.007,5.1457],[-55.8565,53.0034,2.226],[-55.8533,53.0006,4.4637],[-55.8536,52.9965,2.1986],[-55.8514,52.9909,6.3091],[-55.8527,52.9881,0.0],[-55.8456,52.9857,44.0191],[-55.8409,52.9811,0.9592],[-55.8343,52.9792,9.0826],[-55.8327,52.9767,6.1853],[-55.8289,52.9789,8.5663],[-55.8244,52.9746,1.1455],[-55.8354,52.9721,0.0],[-55.8372,52.9703,0.0],[-55.8289,52.9678,1.5557],[-55.8191,52.9679,2.9456],[-55.8135,52.9662,0.6541],[-55.8232,52.9617,15.8579],[-55.831,52.963,0.0],[-55.8299,52.9616,0.0],[-55.8322,52.9608,0.0],[-55.8261,52.9573,1.439],[-55.8267,52.9542,0.9716],[-55.8205,52.9537,0.0],[-55.8106,52.9567,26.9382],[-55.8111,52.955,19.1154],[-55.8083,52.9525,21.7203],[-55.81,52.9519,5.2346],[-55.8106,52.9478,9.4222],[-55.8022,52.9439,10.8024],[-55.8017,52.9413,0.0],[-55.7892,52.9445,0.0],[-55.7897,52.9512,0.0],[-55.7928,52.9551,25.9729],[-55.7889,52.959,39.1655],[-55.7866,52.9585,3.6116],[-55.7844,52.9606,0.0],[-55.785,52.9689,18.2636],[-55.7788,52.9692,4.7828],[-55.7772,52.9669,19.9364],[-55.7789,52.9656,0.0],[-55.7749,52.9641,14.0507],[-55.7693,52.9647,0.0],[-55.7673,52.9664,0.0],[-55.7727,52.9671,12.6668],[-55.7697,52.9687,0.0],[-55.7709,52.973,11.5984],[-55.7736,52.9749,3.1162],[-55.7785,52.9742,14.2247],[-55.7774,52.9768,0.7463],[-55.7795,52.9781,9.048],[-55.7894,52.9771,6.3541],[-55.7795,52.9839,12.156],[-55.7767,52.99,20.2056],[-55.7694,52.9889,0.0],[-55.7693,52.9901,0.0],[-55.7651,52.9912,0.0],[-55.7638,52.9938,0.0],[-55.7681,52.9965,10.3853],[-55.7767,52.9956,0.0],[-55.7828,52.9931,10.711],[-55.7891,52.9936,29.1204],[-55.7907,52.9982,34.9599],[-55.7828,52.9983,0.0],[-55.78,53.0014,0.0],[-55.7811,53.0031,24.4341],[-55.7749,53.0051,0.0],[-55.7794,53.0083,5.752],[-55.7772,53.0103,0.0],[-55.7783,53.0117,18.5124],[-55.7826,53.0143,14.3188]]],
[[[-56.0094,53.0137,7.727],[-56.0111,53.0117,0.0],[-56.0089,53.0106,3.5327],[-56.0072,53.0125,1.1356],[-56.0094,53.0137,7.727]]],
[[[-56.1551,53.0344,0.0],[-56.1556,53.0317,1.7483],[-56.1516,53.0311,1.0479],[-56.1516,53.0325,2.6059],[-56.1551,53.0344,0.0]]],
[[[-56.0639,53.0375,0.0],[-56.0605,53.0364,0.0],[-56.0572,53.0381,0.0],[-56.06,53.0395,0.9061],[-56.0639,53.0375,0.0]]],
[[[-55.9022,53.0408,2.4811],[-55.9005,53.0389,2.4193],[-55.8986,53.0398,4.2949],[-55.9,53.0411,2.4811],[-55.9022,53.0408,2.4811]]],
[[[-55.9162,53.0161,1.4399],[-55.915,53.0167,0.0],[-55.9183,53.0183,10.9349],[-55.9235,53.0186,0.0],[-55.9211,53.0164,0.0],[-55.9162,53.0161,1.4399]]],
[[[-56.07,53.0292,1.241],[-56.0661,53.0306,0.0],[-56.0689,53.0314,0.7119],[-56.0705,53.0306,0.0],[-56.07,53.0292,1.241]]],
[[[-55.7553,53.0308,1.6314],[-55.7532,53.0327,0.0],[-55.7539,53.0341,0.0],[-55.7579,53.0343,0.0],[-55.7603,53.0318,1.5269],[-55.7588,53.0303,0.0],[-55.7553,53.0308,1.6314]]],
[[[-55.7503,53.1647,7.2571],[-55.7483,53.1621,2.542],[-55.7457,53.1635,7.389],[-55.7481,53.1665,0.7822],[-55.7503,53.1647,7.2571]]],
[[[-55.7215,53.1766,1.5918],[-55.7249,53.1733,0.0],[-55.7239,53.1711,0.0],[-55.717,53.1755,0.0],[-55.7215,53.1766,1.5918]]],
[[[-55.7406,53.1795,8.6859],[-55.7387,53.1777,3.1715],[-55.7352,53.178,3.1715],[-55.7387,53.1813,0.0],[-55.7411,53.181,1.5128],[-55.7406,53.1795,8.6859]]],
[[[-55.7658,53.1092,1.0994],[-55.7665,53.1069,0.0],[-55.7651,53.1066,0.0],[-55.7598,53.1083,3.8055],[-55.76,53.1106,0.0],[-55.7616,53.111,0.0],[-55.7658,53.1092,1.0994]]],
[[[-55.7737,53.1118,7.3416],[-55.7751,53.1129,0.0],[-55.7743,53.1147,1.4857],[-55.7772,53.1161,0.0],[-55.7893,53.1101,0.0],[-55.7838,53.1053,0.0],[-55.776,53.1064,8.2621],[-55.7752,53.1038,11.8408],[-55.7699,53.1027,0.0],[-55.7702,53.1049,21.6177],[-55.7733,53.1059,1.8248],[-55.7685,53.1069,0.0],[-55.7678,53.1087,0.5342],[-55.7737,53.1118,7.3416]]],
[[[-55.7982,53.0989,0.0],[-55.805,53.0991,0.0],[-55.81,53.0956,0.0],[-55.818,53.0953,2.6341],[-55.8329,53.0855,2.6933],[-55.835,53.0876,0.0],[-55.8411,53.0845,1.5858],[-55.8439,53.0864,0.0],[-55.8484,53.0862,4.6143],[-55.8456,53.0883,0.0],[-55.8468,53.0889,0.0],[-55.8539,53.0861,7.7513],[-55.855,53.0875,3.3551],[-55.8528,53.0892,5.1595],[-55.8553,53.0901,5.1595],[-55.8583,53.0897,12.713],[-55.8633,53.0859,0.0],[-55.8683,53.08,19.4209],[-55.8733,53.0689,0.0],[-55.8789,53.0636,11.5366],[-55.8772,53.0625,11.5366],[-55.8811,53.0597,0.0],[-55.89,53.0472,7.5597],[-55.89,53.0439,10.0802],[-55.885,53.0383,19.3078],[-55.8828,53.03,8.0888],[-55.8744,53.0247,9.7012],[-55.8773,53.0231,0.0],[-55.8744,53.02,0.0],[-55.8617,53.0142,3.6372],[-55.8583,53.0144,0.0],[-55.8356,53.0292,7.0015],[-55.8294,53.0281,4.9416],[-55.8239,53.0247,3.1618],[-55.8283,53.0223,1.6239],[-55.8361,53.0255,0.0],[-55.84,53.0187,0.0],[-55.8344,53.0164,0.0],[-55.8256,53.0172,15.3031],[-55.8206,53.0219,1.5835],[-55.8081,53.02,0.0],[-55.8046,53.0214,0.0],[-55.805,53.0247,37.2998],[-55.8006,53.0253,0.0],[-55.8014,53.0273,10.2492],[-55.8,53.0283,0.0],[-55.8011,53.0289,21.2614],[-55.7994,53.0306,2.3117],[-55.8033,53.0331,12.7979],[-55.8006,53.0353,0.0],[-55.8072,53.0369,4.887],[-55.8111,53.0409,2.648],[-55.8044,53.0411,9.5247],[-55.8011,53.0397,4.2393],[-55.8017,53.0375,1.3311],[-55.7944,53.0371,9.7014],[-55.7872,53.0283,0.0],[-55.7811,53.0261,5.4839],[-55.7683,53.0281,9.0028],[-55.7606,53.0328,17.2219],[-55.76,53.0353,20.481],[-55.7556,53.0383,0.0],[-55.7566,53.0406,1.1657],[-55.7592,53.0419,8.2427],[-55.7614,53.0405,0.0],[-55.7755,53.0416,25.1109],[-55.7781,53.0436,0.0],[-55.7694,53.0495,11.6716],[-55.7655,53.0487,0.0],[-55.75,53.055,0.0],[-55.7511,53.0592,0.0],[-55.7489,53.0607,4.9893],[-55.7528,53.0653,2.2827],[-55.7502,53.0699,0.0],[-55.75,53.0751,0.0],[-55.7561,53.0803,3.2859],[-55.7661,53.0761,0.0],[-55.7673,53.0816,2.6932],[-55.7655,53.0827,0.0],[-55.77,53.0851,1.2811],[-55.7687,53.0881,13.7182],[-55.7959,53.0969,27.4853],[-55.7982,53.0989,0.0]]],
[[[-55.8589,53.0914,0.0],[-55.855,53.0911,0.0],[-55.8528,53.0927,3.8362],[-55.8544,53.0936,3.8362],[-55.8589,53.0925,0.0],[-55.8589,53.0914,0.0]]],
[[[-55.7743,53.0948,0.0],[-55.7725,53.0939,0.0],[-55.7718,53.0967,0.0],[-55.7799,53.0981,13.7191],[-55.7858,53.0979,25.4564],[-55.7873,53.0963,32.3325],[-55.7806,53.0939,0.0],[-55.7743,53.0948,0.0]]],
[[[-55.7559,53.1045,2.2849],[-55.766,53.106,0.0],[-55.7684,53.1043,0.9327],[-55.7662,53.0995,1.1148],[-55.7497,53.0967,0.0],[-55.7483,53.0988,17.0409],[-55.7491,53.1018,11.2216],[-55.7524,53.1047,1.4079],[-55.7559,53.1045,2.2849]]],
[[[-55.7244,53.1879,0.0],[-55.7197,53.1895,0.0],[-55.7191,53.1921,0.0],[-55.7251,53.1931,3.469],[-55.727,53.1894,0.0],[-55.726,53.1877,0.0],[-55.7244,53.1879,0.0]]],
[[[-55.7279,53.1903,0.0],[-55.7265,53.1949,2.3885],[-55.7345,53.1942,0.471],[-55.7368,53.1921,0.0],[-55.7361,53.1899,0.0],[-55.7317,53.1873,2.1382],[-55.7279,53.1903,0.0]]],
[[[-55.7333,53.1985,4.5244],[-55.7363,53.1969,0.0],[-55.7357,53.1951,0.0],[-55.7321,53.1953,3.1928],[-55.7289,53.1979,1.8019],[-55.7298,53.1988,0.0],[-55.7333,53.1985,4.5244]]],
[[[-55.7215,53.1977,0.3959],[-55.7233,53.1961,0.0],[-55.7195,53.1963,1.5494],[-55.7198,53.1986,2.9257],[-55.7215,53.1977,0.3959]]],
[[[-55.7741,53.2062,1.9363],[-55.7663,53.2079,5.6371],[-55.7752,53.2115,2.7023],[-55.7768,53.2085,0.8884],[-55.7741,53.2062,1.9363]]],
[[[-55.7337,53.2247,1.4968],[-55.7332,53.2267,5.3426],[-55.7291,53.2295,0.0],[-55.7335,53.2318,5.0088],[-55.7354,53.2315,0.0],[-55.7339,53.2274,1.1275],[-55.7364,53.2306,0.0],[-55.7396,53.2296,0.0],[-55.7407,53.2268,0.0],[-55.7381,53.2264,6.4042],[-55.7369,53.2222,0.0],[-55.7305,53.2219,0.5285],[-55.7337,53.2247,1.4968]]],
[[[-55.6955,53.2115,0.0],[-55.6976,53.219,0.4741],[-55.6968,53.2213,2.5297],[-55.7021,53.2217,2.0159],[-55.7027,53.215,7.1625],[-55.7042,53.2155,0.0],[-55.7041,53.2186,1.6975],[-55.7081,53.2195,0.0],[-55.7094,53.2157,0.0],[-55.7084,53.2144,0.0],[-55.7013,53.2121,0.0],[-55.6996,53.21,0.0],[-55.6955,53.2115,0.0]]],
[[[-55.7248,53.2143,0.0],[-55.7227,53.2121,0.0],[-55.7197,53.2118,0.0],[-55.7205,53.2149,0.0],[-55.7248,53.2143,0.0]]],
[[[-55.7466,53.22,6.1729],[-55.7552,53.2193,1.8572],[-55.7566,53.2209,0.0],[-55.7652,53.2189,1.9498],[-55.7633,53.215,0.5545],[-55.7584,53.2136,0.0],[-55.7531,53.2137,0.0],[-55.7391,53.2088,16.2221],[-55.7258,53.209,6.3196],[-55.7254,53.2123,3.6091],[-55.7306,53.2148,0.0],[-55.7277,53.216,0.0],[-55.7357,53.2192,0.0],[-55.7411,53.2197,1.3776],[-55.7432,53.218,0.0],[-55.7466,53.22,6.1729]]],
[[[-55.7298,53.2193,1.0964],[-55.726,53.2175,0.0],[-55.7254,53.2215,2.974],[-55.7284,53.2215,2.974],[-55.7298,53.2193,1.0964]]],
[[[-55.7561,53.1992,0.0],[-55.7485,53.1962,0.0],[-55.7402,53.1988,0.0],[-55.7411,53.2024,0.0],[-55.7482,53.2047,6.9394],[-55.7541,53.2033,4.1439],[-55.7562,53.2012,0.0],[-55.7561,53.1992,0.0]]],
[[[-55.7731,53.202,8.9147],[-55.7717,53.1982,0.0],[-55.767,53.2009,0.0],[-55.7691,53.203,1.002],[-55.7731,53.202,8.9147]]],
[[[-55.7569,53.2053,5.0569],[-55.7599,53.2055,0.0],[-55.7615,53.2037,0.0],[-55.7575,53.2021,0.0],[-55.7555,53.2046,0.0],[-55.7569,53.2053,5.0569]]],
[[[-56.1067,52.7945,4.3593],[-56.1094,52.7941,0.0],[-56.1089,52.7927,0.0],[-56.1022,52.7925,0.0],[-56.1017,52.7939,0.0],[-56.103,52.7947,0.0],[-56.1067,52.7945,4.3593]]],
[[[-55.8169,52.8034,3.3333],[-55.8144,52.8004,0.0],[-55.8121,52.8009,2.9196],[-55.8151,52.8039,0.0],[-55.8169,52.8034,3.3333]]],
[[[-55.8234,52.8041,1.8544],[-55.8236,52.8018,0.582],[-55.8207,52.8012,0.1341],[-55.8209,52.8032,0.7118],[-55.8234,52.8041,1.8544]]],
[[[-56.0444,52.7917,3.923],[-56.0467,52.7937,6.5809],[-56.0487,52.7935,0.0],[-56.0439,52.7894,0.0],[-56.0444,52.7917,3.923]]],
[[[-55.8292,52.7941,3.8241],[-55.8277,52.792,0.0],[-55.8245,52.792,0.908],[-55.8253,52.7937,3.4551],[-55.8292,52.7941,3.8241]]],
[[[-55.905,52.8058,0.0],[-55.9123,52.8067,6.0864],[-55.9198,52.8021,0.656],[-55.9227,52.7994,0.0],[-55.9231,52.7949,3.8824],[-55.9266,52.7926,3.4134],[-55.9071,52.7891,14.1346],[-55.8979,52.789,16.6617],[-55.893,52.7913,0.0],[-55.8946,52.7999,1.06],[-55.9017,52.7998,6.8197],[-55.903,52.8011,4.8927],[-55.9005,52.8019,4.8927],[-55.9019,52.8031,6.1094],[-55.9061,52.8015,20.7799],[-55.9086,52.8028,18.0883],[-55.905,52.8058,0.0]]],
[[[-55.9244,52.7864,0.0],[-55.926,52.7864,0.0],[-55.93,52.7845,1.1591],[-55.9256,52.7847,0.0],[-55.9244,52.7864,0.0]]],
[[[-55.9028,52.7864,1.5927],[-55.9122,52.7881,0.8651],[-55.9044,52.785,0.0],[-55.8978,52.7872,7.3141],[-55.9028,52.7864,1.5927]]],
[[[-55.8822,52.7856,0.4884],[-55.8744,52.7869,0.0],[-55.8772,52.7887,5.8737],[-55.8827,52.787,0.4884],[-55.8822,52.7856,0.4884]]],
[[[-55.9168,52.7885,13.9935],[-55.9201,52.7867,3.2852],[-55.9151,52.7858,10.0598],[-55.913,52.787,0.0],[-55.9134,52.7881,0.8651],[-55.9168,52.7885,13.9935]]],
[[[-55.928,52.7867,4.2432],[-55.9234,52.7894,6.5858],[-55.9257,52.79,6.5858],[-55.9306,52.7878,0.0],[-55.9307,52.7864,0.0],[-55.928,52.7867,4.2432]]],
[[[-55.9272,52.8067,0.0],[-55.9217,52.8078,7.9341],[-55.9178,52.8105,0.0],[-55.9217,52.8108,2.1804],[-55.9328,52.8061,0.0],[-55.9272,52.8067,0.0]]],
[[[-55.8179,52.8074,2.2789],[-55.8195,52.8073,2.2789],[-55.82,52.8069,3.4624],[-55.8161,52.8065,4.0949],[-55.8179,52.8074,2.2789]]],
[[[-55.9067,52.8072,0.4888],[-55.9017,52.8066,0.0],[-55.8972,52.8094,0.9146],[-55.9078,52.8078,0.4888],[-55.9067,52.8072,0.4888]]],
[[[-55.8391,52.8091,1.5897],[-55.855,52.8107,0.0],[-55.865,52.8067,0.0],[-55.8669,52.8042,2.8879],[-55.8596,52.7992,8.616],[-55.8446,52.7995,9.615],[-55.8406,52.7967,0.0],[-55.8349,52.7964,2.0034],[-55.8343,52.7974,2.3292],[-55.8362,52.7984,8.9658],[-55.8336,52.7984,0.0],[-55.8258,52.7951,4.1584],[-55.8236,52.7957,8.0256],[-55.8338,52.8032,5.4675],[-55.8422,52.8053,17.3142],[-55.8333,52.806399999999996,0.0],[-55.8391,52.8091,1.5897]]],
[[[-55.8717,52.8058,1.5192],[-55.8694,52.8053,0.0],[-55.8658,52.8091,4.9451],[-55.8715,52.8084,6.8526],[-55.8728,52.8075,6.8526],[-55.8717,52.8058,1.5192]]],
[[[-55.8715,51.9927,1.4445],[-55.8777,51.995,17.1546],[-55.8916,51.9945,0.0],[-55.8928,51.9854,8.0129],[-55.8919,51.984,8.0129],[-55.8856,51.985,1.8028],[-55.8763,51.9896,5.0569],[-55.8709,51.9874,0.8311],[-55.8715,51.9927,1.4445]]],
[[[-55.8395,51.9843,0.0],[-55.837,51.9899,3.1408],[-55.8428,51.9908,0.0],[-55.8461,51.9896,24.6645],[-55.8452,51.987,26.7476],[-55.8468,51.9839,5.3118],[-55.8542,51.9786,10.0052],[-55.8553,51.9748,5.2146],[-55.8541,51.9709,0.8202],[-55.8509,51.9716,1.4641],[-55.8503,51.9761,11.1832],[-55.8442,51.9827,1.1131],[-55.8395,51.9843,0.0]]],
[[[-55.8529,51.9915,1.408],[-55.8554,51.9928,0.3153],[-55.8563,51.9911,1.408],[-55.8529,51.9888,1.2342],[-55.8517,51.9912,0.3774],[-55.8529,51.9915,1.408]]],
[[[-55.8501,51.992,1.0757],[-55.8477,51.9903,0.0],[-55.846,51.9911,0.0],[-55.8428,51.9969,0.0],[-55.8452,51.9985,0.2318],[-55.8433,52.0,0.0],[-55.8458,52.0012,0.0],[-55.8606,51.9961,0.0],[-55.8549,51.9966,1.8684],[-55.8501,51.992,1.0757]]],
[[[-55.739,52.0736,4.6325],[-55.7339,52.0736,2.7038],[-55.7363,52.0756,1.1689],[-55.7409,52.0732,4.0491],[-55.739,52.0736,4.6325]]],
[[[-55.7264,52.0797,3.8693],[-55.7287,52.0775,14.276],[-55.7282,52.0759,13.1405],[-55.7245,52.076,3.7883],[-55.7264,52.0797,3.8693]]],
[[[-55.6967,52.094,0.0],[-55.6974,52.0911,6.013],[-55.6957,52.0917,0.0],[-55.693,52.0989,0.0],[-55.6952,52.0989,0.0],[-55.6946,52.0961,1.8146],[-55.6967,52.094,0.0]]],
[[[-55.6769,52.1446,0.4342],[-55.6806,52.1446,3.655],[-55.681399999999996,52.1436,0.0],[-55.678,52.1435,0.0],[-55.6769,52.1446,0.4342]]],
[[[-55.6786,52.1559,19.3867],[-55.6756,52.1625,25.9916],[-55.6787,52.1688,0.0],[-55.6846,52.168,0.0],[-55.6862,52.1651,21.2096],[-55.6939,52.1617,0.0],[-55.6829,52.1553,0.0],[-55.6786,52.1559,19.3867]]],
[[[-55.6385,52.1699,15.4369],[-55.6455,52.1727,0.0],[-55.6486,52.1716,5.474],[-55.649,52.1695,3.8289],[-55.6476,52.1653,0.0],[-55.6388,52.1649,1.9378],[-55.637,52.1668,2.4446],[-55.6391,52.1666,7.6909],[-55.6385,52.1699,15.4369]]],
[[[-55.6533,52.1658,2.8454],[-55.6515,52.1642,5.3653],[-55.6503,52.1665,0.7122],[-55.654,52.1669,2.8454],[-55.6533,52.1658,2.8454]]],
[[[-55.6505,52.1722,0.0],[-55.6551,52.1725,29.7538],[-55.6546,52.1737,8.7333],[-55.6567,52.1748,8.2673],[-55.6632,52.1743,2.7865],[-55.6684,52.1733,21.4285],[-55.6702,52.1696,15.9807],[-55.6677,52.1661,7.5231],[-55.6636,52.1661,7.975],[-55.6576,52.1696,7.6192],[-55.6526,52.1686,0.1589],[-55.6499,52.1705,5.474],[-55.6505,52.1722,0.0]]],
[[[-55.6977,52.1856,0.0],[-55.6987,52.1847,1.7349],[-55.6943,52.1847,4.7756],[-55.6944,52.1855,0.0],[-55.6977,52.1856,0.0]]],
[[[-55.6922,52.1947,3.2201],[-55.7138,52.1975,0.693],[-55.7196,52.1943,2.6228],[-55.7204,52.1922,9.9295],[-55.7124,52.189,1.9279],[-55.7016,52.1895,5.4543],[-55.69,52.1925,6.8608],[-55.6922,52.1947,3.2201]]],
[[[-55.6132,52.2201,0.0],[-55.6226,52.2213,5.6578],[-55.6248,52.2208,4.4654],[-55.6162,52.218,1.7137],[-55.6132,52.2201,0.0]]],
[[[-55.6213,52.2236,0.0],[-55.6301,52.2271,0.0],[-55.6349,52.2257,13.2548],[-55.6336,52.2242,5.7912],[-55.6213,52.2236,0.0]]],
[[[-55.6464,52.2291,1.6058],[-55.6418,52.2266,0.0],[-55.6395,52.2273,2.3761],[-55.6434,52.2288,1.6058],[-55.6464,52.2291,1.6058]]],
[[[-55.6955,52.2432,3.2227],[-55.7012,52.243899999999996,1.6099],[-55.7031,52.2429,5.6678],[-55.6968,52.2415,0.0],[-55.6955,52.2432,3.2227]]],
[[[-55.6628,52.2449,10.8773],[-55.6606,52.2423,11.068],[-55.656,52.2426,10.6022],[-55.6525,52.2445,2.7744],[-55.6519,52.2478,3.2436],[-55.6598,52.2499,4.0445],[-55.6628,52.2449,10.8773]]],
[[[-55.6267,52.2518,11.0244],[-55.6293,52.2541,0.0],[-55.639,52.2539,1.7351],[-55.6382,52.2527,10.2873],[-55.6415,52.2513,2.2741],[-55.6418,52.2441,6.8744],[-55.6344,52.2411,5.9353],[-55.6287,52.2441,16.9194],[-55.6258,52.2404,1.1718],[-55.615,52.2437,0.0],[-55.6057,52.2421,11.2765],[-55.6141,52.246,14.5659],[-55.6124,52.2488,15.4528],[-55.6056,52.2479,4.038],[-55.6052,52.2495,1.6432],[-55.6075,52.2524,5.0622],[-55.6267,52.2518,11.0244]]],
[[[-55.6727,52.2665,2.2041],[-55.6765,52.2686,18.3669],[-55.6819,52.2684,3.8488],[-55.6755,52.2651,0.0],[-55.6725,52.265,2.3793],[-55.6727,52.2665,2.2041]]],
[[[-55.6478,52.2581,3.9539],[-55.6544,52.2625,6.3626],[-55.66,52.2622,3.8962],[-55.6593,52.2602,2.8666],[-55.6522,52.2569,0.0],[-55.6478,52.2581,3.9539]]],
[[[-55.6637,52.2515,0.0],[-55.6626,52.2534,0.0],[-55.6671,52.2539,0.8516],[-55.6671,52.2561,0.0],[-55.6769,52.259,4.7348],[-55.6778,52.2613,9.9132],[-55.6804,52.2619,9.9132],[-55.6869,52.2601,9.1916],[-55.69,52.2495,0.0],[-55.6878,52.2458,0.0],[-55.6828,52.2447,0.0],[-55.6637,52.2515,0.0]]],
[[[-55.6889,52.2633,0.0],[-55.6831,52.2665,0.0],[-55.6905,52.274,1.0828],[-55.7122,52.2727,3.6367],[-55.7195,52.2696,5.8052],[-55.7194,52.2664,0.0],[-55.7127,52.2628,0.0],[-55.713,52.2591,0.0],[-55.7079,52.2575,3.589],[-55.6964,52.2584,0.0],[-55.6938,52.2625,5.2935],[-55.6889,52.2633,0.0]]],
[[[-55.6475,52.2699,7.053],[-55.6509,52.2711,14.4983],[-55.65,52.2777,2.2719],[-55.6572,52.2782,7.6962],[-55.6546,52.2723,11.125],[-55.6555,52.2707,0.0],[-55.6519,52.269,8.2183],[-55.6504,52.2661,11.9583],[-55.6546,52.2669,9.4575],[-55.6535,52.2648,10.2444],[-55.6555,52.2647,0.0],[-55.6556,52.2635,1.328],[-55.6512,52.2623,7.5321],[-55.6495,52.2603,1.2644],[-55.6464,52.2604,10.8814],[-55.6465,52.2567,4.4866],[-55.6412,52.2554,0.0],[-55.6365,52.2564,4.417],[-55.6355,52.2585,2.8178],[-55.6275,52.2589,3.7872],[-55.6241,52.2613,6.5122],[-55.6204,52.2613,4.1872],[-55.619,52.2633,8.5091],[-55.6111,52.2633,16.8542],[-55.603,52.2606,13.5114],[-55.5975,52.2627,23.3239],[-55.5851,52.2601,0.0],[-55.5838,52.2622,6.028],[-55.5863,52.2665,16.4548],[-55.5835,52.2695,23.6584],[-55.5884,52.2748,0.913],[-55.5921,52.2761,11.2963],[-55.5958,52.2747,2.1158],[-55.5978,52.2716,15.1577],[-55.5971,52.2751,2.1158],[-55.5989,52.2786,4.4333],[-55.6007,52.2781,4.4333],[-55.6006,52.2731,10.9167],[-55.6028,52.2731,14.0257],[-55.6037,52.2772,0.0],[-55.607,52.275,23.2423],[-55.6109,52.2773,0.0],[-55.6243,52.2751,14.2684],[-55.6263,52.2777,3.6494],[-55.6329,52.2779,2.9391],[-55.6391,52.2746,9.5441],[-55.6416,52.2755,0.0],[-55.6443,52.2744,2.7055],[-55.6452,52.2701,12.448],[-55.6475,52.2699,7.053]]],
[[[-55.9042,52.3378,4.7558],[-55.8952,52.3365,0.0],[-55.8927,52.3385,1.4879],[-55.8968,52.34,10.4509],[-55.9032,52.3393,6.6822],[-55.9042,52.3378,4.7558]]],
[[[-55.9133,52.3404,10.806],[-55.9137,52.3379,2.7302],[-55.9096,52.3386,0.511],[-55.9104,52.3405,1.978],[-55.9133,52.3404,10.806]]],
[[[-55.7478,52.3709,2.2828],[-55.7712,52.3722,0.913],[-55.7687,52.3709,9.2016],[-55.7693,52.3692,3.6217],[-55.7644,52.3679,3.7113],[-55.7629,52.3695,5.6315],[-55.7434,52.3695,2.6356],[-55.7478,52.3709,2.2828]]],
[[[-55.7922,52.3816,3.0754],[-55.7886,52.3813,4.1522],[-55.7879,52.3817,0.6872],[-55.7902,52.3824,1.5625],[-55.7922,52.3816,3.0754]]],
[[[-56.0328,52.3939,0.0],[-56.0352,52.3964,1.0618],[-56.0389,52.3969,0.0],[-56.0369,52.3931,0.0],[-56.0328,52.3939,0.0]]],
[[[-56.0889,52.4105,0.0],[-56.0968,52.4128,0.0],[-56.1039,52.4125,0.0],[-56.1117,52.4097,0.0],[-56.1056,52.4067,0.0],[-56.0945,52.4051,0.0],[-56.0902,52.4061,0.0],[-56.0876,52.4091,0.0],[-56.0889,52.4105,0.0]]],
[[[-55.6376,52.4369,4.0372],[-55.6318,52.4372,2.2386],[-55.6358,52.4391,0.0],[-55.6384,52.4385,4.064],[-55.6376,52.4369,4.0372]]],
[[[-55.6418,52.453,2.0669],[-55.6437,52.4555,0.0],[-55.6476,52.4558,0.0],[-55.6436,52.4525,1.2695],[-55.6418,52.453,2.0669]]],
[[[-55.6592,52.4595,2.6471],[-55.6594,52.4577,0.801],[-55.6577,52.4573,2.1282],[-55.6541,52.4597,2.4955],[-55.6553,52.4602,10.1785],[-55.6592,52.4595,2.6471]]],
[[[-55.7398,52.4555,0.0],[-55.7411,52.4531,0.0],[-55.7387,52.4531,0.1973],[-55.7352,52.4559,6.3028],[-55.7371,52.4562,6.3028],[-55.7398,52.4555,0.0]]],
[[[-55.6721,52.4656,0.5337],[-55.6704,52.464,6.6142],[-55.6669,52.4648,2.0614],[-55.67,52.466,0.0],[-55.6721,52.4656,0.5337]]],
[[[-55.7513,52.4997,6.1692],[-55.7484,52.4995,6.1692],[-55.7474,52.5001,6.1692],[-55.7518,52.5012,3.9589],[-55.7513,52.4997,6.1692]]],
[[[-55.7937,52.5092,13.6955],[-55.7974,52.5106,0.0],[-55.8012,52.5076,3.0503999999999998],[-55.7969,52.5066,2.0653],[-55.7937,52.5092,13.6955]]],
[[[-55.7124,52.4676,16.7609],[-55.7183,52.4692,2.8212],[-55.7217,52.4667,0.4785],[-55.7138,52.4651,0.0],[-55.7124,52.4676,16.7609]]],
[[[-55.7103,52.469,0.0],[-55.7126,52.4693,0.4975],[-55.7129,52.4684,16.7609],[-55.7098,52.4681,2.2776],[-55.7103,52.469,0.0]]],
[[[-55.683,52.4567,16.7853],[-55.684,52.4528,10.8],[-55.6849,52.4563,0.0],[-55.6896,52.4613,4.8691],[-55.6953,52.4625,0.6953],[-55.7011,52.4599,0.0],[-55.6996,52.4529,3.5742],[-55.6965,52.4502,5.1045],[-55.6968,52.4469,2.5193],[-55.6933,52.4433,5.0381],[-55.6939,52.4406,1.2257],[-55.6877,52.4391,2.665],[-55.6855,52.4411,0.0],[-55.6856,52.4429,4.096],[-55.6823,52.4434,0.4731],[-55.6817,52.4464,4.8045],[-55.6794,52.4481,2.8657],[-55.6754,52.4479,3.3672],[-55.667,52.4441,14.8201],[-55.6611,52.4442,8.0647],[-55.6606,52.4455,12.7684],[-55.6562,52.4446,3.6243],[-55.6569,52.4455,3.184],[-55.6556,52.4458,3.184],[-55.6494,52.4431,0.0],[-55.6439,52.4447,4.2517],[-55.6333,52.4425,0.0],[-55.6272,52.4433,0.0],[-55.6309,52.4463,20.5841],[-55.6448,52.4513,0.0],[-55.6623,52.4554,31.4085],[-55.6683,52.4539,3.9728],[-55.6633,52.45,31.2438],[-55.6716,52.4507,8.7067],[-55.6722,52.4547,0.0],[-55.6796,52.4609,0.0],[-55.685,52.4597,5.8809],[-55.683,52.4567,16.7853]]],
[[[-55.7311,52.4586,8.736],[-55.7261,52.4592,10.8265],[-55.7237,52.4633,9.0862],[-55.7303,52.4637,14.5434],[-55.7338,52.4613,0.8674],[-55.7357,52.4567,6.3028],[-55.7332,52.4559,8.1447],[-55.7311,52.4586,8.736]]],
[[[-55.6743,52.4593,6.564],[-55.6704,52.4601,0.0],[-55.6741,52.4614,9.0153],[-55.6753,52.4606,9.0153],[-55.6743,52.4593,6.564]]],
[[[-55.6702,52.4611,4.1765],[-55.6685,52.4625,0.0],[-55.6776,52.4641,0.0],[-55.6769,52.4633,0.0],[-55.6702,52.4611,4.1765]]],
[[[-55.7517,52.3153,0.0],[-55.7477,52.3163,9.1498],[-55.7457,52.3199,7.8218],[-55.7492,52.3205,3.4821],[-55.7543,52.3177,7.4911],[-55.7655,52.3153,30.6361],[-55.7719,52.3125,1.3338],[-55.7762,52.3084,1.3656],[-55.7761,52.3067,7.12],[-55.7648,52.3061,4.0133],[-55.7634,52.3074,0.0],[-55.7646,52.3089,8.6595],[-55.7606,52.3129,14.1891],[-55.7517,52.3153,0.0]]],
[[[-55.7931,52.3249,11.6882],[-55.8033,52.3255,0.0],[-55.8066,52.3231,3.001],[-55.8048,52.3214,2.4812],[-55.7986,52.3209,14.3958],[-55.8001,52.3184,3.013],[-55.7946,52.3168,0.0],[-55.7817,52.3155,8.1063],[-55.7791,52.3173,10.8241],[-55.7785,52.3236,10.1432],[-55.7851,52.3257,0.0],[-55.7931,52.3249,11.6882]]],
[[[-55.755,52.3204,0.0],[-55.7517,52.3204,5.3986],[-55.7541,52.3229,6.0333],[-55.7594,52.3213,1.531],[-55.7591,52.3208,1.531],[-55.755,52.3204,0.0]]],
[[[-55.7433,52.3229,1.0421],[-55.742,52.3213,3.843],[-55.7387,52.3224,0.0],[-55.7392,52.3231,3.2758],[-55.7433,52.3229,1.0421]]],
[[[-56.1573,52.5462,7.8518],[-56.1661,52.5464,11.0283],[-56.1712,52.5436,4.0922],[-56.1839,52.5445,1.2699],[-56.1894,52.5403,0.0],[-56.1774,52.5367,1.1917],[-56.1604,52.537,0.0],[-56.1578,52.5383,0.0],[-56.1567,52.5417,1.0232],[-56.1507,52.5451,0.0],[-56.153,52.5465,6.1227],[-56.1573,52.5462,7.8518]]],
[[[-55.6998,52.5649,2.1287],[-55.7022,52.5667,11.5052],[-55.7076,52.5661,6.6478],[-55.7027,52.5641,14.1539],[-55.6998,52.5649,2.1287]]],
[[[-56.4783,52.5895,2.3436],[-56.4883,52.5931,0.0],[-56.4956,52.5922,0.0],[-56.485,52.5875,0.0],[-56.4767,52.5872,3.8382],[-56.4689,52.5842,0.0],[-56.4606,52.5836,0.0],[-56.465,52.5856,0.0],[-56.4783,52.5895,2.3436]]],
[[[-56.5058,52.5971,3.4333],[-56.5026,52.5964,0.0],[-56.5186,52.6003,0.6201],[-56.515,52.5981,0.0],[-56.5058,52.5971,3.4333]]],
[[[-56.0267,52.6215,8.3076],[-56.0257,52.6213,8.3076],[-56.024,52.6221,2.8139],[-56.0284,52.6223,0.536],[-56.0267,52.6215,8.3076]]],
[[[-55.8445,52.6007,0.0],[-55.8453,52.5993,5.8323],[-55.8405,52.5994,2.7822],[-55.8405,52.5999,2.7822],[-55.8445,52.6007,0.0]]],
[[[-55.8351,52.6039,4.7675],[-55.845,52.6064,6.2723],[-55.8489,52.6047,3.5656],[-55.8494,52.6028,1.8719],[-55.8411,52.6014,0.0],[-55.833,52.6032,0.0],[-55.8351,52.6039,4.7675]]],
[[[-55.8472,52.6142,1.0522],[-55.8572,52.6167,0.0],[-55.8594,52.6161,0.2581],[-55.8578,52.6147,2.8432],[-55.86,52.6133,2.6456],[-55.8656,52.6156,0.0],[-55.8817,52.6111,0.0],[-55.8778,52.6094,2.0803],[-55.8783,52.6067,3.0173],[-55.8744,52.6047,0.6481],[-55.8528,52.5997,2.3156],[-55.8511,52.6019,6.0483],[-55.8528,52.6063,18.637],[-55.8401,52.6086,0.499],[-55.8472,52.6142,1.0522]]],
[[[-55.7456,52.6119,1.1836],[-55.7544,52.6134,15.3198],[-55.7594,52.6125,0.0],[-55.7539,52.6078,0.8458],[-55.7461,52.6047,0.0],[-55.7383,52.6047,0.0],[-55.7322,52.6092,0.0],[-55.7344,52.6119,17.4491],[-55.743899999999996,52.6131,0.0],[-55.7456,52.6119,1.1836]]],
[[[-55.9728,52.5586,0.0],[-55.9706,52.5597,0.0],[-55.9782,52.5606,0.0],[-55.9833,52.5581,0.7112],[-55.9805,52.5569,0.0],[-55.9728,52.5586,0.0]]],
[[[-55.8711,52.5766,0.0],[-55.8673,52.5748,0.0],[-55.8628,52.5753,0.0],[-55.8664,52.5777,1.6404],[-55.8711,52.5766,0.0]]],
[[[-55.7756,52.5572,0.0],[-55.7746,52.5593,2.906],[-55.7761,52.5603,2.906],[-55.7837,52.5613,1.4934],[-55.7867,52.5598,14.628],[-55.7933,52.5608,0.0],[-55.7956,52.5586,0.0],[-55.7939,52.5569,0.0],[-55.7733,52.5547,0.0],[-55.7756,52.5572,0.0]]],
[[[-55.8001,52.5713,5.043],[-55.8097,52.5735,7.5824],[-55.8112,52.5726,0.0],[-55.8092,52.5706,2.8009],[-55.8101,52.5699,1.4596],[-55.8226,52.5688,0.0],[-55.8389,52.5725,0.0],[-55.8478,52.5728,0.0],[-55.8194,52.5622,13.5483],[-55.8066,52.5599,0.0],[-55.7954,52.5631,3.4785],[-55.8025,52.5678,0.0],[-55.7986,52.57,0.0],[-55.8001,52.5713,5.043]]],
[[[-55.7811,52.5675,1.9197],[-55.7872,52.5694,1.0973],[-55.7922,52.5683,0.0],[-55.7856,52.5653,0.0],[-55.7783,52.5647,0.0],[-55.7748,52.5632,5.5621],[-55.7734,52.5608,7.219],[-55.7713,52.5608,7.219],[-55.7722,52.5658,3.1009],[-55.7811,52.5675,1.9197]]],
[[[-55.730478947368418,52.58223684210526,33.5915],[-55.730646031746033,52.582357142857141,33.5915],[-55.7397,52.5859,0.0],[-55.7444,52.5836,0.0],[-55.7317,52.5806,5.356],[-55.73,52.5808,1.8084],[-55.730478947368418,52.58223684210526,33.5915]]],
[[[-55.730646031746033,52.582357142857141,33.5915],[-55.7305,52.5823,33.5915],[-55.730478947368418,52.58223684210526,33.5915],[-55.7289,52.5811,1.8084],[-55.7228,52.5831,16.0979],[-55.7239,52.5875,15.1151],[-55.7322,52.5917,7.691],[-55.735,52.5914,0.0],[-55.7389,52.5883,43.9872],[-55.730646031746033,52.582357142857141,33.5915]]],
[[[-55.7594,52.5851,8.3025],[-55.7591,52.5818,0.0],[-55.755,52.5819,0.3897],[-55.7568,52.585,9.8758],[-55.7594,52.5851,8.3025]]],
[[[-56.0546,52.5855,7.5358],[-56.0522,52.5863,1.8889],[-56.0576,52.586,4.0508],[-56.0559,52.5854,0.0],[-56.0546,52.5855,7.5358]]],
[[[-55.932,52.6116,9.5359],[-55.9493,52.6145,2.433],[-55.9552,52.6125,5.9016],[-55.9615,52.6133,11.3238],[-55.9637,52.6127,3.3059],[-55.9644,52.611,5.0968],[-55.9617,52.6087,16.0549],[-55.9655,52.6046,0.0],[-55.956,52.5997,3.4985],[-55.9494,52.5941,3.071],[-55.9316,52.5924,13.1017],[-55.9027,52.5847,14.2688],[-55.9077,52.5844,6.3951],[-55.9596,52.5951,13.8554],[-55.9654,52.5945,17.4133],[-55.9719,52.5973,0.0],[-55.9789,52.5927,9.8014],[-55.993899999999996,52.5929,6.9204],[-56.0056,52.5908,3.3449],[-56.0093,52.5884,8.4358],[-56.013,52.5882,3.0454],[-56.0212,52.5827,0.0],[-56.0102,52.5785,0.3148],[-55.9966,52.5762,0.4902],[-55.994,52.5745,0.5968],[-55.9963,52.5732,0.4805],[-55.9944,52.5719,0.5137],[-55.9766,52.57,0.0],[-55.9614,52.5723,6.4993],[-55.9487,52.565,0.0],[-55.9135,52.5607,22.3415],[-55.9034,52.5569,0.0],[-55.8936,52.5583,0.0],[-55.8835,52.5645,3.1218],[-55.8822,52.567,0.4654],[-55.8863,52.5693,0.8907],[-55.8731,52.5726,4.6678],[-55.8766,52.576,1.1601],[-55.8806,52.5772,4.0367],[-55.8732,52.5777,2.297],[-55.8727,52.5805,43.6663],[-55.8516,52.5793,7.0335],[-55.8416,52.581,0.0],[-55.8666,52.5883,19.1867],[-55.8743,52.5944,4.0631],[-55.8745,52.5982,2.4696],[-55.8827,52.5966,24.7768],[-55.8905,52.6022,0.0],[-55.9111,52.6016,9.0201],[-55.9169,52.6,19.7127],[-55.9277,52.6014,9.0373],[-55.9232,52.6029,4.9023],[-55.924,52.6054,4.7797],[-55.9172,52.6063,1.2898],[-55.9245,52.6117,3.3472],[-55.932,52.6116,9.5359]]],
[[[-55.7673,52.5987,4.1576],[-55.7722,52.6023,0.9389],[-55.7817,52.6016,7.9179],[-55.7833,52.5988,0.0],[-55.7917,52.5992,0.2918],[-55.7807,52.5944,0.0],[-55.7749,52.5937,0.0],[-55.7667,52.5949,6.8618],[-55.7673,52.5987,4.1576]]],
[[[-55.7522,52.5967,0.0],[-55.7482,52.5985,7.7761],[-55.7537,52.6019,22.3102],[-55.7533,52.6055,0.0],[-55.755,52.6072,0.8458],[-55.7661,52.6039,0.0],[-55.7644,52.6017,1.0094],[-55.7522,52.5967,0.0]]],
[[[-55.822,52.6008,2.6824],[-55.83,52.6028,0.0],[-55.8328,52.6006,2.6029],[-55.8287,52.5962,3.6677],[-55.8239,52.5981,1.7171],[-55.8163,52.5975,10.4891],[-55.8122,52.6003,0.0],[-55.8139,52.6019,7.4028],[-55.822,52.6008,2.6824]]],
[[[-55.7461,52.6707,12.4264],[-55.7448,52.6716,0.0],[-55.7477,52.6733,5.184],[-55.7524,52.6717,6.3743],[-55.7506,52.6707,8.8279],[-55.7461,52.6707,12.4264]]],
[[[-55.9456,52.6945,4.9041],[-55.9526,52.6955,0.0],[-55.9539,52.6928,1.6697],[-55.9494,52.6923,9.54],[-55.9456,52.6945,4.9041]]],
[[[-55.8539,52.7053,12.7482],[-55.8645,52.71,23.8232],[-55.875,52.7119,2.0824],[-55.8772,52.7111,2.0824],[-55.8722,52.7081,1.3111],[-55.8607,52.7059,1.2504],[-55.86,52.7042,7.527],[-55.855,52.7022,8.5261],[-55.8517,52.7025,2.0171],[-55.8539,52.7053,12.7482]]],
[[[-55.8841,52.7103,0.0],[-55.8789,52.7097,0.0],[-55.8805,52.7111,1.1741],[-55.8861,52.7111,0.0],[-55.8841,52.7103,0.0]]],
[[[-56.0081,52.7234,4.6985],[-56.0092,52.7227,0.0],[-56.0044,52.7229,3.1763],[-56.001,52.7256,2.5052],[-56.0036,52.7262,0.6084],[-56.0081,52.7234,4.6985]]],
[[[-55.9647,52.7249,1.0706],[-55.9791,52.7253,5.9666],[-55.9836,52.7212,0.845],[-55.9629,52.7148,0.0],[-55.9577,52.7156,1.9991],[-55.9511,52.7139,2.4567],[-55.9489,52.715,0.0],[-55.9559,52.7168,0.9596],[-55.9467,52.7214,1.0673],[-55.9477,52.7231,1.4712],[-55.9647,52.7249,1.0706]]],
[[[-55.9256,52.7487,0.0],[-55.9222,52.7494,0.0],[-55.9261,52.7509,1.9581],[-55.9289,52.7491,0.0],[-55.9256,52.7487,0.0]]],
[[[-55.7981,52.7679,0.0],[-55.7983,52.7669,0.0],[-55.7967,52.7653,0.0],[-55.7956,52.7675,0.0],[-55.7981,52.7679,0.0]]],
[[[-55.9398,52.7583,4.6142],[-55.942,52.7585,4.9034],[-55.9421,52.7575,4.9034],[-55.9393,52.757,0.522],[-55.9398,52.7583,4.6142]]],
[[[-55.9894,52.7697,3.296],[-55.9915,52.7697,3.0997],[-55.9927,52.7687,0.0],[-55.9889,52.7687,0.9857],[-55.9894,52.7697,3.296]]],
[[[-55.9318,52.7673,0.0],[-55.9387,52.7713,0.3187],[-55.9447,52.7707,0.0],[-55.9477,52.7687,3.8507],[-55.9446,52.7667,1.5133],[-55.9443,52.7638,5.2734],[-55.9336,52.761,3.5912],[-55.9313,52.7614,2.2796],[-55.9294,52.7655,0.0],[-55.9318,52.7673,0.0]]],
[[[-55.9394,52.7381,3.8762],[-55.9361,52.7389,4.1639],[-55.9394,52.7403,9.5338],[-55.9417,52.7392,1.4529],[-55.9394,52.7381,3.8762]]],
[[[-55.9232,52.7411,2.4882],[-55.9212,52.7427,10.5402],[-55.9219,52.7437,10.5402],[-55.93,52.7457,0.0],[-55.9321,52.743,3.5049],[-55.9299,52.7413,2.3499],[-55.9232,52.7411,2.4882]]],
[[[-55.9172,52.7272,0.0],[-55.9167,52.7301,0.686],[-55.9228,52.7297,0.9688],[-55.9239,52.7289,0.9688],[-55.9216,52.7279,10.0052],[-55.9239,52.7261,11.6635],[-55.929,52.7268,5.5735],[-55.9294,52.724,7.5348],[-55.9323,52.7224,3.8708],[-55.9297,52.7215,1.2858],[-55.9279,52.7227,11.7241],[-55.9266,52.7207,5.7058],[-55.9213,52.7208,11.5874],[-55.9139,52.717,4.1707],[-55.9111,52.7175,4.4794],[-55.9122,52.7158,4.1707],[-55.91,52.7148,0.0],[-55.9111,52.7144,0.0],[-55.91,52.7136,1.6114],[-55.9128,52.7133,1.6114],[-55.9167,52.7158,0.0],[-55.9211,52.7156,0.0],[-55.9239,52.7173,0.0],[-55.925,52.7159,0.2605],[-55.9233,52.7125,0.296],[-55.9139,52.7128,1.6114],[-55.9111,52.7108,0.167],[-55.9062,52.7145,6.3114],[-55.895,52.7136,0.0],[-55.8943,52.7158,0.0],[-55.8962,52.7172,0.0],[-55.9172,52.7272,0.0]]],
[[[-55.8161,52.7214,0.0],[-55.8097,52.7215,0.0],[-55.8085,52.7239,0.0],[-55.8096,52.7262,7.2841],[-55.818,52.7309,1.107],[-55.8222,52.7281,7.0223],[-55.8233,52.725,13.5293],[-55.8161,52.7214,0.0]]],
[[[-55.8985,52.7261,1.1666],[-55.8994,52.7247,0.0],[-55.8944,52.7242,0.0],[-55.8972,52.7264,3.1326],[-55.8985,52.7261,1.1666]]],
[[[-55.9112,52.7256,3.6724],[-55.9105,52.7248,12.4095],[-55.9065,52.7253,0.0],[-55.9129,52.7267,3.6724],[-55.9112,52.7256,3.6724]]],
[[[-55.852,52.7265,0.0],[-55.8572,52.7286,41.207],[-55.8555,52.7297,2.4533],[-55.8594,52.7319,22.0031],[-55.8639,52.7283,0.8236],[-55.8617,52.7255,8.6366],[-55.8711,52.7242,0.0],[-55.8667,52.7228,0.0],[-55.8578,52.7233,0.0],[-55.852,52.7265,0.0]]],
[[[-55.9933,52.7289,21.0751],[-55.9878,52.7305,4.2082],[-55.993899999999996,52.7319,11.1128],[-55.9972,52.7297,2.0472],[-55.9933,52.7289,21.0751]]],
[[[-55.8803,52.7339,0.0],[-55.8894,52.7356,0.0],[-55.8905,52.7345,6.5711],[-55.8867,52.7303,11.5156],[-55.895,52.7309,2.9788],[-55.8894,52.7275,6.4933],[-55.8808,52.726,1.2806],[-55.8735,52.729,9.7136],[-55.8803,52.7339,0.0]]],
[[[-55.9585,52.735,1.5251999999999999],[-55.9607,52.7367,0.759],[-55.9705,52.7379,0.0],[-55.9755,52.7361,0.1925],[-55.9699,52.7308,3.7659],[-55.9593,52.732,0.0],[-55.9532,52.7278,0.0],[-55.9497,52.7274,2.6367],[-55.9469,52.7289,0.0968],[-55.9489,52.7297,0.0968],[-55.9474,52.7329,0.0],[-55.9585,52.735,1.5251999999999999]]],
[[[-56.0033,52.7331,5.5714],[-56.0006,52.7353,16.4846],[-56.0086,52.7363,11.0565],[-56.0144,52.7348,6.161],[-56.0175,52.7318,2.5228],[-56.0144,52.7311,1.8709],[-56.0106,52.7333,3.3044],[-56.0033,52.7331,5.5714]]],
[[[-55.8044,52.7369,7.8635],[-55.8028,52.7392,0.0],[-55.8038,52.7426,12.4796],[-55.8097,52.7429,8.1604],[-55.8111,52.7417,36.3674],[-55.8106,52.7385,20.3958],[-55.8154,52.7376,0.0],[-55.8178,52.7336,0.0],[-55.8111,52.7303,9.7877],[-55.8095,52.7283,0.0],[-55.8106,52.7272,0.0],[-55.8083,52.7267,0.0],[-55.8061,52.7283,1.2668],[-55.8072,52.7294,4.0826],[-55.8061,52.7317,19.9604],[-55.8033,52.7333,3.9251],[-55.8044,52.7369,7.8635]]],
[[[-55.9361,52.7364,8.5766],[-55.9428,52.7386,7.4196],[-55.9489,52.7386,11.7765],[-55.9544,52.7364,1.6467],[-55.9489,52.7337,0.0],[-55.9467,52.7351,0.9151],[-55.9456,52.7314,0.0],[-55.9422,52.7303,0.0],[-55.9288,52.734,3.4481],[-55.9361,52.7364,8.5766]]],
[[[-55.9272,52.7358,1.555],[-55.9261,52.7367,0.0],[-55.9289,52.7389,1.0643],[-55.9333,52.7381,0.0],[-55.9306,52.7372,1.3622],[-55.9272,52.7358,1.555]]],
[[[-55.9079,52.7416,5.9534],[-55.9129,52.7411,5.0642],[-55.9167,52.7449,6.1735],[-55.9208,52.7408,0.6367],[-55.9167,52.7391,8.6808],[-55.9178,52.7383,3.3893],[-55.9147,52.7353,0.0],[-55.8981,52.7313,0.0],[-55.8974,52.7329,0.0],[-55.9027,52.7353,16.9395],[-55.903,52.7382,0.0],[-55.9079,52.7416,5.9534]]],
[[[-55.9867,52.7502,4.0706],[-55.9896,52.7496,4.0815],[-55.9907,52.7515,9.8163],[-55.9871,52.7521,0.0],[-55.9886,52.753,7.2381],[-55.9956,52.7541,5.9269],[-56.0039,52.7508,0.8952],[-56.0117,52.7506,0.7096],[-56.0111,52.7475,1.0346],[-56.015,52.7464,0.0],[-56.0083,52.7469,0.8596],[-56.0061,52.7453,0.0],[-56.0016,52.7452,0.8566],[-56.0017,52.7408,0.0],[-55.9956,52.7407,13.0442],[-55.9854,52.7378,0.0],[-55.9676,52.7425,5.3169],[-55.9867,52.7502,4.0706]]],
[[[-55.8744,52.7777,6.9738],[-55.8831,52.7804,14.7018],[-55.8929,52.7782,13.175],[-55.8935,52.7713,1.4489],[-55.8957,52.7679,0.0],[-55.8878,52.7649,0.0],[-55.8916,52.7631,14.5015],[-55.8989,52.7642,0.0],[-55.8967,52.7625,5.5897],[-55.8963,52.7589,1.4902],[-55.8988,52.7565,0.0],[-55.8981,52.753,0.0],[-55.889,52.752,0.0],[-55.885,52.7491,3.7109],[-55.8802,52.7499,0.7657],[-55.871,52.7475,2.7817],[-55.8684,52.7442,7.8106],[-55.8659,52.7436,1.7866],[-55.8552,52.7459,4.1333],[-55.8511,52.7453,0.0],[-55.8486,52.7413,4.0862],[-55.8589,52.7336,0.0],[-55.8471,52.7321,4.871],[-55.846,52.7324,3.0199],[-55.8489,52.7339,8.2189],[-55.846,52.7353,11.7325],[-55.8431,52.7319,21.911],[-55.8443,52.7299,2.3787],[-55.841,52.7268,0.0],[-55.8299,52.7263,6.3958],[-55.8263,52.7306,3.123],[-55.8311,52.7322,10.2232],[-55.8279,52.7341,10.0033],[-55.824,52.7339,21.0345],[-55.818,52.7373,38.0218],[-55.8152,52.7403,0.0],[-55.8146,52.745,30.9052],[-55.8126,52.7452,0.0],[-55.8113,52.7484,16.7071],[-55.8045,52.7545,2.7328],[-55.811,52.7584,1.3432],[-55.8089,52.7602,0.0],[-55.8096,52.7641,18.4891],[-55.8072,52.7647,0.0],[-55.8059,52.7673,34.063],[-55.8024,52.7679,1.3813],[-55.8036,52.7699,21.5346],[-55.806399999999996,52.7684,34.063],[-55.8113,52.7686,27.3741],[-55.8114,52.7718,6.6637],[-55.8128,52.7722,0.0],[-55.8174,52.7699,25.6049],[-55.8209,52.7718,8.1502],[-55.8258,52.7691,2.8062],[-55.8319,52.769,6.7394],[-55.8343,52.7695,11.2288],[-55.8311,52.772,0.0],[-55.831,52.7742,8.7857],[-55.8328,52.7746,8.7857],[-55.8388,52.7751,4.5712],[-55.842,52.7728,15.9119],[-55.8437,52.7757,0.0],[-55.8491,52.7753,31.5492],[-55.85,52.7774,2.042],[-55.8586,52.7754,14.0923],[-55.8666,52.779,0.0],[-55.8744,52.7777,6.9738]]],
[[[-55.972,52.6407,0.0],[-55.9783,52.6422,0.0],[-55.9878,52.6381,2.5508],[-55.9861,52.6356,0.0],[-55.9811,52.6345,3.5443],[-55.975,52.6378,2.4869],[-55.9656,52.6389,1.6244],[-55.972,52.6407,0.0]]],
[[[-55.9889,52.6431,4.6427],[-55.9922,52.6422,0.9305],[-55.9872,52.6406,4.2219],[-55.985,52.6422,0.0],[-55.9861,52.6431,4.7896],[-55.9889,52.6431,4.6427]]],
[[[-55.9757,52.6435,3.901],[-55.9773,52.6427,0.7875],[-55.9704,52.6421,0.0],[-55.9726,52.6441,0.0],[-55.9757,52.6435,3.901]]],
[[[-55.7167,52.5367,1.4099],[-55.7262,52.54,18.5496],[-55.7328,52.5403,1.5241],[-55.7228,52.5347,0.0],[-55.7167,52.5367,1.4099]]],
[[[-55.8482,52.5381,2.4907],[-55.8494,52.5356,9.8387],[-55.8422,52.5359,0.0],[-55.8457,52.5381,0.0],[-55.8482,52.5381,2.4907]]],
[[[-55.9966,52.5314,0.0],[-55.9971,52.5321,0.0],[-56.0,52.5325,1.053],[-56.0,52.5314,0.7281],[-55.9966,52.5314,0.0]]],
[[[-56.0011,52.5345,3.9816],[-55.9988,52.5354,0.0],[-56.0089,52.5378,2.9502],[-56.0167,52.5344,0.8378],[-56.0094,52.5317,0.0],[-56.0011,52.5345,3.9816]]],
[[[-55.9911,52.5283,1.3228],[-55.998,52.5301,9.1283],[-56.0022,52.5295,4.2604],[-56.0,52.5256,12.8528],[-55.9824,52.5195,10.1032],[-55.9785,52.5171,4.8349],[-55.9801,52.5162,0.0],[-55.9774,52.5159,0.4772],[-55.9668,52.5204,0.0],[-55.9685,52.5221,0.0],[-55.9713,52.5206,1.861],[-55.9791,52.5231,24.7073],[-55.9911,52.5283,1.3228]]],
[[[-55.8777,52.5314,0.7028],[-55.8796,52.5294,4.3766],[-55.8767,52.5281,0.0],[-55.8757,52.5308,0.7028],[-55.8777,52.5314,0.7028]]],
[[[-55.9372,52.5245,0.0],[-55.935,52.5261,3.3279],[-55.9367,52.5281,0.0],[-55.9433,52.5256,0.0],[-55.9411,52.5233,0.0],[-55.9372,52.5245,0.0]]],
[[[-55.9006,52.5392,4.391],[-55.8994,52.5414,1.0925],[-55.9028,52.5419,11.6747],[-55.905,52.5392,11.1735],[-55.9117,52.5369,5.5678],[-55.9133,52.5347,5.2393],[-55.9089,52.5325,6.1608],[-55.9011,52.5314,0.0],[-55.8999,52.5281,0.0],[-55.897,52.5263,1.1188],[-55.8893,52.5281,1.45],[-55.89,52.5329,0.0],[-55.8972,52.5356,1.3375],[-55.8972,52.5373,0.0],[-55.9006,52.5392,4.391]]],
[[[-55.9642,52.5536,4.6889],[-55.9795,52.5545,0.6547],[-55.9781,52.5531,0.0],[-55.9792,52.5513,3.5886],[-55.988,52.5488,0.0],[-55.9902,52.5463,0.0],[-55.9798,52.5387,0.0],[-55.9727,52.5351,0.0],[-55.9677,52.5345,0.0],[-55.9644,52.5284,3.417],[-55.9585,52.5255,15.0887],[-55.9412,52.5311,14.1936],[-55.9366,52.53,0.0],[-55.9268,52.5312,2.8373],[-55.9242,52.5351,0.3649],[-55.9312,52.5358,0.0],[-55.932,52.5375,0.0],[-55.9236,52.5405,0.8],[-55.9156,52.5356,1.8346],[-55.9149,52.5393,0.0],[-55.9107,52.5425,2.8624],[-55.914,52.545,0.0],[-55.9083,52.5486,0.9677],[-55.9083,52.5509,0.334],[-55.9144,52.5519,2.7666],[-55.9234,52.5496,2.0906],[-55.9552,52.5543,0.0],[-55.9642,52.5536,4.6889]]],
[[[-56.0594,52.5481,0.9924],[-56.0578,52.55,0.0],[-56.0628,52.5533,15.2513],[-56.0672,52.5531,6.68],[-56.0711,52.5503,0.0],[-56.0706,52.5481,0.0],[-56.0656,52.5461,1.9097],[-56.0594,52.5481,0.9924]]],
[[[-55.7667,52.5478,7.0669],[-55.7767,52.5492,3.1997],[-55.7789,52.5467,0.0],[-55.7678,52.5417,0.0],[-55.7551,52.5426,0.99],[-55.7594,52.545,11.4314],[-55.7595,52.5476,3.1889],[-55.7667,52.5478,7.0669]]],
[[[-55.769,52.5561,3.5638],[-55.7692,52.5542,8.4492],[-55.766,52.5534,0.0],[-55.7643,52.5546,6.9071],[-55.766,52.5557,5.2879],[-55.769,52.5561,3.5638]]],
[[[-56.0833,52.5544,0.0],[-56.0871,52.5522,0.6898],[-56.0875,52.5563,0.7819],[-56.0933,52.5583,24.3924],[-56.1027,52.5581,14.391],[-56.1092,52.5555,2.5387],[-56.1126,52.5519,6.7567],[-56.1048,52.5485,0.0],[-56.0943,52.5508,12.321],[-56.0838,52.5509,4.5098],[-56.07,52.5547,0.0],[-56.0678,52.5567,0.0],[-56.0756,52.5578,0.0],[-56.0833,52.5544,0.0]]],
[[[-55.845,52.5661,0.0],[-55.8567,52.5681,17.5248],[-55.8667,52.5678,1.2753],[-55.8816,52.5614,3.1381],[-55.892,52.5508,0.9531],[-55.8839,52.5482,1.5451],[-55.8805,52.54,1.8273],[-55.8701,52.5362,0.8576],[-55.8635,52.5375,10.7232],[-55.8544,52.5361,1.4472],[-55.8493,52.5405,5.4761],[-55.818,52.5412,4.5874],[-55.8089,52.5439,11.8009],[-55.8072,52.5425,4.5794],[-55.8136,52.5389,0.0],[-55.8274,52.5398,3.777],[-55.8305,52.5385,0.0],[-55.8305,52.5369,0.0],[-55.8215,52.5268,0.0],[-55.8137,52.5299,0.0],[-55.8017,52.5281,0.6889],[-55.7944,52.5286,3.3583],[-55.7939,52.5281,3.3583],[-55.7983,52.5259,2.6238],[-55.795,52.5239,0.4045],[-55.7981,52.5215,6.7965],[-55.7989,52.5192,0.0],[-55.7978,52.5187,0.0],[-55.7866,52.5207,2.3159],[-55.7689,52.5146,0.0],[-55.7628,52.5172,9.1544],[-55.7594,52.5142,0.9509],[-55.7522,52.5172,0.0],[-55.7611,52.5192,4.6747],[-55.7644,52.5247,0.0],[-55.7732,52.5223,10.4768],[-55.779,52.5245,18.1822],[-55.78,52.5251,18.1822],[-55.7766,52.5269,0.0],[-55.7789,52.5292,0.4681],[-55.7783,52.5306,0.0],[-55.7806,52.5317,2.7271],[-55.7844,52.5319,3.4738],[-55.7874,52.5303,4.5072],[-55.7964,52.5333,0.9785],[-55.7898,52.5357,0.6988],[-55.7858,52.5333,1.2489],[-55.78,52.5367,5.2932],[-55.7732,52.5314,2.6572],[-55.7667,52.5305,4.0987],[-55.7629,52.5319,0.0],[-55.7667,52.5381,3.3451],[-55.7778,52.5417,10.1561],[-55.7834,52.5464,10.2092],[-55.7954,52.5483,3.0253],[-55.7928,52.5509,2.5018],[-55.7872,52.5492,2.1491],[-55.7832,52.5501,4.8247],[-55.7858,52.552,8.3287],[-55.8021,52.5567,14.0691],[-55.8133,52.557,3.8612],[-55.8177,52.5543,11.8278],[-55.8189,52.5549,11.8278],[-55.8183,52.5567,9.0289],[-55.8217,52.5583,1.4805],[-55.8301,52.5599,8.7526],[-55.845,52.5661,0.0]]],
[[[-55.8161,52.595,19.5768],[-55.8214,52.5944,8.9666],[-55.8249,52.5967,6.8092],[-55.8351,52.5946,7.8947],[-55.8411,52.5958,1.5368],[-55.8446,52.5933,10.4391],[-55.8406,52.5875,0.0],[-55.8326,52.5835,1.5843],[-55.8196,52.5826,4.8335],[-55.8004,52.5847,4.0063],[-55.7903,52.5836,4.379],[-55.7921,52.5808,4.9742],[-55.7899,52.5792,10.481],[-55.792,52.5754,1.1062],[-55.7909,52.574,1.1062],[-55.774,52.5684,2.8651],[-55.765,52.5636,16.3756],[-55.7711,52.5603,0.0],[-55.7654,52.5567,5.8176],[-55.7533,52.5522,43.0839],[-55.7494,52.5486,0.0],[-55.7417,52.5495,15.893],[-55.7383,52.5469,0.0],[-55.7329,52.5467,6.4504],[-55.7233,52.5428,1.4739],[-55.7128,52.5406,2.5765],[-55.7101,52.5419,0.3643],[-55.7111,52.5461,14.5898],[-55.7156,52.5506,0.0],[-55.7139,52.5539,0.8607],[-55.7161,52.5559,0.0],[-55.7081,52.5612,0.0],[-55.7096,52.5638,4.1427],[-55.7078,52.5658,6.6478],[-55.7128,52.5683,34.8298],[-55.714,52.5724,4.4872],[-55.7199,52.5739,1.7967],[-55.7219,52.5704,42.3676],[-55.7242,52.5733,7.9136],[-55.7299,52.5751,5.9622],[-55.727,52.5757,3.6562],[-55.7274,52.5767,3.6562],[-55.7322,52.5783,8.821],[-55.7333,52.5777,0.8663],[-55.7323,52.5764,5.7563],[-55.7277,52.5726,10.5733],[-55.7406,52.5731,10.7428],[-55.7461,52.5761,3.3607],[-55.7472,52.5784,10.0535],[-55.7457,52.5799,10.8897],[-55.7503,52.5808,3.205],[-55.7474,52.5826,24.9882],[-55.7505,52.5848,5.6422],[-55.7536,52.583,4.3364],[-55.7528,52.5804,4.6971],[-55.7576,52.5783,15.455],[-55.7664,52.5787,12.7123],[-55.7755,52.5827,0.0],[-55.7801,52.5872,0.0],[-55.7832,52.5865,14.997],[-55.7864,52.5879,0.0],[-55.79,52.5854,22.3399],[-55.7936,52.5866,15.164],[-55.7925,52.5894,0.0],[-55.7962,52.5912,16.8468],[-55.8078,52.5947,7.0928],[-55.8161,52.595,19.5768]]],
[[[-55.9956,52.7736,0.5568],[-55.9928,52.7737,0.5568],[-55.9925,52.7751,16.5064],[-55.9983,52.7795,2.5618],[-56.003,52.7793,0.0],[-56.0063,52.7759,14.9687],[-56.005,52.7745,9.9432],[-56.0081,52.7738,0.0],[-56.0,52.7697,0.0],[-55.9955,52.7709,0.0],[-55.9983,52.7719,2.7467],[-55.9956,52.7736,0.5568]]],
[[[-55.9472,52.7792,0.2582],[-55.9567,52.7805,0.0],[-55.9583,52.7797,0.0],[-55.9566,52.7778,1.526],[-55.9577,52.7745,7.3052],[-55.9622,52.7764,3.5621],[-55.9606,52.7783,0.0],[-55.9628,52.78,1.942],[-55.9678,52.7764,0.0],[-55.9644,52.7708,2.156],[-55.9533,52.7683,0.0],[-55.9517,52.77,1.0161],[-55.9555,52.7725,5.7339],[-55.9472,52.7773,2.1606],[-55.9428,52.7772,0.0],[-55.9472,52.7792,0.2582]]],
[[[-55.9283,52.7794,0.0],[-55.9366,52.7817,3.2786],[-55.9394,52.7789,1.9892],[-55.9378,52.7769,5.3541],[-55.9411,52.7753,0.0],[-55.93,52.7714,0.0],[-55.925,52.7728,0.0],[-55.9222,52.7703,0.0],[-55.9172,52.7708,2.6871],[-55.9339,52.7775,3.02],[-55.9283,52.7794,0.0]]],
[[[-55.9144,52.7753,0.0],[-55.9139,52.7775,0.0],[-55.9172,52.7781,10.3048],[-55.9206,52.7811,0.8453],[-55.9239,52.7787,0.0],[-55.9178,52.7759,4.4854],[-55.9144,52.7753,0.0]]],
[[[-55.9439,52.7799,0.3593],[-55.9417,52.7792,4.0622],[-55.9411,52.7819,2.7509],[-55.945,52.7817,0.0],[-55.9439,52.7799,0.3593]]],
[[[-57.2006,54.0736,10.864],[-57.2061,54.0757,0.6543],[-57.21,54.0753,9.6661],[-57.2121,54.0735,2.815],[-57.2083,54.0686,0.0],[-57.1977,54.0676,0.9438],[-57.1911,54.0719,5.5636],[-57.1928,54.0733,2.4471],[-57.2006,54.0736,10.864]]],
[[[-57.199,54.0884,6.5512],[-57.2086,54.0881,3.5297],[-57.2136,54.0861,2.7335],[-57.2146,54.0843,6.7178],[-57.2077,54.0809,8.2276],[-57.1981,54.0808,5.6179],[-57.1964,54.0822,1.1899],[-57.1959,54.0869,0.0],[-57.199,54.0884,6.5512]]],
[[[-55.7108,53.2233,3.1211],[-55.706,53.2239,0.0],[-55.7086,53.2262,9.5849],[-55.7084,53.2319,3.8835],[-55.7065,53.2348,0.6813],[-55.711,53.2388,0.0],[-55.7165,53.2405,0.0],[-55.7207,53.2331,0.0],[-55.7204,53.2304,0.0],[-55.7167,53.2264,0.5059],[-55.7186,53.2243,0.0],[-55.7155,53.2207,7.0247],[-55.7099,53.2189,0.0],[-55.7096,53.2224,1.1574],[-55.7108,53.2233,3.1211]]],
[[[-56.9813,53.7088,41.4077],[-56.9834,53.7029,99.6054],[-56.9915,53.6998,32.6787],[-56.9957,53.6955,22.6781],[-57.0003,53.6947,17.5797],[-57.0109,53.6992,0.3654],[-57.0182,53.697,5.7166],[-57.0222,53.6933,0.8653],[-57.0189,53.6904,2.4916],[-57.0185,53.6866,5.9556],[-57.0222,53.6836,11.2802],[-57.0316,53.6874,0.2448],[-57.0374,53.6869,5.0686],[-57.0499,53.6811,0.0],[-57.0519,53.6773,0.4637],[-57.0594,53.6728,7.7534],[-57.07,53.67,9.0923],[-57.0699,53.6672,7.1532],[-57.0659,53.6633,25.1442],[-57.0676,53.6567,3.5688],[-57.0659,53.655,2.4872],[-57.0521,53.6523,4.6788],[-57.0478,53.6489,1.7106],[-57.045,53.6508,0.5979],[-57.0467,53.6533,2.9069],[-57.0445,53.6542,4.9142],[-57.0378,53.6525,3.3083],[-57.0361,53.65,3.1398],[-57.0557,53.6456,0.2717],[-57.071,53.6466,6.0983],[-57.0747,53.645,3.2469],[-57.0741,53.6423,0.3627],[-57.0655,53.6402,0.17],[-57.06,53.6425,2.5057],[-57.0544,53.6408,1.3504],[-57.0378,53.6419,0.1414],[-57.0317,53.6397,1.2114],[-57.0322,53.6383,1.3407],[-57.0478,53.6401,1.5736],[-57.0728,53.6351,3.4415],[-57.0771,53.6357,0.0],[-57.0852,53.6327,0.0],[-57.0952,53.6322,0.0],[-57.1001,53.6298,25.6375],[-57.114,53.6273,0.0],[-57.1284,53.6301,8.0922],[-57.1426,53.6255,0.0],[-57.1444,53.6215,3.9568],[-57.1429,53.6161,0.0],[-57.1477,53.6119,11.8872],[-57.1488,53.6063,0.0],[-57.1351,53.6005,10.247],[-57.1349,53.5979,7.6727],[-57.1263,53.5959,2.3598],[-57.141,53.5895,0.5819],[-57.1432,53.5858,0.0],[-57.1367,53.5835,11.9284],[-57.1616,53.5663,2.5981],[-57.1648,53.5627,6.6086],[-57.1623,53.5598,2.855],[-57.1592,53.5595,4.2826],[-57.1429,53.5623,23.152],[-57.1279,53.5679,2.0644],[-57.1222,53.5691,5.4594],[-57.1194,53.568,2.642],[-57.1185,53.5622,1.8477],[-57.1201,53.5581,0.0],[-57.1306,53.55,0.0],[-57.1401,53.5382,6.6217],[-57.1702,53.5198,10.391],[-57.1873,53.5137,22.1016],[-57.1935,53.5085,24.1634],[-57.2096,53.5005,1.3362],[-57.2219,53.5021,0.0],[-57.2371,53.4985,6.1028],[-57.241,53.4959,3.7938],[-57.2404,53.4935,28.0529],[-57.2466,53.4889,0.0],[-57.2568,53.4869,6.7814],[-57.266,53.4827,0.0],[-57.2698,53.4793,2.9122],[-57.2715,53.4753,13.458],[-57.2806,53.4699,3.6639],[-57.2879,53.4694,3.5651],[-57.2908,53.4654,6.8518],[-57.2954,53.4637,0.0],[-57.2942,53.4601,0.7032],[-57.2851,53.4566,9.0503],[-57.2867,53.4544,2.5436],[-57.2851,53.4499,8.8668],[-57.2899,53.4471,4.1667],[-57.2858,53.4435,5.8812],[-57.286,53.4405,15.0568],[-57.279,53.439,1.3294],[-57.2718,53.4339,4.608],[-57.2542,53.4311,0.0],[-57.2513,53.4295,5.6994],[-57.2491,53.4249,0.0],[-57.251,53.4244,0.0],[-57.2637,53.4307,0.0],[-57.2752,53.4321,0.0],[-57.2797,53.435,2.1908],[-57.2838,53.4353,4.1768],[-57.2861,53.4322,3.9555],[-57.2894,53.4344,3.1067],[-57.2922,53.4402,2.5445],[-57.2962,53.4413,1.065],[-57.3245,53.4377,5.6956],[-57.3355,53.4287,12.3913],[-57.3512,53.4285,0.4539],[-57.3672,53.4236,6.0873],[-57.3733,53.4261,6.8387],[-57.3687,53.4369,0.0],[-57.3628,53.4427,8.0753],[-57.3489,53.4477,4.983],[-57.3411,53.4478,13.7388],[-57.3263,53.4539,11.3288],[-57.3052,53.4554,1.8773],[-57.3085,53.4613,35.4352],[-57.3064,53.4645,10.1638],[-57.3061,53.4742,20.8252],[-57.3044,53.4767,4.8301],[-57.3082,53.4899,11.5911],[-57.3009,53.4971,0.0],[-57.3024,53.5035,0.0],[-57.2978,53.5077,0.0],[-57.2963,53.5123,1.6395],[-57.299,53.5195,6.0405],[-57.2868,53.5345,5.7301],[-57.2855,53.5397,0.0],[-57.289,53.5406,0.0],[-57.3036,53.5335,6.8469],[-57.3178,53.5311,4.5227],[-57.3299,53.5361,4.0976],[-57.3308,53.5428,4.9089],[-57.3339,53.5453,6.9291],[-57.3433,53.5475,7.2955],[-57.3277,53.5509,13.3186],[-57.3266,53.5497,2.0604],[-57.3278,53.5483,0.0],[-57.3255,53.5475,1.3376],[-57.3233,53.5489,0.0],[-57.324,53.5515,1.18],[-57.322,53.5554,2.1355],[-57.3162,53.5596,2.8839],[-57.3166,53.5627,1.5866],[-57.3107,53.5662,0.0],[-57.3106,53.5686,0.0],[-57.3065,53.5675,3.6071],[-57.3024,53.569,2.2749],[-57.3101,53.5731,6.2931],[-57.3162,53.5704,0.0],[-57.3194,53.5725,1.3546],[-57.3189,53.5742,0.9502],[-57.3236,53.5753,11.0916],[-57.3244,53.5813,3.5035],[-57.3289,53.5834,6.0065],[-57.3302,53.5879,6.2011],[-57.3328,53.5897,0.0],[-57.3223,53.5919,0.0],[-57.3305,53.5947,2.1224],[-57.336,53.5916,2.889],[-57.3381,53.5921,4.1582],[-57.3393,53.5938,3.4132],[-57.3381,53.6004,16.8365],[-57.3479,53.6016,2.898],[-57.3483,53.6039,3.6429],[-57.3517,53.6058,5.4615],[-57.3472,53.6108,0.0],[-57.3539,53.6118,14.3836],[-57.3567,53.6108,1.2604],[-57.36,53.6058,8.2114],[-57.3594,53.6011,1.4454],[-57.3533,53.5961,0.0],[-57.3561,53.5931,2.1458],[-57.373,53.5975,0.2258],[-57.4157,53.5961,1.0967],[-57.421,53.5929,0.0],[-57.4233,53.5853,1.3982],[-57.4273,53.5827,3.0031],[-57.4333,53.5747,0.0],[-57.4437,53.5719,11.7044],[-57.4507,53.5741,0.0],[-57.4505,53.576,0.0],[-57.4474,53.5769,0.0],[-57.4478,53.5805,3.4444],[-57.4297,53.5899,0.0],[-57.4267,53.5942,0.0],[-57.4278,53.5964,0.0],[-57.4265,53.6009,0.0],[-57.4287,53.6025,0.6217],[-57.4277,53.6073,0.9406],[-57.4145,53.6176,2.129],[-57.4157,53.6204,1.6025],[-57.4261,53.6219,6.4155],[-57.4442,53.6177,1.4965],[-57.4626,53.6082,3.2127],[-57.4723,53.6108,2.4004],[-57.476,53.6078,0.8977],[-57.4747,53.605,2.1836],[-57.4785,53.6014,0.9397],[-57.4849,53.6013,2.3999],[-57.4923,53.5986,13.951],[-57.4967,53.5991,0.0],[-57.5052,53.5963,0.7116],[-57.5109,53.5923,0.0],[-57.5161,53.5814,6.1633],[-57.5183,53.5803,11.1395],[-57.5258,53.5793,3.4498],[-57.5333,53.5825,0.0],[-57.5317,53.5836,0.0],[-57.5268,53.5815,0.0],[-57.52,53.5847,0.0],[-57.5159,53.591,2.8051],[-57.5165,53.5947,2.9965],[-57.5066,53.6085,2.2434],[-57.4991,53.6133,0.3998],[-57.4854,53.617,0.0],[-57.4728,53.6235,0.0],[-57.4617,53.6339,11.154],[-57.448,53.6331,3.1222],[-57.4345,53.6295,2.298],[-57.4305,53.6339,1.9233],[-57.425,53.6357,2.2144],[-57.4261,53.6386,0.3315],[-57.4179,53.6435,0.0],[-57.4121,53.6441,1.6448],[-57.3978,53.6493,3.2989],[-57.3742,53.6525,4.6559],[-57.3656,53.6555,16.9835],[-57.3563,53.6557,1.6118],[-57.3533,53.6572,3.329],[-57.3544,53.6592,0.0],[-57.3522,53.6611,2.5712],[-57.3386,53.6656,11.8348],[-57.3301,53.664,6.9414],[-57.3258,53.6649,2.1585],[-57.3197,53.6697,1.2691],[-57.3037,53.6774,11.6481],[-57.2834,53.6778,8.3817],[-57.2663,53.6858,12.804],[-57.2545,53.6891,5.2483],[-57.247,53.6967,5.2823],[-57.232,53.7069,0.0],[-57.2161,53.7095,3.465],[-57.2077,53.7072,0.0],[-57.205,53.7086,0.0],[-57.2089,53.7103,3.548],[-57.2054,53.7116,0.0],[-57.199,53.713,2.7246],[-57.1939,53.712,0.0],[-57.1697,53.7213,1.1916],[-57.1637,53.7221,17.0754],[-57.1567,53.7275,2.1068],[-57.1511,53.7373,6.4643],[-57.1333,53.7322,1.9232],[-57.125,53.7347,0.0],[-57.1267,53.7395,1.8863],[-57.1239,53.7406,2.242],[-57.1183,53.7397,0.8662],[-57.1183,53.7409,0.7161],[-57.1216,53.7417,2.242],[-57.12,53.7464,4.2776],[-57.1272,53.7491,0.7046],[-57.1313,53.7546,2.1592],[-57.1425,53.756,4.0788],[-57.1494,53.7608,0.0],[-57.1539,53.7578,2.9788],[-57.1578,53.76,2.8008],[-57.149,53.7674,6.6279],[-57.1477,53.7738,0.0],[-57.1496,53.7766,3.8703],[-57.1552,53.7773,1.1348],[-57.1584,53.7796,0.0535],[-57.1584,53.7831,0.0],[-57.161,53.7871,2.3277],[-57.1375,53.7919,0.3254],[-57.1275,53.7917,0.1689],[-57.0921,53.8081,1.4755],[-57.1072,53.8133,0.9806],[-57.1214,53.8148,2.2141],[-57.1401,53.8225,0.5819],[-57.145,53.8203,3.06],[-57.1461,53.8178,4.0772],[-57.15,53.8203,0.296],[-57.1444,53.8259,3.6895],[-57.1361,53.8277,7.0361],[-57.1273,53.8249,1.5544],[-57.1224,53.8201,0.0],[-57.0899,53.8169,0.1457],[-57.075,53.8128,3.2331],[-57.0722,53.8092,0.0],[-57.0735,53.8212,5.2571],[-57.0833,53.8301,6.7635],[-57.0894,53.8325,0.0],[-57.1093,53.8363,1.4193],[-57.1368,53.8373,0.0],[-57.1562,53.8431,14.0633],[-57.1636,53.8496,4.4921],[-57.1684,53.8576,3.6454],[-57.1844,53.8597,3.6065],[-57.1923,53.8661,3.191],[-57.2005,53.868899999999996,6.214],[-57.2028,53.8733,5.4418],[-57.2078,53.8758,4.2929],[-57.2072,53.8769,4.2929],[-57.2183,53.8894,1.1995],[-57.2178,53.8917,0.5559],[-57.22,53.8964,0.696],[-57.2222,53.8975,4.3237],[-57.2211,53.898,4.3237],[-57.2228,53.8995,6.1594],[-57.2222,53.9031,1.1637],[-57.2267,53.9139,6.5487],[-57.2239,53.9175,3.496],[-57.2239,53.9214,5.1916],[-57.2217,53.9233,1.5191],[-57.2228,53.9245,11.7948],[-57.22,53.9261,0.5972],[-57.2173,53.9318,1.806],[-57.2056,53.9407,2.2497],[-57.1995,53.9433,0.6231],[-57.1924,53.9429,2.2386],[-57.1834,53.9387,0.0],[-57.1738,53.9366,0.0],[-57.1582,53.9351,0.0],[-57.1321,53.9349,2.1224],[-57.1273,53.94,2.7585],[-57.132,53.9419,14.8367],[-57.1344,53.9405,5.7693],[-57.1582,53.9493,1.0501],[-57.1723,53.9499,11.0907],[-57.1793,53.9555,1.8572],[-57.1842,53.9569,12.0927],[-57.1984,53.9564,3.1008],[-57.2092,53.9529,3.6409],[-57.2339,53.9646,9.5054],[-57.2516,53.9767,9.0939],[-57.2535,53.9817,2.0936],[-57.2617,53.9822,5.6995],[-57.2716,53.9883,5.9957],[-57.2822,53.9987,5.4865],[-57.2899,54.0017,10.5431],[-57.3106,54.0284,1.3567],[-57.3211,54.0461,0.0],[-57.3218,54.051,0.8603],[-57.3253,54.0518,5.1106],[-57.3684,54.0288,81.8761],[-57.3926,54.0036,118.265],[-57.4063,53.9918,155.8065],[-57.4341,53.9927,144.8152],[-57.4927,53.998,127.1133],[-57.5228,53.9958,138.0749],[-57.5501,53.9979,146.7653],[-57.5868,53.9925,101.4678],[-57.6119,53.9785,117.5505],[-57.6726,53.9818,107.4714],[-57.7126,53.9938,130.0488],[-57.7617,53.9977,149.4247],[-57.7872,53.9932,130.0663],[-57.806399999999996,53.9925,165.7848],[-57.8085,53.9888,142.4705],[-57.7952,53.9727,141.4928],[-57.8042,53.9655,138.1181],[-57.8435,53.9589,292.532],[-57.8494,53.9447,247.3137],[-57.9159,53.9436,271.012],[-57.9373,53.9491,351.0403],[-57.9615,53.9508,349.9711],[-57.9666,53.9432,325.1566],[-57.9875,53.9475,310.693],[-57.9935,53.9457,308.7256],[-57.9956,53.9301,318.29],[-57.9884,53.9172,334.8101],[-57.996,53.9045,332.9656],[-57.9952,53.8845,303.0253],[-58.0349,53.8756,361.5419],[-58.0538,53.8802,377.0564],[-58.0586,53.8863,355.3097],[-58.0672,53.8902,367.9562],[-58.0809,53.8891,343.5528],[-58.0965,53.8851,347.3289],[-58.1071,53.8804,339.0919],[-58.1145,53.883,331.2331],[-58.1126,53.8882,328.1732],[-58.1159,53.8908,295.1345],[-58.1168,53.9,321.1075],[-58.1273,53.8928,364.6334],[-58.1373,53.8785,279.7282],[-58.1414,53.877,258.1358],[-58.1523,53.8778,294.1465],[-58.1666,53.8827,320.4316],[-58.1705,53.8905,339.5758],[-58.1803,53.8924,336.7781],[-58.1921,53.8856,348.786],[-58.203,53.8687,346.9629],[-58.2264,53.8602,259.5959],[-58.2202,53.8428,314.2805],[-58.2209,53.8312,295.193],[-58.2406,53.8282,287.5767],[-58.2675,53.8271,310.9429],[-58.3361,53.8335,374.1946],[-58.3443,53.8319,339.9136],[-58.3431,53.828,325.2014],[-58.3178,53.8267,308.1537],[-58.3093,53.8218,388.3223],[-58.2905,53.8055,283.7059],[-58.2843,53.7964,301.7557],[-58.2883,53.7899,318.206],[-58.3247,53.7833,321.714],[-58.3457,53.7738,329.679],[-58.3607,53.7619,355.2747],[-58.3683,53.7449,333.565],[-58.365,53.7364,333.7951],[-58.356,53.7278,348.6928],[-58.3425,53.7246,344.6121],[-58.3142,53.739,337.8293],[-58.2886,53.738,343.1619],[-58.2807,53.7309,347.0147],[-58.3188,53.7174,341.4589],[-58.308,53.7073,338.03],[-58.3156,53.7021,343.8182],[-58.3828,53.6716,362.5996],[-58.3971,53.6613,398.3404],[-58.3889,53.6501,475.3524],[-58.3766,53.639,492.6792],[-58.3641,53.6213,491.6909],[-58.3743,53.6101,428.7357],[-58.4164,53.6067,439.6382],[-58.4238,53.6102,478.1716],[-58.4526,53.6162,466.3486],[-58.4507,53.6377,550.571],[-58.5307,53.6372,1005.8721],[-58.5537,53.65,1168.7518],[-58.574,53.6589,1035.3392],[-58.6586,53.6587,631.5141],[-58.773,53.6643,600.4357],[-58.8206,53.6594,669.6975],[-58.8639,53.6462,725.7346],[-58.9085,53.6194,859.8441],[-58.9282,53.6178,823.5833],[-58.9597,53.603,752.988],[-58.9718,53.5894,808.5132],[-58.973,53.583,712.2523],[-59.0202,53.575,786.0909],[-59.0131,53.5574,785.0866],[-59.0424,53.5482,612.289],[-59.0677,53.5242,719.9578],[-59.1067,53.5091,754.6013],[-59.1306,53.502,723.0471],[-59.1366,53.4844,752.8283],[-59.139,53.4716,777.4659],[-59.1211,53.4567,767.2457],[-59.1263,53.4478,750.9543],[-59.1675,53.4121,626.0029],[-59.2266,53.3944,575.9074],[-59.2331,53.3668,544.2243],[-59.243899999999996,53.3553,579.9586],[-59.2574,53.3452,561.5189],[-59.3067,53.3413,544.1605],[-59.3307,53.3314,512.8817],[-59.3461,53.3297,552.9799],[-59.3479,53.3157,549.8381],[-59.34,53.305,489.1252],[-59.3645,53.3093,543.0442],[-59.3784,53.3145,541.7626],[-59.4,53.3139,553.9037],[-59.4135,53.3116,513.601],[-59.435,53.2886,522.2509],[-59.4363,53.2837,522.8308],[-59.4446,53.2801,543.2668],[-59.4528,53.2809,570.7319],[-59.4566,53.289,548.713],[-59.4702,53.2936,530.4027],[-59.4965,53.2951,548.6657],[-59.5152,53.2819,581.9218],[-59.5286,53.2683,578.5948],[-59.5387,53.2391,540.1599],[-59.5503,53.225,526.4984],[-59.546,53.2138,505.3102],[-59.5221,53.216,492.1029],[-59.5156,53.2134,463.453],[-59.5214,53.2054,476.8203],[-59.5609,53.1952,536.5711],[-59.5893,53.1828,542.6355],[-59.5928,53.1747,516.0012],[-59.5914,53.1456,530.6261],[-59.5749,53.1425,538.7641],[-59.5331,53.1509,530.033],[-59.5107,53.1585,525.7059],[-59.4776,53.1522,544.1699],[-59.4816,53.1453,545.4564],[-59.5284,53.1255,562.2994],[-59.5327,53.1094,535.9883],[-59.5356,53.088,570.5374],[-59.5583,53.0713,546.043],[-59.5634,53.0535,535.6056],[-59.59,53.04,569.8697],[-59.6486,53.0333,565.6333],[-59.6737,53.0255,497.0549],[-59.7006,53.0041,507.8297],[-59.7408,52.9811,508.6758],[-59.757,52.9693,501.4723],[-59.7908,52.9555,497.9639],[-59.7921,52.9475,488.0629],[-59.773,52.928,527.1921],[-59.7561,52.9052,461.0374],[-59.7593,52.8887,476.8319],[-59.7755,52.8789,464.2135],[-59.8109,52.8684,420.1498],[-59.8132,52.8643,437.552],[-59.8075,52.8605,416.3841],[-59.8073,52.8556,422.0347],[-59.8146,52.8512,439.3924],[-59.8183,52.8457,453.7488],[-59.8153,52.8403,419.5605],[-59.807,52.8371,443.2663],[-59.7998,52.8387,434.1545],[-59.7957,52.8358,440.999],[-59.7995,52.8316,466.7092],[-59.8143,52.8253,540.0897],[-59.8251,52.8175,522.9338],[-59.8481,52.8139,455.8328],[-59.8629,52.8077,442.5682],[-59.8783,52.788,426.254],[-59.8899,52.7834,439.0871],[-59.9023,52.785,448.8744],[-59.9224,52.7833,444.2027],[-59.9379,52.7784,422.4887],[-59.9448,52.7665,416.9112],[-59.948,52.7557,495.3723],[-59.9684,52.7379,437.0363],[-59.9141,52.7308,458.3772],[-59.8959,52.7309,460.0675],[-59.8808,52.7277,498.9984],[-59.848,52.7263,472.7141],[-59.833,52.722,476.0839],[-59.8346,52.7166,491.5308],[-59.8551,52.7052,538.8201],[-59.8554,52.6986,498.8501],[-59.8008,52.6837,509.1656],[-59.7374,52.6764,524.3555],[-59.7032,52.6634,493.4122],[-59.6866,52.6586,503.9778],[-59.6389,52.6506,563.3995],[-59.6388,52.6458,548.9991],[-59.6546,52.6401,535.2042],[-59.6561,52.6367,527.7578],[-59.6658,52.6324,523.2092],[-59.6681,52.624,523.3297],[-59.6772,52.6225,517.2855],[-59.6856,52.6179,502.9202],[-59.6826,52.6149,493.2194],[-59.6726,52.6132,497.1366],[-59.6511,52.6142,515.4869],[-59.633,52.6233,543.3076],[-59.5927,52.6324,519.2385],[-59.5875,52.6304,527.9757],[-59.5884,52.6245,548.0584],[-59.6125,52.6184,541.4766],[-59.6135,52.6155,541.6126],[-59.5931,52.61,531.7885],[-59.5906,52.6074,538.0842],[-59.5873,52.5965,530.8279],[-59.586,52.5701,530.0593],[-59.5741,52.5648,532.0519],[-59.5595,52.5619,527.4591],[-59.5188,52.5638,539.0432],[-59.5102,52.5679,526.9533],[-59.5125,52.611,550.262],[-59.5073,52.614,525.0388],[-59.469,52.6257,499.8672],[-59.4535,52.6332,475.6123],[-59.4455,52.6335,474.2227],[-59.4388,52.6292,569.7319],[-59.4258,52.6164,585.0869],[-59.4139,52.6124,575.7689],[-59.396,52.6113,571.4239],[-59.3515,52.6119,522.4366],[-59.3429,52.6149,492.6201],[-59.3352,52.622,515.4825],[-59.3259,52.6249,493.0149],[-59.3165,52.6249,511.9353],[-59.3038,52.6182,483.148],[-59.2935,52.6044,471.6402],[-59.2788,52.5886,461.7762],[-59.271,52.5762,487.7114],[-59.2365,52.5571,550.004],[-59.2237,52.5558,531.0684],[-59.1899,52.5487,539.623],[-59.1739,52.5372,507.7593],[-59.17,52.5223,491.906],[-59.1491,52.5214,522.3311],[-59.1105,52.5257,530.8534],[-59.0763,52.54,551.2349],[-59.0606,52.5436,535.3667],[-59.0497,52.5421,533.7247],[-59.0198,52.5335,525.6624],[-59.0087,52.5233,530.6783],[-59.003,52.514,546.6372],[-59.0022,52.5082,556.8446],[-58.9891,52.4966,563.2297],[-58.969,52.4887,547.5983],[-58.945,52.4901,584.1084],[-58.9369,52.4948,568.8693],[-58.9243,52.4942,538.3539],[-58.9053,52.4899,520.6313],[-58.8893,52.4819,523.5636],[-58.8556,52.4757,523.8635],[-58.8491,52.4769,525.861],[-58.8425,52.4884,548.8384],[-58.8397,52.5015,523.8315],[-58.8362,52.5079,519.6341],[-58.8183,52.4976,522.266],[-58.81,52.495,517.3561],[-58.7985,52.4839,545.123],[-58.7916,52.4812,529.4966],[-58.7816,52.4791,519.6725],[-58.7702,52.4834,533.9031],[-58.7466,52.4827,518.7357],[-58.7308,52.4784,510.3895],[-58.7175,52.4715,497.2191],[-58.6911,52.4721,497.8235],[-58.678,52.4675,503.6427],[-58.6413,52.4636,464.5206],[-58.6347,52.4671,468.5797],[-58.6438,52.4921,476.0084],[-58.6474,52.5004,513.3951],[-58.66,52.5094,476.7225],[-58.6698,52.5213,460.9886],[-58.6716,52.5273,471.9263],[-58.667,52.5304,457.4595],[-58.6656,52.5367,473.5091],[-58.6848,52.5488,437.2607],[-58.6891,52.5596,428.4477],[-58.6898,52.5767,444.5268],[-58.6825,52.5823,496.1339],[-58.6667,52.5798,424.8949],[-58.6491,52.5709,494.8267],[-58.6299,52.5649,432.8444],[-58.6085,52.5639,461.0173],[-58.5935,52.5662,485.8781],[-58.5686,52.5764,436.4061],[-58.5185,52.5799,444.3074],[-58.5165,52.5825,433.775],[-58.5274,52.5906,441.4914],[-58.5351,52.5938,442.3692],[-58.5281,52.6068,425.179],[-58.5313,52.6118,414.4516],[-58.5507,52.6171,424.7356],[-58.5655,52.6281,477.0621],[-58.5678,52.6357,477.2893],[-58.5774,52.6418,447.3702],[-58.5785,52.6467,434.4568],[-58.5739,52.6494,462.7024],[-58.5301,52.6406,407.1155],[-58.5249,52.642,403.7823],[-58.5238,52.6537,421.0614],[-58.5188,52.655,400.349],[-58.4737,52.6523,387.332],[-58.4256,52.6675,381.5582],[-58.4205,52.6732,389.9879],[-58.4458,52.6859,417.0548],[-58.4522,52.6958,410.2421],[-58.4513,52.7033,405.1401],[-58.443,52.7089,401.3022],[-58.4248,52.7119,454.518],[-58.401,52.7128,450.0124],[-58.3864,52.712,424.8319],[-58.3579,52.7066,400.5843],[-58.3386,52.6972,400.1548],[-58.322,52.6868,392.4491],[-58.3123,52.6773,379.1303],[-58.2935,52.6684,375.2941],[-58.2839,52.6593,374.8409],[-58.2606,52.6459,377.4362],[-58.2461,52.6415,374.1894],[-58.2398,52.636,378.4052],[-58.2385,52.6295,373.73],[-58.251,52.62,383.1509],[-58.2519,52.6143,412.2999],[-58.2438,52.6119,417.0375],[-58.2306,52.6131,406.9644],[-58.1982,52.6123,387.07],[-58.1774,52.6054,386.9944],[-58.1774,52.5993,436.5247],[-58.1697,52.5948,438.5106],[-58.153,52.5767,411.7646],[-58.1434,52.5738,394.2198],[-58.12,52.5761,388.7172],[-58.1066,52.5749,387.0026],[-58.0838,52.55,379.4806],[-58.084,52.5405,378.6525],[-58.0824,52.5373,384.5155],[-58.0845,52.5337,384.2301],[-58.0773,52.5269,383.7046],[-58.0633,52.5181,395.2325],[-58.0549,52.5079,403.9911],[-58.054,52.499,426.5778],[-58.047,52.4813,394.3407],[-58.0174,52.4656,431.9211],[-57.9823,52.4396,449.8934],[-57.9644,52.4324,482.3141],[-57.9463,52.4206,471.3526],[-57.9204,52.4135,467.3899],[-57.8657,52.4234,465.8131],[-57.8633,52.4301,479.4808],[-57.872,52.4366,450.1523],[-57.8721,52.4425,449.8624],[-57.8601,52.4425,458.6547],[-57.8464,52.4467,454.237],[-57.8362,52.4547,427.6348],[-57.8355,52.4679,444.0387],[-57.8189,52.4824,447.8668],[-57.8536,52.4962,448.5963],[-57.8504,52.5065,458.5638],[-57.8249,52.5066,467.9323],[-57.7797,52.5004,441.0187],[-57.7712,52.4845,429.5262],[-57.7566,52.4836,452.7827],[-57.7514,52.4847,465.5841],[-57.7316,52.4812,474.3627],[-57.7305,52.4769,469.5412],[-57.7416,52.4628,481.3384],[-57.7583,52.4508,437.2484],[-57.767,52.4345,455.5672],[-57.7688,52.4248,453.1235],[-57.7663,52.419,425.046],[-57.7423,52.4014,417.1658],[-57.7221,52.3839,400.6323],[-57.6937,52.3646,379.4495],[-57.6813,52.3121,380.7537],[-57.6767,52.3105,383.5358],[-57.6445,52.3139,382.6998],[-57.6333,52.3119,382.7469],[-57.6222,52.3073,384.0739],[-57.5699,52.2736,381.9853],[-57.5232,52.234,388.5149],[-57.4851,52.2048,387.1187],[-57.473,52.1845,395.6604],[-57.4674,52.1666,373.6115],[-57.4516,52.1513,361.3271],[-57.4201,52.133,363.366],[-57.4172,52.1277,364.6761],[-57.4179,52.1067,366.8847],[-57.4144,52.0873,374.163],[-57.4083,52.074,373.7518],[-57.4029,52.07,386.5286],[-57.3731,52.0593,368.4061],[-57.3469,52.0539,469.2037],[-57.3406,52.0512,473.1793],[-57.3302,52.0552,436.7778],[-57.2875,52.0843,388.7378],[-57.279,52.092,358.4899],[-57.2709,52.0928,368.9407],[-57.2139,52.0718,389.9048],[-57.1886,52.0588,366.3488],[-57.1807,52.0573,370.1523],[-57.1539,52.059,391.0656],[-57.1342,52.062,403.3642],[-57.1129,52.079,440.9259],[-57.0808,52.0959,473.4139],[-57.0727,52.1063,483.5359],[-57.0253,52.121,448.4777],[-57.0086,52.1289,453.002],[-56.9787,52.1262,413.8246],[-56.9626,52.1348,396.4129],[-56.9472,52.1469,386.0777],[-56.9104,52.1479,412.7759],[-56.878,52.1549,395.828],[-56.8729,52.1624,411.6919],[-56.8804,52.1939,379.5865],[-56.8656,52.2124,388.2549],[-56.8573,52.2165,389.0681],[-56.8535,52.2263,384.9713],[-56.863,52.2361,396.8478],[-56.881,52.2481,401.6277],[-56.8789,52.2516,412.0569],[-56.8322,52.264,413.8954],[-56.7853,52.2676,390.1806],[-56.7788,52.2655,381.7406],[-56.7789,52.2537,368.8442],[-56.7688,52.2365,422.8177],[-56.7254,52.2068,334.1021],[-56.7167,52.2023,326.9809],[-56.7102,52.2022,352.452],[-56.6931,52.2143,374.3847],[-56.678,52.2099,381.0493],[-56.6654,52.1999,316.1402],[-56.6598,52.1986,348.8554],[-56.6554,52.2022,353.2976],[-56.6132,52.2132,371.0397],[-56.598,52.2157,316.9787],[-56.5882,52.2246,318.5922],[-56.5751,52.2253,317.3591],[-56.5622,52.2167,331.3319],[-56.5436,52.2103,285.1714],[-56.5308,52.2091,279.3208],[-56.5181,52.2131,276.3134],[-56.506,52.2143,270.6094],[-56.4909,52.2121,282.2985],[-56.4799,52.2072,272.1954],[-56.4718,52.201,270.8206],[-56.4778,52.1903,276.6406],[-56.4712,52.1707,282.3449],[-56.4648,52.1632,292.0732],[-56.444,52.1585,283.3197],[-56.4251,52.1613,277.688],[-56.3615,52.1516,349.0243],[-56.3235,52.1506,326.0757],[-56.2826,52.138,308.677],[-56.2711,52.1302,295.483],[-56.2558,52.1106,302.9954],[-56.2491,52.1092,309.8047],[-56.2422,52.1108,296.0036],[-56.2219,52.1113,296.2587],[-56.2086,52.1087,299.2767],[-56.2009,52.1093,302.3474],[-56.1947,52.1123,315.7272],[-56.1871,52.1195,347.0571],[-56.1752,52.1252,312.8242],[-56.1659,52.1257,295.1106],[-56.1512,52.1213,295.993],[-56.151,52.1181,309.1814],[-56.17,52.1039,289.2909],[-56.1774,52.0956,284.6291],[-56.1925,52.085,276.592],[-56.1994,52.0753,284.1562],[-56.1831,52.0724,283.4004],[-56.1807,52.0694,315.5354],[-56.182,52.0665,292.5143],[-56.1863,52.0636,289.1014],[-56.1961,52.0607,284.8258],[-56.2163,52.0491,281.8529],[-56.2311,52.0478,298.7668],[-56.2383,52.0368,303.861],[-56.2471,52.0316,306.5161],[-56.2503,52.0263,309.5103],[-56.2474,51.9973,360.2847],[-56.2522,51.9864,322.8364],[-56.2569,51.9802,325.6558],[-56.2575,51.9731,333.5385],[-56.2546,51.9692,362.9372],[-56.2435,51.9667,412.8774],[-56.2193,51.9641,386.0446],[-56.2058,51.9647,351.2094],[-56.1902,51.9692,407.9045],[-56.1548,51.985,294.4868],[-56.1455,51.9856,297.7708],[-56.1246,51.9824,296.1083],[-56.1145,51.9788,260.5237],[-56.0621,51.9775,388.4053],[-56.0362,51.9791,273.1955],[-56.0077,51.9727,290.7625],[-55.9671,51.9604,250.4752],[-55.9239,51.941,6.1804],[-55.9117,51.9465,1.3068],[-55.9094,51.9514,0.0],[-55.9047,51.9524,0.0],[-55.9023,51.9556,1.5765],[-55.8876,51.9631,2.521],[-55.8993,51.9669,3.756],[-55.8961,51.9694,1.1975],[-55.8989,51.9717,8.2975],[-55.8961,51.9728,1.5202],[-55.8983,51.9753,16.2973],[-55.8935,51.9778,5.4335],[-55.8938,51.9832,8.2572],[-55.8981,51.9839,0.0],[-55.9033,51.9797,4.6392],[-55.9083,51.9833,16.6851],[-55.915,51.9847,4.8632],[-55.9219,51.9887,20.8207],[-55.9217,51.993,0.0],[-55.935,51.9961,30.6036],[-55.9428,52.0011,1.462],[-55.9472,52.0064,0.0],[-55.9603,52.0125,0.0],[-55.9848,52.0204,1.6624],[-55.9916,52.0255,0.8675],[-55.9912,52.0275,5.2074],[-55.9695,52.0237,0.0],[-55.961,52.0269,1.4434],[-55.9397,52.0218,1.4872],[-55.9181,52.0044,13.3115],[-55.9039,52.0,0.0],[-55.897,51.9958,0.0],[-55.8819,52.0004,0.0],[-55.8868,52.0021,7.5828],[-55.8862,52.005,6.7551],[-55.8937,52.0107,3.519],[-55.8908,52.0157,0.5851],[-55.8859,52.0157,4.0875],[-55.8752,52.0105,11.6789],[-55.8683,52.0122,5.9994],[-55.8594,52.0119,2.5915],[-55.8678,52.0092,0.2345],[-55.8683,52.0061,5.1804],[-55.8717,52.0053,0.0],[-55.866,52.0038,2.4186],[-55.8556,52.0083,0.0],[-55.8528,52.0058,0.0],[-55.855,52.0044,3.8784],[-55.8524,52.0027,0.0],[-55.841,52.0044,0.5801],[-55.8283,52.0034,-0.0036],[-55.8252,52.0051,0.649],[-55.8272,52.0092,0.0],[-55.8347,52.0104,2.6666],[-55.8331,52.0121,0.0],[-55.8406,52.0119,2.2459],[-55.8422,52.0158,0.0],[-55.8456,52.0183,0.0],[-55.8408,52.0187,0.0],[-55.8371,52.0221,0.0],[-55.8389,52.0225,0.0],[-55.8377,52.0237,0.0],[-55.8236,52.0277,2.4283],[-55.8141,52.0242,5.893],[-55.8167,52.021,3.7241],[-55.8159,52.0204,0.0],[-55.8099,52.0224,2.5439],[-55.8041,52.0217,0.0],[-55.801,52.0235,0.0],[-55.8027,52.0252,0.0],[-55.7903,52.0255,0.0],[-55.7862,52.031,0.0],[-55.7892,52.0319,5.7712],[-55.7823,52.0356,0.0],[-55.7853,52.0377,0.0],[-55.7748,52.0429,0.0],[-55.7759,52.045,0.0],[-55.7749,52.0463,0.0],[-55.7792,52.0465,0.0],[-55.7766,52.0485,0.8549],[-55.7745,52.047,0.0],[-55.7724,52.0479,0.0],[-55.7716,52.0533,0.0],[-55.7724,52.0551,0.0],[-55.7749,52.0553,10.6316],[-55.7753,52.0574,0.0],[-55.7666,52.0624,0.4756],[-55.7687,52.0661,0.0],[-55.7723,52.0681,0.0],[-55.8039,52.0792,8.5907],[-55.7983,52.0825,0.0],[-55.7984,52.0875,0.0],[-55.7999,52.0903,0.0],[-55.8025,52.0912,0.0],[-55.802,52.0923,0.3622],[-55.7995,52.0922,8.9064],[-55.7829,52.0828,0.0],[-55.7694,52.08,0.0],[-55.7661,52.0823,34.8901],[-55.7622,52.0823,37.0135],[-55.7517,52.0799,0.0],[-55.7473,52.0829,4.0526],[-55.7419,52.0818,0.0],[-55.7404,52.0831,0.0],[-55.7417,52.0843,2.7945],[-55.7354,52.0837,0.0],[-55.7333,52.0851,0.1778],[-55.7238,52.0824,6.7406],[-55.724,52.081,4.05],[-55.7195,52.0782,0.0],[-55.7061,52.0819,0.0],[-55.7048,52.0865,2.9422],[-55.6994,52.0878,0.5261],[-55.7009,52.091,18.5649],[-55.6975,52.0942,0.0],[-55.6984,52.0963,2.4909],[-55.7014,52.0971,12.8532],[-55.7009,52.1001,2.7468],[-55.7022,52.1008,0.8704],[-55.6985,52.1052,5.5058],[-55.6993,52.1065,1.3704],[-55.7064,52.1022,8.0185],[-55.7027,52.1094,0.0],[-55.7048,52.1123,6.3453],[-55.699,52.1145,4.141],[-55.6997,52.1183,4.2963],[-55.697,52.121,2.5071],[-55.6972,52.123,1.0347],[-55.6918,52.1274,0.7997],[-55.6932,52.1285,0.7997],[-55.6978,52.1272,2.2777],[-55.7044,52.1292,0.0],[-55.7099,52.1277,10.9283],[-55.7166,52.1329,9.6603],[-55.7133,52.1358,0.0],[-55.716,52.1424,0.0],[-55.7145,52.1476,2.4976],[-55.7155,52.1491,0.0],[-55.7121,52.1543,0.956],[-55.7177,52.1566,8.9837],[-55.7135,52.1605,14.4038],[-55.706,52.1599,0.1126],[-55.7066,52.1615,5.8924],[-55.7047,52.1625,9.3181],[-55.6943,52.1639,12.6889],[-55.6907,52.1664,12.9731],[-55.6913,52.1699,15.6771],[-55.695,52.1719,9.4778],[-55.7037,52.1715,11.5714],[-55.7102,52.1761,0.8457],[-55.714,52.1753,25.3029],[-55.7235,52.1773,11.5867],[-55.7234,52.1793,8.6364],[-55.7208,52.1811,0.0],[-55.7259,52.1853,27.5827],[-55.7436,52.1829,5.1855],[-55.7576,52.1832,4.1917],[-55.7595,52.1869,0.3388],[-55.7514,52.1938,0.0],[-55.755,52.1969,0.0],[-55.7596,52.1987,9.851],[-55.7695,52.199,1.3958],[-55.7795,52.2023,0.0],[-55.7883,52.2019,10.5195],[-55.7796,52.2053,0.0],[-55.7663,52.2075,3.0],[-55.756,52.2169,0.0],[-55.7566,52.2194,5.3035],[-55.7538,52.2225,6.6675],[-55.7499,52.2199,10.6735],[-55.7527,52.218,7.3043],[-55.7513,52.2145,7.8942],[-55.7476,52.2131,0.0],[-55.7433,52.2089,0.295],[-55.7424,52.2054,15.7397],[-55.7454,52.2032,0.0],[-55.7423,52.1997,2.9191],[-55.7275,52.1998,0.0],[-55.72,52.2015,0.0],[-55.7151,52.2065,0.0],[-55.7154,52.2121,1.6251],[-55.7076,52.2161,1.0386],[-55.7025,52.2111,2.0274],[-55.6939,52.2072,8.7216],[-55.6931,52.2018,15.0854],[-55.6866,52.1977,2.7428],[-55.6722,52.2019,0.0],[-55.6704,52.2013,20.9112],[-55.6735,52.1968,1.3581],[-55.6715,52.1953,0.0],[-55.6677,52.1951,0.0],[-55.6639,52.2,4.9931],[-55.6536,52.1959,12.3087],[-55.6481,52.1975,0.0],[-55.6422,52.2084,0.0],[-55.625,52.2108,3.1525],[-55.6224,52.213,0.0],[-55.6238,52.215,0.0],[-55.6202,52.2176,6.7616],[-55.639,52.2203,4.4059],[-55.6501,52.2264,4.552],[-55.6599,52.2247,1.3007],[-55.6616,52.2255,0.0],[-55.6605,52.2288,0.0],[-55.6618,52.2304,0.0],[-55.6688,52.2345,0.0],[-55.6906,52.2336,30.5737],[-55.7106,52.2358,1.4891],[-55.7167,52.2331,6.5825],[-55.7172,52.2364,0.3925],[-55.715,52.2372,0.0],[-55.7166,52.2385,13.8469],[-55.7101,52.2401,0.0],[-55.7057,52.2438,0.0],[-55.7102,52.2483,0.0],[-55.728,52.2534,1.136],[-55.7487,52.2482,11.7589],[-55.7628,52.2471,0.0],[-55.7708,52.2436,17.0199],[-55.7797,52.2424,0.7321],[-55.7817,52.2411,0.3774],[-55.7811,52.2393,0.3705],[-55.7916,52.2322,0.0],[-55.8144,52.2347,1.4208],[-55.8287,52.2304,7.4124],[-55.8427,52.2327,0.0],[-55.8354,52.2357,13.7441],[-55.8291,52.2331,0.0],[-55.8178,52.2357,9.7841],[-55.7943,52.2368,0.0],[-55.787,52.2438,3.9003],[-55.7711,52.2482,0.765],[-55.7789,52.2492,1.1017],[-55.7783,52.2521,1.6739],[-55.7696,52.2553,0.0],[-55.7594,52.2553,0.0],[-55.7568,52.2588,0.0],[-55.7615,52.2614,0.0],[-55.7582,52.2637,0.0],[-55.7508,52.2654,0.0],[-55.743899999999996,52.2636,0.0],[-55.7356,52.264,5.6347],[-55.7259,52.2713,0.0],[-55.7256,52.2759,2.7492],[-55.7175,52.2768,0.0],[-55.7089,52.2806,19.8624],[-55.7058,52.2795,0.4075],[-55.7029,52.2813,0.0],[-55.7061,52.2816,1.8296],[-55.711,52.2885,17.1723],[-55.7205,52.293,2.1689],[-55.7287,52.2937,25.0487],[-55.746,52.2883,0.0],[-55.746,52.2866,20.3485],[-55.755,52.2827,4.0773],[-55.7628,52.2761,11.0528],[-55.7627,52.273,8.3209],[-55.7733,52.271,2.1822],[-55.7794,52.2763,1.0298],[-55.7669,52.2847,0.0],[-55.7738,52.2899,0.0],[-55.792,52.2933,17.7075],[-55.8042,52.2853,20.4995],[-55.8171,52.2455,31.2885],[-55.9017,52.2465,72.5032],[-55.8645,52.3167,54.2838],[-55.8578,52.3252,1.6543],[-55.8723,52.3259,2.0732],[-55.8733,52.328,2.4111],[-55.8822,52.3309,1.4831],[-55.8722,52.3313,0.0],[-55.8692,52.3337,0.0],[-55.8747,52.3332,8.9849],[-55.8822,52.3352,7.2668],[-55.9052,52.3324,0.0],[-55.9082,52.3342,0.8016],[-55.9207,52.3361,5.1378],[-55.9272,52.3409,2.4304],[-55.9278,52.342,2.4304],[-55.926,52.3432,0.0],[-55.9282,52.3444,0.0],[-55.9277,52.346,0.0],[-55.9401,52.3491,0.0],[-55.9682,52.3513,4.2652],[-55.9914,52.3488,1.6546],[-55.9911,52.3504,1.6546],[-55.9829,52.3535,0.0],[-55.9817,52.3571,12.1421],[-55.9693,52.359,5.8261],[-55.9582,52.3569,0.0],[-55.9543,52.3593,0.0],[-55.9583,52.3596,5.7294],[-55.9605,52.3616,0.2828],[-55.9589,52.3641,0.0],[-55.966,52.3694,1.6708],[-55.9751,52.3696,2.1047],[-55.9738,52.3721,13.1775],[-55.9748,52.3739,0.7987],[-55.9805,52.3739,1.2346],[-55.9817,52.3711,3.7481],[-55.9834,52.3709,3.7481],[-55.9923,52.3778,3.1466],[-56.0042,52.3774,4.4374],[-56.0068,52.3817,3.4928],[-56.0132,52.3854,23.0717],[-56.0269,52.3844,3.7074],[-56.0308,52.3876,0.0],[-56.0459,52.3912,23.9733],[-56.0553,52.3953,10.8598],[-56.0589,52.3952,38.3075],[-56.063,52.3978,5.694],[-56.0838,52.3976,2.3257],[-56.0992,52.4023,0.4122],[-56.1042,52.401,2.5933],[-56.1164,52.4031,6.6575],[-56.1285,52.4101,14.4304],[-56.1374,52.4121,0.0],[-56.1376,52.4148,0.0],[-56.1458,52.4197,0.9085],[-56.1592,52.4227,3.0044],[-56.1782,52.4248,0.9694],[-56.19,52.4231,0.4234],[-56.1917,52.4242,4.3393],[-56.1861,52.4256,0.4543],[-56.1941,52.4299,4.7052],[-56.196,52.4385,3.2171],[-56.1984,52.4406,1.4403],[-56.2192,52.4475,0.0],[-56.2417,52.4495,0.0681],[-56.2478,52.4483,3.5238],[-56.2478,52.45,11.5248],[-56.2384,52.4525,22.0893],[-56.2271,52.4525,13.8038],[-56.2116,52.4497,1.4283],[-56.1806,52.4362,2.5928],[-56.1435,52.4315,1.0134],[-56.1281,52.4269,0.0],[-56.1239,52.4236,0.0],[-56.0988,52.4185,0.0],[-56.073,52.4107,7.2051],[-56.0642,52.4046,1.3677],[-56.0498,52.4051,0.4812],[-56.0427,52.4038,4.953],[-56.026,52.3957,0.0],[-56.008,52.3897,6.0261],[-55.955,52.3785,6.7763],[-55.9535,52.3745,3.0167],[-55.9439,52.3738,7.2784],[-55.9379,52.3702,7.6214],[-55.9355,52.3666,0.0],[-55.918,52.3594,6.03],[-55.9066,52.3564,0.9512],[-55.8841,52.3565,0.0],[-55.8636,52.3492,2.0431],[-55.8582,52.3523,21.7725],[-55.8549,52.3492,6.2184],[-55.8332,52.3457,12.2999],[-55.8141,52.3383,0.0363],[-55.8089,52.3384,0.0],[-55.7981,52.3417,6.6538],[-55.7849,52.3384,0.0],[-55.7723,52.3427,4.1332],[-55.7709,52.3412,6.2979],[-55.7748,52.3399,5.251],[-55.7713,52.3393,6.1664],[-55.7682,52.3403,2.6313],[-55.7682,52.3417,6.7637],[-55.7619,52.3428,2.555],[-55.7716,52.3433,4.1332],[-55.7711,52.3471,0.0],[-55.7727,52.3475,0.0],[-55.7765,52.3461,8.9096],[-55.8069,52.3505,0.0],[-55.8124,52.3505,0.0],[-55.8167,52.3487,14.3116],[-55.8227,52.3539,0.0],[-55.8376,52.3542,0.0],[-55.8573,52.357,18.9084],[-55.8606,52.3601,5.6924],[-55.8641,52.3599,6.4925],[-55.8761,52.3638,1.4521],[-55.8759,52.365,1.4521],[-55.8739,52.3664,0.0],[-55.8497,52.3619,0.0],[-55.8206,52.3619,2.8679],[-55.8105,52.3578,2.1535],[-55.784,52.3577,4.9381],[-55.7815,52.3586,0.0],[-55.7827,52.3602,20.9232],[-55.7777,52.3613,0.0],[-55.778,52.3629,0.0],[-55.7931,52.3641,2.9308],[-55.794,52.3657,2.1859],[-55.7887,52.3685,0.9832],[-55.7903,52.3716,0.7943],[-55.7944,52.3739,0.0],[-55.8022,52.3736,16.4648],[-55.805,52.3753,18.6909],[-55.8034,52.3774,0.1737],[-55.8118,52.3799,8.0185],[-55.8343,52.3811,4.6577],[-55.8467,52.3853,5.6187],[-55.8433,52.3863,5.7602],[-55.836,52.385,0.0],[-55.8322,52.3866,3.6899],[-55.8304,52.3843,0.6909],[-55.8219,52.3851,0.0],[-55.8164,52.3822,3.4175],[-55.8131,52.384,6.2062],[-55.7994,52.3819,0.0],[-55.801,52.3838,5.2737],[-55.7983,52.3844,3.5757],[-55.7781,52.3823,17.1086],[-55.7742,52.3803,0.0],[-55.7614,52.3785,0.0],[-55.7459,52.3802,0.0],[-55.7459,52.3829,0.7456],[-55.7441,52.3839,8.159],[-55.7355,52.383,0.0],[-55.7266,52.3849,0.0],[-55.7249,52.3841,0.0],[-55.7322,52.3824,3.577],[-55.7382,52.3787,4.2827],[-55.7259,52.3731,0.0],[-55.7217,52.376,25.7799],[-55.7225,52.3792,34.9564],[-55.7201,52.383,25.7196],[-55.7126,52.3829,27.2172],[-55.704,52.3858,31.8916],[-55.6772,52.3764,28.8731],[-55.6719,52.3732,30.2218],[-55.655,52.3699,97.8712],[-55.6638,52.3525,15.3013],[-55.6488,52.3536,0.0],[-55.6463,52.3573,3.4221],[-55.6341,52.3617,0.0],[-55.635,52.3655,7.6832],[-55.6277,52.3671,0.0],[-55.6317,52.3712,3.4362],[-55.637,52.3735,6.3197],[-55.641,52.3729,6.7997],[-55.6438,52.3754,1.1821],[-55.6427,52.3777,17.1222],[-55.6383,52.3777,0.0],[-55.6319,52.3827,0.9437],[-55.6388,52.3835,63.7769],[-55.6336,52.3841,16.8755],[-55.6311,52.3861,10.4149],[-55.633,52.3877,7.0764],[-55.6374,52.3877,15.8681],[-55.6397,52.3913,3.735],[-55.6479,52.3929,11.1553],[-55.6462,52.3947,0.0],[-55.6483,52.3951,1.7953],[-55.647,52.3971,0.0],[-55.6499,52.3986,18.3762],[-55.6576,52.3984,29.7541],[-55.6587,52.4001,0.0],[-55.6654,52.4025,6.8582],[-55.679,52.4023,0.0],[-55.6855,52.4039,0.0],[-55.6941,52.4024,0.0],[-55.6993,52.409,5.0822],[-55.6795,52.4066,0.0],[-55.6751,52.4077,2.3956],[-55.6644,52.4035,1.284],[-55.6588,52.4041,0.0],[-55.666,52.4066,3.2242],[-55.6649,52.4074,9.5848],[-55.6562,52.4071,10.3489],[-55.6507,52.4086,0.0],[-55.6412,52.4068,0.0],[-55.6347,52.4079,0.0],[-55.6328,52.4122,11.5214],[-55.643,52.4148,27.1417],[-55.6402,52.4167,0.0],[-55.6406,52.4198,14.8543],[-55.6522,52.4269,2.3316],[-55.651,52.4285,0.0],[-55.644,52.4305,17.5791],[-55.6327,52.4263,0.0],[-55.6306,52.4275,9.6721],[-55.6307,52.4298,14.7195],[-55.6286,52.4295,3.4791],[-55.6359,52.4328,7.4696],[-55.6324,52.4346,13.408],[-55.6415,52.4377,6.9334],[-55.6486,52.436,7.5196],[-55.6528,52.4384,35.0847],[-55.6523,52.4405,0.0],[-55.6571,52.4408,5.6947],[-55.6604,52.4437,8.4428],[-55.6702,52.44,3.537],[-55.6762,52.4395,2.3896],[-55.6791,52.4371,0.0],[-55.6941,52.4358,6.422],[-55.6985,52.441,2.306],[-55.6991,52.4453,4.6223],[-55.7044,52.4539,0.0],[-55.7091,52.4528,6.5593],[-55.7127,52.4478,7.02],[-55.7172,52.448,13.0841],[-55.7181,52.4499,2.9552],[-55.7244,52.4472,0.0],[-55.7283,52.4498,0.0],[-55.7276,52.4518,0.0],[-55.7206,52.4547,8.5445],[-55.7239,52.4579,5.3557],[-55.7382,52.4515,5.5556],[-55.76,52.4482,2.1462],[-55.7689,52.4448,5.3913],[-55.773,52.4454,2.0058],[-55.7734,52.4485,0.7704],[-55.7678,52.448,3.679],[-55.7561,52.4521,0.4885],[-55.7581,52.4536,3.7235],[-55.7667,52.4544,8.1064],[-55.7677,52.4561,0.0],[-55.7571,52.4605,6.2009],[-55.7506,52.4579,0.0],[-55.7391,52.4654,0.0],[-55.7412,52.4664,4.787],[-55.748,52.4642,16.8492],[-55.7483,52.4659,6.7717],[-55.7528,52.4667,19.8906],[-55.7552,52.4649,18.0044],[-55.7705,52.4638,0.0],[-55.7767,52.4608,2.4188],[-55.7819,52.4643,1.2223],[-55.7599,52.4685,0.0],[-55.7587,52.471,7.1024],[-55.7512,52.4692,0.0],[-55.7576,52.4747,0.0],[-55.7576,52.4763,9.2403],[-55.7289,52.469,11.1145],[-55.7241,52.4697,3.3305],[-55.7223,52.472,0.5428],[-55.7291,52.4721,3.5153],[-55.7298,52.4731,3.5153],[-55.7274,52.4744,0.6047],[-55.7266,52.4774,1.1909],[-55.7303,52.4787,11.0436],[-55.7389,52.4788,2.5871],[-55.7385,52.4809,0.0],[-55.7424,52.4815,6.6394],[-55.7483,52.4819,7.0951],[-55.7522,52.4804,14.3656],[-55.7521,52.4817,2.8289],[-55.7593,52.4846,5.5265],[-55.7554,52.4849,0.0],[-55.7531,52.487,0.0],[-55.7586,52.4883,10.3864],[-55.7588,52.4905,1.5085],[-55.7627,52.4906,2.1796],[-55.7463,52.4967,0.9704],[-55.7485,52.4984,9.2871],[-55.7563,52.4987,0.0],[-55.7568,52.4976,0.0],[-55.7529,52.4959,12.6563],[-55.7569,52.4951,19.3571],[-55.7664,52.4964,13.8155],[-55.7793,52.5014,10.0388],[-55.7921,52.5014,15.132],[-55.7997,52.4995,9.8149],[-55.797,52.4967,3.4173],[-55.8013,52.4956,1.0085],[-55.8035,52.4989,0.0],[-55.816,52.4988,0.0],[-55.8177,52.5002,1.6897],[-55.8138,52.5046,2.206],[-55.8141,52.5072,2.63],[-55.8227,52.5094,3.3328],[-55.8283,52.5071,0.0],[-55.8299,52.5021,0.0],[-55.8397,52.4977,12.0099],[-55.8403,52.496,0.0],[-55.8375,52.4926,5.2862],[-55.8446,52.4899,11.7449],[-55.8483,52.4852,16.6928],[-55.851,52.4844,3.882],[-55.8522,52.4855,1.4738],[-55.8487,52.4885,0.7051],[-55.852,52.4903,1.4862],[-55.8495,52.4925,0.0],[-55.8588,52.4956,4.6938],[-55.845,52.498,0.0],[-55.8411,52.5013,0.0],[-55.8496,52.5033,7.9121],[-55.85,52.5056,-0.4993],[-55.8536,52.5081,4.6766],[-55.8527,52.5091,3.427],[-55.8462,52.5087,5.5803],[-55.8444,52.5056,6.8116],[-55.8389,52.5048,1.0086],[-55.8406,52.5056,4.9659],[-55.8394,52.5078,0.561],[-55.8433,52.51,0.0],[-55.8393,52.5127,2.4681],[-55.8402,52.515,9.3443],[-55.838,52.517,5.8753],[-55.8433,52.5208,0.0],[-55.8384,52.5241,7.4809],[-55.8408,52.5264,11.9899],[-55.8493,52.5257,2.5477],[-55.8522,52.5221,2.3462],[-55.8655,52.5183,0.0],[-55.856,52.5141,9.0574],[-55.8708,52.5128,12.3692],[-55.8844,52.5141,3.5956],[-55.8889,52.5124,2.1189],[-55.8936,52.5069,25.3845],[-55.9005,52.5101,19.1929],[-55.9127,52.509,0.0],[-55.9178,52.5071,2.2144],[-55.9238,52.5128,0.0],[-55.9343,52.5133,11.3639],[-55.9507,52.5111,16.9012],[-55.9544,52.5087,12.3062],[-55.9604,52.509,2.3705],[-55.9695,52.5033,13.3312],[-55.9723,52.5057,0.0],[-55.9779,52.5071,1.5245],[-55.9823,52.5048,3.5613],[-55.986,52.5091,0.0],[-55.9906,52.5083,12.1795],[-56.0068,52.5125,2.5062],[-55.993899999999996,52.5149,0.0],[-56.005,52.5197,3.1996],[-56.0052,52.5216,1.9999],[-56.0094,52.5237,7.9755],[-56.0172,52.5228,1.7204],[-56.0256,52.5178,4.9678],[-56.0411,52.5175,0.9423],[-56.0517,52.5156,0.0],[-56.0555,52.5131,6.2553],[-56.0606,52.5133,1.9064],[-56.0786,52.5074,0.0],[-56.0807,52.5082,0.0],[-56.08,52.5105,2.0185],[-56.0694,52.5117,0.645],[-56.0739,52.5125,1.5197],[-56.0727,52.5135,1.5197],[-56.064,52.5141,11.0564],[-56.0497,52.5185,0.0],[-56.025,52.5197,1.3577],[-56.0211,52.5228,1.8696],[-56.0328,52.5281,0.7269],[-56.0509,52.5287,8.1177],[-56.0525,52.5303,0.4208],[-56.0428,52.5319,0.0],[-56.04,52.5311,4.0689],[-56.0411,52.53,2.0939],[-56.04,52.5295,2.0939],[-56.0344,52.5298,0.4708],[-56.0328,52.5306,2.0013],[-56.0344,52.5317,5.1093],[-56.0339,52.5355,1.0705],[-56.0306,52.5364,0.0],[-56.0474,52.5419,8.0711],[-56.0898,52.5356,1.912],[-56.1054,52.5401,20.9712],[-56.1142,52.5452,20.5137],[-56.1155,52.5484,0.0],[-56.1183,52.5464,2.047],[-56.1265,52.548,8.5572],[-56.1386,52.5471,0.0],[-56.1535,52.5389,0.0],[-56.1576,52.5331,2.7684],[-56.1678,52.5305,0.0],[-56.1823,52.5353,7.554],[-56.2014,52.5379,5.1651],[-56.2259,52.5377,0.9703],[-56.2285,52.5357,0.5501],[-56.2518,52.5328,4.5487],[-56.2616,52.5343,0.0],[-56.2717,52.5215,129.2626],[-56.283,52.5178,153.9879],[-56.3115,52.5125,143.1424],[-56.338,52.5221,72.3665],[-56.3818,52.5336,166.2305],[-56.3955,52.5474,171.7423],[-56.3928,52.5619,70.6586],[-56.4163,52.5683,3.3537],[-56.4224,52.5722,0.0],[-56.4451,52.5756,2.2476],[-56.4617,52.5819,0.0],[-56.4672,52.5819,3.2792],[-56.4917,52.5886,7.2037],[-56.5046,52.5947,0.0],[-56.5216,52.5967,7.4148],[-56.5344,52.6022,0.0],[-56.5383,52.6022,2.4039],[-56.5367,52.6044,4.024],[-56.5298,52.6037,0.0],[-56.5144,52.6014,4.6211],[-56.5011,52.5969,0.0],[-56.4927,52.5967,0.0],[-56.4405,52.5793,1.3726],[-56.4201,52.5763,1.8846],[-56.4029,52.5753,0.0],[-56.3793,52.5788,14.8289],[-56.3691,52.5821,27.8457],[-56.3435,52.5818,1.8934],[-56.3331,52.5794,6.2028],[-56.3144,52.5719,0.0],[-56.3038,52.5647,1.0968],[-56.3037,52.5619,0.0],[-56.2995,52.5594,2.9797],[-56.2997,52.5581,0.8921],[-56.2626,52.5437,0.0],[-56.2578,52.5429,5.9451],[-56.2293,52.5447,11.8597],[-56.1935,52.5417,0.0],[-56.1844,52.5464,2.1208],[-56.1656,52.5478,3.1198],[-56.1643,52.5505,14.3318],[-56.1499,52.5526,3.7285],[-56.1435,52.5567,2.6163],[-56.1381,52.5579,0.0],[-56.1322,52.5619,0.0],[-56.1417,52.5633,4.4004],[-56.1395,52.5664,4.5319],[-56.1311,52.5697,2.3637],[-56.1318,52.5727,3.6314],[-56.126,52.5708,1.4963],[-56.1202,52.5721,10.0744],[-56.1206,52.5699,0.6306],[-56.1261,52.5675,0.0],[-56.1128,52.5646,3.1351],[-56.0843,52.5711,5.0707],[-56.0694,52.5725,1.588],[-56.0656,52.5706,9.3277],[-56.0688,52.5648,0.0],[-56.0525,52.5595,6.5733],[-56.033,52.5596,0.9093],[-56.0158,52.5547,0.0],[-55.9941,52.5576,1.0992],[-55.9916,52.5602,0.0],[-55.994,52.5639,1.7803],[-55.9901,52.5675,0.0],[-55.9933,52.5713,0.5137],[-56.0261,52.5744,0.9619],[-56.0281,52.5765,1.9189],[-56.0366,52.5784,2.4474],[-56.0399,52.5809,0.2608],[-56.0461,52.5788,0.5327],[-56.0501,52.5737,21.2631],[-56.0628,52.5783,3.5364],[-56.0594,52.5797,0.0],[-56.0606,52.5806,0.0],[-56.0747,52.5819,6.6824],[-56.069,52.5843,8.6953],[-56.0691,52.5823,0.3117],[-56.0617,52.5833,0.6301],[-56.0594,52.5872,0.0035],[-56.0621,52.5881,5.2694],[-56.0585,52.5892,13.427],[-56.0515,52.5878,1.4269],[-56.0486,52.5916,0.4561],[-56.0413,52.5911,2.2134],[-56.0306,52.5938,14.1104],[-56.0242,52.592,0.348],[-56.0202,52.5935,0.0],[-56.0217,52.5963,7.2498],[-56.0161,52.5953,0.0],[-56.0121,52.5969,0.0],[-56.0107,52.5953,0.0],[-56.0042,52.5949,0.0],[-55.9762,52.6023,4.9375],[-55.9807,52.6073,8.9994],[-55.9905,52.6113,22.7016],[-56.0074,52.6177,2.299],[-56.0196,52.62,15.2135],[-56.0181,52.6209,0.0],[-56.0289,52.6208,6.8109],[-56.0367,52.6267,7.6307],[-56.0094,52.6211,4.1324],[-55.9747,52.6061,0.9426],[-55.9734,52.6067,0.0],[-55.9793,52.6101,1.0839],[-55.9735,52.6121,0.9421],[-55.9685,52.6161,3.4803],[-55.9708,52.6202,0.0],[-55.9699,52.6224,1.4922],[-55.9825,52.6278,0.0],[-55.9891,52.6269,1.119],[-55.9941,52.6292,0.0],[-56.0064,52.6287,12.0962],[-56.0116,52.6314,3.5516],[-56.0296,52.6353,5.3775],[-56.0314,52.639,0.8035],[-56.0346,52.6401,2.0257],[-56.0396,52.6391,0.4675],[-56.0642,52.6473,0.0],[-56.0877,52.6525,1.4711],[-56.094,52.653,4.8434],[-56.1077,52.6495,0.0],[-56.1006,52.6464,12.0693],[-56.1022,52.6456,1.9837],[-56.1174,52.649,0.0],[-56.1298,52.6504,34.4462],[-56.1404,52.6483,10.8974],[-56.1491,52.6506,9.0999],[-56.1467,52.6531,2.7033],[-56.1486,52.6551,0.8845],[-56.1422,52.655,0.0],[-56.1411,52.6561,2.2695],[-56.1427,52.6579,7.2323],[-56.1401,52.6589,20.0525],[-56.122,52.6563,0.9218],[-56.1087,52.6595,3.6531],[-56.0999,52.6578,6.4378],[-56.1037,52.6568,0.0],[-56.0631,52.6597,3.5608],[-56.0539,52.6587,0.4658],[-56.0423,52.6547,3.3422],[-56.0355,52.649,0.7263],[-56.0247,52.646,3.6627],[-56.0193,52.6461,6.6398],[-56.0177,52.6455,12.8831],[-56.0208,52.6445,1.8293],[-56.0136,52.642,0.0],[-56.0103,52.6427,0.0],[-56.0119,52.6445,4.0992],[-56.0027,52.6455,5.9607],[-56.0,52.6433,0.0],[-55.9963,52.645,0.0],[-55.993899999999996,52.6483,1.2507],[-55.9989,52.6523,22.0084],[-55.9822,52.6497,0.0],[-55.9744,52.6503,1.3408],[-55.9653,52.6464,2.524],[-55.9318,52.6414,2.6316],[-55.9336,52.6389,0.0],[-55.9423,52.6397,10.8028],[-55.9524,52.6363,4.3295],[-55.9493,52.6306,10.902],[-55.9403,52.6283,12.3676],[-55.9406,52.6246,9.9039],[-55.9272,52.6221,16.4394],[-55.9145,52.6163,0.3985],[-55.903,52.6134,0.0],[-55.8959,52.614,7.9061],[-55.8868,52.6153,0.0],[-55.8733,52.6199,0.0],[-55.8686,52.6185,0.0],[-55.8555,52.6221,20.3657],[-55.8541,52.6193,0.0],[-55.8479,52.6177,6.5021],[-55.8327,52.6069,0.0],[-55.8277,52.6058,2.0331],[-55.8266,52.6074,1.5173],[-55.8278,52.61,4.9825],[-55.825,52.6114,0.0],[-55.8267,52.6128,0.4358],[-55.8252,52.6133,0.0],[-55.8205,52.6114,7.7955],[-55.8255,52.6095,1.923],[-55.8216,52.6065,0.7331],[-55.8022,52.6008,9.789],[-55.7963,52.6022,15.7255],[-55.7849,52.6008,1.9255],[-55.7827,52.6033,6.5661],[-55.7894,52.6063,2.8382],[-55.7888,52.6091,3.447],[-55.7905,52.6107,8.7282],[-55.7986,52.6091,9.7411],[-55.805,52.6124,1.6423],[-55.8014,52.6134,1.2809],[-55.7984,52.6117,0.0],[-55.7917,52.6123,7.8608],[-55.7723,52.6052,0.0],[-55.7655,52.6094,0.0],[-55.7605,52.6105,3.2322],[-55.7652,52.6141,0.0],[-55.7738,52.6138,4.1122],[-55.7638,52.6169,0.0],[-55.761,52.616,0.0],[-55.761,52.6188,8.352],[-55.7555,52.6169,0.0],[-55.7538,52.6177,1.8694],[-55.7589,52.6205,0.0],[-55.7638,52.6208,4.2584],[-55.7679,52.6246,0.0],[-55.756,52.6236,0.0],[-55.7487,52.6293,5.6001],[-55.7647,52.6327,16.1864],[-55.7638,52.6358,0.0],[-55.7595,52.6383,2.3656],[-55.7533,52.6391,0.0],[-55.7693,52.6403,39.94],[-55.7842,52.6382,53.9157],[-55.8022,52.6412,0.0],[-55.798,52.6435,6.0472],[-55.794,52.6414,0.0],[-55.7854,52.6439,9.5888],[-55.7828,52.6426,1.1256],[-55.7769,52.6439,9.0381],[-55.7666,52.6421,11.5208],[-55.761,52.6438,2.7816],[-55.7611,52.6455,1.9173],[-55.7642,52.6468,14.9677],[-55.7628,52.6478,2.0054],[-55.7506,52.6472,11.3032],[-55.7406,52.6507,0.0],[-55.7399,52.6523,0.0],[-55.7433,52.6559,15.8328],[-55.7559,52.6592,11.1415],[-55.7585,52.6611,17.9464],[-55.7591,52.6639,0.5569],[-55.7674,52.6653,41.7619],[-55.7729,52.6683,0.0],[-55.7766,52.6663,8.004],[-55.7816,52.6663,0.0],[-55.7838,52.663,21.9406],[-55.7937,52.6592,5.0931],[-55.8012,52.6531,18.9297],[-55.8152,52.6451,9.0214],[-55.8097,52.6422,10.1656],[-55.8667,52.6387,16.1795],[-55.8747,52.637,26.0874],[-55.8801,52.6334,37.7304],[-55.8871,52.6351,4.4815],[-55.8923,52.6393,0.7827],[-55.8893,52.6409,5.1875],[-55.8833,52.6392,6.6437],[-55.8688,52.6398,0.0],[-55.856,52.6433,0.0],[-55.851,52.6469,0.0],[-55.8449,52.6427,0.0],[-55.8404,52.6454,0.0],[-55.8396,52.6477,0.0],[-55.841,52.6488,19.8074],[-55.8371,52.6499,1.4885],[-55.8388,52.6524,14.7046],[-55.8372,52.6533,2.4681],[-55.8344,52.651,6.759],[-55.8377,52.6485,1.7541],[-55.8331,52.6473,0.0],[-55.8268,52.6518,0.0],[-55.8245,52.6518,15.8974],[-55.8258,52.6501,0.0],[-55.822,52.6485,0.0],[-55.8088,52.6533,0.0],[-55.8088,52.6551,0.0],[-55.8051,52.6564,10.7486],[-55.8055,52.6589,40.1513],[-55.8033,52.6616,15.1624],[-55.796,52.668,16.5742],[-55.7872,52.668,0.0],[-55.7797,52.6709,2.5027],[-55.7766,52.6735,1.4954],[-55.7779,52.6743,5.8265],[-55.7732,52.6749,0.0],[-55.7635,52.6799,0.0],[-55.7644,52.6824,3.4852],[-55.7701,52.6853,58.9266],[-55.7738,52.6854,58.9266],[-55.7677,52.688,0.0],[-55.771,52.6885,34.913],[-55.7729,52.6927,0.0],[-55.7851,52.6912,8.1664],[-55.7838,52.6966,7.9431],[-55.7957,52.6958,1.1382],[-55.7983,52.6973,0.0],[-55.8063,52.6976,15.7097],[-55.8072,52.6999,3.9787],[-55.8169,52.7031,0.2909],[-55.8246,52.695,35.5941],[-55.8338,52.6966,16.3701],[-55.8364,52.6955,1.9509],[-55.8371,52.6915,17.6867],[-55.8431,52.6892,17.4084],[-55.8512,52.6874,0.0],[-55.8556,52.69,4.1435],[-55.8649,52.6919,8.8379],[-55.8833,52.6855,0.0],[-55.8933,52.6842,0.0],[-55.8944,52.6819,10.913],[-55.9017,52.68,9.4039],[-55.9044,52.6823,7.0597],[-55.9022,52.6864,2.7324],[-55.8831,52.6893,0.0],[-55.8831,52.6913,0.0],[-55.8786,52.6956,0.0],[-55.8863,52.6977,0.0],[-55.8958,52.6969,33.313],[-55.9036,52.6982,3.2648],[-55.912,52.6954,20.7617],[-55.9125,52.6899,11.9683],[-55.9157,52.6882,10.2903],[-55.9227,52.6871,0.8112],[-55.9347,52.6823,0.0],[-55.9585,52.6805,0.0],[-55.9643,52.681399999999996,1.6099],[-55.9654,52.6821,3.1563],[-55.9596,52.6878,0.0],[-55.9607,52.6903,0.0],[-55.9555,52.6924,12.0395],[-55.9556,52.6943,8.2301],[-55.9583,52.6953,26.0635],[-55.9574,52.6969,6.7065],[-55.96,52.6989,2.4723],[-55.9731,52.6958,0.0],[-55.9836,52.6998,7.5506],[-55.982,52.7018,0.0],[-55.9784,52.7025,7.0333],[-55.9792,52.7046,0.0],[-55.9823,52.7051,11.4172],[-55.9829,52.7085,0.9096],[-55.988,52.7127,0.0],[-55.9872,52.7139,0.0],[-55.9993,52.7189,6.6149],[-55.9891,52.7205,0.0],[-56.0,52.7231,0.0],[-56.0112,52.7203,2.7235],[-56.0117,52.7178,3.0589],[-56.0094,52.7161,7.2045],[-56.0105,52.7125,22.3911],[-56.0139,52.7097,0.0],[-56.015,52.6997,7.5173],[-56.0167,52.6994,7.5173],[-56.0194,52.7044,3.9904],[-56.0162,52.7081,9.6592],[-56.0172,52.7125,3.992],[-56.0144,52.7175,5.2256],[-56.0152,52.7191,3.3802],[-56.0218,52.7193,3.4955],[-56.0261,52.7178,1.0966],[-56.0478,52.7208,6.9148],[-56.0351,52.7216,0.0],[-56.0401,52.7238,4.451],[-56.036,52.7259,6.76],[-56.0339,52.7253,3.7391],[-56.0341,52.7231,2.2344],[-56.0318,52.7215,0.0],[-56.0225,52.7203,3.4955],[-56.0177,52.7203,3.3802],[-56.0113,52.7229,2.3535],[-56.0116,52.7278,3.4438],[-56.0156,52.7308,2.5228],[-56.025,52.73,11.9152],[-56.0277,52.7269,18.6849],[-56.0311,52.7297,0.0],[-56.0289,52.7322,14.6553],[-56.0172,52.7369,0.0],[-56.0177,52.7389,0.0],[-56.021,52.7384,6.7974],[-56.0198,52.7397,0.0711],[-56.0208,52.7411,0.5293],[-56.03,52.7431,1.1474],[-56.0261,52.745,1.5743],[-56.0272,52.7458,10.3945],[-56.025,52.7481,0.0],[-56.02,52.7495,4.1278],[-56.0172,52.7475,1.7473],[-56.015,52.7481,1.7473],[-56.0139,52.7505,3.0448],[-56.02,52.7519,2.9328],[-56.0139,52.7559,0.0],[-56.0201,52.759,0.0],[-56.0228,52.755,0.1149],[-56.0206,52.7531,0.8043],[-56.0266,52.7525,2.654],[-56.0233,52.7508,1.7159],[-56.025,52.7497,4.5426],[-56.0433,52.75,2.0789],[-56.0417,52.7514,2.1866],[-56.0433,52.7531,0.0],[-56.0511,52.7542,6.1255],[-56.0456,52.7559,8.2267],[-56.0381,52.7543,0.3508],[-56.0386,52.7557,9.1616],[-56.0326,52.7575,0.8841],[-56.0327,52.7592,0.5254],[-56.0473,52.7612,4.3499],[-56.0538,52.7671,0.0],[-56.0619,52.7682,9.7078],[-56.0591,52.7691,0.7819],[-56.0597,52.7703,0.7819],[-56.062,52.7697,6.6349],[-56.0702,52.7741,0.0],[-56.0721,52.7761,2.3096],[-56.0714,52.7796,4.9],[-56.0743,52.7802,14.4048],[-56.0785,52.7849,0.0],[-56.0829,52.7861,2.3648],[-56.0914,52.7858,0.0],[-56.0919,52.7846,0.0],[-56.0828,52.7828,0.0],[-56.0817,52.7792,2.6519],[-56.0794,52.7775,7.1545],[-56.0816,52.7761,1.5212],[-56.0848,52.7771,0.0],[-56.0906,52.7739,4.0831],[-56.0877,52.7725,14.12],[-56.0899,52.7709,3.5885],[-56.0859,52.7689,4.4109],[-56.0844,52.7703,-0.0787],[-56.0839,52.7678,-2.5],[-56.0793,52.7654,46.2307],[-56.0986,52.7445,69.45],[-56.1786,52.7465,117.002],[-56.19,52.7768,177.8717],[-56.1453,52.8014,17.0215],[-56.1539,52.806399999999996,0.0],[-56.1622,52.8033,14.5288],[-56.1672,52.8036,30.4686],[-56.1839,52.8106,8.633],[-56.1754,52.8158,0.9665],[-56.1762,52.8179,0.95009999999999994],[-56.1788,52.8162,4.5173],[-56.1833,52.82,1.5699],[-56.1762,52.8237,1.2695],[-56.1811,52.8287,0.0],[-56.1933,52.8322,0.538],[-56.1833,52.8356,0.0],[-56.19,52.84,0.6537],[-56.1922,52.8389,0.6537],[-56.2005,52.8409,-0.5],[-56.2023,52.8395,2.6111],[-56.2,52.8375,10.1929],[-56.2022,52.8375,11.1045],[-56.2078,52.8431,-0.5],[-56.2022,52.845,1.0267],[-56.2,52.8447,19.3654],[-56.2017,52.8428,-0.5],[-56.1989,52.8414,0.6995],[-56.1867,52.8423,9.3727],[-56.1767,52.8342,0.6045],[-56.1721,52.8323,14.3319],[-56.1709,52.8255,14.886],[-56.1587,52.8199,0.0],[-56.1459,52.8182,7.1034],[-56.1352,52.8115,2.8652],[-56.1226,52.8077,2.8746],[-56.0965,52.8026,9.3126],[-56.0844,52.8044,4.0779],[-56.0795,52.8032,0.4959],[-56.0753,52.8054,0.0],[-56.0704,52.8055,5.7443],[-56.0661,52.8031,1.9373],[-56.0714,52.8025,0.0],[-56.0642,52.7993,1.744],[-56.0511,52.7999,0.8153],[-56.0424,52.797,0.0],[-56.0403,52.7959,11.4181],[-56.0427,52.794,2.2762],[-56.0395,52.7927,11.0085],[-56.043,52.7906,2.8919],[-56.0399,52.7881,0.0],[-56.0368,52.7891,5.3275],[-56.0275,52.7835,0.0],[-56.0246,52.7796,1.6818],[-56.0207,52.7801,3.8254],[-56.017,52.7779,0.0],[-56.0116,52.7803,0.0],[-56.006,52.7801,0.0],[-55.995,52.7831,3.652],[-55.9933,52.7819,0.0932],[-55.9972,52.7797,2.5618],[-55.994,52.7787,0.0],[-55.989,52.7788,3.8428],[-55.9787,52.7823,3.4993],[-55.9831,52.7857,0.0],[-55.9909,52.7861,3.1167],[-55.9966,52.7883,2.5402],[-55.9988,52.7875,5.3299],[-56.0,52.7892,3.2351],[-56.0137,52.7914,13.0795],[-56.0122,52.7919,0.0],[-55.9955,52.7899,0.0],[-55.9836,52.7919,3.1678],[-55.971,52.7863,9.5192],[-55.9533,52.7851,0.0],[-55.9488,52.7818,0.0],[-55.9444,52.7844,8.675],[-55.9405,52.7843,0.0],[-55.9401,52.7882,0.0],[-55.9281,52.7966,0.0],[-55.931,52.7984,1.1916],[-55.9267,52.8033,0.0],[-55.935,52.8036,17.9848],[-55.936,52.8046,17.39],[-55.9349,52.8061,7.737],[-55.9366,52.8066,7.737],[-55.9466,52.8031,13.6194],[-55.9531,52.8045,2.7157],[-55.959,52.8013,6.2019],[-55.9592,52.7967,10.7291],[-55.963,52.7945,18.0681],[-55.9676,52.7939,2.5728],[-55.9733,52.7962,0.844],[-55.9801,52.7942,2.2511],[-55.9862,52.7987,11.9781],[-55.9817,52.8024,0.0],[-55.9883,52.8153,6.3808],[-55.9917,52.8156,0.0],[-55.9922,52.8128,1.4174],[-55.99,52.8111,9.0226],[-55.9911,52.8089,0.4805],[-55.9972,52.81,11.6189],[-55.993899999999996,52.8111,3.0684],[-55.995,52.8139,2.1822],[-55.9912,52.8186,1.4498],[-55.993,52.8209,5.6639],[-55.9885,52.8218,0.9855],[-55.9869,52.824,12.2417],[-55.9801,52.8189,3.68],[-55.9697,52.818,0.7003],[-55.9639,52.82,0.5767],[-55.9638,52.8177,0.4434],[-55.9608,52.8159,0.0],[-55.9562,52.8207,5.6529],[-55.9569,52.8227,1.4169],[-55.9622,52.8252,0.4864],[-55.9632,52.8283,4.2281],[-55.9558,52.8246,0.0],[-55.9484,52.8246,7.3285],[-55.9414,52.8216,0.5894],[-55.9144,52.8183,0.0],[-55.911,52.8191,11.1075],[-55.9103,52.8217,18.6715],[-55.9144,52.8214,4.0697],[-55.9211,52.8245,5.8007],[-55.9156,52.8247,0.0],[-55.9139,52.8267,0.0],[-55.915,52.8289,10.5061],[-55.9122,52.8294,7.5125],[-55.9079,52.8259,0.0],[-55.9106,52.8239,0.0],[-55.905,52.8233,0.0],[-55.9001,52.8291,6.3168],[-55.9038,52.833,4.318],[-55.906,52.8299,5.0444],[-55.9093,52.8299,4.2586],[-55.9055,52.8349,0.0],[-55.9083,52.8385,27.0869],[-55.9049,52.8402,0.0],[-55.9272,52.8505,6.6115],[-55.9217,52.8508,7.2942],[-55.9172,52.8539,25.9224],[-55.9155,52.853,44.0291],[-55.9166,52.8505,5.5507],[-55.9005,52.8411,0.0],[-55.9005,52.8394,0.0],[-55.8955,52.8372,8.4286],[-55.8966,52.8349,0.0],[-55.8955,52.8329,13.3878],[-55.8921,52.8313,0.0],[-55.8873,52.833,25.9853],[-55.8983,52.8419,10.3022],[-55.8966,52.8435,0.0],[-55.8784,52.8359,16.3418],[-55.8527,52.8288,10.3096],[-55.8494,52.8294,1.1877],[-55.8522,52.8336,0.0],[-55.8434,52.8343,0.0],[-55.8412,52.8361,3.6869],[-55.8411,52.8384,7.6036],[-55.8492,52.8402,25.1338],[-55.851,52.8425,6.1774],[-55.8656,52.8481,3.5822],[-55.868899999999996,52.8472,1.3558],[-55.86,52.8428,14.5626],[-55.8633,52.8414,7.8992],[-55.8639,52.8433,19.9091],[-55.8678,52.845,6.683],[-55.8694,52.8445,0.8979],[-55.8683,52.8436,20.3144],[-55.8717,52.8442,6.3811],[-55.8733,52.8473,11.6305],[-55.8678,52.85,0.0],[-55.8722,52.8523,0.9275],[-55.8722,52.8537,0.9275],[-55.8678,52.8533,4.3049],[-55.8644,52.8505,8.4763],[-55.865,52.8492,0.0],[-55.8594,52.8483,0.0],[-55.8565,52.8494,3.1756],[-55.8516,52.8485,0.0],[-55.85,52.851,23.4537],[-55.8453,52.8493,22.4515],[-55.8348,52.8417,4.3916],[-55.8183,52.835,0.0],[-55.8111,52.8339,0.0],[-55.8124,52.8364,3.3962],[-55.805,52.8371,31.4647],[-55.8065,52.8404,4.0187],[-55.8035,52.8427,12.3861],[-55.806399999999996,52.8458,15.4556],[-55.8051,52.8472,11.1326],[-55.8081,52.8492,0.0],[-55.8075,52.8509,0.0],[-55.8125,52.8569,11.7461],[-55.8088,52.8583,0.0],[-55.8095,52.8607,5.7788],[-55.8081,52.8624,0.0],[-55.8116,52.8666,12.0929],[-55.8095,52.8687,0.0],[-55.8102,52.8717,0.5607],[-55.8079,52.8721,0.0],[-55.8135,52.8752,54.3437],[-55.8158,52.8791,23.6659],[-55.8147,52.8804,0.0],[-55.8099,52.8794,0.0],[-55.8083,52.8811,0.0],[-55.8123,52.8864,4.0053],[-55.8126,52.8898,2.058],[-55.8242,52.8889,2.1086],[-55.8259,52.8936,13.7099],[-55.8331,52.8987,3.4731],[-55.84,52.8961,0.0],[-55.8367,52.8911,5.6626],[-55.8367,52.8867,1.9977],[-55.8389,52.8844,5.5462],[-55.84,52.8897,13.2442],[-55.8445,52.8922,0.0],[-55.8494,52.8922,0.0],[-55.85,52.8955,4.2786],[-55.8411,52.8978,5.9529],[-55.8394,52.8997,0.0],[-55.8404,52.9016,9.341],[-55.8377,52.9027,0.0],[-55.8411,52.9045,11.0274],[-55.8368,52.9063,3.1194],[-55.8369,52.9087,8.5712],[-55.8427,52.9133,8.5493],[-55.8505,52.9108,3.6956],[-55.8615,52.903,17.5029],[-55.8686,52.9013,2.7228],[-55.861,52.9089,29.4461],[-55.8509,52.9117,3.6956],[-55.8547,52.9159,1.0262],[-55.8533,52.9171,4.0304],[-55.8549,52.9188,6.6692],[-55.8472,52.9189,15.3441],[-55.8433,52.9206,0.0],[-55.8406,52.9233,0.0],[-55.8428,52.9253,10.3411],[-55.8417,52.9267,2.4919],[-55.849,52.9307,1.8194],[-55.8552,52.929,1.9584],[-55.8613,52.9316,14.2834],[-55.8618,52.934,1.5973],[-55.8727,52.938,4.8521],[-55.8878,52.9381,0.87],[-55.9033,52.9319,11.1803],[-55.9061,52.9336,20.6936],[-55.9056,52.9356,0.8539],[-55.8928,52.9386,0.0],[-55.8983,52.9411,0.5359],[-55.9011,52.9403,10.5015],[-55.9022,52.9425,1.1034],[-55.8956,52.9447,1.7546],[-55.895,52.9467,0.0],[-55.8916,52.9461,0.5962],[-55.8869,52.9487,0.0],[-55.9011,52.9525,4.5262],[-55.9022,52.9536,4.5262],[-55.8994,52.9553,0.0],[-55.9,52.9578,39.7297],[-55.9072,52.9603,23.0197],[-55.9011,52.9603,0.0],[-55.8928,52.9572,6.6349],[-55.8917,52.9544,4.5397],[-55.8978,52.9556,10.0346],[-55.8978,52.9542,0.0],[-55.8911,52.9514,0.0],[-55.8839,52.9544,3.5422],[-55.8871,52.9583,2.1564],[-55.8797,52.9616,0.0],[-55.8719,52.961,5.7869],[-55.8693,52.9634,0.0],[-55.8756,52.9664,6.4562],[-55.8804,52.9656,0.0],[-55.8821,52.9693,0.0],[-55.8869,52.9712,9.388],[-55.8989,52.9695,6.5827],[-55.9182,52.9747,10.7905],[-55.9145,52.9761,2.454],[-55.9118,52.9827,1.7251],[-55.9154,52.9861,0.0],[-55.9161,52.9895,10.3547],[-55.9218,52.9933,14.4664],[-55.9255,52.9921,6.848],[-55.9228,52.9887,1.1326],[-55.9239,52.9857,1.5433],[-55.9265,52.9846,23.6055],[-55.9363,52.9861,7.2005],[-55.9393,52.9848,11.7851],[-55.9449,52.9851,7.0408],[-55.9433,52.9869,0.0],[-55.9488,52.9916,0.0],[-55.9466,52.9944,6.1299],[-55.9415,52.9915,0.0],[-55.9357,52.9924,14.0196],[-55.9322,52.9947,1.6779],[-55.9317,52.9925,0.0],[-55.9281,52.9913,0.0],[-55.9265,52.9925,2.6017],[-55.9285,52.9951,8.7406],[-55.9095,52.9963,3.0426],[-55.8952,52.9877,2.1142],[-55.8888,52.9864,0.0],[-55.8838,52.9871,6.9808],[-55.8827,52.9863,3.2884],[-55.885,52.9859,0.0],[-55.8818,52.9839,0.3065],[-55.8703,52.9843,8.5642],[-55.8665,52.9828,1.8658],[-55.8602,52.9858,1.3624],[-55.8605,52.9877,3.8104],[-55.8581,52.9896,0.0],[-55.8594,52.9921,0.0],[-55.8642,52.9943,4.9024],[-55.8681,52.9978,0.0],[-55.8684,53.0,0.0],[-55.8799,53.0027,1.661],[-55.8839,53.0056,5.3034],[-55.8844,53.0067,5.3034],[-55.8806,53.0089,0.0],[-55.8906,53.0092,0.0],[-55.8992,53.0115,8.4985],[-55.9085,53.0071,2.0311],[-55.9111,53.0109,0.0],[-55.9284,53.0134,11.058],[-55.9434,53.0091,1.5882],[-55.944,53.0051,5.4225],[-55.9472,53.0004,6.2045],[-55.9667,53.0009,0.0],[-55.9922,52.9919,34.952],[-55.9956,52.9936,2.2377],[-55.9878,52.9978,0.0],[-55.9856,53.0019,0.0],[-55.9954,53.0009,4.3738],[-55.9925,52.9979,15.2164],[-56.0106,53.0029,1.5135],[-56.0261,53.0019,12.8402],[-56.03,53.0038,0.0],[-56.0311,53.0,7.813],[-56.0349,52.9982,12.3516],[-56.0412,52.9985,9.007],[-56.0441,52.9963,3.0012],[-56.0559,52.9954,34.1702],[-56.0651,52.9966,11.1556],[-56.0778,52.9909,4.3893],[-56.0792,52.9881,3.6009],[-56.0868,52.9885,10.0025],[-56.0879,52.9869,10.7738],[-56.0866,52.9838,1.9441],[-56.0911,52.9833,5.7023],[-56.0937,52.9798,0.0],[-56.0844,52.9765,0.7813],[-56.0833,52.9747,5.1632],[-56.0993,52.9786,10.3496],[-56.1078,52.9728,0.0],[-56.109,52.9697,4.0213],[-56.1158,52.9638,2.5964],[-56.1177,52.9648,2.5964],[-56.1177,52.9679,0.7257],[-56.1299,52.9729,1.131],[-56.1246,52.9772,0.0],[-56.1283,52.9775,4.5299],[-56.1282,52.9786,4.5299],[-56.1239,52.9788,0.3998],[-56.1195,52.9822,0.0],[-56.1258,52.9865,0.619],[-56.134,52.9846,0.9556],[-56.1372,52.9856,0.3092],[-56.1394,52.9844,-0.2131],[-56.1383,52.9828,18.3742],[-56.14,52.9825,-0.79],[-56.1478,52.9862,4.6152],[-56.1482,52.9891,1.1916],[-56.1293,52.9881,-0.282],[-56.1229,52.9895,5.3184],[-56.1179,52.9846,0.0],[-56.1094,52.9812,3.1331],[-56.0973,52.9872,17.8655],[-56.0982,52.9893,12.2904],[-56.0966,52.99,2.5053],[-56.0976,52.9917,10.1557],[-56.0963,52.9958,13.8347],[-56.093,52.9947,0.0],[-56.0807,52.9973,3.2284],[-56.0766,53.0011,1.8931],[-56.0762,53.0034,0.0],[-56.0784,53.0069,0.0],[-56.0867,53.0106,2.5536],[-56.0878,53.0136,1.2475],[-56.0839,53.0155,8.872],[-56.0722,53.0086,0.0],[-56.0633,53.0106,11.8091],[-56.0578,53.0054,0.0],[-56.0545,53.0073,3.015],[-56.0606,53.0158,13.5701],[-56.0583,53.0173,13.6933],[-56.0533,53.0122,12.3153],[-56.0472,53.0137,0.0],[-56.042,53.0115,0.0],[-56.0272,53.0161,4.055],[-56.0311,53.0158,4.055],[-56.0372,53.0211,1.584],[-56.045,53.0178,0.8832],[-56.0478,53.0206,16.4059],[-56.0445,53.0228,0.3842],[-56.0461,53.0273,9.0487],[-56.0567,53.0319,12.4594],[-56.0609,53.0301,0.0],[-56.0615,53.0242,0.0],[-56.0603,53.0223,0.0],[-56.0641,53.0205,0.0],[-56.0708,53.0254,12.8788],[-56.0767,53.0265,5.7659],[-56.0811,53.0293,2.4379],[-56.0853,53.0291,4.827],[-56.094,53.0319,4.9856],[-56.096,53.0293,0.0],[-56.0891,53.0243,5.936],[-56.0885,53.0179,7.1503],[-56.0967,53.0211,24.9327],[-56.095,53.0226,0.0],[-56.0972,53.0237,45.9667],[-56.115,53.0275,1.4342],[-56.1206,53.0306,0.0],[-56.1326,53.0307,0.0],[-56.1342,53.0296,2.4091],[-56.1332,53.0267,1.5262],[-56.1356,53.0264,1.5262],[-56.1411,53.0289,0.0],[-56.145,53.0281,8.864],[-56.1511,53.0303,10.6948],[-56.1556,53.0278,12.7688],[-56.1585,53.0295,1.5832],[-56.1572,53.0306,1.7483],[-56.1583,53.0331,0.0],[-56.1655,53.0337,5.6376],[-56.1683,53.0325,0.0],[-56.1683,53.0311,0.0],[-56.1628,53.0317,5.0028],[-56.1617,53.0311,5.0028],[-56.1633,53.0297,0.0],[-56.1617,53.0283,3.724],[-56.1659,53.028,11.7935],[-56.1733,53.0317,3.7362],[-56.1794,53.0325,0.0],[-56.1778,53.0339,0.0],[-56.1789,53.0353,0.0],[-56.1806,53.0342,0.0],[-56.1867,53.0358,4.4376],[-56.1696,53.0397,0.0],[-56.1594,53.0389,1.4874],[-56.1502,53.0371,7.6527],[-56.1499,53.0341,15.5257],[-56.1448,53.0343,5.5599],[-56.1402,53.0312,1.2674],[-56.1357,53.0331,0.0],[-56.1363,53.0361,2.5023],[-56.1279,53.0345,0.0],[-56.1161,53.0381,2.0085],[-56.0978,53.0345,1.8571],[-56.0886,53.0353,0.0],[-56.0855,53.0381,7.8499],[-56.0766,53.0353,0.0],[-56.0686,53.0373,10.2078],[-56.06,53.0423,0.0],[-56.0611,53.0436,8.1952],[-56.055,53.0461,2.999],[-56.0533,53.0453,11.5468],[-56.0556,53.0408,15.3],[-56.0539,53.0386,18.3757],[-56.057,53.0351,2.2456],[-56.0561,53.0343,2.2456],[-56.0432,53.0321,6.2204],[-56.0328,53.0333,0.6159],[-56.0318,53.0325,0.6159],[-56.0334,53.0287,0.0],[-56.0254,53.0227,0.4564],[-56.0177,53.0216,3.161],[-56.0031,53.0161,1.4984],[-55.9861,53.0147,1.7478],[-55.9856,53.0178,0.0],[-55.9828,53.0192,16.6992],[-55.9761,53.0158,6.573],[-55.9717,53.0156,12.016],[-55.9656,53.0164,0.0],[-55.9627,53.0187,0.0],[-55.9594,53.0164,2.941],[-55.9606,53.0142,3.0654],[-55.9567,53.0139,7.3252],[-55.9506,53.0189,5.1185],[-55.9378,53.0214,0.0],[-55.9106,53.0336,3.336],[-55.9089,53.0331,6.3614],[-55.9111,53.0297,0.0],[-55.905,53.0233,2.8287],[-55.8982,53.0201,0.0],[-55.8924,53.0199,0.0],[-55.8876,53.0246,33.3686],[-55.888,53.0322,11.2427],[-55.8989,53.0373,0.0],[-55.9062,53.0364,15.3342],[-55.9091,53.0397,0.9622],[-55.9194,53.0383,5.7366],[-55.8989,53.0469,0.0],[-55.8928,53.0511,0.0],[-55.8844,53.0597,2.4696],[-55.8828,53.0631,0.0],[-55.8839,53.0667,16.2238],[-55.8789,53.0675,0.0],[-55.8772,53.0694,0.0],[-55.8778,53.0728,0.6688],[-55.8734,53.0751,0.0],[-55.8783,53.0781,3.3435],[-55.8767,53.0806,19.8086],[-55.8717,53.0817,1.1505],[-55.8728,53.0828,1.0677],[-55.8716,53.0845,1.954],[-55.8739,53.0858,13.0568],[-55.8728,53.0878,3.6068],[-55.8664,53.0877,10.4688],[-55.8639,53.0914,0.0],[-55.8644,53.0935,0.0],[-55.8778,53.0995,0.8234],[-55.8917,53.1034,5.836],[-55.8933,53.1044,0.0],[-55.8916,53.1053,0.0],[-55.8944,53.1069,17.6024],[-55.9006,53.1069,14.9474],[-55.9088,53.1126,1.826],[-55.912,53.1119,8.8447],[-55.9133,53.1078,18.2425],[-55.915,53.111,0.5875],[-55.9178,53.1106,0.9192],[-55.9189,53.1122,5.9624],[-55.9278,53.1147,1.7515],[-55.9461,53.1147,2.1984],[-55.9572,53.1094,4.2279],[-55.9639,53.1022,0.0],[-55.9667,53.1044,4.8958],[-55.9622,53.1117,1.801],[-55.9444,53.1208,2.5516],[-55.9267,53.1249,0.0],[-55.9256,53.1236,22.6556],[-55.9306,53.1217,0.0],[-55.9306,53.12,0.0],[-55.9152,53.1144,5.3157],[-55.9134,53.1144,0.0],[-55.9128,53.1161,9.7432],[-55.9016,53.1141,13.6439],[-55.8872,53.1069,0.0],[-55.8789,53.105,0.0],[-55.8733,53.1056,20.126],[-55.8639,53.1022,8.5003],[-55.8567,53.1031,7.7487],[-55.8528,53.0994,0.0],[-55.8443,53.0976,7.9922],[-55.83,53.0986,0.0],[-55.8261,53.1025,8.985],[-55.8217,53.1042,2.9244],[-55.8228,53.105,2.9244],[-55.8172,53.1095,5.8009],[-55.8117,53.1069,0.0],[-55.8061,53.1097,6.4613],[-55.7967,53.1105,1.5446],[-55.7972,53.1147,0.0],[-55.8,53.1164,8.3283],[-55.7984,53.1187,3.9798],[-55.7939,53.1159,5.8627],[-55.7889,53.1167,0.0],[-55.7761,53.1214,0.0],[-55.7727,53.1239,0.0],[-55.7739,53.1253,0.0],[-55.7706,53.1267,3.3605],[-55.7629,53.1343,8.1619],[-55.7527,53.1331,0.0],[-55.7474,53.1358,0.0],[-55.7503,53.1376,0.0],[-55.7483,53.1403,0.0],[-55.75,53.1428,0.0],[-55.7483,53.1445,0.0],[-55.7528,53.1484,0.0],[-55.76,53.1469,0.0],[-55.7633,53.1492,0.0],[-55.7672,53.1489,0.0],[-55.7667,53.1503,0.0],[-55.77,53.1494,3.0147],[-55.7659,53.1535,18.8033],[-55.7789,53.1542,3.3831],[-55.7906,53.1522,0.0],[-55.7989,53.1461,6.1068],[-55.8013,53.146,2.5835],[-55.7972,53.1509,1.0578],[-55.8022,53.1539,13.8667],[-55.7939,53.1564,3.5296],[-55.795,53.1583,20.2421],[-55.7894,53.1603,0.0],[-55.7822,53.1595,0.0],[-55.7777,53.1617,0.0],[-55.7684,53.1603,0.0],[-55.7655,53.1619,2.3181],[-55.7655,53.1642,5.5791],[-55.76,53.1673,38.3776],[-55.7544,53.1675,7.361],[-55.7533,53.1739,0.0],[-55.7589,53.1773,22.8622],[-55.7549,53.1822,0.0],[-55.7606,53.1836,3.6746],[-55.7633,53.1822,3.6746],[-55.7756,53.1873,0.0],[-55.7994,53.1794,0.0],[-55.8017,53.181399999999996,9.7163],[-55.8011,53.1831,0.0],[-55.8056,53.1831,22.2795],[-55.8022,53.1842,1.796],[-55.8028,53.1858,0.0],[-55.8006,53.1872,0.0],[-55.7994,53.1914,1.5412],[-55.8,53.1939,0.0],[-55.8028,53.1953,0.0],[-55.8072,53.1947,0.6124],[-55.805,53.1939,0.6124],[-55.8067,53.1919,18.3402],[-55.8106,53.1936,8.3991],[-55.8161,53.1925,5.8405],[-55.8172,53.1936,5.8405],[-55.8155,53.1967,5.3599],[-55.8228,53.1958,0.4597],[-55.8244,53.1989,2.2018],[-55.8272,53.2,9.7806],[-55.8333,53.1986,15.4422],[-55.8328,53.2033,0.0],[-55.8341,53.2047,5.1367],[-55.8517,53.2044,6.0574],[-55.8361,53.2095,3.2588],[-55.825,53.2109,7.1811],[-55.8227,53.2095,12.463],[-55.8222,53.2047,1.4932],[-55.8039,53.2,0.0],[-55.8028,53.1989,9.1231],[-55.8048,53.1979,1.489],[-55.8022,53.1964,0.0],[-55.7987,53.1979,24.2234],[-55.7894,53.195,0.0],[-55.7794,53.1967,1.2562],[-55.7783,53.1936,0.0],[-55.775,53.1942,0.0],[-55.777,53.1972,9.8725],[-55.775,53.1978,0.0],[-55.7739,53.2022,0.0],[-55.7828,53.2059,16.6645],[-55.7812,53.2088,1.7657],[-55.7822,53.2097,1.7657],[-55.7867,53.2092,1.6229],[-55.7933,53.2131,1.2454],[-55.7861,53.2142,0.0],[-55.7806,53.2173,4.3065],[-55.7813,53.2206,3.8561],[-55.7754,53.2217,3.7289],[-55.7718,53.219,4.6444],[-55.7733,53.2169,0.9192],[-55.7717,53.2139,0.5997],[-55.7678,53.2139,1.5169],[-55.7666,53.2153,1.5169],[-55.77,53.2167,0.9192],[-55.7689,53.2186,0.0],[-55.77,53.2192,4.6444],[-55.7672,53.222,0.0],[-55.7683,53.2231,23.1175],[-55.7661,53.2267,2.0427],[-55.7611,53.2219,0.0],[-55.7572,53.2239,17.0497],[-55.7461,53.2253,1.8604],[-55.7444,53.2267,0.0],[-55.7467,53.2283,14.5711],[-55.7455,53.2317,6.8215],[-55.7361,53.2331,1.5231],[-55.735,53.2364,7.2078],[-55.7436,53.2373,0.0],[-55.7505,53.2342,1.4561],[-55.7572,53.2395,2.8121],[-55.7373,53.2409,1.226],[-55.738,53.2419,1.226],[-55.7361,53.2433,0.5218],[-55.7378,53.2444,0.6911],[-55.7367,53.2453,0.6911],[-55.7383,53.2459,0.0],[-55.7394,53.2508,0.0],[-55.7467,53.2533,3.3459],[-55.75,53.2527,5.4469],[-55.7533,53.2494,1.0961],[-55.7506,53.2477,8.6521],[-55.7524,53.2444,2.1142],[-55.7605,53.248,7.7034],[-55.7594,53.2505,3.1892],[-55.75,53.2536,5.4469],[-55.7494,53.2564,1.2218],[-55.7547,53.2588,0.0],[-55.7561,53.2631,2.1076],[-55.7589,53.2653,4.9353],[-55.7694,53.2667,1.0792],[-55.7728,53.2708,0.0],[-55.7789,53.2722,0.0],[-55.7817,53.2703,0.0],[-55.7837,53.2637,3.911],[-55.7883,53.2592,0.0],[-55.7873,53.2578,1.1145],[-55.79,53.255,0.0],[-55.7861,53.2519,0.0],[-55.7819,53.2525,1.7087],[-55.7772,53.2497,0.0],[-55.7711,53.2508,2.6008],[-55.77,53.25,1.4408],[-55.7728,53.2478,0.7484],[-55.7639,53.2442,0.0],[-55.7673,53.2437,4.1666],[-55.7722,53.2386,4.6619],[-55.7755,53.2381,0.0],[-55.7844,53.2433,2.032],[-55.7844,53.2469,4.4087],[-55.79,53.2472,0.0],[-55.7928,53.2506,0.0],[-55.7956,53.2494,0.0],[-55.7961,53.2459,0.0],[-55.7989,53.2431,0.3054],[-55.7983,53.2414,4.233],[-55.7906,53.2361,0.0],[-55.784,53.2348,0.0],[-55.7833,53.2331,0.8528],[-55.7856,53.2283,1.1276],[-55.7883,53.2289,0.8077],[-55.7856,53.2311,0.8892],[-55.7878,53.2325,0.0],[-55.7956,53.2275,2.1747],[-55.7983,53.2294,0.0],[-55.7972,53.2306,0.0],[-55.8011,53.2323,8.6911],[-55.8001,53.2336,0.0],[-55.8017,53.2353,3.9987],[-55.8111,53.2342,0.0],[-55.8166,53.2353,3.5179],[-55.8217,53.2389,0.0],[-55.8276,53.2402,0.0],[-55.835,53.2461,0.0],[-55.845,53.2478,3.9957],[-55.8511,53.2511,2.9711],[-55.8539,53.2503,1.8021],[-55.8533,53.2481,2.0779],[-55.855,53.2481,2.0779],[-55.8583,53.2497,0.9806],[-55.8567,53.2514,1.576],[-55.8578,53.2533,0.0],[-55.8628,53.2542,6.6366],[-55.8606,53.2567,2.8456],[-55.8567,53.2545,0.3244],[-55.8522,53.2564,1.0838],[-55.85,53.2547,0.2013],[-55.8306,53.2544,3.3186],[-55.8256,53.2519,0.0],[-55.8167,53.2575,2.4012],[-55.8144,53.2606,0.0],[-55.8167,53.2625,0.8359],[-55.815,53.2639,0.0],[-55.8244,53.2673,0.0],[-55.8278,53.2669,9.3087],[-55.8344,53.2714,0.5654],[-55.8311,53.2731,1.6007],[-55.81,53.2737,0.0],[-55.805,53.2761,4.6239],[-55.803,53.2794,2.653],[-55.8036,53.2811,0.0],[-55.8133,53.2867,0.0],[-55.8178,53.2869,2.4585],[-55.8211,53.2897,0.0],[-55.8201,53.2925,0.0],[-55.825,53.2944,0.0],[-55.8367,53.295,0.0],[-55.8383,53.2961,1.9267],[-55.8383,53.2995,0.9992],[-55.8404,53.3009,0.0],[-55.8489,53.2986,16.6662],[-55.86,53.3014,0.8654],[-55.8683,53.3006,0.0],[-55.8716,53.3019,3.239],[-55.8817,53.3006,0.0],[-55.8894,53.2955,0.0],[-55.9172,53.2981,8.753],[-55.9222,53.3003,3.6187],[-55.9183,53.3022,10.1042],[-55.9106,53.3006,1.8174],[-55.9027,53.3019,0.0],[-55.8933,53.3073,0.5407],[-55.8844,53.3094,1.5436],[-55.8789,53.3081,0.0],[-55.8772,53.3089,1.9492],[-55.8783,53.3136,0.0],[-55.8683,53.3147,0.0],[-55.865,53.3167,6.6022],[-55.8567,53.3147,1.0016],[-55.8456,53.32,0.855],[-55.8422,53.3186,0.0],[-55.8378,53.32,0.4918],[-55.8322,53.3183,0.5011],[-55.8287,53.3194,1.0866],[-55.8278,53.318,0.0],[-55.8221,53.3174,0.0],[-55.8233,53.3211,0.0],[-55.8323,53.3212,0.8038],[-55.8328,53.3225,5.2624],[-55.8283,53.3244,0.2242],[-55.83,53.3253,8.3417],[-55.8289,53.3261,0.9217],[-55.8216,53.3261,1.2487],[-55.8165,53.3292,4.1304],[-55.81,53.33,0.0],[-55.7998,53.3271,2.545],[-55.7974,53.3317,1.3487],[-55.7985,53.3358,0.0],[-55.8151,53.3441,0.0],[-55.8288,53.3461,0.0],[-55.8506,53.3417,0.0],[-55.874,53.3327,2.3409],[-55.8756,53.3349,0.0],[-55.8711,53.3375,1.5803],[-55.8821,53.3403,3.0986],[-55.9294,53.3369,6.3051],[-55.9311,53.3381,0.0],[-55.9272,53.3397,0.7634],[-55.915,53.3397,0.3928],[-55.9121,53.3454,0.0],[-55.9022,53.345,0.0],[-55.9,53.3489,2.9159],[-55.8894,53.3464,0.0],[-55.8806,53.3508,2.8613],[-55.8783,53.3497,0.0],[-55.8647,53.353,0.0],[-55.8617,53.3547,0.0],[-55.8628,53.3572,0.2591],[-55.87,53.3583,0.8743],[-55.8705,53.3603,0.0],[-55.8772,53.3633,0.0],[-55.8646,53.3628,0.0657],[-55.8581,53.367,0.0],[-55.8578,53.368899999999996,0.0],[-55.8588,53.3711,1.1042],[-55.8617,53.3711,7.2775],[-55.8633,53.3731,2.4128],[-55.8694,53.3739,0.0],[-55.8722,53.3725,1.8552],[-55.8744,53.3736,0.9145],[-55.8739,53.3719,3.0606],[-55.8761,53.3711,0.9407],[-55.8778,53.3719,0.9407],[-55.8778,53.3742,0.0],[-55.8833,53.3767,2.5201],[-55.8866,53.3808,0.0],[-55.8922,53.3836,1.0095],[-55.8972,53.3836,8.8738],[-55.9034,53.3881,0.0],[-55.9078,53.3869,4.5094],[-55.9167,53.3911,0.4755],[-55.9183,53.3931,2.1448],[-55.9161,53.3942,1.4643],[-55.9167,53.3964,0.0],[-55.9233,53.3981,9.6689],[-55.9372,53.3956,0.0],[-55.9433,53.3973,0.0],[-55.9541,53.3899,2.6843],[-55.9714,53.3899,14.2895],[-55.9764,53.3862,0.8698],[-55.9839,53.3853,1.4702],[-55.9813,53.3817,0.4901],[-55.983,53.3774,3.5109],[-55.9699,53.3703,3.5979],[-55.9717,53.3661,2.4793],[-55.9744,53.3647,5.2396],[-55.9827,53.3727,0.2397],[-55.9917,53.3745,1.038],[-56.0016,53.3745,0.0],[-56.0022,53.3725,1.5055],[-56.0065,53.3708,5.5093],[-56.02,53.3736,5.5298],[-56.0294,53.3708,0.8291],[-56.0294,53.3725,4.1722],[-56.0256,53.3744,8.1585],[-56.0216,53.3747,2.4689],[-56.0177,53.3777,1.9026],[-56.0085,53.3809,0.0],[-56.0081,53.3843,0.0],[-56.0166,53.3884,3.291],[-56.0046,53.3925,3.082],[-55.9872,53.3928,1.3932],[-55.9739,53.3987,1.4091],[-55.9701,53.398,0.0],[-55.9622,53.4014,0.3378],[-55.9627,53.4027,0.0],[-55.9661,53.4031,4.3945],[-55.9664,53.4056,0.0],[-55.9892,53.4124,0.0],[-55.9933,53.4122,0.0],[-55.9966,53.4095,4.677],[-56.0033,53.4106,0.5219],[-56.0061,53.4128,3.629],[-55.9961,53.4136,0.0],[-55.9975,53.4151,0.0],[-55.993899999999996,53.42,1.5527],[-55.9989,53.4236,0.0],[-55.9945,53.4259,0.1429],[-56.0,53.4273,0.0],[-56.0061,53.4242,0.9828],[-56.005,53.4219,6.1292],[-56.0111,53.4217,4.3372],[-56.0122,53.4231,2.0974],[-56.0105,53.4267,0.0],[-56.0165,53.4281,3.0692],[-56.0227,53.4261,2.4693],[-56.0283,53.43,0.4155],[-56.0367,53.4394,2.9568],[-56.0511,53.4428,0.3568],[-56.0511,53.4453,0.0],[-56.0356,53.4472,2.9183],[-56.0306,53.4508,1.517],[-56.0213,53.4501,0.0],[-56.0216,53.4544,0.2397],[-56.0317,53.4575,2.8424],[-56.0317,53.4589,0.5679],[-56.0367,53.4617,2.2728],[-56.0367,53.4639,2.5443],[-56.0402,53.4671,2.8951],[-56.0377,53.4683,2.8951],[-56.0369,53.4725,0.4718],[-56.0572,53.4747,2.2682],[-56.0637,53.4739,1.3733],[-56.0705,53.4757,5.6499],[-56.0783,53.48,1.6005],[-56.0853,53.4801,10.231],[-56.0914,53.4861,3.7594],[-56.1216,53.497,8.104],[-56.1433,53.4967,5.0603],[-56.1556,53.4997,2.5503],[-56.1711,53.5008,0.4297],[-56.1756,53.5087,6.383],[-56.1752,53.5112,0.7032],[-56.197,53.5227,1.1985],[-56.206,53.5245,0.9263],[-56.2184,53.5342,1.0308],[-56.2389,53.5373,0.0],[-56.2639,53.5383,5.6511],[-56.2555,53.5431,0.0773],[-56.2539,53.5455,1.1555],[-56.2561,53.5469,3.472],[-56.265,53.5475,1.4891],[-56.2655,53.5492,1.0699],[-56.2639,53.5505,0.4503],[-56.2761,53.5547,4.2035],[-56.2778,53.5561,1.352],[-56.2772,53.5578,1.5586],[-56.2856,53.5619,0.0],[-56.2794,53.5659,4.8977],[-56.2728,53.5664,1.9931],[-56.2699,53.5653,1.0539],[-56.2694,53.5631,0.9712],[-56.2639,53.5614,0.8415],[-56.26,53.5619,0.4243],[-56.2566,53.5603,0.1249],[-56.2385,53.5582,0.0],[-56.2278,53.5589,6.2847],[-56.2245,53.5555,3.1357],[-56.2139,53.5547,0.0],[-56.2011,53.5551,0.0],[-56.1819,53.5587,0.09],[-56.1719,53.5555,4.6118],[-56.1585,53.5545,5.9093],[-56.1409,53.5497,0.615],[-56.1387,53.5477,3.8874],[-56.1395,53.5453,0.6102],[-56.137,53.5412,0.0],[-56.125,53.5378,4.4123],[-56.1216,53.5347,0.0],[-56.1095,53.5353,0.0],[-56.0827,53.5331,-0.5],[-56.075,53.5375,-0.5],[-56.0767,53.5389,3.2371],[-56.0756,53.5403,1.8825],[-56.065,53.5428,3.8873],[-56.06,53.5403,3.9693],[-56.0594,53.5372,2.146],[-56.0562,53.5364,3.4713],[-56.058,53.5333,3.2788],[-56.0681,53.5321,0.197],[-56.0761,53.5278,2.4651],[-56.066,53.5283,0.0],[-56.0532,53.5321,3.7241],[-56.0461,53.53,0.1958],[-56.0375,53.5317,2.1365],[-56.0339,53.53,0.9151],[-56.0322,53.5289,1.9624],[-56.0311,53.5242,0.841],[-56.0278,53.5231,-0.0217],[-56.0271,53.5213,4.9488],[-56.0371,53.5184,1.8728],[-56.0389,53.5165,1.9589],[-56.0454,53.5185,2.7801],[-56.0553,53.5183,3.3779],[-56.0563,53.5147,0.6811],[-56.0528,53.5103,0.0],[-56.0489,53.5097,0.0],[-56.0264,53.518,2.5719],[-56.0159,53.5169,2.7594],[-56.015,53.5163,2.7594],[-56.0243,53.5097,2.3496],[-56.0334,53.5051,0.2924],[-56.0176,53.4993,1.4594],[-56.0088,53.4999,1.4721],[-56.005,53.5031,0.0],[-55.9977,53.505,0.0],[-55.9994,53.5089,0.0],[-55.9983,53.5125,0.2463],[-55.9878,53.5139,0.6806],[-55.9822,53.5186,0.0],[-55.9817,53.5211,0.3614],[-55.9828,53.5217,0.3614],[-55.9899,53.522,4.0771],[-55.9956,53.5242,0.4632],[-55.9911,53.5264,0.3466],[-55.9933,53.5286,3.3226],[-55.9922,53.5311,0.5511],[-55.9933,53.5331,0.5265],[-55.9917,53.5339,0.0],[-55.9972,53.5348,2.6985],[-55.995,53.5369,0.0],[-56.0,53.5375,0.0],[-56.0,53.5436,0.0],[-55.9839,53.5437,0.9725],[-55.9794,53.5408,0.0],[-55.975,53.5419,0.5975],[-55.9711,53.5408,0.0],[-55.9601,53.5439,0.0],[-55.9894,53.5522,0.4665],[-55.9989,53.5561,7.0803],[-56.0042,53.5604,12.2746],[-56.0133,53.5616,5.2468],[-56.0206,53.57,0.6714],[-56.0205,53.5747,0.0],[-56.0239,53.5778,3.2391],[-56.0292,53.5769,3.1173],[-56.0314,53.5741,3.1729],[-56.0387,53.5753,3.4887],[-56.0433,53.5728,2.3046],[-56.0444,53.5703,6.8676],[-56.0506,53.5683,9.6495],[-56.0583,53.573,6.9718],[-56.0649,53.5746,5.3034],[-56.0646,53.5789,0.0],[-56.0747,53.5805,0.3894],[-56.0751,53.5833,0.0],[-56.0724,53.5853,0.0],[-56.0785,53.5872,0.0],[-56.0848,53.5861,2.3336],[-56.0877,53.5797,2.6862],[-56.0961,53.5809,0.4436],[-56.0988,53.5798,0.2048],[-56.1001,53.5771,1.6696],[-56.1047,53.5776,0.7331],[-56.1054,53.5765,1.9916],[-56.155,53.5799,4.9795],[-56.1508,53.5832,2.1714],[-56.1591,53.5836,4.1445],[-56.1669,53.587,2.9572],[-56.1573,53.5887,2.5709],[-56.156,53.5877,2.5709],[-56.1578,53.5867,2.5519],[-56.1573,53.5855,2.5519],[-56.1502,53.5859,0.4856],[-56.151,53.5918,4.0278],[-56.1588,53.5953,2.1246],[-56.1715,53.5954,6.9035],[-56.1723,53.5961,5.3557],[-56.17,53.5986,4.0677],[-56.1786,53.6025,1.7967],[-56.1854,53.5994,7.5777],[-56.1874,53.5949,7.0032],[-56.195,53.5924,3.5779],[-56.1955,53.5885,47.5395],[-56.1983,53.5889,0.0],[-56.2012,53.5872,0.8328],[-56.2072,53.5805,0.0],[-56.2055,53.5781,0.3339],[-56.2011,53.5764,-0.5331],[-56.1867,53.5758,4.494],[-56.1932,53.5719,21.8899],[-56.2151,53.5719,3.8923],[-56.2278,53.5781,1.2935],[-56.2295,53.5806,0.0],[-56.2361,53.5773,0.0],[-56.235,53.5756,2.2501],[-56.2367,53.5744,1.7712],[-56.2394,53.5742,1.5317],[-56.2455,53.5785,6.0537],[-56.25,53.5785,6.4235],[-56.268,53.5851,6.9596],[-56.2749,53.5857,1.6638],[-56.2867,53.5853,16.9393],[-56.2934,53.5835,5.5027],[-56.31,53.5871,0.0],[-56.3321,53.5848,15.1014],[-56.3352,53.5868,1.4623],[-56.3395,53.5856,2.9847],[-56.3453,53.5874,1.0487],[-56.3576,53.5844,2.1654],[-56.3585,53.5861,5.0873],[-56.3526,53.5894,4.3674],[-56.3533,53.5912,4.9945],[-56.3465,53.5914,1.5604],[-56.3397,53.5959,2.9927],[-56.3296,53.5991,2.9546],[-56.3218,53.5977,1.5675],[-56.3056,53.5986,0.1663],[-56.3033,53.5972,3.3395],[-56.3044,53.5953,0.0],[-56.3028,53.5942,0.8353],[-56.2893,53.5931,0.6782],[-56.2792,53.5974,2.8896],[-56.27,53.5964,0.0],[-56.2678,53.5986,0.0],[-56.2617,53.6006,1.6959],[-56.26,53.6031,3.6772],[-56.2755,53.6055,0.0763],[-56.2777,53.6089,0.2061],[-56.2774,53.6121,0.0],[-56.2815,53.6152,0.5249],[-56.2828,53.6134,13.1283],[-56.2934,53.6166,4.1496],[-56.3072,53.6164,2.3176],[-56.3089,53.6185,0.5351],[-56.3077,53.6198,1.4585],[-56.3202,53.6304,2.2619],[-56.3301,53.6299,6.7188],[-56.3369,53.6331,6.9303],[-56.3516,53.6351,16.7012],[-56.3722,53.6325,0.0],[-56.3761,53.625,4.8914],[-56.3781,53.6259,0.3434],[-56.3883,53.6234,1.6073],[-56.3948,53.6208,2.2113],[-56.3978,53.6171,0.0919],[-56.4217,53.6094,2.7303],[-56.4334,53.6098,4.4857],[-56.4295,53.6123,0.6565],[-56.4278,53.6155,0.0],[-56.4372,53.618899999999996,0.6431],[-56.4522,53.6183,8.2044],[-56.4805,53.6228,2.8784],[-56.4939,53.6209,0.0],[-56.5022,53.6153,7.6997],[-56.5033,53.6161,12.6029],[-56.5002,53.6214,3.3404],[-56.5124,53.6271,0.0],[-56.5154,53.6275,0.0],[-56.5222,53.624,0.7824],[-56.529,53.6255,0.9893],[-56.5306,53.6339,0.1828],[-56.5344,53.6374,0.0],[-56.5428,53.6395,2.3806],[-56.5494,53.6345,6.3555],[-56.5544,53.6342,0.8068],[-56.5511,53.6375,2.2721],[-56.5511,53.6413,8.0272],[-56.5631,53.6468,0.4848],[-56.5672,53.6463,7.5312],[-56.576,53.6499,0.9454],[-56.5889,53.6515,7.3222],[-56.6092,53.6522,0.0417],[-56.6137,53.6563,4.8344],[-56.6183,53.6517,8.2438],[-56.62,53.6522,2.7577],[-56.6213,53.6585,10.7675],[-56.6311,53.6561,2.5762],[-56.6339,53.6573,3.8997],[-56.6322,53.6581,3.8997],[-56.6333,53.6601,6.0428],[-56.6241,53.6634,0.3539],[-56.6271,53.6653,9.2374],[-56.6442,53.6664,0.0387],[-56.6532,53.6641,2.0289],[-56.6587,53.6673,0.0],[-56.6609,53.6721,0.0],[-56.664,53.6726,1.0312],[-56.6644,53.6757,0.4428],[-56.6663,53.6765,3.1248],[-56.6714,53.6768,0.208],[-56.6832,53.6723,1.908],[-56.6932,53.6741,0.0],[-56.6999,53.6729,12.9588],[-56.7017,53.674,4.8256],[-56.696,53.6776,5.3691],[-56.7237,53.6821,0.8626],[-56.717,53.6852,0.6112],[-56.717,53.6871,2.523],[-56.7133,53.6902,3.5286],[-56.7061,53.6926,1.4888],[-56.6947,53.6911,2.7494],[-56.6952,53.6891,2.9356],[-56.6928,53.688,8.1424],[-56.6943,53.6865,2.8413],[-56.6938,53.6833,3.5308],[-56.6906,53.681,0.0],[-56.6905,53.6775,0.0],[-56.6886,53.6761,2.1441],[-56.6752,53.6868,0.0],[-56.6629,53.6848,0.0],[-56.65,53.6875,4.0425],[-56.6425,53.6841,0.2272],[-56.6485,53.6807,3.7306],[-56.6533,53.6802,1.3495],[-56.656,53.6775,0.0557],[-56.6442,53.6742,3.5428],[-56.6331,53.6798,1.8302],[-56.6183,53.6789,1.4845],[-56.607,53.6725,4.658],[-56.6057,53.668,0.0],[-56.6037,53.6675,5.1191],[-56.5907,53.6733,0.4079],[-56.587,53.6777,1.3035],[-56.5887,53.6793,0.0],[-56.5858,53.6838,21.1762],[-56.5803,53.6838,9.758],[-56.578,53.6854,0.9983],[-56.5798,53.687,9.1579],[-56.5778,53.6893,0.0],[-56.5793,53.6909,3.6511],[-56.5735,53.694,7.34],[-56.5757,53.6993,0.0],[-56.572,53.702,0.0],[-56.5691,53.703,0.7606],[-56.56,53.7004,0.0],[-56.5486,53.7013,1.5519],[-56.5382,53.7053,1.3417],[-56.5373,53.7093,2.4095],[-56.543,53.7123,1.2372],[-56.5394,53.7164,1.0603],[-56.5344,53.7147,1.5512],[-56.5302,53.7102,1.099],[-56.5209,53.7085,0.0],[-56.5147,53.7131,0.2827],[-56.5189,53.7156,0.0],[-56.5161,53.7173,3.7119],[-56.5041,53.7164,0.0],[-56.497,53.7187,0.7388],[-56.4802,53.7195,1.1478],[-56.4688,53.7167,0.0],[-56.4632,53.7189,0.9548],[-56.4651,53.7208,2.191],[-56.4647,53.7223,8.6988],[-56.4511,53.7189,2.2303],[-56.4245,53.7173,3.1195],[-56.4175,53.7146,0.0],[-56.4027,53.7153,0.0],[-56.4014,53.7166,1.0688],[-56.4067,53.7239,2.4674],[-56.4145,53.7268,7.9561],[-56.4285,53.7307,1.3892],[-56.4522,53.7314,6.2951],[-56.4558,53.7333,5.0053],[-56.4571,53.7361,1.6203],[-56.4523,53.7388,5.2264],[-56.435,53.74,0.5212],[-56.4295,53.745,1.7996],[-56.4184,53.7489,11.1133],[-56.417,53.7531,0.4122],[-56.423,53.7584,3.5653],[-56.4266,53.7649,4.795],[-56.4369,53.7717,6.8618],[-56.4525,53.7749,11.3912],[-56.4551,53.7783,5.3293],[-56.4703,53.7783,33.6087],[-56.4809,53.7801,11.7876],[-56.4747,53.7839,1.9387],[-56.4794,53.7869,23.4868],[-56.48,53.7892,0.0],[-56.4856,53.7867,1.1626],[-56.485,53.7853,59.9468],[-56.4984,53.7842,8.2141],[-56.5004,53.7816,6.6482],[-56.4996,53.7808,6.6482],[-56.4902,53.7784,1.3541],[-56.5015,53.7737,6.253],[-56.5124,53.7714,2.5366],[-56.5139,53.77,0.0],[-56.5111,53.7678,0.1784],[-56.5198,53.7605,2.9875],[-56.5261,53.7617,9.8286],[-56.5194,53.7667,0.7882],[-56.5244,53.7683,3.3667],[-56.5416,53.7669,12.0283],[-56.5488,53.7691,0.0],[-56.5611,53.7661,0.74],[-56.5656,53.7667,1.1996],[-56.5639,53.7647,0.0],[-56.5547,53.7632,1.0158],[-56.5543,53.7598,1.5423],[-56.5526,53.7586,0.0],[-56.5436,53.7577,6.2972],[-56.5213,53.7502,0.0],[-56.5167,53.7464,0.2919],[-56.5178,53.745,1.0382],[-56.5278,53.7489,1.9456],[-56.5451,53.7526,0.0],[-56.5511,53.7517,9.6813],[-56.5574,53.7532,2.9665],[-56.5617,53.7504,9.3232],[-56.5686,53.7515,0.4413],[-56.5746,53.7546,0.5888],[-56.5839,53.7547,3.8383],[-56.6024,53.7614,1.7965],[-56.6128,53.7611,0.0],[-56.6193,53.7583,0.0],[-56.6175,53.756,2.2494],[-56.5956,53.7499,0.0],[-56.6034,53.748,6.9297],[-56.6233,53.7487,6.3006],[-56.6299,53.7443,2.2441],[-56.6258,53.7388,6.093],[-56.6328,53.7339,0.0],[-56.6205,53.7294,0.7618],[-56.6187,53.7239,0.2665],[-56.6154,53.7212,2.7902],[-56.5914,53.71,3.3539],[-56.5981,53.7048,2.3152],[-56.63,53.7075,2.6104],[-56.6328,53.7108,2.6756],[-56.6283,53.7123,0.6986],[-56.6278,53.7142,0.0],[-56.6322,53.7153,0.7338],[-56.6433,53.7165,0.4779],[-56.6563,53.7133,2.576],[-56.6587,53.714,0.0211],[-56.66,53.7186,0.4104],[-56.6522,53.7353,0.0],[-56.6528,53.7369,15.5056],[-56.6483,53.7408,0.0],[-56.6494,53.7419,2.984],[-56.655,53.7403,0.0],[-56.6572,53.7375,0.3608],[-56.6606,53.7314,12.171],[-56.6594,53.7289,3.1983],[-56.6622,53.7247,9.0353],[-56.6649,53.7248,2.8567],[-56.6647,53.7286,0.0],[-56.6668,53.7297,0.1788],[-56.6743,53.7254,9.1631],[-56.6871,53.7258,0.0],[-56.6883,53.7278,7.1354],[-56.6853,53.7337,0.0],[-56.6875,53.7361,0.809],[-56.6845,53.7397,0.6328],[-56.6757,53.7429,6.3752],[-56.678,53.7443,11.0027],[-56.6797,53.7489,0.0],[-56.6928,53.7539,0.221],[-56.6923,53.7569,0.7874],[-56.6941,53.7582,2.6922],[-56.7027,53.7605,0.0],[-56.7057,53.7588,1.1966],[-56.7074,53.7601,2.901],[-56.7122,53.7595,3.0732],[-56.7138,53.7577,0.0],[-56.7128,53.7564,1.6089],[-56.7182,53.755,3.5871],[-56.7189,53.7522,0.0],[-56.716,53.7475,6.6326],[-56.7211,53.7447,1.3339],[-56.7283,53.7469,2.6896],[-56.728,53.7515,0.0],[-56.7328,53.7531,1.0155],[-56.7394,53.7525,0.2992],[-56.75,53.7486,5.8129],[-56.7516,53.7469,0.0],[-56.7496,53.7442,0.1922],[-56.7367,53.7401,0.0],[-56.7267,53.7431,1.2522],[-56.7211,53.7408,0.9841],[-56.7271,53.7365,1.5579],[-56.7305,53.7317,18.2265],[-56.736,53.7285,6.9349],[-56.7519,53.7274,0.0],[-56.7688,53.72,9.784],[-56.7728,53.7203,18.359],[-56.7712,53.7229,3.7446],[-56.7722,53.7237,3.3032],[-56.7758,53.7206,4.2335],[-56.7878,53.7217,3.1784],[-56.7846,53.7258,5.8088],[-56.7727,53.7322,4.9164],[-56.7738,53.7336,4.9164],[-56.7802,53.7329,4.1542],[-56.7827,53.7345,1.4674],[-56.7872,53.7308,4.3523],[-56.7883,53.7325,0.0331],[-56.7856,53.7344,1.4674],[-56.7867,53.7356,0.0],[-56.7947,53.7338,0.0],[-56.7981,53.7309,7.2027],[-56.7988,53.7294,15.8096],[-56.7965,53.7245,1.9711],[-56.8067,53.7236,8.4936],[-56.8046,53.7253,0.0],[-56.8109,53.7283,0.5042],[-56.8136,53.7336,12.6749],[-56.8117,53.7355,0.0],[-56.8189,53.7386,11.2727],[-56.8216,53.7441,2.5931],[-56.8256,53.7443,7.3352],[-56.8429,53.7392,5.5561],[-56.844,53.7328,14.6349],[-56.8501,53.7296,3.1234],[-56.8472,53.7277,4.1204],[-56.8546,53.7218,5.8318],[-56.8614,53.7205,0.7289],[-56.8598,53.7171,4.4489],[-56.8644,53.7129,1.1043],[-56.8722,53.7123,0.8334],[-56.8789,53.7159,0.0],[-56.8952,53.7178,0.728],[-56.8976,53.7204,2.4454],[-56.9079,53.7237,2.6547],[-56.9037,53.7259,0.7667],[-56.9031,53.728,0.4462],[-56.9174,53.7313,2.301],[-56.9203,53.734,0.5444],[-56.925,53.7347,1.9428],[-56.9316,53.7334,8.9282],[-56.9334,53.7303,5.3887],[-56.9373,53.7286,11.874],[-56.9496,53.7291,6.7904],[-56.9653,53.7329,9.3732],[-56.9831,53.728,12.5224],[-56.9796,53.7212,81.6637],[-56.9813,53.7088,41.4077]]],
[[[-55.7741,53.2453,1.1466],[-55.7757,53.243899999999996,1.1466],[-55.7717,53.2428,0.0],[-55.7717,53.2436,0.0],[-55.7741,53.2453,1.1466]]],
[[[-55.7045,53.2677,1.1398],[-55.7028,53.2624,3.8598],[-55.699,53.2643,0.0],[-55.6985,53.2667,3.5894],[-55.7045,53.2677,1.1398]]],
[[[-55.697,53.2406,0.0],[-55.6951,53.2386,0.0],[-55.6893,53.2379,0.0],[-55.693,53.243,2.7775],[-55.6952,53.2433,5.0629],[-55.697,53.2406,0.0]]],
[[[-55.7126,53.2427,0.0],[-55.7141,53.2409,0.0],[-55.7108,53.2398,0.0],[-55.7109,53.2411,5.4781],[-55.7126,53.2427,0.0]]],
[[[-55.7035,53.2431,3.8437],[-55.7058,53.241,2.954],[-55.6992,53.2415,0.0],[-55.7006,53.2437,3.8437],[-55.7035,53.2431,3.8437]]],
[[[-55.6938,53.2456,0.0],[-55.6918,53.2428,2.7775],[-55.6889,53.2426,2.941],[-55.6911,53.2456,0.0],[-55.6938,53.2456,0.0]]],
[[[-55.7084,53.2536,1.9019],[-55.7124,53.2581,13.2252],[-55.7167,53.2589,0.0],[-55.7205,53.2576,1.1839],[-55.7203,53.2551,1.1072],[-55.7252,53.2534,17.5216],[-55.7303,53.2543,2.9471],[-55.7305,53.2526,12.1704],[-55.7336,53.2521,0.0],[-55.7334,53.2487,0.0],[-55.7317,53.2462,0.6866],[-55.7212,53.245,0.0],[-55.7177,53.2503,0.0],[-55.7196,53.2532,0.0],[-55.7111,53.2522,7.3852],[-55.7084,53.2536,1.9019]]],
[[[-55.8277,53.2722,0.3929],[-55.8296,53.2725,0.3929],[-55.8311,53.2711,0.0],[-55.8294,53.27,1.7594],[-55.8277,53.2722,0.3929]]],
[[[-55.7111,53.2746,0.0],[-55.7124,53.2729,1.0479],[-55.7097,53.2719,0.0],[-55.709,53.2733,3.2453],[-55.7111,53.2746,0.0]]],
[[[-55.7422,53.2809,5.9527],[-55.7418,53.2784,0.0],[-55.7384,53.2797,0.0],[-55.7392,53.2821,0.0],[-55.7422,53.2809,5.9527]]],
[[[-55.7125,53.2644,0.0],[-55.7107,53.2623,0.0],[-55.7045,53.2629,0.0],[-55.7102,53.2699,1.725],[-55.7123,53.2693,1.4204],[-55.7125,53.2644,0.0]]],
[[[-55.719,53.2679,0.9846],[-55.7179,53.2653,0.0],[-55.714,53.2659,0.0],[-55.7157,53.268,0.0],[-55.719,53.2679,0.9846]]],
[[[-55.7132,53.274,7.3721],[-55.7133,53.2764,3.4422],[-55.7156,53.2775,0.0],[-55.7149,53.2798,0.0],[-55.7219,53.2817,7.8406],[-55.727,53.2792,0.0],[-55.7274,53.2772,6.5973],[-55.729,53.2799,2.4213],[-55.7317,53.2794,0.0],[-55.7356,53.2749,4.7676],[-55.7366,53.2752,4.7676],[-55.7348,53.2787,0.0],[-55.7359,53.2793,0.0],[-55.741,53.2781,3.4086],[-55.7425,53.2761,0.0],[-55.7446,53.2795,0.0],[-55.7472,53.2797,3.3456],[-55.7506,53.2761,8.1761],[-55.7474,53.2669,0.0],[-55.7414,53.2644,4.0269],[-55.7358,53.2675,2.5713],[-55.7248,53.2676,10.4791],[-55.7132,53.274,7.3721]]],
[[[-55.8158,53.3001,1.8792],[-55.8176,53.2995,0.0],[-55.8172,53.2967,0.0],[-55.8147,53.2965,0.5694],[-55.8119,53.2995,1.2109],[-55.8133,53.3004,4.9897],[-55.8158,53.3001,1.8792]]],
[[[-55.7987,53.3073,4.867],[-55.7972,53.3062,2.5912],[-55.7901,53.3072,0.3022],[-55.7905,53.3091,0.0],[-55.7987,53.3073,4.867]]],
[[[-55.8354,53.3147,4.4481],[-55.8357,53.3135,0.6039],[-55.8337,53.3132,0.0],[-55.8295,53.3157,0.0],[-55.834,53.3175,0.0],[-55.8358,53.3168,5.6921],[-55.8354,53.3147,4.4481]]],
[[[-55.7944,53.3305,1.6209],[-55.7937,53.3278,0.3173],[-55.7905,53.3268,0.0],[-55.7921,53.3293,2.2379],[-55.7907,53.3312,3.4173],[-55.7944,53.3305,1.6209]]],
[[[-55.8637,53.3389,1.8396],[-55.8589,53.3397,0.0],[-55.8572,53.3419,0.0],[-55.8667,53.3394,0.0],[-55.8637,53.3389,1.8396]]],
[[[-55.7671,53.3431,1.7444],[-55.7602,53.3437,0.3406],[-55.7689,53.3489,0.0],[-55.7697,53.3431,5.4692],[-55.7739,53.3464,0.0],[-55.7802,53.3433,1.9166],[-55.7779,53.3418,8.8901],[-55.7781,53.3396,2.0576],[-55.7725,53.3393,6.2291],[-55.7712,53.3371,1.5295],[-55.7558,53.3365,1.509],[-55.7563,53.3382,3.7632],[-55.7613,53.3411,0.0],[-55.7649,53.3399,3.489],[-55.7671,53.3431,1.7444]]],
[[[-55.7873,53.3387,6.1599],[-55.7877,53.336,1.0233],[-55.784,53.3382,1.5979],[-55.786,53.3397,0.0],[-55.7873,53.3387,6.1599]]],
[[[-55.7404,53.2909,3.238],[-55.744,53.2884,1.0253],[-55.7384,53.2892,1.0021],[-55.736,53.292,5.5287],[-55.7375,53.2926,0.0],[-55.7404,53.2909,3.238]]],
[[[-55.7524,53.2911,0.9144],[-55.7508,53.2943,0.0],[-55.7538,53.2953,4.1448],[-55.7546,53.2927,3.3118],[-55.7524,53.2911,0.9144]]],
[[[-55.7482,53.2946,0.0],[-55.7485,53.292,0.0],[-55.7453,53.2923,5.8629],[-55.7463,53.2943,1.8393],[-55.7482,53.2946,0.0]]],
[[[-55.7809,53.2967,4.0638],[-55.7966,53.3007,2.7187],[-55.7888,53.3037,0.6666],[-55.7887,53.3058,0.0],[-55.8016,53.3038,0.0],[-55.8013,53.2982,0.5573],[-55.8044,53.2897,0.7538],[-55.7994,53.2853,0.0],[-55.792,53.2865,0.0],[-55.7869,53.2915,1.2859],[-55.7794,53.2925,2.5607],[-55.776,53.295,0.0],[-55.7767,53.2966,2.4954],[-55.7809,53.2967,4.0638]]],
[[[-55.6556,53.4138,3.8506],[-55.6642,53.4153,11.1897],[-55.6659,53.4135,0.0],[-55.6652,53.412,0.0],[-55.6614,53.4113,2.3493],[-55.6564,53.4116,0.0],[-55.6556,53.4138,3.8506]]],
[[[-55.6624,53.4195,0.0],[-55.6644,53.4206,0.0],[-55.6652,53.4185,0.0],[-55.6632,53.4182,1.0374],[-55.6624,53.4195,0.0]]],
[[[-57.3446,53.4335,5.59],[-57.3478,53.4334,7.587],[-57.3487,53.4325,1.448],[-57.3447,53.432,0.2426],[-57.3446,53.4335,5.59]]],
[[[-55.6105,53.4302,0.0],[-55.6079,53.4301,0.0],[-55.6062,53.4327,3.9618],[-55.6095,53.4365,1.3485],[-55.6124,53.4367,7.9189],[-55.6152,53.4341,2.5758],[-55.6154,53.4313,4.0187],[-55.6105,53.4302,0.0]]],
[[[-56.07,53.4867,0.3269],[-56.0711,53.4859,0.0],[-56.0683,53.4847,0.0],[-56.0677,53.4866,0.0],[-56.07,53.4867,0.3269]]],
[[[-56.0167,53.483,0.9905],[-56.0233,53.4836,4.5251],[-56.0211,53.4859,1.1096],[-56.025,53.4897,0.0],[-56.0283,53.4897,0.0],[-56.03,53.4867,0.3652],[-56.0277,53.4842,0.0],[-56.0278,53.4814,0.0],[-56.0304,53.4771,0.3442],[-56.03,53.4736,0.1626],[-56.0261,53.4717,0.0],[-56.015,53.4723,1.3765],[-56.0144,53.4773,3.684],[-56.0122,53.4791,0.0],[-56.0139,53.4819,0.0],[-56.0167,53.483,0.9905]]],
[[[-55.9159,53.4935,2.5864],[-55.917,53.4908,0.7505],[-55.9153,53.4904,0.0],[-55.9121,53.4935,0.0],[-55.9143,53.4942,0.0],[-55.9159,53.4935,2.5864]]],
[[[-55.9214,53.4959,2.1876],[-55.9208,53.4975,0.0],[-55.9283,53.4968,0.9493],[-55.9213,53.4946,1.1781],[-55.9187,53.4913,0.0],[-55.9167,53.493899999999996,0.4042],[-55.9214,53.4959,2.1876]]],
[[[-55.7582,53.424,0.0],[-55.76,53.4234,0.0],[-55.7591,53.4214,0.0],[-55.756,53.4229,8.9743],[-55.7582,53.424,0.0]]],
[[[-55.7438,53.4401,0.0],[-55.7403,53.4392,0.0],[-55.7416,53.4414,1.7649],[-55.7434,53.4415,0.0],[-55.7438,53.4401,0.0]]],
[[[-55.7533,53.442,1.726],[-55.7473,53.4413,0.0],[-55.7467,53.4433,4.3829],[-55.7486,53.445,14.3591],[-55.7528,53.4448,4.0337],[-55.7533,53.442,1.726]]],
[[[-56.2031,53.535,5.4819],[-56.1985,53.5397,2.0122],[-56.1985,53.5419,3.4761],[-56.2055,53.5441,0.7522],[-56.2144,53.5433,0.9174],[-56.2083,53.5333,0.0],[-56.2033,53.5325,2.8902],[-56.2031,53.535,5.4819]]],
[[[-55.7728,53.5439,1.7324],[-55.7728,53.5418,0.0],[-55.7683,53.541,2.2753],[-55.7695,53.545,0.0],[-55.7728,53.5439,1.7324]]],
[[[-55.9341,53.5456,0.6778],[-55.9357,53.5438,0.9589],[-55.9333,53.5425,2.4242],[-55.927,53.5435,0.0],[-55.9309,53.5472,0.0],[-55.9341,53.5456,0.6778]]],
[[[-57.3191,53.5528,1.9544],[-57.3196,53.5511,4.0246],[-57.3171,53.552,0.0],[-57.3173,53.553,1.8699],[-57.3191,53.5528,1.9544]]],
[[[-55.8608,53.4995,0.0],[-55.8627,53.4979,0.0],[-55.862,53.4971,3.456],[-55.8572,53.4968,0.0],[-55.8532,53.4977,10.0949],[-55.8504,53.5004,13.9714],[-55.8528,53.5013,0.0],[-55.8608,53.4995,0.0]]],
[[[-55.9163,53.4989,0.0],[-55.9144,53.4959,0.0],[-55.912,53.497,0.0],[-55.9137,53.4994,0.0],[-55.9163,53.4989,0.0]]],
[[[-55.8084,53.5286,10.1442],[-55.8133,53.5309,0.0],[-55.8169,53.5307,0.0],[-55.8167,53.5279,4.9264],[-55.8219,53.5265,1.8431],[-55.8236,53.5217,6.5878],[-55.8272,53.5198,12.4107],[-55.8332,53.5197,3.7408],[-55.8361,53.5173,0.0],[-55.8386,53.5133,0.0],[-55.8348,53.5065,2.379],[-55.8069,53.5028,4.0529],[-55.7946,53.4973,4.4608],[-55.792,53.4943,2.9455],[-55.7806,53.4913,2.255],[-55.7786,53.4863,0.0],[-55.776,53.4848,0.0],[-55.7731,53.4854,0.0],[-55.7729,53.4875,9.8285],[-55.7675,53.4869,0.0],[-55.7656,53.4883,0.0],[-55.7661,53.4897,0.4693],[-55.7633,53.4909,0.8296],[-55.7544,53.4903,0.0],[-55.7533,53.4897,6.801],[-55.7544,53.4889,0.0],[-55.75,53.4875,1.1925],[-55.7389,53.4909,0.8137],[-55.73,53.4908,0.2734],[-55.7304,53.4931,0.0],[-55.7284,53.4941,0.0],[-55.7291,53.4964,7.7322],[-55.7323,53.4975,9.0974],[-55.729,53.4989,6.4153],[-55.7293,53.5003,6.4153],[-55.7336,53.5006,0.0],[-55.7353,53.4991,6.786],[-55.7394,53.5011,3.4765],[-55.7401,53.5033,3.1823],[-55.7382,53.506,0.0],[-55.7403,53.5123,0.0],[-55.742,53.5127,1.8111],[-55.7428,53.5177,0.5138],[-55.7402,53.5203,0.0],[-55.7407,53.5217,0.0],[-55.7444,53.5209,5.3807],[-55.7452,53.5231,0.0],[-55.7511,53.5227,10.3999],[-55.7551,53.5242,0.0],[-55.7568,53.521,2.5266],[-55.7623,53.5188,0.0],[-55.7638,53.517,15.2466],[-55.7596,53.511,4.7306],[-55.7607,53.506,19.1925],[-55.7685,53.5092,18.1233],[-55.7713,53.5126,4.0916],[-55.7753,53.5133,17.3266],[-55.7758,53.5181,0.0],[-55.7776,53.5184,5.7601],[-55.7781,53.5211,0.0],[-55.7831,53.5212,16.3049],[-55.7843,53.523,3.1419],[-55.7871,53.5215,16.8708],[-55.7902,53.5245,0.0],[-55.7926,53.5245,2.6523],[-55.7922,53.5229,6.2709],[-55.7955,53.5248,0.0],[-55.8073,53.5205,1.1222],[-55.8089,53.5233,0.0],[-55.7983,53.5267,0.0],[-55.8084,53.5286,10.1442]]],
[[[-55.7677,53.5235,5.7737],[-55.7685,53.5213,0.0],[-55.7669,53.5201,0.0],[-55.7634,53.5205,0.0],[-55.7632,53.5221,0.0],[-55.7677,53.5235,5.7737]]],
[[[-55.883,53.5107,0.0],[-55.8828,53.5081,1.1704],[-55.8804,53.5084,0.8771],[-55.8809,53.5102,0.0],[-55.883,53.5107,0.0]]],
[[[-55.8586,53.5109,1.2247],[-55.8635,53.5188,0.0],[-55.8696,53.5209,0.0],[-55.8739,53.5189,0.0],[-55.8735,53.5152,0.0],[-55.862,53.5107,4.4088],[-55.8586,53.5109,1.2247]]],
[[[-55.8848,53.5229,0.0],[-55.8815,53.521,2.3194],[-55.8791,53.5229,1.8285],[-55.8829,53.5246,0.0],[-55.8848,53.5229,0.0]]],
[[[-55.9032,53.5219,0.0],[-55.9019,53.5225,0.0],[-55.9061,53.5251,0.0],[-55.9075,53.5244,0.0],[-55.9059,53.5229,0.0],[-55.9032,53.5219,0.0]]],
[[[-56.0441,53.5263,0.8453],[-56.0496,53.5275,-0.5],[-56.0584,53.5265,0.5989],[-56.0596,53.525,4.2422],[-56.058,53.5229,5.5653],[-56.0591,53.5211,2.5097],[-56.0519,53.5198,0.1522],[-56.0519,53.5209,0.6728],[-56.0479,53.5203,-0.3033],[-56.0441,53.5225,2.4167],[-56.0346,53.5209,-0.5],[-56.0379,53.5253,-0.0441],[-56.0374,53.527,-0.1171],[-56.0441,53.5263,0.8453]]],
[[[-56.1509,53.5307,3.2106],[-56.1537,53.5335,4.1561],[-56.1766,53.5335,2.4791],[-56.1914,53.5267,1.1825],[-56.1853,53.5199,0.7857],[-56.1704,53.5173,6.2233],[-56.1569,53.5082,0.4313],[-56.139,53.503,0.0],[-56.1196,53.5029,0.0],[-56.1088,53.5,0.0],[-56.0956,53.5018,1.2059],[-56.0825,53.4991,2.4281],[-56.0691,53.4994,0.9218],[-56.0633,53.5031,1.742],[-56.0689,53.5067,3.1389],[-56.0761,53.5083,1.7173],[-56.1011,53.5047,6.8602],[-56.1078,53.5086,-0.0094],[-56.1078,53.5111,0.1897],[-56.1122,53.5173,0.0],[-56.1258,53.5228,0.3501],[-56.1404,53.5265,1.9208],[-56.1466,53.5263,2.9813],[-56.1509,53.5307,3.2106]]],
[[[-55.9468,53.5305,0.0],[-55.9505,53.5323,0.0],[-55.9569,53.5321,0.0],[-55.9643,53.5351,9.734],[-55.969,53.5335,0.6177],[-55.9746,53.5283,1.1986],[-55.972,53.5267,0.3004],[-55.9624,53.5265,0.0],[-55.9552,53.5293,5.245],[-55.9445,53.5279,0.2891],[-55.9468,53.5305,0.0]]],
[[[-55.8826,53.5328,1.8549],[-55.8853,53.532,42.6328],[-55.89,53.5362,1.3179],[-55.8911,53.5327,24.5989],[-55.8943,53.5345,0.0],[-55.8978,53.5328,0.0],[-55.8856,53.5276,3.123],[-55.8786,53.5281,0.0],[-55.8789,53.53,0.0],[-55.8826,53.5328,1.8549]]],
[[[-55.7263,53.3905,9.9594],[-55.7202,53.3942,0.0],[-55.728,53.3957,0.0],[-55.7319,53.3929,2.759],[-55.7307,53.3908,6.8526],[-55.7263,53.3905,9.9594]]],
[[[-55.7221,53.3979,2.392],[-55.7216,53.3961,2.982],[-55.7194,53.3963,1.8566],[-55.7192,53.3972,0.0],[-55.7221,53.3979,2.392]]],
[[[-55.7717,53.3987,0.9868],[-55.7701,53.3956,0.0],[-55.7666,53.3939,6.2848],[-55.7613,53.3954,0.0],[-55.7596,53.3986,0.9136],[-55.7644,53.4004,13.4075],[-55.7717,53.3987,0.9868]]],
[[[-55.8096,53.4039,0.0],[-55.8108,53.4029,9.5709],[-55.81,53.401,1.3948],[-55.8074,53.4035,0.2595],[-55.8096,53.4039,0.0]]],
[[[-55.8533,53.3939,0.0],[-55.8639,53.3969,6.2985],[-55.8722,53.3942,0.4079],[-55.8778,53.395,6.3177],[-55.8839,53.3911,0.0],[-55.8633,53.3825,0.0],[-55.8572,53.3825,8.0024],[-55.8473,53.378,1.1271],[-55.8411,53.3772,9.042],[-55.8374,53.3799,0.8087],[-55.8322,53.3805,0.7733],[-55.8434,53.3921,0.0],[-55.8533,53.3939,0.0]]],
[[[-55.8928,53.3986,2.7268],[-55.8978,53.4009,0.0],[-55.9029,53.4005,0.0],[-55.8955,53.3945,3.3671],[-55.885,53.3937,0.0],[-55.8828,53.395,0.0],[-55.8883,53.3997,0.0],[-55.8928,53.3986,2.7268]]],
[[[-55.7497,53.4047,3.9466],[-55.7481,53.4014,0.0],[-55.7461,53.4016,0.0],[-55.7458,53.405,11.9053],[-55.7497,53.4047,3.9466]]],
[[[-55.8794,53.492,0.0],[-55.8855,53.4959,0.0],[-55.895,53.495,0.0],[-55.8983,53.4936,0.0],[-55.8978,53.4923,0.0],[-55.9,53.49,0.4121],[-55.9122,53.485,1.997],[-55.9305,53.4911,0.0],[-55.9355,53.4903,0.0],[-55.9394,53.4873,0.0],[-55.9472,53.4895,0.0],[-55.9533,53.4856,0.0],[-55.9594,53.485,1.5071],[-55.9706,53.4794,3.4327],[-55.9778,53.4789,0.8056],[-55.9898,53.4731,0.1248],[-55.9956,53.4686,0.9498],[-55.9972,53.4628,0.0],[-55.985,53.4603,0.0],[-55.9844,53.4583,0.1179],[-55.9883,53.4543,0.0],[-55.9822,53.4503,1.3745],[-55.9822,53.4469,6.1153],[-55.9852,53.4447,0.0286],[-55.9831,53.4429,3.918],[-55.9828,53.44,0.4545],[-55.9749,53.4372,2.6778],[-55.9719,53.435,1.9265],[-55.9711,53.4317,3.3415],[-55.9661,53.4297,0.0],[-55.9461,53.4306,5.579],[-55.9417,53.427,0.0],[-55.9361,53.4259,0.7794],[-55.9311,53.4227,0.0],[-55.9256,53.4222,2.8253],[-55.921,53.419,0.5003],[-55.9083,53.4236,0.0],[-55.9061,53.4217,0.0],[-55.906,53.4172,0.0],[-55.8961,53.4144,0.0],[-55.8783,53.4161,0.0],[-55.8756,53.4175,6.28],[-55.8633,53.4125,0.9152],[-55.8522,53.4117,0.0],[-55.8406,53.405,0.0],[-55.8313,53.4039,1.8876],[-55.8289,53.4,0.0],[-55.8244,53.3975,2.3649],[-55.8111,53.3959,9.0105],[-55.7978,53.3914,0.0],[-55.7938,53.3927,1.6855],[-55.7897,53.3919,0.0],[-55.7883,53.3938,0.0],[-55.8016,53.3966,8.3934],[-55.8025,53.3997,0.0],[-55.8109,53.3991,0.0],[-55.815,53.4043,0.0],[-55.8255,53.4075,3.2626],[-55.8208,53.4089,0.0],[-55.8245,53.4101,5.5269],[-55.8254,53.4125,0.0],[-55.8322,53.4158,0.0],[-55.8401,53.4161,4.756],[-55.8433,53.4195,0.0],[-55.8478,53.4189,0.0],[-55.8472,53.4206,0.0],[-55.8556,53.4278,-0.3245],[-55.8528,53.428,-0.3245],[-55.8472,53.4245,1.5643],[-55.84,53.425,0.0],[-55.8389,53.4244,0.0],[-55.8396,53.4223,0.6709],[-55.835,53.42,0.0],[-55.8328,53.4228,4.4025],[-55.8272,53.4233,0.5972],[-55.8262,53.4226,0.5972],[-55.828,53.4205,0.0],[-55.82,53.4178,2.9001],[-55.8165,53.414,2.0218],[-55.7986,53.4101,1.4694],[-55.7935,53.4073,3.2523],[-55.7911,53.4039,1.3556],[-55.7794,53.3994,0.0],[-55.7735,53.4007,0.0],[-55.7775,53.4049,0.0],[-55.7789,53.4092,5.3698],[-55.7661,53.403,0.0],[-55.7622,53.4033,0.0],[-55.7611,53.4069,0.8917],[-55.7642,53.4105,2.5719],[-55.7633,53.4122,0.0],[-55.7735,53.4138,0.0],[-55.7766,53.4119,3.9702],[-55.7801,53.416,0.0],[-55.7906,53.42,9.1071],[-55.7849,53.4218,0.0],[-55.785,53.4242,0.0],[-55.789,53.4253,10.2693],[-55.7972,53.4231,2.2972],[-55.8067,53.4236,10.6881],[-55.8113,53.4217,7.2443],[-55.8184,53.4239,7.0489],[-55.8206,53.4295,0.0],[-55.8294,53.4317,0.7999],[-55.8289,53.4347,0.0],[-55.8261,53.4358,1.0481],[-55.8222,53.4334,0.0],[-55.8161,53.4322,2.1009],[-55.805,53.4327,1.136],[-55.8045,53.4342,0.0],[-55.8086,53.4369,0.0],[-55.8167,53.4381,0.95],[-55.817,53.4419,1.6786],[-55.8139,53.4431,1.5628],[-55.8061,53.4414,0.0],[-55.8006,53.4426,0.0],[-55.8039,53.4495,0.0],[-55.8083,53.4517,0.0],[-55.8012,53.4533,0.0],[-55.8033,53.4578,4.5658],[-55.795,53.4567,0.0],[-55.7939,53.4619,3.3406],[-55.7878,53.4583,0.0],[-55.7856,53.4589,0.0],[-55.7856,53.4606,4.8099],[-55.7783,53.4578,0.0],[-55.7744,53.4587,0.0],[-55.7678,53.4545,0.98],[-55.7644,53.4553,0.4102],[-55.7656,53.4614,0.2765],[-55.7644,53.4617,0.2765],[-55.7611,53.4597,0.9974],[-55.7617,53.4564,0.0],[-55.7594,53.4542,0.0],[-55.7579,53.455,0.0],[-55.7589,53.4586,5.0971],[-55.7573,53.4588,4.6077],[-55.7556,53.4497,0.0],[-55.7494,53.4464,0.0],[-55.7428,53.4495,0.0],[-55.7433,53.4523,0.8747],[-55.7522,53.4547,2.62],[-55.7511,53.4559,0.0],[-55.7544,53.4597,3.3836],[-55.7578,53.4608,22.0943],[-55.7568,53.4633,1.4211],[-55.7528,53.4622,19.4344],[-55.7522,53.46,0.0],[-55.7372,53.4611,0.0],[-55.7511,53.4678,0.0],[-55.7556,53.4658,3.1577],[-55.7578,53.4669,26.2927],[-55.7606,53.4724,4.4642],[-55.7732,53.4781,3.959],[-55.7777,53.4751,15.021],[-55.7783,53.4711,7.1027],[-55.7796,53.4735,1.4957],[-55.7885,53.4775,0.0],[-55.794,53.4758,0.7602],[-55.8086,53.4871,0.0],[-55.8189,53.4875,0.4218],[-55.8239,53.4903,0.8495],[-55.8289,53.49,1.4609],[-55.83,53.4892,0.0],[-55.8289,53.4864,0.0],[-55.815,53.4831,0.7726],[-55.8172,53.4817,0.0],[-55.8166,53.4806,0.0],[-55.8244,53.4797,0.0],[-55.8222,53.4781,0.6222],[-55.8244,53.4761,0.0],[-55.8306,53.4747,1.752],[-55.8511,53.4819,0.2787],[-55.8511,53.4836,0.0],[-55.8583,53.4867,0.4442],[-55.86,53.4859,0.0],[-55.8567,53.4827,0.0],[-55.8578,53.482,4.003],[-55.8628,53.4839,0.0],[-55.8706,53.4831,0.0],[-55.8744,53.4867,0.8165],[-55.88,53.4889,0.0],[-55.8794,53.492,0.0]]],
[[[-57.2867,53.5804,0.0],[-57.2842,53.5845,3.4176],[-57.2866,53.5855,0.0],[-57.2976,53.5837,9.6724],[-57.2967,53.5806,7.1501],[-57.2929,53.5787,0.0],[-57.2883,53.5782,0.0],[-57.2867,53.5804,0.0]]],
[[[-56.0838,53.5905,0.0],[-56.0851,53.5893,0.0],[-56.0835,53.5885,0.6591],[-56.0793,53.5894,3.3673],[-56.0812,53.5912,4.6874],[-56.0838,53.5905,0.0]]],
[[[-57.3258,53.5977,1.4236],[-57.3257,53.5954,0.0],[-57.3233,53.595,0.0],[-57.3228,53.5975,0.0],[-57.3258,53.5977,1.4236]]],
[[[-55.8955,53.5989,1.8843],[-55.8928,53.5969,0.0],[-55.8908,53.5978,0.0],[-55.8922,53.5995,2.1061],[-55.8955,53.5989,1.8843]]],
[[[-56.299,53.6229,3.7455],[-56.2926,53.6221,4.7726],[-56.2912,53.6251,6.9415],[-56.2989,53.6252,3.8128],[-56.299,53.6229,3.7455]]],
[[[-55.9062,53.5966,0.0],[-55.9041,53.597,1.3455],[-55.9028,53.5995,0.0],[-55.9074,53.6023,0.0],[-55.9118,53.5993,3.4514],[-55.9158,53.6001,13.1543],[-55.9291,53.5957,0.0],[-55.9258,53.593,5.0241],[-55.9192,53.5921,12.7487],[-55.9119,53.5965,2.783],[-55.9062,53.5966,0.0]]],
[[[-55.9323,53.6017,7.4294],[-55.9427,53.6024,0.4886],[-55.9436,53.5989,0.1864],[-55.9362,53.5967,0.0],[-55.9281,53.5989,2.5139],[-55.9323,53.6017,7.4294]]],
[[[-55.9226,53.6049,16.1828],[-55.9285,53.6062,0.0],[-55.9279,53.6003,2.5139],[-55.9244,53.5999,1.822],[-55.9226,53.6049,16.1828]]],
[[[-55.9466,53.5558,0.0],[-55.9475,53.5541,4.9086],[-55.9441,53.5549,3.0621],[-55.9446,53.556,3.0786],[-55.9466,53.5558,0.0]]],
[[[-57.2928,53.5647,12.2348],[-57.3006,53.5658,2.8453],[-57.2978,53.5617,5.3828],[-57.2872,53.5581,0.0],[-57.2888,53.5607,3.0453],[-57.2928,53.5625,26.5021],[-57.2928,53.5647,12.2348]]],
[[[-57.313,53.5559,11.1092],[-57.3079,53.5562,6.5112],[-57.3071,53.5581,3.4024],[-57.3092,53.559,1.0026],[-57.313,53.5559,11.1092]]],
[[[-55.904,53.5629,9.8176],[-55.9062,53.5659,2.1007],[-55.9142,53.5652,2.5489],[-55.9148,53.5635,3.7066],[-55.9124,53.5612,3.0523],[-55.9017,53.5596,2.5189],[-55.904,53.5629,9.8176]]],
[[[-55.9518,53.5655,0.0],[-55.966,53.574,4.5797],[-55.9654,53.5759,0.0],[-55.9821,53.5809,0.0],[-55.9952,53.5809,0.0],[-55.9985,53.5785,0.0],[-55.993899999999996,53.5729,2.0672],[-56.0,53.5751,0.8396],[-56.0029,53.5705,0.0],[-55.9978,53.5681,0.0],[-55.9905,53.5703,0.0],[-55.9911,53.5689,0.0],[-55.9895,53.5678,0.4075],[-55.9906,53.5664,0.0],[-55.9889,53.5653,0.0],[-55.9872,53.5592,0.979],[-55.978,53.5567,0.0],[-55.9726,53.5582,1.7675],[-55.9599,53.5559,0.0],[-55.9527,53.5574,1.1519],[-55.9502,53.5601,0.0],[-55.9518,53.5655,0.0]]],
[[[-57.0749,53.6777,5.6376],[-57.0752,53.6749,1.0862],[-57.0718,53.6767,2.4276],[-57.0725,53.678,3.3644],[-57.0749,53.6777,5.6376]]],
[[[-55.9537,53.6898,0.0],[-55.9497,53.689,5.0709],[-55.9487,53.6901,0.0],[-55.9548,53.692,4.9952],[-55.9537,53.6898,0.0]]],
[[[-55.9158,53.6902,9.2582],[-55.9087,53.693,1.8644],[-55.9162,53.6927,1.7763],[-55.9194,53.6901,11.0017],[-55.9187,53.6933,6.8106],[-55.9246,53.6931,1.9482],[-55.9265,53.6912,0.0],[-55.9254,53.6891,11.6065],[-55.9207,53.6895,8.2376],[-55.9192,53.6883,0.0],[-55.9158,53.6902,9.2582]]],
[[[-55.9022,53.6601,3.0445],[-55.8967,53.66,0.0],[-55.8931,53.6629,0.0],[-55.8986,53.6625,0.0],[-55.9022,53.6601,3.0445]]],
[[[-56.5834,53.6671,0.0],[-56.5854,53.6666,0.0],[-56.5869,53.6642,0.8988],[-56.5839,53.6642,1.1813],[-56.5834,53.6671,0.0]]],
[[[-55.9588,53.6707,1.2687],[-55.9596,53.6689,4.3009],[-55.9532,53.6727,2.5919],[-55.9549,53.6731,2.5919],[-55.9588,53.6707,1.2687]]],
[[[-55.9631,53.6684,2.5808],[-55.963,53.6669,0.0],[-55.961,53.6673,0.0],[-55.961,53.668,0.0],[-55.9631,53.6684,2.5808]]],
[[[-55.9733,53.6667,0.0],[-55.9694,53.6682,0.0],[-55.9739,53.6705,0.0],[-55.9775,53.6689,2.3632],[-55.9767,53.6668,0.8859],[-55.9733,53.6667,0.0]]],
[[[-55.9613,53.6717,1.2687],[-55.9575,53.6748,16.7553],[-55.9599,53.6762,1.7482],[-55.9652,53.6757,0.0],[-55.9699,53.6743,4.2342],[-55.9726,53.6711,6.4575],[-55.9661,53.6685,0.0],[-55.9621,53.6697,2.2394],[-55.9613,53.6717,1.2687]]],
[[[-55.9072,53.6898,0.0],[-55.9131,53.6905,3.0707],[-55.9174,53.6878,3.794],[-55.9191,53.6827,5.406],[-55.9208,53.684,0.0],[-55.9214,53.682,8.8692],[-55.9254,53.6817,18.4968],[-55.9294,53.6787,10.215],[-55.9305,53.6759,0.0],[-55.9292,53.6708,5.8154],[-55.9312,53.6677,0.2845],[-55.928,53.6653,0.0],[-55.9251,53.6663,10.9499],[-55.9243,53.665,1.1639],[-55.916,53.6651,0.0],[-55.9152,53.6675,8.4892],[-55.912,53.6681,3.6626],[-55.911,53.6663,0.0],[-55.9027,53.6642,16.2902],[-55.8965,53.6654,0.0],[-55.8974,53.667,6.0586],[-55.8956,53.6702,9.0247],[-55.9049,53.6706,11.9742],[-55.898,53.6723,15.776],[-55.8954,53.675,0.0],[-55.9052,53.6751,32.0567],[-55.9029,53.678,0.0],[-55.9063,53.6791,12.7792],[-55.898,53.681399999999996,6.8426],[-55.8983,53.683,1.0494],[-55.9017,53.6824,7.4559],[-55.899,53.6837,1.0494],[-55.8994,53.6863,7.0079],[-55.9074,53.6881,13.0616],[-55.9072,53.6898,0.0]]],
[[[-56.2472,53.7289,0.0],[-56.245,53.7278,1.8506],[-56.2412,53.7279,0.0],[-56.243899999999996,53.7297,4.0408],[-56.2472,53.7289,0.0]]],
[[[-56.2661,53.7314,4.1729],[-56.2672,53.7297,0.0],[-56.2589,53.7297,1.2899],[-56.2631,53.7315,3.4088],[-56.2661,53.7314,4.1729]]],
[[[-56.8946,53.7366,5.9242],[-56.8842,53.7331,2.2716],[-56.8802,53.7344,0.0],[-56.8829,53.7373,0.7408],[-56.8875,53.7385,12.6738],[-56.8933,53.7383,12.4375],[-56.8946,53.7366,5.9242]]],
[[[-56.8626,53.7361,9.5329],[-56.8617,53.7347,3.1628],[-56.8547,53.7342,1.6308],[-56.8533,53.7399,9.0147],[-56.8601,53.7401,15.4283],[-56.8627,53.7385,0.0],[-56.8626,53.7361,9.5329]]],
[[[-56.9464,53.7461,0.4831],[-56.9491,53.7455,0.0],[-56.9496,53.7449,0.356],[-56.9469,53.7446,0.0],[-56.9464,53.7461,0.4831]]],
[[[-56.2946,53.6873,1.634],[-56.2912,53.6911,2.9846],[-56.2917,53.6923,3.1726],[-56.3001,53.6943,1.0142],[-56.3094,53.6918,21.6068],[-56.3122,53.6853,1.0376],[-56.3001,53.6811,9.1872],[-56.2928,53.6805,13.3827],[-56.2907,53.6835,13.8459],[-56.2946,53.6873,1.634]]],
[[[-56.3832,53.6897,0.7404],[-56.3832,53.6885,0.277],[-56.3806,53.6883,0.7289],[-56.3777,53.6898,1.2566],[-56.3799,53.6908,0.916],[-56.3832,53.6897,0.7404]]],
[[[-56.5182,53.6951,3.6407],[-56.5286,53.6966,9.264],[-56.5425,53.6947,5.3111],[-56.5399,53.6911,10.8297],[-56.536,53.6895,0.0],[-56.5149,53.6919,2.5196],[-56.5182,53.6951,3.6407]]],
[[[-56.1791,53.6946,10.5616],[-56.1839,53.6981,4.4045],[-56.1903,53.6979,0.0],[-56.1909,53.6966,20.8251],[-56.1957,53.6957,9.1115],[-56.1889,53.6906,13.1939],[-56.1783,53.6928,21.3488],[-56.1791,53.6946,10.5616]]],
[[[-56.5405,53.7013,7.1365],[-56.5422,53.6985,1.7511],[-56.5349,53.701,2.3622],[-56.5368,53.7021,0.0],[-56.5405,53.7013,7.1365]]],
[[[-56.3017,53.7019,0.0],[-56.2983,53.7036,0.0],[-56.3011,53.705,0.0],[-56.3056,53.7028,0.0],[-56.3044,53.7011,0.0],[-56.3017,53.7019,0.0]]],
[[[-56.4916,53.714,3.318],[-56.4906,53.7155,2.21],[-56.5004,53.7153,8.5851],[-56.4976,53.7129,2.6857],[-56.4916,53.714,3.318]]],
[[[-57.0678,53.7292,1.1881],[-57.0774,53.7303,4.3101],[-57.0939,53.725,4.9964],[-57.0964,53.7265,5.0848],[-57.1039,53.7251,2.5092],[-57.0972,53.7178,2.0318],[-57.0882,53.7149,2.4949],[-57.0786,53.7145,3.0989],[-57.0745,53.7164,2.3985],[-57.0637,53.7265,1.6833],[-57.0638,53.7278,1.9385],[-57.0678,53.7292,1.1881]]],
[[[-56.6314,53.779,0.0],[-56.6394,53.781,3.5444],[-56.6457,53.7787,10.7332],[-56.6464,53.7756,17.3638],[-56.6441,53.7738,5.2378],[-56.6313,53.7728,1.4232],[-56.6228,53.7748,0.0],[-56.6235,53.7764,0.0],[-56.6314,53.779,0.0]]],
[[[-56.6184,53.7725,0.0],[-56.6136,53.7749,0.0],[-56.6183,53.775,1.4452],[-56.6194,53.7739,1.4452],[-56.6184,53.7725,0.0]]],
[[[-56.5813,53.7755,0.795],[-56.585,53.7779,5.534],[-56.5897,53.7783,8.0623],[-56.5994,53.7758,0.0],[-56.596,53.7725,0.9333],[-56.5905,53.7711,4.8467],[-56.5857,53.7712,2.1269],[-56.5813,53.7755,0.795]]],
[[[-56.7933,53.7828,2.4394],[-56.7939,53.7831,2.4394],[-56.7966,53.7827,0.0],[-56.7918,53.781,0.0],[-56.7933,53.7828,2.4394]]],
[[[-56.8303,53.7835,10.6318],[-56.8301,53.7859,3.3866],[-56.8381,53.786,1.4907],[-56.8401,53.7842,0.0],[-56.8396,53.7825,7.4412],[-56.837,53.7819,0.0],[-56.8303,53.7835,10.6318]]],
[[[-57.012,53.7965,1.7126],[-57.0105,53.7961,1.9013],[-57.0076,53.7962,1.7069],[-57.0137,53.7977,1.7334],[-57.012,53.7965,1.7126]]],
[[[-56.6167,53.7886,10.1621],[-56.6193,53.7861,1.2944],[-56.6155,53.785,0.0],[-56.6134,53.786,0.8658],[-56.6136,53.788,0.0],[-56.6167,53.7886,10.1621]]],
[[[-56.3252,53.8065,1.7909],[-56.3233,53.805,0.0],[-56.3211,53.8055,0.0],[-56.3227,53.8086,0.0],[-56.3251,53.8095,1.4904],[-56.3266,53.8084,0.0],[-56.3252,53.8065,1.7909]]],
[[[-56.8678,53.8219,0.0],[-56.8629,53.8218,0.0],[-56.8605,53.8239,0.0],[-56.8677,53.8258,0.0],[-56.8703,53.8243,7.3362],[-56.8678,53.8219,0.0]]],
[[[-56.8639,53.8287,0.3897],[-56.8628,53.8264,0.0],[-56.8589,53.8253,0.0],[-56.8519,53.8299,1.8773],[-56.8547,53.8308,1.7691],[-56.8639,53.8287,0.3897]]],
[[[-56.8989,53.84,0.0],[-56.8951,53.8395,0.4385],[-56.8911,53.8411,0.0],[-56.8956,53.8414,4.6704],[-56.8989,53.84,0.0]]],
[[[-56.9636,53.838,3.3615],[-56.967,53.8388,0.0],[-56.9709,53.8386,1.0349],[-56.9658,53.8362,2.743],[-56.9636,53.838,3.3615]]],
[[[-56.9343,53.837,0.6256],[-56.9456,53.8399,5.1905],[-56.9481,53.8387,6.7344],[-56.9478,53.8373,6.7344],[-56.9385,53.8359,3.1598],[-56.9343,53.837,0.6256]]],
[[[-56.5787,53.824,1.2123],[-56.5803,53.8226,7.475],[-56.5795,53.8217,1.0916],[-56.5766,53.8219,0.0],[-56.576,53.8243,0.0],[-56.5787,53.824,1.2123]]],
[[[-56.3853,53.8235,0.0],[-56.3836,53.8193,1.1678],[-56.3782,53.8195,0.0],[-56.3763,53.8293,0.0],[-56.3829,53.8285,29.9681],[-56.3853,53.8235,0.0]]],
[[[-56.357,53.7919,4.8519],[-56.3675,53.7951,0.6812],[-56.378,53.7945,0.0],[-56.3783,53.7925,3.0892],[-56.3717,53.7901,10.5427],[-56.3771,53.79,8.483],[-56.3844,53.7869,2.4565],[-56.3797,53.782,4.4129],[-56.3857,53.776,0.0],[-56.3856,53.7744,0.0],[-56.3833,53.7725,1.045],[-56.3761,53.7733,0.5972],[-56.3719,53.7705,3.2942],[-56.3658,53.7704,0.0],[-56.3512,53.7767,1.0745],[-56.3404,53.7767,0.0],[-56.3344,53.7792,0.0],[-56.3372,53.7839,10.303],[-56.3349,53.7878,0.0],[-56.337,53.7891,0.0],[-56.357,53.7919,4.8519]]],
[[[-56.4439,53.7895,0.0],[-56.4444,53.7869,0.0],[-56.4428,53.7863,0.0],[-56.4365,53.7887,0.0],[-56.4374,53.7905,0.0],[-56.4439,53.7895,0.0]]],
[[[-56.819,53.7988,1.6956],[-56.8251,53.8008,0.9134],[-56.8287,53.7964,0.2925],[-56.8267,53.7946,5.3067],[-56.8176,53.7951,0.0],[-56.8083,53.7927,0.7769],[-56.8006,53.7944,0.0],[-56.8022,53.7956,0.0],[-56.8113,53.7945,12.0734],[-56.819,53.7988,1.6956]]],
[[[-56.8283,53.7875,3.7791],[-56.825,53.7889,0.0],[-56.8278,53.7897,0.0],[-56.8294,53.7887,3.7791],[-56.8283,53.7875,3.7791]]],
[[[-56.7444,53.7916,5.7278],[-56.7527,53.7925,0.0],[-56.7547,53.791,1.283],[-56.754,53.7891,2.0333],[-56.7467,53.7881,0.0],[-56.7437,53.7893,7.901],[-56.7444,53.7916,5.7278]]],
[[[-56.6114,53.7856,6.52],[-56.6139,53.7823,0.555],[-56.6063,53.7869,0.8024],[-56.5963,53.7983,6.9264],[-56.6023,53.7972,0.9723],[-56.6079,53.7916,0.0],[-56.6094,53.7864,6.52],[-56.6114,53.7856,6.52]]],
[[[-56.5163,53.7938,0.0],[-56.5156,53.7923,2.2406],[-56.5127,53.7922,7.9726],[-56.5091,53.7944,2.6269],[-56.5107,53.7952,2.6269],[-56.5163,53.7938,0.0]]],
[[[-56.3394,53.813,4.6992],[-56.3461,53.8144,6.1596],[-56.3468,53.8172,0.0],[-56.3493,53.8159,0.0],[-56.3487,53.8124,0.8957],[-56.3456,53.8106,14.2794],[-56.34,53.8105,14.3765],[-56.3373,53.8125,0.0],[-56.3394,53.813,4.6992]]],
[[[-56.5125,53.7975,6.056],[-56.5063,53.7976,0.0],[-56.5125,53.7997,2.8889],[-56.5149,53.7984,0.0],[-56.5125,53.7975,6.056]]],
[[[-56.3831,53.799,2.1303],[-56.3849,53.7959,1.9596],[-56.3831,53.7943,3.1815],[-56.3694,53.798,0.0],[-56.3753,53.8002,2.6033],[-56.3752,53.8047,4.9403],[-56.3777,53.8061,0.0],[-56.3821,53.8041,2.0901],[-56.3831,53.799,2.1303]]],
[[[-56.4479,53.8025,0.0],[-56.4424,53.8078,0.0],[-56.4456,53.8092,3.3304],[-56.4561,53.8072,0.0],[-56.4602,53.8018,6.2864],[-56.4577,53.798,0.0],[-56.4505,53.7998,0.0],[-56.4479,53.8025,0.0]]],
[[[-56.4322,53.8053,3.9643],[-56.4383,53.8009,2.6325],[-56.4377,53.7995,1.1789],[-56.4261,53.8055,0.0],[-56.4228,53.8089,3.3775],[-56.4272,53.8092,0.0],[-56.4322,53.8053,3.9643]]],
[[[-56.3894,53.8239,13.7286],[-56.3902,53.8269,0.5781],[-56.3876,53.8284,5.9619],[-56.3919,53.8309,2.311],[-56.4061,53.8275,0.0],[-56.4072,53.8264,3.075],[-56.4059,53.8228,0.0],[-56.4122,53.8214,8.483],[-56.415,53.8172,4.0532],[-56.4144,53.8128,4.8891],[-56.4183,53.8103,0.0],[-56.4206,53.806399999999996,7.2087],[-56.4317,53.7994,1.5242],[-56.4289,53.7961,5.9795],[-56.4309,53.7933,0.0],[-56.4303,53.7907,10.238],[-56.4251,53.7891,0.5736],[-56.4063,53.7947,1.2757],[-56.4061,53.7977,8.9514],[-56.4038,53.8002,2.4054],[-56.4075,53.8018,10.2061],[-56.4051,53.8059,1.8592],[-56.3973,53.8117,1.4421],[-56.3924,53.8109,0.0],[-56.389,53.8138,5.1472],[-56.3907,53.8187,0.0],[-56.3894,53.8239,13.7286]]],
[[[-56.6337,53.7587,0.0],[-56.621,53.7666,1.4657],[-56.6258,53.7669,10.3322],[-56.6333,53.7635,2.1146],[-56.6383,53.7659,0.0],[-56.6407,53.7621,0.0],[-56.6483,53.7564,10.4412],[-56.6505,53.7505,5.0367],[-56.6466,53.7461,0.0],[-56.6429,53.7471,13.8127],[-56.6402,53.7505,0.0],[-56.6409,53.7532,12.6991],[-56.6337,53.7587,0.0]]],
[[[-56.7789,53.7545,8.0359],[-56.769,53.7562,7.3466],[-56.7722,53.7601,8.702],[-56.7817,53.7597,4.8215],[-56.7922,53.7528,3.1042],[-56.7906,53.7508,9.5874],[-56.7939,53.7495,0.0],[-56.7933,53.7466,0.0],[-56.7784,53.7409,1.4993],[-56.7741,53.7415,0.5757],[-56.7724,53.7454,9.063],[-56.7745,53.7503,3.5784],[-56.7767,53.7519,1.9581],[-56.7861,53.7519,7.3652],[-56.7844,53.7544,3.3431],[-56.7789,53.7545,8.0359]]],
[[[-56.8002,53.7583,0.0],[-56.8072,53.7601,5.472],[-56.8222,53.7586,5.9517],[-56.8244,53.7578,1.1279],[-56.8233,53.7561,21.7143],[-56.825,53.7539,7.1187],[-56.8204,53.7519,0.0],[-56.8172,53.7528,6.3098],[-56.8042,53.7508,10.7403],[-56.8023,53.7515,0.0],[-56.8033,53.7551,22.7498],[-56.8002,53.7583,0.0]]],
[[[-56.34,53.7624,0.0],[-56.3386,53.7604,0.0],[-56.3344,53.7622,0.0],[-56.3366,53.7637,3.3831],[-56.34,53.7624,0.0]]],
[[[-56.9572,53.8144,0.0],[-56.9667,53.8156,0.0],[-56.9842,53.8104,27.054],[-56.9905,53.8123,0.0],[-56.9974,53.8094,7.0811],[-56.9955,53.8075,10.1356],[-56.9967,53.806399999999996,8.9743],[-57.0083,53.8053,17.2341],[-57.0089,53.8039,1.1997],[-57.0061,53.8025,3.5122],[-56.9934,53.7994,4.8057],[-56.9933,53.7978,1.1229],[-57.0115,53.7894,1.497],[-57.0132,53.787,0.0],[-57.0085,53.7845,3.9301],[-57.0,53.785,1.6546],[-56.9873,53.7754,3.7715],[-56.9901,53.7724,1.2454],[-57.0053,53.7693,0.0],[-57.0047,53.7678,0.0],[-56.9894,53.7664,3.3282],[-56.9878,53.765,18.0062],[-56.9878,53.7637,6.6892],[-56.9928,53.7611,0.8689],[-57.0,53.7601,9.0342],[-57.0052,53.7553,0.0],[-57.0,53.7531,0.1581],[-56.9944,53.7545,0.6943],[-56.9922,53.7556,0.0],[-56.993899999999996,53.7575,3.561],[-56.9898,53.761,2.92],[-56.9722,53.7564,2.1472],[-56.9694,53.7572,8.7943],[-56.9661,53.7547,0.0],[-56.9633,53.7556,12.4058],[-56.9511,53.7511,9.8724],[-56.9569,53.7471,6.117],[-56.943,53.7489,4.856],[-56.937,53.7474,3.9355],[-56.9197,53.7528,1.0945],[-56.9128,53.7575,0.3368],[-56.9122,53.7589,0.0],[-56.9161,53.7597,2.0342],[-56.9183,53.7647,0.2429],[-56.9239,53.7683,4.4522],[-56.9228,53.7692,7.6165],[-56.902,53.768,0.5652],[-56.8933,53.7653,0.0],[-56.8802,53.7671,8.8733],[-56.8792,53.766,6.155],[-56.8813,53.7645,1.154],[-56.8783,53.7637,0.0],[-56.8671,53.7663,4.0692],[-56.8632,53.7657,6.9274],[-56.8562,53.7721,0.0],[-56.8611,53.7758,7.4297],[-56.8467,53.7817,0.0],[-56.8395,53.7889,5.5582],[-56.8344,53.79,0.0],[-56.8339,53.7922,3.4536],[-56.8288,53.7931,3.5528],[-56.8256,53.7906,1.2388],[-56.8211,53.7919,0.0],[-56.8427,53.8013,4.4884],[-56.8661,53.806399999999996,7.4491],[-56.8728,53.8069,36.1843],[-56.8878,53.8035,44.1424],[-56.9006,53.8061,0.0],[-56.9117,53.8006,0.0],[-56.93,53.8033,26.689],[-56.9393,53.8075,1.5026],[-56.9544,53.8108,0.0],[-56.9556,53.8114,15.252],[-56.9544,53.8139,0.0],[-56.9572,53.8144,0.0]]],
[[[-56.9524,53.8667,0.0],[-56.9484,53.8672,0.0],[-56.9464,53.8688,0.0],[-56.9561,53.8684,0.0],[-56.9524,53.8667,0.0]]],
[[[-56.9826,53.8707,2.0107],[-56.9838,53.869,16.7875],[-56.9794,53.867,0.0],[-56.9741,53.8687,0.0],[-56.9783,53.8712,2.0577],[-56.9826,53.8707,2.0107]]],
[[[-57.0708,53.87,11.996],[-57.0736,53.8682,0.0],[-57.066,53.8709,0.0],[-57.0673,53.8711,7.3712],[-57.0708,53.87,11.996]]],
[[[-57.0869,53.8693,5.7007],[-57.0826,53.8678,1.917],[-57.0851,53.8717,5.7078],[-57.0876,53.8715,5.7078],[-57.0869,53.8693,5.7007]]],
[[[-56.9796,53.8611,7.4307],[-56.9733,53.8636,0.0],[-56.9849,53.8622,0.0],[-56.9897,53.8595,4.8085],[-56.9915,53.8561,1.5239],[-56.9883,53.8562,8.4021],[-56.9796,53.8611,7.4307]]],
[[[-57.0472,53.8638,0.0],[-57.0465,53.8622,7.0352],[-57.0443,53.8628,6.7842],[-57.0447,53.864,0.0],[-57.0472,53.8638,0.0]]],
[[[-57.0946,53.8653,0.0],[-57.0931,53.8663,0.0],[-57.0948,53.8679,5.8408],[-57.101,53.8673,2.8887],[-57.0979,53.8652,0.0],[-57.0946,53.8653,0.0]]],
[[[-56.996,53.8877,0.0],[-56.9977,53.8891,2.0041],[-56.9994,53.8867,0.0],[-56.997,53.8867,0.0],[-56.996,53.8877,0.0]]],
[[[-56.9388,53.8919,0.0],[-56.9411,53.8939,0.0],[-56.957,53.8925,1.7089],[-56.9502,53.8916,0.0],[-56.9388,53.8919,0.0]]],
[[[-57.0972,53.8941,3.3649],[-57.0959,53.8947,3.3649],[-57.1023,53.8956,0.0],[-57.1095,53.8921,0.0],[-57.1163,53.8911,0.8004],[-57.1104,53.8902,0.0],[-57.0972,53.8941,3.3649]]],
[[[-56.967,53.9014,0.0],[-56.9685,53.9028,0.0],[-56.9738,53.9027,0.0],[-56.9806,53.899,0.0],[-56.9789,53.8971,12.0935],[-56.9743,53.8963,0.0],[-56.9689,53.8978,2.0812],[-56.967,53.9014,0.0]]],
[[[-56.9832,53.9272,0.0],[-56.9894,53.9275,0.0],[-56.9958,53.9249,2.5579],[-56.9965,53.922,0.0],[-56.9914,53.9201,0.0],[-56.9862,53.9209,0.0],[-56.9884,53.922,16.8927],[-56.9864,53.9236,0.0],[-56.9887,53.9236,4.0075],[-56.9885,53.9248,6.5578],[-56.9822,53.9265,0.0],[-56.9832,53.9272,0.0]]],
[[[-57.0077,53.8886,9.9684],[-57.0034,53.8869,1.9521],[-57.0024,53.8901,4.6166],[-57.0043,53.8909,1.9338],[-57.0077,53.8886,9.9684]]],
[[[-56.9967,53.8909,1.9315],[-56.9949,53.8885,0.0],[-56.9937,53.8896,5.2253],[-56.9947,53.891,1.3381],[-56.9967,53.8909,1.9315]]],
[[[-56.9624,53.9308,0.0],[-56.9611,53.9322,0.0],[-56.9682,53.9341,0.0],[-56.9721,53.9331,0.0],[-56.9767,53.9294,1.0966],[-56.9725,53.9284,0.0],[-56.9673,53.9315,7.3399],[-56.9624,53.9308,0.0]]],
[[[-56.5131,53.9351,5.2372],[-56.5158,53.9369,17.6483],[-56.5228,53.9374,1.2025],[-56.5259,53.937,1.8472],[-56.528,53.9339,0.0],[-56.5161,53.9322,10.9715],[-56.5122,53.9331,0.0],[-56.5131,53.9351,5.2372]]],
[[[-56.5093,53.9419,0.6801],[-56.5048,53.9412,1.0057],[-56.5039,53.9424,1.5834],[-56.5055,53.9435,1.5834],[-56.5093,53.9419,0.6801]]],
[[[-56.5141,53.9417,8.0025],[-56.5168,53.9405,0.0],[-56.5161,53.9395,0.0],[-56.5115,53.941,1.4199],[-56.5141,53.9417,8.0025]]],
[[[-56.5522,53.9393,0.5889],[-56.556399999999996,53.9408,2.7843],[-56.5597,53.9455,0.0],[-56.5661,53.9467,17.0633],[-56.5717,53.9422,0.0],[-56.5711,53.9413,0.7455],[-56.5743,53.9405,0.0],[-56.5661,53.9353,0.0],[-56.5511,53.9339,1.1419],[-56.5494,53.9361,0.0],[-56.5522,53.9393,0.5889]]],
[[[-56.8794,53.9431,0.0],[-56.8777,53.9425,0.9154],[-56.8711,53.9445,0.0],[-56.8761,53.9453,0.8429],[-56.8794,53.9431,0.0]]],
[[[-56.5048,53.9465,4.4772],[-56.5127,53.9455,7.5636],[-56.5096,53.9435,0.0],[-56.5038,53.9449,0.0],[-56.5048,53.9465,4.4772]]],
[[[-56.5182,53.9446,9.0983],[-56.5191,53.9434,0.0],[-56.5151,53.9438,9.0983],[-56.5133,53.9468,7.9036],[-56.5176,53.9466,6.0952],[-56.5182,53.9446,9.0983]]],
[[[-56.8739,53.9481,0.0],[-56.8719,53.9488,0.0],[-56.8761,53.9497,0.0],[-56.881,53.9486,0.5967],[-56.8794,53.9472,0.5967],[-56.8739,53.9481,0.0]]],
[[[-56.5337,54.0019,2.7489],[-56.5397,54.0027,2.2956],[-56.5423,54.0009,2.0416],[-56.5328,54.0009,0.0],[-56.5337,54.0019,2.7489]]],
[[[-57.1223,54.0225,0.0],[-57.1323,54.0243,0.0],[-57.1351,54.0174,5.3316],[-57.1299,54.0171,4.2273],[-57.1262,54.0193,1.7519],[-57.1273,54.0203,1.7519],[-57.1223,54.0225,0.0]]],
[[[-57.0704,53.8776,1.247],[-57.0657,53.8788,0.0],[-57.0743,53.8815,6.0226],[-57.0815,53.8794,3.217],[-57.085,53.8767,0.0],[-57.0823,53.8739,21.6526],[-57.0743,53.8737,0.0],[-57.0711,53.8753,0.0],[-57.0704,53.8776,1.247]]],
[[[-56.9222,53.8818,0.0],[-56.9212,53.8832,0.7742],[-56.9272,53.8837,19.4244],[-56.9332,53.8828,0.0],[-56.9338,53.8816,0.0],[-56.9253,53.8805,5.21],[-56.9222,53.8818,0.0]]],
[[[-56.9115,53.8823,2.9988],[-56.9099,53.8838,0.0],[-56.916,53.8842,0.0],[-56.9187,53.8827,0.0],[-56.9138,53.8814,0.0],[-56.9115,53.8823,2.9988]]],
[[[-56.9833,53.8475,0.0],[-56.9845,53.8478,0.0],[-56.9872,53.8461,0.7282],[-56.9843,53.8458,1.6932],[-56.9833,53.8475,0.0]]],
[[[-56.9067,53.8531,4.0979],[-56.9134,53.8549,2.599],[-56.9234,53.855,10.6829],[-56.9416,53.8517,48.5027],[-56.9776,53.8487,23.8206],[-56.9811,53.8471,0.0],[-56.9777,53.8452,16.8761],[-56.9844,53.8424,0.7126],[-56.9786,53.8406,6.9498],[-56.9622,53.8421,29.3048],[-56.954,53.8403,0.0],[-56.9404,53.8413,0.0],[-56.9156,53.8397,0.0],[-56.9042,53.842,0.0],[-56.9011,53.8442,0.4911],[-56.9022,53.8461,0.769],[-56.9117,53.8503,5.0956],[-56.9067,53.8531,4.0979]]],
[[[-56.9971,53.8504,0.0],[-56.995,53.8498,0.0],[-56.9905,53.8521,0.0],[-56.993899999999996,53.8523,0.0],[-56.9971,53.8504,0.0]]],
[[[-56.8783,53.8559,0.0],[-56.8889,53.8634,4.9886],[-56.8941,53.8599,1.5549],[-56.9027,53.8594,0.0],[-56.9057,53.8551,21.4687],[-56.9051,53.8534,0.0],[-56.8897,53.8513,1.5395],[-56.8821,53.8461,1.7001],[-56.8735,53.8484,0.0],[-56.8742,53.8515,2.5142],[-56.8783,53.8559,0.0]]],
[[[-57.102,53.8589,0.0],[-57.1107,53.8611,0.0],[-57.1146,53.86,0.6208],[-57.1068,53.8537,0.0],[-57.0986,53.8563,2.8043],[-57.102,53.8589,0.0]]],
[[[-57.0191,53.8629,11.6737],[-57.0306,53.8661,0.0],[-57.0399,53.8651,0.0],[-57.0411,53.8645,0.0],[-57.0386,53.8626,2.4535],[-57.0387,53.8606,0.0],[-57.0433,53.8587,19.7898],[-57.055,53.8609,3.2377],[-57.0533,53.8649,0.0],[-57.0712,53.8643,2.9577],[-57.0787,53.8575,16.2199],[-57.0738,53.8522,3.961],[-57.069,53.8506,3.9846],[-57.049,53.8505,12.0162],[-57.0406,53.8479,2.9778],[-57.0208,53.8507,2.2987],[-57.0047,53.8569,10.4023],[-57.0089,53.8604,24.6903],[-57.0191,53.8629,11.6737]]],
[[[-56.9585,53.8633,1.2254],[-56.9572,53.8655,0.0],[-56.9645,53.8661,2.6951],[-56.9867,53.8553,0.0],[-56.9817,53.8532,0.0],[-56.9756,53.854,4.1726],[-56.9695,53.8561,0.8456],[-56.9585,53.8633,1.2254]]],
[[[-56.3529,53.6462,0.7827],[-56.3506,53.6444,5.3348],[-56.3412,53.6478,6.5155],[-56.3503,53.6505,0.0],[-56.3529,53.6462,0.7827]]],
[[[-56.5565,53.6519,0.0],[-56.5532,53.6523,0.3929],[-56.5547,53.6538,0.0],[-56.5598,53.6528,2.1573],[-56.5586,53.6519,0.0],[-56.5565,53.6519,0.0]]],
[[[-55.889,53.6575,1.0215],[-55.9004,53.6586,14.2271],[-55.9035,53.6578,14.2271],[-55.9056,53.654,16.0184],[-55.9025,53.6512,4.3076],[-55.897,53.6517,6.729],[-55.895,53.6501,0.0],[-55.8924,53.652,0.0],[-55.8937,53.6547,7.3647],[-55.8901,53.6551,0.0],[-55.889,53.6575,1.0215]]],
[[[-55.9937,53.6581,11.7241],[-56.0,53.6595,0.0],[-56.0056,53.6572,0.0],[-55.9975,53.6543,0.0],[-55.9923,53.6553,0.0],[-55.9937,53.6581,11.7241]]],
[[[-56.3149,53.6582,7.9321],[-56.3157,53.657,0.0],[-56.3143,53.6559,6.2],[-56.3058,53.654,36.0153],[-56.3031,53.657,27.071],[-56.3048,53.6609,9.6813],[-56.3119,53.6644,14.972],[-56.3139,53.6639,0.0],[-56.3167,53.6598,2.5045],[-56.3149,53.6582,7.9321]]],
[[[-56.5356,53.6713,2.0251],[-56.5389,53.6723,0.0],[-56.5497,53.6671,4.9497],[-56.5625,53.6644,0.0],[-56.5549,53.661,5.9126],[-56.5539,53.6603,1.6822],[-56.5556,53.6589,1.3931],[-56.5542,53.6583,0.0],[-56.5346,53.657,0.0],[-56.5323,53.6554,5.4735],[-56.5327,53.6514,0.9782],[-56.5263,53.6494,0.3785],[-56.521,53.6498,3.2069],[-56.5118,53.6463,0.3189],[-56.4922,53.6511,1.1039],[-56.4873,53.655,0.0],[-56.4944,53.6606,2.3571],[-56.495,53.6619,2.3571],[-56.4906,53.6632,5.9405],[-56.4926,53.6649,7.9068],[-56.5105,53.6653,7.6715],[-56.5267,53.6716,1.6357],[-56.5356,53.6713,2.0251]]],
[[[-56.0606,53.66,0.0],[-56.0607,53.6571,0.0],[-56.0572,53.6562,1.9765],[-56.0517,53.6586,0.0],[-56.0469,53.6645,3.546],[-56.0495,53.6661,1.7088],[-56.0546,53.6653,26.0908],[-56.0602,53.6619,0.0],[-56.0606,53.66,0.0]]],
[[[-57.0516,53.6973,12.6603],[-57.0389,53.7097,8.5825],[-57.0377,53.7146,9.8131],[-57.0423,53.7152,11.9895],[-57.051,53.7133,3.2744],[-57.0768,53.701,1.1166],[-57.0867,53.7036,3.9841],[-57.1289,53.7061,6.0042],[-57.1616,53.6795,0.0],[-57.1721,53.6637,2.8448],[-57.1721,53.6595,1.3212],[-57.163,53.6542,3.1929],[-57.1313,53.6482,0.0],[-57.1167,53.6474,9.681],[-57.1124,53.6437,0.0],[-57.1105,53.6439,1.8243],[-57.1079,53.6451,1.8243],[-57.1091,53.647,3.1685],[-57.1081,53.6478,10.8079],[-57.0956,53.6487,0.0],[-57.091,53.6539,0.0],[-57.0831,53.6588,8.8998],[-57.0766,53.6675,0.0],[-57.0832,53.6725,7.9244],[-57.0813,53.6801,1.051],[-57.0699,53.6864,1.4112],[-57.0638,53.6927,10.9028],[-57.0571,53.6967,0.0],[-57.0516,53.6973,12.6603]]]]}}