{"type": "Feature","bbox": [-127.7527,50.5123,-125.2023,52.0119],"geometry": {"type": "MultiPolygon","coordinates": [[[[-126.4117,50.5177,0.2336],[-126.41,50.5161,0.0],[-126.4072,50.5172,0.0],[-126.41,50.5183,1.0398],[-126.4117,50.5177,0.2336]]],
[[[-126.5548,50.5221,0.0],[-126.5594,50.5222,0.0],[-126.5607,50.5209,0.0],[-126.5537,50.5211,1.7722],[-126.5548,50.5221,0.0]]],
[[[-126.6279,50.5308,1.5027],[-126.6283,50.5294,0.708],[-126.6247,50.5302,0.0],[-126.6271,50.5314,1.5027],[-126.6279,50.5308,1.5027]]],
[[[-126.6339,50.5336,0.0],[-126.6317,50.5342,0.0],[-126.64,50.535,0.0],[-126.6372,50.5331,0.0],[-126.6339,50.5336,0.0]]],
[[[-126.2753,50.548,0.0],[-126.2757,50.5494,0.0],[-126.2778,50.5486,5.0148],[-126.2772,50.5478,5.0148],[-126.2753,50.548,0.0]]],
[[[-126.5533,50.5536,3.2204],[-126.5594,50.5544,11.1395],[-126.5639,50.5531,0.0],[-126.5556,50.5531,3.2204],[-126.5533,50.5536,3.2204]]],
[[[-126.2714,50.5638,2.5099],[-126.2696,50.5623,4.7225],[-126.2683,50.5633,4.7225],[-126.2701,50.5642,0.0],[-126.2714,50.5638,2.5099]]],
[[[-126.6948,50.5619,3.664],[-126.695,50.5586,0.0],[-126.6906,50.5611,0.2737],[-126.6917,50.5636,1.8356],[-126.6948,50.5619,3.664]]],
[[[-126.4906,50.5633,0.5186],[-126.4906,50.5647,20.9676],[-126.4944,50.565,4.6714],[-126.4922,50.5631,0.5186],[-126.4906,50.5633,0.5186]]],
[[[-126.4902,50.559,4.1114],[-126.4919,50.5616,16.4134],[-126.4968,50.5587,0.0],[-126.4934,50.5576,13.5019],[-126.4902,50.559,4.1114]]],
[[[-126.4844,50.5593,11.1257],[-126.4829,50.5598,11.1257],[-126.4844,50.561,4.4641],[-126.4897,50.5607,16.3314],[-126.4875,50.5591,22.1672],[-126.4844,50.5593,11.1257]]],
[[[-126.5044,50.5617,6.8696],[-126.5011,50.5644,17.6886],[-126.5061,50.5658,0.0],[-126.5139,50.5608,0.0],[-126.5201,50.5596,16.5649],[-126.5169,50.5584,0.0],[-126.5083,50.5606,29.3516],[-126.505,50.5592,0.0],[-126.5033,50.5603,3.5276],[-126.5044,50.5617,6.8696]]],
[[[-126.4706,50.5628,13.3196],[-126.4667,50.5639,0.0],[-126.4722,50.5675,0.949],[-126.4894,50.5667,0.0],[-126.4872,50.5631,5.0989],[-126.4817,50.5611,10.6285],[-126.4767,50.5603,0.0],[-126.4706,50.5628,13.3196]]],
[[[-127.327,51.1906,0.0],[-127.3238,51.1906,0.0],[-127.3406,51.1944,0.0],[-127.3447,51.1941,0.0],[-127.3461,51.1914,3.9703],[-127.3439,51.1903,0.0],[-127.327,51.1906,0.0]]],
[[[-127.4178,51.1736,2.7475],[-127.4117,51.1719,0.0],[-127.4122,51.1742,0.0],[-127.4154,51.1752,4.0319],[-127.4178,51.1736,2.7475]]],
[[[-127.538,51.0975,9.8265],[-127.5467,51.0997,2.2929],[-127.5544,51.0978,3.1156],[-127.5488,51.0982,4.9993],[-127.5422,51.0944,3.0838],[-127.538,51.0975,9.8265]]],
[[[-127.69,51.0989,0.0],[-127.6924,51.0978,0.0],[-127.6872,51.0972,0.0],[-127.6872,51.0975,0.0],[-127.69,51.0989,0.0]]],
[[[-127.594,51.1324,1.5762],[-127.5938,51.1311,4.5969],[-127.5883,51.1317,5.7662],[-127.59,51.1322,0.0],[-127.594,51.1324,1.5762]]],
[[[-127.4411,51.1664,0.0],[-127.4433,51.1664,0.0],[-127.4439,51.1647,0.0],[-127.4394,51.1647,0.0],[-127.4411,51.1664,0.0]]],
[[[-127.6311,51.0572,0.0],[-127.6278,51.0586,0.0],[-127.6344,51.0592,0.0],[-127.6333,51.0581,0.0],[-127.6311,51.0572,0.0]]],
[[[-127.6095,51.0684,0.0],[-127.6117,51.0683,0.0],[-127.6125,51.0678,0.0],[-127.6105,51.067,0.0],[-127.6095,51.0684,0.0]]],
[[[-127.275,51.0861,10.2138],[-127.2711,51.085,0.0],[-127.2763,51.0877,0.0],[-127.277,51.0866,0.0],[-127.275,51.0861,10.2138]]],
[[[-127.3833,51.0875,5.0803],[-127.3794,51.0889,0.0],[-127.3856,51.09,7.2394],[-127.3861,51.0881,0.0],[-127.3833,51.0875,5.0803]]],
[[[-127.6165,51.0846,7.7799],[-127.6211,51.0847,19.4772],[-127.6229,51.087,8.833],[-127.635,51.0861,0.0],[-127.6406,51.0844,4.9858],[-127.6456,51.0797,0.0],[-127.6383,51.0775,0.0],[-127.6294,51.0814,0.0],[-127.6217,51.0811,0.0],[-127.6183,51.0806,10.424],[-127.6194,51.0792,0.0],[-127.6133,51.08,0.0],[-127.6094,51.0775,5.9315],[-127.6078,51.0783,0.0],[-127.6092,51.0824,16.9282],[-127.6044,51.0831,11.5065],[-127.605,51.0808,8.9872],[-127.6017,51.0803,0.0],[-127.5918,51.0844,0.0],[-127.5939,51.0861,7.3288],[-127.5994,51.0864,10.8152],[-127.6061,51.0858,0.0],[-127.6067,51.0844,5.0709],[-127.6117,51.0857,0.0],[-127.6165,51.0846,7.7799]]],
[[[-127.5167,51.0906,0.0],[-127.5178,51.09,0.0],[-127.5156,51.0878,0.0],[-127.5122,51.0889,3.6088],[-127.5134,51.0914,4.3625],[-127.5167,51.0906,0.0]]],
[[[-127.5261,51.0131,18.9762],[-127.5254,51.017,8.9689],[-127.5286,51.0171,0.0],[-127.5344,51.0125,4.3723],[-127.5386,51.0124,0.0],[-127.5433,51.0089,7.8568],[-127.5394,51.0053,0.0],[-127.5362,51.0087,3.9895],[-127.535,51.0056,1.0034],[-127.5267,51.0103,2.2776],[-127.5261,51.0131,18.9762]]],
[[[-127.6911,51.0258,0.0],[-127.6928,51.025,0.0],[-127.6867,51.0242,0.0],[-127.6889,51.0267,0.0],[-127.6911,51.0258,0.0]]],
[[[-127.7339,51.0319,1.0616],[-127.7406,51.0319,14.9439],[-127.7444,51.0339,0.0],[-127.7483,51.0325,0.0],[-127.7361,51.0294,4.0967],[-127.7339,51.0267,0.0],[-127.7272,51.0242,5.6648],[-127.7144,51.0214,0.0],[-127.7094,51.0228,0.0],[-127.7065,51.0191,0.0],[-127.7039,51.0205,4.3275],[-127.7039,51.0222,1.1105],[-127.7083,51.0253,0.0],[-127.7117,51.0244,3.4019],[-127.7194,51.0278,0.0],[-127.7222,51.0261,0.0],[-127.7233,51.0283,2.2891],[-127.7289,51.0292,3.0175],[-127.7339,51.0319,1.0616]]],
[[[-127.5658,51.0298,9.8049],[-127.57,51.0308,0.0],[-127.5722,51.0283,0.0],[-127.5756,51.0289,0.0],[-127.5778,51.0275,0.0],[-127.5728,51.0264,0.0],[-127.5694,51.0278,2.0888],[-127.5667,51.0258,0.0],[-127.5639,51.0267,0.0],[-127.5658,51.0298,9.8049]]],
[[[-127.6917,51.0172,0.0],[-127.6894,51.0183,0.0],[-127.6944,51.02,0.0],[-127.6967,51.0192,0.0],[-127.6928,51.0169,0.0],[-127.6917,51.0172,0.0]]],
[[[-127.5811,51.0175,0.0],[-127.5806,51.0194,0.0],[-127.585,51.0189,0.0],[-127.5844,51.0178,0.0],[-127.5811,51.0175,0.0]]],
[[[-127.5476,51.0365,9.0671],[-127.5495,51.0354,0.0],[-127.5443,51.0346,0.0],[-127.5398,51.0367,0.0],[-127.5435,51.0383,0.0],[-127.5476,51.0365,9.0671]]],
[[[-127.5939,51.0408,0.0],[-127.5917,51.0411,0.0],[-127.5922,51.0433,0.0],[-127.6004,51.0432,0.0],[-127.5987,51.0417,0.0],[-127.5939,51.0408,0.0]]],
[[[-127.5528,51.0469,0.0],[-127.5544,51.0469,0.0],[-127.5561,51.0461,0.0],[-127.5517,51.045,0.0],[-127.5528,51.0469,0.0]]],
[[[-127.325,51.0436,0.0],[-127.3211,51.0456,7.3098],[-127.3217,51.0489,0.0],[-127.3264,51.048,0.0],[-127.3272,51.0433,0.0],[-127.325,51.0436,0.0]]],
[[[-127.3322,51.0472,0.0],[-127.3318,51.0464,0.0],[-127.3293,51.0453,0.0],[-127.3289,51.0472,0.0],[-127.3322,51.0472,0.0]]],
[[[-127.5515,51.0423,0.0],[-127.5467,51.0392,6.3084],[-127.5416,51.0398,0.0],[-127.5476,51.0427,0.0],[-127.5515,51.0423,0.0]]],
[[[-127.5267,51.0478,5.1041],[-127.5261,51.0514,10.0377],[-127.5283,51.0533,6.9414],[-127.5344,51.0503,0.0],[-127.5444,51.0497,9.736],[-127.5506,51.0472,0.0],[-127.5442,51.0442,0.0],[-127.5344,51.0433,0.0],[-127.5322,51.0416,0.0],[-127.5333,51.0406,0.0],[-127.53,51.0394,0.0],[-127.5261,51.0453,13.0954],[-127.5267,51.0478,5.1041]]],
[[[-127.5389,51.0335,0.0],[-127.5406,51.0331,0.0],[-127.5414,51.0315,0.0],[-127.5378,51.0328,0.0],[-127.5389,51.0335,0.0]]],
[[[-127.5607,51.0362,0.0],[-127.5575,51.0323,15.0712],[-127.5538,51.0323,2.8605],[-127.5551,51.0366,5.3829],[-127.5607,51.0362,0.0]]],
[[[-127.4039,51.0508,0.0],[-127.4061,51.0492,14.6144],[-127.4033,51.0478,0.0],[-127.4022,51.0497,0.0],[-127.4039,51.0508,0.0]]],
[[[-127.5328,51.09,14.0917],[-127.5672,51.0886,25.6715],[-127.5917,51.0833,23.5312],[-127.5956,51.0817,0.0],[-127.5956,51.0803,17.4697],[-127.6111,51.0756,0.0],[-127.6061,51.0753,0.0],[-127.6061,51.0731,0.0],[-127.6106,51.0717,0.0],[-127.6075,51.0673,25.324],[-127.6118,51.0644,0.0],[-127.6067,51.0629,2.6675],[-127.5911,51.0642,8.1658],[-127.5911,51.0628,9.0329],[-127.5985,51.0603,0.0],[-127.5983,51.056399999999996,15.7827],[-127.6015,51.0555,0.0],[-127.5972,51.0525,5.4232],[-127.5973,51.0506,3.8336],[-127.5897,51.047,0.0],[-127.582,51.0456,11.5203],[-127.5583,51.0479,0.0],[-127.5246,51.0555,4.0758],[-127.5212,51.0632,14.6785],[-127.5206,51.0722,9.2157],[-127.5185,51.0741,14.2391],[-127.5194,51.0769,11.7973],[-127.5139,51.0842,5.7758],[-127.5178,51.0856,24.9006],[-127.5187,51.0878,3.5706],[-127.5328,51.09,14.0917]]],
[[[-127.3098,50.9001,0.0],[-127.3083,50.8988,0.0],[-127.3049,50.898,0.0],[-127.3075,50.9006,0.0],[-127.3098,50.9001,0.0]]],
[[[-127.527,50.897,29.8121],[-127.524,50.8983,15.7646],[-127.5231,50.8988,0.0],[-127.528,50.898,0.0],[-127.527,50.897,29.8121]]],
[[[-127.585,50.9044,26.1891],[-127.5917,50.9064,16.0917],[-127.5989,50.9058,0.0],[-127.5883,50.8997,0.0],[-127.5816,50.9002,0.0],[-127.5811,50.9019,0.0],[-127.585,50.9044,26.1891]]],
[[[-127.5658,50.902,0.0],[-127.5666,50.9046,0.3507],[-127.5684,50.9049,0.3507],[-127.567,50.9017,0.0],[-127.5658,50.902,0.0]]],
[[[-126.8521,50.9117,30.7534],[-126.8582,50.9135,68.9963],[-126.8664,50.9132,14.8212],[-126.8676,50.9124,14.8212],[-126.8667,50.91,7.6795],[-126.8744,50.9089,0.0],[-126.8783,50.9061,0.0],[-126.8767,50.9025,3.9802],[-126.8717,50.9,0.0],[-126.87,50.9006,0.0],[-126.8711,50.9031,0.0],[-126.8681,50.9033,14.1393],[-126.8591,50.9,13.9757],[-126.8569,50.8975,13.5936],[-126.8514,50.8979,0.0],[-126.8467,50.8997,5.9114],[-126.8486,50.9013,53.188],[-126.8443,50.9022,4.9938],[-126.8463,50.9042,3.3116],[-126.8436,50.9092,11.0417],[-126.8467,50.9122,0.1063],[-126.85,50.9106,0.0],[-126.8521,50.9117,30.7534]]],
[[[-127.0294,50.9058,13.1504],[-127.025,50.9075,0.0],[-127.0311,50.9086,56.8547],[-127.0356,50.9075,31.47],[-127.0339,50.9058,10.3215],[-127.0294,50.9058,13.1504]]],
[[[-127.3326,50.9023,10.3949],[-127.336,50.9028,10.3949],[-127.3367,50.9011,0.0],[-127.3344,50.9002,0.0],[-127.3326,50.9023,10.3949]]],
[[[-127.5217,50.9028,9.7775],[-127.53,50.9047,21.1331],[-127.5339,50.9039,0.0],[-127.5294,50.8986,0.0],[-127.5239,50.8997,2.8616],[-127.5217,50.9028,9.7775]]],
[[[-127.5294,50.9064,0.0],[-127.5261,50.905,10.9942],[-127.525,50.9069,0.0],[-127.5267,50.9078,0.8506],[-127.5294,50.9064,0.0]]],
[[[-127.5217,50.9056,1.128],[-127.5228,50.905,11.0625],[-127.5211,50.9028,5.3388],[-127.5178,50.9031,5.3388],[-127.5183,50.9039,1.9885],[-127.5217,50.9056,1.128]]],
[[[-127.2833,50.9053,0.0],[-127.2769,50.9077,0.0],[-127.2817,50.9094,2.434],[-127.2855,50.9068,0.0],[-127.2833,50.9053,0.0]]],
[[[-127.595,50.9076,0.0],[-127.5955,50.9092,0.0],[-127.5978,50.9098,0.0],[-127.5968,50.9079,0.6365],[-127.595,50.9076,0.0]]],
[[[-127.579,50.9092,8.4851],[-127.5781,50.9071,15.4935],[-127.5747,50.9076,0.0],[-127.5761,50.9098,8.4851],[-127.579,50.9092,8.4851]]],
[[[-127.5712,50.9068,0.0],[-127.5696,50.9065,0.0],[-127.5694,50.9084,0.0],[-127.5717,50.9086,5.9826],[-127.5712,50.9068,0.0]]],
[[[-127.4392,50.9091,0.0],[-127.4418,50.9101,4.3343],[-127.4446,50.9087,0.0],[-127.4427,50.908,0.0],[-127.4392,50.9091,0.0]]],
[[[-126.8711,50.9172,27.6726],[-126.8686,50.915,0.0],[-126.8646,50.9167,4.9891],[-126.8669,50.9184,53.4251],[-126.8711,50.9172,27.6726]]],
[[[-127.1245,50.9127,0.0],[-127.1234,50.9136,0.0],[-127.1296,50.9141,0.0],[-127.1288,50.9131,0.0],[-127.1245,50.9127,0.0]]],
[[[-127.1407,50.9155,0.0],[-127.1419,50.9153,3.1564],[-127.1431,50.9128,0.0],[-127.1385,50.9135,0.0],[-127.1407,50.9155,0.0]]],
[[[-127.1316,50.9174,2.6878],[-127.1281,50.9175,0.0],[-127.128,50.9179,0.0],[-127.1339,50.9182,0.0],[-127.1316,50.9174,2.6878]]],
[[[-127.4322,50.9097,0.0],[-127.4383,50.9133,1.0632],[-127.4411,50.9122,4.5886],[-127.4322,50.9058,3.192],[-127.4283,50.9061,0.8865],[-127.4233,50.9019,0.0],[-127.42,50.9025,0.0],[-127.4274,50.9074,0.0],[-127.4322,50.9086,1.5438],[-127.4322,50.9097,0.0]]],
[[[-127.5748,50.9122,1.0614],[-127.5746,50.9136,1.0614],[-127.5812,50.9115,0.0],[-127.5772,50.9106,7.4064],[-127.5748,50.9122,1.0614]]],
[[[-127.5325,50.9099,0.0],[-127.5325,50.9119,0.0],[-127.5353,50.9125,0.0],[-127.5353,50.9118,1.5537],[-127.5325,50.9099,0.0]]],
[[[-127.4537,50.9116,0.0],[-127.4467,50.9112,0.0],[-127.4495,50.9131,2.2036],[-127.4541,50.9128,0.0],[-127.4537,50.9116,0.0]]],
[[[-127.4206,50.9244,0.0],[-127.4181,50.9261,0.0],[-127.4217,50.9269,2.5227],[-127.4222,50.9253,0.0],[-127.4206,50.9244,0.0]]],
[[[-127.4162,50.9295,22.2196],[-127.4123,50.927,0.0],[-127.4094,50.9283,0.0],[-127.4128,50.9308,0.0],[-127.4162,50.9295,22.2196]]],
[[[-126.1889,50.9311,0.6229],[-126.1921,50.9296,0.0],[-126.1894,50.9278,0.0],[-126.1872,50.9289,0.2703],[-126.1872,50.9308,0.0],[-126.1889,50.9311,0.6229]]],
[[[-126.1914,50.9333,0.0],[-126.1932,50.933,0.0],[-126.1929,50.9313,0.0],[-126.191,50.9319,0.0],[-126.1914,50.9333,0.0]]],
[[[-126.7999,50.9417,3.3473],[-126.8015,50.9409,0.0],[-126.8006,50.9394,6.4516],[-126.7972,50.9392,6.4516],[-126.7982,50.9412,3.3473],[-126.7999,50.9417,3.3473]]],
[[[-127.1439,50.9317,0.0],[-127.1406,50.9319,0.0],[-127.1398,50.9336,0.0],[-127.1478,50.9331,1.5866],[-127.1439,50.9317,0.0]]],
[[[-126.6954,50.9333,0.099],[-126.6973,50.9327,0.0],[-126.6931,50.9329,0.099],[-126.6942,50.9334,0.099],[-126.6954,50.9333,0.099]]],
[[[-126.7922,50.9228,13.4886],[-126.7928,50.92,5.017],[-126.7906,50.9194,0.0],[-126.7889,50.9208,0.0],[-126.7894,50.9225,0.0],[-126.7922,50.9228,13.4886]]],
[[[-127.1221,50.9237,2.6647],[-127.1231,50.9232,0.0],[-127.1197,50.9222,0.0],[-127.1199,50.9231,0.0],[-127.1221,50.9237,2.6647]]],
[[[-127.1281,50.9235,0.0],[-127.1269,50.9235,0.0],[-127.1265,50.9242,3.5859],[-127.1287,50.925,0.0],[-127.1281,50.9235,0.0]]],
[[[-127.1436,50.9266,8.4918],[-127.1506,50.9289,0.0],[-127.1544,50.9283,0.0],[-127.1544,50.9256,0.0],[-127.1522,50.9244,10.9437],[-127.1433,50.9233,0.0],[-127.1398,50.925,0.0],[-127.1436,50.9266,8.4918]]],
[[[-127.6556,50.94,0.0],[-127.6533,50.9414,0.3475],[-127.659,50.9419,0.0],[-127.6582,50.9405,0.0],[-127.6556,50.94,0.0]]],
[[[-127.4572,50.955,0.0],[-127.4544,50.9558,5.1166],[-127.4539,50.9575,5.0503],[-127.4583,50.9572,0.0],[-127.4572,50.955,0.0]]],
[[[-127.4661,50.9645,0.0],[-127.4694,50.9633,2.7795],[-127.47,50.9614,0.0],[-127.4661,50.9619,0.0],[-127.465,50.9642,0.0],[-127.4661,50.9645,0.0]]],
[[[-127.4515,50.9714,0.0],[-127.4501,50.9703,0.0],[-127.4478,50.9703,0.0],[-127.4492,50.9711,0.0],[-127.4515,50.9714,0.0]]],
[[[-127.718,50.9762,0.0],[-127.718,50.9775,0.0],[-127.7223,50.9802,5.1162],[-127.7295,50.981,0.0],[-127.7315,50.9798,0.0],[-127.7278,50.9744,0.0],[-127.7217,50.9733,0.0],[-127.718,50.9762,0.0]]],
[[[-127.7123,50.9819,0.0],[-127.7069,50.982,0.0],[-127.7095,50.9845,0.0],[-127.7103,50.9829,1.0311],[-127.7149,50.9836,0.0],[-127.7123,50.9819,0.0]]],
[[[-127.0573,50.9966,0.0],[-127.0592,50.9981,0.0],[-127.0602,50.9976,0.0],[-127.0591,50.9963,0.0],[-127.0573,50.9966,0.0]]],
[[[-127.5409,51.005,0.0],[-127.5412,51.0031,0.0],[-127.5391,51.004,0.0],[-127.5409,51.005,0.0]]],
[[[-127.2537,50.9957,3.0],[-127.2568,50.9952,3.0],[-127.2567,50.9946,3.0],[-127.2538,50.9941,3.0],[-127.2537,50.9957,3.0]]],
[[[-127.2602,50.9959,3.0],[-127.2608,50.9959,3.0],[-127.2618,50.9946,3.0],[-127.2593,50.9944,3.0],[-127.2602,50.9959,3.0]]],
[[[-127.5202,50.9958,0.0],[-127.5202,50.9975,3.4167],[-127.5215,50.997,0.0],[-127.5209,50.9952,0.0],[-127.5202,50.9958,0.0]]],
[[[-127.2651,50.9972,4.3914],[-127.2676,50.9975,3.0],[-127.2691,50.9963,3.0],[-127.2663,50.9963,5.5324],[-127.2651,50.9972,4.3914]]],
[[[-127.5239,51.0,5.0133],[-127.525,51.0047,0.0],[-127.5306,51.0047,2.7251],[-127.5344,51.0017,0.0],[-127.5261,50.9954,3.4574],[-127.5239,50.9954,0.0],[-127.525,50.9972,8.2438],[-127.5239,51.0,5.0133]]],
[[[-127.5234,50.9921,0.0],[-127.5256,50.9935,0.0],[-127.5266,50.9932,0.0],[-127.5241,50.9914,0.0],[-127.5234,50.9921,0.0]]],
[[[-127.526,50.9911,3.4429],[-127.5278,50.9917,28.8967],[-127.5278,50.9934,26.1349],[-127.5255,50.9941,0.0],[-127.5281,50.9955,0.0],[-127.5372,50.9942,0.0],[-127.5308,50.9904,0.0],[-127.5244,50.9895,0.0],[-127.526,50.9911,3.4429]]],
[[[-126.8156,50.9472,30.434],[-126.8133,50.9467,0.0],[-126.8122,50.9481,2.5467],[-126.815,50.9483,30.434],[-126.8156,50.9472,30.434]]],
[[[-127.5808,50.9188,0.0],[-127.5829,50.9191,0.0],[-127.5839,50.9178,0.0],[-127.58,50.9173,0.0],[-127.5808,50.9188,0.0]]],
[[[-127.4421,50.9171,0.0],[-127.451,50.921,0.0],[-127.4578,50.9206,0.0],[-127.4451,50.9139,22.8751],[-127.4401,50.9148,0.0],[-127.4421,50.9171,0.0]]],
[[[-127.5333,50.9136,0.0],[-127.5394,50.9203,0.5887],[-127.5422,50.9214,3.558],[-127.545,50.92,3.89],[-127.5383,50.9142,0.0],[-127.5333,50.9136,0.0]]],
[[[-127.4589,50.9231,1.1735],[-127.4607,50.924,0.0],[-127.4612,50.9237,0.0],[-127.4588,50.9212,0.0],[-127.4589,50.9231,1.1735]]],
[[[-127.1317,50.9211,4.42],[-127.1406,50.9231,9.4735],[-127.1422,50.9225,3.4878],[-127.1371,50.9192,9.6478],[-127.1317,50.9211,4.42]]],
[[[-127.1506,50.9228,4.6464],[-127.1521,50.9227,0.0],[-127.1461,50.9211,3.6716],[-127.1489,50.9228,0.0],[-127.1506,50.9228,4.6464]]],
[[[-127.4066,50.9212,1.2223],[-127.4092,50.9241,7.2566],[-127.4158,50.9227,28.477],[-127.4128,50.9203,0.0],[-127.4066,50.9212,1.2223]]],
[[[-126.8289,50.9268,82.0018],[-126.8153,50.9271,172.0746],[-126.8146,50.9211,34.0917],[-126.8211,50.9243,38.1616],[-126.8234,50.9236,5.2316],[-126.8189,50.9225,15.0299],[-126.8187,50.9213,19.2032],[-126.8263,50.9202,0.0],[-126.825,50.9194,10.6234],[-126.8094,50.9197,0.0],[-126.7939,50.9242,14.8534],[-126.7917,50.9275,42.3107],[-126.7874,50.9269,0.0],[-126.7762,50.931,0.0],[-126.7967,50.9378,7.9812],[-126.8017,50.9378,6.721],[-126.8039,50.9351,44.8395],[-126.8052,50.9371,0.0],[-126.8089,50.9383,15.9315],[-126.8111,50.9436,0.0],[-126.82,50.9481,17.84],[-126.8283,50.9456,0.0],[-126.8538,50.9456,0.0],[-126.8594,50.9431,10.3545],[-126.8589,50.9364,0.0],[-126.8524,50.9312,59.886],[-126.8534,50.9296,9.1076],[-126.859,50.9285,0.0],[-126.8583,50.925,24.6384],[-126.8544,50.9231,12.0585],[-126.8556,50.9203,0.0],[-126.8362,50.9187,0.0],[-126.8373,50.9222,0.0],[-126.8353,50.924,5.7858],[-126.8261,50.9228,6.7857],[-126.8285,50.9232,0.0],[-126.8289,50.9268,82.0018]]],
[[[-127.0694,51.0056,6.8586],[-127.0678,51.0047,6.97],[-127.0656,51.005,6.97],[-127.0683,51.0067,2.1262],[-127.0694,51.0056,6.8586]]],
[[[-126.8996,50.8642,6.6247],[-126.9009,50.863,0.0],[-126.8974,50.8613,5.848],[-126.8931,50.8621,11.1126],[-126.8947,50.8643,0.0],[-126.8996,50.8642,6.6247]]],
[[[-126.5437,50.8728,0.0],[-126.5451,50.8729,3.7723],[-126.5458,50.8726,3.7723],[-126.5439,50.8714,19.7383],[-126.5437,50.8728,0.0]]],
[[[-127.5217,50.8774,0.0],[-127.5206,50.878,0.0],[-127.5235,50.8798,0.0],[-127.5233,50.8789,0.0],[-127.5217,50.8774,0.0]]],
[[[-126.9662,50.8924,4.1792],[-126.9681,50.8928,7.9463],[-126.9701,50.8919,0.0],[-126.9681,50.8912,2.345],[-126.9662,50.8924,4.1792]]],
[[[-127.0361,50.8941,0.0],[-127.0376,50.894,0.0],[-127.0388,50.8921,0.0],[-127.0362,50.8924,4.7576],[-127.0361,50.8941,0.0]]],
[[[-127.4894,50.8685,1.387],[-127.4895,50.8678,1.387],[-127.4854,50.8673,0.0],[-127.4858,50.8682,0.0],[-127.4894,50.8685,1.387]]],
[[[-127.5079,50.8752,3.8539],[-127.5117,50.8748,0.0],[-127.5087,50.8723,0.0],[-127.507,50.8739,3.8539],[-127.5079,50.8752,3.8539]]],
[[[-127.4949,50.8724,2.1239],[-127.4965,50.8762,1.5995],[-127.5004,50.8756,0.0],[-127.4977,50.8725,2.1239],[-127.4949,50.8724,2.1239]]],
[[[-127.4864,50.8699,0.0],[-127.4839,50.8706,1.263],[-127.4895,50.8721,0.0],[-127.4881,50.87,0.0],[-127.4864,50.8699,0.0]]],
[[[-127.4527,50.8727,1.9692],[-127.4512,50.8704,0.8065],[-127.4476,50.8696,0.8065],[-127.4481,50.8707,3.5872],[-127.4527,50.8727,1.9692]]],
[[[-126.6389,50.8714,1.8614],[-126.6339,50.8708,9.0869],[-126.6368,50.8728,0.0],[-126.6394,50.8728,3.3829],[-126.6389,50.8714,1.8614]]],
[[[-126.5645,50.8732,0.0],[-126.5606,50.8728,17.9883],[-126.5594,50.8739,0.0],[-126.5631,50.8742,3.7653],[-126.5645,50.8732,0.0]]],
[[[-127.4398,50.8746,5.9849],[-127.435,50.8713,0.0],[-127.4325,50.8715,0.0],[-127.44,50.8788,0.0],[-127.4421,50.8777,3.0522],[-127.4398,50.8746,5.9849]]],
[[[-126.5506,50.8764,0.0],[-126.55,50.8783,1.5142],[-126.5533,50.8775,0.0],[-126.5522,50.8767,0.0],[-126.5506,50.8764,0.0]]],
[[[-126.6402,50.8761,0.0],[-126.6422,50.8756,0.1919],[-126.6383,50.8747,0.0],[-126.6391,50.8756,0.0],[-126.6402,50.8761,0.0]]],
[[[-127.2089,50.8769,45.1985],[-127.2139,50.8789,0.0],[-127.2172,50.8772,0.0],[-127.2125,50.8736,0.0],[-127.2067,50.8753,0.0],[-127.2089,50.8769,45.1985]]],
[[[-127.2394,50.8916,0.0],[-127.236,50.8908,7.6464],[-127.2336,50.8923,0.0],[-127.2405,50.8925,1.7828],[-127.2394,50.8916,0.0]]],
[[[-127.5034,50.8776,0.0],[-127.5045,50.8797,0.0],[-127.5083,50.8801,16.6141],[-127.5084,50.8783,0.0],[-127.5034,50.8776,0.0]]],
[[[-127.4817,50.8819,0.0],[-127.4839,50.8806,5.6271],[-127.4972,50.8889,0.0],[-127.5,50.8883,1.7158],[-127.4979,50.8871,3.7632],[-127.4983,50.885,8.5128],[-127.4867,50.8772,14.8811],[-127.4889,50.8747,0.0],[-127.4811,50.8711,1.0651],[-127.4776,50.8704,0.0],[-127.4772,50.8722,7.8513],[-127.4728,50.8736,5.0307],[-127.4683,50.8694,0.0],[-127.4594,50.8661,2.1707],[-127.4517,50.8667,1.8434],[-127.4533,50.8681,1.7577],[-127.4522,50.87,0.0],[-127.4611,50.8747,6.5639],[-127.465,50.8739,0.0],[-127.4639,50.8761,0.9179],[-127.4711,50.8797,22.4207],[-127.4711,50.8817,4.7368],[-127.4761,50.885,3.3428],[-127.4883,50.8878,4.5001],[-127.4919,50.8864,3.4735],[-127.4817,50.8819,0.0]]],
[[[-127.2244,50.8819,0.0],[-127.2233,50.8837,13.7572],[-127.2275,50.886,0.0],[-127.2322,50.8842,2.2821],[-127.2334,50.8817,0.0],[-127.2314,50.8791,5.3601],[-127.2258,50.8783,0.0],[-127.2241,50.8791,6.8983],[-127.2244,50.8819,0.0]]],
[[[-127.4913,50.8787,12.0215],[-127.5015,50.8811,0.0],[-127.5028,50.8786,0.0],[-127.4994,50.8791,3.549],[-127.4991,50.8776,2.3183],[-127.4963,50.8769,1.5995],[-127.4931,50.8778,0.0],[-127.4919,50.8748,0.0],[-127.489,50.8769,0.0],[-127.4913,50.8787,12.0215]]],
[[[-127.515,50.8903,8.0739],[-127.5141,50.8878,4.563],[-127.5125,50.8877,0.0],[-127.5117,50.8906,0.0],[-127.515,50.8903,8.0739]]],
[[[-126.8406,50.8886,0.0],[-126.8383,50.8897,9.8011],[-126.8406,50.8922,0.0],[-126.85,50.8931,23.3821],[-126.8578,50.8916,46.7849],[-126.8608,50.888,45.599],[-126.8581,50.8861,4.6151],[-126.8494,50.8861,5.6132],[-126.8406,50.8886,0.0]]],
[[[-127.2378,50.8861,8.5274],[-127.2367,50.8867,0.0],[-127.2411,50.8878,0.0],[-127.2466,50.8874,0.0],[-127.248,50.8859,0.0],[-127.2373,50.8793,0.0],[-127.239,50.885,0.0],[-127.2378,50.8861,8.5274]]],
[[[-127.0205,50.8904,6.4112],[-127.0216,50.8892,0.0],[-127.0174,50.8882,0.0],[-127.0179,50.8898,6.4112],[-127.0205,50.8904,6.4112]]],
[[[-127.4839,50.8942,16.2244],[-127.4944,50.8967,0.0],[-127.4922,50.8928,3.3672],[-127.4883,50.8906,8.9825],[-127.4772,50.8872,19.4982],[-127.4733,50.8878,0.0],[-127.4744,50.89,3.4828],[-127.4725,50.8911,0.0],[-127.4839,50.8942,16.2244]]],
[[[-126.6007,50.8364,15.9209],[-126.596,50.8352,0.0],[-126.5939,50.8366,3.0773],[-126.5992,50.8386,30.636],[-126.6019,50.8379,6.382],[-126.6007,50.8364,15.9209]]],
[[[-126.5174,50.8605,1.2694],[-126.5192,50.8607,1.2694],[-126.5206,50.8597,5.9879],[-126.518,50.8596,5.9879],[-126.5174,50.8605,1.2694]]],
[[[-126.7122,50.8472,8.3784],[-126.7133,50.8489,3.0756],[-126.7178,50.8475,3.599],[-126.7167,50.8467,0.0],[-126.7122,50.8472,8.3784]]],
[[[-126.5683,50.8511,19.122],[-126.5642,50.8499,0.0],[-126.563,50.851,19.801],[-126.5656,50.8528,5.2707],[-126.5683,50.8511,19.122]]],
[[[-126.7356,50.8508,9.4814],[-126.7333,50.8517,0.0],[-126.7389,50.8522,0.0],[-126.7367,50.8506,9.4814],[-126.7356,50.8508,9.4814]]],
[[[-126.6428,50.8564,32.8054],[-126.645,50.8581,11.9468],[-126.6549,50.8585,50.709],[-126.6594,50.8557,4.0952],[-126.6581,50.8537,0.0],[-126.6496,50.8502,0.0],[-126.6451,50.8518,8.0882],[-126.6422,50.855,0.0],[-126.6428,50.8564,32.8054]]],
[[[-126.7967,50.8883,33.3879],[-126.8053,50.8908,7.4715],[-126.8218,50.8888,0.0],[-126.8271,50.8852,10.178],[-126.8278,50.8822,19.6279],[-126.8323,50.8847,8.7818],[-126.8406,50.8858,0.0],[-126.8567,50.8839,0.0],[-126.8625,50.8822,2.8219],[-126.8636,50.8773,2.7895],[-126.875,50.8752,39.7803],[-126.8754,50.8735,0.0],[-126.8727,50.8717,17.7506],[-126.8856,50.8686,0.0],[-126.8931,50.8643,34.3757],[-126.8901,50.8622,11.1126],[-126.8811,50.8645,49.339],[-126.8856,50.8611,0.0],[-126.885,50.8594,8.4831],[-126.8814,50.856,52.6247],[-126.8755,50.8531,0.0],[-126.87,50.8527,29.513],[-126.8665,50.85,0.0],[-126.8617,50.8487,0.0],[-126.8558,50.8512,20.525],[-126.8512,50.8508,6.2298],[-126.8517,50.849,0.0],[-126.8592,50.8461,0.0],[-126.8533,50.845,39.4103],[-126.8544,50.8442,39.4103],[-126.8636,50.8452,39.1715],[-126.8667,50.8487,29.3806],[-126.8783,50.8511,25.3346],[-126.8883,50.8556,0.0],[-126.8933,50.8553,16.0243],[-126.9022,50.8511,20.2141],[-126.9083,50.8514,4.7639],[-126.9194,50.8486,31.2856],[-126.9267,50.8453,0.0],[-126.9175,50.8427,11.0399],[-126.9124,50.8432,0.0],[-126.9063,50.8386,2.0041],[-126.9064,50.8367,22.6297],[-126.8869,50.8397,0.0],[-126.881,50.8373,4.3881],[-126.8714,50.8373,61.0876],[-126.8639,50.8407,13.7675],[-126.8617,50.8393,8.0055],[-126.8622,50.8378,10.133],[-126.8604,50.8376,9.7914],[-126.8511,50.841,13.2324],[-126.8458,50.8359,15.8542],[-126.8287,50.8394,17.5953],[-126.8145,50.8384,13.5883],[-126.8117,50.8421,27.4846],[-126.8102,50.8481,6.4079],[-126.8006,50.8461,0.0],[-126.7878,50.8495,42.1478],[-126.7817,50.8478,0.0],[-126.76,50.8561,8.7878],[-126.7511,50.8542,17.716],[-126.7472,50.8514,0.0],[-126.7406,50.8539,0.0],[-126.74,50.8567,0.0],[-126.7433,50.8603,9.6991],[-126.7336,50.8627,22.1922],[-126.7357,50.8655,5.984],[-126.745,50.8697,14.7153],[-126.7472,50.8731,8.5692],[-126.7522,50.8742,7.0546],[-126.76,50.8789,6.6997],[-126.7594,50.8808,14.8452],[-126.7617,50.8836,34.0049],[-126.7728,50.8819,0.0],[-126.7738,50.8794,17.0399],[-126.7767,50.8808,15.0222],[-126.776,50.8828,0.0],[-126.7778,50.8853,26.3295],[-126.7967,50.8883,33.3879]]],
[[[-127.2428,50.8954,0.0],[-127.25,50.8964,0.0],[-127.2522,50.8939,2.7095],[-127.2452,50.8907,5.1791],[-127.2422,50.8917,0.0],[-127.2428,50.8954,0.0]]],
[[[-126.9405,50.8947,0.0],[-126.941,50.8956,0.0],[-126.9431,50.8954,1.788],[-126.942,50.8943,1.788],[-126.9405,50.8947,0.0]]],
[[[-127.0408,50.8961,0.0],[-127.0441,50.896,0.0],[-127.045,50.8957,0.0],[-127.0388,50.8954,0.0],[-127.0408,50.8961,0.0]]],
[[[-127.4961,50.8925,15.9652],[-127.4956,50.894,13.4148],[-127.4988,50.8945,2.6775],[-127.4985,50.8932,15.9652],[-127.4961,50.8925,15.9652]]],
[[[-127.3261,50.8954,0.0],[-127.3322,50.8983,7.8919],[-127.3372,50.8986,0.0],[-127.329,50.8941,4.3885],[-127.3261,50.8954,0.0]]],
[[[-127.5444,50.915,7.4794],[-127.5499,50.9199,0.0],[-127.5539,50.9206,0.0],[-127.5556,50.9192,25.3981],[-127.5561,50.9142,16.418],[-127.5528,50.91,0.0],[-127.5444,50.9056,17.7732],[-127.5439,50.9031,16.4675],[-127.5339,50.8966,16.9018],[-127.5377,50.895,5.0285],[-127.535,50.8925,16.2026],[-127.5369,50.8911,1.6979],[-127.5294,50.8863,0.0],[-127.5291,50.8845,0.0],[-127.5217,50.882,0.0],[-127.52,50.8781,0.0],[-127.5144,50.8794,0.0],[-127.5122,50.8828,0.0],[-127.5144,50.8839,11.9407],[-127.5133,50.8867,6.8937],[-127.5154,50.8882,37.1857],[-127.5161,50.8908,15.163],[-127.51,50.8922,0.0],[-127.5117,50.8967,5.0833],[-127.5161,50.8994,12.8778],[-127.5267,50.8961,29.8121],[-127.5317,50.8972,0.0],[-127.5356,50.9028,0.0],[-127.5333,50.9058,9.0169],[-127.5289,50.9078,0.0],[-127.5406,50.9142,0.0],[-127.5427,50.9111,8.5075],[-127.5444,50.915,7.4794]]],
[[[-126.1828,50.5803,0.0],[-126.1844,50.5811,19.4686],[-126.1871,50.5795,7.2756],[-126.1849,50.5789,25.1685],[-126.1828,50.5803,0.0]]],
[[[-126.7938,50.5732,0.0],[-126.7924,50.5716,1.1928],[-126.7895,50.5724,2.4966],[-126.7913,50.5738,0.0],[-126.7938,50.5732,0.0]]],
[[[-126.4996,50.5724,2.3903],[-126.5001,50.574,0.0],[-126.5047,50.5729,4.8694],[-126.5028,50.572,0.0],[-126.4996,50.5724,2.3903]]],
[[[-126.2087,50.5829,3.7501],[-126.2118,50.5836,10.8786],[-126.215,50.5825,0.0],[-126.2116,50.5822,10.8786],[-126.2087,50.5829,3.7501]]],
[[[-126.2352,50.5837,2.0096],[-126.235,50.581,0.0],[-126.2243,50.5812,0.0],[-126.2296,50.5849,0.2828],[-126.2352,50.5837,2.0096]]],
[[[-126.93,50.5919,42.3794],[-126.9163,50.5912,0.0],[-126.9279,50.5984,0.0],[-126.9367,50.6004,14.5147],[-126.9372,50.5927,2.3849],[-126.9337,50.5913,0.0],[-126.9351,50.5919,0.0],[-126.93,50.5919,42.3794]]],
[[[-126.8667,50.5819,41.0758],[-126.8761,50.5856,7.9363],[-126.8867,50.5833,0.0],[-126.885,50.5819,6.1786],[-126.8861,50.5808,0.0],[-126.8828,50.5797,15.2539],[-126.885,50.5778,5.9153],[-126.8828,50.5764,0.0],[-126.8761,50.5775,15.4934],[-126.8644,50.5742,3.5457],[-126.8544,50.5756,0.0],[-126.8544,50.5769,0.0],[-126.8667,50.5819,41.0758]]],
[[[-126.8522,50.5806,0.0],[-126.8583,50.5825,0.0],[-126.8633,50.5819,8.5705],[-126.8567,50.5789,15.8474],[-126.8522,50.5806,0.0]]],
[[[-126.7989,50.5844,0.9607],[-126.8011,50.585,0.9607],[-126.8033,50.5842,0.0],[-126.7994,50.5833,0.0],[-126.7989,50.5844,0.9607]]],
[[[-126.8439,50.5861,12.0528],[-126.8517,50.5872,0.0],[-126.8539,50.5858,4.387],[-126.8539,50.5839,4.315],[-126.8428,50.5817,0.0],[-126.8383,50.5833,6.8936],[-126.8439,50.5861,12.0528]]],
[[[-126.8572,50.5867,18.7515],[-126.8644,50.5886,20.6735],[-126.8772,50.5872,4.7543],[-126.865,50.5831,7.6786],[-126.8578,50.5844,1.0409],[-126.8561,50.5856,18.7515],[-126.8572,50.5867,18.7515]]],
[[[-126.5917,50.5925,21.9327],[-126.6056,50.5907,0.0],[-126.6061,50.5886,7.8589],[-126.6022,50.5869,18.6866],[-126.6032,50.5858,18.6866],[-126.6122,50.5906,0.0],[-126.6492,50.5871,0.0],[-126.6522,50.5853,43.4033],[-126.6539,50.5861,38.4845],[-126.6517,50.5868,0.0],[-126.6533,50.5882,20.8892],[-126.6606,50.5889,6.6049],[-126.6576,50.5927,16.5755],[-126.6587,50.5932,16.5755],[-126.6782,50.5917,0.0],[-126.6827,50.5868,4.259],[-126.6722,50.5839,40.8716],[-126.6588,50.5844,12.8498],[-126.6593,50.5822,4.4675],[-126.6578,50.5803,0.0],[-126.6471,50.5764,4.5517],[-126.6394,50.5772,33.9581],[-126.6378,50.5761,35.3698],[-126.6424,50.5755,0.0],[-126.6463,50.5715,0.0],[-126.643,50.5675,0.0],[-126.6439,50.5661,0.0],[-126.6417,50.5647,20.8317],[-126.6467,50.5654,10.9218],[-126.6477,50.5626,22.0393],[-126.6638,50.5674,13.5352],[-126.6685,50.5717,27.4013],[-126.6735,50.5732,11.7139],[-126.6785,50.574,4.0747],[-126.6806,50.5732,0.0],[-126.6799,50.5723,0.0],[-126.683,50.5724,0.0],[-126.6817,50.57,16.2189],[-126.6835,50.5687,9.0721],[-126.6779,50.5645,0.0],[-126.6517,50.5542,7.4854],[-126.6354,50.5518,0.0],[-126.6293,50.552,0.0],[-126.6296,50.5534,0.0],[-126.6278,50.5539,36.5588],[-126.6229,50.5517,0.0],[-126.6129,50.5514,0.0],[-126.535,50.5567,0.0],[-126.5143,50.5632,0.0],[-126.5067,50.5689,0.0],[-126.5178,50.575,27.2554],[-126.5133,50.5753,0.0],[-126.5144,50.5764,9.411],[-126.5292,50.5797,7.258],[-126.5338,50.5824,8.7771],[-126.5411,50.5835,5.7813],[-126.5435,50.5812,31.4678],[-126.5471,50.5805,1.9769],[-126.5473,50.5829,3.6334],[-126.5569,50.5874,9.0257],[-126.5633,50.5876,0.0],[-126.5606,50.5842,17.2039],[-126.5622,50.5839,17.2039],[-126.5753,50.5893,9.0463],[-126.58,50.5892,10.9002],[-126.5838,50.5864,28.2222],[-126.5833,50.5895,20.022],[-126.5917,50.5925,21.9327]]],
[[[-126.4388,50.5766,36.2712],[-126.4387,50.5737,0.0],[-126.435,50.5736,0.0],[-126.4239,50.5796,6.279],[-126.4305,50.58,46.9269],[-126.4388,50.5766,36.2712]]],
[[[-126.7516,50.5864,0.0],[-126.7476,50.5905,0.0],[-126.7558,50.5894,4.5444],[-126.7578,50.5856,16.5567],[-126.7556,50.5819,38.0028],[-126.7572,50.5811,10.992],[-126.7598,50.5826,1.6005],[-126.7585,50.5853,5.0736],[-126.7617,50.585,0.0],[-126.7622,50.5786,4.2207],[-126.7639,50.5767,34.672],[-126.7644,50.5874,0.0],[-126.7692,50.5886,9.3893],[-126.7781,50.5836,28.0565],[-126.7773,50.5814,28.3763],[-126.7813,50.5751,0.0],[-126.787,50.5718,3.5166],[-126.7766,50.5708,16.7572],[-126.7805,50.5696,0.0],[-126.7757,50.5678,29.2899],[-126.7743,50.5658,6.4783],[-126.7753,50.5643,19.5196],[-126.7676,50.5619,0.0],[-126.7444,50.5576,16.4183],[-126.733,50.5584,1.5305],[-126.7188,50.5551,0.0],[-126.7026,50.5554,0.0],[-126.6929,50.5644,42.9733],[-126.6945,50.5674,0.0],[-126.7017,50.5701,15.7803],[-126.7055,50.5741,0.0],[-126.7057,50.5769,0.0],[-126.7093,50.579,0.0],[-126.7123,50.5771,17.2489],[-126.7167,50.5812,5.8619],[-126.7204,50.5821,0.0],[-126.722,50.5812,0.5819],[-126.72,50.5772,39.8509],[-126.7222,50.5761,21.8463],[-126.7225,50.5784,6.2266],[-126.73,50.579,0.0799],[-126.7327,50.5843,0.0],[-126.7388,50.5816,25.6418],[-126.7411,50.5872,0.0],[-126.743,50.587,21.7077],[-126.7436,50.5836,34.6734],[-126.7504,50.5848,10.5628],[-126.7516,50.5864,0.0]]],
[[[-126.737,50.5858,2.2243],[-126.7361,50.5875,1.6694],[-126.7389,50.5872,0.0],[-126.7389,50.5858,0.0],[-126.737,50.5858,2.2243]]],
[[[-126.7887,50.5868,54.5572],[-126.7847,50.5833,0.0],[-126.7798,50.5841,3.3048],[-126.7803,50.5862,3.9985],[-126.7854,50.5891,0.0],[-126.7883,50.5889,0.0],[-126.7887,50.5868,54.5572]]],
[[[-126.7772,50.5864,0.6643],[-126.7744,50.5875,0.0],[-126.7772,50.5886,0.6355],[-126.7783,50.5869,0.6643],[-126.7772,50.5864,0.6643]]],
[[[-126.7942,50.5836,0.0],[-126.7953,50.5834,0.0],[-126.7952,50.5824,0.0],[-126.7931,50.5825,0.0],[-126.7942,50.5836,0.0]]],
[[[-126.7932,50.5878,0.0],[-126.7913,50.5849,0.0],[-126.7883,50.5846,5.714],[-126.7929,50.5908,0.0],[-126.794,50.5902,0.0],[-126.7932,50.5878,0.0]]],
[[[-126.5494,50.5908,2.557],[-126.5475,50.5902,0.0],[-126.5467,50.5923,27.5048],[-126.5436,50.5934,0.0],[-126.5478,50.594,12.0438],[-126.5522,50.5925,0.247],[-126.5494,50.5908,2.557]]],
[[[-126.8406,50.5887,31.4742],[-126.8534,50.5904,0.0],[-126.8427,50.5869,12.0528],[-126.8334,50.5867,0.0],[-126.8406,50.5887,31.4742]]],
[[[-126.8589,50.5883,0.0],[-126.8556,50.5875,0.1913],[-126.8532,50.5878,0.2309],[-126.8561,50.59,1.6065],[-126.8589,50.5883,0.0]]],
[[[-126.7949,50.5845,2.3999],[-126.7932,50.5858,7.0623],[-126.7949,50.5873,0.0],[-126.7951,50.5907,29.7103],[-126.797,50.5913,29.7103],[-126.8056,50.5866,0.0],[-126.7983,50.5867,0.0],[-126.7949,50.5845,2.3999]]],
[[[-126.637,50.5916,1.7034],[-126.6361,50.5941,0.0],[-126.6388,50.5948,38.7868],[-126.6504,50.5953,70.9872],[-126.6558,50.5934,0.0],[-126.6552,50.5914,0.0],[-126.6522,50.5907,29.4984],[-126.637,50.5916,1.7034]]],
[[[-126.8075,50.5946,0.0],[-126.8082,50.5934,0.0],[-126.8064,50.5918,0.0],[-126.802,50.592,0.0],[-126.7978,50.5941,41.9246],[-126.7971,50.5968,14.0134],[-126.8036,50.597,21.7514],[-126.8075,50.5946,0.0]]],
[[[-126.7906,50.5953,0.0],[-126.7928,50.5953,3.246],[-126.7917,50.5931,0.0],[-126.7894,50.5939,0.0],[-126.7906,50.5953,0.0]]],
[[[-126.6859,50.5955,52.4308],[-126.674,50.595,19.855],[-126.67529999999999,50.5958,0.0],[-126.684,50.5981,13.7786],[-126.6917,50.5981,4.2626],[-126.6928,50.5968,0.0],[-126.6894,50.5953,17.6079],[-126.689,50.592,0.0],[-126.6847,50.5913,11.4607],[-126.6873,50.5928,69.2858],[-126.6859,50.5955,52.4308]]],
[[[-126.6697,50.5948,0.0],[-126.6678,50.5943,0.0],[-126.6656,50.5956,5.4553],[-126.6709,50.5957,2.8771],[-126.6697,50.5948,0.0]]],
[[[-126.7052,50.6007,0.0],[-126.7075,50.6009,2.8205],[-126.708,50.6003,2.0718],[-126.7047,50.5994,0.0],[-126.7052,50.6007,0.0]]],
[[[-126.3244,50.6014,24.7773],[-126.3394,50.6041,24.7711],[-126.3427,50.6037,3.9841],[-126.3439,50.6018,0.0],[-126.3405,50.5991,6.2416],[-126.3322,50.5992,15.7555],[-126.3211,50.5936,0.0],[-126.3117,50.5931,3.5792],[-126.3244,50.6014,24.7773]]],
[[[-126.3193,50.6011,8.3236],[-126.3185,50.6025,7.1298],[-126.3207,50.6028,0.0],[-126.3211,50.6017,3.6177],[-126.3193,50.6011,8.3236]]],
[[[-126.6217,50.6017,1.8968],[-126.6206,50.6028,13.8359],[-126.6218,50.6034,13.8359],[-126.6272,50.6033,0.0],[-126.6228,50.6008,1.6473],[-126.6217,50.6017,1.8968]]],
[[[-126.8156,50.6044,0.0],[-126.8183,50.6044,0.0],[-126.8183,50.6036,0.0],[-126.815,50.6028,0.0],[-126.8156,50.6044,0.0]]],
[[[-125.8211,50.6828,3.6767],[-125.8128,50.6842,0.0],[-125.8211,50.6847,4.652],[-125.8222,50.6833,3.6767],[-125.8211,50.6828,3.6767]]],
[[[-126.159,50.7388,33.4486],[-126.1553,50.7416,37.6919],[-126.1737,50.7389,0.0],[-126.1709,50.7371,14.554],[-126.159,50.7388,33.4486]]],
[[[-126.7256,50.7497,2.5995],[-126.7272,50.7475,0.0],[-126.7233,50.7475,10.7695],[-126.7217,50.7494,9.8143],[-126.7233,50.7511,5.4235],[-126.7256,50.7497,2.5995]]],
[[[-126.6311,50.7475,18.5569],[-126.63,50.7475,12.5723],[-126.6278,50.7492,0.0],[-126.6346,50.7481,1.9683],[-126.6311,50.7475,18.5569]]],
[[[-126.7211,50.7564,5.9947],[-126.7242,50.7561,1.2533],[-126.7239,50.755,0.0],[-126.7222,50.7556,5.9947],[-126.7211,50.7564,5.9947]]],
[[[-126.0233,50.7922,8.7549],[-126.0286,50.7892,0.0],[-126.0244,50.7892,20.5115],[-126.0187,50.7936,8.8807],[-126.0233,50.7922,8.7549]]],
[[[-127.0726,50.7656,0.0],[-127.0789,50.7664,7.7201],[-127.0783,50.7678,0.0],[-127.0811,50.7692,0.0],[-127.086,50.7657,0.0],[-127.0817,50.7625,3.7275],[-127.07,50.7642,0.0],[-127.0726,50.7656,0.0]]],
[[[-126.7439,50.7656,15.099],[-126.7439,50.7669,15.099],[-126.7489,50.7681,6.7002],[-126.7576,50.7639,25.9428],[-126.7556,50.7626,10.8765],[-126.7494,50.7658,8.6601],[-126.7439,50.7656,15.099]]],
[[[-126.4811,50.7667,16.4459],[-126.4783,50.7661,16.5992],[-126.4778,50.7669,13.1019],[-126.4828,50.7678,3.6254],[-126.4811,50.7667,16.4459]]],
[[[-126.6139,50.7644,28.0676],[-126.6189,50.7656,0.0],[-126.6263,50.7646,31.402],[-126.6308,50.7607,0.0],[-126.6283,50.7564,31.0859],[-126.6228,50.7531,0.0],[-126.6233,50.7514,0.0],[-126.6217,50.7506,10.9822],[-126.6039,50.759,46.1066],[-126.6008,50.7622,0.0],[-126.6038,50.7643,15.9953],[-126.6139,50.7644,28.0676]]],
[[[-126.6331,50.7647,13.5058],[-126.6322,50.7653,0.0],[-126.6339,50.7661,11.2687],[-126.643,50.7664,0.0],[-126.6455,50.7625,0.0],[-126.6431,50.7609,0.0],[-126.6395,50.7612,0.0],[-126.6331,50.7647,13.5058]]],
[[[-127.1061,50.7761,24.3776],[-127.1117,50.7772,0.0],[-127.1183,50.7747,0.0],[-127.1139,50.7703,0.0],[-127.107,50.7698,23.4216],[-127.1089,50.7689,0.0],[-127.1083,50.7669,0.0],[-127.1028,50.7648,0.0],[-127.095,50.7647,0.0],[-127.0853,50.7685,11.8723],[-127.0889,50.7714,33.0116],[-127.0972,50.7744,2.8626],[-127.1038,50.7723,12.8594],[-127.1045,50.7756,4.544],[-127.1061,50.7761,24.3776]]],
[[[-126.7472,50.7745,6.2406],[-126.7444,50.7753,0.0],[-126.7435,50.7775,0.0],[-126.7507,50.7769,42.629],[-126.7657,50.771,5.6743],[-126.7679,50.7695,1.9604],[-126.7656,50.768,10.1872],[-126.7691,50.7668,7.4412],[-126.7703,50.7641,10.9909],[-126.7678,50.7633,0.0],[-126.76,50.7688,7.6144],[-126.7472,50.7745,6.2406]]],
[[[-126.7517,50.7703,2.9138],[-126.7517,50.7692,2.9138],[-126.7485,50.769,24.8408],[-126.7441,50.7714,6.1213],[-126.7467,50.7726,0.0],[-126.7517,50.7703,2.9138]]],
[[[-126.4865,50.7872,15.0669],[-126.4871,50.789,0.0],[-126.4928,50.7891,0.0],[-126.5031,50.786,0.0],[-126.5009,50.7846,2.8888],[-126.4913,50.7845,15.2721],[-126.4865,50.7872,15.0669]]],
[[[-126.4706,50.7922,11.4592],[-126.4657,50.7916,0.0],[-126.4617,50.7943,0.6399],[-126.465,50.7955,0.0],[-126.4722,50.7941,0.0],[-126.4706,50.7922,11.4592]]],
[[[-126.6011,50.7933,0.0],[-126.595,50.7944,0.0],[-126.6006,50.7956,0.0],[-126.6044,50.7944,3.2777],[-126.6011,50.7933,0.0]]],
[[[-126.48,50.7934,32.9628],[-126.4825,50.7906,10.1436],[-126.4806,50.7903,0.0],[-126.4744,50.7944,0.0],[-126.4782,50.7948,4.5672],[-126.48,50.7934,32.9628]]],
[[[-126.4839,50.795,8.8169],[-126.4867,50.7936,0.0],[-126.485,50.7906,10.1436],[-126.4794,50.795,4.5672],[-126.4839,50.795,8.8169]]],
[[[-126.5267,50.7692,0.0],[-126.5306,50.7672,5.6132],[-126.5278,50.7661,0.0],[-126.5222,50.7681,0.0],[-126.5239,50.7694,14.6468],[-126.5267,50.7692,0.0]]],
[[[-126.4719,50.7692,0.0],[-126.4706,50.7678,0.0],[-126.4672,50.7676,5.0077],[-126.4676,50.7684,5.0077],[-126.4719,50.7692,0.0]]],
[[[-126.6072,50.7667,0.0],[-126.605,50.7669,0.0],[-126.6072,50.7709,3.4662],[-126.6122,50.77,0.0],[-126.6111,50.7689,0.0],[-126.6072,50.7667,0.0]]],
[[[-126.615,50.7694,0.0],[-126.6161,50.7697,4.1854],[-126.6183,50.7686,0.0],[-126.6161,50.7681,0.0],[-126.615,50.7694,0.0]]],
[[[-126.5811,50.7719,78.0445],[-126.5963,50.7753,24.4524],[-126.5985,50.7748,0.0],[-126.6015,50.7707,15.2271],[-126.5968,50.766,17.8186],[-126.5898,50.7642,23.9022],[-126.5774,50.765,0.0],[-126.5683,50.7689,0.0],[-126.5694,50.7706,0.0],[-126.5811,50.7719,78.0445]]],
[[[-126.6222,50.7742,76.8291],[-126.62,50.7767,0.0],[-126.6256,50.7778,7.986],[-126.63,50.7763,41.126],[-126.6378,50.7772,0.0],[-126.6439,50.7743,0.911],[-126.6394,50.7701,0.0],[-126.6278,50.7686,0.0],[-126.6233,50.7703,6.511],[-126.625,50.7722,36.1975],[-126.6222,50.7742,76.8291]]],
[[[-126.6133,50.7717,0.0],[-126.6062,50.775,14.2295],[-126.6138,50.7771,0.0],[-126.6211,50.7719,0.0],[-126.6189,50.7702,0.0],[-126.6133,50.7717,0.0]]],
[[[-126.8389,50.705,13.3394],[-126.8422,50.7078,5.7031],[-126.852,50.7065,2.1275],[-126.8447,50.701,11.1428],[-126.8398,50.7019,0.0],[-126.8389,50.705,13.3394]]],
[[[-126.6706,50.6911,0.0],[-126.675,50.6919,11.3331],[-126.6756,50.6908,11.3331],[-126.6739,50.6904,7.2091],[-126.6706,50.6911,0.0]]],
[[[-126.6828,50.6914,3.9861],[-126.6783,50.6908,6.383],[-126.6756,50.6922,0.0],[-126.6817,50.6925,0.0],[-126.6828,50.6914,3.9861]]],
[[[-126.6801,50.6953,0.0],[-126.6779,50.6942,0.0],[-126.67529999999999,50.6969,0.0],[-126.6804,50.6978,0.0],[-126.6823,50.6958,10.4355],[-126.6801,50.6953,0.0]]],
[[[-126.6828,50.7017,0.0],[-126.6861,50.7014,1.9125],[-126.6867,50.7003,0.0],[-126.6844,50.7003,0.0],[-126.6828,50.7017,0.0]]],
[[[-126.6644,50.7081,2.3232],[-126.6667,50.7072,0.0],[-126.6656,50.705,2.4711],[-126.6632,50.7076,7.0901],[-126.6644,50.7081,2.3232]]],
[[[-126.6933,50.7103,0.0],[-126.6922,50.7108,7.5371],[-126.6978,50.7133,12.1922],[-126.7006,50.71,0.0],[-126.6967,50.7094,5.9568],[-126.6933,50.7103,0.0]]],
[[[-126.6678,50.71,20.6346],[-126.6744,50.7067,0.0],[-126.6683,50.7075,16.7083],[-126.6667,50.7086,0.0],[-126.6678,50.71,20.6346]]],
[[[-126.6772,50.7278,0.5076],[-126.6734,50.7279,0.0],[-126.6734,50.7289,0.0],[-126.6785,50.7286,0.0],[-126.6772,50.7278,0.5076]]],
[[[-126.8078,50.7344,0.3242],[-126.8083,50.7322,1.0749],[-126.8056,50.7328,6.5108],[-126.8067,50.7344,2.437],[-126.8078,50.7344,0.3242]]],
[[[-126.6689,50.7333,4.7981],[-126.6761,50.7347,15.617],[-126.6878,50.7314,6.4954],[-126.6833,50.7297,0.0],[-126.6835,50.7316,0.0],[-126.6733,50.7317,0.0],[-126.6689,50.7333,4.7981]]],
[[[-126.7067,50.7356,0.0],[-126.7079,50.7352,8.8434],[-126.709,50.7344,0.0],[-126.7046,50.7339,0.0],[-126.7067,50.7356,0.0]]],
[[[-126.6928,50.735,0.0],[-126.6972,50.7356,0.5934],[-126.6972,50.7344,1.5026],[-126.6956,50.7339,0.0],[-126.6928,50.735,0.0]]],
[[[-126.5939,50.7241,9.355],[-126.5886,50.7264,6.2216],[-126.5908,50.7273,0.0],[-126.5961,50.7258,0.0],[-126.5939,50.7241,9.355]]],
[[[-126.5956,50.7282,0.1879],[-126.5989,50.7292,0.0],[-126.6017,50.7285,0.0],[-126.5991,50.7271,20.1077],[-126.5956,50.7282,0.1879]]],
[[[-126.595,50.7153,0.0],[-126.5922,50.7169,0.0],[-126.5967,50.7178,4.8632],[-126.5982,50.7152,0.0],[-126.595,50.7153,0.0]]],
[[[-126.605,50.7189,0.0],[-126.6078,50.7186,0.0],[-126.6089,50.7172,0.0],[-126.6056,50.7175,0.0],[-126.605,50.7189,0.0]]],
[[[-126.5922,50.7186,0.0],[-126.5894,50.7192,0.8173],[-126.5917,50.7203,1.606],[-126.5933,50.7194,1.606],[-126.5922,50.7186,0.0]]],
[[[-126.6733,50.7178,3.7364],[-126.6856,50.7194,4.7666],[-126.685,50.7178,2.5809],[-126.6817,50.7175,16.3099],[-126.6932,50.7157,0.0],[-126.6939,50.7142,2.1207],[-126.6862,50.7121,37.9053],[-126.6783,50.7128,3.3339],[-126.6722,50.7147,6.0983],[-126.6733,50.7178,3.7364]]],
[[[-126.6929,50.7214,10.3615],[-126.6902,50.7233,1.5735],[-126.709,50.7195,4.397],[-126.6995,50.7166,0.0],[-126.6929,50.7214,10.3615]]],
[[[-126.5873,50.7235,0.0],[-126.5839,50.7228,0.8566],[-126.5851,50.7253,4.5019],[-126.5868,50.7252,9.7078],[-126.5873,50.7235,0.0]]],
[[[-126.7217,50.7216,7.6003],[-126.7219,50.7205,7.6003],[-126.7188,50.7193,2.5597],[-126.7137,50.721,10.9275],[-126.7186,50.7223,0.0],[-126.7217,50.7216,7.6003]]],
[[[-126.7106,50.7211,0.0],[-126.7122,50.7208,2.4004],[-126.7128,50.7192,0.0],[-126.7094,50.7206,0.0],[-126.7106,50.7211,0.0]]],
[[[-126.5933,50.7208,0.0],[-126.5961,50.7211,4.2909],[-126.5972,50.7197,7.6779],[-126.595,50.7192,2.5245],[-126.5933,50.7208,0.0]]],
[[[-126.6031,50.7223,0.0],[-126.6061,50.7228,4.885],[-126.6072,50.7219,4.9648],[-126.6033,50.7208,0.0],[-126.6031,50.7223,0.0]]],
[[[-126.6789,50.7231,9.6609],[-126.6811,50.7242,0.0],[-126.6844,50.7222,0.0],[-126.6844,50.7206,11.5588],[-126.6817,50.7206,14.3267],[-126.6789,50.7231,9.6609]]],
[[[-126.6139,50.7231,0.0],[-126.6164,50.7237,1.0969],[-126.6178,50.7233,1.0969],[-126.6154,50.7222,1.4335],[-126.6139,50.7231,0.0]]],
[[[-126.7006,50.7314,1.7336],[-126.7078,50.7308,4.0292],[-126.7166,50.7249,3.5839],[-126.71,50.7225,16.5064],[-126.6982,50.7257,13.3671],[-126.691,50.7248,3.9996],[-126.6869,50.7261,11.0703],[-126.6913,50.729,14.1964],[-126.7006,50.7314,1.7336]]],
[[[-126.6222,50.742,36.9704],[-126.6263,50.7458,0.0],[-126.6483,50.7425,0.0],[-126.66,50.7369,0.0],[-126.6499,50.7361,14.9736],[-126.6442,50.7375,13.905],[-126.6351,50.734,27.8681],[-126.6272,50.7333,18.686],[-126.6365,50.7326,17.0356],[-126.6389,50.731,3.1193],[-126.6454,50.7313,2.9731],[-126.649,50.7283,24.6855],[-126.6539,50.7314,8.3453],[-126.6633,50.7314,33.1563],[-126.6687,50.7277,0.0],[-126.6736,50.7265,32.8367],[-126.67529999999999,50.7233,8.4437],[-126.6701,50.7183,5.2588],[-126.6675,50.7178,5.2588],[-126.6386,50.7222,16.2842],[-126.6325,50.7251,12.4159],[-126.6272,50.7242,18.1442],[-126.6211,50.7272,19.2579],[-126.6167,50.7319,0.0],[-126.6222,50.742,36.9704]]],
[[[-126.6407,50.7357,4.4035],[-126.6422,50.7358,0.0],[-126.643,50.735,0.0],[-126.6403,50.7344,0.0],[-126.6407,50.7357,4.4035]]],
[[[-126.5844,50.7344,0.0],[-126.5833,50.735,0.0],[-126.5827,50.7361,0.0],[-126.5862,50.7358,0.0],[-126.5844,50.7344,0.0]]],
[[[-126.7128,50.7369,0.0],[-126.7144,50.7358,0.0],[-126.7128,50.7347,0.0],[-126.7078,50.7364,0.0],[-126.7083,50.7372,0.0],[-126.7128,50.7369,0.0]]],
[[[-126.6092,50.7394,20.5187],[-126.6173,50.7397,5.5863],[-126.6172,50.7385,0.0],[-126.6113,50.7365,12.2183],[-126.6031,50.7381,0.0],[-126.6092,50.7394,20.5187]]],
[[[-126.5106,50.7597,0.0],[-126.5109,50.7635,0.0],[-126.5206,50.7661,10.2841],[-126.5378,50.7644,15.8599],[-126.5533,50.7608,14.4397],[-126.5561,50.7614,14.4397],[-126.5546,50.7625,0.0],[-126.5571,50.7634,13.7463],[-126.5649,50.7617,42.0039],[-126.5922,50.7639,6.6624],[-126.6,50.761,15.3714],[-126.6051,50.7554,14.5903],[-126.6122,50.7542,6.88],[-126.6111,50.7528,3.2063],[-126.6122,50.7519,75.477],[-126.6222,50.7486,0.0],[-126.6161,50.7458,6.1953],[-126.5961,50.743899999999996,44.6346],[-126.5931,50.7427,55.0406],[-126.5942,50.7415,4.4641],[-126.5877,50.7388,10.1778],[-126.5811,50.7403,9.7733],[-126.5839,50.7383,2.3549],[-126.5791,50.7376,20.7256],[-126.567,50.7414,0.0],[-126.5617,50.7453,0.0],[-126.5534,50.7456,78.5005],[-126.5411,50.7522,75.4733],[-126.5309,50.7496,33.8721],[-126.53,50.7481,0.0],[-126.5267,50.7497,15.9379],[-126.5223,50.7485,0.0],[-126.5106,50.7597,0.0]]],
[[[-126.6679,50.767,33.0795],[-126.6773,50.7693,4.6177],[-126.6883,50.7681,4.3249],[-126.7028,50.7625,0.0],[-126.7039,50.7611,0.0],[-126.7017,50.7586,62.6067],[-126.7089,50.7569,48.877],[-126.7133,50.7586,34.3815],[-126.7167,50.7578,6.073],[-126.7205,50.7538,21.7897],[-126.7139,50.7506,11.897],[-126.7178,50.7497,18.0555],[-126.7217,50.7464,1.0582],[-126.7133,50.7456,9.5617],[-126.7167,50.7442,0.7138],[-126.7156,50.7422,1.3621],[-126.7106,50.7444,4.6193],[-126.7056,50.7394,1.6848],[-126.7017,50.7417,0.0],[-126.7002,50.739,19.9583],[-126.6944,50.7393,13.2214],[-126.6917,50.7375,5.2365],[-126.6894,50.7392,0.0],[-126.6928,50.7424,14.2663],[-126.6839,50.7392,5.9554],[-126.6758,50.7398,10.8309],[-126.6689,50.7431,16.4295],[-126.6644,50.7481,13.4288],[-126.66,50.75,0.0],[-126.6569,50.7495,3.1757],[-126.6583,50.7481,0.0],[-126.6572,50.7469,26.4414],[-126.6609,50.7474,0.0],[-126.6656,50.7433,0.0],[-126.6644,50.7406,5.7982],[-126.6656,50.74,0.0],[-126.6633,50.7394,4.6481],[-126.6522,50.7433,0.0],[-126.6476,50.7475,13.7561],[-126.6394,50.7469,0.0],[-126.6322,50.7506,10.1366],[-126.6289,50.7542,0.0],[-126.6319,50.7603,19.9724],[-126.6457,50.758,6.5919],[-126.6511,50.7546,4.7832],[-126.653,50.7562,0.0],[-126.6571,50.7559,3.8924],[-126.6581,50.7567,40.445],[-126.6495,50.7587,0.0],[-126.6501,50.761,0.0],[-126.6557,50.7642,8.6811],[-126.661,50.7642,7.3139],[-126.6679,50.767,33.0795]]],
[[[-126.2494,50.6522,21.2026],[-126.2377,50.6561,23.7894],[-126.24,50.6593,0.0],[-126.2425,50.6599,19.6778],[-126.2478,50.6556,21.4257],[-126.2506,50.6561,0.0],[-126.2667,50.65,0.0],[-126.2589,50.6492,16.6503],[-126.2494,50.6522,21.2026]]],
[[[-126.2906,50.6506,16.7318],[-126.2878,50.6481,0.0],[-126.2844,50.6497,3.2312],[-126.2867,50.6508,10.2254],[-126.2906,50.6506,16.7318]]],
[[[-126.7007,50.6536,25.0287],[-126.7094,50.6553,2.8168],[-126.7109,50.6543,0.0],[-126.703,50.6513,0.0],[-126.697,50.652,3.098],[-126.7007,50.6536,25.0287]]],
[[[-126.4365,50.654,2.6184],[-126.4373,50.6548,2.6184],[-126.4382,50.6548,2.6184],[-126.4377,50.6528,4.96],[-126.4365,50.654,2.6184]]],
[[[-126.7006,50.6579,1.6578],[-126.7014,50.6572,1.6578],[-126.6994,50.655,0.0],[-126.698,50.6568,2.2029],[-126.7006,50.6579,1.6578]]],
[[[-126.6767,50.6572,13.7433],[-126.6833,50.6592,0.0],[-126.695,50.6536,3.5556],[-126.6844,50.6517,0.0],[-126.6728,50.6561,0.0],[-126.6767,50.6572,13.7433]]],
[[[-126.6939,50.6561,15.2083],[-126.6967,50.6542,1.1885],[-126.6906,50.6571,0.0],[-126.6922,50.6572,0.0],[-126.6939,50.6561,15.2083]]],
[[[-126.6709,50.6586,0.0],[-126.6744,50.6608,0.0],[-126.6789,50.6603,0.0],[-126.6742,50.6581,0.0],[-126.6709,50.6586,0.0]]],
[[[-126.7039,50.6778,0.0],[-126.7022,50.6769,0.0],[-126.7,50.6792,0.0],[-126.7028,50.6794,0.0],[-126.7039,50.6778,0.0]]],
[[[-126.6872,50.6831,3.7514],[-126.682,50.6823,28.5282],[-126.6785,50.6841,14.8584],[-126.6822,50.6856,0.0],[-126.6883,50.6833,0.0],[-126.6872,50.6831,3.7514]]],
[[[-126.6774,50.687,0.0],[-126.6785,50.6877,0.3618],[-126.6798,50.6874,0.3618],[-126.6783,50.6863,0.0],[-126.6774,50.687,0.0]]],
[[[-126.6822,50.6881,0.0],[-126.6833,50.6897,1.3456],[-126.6883,50.6903,0.0],[-126.6892,50.6895,0.0],[-126.6854,50.6878,13.5385],[-126.6944,50.6889,0.0],[-126.7006,50.6864,0.0],[-126.6867,50.6861,3.9471],[-126.6822,50.6881,0.0]]],
[[[-126.6144,50.6775,0.0],[-126.6167,50.6775,0.0],[-126.6178,50.6764,3.2592],[-126.6161,50.6758,3.2592],[-126.6144,50.6775,0.0]]],
[[[-126.6033,50.6784,1.7292],[-126.6,50.6778,0.0],[-126.5994,50.6789,0.0],[-126.6033,50.6792,1.8329],[-126.6033,50.6784,1.7292]]],
[[[-126.6986,50.6802,0.0],[-126.6951,50.6778,0.0],[-126.6887,50.6783,8.5998],[-126.6927,50.6819,17.9049],[-126.6986,50.6802,0.0]]],
[[[-126.6206,50.6625,9.988],[-126.6237,50.6619,0.0],[-126.6211,50.6603,0.0],[-126.6189,50.6617,11.6266],[-126.6206,50.6625,9.988]]],
[[[-126.6872,50.6625,0.0],[-126.6896,50.6631,3.1925],[-126.6903,50.6623,0.0],[-126.6886,50.6612,0.0],[-126.6872,50.6625,0.0]]],
[[[-126.5033,50.6642,0.0],[-126.4989,50.6622,25.4614],[-126.4964,50.6644,15.7722],[-126.5028,50.6661,4.937],[-126.5033,50.6642,0.0]]],
[[[-126.6944,50.6669,2.3742],[-126.6967,50.6658,0.0],[-126.69,50.6658,0.0],[-126.6917,50.6672,0.0],[-126.6944,50.6669,2.3742]]],
[[[-126.5071,50.663,0.0],[-126.5111,50.6628,1.8334],[-126.5122,50.6617,0.0],[-126.5079,50.6621,0.0],[-126.5071,50.663,0.0]]],
[[[-126.6303,50.6613,4.4031],[-126.6265,50.6628,0.0],[-126.6269,50.664,0.0],[-126.6342,50.6634,4.6821],[-126.6333,50.6616,0.0],[-126.6303,50.6613,4.4031]]],
[[[-126.5067,50.6697,22.8253],[-126.5089,50.6683,16.3785],[-126.5058,50.6674,16.3785],[-126.504,50.6687,1.5447],[-126.5043,50.6691,0.0],[-126.5067,50.6697,22.8253]]],
[[[-126.6083,50.6733,0.0],[-126.607,50.6742,0.0],[-126.6133,50.6753,35.1925],[-126.6183,50.6728,0.0],[-126.6161,50.6719,0.0],[-126.6083,50.6733,0.0]]],
[[[-126.6317,50.6746,3.7977],[-126.6246,50.6724,19.5386],[-126.6211,50.6756,29.7473],[-126.6275,50.6778,10.5786],[-126.6317,50.6746,3.7977]]],
[[[-126.6072,50.6769,27.808],[-126.609,50.6758,0.0],[-126.6046,50.6747,5.2807],[-126.6021,50.6758,0.0],[-126.6043,50.6773,0.0],[-126.6072,50.6769,27.808]]],
[[[-126.7252,50.6371,0.0],[-126.7231,50.6345,0.0],[-126.7196,50.6353,0.0],[-126.7212,50.6378,23.6047],[-126.7252,50.6371,0.0]]],
[[[-126.3989,50.6419,0.0],[-126.4017,50.6444,0.0],[-126.4083,50.6448,54.1033],[-126.4193,50.6445,14.4703],[-126.4283,50.6411,27.2923],[-126.424,50.6398,0.0],[-126.3989,50.6419,0.0]]],
[[[-126.6533,50.6358,14.6286],[-126.661,50.6384,4.3067],[-126.6656,50.6364,16.5897],[-126.6706,50.6364,0.0],[-126.6635,50.6328,8.1181],[-126.6534,50.6336,0.0],[-126.6533,50.6358,14.6286]]],
[[[-126.4327,50.6441,14.4179],[-126.4349,50.642,0.0673],[-126.4313,50.6416,0.0],[-126.425,50.6436,23.9581],[-126.4267,50.645,25.191],[-126.4327,50.6441,14.4179]]],
[[[-126.6011,50.6461,0.0],[-126.6039,50.6456,0.0],[-126.6033,50.6436,0.0],[-126.5994,50.6444,0.0],[-126.6011,50.6461,0.0]]],
[[[-126.5933,50.6444,5.4303],[-126.5889,50.6458,4.9775],[-126.5933,50.6461,13.0399],[-126.5944,50.645,0.0],[-126.5933,50.6444,5.4303]]],
[[[-126.6869,50.6489,0.0],[-126.6983,50.65,11.9324],[-126.6978,50.6486,19.2557],[-126.6994,50.6475,0.0],[-126.6874,50.6426,6.3144],[-126.6879,50.641,4.7444],[-126.6838,50.6387,0.0],[-126.671,50.6404,0.0],[-126.6738,50.6434,22.7562],[-126.6869,50.6489,0.0]]],
[[[-126.6376,50.654,8.1891],[-126.6409,50.6542,27.804],[-126.6446,50.6566,20.4652],[-126.6589,50.6565,6.3049],[-126.6644,50.6531,36.9849],[-126.6722,50.6542,15.1816],[-126.6839,50.6506,29.3618],[-126.6681,50.6426,0.0],[-126.6427,50.6411,12.3571],[-126.6149,50.6411,7.005],[-126.6133,50.6431,0.0],[-126.6158,50.6451,7.3728],[-126.6072,50.6478,0.0],[-126.6133,50.6506,0.0],[-126.6166,50.65,2.6551],[-126.6172,50.6475,22.0871],[-126.62,50.6492,0.0],[-126.6233,50.6475,34.6465],[-126.6247,50.6498,13.6327],[-126.6238,50.6517,22.9254],[-126.6254,50.6527,10.4457],[-126.631,50.6519,49.3371],[-126.6376,50.654,8.1891]]],
[[[-126.1989,50.7053,76.1008],[-126.1984,50.7136,59.9729],[-126.204,50.7141,0.0],[-126.2163,50.7119,37.1669],[-126.2207,50.7068,55.6172],[-126.2192,50.7032,10.6961],[-126.2285,50.6954,57.0529],[-126.2338,50.6955,0.0],[-126.2304,50.6921,20.9308],[-126.2278,50.6926,20.9308],[-126.2256,50.6908,0.0],[-126.2237,50.6869,0.0],[-126.227,50.6813,36.2286],[-126.2271,50.6759,17.1451],[-126.2191,50.6683,0.0],[-126.2196,50.6655,5.597],[-126.2028,50.6639,5.3631],[-126.1935,50.6675,22.5058],[-126.2017,50.6853,49.3284],[-126.1994,50.6917,12.9003],[-126.1989,50.7053,76.1008]]],
[[[-126.6117,50.6894,0.0],[-126.6094,50.6865,0.0],[-126.605,50.6875,0.0],[-126.6111,50.6914,4.5658],[-126.6117,50.6894,0.0]]],
[[[-126.6094,50.72,4.4048],[-126.6189,50.7222,0.0],[-126.6383,50.7197,30.3385],[-126.6439,50.7181,15.8081],[-126.6461,50.7156,8.5168],[-126.6527,50.7142,6.6309],[-126.6467,50.7117,14.9498],[-126.6611,50.7083,48.5567],[-126.6628,50.7047,7.7734],[-126.6617,50.7033,21.5639],[-126.6633,50.7025,21.5639],[-126.6694,50.7064,14.8727],[-126.6765,50.7048,5.819],[-126.6781,50.7036,0.0],[-126.6756,50.7019,4.1755],[-126.6701,50.7023,22.0693],[-126.6761,50.6994,0.0],[-126.6722,50.6981,18.3433],[-126.6667,50.6931,3.0508],[-126.6611,50.6931,22.5899],[-126.6622,50.6917,39.0942],[-126.675,50.6889,7.2091],[-126.6558,50.6801,0.0],[-126.6462,50.6801,4.281],[-126.6301,50.6854,0.0],[-126.6279,50.6902,4.3304],[-126.6326,50.6943,29.7467],[-126.6304,50.6948,26.344],[-126.6271,50.6927,8.2901],[-126.6218,50.6946,10.1111],[-126.6137,50.7003,0.0],[-126.6094,50.7081,0.0],[-126.6278,50.7086,55.735],[-126.6399,50.711,34.9547],[-126.6254,50.7103,0.0],[-126.6228,50.7117,7.1615],[-126.6133,50.7117,0.0],[-126.6056,50.7153,0.0],[-126.6076,50.7167,9.7031],[-126.6233,50.7156,75.5135],[-126.6178,50.7189,18.5014],[-126.61279999999999,50.7181,2.2325],[-126.6072,50.72,0.0],[-126.6094,50.72,4.4048]]],
[[[-126.4819,50.738,87.777],[-126.4814,50.7356,56.2611],[-126.4854,50.7358,20.1751],[-126.4859,50.7343,43.147],[-126.482,50.7318,16.6349],[-126.489,50.7315,18.3567],[-126.5046,50.7354,39.047],[-126.5098,50.739,0.0],[-126.5172,50.7408,15.0514],[-126.5087,50.741,33.9228],[-126.5032,50.7379,4.2634],[-126.502,50.7385,3.1427],[-126.5026,50.7412,8.3662],[-126.5055,50.7441,20.1723],[-126.5178,50.7452,45.5525],[-126.5248,50.7446,21.1188],[-126.5287,50.7424,9.956],[-126.5326,50.744,0.0],[-126.5559,50.7413,31.1984],[-126.57,50.7361,0.0],[-126.5689,50.735,0.0],[-126.5616,50.7369,0.0],[-126.5542,50.7339,8.2496],[-126.5483,50.7342,30.265],[-126.5466,50.7325,4.6527],[-126.5483,50.7301,21.4155],[-126.5635,50.7251,0.0],[-126.563,50.7227,0.0],[-126.568,50.7203,12.1941],[-126.5644,50.7151,21.3434],[-126.567,50.7149,27.6865],[-126.5679,50.7178,0.0],[-126.5715,50.7199,8.965],[-126.5739,50.7185,0.0],[-126.5698,50.7162,16.9958],[-126.5706,50.7144,34.4827],[-126.5732,50.716,0.0],[-126.5833,50.7158,0.0],[-126.5937,50.7085,0.0],[-126.5865,50.7061,0.0],[-126.587,50.7044,18.6578],[-126.5982,50.7034,7.2834],[-126.6042,50.6999,0.0],[-126.6014,50.6979,76.2826],[-126.6012,50.693,18.3555],[-126.5977,50.6903,0.0],[-126.5954,50.6903,0.0],[-126.599,50.6977,76.2826],[-126.5945,50.6977,183.3411],[-126.5945,50.6903,0.0],[-126.585,50.6911,8.7961],[-126.5701,50.696,0.0],[-126.5659,50.6981,0.0],[-126.5658,50.7011,0.0],[-126.5638,50.7026,11.4949],[-126.5564,50.6992,5.3375],[-126.5567,50.6967,21.0353],[-126.5665,50.6924,13.6037],[-126.5798,50.6915,18.769],[-126.5837,50.6899,0.0],[-126.5784,50.6854,5.2476],[-126.572,50.6841,28.4508],[-126.5748,50.6829,7.252],[-126.5719,50.6799,18.9558],[-126.5778,50.6789,0.0],[-126.5801,50.6812,0.0],[-126.5933,50.683,25.2558],[-126.5976,50.6809,0.0],[-126.595,50.6775,22.8543],[-126.5955,50.675,6.4068],[-126.5995,50.6731,16.6236],[-126.6039,50.6738,5.2807],[-126.6083,50.6714,22.5883],[-126.6182,50.6705,0.0],[-126.6184,50.6672,0.0],[-126.6125,50.6658,20.6673],[-126.6113,50.6641,0.0],[-126.6165,50.6632,10.4178],[-126.6192,50.6596,6.8626],[-126.6093,50.6618,0.0],[-126.596,50.6615,0.0],[-126.5944,50.6602,5.598],[-126.5965,50.6574,8.9158],[-126.5895,50.6526,11.6567],[-126.5852,50.6516,0.0],[-126.5855,50.6503,0.0],[-126.5713,50.6516,0.0],[-126.5689,50.6494,8.4904],[-126.5631,50.6485,0.0],[-126.5589,50.6442,14.7678],[-126.5165,50.6504,0.0],[-126.515,50.6522,10.8964],[-126.5078,50.6505,14.4311],[-126.504,50.6513,0.0],[-126.5016,50.6488,9.1545],[-126.5083,50.6468,35.094],[-126.5044,50.6428,10.9406],[-126.4967,50.6411,31.1962],[-126.4956,50.6389,0.0],[-126.4911,50.6372,26.2668],[-126.4794,50.6386,0.0],[-126.4779,50.6402,0.0],[-126.4859,50.6426,0.0],[-126.4748,50.6453,0.0],[-126.4589,50.6419,0.0],[-126.4533,50.6436,0.0],[-126.4517,50.6472,22.0077],[-126.4416,50.6506,24.6262],[-126.4398,50.6537,3.7967],[-126.4519,50.6599,16.4577],[-126.4548,50.6638,0.0],[-126.4632,50.6682,7.2773],[-126.4709,50.6701,42.5634],[-126.4872,50.6678,3.013],[-126.4821,50.6618,48.819],[-126.4886,50.6604,5.9046],[-126.492,50.6576,0.0],[-126.4977,50.6594,0.0],[-126.5159,50.6574,6.2855],[-126.5198,50.6587,9.0754],[-126.5204,50.6612,0.0],[-126.5097,50.6654,0.0],[-126.5092,50.667,0.0],[-126.5115,50.6701,9.1775],[-126.5076,50.6746,13.3155],[-126.4954,50.6725,0.0],[-126.4945,50.6749,1.3019],[-126.48779999999999,50.6758,5.881],[-126.482,50.6787,0.0],[-126.4782,50.6774,5.2713],[-126.4711,50.6784,0.0],[-126.4628,50.6834,11.2008],[-126.4555,50.6791,18.0366],[-126.4559,50.6757,0.0],[-126.4604,50.6734,0.0],[-126.4594,50.6722,14.0718],[-126.4539,50.6722,27.0258],[-126.4428,50.6672,19.1085],[-126.4362,50.6689,18.1694],[-126.4313,50.6675,18.6669],[-126.4164,50.6592,20.2672],[-126.4017,50.6606,92.7424],[-126.3939,50.6589,26.2932],[-126.3796,50.6587,0.0],[-126.3793,50.6574,0.0],[-126.3819,50.6556,0.0],[-126.3784,50.6538,14.4997],[-126.3772,50.6509,49.5865],[-126.3716,50.6496,20.7345],[-126.3661,50.651,13.1156],[-126.3632,50.6467,0.0],[-126.3449,50.6456,91.0742],[-126.3427,50.6443,3.7693],[-126.3282,50.6444,29.1135],[-126.3028,50.6492,13.4766],[-126.2889,50.657,0.0],[-126.2828,50.6533,0.0],[-126.275,50.6553,3.0818],[-126.2706,50.6542,6.6611],[-126.265,50.6599,0.0],[-126.2648,50.664,31.4294],[-126.2615,50.6679,32.9046],[-126.257,50.6694,6.4426],[-126.2565,50.6732,23.0531],[-126.2512,50.6736,4.4979],[-126.2539,50.675,8.6057],[-126.2544,50.6776,4.2375],[-126.2593,50.6796,15.7998],[-126.262,50.6826,14.9669],[-126.2633,50.6928,0.0],[-126.2571,50.6991,52.7851],[-126.2477,50.7009,27.9029],[-126.2383,50.7055,87.3343],[-126.2409,50.7167,0.0],[-126.2389,50.7203,21.5712],[-126.2283,50.7257,99.3124],[-126.2237,50.7248,0.0],[-126.217,50.727,0.0],[-126.2028,50.7255,59.1169],[-126.1926,50.7282,30.7331],[-126.1859,50.7328,38.7142],[-126.1824,50.7332,0.0],[-126.1801,50.7379,33.4017],[-126.1819,50.7399,10.6586],[-126.1802,50.741,65.1291],[-126.1708,50.7444,5.6722],[-126.1584,50.7458,9.0005],[-126.1547,50.7534,0.0],[-126.1565,50.7568,29.6849],[-126.1637,50.7596,29.3475],[-126.1897,50.761,14.5846],[-126.2109,50.7696,29.6753],[-126.2155,50.7733,57.8821],[-126.2189,50.7794,27.2188],[-126.2262,50.7847,46.1235],[-126.2296,50.7901,36.8665],[-126.2284,50.7927,30.2731],[-126.2301,50.7959,9.2673],[-126.2268,50.7992,30.9219],[-126.2318,50.806399999999996,14.1653],[-126.2294,50.8079,1.2034],[-126.2287,50.8165,58.5429],[-126.2263,50.8186,5.2336],[-126.229,50.8231,8.0736],[-126.2577,50.8224,14.8998],[-126.2681,50.8191,3.0045],[-126.2754,50.821,0.0],[-126.2894,50.8215,15.2306],[-126.2905,50.8203,3.7425],[-126.2891,50.8196,3.7425],[-126.2893,50.8169,18.7336],[-126.2965,50.8159,13.1477],[-126.3,50.8189,31.0982],[-126.2839,50.8253,0.0],[-126.2768,50.8242,0.0],[-126.2678,50.8253,0.0],[-126.2637,50.8282,0.0],[-126.2798,50.8332,35.27],[-126.3172,50.8322,0.0],[-126.327,50.8346,28.3941],[-126.338,50.8318,80.8287],[-126.3455,50.8243,37.0893],[-126.353,50.8203,32.6974],[-126.3596,50.8214,22.1473],[-126.381,50.8172,0.0],[-126.3931,50.8124,9.6232],[-126.4038,50.8131,53.7548],[-126.4128,50.8089,0.0],[-126.4224,50.8071,3.7929],[-126.4237,50.8046,4.2613],[-126.4367,50.8,55.7164],[-126.4423,50.7954,12.869],[-126.4405,50.7937,0.0],[-126.4339,50.7936,0.0],[-126.4297,50.7914,0.0],[-126.4151,50.7926,46.1479],[-126.4074,50.7898,0.0],[-126.4004,50.7899,0.0],[-126.4037,50.7876,39.5791],[-126.4026,50.7864,3.9503],[-126.3692,50.7884,0.0],[-126.3688,50.7869,48.7157],[-126.3828,50.785,37.7438],[-126.4022,50.7853,33.9613],[-126.4143,50.7823,0.0],[-126.4225,50.7845,0.0],[-126.429,50.7839,0.0],[-126.4329,50.7831,0.0],[-126.4358,50.7801,42.3902],[-126.4428,50.7817,14.0119],[-126.4572,50.7806,0.0],[-126.4644,50.7742,6.2892],[-126.4732,50.774,4.3537],[-126.4664,50.7712,11.1599],[-126.465,50.7683,4.9137],[-126.46,50.7669,3.1257],[-126.472,50.7671,0.0],[-126.4682,50.7637,36.4562],[-126.4693,50.7629,36.4562],[-126.4755,50.766,3.9185],[-126.4793,50.7648,38.3873],[-126.4854,50.7682,3.6254],[-126.4893,50.7676,5.2448],[-126.4903,50.7641,27.2122],[-126.487,50.762,14.5401],[-126.4906,50.7606,0.0],[-126.4896,50.7587,50.4503],[-126.492,50.7588,0.0],[-126.5001,50.7524,3.6524],[-126.4994,50.7484,3.6607],[-126.4966,50.7474,8.8256],[-126.5009,50.7437,9.5655],[-126.5011,50.7403,16.0075],[-126.4988,50.737,0.0],[-126.4943,50.736,6.5601],[-126.4866,50.7383,32.5241],[-126.4819,50.738,87.777]]],
[[[-126.6391,50.6155,1.2261],[-126.6394,50.6168,1.2261],[-126.6419,50.6161,0.5488],[-126.6409,50.6151,0.0],[-126.6391,50.6155,1.2261]]],
[[[-126.5914,50.6174,1.0338],[-126.5937,50.6178,4.2501],[-126.5966,50.6171,0.0],[-126.5948,50.6163,0.0],[-126.5914,50.6174,1.0338]]],
[[[-126.6224,50.616,11.5156],[-126.6232,50.6182,33.5484],[-126.6289,50.6195,10.5943],[-126.6254,50.6163,11.5156],[-126.6224,50.616,11.5156]]],
[[[-126.2861,50.6072,0.0],[-126.2939,50.6111,24.5161],[-126.2978,50.6114,38.9478],[-126.3145,50.6042,5.0157],[-126.314,50.6024,16.0641],[-126.316,50.6014,0.0],[-126.3102,50.5944,50.7422],[-126.3061,50.5833,0.0],[-126.3006,50.58,9.1967],[-126.3104,50.5832,10.3984],[-126.3175,50.5916,15.8929],[-126.3475,50.5995,0.0],[-126.3588,50.5995,9.806],[-126.3631,50.5977,0.0],[-126.3578,50.5955,47.2184],[-126.3553,50.5926,0.0],[-126.3587,50.5895,38.3039],[-126.3537,50.5861,0.0],[-126.3541,50.5847,4.3371],[-126.3617,50.5841,0.0],[-126.3887,50.5869,31.4414],[-126.3928,50.5841,18.7768],[-126.3967,50.5863,21.6151],[-126.4139,50.5819,37.0011],[-126.435,50.5717,42.0134],[-126.4428,50.5733,20.7158],[-126.45,50.5697,14.2366],[-126.4572,50.5717,19.3931],[-126.4655,50.5702,13.5641],[-126.4652,50.5652,0.0],[-126.46,50.5661,15.8997],[-126.4572,50.565,0.0],[-126.4483,50.5675,9.736],[-126.45,50.5642,15.776],[-126.4539,50.565,11.161],[-126.4566,50.5631,0.9996],[-126.4487,50.5583,20.8609],[-126.4544,50.5588,0.0],[-126.4594,50.5622,0.0],[-126.4628,50.5625,0.0],[-126.4734,50.5599,26.5846],[-126.4715,50.5584,0.0],[-126.4736,50.5567,7.4037],[-126.4726,50.5561,7.4037],[-126.478,50.5563,5.6713],[-126.4799,50.5548,35.5258],[-126.48779999999999,50.557,25.3573],[-126.5009,50.5553,32.6268],[-126.506,50.5532,25.5814],[-126.5239,50.5544,10.6844],[-126.5329,50.5533,36.945],[-126.5348,50.5521,6.7328],[-126.535,50.5492,12.0545],[-126.5432,50.5524,0.0],[-126.5459,50.5502,13.591],[-126.5545,50.5519,53.3405],[-126.5696,50.5511,8.9499],[-126.5861,50.5467,15.0923],[-126.5978,50.5486,3.1759],[-126.6039,50.5467,11.0809],[-126.6256,50.5497,10.9121],[-126.6344,50.5489,0.0],[-126.6461,50.5505,0.0],[-126.6701,50.5508,0.0],[-126.6792,50.5494,0.0],[-126.6735,50.5471,14.5754],[-126.6393,50.5421,26.4155],[-126.6296,50.5447,9.4863],[-126.6246,50.5418,0.0],[-126.6126,50.5416,2.7304],[-126.6106,50.5394,0.0],[-126.627,50.5404,44.3103],[-126.6299,50.5384,0.0],[-126.6242,50.5345,7.4654],[-126.6104,50.5306,0.0],[-126.61,50.5293,0.0],[-126.6135,50.5269,11.0284],[-126.6107,50.5243,0.0],[-126.5937,50.5218,0.0],[-126.5849,50.5224,32.9202],[-126.5853,50.5211,0.0],[-126.5817,50.5198,0.0],[-126.5767,50.5192,7.8028],[-126.5669,50.5215,0.0],[-126.5644,50.5246,3.9359],[-126.5462,50.5257,22.2161],[-126.5331,50.5241,31.6065],[-126.532,50.5219,0.0],[-126.5239,50.5197,0.0],[-126.5162,50.5205,32.402],[-126.5038,50.5162,0.0],[-126.4894,50.5172,30.3048],[-126.4891,50.5156,0.0],[-126.4867,50.5151,0.0],[-126.4772,50.516,17.2999],[-126.4601,50.5123,6.76],[-126.4501,50.5144,8.3916],[-126.4309,50.5126,5.171],[-126.4159,50.5146,0.0],[-126.414,50.5197,2.1513],[-126.3999,50.5221,6.6578],[-126.3949,50.5273,7.8291],[-126.3879,50.5269,0.0],[-126.3816,50.5239,21.2552],[-126.3622,50.5194,9.3228],[-126.3441,50.5199,0.0],[-126.3167,50.5244,7.3551],[-126.3044,50.5319,0.0],[-126.3022,50.535,4.7571],[-126.2897,50.541,0.0],[-126.2856,50.5481,73.9279],[-126.2795,50.5516,4.9043],[-126.2793,50.5585,16.1861],[-126.2754,50.5618,0.0],[-126.2742,50.5679,2.7682],[-126.2715,50.5696,13.7351],[-126.2672,50.5682,5.7033],[-126.2666,50.5666,0.0],[-126.265,50.5676,6.0258],[-126.2635,50.5653,15.8052],[-126.2698,50.559,10.9716],[-126.2683,50.5558,4.5466],[-126.2737,50.555,7.8963],[-126.2749,50.5523,33.7672],[-126.2721,50.5473,3.6728],[-126.2691,50.5483,6.5396],[-126.2698,50.5508,5.7448],[-126.2644,50.5494,10.6554],[-126.2678,50.5481,24.1986],[-126.269,50.545,3.9083],[-126.2817,50.5392,0.0],[-126.2777,50.537,6.8358],[-126.2709,50.5387,4.02],[-126.2717,50.5367,20.5534],[-126.277,50.5361,6.8358],[-126.2762,50.5346,4.0846],[-126.2609,50.5378,31.2926],[-126.2569,50.5373,5.182],[-126.253,50.5395,0.0],[-126.2459,50.5386,0.0],[-126.234,50.5465,2.3898],[-126.2216,50.5471,31.7872],[-126.2206,50.5484,0.0],[-126.2218,50.5508,10.339],[-126.218,50.552,0.0],[-126.2238,50.5563,25.3934],[-126.2197,50.5597,2.3236],[-126.2228,50.5625,12.2776],[-126.2144,50.5603,0.0],[-126.2058,50.5653,0.0],[-126.2085,50.5773,0.0],[-126.2415,50.58,9.3403],[-126.2634,50.5891,0.0],[-126.2861,50.6072,0.0]]],
[[[-126.2751,50.6105,1.6641],[-126.2761,50.6116,1.6641],[-126.2794,50.6119,0.0],[-126.278,50.6103,0.0],[-126.2751,50.6105,1.6641]]],
[[[-126.6537,50.6047,27.0922],[-126.655,50.6069,21.3924],[-126.6583,50.6078,0.0],[-126.6621,50.6051,32.2075],[-126.6756,50.6033,9.8759],[-126.6711,50.6025,15.8856],[-126.6702,50.6002,17.1391],[-126.6713,50.598,20.0975],[-126.6665,50.5971,33.7147],[-126.6525,50.5996,0.0],[-126.6498,50.6019,0.0],[-126.6537,50.6047,27.0922]]],
[[[-126.501,50.5799,8.9991],[-126.4941,50.5799,41.732],[-126.494,50.5754,0.0],[-126.4906,50.575,0.0],[-126.4794,50.579,6.2704],[-126.4706,50.5844,38.36],[-126.4667,50.5842,27.8832],[-126.4539,50.5917,0.0],[-126.4522,50.5911,2.4479],[-126.4494,50.5839,11.957],[-126.4421,50.5829,4.1165],[-126.4201,50.5894,11.3187],[-126.4101,50.5948,3.4605],[-126.3976,50.5955,11.3042],[-126.3839,50.6038,45.4639],[-126.371,50.6062,0.0],[-126.3653,50.6098,20.5801],[-126.3576,50.6093,8.721],[-126.3504,50.6136,0.0],[-126.3477,50.6129,0.0],[-126.345,50.6178,0.0],[-126.3461,50.618899999999996,0.0],[-126.3456,50.6247,4.6356],[-126.3437,50.6272,33.1],[-126.3449,50.6288,0.0],[-126.363,50.6305,0.0],[-126.3724,50.629,27.34],[-126.3774,50.6299,9.9848],[-126.3815,50.6276,44.7013],[-126.3861,50.629,6.1529],[-126.4183,50.63,67.1658],[-126.4236,50.6267,28.2229],[-126.4322,50.6247,20.2417],[-126.4373,50.628,5.9601],[-126.4627,50.6299,17.5528],[-126.4729,50.6291,0.0],[-126.4779,50.6267,84.7931],[-126.4971,50.6256,0.0],[-126.5002,50.6238,13.5061],[-126.4994,50.6206,15.0338],[-126.502,50.6192,6.8367],[-126.5033,50.6208,88.0467],[-126.5025,50.6237,4.8121],[-126.504,50.6237,56.5029],[-126.5122,50.6197,45.5081],[-126.5199,50.6198,13.7796],[-126.5255,50.6172,0.0],[-126.5425,50.6142,5.043],[-126.5489,50.6097,15.2968],[-126.5528,50.6111,17.3886],[-126.5671,50.6089,0.0],[-126.5655,50.6062,35.1708],[-126.5688,50.6046,0.0],[-126.5628,50.6033,22.9503],[-126.5713,50.6007,0.0],[-126.574,50.5972,0.0],[-126.5675,50.5988,46.7744],[-126.5589,50.5947,0.0],[-126.5567,50.5958,13.7527],[-126.5505,50.5946,0.0],[-126.5387,50.6002,0.0],[-126.5339,50.6007,17.8678],[-126.5338,50.5995,24.9667],[-126.5405,50.596,2.1652],[-126.5401,50.593,0.0],[-126.5344,50.5936,0.0],[-126.5327,50.5895,0.0],[-126.5241,50.5909,23.975],[-126.5182,50.5884,0.0],[-126.5094,50.5901,0.0],[-126.5033,50.5886,0.0],[-126.5,50.59,0.0],[-126.4978,50.5881,37.2617],[-126.5022,50.5872,0.0],[-126.5038,50.5854,12.0168],[-126.5137,50.5866,31.877],[-126.5194,50.5843,12.5977],[-126.5186,50.5827,3.3285],[-126.5126,50.5835,13.2639],[-126.5122,50.5816,0.0],[-126.5058,50.5834,9.4361],[-126.5007,50.5813,40.4509],[-126.501,50.5799,8.9991]]],
[[[-126.6444,50.6014,3.3956],[-126.64,50.6019,0.0],[-126.6461,50.6072,6.7104],[-126.6517,50.6075,0.0],[-126.6517,50.6058,6.4337],[-126.6444,50.6014,3.3956]]],
[[[-126.578,50.6053,0.0],[-126.5729,50.6064,6.4225],[-126.572,50.6075,3.4556],[-126.577,50.6069,7.9552],[-126.578,50.6053,0.0]]],
[[[-126.6061,50.6022,24.1745],[-126.6046,50.6042,0.0],[-126.6066,50.6054,42.3807],[-126.6153,50.6079,12.0515],[-126.6178,50.6072,3.6836],[-126.618,50.6047,15.9292],[-126.6144,50.6011,0.8456],[-126.6061,50.6022,24.1745]]],
[[[-126.6044,50.6067,3.5158],[-126.6025,50.6047,0.0],[-126.5973,50.6062,0.0],[-126.5983,50.6075,3.9588],[-126.6039,50.6078,10.4254],[-126.6044,50.6067,3.5158]]],
[[[-126.6255,50.6071,0.853],[-126.6261,50.6074,0.853],[-126.628,50.6074,0.0],[-126.627,50.6062,0.7019],[-126.6255,50.6071,0.853]]],
[[[-126.62157777777777,50.6081,12.1292],[-126.62173094629156,50.608043734015347,12.1292],[-126.6228,50.6061,0.0],[-126.6195,50.6066,0.0],[-126.6194,50.6081,0.0],[-126.62157777777777,50.6081,12.1292]]],
[[[-126.62173094629156,50.608043734015347,12.1292],[-126.6217,50.6081,12.1292],[-126.62157777777777,50.6081,12.1292],[-126.6194,50.6089,1.2514],[-126.6239,50.6106,0.0],[-126.6256,50.61,3.8976],[-126.6243,50.6071,0.853],[-126.62173094629156,50.608043734015347,12.1292]]],
[[[-126.5856,50.6093,0.0],[-126.5866,50.6078,0.0],[-126.5858,50.6069,0.0],[-126.5839,50.6081,8.8152],[-126.5856,50.6093,0.0]]],
[[[-126.7194,50.6278,2.489],[-126.7178,50.6258,6.0216],[-126.7205,50.6249,11.0911],[-126.7263,50.6283,25.5935],[-126.7316,50.6293,2.5531],[-126.7332,50.6286,21.0487],[-126.7333,50.6264,23.6807],[-126.73779999999999,50.6275,0.0],[-126.7409,50.6239,18.966],[-126.7344,50.6127,6.0685],[-126.7271,50.609,25.4063],[-126.7071,50.6019,2.8205],[-126.7029,50.6025,16.5008],[-126.6981,50.6007,16.4729],[-126.6932,50.6009,11.5971],[-126.6857,50.6038,0.0],[-126.687,50.6059,52.8815],[-126.6818,50.6107,15.0109],[-126.6808,50.6171,0.0],[-126.695,50.616,3.6803],[-126.6926,50.6129,40.0104],[-126.6987,50.6158,0.0],[-126.7073,50.617,19.3694],[-126.7084,50.6187,2.1474],[-126.7111,50.6179,16.4395],[-126.71,50.6204,0.0],[-126.7135,50.6253,34.3668],[-126.7172,50.6281,5.1029],[-126.7194,50.6278,2.489]]],
[[[-126.6356,50.6097,15.6928],[-126.6433,50.6106,0.0],[-126.6444,50.6089,0.0],[-126.6375,50.6065,0.0],[-126.6317,50.6086,2.2719],[-126.6356,50.6097,15.6928]]],
[[[-126.3183,50.6279,55.2903],[-126.3328,50.6302,81.1791],[-126.3398,50.6243,14.8354],[-126.3386,50.618899999999996,0.0],[-126.3344,50.6192,31.1322],[-126.3354,50.6177,18.3797],[-126.3295,50.6156,40.9022],[-126.3262,50.6128,0.0],[-126.3263,50.611,0.0],[-126.3158,50.6053,0.0],[-126.3082,50.6085,7.8725],[-126.3034,50.6163,34.3514],[-126.3097,50.6242,5.4313],[-126.3183,50.6279,55.2903]]],
[[[-126.5831,50.6192,16.5329],[-126.5863,50.618899999999996,3.922],[-126.5865,50.6172,10.1804],[-126.5838,50.6165,6.8297],[-126.5831,50.6192,16.5329]]],
[[[-126.6984,50.6207,3.6451],[-126.7011,50.6211,0.0],[-126.7013,50.6206,0.0],[-126.699,50.6191,2.1149],[-126.6984,50.6207,3.6451]]],
[[[-126.6312,50.6281,25.2051],[-126.6395,50.6294,8.8126],[-126.6517,50.6261,24.8707],[-126.655,50.6272,0.0],[-126.6688,50.6244,4.7277],[-126.6703,50.623,4.1523],[-126.6672,50.6217,13.9653],[-126.6678,50.62,24.3699],[-126.6712,50.6221,4.1523],[-126.6757,50.6218,3.119],[-126.6775,50.6205,3.119],[-126.676,50.6174,0.0],[-126.6794,50.6122,10.6089],[-126.6799,50.6075,0.0],[-126.6439,50.6117,0.0],[-126.6417,50.6128,0.0],[-126.6481,50.6145,0.0],[-126.6489,50.6169,0.6126],[-126.6444,50.6164,0.0],[-126.6404,50.6179,0.0],[-126.6433,50.6194,12.0396],[-126.6361,50.6206,0.0],[-126.6361,50.6231,0.0],[-126.6323,50.6253,0.0],[-126.6312,50.6281,25.2051]]],
[[[-126.692,50.6184,0.0],[-126.6933,50.6191,1.3883],[-126.6956,50.6191,1.3883],[-126.6938,50.618,2.4107],[-126.692,50.6184,0.0]]],
[[[-126.6039,50.6206,32.3844],[-126.6067,50.6236,28.335],[-126.6157,50.6246,12.3023],[-126.6259,50.6215,17.8392],[-126.6222,50.6197,0.0],[-126.6168,50.6198,22.9387],[-126.6189,50.6186,0.0],[-126.6139,50.6164,0.0],[-126.6017,50.6178,2.8246],[-126.6039,50.6206,32.3844]]],
[[[-126.6331,50.6222,0.0],[-126.6289,50.6217,0.0],[-126.6283,50.6228,0.0],[-126.6322,50.6236,18.4389],[-126.6331,50.6222,0.0]]],
[[[-126.5903,50.6243,5.4673],[-126.5937,50.6268,41.3651],[-126.5991,50.6271,0.0],[-126.6061,50.6247,1.3258],[-126.6006,50.6228,31.7728],[-126.5989,50.62,0.0],[-126.5898,50.6227,9.7638],[-126.5903,50.6243,5.4673]]],
[[[-126.6978,50.6283,10.7447],[-126.6944,50.6267,3.8624],[-126.6956,50.6258,3.8624],[-126.6928,50.6264,3.8624],[-126.6944,50.6297,0.0],[-126.6978,50.6283,10.7447]]],
[[[-126.5647,50.6304,20.1928],[-126.5641,50.6164,44.4753],[-126.5672,50.6153,6.3277],[-126.5646,50.6118,0.0],[-126.531,50.6181,0.0],[-126.5167,50.6227,21.0207],[-126.5137,50.6257,35.8834],[-126.5054,50.6272,20.3941],[-126.5083,50.6286,20.3941],[-126.5067,50.63,0.0],[-126.5078,50.6308,1.2601],[-126.5128,50.6306,0.0],[-126.5135,50.6319,35.7303],[-126.512,50.6322,0.0],[-126.5252,50.6369,30.2032],[-126.5333,50.6336,55.1131],[-126.5354,50.6352,0.0],[-126.5426,50.6356,0.0],[-126.5489,50.6322,0.0],[-126.5531,50.6329,5.0321],[-126.5567,50.6308,6.2476],[-126.5564,50.6331,11.421],[-126.559,50.6333,22.043],[-126.5647,50.6304,20.1928]]],
[[[-126.6051,50.6262,0.0],[-126.607,50.6267,3.9407],[-126.6099,50.6259,0.0],[-126.6085,50.6253,0.5091],[-126.6051,50.6262,0.0]]],
[[[-126.6267,50.6261,2.4396],[-126.6289,50.6272,0.0],[-126.63,50.6253,0.0],[-126.6283,50.6253,0.0],[-126.6267,50.6261,2.4396]]],
[[[-126.6878,50.6256,4.9162],[-126.6867,50.6269,4.9162],[-126.6922,50.6281,7.6004],[-126.6906,50.625,0.0],[-126.6878,50.6256,4.9162]]],
[[[-127.0849,50.6669,35.572],[-127.0989,50.67,19.2329],[-127.1078,50.6756,0.0],[-127.1517,50.6494,1.7578],[-127.1578,50.6472,0.0],[-127.1632,50.6423,4.1094],[-127.1638,50.6386,0.0],[-127.1556,50.63,0.0],[-127.151,50.6318,6.9301],[-127.13,50.6278,2.3516],[-127.1044,50.6303,0.0],[-127.0856,50.6297,0.0],[-127.0471,50.6374,2.0029],[-127.0437,50.6393,0.0],[-127.0411,50.6447,1.781],[-127.037,50.6471,4.1801],[-127.033,50.6473,9.7643],[-127.0307,50.6456,0.0],[-127.0322,50.6428,0.0],[-127.0294,50.6369,0.0],[-127.0183,50.6283,0.0],[-127.0172,50.6214,1.1103],[-127.01,50.6192,2.0429],[-127.0057,50.6198,1.5295],[-126.9953,50.626,15.623],[-126.9875,50.6277,0.0],[-126.9741,50.6237,0.0],[-126.9559,50.6274,4.4597],[-126.9518,50.6249,0.0],[-126.9255,50.6193,13.7889],[-126.9184,50.6207,22.0765],[-126.8901,50.619,15.3797],[-126.8826,50.6207,1.7302],[-126.8578,50.6335,0.0],[-126.8517,50.6325,7.675],[-126.8506,50.6272,8.3949],[-126.8475,50.6232,1.2354],[-126.8319,50.6184,0.0],[-126.8262,50.6205,22.6422],[-126.8234,50.6261,0.0],[-126.8254,50.63,5.7969],[-126.8325,50.6338,0.0],[-126.8553,50.6406,7.8801],[-126.8648,50.6485,14.5361],[-126.8703,50.6566,0.0],[-126.8777,50.658,32.0209],[-126.8836,50.6622,0.0],[-126.893,50.6649,0.0],[-126.8933,50.6706,0.0],[-126.895,50.6722,0.0],[-126.9048,50.664,1.6127],[-126.9144,50.6589,1.6922],[-126.9283,50.6542,12.1954],[-126.9407,50.6597,0.0],[-126.953,50.6621,0.0],[-126.959,50.6616,13.6434],[-126.9676,50.6643,0.0],[-126.9748,50.6606,3.933],[-126.9803,50.6628,0.0],[-126.9854,50.662,15.8727],[-126.9962,50.6648,18.8555],[-127.0039,50.6647,0.0],[-127.019,50.6572,0.0],[-127.0244,50.6567,24.7889],[-127.0311,50.6598,5.9185],[-127.0417,50.6611,9.8679],[-127.0506,50.6656,3.6214],[-127.0559,50.6712,0.0],[-127.0686,50.6658,23.9999],[-127.0849,50.6669,35.572]]],
[[[-126.472,50.7994,0.4947],[-126.4742,50.8002,22.0507],[-126.4766,50.7983,0.0],[-126.4754,50.7981,0.0],[-126.472,50.7994,0.4947]]],
[[[-126.455,50.8014,0.0],[-126.4517,50.8028,0.0],[-126.4544,50.8036,7.5543],[-126.4656,50.8008,2.9154],[-126.4711,50.7975,0.0],[-126.4678,50.7964,0.0],[-126.4656,50.7989,17.9486],[-126.4569,50.799,7.4632],[-126.455,50.8014,0.0]]],
[[[-126.4792,50.7985,0.0],[-126.4783,50.7997,37.8526],[-126.4797,50.801,17.7215],[-126.4973,50.8001,8.2842],[-126.4904,50.7941,23.3489],[-126.4792,50.7985,0.0]]],
[[[-126.9291,50.8124,4.9875],[-126.9294,50.8136,4.9875],[-126.935,50.8145,11.8716],[-126.9414,50.8135,0.0],[-126.9334,50.8095,4.5751],[-126.9297,50.8105,6.874],[-126.9291,50.8124,4.9875]]],
[[[-126.8008,50.8145,32.6757],[-126.8002,50.8117,4.9191],[-126.7958,50.8118,9.1019],[-126.7952,50.8135,53.0917],[-126.797,50.8151,30.5492],[-126.8008,50.8145,32.6757]]],
[[[-126.9192,50.8226,4.9403],[-126.9223,50.8224,7.605],[-126.9232,50.8214,0.0],[-126.918,50.821,0.0],[-126.9192,50.8226,4.9403]]],
[[[-126.9494,50.8186,0.0],[-126.9425,50.8179,2.8721],[-126.9399,50.8192,0.0],[-126.9437,50.8268,17.4639],[-126.9533,50.8278,2.6002],[-126.9588,50.8248,0.0],[-126.9563,50.8227,5.4792],[-126.9562,50.8206,7.1455],[-126.9494,50.8186,0.0]]],
[[[-126.9239,50.8278,5.5553],[-126.9228,50.8292,9.3083],[-126.9267,50.8283,3.9385],[-126.9256,50.8278,3.9385],[-126.9239,50.8278,5.5553]]],
[[[-126.9269,50.7953,24.5197],[-126.9327,50.7963,3.047],[-126.9317,50.7984,2.0049],[-126.941,50.8036,6.5931],[-126.9465,50.8019,0.0],[-126.9416,50.7969,0.0],[-126.9275,50.7893,9.9492],[-126.9189,50.7861,0.0],[-126.9143,50.786,0.0],[-126.9157,50.7904,1.6262],[-126.9269,50.7953,24.5197]]],
[[[-126.5389,50.7975,7.9727],[-126.5411,50.7961,0.0],[-126.535,50.7961,0.0],[-126.5356,50.7969,0.0],[-126.5389,50.7975,7.9727]]],
[[[-126.9141,50.7939,3.0217],[-126.9164,50.7968,0.0],[-126.9294,50.8014,0.0],[-126.925,50.7954,24.5197],[-126.913,50.7927,3.3415],[-126.9141,50.7939,3.0217]]],
[[[-126.925,50.8008,1.8855],[-126.9222,50.8,0.0],[-126.9211,50.8014,0.0],[-126.9261,50.8022,0.0],[-126.925,50.8008,1.8855]]],
[[[-126.9382,50.8059,2.7217],[-126.9402,50.8049,17.4647],[-126.9372,50.8032,2.849],[-126.9347,50.8041,0.0],[-126.9364,50.8059,2.7217],[-126.9382,50.8059,2.7217]]],
[[[-126.9314,50.8415,0.0],[-126.9444,50.8425,0.0],[-126.9494,50.8385,0.0],[-126.9482,50.8357,0.0],[-126.9452,50.8343,0.0],[-126.9328,50.8336,4.6762],[-126.9299,50.8307,16.3185],[-126.9258,50.831,8.8324],[-126.9202,50.8341,0.0],[-126.9208,50.8377,2.9425],[-126.9257,50.8378,2.9095],[-126.9268,50.8399,8.6984],[-126.9314,50.8415,0.0]]],
[[[-126.674,50.8451,30.3387],[-126.6855,50.8526,0.0],[-126.7018,50.8604,89.6577],[-126.7058,50.8597,74.7248],[-126.7132,50.8547,0.0],[-126.7081,50.8503,29.7877],[-126.7097,50.8477,5.3607],[-126.7034,50.8475,15.9917],[-126.7081,50.8447,21.3026],[-126.7067,50.8419,47.1032],[-126.7083,50.8414,47.1032],[-126.7175,50.8424,0.0],[-126.7249,50.8405,11.6143],[-126.7468,50.8413,6.4948],[-126.7598,50.8459,3.9002],[-126.7694,50.8439,0.0],[-126.7723,50.8365,18.5551],[-126.7772,50.8344,15.0469],[-126.7844,50.8358,14.5187],[-126.7848,50.8401,67.7323],[-126.7873,50.842,37.3396],[-126.7938,50.8409,0.0],[-126.7952,50.8391,0.0],[-126.7944,50.8373,2.5325],[-126.7967,50.8353,0.0],[-126.7946,50.8314,15.4251],[-126.7986,50.8265,0.0],[-126.7962,50.8256,15.7889],[-126.7975,50.8236,0.0],[-126.7959,50.8214,0.0],[-126.7928,50.8197,15.1644],[-126.7903,50.817,35.616],[-126.7906,50.8152,26.9034],[-126.7845,50.8096,10.6016],[-126.7867,50.8065,20.4329],[-126.7928,50.8079,12.0642],[-126.796,50.8065,0.0],[-126.7981,50.8045,0.0],[-126.7985,50.8009,0.0],[-126.801,50.7991,32.5222],[-126.8028,50.7994,2.734],[-126.8028,50.8144,0.0],[-126.8079,50.8163,21.0773],[-126.8045,50.8192,0.0],[-126.8109,50.8245,0.0],[-126.8089,50.8265,23.1784],[-126.8076,50.8325,27.5352],[-126.8121,50.8374,0.0],[-126.8554,50.835,0.0],[-126.8559,50.8333,0.0],[-126.8539,50.8322,9.0877],[-126.8556,50.8318,89.2254],[-126.8633,50.8355,0.0],[-126.9089,50.8361,0.0],[-126.92,50.8328,10.8936],[-126.9217,50.8307,8.4168],[-126.9173,50.8292,6.7988],[-126.9234,50.8262,0.0],[-126.911,50.8214,0.0],[-126.905,50.8239,16.0048],[-126.9039,50.8231,48.7447],[-126.905,50.8214,4.1339],[-126.9016,50.8171,18.0622],[-126.8939,50.8117,0.0],[-126.8899,50.809,0.0],[-126.881,50.8076,42.1927],[-126.8839,50.805,0.0],[-126.8796,50.8029,2.8637],[-126.8623,50.8,18.6419],[-126.8621,50.7982,8.2003],[-126.8574,50.7952,0.0],[-126.8402,50.7977,20.5986],[-126.8365,50.7939,0.0],[-126.8454,50.7927,10.2498],[-126.8458,50.7894,4.4997],[-126.8495,50.7876,10.6633],[-126.8472,50.7861,11.4228],[-126.8484,50.7833,10.9177],[-126.8379,50.7803,17.141],[-126.8369,50.7785,0.0],[-126.8207,50.7746,13.1897],[-126.8177,50.776,44.6152],[-126.8149,50.7806,8.0411],[-126.8077,50.7823,24.8212],[-126.805,50.7853,2.2323],[-126.8033,50.7836,0.0],[-126.8039,50.7817,10.3141],[-126.8083,50.78,0.0],[-126.806,50.7743,1.2474],[-126.7967,50.7675,3.7404],[-126.7895,50.766,0.0],[-126.7877,50.7695,19.8028],[-126.7825,50.768,23.5958],[-126.7823,50.7667,3.9224],[-126.7765,50.7663,0.0906],[-126.7695,50.7714,8.4392],[-126.755,50.7764,0.0],[-126.7567,50.7778,9.911],[-126.7667,50.7744,12.6965],[-126.7705,50.7753,29.1461],[-126.7706,50.7769,25.9464],[-126.7639,50.7795,4.9853],[-126.763,50.7846,28.029],[-126.7762,50.7826,31.8642],[-126.782,50.784,21.3905],[-126.7783,50.7872,12.3116],[-126.7712,50.787,0.0],[-126.7641,50.7891,14.3733],[-126.7671,50.794,24.4179],[-126.7661,50.7947,10.2772],[-126.758,50.7932,9.911],[-126.7552,50.7906,21.6081],[-126.7517,50.7933,16.8735],[-126.7483,50.7911,0.6377],[-126.7494,50.79,2.5092],[-126.7441,50.7869,0.0],[-126.7291,50.7861,7.4692],[-126.7228,50.7831,46.9064],[-126.7372,50.7828,10.6461],[-126.7485,50.7791,0.0],[-126.74,50.7775,9.3476],[-126.7383,50.7756,1.954],[-126.7396,50.7727,10.4511],[-126.7385,50.7713,0.0],[-126.742,50.7678,3.6542],[-126.7356,50.7647,0.0],[-126.7294,50.7669,0.0],[-126.7339,50.7692,20.3806],[-126.7322,50.77,0.0],[-126.7278,50.7694,8.2713],[-126.7083,50.775,0.0],[-126.7056,50.7767,0.0],[-126.7067,50.7786,34.2083],[-126.7044,50.7803,0.0],[-126.7106,50.7819,6.7339],[-126.7002,50.7829,2.1879],[-126.6944,50.7853,0.0],[-126.6933,50.7883,2.4156],[-126.6867,50.7854,0.0],[-126.6772,50.7878,14.8519],[-126.6723,50.7854,0.0],[-126.6639,50.7894,3.303],[-126.6679,50.7913,1.4791],[-126.6732,50.7899,34.9324],[-126.675,50.7927,0.0],[-126.6789,50.7939,14.1766],[-126.6767,50.7956,5.0187],[-126.6774,50.7964,5.0187],[-126.6914,50.8001,29.3628],[-126.6908,50.8067,25.0134],[-126.6888,50.8073,14.045],[-126.6872,50.8025,13.2977],[-126.6809,50.8007,12.3142],[-126.6755,50.8013,11.0282],[-126.6716,50.7976,2.1583],[-126.6665,50.7971,7.2651],[-126.6725,50.796,0.0],[-126.6733,50.7942,9.5487],[-126.6653,50.7938,18.4852],[-126.6648,50.7917,7.6256],[-126.6617,50.7903,0.0],[-126.6527,50.7917,24.0164],[-126.6547,50.7889,5.7777],[-126.6507,50.7881,0.0],[-126.6396,50.7897,31.127],[-126.6315,50.789,20.84],[-126.6293,50.7913,5.2121],[-126.6317,50.7936,41.9277],[-126.6263,50.7985,0.0],[-126.6219,50.799,14.769],[-126.6171,50.8029,0.0],[-126.6135,50.8034,6.5165],[-126.5983,50.7986,0.0],[-126.5943,50.8007,44.2746],[-126.5854,50.7986,0.0],[-126.5754,50.8,0.0],[-126.5665,50.7986,22.9059],[-126.5711,50.7944,18.3379],[-126.5894,50.7941,7.0154],[-126.6024,50.7908,9.427],[-126.5928,50.7881,14.9653],[-126.5865,50.7887,5.3501],[-126.5861,50.7869,0.0],[-126.5802,50.7857,24.1832],[-126.5765,50.7864,14.8503],[-126.5727,50.7839,33.434],[-126.5671,50.7847,34.9178],[-126.5579,50.7814,18.3649],[-126.5411,50.7807,28.6137],[-126.5368,50.7821,28.1112],[-126.5302,50.7878,0.0],[-126.5314,50.7925,0.0],[-126.5485,50.7943,24.1737],[-126.5444,50.7981,6.5737],[-126.5489,50.7994,4.8874],[-126.5526,50.8041,12.0897],[-126.563,50.8042,35.5949],[-126.5649,50.8105,0.0],[-126.5756,50.8156,26.7255],[-126.5739,50.8169,0.0],[-126.5669,50.8156,10.6592],[-126.5642,50.8173,6.2912],[-126.583,50.8205,3.8334],[-126.573,50.8208,18.9431],[-126.5706,50.8248,5.4596],[-126.5664,50.8238,35.7313],[-126.5677,50.8217,0.0],[-126.564,50.8222,26.217],[-126.5628,50.8208,0.0],[-126.5556,50.8219,0.0],[-126.5549,50.8237,0.0],[-126.5628,50.8267,11.1814],[-126.5727,50.8262,13.7461],[-126.5772,50.8278,24.2393],[-126.5791,50.8313,25.0532],[-126.5902,50.8332,15.9917],[-126.5923,50.8322,4.9641],[-126.5917,50.8308,17.2228],[-126.5969,50.8284,20.4005],[-126.5951,50.8248,10.1859],[-126.6033,50.8265,15.0227],[-126.6073,50.8284,9.7087],[-126.6065,50.8318,0.0],[-126.6172,50.8331,17.5126],[-126.6036,50.8347,0.0],[-126.6133,50.8397,8.9675],[-126.6058,50.8409,22.1914],[-126.6053,50.8426,0.0],[-126.6166,50.8488,0.0],[-126.6253,50.8458,3.1554],[-126.6324,50.8477,4.6098],[-126.6386,50.8458,15.2816],[-126.6402,50.8393,6.7125],[-126.6603,50.8403,17.1685],[-126.6585,50.8371,0.0],[-126.6669,50.835,0.0],[-126.6633,50.8305,49.313],[-126.6667,50.8289,0.0],[-126.665,50.8264,21.5726],[-126.667,50.825,42.5358],[-126.6704,50.8256,0.0],[-126.6711,50.8275,0.0],[-126.6683,50.8306,66.8367],[-126.665,50.8314,0.0],[-126.6728,50.8356,8.718],[-126.664,50.8411,6.2389],[-126.674,50.8451,30.3387]]],
[[[-125.5681,51.9158,1816.8051],[-125.5751,51.913,1815.5696],[-125.5844,51.9026,2151.7498],[-125.5977,51.9005,1866.7046],[-125.6114,51.9029,1820.3313],[-125.6247,51.9113,1768.2817],[-125.6353,51.9145,1879.5022],[-125.6461,51.9212,1746.4346],[-125.6564,51.9237,1770.4133],[-125.6615,51.9332,1779.0413],[-125.6686,51.9356,1633.5842],[-125.6782,51.9428,1510.0927],[-125.6801,51.9517,1507.9377],[-125.6893,51.957,1314.5408],[-125.6954,51.9646,1311.4862],[-125.7018,51.9752,1314.4435],[-125.7005,51.9803,1360.3975],[-125.7148,52.004,933.7544],[-125.7203,52.0081,748.0608],[-125.7392,52.0119,840.5121],[-125.7485,52.0098,1249.793],[-125.7592,52.0047,1681.4022],[-125.7765,52.0005,2115.4685],[-125.7953,51.9868,2562.5447],[-125.8017,51.9793,2744.1741],[-125.8141,51.9751,2776.5576],[-125.8438,51.978,1967.6188],[-125.8554,51.977,1795.5337],[-125.8679,51.9736,1499.8752],[-125.8759,51.9695,1543.2397],[-125.8803,51.9631,1587.811],[-125.8707,51.9226,2286.2021],[-125.8702,51.9106,2666.3801],[-125.8725,51.8969,2886.6726],[-125.8757,51.8931,2706.4746],[-125.8798,51.8921,2498.7104],[-125.9139,51.8899,2081.8457],[-125.9168,51.8743,2182.3748],[-125.9203,51.834,2190.3],[-125.9267,51.8175,2185.002],[-125.94,51.8053,2361.3074],[-125.9713,51.7886,2463.3047],[-125.9699,51.7861,2463.4214],[-125.9498,51.7754,2384.6589],[-125.9467,51.7685,2164.1641],[-125.9484,51.7622,2157.895],[-125.9575,51.7584,2284.2209],[-125.9566,51.7535,2256.1787],[-125.9619,51.7472,2236.696],[-125.9794,51.7417,1996.1315],[-125.9785,51.7365,1894.3983],[-125.9806,51.733,1888.2855],[-125.997,51.7282,2127.6123],[-125.998,51.7235,2182.0781],[-125.9962,51.7186,2348.6436],[-125.9886,51.7131,2424.4844],[-125.9982,51.7035,2269.73],[-125.9983,51.6994,2243.0273],[-125.9936,51.6946,2377.3652],[-125.9909,51.6882,2350.1116],[-125.9817,51.6873,2114.7383],[-125.9668,51.6915,2053.0166],[-125.9549,51.6921,2076.7017],[-125.9519,51.6876,2122.2585],[-125.9439,51.6851,2465.2178],[-125.9411,51.6803,2312.8357],[-125.9413,51.6738,2162.6978],[-125.9494,51.6647,2414.3491],[-125.951,51.66,2431.6587],[-125.9492,51.6543,2489.8489],[-125.9505,51.6483,2309.0125],[-125.9229,51.6286,2222.2078],[-125.9101,51.6272,2488.6235],[-125.908,51.6256,2535.3286],[-125.9115,51.618899999999996,2443.0469],[-125.9101,51.6143,2337.0947],[-125.9215,51.6076,2363.2273],[-125.9189,51.6046,2466.5085],[-125.9264,51.6008,2318.9326],[-125.9323,51.5956,2047.9772],[-125.9686,51.5829,1962.2893],[-125.9817,51.5807,2162.1694],[-125.9867,51.5819,2217.7266],[-125.9925,51.5863,2150.7622],[-126.0116,51.5905,2254.6313],[-126.0274,51.5996,2396.4031],[-126.0406,51.5967,2324.2969],[-126.0499,51.5922,2488.2419],[-126.0502,51.5857,2497.8755],[-126.0618,51.5815,2502.2888],[-126.06,51.5774,2414.0076],[-126.0513,51.5728,2468.9302],[-126.0522,51.5652,2314.6299],[-126.0596,51.5582,2309.2886],[-126.0741,51.5506,2251.0132],[-126.0767,51.5455,2274.1562],[-126.085,51.5405,2233.675],[-126.0855,51.5342,2411.8525],[-126.0809,51.5285,2539.0542],[-126.0841,51.5247,2510.6748],[-126.0906,51.5255,2328.355],[-126.117,51.5178,2677.6006],[-126.1137,51.5045,2504.5549],[-126.1082,51.5003,2372.1843],[-126.1043,51.4862,2358.6768],[-126.0979,51.4746,2429.8955],[-126.1027,51.4705,2547.897],[-126.1055,51.4616,2534.6738],[-126.1115,51.4597,2480.3223],[-126.1204,51.4603,2341.248],[-126.127,51.4622,2298.2053],[-126.1269,51.4662,2289.2942],[-126.1422,51.4635,2272.9709],[-126.1478,51.4651,2273.3948],[-126.1486,51.46,2247.1902],[-126.1435,51.4555,2246.8174],[-126.1473,51.4491,2313.667],[-126.1606,51.447,2247.5823],[-126.1664,51.4436,2223.7625],[-126.1714,51.4352,2379.896],[-126.1893,51.4359,2293.3962],[-126.1973,51.4426,2152.1226],[-126.2162,51.4532,2191.3843],[-126.2293,51.4558,2204.4497],[-126.2501,51.4512,2134.8237],[-126.2919,51.4533,2112.5378],[-126.296,51.4547,2130.1958],[-126.3033,51.4623,2107.8596],[-126.3238,51.4558,1970.1156],[-126.3449,51.4611,1810.6776],[-126.3488,51.4605,1757.2446],[-126.3624,51.4526,1931.5472],[-126.3664,51.4554,1868.2239],[-126.3678,51.4589,1709.7021],[-126.3788,51.464,1776.2009],[-126.3852,51.4795,1334.9094],[-126.3884,51.4806,1264.1553],[-126.4183,51.4773,1244.7595],[-126.4267,51.4796,1287.615],[-126.434,51.4857,1779.8875],[-126.4378,51.4861,1881.1689],[-126.4487,51.4835,1980.1919],[-126.4506,51.4753,1767.6442],[-126.4548,51.469,1748.8401],[-126.4733,51.4493,1399.0341],[-126.4921,51.4334,1456.4912],[-126.5067,51.4248,1585.223],[-126.528,51.417,1633.4763],[-126.5352,51.4163,1491.2117],[-126.556,51.419,1636.4202],[-126.5611,51.417,1719.7839],[-126.5641,51.4133,1736.7351],[-126.5647,51.4071,1746.8362],[-126.5851,51.4051,1553.0323],[-126.6158,51.4133,1780.6056],[-126.606,51.4212,1586.127],[-126.6196,51.4424,1454.1766],[-126.6225,51.4441,1496.5746],[-126.6461,51.4464,957.1942],[-126.6571,51.4492,840.9905],[-126.6643,51.4532,945.5382],[-126.6795,51.4683,1401.1754],[-126.6917,51.4732,1516.7341],[-126.695,51.4779,1730.8269],[-126.6986,51.4786,1855.7227],[-126.7041,51.477,1694.9568],[-126.708,51.4738,1667.6628],[-126.7096,51.469,1854.7002],[-126.7065,51.4629,1787.9392],[-126.7071,51.4593,1827.6132],[-126.7223,51.4461,1751.3694],[-126.7253,51.4398,1504.1942],[-126.7234,51.434,1390.4708],[-126.707,51.4206,1285.569],[-126.6989,51.4089,949.3923],[-126.7012,51.4037,921.369],[-126.7104,51.3932,1392.3474],[-126.712,51.3884,1479.6091],[-126.7096,51.3775,1617.8713],[-126.7241,51.3605,1638.312],[-126.721,51.3545,1397.7427],[-126.7215,51.3494,1390.0752],[-126.7254,51.3445,1597.6687],[-126.7502,51.3327,948.016],[-126.7519,51.3163,1512.3857],[-126.7617,51.3128,1501.3988],[-126.7623,51.3019,1720.5199],[-126.7771,51.2994,1702.297],[-126.8102,51.2986,1412.178],[-126.8298,51.3161,1715.8219],[-126.8407,51.3226,1868.4224],[-126.8505,51.3238,1715.6665],[-126.8555,51.3221,1568.7023],[-126.8691,51.3052,1422.8477],[-126.882,51.307,1512.6646],[-126.8922,51.306399999999996,1459.2893],[-126.9063,51.2917,1050.4972],[-126.9239,51.2776,1377.7617],[-126.9227,51.2625,1098.8383],[-126.92529999999999,51.2517,1073.4949],[-126.9236,51.2495,1022.7531],[-126.9227,51.2418,1253.4241],[-126.9545,51.2355,818.8969],[-126.974,51.2407,554.8109],[-126.987,51.2421,671.7724],[-126.9975,51.2407,980.5114],[-127.0267,51.2304,1012.1138],[-127.0408,51.233,1043.0118],[-127.0737,51.2295,745.7607],[-127.09,51.225,624.6014],[-127.0986,51.2246,589.4938],[-127.1002,51.2237,559.3462],[-127.1003,51.22,526.1509],[-127.1033,51.2188,566.525],[-127.1211,51.2189,659.1971],[-127.1635,51.2053,347.377],[-127.1948,51.204,947.983],[-127.2083,51.1971,960.4055],[-127.2186,51.2121,519.5515],[-127.2353,51.2194,342.4688],[-127.253,51.2196,424.9724],[-127.256,51.2113,113.7977],[-127.2674,51.2108,323.026],[-127.275,51.2134,245.8104],[-127.3038,51.2134,305.4077],[-127.315,51.2121,543.5748],[-127.3237,51.2092,734.3212],[-127.3338,51.2115,751.1444],[-127.346,51.2187,551.8628],[-127.3609,51.2162,542.1733],[-127.3693,51.2218,293.8713],[-127.3803,51.2216,88.7241],[-127.3913,51.2285,400.9629],[-127.4431,51.2277,463.0063],[-127.4501,51.2268,407.851],[-127.4532,51.2245,271.1585],[-127.4528,51.2116,367.4202],[-127.454,51.207,566.2249],[-127.4572,51.2043,622.6891],[-127.4848,51.2039,467.5397],[-127.4932,51.2016,356.1672],[-127.4919,51.1967,316.8454],[-127.497,51.1885,269.6683],[-127.5183,51.185,213.847],[-127.5245,51.1863,233.5816],[-127.5319,51.1961,346.649],[-127.5354,51.1976,359.6355],[-127.5669,51.1971,292.9519],[-127.5771,51.1908,366.5501],[-127.6112,51.1916,442.885],[-127.6492,51.1836,109.815],[-127.6603,51.1907,188.4732],[-127.7387,51.1889,65.5027],[-127.7358,51.1597,39.6066],[-127.7527,51.1587,0.0],[-127.7438,51.1508,0.0],[-127.743,51.148,18.0251],[-127.7453,51.1447,0.0],[-127.7413,51.1415,0.0],[-127.735,51.1419,0.0],[-127.7311,51.1442,34.1236],[-127.7306,51.1419,0.8643],[-127.7227,51.1413,3.5237],[-127.7252,51.1372,0.0],[-127.7214,51.1346,0.0],[-127.7139,51.1381,0.0],[-127.7089,51.1378,0.0],[-127.7033,51.1414,10.2262],[-127.7,51.1414,9.9829],[-127.6933,51.1358,0.0],[-127.6823,51.1323,15.4977],[-127.6741,51.122,0.0],[-127.6683,51.11,4.9384],[-127.67,51.1064,7.2246],[-127.6722,51.1053,17.2663],[-127.6767,51.1072,0.0],[-127.6797,51.1044,0.0],[-127.6673,51.0967,0.0],[-127.6722,51.0941,0.0],[-127.6718,51.0925,0.0],[-127.6617,51.088,0.0],[-127.6539,51.0867,0.0],[-127.65,51.0889,14.9586],[-127.6472,51.0881,0.0],[-127.635,51.0914,31.7333],[-127.6333,51.0908,11.9399],[-127.6367,51.0892,6.0864],[-127.6367,51.0877,4.5918],[-127.6145,51.0905,11.8616],[-127.5917,51.0897,0.0],[-127.5822,51.0933,0.0],[-127.5824,51.0948,0.0],[-127.5767,51.0947,0.0],[-127.5756,51.0942,0.0],[-127.5769,51.0929,0.0],[-127.572,51.091,5.658],[-127.5672,51.0911,3.751],[-127.5561,51.0946,0.0],[-127.556,51.0969,0.0],[-127.5594,51.0975,20.527],[-127.5583,51.0983,0.0],[-127.5489,51.1,12.9807],[-127.5433,51.103,11.1519],[-127.5388,51.0997,0.0],[-127.5219,51.0928,0.0],[-127.51,51.0967,0.0],[-127.5056,51.0958,3.9947],[-127.505,51.0975,5.2951],[-127.5069,51.0995,2.9681],[-127.5133,51.1014,14.5042],[-127.5139,51.1033,6.1078],[-127.5306,51.1097,15.3611],[-127.541,51.1107,17.3477],[-127.5428,51.1125,2.3357],[-127.5417,51.1136,2.3357],[-127.5617,51.1222,0.0],[-127.5744,51.1253,23.7382],[-127.6067,51.1267,26.6783],[-127.6078,51.1278,9.9062],[-127.6028,51.1289,6.7071],[-127.6017,51.1311,7.7835],[-127.5967,51.1331,1.8878],[-127.6106,51.1389,12.2581],[-127.615,51.1436,3.1206],[-127.6128,51.1444,10.5042],[-127.5917,51.1406,85.7057],[-127.5722,51.1336,0.0],[-127.5606,51.1319,0.0],[-127.5522,51.1336,0.0],[-127.5488,51.1318,0.0],[-127.5334,51.135,1.8176],[-127.5069,51.1365,0.0],[-127.4963,51.1405,53.0145],[-127.4858,51.1404,0.0],[-127.4811,51.1377,3.6339],[-127.4761,51.1389,32.3548],[-127.4706,51.1381,0.0],[-127.4672,51.14,0.0],[-127.465,51.1442,0.0],[-127.4661,51.1469,38.0225],[-127.4544,51.1511,0.0],[-127.4622,51.1386,85.287],[-127.4678,51.1361,3.7191],[-127.4573,51.1333,0.0],[-127.4416,51.1362,10.0945],[-127.437,51.1341,20.6429],[-127.432,51.1345,8.6612],[-127.4239,51.1414,25.6923],[-127.4183,51.1431,0.0],[-127.4189,51.1472,4.1012],[-127.4228,51.1492,40.1744],[-127.4183,51.1539,0.0],[-127.4206,51.1567,61.1949],[-127.4194,51.1581,0.0],[-127.4239,51.1617,24.5707],[-127.4556,51.1642,0.0],[-127.4611,51.1616,14.7383],[-127.47,51.1609,0.0],[-127.4739,51.1622,0.0],[-127.4749,51.1645,3.8845],[-127.4706,51.1689,9.2927],[-127.4633,51.1686,0.0],[-127.4583,51.1722,8.5783],[-127.4528,51.1708,0.0],[-127.4428,51.1717,2.6982],[-127.4391,51.1683,0.0],[-127.4362,51.1681,0.0],[-127.4257,51.1706,35.9627],[-127.4217,51.17,2.415],[-127.4206,51.1753,53.7263],[-127.4222,51.1764,19.6544],[-127.4244,51.1842,21.4605],[-127.4222,51.1886,2.8167],[-127.417,51.19,0.0],[-127.4217,51.1922,12.9132],[-127.4172,51.1942,5.0319],[-127.4106,51.2028,22.4015],[-127.41,51.2072,0.0],[-127.4135,51.209,35.4234],[-127.4118,51.2097,31.1598],[-127.3889,51.2111,21.2427],[-127.3878,51.2081,0.0],[-127.3811,51.2089,56.1545],[-127.3733,51.2047,0.0],[-127.3267,51.1983,6.3445],[-127.3239,51.1944,6.1252],[-127.3199,51.1931,0.0],[-127.3056,51.1919,0.0],[-127.2972,51.1925,23.5604],[-127.292,51.1948,0.0],[-127.28,51.1942,12.5978],[-127.2744,51.1972,68.282],[-127.2567,51.2022,17.1301],[-127.2578,51.2056,5.835],[-127.2556,51.21,0.0],[-127.2482,51.2104,0.0],[-127.2467,51.2083,0.0],[-127.2539,51.195,65.1551],[-127.26,51.1919,99.2981],[-127.2756,51.1897,45.0658],[-127.2822,51.1864,24.0471],[-127.3122,51.1872,0.0],[-127.32,51.1861,27.3607],[-127.3278,51.1878,0.0],[-127.3333,51.1864,49.5682],[-127.3422,51.1886,11.3857],[-127.345,51.1875,5.6578],[-127.3533,51.19,47.0619],[-127.3539,51.1911,16.4105],[-127.3506,51.1936,0.0],[-127.3644,51.1975,0.0],[-127.37,51.1975,0.0],[-127.3894,51.2031,20.606],[-127.4017,51.2017,18.344],[-127.4033,51.2008,18.344],[-127.4022,51.1975,5.7905],[-127.4078,51.1961,0.0351],[-127.4011,51.1936,6.4693],[-127.4166,51.1858,0.0],[-127.41,51.1831,41.157],[-127.415,51.1763,13.2189],[-127.4088,51.1747,3.6098],[-127.4056,51.1718,22.6306],[-127.4136,51.1695,0.0],[-127.4106,51.1643,0.0],[-127.4136,51.1626,0.0],[-127.4147,51.1573,0.0],[-127.4094,51.1531,0.0],[-127.4033,51.1544,30.8495],[-127.4017,51.1531,3.1682],[-127.4017,51.15,20.8062],[-127.4111,51.1389,0.0],[-127.4107,51.137,0.0],[-127.4083,51.1341,5.6552],[-127.4009,51.1322,31.4695],[-127.395,51.1342,38.2357],[-127.385,51.1331,0.0],[-127.3833,51.1353,0.0],[-127.3744,51.1342,19.2502],[-127.3656,51.1358,38.4214],[-127.3272,51.1358,0.0],[-127.3228,51.1386,0.0],[-127.3036,51.139,41.1951],[-127.2994,51.1364,0.0],[-127.2933,51.1355,18.4108],[-127.2732,51.1381,15.3664],[-127.2628,51.1367,13.6962],[-127.2583,51.1342,12.8506],[-127.2439,51.1347,16.4685],[-127.2433,51.1333,0.0],[-127.2335,51.1324,5.7574],[-127.2117,51.1336,0.0],[-127.1984,51.1318,0.0],[-127.1894,51.1325,10.6333],[-127.1858,51.1309,0.0],[-127.1789,51.1334,11.4491],[-127.1761,51.1328,49.4256],[-127.1728,51.1294,31.2383],[-127.1628,51.1272,170.5715],[-127.1622,51.125,2.5483],[-127.1517,51.1233,0.0],[-127.1399,51.1279,8.6103],[-127.1294,51.1297,4.1582],[-127.1283,51.1311,1.2215],[-127.1294,51.1325,54.3481],[-127.1256,51.1375,0.0],[-127.1161,51.1417,14.0604],[-127.1156,51.1453,9.1276],[-127.11279999999999,51.1483,0.0],[-127.1183,51.1522,49.0023],[-127.1175,51.1586,4.7351],[-127.1103,51.1652,68.95],[-127.1115,51.1685,37.4513],[-127.11,51.1714,56.9303],[-127.1028,51.1744,6.7513],[-127.101,51.18,0.0],[-127.0942,51.1852,0.0],[-127.0883,51.184,0.0],[-127.0883,51.1761,0.0],[-127.0833,51.1722,3.8135],[-127.0617,51.1711,0.0],[-127.0458,51.1736,0.0],[-127.0283,51.1714,18.2749],[-127.0233,51.1706,77.2717],[-127.0233,51.1694,27.8526],[-127.0261,51.1664,7.1625],[-127.0294,51.1653,2.4401],[-127.0322,51.1669,0.0],[-127.0333,51.1653,0.0],[-127.0272,51.1636,0.0],[-127.0239,51.1653,1.151],[-127.0075,51.1614,16.5872],[-126.9961,51.1627,25.0683],[-126.9889,51.1658,37.6127],[-126.9793,51.1656,19.2534],[-126.9761,51.1675,31.9898],[-126.9711,51.1658,6.4042],[-126.9628,51.1664,0.0],[-126.9528,51.1681,0.0],[-126.94,51.1728,3.2328],[-126.9339,51.1722,6.836],[-126.9297,51.1762,0.0],[-126.9294,51.1803,18.0689],[-126.9267,51.1822,15.706],[-126.9256,51.1861,28.8013],[-126.9228,51.1869,0.0],[-126.9172,51.1853,7.3257],[-126.9175,51.1819,36.645],[-126.9238,51.1722,0.0],[-126.9286,51.1707,8.462],[-126.935,51.1658,0.0],[-126.9461,51.1619,118.3868],[-126.9682,51.1628,3.2699],[-126.985,51.1606,0.0],[-126.9943,51.1617,14.7248],[-127.0045,51.1567,16.8116],[-127.0267,51.1597,64.3173],[-127.0511,51.1661,48.6711],[-127.0601,51.1666,71.0564],[-127.0642,51.1653,22.8466],[-127.0739,51.1671,0.0],[-127.0744,51.1644,2.1846],[-127.0706,51.1631,36.9804],[-127.0728,51.1625,19.6614],[-127.0761,51.1636,38.1186],[-127.0978,51.1625,24.2776],[-127.1061,51.1636,14.4617],[-127.1094,51.1608,5.0806],[-127.1097,51.1582,-1.0402],[-127.1078,51.1586,3.1252],[-127.1025,51.1528,26.9699],[-127.1067,51.1525,0.4704],[-127.1137,51.1548,2.1135],[-127.1078,51.1495,9.8927],[-127.1062,51.1454,13.7969],[-127.1085,51.1433,11.9701],[-127.114,51.1424,0.0],[-127.1144,51.1369,117.409],[-127.1261,51.1306,91.1259],[-127.1239,51.1286,13.51],[-127.1256,51.1251,136.6936],[-127.135,51.1217,11.1668],[-127.1288,51.1187,0.0],[-127.1011,51.1156,12.0571],[-127.0828,51.1156,52.8611],[-127.0757,51.1172,53.3341],[-127.061,51.1143,3.2382],[-127.0394,51.1159,37.7149],[-127.0329,51.1139,30.9718],[-127.0178,51.1136,0.0],[-127.0116,51.1118,0.0],[-127.0,51.1158,0.0],[-126.9903,51.1165,17.8537],[-126.9783,51.1136,0.0],[-126.9778,51.1117,10.9534],[-126.9752,51.1107,55.4102],[-126.9561,51.1128,30.4075],[-126.9406,51.1114,49.1888],[-126.9372,51.1094,8.958],[-126.9199,51.1108,14.2137],[-126.9154,51.1099,33.9899],[-126.9106,51.1055,0.0],[-126.9078,51.1011,28.307],[-126.9078,51.0983,16.4484],[-126.9094,51.0975,0.0],[-126.9286,51.1009,0.0],[-126.9327,51.0992,14.4487],[-126.94,51.0989,0.0],[-126.9483,51.1025,9.4721],[-126.975,51.1044,4.7458],[-126.9778,51.1019,70.2246],[-126.9808,51.1017,44.5839],[-126.9949,51.1058,0.0],[-127.0146,51.1032,82.6208],[-127.0324,51.1052,70.6458],[-127.05,51.1042,18.6356],[-127.0589,51.1064,25.0568],[-127.0683,51.1061,34.687],[-127.0761,51.1036,135.2555],[-127.09,51.1069,8.5441],[-127.1006,51.1067,68.2538],[-127.1106,51.1106,0.0],[-127.1167,51.1097,60.8162],[-127.1561,51.1156,0.0],[-127.1728,51.1158,17.4143],[-127.1834,51.1199,7.1902],[-127.1899,51.1193,23.5813],[-127.1961,51.1208,0.0],[-127.1987,51.1234,0.0],[-127.2051,51.1229,0.0],[-127.206,51.1209,82.7301],[-127.224,51.1246,34.0909],[-127.2298,51.1224,37.3807],[-127.2389,51.122,141.7165],[-127.2439,51.1259,8.0528],[-127.2678,51.1275,0.0],[-127.2706,51.1261,0.0],[-127.269,51.1247,27.5536],[-127.2717,51.1217,35.338],[-127.2761,51.1211,39.2753],[-127.2917,51.1247,22.0663],[-127.3028,51.125,33.5512],[-127.3159,51.1287,29.306],[-127.3238,51.1273,2.2409],[-127.3372,51.1283,12.909],[-127.3472,51.1244,20.1208],[-127.3692,51.1264,41.0187],[-127.3711,51.1278,0.0],[-127.3911,51.1278,7.1261],[-127.3928,51.125,117.0272],[-127.3983,51.1236,43.3392],[-127.4344,51.1261,10.9408],[-127.4483,51.1232,27.3575],[-127.4611,51.1236,63.8984],[-127.4728,51.1283,12.7534],[-127.5056,51.1278,5.8548],[-127.5156,51.1247,29.2857],[-127.555,51.125,0.0],[-127.5364,51.1152,0.0],[-127.5277,51.1123,7.9696],[-127.5214,51.1117,0.0],[-127.5094,51.1069,0.0],[-127.505,51.1075,14.8077],[-127.4911,51.1022,5.8525],[-127.4844,51.1039,28.1884],[-127.4828,51.1011,0.0],[-127.4728,51.0975,29.7908],[-127.4711,51.0967,0.0],[-127.4717,51.095,0.0],[-127.4667,51.0933,0.0],[-127.46,51.0947,0.0],[-127.4511,51.0925,9.7196],[-127.4239,51.0931,5.8117],[-127.4183,51.0917,0.0],[-127.4106,51.0931,16.973],[-127.4028,51.0922,20.6999],[-127.3948,51.0876,4.6577],[-127.3894,51.0906,2.9217],[-127.3894,51.0928,0.0],[-127.3872,51.0936,0.0],[-127.3761,51.0922,42.4428],[-127.3694,51.0894,26.699],[-127.3588,51.0904,0.0],[-127.3552,51.0938,82.7392],[-127.3494,51.092,0.0],[-127.3276,51.0921,44.8936],[-127.3188,51.0899,0.0],[-127.2983,51.0933,8.3001],[-127.2842,51.0906,28.8044],[-127.2483,51.0906,66.9137],[-127.2408,51.0882,0.0],[-127.2156,51.0925,38.7967],[-127.2106,51.0897,4.9015],[-127.1982,51.095,12.369],[-127.195,51.0926,11.0256],[-127.1976,51.0865,12.8438],[-127.1956,51.0836,30.272],[-127.1967,51.0825,0.0],[-127.2072,51.0844,22.4732],[-127.222,51.0827,13.0614],[-127.2461,51.0861,0.0],[-127.2572,51.085,10.0282],[-127.2601,51.083,0.0],[-127.2711,51.0825,11.7129],[-127.2728,51.0842,4.5027],[-127.2817,51.0861,0.8246],[-127.2994,51.0872,0.0],[-127.3072,51.0858,0.0],[-127.3094,51.0878,0.0],[-127.3128,51.0867,24.4954],[-127.325,51.0892,0.0],[-127.3333,51.0889,0.0],[-127.3328,51.0864,0.0],[-127.3381,51.084,0.0],[-127.3639,51.0878,0.0],[-127.3794,51.0875,0.0],[-127.3861,51.0864,0.0],[-127.3878,51.0833,35.0972],[-127.3917,51.0833,59.0051],[-127.3983,51.0853,4.2826],[-127.4028,51.0842,0.0],[-127.4111,51.0864,0.0],[-127.4161,51.0858,0.0],[-127.4278,51.0894,0.0],[-127.4322,51.0872,4.4673],[-127.4439,51.0906,0.0],[-127.4494,51.0883,12.5794],[-127.4587,51.0913,0.0],[-127.4669,51.09,9.8947],[-127.4604,51.0847,0.0],[-127.4217,51.0706,24.5505],[-127.3952,51.0646,2.2845],[-127.3889,51.0614,0.0],[-127.385,51.0619,0.0],[-127.3822,51.0606,5.9396],[-127.3789,51.0625,9.8235],[-127.3729,51.0612,6.7894],[-127.3712,51.0596,21.816],[-127.3745,51.0579,16.822],[-127.3844,51.0589,0.0],[-127.3758,51.0537,0.0],[-127.351,51.0447,4.8993],[-127.3473,51.0405,43.1199],[-127.3383,51.0378,4.6194],[-127.3317,51.0444,5.2905],[-127.3356,51.0467,10.4471],[-127.3344,51.0486,0.0],[-127.3356,51.0497,0.0],[-127.3406,51.0503,14.9013],[-127.3361,51.0525,0.0],[-127.345,51.0542,14.3121],[-127.3422,51.0558,44.6468],[-127.3311,51.0539,38.8983],[-127.3233,51.055,28.5852],[-127.3183,51.0531,0.0],[-127.3133,51.055,0.0],[-127.3094,51.0539,0.6175],[-127.3082,51.0543,0.6175],[-127.3101,51.0587,0.0],[-127.3013,51.0597,7.8462],[-127.2983,51.0569,0.0],[-127.2861,51.0578,29.3532],[-127.2778,51.0542,10.9607],[-127.2696,51.0545,11.7468],[-127.2667,51.0531,0.0],[-127.2606,51.0545,16.9173],[-127.2539,51.0539,7.6519],[-127.2467,51.0567,10.9509],[-127.2419,51.0561,40.0227],[-127.2386,51.053,0.0],[-127.2269,51.0524,23.7522],[-127.2217,51.0543,50.7804],[-127.2145,51.0533,0.0],[-127.2112,51.0549,5.6196],[-127.2012,51.0555,80.0858],[-127.1933,51.0539,65.2431],[-127.1764,51.056399999999996,20.7384],[-127.1561,51.0525,3.3252],[-127.1507,51.0537,0.0],[-127.142,51.0595,18.1628],[-127.1347,51.0601,0.0],[-127.1255,51.0633,4.7422],[-127.1011,51.06,0.0],[-127.0933,51.0639,26.7619],[-127.08,51.0676,63.1627],[-127.0778,51.0657,13.9728],[-127.0738,51.0664,10.5131],[-127.065,51.0711,136.424],[-127.0483,51.0717,0.0],[-127.0388,51.0746,41.6164],[-127.0292,51.0745,0.0],[-127.0271,51.0756,0.0],[-127.0287,51.0777,18.6289],[-127.0272,51.0795,18.5555],[-127.0183,51.0833,10.0475],[-127.0089,51.0831,29.3896],[-126.9989,51.08,0.0],[-126.9865,51.0816,15.0311],[-126.9496,51.0754,0.0],[-126.9267,51.0806,27.9947],[-126.9161,51.0856,30.5662],[-126.9072,51.0811,13.3312],[-126.8972,51.0828,4.0482],[-126.8778,51.0825,20.3415],[-126.8739,51.0839,12.7313],[-126.8722,51.0875,9.3897],[-126.8694,51.0889,3.0407],[-126.8694,51.0908,2.6938],[-126.8717,51.0925,22.3809],[-126.8539,51.0964,16.7106],[-126.85,51.0953,0.0],[-126.835,51.0983,12.6073],[-126.8306,51.0975,8.7571],[-126.8183,51.1028,17.5533],[-126.8089,51.1019,0.0],[-126.8037,51.0977,13.2504],[-126.8083,51.0947,59.4856],[-126.825,51.0947,41.1606],[-126.8422,51.0864,47.1957],[-126.8528,51.0842,0.0],[-126.8528,51.0814,0.0],[-126.845,51.0781,0.0],[-126.8278,51.0753,0.0],[-126.7967,51.0803,0.0],[-126.7911,51.0819,0.0],[-126.7833,51.0892,121.792],[-126.7706,51.0942,23.7877],[-126.77,51.0953,0.0],[-126.7728,51.0972,64.9863],[-126.7711,51.0978,6.6884],[-126.7706,51.1014,51.9281],[-126.7661,51.105,0.0],[-126.7667,51.1061,39.1835],[-126.7639,51.1078,38.2784],[-126.7589,51.1078,0.0],[-126.7561,51.1131,39.8183],[-126.7539,51.1153,6.7614],[-126.7511,51.115,0.0],[-126.7506,51.1175,53.9715],[-126.7433,51.1192,57.0532],[-126.7411,51.1169,89.9299],[-126.7439,51.115,5.7179],[-126.7439,51.1131,0.0],[-126.735,51.1119,0.0],[-126.7322,51.1136,0.0],[-126.7311,51.1264,0.0],[-126.7239,51.1325,29.8596],[-126.7189,51.1325,60.6792],[-126.7111,51.1289,16.4375],[-126.7083,51.1294,0.0],[-126.7039,51.1344,11.7983],[-126.7028,51.1389,112.8725],[-126.6922,51.1439,103.3712],[-126.6856,51.1503,0.0],[-126.6744,51.1536,0.0],[-126.6711,51.1575,0.0],[-126.67,51.1661,7.0249],[-126.6678,51.1678,23.0586],[-126.6689,51.1719,36.4572],[-126.6678,51.1728,61.1382],[-126.6678,51.1861,18.8533],[-126.6717,51.1892,8.768],[-126.67,51.1914,0.0],[-126.6751,51.1946,9.7162],[-126.67,51.1925,0.0],[-126.6567,51.1964,8.8182],[-126.6522,51.1906,42.7125],[-126.6533,51.1861,0.0],[-126.6472,51.1817,94.3492],[-126.646,51.1753,0.0],[-126.6467,51.1719,25.488],[-126.6517,51.1669,6.4592],[-126.6516,51.1631,0.0],[-126.65,51.1614,113.0889],[-126.6522,51.1567,12.5347],[-126.6516,51.1544,49.5842],[-126.6594,51.1464,0.0],[-126.6583,51.1425,3.9886],[-126.6656,51.1367,5.2731],[-126.6717,51.1339,0.0],[-126.6789,51.1336,20.4397],[-126.6994,51.1217,74.5776],[-126.7106,51.1192,18.2803],[-126.717,51.1203,21.4634],[-126.7175,51.1107,90.9562],[-126.7301,51.1031,15.0302],[-126.7328,51.0981,52.3155],[-126.7394,51.0947,111.8563],[-126.7482,51.0936,3.9141],[-126.7533,51.0886,100.8014],[-126.765,51.0825,13.0704],[-126.7691,51.082,13.2933],[-126.7744,51.0764,12.6476],[-126.7756,51.0711,38.2269],[-126.7733,51.0683,5.0185],[-126.7611,51.0694,27.9287],[-126.7433,51.0683,10.1004],[-126.7356,51.0664,8.3013],[-126.7322,51.0617,6.9937],[-126.7289,51.0606,36.6129],[-126.7239,51.0556,48.8397],[-126.7217,51.0503,18.333],[-126.7222,51.0478,18.5999],[-126.7207,51.0465,0.0],[-126.7006,51.0503,0.0],[-126.6828,51.0497,0.0],[-126.6667,51.0533,0.0],[-126.6622,51.0525,3.9707],[-126.6461,51.0572,42.6013],[-126.6467,51.0547,0.0],[-126.645,51.0519,0.0],[-126.6478,51.0492,20.4624],[-126.6622,51.0456,0.0],[-126.6678,51.0422,0.0],[-126.6739,51.0408,4.9059],[-126.6806,51.0417,16.5138],[-126.6889,51.0394,14.9715],[-126.7068,51.0394,5.4923],[-126.7066,51.0345,25.7923],[-126.7104,51.0293,18.7209],[-126.705,51.0258,138.296],[-126.7028,51.0192,0.0],[-126.6983,51.0156,117.6629],[-126.6978,51.0092,66.5122],[-126.6961,51.0081,135.1923],[-126.6978,51.0031,30.5311],[-126.6961,51.0,124.9655],[-126.6974,50.9966,35.8573],[-126.7043,50.9948,0.0],[-126.7061,50.9922,19.4123],[-126.7146,50.9921,0.0],[-126.7248,50.9958,0.0],[-126.735,50.9953,80.5083],[-126.7406,50.9925,13.9537],[-126.7417,50.9861,0.0],[-126.7439,50.9867,29.6596],[-126.7435,50.9932,0.0],[-126.7415,50.9961,0.0],[-126.7361,50.9989,62.4681],[-126.7239,51.0017,0.0],[-126.7161,51.0008,244.1022],[-126.7183,50.9969,20.7691],[-126.7127,50.9949,0.0],[-126.7082,50.995,0.0],[-126.7059,50.9969,0.0],[-126.7122,51.0061,3.4777],[-126.7161,51.0081,69.6752],[-126.7167,51.0108,18.5028],[-126.7144,51.015,0.0],[-126.7172,51.0197,0.0],[-126.7222,51.0247,8.1712],[-126.7267,51.0267,45.804],[-126.7283,51.0356,12.3229],[-126.7322,51.0375,10.0163],[-126.7339,51.0431,9.5274],[-126.73779999999999,51.0461,129.3682],[-126.73779999999999,51.0481,41.9521],[-126.7406,51.0497,0.0],[-126.745,51.056399999999996,0.0],[-126.7578,51.065,14.6439],[-126.7744,51.0679,5.0185],[-126.7844,51.0653,50.7361],[-126.8333,51.0633,27.0169],[-126.8353,51.0617,101.6559],[-126.8589,51.0644,5.1462],[-126.8689,51.0625,29.892],[-126.8806,51.0636,24.7682],[-126.8878,51.0617,37.6391],[-126.89,51.0628,0.0],[-126.8956,51.0608,8.1816],[-126.8983,51.0617,30.9205],[-126.895,51.0644,0.0],[-126.8978,51.065,14.2349],[-126.9278,51.0581,54.7286],[-126.9483,51.0592,5.2358],[-126.9556,51.056399999999996,34.1343],[-126.97,51.0547,32.2483],[-127.0017,51.0561,35.6772],[-127.0278,51.0592,4.6234],[-127.0405,51.0572,0.0],[-127.0455,51.0539,4.393],[-127.061,51.0522,0.0],[-127.0682,51.0478,20.9809],[-127.0789,51.0494,0.0],[-127.0867,51.0469,24.658],[-127.09,51.0456,3.5893],[-127.0912,51.0401,42.1539],[-127.095,51.0371,0.0],[-127.0961,51.0417,31.0751],[-127.0944,51.0464,0.0],[-127.0967,51.0475,0.0],[-127.1368,51.0439,0.0],[-127.1417,51.0381,28.8289],[-127.1539,51.0394,18.4107],[-127.1689,51.0375,4.2204],[-127.19,51.0411,4.8792],[-127.21,51.0386,101.677],[-127.2211,51.0403,24.4911],[-127.225,51.0344,36.0882],[-127.2294,51.0325,0.0],[-127.2428,51.035,29.5506],[-127.2461,51.037,22.2462],[-127.2433,51.0392,0.0],[-127.2478,51.0411,7.5463],[-127.2589,51.0428,0.0],[-127.2661,51.0419,35.008],[-127.275,51.0442,0.0],[-127.2772,51.0419,60.9619],[-127.2978,51.0439,0.0],[-127.3028,51.0436,52.2403],[-127.3061,51.0403,26.2284],[-127.3183,51.0419,34.7208],[-127.3249,51.0404,15.3829],[-127.3239,51.0383,0.0],[-127.3206,51.0369,0.0],[-127.3067,51.0375,22.1188],[-127.2978,51.035,0.0],[-127.2917,51.0375,25.4476],[-127.2872,51.0375,27.6527],[-127.28,51.0356,20.1025],[-127.279,51.0347,0.0],[-127.2818,51.0332,28.8367],[-127.2962,51.0323,0.0],[-127.3108,51.0344,0.0],[-127.3143,51.0322,2.9716],[-127.3083,51.0299,0.0],[-127.3027,51.0244,38.7303],[-127.2911,51.0192,13.9874],[-127.2894,51.0144,6.8242],[-127.2661,51.0075,51.2039],[-127.2617,51.0033,23.6404],[-127.2439,50.9994,7.3269],[-127.2367,50.9992,21.5432],[-127.2304,51.0016,3.0],[-127.215,51.0025,39.2802],[-127.2094,51.0056,14.8671],[-127.2086,51.0075,3.0],[-127.201,51.0095,27.2964],[-127.1993,51.0134,5.9416],[-127.2011,51.0153,18.7311],[-127.2011,51.0203,18.3988],[-127.2026,51.021,31.0644],[-127.1913,51.0205,20.8627],[-127.1905,51.0156,3.0],[-127.1848,51.0128,20.0302],[-127.1868,51.0101,18.8788],[-127.1933,51.0075,3.0],[-127.1933,51.005,13.6149],[-127.2139,51.0022,10.3171],[-127.2322,50.9967,15.8291],[-127.2339,50.9933,3.0],[-127.2075,50.9838,34.0631],[-127.1955,50.978,49.3551],[-127.1921,50.974,7.6484],[-127.1874,50.972,3.0],[-127.1784,50.9721,13.6507],[-127.1729,50.9669,11.4048],[-127.1738,50.9651,33.8314],[-127.1803,50.967,47.4512],[-127.1789,50.9692,3.0],[-127.1863,50.9688,7.9847],[-127.1917,50.9721,3.0],[-127.1993,50.9687,32.3965],[-127.198,50.9706,3.0],[-127.2016,50.9719,20.1033],[-127.2009,50.9741,6.1807],[-127.2139,50.9817,20.8587],[-127.2456,50.9936,16.4547],[-127.2686,50.9935,16.9475],[-127.2839,50.9919,20.2826],[-127.2894,50.9897,38.6437],[-127.3061,50.989,13.9595],[-127.3056,50.9908,19.4837],[-127.2888,50.9957,12.0021],[-127.2851,50.9945,4.3756],[-127.2733,50.9953,3.0],[-127.2678,50.9986,3.0],[-127.2617,50.9971,7.2593],[-127.255,51.0,3.0],[-127.2928,51.0142,0.0],[-127.2961,51.0197,20.2968],[-127.3061,51.0234,18.4241],[-127.3163,51.0312,6.5739],[-127.3239,51.0342,3.1141],[-127.3306,51.0328,15.4177],[-127.3472,51.0372,0.0],[-127.3517,51.0361,0.0],[-127.36,51.0408,0.0],[-127.3683,51.0431,8.6787],[-127.3839,51.0419,24.7884],[-127.3939,51.0469,10.5092],[-127.409,51.0453,10.2949],[-127.4099,51.0466,0.0],[-127.4072,51.0481,0.0],[-127.41,51.05,4.0986],[-127.4067,51.0533,0.0],[-127.395,51.0531,0.0],[-127.3994,51.0558,0.0],[-127.4056,51.0556,0.0],[-127.4089,51.0572,13.8751],[-127.4111,51.0611,2.0364],[-127.4228,51.0661,9.091],[-127.4328,51.0672,0.0],[-127.4394,51.0697,10.3074],[-127.4428,51.0731,0.0],[-127.4578,51.0789,14.1849],[-127.4644,51.0839,0.0],[-127.4822,51.0908,4.2243],[-127.4928,51.0969,40.0166],[-127.4995,51.0987,17.5363],[-127.5017,51.0981,0.0],[-127.4983,51.0956,34.5185],[-127.4994,51.0942,5.8364],[-127.5083,51.0925,0.0],[-127.5078,51.0908,8.7812],[-127.5106,51.0883,6.8743],[-127.5039,51.0853,4.8777],[-127.51,51.0856,0.0],[-127.5106,51.0825,3.7576],[-127.5161,51.0772,0.0],[-127.5156,51.0739,0.0],[-127.5183,51.0725,9.2157],[-127.5189,51.07,3.2034],[-127.5172,51.0672,13.5553],[-127.5194,51.0639,14.7691],[-127.5217,51.0536,2.9835],[-127.5206,51.0517,23.5258],[-127.5239,51.0444,0.0],[-127.5228,51.0403,5.114],[-127.5189,51.0403,5.3004],[-127.5167,51.0458,16.0063],[-127.5111,51.0525,0.0],[-127.5095,51.0598,0.0],[-127.5038,51.0619,4.6076],[-127.5028,51.0611,16.1217],[-127.5039,51.0594,0.0],[-127.5019,51.059,2.9143],[-127.5044,51.0581,5.7789],[-127.5083,51.0503,18.0775],[-127.5138,51.0462,0.0],[-127.5161,51.0389,0.0],[-127.5206,51.0347,7.3776],[-127.5161,51.0331,0.0],[-127.5206,51.0311,0.0],[-127.5133,51.0297,0.0],[-127.5239,51.0256,0.0],[-127.5251,51.0141,20.2533],[-127.5224,51.0117,9.2204],[-127.5193,51.0022,2.543],[-127.5161,51.0,4.5011],[-127.5194,50.9981,3.4167],[-127.5183,50.995,0.0],[-127.5156,50.9903,0.0],[-127.5089,50.9863,0.0],[-127.5022,50.985,0.0],[-127.5078,50.9887,2.7433],[-127.5067,50.9887,2.7433],[-127.4916,50.9814,0.0],[-127.48,50.9783,0.0],[-127.4783,50.98,13.4442],[-127.4739,50.9792,46.2132],[-127.4711,50.9772,0.0],[-127.4717,50.9756,0.0],[-127.4668,50.9732,0.0],[-127.465,50.9739,0.0],[-127.4667,50.9747,0.0],[-127.4628,50.9758,13.6562],[-127.4563,50.9731,0.0],[-127.4556,50.974,11.0756],[-127.4606,50.9764,13.6562],[-127.4578,50.9775,16.1862],[-127.4533,50.9742,21.607],[-127.4465,50.9721,14.6453],[-127.4189,50.9681,4.2389],[-127.4211,50.9667,23.6727],[-127.435,50.9686,3.8597],[-127.4362,50.9679,0.0],[-127.4335,50.9662,11.0827],[-127.4374,50.9665,0.0],[-127.4346,50.9645,4.0556],[-127.4244,50.9631,3.2468],[-127.4322,50.9631,0.0],[-127.4237,50.9596,30.3977],[-127.4578,50.9642,0.0],[-127.4628,50.9625,0.0],[-127.4617,50.96,6.3166],[-127.4628,50.9589,6.3166],[-127.4597,50.9578,0.0],[-127.4544,50.96,0.0],[-127.4493,50.9562,0.0],[-127.4506,50.9542,15.9677],[-127.4489,50.9514,0.0],[-127.4333,50.9461,0.0],[-127.4328,50.9425,5.7683],[-127.4261,50.9381,0.0],[-127.405,50.9331,7.6319],[-127.4039,50.9308,31.0462],[-127.4053,50.9294,3.8819],[-127.4034,50.9272,29.3267],[-127.4083,50.9267,0.0],[-127.4056,50.9242,7.3733],[-127.3967,50.9247,2.1712],[-127.39,50.9231,0.0],[-127.3872,50.9247,8.5951],[-127.3833,50.9238,31.8209],[-127.3817,50.9211,1.5689],[-127.3748,50.9208,10.2764],[-127.3644,50.9167,0.0],[-127.3633,50.9194,0.0],[-127.3656,50.9189,16.9838],[-127.3685,50.9219,16.1184],[-127.3652,50.9239,21.6973],[-127.3651,50.9275,29.9757],[-127.3533,50.9222,7.0031],[-127.349,50.9226,6.2768],[-127.3506,50.9262,6.0024],[-127.3494,50.926,6.0024],[-127.3456,50.9219,18.169],[-127.3378,50.9058,4.168],[-127.3356,50.9047,4.4938],[-127.3261,50.9028,2.5062],[-127.3133,50.9072,15.8129],[-127.3094,50.9061,6.8112],[-127.3088,50.9031,0.0],[-127.3039,50.9031,2.7153],[-127.2956,50.8992,0.8617],[-127.2861,50.8978,1.5113],[-127.27,50.9017,0.0],[-127.2756,50.9039,0.0],[-127.2873,50.9027,5.8731],[-127.3033,50.9072,2.2549],[-127.2944,50.91,0.0],[-127.2856,50.9094,6.9434],[-127.2772,50.9136,0.0],[-127.2716,50.9141,4.1362],[-127.2789,50.9103,5.88],[-127.2711,50.9094,0.0],[-127.2723,50.9058,5.3351],[-127.2672,50.9033,0.0],[-127.2611,50.9047,12.8879],[-127.2623,50.9067,41.9294],[-127.2611,50.9072,11.7769],[-127.2548,50.904,5.361],[-127.2578,50.9039,1.4491],[-127.2584,50.9018,0.0],[-127.2522,50.9028,4.669],[-127.2461,50.8994,2.3644],[-127.2361,50.9014,1.6116],[-127.2347,50.9004,16.383],[-127.2406,50.8989,2.0323],[-127.2394,50.8958,7.6203],[-127.2194,50.885,0.0],[-127.2111,50.8819,0.0],[-127.205,50.8825,18.2824],[-127.1978,50.8758,9.0714],[-127.1878,50.8733,0.0],[-127.1867,50.8761,2.3279],[-127.18,50.8722,0.0],[-127.1744,50.8744,4.2168],[-127.1706,50.8731,0.0],[-127.1662,50.8745,1.1253],[-127.1572,50.8711,8.0416],[-127.1503,50.8649,0.0],[-127.1447,50.8636,0.0],[-127.1405,50.8583,11.192],[-127.1348,50.8555,32.0962],[-127.1246,50.8552,0.0],[-127.1106,50.85,0.0],[-127.1011,50.8497,25.0168],[-127.0887,50.8436,2.3067],[-127.0894,50.8421,2.3067],[-127.0871,50.8404,0.0],[-127.0744,50.84,0.0],[-127.0733,50.8389,0.0],[-127.0756,50.8378,0.0],[-127.0756,50.8361,0.0],[-127.0661,50.8306,17.5006],[-127.0689,50.8294,4.7403],[-127.07,50.8264,4.2672],[-127.0591,50.8183,0.0],[-127.0533,50.8183,0.0],[-127.0524,50.82,21.6712],[-127.0539,50.8208,16.0856],[-127.0506,50.8214,5.4009],[-127.0589,50.8264,5.4121],[-127.0572,50.8275,3.4714],[-127.05,50.8242,18.2204],[-127.0478,50.8214,0.0],[-127.0407,50.8208,10.5552],[-127.0389,50.822,0.0],[-127.0372,50.8183,0.0],[-127.0261,50.8164,0.0],[-127.0148,50.8169,0.0],[-127.0144,50.8205,4.6418],[-127.0056,50.8275,23.6043],[-127.0089,50.8308,0.0],[-127.0061,50.8347,3.4061],[-126.9989,50.8342,0.0],[-126.9806,50.8392,51.8381],[-126.9783,50.8381,0.0],[-126.9738,50.8426,0.0],[-126.9578,50.8444,14.262],[-126.9548,50.8456,0.0],[-126.9571,50.8476,11.5034],[-126.9495,50.8502,0.0],[-126.9445,50.85,0.0],[-126.9361,50.8535,0.0],[-126.9379,50.8544,0.0],[-126.9261,50.8608,23.06],[-126.9311,50.8647,21.706],[-126.9233,50.8667,3.1555],[-126.9188,50.8661,11.8946],[-126.9077,50.8734,0.0],[-126.9067,50.8783,9.8254],[-126.8985,50.8818,0.0],[-126.8959,50.8846,20.2661],[-126.9074,50.8922,0.0],[-126.9342,50.8955,0.0],[-126.94,50.8919,32.6118],[-126.9486,50.8952,37.7557],[-126.9611,50.895,7.0235],[-126.9659,50.8908,0.0],[-126.9649,50.8865,33.2254],[-126.9696,50.8878,0.973],[-126.9721,50.887,9.295],[-126.9709,50.8856,9.295],[-126.9743,50.886,0.0],[-126.9744,50.8847,26.4477],[-126.9785,50.883,22.8854],[-126.9804,50.8837,40.7926],[-126.9776,50.8846,0.0],[-126.9819,50.89,16.247],[-126.9842,50.8907,7.4107],[-126.9924,50.8902,12.9453],[-126.9922,50.885,30.1119],[-127.0006,50.8867,22.6936],[-127.0033,50.8878,28.6188],[-127.0026,50.8892,0.0],[-127.0038,50.8899,13.7132],[-127.01,50.8914,11.5994],[-127.0165,50.89,0.0],[-127.0111,50.8886,42.7558],[-127.0094,50.8856,4.5325],[-127.0161,50.8878,11.0437],[-127.0228,50.8867,15.4081],[-127.0328,50.8881,17.3419],[-127.0344,50.8917,5.7325],[-127.0456,50.8883,26.2034],[-127.0539,50.8925,0.0],[-127.0738,50.8956,6.342],[-127.0989,50.9039,0.0],[-127.1167,50.9056,0.0],[-127.1372,50.9114,11.909],[-127.1444,50.9106,3.1389],[-127.1467,50.9119,27.2382],[-127.145,50.9167,13.8958],[-127.1461,50.9192,5.6109],[-127.1622,50.9233,8.6017],[-127.1775,50.9235,25.3201],[-127.1976,50.9198,10.8785],[-127.1888,50.9244,12.7792],[-127.1889,50.9294,11.1752],[-127.1872,50.9303,0.0],[-127.1739,50.9267,0.0],[-127.1674,50.932,0.0],[-127.1572,50.9311,2.4104],[-127.1559,50.932,2.4104],[-127.1579,50.9333,25.7663],[-127.1407,50.9356,0.0],[-127.1311,50.9439,7.8112],[-127.1342,50.9471,0.0],[-127.1399,50.949,0.0],[-127.125,50.9536,0.0],[-127.1044,50.9525,65.5421],[-127.0922,50.9492,25.5834],[-127.0828,50.9511,2.127],[-127.0791,50.9567,3.2779],[-127.0806,50.9603,0.0],[-127.0783,50.9617,0.0],[-127.0672,50.9592,20.1345],[-127.0665,50.9552,0.0],[-127.0643,50.9547,4.9638],[-127.0533,50.9558,11.5343],[-127.0494,50.9578,0.0],[-127.0504,50.9592,17.5812],[-127.0448,50.9588,9.3217],[-127.0433,50.9622,10.1854],[-127.0406,50.9636,10.1854],[-127.0442,50.9655,18.213],[-127.0427,50.9703,0.0],[-127.0461,50.9808,15.7844],[-127.0606,50.9897,34.4778],[-127.0639,50.9936,19.0773],[-127.0639,50.9961,6.017],[-127.07,51.0,31.7461],[-127.075,51.0062,49.5038],[-127.0717,51.0081,0.0],[-127.0667,51.0081,3.0781],[-127.0608,51.0046,0.0],[-127.0587,51.0008,0.0],[-127.05,50.9983,12.201599999999999],[-127.0499,50.9971,12.201599999999999],[-127.0567,50.9944,0.0],[-127.0576,50.9916,3.8991],[-127.0559,50.9895,12.8046],[-127.0473,50.9851,0.0],[-127.0372,50.9833,4.8071],[-127.0361,50.9792,0.0],[-127.0406,50.9775,0.0],[-127.0433,50.9733,23.9749],[-127.0422,50.9714,2.7818],[-127.0356,50.9686,23.017],[-127.0356,50.9672,23.017],[-127.0398,50.9653,0.0],[-127.0378,50.9639,33.5509],[-127.0398,50.9625,4.731],[-127.0371,50.9608,8.7744],[-127.0371,50.9582,13.8747],[-127.0411,50.9558,0.0],[-127.0465,50.9566,7.5092],[-127.0722,50.9519,10.5609],[-127.0794,50.9478,16.5466],[-127.0889,50.9478,0.0],[-127.0911,50.9444,0.0],[-127.1183,50.9522,0.0],[-127.1235,50.95,12.068],[-127.1306,50.9504,13.5488],[-127.1322,50.9494,13.5488],[-127.1317,50.9475,2.0676],[-127.1278,50.9461,2.3595],[-127.1246,50.9477,6.1728],[-127.1222,50.945,0.0],[-127.13,50.9431,5.1654],[-127.1296,50.9398,0.0],[-127.1328,50.9367,6.8132],[-127.1383,50.9347,37.9132],[-127.1367,50.9328,12.1729],[-127.1381,50.931399999999996,8.0897],[-127.1189,50.9236,0.0],[-127.1167,50.9203,0.0],[-127.1089,50.9192,8.4679],[-127.1106,50.9181,0.0],[-127.1094,50.9169,0.0],[-127.105,50.9181,23.3193],[-127.0939,50.9158,13.8532],[-127.0917,50.9169,0.0],[-127.0922,50.9192,7.4225],[-127.085,50.9214,9.7214],[-127.0711,50.9144,0.0],[-127.0583,50.9111,35.9895],[-127.0567,50.9099,4.3255],[-127.0589,50.9075,0.0],[-127.0572,50.9069,0.0],[-127.0428,50.9064,0.0],[-127.0306,50.9119,0.0],[-127.0356,50.9139,0.0],[-127.0378,50.9122,7.5534],[-127.0372,50.9108,9.0014],[-127.0414,50.9104,39.2026],[-127.0367,50.9155,31.9145],[-127.0317,50.9165,10.654],[-127.0189,50.9089,8.211],[-127.0217,50.9072,0.0],[-127.02,50.9031,0.0],[-126.9978,50.9047,25.2853],[-126.9936,50.9025,3.2684],[-126.9932,50.8999,0.0],[-126.9889,50.8989,23.9653],[-126.989,50.8977,0.0],[-126.9819,50.9005,21.1884],[-126.9772,50.8975,25.3997],[-126.9685,50.8975,10.3939],[-126.9612,50.9006,27.4376],[-126.954,50.8982,0.0],[-126.9482,50.899,17.8004],[-126.945,50.8972,12.9311],[-126.9386,50.898,0.0],[-126.9362,50.9002,0.0],[-126.9365,50.9032,3.6509],[-126.9321,50.9018,0.0],[-126.9296,50.9032,3.6936],[-126.9269,50.9025,22.9897],[-126.92529999999999,50.8989,5.7924],[-126.9198,50.8994,26.493],[-126.9159,50.8973,30.9259],[-126.91,50.8983,4.5139],[-126.9089,50.8975,4.5139],[-126.9106,50.8961,0.0],[-126.91,50.8947,7.8715],[-126.9008,50.8943,27.0037],[-126.8973,50.8969,0.0],[-126.8905,50.8979,27.4951],[-126.8878,50.9019,28.1214],[-126.8883,50.9044,23.7965],[-126.8944,50.9083,29.7786],[-126.905,50.9061,24.8853],[-126.9086,50.9036,35.7299],[-126.9122,50.9058,0.0],[-126.9083,50.9111,14.784],[-126.8993,50.9123,5.2169],[-126.8846,50.922,0.0],[-126.8859,50.9247,19.4268],[-126.8924,50.9289,0.0],[-126.8991,50.9267,27.5208],[-126.9029,50.9344,10.8001],[-126.8952,50.9342,0.0],[-126.8935,50.9386,0.0],[-126.8902,50.9399,3.8032],[-126.8864,50.938,16.1062],[-126.8915,50.9351,12.173],[-126.89,50.9333,0.0],[-126.8875,50.9334,49.3317],[-126.89,50.931399999999996,0.0],[-126.8894,50.9301,0.0],[-126.8777,50.9291,11.2894],[-126.8728,50.9269,0.0],[-126.8717,50.9278,0.0],[-126.8728,50.9289,0.0],[-126.8711,50.9297,0.0],[-126.8721,50.9325,22.8719],[-126.8689,50.9358,0.0],[-126.8711,50.9378,0.0],[-126.8706,50.9392,6.809],[-126.8678,50.9419,0.0],[-126.8612,50.9441,2.3175],[-126.8706,50.9458,0.0],[-126.8711,50.9481,0.0],[-126.8689,50.9486,0.0],[-126.8728,50.9514,7.8541],[-126.8772,50.9522,0.0],[-126.8789,50.9485,42.7254],[-126.8811,50.9497,10.9638],[-126.8811,50.9522,0.0],[-126.8777,50.9551,12.1409],[-126.8753,50.9555,20.2064],[-126.8717,50.9533,0.0],[-126.87,50.9503,1.9954],[-126.8667,50.95,0.0],[-126.8661,50.9517,21.4274],[-126.8678,50.9533,0.0],[-126.8656,50.9561,78.8548],[-126.8603,50.9576,38.5107],[-126.8564,50.9555,39.4037],[-126.8583,50.9523,28.6452],[-126.8541,50.9513,14.2093],[-126.855,50.9489,0.0785],[-126.8532,50.9473,0.0],[-126.8419,50.9472,48.5755],[-126.8349,50.9484,0.0],[-126.8295,50.9542,9.8768],[-126.8333,50.9578,7.9869],[-126.8429,50.9567,42.4031],[-126.8388,50.9642,23.227],[-126.8302,50.9618,0.0],[-126.8321,50.9586,7.9869],[-126.8309,50.9577,7.9869],[-126.8234,50.9564,0.0],[-126.8207,50.9577,13.8738],[-126.8169,50.9548,0.0],[-126.8136,50.9555,17.2868],[-126.8102,50.9537,53.7235],[-126.8044,50.9544,13.4634],[-126.795,50.9589,9.8606],[-126.7938,50.9633,15.6677],[-126.7982,50.9665,64.6324],[-126.7996,50.9723,12.9137],[-126.7983,50.9766,45.7769],[-126.7998,50.9791,20.3152],[-126.7988,50.9857,38.1367],[-126.7953,50.9889,62.5021],[-126.7967,51.0017,13.7232],[-126.79,51.0097,0.0],[-126.7894,51.0142,20.0942],[-126.7861,51.0197,40.7407],[-126.7833,51.0206,38.1381],[-126.7783,51.0175,134.8864],[-126.7806,51.0108,33.3699],[-126.7772,51.0069,42.0156],[-126.7864,50.9974,4.9811],[-126.7862,50.9937,15.8114],[-126.7889,50.9899,0.0],[-126.788,50.9868,137.0789],[-126.7903,50.9855,23.8852],[-126.7872,50.9822,136.6481],[-126.7878,50.9783,102.6494],[-126.7923,50.9732,39.962],[-126.7923,50.9706,48.7619],[-126.7893,50.9684,0.0],[-126.7807,50.9668,0.0],[-126.7764,50.9633,38.46],[-126.7816,50.9611,10.0922],[-126.783,50.9576,10.2984],[-126.7867,50.9591,2.4962],[-126.7925,50.9553,98.3226],[-126.8046,50.9532,79.639],[-126.8118,50.9533,9.9877],[-126.8118,50.9498,7.9504],[-126.809,50.9498,6.7405],[-126.8068,50.9476,12.9731],[-126.81,50.9456,23.2305],[-126.7985,50.9461,0.0],[-126.7862,50.9402,0.0],[-126.7819,50.9353,0.0],[-126.7761,50.9342,35.7102],[-126.7597,50.9349,0.0],[-126.739,50.9415,9.5386],[-126.7291,50.9379,0.0],[-126.7254,50.939,42.8549],[-126.7203,50.9334,16.1134],[-126.7132,50.931,17.7017],[-126.6993,50.9375,15.8927],[-126.6913,50.9377,9.6107],[-126.6989,50.9414,24.5503],[-126.7076,50.943,15.1339],[-126.7156,50.9478,21.1508],[-126.7206,50.9483,27.8791],[-126.7106,50.9519,16.3581],[-126.7014,50.9429,3.1572],[-126.6906,50.9393,4.8348],[-126.6783,50.9386,0.0],[-126.6794,50.9372,0.0],[-126.685,50.9381,21.8441],[-126.689,50.9369,0.0],[-126.6824,50.9327,7.1455],[-126.664,50.9331,0.0],[-126.65,50.9358,22.9394],[-126.6472,50.9344,6.7005],[-126.6393,50.9352,4.716],[-126.6378,50.9339,47.053],[-126.6397,50.9322,0.0],[-126.6485,50.9311,8.6754],[-126.6763,50.9311,3.3568],[-126.6871,50.9289,0.0],[-126.7271,50.9294,0.0],[-126.7311,50.928,9.9979],[-126.7393,50.9303,38.3042],[-126.7424,50.9285,67.8704],[-126.7694,50.9271,0.0],[-126.7826,50.9235,80.3937],[-126.7842,50.9194,35.0723],[-126.7833,50.9183,27.0364],[-126.7855,50.9162,0.0],[-126.784,50.9142,48.2132],[-126.7856,50.9112,0.0],[-126.7888,50.9098,3.4075],[-126.7922,50.9112,14.4931],[-126.789,50.9162,16.5649],[-126.7977,50.9212,28.4712],[-126.8239,50.9158,14.6875],[-126.84,50.9142,7.366],[-126.8412,50.9122,0.0],[-126.8332,50.9064,7.0995],[-126.8267,50.9047,18.6373],[-126.8267,50.9022,9.8765],[-126.8239,50.9006,5.3713],[-126.8222,50.9028,25.8283],[-126.8182,50.9018,0.0],[-126.8173,50.9,0.0],[-126.8128,50.9,0.0],[-126.8138,50.903,40.591],[-126.8127,50.9048,0.0],[-126.8038,50.9068,0.0],[-126.7978,50.904,0.0],[-126.7929,50.904,24.4259],[-126.7894,50.9,0.0],[-126.7878,50.9025,2.0496],[-126.7894,50.9039,12.8107],[-126.7803,50.9052,5.1721],[-126.7733,50.8992,4.2377],[-126.7711,50.9003,0.0],[-126.7594,50.8989,37.7234],[-126.7545,50.8936,0.0],[-126.7431,50.8889,86.0778],[-126.7353,50.8807,36.0529],[-126.7256,50.8764,0.0],[-126.722,50.8732,0.0],[-126.716,50.8722,35.7108],[-126.7064,50.8739,41.5843],[-126.6916,50.8734,0.0],[-126.6634,50.8649,0.0],[-126.6516,50.8706,13.9891],[-126.6592,50.8749,0.0],[-126.649,50.876,19.4654],[-126.6555,50.8799,72.5069],[-126.6541,50.8828,3.18],[-126.65,50.8843,34.0501],[-126.6378,50.8845,0.0],[-126.6309,50.8868,0.0],[-126.6254,50.8856,10.3435],[-126.6208,50.89,8.5998],[-126.6058,50.8939,52.3988],[-126.5969,50.8984,0.0],[-126.5889,50.8987,0.0],[-126.5896,50.9016,0.0],[-126.583,50.9049,0.0],[-126.575,50.9047,0.0],[-126.5632,50.909,50.658],[-126.5593,50.9112,8.0458],[-126.5636,50.9146,16.3293],[-126.559,50.9164,12.4801],[-126.5571,50.9206,11.5625],[-126.5512,50.9232,6.4927],[-126.5494,50.926,23.4389],[-126.5434,50.9278,0.0],[-126.533,50.9347,0.0],[-126.5322,50.9367,0.0],[-126.5118,50.941,15.6748],[-126.5113,50.9482,32.0988],[-126.5153,50.9537,83.7001],[-126.5133,50.9558,49.5046],[-126.5139,50.9578,36.2995],[-126.5391,50.9841,56.6751],[-126.5356,50.9858,0.0],[-126.5425,50.9951,12.0718],[-126.5411,50.9969,5.8879],[-126.5494,51.0025,11.2621],[-126.5492,51.0056,24.1594],[-126.5472,51.0069,0.0],[-126.5478,51.0117,0.0],[-126.5406,51.0208,40.671],[-126.5406,51.0258,133.1366],[-126.527,51.0307,0.0],[-126.5156,51.0292,0.0],[-126.5167,51.0333,0.0],[-126.5217,51.0392,9.0589],[-126.5206,51.0392,1.9974],[-126.5156,51.0353,0.2282],[-126.5134,51.0292,0.0],[-126.5105,51.0288,45.5859],[-126.5057,51.022,0.0],[-126.5052,51.018,0.0],[-126.5077,51.0145,15.6058],[-126.5094,51.0078,0.0],[-126.5044,51.002,103.6191],[-126.5056,50.9983,0.0],[-126.5028,50.9964,97.7194],[-126.5027,50.9938,59.8427],[-126.4906,50.9874,2.5714],[-126.489,50.9827,0.0],[-126.4926,50.9761,0.0],[-126.4874,50.9722,83.8303],[-126.4882,50.9683,43.6712],[-126.4855,50.9639,77.2646],[-126.4867,50.9628,0.0],[-126.4752,50.9602,9.3389],[-126.4705,50.9545,0.0],[-126.4711,50.9503,0.0],[-126.4624,50.9437,0.0],[-126.444,50.9461,13.0339],[-126.4322,50.9444,21.2815],[-126.4133,50.9381,0.0],[-126.4059,50.9379,53.9832],[-126.3907,50.9313,0.0],[-126.379,50.9316,0.0],[-126.3684,50.9351,0.0],[-126.3565,50.936,11.5794],[-126.3532,50.9309,3.2622],[-126.3431,50.9284,0.0],[-126.339,50.9292,67.2007],[-126.3327,50.928,0.0],[-126.3268,50.9305,70.9334],[-126.3072,50.9333,0.0],[-126.2843,50.9306,32.164],[-126.2776,50.9267,0.0],[-126.2717,50.9258,32.6777],[-126.2287,50.9237,0.0],[-126.2124,50.9325,21.9895],[-126.21,50.9375,7.3729],[-126.2078,50.9369,1.3676],[-126.2089,50.9339,0.0],[-126.2067,50.9325,0.6096],[-126.2034,50.9351,0.5054],[-126.2028,50.9327,0.0],[-126.2011,50.9325,0.2778],[-126.1978,50.9358,0.6278],[-126.195,50.9342,1.0098],[-126.1901,50.9341,0.3428],[-126.189,50.9324,0.5753],[-126.186,50.9335,0.4247],[-126.1822,50.9317,5.1143],[-126.1817,50.9294,10.3621],[-126.1833,50.9272,30.6699],[-126.1867,50.9269,10.0564],[-126.1881,50.9232,7.6788],[-126.1928,50.9203,0.0],[-126.1957,50.9159,62.3065],[-126.1945,50.9115,10.2341],[-126.1987,50.9086,0.0],[-126.1982,50.9062,29.3206],[-126.2047,50.9051,18.8078],[-126.21,50.9019,31.4078],[-126.2167,50.9047,24.3456],[-126.2275,50.9053,97.5961],[-126.2363,50.9083,13.5523],[-126.2536,50.9056,39.55],[-126.2621,50.9084,65.1284],[-126.2717,50.9081,114.3341],[-126.2872,50.914,2.6631],[-126.3096,50.9173,0.0],[-126.318,50.9138,0.0],[-126.3422,50.9115,27.2245],[-126.3549,50.9126,38.6548],[-126.36279999999999,50.9169,30.1696],[-126.3912,50.9182,47.3749],[-126.4028,50.9169,65.9691],[-126.4127,50.9103,76.2413],[-126.4172,50.9102,40.2014],[-126.4189,50.9083,4.8727],[-126.4189,50.9056,0.0],[-126.4159,50.9019,0.0],[-126.404,50.9036,49.1491],[-126.4002,50.9005,9.7998],[-126.4017,50.8977,7.2354],[-126.4052,50.8957,5.9804],[-126.4039,50.8929,20.7902],[-126.405,50.8901,33.4286],[-126.4126,50.8896,0.0],[-126.4111,50.8857,0.0],[-126.4131,50.8842,0.0],[-126.4313,50.8796,7.6516],[-126.436,50.877,32.4357],[-126.4468,50.8773,0.0],[-126.4594,50.8739,0.0],[-126.4846,50.8733,15.9689],[-126.4863,50.874,6.2078],[-126.478,50.8764,0.0],[-126.4506,50.8797,0.0],[-126.4484,50.8818,25.7843],[-126.4338,50.8871,91.7172],[-126.4268,50.8878,10.7939],[-126.4211,50.8929,55.7531],[-126.415,50.895,0.0],[-126.4178,50.9008,0.0],[-126.42529999999999,50.9069,126.3143],[-126.4344,50.9078,23.2216],[-126.4404,50.9101,14.3841],[-126.4457,50.9148,91.2518],[-126.4639,50.9236,56.7609],[-126.4737,50.9257,0.0],[-126.4821,50.9247,33.4737],[-126.4903,50.9259,17.1991],[-126.4974,50.9246,16.8194],[-126.5049,50.9158,17.3477],[-126.5048,50.9123,22.5719],[-126.5089,50.9078,61.8887],[-126.5176,50.9045,24.6593],[-126.5284,50.9055,0.0],[-126.535,50.9044,4.5524],[-126.5357,50.9029,90.4343],[-126.5489,50.8975,4.3803],[-126.5493,50.8949,119.7642],[-126.5533,50.8924,0.0],[-126.5494,50.8861,82.354],[-126.5513,50.8851,0.0],[-126.5396,50.8811,0.0],[-126.5393,50.879,2.0844],[-126.5437,50.8758,45.4795],[-126.5378,50.8719,61.6737],[-126.5596,50.8669,12.8764],[-126.5614,50.8673,13.4237],[-126.562,50.8701,14.1798],[-126.5685,50.871,0.0],[-126.5667,50.8731,0.0],[-126.5683,50.8747,0.0],[-126.5872,50.8736,20.6376],[-126.5883,50.8744,8.4787],[-126.5856,50.8756,14.5687],[-126.5889,50.8772,0.0],[-126.593,50.8739,7.3649],[-126.5913,50.8716,128.4958],[-126.595,50.8731,33.4504],[-126.6067,50.8708,0.0],[-126.6059,50.8692,0.0],[-126.5989,50.868,7.8979],[-126.5907,50.8633,11.3456],[-126.5856,50.8628,15.3755],[-126.5819,50.8587,0.0],[-126.5785,50.8585,0.0],[-126.5733,50.8622,24.9023],[-126.5705,50.8598,0.0],[-126.5639,50.8622,27.589],[-126.5589,50.8604,1.8099],[-126.5592,50.8587,2.6531],[-126.5557,50.8572,18.8905],[-126.5604,50.8546,18.7493],[-126.5583,50.8525,56.8904],[-126.5617,50.8511,2.2633],[-126.5606,50.8471,0.0],[-126.5622,50.8448,6.6579],[-126.5657,50.8453,4.4763],[-126.5728,50.851,0.0],[-126.5842,50.8498,2.3543],[-126.5805,50.8449,40.6808],[-126.5731,50.8416,0.0],[-126.5718,50.8382,3.7263],[-126.5679,50.8366,83.6739],[-126.5657,50.8327,36.3543],[-126.5501,50.8296,0.0],[-126.5381,50.8318,4.8802],[-126.5356,50.8297,0.0],[-126.5233,50.8305,216.2517],[-126.5212,50.8289,42.4041],[-126.5108,50.8288,31.4757],[-126.5031,50.8326,17.0249],[-126.5024,50.8364,17.0616],[-126.4927,50.836,31.9618],[-126.4896,50.839,0.0],[-126.4905,50.8407,54.7777],[-126.4844,50.8453,0.0],[-126.5098,50.8516,21.1215],[-126.5175,50.8515,30.0895],[-126.5221,50.8538,0.0],[-126.5288,50.8492,0.0],[-126.5412,50.8483,20.9237],[-126.5509,50.8518,19.8473],[-126.5514,50.8542,12.469],[-126.5472,50.8555,24.8343],[-126.5322,50.8521,20.7432],[-126.5302,50.8543,6.0942],[-126.5243,50.8555,6.2994],[-126.5242,50.8604,10.4767],[-126.52,50.8628,11.8458],[-126.516,50.8611,1.2978],[-126.5132,50.8635,3.4093],[-126.5085,50.8631,22.6696],[-126.5072,50.8617,27.8585],[-126.5093,50.8609,2.3345],[-126.5088,50.8577,4.8864],[-126.5011,50.8608,16.9363],[-126.4962,50.8594,8.5626],[-126.4835,50.8517,0.0],[-126.4773,50.8531,25.226],[-126.4757,50.8517,0.0],[-126.4707,50.8518,0.0],[-126.4669,50.8489,13.2619],[-126.4778,50.8403,67.6521],[-126.4866,50.836,7.2709],[-126.4861,50.8325,87.7222],[-126.4911,50.8283,6.4933],[-126.4949,50.8262,23.6685],[-126.5003,50.8264,35.3216],[-126.5081,50.8195,34.4851],[-126.5079,50.8168,0.0],[-126.4895,50.8159,37.9712],[-126.4847,50.8138,126.0099],[-126.4763,50.8132,0.0],[-126.4639,50.8159,65.1223],[-126.4584,50.8154,0.0],[-126.4509,50.8184,6.2504],[-126.4448,50.8176,26.5896],[-126.4366,50.819,21.2436],[-126.4308,50.8227,12.0778],[-126.4178,50.8256,55.1569],[-126.3778,50.8308,54.7521],[-126.3739,50.8325,25.4925],[-126.375,50.8344,31.9861],[-126.3706,50.8378,36.6288],[-126.3415,50.8439,33.8176],[-126.3359,50.8486,0.0],[-126.3301,50.8502,20.4152],[-126.3141,50.8475,26.3658],[-126.3036,50.8495,8.4221],[-126.3039,50.8475,33.4291],[-126.3092,50.8478,3.8979],[-126.3073,50.8433,0.0],[-126.2799,50.8459,7.0005],[-126.2648,50.8602,1.4646],[-126.2523,50.8625,7.3664],[-126.2511,50.8639,14.6438],[-126.2528,50.8661,0.0],[-126.2508,50.8678,18.5756],[-126.2367,50.8694,17.6156],[-126.2339,50.8683,0.0],[-126.2362,50.8661,9.6328],[-126.2448,50.8649,5.5526],[-126.2433,50.8614,50.7526],[-126.2504,50.8575,0.0],[-126.2507,50.8534,56.2902],[-126.254,50.8493,6.5839],[-126.261,50.8447,0.0],[-126.26,50.8404,4.0303],[-126.2533,50.8361,102.1929],[-126.2522,50.8331,0.0],[-126.2249,50.8339,114.8092],[-126.2163,50.8322,37.6025],[-126.1924,50.8422,70.9571],[-126.1905,50.8489,84.4723],[-126.1944,50.855,68.1091],[-126.1942,50.858,21.1779],[-126.19,50.8621,0.0],[-126.191,50.8634,59.9616],[-126.1892,50.8647,8.3281],[-126.1889,50.8684,30.572],[-126.1852,50.8714,0.0],[-126.1866,50.8741,53.5843],[-126.1853,50.8758,58.1686],[-126.1786,50.8722,3.0194],[-126.177,50.8732,4.9659],[-126.1747,50.8704,0.0],[-126.1696,50.87,0.0],[-126.1656,50.8669,0.0],[-126.165,50.8631,41.7565],[-126.1695,50.8592,3.0354],[-126.1701,50.8556,25.5238],[-126.1672,50.8487,9.5042],[-126.1716,50.8369,21.8945],[-126.1787,50.8306,0.0],[-126.1914,50.8261,2.6758],[-126.1915,50.8229,5.0193],[-126.1979,50.8182,29.3629],[-126.1996,50.8141,0.0],[-126.2055,50.8084,9.3347],[-126.2007,50.8062,0.0],[-126.1993,50.8011,9.9313],[-126.1917,50.7894,6.0544],[-126.195,50.7825,8.6832],[-126.1906,50.7794,0.0],[-126.1865,50.7817,0.0],[-126.1795,50.7793,4.6311],[-126.1521,50.7752,0.0],[-126.1492,50.7721,10.0246],[-126.1407,50.7697,0.0],[-126.1268,50.7705,36.9069],[-126.1187,50.7689,35.6765],[-126.1125,50.7738,4.7281],[-126.113,50.7764,0.0],[-126.1114,50.7776,10.1523],[-126.089,50.7807,30.848],[-126.0765,50.7855,86.4871],[-126.0695,50.786,16.8375],[-126.0634,50.7893,43.7251],[-126.0452,50.7902,0.0],[-126.037,50.7924,34.866],[-126.027,50.8015,0.0],[-126.0275,50.803,6.3368],[-126.0256,50.8044,17.8204],[-126.0267,50.8058,26.8649],[-126.0236,50.8103,25.1144],[-126.0186,50.8121,40.7592],[-126.0215,50.8084,0.0],[-126.0204,50.8065,38.4769],[-126.0216,50.8055,0.0],[-126.0172,50.802,0.0],[-126.0121,50.8019,0.0],[-126.0138,50.7979,0.0],[-126.0097,50.7932,16.6946],[-126.023,50.7823,31.312],[-126.0716,50.7729,5.996],[-126.0913,50.7603,69.2491],[-126.1105,50.7552,5.9158],[-126.114,50.751,0.0],[-126.1144,50.7477,4.9477],[-126.1246,50.7427,7.4442],[-126.1246,50.7399,38.97],[-126.1296,50.7343,11.9873],[-126.1489,50.7275,8.9726],[-126.1572,50.7289,0.0],[-126.1691,50.7212,24.2321],[-126.1885,50.7168,6.0675],[-126.1939,50.7128,0.0],[-126.1959,50.7005,70.7388],[-126.1982,50.697,12.4068],[-126.1956,50.6919,49.2637],[-126.1981,50.6883,22.4463],[-126.1833,50.6733,44.1215],[-126.1828,50.6711,49.16],[-126.1856,50.6692,40.6316],[-126.1839,50.6681,0.0],[-126.1588,50.6688,55.1763],[-126.15,50.6721,61.7256],[-126.1404,50.6701,0.0],[-126.1229,50.6707,55.6835],[-126.1124,50.6736,0.0],[-126.0964,50.6745,20.6141],[-126.0799,50.6794,9.4687],[-126.0685,50.6804,0.0],[-126.0563,50.6863,0.0],[-126.0561,50.6877,20.7072],[-126.0427,50.6882,0.0],[-126.0313,50.6934,0.0],[-126.0262,50.6935,0.0],[-126.023,50.6947,0.0],[-126.0228,50.6979,8.4101],[-126.0203,50.7004,0.0],[-126.0145,50.7027,15.1763],[-125.9968,50.6954,0.0],[-125.9938,50.6971,95.5886],[-125.9861,50.6976,0.0],[-125.9785,50.7013,27.5548],[-125.964,50.703,0.0],[-125.9631,50.7015,0.0],[-125.9647,50.6982,10.5522],[-125.9741,50.6943,12.143],[-125.9841,50.6932,17.6365],[-125.9936,50.6868,0.0],[-125.9864,50.686,21.7986],[-125.9786,50.6904,0.0],[-125.97,50.6868,0.0],[-125.9611,50.6868,0.0],[-125.958,50.685,0.0],[-125.8906,50.6929,30.7397],[-125.8516,50.7022,69.7964],[-125.8358,50.7016,4.0499],[-125.8278,50.704,24.6761],[-125.8195,50.7023,30.2412],[-125.8041,50.7022,61.5617],[-125.7823,50.7059,52.1971],[-125.7762,50.7051,0.0],[-125.7564,50.7095,30.0206],[-125.7312,50.7073,66.0765],[-125.7243,50.7105,50.7052],[-125.7196,50.715,6.5525],[-125.711,50.7162,13.2543],[-125.7099,50.7229,0.0],[-125.7125,50.7267,5.2329],[-125.7144,50.737,0.0],[-125.7205,50.7404,5.0926],[-125.7213,50.7425,65.3397],[-125.7201,50.7437,0.0],[-125.7223,50.745,17.7115],[-125.7025,50.754,200.8755],[-125.7001,50.7581,0.0],[-125.7047,50.7615,19.7553],[-125.6952,50.7683,5.685],[-125.6922,50.7755,60.4773],[-125.6867,50.7766,11.8949],[-125.6852,50.7799,0.0],[-125.6751,50.7759,0.0],[-125.6657,50.7764,0.0],[-125.6507,50.7737,0.0],[-125.6452,50.7767,37.6652],[-125.6502,50.7814,0.0],[-125.6496,50.7831,0.0],[-125.6457,50.7842,11.0473],[-125.6429,50.7876,0.0],[-125.6446,50.7945,0.0],[-125.6485,50.7987,0.0],[-125.6502,50.806399999999996,0.0],[-125.6536,50.811,0.0],[-125.6658,50.8113,96.6957],[-125.6758,50.8165,24.8954],[-125.6807,50.8173,49.7958],[-125.6829,50.8201,7.7891],[-125.6813,50.8209,0.0],[-125.6819,50.8228,0.0],[-125.6852,50.8248,41.6485],[-125.6824,50.8251,0.0],[-125.6807,50.8287,0.0],[-125.6835,50.8298,0.0],[-125.6824,50.8381,0.0],[-125.6889,50.8496,82.5092],[-125.6857,50.8545,0.0],[-125.6858,50.859,7.7298],[-125.6804,50.8635,71.3233],[-125.6788,50.868,28.6711],[-125.683,50.8709,12.1724],[-125.6846,50.8753,8.9377],[-125.6629,50.8795,0.0],[-125.6629,50.8817,0.0],[-125.6652,50.8835,12.1188],[-125.6629,50.8853,0.0],[-125.6552,50.8834,0.0],[-125.6457,50.8834,0.0],[-125.638,50.8857,8.4005],[-125.6362,50.8869,0.0],[-125.6377,50.8892,16.4034],[-125.6343,50.8906,22.559],[-125.6394,50.8956,11.4436],[-125.6407,50.8989,62.4851],[-125.6191,50.9053,0.0],[-125.6035,50.9084,45.7291],[-125.5946,50.9023,9.643],[-125.5842,50.9034,8.0146],[-125.5797,50.9014,3.3556],[-125.5652,50.9039,0.0],[-125.5646,50.9059,0.0],[-125.568,50.9092,0.0],[-125.5664,50.9115,0.0],[-125.5692,50.9139,52.8581],[-125.5685,50.9156,8.6005],[-125.5563,50.9209,31.1307],[-125.5515,50.9268,31.9116],[-125.5519,50.929,74.6481],[-125.5502,50.931399999999996,200.651],[-125.5447,50.937,0.0],[-125.5494,50.9492,0.0],[-125.5571,50.953,43.0779],[-125.5691,50.9527,7.8807],[-125.5741,50.9543,10.4282],[-125.583,50.9592,0.0],[-125.583,50.9621,0.0],[-125.5911,50.9657,0.0],[-125.5918,50.968,35.1536],[-125.5879,50.9746,112.4063],[-125.5788,50.9854,0.0],[-125.5806,50.9914,0.0],[-125.588,50.9972,145.0921],[-125.588,50.9992,33.8152],[-125.5928,51.0044,0.0],[-125.589,51.0119,11.1335],[-125.5915,51.0154,35.9077],[-125.6116,51.0225,5.2289],[-125.6044,51.0254,0.0],[-125.5926,51.0253,0.0],[-125.589,51.0311,0.0],[-125.5915,51.0368,11.6571],[-125.6071,51.0517,14.1668],[-125.615,51.0544,7.584],[-125.6262,51.0631,0.0],[-125.6344,51.0667,17.3676],[-125.6372,51.0719,20.6556],[-125.6361,51.0806,0.0],[-125.6396,51.0874,0.0],[-125.6382,51.0896,0.0],[-125.6261,51.0914,0.0],[-125.6178,51.0912,0.1278],[-125.6146,51.0896,0.0],[-125.6125,51.0907,0.0],[-125.6094,51.0892,0.1408],[-125.605,51.0914,0.0],[-125.6039,51.0958,0.2679],[-125.5983,51.0872,0.0],[-125.5933,51.0856,0.0],[-125.5911,51.0878,0.0],[-125.5889,51.0875,0.0],[-125.5911,51.085,0.8708],[-125.5906,51.0814,0.0],[-125.5839,51.0775,0.0],[-125.5806,51.0775,18.0166],[-125.5817,51.0761,0.0],[-125.5772,51.0725,0.6806],[-125.5778,51.0711,0.0],[-125.5706,51.0703,0.0],[-125.5594,51.0642,0.0],[-125.5519,51.0643,34.1922],[-125.5467,51.0617,26.5297],[-125.542,51.053,54.4824],[-125.5439,51.0508,30.254],[-125.5409,51.0493,6.2079],[-125.5385,51.0428,12.4134],[-125.5406,51.0344,0.0],[-125.5436,51.0335,60.8766],[-125.5428,51.0314,116.4723],[-125.5453,51.0251,69.2607],[-125.5444,51.0211,35.1578],[-125.5461,51.0161,0.0],[-125.5427,51.0103,90.8498],[-125.5435,51.005,41.9905],[-125.5406,51.0,0.0],[-125.5322,50.996,5.6484],[-125.5273,50.9858,64.8198],[-125.5304,50.9798,94.143],[-125.5363,50.9777,0.0],[-125.5373,50.9751,18.4871],[-125.5296,50.97,0.0],[-125.5195,50.9684,2.5843],[-125.5106,50.9614,14.5844],[-125.5031,50.9508,0.0],[-125.5022,50.943,0.0],[-125.4964,50.9383,60.5578],[-125.5032,50.9382,0.0],[-125.507,50.931399999999996,0.0],[-125.5053,50.9308,0.0],[-125.5102,50.9267,217.5065],[-125.5158,50.9259,0.0],[-125.5169,50.9223,62.9721],[-125.5225,50.9193,11.0558],[-125.5247,50.914,51.0819],[-125.529,50.9115,0.0],[-125.5318,50.9013,0.0],[-125.5363,50.8964,0.0],[-125.5326,50.8903,14.7794],[-125.5337,50.8871,0.0],[-125.539,50.878,0.0],[-125.5516,50.8684,22.0037],[-125.5612,50.8658,0.0],[-125.5708,50.866,33.9363],[-125.5864,50.8704,73.8398],[-125.593,50.8684,61.8448],[-125.6002,50.8695,6.9627],[-125.6154,50.8748,31.1778],[-125.6209,50.873,0.0],[-125.6215,50.8683,30.7494],[-125.6241,50.864,4.7812],[-125.6327,50.864,0.0],[-125.6435,50.8586,7.2443],[-125.6475,50.8543,19.8447],[-125.644,50.8452,12.4817],[-125.6436,50.8367,0.0],[-125.6407,50.8356,44.4142],[-125.6347,50.8256,58.3381],[-125.623,50.8209,0.0],[-125.6174,50.8203,37.5945],[-125.6169,50.8173,0.0],[-125.6141,50.8181,16.3485],[-125.6124,50.8153,0.0],[-125.6086,50.815,93.8599],[-125.6096,50.8134,0.0],[-125.6041,50.8112,126.0075],[-125.6041,50.8087,0.0],[-125.6008,50.8061,103.8746],[-125.5997,50.8023,52.7831],[-125.5946,50.7992,40.4467],[-125.5924,50.7995,226.6596],[-125.5907,50.7965,149.13],[-125.6019,50.7857,0.0],[-125.6041,50.7815,6.7562],[-125.6132,50.7752,83.5231],[-125.6147,50.7696,8.0545],[-125.6118,50.7638,11.3477],[-125.6148,50.7613,0.0],[-125.6135,50.7593,311.295],[-125.6207,50.7565,79.7116],[-125.6296,50.7568,86.9565],[-125.6372,50.7503,144.6625],[-125.6475,50.7524,0.0],[-125.6652,50.7512,35.6699],[-125.6658,50.7479,50.8611],[-125.6687,50.7474,0.0],[-125.6696,50.743899999999996,68.1738],[-125.6741,50.7388,0.0],[-125.6847,50.7396,4.238],[-125.6852,50.7329,28.9143],[-125.6818,50.7312,56.2418],[-125.6786,50.7268,4.762],[-125.6805,50.7234,0.0],[-125.6795,50.721,19.3976],[-125.6804,50.7163,0.0],[-125.6828,50.7132,13.0894],[-125.6825,50.7107,34.4024],[-125.6935,50.7014,69.9741],[-125.6922,50.6977,99.2236],[-125.6942,50.6917,59.0404],[-125.6981,50.6914,13.0629],[-125.6997,50.6887,44.6069],[-125.707,50.6859,0.0],[-125.7164,50.6862,0.0],[-125.7252,50.683,0.0],[-125.7259,50.6806,0.0],[-125.7244,50.6797,5.1633],[-125.7265,50.6779,0.0],[-125.7256,50.6757,0.0],[-125.7295,50.6729,0.0],[-125.7298,50.6696,31.0726],[-125.7319,50.6687,3.0638],[-125.73,50.6633,14.124],[-125.735,50.6622,0.2866],[-125.7372,50.6653,7.2083],[-125.7375,50.6724,36.2012],[-125.7355,50.6744,0.0],[-125.7389,50.6769,11.951],[-125.7363,50.6803,12.584],[-125.7404,50.6827,3.5081],[-125.738,50.6879,26.0943],[-125.7586,50.6879,8.4041],[-125.7639,50.685,29.9378],[-125.7578,50.6797,26.9909],[-125.76,50.6772,0.0],[-125.7661,50.675,45.9426],[-125.7828,50.6765,63.3216],[-125.7898,50.6784,49.9156],[-125.7925,50.6821,0.0],[-125.8014,50.6829,0.0],[-125.8051,50.6809,23.8755],[-125.8263,50.6806,7.6461],[-125.8341,50.6818,24.5058],[-125.8486,50.6793,0.0],[-125.8575,50.6719,34.1404],[-125.8655,50.6687,21.0513],[-125.8807,50.6664,22.4616],[-125.8864,50.664,5.4479],[-125.8919,50.6655,0.0],[-125.8964,50.6643,35.3278],[-125.9075,50.667,42.0769],[-125.9282,50.6659,0.0],[-125.933,50.6635,119.4629],[-125.9386,50.6663,0.0],[-125.9609,50.6664,3.7159],[-125.9784,50.6642,10.6201],[-126.0091,50.6675,0.0],[-126.0204,50.6621,0.0],[-126.0305,50.6601,45.9235],[-126.0416,50.6612,21.7502],[-126.071,50.6577,0.0],[-126.0725,50.656,14.9133],[-126.0904,50.6518,19.3452],[-126.0925,50.649,5.8385],[-126.0996,50.6486,40.5692],[-126.1048,50.645,32.0917],[-126.1133,50.6433,58.4669],[-126.1487,50.642,50.1207],[-126.1585,50.6394,42.3889],[-126.1839,50.6367,19.4256],[-126.182,50.6386,6.7206],[-126.1689,50.6417,13.5318],[-126.1611,50.6458,0.0],[-126.1758,50.6476,4.0822],[-126.1887,50.6451,23.5806],[-126.1967,50.6408,27.7534],[-126.2033,50.6401,15.9379],[-126.2078,50.6378,64.2437],[-126.2114,50.638,33.4136],[-126.2149,50.6408,0.0],[-126.2317,50.6358,22.9011],[-126.2367,50.6367,53.4993],[-126.2733,50.6306,0.0],[-126.2904,50.6322,0.0],[-126.3011,50.6301,31.649],[-126.2972,50.6287,21.9475],[-126.2967,50.6253,0.0],[-126.2879,50.624,51.3248],[-126.2835,50.6202,0.0],[-126.2754,50.6173,24.6764],[-126.2544,50.6239,60.3367],[-126.2491,50.6241,0.0],[-126.2474,50.622,19.1444],[-126.2484,50.6206,0.0],[-126.271,50.6157,0.0],[-126.2758,50.6131,22.1385],[-126.2698,50.6088,25.1579],[-126.2715,50.6027,0.0],[-126.2682,50.6006,83.2091],[-126.2632,50.5927,40.9973],[-126.2403,50.5829,0.0],[-126.2342,50.5876,4.6013],[-126.2183,50.5833,0.0],[-126.2067,50.5864,4.3599],[-126.2034,50.5816,0.0],[-126.1972,50.5792,16.5366],[-126.1889,50.58,0.0],[-126.1821,50.5843,21.4789],[-126.1669,50.589,27.6125],[-126.1488,50.5981,0.0],[-126.1303,50.5977,11.1868],[-126.101,50.6077,0.0],[-126.0963,50.6113,31.2028],[-126.0806,50.615,0.0],[-126.0783,50.6169,0.0],[-126.0603,50.6177,5.1487],[-126.0527,50.6202,5.1155],[-126.0405,50.6187,0.0],[-126.0363,50.6209,99.4404],[-126.0203,50.6231,0.0],[-126.0097,50.6264,0.0],[-126.0006,50.6338,46.216],[-125.99,50.6373,53.3549],[-125.9845,50.6366,0.0],[-125.9789,50.6403,0.0],[-125.9697,50.6425,10.7373],[-125.9623,50.6396,3.7733],[-125.9578,50.6395,21.3609],[-125.9578,50.6384,0.0],[-125.949,50.6398,16.8016],[-125.9378,50.6367,44.9511],[-125.9425,50.6324,0.0],[-125.9542,50.6267,5.4176],[-125.9568,50.6236,33.3462],[-125.972,50.6206,0.0],[-125.9609,50.621,60.4248],[-125.9403,50.6319,81.1205],[-125.9404,50.6333,35.7056],[-125.8795,50.6346,1186.1158],[-125.8643,50.6417,1190.1838],[-125.8608,50.6406,1015.8616],[-125.852,50.6216,303.6596],[-125.8532,50.617,223.5313],[-125.8476,50.5984,403.2374],[-125.8365,50.5802,99.094],[-125.8282,50.5736,141.0862],[-125.8199,50.5731,183.6326],[-125.8143,50.5745,97.6488],[-125.7987,50.5877,146.5034],[-125.7868,50.5931,220.8723],[-125.7798,50.5931,309.9038],[-125.7401,50.6051,325.87],[-125.6927,50.603,958.7543],[-125.6778,50.601,794.7896],[-125.6624,50.5965,729.7584],[-125.6431,50.5978,548.0719],[-125.6212,50.6027,189.8451],[-125.6048,50.6095,462.0606],[-125.5982,50.6187,855.5144],[-125.5972,50.6343,956.2902],[-125.5884,50.6422,1257.5858],[-125.5902,50.6445,1261.6481],[-125.5824,50.6571,1213.2577],[-125.5851,50.6676,1402.6646],[-125.5784,50.6697,1505.7113],[-125.575,50.6756,1144.333],[-125.569,50.6777,1297.5071],[-125.5613,50.6847,1282.2651],[-125.5615,50.6897,1181.1614],[-125.5701,50.7042,832.7947],[-125.5753,50.7097,1263.4288],[-125.5763,50.7145,1239.7959],[-125.5699,50.7151,1134.6348],[-125.5433,50.7303,761.1079],[-125.537,50.7319,793.2422],[-125.5372,50.7352,644.0571],[-125.5487,50.7444,346.638],[-125.5463,50.7532,876.9515],[-125.5503,50.7671,1276.4543],[-125.5495,50.7743,1578.5609],[-125.5407,50.7798,1723.6646],[-125.5226,50.78,1452.292],[-125.5027,50.7944,1577.6813],[-125.5095,50.8014,1178.4253],[-125.5298,50.8109,1349.022],[-125.5437,50.8319,1716.8048],[-125.53,50.8366,1691.8306],[-125.5134,50.8364,1811.6877],[-125.5103,50.8373,1917.3933],[-125.5041,50.8431,1863.306],[-125.5022,50.8515,1344.8524],[-125.5039,50.8607,1364.7848],[-125.4997,50.8702,1661.2821],[-125.5024,50.876,1306.4862],[-125.5022,50.8791,1228.6387],[-125.496,50.9008,1124.2422],[-125.4853,50.9088,1737.4651],[-125.4703,50.9101,1586.3846],[-125.4634,50.918,1785.0109],[-125.4419,50.9308,1765.2006],[-125.4267,50.935,1611.4402],[-125.4145,50.9432,1954.0978],[-125.3732,50.9409,1703.0094],[-125.3244,50.9549,1930.6462],[-125.3165,50.9562,1942.9293],[-125.3067,50.955,2096.4629],[-125.3011,50.9577,1981.3748],[-125.2836,50.9594,2066.6099],[-125.2704,50.9569,1989.6094],[-125.2531,50.9601,2120.0725],[-125.2511,50.9629,2089.7151],[-125.2506,50.9694,2031.0837],[-125.2528,50.9748,2180.218],[-125.253,50.9806,2471.0005],[-125.251,50.9852,2432.1921],[-125.2531,50.9884,2475.2676],[-125.2722,50.9974,2511.7825],[-125.2751,51.0046,2239.0146],[-125.2778,51.0061,2260.7808],[-125.2781,51.0109,1894.2468],[-125.3071,51.0072,2078.4272],[-125.3133,51.0177,2132.436],[-125.3137,51.0238,2283.9883],[-125.3199,51.0261,2255.5503],[-125.3257,51.0428,2241.9746],[-125.323,51.0461,2264.3843],[-125.3121,51.0466,2359.1851],[-125.3074,51.0487,2430.0356],[-125.2898,51.0501,2306.8728],[-125.2814,51.0477,2377.0977],[-125.2567,51.0566,2350.6885],[-125.2434,51.0537,2316.1895],[-125.2406,51.0644,2457.7979],[-125.2507,51.083,2348.9407],[-125.2758,51.0931,2418.1226],[-125.2942,51.1036,2480.4929],[-125.2935,51.1078,2457.8064],[-125.288,51.1117,2422.4082],[-125.2844,51.1193,2344.2239],[-125.2859,51.1233,2305.0959],[-125.2835,51.1255,2269.6008],[-125.2841,51.1316,2334.7456],[-125.2961,51.1474,2678.7241],[-125.2939,51.1503,2667.6755],[-125.2721,51.1595,2750.6606],[-125.2626,51.1574,2842.4551],[-125.2578,51.1604,2787.0859],[-125.2601,51.1648,2719.2866],[-125.2687,51.1676,2560.3757],[-125.2804,51.1689,2532.4546],[-125.2952,51.1813,2514.0122],[-125.2964,51.1875,2612.9072],[-125.3033,51.1969,2530.2168],[-125.3294,51.1997,2450.9124],[-125.3283,51.2153,2483.0884],[-125.3202,51.2212,2419.1826],[-125.3268,51.2496,1920.7856],[-125.2931,51.2701,2213.49],[-125.2824,51.2828,2255.553],[-125.276,51.2837,2259.8196],[-125.2602,51.2901,2186.8105],[-125.2454,51.2922,2360.6807],[-125.2417,51.2964,2380.166],[-125.2321,51.3005,2436.7488],[-125.2236,51.3017,2780.6682],[-125.2202,51.306399999999996,2933.9312],[-125.2198,51.3107,2749.1929],[-125.2023,51.323,3132.1577],[-125.2036,51.3301,3188.9771],[-125.215,51.335,3204.7234],[-125.2453,51.3629,3137.4771],[-125.2652,51.376,3815.0723],[-125.2766,51.3804,3594.6008],[-125.3147,51.3896,2792.3286],[-125.3267,51.3957,2229.2336],[-125.3387,51.4088,2642.9165],[-125.3421,51.4188,2728.2502],[-125.3415,51.4261,2346.686],[-125.337,51.4329,2439.4336],[-125.331,51.4383,2666.7573],[-125.3361,51.4439,2782.8604],[-125.327,51.4534,2650.3279],[-125.3178,51.4539,2457.73],[-125.3117,51.4592,2604.6328],[-125.3229,51.4677,2414.2053],[-125.3453,51.4787,2649.9966],[-125.34,51.4812,2594.4973],[-125.3379,51.4851,2609.4673],[-125.3148,51.4794,2495.5994],[-125.3042,51.4785,2549.8616],[-125.2966,51.4746,2461.0662],[-125.2897,51.4754,2252.1445],[-125.2861,51.4804,2092.7207],[-125.2788,51.4863,2321.8911],[-125.2891,51.5046,2736.9761],[-125.2717,51.5073,2188.55],[-125.2598,51.5116,1983.4054],[-125.2488,51.5103,2406.0376],[-125.242,51.518,2497.0886],[-125.2411,51.5236,2461.9956],[-125.2456,51.5264,2364.6865],[-125.2524,51.5267,2296.1985],[-125.2619,51.5338,2259.6694],[-125.2669,51.5405,2453.959],[-125.2676,51.5489,2604.3057],[-125.2633,51.5519,2525.4141],[-125.238,51.5595,2312.3154],[-125.2357,51.5611,2313.9531],[-125.2345,51.5654,2350.2947],[-125.2354,51.5701,2185.4189],[-125.238,51.5719,2085.876],[-125.2843,51.5808,2340.7646],[-125.2923,51.584,2279.2241],[-125.2961,51.5892,2125.6829],[-125.2921,51.6091,1740.8855],[-125.2329,51.6403,2696.9805],[-125.2291,51.6442,2496.5132],[-125.229,51.6467,2341.0432],[-125.2401,51.656,2397.0518],[-125.2454,51.6647,2363.9241],[-125.2484,51.6755,2310.7808],[-125.2471,51.6795,2156.4941],[-125.2385,51.6875,2528.7905],[-125.2342,51.6939,2341.73],[-125.2351,51.6998,2261.8542],[-125.2565,51.723,2384.3486],[-125.2548,51.7321,2556.3022],[-125.2476,51.7349,2405.887],[-125.2488,51.737,2384.936],[-125.2471,51.7404,2322.3018],[-125.2403,51.7436,2261.0928],[-125.2377,51.7484,2230.3718],[-125.2419,51.7543,2303.5908],[-125.252,51.761,2312.7222],[-125.2546,51.7648,2392.5537],[-125.2661,51.7679,2213.4722],[-125.2743,51.7721,2419.5144],[-125.2809,51.7708,2219.8179],[-125.2897,51.7716,2046.4868],[-125.311,51.7781,1817.0197],[-125.3279,51.7799,1157.7981],[-125.3539,51.7906,627.9563],[-125.3693,51.7872,831.8667],[-125.3792,51.7891,1276.8794],[-125.3862,51.7965,1822.3168],[-125.3886,51.8018,2015.5942],[-125.4001,51.8076,2102.3914],[-125.4106,51.8175,2019.7708],[-125.4164,51.8198,2187.1667],[-125.4184,51.823,2235.0703],[-125.4165,51.8264,2182.946],[-125.4062,51.8284,2099.3215],[-125.4043,51.8329,2174.2646],[-125.406,51.8379,2049.2292],[-125.4148,51.8411,1868.2089],[-125.4275,51.8415,1825.4736],[-125.4381,51.8384,1821.2617],[-125.4535,51.8409,1820.2045],[-125.4627,51.8402,1788.3474],[-125.4631,51.844,1771.1091],[-125.4589,51.8502,1862.201],[-125.4614,51.8582,1647.3126],[-125.466,51.8639,1596.7365],[-125.4859,51.8652,1754.0647],[-125.4961,51.8643,1908.7584],[-125.5013,51.8673,1892.918],[-125.5134,51.8679,2026.8959],[-125.5054,51.8765,2187.8301],[-125.5012,51.8782,2042.8442],[-125.4985,51.8832,2177.5503],[-125.4963,51.8977,2056.6584],[-125.4872,51.9155,1752.1577],[-125.4888,51.9182,1718.9658],[-125.5151,51.9336,1913.3157],[-125.5282,51.9385,2553.2114],[-125.539,51.9328,2154.6416],[-125.5374,51.9253,2073.4607],[-125.5295,51.9201,2169.9263],[-125.5292,51.9167,2101.4121],[-125.5354,51.9123,2052.3779],[-125.5438,51.9101,2133.6257],[-125.5579,51.9153,1847.1791],[-125.5681,51.9158,1816.8051]],
[[-126.182,50.9714,2.1572],[-126.1799,50.9778,4.5092],[-126.1754,50.9792,29.7342],[-126.1689,50.9764,28.816],[-126.1692,50.9631,136.9642],[-126.185,50.9637,23.4825],[-126.182,50.9714,2.1572]],
[[-126.1896,50.972,24.9461],[-126.1895,50.972,24.9461],[-126.1898,50.97,25.7381],[-126.1898,50.972,24.9461],[-126.1896,50.972,24.9461]]]]}
,"properties": {"GID_3": "CAN.2.17.15_1","GID_0": "CAN","country": "Canada","GID_1": "CAN.2_1","province": "BritishColumbia","NL_NAME_1": "NA","GID_2": "CAN.2.17_1","county": "MountWaddington","NL_NAME_2": "NA","city": "MountWaddingtonA","VARNAME_3": "NA","NL_NAME_3": "NA","TYPE_3": "RegionalDistrictElectoralArea","ENGTYPE_3": "RegionalDistrictElectoralArea","CC_3": "NA","HASC_3": "NA","name": "Mount_Waddington_A.city","area_km2": 12943.887,"hist_schema_id": "Elevation0-9000","hist_area_km2": {"0": 186.732,"25": 327.492,"50": 409.933,"75": 408.562,"100": 340.049,"125": 274.314,"150": 237.852,"175": 200.366,"200": 179.592,"225": 157.947,"250": 149.813,"275": 144.175,"300": 140.582,"325": 136.531,"350": 134.629,"375": 130.26,"400": 144.87,"425": 152.715,"450": 140.744,"475": 138.553,"500": 138.731,"525": 140.294,"550": 137.638,"575": 136.073,"600": 140.437,"625": 141.685,"650": 136.995,"675": 135.383,"700": 132.735,"725": 132.975,"750": 130.411,"775": 131.211,"800": 132.417,"825": 135.767,"850": 135.11,"875": 134.323,"900": 135.554,"925": 138.567,"950": 140.222,"975": 141.884,"1000": 141.741,"1025": 141.304,"1050": 142.706,"1075": 142.416,"1100": 145.775,"1125": 143.431,"1150": 144.581,"1175": 142.398,"1200": 141.899,"1225": 141.385,"1250": 139.494,"1275": 138.465,"1300": 141.493,"1325": 139.457,"1350": 139.554,"1375": 137.509,"1400": 132.438,"1425": 134.224,"1450": 130.123,"1475": 125.491,"1500": 124.532,"1525": 121.918,"1550": 120.466,"1575": 118.086,"1600": 119.986,"1625": 113.797,"1650": 113.493,"1675": 111.595,"1700": 108.87,"1725": 109.88,"1750": 111.824,"1775": 113.696,"1800": 110.518,"1825": 110.567,"1850": 108.016,"1875": 106.62,"1900": 101.556,"1925": 100.606,"1950": 92.785,"1975": 90.042,"2000": 84.218,"2025": 80.944,"2050": 78.831,"2075": 72.249,"2100": 70.698,"2125": 65.768,"2150": 61.656,"2175": 57.172,"2200": 54.263,"2225": 49.189,"2250": 45.33,"2275": 41.621,"2300": 37.026,"2325": 34.986,"2350": 31.782,"2375": 27.722,"2400": 25.556,"2425": 21.59,"2450": 19.406,"2475": 17.886,"2500": 15.865,"2525": 12.368,"2550": 11.123,"2575": 9.196,"2600": 8.307,"2625": 7.46,"2650": 5.767,"2675": 5.058,"2700": 4.184,"2725": 3.88,"2750": 3.155,"2775": 2.455,"2800": 2.509,"2825": 2.1,"2850": 1.822,"2875": 1.558,"2900": 1.096,"2925": 1.136,"2950": 0.833,"2975": 0.754,"3000": 0.648,"3025": 0.463,"3050": 0.384,"3075": 0.596,"3100": 0.423,"3125": 0.331,"3150": 0.41,"3175": 0.463,"3200": 0.238,"3225": 0.41,"3250": 0.437,"3275": 0.278,"3300": 0.159,"3375": 0.106}}}