{"type":"Feature","properties":{"GID_3":"CAN.5.2.1_1","GID_0":"CAN","country":"Canada","GID_1":"CAN.5_1","province":"NewfoundlandandLabrador","NL_NAME_1":"NA","GID_2":"CAN.5.2_1","county":"DivisionNo.11","NL_NAME_2":"NA","city":"DivisionNo.11,Subd.C","VARNAME_3":"NA","NL_NAME_3":"NA","TYPE_3":"SubdivisionofUnorganized","ENGTYPE_3":"SubdivisionofUnorganized","CC_3":"NA","HASC_3":"NA","name":"Division_No.11,Subd.C.city"},
"geometry":{"type": "MultiPolygon","coordinates": [[[[-57.5439,54.2223,1.7724],[-57.5521,54.2197,5.5225],[-57.5542,54.2176,1.8464],[-57.5518,54.2175,5.5598],[-57.552,54.2165,0.0],[-57.538,54.2196,2.8492],[-57.5392,54.2216,2.7104],[-57.5439,54.2223,1.7724]]],
[[[-57.9039,54.2203,0.0],[-57.9091,54.2213,3.1348],[-57.9112,54.2193,1.8664],[-57.9067,54.2179,-0.0438],[-57.9039,54.2203,0.0]]],
[[[-57.5631,54.2222,2.5632],[-57.5592,54.2233,0.4065],[-57.5737,54.2256,0.6076],[-57.5692,54.2214,2.4978],[-57.5631,54.2222,2.5632]]],
[[[-57.8163,54.2225,0.2594],[-57.8167,54.2246,4.0031],[-57.8142,54.2256,0.0],[-57.8154,54.227,5.7558],[-57.8227,54.2267,9.5594],[-57.8255,54.2246,9.4],[-57.82,54.2211,0.0],[-57.8163,54.2225,0.2594]]],
[[[-57.6702,54.2227,4.411],[-57.6674,54.2233,4.411],[-57.6674,54.2267,1.5309],[-57.673,54.2272,0.0],[-57.678,54.2247,0.2091],[-57.6724,54.2221,7.7055],[-57.6702,54.2227,4.411]]],
[[[-57.4169,54.2249,5.6972],[-57.4163,54.2244,5.6972],[-57.4124,54.2255,0.0],[-57.4152,54.2261,0.0],[-57.4169,54.2249,5.6972]]],
[[[-57.794,54.2258,5.3578],[-57.7944,54.227,5.3578],[-57.7968,54.2267,8.6375],[-57.7983,54.2239,4.4604],[-57.7975,54.2236,0.0],[-57.794,54.2258,5.3578]]],
[[[-57.4801,54.2271,7.2296],[-57.479,54.2282,1.3532],[-57.4885,54.2296,0.4742],[-57.4935,54.2249,0.0],[-57.4902,54.2218,0.3081],[-57.4874,54.2218,0.0],[-57.4807,54.2243,9.167],[-57.4801,54.2271,7.2296]]],
[[[-57.546,54.2267,1.4772],[-57.5432,54.2261,0.9656],[-57.537,54.2289,2.6519],[-57.5356,54.2311,1.0981],[-57.5456,54.2319,9.0102],[-57.5517,54.2297,0.8494],[-57.5515,54.2281,9.2878],[-57.5603,54.2279,0.4454],[-57.5614,54.2261,2.1838],[-57.5493,54.2259,1.9041],[-57.546,54.2267,1.4772]]],
[[[-58.0811,54.2564,0.0],[-58.08,54.2575,0.0],[-58.0911,54.2582,5.9014],[-58.1011,54.2544,5.413],[-58.0949,54.2539,9.1139],[-58.0811,54.2564,0.0]]],
[[[-58.0655,54.2636,0.0],[-58.0713,54.2653,10.5687],[-58.0789,54.2631,0.0],[-58.0744,54.2611,0.0],[-58.0655,54.2636,0.0]]],
[[[-57.7589,54.2792,1.7381],[-57.7613,54.2802,12.1985],[-57.7549,54.2837,0.0],[-57.7625,54.2861,3.0129],[-57.7733,54.2831,1.3422],[-57.78,54.2836,4.0973],[-57.78,54.2806,8.7684],[-57.7947,54.2815,4.712],[-57.7956,54.2803,0.0],[-57.7858,54.278,6.5208],[-57.7817,54.2742,20.0215],[-57.7599,54.2711,0.0],[-57.721,54.2762,13.7227],[-57.714,54.2796,2.3275],[-57.7287,54.2826,0.0],[-57.7409,54.2815,16.1589],[-57.7448,54.2792,16.387],[-57.7589,54.2792,1.7381]]],
[[[-58.0306,54.2922,0.0],[-58.0675,54.2921,0.0],[-58.074,54.2905,0.0236],[-58.0794,54.2856,0.0],[-58.0762,54.2834,0.0],[-58.0672,54.2819,0.0],[-58.0436,54.2836,0.0],[-58.0172,54.2897,0.0],[-58.0306,54.2922,0.0]]],
[[[-57.8688,54.2914,0.0],[-57.8671,54.2919,0.0],[-57.8727,54.2928,0.0],[-57.8727,54.2922,0.0],[-57.8688,54.2914,0.0]]],
[[[-57.8244,54.3061,0.0],[-57.8377,54.3088,0.0],[-57.8389,54.3028,0.0],[-57.8273,54.2955,13.8869],[-57.8217,54.2956,12.0212],[-57.8178,54.2997,3.0497],[-57.8222,54.3033,1.9561],[-57.8217,54.305,0.0],[-57.8244,54.3061,0.0]]],
[[[-57.9883,54.3297,2.4402],[-58.0056,54.3292,0.0],[-58.0461,54.3242,3.1921],[-58.0506,54.3256,0.0],[-58.05,54.3229,0.3226],[-58.0539,54.3208,1.9164],[-58.0544,54.3183,0.808],[-58.0528,54.315,1.0769],[-58.0256,54.3119,0.0],[-57.9983,54.3156,3.0921],[-57.9936,54.315,0.5179],[-57.9907,54.3126,0.5018],[-57.9723,54.3145,0.1239],[-57.9845,54.3193,0.1021],[-57.9856,54.3208,0.0],[-57.9817,54.3228,0.0],[-57.9797,54.3258,0.0],[-57.9883,54.3297,2.4402]]],
[[[-57.3978,54.1433,2.4183],[-57.4011,54.1456,0.5773],[-57.4033,54.1444,4.2623],[-57.4,54.1423,1.8991],[-57.3978,54.1433,2.4183]]],
[[[-57.3461,54.1547,0.0],[-57.3404,54.1573,0.0],[-57.3449,54.157,5.9853],[-57.3482,54.1587,1.9654],[-57.3526,54.1573,0.0],[-57.3478,54.1545,2.2777],[-57.3461,54.1547,0.0]]],
[[[-57.3533,54.1664,0.8233],[-57.3575,54.1652,4.1234],[-57.3639,54.1669,4.6346],[-57.3667,54.1658,0.8833],[-57.3673,54.1634,6.4662],[-57.3739,54.1647,0.9452],[-57.3733,54.1615,3.4691],[-57.3789,54.1609,1.9358],[-57.38,54.1567,3.5188],[-57.395,54.155,3.3118],[-57.3983,54.1536,0.3892],[-57.3989,54.1514,0.0],[-57.3894,54.1503,0.0],[-57.3761,54.1573,13.8871],[-57.3711,54.1581,2.2734],[-57.3698,54.1561,2.845],[-57.3674,54.1562,2.4086],[-57.3672,54.1619,1.9496],[-57.3603,54.1637,1.6758],[-57.3574,54.1615,0.0],[-57.3516,54.1623,2.0523],[-57.351,54.1651,3.2845],[-57.3533,54.1664,0.8233]]],
[[[-57.3862,54.1655,1.1499],[-57.3887,54.1657,0.9605],[-57.3886,54.1647,1.0843],[-57.3853,54.1643,0.4133],[-57.3862,54.1655,1.1499]]],
[[[-57.3987,54.1675,0.0],[-57.4003,54.1664,0.3437],[-57.3964,54.1664,0.2354],[-57.3975,54.1675,0.0],[-57.3987,54.1675,0.0]]],
[[[-57.3908,54.1868,0.0],[-57.4041,54.1877,0.0],[-57.4011,54.1855,8.3468],[-57.3932,54.1854,0.0],[-57.3908,54.1868,0.0]]],
[[[-57.3802,54.2192,0.0],[-57.3836,54.2209,0.0],[-57.388,54.22,0.4913],[-57.3814,54.2172,17.2197],[-57.3775,54.2181,0.0],[-57.3802,54.2192,0.0]]],
[[[-57.4125,54.2221,0.0],[-57.4108,54.2212,2.0968],[-57.4096,54.2221,0.0],[-57.4136,54.2226,0.0],[-57.4125,54.2221,0.0]]],
[[[-57.1649,54.1428,0.0],[-57.1671,54.1445,0.0],[-57.1695,54.1428,0.0],[-57.167,54.1423,0.0],[-57.1649,54.1428,0.0]]],
[[[-57.1356,54.1558,0.0],[-57.1363,54.1577,0.0],[-57.1413,54.1583,0.0],[-57.1461,54.1572,0.0],[-57.1454,54.1559,0.0],[-57.1468,54.1549,0.0],[-57.1494,54.1553,0.0],[-57.162,54.1507,0.0],[-57.1566,54.149,0.0],[-57.1561,54.1476,0.0],[-57.1491,54.1484,0.0],[-57.1412,54.1513,0.0],[-57.1356,54.1558,0.0]]],
[[[-57.1135,54.3211,0.0],[-57.1167,54.3234,0.7358],[-57.1189,54.3208,0.0],[-57.1161,54.3192,0.0],[-57.1135,54.3211,0.0]]],
[[[-57.0967,54.327,12.5407],[-57.0945,54.3225,4.013],[-57.0913,54.3244,8.5104],[-57.0934,54.3277,7.5251],[-57.0962,54.3284,3.6176],[-57.0967,54.327,12.5407]]],
[[[-57.3943,54.2239,0.5287],[-57.3893,54.2232,1.308],[-57.3899,54.2247,0.3608],[-57.396,54.2246,0.3786],[-57.3943,54.2239,0.5287]]],
[[[-57.292,54.2887,8.0401],[-57.2915,54.2911,1.0516],[-57.3055,54.2908,0.0],[-57.33,54.2848,0.0],[-57.3531,54.2769,2.419],[-57.3622,54.2675,4.0338],[-57.3639,54.2614,0.0],[-57.3572,54.2561,3.6888],[-57.3389,54.2517,1.7151],[-57.3211,54.2433,40.287],[-57.32,54.2411,8.4571],[-57.3059,54.2402,0.0],[-57.3037,54.2467,0.0],[-57.3054,54.2486,19.6411],[-57.3043,54.2539,0.0],[-57.3059,54.2564,7.3237],[-57.3054,54.2586,5.5313],[-57.3099,54.2603,2.6866],[-57.3081,54.2612,0.0],[-57.309,54.2624,0.0],[-57.3126,54.2627,0.0],[-57.3122,54.2608,2.1696],[-57.3154,54.2608,13.776],[-57.3238,54.2632,29.8978],[-57.338,54.2694,7.9813],[-57.3377,54.2706,18.3574],[-57.3297,54.2715,0.9182],[-57.3105,54.2773,1.1202],[-57.3078,54.2795,17.4411],[-57.2967,54.2797,2.3433],[-57.2943,54.283,2.3698],[-57.2909,54.2843,4.3228],[-57.2915,54.2864,3.3018],[-57.2892,54.2881,0.9541],[-57.292,54.2887,8.0401]]],
[[[-57.3225,54.3943,3.7906],[-57.3243,54.3919,0.8083],[-57.3193,54.3938,2.1374],[-57.3198,54.3947,2.1374],[-57.3225,54.3943,3.7906]]],
[[[-57.3844,54.4107,2.7921],[-57.3902,54.4115,6.6537],[-57.391,54.4098,8.2829],[-57.3864,54.4086,0.0],[-57.3825,54.4099,0.0],[-57.3844,54.4107,2.7921]]],
[[[-57.0943,54.3363,4.9878],[-57.0915,54.3354,0.0],[-57.0887,54.3371,0.0],[-57.0916,54.3383,4.478],[-57.0949,54.3373,0.0],[-57.0943,54.3363,4.9878]]],
[[[-57.0894,54.4103,0.0],[-57.0906,54.4123,0.0],[-57.1033,54.4106,0.9715],[-57.0989,54.4097,0.0],[-57.0894,54.4103,0.0]]],
[[[-57.152,54.4185,2.848],[-57.1589,54.4183,13.7431],[-57.16,54.4161,3.0502],[-57.1517,54.4166,0.0],[-57.152,54.4185,2.848]]],
[[[-57.1789,54.4167,0.0],[-57.1744,54.4169,0.0],[-57.1728,54.4181,0.0],[-57.183,54.4185,0.4594],[-57.1789,54.4167,0.0]]],
[[[-57.238,54.4169,0.5548],[-57.2408,54.4139,9.5175],[-57.2349,54.4124,3.1826],[-57.2347,54.4159,0.0],[-57.238,54.4169,0.5548]]],
[[[-57.2363,54.4188,0.3921],[-57.2352,54.4174,0.0],[-57.2319,54.4175,5.9785],[-57.2302,54.419,0.8157],[-57.2352,54.4199,0.3921],[-57.2363,54.4188,0.3921]]],
[[[-57.2717,54.4239,0.0],[-57.2728,54.4231,0.0],[-57.27,54.4222,1.583],[-57.2667,54.4242,0.0],[-57.27,54.4247,0.0],[-57.2717,54.4239,0.0]]],
[[[-57.394,54.4486,7.0977],[-57.3951,54.45,0.5582],[-57.4007,54.4492,0.2318],[-57.4002,54.448,0.5357],[-57.4024,54.4464,4.9821],[-57.4007,54.4456,4.9821],[-57.4013,54.4438,0.5054],[-57.3991,54.4431,6.7827],[-57.3996,54.4411,5.3092],[-57.379,54.4372,25.0782],[-57.3629,54.438,1.9322],[-57.3635,54.4419,7.2059],[-57.3679,54.4444,0.0],[-57.394,54.4486,7.0977]]],
[[[-57.2022,54.4428,3.5102],[-57.1905,54.4431,0.0],[-57.1883,54.4447,7.2369],[-57.2017,54.4454,5.3655],[-57.2044,54.4436,3.5102],[-57.2022,54.4428,3.5102]]],
[[[-57.216,54.4416,0.0],[-57.2051,54.446,0.0],[-57.2028,54.4487,3.9116],[-57.209,54.4491,0.0],[-57.2195,54.4468,9.4762],[-57.2311,54.4425,0.0],[-57.2172,54.4439,12.1367],[-57.2174,54.442,0.0],[-57.216,54.4416,0.0]]],
[[[-57.3905,54.4509,0.0],[-57.3919,54.4519,4.4252],[-57.3944,54.4523,0.0],[-57.3936,54.4512,0.747],[-57.3905,54.4509,0.0]]],
[[[-57.1883,54.4528,8.1943],[-57.1894,54.4545,1.8539],[-57.1955,54.4548,18.3193],[-57.1977,54.4567,2.3624],[-57.1999,54.4567,2.0988],[-57.201,54.4542,0.2347],[-57.1911,54.4519,0.0],[-57.1883,54.4528,8.1943]]],
[[[-57.154,54.4455,0.0],[-57.1639,54.445,0.0],[-57.1673,54.4445,0.0],[-57.1548,54.4443,0.0],[-57.154,54.4455,0.0]]],
[[[-57.094,54.4557,3.5382],[-57.1006,54.4553,27.6122],[-57.1011,54.4536,2.8555],[-57.0933,54.4514,0.0],[-57.0883,54.4539,0.0],[-57.094,54.4557,3.5382]]],
[[[-56.8986,54.4568,5.5253],[-56.9005,54.4562,0.0],[-56.9,54.455,0.0],[-56.8965,54.4555,4.6648],[-56.8971,54.4569,4.6648],[-56.8986,54.4568,5.5253]]],
[[[-56.8806,54.4554,0.0],[-56.8805,54.4569,0.0],[-56.8847,54.4568,1.282],[-56.8832,54.4552,0.0],[-56.8806,54.4554,0.0]]],
[[[-57.9117,54.3469,0.3334],[-57.9028,54.3481,0.0],[-57.8981,54.3504,4.318],[-57.9172,54.3517,6.1777],[-57.9185,54.349,0.8524],[-57.9117,54.3469,0.3334]]],
[[[-57.7689,54.3667,12.4097],[-57.7791,54.3699,8.5664],[-57.7811,54.3728,2.2208],[-57.7906,54.3747,5.8079],[-57.8005,54.3735,14.0592],[-57.8027,54.3687,9.3655],[-57.8016,54.362,1.2121],[-57.7939,54.3587,0.8871],[-57.79,54.3525,13.1],[-57.7872,54.3428,1.2567],[-57.7811,54.3417,0.0],[-57.7711,54.3428,2.1904],[-57.7639,54.3453,0.0],[-57.7588,54.3498,5.7943],[-57.7538,54.3489,8.3903],[-57.7449,54.3531,1.0434],[-57.7482,54.3553,3.7001],[-57.7477,54.3564,5.9496],[-57.7593,54.3609,2.2899],[-57.7593,54.3625,9.0284],[-57.7577,54.3623,3.3794],[-57.7561,54.3645,1.5919],[-57.7689,54.3667,12.4097]]],
[[[-57.9,54.3753,0.0],[-57.9006,54.3758,0.0],[-57.9067,54.3753,0.0],[-57.9061,54.3742,0.0],[-57.9,54.3753,0.0]]],
[[[-57.5324,54.3895,0.2921],[-57.5359,54.3903,8.5379],[-57.5392,54.3901,4.2652],[-57.5373,54.3861,0.7307],[-57.5324,54.3895,0.2921]]],
[[[-58.3437,54.0998,10.8487],[-58.346,54.0991,10.8487],[-58.3449,54.0971,8.6318],[-58.3397,54.0987,0.0],[-58.3402,54.1001,14.7633],[-58.3437,54.0998,10.8487]]],
[[[-58.3482,54.1021,0.0],[-58.3496,54.1021,0.0],[-58.3512,54.1008,0.0],[-58.3479,54.1003,0.0],[-58.3482,54.1021,0.0]]],
[[[-58.2086,54.2747,0.9093],[-58.2056,54.2761,0.0],[-58.2081,54.2762,0.9453],[-58.2094,54.2792,0.0],[-58.2122,54.2806,0.0],[-58.2139,54.2789,0.0],[-58.2117,54.2764,5.9046],[-58.2123,54.2741,1.7043],[-58.2244,54.2747,2.0995],[-58.2283,54.2725,1.0042],[-58.2164,54.2696,8.4659],[-58.2094,54.2642,6.589],[-58.1994,54.2669,0.0],[-58.2005,54.2686,13.8075],[-58.1978,54.2708,0.0],[-58.2111,54.2739,1.7043],[-58.2086,54.2747,0.9093]]],
[[[-58.5196,54.7975,0.9738],[-58.5196,54.799,4.3161],[-58.5215,54.7993,1.0284],[-58.5235,54.797,0.2161],[-58.5213,54.797,1.0542],[-58.5196,54.7975,0.9738]]],
[[[-57.5202,54.3986,0.0],[-57.5161,54.399,7.0414],[-57.5149,54.4005,0.0],[-57.5227,54.4001,6.1183],[-57.5202,54.3986,0.0]]],
[[[-57.4267,54.4487,0.0],[-57.4239,54.4512,0.9409],[-57.4306,54.4499,0.0],[-57.4278,54.4487,0.0],[-57.4267,54.4487,0.0]]],
[[[-57.494,54.6734,2.2412],[-57.4941,54.6747,0.0],[-57.5002,54.6736,21.3368],[-57.4986,54.6721,21.3368],[-57.494,54.6734,2.2412]]],
[[[-57.4376,54.7001,18.85],[-57.4398,54.6978,34.307],[-57.4357,54.6963,0.0],[-57.4315,54.6987,0.0],[-57.4316,54.6994,0.0],[-57.4376,54.7001,18.85]]],
[[[-57.7552,54.7251,0.0],[-57.7573,54.7267,4.0778],[-57.7611,54.7228,0.356],[-57.7573,54.7229,0.0],[-57.7552,54.7251,0.0]]],
[[[-57.6887,54.7305,0.0],[-57.6909,54.7302,0.0483],[-57.6955,54.7261,2.1967],[-57.6872,54.7278,0.0],[-57.6887,54.7305,0.0]]],
[[[-57.7992,54.7326,6.0188],[-57.7989,54.7353,0.0],[-57.8062,54.7363,3.5237],[-57.8105,54.7321,28.7189],[-57.8171,54.7312,2.6096],[-57.8183,54.7288,0.0],[-57.8131,54.7254,0.0],[-57.8008,54.724,0.0],[-57.7983,54.7289,0.0],[-57.7992,54.7326,6.0188]]],
[[[-57.86,54.755,3.8868],[-57.8632,54.7568,25.8743],[-57.8644,54.7594,2.744],[-57.869,54.7606,0.0],[-57.875,54.7572,2.0084],[-57.8756,54.755,0.0],[-57.8687,54.7509,25.0736],[-57.8574,54.7481,5.0838],[-57.8423,54.7499,8.7602],[-57.8432,54.753,10.4186],[-57.8557,54.7535,9.3655],[-57.86,54.755,3.8868]]],
[[[-56.9168,54.4561,1.39],[-56.9242,54.4583,8.0918],[-56.9234,54.4605,0.0],[-56.9283,54.4587,2.0603],[-56.9254,54.4557,7.1297],[-56.9168,54.4561,1.39]]],
[[[-56.8961,54.46,2.4387],[-56.8986,54.4579,0.0],[-56.8985,54.4575,0.0],[-56.8941,54.4585,0.0],[-56.8961,54.46,2.4387]]],
[[[-56.9322,54.4565,0.5205],[-56.9305,54.4571,0.0],[-56.9325,54.4615,2.5687],[-56.9358,54.4628,0.8793],[-56.9424,54.4611,5.5709],[-56.9419,54.4599,0.0],[-56.9363,54.4591,5.2261],[-56.9438,54.4581,0.0],[-56.9414,54.4564,0.0],[-56.9322,54.4565,0.5205]]],
[[[-56.8957,54.4622,2.9334],[-56.8996,54.4631,8.5071],[-56.902,54.4625,1.1313],[-56.9005,54.461,0.6134],[-56.8957,54.4622,2.9334]]],
[[[-57.2211,54.4792,0.9458],[-57.245,54.4789,0.0],[-57.2426,54.4749,4.462],[-57.2376,54.4715,0.0],[-57.2434,54.4708,0.0],[-57.2444,54.4699,2.6944],[-57.2409,54.4676,28.7688],[-57.2411,54.466,8.8526],[-57.2478,54.4636,0.0],[-57.2433,54.4639,9.563],[-57.2337,54.4604,2.0125],[-57.2337,54.4574,1.1496],[-57.2467,54.4442,0.4229],[-57.2433,54.4442,0.0],[-57.2358,54.4485,4.5839],[-57.2317,54.4483,0.0],[-57.23,54.445,0.0],[-57.2244,54.4492,2.9925],[-57.2111,54.4514,1.1926],[-57.2106,54.4547,12.774],[-57.2083,54.455,0.0],[-57.2017,54.4628,2.4818],[-57.2127,54.4625,0.6176],[-57.217,54.4643,8.3528],[-57.212,54.4651,2.2455],[-57.2114,54.4676,0.0],[-57.2147,54.4697,0.507],[-57.2083,54.4725,0.0],[-57.2114,54.4742,10.4948],[-57.2109,54.4765,0.2683],[-57.2211,54.4792,0.9458]]],
[[[-57.3283,54.4633,0.0],[-57.3233,54.4635,0.0],[-57.32,54.4669,0.0],[-57.3311,54.4652,0.8601],[-57.3283,54.4633,0.0]]],
[[[-57.2492,54.464,6.8431],[-57.2466,54.4666,0.6509],[-57.2468,54.4689,0.0],[-57.2534,54.4659,13.2458],[-57.2492,54.464,6.8431]]],
[[[-57.3733,54.4647,2.9721],[-57.3699,54.4667,0.9661],[-57.3777,54.4677,1.4254],[-57.3772,54.4697,0.0],[-57.382,54.4723,0.0],[-57.3827,54.4694,3.5765],[-57.3849,54.4686,3.0836],[-57.3844,54.4669,1.4469],[-57.3861,54.4669,0.0],[-57.3818,54.4665,5.8102],[-57.3811,54.465,0.0143],[-57.3766,54.4667,3.3249],[-57.3767,54.4656,3.3249],[-57.3733,54.4647,2.9721]]],
[[[-56.9175,54.4667,0.6612],[-56.9196,54.4684,10.3089],[-56.9157,54.4691,1.2514],[-56.9149,54.4706,0.0],[-56.9183,54.4723,0.0],[-56.9409,54.4712,0.0],[-56.9343,54.469,11.4544],[-56.9386,54.4673,16.0352],[-56.932,54.4644,5.322],[-56.9175,54.4667,0.6612]]],
[[[-57.1693,54.47,5.4722],[-57.1872,54.4733,2.0732],[-57.21,54.4701,0.8618],[-57.1989,54.4658,3.9172],[-57.1941,54.4701,5.4273],[-57.1817,54.4664,0.0],[-57.1732,54.4664,0.0],[-57.1693,54.47,5.4722]]],
[[[-57.1587,54.4707,2.4209],[-57.1567,54.4726,1.9399],[-57.1634,54.4722,0.0],[-57.1627,54.4705,11.1292],[-57.1587,54.4707,2.4209]]],
[[[-57.1047,54.4745,0.0],[-57.1108,54.4754,9.5344],[-57.1111,54.4742,9.5344],[-57.1089,54.4732,0.0],[-57.1047,54.4745,0.0]]],
[[[-57.3922,54.4723,0.0],[-57.3938,54.4709,0.0],[-57.3878,54.472,2.9623],[-57.3889,54.4725,0.0],[-57.3922,54.4723,0.0]]],
[[[-57.2669,54.4863,7.8709],[-57.2621,54.4885,2.7433],[-57.2585,54.4915,2.5583],[-57.2589,54.4929,0.4579],[-57.2817,54.4906,0.0],[-57.2844,54.4886,0.0],[-57.28,54.4861,0.0],[-57.2944,54.4822,0.0],[-57.295,54.4814,0.0],[-57.2917,54.4803,7.2333],[-57.2961,54.4795,0.5654],[-57.3078,54.4719,0.0],[-57.3044,54.4709,1.0648],[-57.3028,54.4723,6.2249],[-57.295,54.4661,0.0],[-57.2856,54.4656,6.0152],[-57.2817,54.4633,0.0],[-57.2755,54.4647,0.0],[-57.2705,54.4686,0.0],[-57.2539,54.4714,0.0],[-57.2538,54.4776,14.8173],[-57.2495,54.4777,0.7495],[-57.2512,54.4793,0.0],[-57.2638,54.4779,0.1323],[-57.2649,54.4791,0.7974],[-57.2615,54.4815,0.1379],[-57.2693,54.4843,0.3847],[-57.2669,54.4863,7.8709]]],
[[[-57.3322,54.4878,5.5229],[-57.338,54.4873,0.0],[-57.3413,54.4885,1.0478],[-57.3422,54.4906,0.0],[-57.345,54.4906,0.0],[-57.3472,54.4887,0.0],[-57.345,54.4878,1.6153],[-57.345,54.4845,16.2624],[-57.3572,54.4858,0.0],[-57.38,54.4783,1.9072],[-57.3778,54.4756,4.4369],[-57.3746,54.4752,6.3538],[-57.3739,54.4731,0.0],[-57.3617,54.4683,0.0],[-57.3575,54.4685,1.3055],[-57.3536,54.4719,3.1222],[-57.3478,54.4672,6.7735],[-57.3411,54.4667,0.2301],[-57.3367,54.4697,4.2255],[-57.3283,54.4717,2.168],[-57.3272,54.4739,8.0087],[-57.3239,54.4742,1.248],[-57.3265,54.4781,5.9612],[-57.3183,54.4814,1.5815],[-57.32,54.4828,0.3607],[-57.325,54.4815,15.0988],[-57.3278,54.4828,15.7467],[-57.3194,54.4847,0.0],[-57.3172,54.4878,0.0],[-57.3183,54.4895,0.0],[-57.3322,54.4878,5.5229]]],
[[[-57.41,54.4809,0.0],[-57.4061,54.4833,0.0],[-57.4161,54.4828,2.0102],[-57.4122,54.4797,0.0],[-57.41,54.4809,0.0]]],
[[[-57.1767,54.4739,0.055],[-57.1744,54.4753,0.0],[-57.1749,54.4763,0.0],[-57.1805,54.4799,6.711],[-57.1833,54.4792,2.0211],[-57.1783,54.4759,2.1778],[-57.1794,54.475,1.8348],[-57.1866,54.4783,16.5033],[-57.1913,54.4776,0.0],[-57.1922,54.4761,2.9733],[-57.1811,54.4733,0.0],[-57.1767,54.4739,0.055]]],
[[[-57.0316,54.4745,2.7087],[-57.0287,54.4762,6.359],[-57.0317,54.4776,8.8577],[-57.0316,54.4796,3.7613],[-57.0363,54.4783,1.6431],[-57.0338,54.4744,0.0],[-57.0316,54.4745,2.7087]]],
[[[-57.025,54.4819,10.092],[-57.03,54.4803,2.8002],[-57.0272,54.4783,0.0],[-57.0183,54.48,0.0],[-57.0198,54.4821,0.0],[-57.025,54.4819,10.092]]],
[[[-57.0589,54.4821,0.0],[-57.06,54.4837,0.0],[-57.0641,54.4821,0.0],[-57.061,54.4815,0.0],[-57.0589,54.4821,0.0]]],
[[[-57.179,54.4828,9.4241],[-57.1828,54.4855,0.0],[-57.1856,54.4853,6.8878],[-57.1861,54.4839,0.7268],[-57.1804,54.4811,2.5855],[-57.179,54.4828,9.4241]]],
[[[-57.0295,54.4842,1.3815],[-57.0375,54.4882,0.0],[-57.041,54.4855,1.0985],[-57.0369,54.4817,0.0],[-57.0295,54.4842,1.3815]]],
[[[-56.9403,54.4857,2.8156],[-56.9383,54.4891,0.0],[-56.9429,54.4916,5.8031],[-56.9528,54.4907,0.0],[-56.9559,54.4875,15.0318],[-56.9593,54.4894,1.8475],[-56.9627,54.4865,12.1185],[-56.96,54.4845,11.2036],[-56.9602,54.4822,12.0857],[-56.9565,54.4801,0.0],[-56.9534,54.4825,14.9191],[-56.9511,54.481,2.6472],[-56.9454,54.4819,0.0],[-56.9403,54.4857,2.8156]]],
[[[-57.0685,54.4881,17.6578],[-57.073,54.4895,20.4859],[-57.0689,54.4928,6.5191],[-57.07,54.4947,4.8295],[-57.0872,54.4922,2.2577],[-57.0856,54.4903,0.0],[-57.0877,54.4889,0.0],[-57.0866,54.4869,0.0],[-57.0844,54.4869,3.5412],[-57.084,54.4835,5.7015],[-57.0867,54.481,1.4899],[-57.0664,54.4822,8.7399],[-57.065,54.4872,0.6323],[-57.0685,54.4881,17.6578]]],
[[[-57.1883,54.4878,0.0],[-57.1966,54.4909,0.0],[-57.1989,54.4903,0.0],[-57.1933,54.4875,1.5019],[-57.1883,54.4878,0.0]]],
[[[-57.2571,54.4878,7.7417],[-57.2537,54.4878,3.2394],[-57.2515,54.4901,0.0],[-57.2587,54.4898,0.1965],[-57.2571,54.4878,7.7417]]],
[[[-57.289,54.4901,0.2648],[-57.2862,54.4896,0.0],[-57.2851,54.4921,0.0],[-57.2896,54.4927,0.5763],[-57.289,54.4901,0.2648]]],
[[[-57.2172,54.4989,0.0],[-57.2252,54.5015,0.0497],[-57.2278,54.4999,1.666],[-57.2333,54.5003,1.1893],[-57.2344,54.4983,0.0],[-57.2289,54.4917,15.5817],[-57.2295,54.4905,0.0],[-57.2389,54.493899999999996,0.0],[-57.2428,54.4878,2.6751],[-57.2333,54.4819,0.0],[-57.2311,54.4833,5.1339],[-57.215,54.4831,0.0],[-57.2138,54.4853,0.2085],[-57.2191,54.4869,1.5693],[-57.2166,54.4885,0.0],[-57.2067,54.4884,0.0],[-57.2126,54.4895,4.1552],[-57.2141,54.4919,2.6784],[-57.2111,54.497,6.3874],[-57.2134,54.4989,0.0],[-57.2172,54.4989,0.0]]],
[[[-57.1221,54.5023,0.0],[-57.1415,54.5039,0.0],[-57.1527,54.4973,1.5057],[-57.1689,54.498,1.8023],[-57.1698,54.4969,7.1012],[-57.1682,54.4937,6.3734],[-57.1749,54.4952,4.2097],[-57.1749,54.4985,0.8986],[-57.1876,54.4996,2.3012],[-57.1904,54.4977,0.0],[-57.1882,54.4969,1.2565],[-57.1899,54.4957,0.0],[-57.1881,54.4955,1.2565],[-57.1865,54.4913,1.8389],[-57.1826,54.4882,6.7406],[-57.1748,54.4855,11.7801],[-57.1765,54.4846,0.6322],[-57.1736,54.4832,1.281],[-57.1732,54.481,6.2529],[-57.1672,54.4792,0.0],[-57.1598,54.4811,1.035],[-57.1587,54.4841,9.6366],[-57.1514,54.4808,4.119],[-57.1394,54.4797,0.0],[-57.131,54.4829,4.6337],[-57.1304,54.4846,5.6928],[-57.1271,54.4838,0.6453],[-57.1306,54.4811,0.0],[-57.1294,54.4794,0.9885],[-57.1254,54.4812,1.9673],[-57.1144,54.4795,1.8316],[-57.1132,54.481,0.0],[-57.1154,54.4835,2.1523],[-57.1215,54.4843,2.8835],[-57.1198,54.4869,0.1517],[-57.1209,54.4882,6.6439],[-57.1065,54.4905,2.6146],[-57.1152,54.4963,10.2697],[-57.1181,54.5013,21.2956],[-57.1221,54.5023,0.0]]],
[[[-57.1883,54.5014,1.5215],[-57.1928,54.5039,0.0],[-57.1967,54.5033,0.0],[-57.1905,54.5006,2.0958],[-57.1883,54.5014,1.5215]]],
[[[-57.175,54.5098,1.3005],[-57.171,54.5125,0.0],[-57.1722,54.5147,1.1738],[-57.1809,54.5147,7.8965],[-57.1817,54.5108,3.0013],[-57.175,54.5098,1.3005]]],
[[[-57.1545,54.5208,2.9513],[-57.1506,54.5192,4.9083],[-57.1478,54.52,0.0],[-57.1551,54.5242,3.4912],[-57.1629,54.5248,7.8458],[-57.1634,54.5237,0.9233],[-57.1634,54.522,0.3483],[-57.161,54.5208,9.3683],[-57.1545,54.5208,2.9513]]],
[[[-57.247,54.5207,0.0],[-57.2461,54.5217,0.0],[-57.2472,54.5225,0.0],[-57.2522,54.5219,8.3508],[-57.2506,54.5186,0.0],[-57.247,54.5207,0.0]]],
[[[-57.2139,54.5219,1.7146],[-57.2133,54.5197,0.0],[-57.2106,54.5211,13.8739],[-57.2022,54.5264,14.4261],[-57.2028,54.5283,3.116],[-57.2061,54.5289,0.0],[-57.2089,54.5256,0.0],[-57.2133,54.5242,0.0],[-57.2139,54.5219,1.7146]]],
[[[-57.2099,54.5362,4.7006],[-57.2059,54.5351,0.0],[-57.2059,54.5373,0.0],[-57.2104,54.539,0.0],[-57.2115,54.5359,0.8277],[-57.2099,54.5362,4.7006]]],
[[[-57.1933,54.5389,0.0],[-57.1926,54.5412,0.5414],[-57.1939,54.5417,0.5414],[-57.1917,54.5428,1.7361],[-57.1922,54.5442,1.6567],[-57.1997,54.5453,6.8565],[-57.1993,54.5417,5.1143],[-57.2017,54.5406,0.8105],[-57.2144,54.5427,1.7792],[-57.205,54.5392,0.9957],[-57.1956,54.5375,0.5609],[-57.1933,54.5389,0.0]]],
[[[-57.2756,54.5656,4.1959],[-57.2728,54.5653,0.0],[-57.2689,54.5694,3.9862],[-57.2694,54.5747,2.9844],[-57.2624,54.5761,0.2956],[-57.263,54.5792,1.8308],[-57.2611,54.5806,0.4066],[-57.2635,54.581,0.4066],[-57.264,54.5829,8.0255],[-57.2567,54.5853,0.0],[-57.2605,54.5867,2.7225],[-57.275,54.5806,4.2948],[-57.2796,54.5696,1.6399],[-57.285,54.5706,0.5126],[-57.2855,54.5722,3.305],[-57.2822,54.5748,0.0],[-57.2833,54.5753,13.4821],[-57.2822,54.5842,2.8101],[-57.2811,54.5842,2.8101],[-57.285,54.5856,0.0],[-57.2978,54.5817,13.4582],[-57.3076,54.5765,2.7484],[-57.3139,54.5819,6.8985],[-57.3144,54.5847,0.6956],[-57.32,54.5861,1.0862],[-57.3233,54.5828,5.0471],[-57.3222,54.5797,7.373],[-57.3233,54.5789,7.373],[-57.3327,54.5761,0.8978],[-57.336,54.5763,1.411],[-57.3356,54.5783,0.0],[-57.3383,54.5778,0.2349],[-57.3394,54.575,2.878],[-57.3478,54.5714,2.7663],[-57.3489,54.5675,0.9596],[-57.3461,54.5633,17.5311],[-57.3489,54.5561,0.0],[-57.3478,54.555,4.5695],[-57.3611,54.5514,0.8933],[-57.3628,54.5475,0.0],[-57.3589,54.545,0.1968],[-57.3611,54.5364,0.0],[-57.3683,54.5311,2.2738],[-57.3681,54.5281,7.7989],[-57.3728,54.5244,0.9593],[-57.3722,54.5214,0.5036],[-57.3661,54.5175,1.5343],[-57.3694,54.5114,0.2848],[-57.3694,54.5097,0.2479],[-57.365,54.5072,0.014],[-57.3661,54.5042,0.0],[-57.3561,54.5011,0.1182],[-57.3071,54.5058,5.4382],[-57.2933,54.5031,0.0],[-57.2839,54.5069,0.0],[-57.2799,54.5109,0.1575],[-57.2667,54.5114,0.0],[-57.2622,54.5167,0.0],[-57.2578,54.5161,0.0],[-57.255,54.5175,0.0],[-57.2539,54.5214,0.7973],[-57.259,54.5242,0.8709],[-57.2583,54.5281,2.0674],[-57.2616,54.5297,4.5025],[-57.2596,54.5325,0.0],[-57.2605,54.5353,11.3613],[-57.2578,54.5375,0.0868],[-57.2617,54.5386,0.7247],[-57.2659,54.5369,3.3698],[-57.2744,54.5411,0.0],[-57.273,54.5431,1.2173],[-57.2676,54.5448,0.0],[-57.2589,54.5442,12.3393],[-57.2524,54.5484,0.8601],[-57.2564,54.5497,3.2779],[-57.2637,54.5492,4.1894],[-57.2774,54.5541,0.5859],[-57.2807,54.5535,0.7572],[-57.2819,54.5513,6.7142],[-57.2878,54.5547,2.8081],[-57.2883,54.5567,1.4357],[-57.2849,54.5614,1.475],[-57.2756,54.5656,4.1959]]],
[[[-57.2461,54.5478,0.0689],[-57.2408,54.5467,0.0],[-57.2406,54.5478,0.0],[-57.2461,54.5489,0.0],[-57.2461,54.5478,0.0689]]],
[[[-57.1925,54.5484,0.0],[-57.1958,54.5495,2.1007],[-57.1969,54.5476,3.6514],[-57.1941,54.5465,2.8114],[-57.1925,54.5484,0.0]]],
[[[-57.2195,54.5484,0.701],[-57.2161,54.5483,5.5137],[-57.2166,54.5465,0.0453],[-57.2137,54.5462,0.8578],[-57.2124,54.5488,0.7646],[-57.2167,54.55,1.9483],[-57.2194,54.5497,2.0441],[-57.2195,54.5484,0.701]]],
[[[-57.1917,54.5235,1.4339],[-57.1898,54.526,0.0],[-57.1943,54.5262,1.3983],[-57.1945,54.5234,1.0077],[-57.1917,54.5235,1.4339]]],
[[[-57.1501,54.5369,1.5234],[-57.1458,54.5379,0.0],[-57.1447,54.5423,0.388],[-57.1508,54.5423,0.4332],[-57.1581,54.5395,3.0747],[-57.1631,54.537,2.7568],[-57.1642,54.5343,7.1659],[-57.1503,54.5354,0.1954],[-57.1501,54.5369,1.5234]]],
[[[-57.1505,54.5657,0.0],[-57.1583,54.5693,0.5916],[-57.1661,54.5657,0.0],[-57.1722,54.5654,15.2426],[-57.175,54.5677,1.7382],[-57.1744,54.5704,4.9381],[-57.178,54.5709,3.2328],[-57.1916,54.5654,5.0944],[-57.1916,54.5635,14.2667],[-57.1955,54.5614,3.4322],[-57.1961,54.5586,0.0],[-57.1839,54.5492,2.074],[-57.1832,54.5417,36.5935],[-57.1845,54.5403,7.1926],[-57.1866,54.5409,7.601],[-57.1872,54.5433,3.5022],[-57.1911,54.542,0.5414],[-57.1885,54.5389,2.0447],[-57.1939,54.534,11.3338],[-57.1994,54.532,0.6644],[-57.1839,54.5306,16.2353],[-57.1775,54.5333,4.4741],[-57.1716,54.5393,16.8078],[-57.1563,54.5473,8.8906],[-57.1555,54.5504,11.2097],[-57.1633,54.5507,0.0],[-57.1705,54.5484,15.5039],[-57.1728,54.5523,16.9987],[-57.165,54.5543,3.1526],[-57.1639,54.557,6.4384],[-57.1562,54.5587,0.0],[-57.15,54.564,0.7072],[-57.1505,54.5657,0.0]]],
[[[-57.1384,54.556399999999996,4.506],[-57.1479,54.5572,1.2431],[-57.1528,54.5531,0.1128],[-57.1416,54.5525,2.7688],[-57.1372,54.5545,1.1683],[-57.1384,54.556399999999996,4.506]]],
[[[-57.2328,54.5613,1.3756],[-57.2351,54.5627,2.6178],[-57.2345,54.5706,0.0],[-57.2357,54.5719,5.169],[-57.2473,54.5705,0.0],[-57.2462,54.5681,2.8218],[-57.249,54.5674,0.0],[-57.2467,54.5608,2.3728],[-57.2383,54.5589,0.5038],[-57.2322,54.5595,0.3659],[-57.2328,54.5613,1.3756]]],
[[[-57.1964,54.575,2.769],[-57.2028,54.5759,0.0],[-57.2056,54.5742,3.2258],[-57.1978,54.5719,0.0],[-57.195,54.5733,0.0],[-57.1964,54.575,2.769]]],
[[[-57.3485,54.59,0.0],[-57.3441,54.5909,0.0],[-57.3424,54.5925,0.3015],[-57.3492,54.5917,2.251],[-57.3485,54.59,0.0]]],
[[[-57.2587,54.6004,0.4925],[-57.2589,54.6019,3.3742],[-57.2567,54.6025,0.0],[-57.2572,54.6042,0.0],[-57.265,54.6025,1.3863],[-57.2677,54.5975,0.8093],[-57.2661,54.5967,0.0],[-57.2587,54.6004,0.4925]]],
[[[-57.1256,54.5825,0.0],[-57.1344,54.5869,12.0247],[-57.135,54.5889,2.6436],[-57.1333,54.5908,8.4106],[-57.1379,54.596,0.0],[-57.1418,54.5946,13.3115],[-57.1479,54.5888,6.1388],[-57.1484,54.5863,22.9894],[-57.1529,54.5846,0.0],[-57.1505,54.5814,5.4209],[-57.134,54.5766,3.6941],[-57.1283,54.5786,1.409],[-57.125,54.5814,0.0],[-57.1256,54.5825,0.0]]],
[[[-57.1874,54.5939,0.0],[-57.1866,54.5904,0.0],[-57.1838,54.5903,0.0],[-57.1857,54.5931,0.0],[-57.1874,54.5939,0.0]]],
[[[-57.3044,54.6086,2.7665],[-57.305,54.6109,0.0],[-57.3133,54.6117,6.4106],[-57.3242,54.6093,1.3805],[-57.3233,54.6075,11.1693],[-57.3133,54.6033,0.0],[-57.3067,54.605,0.0],[-57.3044,54.6086,2.7665]]],
[[[-57.2873,54.6322,0.6231],[-57.3089,54.6321,0.0],[-57.3138,54.629,0.0],[-57.3022,54.6219,0.0],[-57.2883,54.6197,0.0],[-57.2799,54.6203,0.0],[-57.2705,54.6261,13.2989],[-57.2752,54.6314,0.4774],[-57.2873,54.6322,0.6231]]],
[[[-57.3472,54.7378,3.292],[-57.345,54.7358,19.1461],[-57.3415,54.7349,1.0532],[-57.3428,54.7375,2.4938],[-57.3472,54.7378,3.292]]],
[[[-58.628,53.9087,133.6358],[-58.6036,53.9141,215.7769],[-58.1178,54.0625,75.32],[-57.7245,54.0561,49.3121],[-57.3821,54.0573,79.8284],[-57.3361,54.0592,10.8905],[-57.3549,54.0799,0.0],[-57.3534,54.0833,5.8295],[-57.3607,54.0835,11.9625],[-57.375,54.1,3.5109],[-57.3839,54.1169,2.5471],[-57.385,54.1261,2.3767],[-57.3817,54.1308,3.8377],[-57.36,54.1324,2.3865],[-57.3571,54.1357,0.0],[-57.36,54.1437,1.5742],[-57.3802,54.1434,10.5019],[-57.3803,54.14,6.3464],[-57.3944,54.1367,6.4818],[-57.3972,54.1345,2.7797],[-57.3967,54.1325,3.3347],[-57.4044,54.1283,7.9158],[-57.4111,54.1283,13.1036],[-57.4192,54.1306,2.2152],[-57.4239,54.1333,12.1664],[-57.4244,54.1356,0.5881],[-57.4278,54.1381,2.5038],[-57.425,54.1401,0.421],[-57.4261,54.1415,0.0],[-57.4144,54.1425,1.8343],[-57.4145,54.1438,3.6942],[-57.4106,54.1442,1.3852],[-57.4122,54.1461,2.3031],[-57.3983,54.1494,4.349],[-57.4011,54.1525,1.5553],[-57.4114,54.1545,0.0],[-57.4222,54.1523,0.2846],[-57.4232,54.1528,3.0737],[-57.422,54.1561,0.0],[-57.425,54.1567,3.062],[-57.4182,54.1597,4.3003],[-57.4139,54.1589,1.7081],[-57.3961,54.1619,0.7839],[-57.4026,54.1636,4.2775],[-57.4097,54.1684,7.3633],[-57.4236,54.1709,5.6259],[-57.4207,54.1753,3.23],[-57.4136,54.1781,0.0],[-57.4153,54.1806,0.0],[-57.4279,54.1843,3.7978],[-57.4375,54.1842,4.6219],[-57.4401,54.1862,6.9141],[-57.4308,54.1851,6.382],[-57.42,54.1866,0.0],[-57.4197,54.1878,0.3145],[-57.43,54.1895,0.0],[-57.4339,54.1872,0.5854],[-57.4411,54.1905,0.0],[-57.4513,54.1879,4.3364],[-57.462,54.1889,0.6667],[-57.4669,54.1947,3.8787],[-57.4666,54.1965,4.7661],[-57.4608,54.1972,0.0],[-57.4675,54.1991,0.2369],[-57.4714,54.1981,1.6469],[-57.4731,54.1947,7.2006],[-57.4775,54.193,5.504],[-57.4803,54.1934,6.9121],[-57.4814,54.1967,4.705],[-57.4858,54.1978,0.1889],[-57.4978,54.1995,0.0],[-57.5056,54.1986,1.1482],[-57.5149,54.1937,1.1048],[-57.5155,54.1915,2.0081],[-57.5232,54.1889,0.5329],[-57.525,54.1842,6.4311],[-57.5272,54.1831,2.0429],[-57.5422,54.1803,1.7717],[-57.5439,54.1811,1.3302],[-57.5428,54.1857,0.0],[-57.5467,54.1864,0.9897],[-57.5425,54.1895,0.1825],[-57.5467,54.1903,2.8261],[-57.5469,54.1919,0.0],[-57.5652,54.196,1.6897],[-57.5678,54.1953,2.5617],[-57.5678,54.1901,7.0237],[-57.5717,54.1856,0.844],[-57.5814,54.1823,1.9224],[-57.5857,54.1833,1.5911],[-57.5893,54.1815,4.225],[-57.5947,54.182,5.2159],[-57.5967,54.18,1.6663],[-57.5961,54.1753,0.0],[-57.5917,54.174,5.1061],[-57.595,54.1722,1.3994],[-57.5941,54.1695,0.0],[-57.5885,54.1685,3.4115],[-57.5935,54.1681,0.0],[-57.5933,54.1661,2.2682],[-57.6006,54.1644,2.6712],[-57.6109,54.1653,1.2842],[-57.6121,54.1658,0.9633],[-57.6111,54.1678,1.2014],[-57.6167,54.1697,1.5766],[-57.6122,54.171,0.2213],[-57.6139,54.1722,1.616],[-57.6062,54.1796,2.2832],[-57.6117,54.1823,0.0],[-57.612,54.1839,2.9627],[-57.6021,54.1862,0.5691],[-57.5997,54.19,0.0],[-57.6021,54.1921,0.0],[-57.6128,54.1917,4.9211],[-57.623,54.1939,0.0],[-57.6239,54.1986,0.0],[-57.6178,54.2028,0.0],[-57.6338,54.2075,0.3348],[-57.6483,54.2056,0.8664],[-57.6483,54.2075,1.455],[-57.6458,54.2097,0.549],[-57.6482,54.2109,0.0],[-57.6584,54.2063,3.2328],[-57.6655,54.205,3.0128],[-57.6841,54.2074,4.509],[-57.6852,54.2109,0.0],[-57.7026,54.2084,3.1134],[-57.7144,54.2044,2.9092],[-57.7259,54.2056,1.0173],[-57.7278,54.2081,0.4851],[-57.731,54.2064,4.0575],[-57.7422,54.2059,0.0],[-57.765,54.2011,3.9026],[-57.7697,54.1961,5.3949],[-57.77,54.1939,4.7838],[-57.7672,54.1919,7.75],[-57.7817,54.1883,5.4322],[-57.7911,54.195,1.9588],[-57.7856,54.1961,0.0],[-57.7761,54.2031,0.0],[-57.7622,54.2087,0.0],[-57.7589,54.2133,2.1367],[-57.7619,54.2181,0.0],[-57.79,54.2195,0.4615],[-57.8005,54.2161,6.2853],[-57.8011,54.2189,0.2596],[-57.8078,54.2173,0.0],[-57.8122,54.2137,3.811],[-57.8311,54.2114,0.3735],[-57.8397,54.2028,3.4509],[-57.8484,54.2,2.5778],[-57.8522,54.2019,0.8391],[-57.8619,54.2005,0.2458],[-57.8672,54.2028,1.1262],[-57.8627,54.2061,0.0],[-57.8639,54.2092,1.5786],[-57.8609,54.2114,0.983],[-57.8681,54.2142,1.2055],[-57.8742,54.2187,3.1597],[-57.8832,54.2177,0.8993],[-57.8868,54.2131,1.4379],[-57.9181,54.2161,3.1177],[-57.922,54.2159,0.9279],[-57.9228,54.2131,1.0025],[-57.9266,54.2131,1.1096],[-57.9462,54.2171,1.4051],[-57.9442,54.2195,0.359],[-57.9536,54.222,6.8741],[-57.9656,54.2189,0.0],[-57.9783,54.2184,4.2172],[-57.9963,54.2254,2.744],[-57.9981,54.2275,0.3406],[-57.9953,54.2295,0.1775],[-58.0027,54.2281,4.3666],[-58.0122,54.2287,11.0203],[-58.0217,54.2264,3.7213],[-58.0222,54.2275,2.9544],[-58.0194,54.2297,1.1714],[-58.0217,54.2311,5.733],[-58.0433,54.2344,0.8839],[-58.0506,54.2375,2.0483],[-58.0578,54.2375,0.0],[-58.0628,54.2342,0.0],[-58.0694,54.2335,7.3776],[-58.0808,54.2271,1.1774],[-58.1271,54.2229,3.9044],[-58.135,54.2259,0.7742],[-58.138,54.2302,0.0],[-58.1422,54.2325,0.7667],[-58.1572,54.235,8.6888],[-58.16,54.2369,0.0],[-58.1711,54.2373,0.0],[-58.1867,54.2328,0.0],[-58.1944,54.2278,1.4799],[-58.1939,54.225,9.0113],[-58.1994,54.2273,4.8555],[-58.1976,54.2286,0.0],[-58.1986,54.2298,3.4047],[-58.204,54.2301,9.5011],[-58.2119,54.2263,5.3237],[-58.221,54.225,3.8923],[-58.2305,54.2203,19.3745],[-58.2359,54.2209,0.0],[-58.2405,54.2185,3.3222],[-58.2369,54.2173,5.0057],[-58.2364,54.2155,3.7661],[-58.2194,54.2128,5.4862],[-58.2095,54.2092,1.2146],[-58.2339,54.2123,0.0],[-58.2378,54.2097,0.7316],[-58.2899,54.2026,0.8848],[-58.3189,54.2067,5.6222],[-58.3406,54.203,9.4384],[-58.3595,54.2045,1.8213],[-58.37,54.2011,2.1307],[-58.3839,54.1933,0.0],[-58.3889,54.1872,0.0],[-58.3872,54.1758,8.5315],[-58.39,54.1728,6.0794],[-58.3894,54.1717,14.8418],[-58.4022,54.1585,9.1961],[-58.4056,54.1453,5.6336],[-58.4044,54.1439,5.6336],[-58.4123,54.1357,0.0],[-58.4132,54.1322,1.9997],[-58.41,54.13,0.0],[-58.4017,54.1292,11.6361],[-58.394,54.1256,9.4168],[-58.3906,54.1222,12.8682],[-58.3438,54.118899999999996,10.2618],[-58.3356,54.1164,8.5388],[-58.3333,54.1145,10.499],[-58.3344,54.1125,0.6527],[-58.33,54.1078,0.0],[-58.3133,54.1028,4.2352],[-58.3178,54.0997,1.9076],[-58.3283,54.0989,0.0],[-58.3316,54.0961,0.0],[-58.3339,54.0922,18.3046],[-58.3294,54.0887,0.0],[-58.3209,54.0905,11.5745],[-58.296,54.0913,1.5051],[-58.291,54.0894,0.0],[-58.2605,54.0938,4.7851],[-58.2595,54.0968,0.0],[-58.2553,54.0981,0.0],[-58.2571,54.1013,0.3032],[-58.2536,54.1047,0.0],[-58.2527,54.1079,0.0],[-58.2435,54.1139,5.3086],[-58.2201,54.1217,0.0],[-58.211,54.1211,3.5471],[-58.206,54.1242,3.3756],[-58.1966,54.1243,3.5492],[-58.1827,54.134,4.9871],[-58.175,54.1366,0.0],[-58.1579,54.1363,6.0062],[-58.1381,54.1331,4.5615],[-58.1072,54.1358,14.0556],[-58.0322,54.1273,22.588],[-58.0008,54.1221,13.3896],[-57.9912,54.1178,0.0],[-57.98,54.1161,1.8388],[-57.9784,54.1151,2.1278],[-57.9789,54.1134,0.0],[-57.9692,54.1127,2.1963],[-57.9685,54.1094,1.8747],[-57.9741,54.1083,0.0],[-57.9722,54.1064,1.7661],[-57.9676,54.1052,3.6913],[-57.9649,54.1025,11.1142],[-57.9528,54.0992,3.9436],[-57.9394,54.1007,5.4132],[-57.9333,54.0992,3.2117],[-57.9268,54.1066,0.0],[-57.9177,54.1097,1.8665],[-57.8934,54.1099,4.1245],[-57.8824,54.1081,1.7942],[-57.8805,54.105,0.9115],[-57.8686,54.1029,0.0],[-57.8577,54.108,6.5476],[-57.8398,54.104,14.3011],[-57.8262,54.0987,0.0],[-57.8178,54.1,0.0],[-57.8116,54.0963,1.0561],[-57.7937,54.0943,2.4044],[-57.7903,54.0924,8.9504],[-57.7945,54.0897,1.513],[-57.8056,54.0911,0.4965],[-57.8067,54.0906,0.4965],[-57.8056,54.0892,1.4857],[-57.8092,54.0883,0.0],[-57.7932,54.0835,0.0],[-57.7909,54.0801,0.0],[-57.7854,54.0777,4.8702],[-57.7828,54.0747,1.6145],[-57.7914,54.0679,2.7349],[-57.8176,54.0667,12.3034],[-57.8248,54.069,0.0],[-57.8275,54.0685,5.5277],[-57.8294,54.0713,3.0002],[-57.8365,54.0727,5.8878],[-57.8382,54.0752,20.2538],[-57.8516,54.0788,0.0],[-57.8568,54.0785,12.0513],[-57.8728,54.0731,4.0057],[-57.8733,54.075,12.1773],[-57.8711,54.0761,9.7917],[-57.8645,54.0769,1.2177],[-57.8794,54.0824,0.7671],[-57.901,54.0809,0.0],[-57.9107,54.0751,9.631],[-57.9269,54.0744,0.8891],[-57.9416,54.0715,9.9623],[-57.9605,54.0723,0.0],[-57.9642,54.0729,6.9364],[-57.9703,54.0772,0.0],[-57.9864,54.0781,14.5755],[-57.9897,54.081,0.8802],[-58.0011,54.0828,6.7082],[-58.0078,54.0859,0.0],[-58.0132,54.0847,21.3593],[-58.0216,54.0881,7.4547],[-58.0211,54.0909,0.0],[-58.0227,54.0916,1.0043],[-58.0356,54.0923,3.6575],[-58.0383,54.0947,1.2955],[-58.0467,54.0933,7.6842],[-58.05,54.0945,0.0],[-58.0583,54.0919,16.4764],[-58.0739,54.0933,27.1604],[-58.0858,54.0962,9.1476],[-58.0906,54.0992,0.0],[-58.0917,54.1016,2.7312],[-58.1026,54.1057,0.0],[-58.1078,54.1061,0.0],[-58.1181,54.1006,0.0],[-58.1311,54.1013,11.8785],[-58.1444,54.1,9.6096],[-58.1467,54.1014,0.0],[-58.1699,54.0963,0.0],[-58.175,54.0906,2.3974],[-58.1905,54.0856,0.0],[-58.1978,54.0753,7.5676],[-58.2011,54.0731,1.9557],[-58.2194,54.0661,8.8472],[-58.2294,54.0683,1.5453],[-58.234,54.0672,0.0],[-58.2395,54.0683,2.1926],[-58.2453,54.0663,5.1016],[-58.2611,54.0669,3.8279],[-58.27,54.0643,1.2751999999999999],[-58.2887,54.0653,7.7216],[-58.2937,54.0631,1.3559],[-58.295,54.0589,0.0],[-58.2986,54.0575,2.9226],[-58.3059,54.0573,2.1818],[-58.3127,54.0594,0.0],[-58.3402,54.0575,0.0],[-58.3574,54.05,19.9173],[-58.3628,54.0492,0.0],[-58.3717,54.0419,20.4238],[-58.3751,54.041,0.0],[-58.3701,54.0386,11.2414],[-58.3717,54.0356,1.4662],[-58.3883,54.0322,0.0],[-58.3949,54.0281,6.6383],[-58.4035,54.0276,0.0],[-58.4111,54.0292,0.0],[-58.4144,54.0278,0.0],[-58.4132,54.0266,0.0],[-58.4146,54.0253,5.8647],[-58.4182,54.0242,0.0],[-58.4231,54.0255,4.0543],[-58.4244,54.0295,1.3478],[-58.4473,54.0325,0.0],[-58.4622,54.0273,0.0],[-58.4633,54.0261,6.7996],[-58.4617,54.0253,3.5499],[-58.4639,54.0242,0.0],[-58.476,54.0213,0.0],[-58.4821,54.0209,0.0],[-58.4852,54.0232,0.5711],[-58.4928,54.0223,0.0],[-58.495,54.0213,0.1341],[-58.4933,54.0203,3.7981],[-58.4944,54.0197,3.7981],[-58.5044,54.0178,2.5114],[-58.5161,54.0117,4.837],[-58.536,54.0135,3.6091],[-58.545,54.0114,6.6343],[-58.5598,54.0155,0.0],[-58.5631,54.015,1.7801],[-58.5778,54.0078,0.488],[-58.5733,54.0039,2.079],[-58.5755,54.0023,0.0],[-58.5738,53.9975,3.4305],[-58.5833,53.9914,2.8492],[-58.5888,53.9909,3.3563],[-58.5994,53.9858,4.4993],[-58.6042,53.9863,7.5319],[-58.6028,53.9877,0.0],[-58.6041,53.9882,5.041],[-58.6115,53.9854,20.3379],[-58.6194,53.9847,2.3775],[-58.628,53.9806,3.2296],[-58.6698,53.9767,26.3227],[-58.6877,53.9638,4.4326],[-58.7032,53.9585,12.0847],[-58.7162,53.9583,2.1785],[-58.7172,53.9566,1.6124],[-58.7154,53.9556,1.6124],[-58.7206,53.9525,3.5633],[-58.7325,53.9529,1.7321],[-58.7401,53.9565,5.4363],[-58.7471,53.9577,2.5988],[-58.7487,53.9566,0.0],[-58.7451,53.9548,10.1275],[-58.7687,53.953,3.2711],[-58.7733,53.9512,10.2729],[-58.7948,53.9503,14.1717],[-58.8165,53.941,0.4293],[-58.8205,53.9427,0.4998],[-58.8214,53.948,0.0],[-58.8261,53.9456,0.3502],[-58.8278,53.9461,21.3054],[-58.824,53.9507,0.0],[-58.8285,53.9537,21.1129],[-58.8355,53.9523,0.0],[-58.8407,53.9488,0.0],[-58.845,53.9485,6.8627],[-58.8443,53.9501,3.1719],[-58.8456,53.9503,3.1719],[-58.8503,53.9495,9.2346],[-58.8584,53.9444,19.0381],[-58.8497,53.9423,5.5103],[-58.8592,53.9379,1.922],[-58.8606,53.9319,16.8618],[-58.8659,53.9292,0.0],[-58.8643,53.9267,0.4901],[-58.8573,53.9278,7.7382],[-58.8675,53.922,3.0447],[-58.8643,53.9216,0.664],[-58.863,53.9197,0.0],[-58.8649,53.9174,0.0],[-58.8628,53.9131,0.0],[-58.8674,53.9083,2.3771],[-58.8646,53.9048,3.0686],[-58.8634,53.8997,0.0],[-58.8639,53.8969,6.7887],[-58.8683,53.8953,7.5232],[-58.8656,53.8896,2.8082],[-58.8749,53.8881,7.9953],[-58.8816,53.8889,0.0],[-58.8839,53.8872,0.0],[-58.8908,53.8873,2.4769],[-58.8972,53.8847,8.5675],[-58.9107,53.8826,0.0],[-58.9067,53.8801,2.5937],[-58.906,53.8773,1.5531],[-58.9062,53.8745,2.6651],[-58.9099,53.8717,22.7155],[-58.9202,53.8693,4.3283],[-58.9284,53.8622,8.6486],[-58.9633,53.8517,16.271],[-58.9777,53.8422,1.6592],[-58.9772,53.8368,11.5156],[-58.9808,53.8351,5.0945],[-59.0085,53.8267,29.5765],[-59.0231,53.8251,5.6233],[-59.0355,53.8147,3.0947],[-59.04,53.8085,1.9389],[-59.056,53.8004,4.9842],[-59.0686,53.7891,0.0],[-59.0681,53.7861,1.1712],[-59.0519,53.7877,4.5632],[-59.0451,53.7833,6.044],[-59.0413,53.7729,0.7615],[-59.0455,53.7695,5.1295],[-59.0448,53.7664,4.0077],[-59.0492,53.7612,1.6676],[-59.0479,53.7591,6.7148],[-59.0387,53.7607,9.4304],[-59.0177,53.7599,2.8068],[-59.0161,53.7582,0.0],[-59.017,53.7517,3.4061],[-59.0136,53.7505,15.5489],[-59.004,53.752,0.0],[-58.99,53.7564,0.0],[-58.9902,53.7582,1.2085],[-58.9839,53.7592,12.1463],[-58.9867,53.7564,0.0],[-58.9864,53.7543,1.5425],[-58.9931,53.7525,0.0],[-58.9953,53.7499,3.7409],[-58.9796,53.7504,12.452],[-58.9821,53.7466,35.8684],[-59.0033,53.7433,14.992],[-59.0054,53.7454,17.6624],[-59.0133,53.7437,10.3881],[-59.0197,53.7409,3.9227],[-59.0228,53.7363,6.2397],[-59.022,53.7339,1.5667],[-59.0281,53.731,0.0],[-59.0233,53.7297,0.0],[-59.0206,53.7311,9.5215],[-59.0184,53.7299,3.1972],[-59.0198,53.7284,0.564],[-59.0118,53.7295,5.2978],[-59.0085,53.7276,12.5401],[-59.0155,53.7217,6.5842],[-59.02,53.7206,0.7456],[-59.0167,53.7189,2.557],[-59.0211,53.7133,8.7464],[-59.0272,53.7111,4.3241],[-59.0331,53.7123,0.0],[-59.0351,53.7131,1.1587],[-59.0358,53.717,14.2292],[-59.04,53.7173,9.8349],[-59.047,53.7209,0.7717],[-59.0642,53.7194,1.2025],[-59.0669,53.7208,2.4966],[-59.0657,53.7246,0.0],[-59.0684,53.7254,7.125],[-59.0904,53.7164,2.4403],[-59.0898,53.714,2.6769],[-59.0822,53.7078,4.9907],[-59.0767,53.7002,5.1765],[-59.0779,53.6954,10.4118],[-59.0825,53.6934,7.8794],[-59.0798,53.6907,5.1637],[-59.0815,53.6879,1.4458],[-59.0985,53.6789,0.0],[-59.1017,53.6795,4.1686],[-59.1021,53.6831,0.7988],[-59.0997,53.6847,0.0],[-59.1007,53.6857,1.4753],[-59.1195,53.6861,2.233],[-59.144,53.6809,6.2247],[-59.1697,53.6727,2.6157],[-59.1797,53.6732,1.1225],[-59.1924,53.6714,1.3549],[-59.2025,53.674,3.5758],[-59.2139,53.6833,3.4554],[-59.2132,53.6874,6.2767],[-59.2049,53.6926,0.0],[-59.214,53.6941,0.0],[-59.2278,53.6916,5.6147],[-59.2538,53.6809,0.8584],[-59.27,53.6761,2.816],[-59.2784,53.6714,4.8727],[-59.2777,53.6669,13.544],[-59.2822,53.6636,11.6619],[-59.2839,53.6645,7.7544],[-59.2806,53.6683,9.4665],[-59.2833,53.6715,11.2666],[-59.2833,53.6739,12.6081],[-59.2802,53.6789,0.2967],[-59.2752,53.6827,1.2555],[-59.2766,53.6859,1.6921],[-59.2846,53.6881,0.0],[-59.29,53.6858,3.4654],[-59.2939,53.6861,1.3082],[-59.2956,53.6869,8.7032],[-59.2939,53.6889,1.0808],[-59.2961,53.6917,13.066],[-59.3027,53.6934,3.0901],[-59.3048,53.6961,0.9673],[-59.3162,53.6968,16.9424],[-59.3243,53.6937,1.7085],[-59.3312,53.6888,0.0],[-59.3317,53.6874,0.0],[-59.3296,53.6859,5.9098],[-59.3298,53.6816,11.5474],[-59.3318,53.6801,2.2902],[-59.3319,53.675,7.6647],[-59.3336,53.6733,3.5333],[-59.3294,53.6733,1.9907],[-59.3256,53.6706,5.6076],[-59.3332,53.6617,3.7012],[-59.3495,53.6535,7.3185],[-59.3592,53.6527,2.259],[-59.3657,53.6546,3.6492],[-59.368,53.6605,0.0],[-59.3787,53.6605,0.0],[-59.3825,53.6565,14.9462],[-59.3808,53.6527,14.6818],[-59.3812,53.6453,13.7598],[-59.3877,53.6351,0.0],[-59.3917,53.6329,1.903],[-59.4229,53.6255,0.0],[-59.4273,53.6222,7.9714],[-59.4397,53.6179,6.5442],[-59.4529,53.6109,1.6293],[-59.4694,53.5944,1.0142],[-59.4748,53.5938,0.0],[-59.4783,53.5915,0.0],[-59.4809,53.5883,0.0],[-59.4791,53.5863,1.677],[-59.4821,53.5833,3.7436],[-59.4833,53.5791,0.0],[-59.4881,53.5754,11.912],[-59.4817,53.5721,17.4801],[-59.4843,53.5694,17.6292],[-59.4095,53.5359,553.0689],[-58.8538,53.725,573.6243],[-58.816,53.7687,497.229],[-58.7898,53.8763,156.8287],[-58.7666,53.8937,112.3731],[-58.7316,53.8879,155.2081],[-58.6735,53.8879,201.5819],[-58.656,53.9025,142.2273],[-58.628,53.9087,133.6358]]],
[[[-58.7112,53.9941,0.6307],[-58.7063,53.9935,0.0],[-58.7057,53.9949,0.0],[-58.7091,53.9947,5.164],[-58.7112,53.9941,0.6307]]],
[[[-58.5883,54.0011,0.0],[-58.5861,54.0033,0.0],[-58.5944,54.0014,0.7337],[-58.5927,54.0003,0.0],[-58.5883,54.0011,0.0]]],
[[[-58.8026,54.0151,0.0],[-58.8129,54.0156,0.0],[-58.8199,54.0127,2.8695],[-58.8129,54.0117,0.0],[-58.8026,54.0151,0.0]]],
[[[-58.565,54.0153,1.7801],[-58.559,54.0172,0.0],[-58.5589,54.0181,0.0],[-58.57,54.0162,0.2298],[-58.565,54.0153,1.7801]]],
[[[-58.565,54.0553,3.4429],[-58.565,54.0575,0.0],[-58.5672,54.0583,2.5026],[-58.5764,54.0549,0.0],[-58.5677,54.0555,4.5322],[-58.5656,54.0533,2.0275],[-58.5605,54.0529,0.9977],[-58.565,54.0553,3.4429]]],
[[[-58.4276,54.1188,0.0],[-58.438,54.1195,0.7961],[-58.4477,54.1159,0.0],[-58.4606,54.1144,4.7055],[-58.4651,54.1124,3.8421],[-58.4672,54.1136,0.0],[-58.4689,54.1111,7.3731],[-58.4817,54.1092,10.2265],[-58.4901,54.1098,1.2136],[-58.5028,54.105,0.0],[-58.5078,54.1019,0.0],[-58.5072,54.0992,6.1471],[-58.5404,54.0884,1.5287],[-58.5428,54.0873,1.5287],[-58.5433,54.0836,17.0075],[-58.5566,54.0784,0.9224],[-58.5605,54.0703,0.0],[-58.5578,54.0678,5.5285],[-58.5572,54.0639,6.9559],[-58.5589,54.0617,0.0],[-58.5464,54.0529,0.0],[-58.5337,54.0515,0.0],[-58.5132,54.0575,20.2382],[-58.5029,54.0563,8.9861],[-58.4844,54.0602,0.0],[-58.4806,54.0595,1.6738],[-58.4404,54.0647,0.0],[-58.4221,54.0712,0.0],[-58.4196,54.076,1.2159],[-58.4233,54.0775,10.7529],[-58.4118,54.0801,1.4001999999999999],[-58.4249,54.0831,5.7111],[-58.4159,54.0836,0.0],[-58.4123,54.0873,12.5238],[-58.4047,54.0868,0.0],[-58.396,54.0883,2.1245],[-58.3874,54.0924,0.7071],[-58.4021,54.0965,5.5424],[-58.4078,54.1044,6.7473],[-58.405,54.1047,6.3162],[-58.3931,54.0969,1.1312],[-58.3784,54.0948,0.0],[-58.3677,54.0981,0.0],[-58.3614,54.1058,1.8576],[-58.3613,54.1102,4.3304],[-58.3653,54.1119,16.5763],[-58.3711,54.1111,9.1854],[-58.3883,54.1133,9.1384],[-58.3967,54.1128,2.4895],[-58.4022,54.1089,1.1217],[-58.4078,54.1103,5.763],[-58.4128,54.1086,22.1129],[-58.4276,54.1188,0.0]]],
[[[-58.3404,54.0925,0.0],[-58.3368,54.0927,2.4442],[-58.3359,54.0935,2.2848],[-58.3373,54.0945,0.8165],[-58.3404,54.0925,0.0]]],
[[[-57.8634,54.0969,0.7554],[-57.8642,54.0957,0.7554],[-57.8628,54.0948,0.0],[-57.8556,54.0961,0.0],[-57.8577,54.0978,0.0],[-57.8634,54.0969,0.7554]]],
[[[-57.5888,54.1889,1.9613],[-57.5855,54.1897,1.9613],[-57.5966,54.1908,0.5932],[-57.5933,54.1867,0.0],[-57.5888,54.1889,1.9613]]],
[[[-57.4628,54.2006,5.7726],[-57.4599,54.2001,0.9449],[-57.4577,54.2016,2.0804],[-57.4633,54.2017,5.7726],[-57.4628,54.2006,5.7726]]],
[[[-57.4978,54.2069,0.3372],[-57.4922,54.2069,0.0],[-57.4894,54.2089,0.2973],[-57.4967,54.2103,4.2662],[-57.4978,54.2069,0.3372]]],
[[[-57.5456,54.2078,0.4868],[-57.5395,54.2091,1.3384],[-57.5417,54.2159,0.6],[-57.5433,54.2167,0.6],[-57.5472,54.2158,0.3059],[-57.5448,54.2143,3.0007],[-57.5527,54.21,2.1124],[-57.5511,54.2075,0.6363],[-57.5456,54.2078,0.4868]]],
[[[-57.6767,54.2122,5.9877],[-57.6744,54.2125,0.8822],[-57.6733,54.2137,0.0],[-57.6783,54.2136,0.0],[-57.6767,54.2122,5.9877]]],
[[[-57.526,54.2113,1.998],[-57.5171,54.2138,0.0],[-57.5249,54.2166,3.0769],[-57.5247,54.214,8.7158],[-57.5282,54.2124,0.4491],[-57.5288,54.2102,1.607],[-57.526,54.2113,1.998]]],
[[[-57.7194,54.2131,0.4106],[-57.7164,54.2156,0.0],[-57.7169,54.2166,0.4949],[-57.7306,54.2181,2.3048],[-57.7307,54.216,4.3998],[-57.7289,54.215,0.681],[-57.7194,54.2131,0.4106]]],
[[[-59.1277,53.7195,1.3794],[-59.1239,53.7209,0.0],[-59.1233,53.7233,0.0],[-59.1256,53.7239,0.0],[-59.1311,53.7197,0.4549],[-59.1419,53.7161,0.0],[-59.1378,53.715,0.0],[-59.1277,53.7195,1.3794]]],
[[[-58.9589,53.8586,0.0],[-58.9567,53.8583,0.0],[-58.955,53.8597,0.0],[-58.96,53.8589,0.0],[-58.9589,53.8586,0.0]]],
[[[-58.9057,53.9121,0.9916],[-58.9042,53.9131,0.9916],[-58.9066,53.9144,4.2533],[-58.9267,53.9116,16.6774],[-58.9336,53.9129,7.4643],[-58.9406,53.9092,2.4067],[-58.9219,53.9075,5.5794],[-58.9057,53.9121,0.9916]]],
[[[-58.997,53.9273,2.5057],[-58.9969,53.9245,2.4237],[-58.9947,53.9239,6.0782],[-58.9855,53.9266,0.2978],[-58.9906,53.9293,3.018],[-58.997,53.9273,2.5057]]],
[[[-58.9094,53.9303,27.827],[-58.915,53.93,8.4107],[-58.9089,53.9339,3.4981],[-58.9104,53.9355,28.7443],[-58.9037,53.9387,0.0],[-58.9012,53.9443,9.3352],[-58.9044,53.9464,10.3971],[-58.9104,53.9456,0.0],[-58.9163,53.9379,3.0501],[-58.9294,53.9303,13.2612],[-58.9311,53.9257,2.1365],[-58.9348,53.9242,0.0],[-58.9318,53.9232,4.7751],[-58.9316,53.9205,7.2822],[-58.9351,53.9156,0.0],[-58.9309,53.9141,9.1972],[-58.9229,53.9145,5.847],[-58.9196,53.9154,0.0],[-58.9184,53.9175,0.0],[-58.9054,53.9202,0.0],[-58.9092,53.9209,13.6249],[-58.9085,53.9216,13.6249],[-58.9,53.9228,17.8838],[-58.901,53.9241,0.0],[-58.9069,53.9241,15.5784],[-58.9057,53.9285,0.0],[-58.9094,53.9303,27.827]]],
[[[-58.8189,53.9492,1.1986],[-58.8133,53.9508,0.0],[-58.8167,53.9514,2.9009],[-58.82,53.9497,1.1986],[-58.8189,53.9492,1.1986]]],
[[[-58.8468,53.993899999999996,1.3416],[-58.8555,53.9965,8.9152],[-58.8611,53.995,0.0],[-58.8567,53.9933,3.7044],[-58.8572,53.9903,5.3916],[-58.8589,53.9894,0.1731],[-58.8535,53.9859,1.6385],[-58.8639,53.9842,0.7748],[-58.8656,53.9814,0.0],[-58.8617,53.9817,0.3819],[-58.8606,53.9836,0.0],[-58.8578,53.9837,2.7417],[-58.8562,53.9825,11.4948],[-58.8572,53.9815,4.0387],[-58.8545,53.9805,13.4629],[-58.845,53.9836,2.8123],[-58.8422,53.9822,2.8123],[-58.8597,53.9769,20.0986],[-58.8639,53.9729,0.0],[-58.8491,53.9717,0.0],[-58.8428,53.9753,6.723],[-58.8417,53.9773,0.0],[-58.8428,53.9783,19.7673],[-58.8411,53.9792,7.6032],[-58.8315,53.9766,2.0238],[-58.8282,53.9772,12.0234],[-58.8246,53.9751,0.0],[-58.808,53.9788,19.7649],[-58.8073,53.9823,2.2669],[-58.8144,53.9844,5.6867],[-58.8252,53.9849,4.8236],[-58.8318,53.9876,2.0948],[-58.8375,53.9922,0.0],[-58.8468,53.993899999999996,1.3416]]],
[[[-58.9372,53.9889,1.5134],[-58.9312,53.9886,0.0],[-58.93,53.9897,0.0],[-58.9331,53.9903,4.7295],[-58.9372,53.9889,1.5134]]],
[[[-58.8832,53.9897,2.051],[-58.8732,53.9902,0.0],[-58.8713,53.9917,3.3743],[-58.8838,53.9972,0.0],[-58.8908,53.9949,4.711],[-58.8869,53.9938,2.9195],[-58.8907,53.9921,3.6768],[-58.8909,53.9893,12.7374],[-58.8832,53.9897,2.051]]],
[[[-58.8927,53.9967,0.0],[-58.8888,53.9991,0.5308],[-58.895,53.9995,3.7281],[-58.8995,53.9964,4.2241],[-58.8973,53.9955,8.3156],[-58.8927,53.9967,0.0]]],
[[[-58.83,54.0134,0.0],[-58.8279,54.0125,6.547],[-58.8249,54.0131,0.0],[-58.8274,54.0145,0.0],[-58.83,54.0134,0.0]]],
[[[-58.8505,54.9071,3.0531],[-58.8611,54.9083,0.6179],[-58.8667,54.9047,2.3809],[-58.868899999999996,54.9011,12.8477],[-58.867,54.8986,23.0056],[-58.8733,54.8975,0.0],[-58.8728,54.8937,8.3164],[-58.8744,54.8897,0.0],[-58.8706,54.8878,0.0],[-58.868899999999996,54.8897,3.9094],[-58.8666,54.889,3.9094],[-58.861,54.8913,3.969],[-58.8578,54.8937,0.0],[-58.8575,54.897,0.0],[-58.8544,54.9003,0.217],[-58.855,54.9022,2.1482],[-58.8488,54.904,3.7929],[-58.8479,54.9055,0.0],[-58.8505,54.9071,3.0531]]],
[[[-58.9723,54.9228,0.0],[-58.9742,54.9233,5.3135],[-58.9765,54.9231,0.9089],[-58.9716,54.9218,1.449],[-58.9723,54.9228,0.0]]],
[[[-58.8222,54.9372,0.0],[-58.8289,54.9403,9.7044],[-58.8406,54.9397,0.6493],[-58.8473,54.9319,5.527],[-58.8473,54.9275,3.3857],[-58.8406,54.9247,0.0],[-58.8333,54.9258,0.0],[-58.8323,54.9281,4.0702],[-58.8235,54.9331,0.0],[-58.8222,54.9372,0.0]]],
[[[-58.8222,54.9589,6.7462],[-58.8172,54.9597,0.0],[-58.8178,54.9625,8.7376],[-58.815,54.9639,0.0],[-58.8192,54.9663,0.2692],[-58.8194,54.9681,0.0],[-58.8222,54.9687,1.8991],[-58.825,54.9661,0.9796],[-58.8239,54.9639,2.4167],[-58.825,54.9619,0.4822],[-58.8244,54.9596,0.6016],[-58.8222,54.9589,6.7462]]],
[[[-58.7644,55.0267,0.0],[-58.7639,55.0297,0.0],[-58.765,55.0303,1.4713],[-58.7627,55.0315,0.0],[-58.7624,55.0365,0.0],[-58.7692,55.0396,1.7398],[-58.7766,55.0373,2.9543],[-58.7778,55.0328,18.1439],[-58.7806,55.0314,4.0912],[-58.7833,55.0325,0.0],[-58.7872,55.0311,1.7608],[-58.7889,55.03,0.0],[-58.7893,55.0264,4.0564],[-58.7967,55.0333,2.1855],[-58.8128,55.0269,24.341],[-58.815,55.0297,0.0],[-58.8222,55.03,0.7943],[-58.8239,55.0275,0.5454],[-58.8161,55.0259,2.6375],[-58.8222,55.0223,0.0],[-58.8222,55.0189,3.6055],[-58.8278,55.015,0.0],[-58.8289,55.0117,0.3201],[-58.8333,55.0078,5.0167],[-58.8339,55.0033,38.5439],[-58.8378,54.9978,8.8525],[-58.839,54.9911,11.1478],[-58.844,54.9864,3.4823],[-58.8446,54.9839,11.4965],[-58.85,54.9831,1.544],[-58.85,54.9811,2.7623],[-58.8533,54.9792,0.0],[-58.8533,54.9769,0.2687],[-58.8628,54.9747,0.0],[-58.8639,54.9703,0.0],[-58.8578,54.9667,0.0],[-58.8456,54.9711,2.8165],[-58.8407,54.9697,0.0],[-58.839,54.9711,2.6716],[-58.839,54.9742,2.3019],[-58.8413,54.9756,16.7661],[-58.8396,54.9778,1.5064],[-58.8401,54.9803,3.3835],[-58.8352,54.9823,2.8348],[-58.8318,54.9878,9.8847],[-58.8268,54.9895,0.7756],[-58.8235,54.993899999999996,0.0],[-58.8235,54.9969,0.0],[-58.8117,55.0006,6.6518],[-58.8041,55.0057,4.5086],[-58.8037,55.0107,3.7696],[-58.8,55.0161,5.7886],[-58.7933,55.0214,6.6661],[-58.7783,55.0228,0.8505],[-58.7644,55.0267,0.0]]],
[[[-59.8665,54.1193,422.9733],[-59.8924,53.9636,365.5828],[-60.0757,53.9112,214.116],[-60.0961,53.8996,182.9303],[-60.1048,53.8821,156.2312],[-60.0961,53.8676,64.6004],[-60.1455,53.8559,140.9318],[-60.131,53.8385,146.0143],[-59.9798,53.7881,0.0],[-59.9733,53.7892,5.2767],[-59.9661,53.7867,0.0],[-59.9639,53.7887,0.1749],[-59.955,53.7889,3.0863],[-59.95,53.7873,4.395],[-59.9572,53.7853,0.5538],[-59.9489,53.7831,0.5689],[-59.9433,53.7841,3.5781],[-59.9379,53.7908,0.6269],[-59.9359,53.7911,0.6269],[-59.9333,53.7883,0.0],[-59.93,53.7875,0.0],[-59.9284,53.7899,0.0],[-59.9313,53.7922,3.135],[-59.9284,53.7943,1.3779],[-59.9222,53.7922,3.9689],[-59.9185,53.7929,1.7264],[-59.9189,53.7941,5.6758],[-59.9152,53.7939,5.2036],[-59.9153,53.7909,3.3578],[-59.9097,53.7904,0.0],[-59.9113,53.7951,3.6014],[-59.9085,53.7957,2.4667],[-59.8989,53.7926,1.3736],[-59.8951,53.7954,0.0],[-59.8856,53.7955,3.9236],[-59.8647,53.7885,0.0],[-59.8423,53.7866,0.0],[-59.8131,53.7895,0.6086],[-59.8068,53.7929,1.1963],[-59.8065,53.7963,0.9671],[-59.8022,53.7998,1.5486],[-59.8057,53.8053,8.281],[-59.8149,53.8107,0.0],[-59.8474,53.8149,2.563],[-59.8619,53.8145,0.6314],[-59.8684,53.8156,0.0],[-59.8739,53.8189,0.0],[-59.8778,53.8178,4.7731],[-59.8794,53.82,0.0],[-59.8872,53.8228,0.6956],[-59.8939,53.8194,3.8829],[-59.8967,53.8203,0.8497],[-59.8878,53.8245,1.4292],[-59.89,53.8261,2.2176],[-59.8906,53.8297,0.0],[-59.8894,53.8305,0.0],[-59.8933,53.8323,0.0],[-59.8911,53.8351,0.0],[-59.88,53.8333,0.0],[-59.8735,53.8364,0.0],[-59.87,53.8353,0.0],[-59.865,53.84,0.0],[-59.868899999999996,53.8408,0.0],[-59.8682,53.8439,2.7754],[-59.8559,53.8454,0.0],[-59.8554,53.8474,2.5548],[-59.8518,53.8491,4.1638],[-59.835,53.8436,0.0],[-59.8188,53.8464,0.0],[-59.8075,53.8437,0.0],[-59.7902,53.8452,0.3779],[-59.7755,53.8385,0.0],[-59.7719,53.8397,0.6383],[-59.7647,53.8387,0.0],[-59.7433,53.8431,3.9941],[-59.7383,53.8428,2.4672],[-59.735,53.8414,2.9049],[-59.7361,53.8383,0.0],[-59.7339,53.8351,0.0],[-59.7218,53.8306,3.9037],[-59.7013,53.8333,0.0],[-59.6861,53.8314,1.3067],[-59.6822,53.8287,1.2137],[-59.6828,53.8275,1.2137],[-59.6802,53.827,0.0],[-59.6678,53.8262,0.6178],[-59.6634,53.8274,4.2474],[-59.6476,53.8265,1.1762],[-59.6406,53.8246,0.0],[-59.625,53.8251,2.6587],[-59.6147,53.8229,0.0],[-59.5972,53.8231,1.2705],[-59.5889,53.8194,2.7711],[-59.5693,53.819,0.5685],[-59.5606,53.8219,0.0],[-59.5296,53.8248,0.0],[-59.4878,53.8312,0.0],[-59.4699,53.8366,2.663],[-59.4523,53.848,0.5257],[-59.4425,53.8499,0.0],[-59.4369,53.8542,4.2362],[-59.3921,53.8591,3.0724],[-59.36,53.8717,0.0],[-59.3583,53.8739,0.0],[-59.3628,53.8781,2.1182],[-59.3572,53.8819,0.0],[-59.3356,53.8881,0.0],[-59.3174,53.8965,0.9703],[-59.2633,53.9098,0.0],[-59.1897,53.9345,1.8863],[-59.1062,53.95,0.0],[-59.1013,53.9521,7.63],[-59.0911,53.9521,4.3264],[-59.0553,53.9445,1.0034],[-59.0413,53.9497,3.8078],[-59.0328,53.9487,0.0],[-59.0208,53.9519,0.0],[-59.0076,53.9586,0.0],[-58.9774,53.9667,0.0],[-58.9603,53.9792,0.0],[-58.9585,53.9828,7.354],[-58.9601,53.9849,0.9208],[-58.9562,53.9863,0.6767],[-58.96,53.9867,3.6191],[-58.9606,53.9884,0.0],[-58.95,53.9906,3.2791],[-58.945,53.993899999999996,0.0],[-58.9494,53.9953,5.3791],[-58.9478,53.9969,6.6993],[-58.9511,53.9986,2.6604],[-58.9483,54.0019,1.5238],[-58.9348,54.0015,0.0],[-58.9315,54.0043,4.4467],[-58.9371,54.0078,2.6869],[-58.9362,54.0178,6.2907],[-58.942,54.0201,5.8519],[-58.9646,54.0216,2.3067],[-58.9724,54.0206,0.0],[-58.9851,54.023,1.7164],[-59.0169,54.021,2.4973],[-59.0317,54.0233,2.3997],[-59.0353,54.0207,2.1311],[-59.0549,54.0171,0.0],[-59.0627,54.0219,8.8986],[-59.0632,54.0253,6.0412],[-59.062,54.0263,0.9224],[-59.0529,54.0276,2.2819],[-59.0469,54.0302,0.0],[-59.0244,54.032,0.0],[-58.9781,54.0441,7.6783],[-58.9622,54.0464,4.6125],[-58.9223,54.0436,0.0561],[-58.914,54.0415,0.0],[-58.9161,54.0429,0.0562],[-58.9142,54.0431,0.0562],[-58.9059,54.0395,0.0],[-58.8995,54.0423,0.5037],[-58.8882,54.0416,0.0],[-58.8845,54.0437,0.0],[-58.8735,54.0426,0.0],[-58.872,54.0435,0.0],[-58.8732,54.0443,0.1656],[-58.867,54.0442,0.9514],[-58.8574,54.0419,0.0509],[-58.8326,54.0403,0.0],[-58.8225,54.0369,0.0],[-58.8025,54.0369,0.0],[-58.77,54.0281,2.9319],[-58.7301,54.0267,0.0],[-58.7235,54.0278,5.7911],[-58.7188,54.0261,4.0096],[-58.7113,54.0277,8.0259],[-58.706,54.0268,0.0],[-58.6948,54.0281,0.0],[-58.6632,54.0361,7.0863],[-58.6572,54.0353,0.7058],[-58.6556,54.0328,0.0],[-58.6513,54.0319,0.0],[-58.6289,54.0356,4.9553],[-58.6227,54.0399,0.0],[-58.6128,54.0392,3.4867],[-58.5937,54.0494,6.0379],[-58.586,54.0504,0.0],[-58.5826,54.0524,0.0],[-58.5948,54.0541,2.0242],[-58.5961,54.0549,3.4885],[-58.5955,54.0577,1.0508],[-58.5932,54.0595,6.408],[-58.5817,54.0599,0.0],[-58.574,54.0649,2.001],[-58.5705,54.0708,0.0],[-58.5765,54.0732,4.4256],[-58.577,54.0747,2.5763],[-58.5684,54.0768,0.0],[-58.5699,54.0795,0.9386],[-58.5678,54.0842,1.3312],[-58.5622,54.0886,0.0],[-58.542,54.1001,0.0],[-58.5173,54.1092,0.0],[-58.526,54.1142,0.4598],[-58.5473,54.1184,3.5953],[-58.5483,54.1203,3.2345],[-58.5244,54.1242,6.0172],[-58.5202,54.123,0.0],[-58.5044,54.1283,0.8938],[-58.505,54.1303,6.2816],[-58.4991,54.134,8.0603],[-58.4623,54.1423,7.8585],[-58.4427,54.1517,0.0],[-58.4433,54.1556,1.8],[-58.4472,54.1594,7.7696],[-58.4461,54.1625,4.1472],[-58.4439,54.1636,0.5937],[-58.4461,54.1664,4.6079],[-58.4411,54.1698,4.4758],[-58.4458,54.1735,78.8195],[-58.4421,54.1823,75.681],[-58.4339,54.1869,72.99],[-58.4216,54.1878,3.3744],[-58.4126,54.1925,37.9933],[-58.4093,54.1951,0.7539],[-58.4122,54.2003,22.7902],[-58.3989,54.2083,0.0],[-58.395,54.2147,2.307],[-58.39,54.2172,2.5246],[-58.3894,54.2192,14.3651],[-58.3794,54.2239,2.9135],[-58.3794,54.2267,4.5614],[-58.3833,54.2283,3.8338],[-58.39,54.2275,0.0],[-58.4082,54.2299,0.6224],[-58.4261,54.2275,7.31],[-58.4394,54.2197,2.6902],[-58.4535,54.2073,0.0],[-58.4759,54.1987,20.3324],[-58.5147,54.1965,4.428],[-58.5368,54.1917,8.7213],[-58.5487,54.1924,0.0],[-58.5557,54.1911,3.5582],[-58.5918,54.1801,15.9867],[-58.6078,54.1675,0.0],[-58.6328,54.1556,0.0],[-58.6635,54.1469,5.6347],[-58.6729,54.1466,0.0],[-58.6822,54.1439,0.0],[-58.6894,54.1442,0.0],[-58.7033,54.1386,0.0],[-58.7018,54.1363,5.0051],[-58.6935,54.1349,6.4781],[-58.6764,54.1251,0.1373],[-58.6561,54.1236,0.085],[-58.6439,54.1255,12.1419],[-58.6278,54.1231,1.3775],[-58.63,54.1214,2.9039],[-58.6433,54.1208,1.3476],[-58.6522,54.1228,0.9928],[-58.6644,54.1214,3.1752],[-58.6837,54.1248,0.8891],[-58.6929,54.1245,1.659],[-58.6996,54.1218,5.9075],[-58.7056,54.1217,4.7771],[-58.7179,54.1251,3.4491],[-58.7424,54.1264,1.1783],[-58.7446,54.1273,1.418],[-58.7422,54.1314,0.0],[-58.7444,54.1322,0.0],[-58.7594,54.1275,0.8874],[-58.7844,54.1239,0.0],[-58.7943,54.1178,2.8286],[-58.7987,54.1111,7.2552],[-58.8053,54.1084,3.3443],[-58.8155,54.1076,0.0],[-58.837,54.1011,7.6143],[-58.8553,54.0979,10.6945],[-58.8713,54.0932,6.8279],[-58.8755,54.0905,0.0],[-58.8818,54.0907,0.0],[-58.8991,54.0865,6.1168],[-58.9031,54.0841,1.281],[-58.9072,54.0849,4.5494],[-58.9292,54.0827,2.464],[-58.9486,54.0763,5.1766],[-58.9694,54.0745,3.9621],[-58.9817,54.0711,2.4539],[-58.9905,54.0717,0.0],[-58.9916,54.0711,0.0],[-58.9861,54.0703,5.6736],[-58.9894,54.0689,0.4527],[-58.985,54.0681,6.656],[-59.0039,54.0629,7.1642],[-59.0363,54.0595,4.1617],[-59.044,54.0593,2.2397],[-59.0546,54.0622,0.0],[-59.0923,54.0601,17.6389],[-59.1285,54.0557,0.0],[-59.1512,54.0491,0.0],[-59.16,54.05,6.4347],[-59.2232,54.0373,0.0],[-59.237,54.0333,4.2025],[-59.2515,54.0265,8.0614],[-59.2685,54.0236,4.0949],[-59.3402,54.0057,0.0],[-59.3577,54.0031,3.132],[-59.3622,53.9992,5.1592],[-59.3698,54.0014,0.7953],[-59.3723,53.9985,9.2103],[-59.3874,53.9958,1.3896],[-59.3982,53.9969,8.6541],[-59.4057,53.9956,1.7587],[-59.4309,53.999,0.0],[-59.4456,53.9986,12.3991],[-59.4561,54.0017,1.0905],[-59.468,53.9974,0.0],[-59.4755,53.9973,0.0],[-59.4778,53.9947,5.5415],[-59.5194,53.9886,3.4782],[-59.5225,53.9899,5.6828],[-59.5241,53.993899999999996,3.0435],[-59.5211,54.0,0.0],[-59.5146,54.0067,0.0],[-59.5151,54.0103,18.216],[-59.517,54.012,8.671],[-59.5322,54.0158,0.0],[-59.5403,54.014,0.4995],[-59.5591,54.0173,0.0],[-59.5648,54.0162,4.5407],[-59.5817,54.018,8.6387],[-59.5873,54.02,7.6185],[-59.5901,54.0242,0.2524],[-59.586,54.0273,4.2495],[-59.5805,54.0287,0.0472],[-59.5733,54.0262,-0.0384],[-59.5694,54.0281,0.0],[-59.57,54.0297,0.2904],[-59.5667,54.0322,0.2572],[-59.5678,54.0342,2.3381],[-59.5573,54.0362,2.9893],[-59.5244,54.0337,0.0],[-59.5222,54.0359,4.657],[-59.515,54.035,0.0],[-59.5111,54.0371,4.4789],[-59.5066,54.0369,0.2596],[-59.5033,54.0342,0.9654],[-59.5027,54.0314,0.0],[-59.5,54.0339,3.7623],[-59.4921,54.0343,4.1819],[-59.4838,54.0292,1.4369],[-59.466,54.0249,0.0],[-59.4615,54.0261,5.3168],[-59.4595,54.0245,0.0],[-59.4567,54.0264,2.0131],[-59.4508,54.0255,0.0],[-59.4426,54.0285,1.3324],[-59.435,54.0258,2.1003],[-59.4217,54.0309,5.0248],[-59.4017,54.0278,3.4352],[-59.3874,54.034,7.8497],[-59.3614,54.0389,3.6364],[-59.3211,54.0545,1.5005],[-59.3172,54.0533,0.0],[-59.3115,54.0543,0.5921],[-59.3071,54.0585,0.2647],[-59.2797,54.0689,7.7448],[-59.2617,54.0725,4.1129],[-59.2395,54.0811,3.6785],[-59.2193,54.0826,5.0192],[-59.18,54.0897,2.6269],[-59.1635,54.0906,5.6511],[-59.1465,54.096,1.3331],[-59.112,54.0985,0.0],[-59.0874,54.1041,5.523],[-59.0689,54.105,0.0],[-59.0661,54.1036,0.0],[-59.0433,54.1088,3.2613],[-59.0299,54.1081,0.5224],[-59.0237,54.1119,1.6396],[-59.0,54.118899999999996,4.7718],[-58.9958,54.1181,0.3409],[-58.9786,54.1209,2.241],[-58.9744,54.1234,0.0],[-58.9626,54.126,1.3719],[-58.9315,54.1286,0.0],[-58.9241,54.1315,0.5422],[-58.9211,54.136,1.7445],[-58.9166,54.1381,0.0],[-58.8986,54.1424,3.1052],[-58.8681,54.1456,3.7],[-58.8368,54.1457,0.3046],[-58.8249,54.1381,1.559],[-58.8094,54.1321,3.8073],[-58.8023,54.1317,0.8295],[-58.7885,54.1335,0.0],[-58.7711,54.1389,9.1207],[-58.7564,54.1402,0.0],[-58.7455,54.1438,14.274],[-58.7272,54.1424,4.0081],[-58.6961,54.1465,1.0645],[-58.6856,54.1492,0.7645],[-58.6771,54.155,1.1166],[-58.6656,54.1571,23.4547],[-58.6583,54.1567,0.0],[-58.6488,54.1595,6.6056],[-58.6455,54.1589,7.2046],[-58.6287,54.1651,2.0868],[-58.5984,54.1858,14.9234],[-58.5983,54.1896,4.8861],[-58.5906,54.1911,1.4708],[-58.5864,54.1938,1.7194],[-58.5918,54.1965,2.0254],[-58.5905,54.1984,0.1281],[-58.5741,54.2069,0.0],[-58.5659,54.2084,0.0],[-58.5306,54.2088,6.5008],[-58.5078,54.2126,1.9299],[-58.4933,54.2114,0.0],[-58.4883,54.2125,6.4541],[-58.4722,54.2197,0.5063],[-58.4718,54.2214,1.0583],[-58.4741,54.2234,2.7607],[-58.4731,54.2244,1.0106],[-58.4656,54.2261,0.0],[-58.4398,54.2384,0.0],[-58.4172,54.2411,6.6335],[-58.415,54.2389,4.528],[-58.3993,54.2351,1.7948],[-58.3775,54.2405,24.5588],[-58.3556,54.2414,0.0],[-58.35,54.2431,4.0881],[-58.335,54.2394,2.3339],[-58.3161,54.2428,11.4911],[-58.3067,54.2421,8.1613],[-58.2939,54.2456,27.278199999999998],[-58.286,54.2436,0.0],[-58.2516,54.2453,0.0],[-58.2328,54.2497,1.1244],[-58.2228,54.2541,0.0],[-58.2267,54.2556,0.8928],[-58.2289,54.2586,0.0],[-58.2411,54.2626,0.0],[-58.237,54.2654,0.0],[-58.2402,54.2686,0.7535],[-58.2507,54.2701,4.5558],[-58.2613,54.2741,1.169],[-58.2617,54.2778,0.3663],[-58.2655,54.2789,0.9915],[-58.2628,54.2797,0.4876],[-58.2613,54.2827,2.1453],[-58.243899999999996,54.2853,0.2995],[-58.2198,54.2931,1.8036],[-58.2024,54.2954,0.4903],[-58.1894,54.2925,3.6043],[-58.1811,54.2944,3.1929],[-58.18,54.2936,0.0],[-58.1823,54.2914,1.9081],[-58.1805,54.2909,1.9081],[-58.1739,54.2919,0.0],[-58.1694,54.2933,0.9714],[-58.17,54.2945,0.9076],[-58.165,54.2989,2.8357],[-58.1576,54.3004,0.0],[-58.15,54.3047,0.8158],[-58.128,54.3087,0.0],[-58.126,54.3118,0.0],[-58.1182,54.3147,2.4424],[-58.1008,54.316,0.6921],[-58.0906,54.3217,0.0456],[-58.095,54.3242,-0.0018],[-58.0978,54.3225,1.4873],[-58.107,54.3247,0.7253],[-58.1457,54.3221,0.0],[-58.1851,54.3168,3.8034],[-58.1984,54.3171,1.0133],[-58.2067,54.32,2.7712],[-58.2406,54.3136,1.7476],[-58.2489,54.3172,0.3129],[-58.2461,54.3195,0.1784],[-58.2506,54.3214,0.4994],[-58.2483,54.3231,0.5193],[-58.2494,54.3264,0.4195],[-58.2461,54.3286,0.4498],[-58.2461,54.3309,1.5593],[-58.2372,54.3347,2.3186],[-58.2183,54.3314,0.934],[-58.2092,54.3337,0.4903],[-58.1773,54.3367,0.0],[-58.176,54.3375,2.8706],[-58.1796,54.34,2.1758],[-58.1941,54.3392,0.9943],[-58.1995,54.3419,0.6598],[-58.2167,54.3455,0.4314],[-58.203,54.3464,0.0],[-58.1915,54.3573,2.4178],[-58.1751,54.3631,1.6756],[-58.1643,54.3645,2.344],[-58.1499,54.3634,0.0],[-58.1451,54.3653,0.7983],[-58.1393,54.3703,0.0],[-58.1339,54.3693,0.837],[-58.1308,54.3714,1.4085],[-58.1139,54.3743,2.6027],[-58.1051,54.3774,3.7523],[-58.0894,54.3775,0.8556],[-58.0894,54.382,1.6881],[-58.0839,54.3844,2.3413],[-58.08,54.3806,2.9713],[-58.0683,54.3839,0.0],[-58.0722,54.3847,1.4358],[-58.0688,54.3863,1.7059],[-58.0632,54.3857,1.5216],[-58.058,54.3812,1.4122],[-58.049,54.3778,1.8528],[-58.0487,54.3761,3.8625],[-58.0527,54.3719,4.9474],[-58.0525,54.3697,3.0339],[-58.0441,54.3686,0.0],[-58.0311,54.3733,0.6847],[-58.0133,54.3764,1.5062],[-58.0109,54.3774,3.252],[-58.0093,54.3807,3.2625],[-58.0036,54.382,0.4199],[-58.0,54.3806,1.9653],[-57.9858,54.38,3.4051],[-57.9767,54.3769,0.0],[-57.9575,54.377,0.0],[-57.9447,54.3829,0.0],[-57.9453,54.3856,4.9996],[-57.9405,54.3899,0.0],[-57.9345,54.3901,0.4252],[-57.9296,54.3865,0.0],[-57.9265,54.3871,1.2397],[-57.9279,54.3904,0.1026],[-57.9259,54.3928,5.9955],[-57.9162,54.3911,0.9064],[-57.9042,54.392,0.0],[-57.8942,54.3961,2.494],[-57.886,54.3981,0.7048],[-57.8799,54.3973,0.0],[-57.8749,54.3995,2.1503],[-57.8714,54.3979,0.3614],[-57.8641,54.3994,1.4061],[-57.8608,54.3973,1.3588],[-57.8647,54.3897,2.8492],[-57.8681,54.3886,4.4075],[-57.8708,54.3836,8.3],[-57.8714,54.3814,2.5414],[-57.8695,54.3795,1.5054],[-57.8592,54.3725,2.4299],[-57.8418,54.3697,1.2743],[-57.83,54.3703,0.0],[-57.8222,54.3728,0.2767],[-57.8294,54.3739,1.1215],[-57.8283,54.3764,4.0917],[-57.8219,54.3797,0.0],[-57.8206,54.3824,1.1025],[-57.8141,54.3827,0.0],[-57.8178,54.3842,3.8453],[-57.8156,54.3859,8.5303],[-57.7989,54.3897,1.9873],[-57.7948,54.3875,5.6664],[-57.7892,54.3803,0.0],[-57.7403,54.3801,3.0755],[-57.7339,54.3764,0.7289],[-57.7117,54.372,0.7151],[-57.7047,54.3683,1.265],[-57.6767,54.3781,0.6932],[-57.6717,54.3761,0.7819],[-57.6589,54.3778,1.0151],[-57.6511,54.3757,1.5865],[-57.6358,54.3763,0.0],[-57.6236,54.3845,0.0],[-57.6153,54.3877,4.1753],[-57.6022,54.3833,0.0],[-57.5944,54.3894,0.3074],[-57.5951,54.3916,2.3605],[-57.6017,54.3925,0.0],[-57.6074,54.3897,17.047],[-57.6133,54.3925,1.5499],[-57.6056,54.3969,0.6158],[-57.6078,54.4009,10.62],[-57.6034,54.4023,0.8825],[-57.6,54.4081,1.3205],[-57.5933,54.4107,9.8656],[-57.5797,54.4084,0.0],[-57.5635,54.4105,13.8157],[-57.5411,54.4209,10.7937],[-57.5339,54.4225,2.8432],[-57.5274,54.4274,16.7262],[-57.5189,54.4272,5.8386],[-57.5072,54.4322,0.4038],[-57.5436,54.4386,8.9666],[-57.5514,54.4459,1.2951],[-57.543,54.4503,0.0],[-57.5483,54.4544,9.5324],[-57.5461,54.4567,4.1275],[-57.5276,54.4543,4.2872],[-57.5208,54.45,0.8467],[-57.5189,54.4506,0.0],[-57.52,54.4519,1.9122],[-57.5167,54.4547,3.057],[-57.5089,54.4525,2.5133],[-57.5026,54.4535,0.0],[-57.5025,54.4547,0.1009],[-57.5102,54.4561,0.7009],[-57.5086,54.4575,2.3972],[-57.5,54.4578,0.0],[-57.4908,54.4628,1.317],[-57.4992,54.4675,0.9431],[-57.5123,54.4691,0.0],[-57.5125,54.471,0.0992],[-57.5111,54.4716,0.0992],[-57.4978,54.4733,2.644],[-57.4715,54.4679,1.8969],[-57.4674,54.4653,11.9218],[-57.4674,54.4609,7.5759],[-57.4735,54.4584,23.4155],[-57.4745,54.4555,3.5015],[-57.455,54.4483,1.7396],[-57.455,54.4433,0.545],[-57.4481,54.4411,1.1575],[-57.4395,54.4431,0.2322],[-57.4424,54.4461,0.0],[-57.434,54.4512,3.8663],[-57.4394,54.4535,10.3562],[-57.4393,54.4554,1.1178],[-57.4228,54.455,2.0084],[-57.4106,54.4621,1.5649],[-57.4215,54.4652,13.9961],[-57.4269,54.4695,4.6675],[-57.4641,54.4749,12.2251],[-57.4748,54.4796,0.0],[-57.4915,54.4814,6.6684],[-57.5115,54.4795,7.6451],[-57.5144,54.4783,10.1201],[-57.514,54.4739,1.6916],[-57.5164,54.4726,1.1375],[-57.5223,54.4739,-0.0106],[-57.5505,54.474,0.0],[-57.5695,54.4691,1.0993],[-57.5729,54.4711,1.0377],[-57.5745,54.4755,0.2788],[-57.5868,54.4753,5.4735],[-57.5952,54.4715,2.1305],[-57.6132,54.4721,0.0],[-57.6217,54.4698,4.4212],[-57.6344,54.4694,0.4845],[-57.6456,54.4647,1.4892],[-57.6522,54.4659,0.2526],[-57.6584,54.4645,1.3091],[-57.6975,54.4659,0.9468],[-57.7015,54.4649,0.8291],[-57.7028,54.4614,4.8735],[-57.7061,54.4633,0.0],[-57.6955,54.4731,0.0],[-57.7014,54.4778,3.23],[-57.7006,54.4786,3.23],[-57.7033,54.4822,13.0057],[-57.6956,54.4833,5.8658],[-57.69,54.4819,0.0],[-57.6828,54.4853,0.0],[-57.66,54.4889,4.8171],[-57.6509,54.4891,5.1523],[-57.6405,54.4855,3.0015],[-57.6311,54.4859,10.0644],[-57.6279,54.484,3.3422],[-57.6166,54.4831,0.0],[-57.5989,54.4869,0.9144],[-57.5677,54.4901,0.0],[-57.5655,54.4917,4.8144],[-57.5556,54.4861,4.3451],[-57.5502,54.4853,0.0],[-57.5182,54.4893,7.0376],[-57.4378,54.4897,0.0],[-57.4033,54.4943,0.0],[-57.402,54.4978,0.5144],[-57.3914,54.5005,0.0],[-57.3942,54.5031,1.5246],[-57.3919,54.5055,3.0427],[-57.3881,54.5036,0.0],[-57.3781,54.5089,0.0],[-57.3783,54.5114,0.0],[-57.3817,54.5125,0.0931],[-57.3843,54.5156,0.1826],[-57.3988,54.5195,0.1643],[-57.3944,54.5244,1.1746],[-57.3842,54.5279,0.0],[-57.3832,54.5325,0.0],[-57.3853,54.5336,1.7545],[-57.3853,54.5425,0.0],[-57.387,54.5456,1.7381],[-57.3844,54.5508,0.0684],[-57.3938,54.5503,6.0666],[-57.4027,54.5527,0.0],[-57.4033,54.5561,0.0],[-57.4013,54.5608,0.9054],[-57.3916,54.5591,5.5155],[-57.3856,54.5548,0.5487],[-57.3789,54.5537,0.0],[-57.3656,54.5597,9.9058],[-57.3611,54.5636,0.4075],[-57.3578,54.5695,0.7922],[-57.3495,54.5745,0.0],[-57.3469,54.5787,0.0],[-57.3361,54.5809,1.5748],[-57.3461,54.5845,0.2014],[-57.3555,54.5847,2.1817],[-57.3583,54.5861,0.0],[-57.3601,54.5914,0.0],[-57.3662,54.5969,6.8444],[-57.3733,54.5997,1.687],[-57.3836,54.5984,4.9237],[-57.387,54.6022,0.0],[-57.4022,54.5939,0.1581],[-57.4022,54.5881,5.3373],[-57.4044,54.587,1.3693],[-57.4034,54.5851,8.5731],[-57.4052,54.5827,4.436],[-57.4164,54.5817,10.0041],[-57.4189,54.5909,0.5986],[-57.4223,54.5951,0.5201],[-57.4259,54.5964,0.8097],[-57.425,54.5986,0.0],[-57.4347,54.5974,1.8518],[-57.4373,54.5993,0.0],[-57.4272,54.6089,0.0],[-57.4343,54.6106,0.0],[-57.4319,54.6136,0.0],[-57.4239,54.6145,4.8187],[-57.4203,54.6159,12.9486],[-57.4183,54.6186,3.3404],[-57.4078,54.6208,0.0],[-57.4096,54.6219,7.8667],[-57.4172,54.62,0.1845],[-57.4236,54.6229,0.9062],[-57.4311,54.6233,7.1565],[-57.4506,54.62,14.9032],[-57.4561,54.6208,3.5438],[-57.4606,54.6258,0.454],[-57.4605,54.6289,0.0],[-57.4642,54.6314,1.4419],[-57.4636,54.6328,2.1104],[-57.4586,54.6351,0.1995],[-57.4594,54.6378,0.9734],[-57.455,54.6395,1.3113],[-57.4509,54.6437,0.0],[-57.4439,54.6442,2.2532],[-57.4405,54.6475,0.0],[-57.44,54.6514,0.1039],[-57.4466,54.6567,0.7176],[-57.4572,54.6586,3.4249],[-57.5033,54.6589,0.1588],[-57.5126,54.6573,2.9094],[-57.513,54.6558,2.2301],[-57.5256,54.6564,0.0],[-57.5277,54.6539,0.0345],[-57.538,54.6531,7.9017],[-57.5399,54.6558,12.5049],[-57.5325,54.6606,0.4435],[-57.5321,54.6634,1.1614],[-57.5589,54.6639,0.0],[-57.5666,54.6603,0.0],[-57.5677,54.6578,22.7775],[-57.5833,54.6547,0.0],[-57.5837,54.6515,0.0],[-57.5767,54.6478,2.1309],[-57.5835,54.6417,0.0],[-57.5886,54.6415,2.0599],[-57.6016,54.6451,26.5708],[-57.625,54.6428,1.3506],[-57.6314,54.6399,3.4004],[-57.6311,54.6356,1.1028],[-57.629,54.6338,1.8828],[-57.645,54.6297,5.3028],[-57.6756,54.6314,2.2417],[-57.6842,54.6343,0.0],[-57.7007,54.6363,5.9639],[-57.7206,54.6427,0.0],[-57.7217,54.6419,0.0],[-57.7177,54.6389,1.3718],[-57.7242,54.6403,6.8539],[-57.7231,54.6442,1.8847],[-57.7305,54.6503,1.635],[-57.7305,54.6523,6.5382],[-57.7267,54.6539,2.8151],[-57.7255,54.6603,4.0065],[-57.7283,54.6631,0.2385],[-57.7375,54.667,9.1683],[-57.7414,54.6742,4.8282],[-57.7415,54.6777,5.9301],[-57.7387,54.6811,3.2185],[-57.7342,54.6836,0.0],[-57.7256,54.6839,6.7815],[-57.725,54.6861,3.6077],[-57.7267,54.6878,0.894],[-57.7412,54.6869,1.9976],[-57.7439,54.6886,6.75],[-57.7489,54.6886,1.3237],[-57.7498,54.6847,3.9891],[-57.7478,54.6819,1.0348],[-57.7539,54.6789,1.4609],[-57.7669,54.6767,5.4771],[-57.7756,54.6778,2.584],[-57.7833,54.6808,4.5102],[-57.7883,54.6869,0.0],[-57.7856,54.6903,0.0],[-57.7853,54.6956,0.2747],[-57.7875,54.6978,1.1223],[-57.7858,54.7003,0.0],[-57.7927,54.7038,0.5235],[-57.7936,54.7063,8.0838],[-57.7917,54.7081,0.9877],[-57.7939,54.712,2.9684],[-57.7992,54.7143,0.734],[-57.8286,54.7137,6.2223],[-57.8383,54.7223,9.4057],[-57.8382,54.7241,7.4179],[-57.8428,54.7292,19.3628],[-57.8433,54.7361,11.6234],[-57.84,54.7364,0.3858],[-57.8383,54.7389,3.5529],[-57.8439,54.7417,2.1579],[-57.8567,54.7425,1.1836],[-57.8616,54.7443,0.3633],[-57.8716,54.7398,5.506],[-57.8783,54.7386,16.8777],[-57.8861,54.7419,3.8359],[-57.8899,54.7414,4.4602],[-57.8922,54.7489,0.7548],[-57.8961,54.7489,0.0],[-57.9033,54.7467,5.9431],[-57.9094,54.7403,6.8361],[-57.9154,54.7398,1.2233],[-57.9342,54.7461,2.2692],[-57.9353,54.7473,6.5365],[-57.9344,54.7488,0.3961],[-57.9373,54.7509,0.8986],[-57.9425,54.7512,4.0095],[-57.9636,54.742,2.2121],[-57.9754,54.7425,0.5211],[-57.9831,54.7381,1.4612],[-57.9838,54.7357,3.0715],[-57.9947,54.7261,1.442],[-57.9936,54.7248,1.0071],[-57.9858,54.7266,0.4821],[-57.982,54.7244,0.797],[-57.9813,54.7195,0.768],[-57.9839,54.7178,9.0363],[-57.9906,54.7206,0.0],[-58.0011,54.7203,5.2732],[-58.0111,54.7147,3.9572],[-58.0122,54.7153,3.9572],[-58.0113,54.7165,0.9256],[-58.0161,54.7192,0.5613],[-58.0188,54.7185,5.3879],[-58.0235,54.7209,1.3817],[-58.0111,54.7291,4.2988],[-58.0095,54.7323,1.2036],[-58.0091,54.7348,1.0368],[-58.0144,54.7373,0.3298],[-58.0133,54.7383,0.3298],[-58.0144,54.7408,-0.2198],[-58.0117,54.743,-0.3114],[-58.0127,54.743899999999996,-0.6272],[-58.0211,54.7414,2.8365],[-58.0239,54.7378,3.0626],[-58.0378,54.7411,0.0],[-58.0489,54.7353,1.7664],[-58.0514,54.7325,0.7262],[-58.0644,54.7306,1.1994],[-58.0678,54.7292,1.8986],[-58.0689,54.7267,2.6009],[-58.075,54.7247,1.4016],[-58.0761,54.7255,12.4419],[-58.0722,54.7275,0.6705],[-58.0722,54.7294,1.6492],[-58.0689,54.7314,0.6709],[-58.0677,54.7341,0.5604],[-58.075,54.7369,5.3685],[-58.0711,54.7381,0.3675],[-58.0711,54.7397,8.7807],[-58.0672,54.7411,0.0],[-58.0656,54.7436,0.1348],[-58.0856,54.7369,5.0148],[-58.0883,54.7386,1.3443],[-58.0917,54.7383,6.7266],[-58.1005,54.745,0.352],[-58.107,54.7423,1.1234],[-58.1209,54.7414,2.6599],[-58.1309,54.743899999999996,0.0],[-58.1477,54.743899999999996,0.0],[-58.1513,54.7481,1.3137],[-58.1573,54.7459,1.6861],[-58.1622,54.7475,0.5422],[-58.1933,54.7461,1.0404],[-58.185,54.7511,0.0],[-58.1939,54.7542,0.2145],[-58.1872,54.7558,0.5808],[-58.1844,54.7592,-0.0486],[-58.1861,54.7603,2.1688],[-58.1845,54.7617,0.2355],[-58.1811,54.7611,0.0223],[-58.1761,54.7639,3.8548],[-58.1633,54.7639,3.4677],[-58.155,54.7617,2.5916],[-58.1672,54.7539,0.4214],[-58.1689,54.7517,0.1615],[-58.1667,54.7509,1.8002],[-58.1583,54.7553,0.0],[-58.1554,54.7593,3.6207],[-58.135,54.7633,0.5537],[-58.1311,54.7603,0.0],[-58.1261,54.7619,0.0],[-58.1261,54.7583,3.2706],[-58.1278,54.7572,3.2706],[-58.1267,54.7564,1.2123],[-58.113,54.7605,3.5081],[-58.0962,54.7586,0.0301],[-58.0844,54.7553,3.9364],[-58.0806,54.7525,1.5],[-58.0647,54.7532,0.2658],[-58.0556,54.7556,3.9284],[-58.04,54.7523,3.3386],[-58.0253,54.7538,2.7054],[-58.0089,54.7606,1.1959],[-58.0044,54.7644,0.0],[-58.0066,54.7698,1.6423],[-58.005,54.7717,2.491],[-58.0028,54.7728,2.3361],[-58.0,54.7711,0.0],[-57.9916,54.7729,0.0],[-57.9943,54.7755,0.4459],[-57.9909,54.7784,0.0996],[-57.976,54.7775,1.2096],[-57.9733,54.7789,0.0],[-57.975,54.7814,0.6657],[-57.9693,54.7853,0.584],[-57.9616,54.7837,0.0],[-57.9466,54.785,0.0],[-57.9367,54.7892,6.4197],[-57.9239,54.785,0.0],[-57.9106,54.7892,3.7345],[-57.8989,54.7842,3.0627],[-57.8861,54.7856,8.99],[-57.868,54.7919,0.0],[-57.8677,54.7971,1.1145],[-57.8654,54.8009,4.2287],[-57.8672,54.8047,0.3311],[-57.8644,54.8075,8.2034],[-57.856,54.8091,29.1251],[-57.8472,54.8086,0.0],[-57.84,54.8122,2.621],[-57.8383,54.818,18.0672],[-57.8398,54.8308,0.0],[-57.8561,54.8331,0.0],[-57.8633,54.8409,0.3754],[-57.8738,54.8377,1.8419],[-57.8791,54.8345,1.3001],[-57.8811,54.8309,26.2989],[-57.8794,54.8217,0.6781],[-57.8767,54.8178,5.2446],[-57.8759,54.8068,0.0],[-57.8728,54.8031,2.0418],[-57.8728,54.8014,3.34],[-57.8778,54.7981,1.2522],[-57.8847,54.8016,2.0405],[-57.8989,54.8128,3.3076],[-57.9024,54.8141,0.904],[-57.9059,54.8127,5.4508],[-57.9086,54.8144,3.8682],[-57.912,54.8268,3.2634],[-57.9194,54.83,7.8891],[-57.9136,54.8378,0.0],[-57.9166,54.8384,9.4683],[-57.9217,54.8373,0.0],[-57.9266,54.8326,0.0],[-57.9394,54.8264,0.2946],[-57.9417,54.8225,1.0134],[-57.9461,54.8206,0.0],[-57.9516,54.8091,1.449],[-57.9711,54.7894,2.8182],[-57.9817,54.7892,0.0],[-57.9857,54.7873,0.1895],[-57.9901,54.7883,0.1116],[-57.9934,54.7861,1.2492],[-57.9972,54.7864,1.0065],[-57.993899999999996,54.7911,1.1874],[-57.9962,54.7922,1.0664],[-57.9955,54.7948,1.0691],[-57.9889,54.7945,1.1537],[-57.9891,54.7927,1.307],[-57.986,54.7902,0.0],[-57.9846,54.7916,0.0704],[-57.985,54.7946,0.0],[-57.9875,54.7972,0.9186],[-57.9867,54.8069,4.5399],[-57.98,54.8079,0.1584],[-57.9789,54.8061,2.1751],[-57.9751,54.8059,0.0],[-57.9768,54.8077,4.7176],[-57.975,54.8094,1.1018],[-57.9761,54.8122,0.2896],[-57.9792,54.8134,7.7999],[-57.9803,54.8181,3.5832],[-57.9775,54.8206,2.4426],[-57.9775,54.8228,2.443],[-57.9725,54.8231,1.3804],[-57.9683,54.8278,1.0906],[-57.978,54.8266,0.0],[-57.9835,54.8237,28.6337],[-57.9844,54.8189,3.2052],[-57.9828,54.8153,6.0712],[-57.9894,54.8169,2.1776],[-57.9878,54.8211,0.0],[-57.9911,54.8245,1.0853],[-57.9889,54.8256,0.5821],[-57.9913,54.8316,3.5974],[-57.9893,54.8331,1.0155],[-57.9911,54.8361,7.8055],[-57.9772,54.8447,0.0],[-57.9755,54.8492,0.0],[-57.9818,54.8551,3.883],[-57.9775,54.8561,1.4386],[-57.9769,54.8595,4.6122],[-57.9734,54.8603,0.0],[-57.9717,54.8646,1.9527],[-57.9751,54.8653,12.7894],[-57.9821,54.862,3.1267],[-57.9827,54.865,0.5282],[-57.9892,54.8645,4.0826],[-57.9984,54.8695,0.0],[-58.0017,54.8734,4.5542],[-57.9983,54.8745,8.9085],[-57.9858,54.8709,0.4273],[-57.9858,54.8731,0.3782],[-57.977,54.8753,0.0],[-57.9727,54.8789,16.4828],[-57.9433,54.8811,6.27],[-57.94,54.8875,1.4168],[-57.9422,54.8939,1.7928],[-57.9422,54.9017,2.1639],[-57.9394,54.9053,0.0],[-57.9344,54.9229,10.5417],[-57.9317,54.926,0.0],[-57.943,54.9316,0.0],[-57.9474,54.9271,2.6565],[-57.9514,54.9263,12.0012],[-57.9598,54.9297,11.3704],[-57.9724,54.9279,9.5509],[-57.9868,54.9169,50.458],[-57.9956,54.9127,18.3122],[-58.0006,54.9064,25.8144],[-58.0083,54.9111,0.0],[-58.0172,54.9114,2.9156],[-58.0261,54.9081,0.0],[-58.0239,54.9036,2.6039],[-58.0263,54.9025,0.0],[-58.0372,54.9019,7.9641],[-58.05,54.895,15.3859],[-58.0541,54.8961,1.3142],[-58.0617,54.895,3.7066],[-58.0661,54.8911,34.5572],[-58.0644,54.8856,2.4644],[-58.0656,54.8828,11.1847],[-58.0676,54.8821,0.0],[-58.0717,54.8817,-0.0926],[-58.0822,54.8845,0.3956],[-58.0972,54.88,0.9187],[-58.1,54.8814,0.0],[-58.1028,54.88,0.5425],[-58.1061,54.8825,0.0],[-58.1111,54.8809,0.0],[-58.11,54.8792,0.0],[-58.1139,54.8778,1.6499],[-58.1201,54.8797,2.8684],[-58.1205,54.8827,1.1348],[-58.1394,54.8795,0.0],[-58.1488,54.8753,2.0214],[-58.1608,54.8658,0.652],[-58.1635,54.8617,-0.0529],[-58.1625,54.8583,0.4471],[-58.1641,54.8527,0.1106],[-58.1691,54.8455,0.1657],[-58.1734,54.8439,0.7905],[-58.1794,54.8453,3.5534],[-58.1817,54.85,8.9794],[-58.1794,54.8511,0.0],[-58.1867,54.8542,2.7536],[-58.1855,54.8575,0.0],[-58.1894,54.86,3.3681],[-58.19,54.8628,13.1298],[-58.1945,54.8669,4.6269],[-58.2077,54.8747,2.7774],[-58.2072,54.8769,0.0],[-58.21,54.8789,3.0602],[-58.2078,54.8819,0.0],[-58.2133,54.8829,0.0],[-58.225,54.8786,0.0],[-58.2261,54.8775,0.0],[-58.2244,54.8761,10.4146],[-58.2261,54.8739,0.0],[-58.2244,54.8714,7.613],[-58.2267,54.8661,0.0],[-58.2244,54.8647,5.167],[-58.2255,54.8619,0.0],[-58.2228,54.8503,14.2771],[-58.2239,54.8397,0.4957],[-58.2222,54.8281,5.2557],[-58.2233,54.8275,0.0],[-58.22,54.8228,4.9327],[-58.2211,54.8219,0.0],[-58.22,54.819,2.5928],[-58.2116,54.8178,1.3688],[-58.2072,54.8125,4.4496],[-58.2122,54.8103,4.1117],[-58.2156,54.8106,0.0],[-58.22,54.8075,1.113],[-58.2217,54.8008,0.2219],[-58.2194,54.7995,4.9533],[-58.2176,54.7944,8.5155],[-58.2211,54.7906,0.0147],[-58.22,54.7881,4.6714],[-58.2267,54.7847,5.3354],[-58.2361,54.7867,7.4007],[-58.2361,54.7914,5.3667],[-58.2322,54.7959,-0.0494],[-58.2417,54.7985,3.105],[-58.255,54.7961,0.7763],[-58.265,54.7911,3.3718],[-58.2794,54.7892,1.2322],[-58.3054,54.7943,0.4043],[-58.3328,54.7958,0.0],[-58.3422,54.7919,2.4893],[-58.3706,54.7897,7.8485],[-58.3794,54.7862,3.3358],[-58.3833,54.7858,0.9045],[-58.3917,54.7883,1.4389],[-58.4078,54.7867,21.961],[-58.4121,54.7845,6.554],[-58.4139,54.7813,0.0],[-58.4122,54.7792,0.0],[-58.4133,54.7767,0.0],[-58.4122,54.7747,0.0],[-58.3972,54.7667,2.5364],[-58.3972,54.765,0.2566],[-58.3911,54.7586,1.7996],[-58.3822,54.7536,3.4689],[-58.385,54.7492,1.3274],[-58.3827,54.7425,5.3348],[-58.3839,54.7403,2.3401],[-58.3955,54.7347,4.0215],[-58.4011,54.7375,0.2716],[-58.4144,54.7345,2.1633],[-58.4167,54.7359,5.1108],[-58.4178,54.7403,0.1333],[-58.42,54.7414,2.3537],[-58.4305,54.7383,12.9576],[-58.4355,54.7405,11.2298],[-58.4328,54.7428,4.5046],[-58.4361,54.7459,0.5078],[-58.4417,54.7483,3.5383],[-58.4444,54.7467,8.4485],[-58.4483,54.7483,5.7457],[-58.445,54.7567,0.7902],[-58.4372,54.7598,1.3945],[-58.4306,54.7664,0.0],[-58.4317,54.7692,5.1646],[-58.43,54.7723,0.0],[-58.434,54.7737,7.0487],[-58.4351,54.7756,7.3456],[-58.434,54.7783,0.4155],[-58.4396,54.7761,4.5495],[-58.4467,54.7683,5.5447],[-58.4561,54.7669,10.3441],[-58.4672,54.7714,2.1372],[-58.4844,54.7719,8.9707],[-58.4956,54.7706,0.4563],[-58.5006,54.7728,0.0],[-58.4989,54.7744,1.5843],[-58.5006,54.7759,0.1411],[-58.5078,54.775,5.3397],[-58.5081,54.7765,0.0],[-58.5102,54.7767,2.3433],[-58.5117,54.7758,0.8602],[-58.5105,54.7739,3.6553],[-58.5261,54.7667,5.4146],[-58.5495,54.7629,2.5716],[-58.5506,54.7606,0.2082],[-58.5534,54.7609,0.2082],[-58.56,54.7572,2.5681],[-58.5622,54.7575,1.1803],[-58.5733,54.7639,14.1141],[-58.5617,54.7739,4.4892],[-58.5611,54.7767,7.885],[-58.5378,54.7909,9.9386],[-58.5261,54.7933,0.6465],[-58.5311,54.7964,0.3919],[-58.5349,54.7931,6.3177],[-58.54,54.795,2.052],[-58.5461,54.7938,0.0],[-58.5528,54.7889,2.7686],[-58.5561,54.7895,0.0],[-58.555,54.7925,2.5078],[-58.5506,54.7944,5.3688],[-58.5484,54.7972,3.8753],[-58.5517,54.8028,2.8287],[-58.5417,54.8089,0.1337],[-58.5428,54.8114,0.0],[-58.55,54.8111,0.0],[-58.5572,54.8073,0.7985],[-58.5605,54.8098,1.8351],[-58.5639,54.8099,1.4193],[-58.58,54.7997,5.6452],[-58.5978,54.7925,2.6793],[-58.6178,54.7957,0.0],[-58.6194,54.7967,4.7701],[-58.6202,54.8011,0.0943],[-58.635,54.7992,0.8289],[-58.66,54.8047,4.762],[-58.6856,54.8036,7.8643],[-58.6939,54.8089,0.0],[-58.6924,54.8128,4.1529],[-58.6874,54.8164,0.3021],[-58.7001,54.8231,4.3321],[-58.7001,54.8244,2.5793],[-58.6974,54.8251,0.0],[-58.699,54.8286,5.9932],[-58.6963,54.8306,1.1337],[-58.6972,54.8333,0.3283],[-58.6944,54.8347,1.9172],[-58.6906,54.8336,0.0],[-58.6868,54.8347,0.8353],[-58.6863,54.8373,2.5506],[-58.6913,54.8412,1.9319],[-58.7024,54.8411,1.3282],[-58.7156,54.8386,14.2967],[-58.7301,54.8397,12.424],[-58.7372,54.8359,0.7519],[-58.7433,54.8286,19.042],[-58.744,54.8175,5.5006],[-58.7457,54.8164,0.0],[-58.7468,54.8103,20.7098],[-58.749,54.8089,0.0],[-58.749,54.8056,6.9492],[-58.7524,54.8042,3.1396],[-58.7567,54.7989,2.3899],[-58.7668,54.7986,1.9419],[-58.7674,54.7936,5.3484],[-58.7735,54.7903,0.0],[-58.7746,54.7853,0.1577],[-58.7729,54.7845,0.1577],[-58.7733,54.7831,5.2476],[-58.7777,54.7869,1.2536],[-58.7772,54.7913,0.9658],[-58.7744,54.795,0.8695],[-58.7783,54.7975,0.2562],[-58.7761,54.7997,0.0],[-58.7772,54.8011,2.1323],[-58.7761,54.8061,0.0],[-58.7789,54.8086,4.5304],[-58.7718,54.8175,3.221],[-58.7729,54.8222,47.5256],[-58.7712,54.8275,27.1368],[-58.7644,54.8331,0.0],[-58.7806,54.8392,0.0],[-58.7883,54.8389,0.0],[-58.7978,54.8367,1.4044],[-58.8011,54.8345,3.6261],[-58.8067,54.8342,0.0],[-58.8094,54.8356,2.2595],[-58.8095,54.8389,0.6629],[-58.8135,54.8417,8.4676],[-58.8128,54.8431,0.9625],[-58.8072,54.8442,0.0],[-58.8052,54.8469,8.2374],[-58.8061,54.8509,1.3232],[-58.8089,54.8525,0.0],[-58.8211,54.8506,1.5825],[-58.8255,54.8403,10.3459],[-58.8316,54.8367,1.5661],[-58.8368,54.8309,2.1276],[-58.8379,54.8267,8.9036],[-58.8351,54.8208,4.5699],[-58.8418,54.8164,1.7016],[-58.8417,54.815,4.2148],[-58.845,54.8142,1.9462],[-58.8578,54.8119,6.3507999999999996],[-58.8667,54.8133,2.9097],[-58.8677,54.8141,1.196],[-58.8645,54.8155,0.2213],[-58.8745,54.8189,0.3849],[-58.8757,54.8214,2.1964],[-58.8779,54.8219,9.9485],[-58.8757,54.8244,1.0962],[-58.88,54.8253,2.0079],[-58.8761,54.8287,3.0321],[-58.8778,54.8294,13.0185],[-58.8768,54.8303,1.6888],[-58.8828,54.8319,5.4147],[-58.8922,54.8331,2.4729],[-58.9133,54.8308,2.7515],[-58.9244,54.8316,3.4328],[-58.9339,54.8364,1.471],[-58.9329,54.8383,0.0],[-58.935,54.8403,2.9649],[-58.9328,54.8414,1.0231],[-58.9339,54.8431,1.7768],[-58.9322,54.8439,0.0],[-58.9322,54.8475,0.0],[-58.9338,54.8489,0.4903],[-58.9256,54.8536,0.0],[-58.9185,54.8525,3.2527],[-58.9062,54.855,0.0],[-58.8939,54.8611,0.4474],[-58.8994,54.8637,7.617],[-58.9017,54.8622,1.7573],[-58.915,54.8633,8.068],[-58.9285,54.8603,5.9813],[-58.9307,54.8609,4.3163],[-58.9318,54.8633,3.3562],[-58.9213,54.8717,3.976],[-58.9118,54.87,0.0],[-58.9074,54.8711,0.0],[-58.9046,54.8742,0.7796],[-58.9024,54.8789,0.5974],[-58.9056,54.8811,1.7082],[-58.9007,54.8839,6.5686],[-58.9007,54.8867,9.9429],[-58.899,54.8869,0.0],[-58.8996,54.8892,5.7309],[-58.894,54.8928,3.9655],[-58.8928,54.8956,0.0],[-58.8939,54.8967,12.7144],[-58.8922,54.8981,0.0],[-58.8933,54.9014,0.0],[-58.8978,54.9056,9.3944],[-58.8956,54.9078,0.0],[-58.8983,54.9106,8.5661],[-58.8966,54.9119,0.4612],[-58.9089,54.9145,0.0],[-58.9506,54.9116,19.3652],[-58.9496,54.9067,4.751],[-58.9518,54.9033,1.7401],[-58.954,54.8903,5.1582],[-58.9568,54.8853,1.9256],[-58.9558,54.8786,2.1141],[-58.9588,54.8753,3.4922],[-58.9696,54.8756,0.4466],[-58.9833,54.8672,2.6363],[-58.9728,54.8767,0.0],[-58.9767,54.8806,4.8429],[-58.974,54.8861,2.041],[-58.9772,54.8889,0.0],[-58.9817,54.8889,0.0],[-58.9839,54.8919,5.5951],[-58.9954,54.8914,17.2295],[-58.9967,54.8903,0.0],[-58.9872,54.8878,4.8003],[-58.98,54.8836,8.2889],[-58.9883,54.8825,0.0],[-58.9944,54.8778,1.7481],[-59.0072,54.8775,2.6361],[-59.0227,54.8834,2.9992],[-59.0101,54.891,0.0],[-59.0143,54.8921,0.0],[-59.0206,54.8897,7.9419],[-59.0271,54.8899,1.1917],[-59.0311,54.8929,0.0],[-59.0322,54.8958,3.6802],[-59.0284,54.8979,4.8842],[-59.0116,54.8979,3.8393],[-59.0039,54.9011,3.2655],[-58.9835,54.8995,0.6389],[-58.9813,54.9019,2.1515],[-58.9735,54.905,0.0],[-58.9724,54.9061,0.0],[-58.9729,54.9123,0.0],[-58.9757,54.915,1.0571],[-58.978,54.9225,0.9089],[-58.9844,54.9244,3.076],[-58.9877,54.9273,0.0],[-58.9867,54.9283,0.0],[-58.9786,54.9254,0.0],[-58.9661,54.9273,20.9238],[-58.9422,54.9233,0.0],[-58.9285,54.9281,0.0],[-58.9257,54.9331,0.0],[-58.9146,54.9347,0.6912],[-58.9006,54.9392,6.6162],[-58.8977,54.9428,0.0],[-58.9007,54.9457,1.1187],[-58.9116,54.9454,24.9158],[-58.9179,54.9478,2.0027],[-58.9174,54.9517,0.9387],[-58.9094,54.9556,0.0],[-58.9155,54.96,0.5178],[-58.9263,54.9606,0.6796],[-58.9302,54.9623,0.4701],[-58.9307,54.9645,32.5608],[-58.9278,54.9678,0.0],[-58.94,54.9667,13.05],[-58.949,54.9711,3.2699],[-58.9524,54.9703,11.0217],[-58.9572,54.9717,7.9947],[-58.9579,54.9725,10.6942],[-58.9506,54.9764,0.0],[-58.9656,54.9808,0.8457],[-58.9661,54.9836,13.6414],[-58.9639,54.9856,0.0],[-58.9695,54.9888,0.0],[-58.9761,54.9903,15.6157],[-58.9889,54.9869,15.1633],[-58.9929,54.9881,24.835],[-58.9956,54.9931,0.0],[-58.9922,54.9953,0.0],[-58.9917,54.9978,1.9452],[-58.9978,55.0031,0.0],[-58.9933,55.0069,3.9629],[-58.9932,55.0106,12.5482],[-58.9894,55.0119,0.0],[-58.9889,55.0147,8.302],[-58.9794,55.0211,1.1243],[-58.9823,55.0285,13.9514],[-58.994,55.025,3.6313],[-58.9989,55.0191,0.5374],[-59.0,55.0145,10.7367],[-59.0093,55.0102,3.8227],[-59.0108,55.0063,12.1003],[-59.0149,55.0039,1.0092],[-59.0118,55.0016,8.2546],[-59.0133,55.0,6.1053],[-59.0236,54.994,0.8607],[-59.0305,54.995,1.4609],[-59.0299,54.9989,0.0],[-59.0283,55.0,0.0],[-59.0309,55.0032,0.0],[-59.043,54.9997,21.8059],[-59.0521,54.999,1.218],[-59.0529,55.001,0.0],[-59.0516,55.0038,13.3039],[-59.0393,55.0118,0.0],[-59.0356,55.0189,0.5885],[-59.0245,55.0268,0.5351],[-59.0186,55.0349,4.0748],[-59.0079,55.0393,1.2156],[-58.9989,55.0467,3.021],[-58.9867,55.0531,2.1129],[-58.9739,55.0581,1.8462],[-58.9717,55.0617,3.0176],[-58.9616,55.0667,0.0],[-58.9622,55.0692,11.8148],[-58.9583,55.0725,14.7965],[-58.9626,55.082,4.0165],[-58.9606,55.0875,0.0],[-58.9622,55.0883,6.1378],[-58.9608,55.0889,0.0],[-58.9628,55.095,0.0],[-58.9606,55.0961,0.0],[-58.9617,55.0983,0.0],[-58.9594,55.1009,11.9399],[-58.9556,55.1023,0.0],[-58.9567,55.1053,4.8219],[-58.9545,55.1105,0.3068],[-58.9583,55.1131,21.0099],[-58.9589,55.1172,21.6875],[-58.9555,55.1234,10.8499],[-58.9533,55.1239,0.0],[-58.9556,55.1261,22.9178],[-58.9533,55.1278,0.0],[-58.9544,55.1308,1.8826],[-58.9628,55.1319,3.4944],[-58.9644,55.1303,24.3079],[-58.9672,55.1314,0.7812],[-58.9717,55.13,0.0],[-58.975,55.1247,2.8929],[-58.9756,55.1183,37.7856],[-58.9816,55.1155,0.6002],[-58.9839,55.11,26.3399],[-58.9878,55.1095,8.6587],[-58.9889,55.1064,8.6425],[-58.9912,55.1056,2.1072],[-58.9972,55.1117,6.1614],[-58.9972,55.1136,5.8123],[-59.0039,55.1178,14.9884],[-59.0022,55.1217,0.0],[-59.0033,55.1251,26.1769],[-59.005,55.1258,88.2757],[-59.0039,55.1264,13.7227],[-59.0051,55.1297,23.3125],[-59.0022,55.1314,0.0],[-58.9972,55.1383,0.0],[-58.9983,55.1425,0.0],[-59.0022,55.1473,0.0],[-59.0078,55.1472,1.6242],[-59.0105,55.1503,0.0],[-59.0233,55.1489,13.5601],[-59.0259,55.1508,23.0524],[-59.0246,55.1518,5.1093],[-59.0281,55.1529,1.1358],[-59.0324,55.1509,5.293],[-59.0394,55.1503,16.9932],[-59.0528,55.1437,39.5734],[-59.0583,55.1445,1.2654],[-59.0594,55.1409,5.9275],[-59.0639,55.1442,3.817],[-59.0607,55.1465,1.9147],[-59.0678,55.1453,3.9145],[-59.0666,55.144,3.9145],[-59.0676,55.1409,2.5939],[-59.0725,55.139,1.9758],[-59.0725,55.1368,5.299],[-59.0767,55.1339,0.3404],[-59.0769,55.1287,2.1436],[-59.079,55.1263,0.5581],[-59.0771,55.1209,1.6631],[-59.0794,55.1155,1.6808],[-59.0803,55.1063,3.6862],[-59.0758,55.0957,0.0],[-59.0793,55.0859,1.2496],[-59.0862,55.0794,0.8117],[-59.1032,55.0695,8.8133],[-59.1094,55.0673,0.0],[-59.117,55.0687,4.5737],[-59.1219,55.0707,0.9068],[-59.1246,55.0761,1.8813],[-59.1012,55.0929,0.0],[-59.097,55.0997,0.5529],[-59.0983,55.1047,12.2463],[-59.1033,55.1108,0.0],[-59.1108,55.1135,14.4245],[-59.1093,55.118,5.2318],[-59.11,55.1259,1.8388],[-59.118899999999996,55.1261,0.8417],[-59.1358,55.1183,15.0336],[-59.1466,55.1153,8.6673],[-59.1552,55.1053,1.1136],[-59.1631,55.1005,2.0084],[-59.1643,55.0983,1.9359],[-59.1633,55.0967,0.0],[-59.1586,55.0961,16.6848],[-59.1586,55.0874,19.0553],[-59.1504,55.0812,10.7011],[-59.1539,55.0761,0.9734],[-59.1589,55.0761,1.2149],[-59.1511,55.0708,4.3025],[-59.1533,55.0667,4.3919],[-59.155,55.0672,16.2224],[-59.1538,55.0697,6.3796],[-59.1556,55.0725,3.2067],[-59.1667,55.0762,0.7973],[-59.1705,55.0804,0.0],[-59.182,55.084,43.7851],[-59.1887,55.0911,47.0548],[-59.1962,55.0896,0.8114],[-59.1942,55.0861,2.4881],[-59.1996,55.0827,4.4935],[-59.2018,55.0832,2.3025],[-59.2025,55.0872,14.1579],[-59.2051,55.0885,14.1579],[-59.2049,55.0928,1.4818],[-59.2086,55.0927,0.0],[-59.2141,55.0897,13.6101],[-59.2241,55.0887,9.5148],[-59.2425,55.0786,6.6473],[-59.2425,55.0751,30.049],[-59.2499,55.0715,0.0],[-59.2473,55.0657,5.3519],[-59.2477,55.0625,0.0],[-59.245,55.0586,3.0811],[-59.2394,55.0561,4.4417],[-59.2353,55.0569,3.1882],[-59.232,55.0535,2.9009],[-59.24,55.0494,2.154],[-59.2378,55.0483,3.1279],[-59.2428,55.0459,2.5366],[-59.2417,55.0442,2.8665],[-59.2589,55.0391,2.1715],[-59.259,55.0365,1.6579],[-59.2628,55.0306,8.7541],[-59.2683,55.026,0.0],[-59.2732,55.0235,6.674],[-59.2819,55.0238,0.0],[-59.2951,55.0194,0.0],[-59.3059,55.0129,0.5898],[-59.3078,55.0097,0.0],[-59.3067,55.0083,11.4243],[-59.3122,55.0072,1.4778],[-59.3128,55.0045,6.8914],[-59.3155,55.0075,22.3359],[-59.3134,55.0136,0.0],[-59.3153,55.0161,0.0],[-59.3191,55.0173,2.1314],[-59.3195,55.0221,0.0],[-59.3217,55.0229,2.8859],[-59.3294,55.0205,0.0],[-59.3454,55.0101,17.6316],[-59.3524,55.0097,3.9963],[-59.3518,55.0084,2.7178],[-59.3721,54.9954,7.0314],[-59.3749,54.9907,4.8537],[-59.3706,54.9813,10.4684],[-59.39,54.9717,8.0513],[-59.3977,54.9698,8.4002],[-59.4049,54.9703,1.366],[-59.3965,54.9732,1.2743],[-59.3978,54.9765,4.0222],[-59.3965,54.978,1.6194],[-59.3924,54.9795,2.2633],[-59.3828,54.9792,2.1193],[-59.3817,54.9805,1.1769],[-59.385,54.9829,0.7499],[-59.3772,54.9851,0.0],[-59.3826,54.9873,0.0],[-59.3831,54.9903,0.0],[-59.3833,54.9977,0.0],[-59.3784,55.0033,4.3972],[-59.358,55.0133,0.0],[-59.3451,55.0255,2.5924],[-59.3386,55.0294,5.407],[-59.3277,55.0315,1.6743],[-59.3255,55.0297,4.3413],[-59.3194,55.0289,5.102],[-59.31,55.0331,0.2211],[-59.3083,55.035,2.4026],[-59.3133,55.0344,4.9987],[-59.3156,55.0364,6.2795],[-59.2958,55.0462,11.4633],[-59.2901,55.0519,0.0],[-59.2828,55.0553,2.1955],[-59.2817,55.0583,2.2178],[-59.2711,55.0595,0.954],[-59.2622,55.0662,0.9754],[-59.2631,55.0704,0.0],[-59.2715,55.0757,10.6302],[-59.2651,55.0837,0.0],[-59.2634,55.0892,0.0],[-59.2516,55.0999,4.9977],[-59.2416,55.1131,3.3395],[-59.2198,55.1193,3.2667],[-59.2116,55.1182,0.0],[-59.1977,55.1201,0.0],[-59.1894,55.1183,0.0],[-59.1867,55.1197,1.1932],[-59.1872,55.1219,2.8638],[-59.1733,55.124,4.8491],[-59.1664,55.1297,3.4057],[-59.1665,55.1356,18.9054],[-59.1575,55.1393,2.7647],[-59.1412,55.1501,6.4252],[-59.1453,55.1576,18.1846],[-59.1411,55.1639,10.2031],[-59.1417,55.1661,13.0196],[-59.1344,55.1747,1.6413],[-59.1327,55.1811,42.2977],[-59.1372,55.1887,2.2178],[-59.1328,55.1922,3.0268],[-59.1338,55.1973,17.0779],[-59.13,55.2008,1.2564],[-59.13,55.2031,1.0514],[-59.1339,55.2064,8.6298],[-59.1367,55.2119,9.9107],[-59.1372,55.2259,1.0126],[-59.1494,55.2342,1.9938],[-59.1639,55.2303,6.8209],[-59.1672,55.2311,1.4767],[-59.1722,55.2272,1.4999],[-59.1722,55.2231,0.0],[-59.17,55.2222,2.63],[-59.1714,55.2187,4.8886],[-59.1689,55.2169,0.0],[-59.166,55.2179,7.4539],[-59.1632,55.2231,11.4459],[-59.1594,55.2233,5.0857],[-59.1606,55.2219,4.127],[-59.1589,55.2169,21.9643],[-59.1609,55.2127,8.3673],[-59.1655,55.2111,2.0858],[-59.1694,55.2125,1.0033],[-59.1728,55.2083,3.6263],[-59.1814,55.2099,13.0256],[-59.1967,55.2013,0.9985],[-59.2065,55.1803,0.4019],[-59.2044,55.1753,3.1506],[-59.2094,55.1687,5.919],[-59.2094,55.1631,6.0936],[-59.2161,55.1667,3.886],[-59.2222,55.1647,9.3835],[-59.2294,55.1658,6.056],[-59.2282,55.1689,1.6044],[-59.2211,55.1719,1.1554],[-59.2274,55.1757,0.0],[-59.2283,55.1794,0.0],[-59.2328,55.1808,4.8385],[-59.219,55.1845,5.0539],[-59.2163,55.1883,4.4129],[-59.2158,55.192,5.0407],[-59.2227,55.1953,2.2445],[-59.2231,55.1974,10.0108],[-59.2173,55.2011,0.5158],[-59.218,55.2029,1.2561],[-59.2133,55.2075,8.8755],[-59.2132,55.2103,5.2063],[-59.2067,55.2137,3.3292],[-59.2056,55.2192,0.3689],[-59.1922,55.2267,0.0],[-59.1955,55.2339,0.0],[-59.1994,55.2359,2.5246],[-59.2067,55.235,10.7735],[-59.2124,55.2305,1.4829],[-59.2149,55.2228,0.0],[-59.2129,55.2214,5.0549],[-59.2172,55.2189,3.165],[-59.2139,55.2144,2.0292],[-59.2278,55.2139,0.0],[-59.2367,55.2119,4.6784],[-59.24,55.2095,16.9052],[-59.2507,55.2101,1.66],[-59.2521,55.2087,0.5135],[-59.2489,55.2047,8.3957],[-59.2511,55.2037,23.9956],[-59.2589,55.2053,7.3568],[-59.2636,55.2005,2.5789],[-59.2791,55.1953,2.5386],[-59.2817,55.1895,1.7171],[-59.2862,55.1859,1.5121],[-59.2822,55.1789,2.5444],[-59.2928,55.1733,9.0362],[-59.2994,55.1667,0.689],[-59.2983,55.1647,4.838],[-59.3072,55.1606,0.0],[-59.3089,55.1564,1.0393],[-59.3125,55.1538,0.8433],[-59.3106,55.1514,0.0],[-59.3039,55.1509,1.6722],[-59.3,55.1469,1.7445],[-59.3145,55.1336,4.9188],[-59.3211,55.1309,7.1112],[-59.3283,55.1228,0.0],[-59.3289,55.12,0.2826],[-59.3228,55.1161,1.5518],[-59.3374,55.1144,1.4485],[-59.3622,55.0967,3.1645],[-59.38,55.0679,10.9799],[-59.3839,55.0678,0.9156],[-59.3906,55.0628,1.7944],[-59.3911,55.0553,3.4056],[-59.3889,55.0539,3.4056],[-59.3955,55.0379,11.4695],[-59.3956,55.0323,12.6859],[-59.3983,55.0295,0.0],[-59.4,55.0244,0.0],[-59.4051,55.0245,0.0],[-59.406,55.0301,0.0],[-59.4115,55.0317,2.976],[-59.4134,55.0357,8.8764],[-59.4095,55.0401,0.0],[-59.4122,55.046,22.1164],[-59.4111,55.05,3.1285],[-59.4022,55.055,0.2363],[-59.4022,55.0567,0.0],[-59.4132,55.0567,5.5785],[-59.4144,55.0575,2.3718],[-59.4117,55.0591,0.2584],[-59.415,55.0619,0.7557],[-59.4172,55.0597,2.2969],[-59.4194,55.0606,0.401],[-59.4256,55.0717,0.1904],[-59.4213,55.0767,2.5306],[-59.4242,55.0777,0.4255],[-59.4302,55.0766,5.0983],[-59.4311,55.0781,5.646],[-59.4342,55.0783,4.9917],[-59.44,55.0736,8.9587],[-59.4439,55.0717,3.994],[-59.4467,55.0723,0.0],[-59.4511,55.0695,2.853],[-59.4489,55.0675,3.2699],[-59.4554,55.0643,0.0],[-59.4583,55.06,0.0],[-59.4572,55.0578,0.791],[-59.4644,55.0517,0.5587],[-59.4644,55.0478,2.5896],[-59.475,55.0403,13.9072],[-59.4873,55.0346,2.2362],[-59.4961,55.0261,25.2047],[-59.5008,55.0253,2.833],[-59.5155,55.0123,4.8406],[-59.5168,55.0124,4.8406],[-59.5155,55.015,7.8983],[-59.5181,55.0168,13.5918],[-59.5328,55.0125,4.401],[-59.5311,55.0089,11.2702],[-59.5405,55.0059,0.0],[-59.5544,54.9979,6.9212],[-59.5563,54.9909,0.8056],[-59.5656,54.9819,13.541],[-59.5694,54.9842,0.8833],[-59.5738,54.9833,9.5789],[-59.5759,54.9846,4.7817],[-59.5761,54.9869,2.3484],[-59.5694,54.9897,0.6003],[-59.5744,54.9911,5.7947],[-59.5755,54.9949,6.7294],[-59.5837,54.9908,0.4981],[-59.5848,54.9888,2.998],[-59.5819,54.9859,1.2074],[-59.5856,54.9754,24.2017],[-59.5881,54.9757,0.0],[-59.5872,54.9789,2.4787],[-59.5895,54.9792,1.294],[-59.5935,54.9738,0.0],[-59.6072,54.9659,4.4086],[-59.6139,54.9533,9.306],[-59.6193,54.9489,0.5124],[-59.6227,54.9481,4.2926],[-59.6272,54.9503,6.0056],[-59.6461,54.9497,1.4902],[-59.6548,54.9429,8.8866],[-59.6657,54.9407,0.2175],[-59.6721,54.9374,4.7667],[-59.6805,54.9296,0.0],[-59.6895,54.9172,0.7504],[-59.6947,54.9136,6.3441],[-59.7002,54.9142,0.8496],[-59.706,54.9193,0.1705],[-59.7089,54.9192,0.295],[-59.7293,54.9095,6.2058],[-59.7428,54.9081,7.1161],[-59.7606,54.9023,0.0],[-59.7698,54.8961,8.2601],[-59.7813,54.8917,14.4437],[-59.7911,54.8859,0.0],[-59.7932,54.8816,0.0],[-59.7923,54.8719,13.5272],[-59.794,54.8685,4.1793],[-59.8004,54.8647,9.4548],[-59.8019,54.8557,2.1285],[-59.8087,54.8511,1.3821],[-59.8103,54.8483,4.1357],[-59.8055,54.8454,2.3499],[-59.8073,54.8421,0.0],[-59.8107,54.8403,5.8473],[-59.8097,54.8393,5.8473],[-59.8164,54.8293,0.9249],[-59.8163,54.8232,1.5499],[-59.8192,54.8192,0.7141],[-59.8148,54.8174,0.4694],[-59.8138,54.8146,0.0],[-59.8159,54.8103,0.0],[-59.8086,54.8063,0.0],[-59.8084,54.8047,3.7272],[-59.8176,54.7963,0.0],[-59.8104,54.7928,6.8372],[-59.7989,54.7914,7.2096],[-59.8,54.7888,1.2713],[-59.8052,54.7879,0.4771],[-59.8011,54.7861,1.8127],[-59.8072,54.7836,2.4246],[-59.8122,54.7851,1.418],[-59.8144,54.7828,0.8339],[-59.8172,54.785,0.2464],[-59.8202,54.7843,0.0],[-59.8217,54.7812,3.6099],[-59.825,54.78,2.4401],[-59.8263,54.7769,3.2156],[-59.83,54.7748,1.2612],[-59.8406,54.7721,0.0],[-59.8427,54.7701,2.7519],[-59.8491,54.7713,0.2483],[-59.8467,54.7678,1.1036],[-59.856,54.7683,0.0],[-59.8565,54.7629,5.1044],[-59.8656,54.7616,0.7166],[-59.8808,54.7562,1.8885],[-59.8861,54.7528,2.1128],[-59.9067,54.7481,0.196],[-59.9125,54.745,3.4308],[-59.9267,54.7453,0.1339],[-59.9317,54.7436,3.0133],[-59.9344,54.7464,1.4866],[-59.9306,54.7489,0.0813],[-59.9317,54.7506,0.0],[-59.9427,54.7539,0.0],[-59.9455,54.7531,0.0],[-59.945,54.7514,8.8832],[-59.9483,54.7522,10.3692],[-59.9489,54.7539,3.5924],[-59.9439,54.7553,0.1225],[-59.9463,54.7571,0.3494],[-59.945,54.7589,4.2813],[-59.9403,54.7603,0.4318],[-59.9322,54.7597,0.0],[-59.925,54.7623,6.0434],[-59.9206,54.7585,0.0],[-59.9118,54.76,0.0],[-59.9087,54.7633,3.4927],[-59.8817,54.7785,0.0],[-59.8766,54.7832,2.2383],[-59.8639,54.7897,0.5359],[-59.86,54.7886,0.0],[-59.8572,54.7897,0.0],[-59.8567,54.7942,3.097],[-59.8387,54.8099,1.2818],[-59.8399,54.8123,1.1841],[-59.8345,54.8156,1.4692],[-59.8323,54.8199,0.0],[-59.828,54.8231,5.0885],[-59.83,54.8246,0.4687],[-59.8348,54.8235,3.6914],[-59.8346,54.8253,0.1827],[-59.8365,54.8269,2.3058],[-59.8334,54.83,0.0],[-59.829,54.8315,2.1082],[-59.8258,54.8355,0.7651],[-59.8282,54.837,9.7439],[-59.8213,54.8398,1.4527],[-59.8168,54.8447,2.5716],[-59.8183,54.8474,5.9967],[-59.8164,54.8506,1.7025],[-59.8182,54.8539,4.6406],[-59.8158,54.8564,0.9614],[-59.8177,54.8576,0.3327],[-59.8205,54.8568,0.721],[-59.836,54.8492,1.6519],[-59.8352,54.8469,9.2588],[-59.8448,54.8435,5.2533],[-59.8537,54.8478,1.4751],[-59.865,54.8445,1.5698],[-59.8678,54.8467,0.0],[-59.8699,54.8523,2.4124],[-59.8679,54.855,0.0],[-59.8681,54.8612,0.0],[-59.8638,54.8665,5.0311],[-59.8501,54.8769,0.0],[-59.8488,54.8805,7.5373],[-59.8444,54.8848,1.6533],[-59.8353,54.885,0.0],[-59.8322,54.8871,8.7215],[-59.8274,54.8856,5.4342],[-59.8044,54.8953,0.0],[-59.7846,54.9009,8.8113],[-59.7856,54.9017,17.5668],[-59.7806,54.9086,54.9422],[-59.7686,54.9121,11.8678],[-59.7646,54.9151,0.0],[-59.764,54.9169,0.0],[-59.7658,54.9183,0.6594],[-59.7626,54.9226,3.5061],[-59.7422,54.9303,0.0],[-59.7357,54.9395,8.9428],[-59.7365,54.9422,10.1649],[-59.7302,54.9499,0.0],[-59.7151,54.9609,5.5778],[-59.7174,54.9628,1.5965],[-59.724,54.9641,0.0],[-59.7433,54.9569,5.8698],[-59.7475,54.9587,1.4738],[-59.747,54.9607,0.0],[-59.7517,54.9658,2.9465],[-59.75,54.9667,2.9465],[-59.745,54.9642,0.0],[-59.7444,54.9656,0.0],[-59.7461,54.9664,0.4804],[-59.7417,54.9664,0.5144],[-59.7351,54.9716,0.6216],[-59.7224,54.9739,4.5915],[-59.71,54.9786,2.3596],[-59.709,54.9774,2.3596],[-59.7103,54.9725,4.6499],[-59.7026,54.9722,4.025],[-59.6969,54.9739,3.8197],[-59.6856,54.9839,0.0],[-59.6872,54.9915,1.6406],[-59.6865,54.9952,5.4148],[-59.6839,54.9975,4.4675],[-59.6802,54.9947,0.0],[-59.6791,54.9856,3.7127],[-59.6802,54.9835,0.0],[-59.6761,54.9796,0.199],[-59.6529,54.9907,0.3521],[-59.6488,54.9985,0.0],[-59.6429,54.9985,0.2723],[-59.6356,55.0011,4.0052],[-59.62,55.0011,0.0],[-59.6139,55.0064,4.7386],[-59.6081,55.0087,0.5835],[-59.6051,55.0138,0.8514],[-59.6011,55.0164,0.0],[-59.6011,55.0189,4.686],[-59.5938,55.0203,0.0],[-59.5929,55.0226,0.5344],[-59.5872,55.0259,0.0],[-59.5833,55.0319,0.0],[-59.5844,55.0333,0.7693],[-59.5811,55.0325,1.1699],[-59.5761,55.0359,3.6538],[-59.5725,55.0431,0.0],[-59.5611,55.0569,1.8694],[-59.5605,55.0637,22.7367],[-59.5589,55.0653,0.0],[-59.555,55.0597,4.7128],[-59.5589,55.0569,1.9036],[-59.56,55.0517,26.7421],[-59.5654,55.0445,13.0615],[-59.5678,55.0369,5.2743],[-59.5628,55.0361,1.1377],[-59.5592,55.0297,1.5294],[-59.5444,55.0333,0.0],[-59.5382,55.0415,23.8243],[-59.535,55.0425,0.0],[-59.5361,55.0458,22.5892],[-59.5339,55.0469,0.0],[-59.5261,55.045,1.2117],[-59.5261,55.0436,5.6084],[-59.5306,55.0423,6.916],[-59.5289,55.0414,0.0],[-59.5244,55.0431,0.0],[-59.5244,55.0447,2.8356],[-59.5186,55.0506,2.7603],[-59.5189,55.0592,6.3447],[-59.5139,55.0633,1.7655],[-59.505,55.0817,7.7324],[-59.5086,55.0853,0.5095],[-59.5139,55.0847,12.9801],[-59.5156,55.0864,12.8683],[-59.5016,55.0953,0.0],[-59.5018,55.0982,2.208],[-59.4989,55.1006,2.6588],[-59.4989,55.1039,11.1873],[-59.4944,55.1069,0.0],[-59.4923,55.1105,4.6568],[-59.4839,55.1133,0.0],[-59.4728,55.1114,0.6547],[-59.4601,55.1139,1.6574],[-59.457,55.1185,0.0],[-59.4506,55.1223,5.7948],[-59.4472,55.1203,0.0],[-59.4427,55.1214,0.6577],[-59.4328,55.1197,0.0],[-59.4311,55.1221,0.375],[-59.4378,55.1245,0.0],[-59.4483,55.1233,5.7948],[-59.4511,55.1258,0.0],[-59.4374,55.1429,0.4216],[-59.4358,55.1508,1.3971],[-59.4389,55.1539,1.9266],[-59.43,55.1544,1.3692],[-59.425,55.1569,0.0],[-59.4144,55.1583,0.0],[-59.4172,55.1609,0.0],[-59.4211,55.1611,0.0],[-59.4389,55.1553,1.9266],[-59.445,55.1581,0.5538],[-59.445,55.1614,0.0],[-59.4467,55.1623,0.3199],[-59.4638,55.1598,3.4214],[-59.4699,55.1631,0.5502],[-59.475,55.1613,0.9096],[-59.4761,55.1581,0.6001],[-59.4901,55.1527,4.874],[-59.4927,55.1505,0.0],[-59.4927,55.1484,0.0],[-59.5022,55.1436,5.7205],[-59.5177,55.1402,1.9534],[-59.52,55.1431,0.4401],[-59.5261,55.1425,1.028],[-59.5311,55.1455,0.0],[-59.5322,55.1439,1.8021],[-59.53,55.1431,4.6622],[-59.5284,55.1385,2.6238],[-59.5322,55.1325,3.5302],[-59.5289,55.1333,1.2493],[-59.5283,55.1353,3.686],[-59.5271,55.1333,3.4309],[-59.5398,55.1273,0.0],[-59.5411,55.1211,2.992],[-59.545,55.1192,4.0945],[-59.5517,55.1075,1.5402],[-59.5546,55.0961,2.7442],[-59.5611,55.0831,0.0],[-59.5606,55.0801,9.8357],[-59.5633,55.0775,0.0],[-59.5622,55.0683,11.1909],[-59.5639,55.0675,4.2275],[-59.5656,55.0686,4.2275],[-59.5656,55.0717,0.0],[-59.5694,55.0736,7.5986],[-59.57,55.0756,2.8728],[-59.5622,55.0809,4.9891],[-59.5609,55.0909,14.2116],[-59.5556,55.1003,2.052],[-59.5561,55.1069,0.0],[-59.5444,55.1217,0.7083],[-59.5494,55.1192,0.5766],[-59.5517,55.1197,0.4425],[-59.5478,55.1225,0.0],[-59.5483,55.1253,3.5259],[-59.5422,55.1303,0.0],[-59.5428,55.1369,5.797],[-59.5405,55.1381,7.225],[-59.54,55.1415,17.9287],[-59.5378,55.1428,11.3137],[-59.5367,55.1412,0.0],[-59.5394,55.1359,4.5874],[-59.5389,55.1306,0.8321],[-59.5371,55.1304,0.0],[-59.5322,55.1358,2.0724],[-59.5317,55.1386,2.7832],[-59.5344,55.1437,3.2708],[-59.5309,55.1473,0.6036],[-59.5247,55.1476,5.0453],[-59.5233,55.1444,1.7492],[-59.5122,55.1453,0.0],[-59.5155,55.1491,11.8733],[-59.5061,55.1536,0.6228],[-59.5094,55.1547,2.5374],[-59.5061,55.1564,0.1856],[-59.5089,55.1609,0.092],[-59.5,55.1656,1.5604],[-59.495,55.1694,0.0],[-59.493899999999996,55.1722,0.0],[-59.4958,55.1749,0.0],[-59.492,55.1803,0.0],[-59.4941,55.1825,2.8974],[-59.4928,55.1867,3.2203],[-59.4972,55.1864,2.1196],[-59.4983,55.1931,0.0],[-59.505,55.1919,4.1519],[-59.5033,55.1933,0.5894],[-59.5044,55.1964,0.0],[-59.5166,55.1911,0.9717],[-59.5178,55.1925,11.1359],[-59.5156,55.195,11.1438],[-59.5083,55.1983,0.0],[-59.5005,55.2097,0.0],[-59.5111,55.2186,0.6069],[-59.5178,55.2189,0.0],[-59.5244,55.2153,1.852],[-59.5244,55.2131,1.1684],[-59.5413,55.2048,1.8601],[-59.5471,55.1979,1.7797],[-59.5465,55.1893,0.5095],[-59.5436,55.1858,12.6187],[-59.5367,55.1839,4.8417],[-59.5322,55.1861,0.9407],[-59.5256,55.1861,4.1756],[-59.5233,55.1845,4.9433],[-59.5288,55.1813,2.9102],[-59.5367,55.181399999999996,3.1662],[-59.5395,55.1797,1.1735],[-59.54,55.1753,0.7023],[-59.5494,55.1736,0.39],[-59.5433,55.1694,6.6983],[-59.5456,55.1683,6.4139],[-59.5489,55.1697,0.8699],[-59.5517,55.1678,2.8864],[-59.5604,55.1704,6.3794],[-59.5696,55.1759,0.0],[-59.5708,55.1731,0.4059],[-59.5854,55.1677,0.0],[-59.5961,55.1592,0.0],[-59.6083,55.1567,1.783],[-59.6116,55.1535,1.1226],[-59.6135,55.1443,11.8259],[-59.6161,55.1407,0.0],[-59.6195,55.1392,2.3265],[-59.6241,55.1387,19.3284],[-59.6272,55.1474,2.5444],[-59.6178,55.1525,0.0],[-59.6211,55.1537,4.2256],[-59.6267,55.1514,1.9222],[-59.6274,55.1535,0.6533],[-59.6252,55.1557,8.937],[-59.6133,55.1589,0.0],[-59.6156,55.1622,0.0],[-59.6239,55.1631,4.3339],[-59.6233,55.165,0.0],[-59.6172,55.1711,0.0],[-59.6183,55.1731,11.4121],[-59.6156,55.1786,0.0],[-59.6122,55.1806,5.4873],[-59.6056,55.1803,5.2026],[-59.6061,55.175,0.0],[-59.6032,55.1749,0.0],[-59.6001,55.1778,0.0],[-59.6003,55.1815,0.014],[-59.5967,55.1861,0.0],[-59.6022,55.1881,0.0],[-59.6044,55.1897,0.0049],[-59.6039,55.1914,0.0871],[-59.6083,55.1909,0.0],[-59.6099,55.1877,0.9172],[-59.6155,55.1903,1.3643],[-59.6044,55.1981,0.0],[-59.6064,55.2001,4.4691],[-59.6211,55.1995,0.0],[-59.6361,55.1928,5.0488],[-59.6393,55.1906,0.0],[-59.6435,55.1823,0.0],[-59.6389,55.1717,3.8024],[-59.6433,55.1716,0.3712],[-59.6443,55.1689,1.6382],[-59.6395,55.1628,2.4862],[-59.6391,55.1593,2.3929],[-59.6406,55.1563,0.0],[-59.6455,55.154,0.0],[-59.6466,55.1516,0.4674],[-59.6452,55.144,0.0],[-59.6411,55.14,0.0],[-59.6289,55.1364,2.2192],[-59.6394,55.1306,0.4075],[-59.6579,55.1283,7.1556],[-59.6679,55.119,0.0],[-59.6667,55.115,2.2349],[-59.6711,55.1125,4.9765],[-59.6728,55.1128,1.6572],[-59.6722,55.1186,0.0],[-59.6797,55.1267,18.6136],[-59.6828,55.1347,0.0],[-59.6867,55.1361,9.1378],[-59.685,55.1391,0.0],[-59.6872,55.1419,0.6375],[-59.6871,55.1446,0.5728],[-59.6938,55.1447,3.7555],[-59.6972,55.1464,0.717],[-59.7016,55.1454,10.2903],[-59.7113,55.1479,2.2583],[-59.7217,55.1447,3.6369],[-59.7344,55.1479,0.3549],[-59.7506,55.1442,2.3229],[-59.7572,55.1445,0.1106],[-59.7627,55.1417,20.4214],[-59.7739,55.1397,1.8863],[-59.7856,55.1406,0.0],[-59.7961,55.1358,0.0],[-59.8022,55.135,0.2127],[-59.8072,55.1311,0.9155],[-59.7979,55.1293,1.1072],[-59.789,55.1299,2.1897],[-59.7875,55.1275,7.3265],[-59.7939,55.1272,0.0],[-59.7921,55.1251,7.6533],[-59.7994,55.1192,1.7993],[-59.798,55.1177,10.7839],[-59.8021,55.1173,0.3941],[-59.8016,55.1129,2.4499],[-59.8078,55.1106,0.0],[-59.809,55.1077,1.1002],[-59.8128,55.1086,3.9412],[-59.8111,55.1095,0.0],[-59.8121,55.1104,1.4624],[-59.8167,55.1092,1.3701],[-59.8199,55.1115,0.1608],[-59.824,55.1114,0.0],[-59.8278,55.1085,1.4043],[-59.825,55.1055,6.5555],[-59.8266,55.1047,1.9479],[-59.835,55.1081,0.8824],[-59.8288,55.1125,0.6628],[-59.8372,55.115,2.3912],[-59.8486,55.121,0.4785],[-59.8539,55.119,0.0],[-59.8597,55.113,10.4291],[-59.8633,55.1131,3.0614],[-59.8605,55.117,0.0],[-59.865,55.1181,0.0],[-59.8711,55.1128,1.6575],[-59.8743,55.1136,3.1179],[-59.8778,55.1119,0.0],[-59.8802,55.1085,9.9838],[-59.8876,55.1056,0.0],[-59.892,55.1055,0.0],[-59.8918,55.1074,3.9923],[-59.8861,55.1116,1.8158],[-59.8787,55.1133,2.0541],[-59.872,55.1169,0.0951],[-59.872,55.1197,1.0563],[-59.8673,55.1239,0.0],[-59.8724,55.128,0.2592],[-59.8687,55.1361,0.0],[-59.872,55.1385,10.851],[-59.8929,55.1357,2.1415],[-59.8967,55.1317,18.1627],[-59.9044,55.1333,1.3477],[-59.9111,55.1286,9.8219],[-59.9128,55.1306,10.5165],[-59.9066,55.1346,0.9833],[-59.9091,55.1363,0.7115],[-59.9044,55.1372,0.0],[-59.9061,55.1389,0.1163],[-59.9175,55.1351,5.6055],[-59.9175,55.137,0.0],[-59.9211,55.1397,0.2718],[-59.93,55.1339,4.4702],[-59.9363,55.1334,0.0],[-59.9337,55.1311,1.2751],[-59.935,55.1246,0.0],[-59.9444,55.1217,1.3406],[-59.9457,55.1249,4.2355],[-59.9495,55.125,5.7297],[-59.9539,55.1228,0.0],[-59.9527,55.1199,4.8019],[-59.96,55.115,10.7894],[-59.9639,55.1039,11.1765],[-59.9661,55.1022,0.0],[-59.9623,55.1,17.4567],[-59.9617,55.0914,12.2946],[-59.9639,55.0914,6.9709],[-59.9644,55.0964,3.5983],[-59.9678,55.1014,8.194],[-59.97,55.1022,25.1507],[-59.9639,55.1094,3.6288],[-59.9623,55.1136,0.0],[-59.9633,55.1144,0.0],[-59.9661,55.1156,0.0],[-59.9699,55.1137,0.0],[-59.9755,55.1067,2.0082],[-59.9778,55.1078,0.0],[-59.9856,55.1064,4.6183],[-59.9894,55.1097,1.4225],[-59.99,55.1111,0.0],[-59.9878,55.1128,0.8989],[-59.9822,55.1123,1.3556],[-59.9783,55.1142,5.8733],[-59.9839,55.1225,14.2472],[-59.9817,55.1225,13.2855],[-59.9828,55.1217,8.0532],[-59.9761,55.1172,11.2178],[-59.9767,55.1144,1.1226],[-59.9724,55.1162,0.0],[-59.9722,55.1214,0.0],[-59.9699,55.1207,0.0],[-59.9649,55.1231,0.9897],[-59.966,55.1247,5.4106],[-59.9698,55.1253,5.9296],[-59.9739,55.1303,0.0],[-59.9772,55.1319,1.6247],[-59.9744,55.1331,1.482],[-59.9708,55.1382,2.0393],[-59.9789,55.1449,1.1257],[-59.9663,55.1473,0.0],[-59.9722,55.1533,0.0],[-59.9711,55.1564,11.6771],[-59.9667,55.1542,4.9003],[-59.96,55.1559,0.0],[-59.9588,55.1603,0.0],[-59.9667,55.1653,32.9004],[-59.9628,55.1681,8.6224],[-59.9617,55.1639,6.1434],[-59.9539,55.1611,0.0],[-59.9431,55.1535,0.0],[-59.9406,55.15,2.7964],[-59.9345,55.1477,12.6218],[-59.9323,55.1447,2.7982],[-59.9258,55.144,1.7485],[-59.9188,55.1466,0.0],[-59.8822,55.1525,2.1354],[-59.8683,55.1575,0.0],[-59.8667,55.1605,11.9806],[-59.8594,55.1597,0.5174],[-59.8439,55.1636,0.0],[-59.8333,55.1639,0.0939],[-59.8316,55.1658,5.2963],[-59.8239,55.1675,3.3599],[-59.8178,55.1661,1.6291],[-59.8172,55.1689,0.0],[-59.82,55.1703,21.9802],[-59.8178,55.1719,8.3886],[-59.8183,55.1739,7.7138],[-59.8167,55.1761,3.1412],[-59.8122,55.1803,1.1179],[-59.7994,55.1867,0.3495],[-59.7978,55.1917,0.0808],[-59.7939,55.195,1.9058],[-59.7944,55.1983,1.8484],[-59.7894,55.2033,0.5308],[-59.7839,55.2008,7.0202],[-59.78,55.195,15.7825],[-59.7806,55.1931,0.0],[-59.7764,55.189,2.1191],[-59.7727,55.1899,2.1191],[-59.7738,55.1911,8.0061],[-59.7716,55.1931,2.5312],[-59.765,55.1903,0.0],[-59.7553,55.191,0.7685],[-59.743899999999996,55.1983,0.882],[-59.743899999999996,55.2019,5.723],[-59.7372,55.2059,2.364],[-59.7411,55.2087,3.1591],[-59.7394,55.2125,0.0],[-59.7406,55.2144,0.0],[-59.7362,55.22,0.0],[-59.7378,55.2231,3.9974],[-59.7452,55.2251,1.4265],[-59.75,55.2231,1.9951],[-59.7578,55.2234,1.6006],[-59.7644,55.2275,0.7625],[-59.7661,55.2264,9.0315],[-59.7639,55.2233,10.7371],[-59.7711,55.2217,0.1958],[-59.7678,55.2161,11.5706],[-59.7722,55.2164,1.1286],[-59.775,55.2142,3.7783],[-59.7772,55.2153,3.0114],[-59.7772,55.2172,5.5996],[-59.7678,55.2278,1.7861],[-59.7568,55.2301,0.0],[-59.7539,55.2323,3.8338],[-59.755,55.2361,0.0],[-59.765,55.2431,2.7862],[-59.7628,55.2478,15.0267],[-59.7472,55.2417,1.209],[-59.7361,55.2339,3.8478],[-59.7261,55.2403,0.0],[-59.7272,55.245,2.719],[-59.7194,55.25,0.0],[-59.7178,55.2531,0.0],[-59.7188,55.2539,5.137],[-59.7177,55.2547,0.0],[-59.7217,55.2558,2.2732],[-59.7244,55.2589,15.1147],[-59.7222,55.2608,0.0],[-59.725,55.2695,48.2983],[-59.7211,55.2683,0.0],[-59.7228,55.2723,0.0],[-59.7211,55.2753,2.7742],[-59.7239,55.2783,2.6353],[-59.7278,55.2775,4.916],[-59.7267,55.2723,6.5151],[-59.7389,55.2813,5.1703],[-59.7461,55.2803,9.9843],[-59.7489,55.2859,4.3211],[-59.743899999999996,55.285,0.0],[-59.7444,55.2881,2.5618],[-59.7536,55.2863,7.9983],[-59.7539,55.2835,0.9157],[-59.7563,55.2819,0.0],[-59.7522,55.2814,8.97],[-59.7611,55.2747,5.034],[-59.7722,55.2719,1.2285],[-59.7782,55.274,0.0],[-59.7783,55.28,0.2747],[-59.7667,55.2867,0.0],[-59.7644,55.2905,0.9175],[-59.7655,55.2967,0.9048],[-59.7733,55.2986,25.283],[-59.7717,55.3006,4.9414],[-59.765,55.3008,0.4772],[-59.7677,55.3033,2.024],[-59.7755,55.303,3.9288],[-59.7794,55.2995,0.8538],[-59.7911,55.2995,6.6526],[-59.79,55.3031,0.0],[-59.7863,55.3044,0.5614],[-59.7922,55.3103,6.0565],[-59.7856,55.3122,4.8225],[-59.7849,55.3157,5.6217],[-59.7797,55.3208,0.2509],[-59.7805,55.3277,0.3421],[-59.774,55.3294,1.8849],[-59.7805,55.3326,0.291],[-59.7869,55.3316,0.714],[-59.7925,55.3284,2.3706],[-59.7929,55.3259,-0.057],[-59.8076,55.3217,0.0],[-59.8125,55.3181,2.4464],[-59.8103,55.3149,2.2197],[-59.8122,55.3125,5.1151],[-59.8266,55.3107,0.4905],[-59.8618,55.3014,1.6031],[-59.8622,55.2989,3.17],[-59.8662,55.2955,0.3502],[-59.8672,55.2915,3.9228],[-59.8709,55.2873,2.9334],[-59.87,55.2856,1.9017],[-59.8739,55.2831,0.6644],[-59.8733,55.2817,1.3773],[-59.8761,55.2769,2.5367],[-59.8806,55.2731,8.4971],[-59.8911,55.2681,8.9804],[-59.8922,55.267,1.0464],[-59.8911,55.2631,12.6155],[-59.8939,55.2592,0.4483],[-59.8983,55.2578,0.0],[-59.8978,55.2564,6.6935],[-59.9022,55.2547,4.9354],[-59.9044,55.2561,2.5354],[-59.9039,55.2617,0.0],[-59.9126,55.263,1.6573],[-59.9233,55.26,0.8253],[-59.9322,55.2539,0.0],[-59.9322,55.2509,1.2551],[-59.9283,55.2478,1.6575],[-59.9183,55.2486,1.4093],[-59.9139,55.2441,1.4448],[-59.9083,55.2456,10.4173],[-59.9067,55.243899999999996,2.8645],[-59.9083,55.2428,0.0],[-59.9067,55.2408,1.5569],[-59.9128,55.2392,0.0],[-59.9177,55.2355,3.234],[-59.9205,55.2269,5.5643],[-59.9306,55.2294,1.3308],[-59.9306,55.2308,0.0],[-59.9361,55.2328,6.4732],[-59.9367,55.2353,1.4888],[-59.9389,55.2361,0.0],[-59.9428,55.2337,9.3451],[-59.9444,55.2347,1.0562],[-59.9483,55.2333,4.1993],[-59.9605,55.2353,2.7492],[-59.9683,55.2331,0.0],[-59.9688,55.2309,1.1656],[-59.9733,55.2311,1.2452],[-59.9744,55.2333,1.3042],[-59.9689,55.2351,0.0],[-59.9711,55.2367,2.5446],[-59.9641,55.2389,1.7342],[-59.9661,55.2409,1.9672],[-59.9706,55.2408,3.925],[-59.9722,55.2431,1.3022],[-59.9672,55.2458,1.1681],[-59.965,55.2441,2.4207],[-59.965,55.2419,0.0],[-59.9606,55.2422,0.0],[-59.9622,55.2453,0.2943],[-59.9588,55.2475,0.0],[-59.9594,55.2489,3.4806],[-59.9539,55.2519,0.0],[-59.955,55.2553,0.9226],[-59.9611,55.2536,10.859],[-59.9661,55.255,1.2628],[-59.9722,55.2531,3.721],[-59.9783,55.2497,0.0],[-59.9778,55.2483,2.358],[-59.9856,55.2428,10.9572],[-59.9928,55.2395,0.0],[-59.9933,55.2375,0.0],[-59.9917,55.2364,1.255],[-59.9817,55.2331,2.0746],[-59.9806,55.2311,1.1508],[-59.9818,55.2303,3.2531],[-59.9928,55.235,1.1592],[-60.0078,55.2286,17.0904],[-60.0089,55.2275,17.0904],[-60.0078,55.2258,18.397],[-60.0106,55.2236,27.3838],[-60.0156,55.2261,4.8842],[-60.0155,55.2297,4.2697],[-60.0167,55.23,4.2697],[-60.0309,55.2274,5.1998],[-60.0377,55.2219,12.2952],[-60.0383,55.2197,0.0],[-60.0344,55.2167,0.879],[-60.0283,55.2158,3.561],[-60.0286,55.2175,12.3011],[-60.0222,55.2211,1.9564],[-60.0207,55.2241,9.7864],[-60.0183,55.2242,9.7864],[-60.0144,55.2219,6.8052],[-60.0144,55.2206,6.8052],[-60.0194,55.2189,0.0],[-60.0222,55.2145,2.5187],[-60.016,55.2124,3.3767],[-60.0273,55.2083,8.8481],[-60.0234,55.2032,3.522],[-60.0261,55.2006,1.5995],[-60.0295,55.1983,4.8405],[-60.0323,55.1997,4.6242],[-60.0383,55.1992,0.6273],[-60.0426,55.1944,4.2624],[-60.0439,55.2017,0.0],[-60.0422,55.2033,0.0],[-60.0422,55.2075,0.7981],[-60.0505,55.2059,0.0],[-60.0544,55.2031,5.2126],[-60.0526,55.2003,9.3558],[-60.0578,55.1983,8.7225],[-60.0606,55.1942,0.0],[-60.0706,55.1878,11.2226],[-60.0794,55.1778,1.6418],[-60.0833,55.1706,0.0],[-60.0839,55.1592,4.7855],[-60.0856,55.1573,0.0],[-60.0844,55.1547,2.4784],[-60.0828,55.1545,13.7986],[-60.085,55.1533,6.9952],[-60.0833,55.1475,1.5707],[-60.0906,55.1444,5.4757],[-60.0911,55.1419,8.9726],[-60.0897,55.1405,8.9726],[-60.0978,55.1345,0.0],[-60.099,55.1319,7.1923],[-60.1088,55.1261,0.8215],[-60.115,55.118899999999996,5.6554],[-60.1272,55.1139,1.661],[-60.1305,55.1106,0.5116],[-60.1729,55.0939,2.0217],[-60.1806,55.0875,1.1417],[-60.1962,55.0805,0.0],[-60.2044,55.0743,3.6366],[-60.2111,55.0725,0.0],[-60.2172,55.0641,5.7512],[-60.2243,55.0641,0.0],[-60.2322,55.0611,1.2243],[-60.2386,55.0539,0.0],[-60.2542,55.0433,13.3551],[-60.2628,55.0417,5.3406],[-60.2678,55.0381,8.3112],[-60.2723,55.0374,1.0038],[-60.2699,55.0337,8.2104],[-60.2729,55.0285,1.834],[-60.2832,55.0208,1.0544],[-60.2911,55.0178,0.299],[-60.2969,55.0112,5.6579],[-60.2972,55.0064,11.0093],[-60.3042,54.998,11.4761],[-60.3088,54.9956,0.0],[-60.3204,54.985,0.0],[-60.3252,54.9781,8.4906],[-60.3402,54.9694,16.6106],[-60.3552,54.9632,10.2805],[-60.3672,54.9628,0.0],[-60.3626,54.9665,1.8251],[-60.3529,54.9696,3.941],[-60.3315,54.9811,2.8232],[-60.3167,55.0,4.9685],[-60.3111,55.0011,0.6107],[-60.3057,55.0087,2.7571],[-60.3071,55.0093,3.5429],[-60.3065,55.0115,8.3953],[-60.3023,55.0156,1.8552],[-60.3022,55.0187,1.419],[-60.3053,55.0258,2.4013],[-60.3083,55.0264,4.8655],[-60.3063,55.029,2.6813],[-60.3084,55.0302,5.2629],[-60.3082,55.0318,5.0742],[-60.3055,55.0325,1.9417],[-60.3066,55.0355,1.3551],[-60.3083,55.0359,8.0331],[-60.3022,55.0417,0.5616],[-60.3039,55.0436,3.2826],[-60.3072,55.0428,2.6647],[-60.3021,55.0461,0.876],[-60.3005,55.0503,0.3471],[-60.3039,55.0533,1.8352],[-60.3111,55.0522,4.8594],[-60.305,55.0553,0.0],[-60.2961,55.0556,11.8093],[-60.2906,55.0614,7.9423],[-60.2835,55.0615,0.0],[-60.2811,55.0594,3.3496],[-60.2767,55.0594,2.6823],[-60.2644,55.0647,0.5383],[-60.2644,55.0681,6.1964],[-60.2622,55.0714,2.8015],[-60.2561,55.0747,4.4007],[-60.2561,55.0773,21.0891],[-60.2528,55.0795,0.0],[-60.2527,55.0811,1.2073],[-60.2478,55.0839,6.1193],[-60.2489,55.0856,0.8043],[-60.2561,55.085,9.1677],[-60.2589,55.0864,4.0782],[-60.26,55.0883,21.2291],[-60.2589,55.0911,10.7071],[-60.2527,55.0946,4.9814],[-60.2439,55.0939,8.8523],[-60.2356,55.0989,22.8034],[-60.2306,55.0961,0.0],[-60.226,55.1025,13.1825],[-60.2194,55.1053,0.0],[-60.2233,55.1067,11.4432],[-60.224,55.11,1.9315],[-60.2256,55.1111,11.7533],[-60.2228,55.1161,0.6698],[-60.2206,55.1164,0.0],[-60.2239,55.1181,8.3988],[-60.2189,55.118899999999996,7.9103],[-60.2094,55.1239,13.8206],[-60.2094,55.1211,3.6865],[-60.2066,55.1192,4.6624],[-60.2116,55.118,7.0992],[-60.2172,55.1142,3.3255],[-60.2106,55.1125,3.4008],[-60.2061,55.1175,9.621],[-60.2044,55.1175,9.621],[-60.2061,55.1143,20.3193],[-60.2044,55.1109,7.0538],[-60.205,55.1072,10.9099],[-60.21,55.1064,15.8517],[-60.2123,55.1041,5.0508],[-60.2124,55.1017,2.6361],[-60.2099,55.0995,11.8504],[-60.2103,55.0955,9.6568],[-60.205,55.0931,0.0],[-60.1989,55.0973,5.0306],[-60.1983,55.1025,4.6864],[-60.1928,55.1089,0.0],[-60.1956,55.1119,0.5391],[-60.1917,55.1169,0.6573],[-60.1894,55.1167,7.6581],[-60.1867,55.1125,2.6352],[-60.1817,55.1153,0.0],[-60.1783,55.1195,5.6353],[-60.17,55.1239,8.3358],[-60.1655,55.1245,6.6432],[-60.1639,55.1231,0.0],[-60.155,55.1253,0.0],[-60.1489,55.1323,5.4987],[-60.1467,55.1392,12.9776],[-60.145,55.1401,12.9776],[-60.1477,55.1411,4.611],[-60.1356,55.1433,0.0],[-60.1294,55.1517,3.6218],[-60.1216,55.1569,0.0],[-60.1192,55.1623,20.8338],[-60.1156,55.1642,0.0],[-60.1139,55.1673,1.7626],[-60.115,55.1692,0.6938],[-60.1139,55.1731,6.6729],[-60.1072,55.1761,4.935],[-60.1022,55.1756,6.9353],[-60.0978,55.1778,17.9062],[-60.0928,55.1853,0.0],[-60.0927,55.1899,0.0],[-60.0944,55.1911,5.5909],[-60.0877,55.1936,1.8859],[-60.09,55.1945,0.4171],[-60.0989,55.1931,10.1513],[-60.1017,55.1945,6.3605],[-60.0755,55.2089,33.1416],[-60.0766,55.2128,1.4943],[-60.08,55.2133,4.6877],[-60.075,55.2192,9.634],[-60.0842,55.2181,7.484],[-60.0772,55.2231,0.0],[-60.082,55.2228,3.6681],[-60.0835,55.2267,12.4221],[-60.0817,55.2283,1.9615],[-60.0828,55.2296,1.8255],[-60.0917,55.2314,7.9694],[-60.0922,55.2333,1.408],[-60.0872,55.2319,3.5976],[-60.0811,55.2328,5.54],[-60.0811,55.2305,0.0],[-60.0772,55.2305,0.954],[-60.075,55.2317,0.954],[-60.0754,55.2337,4.6127],[-60.0713,55.2349,5.2488],[-60.07,55.2386,0.0],[-60.0606,55.2395,3.2481],[-60.0656,55.2422,0.0],[-60.0739,55.2419,29.9256],[-60.0761,55.2452,19.9258],[-60.0821,55.2461,16.2797],[-60.0841,55.2479,7.9937],[-60.0594,55.2414,0.0],[-60.0544,55.2417,0.0],[-60.0478,55.2461,0.0],[-60.0509,55.2481,12.3514],[-60.0474,55.2489,2.6349],[-60.0469,55.2506,0.0],[-60.0495,55.2533,6.0427],[-60.0433,55.2547,14.3889],[-60.0422,55.2592,6.6969],[-60.04,55.2597,6.6969],[-60.0402,55.2569,1.8202],[-60.0434,55.2537,2.8156],[-60.0383,55.2533,0.0],[-60.0332,55.2652,0.0],[-60.0405,55.2617,28.8738],[-60.0383,55.2653,5.7912],[-60.0433,55.2681,0.3519],[-60.0544,55.2675,3.1716],[-60.063,55.2647,0.0],[-60.0656,55.2611,15.8107],[-60.08,55.2602,17.2154],[-60.0906,55.2539,9.1462],[-60.0917,55.2511,3.5021],[-60.0867,55.2483,19.566],[-60.0956,55.2497,1.0534],[-60.0967,55.2473,2.5016],[-60.1028,55.2461,5.7971],[-60.1103,55.242,1.0608],[-60.1156,55.2361,19.9521],[-60.12,55.236,6.1371],[-60.1205,55.2339,0.0],[-60.1178,55.2325,10.8818],[-60.1191,55.2311,2.0892],[-60.1162,55.2295,3.0439],[-60.1161,55.2278,6.1576],[-60.1194,55.2287,11.1373],[-60.1222,55.2331,1.6895],[-60.1244,55.2322,1.6895],[-60.1257,55.2288,9.5903],[-60.1283,55.2295,5.1106],[-60.1276,55.2342,5.3002],[-60.1239,55.2339,2.4168],[-60.1239,55.2361,2.9797],[-60.1286,55.2373,0.0],[-60.1391,55.235,10.9689],[-60.1483,55.2284,11.1609],[-60.1494,55.2206,6.9108],[-60.1572,55.2189,0.4948],[-60.1561,55.2133,7.1977],[-60.172,55.2033,4.9429],[-60.1717,55.2,1.1116],[-60.1661,55.1958,4.086],[-60.1659,55.1941,0.7665],[-60.16,55.1939,9.1957],[-60.1728,55.1895,11.0241],[-60.1805,55.1833,6.2015],[-60.1863,55.1821,0.0],[-60.1862,55.1773,1.612],[-60.1891,55.1771,0.755],[-60.19,55.1753,13.2799],[-60.1944,55.1745,5.2927],[-60.1989,55.1758,0.562],[-60.1994,55.1747,4.0526],[-60.1972,55.175,7.4987],[-60.1978,55.1739,7.4987],[-60.2011,55.1745,0.8294],[-60.2078,55.17,10.1017],[-60.2108,55.171,1.0317],[-60.2172,55.1669,22.7552],[-60.2314,55.1632,10.6645],[-60.2458,55.1565,2.0499],[-60.2477,55.1547,0.0],[-60.2469,55.1525,7.1477],[-60.2483,55.1489,0.6022],[-60.2461,55.145,6.1505],[-60.2544,55.142,4.0239],[-60.2549,55.1391,13.9462],[-60.2583,55.1358,1.3991],[-60.2711,55.1283,1.4437],[-60.2722,55.1242,6.0672],[-60.2744,55.1228,2.3205],[-60.2722,55.1208,6.1656],[-60.2739,55.118899999999996,1.1297],[-60.28,55.1169,7.9456],[-60.2806,55.1142,1.6118],[-60.285,55.1114,3.0482],[-60.2933,55.1094,1.3729],[-60.2966,55.1069,1.5371],[-60.2906,55.1056,10.9162],[-60.3,55.1053,8.6021],[-60.3094,55.1011,3.6197],[-60.3123,55.1022,0.18],[-60.3222,55.0992,7.1857],[-60.3233,55.1005,2.5439],[-60.3217,55.1014,2.5439],[-60.2994,55.1075,1.3166],[-60.299,55.1092,0.5579],[-60.3011,55.1099,2.6406],[-60.3044,55.1089,3.7417],[-60.3039,55.1106,15.2555],[-60.2911,55.1197,2.9486],[-60.2911,55.1228,10.5247],[-60.2878,55.1267,0.0],[-60.2883,55.1289,1.4904],[-60.2811,55.1314,2.1948],[-60.2799,55.1352,1.8176],[-60.2756,55.1389,7.7937],[-60.2739,55.1383,4.0548],[-60.276,55.1354,0.0],[-60.2741,55.1347,0.0],[-60.2678,55.1456,7.0272],[-60.265,55.1439,2.2309],[-60.2611,55.1459,3.0941],[-60.2656,55.1465,5.1043],[-60.26,55.1461,3.0941],[-60.2607,55.1476,12.5926],[-60.255,55.1534,4.3321],[-60.2533,55.1533,0.0],[-60.2536,55.1553,0.0],[-60.2488,55.1593,13.275],[-60.2461,55.1597,1.816],[-60.2356,55.1683,13.035],[-60.2344,55.1653,0.0],[-60.2328,55.1653,0.0],[-60.2289,55.1681,0.0],[-60.2211,55.1694,2.4267],[-60.2133,55.1736,1.051],[-60.2111,55.1772,0.8546],[-60.2133,55.1783,7.5115],[-60.2081,55.1797,0.0],[-60.2034,55.1836,0.0],[-60.2046,55.1845,17.4683],[-60.1994,55.1903,0.0],[-60.1984,55.1937,3.5655],[-60.1928,55.1967,0.0],[-60.19,55.1947,0.0],[-60.1883,55.1953,0.0],[-60.1861,55.1992,1.7165],[-60.1867,55.2022,0.5837],[-60.1894,55.2028,4.3866],[-60.1856,55.2056,0.0],[-60.185,55.2078,0.0],[-60.1894,55.2083,0.7602],[-60.1911,55.2115,3.4881],[-60.1894,55.2156,9.1348],[-60.1872,55.2159,10.1274],[-60.1872,55.2142,0.3547],[-60.1844,55.2125,5.4125],[-60.1811,55.2131,1.2388],[-60.1817,55.2192,6.2558],[-60.1756,55.2197,1.193],[-60.1744,55.2222,0.8205],[-60.1753,55.2237,0.8205],[-60.1661,55.2242,3.0018],[-60.1617,55.2275,2.333],[-60.1619,55.2304,7.6857],[-60.16,55.2311,0.0],[-60.1633,55.2323,2.9845],[-60.1661,55.2303,15.5877],[-60.1789,55.2308,0.5583],[-60.1817,55.2292,2.4247],[-60.1839,55.224,4.1924],[-60.195,55.2253,17.9784],[-60.1994,55.2236,3.909],[-60.2033,55.2194,1.7224],[-60.2056,55.2219,0.0],[-60.21,55.2219,4.2926],[-60.21,55.2187,12.4683],[-60.2161,55.2161,3.5394],[-60.2183,55.2173,0.0],[-60.2236,55.2154,3.4551],[-60.2244,55.2142,3.4551],[-60.2228,55.2133,6.113],[-60.2287,55.2113,12.7862],[-60.2333,55.2061,1.9001],[-60.2367,55.2047,3.9759],[-60.2278,55.2133,3.658],[-60.2283,55.2156,0.892],[-60.2255,55.2197,8.2377],[-60.2144,55.2211,0.9506],[-60.2133,55.2222,1.0807],[-60.2144,55.2231,1.0807],[-60.2111,55.2245,1.4991],[-60.2094,55.2281,1.5047],[-60.2044,55.23,0.0],[-60.2,55.2356,4.178],[-60.1978,55.2353,0.0],[-60.1912,55.2428,8.1101],[-60.1878,55.2444,1.6431],[-60.1886,55.2462,14.6093],[-60.1867,55.2469,0.0],[-60.1865,55.2492,12.4417],[-60.1817,55.2503,3.2174],[-60.1813,55.2518,2.5671],[-60.1794,55.2511,8.9773],[-60.1828,55.2458,12.4663],[-60.1883,55.2433,1.9815],[-60.1911,55.2383,0.0],[-60.1833,55.2414,11.1824],[-60.1817,55.2443,7.6337],[-60.1706,55.2469,11.3197],[-60.1617,55.2533,0.0],[-60.16,55.2569,0.0],[-60.1567,55.2592,12.7283],[-60.1544,55.2592,8.1349],[-60.1539,55.2578,1.0748],[-60.15,55.2583,0.0],[-60.1483,55.2617,0.0],[-60.1502,55.2642,1.8516],[-60.1498,55.2675,10.6202],[-60.1444,55.2653,0.0],[-60.1411,55.2673,10.5516],[-60.1367,55.2673,2.9476],[-60.1372,55.2733,1.6111],[-60.1394,55.2731,10.6565],[-60.1444,55.2769,5.8764],[-60.1619,55.2751,11.5885],[-60.1539,55.2783,0.0],[-60.1561,55.2797,15.5252],[-60.1694,55.28,6.0931],[-60.1739,55.2761,4.3983],[-60.1842,55.2765,11.5286],[-60.1897,55.2722,4.9309],[-60.1872,55.2694,3.3111],[-60.1683,55.2719,3.8929],[-60.1706,55.2678,15.2103],[-60.1717,55.27,1.5957],[-60.1744,55.2703,13.5498],[-60.1923,55.2651,11.9435],[-60.1936,55.2634,6.325],[-60.19,55.2625,2.4583],[-60.1717,55.2661,6.4855],[-60.175,55.2645,5.9086],[-60.1755,55.2625,9.4323],[-60.1822,55.2637,9.7348],[-60.1906,55.2592,3.4791],[-60.2011,55.2567,0.7858],[-60.1989,55.2545,4.2064],[-60.2,55.2525,6.9954],[-60.2039,55.2542,1.0722],[-60.2122,55.2525,1.8677],[-60.2133,55.2489,2.2172],[-60.2244,55.2414,5.481],[-60.2244,55.2386,7.3499],[-60.2284,55.2373,4.5638],[-60.2344,55.23,18.237],[-60.2394,55.2275,5.4168],[-60.24,55.2289,8.0754],[-60.2372,55.2306,1.9157],[-60.235,55.2347,2.4106],[-60.23,55.2367,4.6539],[-60.2289,55.2395,0.0],[-60.2322,55.24,6.884],[-60.2328,55.2428,0.0],[-60.2289,55.2506,0.0],[-60.24,55.2481,12.7206],[-60.2427,55.2492,2.4781],[-60.2317,55.2536,0.0],[-60.2306,55.2562,2.3856],[-60.2406,55.2526,8.1985],[-60.2456,55.2494,0.6722],[-60.2444,55.2481,7.1147],[-60.2567,55.2451,7.8108],[-60.2597,55.2425,3.6398],[-60.265,55.2432,2.9616],[-60.2644,55.2453,0.0],[-60.263,55.2474,6.4403],[-60.2539,55.2486,0.0],[-60.24,55.2556,1.5683],[-60.2361,55.2586,0.0],[-60.235,55.2617,0.0],[-60.2294,55.265,0.0],[-60.2311,55.2664,0.698],[-60.2305,55.2681,0.3435],[-60.2283,55.2675,0.0],[-60.2211,55.2759,1.5881],[-60.2243,55.2767,5.9042],[-60.2304,55.2745,9.267],[-60.2283,55.2783,0.0],[-60.2361,55.2775,1.3486],[-60.2356,55.2744,0.6793],[-60.2383,55.2731,0.0],[-60.23,55.2692,2.7461],[-60.2311,55.2683,0.3435],[-60.2422,55.2697,10.9254],[-60.2422,55.2742,4.0118],[-60.2406,55.2761,0.0],[-60.2475,55.2743,4.4883],[-60.2478,55.2728,0.0],[-60.2447,55.2711,6.5151],[-60.2483,55.2687,3.193],[-60.2456,55.2672,3.9141],[-60.2472,55.265,10.9084],[-60.252,55.2702,3.4006],[-60.2511,55.2737,0.976],[-60.2527,55.2739,0.0],[-60.2556,55.2687,9.6662],[-60.2605,55.2642,0.2226],[-60.2583,55.2619,0.0],[-60.2555,55.2617,9.1869],[-60.2567,55.2594,1.2067],[-60.2525,55.2597,10.0342],[-60.2578,55.2544,14.5571],[-60.2594,55.2556,2.8065],[-60.2589,55.2575,2.7231],[-60.2616,55.2581,3.3213],[-60.2667,55.2531,3.7254],[-60.2672,55.2547,0.0],[-60.27,55.2544,2.589],[-60.2702,55.252,11.7183],[-60.2738,55.2531,0.8651],[-60.2735,55.2509,5.2479],[-60.2917,55.243899999999996,0.0],[-60.2923,55.2413,4.0284],[-60.2906,55.2405,9.9675],[-60.2932,55.2394,0.3038],[-60.2878,55.2383,0.0],[-60.2872,55.24,0.0],[-60.2889,55.2405,9.9675],[-60.2878,55.2411,2.8856],[-60.2833,55.2433,3.1322],[-60.28,55.2428,0.8953],[-60.2722,55.2483,0.9131],[-60.2661,55.2506,0.0],[-60.265,55.2525,3.7156],[-60.26,55.253,0.9773],[-60.2683,55.2475,0.0],[-60.2683,55.2441,0.0],[-60.2729,55.2437,1.6574],[-60.2772,55.2411,1.2916],[-60.2769,55.2375,4.0583],[-60.2894,55.2339,0.0],[-60.2956,55.2297,0.0],[-60.2956,55.2272,0.0],[-60.3187,55.2151,8.9628],[-60.3311,55.2044,4.113],[-60.3338,55.2039,4.113],[-60.3344,55.2017,11.1863],[-60.3361,55.2019,11.1863],[-60.3398,55.1981,9.4392],[-60.348,55.1936,4.4093],[-60.3453,55.1891,6.8228],[-60.3531,55.1851,0.0],[-60.3522,55.1833,11.6647],[-60.3544,55.1828,2.3807],[-60.3555,55.1789,0.0],[-60.36,55.1742,8.4667],[-60.3635,55.1732,0.0],[-60.3622,55.1705,15.2822],[-60.3644,55.1694,3.3376],[-60.3644,55.1681,1.1292],[-60.3628,55.1681,7.4613],[-60.3639,55.1664,5.7343],[-60.3678,55.1672,1.5081],[-60.375,55.1617,4.7037],[-60.3817,55.1608,0.9163],[-60.3806,55.1578,6.7686],[-60.3866,55.1597,3.5621],[-60.3906,55.1564,0.5669],[-60.3894,55.1525,6.7825],[-60.4012,55.147,4.496],[-60.4072,55.1413,5.2714],[-60.4058,55.1389,21.8824],[-60.41,55.1386,3.1887],[-60.4106,55.1411,0.5685],[-60.4155,55.1437,1.6433],[-60.415,55.1455,0.0],[-60.4172,55.1497,2.2809],[-60.4156,55.1514,0.0],[-60.4161,55.1531,0.0],[-60.4106,55.1586,4.564],[-60.4056,55.1597,0.0],[-60.4061,55.1622,0.0],[-60.4083,55.1628,5.7025],[-60.4067,55.1658,0.794],[-60.4078,55.1675,0.0],[-60.4211,55.1659,0.0],[-60.435,55.16,5.0545],[-60.4433,55.1597,3.3229],[-60.4472,55.1619,3.0954],[-60.4494,55.1564,3.3313],[-60.4611,55.155,3.8232],[-60.4639,55.1528,0.0],[-60.4622,55.1495,5.9811],[-60.47,55.1344,1.3526],[-60.4756,55.1314,19.7928],[-60.4828,55.1306,0.0],[-60.4933,55.1231,0.0],[-60.4917,55.1217,2.443],[-60.4928,55.1203,0.0],[-60.4889,55.1195,2.9691],[-60.4839,55.1133,0.0],[-60.4789,55.1112,1.5371],[-60.4762,55.1078,3.7082],[-60.4839,55.1039,0.0],[-60.4833,55.1022,0.7694],[-60.49,55.0989,2.88],[-60.5106,55.0942,0.9235],[-60.525,55.0844,4.5499],[-60.5261,55.0817,5.2924],[-60.5371,55.0786,8.9342],[-60.5372,55.0775,8.9342],[-60.5617,55.0731,10.8981],[-60.5622,55.0736,10.8981],[-60.56,55.075,1.0884],[-60.5628,55.0751,2.4287],[-60.5845,55.068,8.4249],[-60.591,55.0641,19.4516],[-60.5982,55.0569,0.0],[-60.6039,55.0455,0.0],[-60.6033,55.0439,15.7313],[-60.6122,55.0359,1.6078],[-60.6113,55.0312,0.0],[-60.6087,55.0295,1.1388],[-60.6082,55.025,6.4149],[-60.6117,55.0261,0.8856],[-60.615,55.0237,12.7297],[-60.6233,55.0247,2.414],[-60.6305,55.0225,0.0],[-60.6394,55.0223,0.0],[-60.6438,55.0189,0.0],[-60.6517,55.0164,7.2422],[-60.6556,55.0108,0.0],[-60.6622,55.0078,1.5576],[-60.6656,55.0033,3.3064],[-60.6711,54.9997,21.2695],[-60.677,54.9873,2.8666],[-60.6796,54.986,1.9359],[-60.6864,54.987,4.1847],[-60.6948,54.9855,2.3925],[-60.6939,54.9886,3.2039],[-60.6965,54.991,11.3038],[-60.695,54.9936,0.0],[-60.6855,55.0047,0.0],[-60.6833,55.0047,0.0],[-60.6794,55.0111,3.2909],[-60.6772,55.0119,0.0],[-60.6728,55.0203,0.0],[-60.6611,55.0172,1.5266],[-60.6556,55.0194,3.2831],[-60.654,55.0248,1.9795],[-60.6644,55.0297,1.8026],[-60.6844,55.0336,19.7819],[-60.6871,55.0348,7.493],[-60.6878,55.0369,0.6642],[-60.6922,55.0364,13.9153],[-60.6964,55.0379,4.5561],[-60.6939,55.0395,8.4726],[-60.6822,55.0386,0.0],[-60.6783,55.0411,15.818],[-60.665,55.0417,1.3168],[-60.6517,55.0386,1.3428],[-60.6461,55.0353,0.0],[-60.6433,55.0356,3.7475],[-60.6427,55.0368,0.3016],[-60.6522,55.0406,1.3212],[-60.655,55.045,1.6604],[-60.6528,55.0495,0.0],[-60.6617,55.0511,2.0836],[-60.6617,55.0531,2.9112],[-60.6578,55.0569,7.6972],[-60.6567,55.0567,7.2169],[-60.6567,55.0555,7.2169],[-60.6583,55.0542,1.5385],[-60.6533,55.0531,3.2713],[-60.65,55.05,0.0],[-60.6428,55.0522,12.6009],[-60.6416,55.0497,0.0],[-60.6366,55.0506,1.3148],[-60.6339,55.0539,2.7918],[-60.6373,55.0558,3.1171],[-60.635,55.06,0.0],[-60.6356,55.0625,5.3344],[-60.6292,55.0637,0.0],[-60.6272,55.0675,8.3095],[-60.62,55.0719,0.5272],[-60.6178,55.0714,0.0],[-60.6178,55.0728,3.1232],[-60.6112,55.0761,6.4664],[-60.6061,55.0753,0.0],[-60.6055,55.0765,5.1719],[-60.6011,55.0761,0.0],[-60.5994,55.0778,9.9691],[-60.5944,55.0783,0.0],[-60.5689,55.0899,5.7916],[-60.5594,55.0922,27.4922],[-60.5528,55.0914,0.0],[-60.5422,55.0964,0.705],[-60.5378,55.0967,0.0],[-60.535,55.0997,0.7702],[-60.5317,55.1,0.0],[-60.53,55.1028,4.782],[-60.5277,55.1025,4.782],[-60.5278,55.1053,15.565],[-60.525,55.1075,4.0565],[-60.5194,55.1061,0.0],[-60.5117,55.1125,0.0],[-60.5133,55.115,5.7599],[-60.5117,55.1158,0.0],[-60.5156,55.1161,7.1169],[-60.5139,55.1181,0.7975],[-60.5144,55.1209,5.4979],[-60.5078,55.1247,0.0],[-60.5089,55.1264,0.0],[-60.5011,55.1322,15.5873],[-60.4914,55.1355,0.0],[-60.493899999999996,55.1383,16.6584],[-60.4928,55.1397,6.1245],[-60.493899999999996,55.1406,9.2451],[-60.4906,55.1411,2.0616],[-60.4883,55.1472,2.8053],[-60.4818,55.1523,2.6312],[-60.4822,55.1556,0.0],[-60.4867,55.1545,7.5044],[-60.4872,55.1575,5.9039],[-60.4833,55.1569,0.0],[-60.4794,55.1703,1.6196],[-60.4694,55.1778,2.5169],[-60.4656,55.1831,0.0],[-60.4611,55.1839,0.0],[-60.46,55.1861,0.0],[-60.465,55.1864,5.9979],[-60.4622,55.1878,0.0],[-60.4639,55.1902,4.3398],[-60.4533,55.1944,19.1876],[-60.4556,55.1922,0.0],[-60.4522,55.1911,2.5991],[-60.4544,55.1891,0.2836],[-60.4528,55.1883,0.0],[-60.4483,55.1908,1.7398],[-60.4489,55.1922,7.2781],[-60.4467,55.1939,7.1798],[-60.4444,55.1925,0.9101],[-60.44,55.1958,4.6636],[-60.4374,55.1955,10.1931],[-60.4393,55.1939,2.462],[-60.435,55.1933,0.0],[-60.4294,55.1986,1.466],[-60.4239,55.1986,0.0],[-60.4117,55.2067,0.2616],[-60.3939,55.2133,1.7198],[-60.38,55.2259,0.5049],[-60.3783,55.2299,29.1118],[-60.375,55.23,0.0],[-60.3717,55.2345,1.8573],[-60.3722,55.2369,0.2769],[-60.3628,55.2397,3.404],[-60.3628,55.2414,0.0],[-60.3694,55.2483,6.1397],[-60.3685,55.2509,0.0],[-60.3756,55.2506,7.7066],[-60.3778,55.255,17.3084],[-60.3843,55.2554,8.6915],[-60.3921,55.2467,25.1568],[-60.3961,55.2472,11.2041],[-60.3944,55.2506,0.0],[-60.404,55.2517,12.346],[-60.4083,55.2502,0.0],[-60.4124,55.2447,13.6727],[-60.4178,55.2453,10.9444],[-60.4172,55.2417,0.2422],[-60.4144,55.2409,8.9313],[-60.4178,55.2386,23.6267],[-60.43,55.2394,5.097],[-60.4306,55.2378,22.203],[-60.4383,55.2333,10.4921],[-60.4361,55.2317,0.0],[-60.4316,55.2317,5.1774],[-60.4333,55.2267,0.0],[-60.4305,55.226,17.4409],[-60.43,55.2228,3.0611],[-60.4272,55.2203,3.1223],[-60.435,55.2139,0.0],[-60.445,55.2117,2.5276],[-60.4494,55.2117,2.7134],[-60.4528,55.2136,0.8459],[-60.4528,55.2181,0.0],[-60.4561,55.2189,6.8568],[-60.4555,55.2209,6.2203],[-60.4584,55.2261,4.1799],[-60.4616,55.2281,0.0],[-60.4689,55.2269,9.6847],[-60.4717,55.2289,0.2546],[-60.4778,55.2295,2.0609],[-60.4844,55.2267,10.5126],[-60.4861,55.2278,0.2096],[-60.485,55.2308,0.0],[-60.4894,55.2306,0.7368],[-60.4933,55.2278,0.0],[-60.49,55.225,12.7297],[-60.4967,55.2236,12.6225],[-60.5061,55.2167,6.5552],[-60.5139,55.2133,6.2839],[-60.5233,55.2056,12.6206],[-60.5317,55.2017,2.4536],[-60.5487,55.1731,2.3178],[-60.5551,55.1677,7.6886],[-60.5717,55.1664,1.5592],[-60.5728,55.1645,0.539],[-60.5772,55.1631,10.3374],[-60.5894,55.1656,0.0],[-60.5967,55.1617,9.2521],[-60.603,55.1621,1.3278],[-60.6222,55.1523,10.6843],[-60.6235,55.1549,9.3253],[-60.6267,55.1557,6.1026],[-60.6178,55.1556,0.956],[-60.6167,55.1583,2.2273],[-60.6239,55.1589,4.6793],[-60.622,55.1627,10.8952],[-60.6183,55.1642,10.4141],[-60.6134,55.1691,3.762],[-60.605,55.1709,0.776],[-60.6011,55.1742,11.402],[-60.6,55.1725,3.233],[-60.5967,55.1725,2.0633],[-60.5949,55.1768,1.0956],[-60.5878,55.1806,14.6128],[-60.5744,55.18,4.8095],[-60.5717,55.1786,0.0],[-60.5678,55.181399999999996,2.671],[-60.5633,55.1819,0.0],[-60.5572,55.1864,0.0],[-60.5578,55.1886,0.0],[-60.5444,55.1947,0.757],[-60.5472,55.1972,3.8607],[-60.5467,55.1989,0.0],[-60.5494,55.2031,0.0],[-60.5489,55.2094,6.6245],[-60.5472,55.2109,0.0],[-60.5494,55.2144,3.0495],[-60.5461,55.2219,5.2702],[-60.5378,55.2247,10.9144],[-60.5344,55.2325,16.7842],[-60.5217,55.2294,3.9207],[-60.5161,55.2305,15.7365],[-60.515,55.2333,0.0],[-60.5089,55.2375,2.055],[-60.4911,55.2405,5.4573],[-60.49,55.2444,1.6976],[-60.4822,55.2467,0.4202],[-60.4811,55.2503,10.5935],[-60.4767,55.2553,0.6111],[-60.4778,55.2594,0.0],[-60.4817,55.2581,19.2866],[-60.4923,55.2587,7.5674],[-60.4916,55.2552,7.7352],[-60.4994,55.2556,1.2848],[-60.5,55.2508,11.3604],[-60.5133,55.2497,3.2137],[-60.5227,55.247,35.3352],[-60.5261,55.2436,14.3156],[-60.5317,55.2414,11.2221],[-60.5361,55.2436,11.7292],[-60.5361,55.2453,11.6627],[-60.535,55.2478,5.0896],[-60.5283,55.2497,4.5649],[-60.53,55.2533,0.5013],[-60.5261,55.2564,0.5466],[-60.5344,55.2586,6.2635],[-60.5333,55.2622,5.6527],[-60.5278,55.2642,18.7818],[-60.5167,55.2637,1.1207],[-60.515,55.2608,14.213],[-60.52,55.2575,1.6279],[-60.5183,55.2564,0.0],[-60.51,55.2589,2.6458],[-60.5044,55.2625,4.3404],[-60.4994,55.2619,0.0],[-60.4956,55.265,0.0],[-60.4983,55.2678,0.1982],[-60.4967,55.2692,0.3076],[-60.4989,55.2703,9.7925],[-60.4936,55.271,11.2171],[-60.4888,55.2693,4.5489],[-60.4896,55.2664,2.3853],[-60.4805,55.2664,0.8256],[-60.4814,55.2639,1.2521],[-60.4739,55.2636,0.0],[-60.4722,55.2661,0.0],[-60.4711,55.2764,5.7145],[-60.4767,55.2853,5.1146],[-60.4789,55.285,14.4016],[-60.48,55.2867,1.0505],[-60.4778,55.2875,16.7834],[-60.4717,55.2833,0.0],[-60.4667,55.2847,2.4173],[-60.4622,55.2905,1.2362],[-60.4633,55.295,0.0],[-60.4583,55.2983,4.5307],[-60.4572,55.3009,9.114],[-60.4392,55.2999,5.647],[-60.44,55.2986,0.9749],[-60.4378,55.2964,11.2923],[-60.4428,55.2981,4.281],[-60.4461,55.2966,9.4117],[-60.4517,55.2969,9.323],[-60.4597,55.2938,0.0],[-60.4608,55.2882,14.682],[-60.4574,55.2821,12.7494],[-60.4528,55.2792,12.9462],[-60.4539,55.2778,1.9606],[-60.4527,55.2762,15.9279],[-60.4551,55.2693,6.6912],[-60.4586,55.2687,7.493],[-60.4594,55.2664,1.1113],[-60.4472,55.2701,0.9829],[-60.435,55.2686,0.0],[-60.43,55.2697,5.74],[-60.4306,55.2686,2.424],[-60.4244,55.2664,0.8335],[-60.4139,55.2709,19.0187],[-60.4083,55.2708,6.5136],[-60.407,55.2728,1.2525],[-60.4092,55.277,25.0225],[-60.4044,55.2789,2.1278],[-60.4094,55.2844,8.3254],[-60.4078,55.2881,0.8452],[-60.4011,55.2878,2.0347],[-60.3961,55.2911,2.9858],[-60.3938,55.2872,4.2144],[-60.3895,55.2887,0.0],[-60.3883,55.2903,1.03],[-60.3928,55.2922,0.0531],[-60.3933,55.295,0.0],[-60.3967,55.2975,3.6544],[-60.3955,55.3014,0.0],[-60.4011,55.3017,6.7148],[-60.4099,55.2995,7.0166],[-60.4094,55.2975,5.5101],[-60.4033,55.2936,3.8247],[-60.4039,55.2925,3.8247],[-60.4089,55.2931,1.4545],[-60.4094,55.2919,6.0388],[-60.4161,55.2959,0.0],[-60.43,55.2947,9.3426],[-60.4311,55.2964,4.2997],[-60.4278,55.2992,0.0],[-60.43,55.2989,0.0],[-60.4306,55.3003,0.0],[-60.4189,55.2997,4.2618],[-60.4183,55.2975,2.482],[-60.4144,55.2981,0.3834],[-60.415,55.3017,0.3173],[-60.4067,55.3022,1.7278],[-60.4072,55.3067,6.1543],[-60.4045,55.3109,1.9668],[-60.4044,55.3139,6.9039],[-60.3961,55.3253,4.9475],[-60.39,55.3264,0.0055],[-60.3925,55.3238,4.5218],[-60.39,55.3197,0.0],[-60.3878,55.3197,0.0],[-60.3861,55.3253,14.2974],[-60.3817,55.3258,0.324],[-60.3839,55.3275,4.1706],[-60.3828,55.3314,0.0],[-60.3861,55.3383,6.8385],[-60.3789,55.345,0.417],[-60.38,55.3461,1.1776],[-60.3789,55.3469,1.1776],[-60.3833,55.3469,7.3487],[-60.3894,55.3428,1.3892],[-60.3889,55.3461,1.6873],[-60.3916,55.3475,6.2496],[-60.3917,55.3497,3.9688],[-60.3889,55.3536,0.9825],[-60.3911,55.3559,34.9969],[-60.3878,55.3575,47.4019],[-60.3839,55.3645,18.6761],[-60.3761,55.37,3.6436],[-60.3767,55.3719,5.826],[-60.3739,55.3736,0.0],[-60.3728,55.3789,2.5094],[-60.3694,55.3822,0.2804],[-60.3722,55.3856,5.9711],[-60.3694,55.3856,9.6588],[-60.3683,55.3836,0.0],[-60.365,55.3847,5.2418],[-60.3644,55.3878,0.9454],[-60.3678,55.3897,1.0575],[-60.3644,55.3933,0.3144],[-60.3655,55.3981,12.8817],[-60.3622,55.3989,4.0448],[-60.3638,55.3974,0.0],[-60.3635,55.3946,1.7957],[-60.3594,55.3933,0.0],[-60.3544,55.3958,1.6543],[-60.3532,55.3981,4.6537],[-60.3461,55.3981,14.1894],[-60.3433,55.3961,1.6455],[-60.3439,55.3939,0.2659],[-60.3394,55.3939,12.8483],[-60.335,55.3889,6.7597],[-60.3311,55.3878,0.3504],[-60.3233,55.3878,0.0],[-60.3211,55.3911,0.0816],[-60.3272,55.3914,1.9762],[-60.3261,55.3933,1.6042],[-60.3217,55.3947,0.4527],[-60.3244,55.3967,1.5205],[-60.3222,55.3983,0.0],[-60.3244,55.3992,2.2399],[-60.3233,55.4031,0.0],[-60.3378,55.4078,2.3543],[-60.3422,55.4069,9.4092],[-60.3494,55.4095,3.1687],[-60.3544,55.4081,8.504],[-60.3511,55.4128,2.1268],[-60.3561,55.4203,11.5306],[-60.35,55.4181,6.2504],[-60.3456,55.4125,2.319],[-60.3411,55.4125,2.2617],[-60.3396,55.4142,9.4199],[-60.3233,55.4064,0.0],[-60.3217,55.4064,0.0],[-60.3211,55.4095,4.1729],[-60.3162,55.4105,8.3855],[-60.3111,55.4092,26.2995],[-60.3056,55.4044,0.3151],[-60.3017,55.4081,2.5642],[-60.2894,55.4018,0.0],[-60.2878,55.4019,0.5094],[-60.289,55.4031,4.5144],[-60.2879,55.404,15.2722],[-60.2845,55.4041,5.7697],[-60.2844,55.4081,3.227],[-60.2817,55.4103,0.0],[-60.2711,55.4089,4.576],[-60.2633,55.4114,0.0],[-60.2622,55.4136,0.0],[-60.2572,55.4142,0.0],[-60.2527,55.418,0.6686],[-60.2544,55.4206,3.5884],[-60.2517,55.4225,1.0009],[-60.2517,55.4247,2.3852],[-60.2494,55.4245,6.3905],[-60.2472,55.42,2.1564],[-60.2428,55.4183,0.0],[-60.2376,55.4247,52.8514],[-60.2305,55.4289,5.1956],[-60.2289,55.4261,9.6014],[-60.2344,55.4225,1.4817],[-60.2319,55.4176,2.0508],[-60.226,55.4162,4.1029],[-60.2231,55.4189,5.8256],[-60.2149,55.4195,3.1579],[-60.2133,55.4167,0.0],[-60.2086,55.4163,2.0666],[-60.2044,55.4169,0.0],[-60.2007,55.4223,55.7991],[-60.195,55.4261,0.0],[-60.1996,55.4295,1.9676],[-60.2038,55.4273,1.2748],[-60.2144,55.4272,5.2643],[-60.2117,55.4294,1.5253],[-60.2116,55.4315,6.067],[-60.2178,55.4303,16.2513],[-60.2233,55.4369,9.0925],[-60.2272,55.4378,2.126],[-60.2278,55.4422,0.0],[-60.2317,55.4414,6.2814],[-60.2394,55.445,6.3174],[-60.235,55.4469,0.4226],[-60.2328,55.4456,7.8304],[-60.227,55.4457,11.0091],[-60.2145,55.4391,9.2465],[-60.2072,55.4392,0.7603],[-60.2067,55.4411,6.5008],[-60.2023,55.4419,0.0],[-60.2038,55.4452,28.1283],[-60.2016,55.4469,1.1677],[-60.2044,55.4483,8.7461],[-60.2182,55.4511,3.9379],[-60.2156,55.4497,5.6115],[-60.22,55.4494,3.6298],[-60.2189,55.4456,3.2202],[-60.2204,55.4453,12.9929],[-60.2255,55.4483,9.7167],[-60.2206,55.4497,3.6298],[-60.2222,55.4514,1.5711],[-60.2289,55.4503,6.7229],[-60.2283,55.4531,0.0],[-60.2239,55.4525,1.3643],[-60.2216,55.4542,0.0],[-60.2233,55.4544,7.7706],[-60.2251,55.4578,14.7128],[-60.2223,55.4632,74.6737],[-60.2148,55.4674,43.9492],[-60.2089,55.4685,4.7704],[-60.2089,55.4712,0.5112],[-60.2168,55.4732,3.5942],[-60.2172,55.4747,0.8983],[-60.2144,55.4769,0.0],[-60.2161,55.4803,8.3276],[-60.2244,55.4814,4.2564],[-60.2244,55.4828,2.9318],[-60.22,55.4828,0.0],[-60.2239,55.4853,5.1467],[-60.2267,55.4845,3.0496],[-60.2272,55.4825,3.8468],[-60.2239,55.4797,3.0687],[-60.2233,55.4764,12.8671],[-60.2289,55.4781,1.1582],[-60.2289,55.4795,0.0],[-60.2344,55.4797,2.6943],[-60.2344,55.4822,0.0],[-60.2391,55.4825,5.473],[-60.2405,55.4881,0.0],[-60.2477,55.4873,14.2104],[-60.2477,55.49,18.2265],[-60.2461,55.4905,0.3429],[-60.2506,55.4956,15.251],[-60.2478,55.4983,9.4183],[-60.2519,55.4985,10.2201],[-60.2511,55.5011,5.9051],[-60.2556,55.5023,0.4833],[-60.2572,55.5,8.538],[-60.2631,55.5053,5.1238],[-60.2727,55.5047,10.933],[-60.2778,55.507,16.8357],[-60.2832,55.5013,0.0],[-60.2872,55.4928,7.0163],[-60.2948,55.4885,7.7647],[-60.2956,55.4822,0.0],[-60.2906,55.4836,6.6041],[-60.2867,55.4786,3.6597],[-60.2922,55.4747,17.7825],[-60.2956,55.4743,0.0],[-60.2973,55.4673,6.4576],[-60.3009,55.464,15.3409],[-60.3,55.461,11.4681],[-60.3023,55.4588,1.6795],[-60.3017,55.4561,0.3864],[-60.2995,55.4565,2.9782],[-60.2972,55.4544,4.6345],[-60.2978,55.4533,0.3175],[-60.2945,55.452,10.84],[-60.2972,55.4483,0.329],[-60.295,55.4481,0.329],[-60.2956,55.4469,0.0],[-60.29,55.4419,0.258],[-60.2856,55.4406,2.9581],[-60.2889,55.4369,0.84],[-60.2872,55.4342,7.7903],[-60.2839,55.4334,0.0],[-60.2839,55.4378,4.184],[-60.2772,55.4375,9.9848],[-60.2831,55.4297,2.1095],[-60.2811,55.4281,4.8676],[-60.2817,55.425,26.197],[-60.29,55.425,2.9323],[-60.2846,55.4297,2.1095],[-60.2844,55.4322,0.0],[-60.295,55.4283,8.1746],[-60.2983,55.4328,0.1932],[-60.2989,55.4389,0.0],[-60.3011,55.4386,2.03],[-60.3022,55.4342,3.6551],[-60.3098,55.4351,15.1782],[-60.3138,55.4327,0.0],[-60.3129,55.4308,25.1656],[-60.3184,55.4295,5.9539],[-60.3261,55.4342,1.7873],[-60.3306,55.4333,12.1082],[-60.3355,55.4353,2.2512],[-60.3289,55.4381,0.9926],[-60.3328,55.4419,1.8648],[-60.3322,55.445,0.0],[-60.3189,55.4394,2.1863],[-60.3139,55.4403,0.0],[-60.3094,55.4431,0.0],[-60.31,55.4444,0.7551],[-60.3155,55.4447,0.8119],[-60.3172,55.4503,1.5644],[-60.32,55.4519,17.4118],[-60.3194,55.4539,3.8343],[-60.3162,55.455,0.0],[-60.3183,55.4565,0.5789],[-60.3394,55.4436,17.0802],[-60.3456,55.445,3.6987],[-60.3505,55.4422,5.8032],[-60.3494,55.4409,9.1226],[-60.3506,55.4389,0.1006],[-60.3444,55.4378,8.5987],[-60.3411,55.4339,6.738],[-60.3467,55.4303,17.3186],[-60.3533,55.4308,4.5888],[-60.3561,55.4369,5.2469],[-60.3578,55.4373,0.0],[-60.3644,55.4342,3.971],[-60.3589,55.4247,1.2784],[-60.3561,55.4231,3.6988],[-60.3622,55.4231,4.8437],[-60.3661,55.4214,0.9718],[-60.365,55.4183,18.4379],[-60.37,55.4192,0.0],[-60.3711,55.4217,4.3056],[-60.3733,55.4214,4.0334],[-60.3739,55.4228,4.5475],[-60.3683,55.4261,0.0],[-60.3694,55.4297,2.1988],[-60.3728,55.4305,0.5746],[-60.3711,55.4337,5.1092],[-60.3722,55.4372,1.2348],[-60.3694,55.4411,0.0],[-60.3778,55.4428,4.4861],[-60.3794,55.4456,3.5431],[-60.3772,55.445,0.3379],[-60.3767,55.4464,2.1364],[-60.3789,55.4472,11.7383],[-60.3672,55.4486,5.4962],[-60.3639,55.4461,0.7385],[-60.3617,55.4475,3.0204],[-60.3628,55.45,0.0],[-60.36,55.4511,8.4353],[-60.3544,55.4489,7.062],[-60.3472,55.4509,8.7823],[-60.3439,55.4503,0.0],[-60.3406,55.4514,6.4588],[-60.3361,55.4578,7.7394],[-60.3316,55.4575,5.7498],[-60.3317,55.4561,1.7094],[-60.3261,55.4544,0.0],[-60.3261,55.4569,5.4393],[-60.3217,55.4606,1.2473],[-60.3233,55.4631,0.0],[-60.3205,55.4678,9.3471],[-60.3244,55.4703,6.0115],[-60.3339,55.4692,12.9966],[-60.3356,55.4744,1.1548],[-60.325,55.4773,0.0],[-60.3239,55.4814,6.6311],[-60.3211,55.4823,3.7954],[-60.3217,55.4847,4.7438],[-60.3094,55.48,0.0],[-60.3053,55.4831,30.2248],[-60.3083,55.4867,30.0133],[-60.3076,55.4892,2.6457],[-60.3128,55.4894,2.4813],[-60.315,55.4931,0.708],[-60.3256,55.4925,3.3031],[-60.3372,55.4942,1.5412],[-60.3411,55.4925,0.3914],[-60.34,55.4906,7.4204],[-60.3422,55.4892,3.5375],[-60.3472,55.4881,8.2983],[-60.3578,55.4819,9.3598],[-60.3622,55.4725,3.3437],[-60.3727,55.4683,14.6202],[-60.3735,55.4671,0.0],[-60.3713,55.4625,2.321],[-60.3772,55.4583,17.9158],[-60.3822,55.4569,0.4671],[-60.3741,55.4525,5.8292],[-60.3817,55.4503,6.0998],[-60.3811,55.4481,11.7383],[-60.3833,55.447,5.1751],[-60.3828,55.4439,4.7956],[-60.3879,55.4454,10.4473],[-60.3933,55.4429,15.4867],[-60.3978,55.4427,7.7422],[-60.4006,55.4406,0.5794],[-60.395,55.4372,9.2809],[-60.4072,55.435,6.1172],[-60.4078,55.4336,22.3814],[-60.4127,55.4345,0.0],[-60.4115,55.4319,73.6393],[-60.4203,55.4336,26.5951],[-60.4211,55.4306,2.9891],[-60.4233,55.4297,0.0],[-60.4206,55.4278,0.6655],[-60.4211,55.4267,0.0],[-60.4183,55.4261,18.0154],[-60.42,55.4239,4.5912],[-60.415,55.4217,16.2572],[-60.425,55.4183,0.0],[-60.425,55.4169,0.0],[-60.4166,55.4133,12.0567],[-60.4339,55.4072,0.8031],[-60.4355,55.4047,0.0],[-60.4261,55.4069,9.8155],[-60.4283,55.4046,30.5489],[-60.4339,55.4028,0.0],[-60.4267,55.3964,1.2091],[-60.4067,55.3892,8.6639],[-60.4039,55.3861,11.3467],[-60.4194,55.3881,4.1846],[-60.4272,55.387,0.3026],[-60.4272,55.3858,0.3026],[-60.4211,55.3858,3.9566],[-60.42,55.3831,2.3415],[-60.4161,55.3806,18.0501],[-60.4189,55.3781,11.6155],[-60.4233,55.3783,1.1789],[-60.4311,55.3744,2.2711],[-60.4373,55.3675,7.6338],[-60.4372,55.3617,11.1774],[-60.4427,55.3625,1.069],[-60.445,55.3619,0.9794],[-60.445,55.3603,6.3569],[-60.4522,55.3586,2.8994],[-60.4511,55.3575,6.9255],[-60.4522,55.3567,1.0744],[-60.45,55.3559,4.7458],[-60.4516,55.3531,0.6119],[-60.45,55.3525,9.1552],[-60.4522,55.3514,7.1916],[-60.4533,55.3483,21.4899],[-60.4593,55.3466,7.0055],[-60.4627,55.3472,0.1145],[-60.462,55.3487,0.1145],[-60.464,55.3482,1.1829],[-60.4656,55.3467,5.0001],[-60.4633,55.3436,18.9388],[-60.4722,55.3414,9.57],[-60.4717,55.3433,0.6868],[-60.4761,55.345,2.9942],[-60.4728,55.3478,0.0],[-60.4739,55.3492,0.0],[-60.4828,55.3472,1.763],[-60.4811,55.3447,5.2234],[-60.4839,55.345,0.6952],[-60.4856,55.3431,2.5676],[-60.4922,55.3414,4.3029],[-60.4933,55.3389,0.0],[-60.4922,55.3383,0.0],[-60.4861,55.3395,6.1542],[-60.4822,55.3377,7.9356],[-60.4811,55.3337,35.6183],[-60.4895,55.3333,10.9078],[-60.4907,55.3317,0.0],[-60.4867,55.3303,25.6706],[-60.4899,55.3295,5.9027],[-60.4884,55.3286,60.7716],[-60.4925,55.3285,40.4225],[-60.4933,55.3309,0.9168],[-60.5022,55.3289,4.3668],[-60.4966,55.3325,0.0],[-60.5006,55.3319,4.649],[-60.5028,55.3333,11.3509],[-60.5017,55.3373,0.3123],[-60.5061,55.3378,0.6958],[-60.5144,55.3353,15.6415],[-60.5189,55.3369,5.3731],[-60.5133,55.3397,5.0989],[-60.5105,55.3447,5.2736],[-60.4991,55.3453,0.704],[-60.4944,55.3428,0.0],[-60.4811,55.3497,1.4881],[-60.4811,55.3539,11.2518],[-60.4755,55.36,0.0],[-60.47,55.3633,20.3184],[-60.4667,55.3694,1.3492],[-60.4672,55.3709,7.0624],[-60.4616,55.3739,0.0],[-60.4572,55.3806,9.5083],[-60.4494,55.3844,0.0],[-60.4494,55.3883,0.0],[-60.4511,55.3892,0.0],[-60.4522,55.3937,1.9838],[-60.4556,55.3961,4.6722],[-60.4517,55.3986,0.8842],[-60.4594,55.4009,1.0419],[-60.46,55.4053,0.0831],[-60.4672,55.4061,1.1867],[-60.4778,55.4144,2.4675],[-60.4728,55.4145,0.0],[-60.4733,55.4159,0.9136],[-60.4716,55.4169,0.9136],[-60.4667,55.4181,0.0],[-60.4672,55.4195,0.8853],[-60.4772,55.4181,8.7652],[-60.4783,55.4161,5.9479],[-60.4811,55.4167,13.1109],[-60.4756,55.4211,3.8323],[-60.4711,55.4206,6.0569],[-60.4617,55.4233,0.0],[-60.4516,55.4311,3.9152],[-60.4489,55.4345,2.9848],[-60.4494,55.4367,0.9348],[-60.4594,55.4423,3.5709],[-60.4522,55.4414,0.0],[-60.4456,55.4433,1.4285],[-60.4461,55.4523,27.6873],[-60.4406,55.4492,17.7847],[-60.4422,55.4486,5.3131],[-60.4411,55.4467,0.4202],[-60.435,55.445,0.0],[-60.4333,55.4469,1.0706],[-60.4294,55.4467,0.0],[-60.4289,55.4486,2.5503999999999998],[-60.4228,55.4514,3.5586],[-60.41,55.4503,0.0],[-60.4072,55.4525,8.3985],[-60.3994,55.4537,0.0],[-60.3984,55.4545,1.7508],[-60.4005,55.4567,7.7931],[-60.4056,55.4583,8.0002],[-60.4044,55.4595,0.5004],[-60.4056,55.4605,3.7657],[-60.41,55.4617,10.4228],[-60.4139,55.465,13.1056],[-60.4008,55.4669,0.0],[-60.3889,55.4719,0.0],[-60.3894,55.4789,12.8064],[-60.385,55.4792,1.0693],[-60.3811,55.4825,9.119],[-60.3733,55.4828,5.932],[-60.368899999999996,55.485,9.3071],[-60.3634,55.4838,28.6637],[-60.3561,55.4867,2.6512],[-60.3555,55.4895,18.0965],[-60.3517,55.4895,0.5285],[-60.3522,55.4944,0.0],[-60.3567,55.4953,4.8881],[-60.3561,55.4975,0.6396],[-60.3611,55.4975,4.2292],[-60.36,55.5014,0.0],[-60.3677,55.5022,7.2123],[-60.3611,55.5042,3.9273],[-60.3617,55.5053,3.9273],[-60.3555,55.5095,26.2381],[-60.3461,55.5097,0.0],[-60.3456,55.5117,0.0],[-60.3511,55.5128,7.051],[-60.3512,55.5151,12.2155],[-60.3478,55.5169,0.0],[-60.3446,55.5215,8.4325],[-60.3378,55.525,0.0],[-60.3406,55.5264,5.0722],[-60.3483,55.5244,15.75],[-60.3505,55.5277,0.0389],[-60.3472,55.5286,0.0],[-60.3439,55.5351,6.7332],[-60.3392,55.5363,1.3477],[-60.3389,55.5394,5.151],[-60.3356,55.5433,0.0],[-60.3372,55.5453,4.6928],[-60.33,55.5433,0.1979],[-60.3306,55.5406,0.0],[-60.325,55.5433,0.0],[-60.3272,55.5469,1.8578],[-60.3266,55.5492,1.3153],[-60.3294,55.5511,4.6562],[-60.3289,55.5533,3.8348],[-60.3333,55.5572,11.6408],[-60.325,55.5542,0.2481],[-60.3244,55.5553,0.2481],[-60.3272,55.5581,2.9156],[-60.3244,55.5592,0.9066],[-60.3239,55.5633,5.5319],[-60.3194,55.5611,1.1643],[-60.3172,55.5611,0.0],[-60.3167,55.5633,2.5367],[-60.3133,55.5625,0.0],[-60.3083,55.5781,7.3112],[-60.315,55.5789,0.2993],[-60.3185,55.5814,11.3281],[-60.3234,55.5809,4.5555],[-60.3272,55.5753,9.934],[-60.3307,55.5769,6.3309],[-60.3394,55.5742,4.9715],[-60.3478,55.5747,6.0278],[-60.3478,55.5728,13.0045],[-60.3589,55.5689,0.2738],[-60.3583,55.5681,21.1431],[-60.3639,55.5647,0.8216],[-60.3622,55.5629,8.0303],[-60.3683,55.5597,20.4485],[-60.37,55.5603,2.4363],[-60.3694,55.5625,0.2539],[-60.3777,55.5608,0.4943],[-60.3789,55.5592,1.1052],[-60.375,55.5561,13.6172],[-60.375,55.5536,11.8673],[-60.3811,55.5509,6.1531],[-60.3778,55.5492,0.8073],[-60.3916,55.5469,1.8446],[-60.3906,55.5459,1.8446],[-60.395,55.5439,0.5973],[-60.3944,55.5428,3.8234],[-60.4106,55.5349,1.1777],[-60.43,55.5203,36.547],[-60.439,55.5174,6.6136],[-60.4382,55.5163,14.6616],[-60.4544,55.5064,4.7486],[-60.4578,55.4961,14.0524],[-60.4622,55.5011,2.6485],[-60.4616,55.51,0.0],[-60.4605,55.5117,0.777],[-60.455,55.5106,0.2844],[-60.455,55.5144,1.1299],[-60.4511,55.5161,0.0],[-60.4516,55.5178,1.1675],[-60.4572,55.5194,0.9097],[-60.4544,55.5197,0.0],[-60.4516,55.5223,9.2186],[-60.4461,55.5181,0.0],[-60.4439,55.5186,0.0],[-60.4428,55.5239,1.6165],[-60.4383,55.5292,2.5246],[-60.4344,55.5286,6.024],[-60.4328,55.5261,1.4403],[-60.4278,55.5269,0.0],[-60.4256,55.5311,9.1761],[-60.4217,55.5331,0.2904],[-60.4183,55.5403,0.0],[-60.4156,55.5417,0.0],[-60.4161,55.5433,0.0],[-60.4217,55.5431,4.756],[-60.4216,55.545,3.7698],[-60.4194,55.5464,0.0],[-60.4189,55.5505,19.8857],[-60.4122,55.5542,0.0],[-60.4117,55.5561,1.6104],[-60.4144,55.5575,3.0984],[-60.4144,55.5589,6.0188],[-60.4061,55.5594,0.9256],[-60.4011,55.5619,0.0],[-60.4,55.5628,13.1537],[-60.4028,55.565,4.1657],[-60.4022,55.5661,0.245],[-60.4,55.5689,12.7377],[-60.3956,55.57,0.0],[-60.3994,55.5725,2.6115],[-60.4005,55.5703,12.7377],[-60.4044,55.5686,15.086],[-60.4134,55.5687,5.6773],[-60.415,55.5669,21.3723],[-60.4228,55.5659,6.7951],[-60.4167,55.5692,1.5383],[-60.4161,55.5706,0.0],[-60.4189,55.5731,11.6728],[-60.4133,55.5747,1.7784],[-60.4116,55.5784,3.2105],[-60.4078,55.5797,4.0694],[-60.4,55.5783,0.0],[-60.395,55.5811,0.0],[-60.3961,55.5833,14.5181],[-60.3944,55.5861,2.5937],[-60.3922,55.5867,0.0],[-60.3933,55.5875,0.0],[-60.3916,55.5964,1.5695],[-60.3922,55.5978,0.2592],[-60.3983,55.5987,11.7059],[-60.3961,55.6008,4.4135],[-60.3994,55.6059,4.0498],[-60.3977,55.6067,0.0],[-60.3983,55.6089,3.3922],[-60.4072,55.6122,4.124],[-60.4044,55.6139,0.6704],[-60.4156,55.6148,9.4504],[-60.4172,55.6169,1.0711],[-60.42,55.6158,4.454],[-60.4272,55.6169,18.3959],[-60.425,55.6186,2.8918],[-60.4261,55.6228,3.9784],[-60.4305,55.6231,10.5638],[-60.4322,55.6256,0.0],[-60.4361,55.6267,19.1394],[-60.4361,55.6281,1.7349],[-60.4422,55.6263,12.3621],[-60.4494,55.6264,6.513],[-60.4478,55.6283,3.8851],[-60.4483,55.6311,2.7908],[-60.4528,55.6323,0.7655],[-60.4533,55.6306,6.1741],[-60.4514,55.6284,3.5038],[-60.4533,55.6269,3.8303],[-60.4516,55.6261,3.8303],[-60.4561,55.6228,2.3093],[-60.465,55.6245,1.9822],[-60.4639,55.6281,3.7308],[-60.4685,55.6262,2.7051],[-60.4728,55.6267,2.407],[-60.4683,55.6311,2.3654],[-60.47,55.6319,0.0],[-60.4728,55.6286,2.9627],[-60.48,55.6267,19.4655],[-60.48,55.6292,0.0],[-60.4844,55.6284,0.7658],[-60.4823,55.6273,0.7658],[-60.4883,55.6245,5.6573],[-60.4928,55.6178,0.0],[-60.4922,55.6161,12.4936],[-60.5022,55.6067,5.7116],[-60.5033,55.6033,3.4824],[-60.515,55.5961,2.9759],[-60.52,55.5903,11.7151],[-60.5228,55.5892,1.9271],[-60.5222,55.5872,4.9484],[-60.5288,55.5839,0.6979],[-60.5294,55.5758,2.3157],[-60.5344,55.5775,1.0816],[-60.5351,55.5801,1.0882],[-60.5339,55.5859,4.3997],[-60.5311,55.5892,0.0911],[-60.5328,55.5942,0.8359],[-60.5283,55.6009,3.5954],[-60.5288,55.6025,5.4784],[-60.5256,55.6053,1.5984],[-60.5261,55.6067,3.3246],[-60.5189,55.6072,1.1284],[-60.5178,55.6087,1.1284],[-60.5178,55.61,4.2235],[-60.5205,55.6097,4.2235],[-60.5211,55.6111,0.0129],[-60.5179,55.6147,20.2622],[-60.5167,55.6281,3.6021],[-60.5089,55.6308,0.0],[-60.51,55.6342,0.1476],[-60.5128,55.6361,0.729],[-60.5039,55.6389,10.337],[-60.4911,55.6511,8.5238],[-60.4894,55.6586,2.6619],[-60.4872,55.6614,0.0],[-60.493899999999996,55.6658,10.4019],[-60.4861,55.6647,11.0383],[-60.4839,55.66,0.0],[-60.4771,55.6622,12.5571],[-60.4733,55.6617,5.6936],[-60.4706,55.6591,1.3518],[-60.4717,55.6575,2.9541],[-60.4694,55.6573,15.3359],[-60.4683,55.655,2.2569],[-60.4694,55.6545,2.2569],[-60.4672,55.6533,0.1933],[-60.4606,55.6542,0.0],[-60.4605,55.6559,1.2396],[-60.4572,55.6583,0.0],[-60.4667,55.66,8.9646],[-60.4693,55.6632,2.4934],[-60.4633,55.6649,5.3942],[-60.4628,55.6636,0.0],[-60.455,55.6647,6.7515],[-60.4522,55.6628,0.0],[-60.4472,55.6628,0.0],[-60.4428,55.6647,0.0],[-60.4489,55.6687,7.425],[-60.4383,55.6655,6.6385],[-60.4333,55.6622,3.1293],[-60.4228,55.6614,0.0],[-60.4111,55.6628,5.6635],[-60.4044,55.6661,2.1975],[-60.3761,55.6681,3.0043],[-60.3728,55.6747,0.5897],[-60.3678,55.6778,0.235],[-60.3678,55.6791,-0.0015],[-60.3729,55.68,16.9918],[-60.3833,55.6772,8.0943],[-60.3856,55.6789,10.3614],[-60.3833,55.6819,0.0],[-60.3916,55.6839,16.3867],[-60.3883,55.6856,3.057],[-60.3896,55.6863,3.057],[-60.3884,55.6872,1.9992],[-60.3967,55.6883,8.5901],[-60.395,55.6911,0.2132],[-60.3978,55.6928,0.9071],[-60.3916,55.6925,0.6562],[-60.3878,55.6945,10.3004],[-60.3861,55.6995,13.3516],[-60.3817,55.7017,1.036],[-60.3822,55.705,4.4141],[-60.3783,55.7056,4.4541],[-60.3772,55.7119,0.5554],[-60.3839,55.7151,13.3539],[-60.3739,55.7158,7.0689],[-60.3678,55.7225,4.5096],[-60.3628,55.7245,0.0],[-60.3656,55.7264,15.8237],[-60.365,55.7303,17.7052],[-60.3667,55.7322,9.0735],[-60.3656,55.7399,29.4042],[-60.3633,55.7383,0.0],[-60.3517,55.7386,0.0],[-60.3483,55.7414,1.7521],[-60.3411,55.7406,6.9881],[-60.3372,55.743899999999996,23.2513],[-60.3328,55.7447,0.0],[-60.3317,55.7469,0.0],[-60.3333,55.7539,0.8389],[-60.3317,55.7553,0.8389],[-60.3328,55.7564,4.274],[-60.3316,55.7601,10.7315],[-60.3333,55.7639,0.0],[-60.3311,55.7706,73.4794],[-60.3272,55.7739,0.8816],[-60.3281,55.7774,0.0],[-60.338,55.7795,3.7678],[-60.3483,55.7759,9.0953],[-60.3483,55.7717,45.777],[-60.3522,55.7706,1.9879],[-60.3489,55.7678,4.199],[-60.3517,55.7656,1.3688],[-60.3544,55.7586,8.6271],[-60.3594,55.7525,4.1068],[-60.3639,55.7528,4.2642],[-60.365,55.7553,14.6514],[-60.3667,55.7556,8.9605],[-60.3644,55.7578,1.4252],[-60.3672,55.7601,6.0715],[-60.3682,55.7656,0.0],[-60.3705,55.7671,0.1052],[-60.3705,55.777,0.0],[-60.368899999999996,55.7803,0.0],[-60.37,55.7836,0.0],[-60.375,55.7861,3.6245],[-60.3832,55.7852,7.7769],[-60.3863,55.7819,12.9606],[-60.395,55.7828,1.3481],[-60.3989,55.7803,5.2223],[-60.3984,55.7813,2.8072],[-60.4034,55.7821,0.0],[-60.412,55.7799,11.3635],[-60.4189,55.7758,0.0],[-60.4178,55.7744,14.204],[-60.4189,55.7723,1.9956],[-60.4239,55.7717,3.1463],[-60.4244,55.7678,7.9708],[-60.428,55.767,14.0987],[-60.4309,55.7626,9.4942],[-60.4322,55.7637,9.4942],[-60.4317,55.7658,1.3943],[-60.4361,55.7681,11.3677],[-60.4439,55.7672,0.0],[-60.4478,55.7694,26.0542],[-60.4461,55.7737,6.3113],[-60.4433,55.7753,3.1207],[-60.445,55.78,2.0725],[-60.4433,55.7814,4.5982],[-60.4494,55.7825,1.7121],[-60.45,55.7891,0.0],[-60.4628,55.7939,2.6951],[-60.4672,55.7919,10.2769],[-60.4678,55.7889,12.6688],[-60.4722,55.7844,12.6856],[-60.4789,55.7847,5.2686],[-60.4783,55.7867,9.3602],[-60.4817,55.7936,4.3379],[-60.4811,55.7953,4.1533],[-60.4756,55.7978,0.0],[-60.4744,55.8033,4.0967],[-60.4772,55.8053,5.3961],[-60.4877,55.806399999999996,7.5906],[-60.492,55.8048,5.9758],[-60.4989,55.7992,1.0988],[-60.5017,55.7942,7.9887],[-60.505,55.7939,0.0],[-60.5089,55.79,9.351],[-60.5278,55.7808,0.0],[-60.5306,55.7756,1.9955],[-60.5289,55.7717,2.2868],[-60.5346,55.7636,1.8013],[-60.5327,55.7606,4.014],[-60.5328,55.7569,1.0531],[-60.5277,55.7559,2.2831],[-60.5276,55.7541,1.7496],[-60.5309,55.7532,1.4517],[-60.5282,55.753,1.4517],[-60.5266,55.7506,2.8744],[-60.5344,55.7433,4.47],[-60.5339,55.7389,1.9908],[-60.5428,55.7319,3.7034],[-60.5422,55.7308,3.7034],[-60.55,55.7245,2.1926],[-60.5511,55.7219,4.9961],[-60.5572,55.7183,1.6564],[-60.5566,55.7169,4.9658],[-60.5589,55.7147,1.0535],[-60.56,55.71,1.1851],[-60.5567,55.7084,1.7634],[-60.5567,55.7058,0.4707],[-60.5544,55.7042,1.2562],[-60.5589,55.7003,0.0],[-60.5578,55.6989,1.614],[-60.5594,55.6964,1.1582],[-60.5589,55.6942,1.2664],[-60.5672,55.6847,0.0],[-60.5672,55.6828,6.1898],[-60.5761,55.6775,0.2688],[-60.5772,55.6739,3.2602],[-60.5833,55.6687,0.2793],[-60.5817,55.6636,7.3125],[-60.5833,55.6581,2.5167],[-60.5861,55.6559,0.0],[-60.5883,55.6456,0.6914],[-60.59,55.6445,3.7401],[-60.5889,55.6411,5.0022],[-60.5911,55.6345,20.2447],[-60.5939,55.6328,2.0267],[-60.5978,55.6236,4.44],[-60.6022,55.6217,1.1687],[-60.6061,55.6136,0.0],[-60.605,55.6122,7.5108],[-60.6111,55.6081,0.2581],[-60.6111,55.6067,3.2628],[-60.6167,55.605,2.7031],[-60.6167,55.6033,7.2116],[-60.6356,55.5969,9.9564],[-60.65,55.5873,1.374],[-60.6538,55.5834,0.0],[-60.6533,55.5819,7.1036],[-60.6583,55.5797,0.0],[-60.6607,55.5705,11.1686],[-60.6661,55.5692,0.0],[-60.6623,55.5667,3.8766],[-60.6622,55.5645,10.8214],[-60.6656,55.5608,0.0],[-60.665,55.5592,1.5773],[-60.6622,55.5583,8.0447],[-60.6615,55.5547,2.7811],[-60.6631,55.553,2.0387],[-60.6578,55.5517,4.8762],[-60.6668,55.5498,0.8874],[-60.6709,55.5433,4.9561],[-60.678,55.5398,5.6182],[-60.6883,55.5381,1.635],[-60.6933,55.5331,3.545],[-60.6955,55.5348,1.8436],[-60.6917,55.5364,1.0431],[-60.6928,55.5375,9.3027],[-60.6913,55.5388,8.3154],[-60.6778,55.5433,3.0506],[-60.6778,55.5446,6.5256],[-60.6733,55.5472,0.0],[-60.6718,55.5539,14.3532],[-60.6694,55.5561,0.9223],[-60.6689,55.5597,1.707],[-60.6722,55.5631,2.5877],[-60.6694,55.5665,0.0],[-60.67,55.5681,0.0],[-60.6728,55.5689,0.0],[-60.6794,55.5664,6.6617],[-60.6828,55.5669,7.4312],[-60.6794,55.5678,1.2914],[-60.6789,55.5736,0.3943],[-60.6725,55.5765,0.8436],[-60.6733,55.5797,0.0],[-60.667,55.5853,0.0],[-60.6678,55.5875,18.4033],[-60.6628,55.5939,0.0],[-60.6655,55.5961,11.8861],[-60.6655,55.5981,6.0175],[-60.6611,55.5978,0.0],[-60.6561,55.6,0.0],[-60.655,55.6019,0.0],[-60.6561,55.6039,6.5873],[-60.6533,55.6064,1.0906],[-60.6533,55.6095,9.783],[-60.6439,55.6142,1.0949],[-60.6444,55.6164,1.5588],[-60.6411,55.6214,3.6924],[-60.6267,55.63,0.0],[-60.625,55.6336,0.0],[-60.6294,55.6359,1.0739],[-60.6372,55.6342,1.6941],[-60.64,55.6367,1.6631],[-60.6394,55.6392,1.4539],[-60.6406,55.64,1.4539],[-60.6572,55.6386,4.9252],[-60.6567,55.6403,3.2278],[-60.668,55.6462,2.4662],[-60.6769,55.6477,1.2943],[-60.7005,55.6441,7.6944],[-60.6784,55.6493,4.2999],[-60.6602,55.6477,1.0057],[-60.663,55.6507,0.4142],[-60.6622,55.6517,0.4142],[-60.6678,55.6539,5.0528],[-60.6706,55.6583,0.0],[-60.6689,55.6617,1.0835],[-60.6709,55.6628,0.0],[-60.6689,55.6636,0.0],[-60.6683,55.6664,3.5983],[-60.6542,55.6757,6.2136],[-60.6489,55.675,0.0],[-60.6233,55.6825,10.833],[-60.618899999999996,55.6819,0.0],[-60.6161,55.6845,0.9421],[-60.6161,55.687,2.0513],[-60.6028,55.6997,0.0],[-60.5938,55.7009,1.5741],[-60.5922,55.7028,0.3276],[-60.5917,55.7055,1.4354],[-60.5939,55.7087,6.9292],[-60.5972,55.7083,5.4908],[-60.6006,55.7044,8.7639],[-60.6055,55.7059,0.0],[-60.6061,55.7087,2.4385],[-60.6161,55.7053,8.1586],[-60.6128,55.7083,2.1479],[-60.6106,55.7158,7.3227],[-60.605,55.7164,0.0],[-60.6028,55.7183,0.0],[-60.6106,55.7233,6.0196],[-60.605,55.7253,0.0],[-60.605,55.7317,0.0],[-60.6084,55.7323,0.0],[-60.6156,55.7294,2.8839],[-60.6272,55.7342,1.3162],[-60.6283,55.7393,1.4604],[-60.6156,55.743899999999996,17.2783],[-60.6128,55.7436,0.0],[-60.6111,55.7464,6.8635],[-60.6211,55.7575,3.7559],[-60.6206,55.7629,2.6138],[-60.6303,55.7641,1.5816],[-60.6311,55.7667,2.7174],[-60.6383,55.7725,0.0],[-60.6383,55.7761,0.0],[-60.635,55.7783,0.0],[-60.6328,55.7825,7.7635],[-60.6333,55.7894,7.6696],[-60.6306,55.7939,13.6081],[-60.6161,55.8003,0.7621],[-60.6044,55.8008,0.0],[-60.6061,55.8028,10.2522],[-60.6039,55.8039,3.717],[-60.6044,55.8061,2.5445],[-60.5994,55.8069,0.0],[-60.5967,55.8109,1.28],[-60.6055,55.8111,3.8225],[-60.61,55.8139,0.2659],[-60.625,55.8133,5.0073],[-60.6289,55.8178,2.1593],[-60.635,55.8206,0.2562],[-60.645,55.8283,7.7554],[-60.6511,55.8289,0.3381],[-60.66,55.8214,12.0775],[-60.6756,55.8122,6.8329],[-60.6783,55.7959,0.3386],[-60.6861,55.7878,0.1526],[-60.6878,55.7831,8.4448],[-60.7,55.7755,1.3117],[-60.7172,55.7608,1.9756],[-60.7211,55.7597,0.364],[-60.7206,55.7581,8.9653],[-60.7244,55.7559,0.7864],[-60.725,55.7539,4.981],[-60.7272,55.7539,1.025],[-60.7261,55.7525,3.9909],[-60.73,55.7522,0.6891],[-60.7241,55.7491,3.5276],[-60.7389,55.74,10.4296],[-60.7571,55.7331,6.7758],[-60.7595,55.7304,4.4597],[-60.7578,55.7269,9.0709],[-60.767,55.7217,8.0716],[-60.775,55.7236,5.7794],[-60.7744,55.7245,0.1774],[-60.7822,55.7231,6.9025],[-60.7822,55.7253,1.2301],[-60.7872,55.7269,6.2638],[-60.785,55.7278,0.8906],[-60.7856,55.7303,1.8694],[-60.79,55.7305,0.1891],[-60.7906,55.7356,0.0],[-60.7939,55.7397,7.6966],[-60.7933,55.7408,2.6934],[-60.7956,55.7419,9.9625],[-60.7928,55.7453,0.0],[-60.7951,55.7461,8.721],[-60.8133,55.7409,7.8169],[-60.8139,55.7392,1.4375],[-60.8117,55.7383,5.2466],[-60.8128,55.7339,5.4704],[-60.8156,55.7319,7.4966],[-60.8233,55.7314,7.672],[-60.8344,55.7344,0.9609],[-60.845,55.7411,2.8117],[-60.845,55.7431,0.0],[-60.8472,55.7444,0.9676],[-60.8594,55.7445,8.9178],[-60.8617,55.7472,1.0699],[-60.8657,55.7479,0.0],[-60.8702,55.7451,8.8801],[-60.8633,55.74,0.657],[-60.8672,55.7383,2.2078],[-60.8639,55.7375,4.4512],[-60.866,55.7346,1.9637],[-60.8634,55.7335,2.6654],[-60.865,55.7325,2.6972],[-60.8722,55.7319,5.3865],[-60.8938,55.7347,7.0918],[-60.8994,55.7328,4.5268],[-60.9006,55.7253,3.4878],[-60.9128,55.7239,0.0],[-60.9617,55.7269,8.0475],[-60.9583,55.7298,3.2371],[-60.9589,55.735,5.655],[-60.9685,55.7394,2.4233],[-60.9844,55.7414,7.4587],[-61.0029,55.7402,5.2403],[-61.0,55.7419,1.6616],[-60.9816,55.7433,4.3933],[-60.96,55.7414,3.6861],[-60.956,55.7397,4.4554],[-60.945,55.7408,3.3628],[-60.9422,55.7419,0.7737],[-60.9417,55.7447,3.5186],[-60.9307,55.7447,0.0],[-60.9256,55.7475,19.0651],[-60.91,55.7489,38.4172],[-60.9046,55.7458,13.7884],[-60.8983,55.7469,0.0],[-60.8961,55.7459,1.2835],[-60.8967,55.7442,1.6739],[-60.888,55.7437,1.1968],[-60.8885,55.7419,0.0],[-60.8822,55.7394,1.2659],[-60.88,55.7411,0.8782],[-60.88,55.743899999999996,0.0],[-60.8816,55.7447,8.4291],[-60.8805,55.7467,0.0],[-60.8823,55.7511,0.8134],[-60.8744,55.7522,19.9129],[-60.8557,55.7509,13.9643],[-60.8461,55.7561,0.0],[-60.842,55.7622,3.7204],[-60.8377,55.764,1.6958],[-60.8394,55.7661,3.3343],[-60.8329,55.7657,13.2669],[-60.8239,55.7628,1.1842],[-60.8144,55.7631,5.1164],[-60.8072,55.7601,4.0068],[-60.8078,55.7589,0.0],[-60.8252,55.7564,15.0391],[-60.8316,55.7523,0.0],[-60.8311,55.7497,0.8985],[-60.8106,55.7461,0.0],[-60.81,55.7478,4.351],[-60.8039,55.7503,0.0],[-60.795,55.7514,2.9287],[-60.7933,55.7606,2.2095],[-60.7956,55.7631,4.8876],[-60.7828,55.7673,21.1283],[-60.7633,55.7706,0.0],[-60.7639,55.7736,0.0],[-60.755,55.7764,0.0],[-60.7566,55.7781,7.2965],[-60.75,55.7814,5.498],[-60.7494,55.7856,6.7191],[-60.7444,55.7878,0.6995],[-60.7433,55.7897,0.0],[-60.745,55.7903,2.5743],[-60.7556,55.7883,25.1631],[-60.7558,55.7902,0.1959],[-60.7606,55.7909,3.1639],[-60.7644,55.7942,5.5805],[-60.7616,55.7926,2.7849],[-60.7539,55.7923,1.2745],[-60.7489,55.7945,2.56],[-60.7489,55.7959,4.5161],[-60.7583,55.7981,4.3022],[-60.7578,55.8014,1.6053],[-60.745,55.8039,2.0281],[-60.7467,55.806399999999996,5.9574],[-60.7417,55.8119,0.3514],[-60.7428,55.8142,1.1414],[-60.74,55.8203,0.0],[-60.7361,55.8222,6.2216],[-60.7333,55.8286,10.8591],[-60.7278,55.8325,0.0],[-60.7283,55.8347,0.0],[-60.7261,55.8359,1.2352],[-60.7378,55.8358,3.9716],[-60.743899999999996,55.8389,2.834],[-60.7466,55.8422,2.5958],[-60.7444,55.8431,0.0],[-60.7478,55.8433,15.5535],[-60.7483,55.8453,13.6119],[-60.7616,55.8481,7.8353],[-60.7683,55.8517,6.8419],[-60.7788,55.8531,6.2617],[-60.7834,55.8495,1.9401],[-60.7883,55.8481,16.7092],[-60.8006,55.8497,7.4768],[-60.8344,55.845,16.734],[-60.8439,55.8478,0.5293],[-60.8713,55.8476,4.2602],[-61.0085,55.816,185.1973],[-61.0552,55.7786,251.4694],[-61.1042,55.6922,124.6506],[-61.1416,55.5965,415.7277],[-61.2093,55.5148,197.8057],[-61.3377,55.3841,165.0947],[-61.4101,55.3234,149.4518],[-61.4871,55.279,116.5931],[-61.5338,55.279,387.9911],[-61.6038,55.2113,266.5565],[-61.5852,55.1739,227.212],[-61.6996,55.1366,112.4989],[-61.7393,55.1296,399.2458],[-61.7696,55.1389,434.6883],[-61.807,55.1413,129.8368],[-61.835,55.1249,532.7386],[-61.8607,55.1062,337.1849],[-62.2645,55.0152,267.4169],[-62.2319,54.9218,641.3019],[-61.8957,54.9895,454.8989],[-61.4871,55.0362,504.1975],[-61.4614,55.0035,341.1803],[-61.4568,54.8845,182.4444],[-61.4754,54.8681,339.6301],[-61.2817,54.8284,335.301],[-61.0272,54.7094,395.8952],[-61.0412,54.4829,164.139],[-60.9408,54.4129,330.49],[-60.6116,54.4339,394.0581],[-60.4778,54.4029,327.9319],[-60.4423,54.4029,393.0686],[-60.3812,54.3883,366.5235],[-60.3346,54.4,375.9554],[-60.3346,54.3767,392.9006],[-60.3579,54.3505,384.1172],[-60.355,54.333,362.7846],[-60.3754,54.3185,363.7703],[-60.3521,54.3127,366.0233],[-60.2357,54.3069,390.085],[-60.1717,54.3301,390.7668],[-60.1368,54.3185,381.1682],[-59.971,54.3127,343.479],[-59.9302,54.2719,315.0818],[-59.9186,54.2312,348.8732],[-59.8721,54.2341,302.2703],[-59.8691,54.2138,311.1461],[-59.8517,54.2079,301.9526],[-59.8665,54.1193,422.9733]]],
[[[-59.8344,54.8647,0.0],[-59.8311,54.8667,1.335],[-59.8383,54.8655,0.0],[-59.8372,54.8647,1.055],[-59.8344,54.8647,0.0]]],
[[[-59.8388,55.1191,5.7572],[-59.8294,55.1208,0.83],[-59.8222,55.1272,2.1163],[-59.825,55.1333,3.7926],[-59.83,55.1331,0.0],[-59.8439,55.1258,0.0],[-59.8433,55.1239,0.0],[-59.845,55.1217,1.2025],[-59.84,55.1208,13.1592],[-59.8417,55.1197,0.0],[-59.8388,55.1191,5.7572]]],
[[[-59.8107,55.1337,0.0],[-59.8166,55.1361,0.0],[-59.8236,55.1336,7.2687],[-59.8194,55.1308,8.946],[-59.8183,55.1283,0.0],[-59.815,55.1272,3.2454],[-59.8105,55.1289,0.267],[-59.8122,55.1311,0.0],[-59.8107,55.1337,0.0]]],
[[[-59.7011,54.949,5.8056],[-59.695,54.9536,0.0],[-59.6961,54.955,0.0352],[-59.695,54.9561,0.3042],[-59.7,54.9556,0.1114],[-59.7056,54.9522,2.8396],[-59.7112,54.9551,3.826],[-59.719,54.9532,1.7252],[-59.7221,54.9433,1.7116],[-59.7193,54.9423,4.842],[-59.7103,54.9476,2.6368],[-59.7011,54.949,5.8056]]],
[[[-59.6489,54.9739,0.0],[-59.6503,54.9722,1.6934],[-59.6494,54.9709,0.1871],[-59.6461,54.9722,1.885],[-59.6456,54.9742,2.1823],[-59.647,54.9748,2.1823],[-59.6489,54.9739,0.0]]],
[[[-59.6311,54.9731,8.4673],[-59.6294,54.9756,0.599],[-59.63,54.9775,1.111],[-59.6333,54.9759,6.4208],[-59.6416,54.9757,1.4534],[-59.6453,54.9711,0.0],[-59.6394,54.9697,0.506],[-59.6311,54.9731,8.4673]]],
[[[-59.6356,54.9853,12.6494],[-59.6367,54.9836,0.58],[-59.6328,54.9839,12.6494],[-59.6328,54.9859,3.3273],[-59.6356,54.9853,12.6494]]],
[[[-59.7512,55.1787,10.6143],[-59.7539,55.1783,1.4703],[-59.7542,55.1769,0.1192],[-59.7494,55.1769,0.0],[-59.7512,55.1787,10.6143]]],
[[[-59.793,55.1786,2.1832],[-59.7946,55.1761,2.0044],[-59.7922,55.1755,3.8644],[-59.7871,55.1796,0.0],[-59.7876,55.1801,0.0],[-59.793,55.1786,2.1832]]],
[[[-59.77,55.1845,0.0],[-59.7734,55.1832,1.1889],[-59.7739,55.1823,1.1889],[-59.7702,55.1825,0.0],[-59.77,55.1845,0.0]]],
[[[-59.7571,55.2856,0.3407],[-59.7578,55.2839,0.8841],[-59.7566,55.2836,0.3086],[-59.7549,55.2862,1.5627],[-59.7554,55.2862,1.5627],[-59.7571,55.2856,0.3407]]],
[[[-59.765,55.3268,2.6632],[-59.7634,55.3253,3.4052],[-59.7647,55.3227,0.9272],[-59.7575,55.3235,0.0],[-59.759,55.3295,0.9827],[-59.7642,55.3306,0.0],[-59.765,55.3268,2.6632]]],
[[[-59.8193,55.3331,8.5802],[-59.8198,55.3327,0.0],[-59.8207,55.3301,0.3844],[-59.8163,55.3325,0.8804],[-59.8193,55.3331,8.5802]]],
[[[-59.7939,55.3392,0.0],[-59.7917,55.3409,0.0],[-59.7961,55.3417,0.7171],[-59.7978,55.3383,1.3254],[-59.795,55.3378,1.3254],[-59.7939,55.3392,0.0]]],
[[[-59.733,55.3464,0.0],[-59.7301,55.3469,0.0],[-59.7309,55.3499,0.0],[-59.7443,55.3491,1.0416],[-59.7479,55.3455,0.0],[-59.7485,55.3424,1.1237],[-59.7458,55.3418,1.0899],[-59.7489,55.3395,0.4343],[-59.7583,55.3411,0.117],[-59.7611,55.3393,3.353],[-59.7621,55.3321,3.0139],[-59.7583,55.3307,1.735],[-59.7587,55.3351,1.1987],[-59.7572,55.3361,1.7578],[-59.7446,55.3317,0.0097],[-59.7409,55.3347,3.9699],[-59.7412,55.3393,0.0],[-59.7342,55.3433,0.0],[-59.733,55.3464,0.0]]],
[[[-57.8859,54.8927,2.7236],[-57.8852,54.8942,0.0],[-57.887,54.8965,8.6087],[-57.8844,54.8989,0.0],[-57.8877,54.9042,9.1907],[-57.8924,54.9056,0.0],[-57.8961,54.8987,0.0],[-57.8859,54.8927,2.7236]]],
[[[-58.0644,54.9289,3.206],[-58.0622,54.9305,0.0],[-58.0689,54.9328,0.0],[-58.0711,54.9319,0.0],[-58.0689,54.9306,4.0861],[-58.0722,54.9283,11.4133],[-58.0789,54.9275,0.0],[-58.0778,54.9264,19.7597],[-58.0828,54.9178,14.5391],[-58.0811,54.9114,0.1191],[-58.0728,54.9056,0.0],[-58.0655,54.9033,0.0],[-58.0544,54.9039,3.4968],[-58.0489,54.9092,6.1305],[-58.0483,54.9117,11.93],[-58.0406,54.9144,5.28],[-58.0378,54.9172,11.8983],[-58.0389,54.9225,4.069],[-58.0439,54.9247,7.5453],[-58.0511,54.9236,0.0],[-58.0517,54.9222,0.0],[-58.0494,54.9203,14.7057],[-58.061,54.9212,7.9974],[-58.065,54.9242,4.9365],[-58.0639,54.9264,1.9978],[-58.0656,54.9281,0.6653],[-58.0644,54.9289,3.206]]],
[[[-58.0185,54.9231,3.0306],[-58.0266,54.9228,0.6595],[-58.0267,54.9164,0.36],[-58.0216,54.9147,0.8704],[-58.0144,54.9183,0.0],[-58.0128,54.9225,0.0],[-58.0185,54.9231,3.0306]]],
[[[-58.1584,54.9709,0.4655],[-58.16,54.9723,2.1115],[-58.1629,54.9699,0.0],[-58.1598,54.9697,0.0],[-58.1584,54.9709,0.4655]]],
[[[-58.6767,55.0008,1.4744],[-58.6828,55.005,19.042],[-58.6833,55.0072,0.0],[-58.6867,55.0067,0.2325],[-58.6872,55.0036,24.0812],[-58.69,55.0039,11.8094],[-58.6917,55.0064,2.671],[-58.7011,55.0072,0.0],[-58.7039,55.0058,0.0],[-58.7061,55.0017,21.0694],[-58.7144,54.9981,1.2389],[-58.7144,54.9947,4.0235],[-58.7177,54.9917,5.1602],[-58.7189,54.9806,1.2491],[-58.7228,54.9742,6.7064],[-58.7222,54.9711,2.8376],[-58.7168,54.9673,8.4528],[-58.7191,54.9637,19.5561],[-58.7235,54.9611,0.2476],[-58.7222,54.9592,11.451],[-58.7233,54.9553,0.0],[-58.7211,54.9531,1.1987],[-58.7267,54.9523,0.1529],[-58.7305,54.9537,1.7018],[-58.7335,54.9467,1.6928],[-58.7372,54.9456,0.3647],[-58.7383,54.9434,0.0],[-58.7372,54.9414,4.9952],[-58.7394,54.9389,1.9279],[-58.745,54.9369,5.9128],[-58.7611,54.9259,0.0],[-58.7618,54.9178,1.3052],[-58.754,54.9142,2.3488],[-58.7434,54.9146,5.1494],[-58.7435,54.9128,0.0],[-58.7418,54.9128,0.0],[-58.7396,54.9147,0.32],[-58.7401,54.9197,0.503],[-58.7318,54.9247,0.0],[-58.7285,54.93,0.0],[-58.7251,54.9322,9.7409],[-58.7156,54.9336,0.0],[-58.7128,54.9386,2.4547],[-58.715,54.9411,9.8615],[-58.7046,54.9425,3.8052],[-58.7017,54.9408,0.0],[-58.695,54.9433,3.4639],[-58.6939,54.9431,31.8195],[-58.6951,54.9369,1.9127],[-58.6935,54.9356,10.2257],[-58.6957,54.9333,2.4357],[-58.6929,54.9317,11.5658],[-58.6929,54.9297,15.2822],[-58.7044,54.9264,1.6075],[-58.6996,54.9209,7.6183],[-58.7007,54.9203,0.0924],[-58.6996,54.9167,1.3119],[-58.6963,54.9142,4.5751],[-58.7,54.9111,11.0679],[-58.7007,54.9075,0.4448],[-58.6968,54.9075,5.5996],[-58.6851,54.9133,0.0],[-58.6779,54.9119,0.8847],[-58.679,54.9089,2.6831],[-58.6733,54.9069,0.0],[-58.6657,54.9106,3.911],[-58.6668,54.9133,3.293],[-58.6646,54.9139,0.2172],[-58.666,54.9153,2.3116],[-58.6645,54.9164,0.1492],[-58.6746,54.9175,1.4812],[-58.6713,54.9192,2.8412],[-58.6685,54.9183,0.0],[-58.6685,54.9219,3.8345],[-58.6651,54.9208,1.2928],[-58.6585,54.9242,0.216],[-58.6607,54.925,1.1659],[-58.6613,54.9306,3.6659],[-58.6635,54.9319,15.3504],[-58.6624,54.9344,1.7488],[-58.6659,54.9367,11.2704],[-58.669,54.9347,10.9404],[-58.6768,54.9342,6.7479],[-58.679,54.9361,6.7935],[-58.6763,54.9358,2.952],[-58.6757,54.9372,6.8305],[-58.6796,54.9417,2.3456],[-58.6779,54.9422,5.518],[-58.6785,54.9436,5.518],[-58.6718,54.9467,0.2897],[-58.6579,54.9489,2.8252],[-58.6552,54.9531,14.9667],[-58.6601,54.9569,2.6622],[-58.6601,54.9611,0.8212],[-58.6701,54.9628,2.5167],[-58.6701,54.9656,0.0],[-58.6718,54.9669,12.1954],[-58.6761,54.9669,3.1329],[-58.6839,54.9625,4.0984],[-58.6911,54.9633,2.7967],[-58.695,54.9661,2.3861],[-58.6939,54.9672,0.0],[-58.6955,54.9697,0.21],[-58.69,54.9723,4.9288],[-58.6844,54.9703,0.1747],[-58.6778,54.9731,5.2912],[-58.6744,54.9723,2.6583],[-58.6679,54.9753,1.8544],[-58.662,54.981,0.5098],[-58.6664,54.9811,6.5657],[-58.6713,54.9842,0.3398],[-58.6679,54.9856,8.6926],[-58.6696,54.9897,3.8993],[-58.664,54.9919,1.3747],[-58.6724,54.993899999999996,2.1627],[-58.6673,54.9961,16.3991],[-58.6701,54.9994,1.1576],[-58.6767,55.0008,1.4744]]],
[[[-58.5983,54.9689,5.7917],[-58.6031,54.971,2.9946],[-58.6119,54.9707,1.5276],[-58.6168,54.9683,0.5513],[-58.6169,54.9646,8.4381],[-58.6213,54.963,0.0],[-58.6174,54.9607,1.9026],[-58.6074,54.9602,0.0],[-58.6035,54.9613,3.687],[-58.5963,54.9672,0.0],[-58.5983,54.9689,5.7917]]],
[[[-58.607,54.9785,7.7281],[-58.6098,54.9771,0.0],[-58.6093,54.976,0.4429],[-58.6054,54.9777,0.0],[-58.607,54.9785,7.7281]]],
[[[-58.2156,54.9795,0.0],[-58.2178,54.9786,3.9053],[-58.2183,54.9775,3.9053],[-58.2139,54.9786,1.6164],[-58.2156,54.9795,0.0]]],
[[[-58.1655,54.9736,10.4549],[-58.1678,54.9759,7.895],[-58.1761,54.9775,0.0],[-58.1806,54.9764,0.0],[-58.1817,54.9742,5.1643],[-58.185,54.9728,1.4527],[-58.1817,54.9689,4.1345],[-58.1706,54.967,0.0],[-58.1649,54.9717,0.0],[-58.1655,54.9736,10.4549]]],
[[[-58.1683,54.9776,8.6273],[-58.1662,54.9783,2.2501],[-58.1739,54.9797,0.0],[-58.1701,54.9775,8.6273],[-58.1683,54.9776,8.6273]]],
[[[-58.1755,54.9845,0.4484],[-58.1737,54.9859,2.6565],[-58.175,54.9883,5.6859],[-58.1816,54.9875,0.5174],[-58.1783,54.9847,0.0],[-58.1755,54.9845,0.4484]]],
[[[-58.78,54.9883,0.0],[-58.785,54.9931,0.853],[-58.7892,54.993,4.3977],[-58.7928,54.99,15.3168],[-58.7933,54.9861,0.0],[-58.8016,54.9837,13.1964],[-58.8064,54.9806,2.8805],[-58.8067,54.9764,0.0],[-58.7994,54.9764,0.3429],[-58.7944,54.9703,0.0],[-58.7878,54.9692,0.0],[-58.7856,54.9739,0.0],[-58.7859,54.9783,0.0],[-58.7811,54.9786,0.6019],[-58.7817,54.9806,8.3579],[-58.7794,54.9833,0.0],[-58.7806,54.9847,16.5683],[-58.7789,54.9853,0.0],[-58.78,54.9883,0.0]]],
[[[-58.1858,54.9877,5.3365],[-58.1928,54.9903,8.5136],[-58.2017,54.9842,4.1928],[-58.2078,54.9828,7.962],[-58.2077,54.9797,12.6995],[-58.2161,54.9755,11.0328],[-58.2133,54.9744,1.9746],[-58.2061,54.9767,0.8335],[-58.1944,54.9747,2.8133],[-58.1844,54.9756,1.8665],[-58.1828,54.9767,0.0],[-58.19,54.9783,68.1821],[-58.1917,54.9808,12.6862],[-58.185,54.9853,0.0],[-58.1858,54.9877,5.3365]]],
[[[-58.5736,54.9839,2.0277],[-58.5747,54.9836,0.0],[-58.5731,54.9825,0.9603],[-58.5697,54.9853,0.9694],[-58.5731,54.9836,0.9603],[-58.5736,54.9839,2.0277]]],
[[[-58.661,54.9891,1.6651],[-58.6617,54.9858,4.0726],[-58.6588,54.9832,0.0],[-58.6576,54.9847,1.0283],[-58.6599,54.9859,1.8365],[-58.661,54.9891,1.6651]]],
[[[-58.5399,54.7991,0.0],[-58.5366,54.7977,0.9865],[-58.5338,54.7983,0.5446],[-58.536,54.7999,2.8737],[-58.5399,54.7991,0.0]]],
[[[-58.4992,54.8085,0.6532],[-58.5072,54.81,0.0],[-58.5128,54.806399999999996,16.9704],[-58.52,54.8045,5.1683],[-58.5127,54.8001,0.0],[-58.4994,54.806399999999996,0.5228],[-58.4992,54.8085,0.6532]]],
[[[-58.4246,54.8241,0.3317],[-58.4294,54.8269,1.9186],[-58.439,54.8257,0.3151],[-58.4507,54.8227,8.698],[-58.4594,54.8161,0.0],[-58.4561,54.8125,3.6548],[-58.4339,54.8103,0.0],[-58.4306,54.8088,12.2617],[-58.4278,54.8047,0.5359],[-58.4184,54.8032,1.0315],[-58.41,54.8092,1.8556],[-58.4067,54.8186,1.3879],[-58.4107,54.8205,0.0],[-58.4212,54.8196,5.1808],[-58.424,54.821,2.536],[-58.4246,54.8241,0.3317]]],
[[[-58.6366,54.8284,4.7034],[-58.6411,54.8311,2.5302],[-58.6594,54.8269,5.7327],[-58.665,54.822,5.5483],[-58.6667,54.8167,0.0],[-58.6611,54.8136,0.0],[-58.6544,54.8139,6.9985],[-58.6494,54.8159,13.9544],[-58.645,54.8153,0.0],[-58.6356,54.8192,0.0],[-58.6312,54.8237,2.2202],[-58.6267,54.8256,0.572],[-58.6283,54.8273,0.0],[-58.6339,54.8258,4.4079],[-58.6366,54.8284,4.7034]]],
[[[-57.8844,54.7836,2.5623],[-57.8894,54.7836,1.6742],[-57.89,54.7825,1.6742],[-57.8889,54.7803,0.2357],[-57.8839,54.7803,0.0],[-57.8823,54.7825,0.0],[-57.8844,54.7836,2.5623]]],
[[[-57.8293,54.8385,7.4585],[-57.8316,54.8371,0.0],[-57.8308,54.8346,1.1187],[-57.8268,54.8343,4.7889],[-57.826,54.8369,6.3785],[-57.8293,54.8385,7.4585]]],
[[[-57.925,54.87,0.0],[-57.9228,54.8714,3.6232],[-57.9233,54.8728,0.0],[-57.9278,54.8725,0.4576],[-57.9356,54.8658,0.143],[-57.9406,54.8653,8.7099],[-57.9411,54.8635,0.0],[-57.93,54.8633,0.0],[-57.9283,54.8645,0.0],[-57.9292,54.8673,23.1776],[-57.9261,54.8678,0.0],[-57.925,54.87,0.0]]],
[[[-58.1617,54.8973,2.7387],[-58.1682,54.8987,6.5313],[-58.1739,54.8953,0.3414],[-58.1739,54.8939,0.3414],[-58.165,54.8875,17.9573],[-58.1678,54.8853,0.0],[-58.1678,54.8814,0.0],[-58.1561,54.8791,2.3685],[-58.1478,54.8859,0.0],[-58.1478,54.8883,0.0],[-58.1539,54.8942,0.0],[-58.1617,54.8973,2.7387]]],
[[[-58.645,54.8678,1.0416],[-58.6533,54.868899999999996,0.0],[-58.6655,54.8653,3.5905],[-58.6728,54.8667,3.8309],[-58.6844,54.8613,1.9846],[-58.6878,54.8578,4.6426],[-58.6878,54.8555,5.924],[-58.6778,54.8536,0.0],[-58.6661,54.8569,2.4622],[-58.6656,54.8542,0.9504],[-58.6583,54.8547,9.0119],[-58.6544,54.8525,1.6863],[-58.6478,54.8525,0.4096],[-58.6372,54.855,0.0],[-58.6306,54.8586,5.5327],[-58.6289,54.8636,0.291],[-58.645,54.8678,1.0416]]],
[[[-58.3551,54.8839,0.7472],[-58.3539,54.8858,2.1586],[-58.3561,54.8865,2.1586],[-58.3665,54.8789,0.9441],[-58.3703,54.8799,12.8539],[-58.3933,54.8745,16.3766],[-58.3978,54.8692,0.0],[-58.3973,54.8667,15.8432],[-58.4054,54.8633,18.1328],[-58.4078,54.8583,0.0],[-58.3967,54.8625,5.8011],[-58.3844,54.8611,6.4336],[-58.3822,54.8575,4.9218],[-58.3911,54.8514,12.677],[-58.3922,54.845,1.526],[-58.3862,54.8399,0.3185],[-58.3701,54.8388,2.8556],[-58.3679,54.8405,0.0],[-58.3684,54.846,1.0572],[-58.3662,54.8468,1.0572],[-58.3629,54.8524,17.4706],[-58.3618,54.8588,0.2812],[-58.3668,54.8599,13.2982],[-58.3701,54.8635,0.552],[-58.3679,54.8655,0.3202],[-58.3679,54.8677,2.8214],[-58.3601,54.8752,0.0],[-58.3607,54.8788,16.4784],[-58.3551,54.8839,0.7472]]],
[[[-58.511,54.8663,3.8151],[-58.5104,54.8674,0.0],[-58.5154,54.8671,2.8764],[-58.5193,54.8696,2.261],[-58.5172,54.8758,2.9877],[-58.5193,54.876,3.4669],[-58.5232,54.8727,14.8306],[-58.5232,54.8705,8.5261],[-58.5204,54.8674,5.481],[-58.5237,54.8649,0.1796],[-58.5221,54.8641,2.4098],[-58.5138,54.8646,0.102],[-58.511,54.8663,3.8151]]],
[[[-58.7189,54.8861,6.0189],[-58.7255,54.8865,2.6858],[-58.7298,54.8825,11.5085],[-58.7365,54.8836,19.038],[-58.7431,54.8817,15.6552],[-58.7481,54.8778,0.0],[-58.7459,54.8731,0.0],[-58.747,54.8692,1.119],[-58.7414,54.8658,2.8856],[-58.732,54.8636,0.0],[-58.7161,54.865,1.4929],[-58.7104,54.8678,1.0518],[-58.6987,54.8773,7.1346],[-58.6987,54.8789,1.6318],[-58.7083,54.8811,5.7794],[-58.7189,54.8861,6.0189]]],
[[[-58.3342,54.9007,14.6343],[-58.332,54.9031,0.0],[-58.3329,54.9044,0.0],[-58.3386,54.9032,1.3499],[-58.3383,54.8996,0.0],[-58.3358,54.8991,1.7395],[-58.3342,54.9007,14.6343]]],
[[[-58.638,54.9264,0.8735],[-58.6414,54.9278,0.0],[-58.6431,54.9273,0.0],[-58.6425,54.9253,10.4748],[-58.6464,54.9248,1.072],[-58.647,54.922,14.6197],[-58.6498,54.9206,0.0],[-58.6492,54.9175,8.1986],[-58.6536,54.9167,0.0],[-58.6503,54.9159,8.9208],[-58.6514,54.9125,1.8922],[-58.6481,54.9125,1.4608],[-58.6428,54.9153,0.0],[-58.6393,54.9197,3.1779],[-58.6398,54.9231,4.2114],[-58.637,54.9248,1.6017],[-58.638,54.9264,0.8735]]],
[[[-58.5987,54.9418,9.6472],[-58.5942,54.9438,4.5204],[-58.5947,54.9447,4.5204],[-58.599,54.9458,1.2476],[-58.6073,54.943,3.4643],[-58.6106,54.9399,0.0],[-58.6106,54.9377,0.0],[-58.6045,54.9358,2.4644],[-58.5987,54.9418,9.6472]]],
[[[-58.7857,54.9509,3.1316],[-58.7846,54.9492,0.3863],[-58.7806,54.9579,9.6373],[-58.7851,54.9583,11.0785],[-58.7868,54.9567,2.5405],[-58.7873,54.9542,3.6166],[-58.7857,54.9509,3.1316]]],
[[[-58.7305,55.0053,1.3988],[-58.7328,55.0069,11.2918],[-58.7372,55.0058,2.1809],[-58.74,55.0031,7.1022],[-58.7383,54.9997,0.0],[-58.7404,54.9985,15.8717],[-58.7441,55.0011,1.9784],[-58.7649,54.9981,11.5831],[-58.7738,55.0008,0.0],[-58.7756,55.0,6.1635],[-58.7728,54.9942,0.0],[-58.7678,54.9919,6.8388],[-58.76,54.9853,0.0],[-58.7589,54.9806,1.3689],[-58.75,54.9811,5.9656],[-58.7439,54.9778,0.0],[-58.7356,54.9772,3.0446],[-58.7307,54.979,0.0],[-58.7294,54.9844,2.9293],[-58.7317,54.9883,7.9649],[-58.7261,54.9917,0.0],[-58.7283,54.9942,0.0],[-58.7277,54.9985,0.0],[-58.7333,55.0022,16.7892],[-58.7305,55.0053,1.3988]]],
[[[-58.792,54.9941,0.8392],[-58.7911,54.9947,0.8392],[-58.7961,54.9945,0.0],[-58.7984,54.9919,0.0],[-58.7967,54.9914,0.0],[-58.792,54.9941,0.8392]]],
[[[-58.2132,54.9985,13.8403],[-58.2183,54.9983,6.6019],[-58.2221,55.0014,6.6985],[-58.2305,54.9969,11.0889],[-58.2283,54.9944,57.1804],[-58.2317,54.99,0.0],[-58.2206,54.9872,3.5259],[-58.2094,54.9925,6.8054],[-58.2039,54.9922,0.6059],[-58.2132,54.9985,13.8403]]],
[[[-58.6657,54.9957,0.5642],[-58.6661,54.993899999999996,3.312],[-58.6629,54.9931,0.0],[-58.6636,54.9959,3.2555],[-58.6657,54.9957,0.5642]]],
[[[-58.2711,55.0169,14.2701],[-58.2804,55.0181,0.0],[-58.2922,55.0095,0.0],[-58.2889,55.0081,4.9838],[-58.2866,55.0033,42.9258],[-58.2885,55.002,15.118],[-58.2851,54.9928,11.2261],[-58.2801,54.9887,17.7425],[-58.2872,54.9853,24.8193],[-58.2895,54.9825,13.649],[-58.2968,54.9822,0.5801],[-58.2983,54.9797,8.9506],[-58.2867,54.9797,0.0],[-58.2772,54.9839,14.9577],[-58.2689,54.9851,0.0],[-58.2628,54.9892,0.0],[-58.2633,54.9931,0.0],[-58.2589,54.9954,0.7076],[-58.2617,54.9964,16.1663],[-58.2597,54.9973,0.0],[-58.2622,55.0011,0.0],[-58.265,55.0022,0.0],[-58.265,55.0039,0.0],[-58.2689,55.0044,27.2637],[-58.2722,55.0069,85.6265],[-58.2694,55.0089,1.713],[-58.2711,55.0111,18.7771],[-58.2661,55.0147,6.4809],[-58.2694,55.0175,0.0],[-58.2711,55.0169,14.2701]]],
[[[-58.2442,55.0127,3.5247],[-58.2492,55.0103,0.0],[-58.2455,55.0092,2.9097],[-58.2411,55.0111,0.0],[-58.2442,55.0127,3.5247]]],
[[[-58.7417,55.0206,0.0],[-58.7483,55.0219,14.9934],[-58.7544,55.0203,10.6871],[-58.76,55.0161,17.1838],[-58.765,55.0155,4.4231],[-58.7683,55.0114,0.0],[-58.7656,55.0083,21.1697],[-58.7667,55.0067,0.0],[-58.7639,55.0053,0.0],[-58.7583,55.0075,1.8618],[-58.7589,55.0097,8.371],[-58.7561,55.0125,7.2875],[-58.7494,55.0125,4.0702],[-58.7417,55.0158,5.6093],[-58.7428,55.0173,6.4098],[-58.7406,55.0192,0.0],[-58.7417,55.0206,0.0]]],
[[[-58.2926,55.0157,2.2039],[-58.2872,55.015,3.1389],[-58.2911,55.0169,2.2039],[-58.2933,55.0167,0.0],[-58.2926,55.0157,2.2039]]],
[[[-58.9333,55.0183,6.1876],[-58.9372,55.02,9.914],[-58.9367,55.0219,5.1735],[-58.9334,55.0236,0.4879],[-58.935,55.0278,6.9628],[-58.9411,55.0317,0.0],[-58.9433,55.0295,0.0],[-58.9428,55.0278,12.0515],[-58.9467,55.0264,0.5417],[-58.9511,55.0219,7.0203],[-58.9489,55.0197,4.1322],[-58.9522,55.0147,2.5894],[-58.9505,55.0111,7.5281],[-58.9544,55.0056,0.5655],[-58.9528,55.0031,30.6424],[-58.955,55.0,4.1181],[-58.954,54.9964,1.0663],[-58.9513,54.993899999999996,1.5042],[-58.9401,54.9925,14.8689],[-58.934,54.99,5.3895],[-58.9335,54.9885,11.3224],[-58.9384,54.9873,6.5277],[-58.9377,54.9855,0.8317],[-58.9362,54.9867,0.8317],[-58.9346,54.9858,12.9099],[-58.935,54.9842,0.0],[-58.9278,54.982,0.0],[-58.9201,54.9875,4.1702],[-58.9129,54.99,1.4071],[-58.9124,54.9936,34.9465],[-58.9161,54.9967,1.5501],[-58.9228,54.9986,24.7244],[-58.9239,55.0,11.599],[-58.9212,55.0045,1.8599],[-58.9272,55.0069,6.816],[-58.9278,55.0114,0.0],[-58.9339,55.0125,14.7871],[-58.9311,55.0161,2.3514],[-58.9333,55.0183,6.1876]]],
[[[-58.8259,55.0585,16.2023],[-58.8272,55.0617,0.0],[-58.8317,55.0617,5.8284],[-58.8339,55.0578,35.4125],[-58.8411,55.0542,0.982],[-58.8461,55.0494,1.8092],[-58.8439,55.0478,0.724],[-58.8489,55.0464,5.476],[-58.8544,55.0486,12.553],[-58.8539,55.0506,0.501],[-58.8568,55.054,11.6325],[-58.8628,55.0542,0.0],[-58.8633,55.0514,0.0],[-58.8611,55.0492,9.737],[-58.8633,55.0456,0.0],[-58.8577,55.0417,3.3886],[-58.8617,55.0411,2.4358],[-58.8656,55.0439,0.0],[-58.8755,55.0403,0.0],[-58.8739,55.0389,2.0238],[-58.8744,55.0356,2.6406],[-58.8773,55.0287,0.0],[-58.88,55.0261,1.2089],[-58.8778,55.0239,0.0],[-58.8794,55.0228,3.8947],[-58.8794,55.0197,0.601],[-58.8767,55.0108,1.3118],[-58.8722,55.0069,2.1379],[-58.8772,55.0009,0.0],[-58.8745,54.9981,1.1654],[-58.8684,54.9977,0.0],[-58.8671,54.9983,0.0],[-58.8678,54.9997,0.4531],[-58.8617,55.0008,0.0],[-58.8583,55.0028,0.0],[-58.8594,55.0039,0.0],[-58.8578,55.005,0.0],[-58.8594,55.0069,1.6549],[-58.8544,55.0086,0.0],[-58.8578,55.0106,0.0],[-58.8572,55.0131,0.0],[-58.8639,55.0175,10.4712],[-58.8622,55.0186,0.0],[-58.8639,55.0203,9.6352],[-58.8622,55.0215,0.0],[-58.8667,55.0231,9.4901],[-58.8667,55.0244,3.1224],[-58.8589,55.0272,0.0],[-58.8628,55.0297,3.8348],[-58.8617,55.0314,0.0],[-58.8555,55.0309,3.5854],[-58.8467,55.0235,1.0161],[-58.8457,55.0263,0.0],[-58.8305,55.0323,6.4096],[-58.83,55.035,20.555],[-58.8194,55.0369,0.4992],[-58.8167,55.04,1.8402],[-58.8178,55.0408,37.5374],[-58.815,55.0428,0.0],[-58.8233,55.0478,0.0],[-58.8206,55.0506,0.0],[-58.8244,55.0525,17.0674],[-58.8239,55.056399999999996,0.0],[-58.8259,55.0585,16.2023]]],
[[[-58.935,55.0381,0.0],[-58.931,55.0339,2.253],[-58.9267,55.0353,0.4012],[-58.9327,55.0408,0.1948],[-58.9328,55.0431,9.1625],[-58.935,55.0436,0.0],[-58.9367,55.0419,0.0],[-58.9339,55.0392,1.0047],[-58.935,55.0381,0.0]]],
[[[-58.8616,55.0594,8.031],[-58.8604,55.0566,0.5058],[-58.8578,55.0572,0.0],[-58.8596,55.0615,3.3343],[-58.8616,55.0594,8.031]]],
[[[-58.7199,55.0245,2.8996],[-58.7194,55.0256,1.3146],[-58.7222,55.0273,0.0],[-58.7281,55.0279,3.1903],[-58.7378,55.0253,0.0],[-58.7344,55.0223,2.0649],[-58.7306,55.0233,1.7136],[-58.7233,55.0214,0.0],[-58.7206,55.0225,0.0],[-58.7199,55.0245,2.8996]]],
[[[-58.7875,55.0457,1.121],[-58.7876,55.0435,0.0],[-58.7846,55.0436,0.0],[-58.7841,55.0487,1.9601],[-58.7863,55.0488,0.0],[-58.7875,55.0457,1.121]]],
[[[-58.742,55.0591,6.2049],[-58.7392,55.0575,3.4834],[-58.738,55.059,7.7405],[-58.7402,55.0607,1.9241],[-58.742,55.0591,6.2049]]],
[[[-58.6033,55.0728,0.0],[-58.6021,55.0749,2.5103],[-58.6037,55.0779,5.2971],[-58.6064,55.0789,0.0],[-58.6103,55.0769,4.4558],[-58.6173,55.0763,6.285],[-58.6205,55.0729,13.6979],[-58.6233,55.0756,0.0],[-58.6228,55.0775,0.0],[-58.6253,55.0787,10.6232],[-58.6267,55.0781,1.3239],[-58.6256,55.0753,4.6188],[-58.6278,55.0747,0.8148],[-58.6306,55.0764,0.0],[-58.6311,55.0742,0.0],[-58.6256,55.0681,28.1689],[-58.6317,55.0667,3.303],[-58.6311,55.0636,17.6904],[-58.6344,55.0636,16.0143],[-58.6406,55.0593,0.5334],[-58.628,55.0529,1.8954],[-58.6184,55.0537,0.4611],[-58.6183,55.056399999999996,16.8653],[-58.6139,55.0572,7.4453],[-58.615,55.0589,4.1806],[-58.6111,55.0597,0.9932],[-58.6122,55.0609,3.9501],[-58.6056,55.0656,16.5906],[-58.6033,55.0728,0.0]]],
[[[-59.6433,54.9851,1.3261],[-59.6439,54.9839,1.3261],[-59.6422,54.9828,0.5235],[-59.6405,54.9839,0.0],[-59.6405,54.9859,0.0],[-59.6433,54.9851,1.3261]]],
[[[-59.5733,55.0015,2.0318],[-59.5748,55.0003,0.0],[-59.5728,54.9994,0.5152],[-59.5683,55.0005,0.0],[-59.5698,55.0016,1.1083],[-59.5733,55.0015,2.0318]]],
[[[-59.6183,55.1486,1.6806],[-59.6194,55.1497,1.0764],[-59.6222,55.1486,0.5986],[-59.62,55.1467,0.0],[-59.6183,55.1467,0.0],[-59.6183,55.1486,1.6806]]],
[[[-59.4687,55.1676,0.5163],[-59.4644,55.1669,0.0],[-59.4634,55.1684,0.0],[-59.4689,55.1686,0.5163],[-59.4687,55.1676,0.5163]]],
[[[-58.8303,55.0711,8.9522],[-58.8339,55.0708,8.9522],[-58.8387,55.0735,4.2847],[-58.84,55.0721,4.2847],[-58.8266,55.0671,5.4708],[-58.8246,55.0683,0.6916],[-58.8258,55.0714,2.5637],[-58.8303,55.0711,8.9522]]],
[[[-59.3961,55.0736,4.838],[-59.3983,55.072,0.0],[-59.3967,55.0706,4.1937],[-59.3939,55.0725,1.3623],[-59.3961,55.0736,4.838]]],
[[[-58.9035,55.0705,0.8201],[-58.8956,55.0731,0.0],[-58.8961,55.0767,21.3465],[-58.8939,55.0781,0.0],[-58.8972,55.0781,7.5213],[-58.9017,55.0744,1.7897],[-58.9016,55.0725,4.7662],[-58.9045,55.0723,0.0],[-58.9089,55.075,11.7954],[-58.9167,55.0725,1.991],[-58.9161,55.0706,18.4514],[-58.9102,55.0677,0.0],[-58.9035,55.0705,0.8201]]],
[[[-59.1976,55.1031,3.201],[-59.2028,55.102,18.7256],[-59.2007,55.1061,4.8277],[-59.2047,55.1075,0.0],[-59.2156,55.1022,5.798],[-59.2177,55.1045,0.3627],[-59.2259,55.105,1.7496],[-59.2302,55.1009,6.3986],[-59.2346,55.0993,3.1011],[-59.222,55.0945,0.958],[-59.2159,55.0977,11.0148],[-59.2065,55.0977,9.5326],[-59.2041,55.1,11.6262],[-59.1961,55.1019,0.0],[-59.1976,55.1031,3.201]]],
[[[-59.3545,55.1443,0.4334],[-59.3582,55.1466,0.0],[-59.3644,55.1469,8.1049],[-59.3755,55.1429,0.0],[-59.3778,55.1391,0.0],[-59.392,55.1264,4.8044],[-59.3932,55.1228,20.6712],[-59.3966,55.1196,0.0],[-59.3973,55.1183,2.7558],[-59.394,55.1141,6.4592],[-59.4072,55.1084,5.9021],[-59.4118,55.1027,7.9868],[-59.4167,55.0997,2.5228],[-59.4226,55.091,0.0],[-59.4222,55.0833,0.0],[-59.411,55.0834,0.0],[-59.4005,55.0869,0.0],[-59.3962,55.0863,0.0],[-59.3919,55.0832,0.0],[-59.3841,55.0864,1.9319],[-59.3838,55.0987,8.4322],[-59.3762,55.1023,10.0116],[-59.3755,55.1046,9.7177],[-59.3774,55.1068,8.4292],[-59.3754,55.1101,4.2584],[-59.3761,55.1133,4.0614],[-59.3706,55.1181,0.0],[-59.3691,55.1257,13.6059],[-59.366,55.1281,5.6521],[-59.3637,55.1361,9.2741],[-59.3547,55.1425,0.5629],[-59.3545,55.1443,0.4334]]],
[[[-58.8944,55.1318,10.7353],[-58.8955,55.1305,10.7353],[-58.8906,55.1283,0.0],[-58.89,55.1308,0.0],[-58.8944,55.1318,10.7353]]],
[[[-58.8222,55.1523,6.8526],[-58.8184,55.1537,0.9452],[-58.8178,55.1567,9.4836],[-58.825,55.1581,2.9031],[-58.8261,55.1544,0.7772],[-58.8222,55.1523,6.8526]]],
[[[-58.9225,55.1631,0.0],[-58.9172,55.1611,0.0],[-58.9172,55.1659,0.0],[-58.9208,55.1659,0.5625],[-58.9228,55.1647,0.0],[-58.9225,55.1631,0.0]]],
[[[-58.805,55.1314,3.1462],[-58.8017,55.1325,2.9085],[-58.8022,55.1372,0.0],[-58.807,55.1426,0.0],[-58.8109,55.1443,0.0],[-58.8177,55.1399,0.08],[-58.8183,55.136,0.052],[-58.8221,55.1365,6.4407],[-58.8239,55.1339,0.0],[-58.8203,55.1293,4.5291],[-58.8172,55.1311,4.1296],[-58.805,55.1314,3.1462]]],
[[[-58.7539,55.2042,10.0706],[-58.7528,55.2067,0.0],[-58.7559,55.2084,31.1659],[-58.7611,55.2075,0.0],[-58.768,55.1967,38.768],[-58.7712,55.196,0.6419],[-58.7749,55.1914,23.7691],[-58.7792,55.1894,2.8417],[-58.7777,55.1783,35.0925],[-58.78,55.1775,6.4743],[-58.7794,55.1753,6.2832],[-58.7833,55.1731,0.0],[-58.7822,55.1714,12.8735],[-58.7844,55.1692,5.9658],[-58.7821,55.1662,23.1352],[-58.7878,55.1625,0.677],[-58.79,55.1628,2.1254],[-58.7894,55.1614,12.3141],[-58.7917,55.1595,0.746],[-58.7906,55.1528,3.5771],[-58.7856,55.1506,28.7546],[-58.7866,55.145,17.9607],[-58.7848,55.1428,3.428],[-58.7786,55.1459,6.2381],[-58.7774,55.1431,4.6565],[-58.7744,55.1425,7.6664],[-58.775,55.1406,6.2134],[-58.7722,55.1389,4.0102],[-58.7695,55.14,0.0],[-58.7722,55.145,2.2187],[-58.7689,55.1467,0.0],[-58.7705,55.1489,19.1875],[-58.7685,55.1505,10.168],[-58.7683,55.1537,8.3298],[-58.7711,55.1555,8.7785],[-58.7705,55.1575,23.0771],[-58.7672,55.1589,0.0],[-58.773,55.1623,26.7628],[-58.7667,55.1661,0.0],[-58.7694,55.1672,9.0172],[-58.77,55.17,7.7214],[-58.7672,55.1736,0.0],[-58.7683,55.175,1.4638],[-58.765,55.1778,0.0],[-58.7656,55.1789,0.7439],[-58.7616,55.1811,4.8448],[-58.7622,55.1833,7.0293],[-58.7583,55.1861,11.4335],[-58.7567,55.19,3.5854],[-58.7517,55.1936,0.0],[-58.7533,55.1953,0.6428],[-58.7516,55.1975,0.0],[-58.755,55.2011,7.2802],[-58.7539,55.2042,10.0706]]],
[[[-58.7853,55.1919,3.7769],[-58.7855,55.1894,4.0018],[-58.783,55.1891,4.0018],[-58.7826,55.1918,3.7769],[-58.7853,55.1919,3.7769]]],
[[[-59.0892,55.1647,1.8882],[-59.0898,55.1621,2.3127],[-59.0852,55.163,8.4511],[-59.0868,55.1653,5.987],[-59.0892,55.1647,1.8882]]],
[[[-59.3488,55.1791,0.0],[-59.3445,55.181,0.0],[-59.3476,55.1829,0.853],[-59.3526,55.1809,0.0],[-59.3488,55.1791,0.0]]],
[[[-58.9406,55.1886,0.0],[-58.9422,55.1909,2.4671],[-58.9472,55.1914,2.2527],[-58.9592,55.1874,4.4446],[-58.9633,55.1878,1.579],[-58.9754,55.1841,6.9626],[-58.9814,55.1768,0.0],[-58.9614,55.172,0.0],[-58.9561,55.1744,3.6955],[-58.9566,55.1761,37.1406],[-58.9486,55.1837,1.3664],[-58.9411,55.185,0.0],[-58.9422,55.1869,2.8348],[-58.9406,55.1886,0.0]]],
[[[-59.325,55.1908,0.2182],[-59.3311,55.1928,2.4423],[-59.3417,55.1889,0.0],[-59.34,55.1867,9.3848],[-59.3467,55.1867,5.349],[-59.3472,55.1847,2.9619],[-59.3456,55.1845,19.4759],[-59.3467,55.1833,0.853],[-59.3456,55.1819,0.0],[-59.3411,55.1817,0.0],[-59.325,55.1908,0.2182]]],
[[[-59.4739,55.1767,3.2565],[-59.4772,55.17,0.0],[-59.475,55.1697,0.0],[-59.47,55.1736,1.9168],[-59.4711,55.1744,4.7625],[-59.4694,55.1803,1.4845],[-59.4661,55.1817,0.8253],[-59.47,55.1822,0.0],[-59.4744,55.1803,0.0],[-59.4724,55.179,3.9153],[-59.4739,55.1767,3.2565]]],
[[[-59.5516,55.1779,0.7896],[-59.5478,55.1758,0.0],[-59.5478,55.1775,0.0],[-59.5444,55.1799,0.0],[-59.5489,55.1799,1.5725],[-59.5516,55.1779,0.7896]]],
[[[-59.7177,55.1811,0.0],[-59.7152,55.1836,0.5515],[-59.7228,55.1836,2.498],[-59.7222,55.1853,0.0],[-59.7257,55.1867,0.7224],[-59.7344,55.18,0.7264],[-59.7322,55.1783,4.565],[-59.7317,55.1745,0.0],[-59.7271,55.1725,0.0],[-59.719,55.1745,0.0],[-59.7181,55.176,0.0],[-59.7199,55.1771,0.0],[-59.7244,55.1763,1.7009],[-59.7177,55.1811,0.0]]],
[[[-59.4478,55.1847,0.7623],[-59.4506,55.1836,2.4005],[-59.4506,55.1819,0.0],[-59.4483,55.1825,2.4005],[-59.4478,55.1847,0.7623]]],
[[[-59.386,55.1837,0.0],[-59.384,55.1834,0.0],[-59.3741,55.1902,0.7659],[-59.3793,55.1914,2.0881],[-59.38,55.1887,2.7772],[-59.3858,55.1871,0.0],[-59.386,55.1837,0.0]]],
[[[-59.3288,55.2017,2.0752],[-59.3261,55.2036,0.8744],[-59.3311,55.2053,10.7477],[-59.3316,55.2075,0.0],[-59.3406,55.2042,0.0],[-59.3433,55.197,0.0],[-59.3428,55.1928,0.0],[-59.3377,55.1911,0.0],[-59.3328,55.1933,2.4423],[-59.3339,55.195,0.0],[-59.3316,55.1972,1.0748],[-59.335,55.1989,1.6493],[-59.3288,55.2017,2.0752]]],
[[[-58.9406,55.2072,0.5426],[-58.9394,55.2092,0.4185],[-58.9411,55.2097,2.4507],[-58.9455,55.2075,0.0],[-58.9427,55.2062,0.0],[-58.9406,55.2072,0.5426]]],
[[[-59.2317,55.2145,0.5711],[-59.2361,55.2142,1.9453],[-59.2367,55.2136,0.0],[-59.2339,55.2128,0.9435],[-59.2317,55.2145,0.5711]]],
[[[-59.5953,55.1887,1.388],[-59.5934,55.1861,0.8848],[-59.5895,55.1874,0.0],[-59.5933,55.1894,0.7512],[-59.5953,55.1887,1.388]]],
[[[-59.4488,55.1964,0.0],[-59.4428,55.1964,0.0],[-59.441,55.1979,1.1313],[-59.4472,55.1978,0.0],[-59.4488,55.1964,0.0]]],
[[[-59.4974,55.2276,0.0],[-59.501,55.2283,2.2287],[-59.5024,55.2238,4.4027],[-59.5056,55.2237,0.0],[-59.5032,55.2218,0.0],[-59.4993,55.2223,0.3378],[-59.4977,55.2248,0.0],[-59.4928,55.2245,0.5678],[-59.4975,55.2253,0.0],[-59.4974,55.2276,0.0]]],
[[[-59.4615,55.2313,11.0989],[-59.4532,55.2291,0.3237],[-59.451,55.2327,0.0],[-59.4537,55.2393,0.4425],[-59.4614,55.2416,3.5274],[-59.4618,55.2387,8.9977],[-59.465,55.2353,1.6942],[-59.4615,55.2313,11.0989]]],
[[[-58.9547,55.2161,3.4448],[-58.9472,55.2225,11.5562],[-58.9519,55.2265,3.876],[-58.9636,55.2198,16.5127],[-58.9739,55.219,6.2179],[-58.973,55.2215,0.0],[-58.9747,55.2223,0.6761],[-58.9797,55.2211,3.6766],[-58.9807,55.2193,0.0],[-58.976,55.2177,0.9094],[-58.9744,55.2128,4.5673],[-58.9771,55.2114,2.1485],[-58.9751,55.2084,17.7033],[-58.9783,55.2053,0.0],[-58.9767,55.2042,2.5148],[-58.9584,55.2109,8.5201],[-58.9546,55.2141,1.6479],[-58.9547,55.2161,3.4448]]],
[[[-59.2467,55.2247,2.5409],[-59.2476,55.2235,0.0],[-59.2454,55.222,0.0],[-59.2425,55.2239,0.0],[-59.2445,55.2254,4.3134],[-59.2467,55.2247,2.5409]]],
[[[-59.2472,55.2293,1.3897],[-59.2485,55.2284,0.4177],[-59.2422,55.2271,1.6282],[-59.2389,55.2308,1.3517],[-59.2405,55.2313,1.3517],[-59.2472,55.2293,1.3897]]],
[[[-59.2545,55.2502,0.0],[-59.2492,55.2492,3.8523],[-59.2468,55.2504,0.6892],[-59.25,55.2532,8.7988],[-59.2556,55.2546,1.4759],[-59.2576,55.2521,13.1081],[-59.2545,55.2502,0.0]]],
[[[-59.4044,55.2409,0.0],[-59.4072,55.2434,3.9129],[-59.417,55.243899999999996,0.2818],[-59.4171,55.2411,3.1452],[-59.42,55.2395,2.2014],[-59.4128,55.2372,2.1919],[-59.4044,55.2409,0.0]]],
[[[-59.5635,55.2428,2.1972],[-59.5607,55.2453,1.2979],[-59.5662,55.245,3.7318],[-59.5657,55.241,1.4119],[-59.5631,55.2407,1.4119],[-59.5635,55.2428,2.1972]]],
[[[-59.6105,55.2426,0.1634],[-59.6038,55.2449,0.3586],[-59.607,55.2499,1.1906],[-59.6115,55.2454,2.0001],[-59.6105,55.2426,0.1634]]],
[[[-59.5585,55.2526,3.8418],[-59.5658,55.2576,0.0],[-59.5728,55.2559,2.713],[-59.5788,55.2603,0.6909],[-59.5833,55.2572,0.0],[-59.5917,55.2556,0.0],[-59.5978,55.2497,0.0],[-59.5866,55.2481,1.2579],[-59.5808,55.2449,0.4663],[-59.5639,55.2466,1.1282],[-59.5584,55.2505,6.261],[-59.5585,55.2526,3.8418]]],
[[[-59.3345,55.2608,5.9655],[-59.3456,55.2613,4.1457],[-59.3516,55.259,0.5442],[-59.3537,55.2566,0.0],[-59.3528,55.2542,0.0],[-59.3489,55.2519,3.6656],[-59.3511,55.2511,1.2594],[-59.3561,55.2526,1.9394],[-59.361,55.2483,0.0],[-59.355,55.2455,2.9533],[-59.3282,55.2535,0.4879],[-59.3345,55.2608,5.9655]]],
[[[-59.2511,55.2569,2.5205],[-59.2522,55.2556,2.5205],[-59.2506,55.2547,0.0],[-59.2472,55.2561,0.0],[-59.2489,55.2575,0.9874],[-59.2511,55.2569,2.5205]]],
[[[-59.29,55.2572,0.0],[-59.2944,55.2622,0.0],[-59.301,55.2605,7.4937],[-59.2967,55.2536,0.0],[-59.2883,55.2564,0.0],[-59.29,55.2572,0.0]]],
[[[-59.2294,55.2622,1.9313],[-59.2278,55.2611,1.573],[-59.2256,55.2614,1.573],[-59.2278,55.2633,4.6655],[-59.2294,55.2622,1.9313]]],
[[[-59.7046,55.2539,0.4964],[-59.7111,55.2561,2.5865],[-59.7156,55.2603,0.6845],[-59.7172,55.2592,0.6845],[-59.7094,55.2467,0.0],[-59.7017,55.2503,0.0],[-59.7046,55.2539,0.4964]]],
[[[-59.5118,55.2638,2.0037],[-59.5089,55.2619,0.0],[-59.5064,55.2651,6.2876],[-59.5089,55.2674,0.0],[-59.5122,55.2675,0.0],[-59.5138,55.2659,0.5452],[-59.5118,55.2638,2.0037]]],
[[[-59.6885,55.2798,9.6048],[-59.6921,55.2805,0.6675],[-59.6966,55.279,3.2783],[-59.6983,55.2765,2.0854],[-59.7028,55.2748,0.6556],[-59.7043,55.2711,4.5879],[-59.7067,55.2717,1.6676],[-59.7099,55.2686,3.2393],[-59.7083,55.2676,19.2545],[-59.7092,55.2653,3.0212],[-59.7159,55.2661,1.2916],[-59.7169,55.2622,2.3024],[-59.7089,55.2614,5.5569],[-59.708,55.2587,1.6199],[-59.7048,55.2581,0.0],[-59.7023,55.2605,0.3673],[-59.7038,55.2626,0.7407],[-59.7029,55.2639,7.8646],[-59.6983,55.2646,1.1458],[-59.6997,55.2664,1.638],[-59.6935,55.2661,0.0],[-59.6932,55.2677,0.0],[-59.6948,55.2677,3.5587],[-59.6941,55.2701,6.3915],[-59.6902,55.2701,1.1802],[-59.6844,55.2752,0.0],[-59.6883,55.2775,4.3349],[-59.6866,55.2783,0.6583],[-59.6885,55.2798,9.6048]]],
[[[-59.5011,55.2708,0.2005],[-59.5038,55.2728,1.415],[-59.5062,55.2718,0.1935],[-59.5046,55.2693,4.3685],[-59.5011,55.2708,0.2005]]],
[[[-59.2683,55.2647,6.663],[-59.2667,55.2656,0.0],[-59.2705,55.2667,0.0],[-59.2739,55.2633,0.4595],[-59.271,55.2604,0.0],[-59.2644,55.2592,0.0],[-59.2682,55.2637,2.9653],[-59.2683,55.2647,6.663]]],
[[[-59.3553,55.3083,8.1601],[-59.3573,55.3097,0.0],[-59.3565,55.3121,0.0],[-59.3589,55.3131,6.6462],[-59.3706,55.3114,8.5577],[-59.3722,55.3092,1.2905],[-59.3707,55.3069,34.7729],[-59.3736,55.3059,0.0],[-59.3765,55.3015,4.5336],[-59.3765,55.2971,0.0],[-59.3727,55.2941,0.7281],[-59.3617,55.2973,3.6148],[-59.3562,55.2889,3.6503],[-59.3495,55.2883,0.9874],[-59.3436,55.2839,0.5713],[-59.3342,55.2849,0.9602],[-59.3317,55.2817,0.7817],[-59.3331,55.2775,6.225],[-59.3303,55.276,0.0],[-59.3256,55.2765,0.0],[-59.3247,55.2813,0.121],[-59.3267,55.2849,1.979],[-59.3206,55.2899,0.0],[-59.3187,55.2986,4.7952],[-59.3224,55.3011,0.7365],[-59.33,55.3007,12.9665],[-59.3291,55.3055,8.1933],[-59.334,55.3089,1.4456],[-59.3553,55.3083,8.1601]]],
[[[-59.3181,55.3079,2.9401],[-59.3168,55.3088,0.3828],[-59.322,55.3098,3.1539],[-59.3193,55.3069,0.0],[-59.3181,55.3079,2.9401]]],
[[[-59.5132,55.2749,0.0],[-59.51,55.2722,0.7419],[-59.5083,55.2733,0.8144],[-59.51,55.2764,1.6392],[-59.5132,55.2749,0.0]]],
[[[-59.6851,55.2767,2.9731],[-59.681,55.2755,4.3872],[-59.6787,55.2767,0.2731],[-59.6797,55.2793,1.1902],[-59.6848,55.2787,14.2156],[-59.6851,55.2767,2.9731]]],
[[[-59.7106,55.2983,1.8778],[-59.7191,55.3012,3.2367],[-59.7259,55.3009,0.0],[-59.7281,55.299,5.6057],[-59.728,55.2969,5.1615],[-59.7382,55.2895,0.0],[-59.7321,55.2845,0.3185],[-59.7228,55.2864,0.0],[-59.7078,55.2936,0.0],[-59.7073,55.295,0.0],[-59.7139,55.2972,13.9409],[-59.7106,55.2983,1.8778]]],
[[[-59.6366,55.3275,1.226],[-59.6511,55.3311,0.0],[-59.6544,55.3311,0.0],[-59.6607,55.3276,8.2437],[-59.6515,55.3183,1.8758],[-59.648,55.3171,17.7905],[-59.6385,55.3185,0.0],[-59.6328,55.3245,21.2472],[-59.6328,55.3258,17.9985],[-59.6366,55.3275,1.226]]],
[[[-59.6866,55.3533,0.6986],[-59.6833,55.3572,0.8859],[-59.69,55.355,0.0],[-59.6894,55.3528,0.73],[-59.6866,55.3533,0.6986]]],
[[[-59.575,55.3703,0.7992],[-59.5933,55.37,6.618],[-59.6017,55.3658,5.6042],[-59.6028,55.3625,33.4103],[-59.5989,55.3592,2.9567],[-59.5939,55.3592,2.033],[-59.5883,55.3622,0.0],[-59.5894,55.3653,3.1043],[-59.5833,55.365,0.0],[-59.5805,55.3686,0.0],[-59.5767,55.3683,0.0],[-59.575,55.3703,0.7992]]],
[[[-59.6587,55.3714,0.2741],[-59.6561,55.3733,0.0188],[-59.6617,55.3761,2.2416],[-59.6722,55.3728,1.1622],[-59.6728,55.3683,2.3709],[-59.6656,55.3642,0.0],[-59.6589,55.3642,0.0],[-59.6567,55.3653,0.0],[-59.6587,55.3714,0.2741]]],
[[[-59.7305,55.3777,0.0],[-59.7282,55.3801,0.0],[-59.7331,55.381,0.2631],[-59.7384,55.3795,0.0],[-59.7347,55.3758,3.4675],[-59.7305,55.3777,0.0]]],
[[[-59.7191,55.4243,1.1224],[-59.7228,55.4209,6.6693],[-59.7228,55.4192,1.865],[-59.7194,55.4201,0.7571],[-59.7172,55.4245,1.9399],[-59.7191,55.4243,1.1224]]],
[[[-59.6816,55.4229,1.0483],[-59.6756,55.425,2.2284],[-59.6822,55.4261,4.2291],[-59.6856,55.4247,12.5453],[-59.6844,55.4211,0.1934],[-59.6816,55.4229,1.0483]]],
[[[-59.7061,55.4247,0.0],[-59.7056,55.4261,0.0],[-59.7078,55.4275,0.6791],[-59.7106,55.4269,1.9771],[-59.7089,55.4242,1.2866],[-59.7061,55.4247,0.0]]],
[[[-59.505,55.4325,1.6058],[-59.5039,55.4331,0.0],[-59.5067,55.4339,0.3634],[-59.5078,55.4369,0.0],[-59.5128,55.4358,2.4916],[-59.5117,55.4306,0.7744],[-59.505,55.4325,1.6058]]],
[[[-59.6428,55.3897,3.1499],[-59.6383,55.3878,0.2771],[-59.6311,55.3903,-0.0861],[-59.6311,55.3923,1.2986],[-59.6328,55.3925,17.737],[-59.634,55.3958,4.4306],[-59.6359,55.3958,4.4306],[-59.6428,55.3897,3.1499]]],
[[[-59.7347,55.4023,2.5098],[-59.7323,55.4042,0.0475],[-59.7344,55.405,4.6916],[-59.7328,55.4073,0.0],[-59.7372,55.4087,6.8259],[-59.7417,55.4063,2.4307],[-59.7426,55.4033,1.5277],[-59.7411,55.4019,1.3644],[-59.7367,55.4,0.5312],[-59.7347,55.4023,2.5098]]],
[[[-59.6583,55.4092,0.0],[-59.6578,55.4133,0.0],[-59.6639,55.4128,0.5786],[-59.6639,55.4108,4.2874],[-59.6667,55.4095,1.4264],[-59.6678,55.4047,0.0],[-59.6644,55.4042,0.836],[-59.6583,55.4092,0.0]]],
[[[-59.7046,55.4112,2.0516],[-59.7059,55.4094,2.0461],[-59.7038,55.4086,0.0],[-59.6984,55.4109,2.2962],[-59.7008,55.4126,0.4229],[-59.7046,55.4112,2.0516]]],
[[[-59.7428,55.3937,0.1105],[-59.7422,55.3953,3.929],[-59.7378,55.3969,1.8337],[-59.7389,55.3997,4.3534],[-59.7444,55.4011,3.9081],[-59.7478,55.3997,0.0],[-59.7452,55.3976,5.8665],[-59.7465,55.3956,0.4695],[-59.7428,55.3937,0.1105]]],
[[[-59.8519,55.3975,1.7999],[-59.8478,55.3983,0.0],[-59.8507,55.3997,0.4161],[-59.8572,55.3986,4.5742],[-59.8561,55.3969,0.0],[-59.8519,55.3975,1.7999]]],
[[[-59.8492,55.4023,0.0],[-59.8495,55.4004,1.8179],[-59.8452,55.3992,0.0],[-59.8419,55.4031,0.3255],[-59.8454,55.4049,7.3353],[-59.8492,55.4023,0.0]]],
[[[-59.885,55.4128,5.9947],[-59.8894,55.41,1.1085],[-59.8882,55.4088,1.1085],[-59.8835,55.4096,1.6389],[-59.8828,55.4125,0.0],[-59.885,55.4128,5.9947]]],
[[[-59.8784,55.412,0.0],[-59.8794,55.4108,0.0],[-59.8772,55.4097,0.0],[-59.872,55.4145,0.0],[-59.8745,55.415,2.3407],[-59.8784,55.412,0.0]]],
[[[-59.8905,55.419,0.8607],[-59.8855,55.421,1.3695],[-59.891,55.4217,3.9722],[-59.8957,55.4201,13.3169],[-59.8945,55.4175,0.6856],[-59.8905,55.419,0.8607]]],
[[[-59.7933,55.4219,1.0205],[-59.7944,55.4206,1.0205],[-59.7908,55.4207,0.0],[-59.7907,55.4223,0.0],[-59.7933,55.4219,1.0205]]],
[[[-59.8603,55.4243,1.0708],[-59.8595,55.4255,0.1694],[-59.8667,55.4281,2.9825],[-59.8829,55.4179,0.9181],[-59.8791,55.4166,0.0],[-59.8567,55.4201,0.0],[-59.8569,55.422,0.0],[-59.8603,55.4243,1.0708]]],
[[[-59.9302,55.4253,0.0],[-59.9278,55.4261,0.0],[-59.929,55.4274,31.689],[-59.9278,55.4286,0.0],[-59.9233,55.4303,0.0],[-59.9511,55.4264,1.5465],[-59.9528,55.4256,1.807],[-59.9522,55.4245,2.5911],[-59.9461,55.4231,1.3204],[-59.9422,55.42,8.166],[-59.9538,55.4173,2.6832],[-59.9575,55.4143,0.0],[-59.9444,55.4123,4.3196],[-59.9439,55.4103,0.0],[-59.9411,55.4097,1.1782],[-59.9278,55.4159,1.2291],[-59.9228,55.4203,0.9888],[-59.9222,55.4233,0.0],[-59.9239,55.4242,9.8563],[-59.9328,55.4236,16.144],[-59.9302,55.4253,0.0]]],
[[[-59.9908,55.4224,2.0093],[-59.9917,55.4208,2.871],[-59.9855,55.4225,0.0],[-59.9883,55.4231,2.568],[-59.9908,55.4224,2.0093]]],
[[[-59.9594,55.4203,0.2542],[-59.9544,55.4217,0.6513],[-59.9547,55.4254,1.3772],[-59.965,55.4236,23.2946],[-59.9732,55.4203,5.451],[-59.9694,55.4181,0.4598],[-59.9627,55.4183,0.0],[-59.9594,55.4203,0.2542]]],
[[[-59.9301,55.4341,2.46],[-59.9327,55.4317,2.8578],[-59.9233,55.4336,0.8754],[-59.925,55.435,3.534],[-59.9301,55.4341,2.46]]],
[[[-60.6546,55.0292,1.2415],[-60.6511,55.03,0.273],[-60.6544,55.0317,0.8286],[-60.6591,55.0307,0.6414],[-60.6573,55.0295,0.3483],[-60.6546,55.0292,1.2415]]],
[[[-60.6628,55.0328,0.5137],[-60.6574,55.0336,0.0],[-60.665,55.0367,3.6376],[-60.6717,55.0364,3.4395],[-60.675,55.0344,6.5448],[-60.6722,55.0336,0.6154],[-60.6628,55.0328,0.5137]]],
[[[-60.6769,55.0342,4.1258],[-60.6739,55.0359,1.0644],[-60.6805,55.0361,0.0],[-60.6783,55.0339,1.3798],[-60.6769,55.0342,4.1258]]],
[[[-60.6222,55.0569,1.7181],[-60.625,55.0547,3.0397],[-60.6217,55.0553,0.0],[-60.6211,55.0569,3.7662],[-60.6222,55.0569,1.7181]]],
[[[-60.3065,55.0034,3.0865],[-60.3078,55.0022,3.2297],[-60.3078,55.0014,0.6107],[-60.305,55.0025,0.0],[-60.3065,55.0034,3.0865]]],
[[[-60.3033,55.0261,1.2913],[-60.3028,55.0231,1.6597],[-60.3006,55.0222,0.0],[-60.3,55.0259,0.0],[-60.3017,55.0273,0.218],[-60.3033,55.0261,1.2913]]],
[[[-60.3665,55.2026,6.0962],[-60.3656,55.2067,4.4606],[-60.3732,55.2064,1.8367],[-60.3789,55.2027,1.8534],[-60.386,55.1951,0.0],[-60.3862,55.1923,0.0],[-60.3844,55.1911,6.9517],[-60.3866,55.19,3.2976],[-60.3867,55.1872,4.315],[-60.3794,55.1867,0.0],[-60.3739,55.1883,0.7228],[-60.3822,55.1911,3.4093],[-60.3789,55.1939,19.9985],[-60.3761,55.1933,0.0],[-60.3711,55.1958,5.6931],[-60.3678,55.1986,0.0],[-60.3665,55.2026,6.0962]]],
[[[-60.3494,55.2375,1.854],[-60.3505,55.2389,0.0],[-60.3539,55.2392,0.7092],[-60.3567,55.2375,2.3915],[-60.3578,55.2378,2.3915],[-60.3572,55.2397,0.0],[-60.3611,55.2394,3.404],[-60.3667,55.2356,0.9343],[-60.365,55.2319,2.3005],[-60.3711,55.2273,0.7935],[-60.3661,55.2269,0.0],[-60.3594,55.2333,13.3757],[-60.3634,55.2243,0.7344],[-60.3572,55.2245,0.0],[-60.3517,55.2281,1.2509],[-60.35,55.2319,0.0],[-60.3472,55.2331,4.4333],[-60.3444,55.2311,0.0],[-60.345,55.2345,0.0],[-60.3494,55.2375,1.854]]],
[[[-60.6061,55.1671,0.2206],[-60.605,55.1647,0.6649],[-60.6028,55.1655,0.0],[-60.6044,55.1678,0.5696],[-60.6061,55.1671,0.2206]]],
[[[-60.424,55.1795,0.7925],[-60.4256,55.1808,4.3023],[-60.425,55.1825,9.3555],[-60.4211,55.1867,2.6436],[-60.4287,55.1848,9.548],[-60.4317,55.1825,6.5422],[-60.4361,55.1831,2.3886],[-60.4394,55.1805,1.083],[-60.44,55.1764,5.6401],[-60.4322,55.1744,5.5101],[-60.4317,55.1722,4.2446],[-60.4339,55.1697,1.3161],[-60.4317,55.1683,0.0],[-60.4272,55.1714,1.4681],[-60.4261,55.17,1.7084],[-60.4222,55.1706,0.0],[-60.4227,55.1723,11.9862],[-60.4194,55.1767,0.0],[-60.424,55.1795,0.7925]]],
[[[-60.3928,55.1833,0.0],[-60.3911,55.1889,0.0],[-60.3983,55.1864,0.0],[-60.4044,55.1811,1.2523],[-60.4027,55.1808,20.2163],[-60.4022,55.1783,0.7233],[-60.4007,55.1786,0.7233],[-60.4011,55.1775,0.7233],[-60.3989,55.1775,2.2442],[-60.3928,55.1833,0.0]]],
[[[-60.4294,55.19,0.0],[-60.4267,55.1911,0.5447],[-60.4267,55.1941,0.137],[-60.4333,55.1925,0.0],[-60.4361,55.19,0.6276],[-60.4333,55.1886,0.0],[-60.4317,55.1903,0.9295],[-60.4294,55.19,0.0]]],
[[[-60.3916,55.1986,5.6232],[-60.3922,55.1947,0.3294],[-60.3872,55.1975,0.0],[-60.3861,55.2008,0.592],[-60.39,55.2003,1.3552],[-60.3916,55.1986,5.6232]]],
[[[-60.392,55.2044,3.5985],[-60.3941,55.2025,3.132],[-60.3933,55.2008,3.6642],[-60.3867,55.2039,2.8032],[-60.3861,55.2056,0.4895],[-60.3889,55.2064,2.3597],[-60.392,55.2044,3.5985]]],
[[[-60.3916,55.2081,3.3108],[-60.3878,55.2108,2.322],[-60.3944,55.2117,4.3664],[-60.3994,55.2094,1.9472],[-60.4083,55.2031,1.2984],[-60.4094,55.1989,2.1984],[-60.4,55.2017,3.9774],[-60.3916,55.2081,3.3108]]],
[[[-60.495,55.2375,2.5427],[-60.4967,55.2358,1.3669],[-60.4944,55.2353,0.0],[-60.4922,55.2378,0.6619],[-60.4933,55.2378,2.5427],[-60.495,55.2375,2.5427]]],
[[[-60.2796,55.0403,3.4441],[-60.2939,55.0408,0.4552],[-60.2967,55.0283,1.4473],[-60.295,55.0261,0.0],[-60.29,55.0247,0.0],[-60.2827,55.0325,7.8489],[-60.2754,55.036,0.6259],[-60.2796,55.0403,3.4441]]],
[[[-60.2883,55.0467,0.0],[-60.2874,55.0489,0.1839],[-60.2905,55.0501,1.4214],[-60.2956,55.0469,0.0],[-60.2939,55.045,0.0],[-60.2883,55.0467,0.0]]],
[[[-60.2592,55.0534,2.4324],[-60.2561,55.0525,5.5445],[-60.2545,55.0594,0.0],[-60.2614,55.0586,17.8095],[-60.2661,55.0547,1.8025],[-60.2592,55.0534,2.4324]]],
[[[-60.1855,55.1024,0.0],[-60.1856,55.1039,0.0],[-60.19,55.1036,3.8326],[-60.1894,55.1014,9.4572],[-60.195,55.0972,2.7813],[-60.195,55.0953,0.0],[-60.1893,55.0985,1.2255],[-60.1852,55.0986,0.0],[-60.1866,55.0997,8.4604],[-60.1855,55.1024,0.0]]],
[[[-60.2211,55.1128,3.5904],[-60.2233,55.1109,1.4893],[-60.2194,55.1103,0.0],[-60.2177,55.1125,0.0],[-60.2183,55.1133,0.0],[-60.2211,55.1128,3.5904]]],
[[[-60.1844,55.1887,1.2591],[-60.1844,55.1899,3.742],[-60.1867,55.19,2.6836],[-60.1872,55.1878,2.37],[-60.1856,55.1872,1.2591],[-60.1844,55.1887,1.2591]]],
[[[-60.198,55.2282,0.6256],[-60.1989,55.2278,0.0],[-60.1999,55.2253,0.6043],[-60.1969,55.2281,0.6256],[-60.198,55.2282,0.6256]]],
[[[-60.1772,55.235,1.3853],[-60.1744,55.235,0.0],[-60.1777,55.2372,24.2252],[-60.1756,55.2392,0.0],[-60.1739,55.245,3.9774],[-60.1779,55.2441,2.8385],[-60.1833,55.2409,11.1824],[-60.1833,55.2389,20.8508],[-60.1928,55.2342,3.6737],[-60.1911,55.2333,0.0],[-60.1925,55.2275,0.7671],[-60.1822,55.2295,2.4247],[-60.1811,55.2314,2.7231],[-60.1822,55.2319,2.7231],[-60.1783,55.2325,3.3691],[-60.1772,55.235,1.3853]]],
[[[-60.1084,55.1709,1.4174],[-60.1044,55.1714,0.0],[-60.1034,55.1733,0.0],[-60.1078,55.1736,0.727],[-60.1098,55.1708,0.0],[-60.1084,55.1709,1.4174]]],
[[[-60.1706,55.2367,4.3953],[-60.1683,55.2356,4.3953],[-60.1655,55.2383,4.5206],[-60.1689,55.2392,1.0302],[-60.1717,55.2373,1.2789],[-60.1706,55.2367,4.3953]]],
[[[-60.1233,55.2391,8.493],[-60.1242,55.2418,6.5646],[-60.1272,55.2414,4.1806],[-60.1267,55.2378,0.0],[-60.1233,55.2391,8.493]]],
[[[-60.1466,55.2425,2.8174],[-60.1467,55.2405,6.0975],[-60.145,55.2397,0.0],[-60.1428,55.2436,9.3483],[-60.145,55.243899999999996,0.0],[-60.1466,55.2425,2.8174]]],
[[[-60.225,55.2573,1.0718],[-60.2286,55.2564,6.5239],[-60.2289,55.2547,0.0],[-60.2272,55.2547,0.0],[-60.225,55.2573,1.0718]]],
[[[-60.2194,55.2619,0.0],[-60.2178,55.2619,0.0],[-60.2156,55.2639,0.5386],[-60.22,55.2628,2.006],[-60.2194,55.2619,0.0]]],
[[[-60.2161,55.2692,1.4253],[-60.2174,55.2683,5.9781],[-60.2167,55.2667,0.0],[-60.2139,55.2686,1.4873],[-60.2161,55.2692,1.4253]]],
[[[-60.2077,55.2695,0.7689],[-60.2022,55.2717,0.0],[-60.2044,55.2725,0.0],[-60.2111,55.2703,0.0],[-60.2089,55.2697,1.0078],[-60.2094,55.2687,0.0],[-60.2077,55.2695,0.7689]]],
[[[-60.1558,55.2453,0.0],[-60.1575,55.25,2.7365],[-60.1713,55.2451,4.5415],[-60.1664,55.243899999999996,3.8005],[-60.1596,55.2468,2.5838],[-60.1558,55.2453,0.0]]],
[[[-60.1233,55.2619,1.5959],[-60.1206,55.2655,0.2793],[-60.125,55.265,12.0562],[-60.1261,55.2622,6.8497],[-60.1294,55.2622,0.9846],[-60.1306,55.2586,0.0],[-60.1278,55.2572,0.0],[-60.1233,55.2619,1.5959]]],
[[[-60.1284,55.2815,1.6136],[-60.1276,55.2822,0.0],[-60.1309,55.2814,12.9924],[-60.1326,55.2825,3.4009],[-60.1309,55.2839,0.4565],[-60.132,55.2842,0.4565],[-60.1348,55.2833,3.4009],[-60.1364,55.28,11.2798],[-60.1348,55.2786,0.0],[-60.1284,55.2815,1.6136]]],
[[[-60.1217,55.2813,1.9453],[-60.1232,55.283,7.4753],[-60.1261,55.2817,16.5043],[-60.1244,55.2803,0.0],[-60.1217,55.2813,1.9453]]],
[[[-60.1983,55.2737,0.0],[-60.1928,55.2758,0.0],[-60.2003,55.276,5.613],[-60.2027,55.2743,0.0],[-60.2011,55.2728,0.0],[-60.1983,55.2737,0.0]]],
[[[-60.2661,55.3047,0.0],[-60.2655,55.3081,0.0],[-60.2667,55.3089,0.7689],[-60.2744,55.3092,1.5858],[-60.2779,55.3075,9.1753],[-60.2914,55.2969,4.2261],[-60.2922,55.2933,0.0912],[-60.2901,55.2936,5.1333],[-60.29,55.2917,15.2067],[-60.2962,55.2898,0.0],[-60.2922,55.2869,13.9962],[-60.3022,55.2836,13.7731],[-60.3022,55.2803,1.333],[-60.2983,55.2794,0.0],[-60.2911,55.2825,10.0689],[-60.2875,55.286,5.9663],[-60.2839,55.2853,0.0],[-60.28,55.2908,6.2929],[-60.2666,55.2953,0.0],[-60.2683,55.2967,25.3766],[-60.2683,55.2997,12.1725],[-60.2672,55.3028,2.2264],[-60.265,55.3039,0.0],[-60.2661,55.3047,0.0]]],
[[[-60.25,55.2978,0.0],[-60.2511,55.2956,1.3871],[-60.25,55.295,0.0],[-60.2461,55.2969,0.6237],[-60.2467,55.2986,4.3079],[-60.25,55.2978,0.0]]],
[[[-60.2489,55.3039,2.6407],[-60.2494,55.3058,0.0],[-60.2511,55.3059,1.1449],[-60.2544,55.3044,6.753],[-60.2555,55.3019,0.9595],[-60.2511,55.3017,0.0],[-60.2489,55.3039,2.6407]]],
[[[-60.2717,55.3173,1.4395],[-60.2717,55.3186,1.4395],[-60.2792,55.3198,4.0078],[-60.2828,55.3183,1.7793],[-60.2772,55.3144,0.0],[-60.2717,55.3158,1.0718],[-60.2717,55.3173,1.4395]]],
[[[-60.2276,55.3205,3.7488],[-60.2284,55.3187,4.4634],[-60.2267,55.3172,4.4634],[-60.2233,55.3192,7.8771],[-60.2244,55.3208,1.6502],[-60.2276,55.3205,3.7488]]],
[[[-60.2677,55.3256,9.9118],[-60.2672,55.3233,0.0],[-60.2622,55.3253,0.0],[-60.26,55.3283,11.4802],[-60.2611,55.3319,10.7227],[-60.2633,55.3331,0.0],[-60.2683,55.3309,0.3014],[-60.2666,55.3297,7.2307],[-60.2678,55.3292,7.2307],[-60.2645,55.3286,15.5137],[-60.2677,55.3256,9.9118]]],
[[[-60.2667,55.3353,1.5319],[-60.2644,55.3339,3.7458],[-60.2622,55.3347,0.0],[-60.2633,55.3359,0.0],[-60.2667,55.3353,1.5319]]],
[[[-60.1267,55.3761,4.6056],[-60.1383,55.3798,5.4559],[-60.148,55.3782,26.6262],[-60.1936,55.3549,14.3889],[-60.1953,55.3527,7.4131],[-60.1947,55.3493,11.5689],[-60.1997,55.3466,3.7174],[-60.198,55.3379,6.6815],[-60.1964,55.3374,6.6815],[-60.1958,55.3349,14.5952],[-60.2035,55.3293,2.5941],[-60.2076,55.3289,0.0],[-60.208,55.3279,2.1101],[-60.2036,55.3268,1.6927],[-60.2046,55.3247,10.2603],[-60.2064,55.3246,10.2603],[-60.2047,55.3227,11.3383],[-60.2191,55.3074,0.0],[-60.2203,55.3041,9.743],[-60.2163,55.2988,8.6827],[-60.217,55.2968,0.0],[-60.2141,55.2947,0.0],[-60.2101,55.2955,26.1985],[-60.2069,55.2918,0.0],[-60.1971,55.2922,9.1686],[-60.1958,55.2938,12.8492],[-60.1908,55.2946,6.0394],[-60.193,55.2919,12.5725],[-60.203,55.2871,0.5945],[-60.2034,55.2843,0.0],[-60.2,55.2841,5.55],[-60.1957,55.2861,7.3157],[-60.1925,55.2857,2.4671],[-60.1894,55.2883,0.9892],[-60.1819,55.2893,2.3002],[-60.181399999999996,55.2904,2.3002],[-60.1869,55.2921,16.1468],[-60.183,55.2952,0.0],[-60.1764,55.2955,7.7139],[-60.1747,55.2991,7.223],[-60.1725,55.2999,1.4477],[-60.153,55.3029,9.2599],[-60.1386,55.3085,4.1237],[-60.1358,55.3069,0.0],[-60.1353,55.3082,0.0],[-60.1369,55.3085,1.5587],[-60.1353,55.3105,0.0],[-60.1352,55.3152,0.0],[-60.133,55.3179,16.2714],[-60.1281,55.3195,0.0],[-60.1291,55.3218,5.0341],[-60.128,55.3243,2.3781],[-60.1258,55.3252,0.0],[-60.1264,55.3279,13.638],[-60.1242,55.3321,0.0],[-60.1325,55.3352,2.8483],[-60.1376,55.3307,8.038],[-60.1391,55.333,9.9366],[-60.1286,55.3429,19.6951],[-60.1191,55.346,3.7115],[-60.1228,55.3481,17.7792],[-60.1219,55.3503,2.3645],[-60.1253,55.3544,3.9484],[-60.1251,55.3569,1.9241],[-60.122,55.3601,3.7527],[-60.1238,55.3625,7.3786],[-60.1208,55.3653,7.9983],[-60.127,55.3719,14.4063],[-60.1255,55.3747,0.0],[-60.1267,55.3761,4.6056]]],
[[[-60.12,55.3394,0.0],[-60.1183,55.3419,13.3637],[-60.115,55.3423,0.6957],[-60.115,55.345,0.9056],[-60.1206,55.3442,5.7704],[-60.1261,55.3405,6.0986],[-60.1256,55.3392,2.9493],[-60.12,55.3394,0.0]]],
[[[-60.1205,55.3589,3.7527],[-60.1196,55.3573,5.0357],[-60.1159,55.3585,0.0],[-60.1165,55.3611,3.0561],[-60.1182,55.3614,3.8674],[-60.1205,55.3589,3.7527]]],
[[[-60.1678,55.3717,5.3149],[-60.1606,55.3744,0.0],[-60.1682,55.374,0.0],[-60.1739,55.3703,0.0],[-60.1717,55.3697,0.0],[-60.1678,55.3717,5.3149]]],
[[[-60.3544,55.243899999999996,9.2127],[-60.3528,55.245,9.2127],[-60.3533,55.2476,7.3752],[-60.357,55.2483,8.6557],[-60.3628,55.2458,8.5551],[-60.36,55.2442,3.3491],[-60.3572,55.2461,13.7496],[-60.3544,55.243899999999996,9.2127]]],
[[[-60.3189,55.2458,1.2945],[-60.3161,55.2461,1.3172],[-60.315,55.2481,0.0],[-60.3194,55.2469,1.2945],[-60.3189,55.2458,1.2945]]],
[[[-60.3112,55.2509,0.0],[-60.3105,55.2536,0.0],[-60.3133,55.2545,0.0],[-60.3111,55.2569,0.0],[-60.3117,55.2592,0.5487],[-60.3355,55.2523,4.9597],[-60.3461,55.2469,37.48],[-60.3494,55.2433,2.7374],[-60.3472,55.2406,6.0905],[-60.3428,55.2406,10.657],[-60.3269,55.2502,0.0],[-60.3166,55.2525,2.2123],[-60.315,55.2525,5.5728],[-60.3144,55.2492,2.8947],[-60.3112,55.2509,0.0]]],
[[[-60.3106,55.2675,0.0],[-60.3113,55.2685,0.0],[-60.3079,55.2705,4.567],[-60.3089,55.2717,4.567],[-60.3211,55.2678,0.0],[-60.3215,55.2641,0.0],[-60.3172,55.2594,3.7278],[-60.3098,55.2612,0.0],[-60.3094,55.2631,1.8091],[-60.3122,55.2636,8.4627],[-60.3106,55.2661,0.0],[-60.3118,55.2674,10.1634],[-60.3106,55.2675,0.0]]],
[[[-60.34,55.2799,1.2978],[-60.3372,55.2792,2.1949],[-60.3355,55.2814,0.0],[-60.3394,55.2831,7.9424],[-60.3422,55.2825,6.0873],[-60.3428,55.2814,0.0],[-60.34,55.2799,1.2978]]],
[[[-60.3866,55.2803,0.8625],[-60.3828,55.2836,0.0],[-60.3889,55.2833,1.8743],[-60.3894,55.2797,1.8622],[-60.3866,55.2803,0.8625]]],
[[[-60.3163,55.2906,8.7282],[-60.3117,55.2919,0.0],[-60.3117,55.2956,0.0],[-60.318,55.2927,0.0],[-60.3163,55.2906,8.7282]]],
[[[-60.3317,55.2961,6.2775],[-60.333,55.2967,6.2775],[-60.3339,55.295,0.0],[-60.3321,55.2953,0.0],[-60.3317,55.2961,6.2775]]],
[[[-60.3106,55.2992,0.0],[-60.3094,55.3025,0.2687],[-60.3144,55.3017,3.8581],[-60.3161,55.2995,4.7458],[-60.3225,55.2987,23.8818],[-60.3233,55.2953,1.7166],[-60.3172,55.2939,1.6024],[-60.3122,55.2961,0.0],[-60.3106,55.2992,0.0]]],
[[[-60.2983,55.3008,-0.0009],[-60.2978,55.3039,0.0],[-60.3022,55.3039,0.0294],[-60.3061,55.2994,0.8875],[-60.3045,55.2983,5.2727],[-60.3095,55.298,3.4655],[-60.3106,55.296,14.9562],[-60.305,55.2944,0.0],[-60.2983,55.3008,-0.0009]]],
[[[-60.2817,55.3199,1.5003],[-60.283,55.3235,9.1177],[-60.2792,55.3267,1.3328],[-60.2828,55.3281,1.3457],[-60.2856,55.3267,0.244],[-60.2844,55.3256,7.227],[-60.2856,55.3233,8.9426],[-60.2906,55.3236,9.1411],[-60.2989,55.3194,13.073],[-60.2994,55.3175,6.8497],[-60.3033,55.3152,0.0],[-60.3045,55.3101,1.4419],[-60.3017,55.3091,2.3547],[-60.2911,55.3136,2.5456],[-60.2872,55.3133,0.0],[-60.2911,55.3144,9.9379],[-60.2912,55.3165,12.2174],[-60.2861,55.3136,0.0],[-60.2817,55.3147,0.0],[-60.2827,55.3175,1.7793],[-60.2856,55.3172,3.8751],[-60.2856,55.3183,3.8751],[-60.2817,55.3199,1.5003]]],
[[[-60.3,55.3819,1.5085],[-60.2994,55.385,0.559],[-60.3062,55.3873,0.7307],[-60.3083,55.3842,0.7683],[-60.3108,55.3835,16.6203],[-60.3106,55.3808,16.8174],[-60.3189,55.3803,6.2777],[-60.3239,55.3725,2.2659],[-60.3422,55.3628,1.8891],[-60.3439,55.3614,1.1585],[-60.3433,55.3597,8.124],[-60.3507,55.3569,0.0],[-60.3494,55.355,3.8003],[-60.3506,55.3536,4.8201],[-60.3612,55.3497,0.0],[-60.3612,55.3483,0.0],[-60.3548,55.3473,8.9024],[-60.3489,55.3508,0.6478],[-60.3478,55.3539,2.8412],[-60.3439,55.3551,0.9314],[-60.3383,55.3533,2.8919],[-60.3416,55.3511,0.347],[-60.3393,55.3507,5.6371],[-60.3427,55.3475,1.9235],[-60.3467,55.3481,3.1253],[-60.3555,55.3453,2.9421],[-60.3701,55.3361,10.6024],[-60.3694,55.3339,7.5723],[-60.3667,55.3331,0.0],[-60.3606,55.3356,0.9682],[-60.3572,55.3397,2.8174],[-60.3528,55.3397,0.2101],[-60.3522,55.3414,1.1906],[-60.3456,55.3394,10.8654],[-60.3483,55.3389,0.8331],[-60.3483,55.3378,2.387],[-60.3461,55.3378,12.0303],[-60.3517,55.3353,11.2698],[-60.3533,55.3367,4.4671],[-60.3572,55.3359,2.7968],[-60.3594,55.3319,19.8795],[-60.3633,55.3306,0.3387],[-60.36,55.3253,8.0237],[-60.3644,55.3217,4.6577],[-60.3628,55.3192,9.6374],[-60.3755,55.3144,0.0],[-60.3744,55.3128,11.833],[-60.376,55.3094,0.0],[-60.3711,55.3061,5.6943],[-60.3717,55.3006,5.7],[-60.3744,55.2969,6.9519],[-60.3767,55.2975,0.3318],[-60.3839,55.2928,1.3667],[-60.3789,55.2919,0.0],[-60.3783,55.2933,3.5258],[-60.3733,55.2939,1.916],[-60.3717,55.2917,0.0],[-60.3683,55.2911,17.8109],[-60.3683,55.2889,18.0458],[-60.3733,55.2845,0.1071],[-60.37,55.2828,10.1444],[-60.3706,55.2817,26.7161],[-60.3806,55.2778,4.1301],[-60.3852,55.2735,18.1083],[-60.3867,55.2661,1.4688],[-60.3567,55.2692,1.5548],[-60.35,55.2769,0.0],[-60.3506,55.2783,4.5813],[-60.3578,55.2775,4.8936],[-60.3528,55.2817,6.769],[-60.3533,55.2836,12.4298],[-60.3578,55.2842,1.049],[-60.3572,55.2861,3.1116],[-60.3494,55.2856,6.6647],[-60.3438,55.2911,9.1458],[-60.3361,55.2942,0.9887],[-60.3355,55.2972,3.7628],[-60.3328,55.2995,0.0],[-60.3339,55.3042,0.0],[-60.3289,55.3083,0.0],[-60.33,55.3111,43.5293],[-60.3288,55.3153,9.5232],[-60.3211,55.3186,0.4058],[-60.3189,55.3242,2.8339],[-60.3194,55.3294,3.0481],[-60.3156,55.3319,0.6922],[-60.3172,55.3328,3.9769],[-60.3155,55.3378,0.0],[-60.3167,55.34,1.5607],[-60.3194,55.3408,2.1355],[-60.3161,55.3472,16.2349],[-60.3133,55.3478,0.0],[-60.3116,55.3517,0.7878],[-60.3122,55.3539,0.0],[-60.3194,55.3531,8.9702],[-60.3211,55.3542,3.8519],[-60.3194,55.3545,0.204],[-60.3178,55.3586,4.5715],[-60.3119,55.3597,0.0],[-60.3089,55.3628,1.3759],[-60.3094,55.3647,1.8267],[-60.3083,55.3667,6.6635],[-60.3061,55.3669,0.0],[-60.3039,55.3755,51.2745],[-60.3,55.3775,0.0],[-60.3,55.3819,1.5085]]],
[[[-60.4433,55.3656,0.5769],[-60.445,55.3647,4.2195],[-60.4444,55.3633,0.6089],[-60.4417,55.3658,0.6598],[-60.4433,55.3656,0.5769]]],
[[[-60.4494,55.3737,13.0696],[-60.45,55.3719,1.9651],[-60.4455,55.3719,0.0],[-60.4466,55.3753,6.0174],[-60.4494,55.3737,13.0696]]],
[[[-60.4499,55.382,3.5931],[-60.4506,55.3789,1.4922],[-60.4489,55.3783,0.1531],[-60.4489,55.3814,3.5931],[-60.4472,55.3831,0.0],[-60.4499,55.382,3.5931]]],
[[[-60.4455,55.3986,0.0],[-60.4405,55.3995,0.0],[-60.4428,55.4061,0.0],[-60.4494,55.4025,5.5509],[-60.4478,55.3989,1.0165],[-60.4455,55.3986,0.0]]],
[[[-59.9797,55.1124,3.5443],[-59.9797,55.1099,1.6364],[-59.9782,55.1091,1.6364],[-59.9771,55.1125,2.5633],[-59.9797,55.1124,3.5443]]],
[[[-59.9339,55.24,2.4203],[-59.9356,55.2417,1.001],[-59.9372,55.2409,1.001],[-59.9389,55.2375,4.9849],[-59.9356,55.2375,4.9849],[-59.9339,55.24,2.4203]]],
[[[-59.9917,55.2458,2.0493],[-59.9883,55.2486,0.0],[-59.99,55.2497,0.0],[-59.9983,55.2492,0.0],[-60.0026,55.2471,0.9808],[-60.0019,55.2436,17.5642],[-60.0094,55.2433,1.4442],[-60.0086,55.2389,13.974],[-60.014,55.2374,0.0],[-60.0078,55.2364,0.0],[-60.0022,55.2395,0.0],[-60.0005,55.2431,3.0551],[-59.9917,55.2458,2.0493]]],
[[[-60.0179,55.2627,0.0],[-60.0195,55.2619,3.2278],[-60.0195,55.2599,0.0],[-60.0173,55.2599,0.0],[-60.0156,55.2619,4.1274],[-60.0156,55.263,2.5913],[-60.0179,55.2627,0.0]]],
[[[-60.0822,55.1953,0.0],[-60.0789,55.1958,2.9394],[-60.0783,55.1989,0.0],[-60.0828,55.1967,6.9191],[-60.0822,55.1953,0.0]]],
[[[-60.0428,55.2103,1.6318],[-60.045,55.2103,4.8377],[-60.0483,55.2078,0.0],[-60.0411,55.2097,1.6318],[-60.0428,55.2103,1.6318]]],
[[[-60.0306,55.2139,0.0],[-60.0333,55.2147,1.8508],[-60.0344,55.2144,0.5561],[-60.0322,55.2128,0.5476],[-60.0306,55.2139,0.0]]],
[[[-60.0608,55.2188,0.0],[-60.0663,55.2165,0.5952],[-60.0666,55.2153,0.0],[-60.0594,55.2183,0.0],[-60.0608,55.2188,0.0]]],
[[[-60.0627,55.2281,0.0],[-60.0661,55.2256,1.19],[-60.0641,55.2254,0.0],[-60.0617,55.2275,0.8307],[-60.0627,55.2281,0.0]]],
[[[-60.0245,55.255,6.5988],[-60.0245,55.2536,0.3187],[-60.0212,55.2519,0.0],[-60.0195,55.2536,0.0],[-60.0195,55.2556,0.6038],[-60.0229,55.2573,0.0],[-60.0245,55.255,6.5988]]],
[[[-60.075,55.2725,0.0],[-60.0761,55.2692,1.1124],[-60.0694,55.2731,0.0],[-60.0713,55.2747,4.137],[-60.075,55.2725,0.0]]],
[[[-60.07,55.2769,0.0],[-60.0667,55.2772,3.6685],[-60.0683,55.2797,0.0],[-60.0731,55.2789,0.0],[-60.0728,55.2764,0.0],[-60.07,55.2769,0.0]]],
[[[-60.0256,55.31,0.0],[-60.0261,55.3141,10.3474],[-60.0239,55.3186,0.9073],[-60.0253,55.3194,0.6751],[-60.0244,55.3219,0.8944],[-60.0272,55.3227,6.2925],[-60.0341,55.321,0.0],[-60.0353,55.3191,10.3614],[-60.0328,55.3175,4.0171],[-60.0356,55.3172,2.6732],[-60.0383,55.3144,3.3284],[-60.0537,55.3125,0.0],[-60.0626,55.3081,1.4831],[-60.0649,55.3062,11.0269],[-60.0639,55.3036,5.3888],[-60.0661,55.3008,6.9349],[-60.0714,55.3007,11.9073],[-60.07,55.3022,0.7748],[-60.0722,55.3042,6.5689],[-60.0699,55.3039,3.7657],[-60.066,55.3085,1.4831],[-60.0697,55.3063,3.1028],[-60.0717,55.3073,19.1961],[-60.0639,55.3119,3.7673],[-60.0671,55.3127,0.0],[-60.0837,55.3098,1.7845],[-60.0878,55.3058,0.0],[-60.0861,55.3039,7.3887],[-60.0888,55.3025,1.6255],[-60.0879,55.3009,3.7759],[-60.0921,55.299,5.6291],[-60.0911,55.2939,22.226],[-60.0861,55.2928,1.4335],[-60.075,55.2989,12.6731],[-60.0723,55.2978,14.717],[-60.0733,55.2947,3.3888],[-60.0829,55.2897,17.2658],[-60.0894,55.2905,0.0],[-60.087,55.2853,22.7916],[-60.0906,55.2845,9.4438],[-60.09,55.2883,1.2293],[-60.0967,55.2883,10.6748],[-60.0939,55.2895,1.3434],[-60.0933,55.2914,5.9647],[-60.0972,55.2922,1.0341],[-60.0944,55.2961,0.0],[-60.0972,55.2995,3.3352],[-60.0967,55.3011,0.0],[-60.0994,55.3008,1.6232],[-60.1028,55.2969,28.7756],[-60.1059,55.2974,0.0],[-60.1161,55.2922,0.2948],[-60.1144,55.2911,11.6977],[-60.115,55.2889,14.2199],[-60.118899999999996,55.2869,2.5245],[-60.1198,55.2833,8.7212],[-60.115,55.2808,14.7998],[-60.1214,55.2796,5.7892],[-60.1274,55.2763,4.8286],[-60.1278,55.2709,8.0458],[-60.1261,55.2694,0.0],[-60.1239,55.27,0.0],[-60.1239,55.2717,4.7112],[-60.1266,55.2729,5.0521],[-60.123,55.2753,8.9228],[-60.1215,55.2732,2.9343],[-60.1106,55.2773,7.509],[-60.1091,55.2765,6.7981],[-60.1122,55.2717,0.0],[-60.1094,55.2719,5.0395],[-60.1087,55.27,4.5312],[-60.1093,55.2681,11.2948],[-60.1139,55.2664,1.759],[-60.1122,55.2619,1.9247],[-60.1083,55.2603,0.0],[-60.1,55.2619,0.0],[-60.0878,55.27,6.1508],[-60.0865,55.273,2.8984],[-60.0883,55.2741,12.3268],[-60.0853,55.2765,17.8617],[-60.07,55.2811,7.7593],[-60.061,55.2799,0.0],[-60.05,55.2823,0.0],[-60.0468,55.2877,15.2087],[-60.0433,55.2894,0.0],[-60.0427,55.2929,2.4612],[-60.0361,55.2961,1.6846],[-60.0378,55.2975,10.2526],[-60.0361,55.2989,4.3903],[-60.0365,55.3005,17.8392],[-60.0244,55.3053,0.0],[-60.0233,55.3083,0.0],[-60.0278,55.3094,5.7616],[-60.0256,55.31,0.0]]],
[[[-60.1022,55.3258,0.0],[-60.1011,55.3311,0.0],[-60.0972,55.3331,0.0],[-60.1011,55.3347,1.4135],[-60.1076,55.3309,8.7836],[-60.1065,55.3295,6.3747],[-60.1076,55.3282,3.53],[-60.105,55.3272,17.1753],[-60.1078,55.3236,0.0],[-60.1056,55.3228,0.0],[-60.1022,55.3258,0.0]]],
[[[-60.0372,55.3314,1.1769],[-60.0456,55.332,3.899],[-60.0461,55.3309,0.8759],[-60.045,55.3289,0.0],[-60.0411,55.3303,0.0],[-60.035,55.3297,0.0],[-60.0372,55.3314,1.1769]]],
[[[-60.04,55.3341,0.0],[-60.0411,55.3328,0.8431],[-60.04,55.3319,1.3132],[-60.0367,55.3339,0.0],[-60.0378,55.3345,1.528],[-60.04,55.3341,0.0]]],
[[[-60.1525,55.2842,8.4234],[-60.1511,55.2814,0.0],[-60.1494,55.285,0.7765],[-60.1506,55.2853,0.7765],[-60.1525,55.2842,8.4234]]],
[[[-60.1289,55.2881,4.2573],[-60.1306,55.2864,0.0],[-60.1267,55.2869,0.0],[-60.1272,55.2883,0.0],[-60.1289,55.2881,4.2573]]],
[[[-60.1445,55.2913,0.0],[-60.1472,55.2908,3.5615],[-60.1478,55.2892,1.5758],[-60.1461,55.2892,1.5758],[-60.1445,55.2913,0.0]]],
[[[-60.1193,55.3192,1.1365],[-60.1228,55.3183,0.0],[-60.1172,55.3172,0.0],[-60.1156,55.32,0.0],[-60.117,55.3206,0.8186],[-60.1193,55.3192,1.1365]]],
[[[-60.0072,55.3083,0.0],[-60.0094,55.3078,3.5002],[-60.01,55.3061,0.7963],[-60.0083,55.3061,0.0],[-60.0072,55.3083,0.0]]],
[[[-60.0166,55.3106,1.9335],[-60.0133,55.3147,5.9042],[-60.0172,55.315,0.0],[-60.0215,55.3128,0.664],[-60.0177,55.3091,1.4158],[-60.0166,55.3106,1.9335]]],
[[[-59.9722,55.3367,2.8821],[-59.9744,55.3361,8.7611],[-59.9772,55.3383,10.0101],[-59.9761,55.3389,5.3143],[-59.9783,55.3411,12.1068],[-59.9756,55.3433,0.0],[-59.9782,55.3453,0.3781],[-59.9811,55.34,9.1455],[-59.9856,55.3408,0.0],[-59.9889,55.3397,2.7605],[-59.9946,55.3353,4.1873],[-59.9889,55.3323,8.8314],[-59.9891,55.3299,12.2407],[-59.9924,55.3271,7.9278],[-59.9904,55.3236,13.7603],[-59.9966,55.3227,0.0],[-59.9923,55.3182,0.0],[-59.9833,55.3197,0.0],[-59.9801,55.3223,0.0],[-59.9772,55.328,0.0],[-59.9833,55.33,13.6322],[-59.9789,55.3341,2.4808],[-59.9769,55.3315,0.1328],[-59.9719,55.331,2.8493],[-59.9689,55.3331,2.8389],[-59.9689,55.3353,10.4249],[-59.9722,55.3367,2.8821]]],
[[[-59.9528,55.3411,2.1915],[-59.9461,55.3442,2.8405],[-59.9469,55.3472,0.0],[-59.9611,55.3442,11.9533],[-59.9678,55.3369,0.4074],[-59.9644,55.3337,0.0],[-59.9605,55.3339,0.0],[-59.9505,55.3373,0.0],[-59.9528,55.3411,2.1915]]],
[[[-60.0775,55.356,0.8951],[-60.0819,55.3557,0.0],[-60.0824,55.3545,0.0],[-60.0782,55.355,0.0],[-60.0775,55.356,0.8951]]],
[[[-60.0866,55.3545,1.977],[-60.0816,55.3591,0.0],[-60.0844,55.3592,0.7796],[-60.0867,55.3569,8.8894],[-60.0898,55.3578,2.5514],[-60.0938,55.3542,0.0],[-60.0935,55.3525,0.0],[-60.0916,55.3522,6.2557],[-60.0866,55.3545,1.977]]],
[[[-59.9989,55.395,9.4773],[-60.0041,55.3966,2.7638],[-59.9961,55.4028,0.0],[-59.9983,55.4047,0.0],[-60.0089,55.3993,30.9775],[-60.0145,55.3928,15.1327],[-60.0358,55.3766,5.9364],[-60.0411,55.3767,2.3697],[-60.0483,55.3736,0.0],[-60.0472,55.3728,8.2241],[-60.0483,55.3711,3.2081],[-60.0506,55.3714,1.6975],[-60.0517,55.3691,6.254],[-60.0625,55.3616,0.0],[-60.0573,55.3578,6.868],[-60.0572,55.3564,7.9395],[-60.06,55.3553,1.2695],[-60.0589,55.3542,1.2695],[-60.0644,55.3528,4.8948],[-60.0661,55.3506,17.0383],[-60.07,55.3511,4.3058],[-60.0717,55.3477,8.1815],[-60.0782,55.3479,14.4742],[-60.0906,55.3395,0.832],[-60.0856,55.3383,4.3725],[-60.0891,55.3363,1.0733],[-60.0861,55.3331,7.0153],[-60.0944,55.3281,5.6593],[-60.0951,55.3251,5.8958],[-60.0915,55.3222,10.4806],[-60.0807,55.3203,5.667],[-60.0761,55.3178,1.2844],[-60.0733,55.3183,0.0],[-60.0733,55.322,12.9521],[-60.07,55.3228,0.0],[-60.0694,55.3244,7.7647],[-60.0639,55.3244,4.2373],[-60.0639,55.3225,0.6677],[-60.0622,55.3225,10.7451],[-60.0678,55.3161,12.3335],[-60.0663,55.3142,1.6118],[-60.0542,55.3209,15.2898],[-60.0506,55.3211,5.6899],[-60.0506,55.3231,9.8033],[-60.0472,55.3256,0.0],[-60.0483,55.3281,3.0828],[-60.0577,55.3271,11.0287],[-60.0473,55.3328,0.0],[-60.048,55.334,6.6636],[-60.045,55.335,0.0],[-60.0443,55.3373,10.1097],[-60.0391,55.3395,3.2456],[-60.0333,55.3361,0.0],[-60.0311,55.3392,4.1976],[-60.0261,55.3395,0.0],[-60.0244,55.3411,0.0],[-60.0266,55.3448,8.1598],[-60.0211,55.3447,4.8332],[-60.0172,55.3425,0.4483],[-60.0183,55.3441,4.8332],[-60.0139,55.3442,1.1419],[-60.0116,55.3471,1.7998],[-60.0148,55.3508,2.2368],[-60.0006,55.3514,9.7248],[-59.9983,55.3503,0.0],[-59.9978,55.3573,6.1042],[-59.993899999999996,55.3564,7.7292],[-59.9956,55.3533,1.3678],[-59.9894,55.3536,6.2002],[-59.9894,55.3511,2.1036],[-59.9861,55.35,0.0],[-59.9817,55.3511,1.3316],[-59.9756,55.3572,0.0],[-59.9772,55.3586,0.0],[-59.9755,55.3595,0.0],[-59.9783,55.3617,7.1905],[-59.9728,55.3647,0.0],[-59.9728,55.3669,0.0],[-59.9761,55.3669,1.4643],[-59.9832,55.36,9.0638],[-59.9917,55.3586,5.6685],[-59.9956,55.3594,0.0],[-59.9972,55.3611,5.4787],[-59.995,55.3658,2.5648],[-59.9894,55.3703,0.0],[-59.9917,55.3767,7.9074],[-59.9828,55.3792,9.8807],[-59.9833,55.3814,1.3099],[-59.9772,55.3839,4.0832],[-59.9694,55.3923,20.4304],[-59.9617,55.3953,0.0],[-59.9594,55.3939,7.6442],[-59.9622,55.3919,0.0],[-59.9583,55.3919,0.0],[-59.955,55.3983,0.0],[-59.9622,55.4025,3.4051],[-59.9639,55.4011,0.0],[-59.96,55.3989,4.7907],[-59.96,55.3975,19.8977],[-59.9661,55.3975,0.0],[-59.9711,55.3953,5.8638],[-59.9756,55.3975,0.0],[-59.9822,55.3944,0.6968],[-59.9856,55.3959,0.0],[-59.9989,55.395,9.4773]]],
[[[-60.0717,55.3581,5.3948],[-60.0739,55.3561,3.6584],[-60.0717,55.3556,2.131],[-60.0667,55.3583,0.0],[-60.0655,55.3642,0.0],[-60.0711,55.3611,1.1251],[-60.0717,55.3581,5.3948]]],
[[[-60.1272,55.3825,0.0],[-60.119,55.3865,1.4125],[-60.1228,55.3881,2.5022],[-60.1327,55.3835,0.0],[-60.13,55.3817,0.0],[-60.1272,55.3825,0.0]]],
[[[-60.1612,55.3895,8.0522],[-60.1615,55.3885,0.0],[-60.1594,55.3881,0.0],[-60.1556,55.3906,2.5488],[-60.1572,55.3911,2.5488],[-60.1612,55.3895,8.0522]]],
[[[-60.1137,55.4011,6.3481],[-60.1197,55.4009,2.1185],[-60.1211,55.4033,5.1983],[-60.1255,55.4017,16.7102],[-60.1305,55.4025,0.8273],[-60.1339,55.4003,5.8149],[-60.1394,55.4009,1.16],[-60.1414,55.4,0.0],[-60.1404,55.3969,10.1549],[-60.1433,55.3959,0.5015],[-60.1422,55.3939,7.2925],[-60.145,55.3903,1.5892],[-60.1589,55.3858,2.4313],[-60.1611,55.3839,3.4953],[-60.16,55.3828,22.0864],[-60.1627,55.3815,18.8072],[-60.1628,55.3786,0.0],[-60.1577,55.377,0.2793],[-60.1506,55.3783,4.074],[-60.1494,55.38,0.0],[-60.1536,55.38,11.8055],[-60.1522,55.3822,11.2578],[-60.14,55.3819,0.0],[-60.1044,55.3972,0.0],[-60.1072,55.3987,20.7084],[-60.1055,55.4003,0.7154],[-60.1137,55.4011,6.3481]]],
[[[-60.1172,55.4039,1.9194],[-60.118899999999996,55.4028,0.4917],[-60.1156,55.4019,2.8733],[-60.1139,55.4042,0.8036],[-60.1167,55.4042,1.9194],[-60.1172,55.4039,1.9194]]],
[[[-59.6849,55.3268,0.5323],[-59.6816,55.3275,0.5804],[-59.6838,55.33,2.2138],[-59.6894,55.3283,0.5375],[-59.6872,55.3269,0.0],[-59.6849,55.3268,0.5323]]],
[[[-59.6766,55.3306,3.8316],[-59.6772,55.3333,2.1051],[-59.6789,55.3337,5.4385],[-59.6817,55.3292,2.2138],[-59.6778,55.3292,1.733],[-59.6766,55.3306,3.8316]]],
[[[-59.6833,55.3458,0.2846],[-59.6861,55.3479,0.1173],[-59.6908,55.3479,0.3098],[-59.6965,55.3438,0.1298],[-59.6965,55.3416,0.0],[-59.6954,55.3401,3.7931],[-59.6856,55.337,0.0],[-59.6744,55.3381,0.6759],[-59.6722,55.3436,0.0],[-59.6833,55.3458,0.2846]]],
[[[-59.6661,55.3518,0.771],[-59.6642,55.3545,2.0872],[-59.6683,55.3564,5.1306],[-59.67,55.3556,5.1306],[-59.6678,55.3542,5.1368],[-59.6711,55.3525,16.7268],[-59.6707,55.3511,4.8735],[-59.6683,55.35,2.4833],[-59.6661,55.3518,0.771]]],
[[[-59.9656,55.3422,0.0],[-59.9678,55.3425,0.0],[-59.9689,55.3392,0.4705],[-59.965,55.3409,7.0417],[-59.9656,55.3422,0.0]]],
[[[-59.9353,55.3683,38.4113],[-59.932,55.3728,0.0],[-59.9408,55.3713,11.049],[-59.9463,55.3661,6.1526],[-59.9493,55.3706,0.0],[-59.9561,55.3675,0.0],[-59.96,55.3642,15.7341],[-59.9616,55.3603,7.7801],[-59.9587,55.3589,7.7801],[-59.9509,55.3631,0.1492],[-59.9464,55.3615,0.0],[-59.9423,55.3622,2.6323],[-59.9357,55.3665,4.8992],[-59.9353,55.3683,38.4113]]],
[[[-59.9794,55.372,2.421],[-59.98,55.3697,0.0],[-59.9789,55.3694,0.0],[-59.9744,55.3711,1.3219],[-59.9778,55.3758,1.02],[-59.9817,55.3731,0.0],[-59.9794,55.372,2.421]]],
[[[-59.9508,55.3754,0.0],[-59.9439,55.3817,0.0],[-59.9461,55.3831,2.9768],[-59.9506,55.3792,10.1309],[-59.9594,55.3789,1.0199],[-59.9628,55.3769,9.8937],[-59.97,55.3775,0.0],[-59.9711,55.3756,0.0],[-59.9689,55.3739,6.9],[-59.9733,55.3686,1.2514],[-59.9717,55.3675,1.2514],[-59.9583,55.3714,3.221],[-59.9533,55.3742,0.0],[-59.9544,55.375,1.9576],[-59.9508,55.3754,0.0]]],
[[[-59.9006,55.3628,0.4697],[-59.8989,55.3622,1.6278],[-59.8962,55.3645,1.8551],[-59.9006,55.3656,0.0],[-59.8994,55.3639,5.8026],[-59.9006,55.3628,0.4697]]],
[[[-59.7587,55.3742,1.7129],[-59.749,55.3721,4.9387],[-59.7472,55.3772,0.0],[-59.7511,55.3797,3.617],[-59.7572,55.3791,1.3156],[-59.7587,55.3742,1.7129]]],
[[[-59.8956,55.377,15.1771],[-59.8942,55.3741,2.7957],[-59.8894,55.3766,3.3417],[-59.8922,55.3777,7.2257],[-59.8956,55.377,15.1771]]],
[[[-59.7466,55.3821,0.0],[-59.7464,55.3801,0.0],[-59.7406,55.3796,0.0],[-59.7418,55.3817,4.549],[-59.7466,55.3821,0.0]]],
[[[-59.9294,55.3798,0.0],[-59.9198,55.3836,0.0],[-59.9182,55.387,0.0],[-59.922,55.3877,9.5957],[-59.9291,55.3839,0.0],[-59.9294,55.3798,0.0]]],
[[[-59.9483,55.4075,2.769],[-59.9544,55.4069,16.6036],[-59.9572,55.4097,0.7367],[-59.96,55.41,8.8907],[-59.9617,55.4073,0.8048],[-59.9522,55.4042,5.2812],[-59.9488,55.405,0.9328],[-59.9483,55.4075,2.769]]],
[[[-59.9161,55.4095,0.0],[-59.9183,55.4106,0.0],[-59.9239,55.4089,0.0],[-59.9251,55.4063,0.6237],[-59.9189,55.4065,0.9175],[-59.9161,55.4095,0.0]]],
[[[-59.994,55.4098,2.8615],[-59.9948,55.4086,0.0],[-59.9931,55.4078,0.0],[-59.9862,55.4107,0.0],[-59.9892,55.4122,0.0],[-59.994,55.4098,2.8615]]],
[[[-60.0731,55.3749,5.0386],[-60.0754,55.3757,0.0],[-60.0768,55.3752,4.0577],[-60.0753,55.3736,0.0],[-60.0731,55.3749,5.0386]]],
[[[-60.0794,55.3764,0.0],[-60.0844,55.3759,0.7842],[-60.0844,55.3742,0.1856],[-60.08,55.3758,0.0],[-60.0794,55.3764,0.0]]],
[[[-60.0607,55.3866,11.442],[-60.062,55.3879,6.2609],[-60.0611,55.3897,4.9837],[-60.0668,55.3897,1.6798],[-60.069,55.3863,2.7661],[-60.0674,55.3851,22.959],[-60.0706,55.3838,7.0471],[-60.0717,55.3812,0.0],[-60.0661,55.38,0.0],[-60.0634,55.3837,3.8081],[-60.0557,55.3863,0.0],[-60.0562,55.388,0.0],[-60.0607,55.3866,11.442]]],
[[[-60.0252,55.4047,17.9401],[-60.0268,55.406,0.7156],[-60.0307,55.4047,4.385],[-60.0346,55.4069,6.1358],[-60.0346,55.4091,5.6696],[-60.0324,55.411,0.0],[-60.0346,55.4116,4.049],[-60.0302,55.4141,1.3375],[-60.0305,55.416,0.0],[-60.0418,55.4108,2.0588],[-60.0435,55.4038,10.5454],[-60.0463,55.4016,6.2087],[-60.0446,55.3999,0.8739],[-60.0462,55.3994,1.65],[-60.0468,55.393,13.2368],[-60.049,55.3905,2.4393],[-60.0496,55.3849,11.2892],[-60.0485,55.3841,11.2892],[-60.0502,55.3788,0.0],[-60.0463,55.3783,0.0],[-60.0424,55.3816,0.0],[-60.0429,55.3827,1.0959],[-60.0379,55.3819,0.0],[-60.039,55.3849,1.9105],[-60.0341,55.3866,0.8142],[-60.0362,55.3877,4.6707],[-60.0329,55.388,0.0],[-60.0346,55.3897,3.7189],[-60.0318,55.3905,1.2492],[-60.0329,55.3916,1.2492],[-60.0318,55.3933,1.1973],[-60.0351,55.3944,1.7072],[-60.0357,55.396,0.8543],[-60.0302,55.3955,5.9649],[-60.0257,55.3969,1.3127],[-60.0246,55.3952,0.3623],[-60.0213,55.3952,0.0],[-60.0196,55.3977,1.2927],[-60.0213,55.3983,4.1002],[-60.019,55.3991,1.8198],[-60.0196,55.4002,1.8198],[-60.0146,55.4002,0.0],[-60.0079,55.4052,0.0],[-60.0118,55.4055,6.2223],[-60.0085,55.4074,0.0],[-60.0129,55.4085,4.4795],[-60.023,55.4066,15.8284],[-60.0252,55.4047,17.9401]]],
[[[-60.0656,55.3939,0.0],[-60.0594,55.3972,2.0536],[-60.0583,55.4003,0.0],[-60.0639,55.4023,0.0],[-60.0633,55.3973,1.6193],[-60.0673,55.3962,7.0139],[-60.0678,55.3939,5.4606],[-60.0656,55.3939,0.0]]],
[[[-60.0544,55.3932,1.7799],[-60.0476,55.3991,1.65],[-60.0469,55.4016,6.2087],[-60.0506,55.4026,10.9266],[-60.0445,55.4071,14.8928],[-60.0434,55.4123,0.0],[-60.0484,55.4099,1.6782],[-60.0552,55.4032,10.7562],[-60.0546,55.3998,10.827],[-60.0576,55.3957,7.5831],[-60.0565,55.3931,0.7459],[-60.0544,55.3932,1.7799]]],
[[[-60.0628,55.4081,0.0],[-60.0583,55.4078,0.0],[-60.0594,55.4097,3.223],[-60.0583,55.4103,0.0],[-60.0625,55.4101,0.0],[-60.0628,55.4081,0.0]]],
[[[-60.0468,55.412,1.6994],[-60.0429,55.4134,0.0],[-60.0467,55.4146,2.9425],[-60.0479,55.4134,3.9487],[-60.0468,55.412,1.6994]]],
[[[-60.1036,55.4069,12.535],[-60.1068,55.4054,3.7122],[-60.1067,55.4031,0.5128],[-60.1,55.4058,0.0],[-60.1011,55.4073,0.0],[-60.1036,55.4069,12.535]]],
[[[-60.1211,55.4043,1.0877],[-60.1183,55.4044,0.6372],[-60.1167,55.4058,0.0],[-60.118899999999996,55.4064,2.6428],[-60.1211,55.4043,1.0877]]],
[[[-60.1131,55.4107,5.8722],[-60.1147,55.409,1.1782],[-60.1117,55.4081,0.0],[-60.1084,55.4114,1.8772],[-60.11,55.4122,0.0],[-60.1131,55.4107,5.8722]]],
[[[-60.1155,55.4195,0.0],[-60.1078,55.4225,10.9952],[-60.1139,55.4243,2.2546],[-60.1217,55.4211,1.618],[-60.1217,55.4189,3.1306],[-60.1194,55.4178,0.8869],[-60.1155,55.4195,0.0]]],
[[[-60.0578,55.4131,0.0],[-60.0539,55.4156,0.0],[-60.0592,55.4148,7.0796],[-60.0622,55.4117,0.0],[-60.0606,55.4117,0.0],[-60.0578,55.4131,0.0]]],
[[[-60.0889,55.4431,1.3786],[-60.0833,55.4425,1.9529],[-60.0805,55.4472,0.0],[-60.0861,55.4473,0.0],[-60.0894,55.4451,5.0529],[-60.0889,55.4431,1.3786]]],
[[[-60.0328,55.4509,2.1408],[-60.0306,55.4514,0.0],[-60.0389,55.4528,1.5048],[-60.0383,55.4508,2.9038],[-60.0421,55.4501,6.6574],[-60.0431,55.4465,9.1004],[-60.0405,55.4453,2.4489],[-60.0424,55.4408,6.6331],[-60.0411,55.4391,1.1134],[-60.0322,55.4397,0.0],[-60.0272,55.4444,0.0],[-60.0272,55.4461,6.4114],[-60.025,55.4453,0.0],[-60.025,55.4483,0.0],[-60.0267,55.4494,6.7798],[-60.0357,55.4497,7.7429],[-60.0328,55.4509,2.1408]]],
[[[-60.0603,55.4504,1.0174],[-60.0567,55.4489,3.9246],[-60.0561,55.4509,0.0],[-60.0592,55.4516,2.45],[-60.0603,55.4504,1.0174]]],
[[[-59.8666,55.4288,2.6505],[-59.8652,55.431399999999996,6.5901],[-59.8706,55.4311,3.1482],[-59.8711,55.4297,1.0167],[-59.868,55.4293,2.6505],[-59.874,55.4272,1.3734],[-59.8683,55.4283,2.9825],[-59.8666,55.4288,2.6505]]],
[[[-59.8511,55.43,0.0],[-59.8483,55.4289,2.9649],[-59.8433,55.4308,1.1527],[-59.8467,55.4317,2.0383],[-59.8511,55.43,0.0]]],
[[[-59.917,55.4294,5.3192],[-59.9144,55.4287,0.0],[-59.9059,55.4323,0.0],[-59.9085,55.4331,5.5829],[-59.9189,55.4308,0.0],[-59.917,55.4294,5.3192]]],
[[[-59.8661,55.4347,0.0],[-59.8694,55.4358,0.0],[-59.875,55.435,7.03],[-59.88,55.4375,0.0],[-59.885,55.4378,0.0],[-59.8938,55.435,2.5445],[-59.8944,55.4328,2.8312],[-59.8911,55.4289,2.6654],[-59.8867,55.4287,0.0],[-59.8809,55.4322,10.7636],[-59.8661,55.4347,0.0]]],
[[[-59.8091,55.4332,0.0],[-59.8011,55.4381,0.0],[-59.8016,55.4397,5.1112],[-59.8072,55.4417,17.073],[-59.8161,55.4378,0.0],[-59.8156,55.4355,11.6341],[-59.8306,55.4392,3.2287],[-59.8377,55.4361,4.5316],[-59.8317,55.4306,0.3467],[-59.8256,55.4286,0.0],[-59.8206,55.4292,3.3425],[-59.82,55.4309,20.2039],[-59.8156,55.43,0.0],[-59.8091,55.4332,0.0]]],
[[[-59.7908,55.4413,12.2142],[-59.7889,55.4378,2.0568],[-59.7856,55.4379,4.7325],[-59.7857,55.4407,1.3649],[-59.7908,55.4413,12.2142]]],
[[[-59.7655,55.4523,2.2273],[-59.7634,55.4547,0.0],[-59.7668,55.4549,13.0798],[-59.7692,55.4531,1.3568],[-59.767,55.4518,0.0],[-59.7655,55.4523,2.2273]]],
[[[-59.7606,55.4584,12.9825],[-59.7627,55.4561,1.3409],[-59.7559,55.4586,1.8411],[-59.7567,55.4591,1.1183],[-59.7606,55.4584,12.9825]]],
[[[-59.9772,55.4492,0.0],[-59.9811,55.4517,7.0041],[-59.9867,55.4528,1.3583],[-59.9878,55.4522,1.3583],[-59.9852,55.4502,13.4031],[-59.9885,55.4482,1.2001],[-59.9833,55.4464,1.1051],[-59.9772,55.4492,0.0]]],
[[[-59.9411,55.4594,0.0],[-59.955,55.4606,0.0],[-59.9578,55.4597,0.0],[-59.9578,55.4568,0.0],[-59.9541,55.4515,0.4242],[-59.9355,55.4523,2.3589],[-59.9383,55.4573,2.0251],[-59.9333,55.4583,0.8682],[-59.9411,55.4594,0.0]]],
[[[-59.9639,55.4542,2.7113],[-59.9594,55.4539,0.0],[-59.9605,55.4567,0.0],[-59.9589,55.4575,0.2812],[-59.9611,55.4581,0.2812],[-59.9605,55.4595,0.0],[-59.9628,55.4595,1.3544],[-59.965,55.4559,6.8855],[-59.9656,55.4589,0.1495],[-59.9678,55.4592,0.5826],[-59.9683,55.4542,1.5698],[-59.9656,55.4525,0.0],[-59.9639,55.4542,2.7113]]],
[[[-59.976,55.4611,3.7383],[-59.9757,55.4593,0.4898],[-59.9725,55.4603,1.7745],[-59.9771,55.4626,1.1482],[-59.976,55.4611,3.7383]]],
[[[-59.6733,55.4392,1.9349],[-59.6706,55.4389,0.0],[-59.6672,55.4419,0.0],[-59.675,55.4425,1.4045],[-59.6733,55.4392,1.9349]]],
[[[-59.6913,55.5003,5.5904],[-59.6915,55.4958,4.9669],[-59.6852,55.5014,0.0],[-59.686,55.5019,2.3561],[-59.6913,55.5003,5.5904]]],
[[[-59.7127,55.5041,31.1153],[-59.7102,55.5071,0.0],[-59.715,55.5075,0.0],[-59.7185,55.5043,19.7414],[-59.7158,55.4996,0.0],[-59.7126,55.5015,0.0],[-59.7127,55.5041,31.1153]]],
[[[-60.0517,55.4508,0.0],[-60.0489,55.4506,2.0587],[-60.0472,55.4519,0.0],[-60.0533,55.452,0.0],[-60.0517,55.4508,0.0]]],
[[[-60.0261,55.4558,2.4619],[-60.029,55.4565,5.6427],[-60.0304,55.4557,5.6427],[-60.0272,55.4539,2.1823],[-60.0261,55.4558,2.4619]]],
[[[-60.0528,55.4571,0.0],[-60.0508,55.4557,0.0],[-60.0527,55.4547,0.0],[-60.0487,55.4537,0.96],[-60.0484,55.4561,3.2996],[-60.0528,55.4571,0.0]]],
[[[-60.08,55.4628,0.0],[-60.08,55.4639,0.0],[-60.0861,55.4642,0.0],[-60.0922,55.4603,5.4001],[-60.0922,55.4567,15.431],[-60.0964,55.4578,6.7334],[-60.0944,55.4614,0.0],[-60.0967,55.4611,1.2948],[-60.0967,55.4597,2.3911],[-60.0989,55.4592,1.0807],[-60.0983,55.4581,11.2296],[-60.1017,55.4587,7.8064],[-60.1028,55.4573,7.8064],[-60.1005,55.4533,4.2629],[-60.0939,55.4511,0.5615],[-60.0828,55.4583,0.0],[-60.08,55.4628,0.0]]],
[[[-59.9535,55.4616,0.0],[-59.95,55.4609,0.0],[-59.9565,55.4654,1.3969],[-59.9572,55.4628,1.3392],[-59.9535,55.4616,0.0]]],
[[[-59.948,55.467,0.0],[-59.9469,55.4666,3.4618],[-59.9441,55.465,0.0],[-59.9441,55.4669,4.7875],[-59.948,55.467,0.0]]],
[[[-59.9622,55.4681,9.0303],[-59.9713,55.4725,0.7678],[-59.9779,55.4706,3.8834],[-59.9776,55.4681,5.0404],[-59.9749,55.4665,0.0],[-59.9702,55.4683,1.3772],[-59.9709,55.4702,3.1424],[-59.9654,55.4681,12.7125],[-59.9667,55.4667,1.6747],[-59.9611,55.4667,0.0],[-59.9622,55.4681,9.0303]]],
[[[-60.02,55.4697,0.0],[-60.0183,55.4692,0.0],[-60.0144,55.4717,0.0],[-60.0183,55.4714,0.0],[-60.02,55.4697,0.0]]],
[[[-60.0539,55.4634,0.9208],[-60.0557,55.4641,0.0],[-60.0589,55.4623,0.0],[-60.0579,55.4611,0.0],[-60.0539,55.4634,0.9208]]],
[[[-60.0928,55.4708,2.1895],[-60.0959,55.4738,0.0],[-60.1033,55.4736,17.6971],[-60.1044,55.4717,0.4785],[-60.1017,55.4711,6.3191],[-60.1044,55.4683,0.1187],[-60.0989,55.4678,5.943],[-60.1005,55.4658,8.9894],[-60.1,55.4631,0.0],[-60.0928,55.4669,0.5168],[-60.0889,55.4644,5.7259],[-60.0856,55.4665,2.796],[-60.0873,55.4689,0.945],[-60.0928,55.4708,2.1895]]],
[[[-60.065,55.4906,0.5084],[-60.0661,55.49,14.086],[-60.0653,55.4883,21.9584],[-60.0687,55.4868,20.0436],[-60.0761,55.4883,20.0337],[-60.0786,55.4914,0.5641],[-60.0808,55.4914,2.903],[-60.0789,55.4878,4.3491],[-60.0822,55.4842,1.4876],[-60.0783,55.4819,0.0],[-60.0717,55.4817,0.0],[-60.0606,55.4867,1.7699],[-60.0611,55.4897,2.3086],[-60.065,55.4906,0.5084]]],
[[[-60.0417,55.4919,0.0],[-60.0361,55.4936,0.0],[-60.042,55.495,3.241],[-60.0443,55.4931,1.4818],[-60.0417,55.4919,0.0]]],
[[[-59.9247,55.4782,1.1451],[-59.9253,55.4776,1.1451],[-59.9227,55.4757,1.4527],[-59.9235,55.4776,1.1451],[-59.9247,55.4782,1.1451]]],
[[[-59.9077,55.4751,2.6872],[-59.9082,55.478,4.5329],[-59.9113,55.4792,5.7622],[-59.9171,55.4801,12.2337],[-59.921,55.4788,1.3073],[-59.9187,55.4766,0.0],[-59.9077,55.4751,2.6872]]],
[[[-60.0216,55.5289,5.4668],[-60.015,55.5311,0.2134],[-60.0199,55.5369,16.3281],[-60.0254,55.5365,1.372],[-60.0263,55.5353,0.0],[-60.0239,55.5286,0.0],[-60.0216,55.5289,5.4668]]],
[[[-59.9283,55.5327,0.0],[-59.9361,55.5359,0.6861],[-59.9411,55.5319,0.0],[-59.9369,55.5309,5.9886],[-59.9283,55.5327,0.0]]],
[[[-59.8483,55.4591,0.0],[-59.8514,55.4589,1.0736],[-59.8526,55.4567,0.0],[-59.8473,55.4568,0.0],[-59.8463,55.4578,0.0],[-59.8483,55.4591,0.0]]],
[[[-59.8367,55.4606,0.7932],[-59.8366,55.4617,0.7932],[-59.84,55.4614,8.9719],[-59.8417,55.4595,0.0],[-59.8389,55.4592,1.5307],[-59.8367,55.4606,0.7932]]],
[[[-59.8926,55.4706,0.6649],[-59.8945,55.4734,0.0],[-59.9046,55.4764,3.768],[-59.91,55.4711,7.4417],[-59.9139,55.4697,3.1568],[-59.915,55.4647,3.1207],[-59.9094,55.4645,3.5575],[-59.903,55.4665,0.3127],[-59.8993,55.4709,9.82],[-59.8926,55.4706,0.6649]]],
[[[-59.8095,55.4909,0.034],[-59.8165,55.4881,1.7295],[-59.816,55.486,0.0],[-59.8125,55.4857,6.0681],[-59.805,55.4886,0.0],[-59.8056,55.4905,2.3771],[-59.8095,55.4909,0.034]]],
[[[-59.8387,55.5007,5.0532],[-59.8337,55.502,0.0],[-59.8367,55.5069,3.4216],[-59.8522,55.5053,8.7769],[-59.8589,55.5025,3.084],[-59.8628,55.5039,0.0],[-59.8672,55.5031,2.7287],[-59.8575,55.4981,0.0],[-59.8387,55.5007,5.0532]]],
[[[-59.8678,55.5053,0.6391],[-59.8622,55.5078,1.1424],[-59.8628,55.5108,0.0],[-59.8678,55.5081,7.3849],[-59.8678,55.5053,0.6391]]],
[[[-59.8516,55.5061,1.6884],[-59.8466,55.5078,2.652],[-59.8444,55.5106,0.0],[-59.8572,55.5101,14.5901],[-59.8606,55.5075,6.1787],[-59.8567,55.5061,0.8186],[-59.8516,55.5061,1.6884]]],
[[[-59.8278,55.5231,0.0],[-59.8288,55.5239,0.0],[-59.8361,55.5219,0.0],[-59.8335,55.5203,0.0],[-59.8278,55.5231,0.0]]],
[[[-59.8715,55.524,13.4322],[-59.8671,55.5241,0.0],[-59.8696,55.5259,5.9807],[-59.8686,55.5271,8.6554],[-59.8736,55.5277,3.1188],[-59.8894,55.5275,1.5558],[-59.8905,55.5261,7.2187],[-59.8766,55.5231,0.0],[-59.8715,55.5229,0.0],[-59.8715,55.524,13.4322]]],
[[[-59.856,55.5289,8.2671],[-59.8641,55.53,3.6275],[-59.8597,55.5305,0.0],[-59.8622,55.5311,0.3344],[-59.8687,55.5304,0.6866],[-59.866,55.5301,0.6866],[-59.8682,55.5285,8.6554],[-59.8644,55.5242,6.3753],[-59.856,55.5289,8.2671]]],
[[[-59.8917,55.5275,0.0],[-59.8877,55.5289,4.3456],[-59.8932,55.5313,1.9514],[-59.8978,55.5289,1.5169],[-59.8967,55.5278,0.7106],[-59.8917,55.5275,0.0]]],
[[[-59.8644,55.5331,0.7749],[-59.8567,55.5356,1.1807],[-59.8605,55.5366,1.1929],[-59.8678,55.5339,1.6916],[-59.8644,55.5331,0.7749]]],
[[[-59.9173,55.5374,1.5286],[-59.9133,55.5361,1.7375],[-59.9118,55.5381,0.6481],[-59.9157,55.5388,0.0],[-59.9173,55.5374,1.5286]]],
[[[-59.9097,55.5429,0.0],[-59.9151,55.5455,0.0],[-59.919,55.5452,3.4942],[-59.9204,55.5433,3.7974],[-59.9165,55.5413,0.5915],[-59.9097,55.5429,0.0]]],
[[[-60.0183,55.555,0.2968],[-60.0144,55.5561,0.0],[-60.0172,55.5569,1.0501],[-60.0222,55.5553,0.435],[-60.0206,55.5539,0.2968],[-60.0183,55.555,0.2968]]],
[[[-60.0244,55.5811,0.0],[-60.0228,55.5803,0.0],[-60.02,55.5809,0.6609],[-60.0234,55.5822,0.0],[-60.0244,55.5811,0.0]]],
[[[-60.0355,55.4957,15.3983],[-60.0278,55.4944,0.6706],[-60.0206,55.4987,0.0],[-60.0217,55.5016,8.7729],[-60.0299,55.5023,0.0],[-60.0318,55.5017,5.6918],[-60.0317,55.4995,8.2179],[-60.0373,55.4975,3.2123],[-60.038,55.496,0.0],[-60.0355,55.4957,15.3983]]],
[[[-60.0589,55.5,0.8699],[-60.0561,55.5025,0.0],[-60.0622,55.5053,12.606],[-60.0744,55.5047,3.5166],[-60.0756,55.5014,0.2712],[-60.0689,55.4989,7.2906],[-60.0678,55.4964,0.0],[-60.0633,55.4969,1.5619],[-60.0633,55.4956,1.5619],[-60.0611,55.4956,3.1988],[-60.0589,55.5,0.8699]]],
[[[-60.08,55.5078,1.1545],[-60.0756,55.5097,1.7363],[-60.08,55.5092,4.3269],[-60.0811,55.5075,1.0396],[-60.08,55.5078,1.1545]]],
[[[-60.08,55.5258,3.5381],[-60.0839,55.5285,16.4378],[-60.086,55.5277,15.4727],[-60.088,55.5303,20.837],[-60.093,55.5294,6.2981],[-60.0949,55.5277,7.7841],[-60.095,55.5247,8.0206],[-60.0925,55.5225,14.4394],[-60.0994,55.52,4.4573],[-60.095,55.5167,0.0],[-60.0873,55.5164,1.893],[-60.0889,55.5125,1.8768],[-60.0866,55.5114,4.0543],[-60.0883,55.51,0.0],[-60.0861,55.5072,1.3945],[-60.085,55.5072,0.0],[-60.0849,55.5103,0.0],[-60.0783,55.5147,1.912],[-60.0744,55.5144,9.2382],[-60.0693,55.5102,0.0],[-60.0644,55.5089,4.4151],[-60.0622,55.5108,0.0],[-60.0622,55.5131,9.0196],[-60.0589,55.5114,0.8454],[-60.05,55.5159,0.0],[-60.0511,55.5178,3.9654],[-60.0533,55.5181,11.1748],[-60.05,55.5233,0.0],[-60.05,55.5256,0.725],[-60.0517,55.5264,6.4843],[-60.0628,55.5217,15.6201],[-60.0589,55.5273,2.9765],[-60.0632,55.5301,15.1341],[-60.0794,55.5273,0.9488],[-60.0772,55.5247,8.903],[-60.08,55.5258,3.5381]]],
[[[-60.1583,55.5144,0.7731],[-60.1556,55.5144,0.7731],[-60.1544,55.5161,0.369],[-60.1578,55.5167,6.4138],[-60.1594,55.5156,1.2081],[-60.1583,55.5144,0.7731]]],
[[[-60.1057,55.5129,3.8966],[-60.1057,55.5171,1.8097],[-60.1126,55.5186,9.1881],[-60.1125,55.5158,9.2595],[-60.1093,55.5145,7.9506],[-60.1093,55.5121,3.8163],[-60.1057,55.5129,3.8966]]],
[[[-60.1042,55.5226,3.8404],[-60.1022,55.5231,0.0],[-60.1022,55.5262,1.0432],[-60.1067,55.5237,1.4668],[-60.1042,55.5226,3.8404]]],
[[[-60.1612,55.5265,0.315],[-60.1611,55.5275,0.0],[-60.1633,55.5275,0.0],[-60.1606,55.5253,0.0],[-60.1612,55.5265,0.315]]],
[[[-60.0359,55.5212,1.3222],[-60.0365,55.5236,4.7301],[-60.0394,55.5228,0.4829],[-60.0383,55.5212,0.0],[-60.0359,55.5212,1.3222]]],
[[[-60.0503,55.5277,1.3599],[-60.0528,55.5287,0.0],[-60.0536,55.5278,0.0],[-60.0528,55.5273,0.0],[-60.0503,55.5277,1.3599]]],
[[[-60.0283,55.5271,3.6808],[-60.0271,55.5281,1.9767],[-60.028,55.529,0.0],[-60.0298,55.5281,3.6808],[-60.0283,55.5271,3.6808]]],
[[[-60.0344,55.537,3.9447],[-60.0306,55.5344,0.0],[-60.0277,55.5367,9.2096],[-60.0309,55.5395,0.2219],[-60.0334,55.5396,5.2957],[-60.0344,55.537,3.9447]]],
[[[-60.0117,55.5986,2.1338],[-60.015,55.5983,4.8794],[-60.0166,55.6003,0.2138],[-60.0172,55.5969,1.5867],[-60.0194,55.5964,1.5867],[-60.0189,55.595,0.0],[-60.0117,55.5961,0.5392],[-60.01,55.5989,0.0],[-60.0117,55.5986,2.1338]]],
[[[-60.0139,55.6094,0.0],[-60.0128,55.6111,0.0],[-60.017,55.6107,0.6288],[-60.0156,55.6094,0.0],[-60.0139,55.6094,0.0]]],
[[[-60.0161,55.6125,1.9438],[-60.0178,55.6136,1.1802],[-60.0205,55.612,0.0],[-60.0188,55.6111,0.0],[-60.0161,55.6125,1.9438]]],
[[[-60.0109,55.6146,0.0],[-60.0155,55.6157,0.0],[-60.0163,55.6146,0.0],[-60.0122,55.6125,0.0],[-60.0109,55.6146,0.0]]],
[[[-60.2539,55.3506,3.4635],[-60.255,55.3511,3.4635],[-60.2516,55.3531,0.2435],[-60.2583,55.3517,2.4705],[-60.2594,55.3487,1.0012],[-60.2578,55.3475,5.216],[-60.2608,55.3456,0.0],[-60.2591,55.3357,4.9197],[-60.2527,55.3351,29.5197],[-60.2572,55.3325,7.1686],[-60.2578,55.3256,7.3763],[-60.2562,55.3243,10.0069],[-60.2394,55.3333,0.0],[-60.2389,55.335,12.2697],[-60.2422,55.3369,24.784],[-60.2378,55.3394,22.0656],[-60.2372,55.3417,0.0],[-60.2306,55.3442,0.0],[-60.2304,55.3456,0.0],[-60.2311,55.3475,0.0],[-60.24,55.3483,4.9851],[-60.2361,55.3506,1.4896],[-60.2422,55.3533,0.0],[-60.2467,55.3511,7.364],[-60.2511,55.3514,1.2621],[-60.2528,55.3486,5.8619],[-60.2539,55.3506,3.4635]]],
[[[-60.2,55.3585,7.3539],[-60.2011,55.3572,0.515],[-60.1989,55.3564,0.0],[-60.1967,55.36,0.9108],[-60.1978,55.36,0.9108],[-60.2,55.3585,7.3539]]],
[[[-60.2361,55.3614,0.527],[-60.2389,55.3619,1.1754],[-60.2417,55.3603,0.0],[-60.2388,55.3611,1.1754],[-60.2361,55.3614,0.527]]],
[[[-60.2294,55.3642,3.5746],[-60.2244,55.3678,0.0],[-60.2333,55.3686,0.978],[-60.2333,55.3667,17.0026],[-60.2383,55.3645,0.0],[-60.2344,55.3622,7.5727],[-60.2294,55.3642,3.5746]]],
[[[-60.2761,55.3942,0.5425],[-60.2744,55.3947,0.5425],[-60.275,55.3961,0.0],[-60.284,55.3973,0.0],[-60.2907,55.3973,0.0],[-60.2928,55.395,2.3446],[-60.2867,55.3906,3.8825],[-60.2822,55.3906,4.0782],[-60.2761,55.3942,0.5425]]],
[[[-60.2411,55.3931,0.0],[-60.2372,55.3973,9.204],[-60.2334,55.3987,0.0],[-60.2333,55.4006,1.0512],[-60.2375,55.4008,0.0],[-60.2439,55.3973,1.1074],[-60.2493,55.3985,7.9821],[-60.2506,55.3977,0.0],[-60.25,55.395,0.9812],[-60.2522,55.3942,0.9812],[-60.2456,55.3919,0.0],[-60.2411,55.3931,0.0]]],
[[[-60.1909,55.4305,11.8769],[-60.1901,55.431399999999996,11.8769],[-60.1925,55.4325,0.0],[-60.1963,55.4322,0.0],[-60.1939,55.4294,0.0],[-60.1909,55.4305,11.8769]]],
[[[-60.2157,55.4343,4.6546],[-60.2172,55.4356,1.0064],[-60.2189,55.4344,0.0],[-60.2169,55.4337,0.0],[-60.2157,55.4343,4.6546]]],
[[[-60.12,55.4417,0.0],[-60.1161,55.4425,3.9184],[-60.115,55.4447,0.0],[-60.1206,55.4447,0.0],[-60.1231,55.4413,0.0],[-60.1217,55.44,0.0],[-60.12,55.4417,0.0]]],
[[[-60.1476,55.4682,6.4387],[-60.1494,55.4714,1.9635],[-60.1644,55.4711,0.7463],[-60.1656,55.4678,0.0],[-60.1628,55.4647,11.7443],[-60.1733,55.4675,0.0],[-60.1778,55.4659,0.0],[-60.1811,55.4637,0.484],[-60.1828,55.4573,9.1556],[-60.1772,55.4503,0.0],[-60.1511,55.4406,3.1572],[-60.1378,55.4458,0.9256],[-60.1366,55.4475,2.0816],[-60.1378,55.4512,1.7137],[-60.1339,55.4531,0.5223],[-60.1372,55.4536,4.8907],[-60.1392,55.4559,7.9538],[-60.1339,55.4553,0.0],[-60.1317,55.4575,1.416],[-60.1322,55.46,0.7899],[-60.1353,55.4615,2.5576],[-60.1389,55.4613,3.8029],[-60.1422,55.4581,13.628],[-60.1517,55.4596,11.8616],[-60.1489,55.4611,0.8156],[-60.1505,55.4621,1.3715],[-60.1482,55.4655,4.0925],[-60.1444,55.4664,0.0],[-60.1444,55.4678,0.5279],[-60.1476,55.4682,6.4387]]],
[[[-60.1239,55.4663,0.0],[-60.1222,55.4623,0.0],[-60.1194,55.4619,0.0],[-60.1166,55.465,1.0886],[-60.1183,55.4669,20.7894],[-60.122,55.4676,0.8696],[-60.1239,55.4663,0.0]]],
[[[-60.1389,55.4872,3.2146],[-60.1358,55.4872,0.0],[-60.135,55.4886,0.0],[-60.1386,55.4894,2.3589],[-60.1411,55.4878,0.0],[-60.1389,55.4872,3.2146]]],
[[[-60.1966,55.4525,5.9784],[-60.1944,55.4506,8.2631],[-60.19,55.4506,0.0],[-60.1928,55.4544,0.0],[-60.1966,55.4525,5.9784]]],
[[[-60.1994,55.4867,1.4802],[-60.2083,55.4875,1.3938],[-60.2083,55.4864,0.0],[-60.2039,55.4867,0.5025],[-60.2006,55.485,0.0],[-60.1994,55.4867,1.4802]]],
[[[-60.2147,55.497,0.0],[-60.2084,55.4977,0.0],[-60.209,55.5013,6.1252],[-60.215,55.5019,0.4504],[-60.2306,55.4921,20.2069],[-60.215,55.4836,0.0],[-60.2122,55.4856,4.2351],[-60.2116,55.4814,0.0],[-60.2071,55.4806,3.1713],[-60.2067,55.4823,0.4723],[-60.2086,55.4827,5.7609],[-60.2106,55.4869,4.2351],[-60.215,55.4889,8.1621],[-60.2094,55.4917,1.39],[-60.2144,55.4911,2.7363],[-60.2156,55.4931,4.5422],[-60.2189,55.4933,1.4601],[-60.2208,55.4914,1.4709],[-60.2233,55.4928,18.3001],[-60.2189,55.495,1.1],[-60.2206,55.4961,1.6133],[-60.2147,55.497,0.0]]],
[[[-60.1961,55.5045,0.6249],[-60.1972,55.5045,2.3221],[-60.1983,55.5036,0.0],[-60.1945,55.5031,0.3719],[-60.1961,55.5045,0.6249]]],
[[[-60.3001,55.3497,0.7912],[-60.3022,55.3494,3.777],[-60.3022,55.3464,0.0],[-60.2984,55.3492,0.0],[-60.3001,55.3497,0.7912]]],
[[[-60.3493,55.3625,1.7479],[-60.3522,55.3606,2.5462],[-60.3494,55.36,0.0],[-60.345,55.3625,0.0],[-60.3456,55.3633,0.0],[-60.3493,55.3625,1.7479]]],
[[[-60.3661,55.4439,0.1865],[-60.37,55.4456,0.0],[-60.3644,55.4361,0.0],[-60.3583,55.4389,0.0],[-60.3628,55.4392,5.7441],[-60.3661,55.4439,0.1865]]],
[[[-60.3074,55.5061,0.0],[-60.3039,55.5053,0.0],[-60.3017,55.5133,0.6444],[-60.3058,55.5125,0.0],[-60.3074,55.5061,0.0]]],
[[[-60.3167,55.5225,1.0534],[-60.3233,55.5225,2.2448],[-60.3239,55.5242,1.3714],[-60.3346,55.5224,1.3154],[-60.3358,55.5175,18.2649],[-60.3417,55.5147,3.2726],[-60.3417,55.5119,0.0],[-60.3379,55.5119,14.0829],[-60.3339,55.5058,0.0],[-60.3211,55.5086,0.0],[-60.3194,55.5064,2.1967],[-60.3272,55.5053,0.9182],[-60.3233,55.5047,7.0148],[-60.3233,55.5025,4.9692],[-60.3205,55.5026,4.9692],[-60.3189,55.5039,3.5462],[-60.319,55.5062,2.1967],[-60.3127,55.5085,0.0],[-60.3178,55.5086,2.922],[-60.3111,55.5122,0.0],[-60.3152,55.5157,4.2078],[-60.3122,55.5189,0.0],[-60.3139,55.5199,22.368],[-60.3128,55.52,0.0],[-60.3133,55.5214,0.0],[-60.3167,55.5225,1.0534]]],
[[[-60.3044,55.5167,3.3384],[-60.3078,55.5164,0.0],[-60.3067,55.5136,0.0],[-60.3039,55.5156,3.3384],[-60.3044,55.5167,3.3384]]],
[[[-60.3722,55.5639,3.2768],[-60.3739,55.5647,5.008],[-60.3761,55.5631,0.4373],[-60.3737,55.5627,0.8094],[-60.3722,55.5639,3.2768]]],
[[[-60.368899999999996,55.5664,-0.1561],[-60.3722,55.5647,3.2768],[-60.3711,55.5631,0.7131],[-60.3675,55.5652,0.1868],[-60.368899999999996,55.5664,-0.1561]]],
[[[-60.3889,55.4544,0.0],[-60.3872,55.4575,0.3982],[-60.3917,55.4583,1.3351],[-60.3922,55.4569,12.8769],[-60.395,55.4567,1.8556],[-60.3928,55.4547,0.0],[-60.3889,55.4544,0.0]]],
[[[-60.4011,55.4614,2.8462],[-60.3967,55.4647,0.0],[-60.4078,55.4636,7.9744],[-60.4039,55.4608,2.8462],[-60.4011,55.4614,2.8462]]],
[[[-60.4098,55.544,0.8515],[-60.41,55.5464,0.2743],[-60.4139,55.545,0.5163],[-60.4122,55.5425,0.1616],[-60.4098,55.544,0.8515]]],
[[[-60.415,55.6269,0.0],[-60.4144,55.6281,0.0],[-60.4189,55.6281,0.0],[-60.4172,55.6264,0.0],[-60.415,55.6269,0.0]]],
[[[-60.3644,55.5869,3.3366],[-60.3611,55.5897,1.1157],[-60.3687,55.5887,26.1706],[-60.3711,55.5859,0.9702],[-60.376,55.5843,0.0],[-60.3772,55.5797,2.7007],[-60.3739,55.5789,3.7688],[-60.3711,55.5815,6.0092],[-60.3672,55.5819,0.0],[-60.3672,55.5842,4.9098],[-60.3644,55.5869,3.3366]]],
[[[-60.3056,55.5978,6.4319],[-60.305,55.6017,0.0],[-60.3119,55.6019,32.2797],[-60.3143,55.6014,5.112],[-60.3178,55.5969,9.3156],[-60.3223,55.5967,11.3312],[-60.3262,55.5938,0.0],[-60.3217,55.5892,1.3329],[-60.3189,55.5892,1.8037],[-60.315,55.5919,1.5008],[-60.3111,55.5914,0.0],[-60.3111,55.5939,5.423],[-60.3056,55.5978,6.4319]]],
[[[-60.365,55.6067,7.7637],[-60.3628,55.6094,0.0],[-60.3694,55.6092,1.2009],[-60.3728,55.6072,0.7028],[-60.368899999999996,55.6047,0.0],[-60.365,55.6067,7.7637]]],
[[[-60.3306,55.6319,0.6574],[-60.332,55.6294,1.085],[-60.3278,55.6286,0.0],[-60.3262,55.6342,1.483],[-60.3306,55.6336,0.0],[-60.3294,55.6325,6.3396],[-60.3306,55.6319,0.6574]]],
[[[-60.1526,55.5599,3.8158],[-60.1555,55.5631,6.7372],[-60.1608,55.5638,0.8878],[-60.161,55.5609,32.472],[-60.1664,55.5585,7.1705],[-60.1678,55.5553,10.9621],[-60.1722,55.5543,6.2623],[-60.1736,55.5493,0.0],[-60.1644,55.5397,0.0],[-60.16,55.5403,6.4139],[-60.1582,55.5373,17.3131],[-60.1561,55.537,0.0],[-60.1528,55.5381,0.0],[-60.1494,55.5414,0.0],[-60.1567,55.5422,2.4008],[-60.1583,55.5433,2.4008],[-60.1583,55.5469,0.0],[-60.1461,55.5442,3.8415],[-60.1444,55.5442,0.9816],[-60.1444,55.5464,5.8431],[-60.1444,55.5497,0.0],[-60.1461,55.55,13.6712],[-60.1452,55.5548,6.0814],[-60.1472,55.5549,6.0814],[-60.1484,55.5522,4.9116],[-60.1544,55.5536,17.0483],[-60.1522,55.5581,4.2777],[-60.1483,55.557,0.0],[-60.1483,55.5586,0.0],[-60.1526,55.5599,3.8158]]],
[[[-60.1694,55.6555,2.9977],[-60.1689,55.6567,2.9977],[-60.1724,55.6576,2.6828],[-60.1748,55.6556,3.7679],[-60.1722,55.6544,0.0],[-60.1694,55.6555,2.9977]]],
[[[-60.1368,55.6823,0.0],[-60.1384,55.6809,10.065],[-60.1366,55.6789,4.6446],[-60.1333,55.6797,2.343],[-60.1329,55.6817,11.6132],[-60.1368,55.6823,0.0]]],
[[[-60.1534,55.7144,5.2058],[-60.1561,55.7145,11.1026],[-60.1544,55.7164,0.0],[-60.1556,55.7175,3.2853],[-60.16,55.7185,9.7789],[-60.1664,55.7124,0.0],[-60.1739,55.7095,2.1214],[-60.1772,55.7022,5.1652],[-60.1711,55.7003,0.0],[-60.1672,55.7022,11.8103],[-60.1622,55.7014,0.0],[-60.1617,55.7042,8.2249],[-60.1594,55.7028,0.0],[-60.1567,55.7036,0.0],[-60.1572,55.7056,3.289],[-60.1517,55.7069,0.0],[-60.1516,55.7103,3.2975],[-60.1539,55.7106,5.0343],[-60.1517,55.7128,0.3362],[-60.1534,55.7144,5.2058]]],
[[[-60.2597,55.6548,0.0],[-60.2583,55.6564,2.2201],[-60.2622,55.6569,0.0],[-60.2628,55.6556,0.0],[-60.2597,55.6548,0.0]]],
[[[-60.275,55.6703,6.1759],[-60.2766,55.6694,0.0],[-60.2761,55.6678,0.0],[-60.2722,55.6695,0.0],[-60.2734,55.6708,0.0],[-60.275,55.6703,6.1759]]],
[[[-60.2856,55.6955,0.0],[-60.2867,55.6945,3.0155],[-60.285,55.6922,0.0],[-60.2806,55.6939,9.2382],[-60.2826,55.6958,1.2235],[-60.2856,55.6955,0.0]]],
[[[-60.1761,55.7128,0.0],[-60.1763,55.7141,2.9523],[-60.1783,55.7133,0.0],[-60.1776,55.7127,0.0],[-60.1761,55.7128,0.0]]],
[[[-60.3211,55.6817,1.793],[-60.3227,55.6803,0.5346],[-60.3172,55.6811,1.6271],[-60.3183,55.6822,0.0],[-60.3211,55.6817,1.793]]],
[[[-60.3028,55.6915,0.0],[-60.3036,55.6947,12.3035],[-60.3106,55.6975,0.4999],[-60.3089,55.7003,0.0],[-60.3104,55.7014,0.3641],[-60.3133,55.6995,2.4647],[-60.3117,55.6959,5.2651],[-60.315,55.6936,10.4889],[-60.3189,55.6942,4.6701],[-60.3231,55.6909,10.0652],[-60.3217,55.6883,0.7104],[-60.3122,55.6872,2.0665],[-60.3054,55.6887,0.7009],[-60.3028,55.6915,0.0]]],
[[[-60.3253,55.6945,8.3645],[-60.3267,55.6933,0.9499],[-60.3239,55.6922,10.8361],[-60.3144,55.6989,0.5391],[-60.3205,55.6989,0.225],[-60.3265,55.6955,0.9916],[-60.3253,55.6945,8.3645]]],
[[[-60.3322,55.6978,2.8137],[-60.3266,55.6989,3.7509],[-60.3177,55.7075,6.1956],[-60.3244,55.7109,3.2242],[-60.3296,55.7113,6.1127],[-60.3346,55.7041,6.5413],[-60.3377,55.7028,3.2307],[-60.3356,55.7006,15.6599],[-60.3339,55.7008,42.3788],[-60.3344,55.6989,3.5045],[-60.3322,55.6978,2.8137]]],
[[[-60.1622,55.7189,1.8519],[-60.16,55.7212,0.0],[-60.1622,55.7231,0.0],[-60.1664,55.7228,3.7542],[-60.1716,55.7209,1.1479],[-60.1717,55.7181,5.5854],[-60.1767,55.7164,2.1413],[-60.1767,55.715,2.9523],[-60.1739,55.7139,2.8766],[-60.1694,55.7148,0.0],[-60.1683,55.7172,24.482],[-60.1622,55.7189,1.8519]]],
[[[-60.1178,55.7189,0.9139],[-60.1133,55.7225,0.0],[-60.1139,55.7244,4.2996],[-60.118899999999996,55.7275,0.2045],[-60.1231,55.7225,1.516],[-60.1267,55.7233,1.4308],[-60.1261,55.7217,18.1103],[-60.1286,55.7199,0.536],[-60.1289,55.7169,0.0],[-60.1239,55.7153,0.0],[-60.1194,55.7178,0.0],[-60.12,55.7192,3.5109],[-60.1178,55.7189,0.9139]]],
[[[-60.1067,55.7283,11.6738],[-60.1092,55.7303,30.8882],[-60.1161,55.7311,0.0],[-60.1152,55.7264,5.3241],[-60.1111,55.7239,2.1365],[-60.1072,55.725,0.0],[-60.1067,55.7283,11.6738]]],
[[[-60.4133,55.6322,2.5197],[-60.4122,55.6334,0.0],[-60.4139,55.6336,2.5197],[-60.4133,55.6355,0.9067],[-60.4183,55.6347,5.3323],[-60.4183,55.6333,0.312],[-60.4133,55.6322,2.5197]]],
[[[-60.3961,55.6431,10.8362],[-60.3944,55.6453,0.8768],[-60.4039,55.6489,0.0],[-60.4083,55.6458,0.0],[-60.4067,55.6453,5.4364],[-60.4069,55.6431,8.2088],[-60.41,55.6406,2.9985],[-60.4167,55.6428,1.7985],[-60.4206,55.6411,0.0],[-60.415,55.6367,0.9067],[-60.4028,55.6339,6.2466],[-60.3944,55.6387,0.0],[-60.3961,55.6431,10.8362]]],
[[[-60.4444,55.6545,1.6691],[-60.45,55.6553,2.6784],[-60.4517,55.6542,0.0],[-60.4467,55.6511,0.4544],[-60.4422,55.6519,8.5517],[-60.4428,55.6497,3.4617],[-60.44,55.6483,6.8704],[-60.4411,55.6472,0.1901],[-60.4394,55.6461,0.3139],[-60.425,55.6525,1.8866],[-60.4334,55.6523,2.2238],[-60.4444,55.6545,1.6691]]],
[[[-60.6089,55.6628,1.874],[-60.6072,55.6625,0.2853],[-60.6067,55.6645,1.8959],[-60.618899999999996,55.6692,1.1765],[-60.62,55.6664,6.0805],[-60.625,55.6655,0.5807],[-60.6299,55.6619,2.9829],[-60.6344,55.6542,1.0622],[-60.6322,55.6528,0.3978],[-60.6272,55.6533,0.0],[-60.6128,55.6625,3.7344],[-60.6089,55.6628,1.874]]],
[[[-60.3422,55.6523,0.0],[-60.3447,55.6539,0.0],[-60.3508,55.654,0.0],[-60.3589,55.65,20.1935],[-60.3656,55.6497,0.0],[-60.3678,55.6467,9.0549],[-60.3667,55.6419,6.9663],[-60.3683,55.6387,7.5358],[-60.3733,55.6386,4.5435],[-60.375,55.6369,2.2621],[-60.3739,55.6356,2.2621],[-60.37,55.6369,0.0],[-60.3661,55.6361,1.5385],[-60.365,55.6331,0.0215],[-60.3661,55.6295,0.7736],[-60.3584,55.6241,10.411],[-60.3539,55.6233,0.0],[-60.3378,55.6269,0.0],[-60.3383,55.6283,5.1869],[-60.3361,55.6292,0.0],[-60.3366,55.6397,3.6773],[-60.33,55.6428,11.1564],[-60.3289,55.6478,1.9729],[-60.3306,55.6483,8.4968],[-60.33,55.6506,4.2299],[-60.3316,55.6515,4.2299],[-60.3328,55.6497,5.9874],[-60.335,55.6497,4.2687],[-60.3422,55.6523,0.0]]],
[[[-60.3094,55.6378,0.2528],[-60.3078,55.6411,7.1656],[-60.3089,55.6442,0.7952],[-60.3106,55.6436,5.2956],[-60.3117,55.64,5.6543],[-60.3139,55.6395,3.6198],[-60.3139,55.6383,0.0],[-60.3094,55.6378,0.2528]]],
[[[-60.3183,55.6781,9.6679],[-60.3277,55.6795,1.9224],[-60.3364,55.675,3.8143],[-60.3376,55.6725,7.1462],[-60.3366,55.6683,13.2533],[-60.3427,55.6661,0.0],[-60.3389,55.6595,2.7291],[-60.34,55.6567,0.0],[-60.335,55.6569,0.0],[-60.3306,55.6592,12.5694],[-60.3306,55.6617,33.909],[-60.3272,55.6661,0.4875],[-60.3328,55.6669,9.5064],[-60.325,55.6706,0.4421],[-60.3249,55.6723,4.0401],[-60.3189,55.6708,1.4496],[-60.3161,55.6717,1.8871],[-60.3155,55.6725,0.0],[-60.3183,55.6731,5.4505],[-60.3172,55.6753,0.0],[-60.3183,55.6781,9.6679]]],
[[[-60.2989,55.6665,0.0],[-60.2967,55.6672,0.3943],[-60.2989,55.6681,0.3943],[-60.2983,55.6703,0.0],[-60.3,55.6708,1.9462],[-60.3017,55.6683,1.298],[-60.2989,55.6665,0.0]]],
[[[-60.5889,55.7114,2.5497],[-60.59,55.7114,2.5497],[-60.5906,55.7089,1.1811],[-60.5883,55.7089,1.1811],[-60.5889,55.7114,2.5497]]],
[[[-60.5917,55.7275,1.5115],[-60.5939,55.7272,0.7825],[-60.5928,55.7242,1.4003],[-60.5906,55.725,0.0],[-60.5917,55.7275,1.5115]]],
[[[-60.9094,55.7347,6.1453],[-60.915,55.7363,6.7086],[-60.9144,55.7336,0.0],[-60.9028,55.7331,0.0],[-60.9049,55.7355,0.0],[-60.9094,55.7347,6.1453]]],
[[[-60.9416,55.7369,0.3121],[-60.9394,55.7386,0.8065],[-60.9411,55.7401,5.9729],[-60.9589,55.7392,1.4646],[-60.9505,55.7351,1.0155],[-60.9483,55.7367,4.044],[-60.9416,55.7369,0.3121]]],
[[[-60.9628,55.7394,2.1727],[-60.9594,55.7394,1.4646],[-60.9595,55.74,1.4646],[-60.9644,55.7408,3.4179],[-60.9628,55.7394,2.1727]]],
[[[-60.8394,55.7553,0.0],[-60.8361,55.7547,0.0],[-60.8334,55.7578,0.0],[-60.8356,55.7583,2.5786],[-60.8394,55.7553,0.0]]],
[[[-60.7256,55.7614,0.4351],[-60.7256,55.7606,0.4351],[-60.7211,55.7611,1.832],[-60.722,55.7621,1.308],[-60.7256,55.7614,0.4351]]],
[[[-60.7506,55.7769,0.0],[-60.7506,55.7756,0.0],[-60.7467,55.7758,0.8425],[-60.7483,55.7783,4.089],[-60.7506,55.7769,0.0]]],
[[[-60.1436,55.499,2.7692],[-60.1458,55.5023,3.6049],[-60.1497,55.5035,18.8478],[-60.1552,55.5027,0.0],[-60.1585,55.5002,12.869],[-60.158,55.4988,12.869],[-60.1608,55.4977,7.1117],[-60.1608,55.4907,15.5331],[-60.1621,55.4889,1.9567],[-60.1597,55.4905,15.5331],[-60.1552,55.4899,0.2113],[-60.1553,55.4882,0.0],[-60.1462,55.4865,2.1346],[-60.1469,55.4882,4.2328],[-60.1506,55.4879,2.8318],[-60.1513,55.4891,4.7028],[-60.1463,55.4913,2.7121],[-60.1398,55.4911,0.9365],[-60.1386,55.4932,3.8544],[-60.1386,55.4955,2.1],[-60.1447,55.4985,24.5061],[-60.1436,55.499,2.7692]]],
[[[-60.1239,55.5053,4.9367],[-60.1239,55.5028,1.5925],[-60.1217,55.5022,2.7668],[-60.12,55.5036,0.0],[-60.12,55.5053,0.0],[-60.1239,55.5053,4.9367]]],
[[[-60.1642,55.5062,3.4272],[-60.1656,55.5083,5.3846],[-60.1722,55.5108,0.3954],[-60.1756,55.5094,11.798],[-60.17,55.5061,4.0226],[-60.1706,55.5033,0.0],[-60.1664,55.5034,0.0],[-60.1642,55.5062,3.4272]]],
[[[-60.1589,55.5128,0.0],[-60.1656,55.5156,0.2178],[-60.1667,55.5139,2.779],[-60.1656,55.5122,1.1869],[-60.1672,55.5115,2.6973],[-60.1656,55.5092,0.0],[-60.1618,55.51,1.6189],[-60.1578,55.5086,0.0],[-60.1567,55.5097,0.3316],[-60.1589,55.5128,0.0]]],
[[[-60.1861,55.5061,2.5277],[-60.1839,55.5053,0.3694],[-60.1828,55.5067,0.0],[-60.1883,55.5111,4.4875],[-60.193,55.5073,11.3477],[-60.1883,55.5058,1.2704],[-60.1861,55.5061,2.5277]]],
[[[-60.1789,55.53,5.5574],[-60.1872,55.5314,2.9721],[-60.1867,55.5286,3.4464],[-60.1889,55.5281,1.1127],[-60.1843,55.5269,7.0232],[-60.1866,55.5247,3.4189],[-60.1861,55.5233,9.6302],[-60.1901,55.5205,0.0],[-60.1861,55.5183,0.0],[-60.1816,55.5203,0.0],[-60.1744,55.5203,0.0],[-60.1722,55.5244,0.0],[-60.1825,55.5245,14.4983],[-60.1728,55.5253,0.0],[-60.1717,55.5292,0.5364],[-60.1755,55.5299,11.4866],[-60.1743,55.5314,1.7405],[-60.18,55.5309,0.5247],[-60.1789,55.53,5.5574]]],
[[[-60.2411,55.5513,6.3653],[-60.2439,55.5545,2.2281],[-60.2466,55.5541,1.5654],[-60.2524,55.5469,10.7015],[-60.2511,55.5442,2.2815],[-60.2422,55.5431,6.2523],[-60.2408,55.5414,8.4535],[-60.25,55.5378,3.2851],[-60.257,55.5374,4.1773],[-60.2598,55.533,8.7267],[-60.2594,55.531,1.592],[-60.2564,55.5318,2.5041],[-60.2486,55.5298,4.2974],[-60.2467,55.5286,4.1854],[-60.2467,55.5264,2.2668],[-60.2433,55.5253,0.0],[-60.2406,55.5253,0.0],[-60.2411,55.5286,0.0],[-60.2356,55.5306,3.6928],[-60.235,55.5328,0.0],[-60.2383,55.5367,15.6257],[-60.2361,55.5383,0.5221],[-60.2389,55.5428,2.7074],[-60.2422,55.5445,1.0054],[-60.2356,55.5508,3.3966],[-60.2411,55.5513,6.3653]]],
[[[-60.1805,55.5411,8.4982],[-60.1795,55.5455,0.0],[-60.1813,55.547,11.3082],[-60.1867,55.5442,2.699],[-60.1894,55.5459,0.0],[-60.1917,55.5453,0.0],[-60.1883,55.54,0.0],[-60.1756,55.5359,0.0],[-60.1793,55.5386,1.0619],[-60.1778,55.5397,7.4029],[-60.1805,55.5411,8.4982]]],
[[[-60.1375,55.5288,0.7646],[-60.1388,55.5274,1.5737],[-60.1363,55.5273,0.0],[-60.1362,55.5284,0.0],[-60.1375,55.5288,0.7646]]],
[[[-60.1483,55.5308,0.0],[-60.1439,55.5333,2.2521],[-60.1497,55.5343,3.6741],[-60.1558,55.5322,0.0],[-60.1522,55.5297,0.0],[-60.1483,55.5308,0.0]]],
[[[-60.1633,55.5325,3.0617],[-60.1678,55.5333,0.0],[-60.1667,55.5325,5.3743],[-60.1683,55.5319,0.0],[-60.165,55.5308,1.0366],[-60.1633,55.5325,3.0617]]],
[[[-60.1439,55.5417,0.0],[-60.1406,55.5433,0.0],[-60.145,55.5431,0.0],[-60.1456,55.5417,0.0],[-60.1439,55.5417,0.0]]],
[[[-60.1859,55.55,0.6967],[-60.185,55.5472,2.2658],[-60.1817,55.5492,0.8017],[-60.1833,55.5508,0.0],[-60.1859,55.55,0.6967]]],
[[[-60.203,55.5752,0.0],[-60.1994,55.5736,0.0],[-60.1994,55.5767,2.8333],[-60.2022,55.5781,6.5994],[-60.203,55.5752,0.0]]],
[[[-60.2079,55.5787,0.0],[-60.2027,55.5787,0.4443],[-60.2016,55.5809,0.0],[-60.2065,55.5821,0.0],[-60.2097,55.5802,6.8492],[-60.2079,55.5787,0.0]]],
[[[-60.2667,55.6478,5.2764],[-60.2672,55.6458,3.4307],[-60.2656,55.6453,0.0],[-60.2616,55.6481,2.2693],[-60.2654,55.6501,2.2087],[-60.2667,55.6478,5.2764]]],
[[[-59.9012,55.5461,11.8035],[-59.9034,55.5479,0.8994],[-59.9079,55.5476,0.9001],[-59.8994,55.544,8.0942],[-59.8954,55.5441,0.1601],[-59.893,55.5464,0.0],[-59.9011,55.5477,0.8994],[-59.9012,55.5461,11.8035]]],
[[[-59.8946,55.5595,0.0],[-59.8971,55.5597,6.3616],[-59.8959,55.5628,1.1322],[-59.8989,55.5671,0.0],[-59.9065,55.5651,1.1339],[-59.9038,55.5611,21.3994],[-59.9078,55.5603,1.3707],[-59.9074,55.5581,0.0],[-59.9005,55.5569,0.0],[-59.8965,55.5573,2.811],[-59.8939,55.5586,0.0],[-59.8946,55.5595,0.0]]],
[[[-59.8954,55.8227,0.2093],[-59.9031,55.826,-0.1679],[-59.9098,55.8236,7.646],[-59.9144,55.8263,0.0],[-59.9217,55.8248,0.0],[-59.9196,55.8215,0.0],[-59.9113,55.8203,0.0],[-59.8979,55.8203,0.0],[-59.8954,55.8227,0.2093]]],
[[[-59.9593,55.8469,1.0829],[-59.955,55.8446,0.0],[-59.9598,55.8492,2.7313],[-59.9609,55.8487,8.1584],[-59.9593,55.8469,1.0829]]],
[[[-59.9567,55.8481,1.6403],[-59.9508,55.8457,0.8064],[-59.946,55.85,11.5551],[-59.9533,55.8521,0.0],[-59.9578,55.8496,2.7313],[-59.9567,55.8481,1.6403]]],
[[[-59.9449,55.8518,0.0],[-59.9477,55.8548,1.4755],[-59.9498,55.8536,0.0],[-59.9456,55.8511,2.9685],[-59.9449,55.8518,0.0]]],
[[[-60.04,55.5697,0.5347],[-60.0411,55.5719,0.335],[-60.0428,55.5714,0.335],[-60.0411,55.5689,0.5347],[-60.04,55.5697,0.5347]]],
[[[-60.035,55.6439,1.4676],[-60.0391,55.6455,0.0],[-60.0439,55.6414,10.7426],[-60.04,55.6392,0.1759],[-60.0356,55.6408,0.0],[-60.0339,55.6433,2.2657],[-60.035,55.6439,1.4676]]],
[[[-60.0972,55.6997,0.0],[-60.0961,55.6997,0.0],[-60.0945,55.7009,0.0],[-60.0989,55.7011,0.4347],[-60.0972,55.6997,0.0]]],
[[[-60.0185,55.626,4.5583],[-60.0188,55.6271,0.0],[-60.0218,55.626,0.7385],[-60.0207,55.6255,4.5583],[-60.0185,55.626,4.5583]]],
[[[-60.0169,55.6306,0.0],[-60.018,55.6308,0.0],[-60.0205,55.6289,6.2941],[-60.0178,55.6289,6.2941],[-60.0169,55.6306,0.0]]],
[[[-59.9994,55.6389,3.9717],[-60.0039,55.6377,6.0928],[-60.0031,55.6417,5.7242],[-60.0044,55.6433,1.0205],[-60.0078,55.6403,4.6876],[-60.0078,55.6361,5.886],[-60.006,55.6351,0.0],[-60.0038,55.6366,5.7337],[-59.9956,55.6369,0.0],[-59.9884,55.6414,3.8284],[-59.9933,55.6423,0.0],[-59.9994,55.6389,3.9717]]],
[[[-59.9628,55.8443,1.8599],[-59.9616,55.8433,0.0],[-59.9594,55.8453,1.5293],[-59.9629,55.8487,6.5426],[-59.9657,55.8479,9.0825],[-59.9662,55.8472,0.0],[-59.9628,55.8443,1.8599]]],
[[[-60.334,55.7252,0.0],[-60.3355,55.7245,2.7431],[-60.3351,55.7235,0.0],[-60.3326,55.7248,0.0],[-60.334,55.7252,0.0]]],
[[[-60.3159,55.7233,0.0],[-60.31,55.7197,0.0],[-60.3006,55.7253,0.0],[-60.2989,55.7295,0.0],[-60.3117,55.7344,1.4794],[-60.314,55.7317,5.3376],[-60.3137,55.7281,4.3493],[-60.3162,55.7256,0.9903],[-60.3159,55.7233,0.0]]],
[[[-60.2906,55.7669,0.0],[-60.292,55.7685,7.1577],[-60.2999,55.7671,1.7717],[-60.3088,55.7735,4.3258],[-60.3179,55.7676,2.0852],[-60.3218,55.7683,2.99],[-60.3236,55.7638,37.6776],[-60.3222,55.7569,0.0],[-60.3205,55.7567,0.0],[-60.32,55.7511,0.0],[-60.3236,55.7449,33.7591],[-60.328,55.7421,0.0],[-60.3273,55.7407,7.7402],[-60.3233,55.7409,17.7627],[-60.3161,55.7383,0.0],[-60.3083,55.7408,28.179],[-60.3044,55.7406,3.4708],[-60.3028,55.7433,0.4697],[-60.2961,55.7433,0.0],[-60.2944,55.7458,0.0],[-60.2967,55.7467,11.3539],[-60.2961,55.7478,8.5501],[-60.2917,55.7475,1.982],[-60.2833,55.75,0.4783],[-60.2844,55.7517,7.0647],[-60.2833,55.7519,7.0647],[-60.28,55.75,0.8694],[-60.2733,55.7497,0.0],[-60.2683,55.7539,29.8254],[-60.2689,55.7581,13.3985],[-60.2666,55.7597,1.4148],[-60.2802,55.7611,3.3887],[-60.2827,55.7585,32.7828],[-60.2853,55.7623,1.1146],[-60.2917,55.7613,8.4225],[-60.2927,55.7645,0.0],[-60.2906,55.7669,0.0]]],
[[[-60.2901,55.7735,1.9901],[-60.2915,55.7741,0.0],[-60.2933,55.7717,1.108],[-60.2928,55.77,0.0],[-60.29,55.7706,0.0],[-60.2901,55.7735,1.9901]]],
[[[-60.2912,55.7466,1.4492],[-60.2917,55.7456,1.4492],[-60.2889,55.745,0.0],[-60.2856,55.7475,3.6146],[-60.2876,55.7479,3.6146],[-60.2912,55.7466,1.4492]]],
[[[-60.2706,55.7645,13.7216],[-60.2694,55.7653,0.0],[-60.275,55.7665,13.7634],[-60.279,55.7639,0.0],[-60.2789,55.7622,2.4571],[-60.2733,55.7614,2.6997],[-60.2706,55.7645,13.7216]]],
[[[-60.274,55.8248,0.0],[-60.2733,55.8278,1.1033],[-60.2761,55.8277,1.1033],[-60.2777,55.8249,2.8016],[-60.2744,55.8242,0.0],[-60.274,55.8248,0.0]]],
[[[-60.5945,55.7792,5.2041],[-60.595,55.7781,5.6198],[-60.5931,55.7773,6.9309],[-60.5906,55.7789,0.0],[-60.595,55.7797,5.2041],[-60.5945,55.7792,5.2041]]],
[[[-60.5906,55.7842,1.0109],[-60.5933,55.7814,0.0],[-60.5906,55.7823,0.0],[-60.5894,55.7847,1.0109],[-60.5906,55.7842,1.0109]]],
[[[-60.73,55.8058,1.8468],[-60.7267,55.806399999999996,0.0],[-60.7267,55.8078,1.0792],[-60.7305,55.8067,1.8468],[-60.73,55.8058,1.8468]]],
[[[-60.7372,55.8145,0.5721],[-60.74,55.8131,0.6337],[-60.7372,55.8125,0.0],[-60.7361,55.8136,0.0],[-60.7372,55.8145,0.5721]]],
[[[-60.2983,55.7792,0.0],[-60.2944,55.78,0.0],[-60.295,55.7819,9.0489],[-60.2915,55.7849,3.2461],[-60.2944,55.7856,0.0],[-60.3015,55.7833,0.0],[-60.3005,55.7785,2.5029],[-60.2983,55.7775,0.0],[-60.2983,55.7792,0.0]]],
[[[-60.3439,55.7889,4.4886],[-60.3411,55.7897,3.9256],[-60.3411,55.7906,1.6692],[-60.3442,55.7906,0.0],[-60.3439,55.7889,4.4886]]],
[[[-60.3811,55.7981,1.3809],[-60.3749,55.8019,1.0396],[-60.3755,55.8032,20.3398],[-60.3782,55.8046,4.1612],[-60.3994,55.8,8.7482],[-60.4018,55.7984,2.8625],[-60.4024,55.7941,5.2266],[-60.3971,55.79,0.8987],[-60.3844,55.7923,13.5705],[-60.3723,55.7923,1.0845],[-60.3794,55.7933,8.1662],[-60.379,55.7954,7.1235],[-60.3811,55.7981,1.3809]]],
[[[-60.3312,55.8445,20.158],[-60.3333,55.8478,0.0],[-60.3378,55.8487,17.644],[-60.3406,55.8478,0.0],[-60.341,55.8422,1.4966],[-60.3464,55.8437,3.6387],[-60.3506,55.8408,12.0106],[-60.3522,55.8458,2.0816],[-60.3567,55.8447,0.6759],[-60.3561,55.8403,5.5641],[-60.3594,55.8387,2.3581],[-60.3561,55.8373,4.7957],[-60.3567,55.8353,0.0648],[-60.3528,55.8355,5.5928],[-60.351,55.834,5.6645],[-60.3514,55.8323,2.7286],[-60.3562,55.832,13.1564],[-60.3599,55.8285,2.5492],[-60.3555,55.8261,0.9327],[-60.353,55.8229,1.7642],[-60.3535,55.8205,2.3303],[-60.365,55.8189,0.0],[-60.37,55.8127,20.13],[-60.3722,55.8156,1.7268],[-60.37,55.8214,0.0],[-60.3711,55.8239,3.1761],[-60.38,55.8239,0.0],[-60.3861,55.8273,0.0],[-60.385,55.8197,7.9972],[-60.3878,55.815,0.0],[-60.3867,55.8145,7.1975],[-60.3907,55.8104,3.7797],[-60.3889,55.8067,2.0752],[-60.3839,55.8072,6.37],[-60.3817,55.8084,4.6463],[-60.3833,55.8094,4.3745],[-60.3815,55.81,4.3745],[-60.3761,55.8089,5.8681],[-60.3733,55.8072,4.2056],[-60.3709,55.7972,20.2902],[-60.3611,55.7928,2.6392],[-60.3594,55.7903,0.0],[-60.3572,55.7914,1.0719],[-60.3511,55.7905,4.1452],[-60.3483,55.7953,0.0],[-60.3428,55.7975,39.1782],[-60.3288,55.7881,0.0],[-60.3006,55.7917,0.0],[-60.3012,55.7936,9.04],[-60.3043,55.7937,19.3545],[-60.3067,55.7978,10.3269],[-60.3056,55.7987,10.3269],[-60.2933,55.7953,0.0],[-60.29,55.805,0.0],[-60.2944,55.8067,2.6557],[-60.3011,55.8061,4.9026],[-60.3006,55.8077,0.0],[-60.3038,55.8132,10.2262],[-60.3105,55.8139,0.0],[-60.3056,55.8187,4.0626],[-60.3056,55.8208,21.5332],[-60.312,55.8256,0.969],[-60.3118,55.8283,3.5359],[-60.3224,55.8294,0.0],[-60.3222,55.833,0.0],[-60.325,55.8337,3.9765],[-60.3265,55.8304,11.9786],[-60.3367,55.8295,4.1405],[-60.3378,55.8261,3.1509],[-60.3406,55.8269,2.6135],[-60.3378,55.8297,4.1405],[-60.3394,55.8311,8.5228],[-60.3383,55.8328,6.3597],[-60.3422,55.8356,1.8892],[-60.3388,55.8395,3.7499],[-60.3333,55.8378,0.6457],[-60.33,55.8387,0.6457],[-60.3272,55.8378,8.5301],[-60.3272,55.8361,0.8127],[-60.325,55.8361,0.0],[-60.3122,55.8411,0.0],[-60.3135,55.8434,20.594],[-60.32,55.8451,18.1489],[-60.3312,55.8445,20.158]]],
[[[-60.4121,55.8173,3.2802],[-60.4106,55.8186,3.2802],[-60.4206,55.8178,7.6376],[-60.4234,55.8192,0.0],[-60.425,55.8156,0.0],[-60.4161,55.8153,18.0724],[-60.4204,55.814,2.215],[-60.4206,55.8092,0.0],[-60.4044,55.8114,0.0288],[-60.4067,55.8136,12.0447],[-60.4096,55.8133,16.9955],[-60.4072,55.8153,0.0],[-60.4128,55.8164,9.4807],[-60.4121,55.8173,3.2802]]],
[[[-60.4113,55.8285,2.4766],[-60.4072,55.8294,0.5106],[-60.4072,55.8319,0.0],[-60.4133,55.8328,1.4873],[-60.4229,55.829,0.0],[-60.4228,55.8278,0.0],[-60.4178,55.8264,0.0],[-60.4113,55.8285,2.4766]]],
[[[-60.3794,55.8419,0.0],[-60.3828,55.8439,0.0],[-60.3806,55.8456,0.0],[-60.3829,55.848,0.0],[-60.3916,55.8495,3.1651],[-60.4024,55.8431,5.9488],[-60.3961,55.8383,11.4014],[-60.4122,55.8408,0.0],[-60.4144,55.8395,1.0879],[-60.4128,55.8369,3.2368],[-60.4183,55.8356,2.1949],[-60.4158,55.8339,3.7336],[-60.4111,55.8353,1.593],[-60.4089,55.835,4.8132],[-60.4083,55.8333,1.084],[-60.4028,55.8333,0.0],[-60.3933,55.8361,7.9288],[-60.385,55.8333,0.0],[-60.3783,55.8333,0.0],[-60.3767,55.8339,2.2978],[-60.375,55.8394,0.0],[-60.3806,55.84,7.2265],[-60.3794,55.8419,0.0]]],
[[[-60.6161,55.8547,1.809],[-60.62,55.8556,0.2595],[-60.6195,55.8572,2.0057],[-60.6211,55.8581,4.0146],[-60.6339,55.8472,0.8885],[-60.6331,55.8459,0.861],[-60.6226,55.8459,8.6893],[-60.6184,55.8486,4.9273],[-60.615,55.8486,0.0],[-60.6183,55.8502,6.8823],[-60.6187,55.852,6.8664],[-60.6161,55.8547,1.809]]],
[[[-60.3147,55.8309,5.5448],[-60.3126,55.8295,1.7396],[-60.3111,55.8307,0.0],[-60.3122,55.8315,4.7526],[-60.3147,55.8309,5.5448]]],
[[[-60.375,55.8508,7.8074],[-60.37,55.8511,1.5905],[-60.368899999999996,55.8531,0.0],[-60.3739,55.8545,2.1355],[-60.3761,55.8519,0.0],[-60.375,55.8508,7.8074]]],
[[[-60.3538,55.8625,3.4229],[-60.3606,55.8628,7.6312],[-60.3594,55.8536,0.0],[-60.3556,55.8544,1.978],[-60.355,55.8563,18.5914],[-60.3511,55.8567,0.0],[-60.3502,55.8607,0.9504],[-60.3538,55.8625,3.4229]]],
[[[-60.585,55.8659,0.0],[-60.5873,55.868899999999996,0.0],[-60.5967,55.8678,3.7378999999999998],[-60.5972,55.8664,4.3119],[-60.5942,55.8651,10.674],[-60.5978,55.8625,0.0],[-60.5961,55.8608,2.9624],[-60.5917,55.8608,2.8771],[-60.585,55.8659,0.0]]],
[[[-60.4694,55.8795,4.2693],[-60.4688,55.8808,2.2776],[-60.4706,55.8819,23.5916],[-60.4767,55.8825,0.6736],[-60.4794,55.8792,1.8074],[-60.4772,55.8744,1.7678],[-60.4728,55.8742,0.0],[-60.4694,55.8775,0.7902],[-60.4694,55.8795,4.2693]]],
[[[-60.5872,55.8755,1.304],[-60.575,55.8791,13.9485],[-60.5724,55.8829,0.0],[-60.5806,55.8814,21.6815],[-60.5884,55.877,1.304],[-60.5872,55.8755,1.304]]],
[[[-60.4844,55.8903,0.0],[-60.4833,55.8892,0.0],[-60.4805,55.8897,0.0],[-60.4822,55.8914,3.9496],[-60.4844,55.8903,0.0]]],
[[[-60.5825,55.8899,0.0],[-60.5805,55.8911,0.0],[-60.5805,55.8923,0.0],[-60.583,55.8923,2.5431],[-60.5822,55.8944,0.5646],[-60.5897,55.893,6.5057],[-60.5885,55.8892,2.4933],[-60.5825,55.8899,0.0]]],
[[[-60.4833,55.895,6.0621],[-60.4861,55.8956,0.0],[-60.4917,55.8903,0.0],[-60.4894,55.8889,5.9634],[-60.4866,55.8895,2.0139],[-60.4838,55.892,1.0365],[-60.4833,55.895,6.0621]]],
[[[-60.5569,55.8991,10.6263],[-60.5544,55.9006,0.9779],[-60.5614,55.9018,13.9179],[-60.565,55.9006,2.2945],[-60.564,55.8969,0.0],[-60.5617,55.8964,0.0],[-60.5569,55.8991,10.6263]]]]}}