{"type":"Feature","properties":{"ISO3166-1-Alpha-3":"CAN","country":"Canada","fill":"#00F","id":"635","name":"Northwest Territories"},
"geometry":{"type": "MultiPolygon","coordinates": [[[[-136.06684,69.12853,0.3606],[-136.14547,69.16138,0.0],[-136.21194,69.17931,0.0],[-136.24774,69.17172,0.0],[-136.22332,69.15687,-0.1097],[-136.18074,69.13355,0.6526],[-136.17731,69.11649,0.0],[-136.22531,69.1206,0.7513],[-136.22191,69.10568,0.0],[-136.16759,69.08667,0.0],[-136.11962,69.07934,0.3646],[-136.08698,69.09009,0.3215],[-136.03907,69.08701,0.5005],[-136.00627,69.09028,0.5278],[-136.02153,69.10837,0.2518],[-136.06684,69.12853,0.3606]]],
[[[-135.5216,69.40742,0.0],[-135.55167,69.40713,0.0],[-135.56676,69.38605,1.285],[-135.37279,69.3437,5.4138],[-135.34496,69.33283,-1.1174],[-135.30761,69.30915,0.7942],[-135.29157,69.3159,0.7387],[-135.27819,69.33153,0.4627],[-135.27257,69.34882,0.0],[-135.281,69.36176,0.0],[-135.32624,69.35497,0.0],[-135.3483,69.35936,21.9113],[-135.34069,69.36347,17.9494],[-135.32095,69.37987,1.1164],[-135.35338,69.39704,0.0],[-135.38915,69.40005,0.9431],[-135.46093,69.39354,0.4147],[-135.5216,69.40742,0.0]]],
[[[-135.70595,69.50875,0.0],[-135.78794,69.50584,5.9966],[-135.84109,69.49574,0.0],[-135.84093,69.48138,0.0],[-135.76724,69.48145,0.0],[-135.70987,69.47429,0.0],[-135.63616,69.45133,0.0],[-135.59524,69.44842,0.316],[-135.59118,69.4671,0.0],[-135.70595,69.50875,0.0]]],
[[[-133.85582,69.6079,0.0],[-133.85875,69.61249,0.0],[-133.86018,69.61717,0.0],[-133.86115,69.61945,0.0],[-133.88736,69.62637,0.0],[-133.90144,69.6269,0.0],[-133.97842,69.60346,0.0],[-133.99828,69.59357,0.0],[-134.01134,69.59211,0.0],[-134.01696,69.58588,0.0],[-134.0183,69.58251,0.0],[-134.01818,69.57787,0.0],[-133.94986,69.5642,35.8833],[-133.92878,69.56489,0.0],[-133.88834,69.57197,0.0],[-133.92943,69.57787,5.6845],[-133.92943,69.58535,14.2172],[-133.83043,69.59349,0.0],[-133.81273,69.60578,0.0],[-133.85058,69.60578,0.0],[-133.85582,69.6079,0.0]]],
[[[-135.51797,69.57225,16.4094],[-135.48888,69.57925,2.5051],[-135.46443,69.59211,5.1556],[-135.41169,69.64232,0.0],[-135.40294,69.6542,0.0],[-135.47322,69.65339,0.0],[-135.51098,69.64838,0.0],[-135.53637,69.63687,0.0],[-135.58104,69.60928,0.0],[-135.59288,69.59365,0.0],[-135.57421,69.57787,0.1317],[-135.54772,69.57168,0.3038],[-135.51797,69.57225,16.4094]]],
[[[-124.9862,70.15522,0.0],[-124.97826,70.16136,0.0],[-124.96923,70.16559,0.0],[-124.95922,70.16755,0.0],[-124.9781,70.17072,0.0],[-125.08458,70.16486,0.0],[-125.10497,70.15705,0.0],[-125.12011,70.14419,17.5395],[-125.12369,70.12661,24.2106],[-125.10534,70.12181,0.0],[-125.08576,70.11957,2.2064],[-125.06615,70.12079,0.0],[-125.04796,70.12661,0.0],[-125.09634,70.1402,34.054],[-125.06778,70.14667,8.8399],[-125.0078,70.13618,0.0],[-124.98648,70.14704,7.1625],[-124.99275,70.14704,24.584],[-124.9862,70.15522,0.0]]],
[[[-112.97643,70.28384,0.0],[-112.96109,70.28555,0.0],[-112.9464,70.29043,0.0],[-112.97688,70.30166,2.851],[-113.0563,70.31135,13.5246],[-113.16552,70.31216,0.0],[-113.17614,70.30927,3.5686],[-113.1844,70.30317,0.0],[-113.19359,70.29804,0.0],[-113.2071,70.29784,0.0],[-113.1634,70.28343,0.0],[-112.97643,70.28384,0.0]]],
[[[-111.6715,70.31216,0.0],[-111.88077,70.31769,0.0],[-111.95271,70.32514,10.5621],[-112.09455,70.35419,0.0],[-112.28677,70.36896,0.0],[-112.31176,70.36628,0.0],[-112.32262,70.35619,0.0],[-112.31151,70.34691,0.0],[-112.10847,70.30093,0.0],[-111.6715,70.31216,0.0]]],
[[[-116.58629,70.48517,13.4224],[-116.61091,70.49335,2.315],[-116.66405,70.49706,19.3462],[-116.79092,70.51073,0.0],[-116.83194,70.51073,0.0],[-116.81517,70.49372,0.0],[-116.78576,70.48322,0.0],[-116.75292,70.47801,0.0],[-116.60668,70.47871,16.7606],[-116.5712,70.46979,0.0],[-116.58629,70.48517,13.4224]]],
[[[-116.24767,70.53339,0.9557],[-116.22863,70.53807,9.802],[-116.1256,70.53807,4.9617],[-116.15665,70.54853,23.8839],[-116.26342,70.5517,16.4023],[-116.29747,70.55463,15.041],[-116.35265,70.53339,0.0],[-116.38317,70.53465,0.0],[-116.41316,70.5419,0.0],[-116.44347,70.54316,0.0],[-116.47183,70.53734,15.7944],[-116.49616,70.52383,0.0],[-116.47566,70.51435,0.0],[-116.45311,70.51195,0.0],[-116.35424,70.51976,6.9433],[-116.30065,70.51765,0.0],[-116.28254,70.52033,1.1872],[-116.24767,70.53339,0.9557]]],
[[[-116.54361,70.56586,0.0],[-116.61046,70.57103,17.3056],[-116.68,70.56818,0.0],[-116.72208,70.55854,4.7732],[-116.73632,70.55939,13.0775],[-116.7504,70.55842,0.0],[-116.77733,70.5517,0.0],[-116.74446,70.54243,11.0781],[-116.54064,70.54369,43.4436],[-116.50976,70.5517,14.3645],[-116.54361,70.56586,0.0]]],
[[[-115.87922,70.54621,0.0],[-115.82429,70.56196,0.0],[-115.81579,70.57368,14.2257],[-115.83479,70.58161,0.0],[-115.86392,70.5847,0.0],[-115.88598,70.58218,6.0682],[-115.90958,70.57477,36.8407],[-115.98908,70.56538,1.9737],[-116.00699,70.55903,18.2324],[-116.06412,70.5517,0.0],[-115.94213,70.5423,0.0],[-115.87922,70.54621,0.0]]],
[[[-116.87975,70.5517,12.8257],[-116.91755,70.56647,0.0],[-117.05724,70.5716,0.0],[-117.21548,70.59272,13.3204],[-117.23974,70.59272,0.0],[-117.30427,70.5716,0.0],[-117.27579,70.55028,45.6318],[-117.22199,70.54312,9.5603],[-117.00259,70.5517,71.7999],[-116.90831,70.54316,0.0],[-116.87975,70.5517,12.8257]]],
[[[-127.44518,70.40591,0.0],[-127.69839,70.50019,0.0],[-127.92829,70.56708,0.0],[-127.96597,70.58686,0.0],[-127.97851,70.59077,0.0],[-127.99153,70.59292,0.0],[-128.00182,70.59272,0.0],[-128.00764,70.58979,0.0],[-128.00821,70.58588,0.0],[-128.00748,70.58194,0.0],[-128.00927,70.57905,0.0],[-128.07698,70.55854,0.0],[-128.11852,70.53608,0.0],[-128.16344,70.49551,0.0],[-128.19591,70.44697,0.0],[-128.20051,70.40086,7.1743],[-128.17821,70.37995,3.1579],[-128.14074,70.37466,4.2225],[-128.0633,70.37979,3.3731],[-127.94221,70.40184,6.2826],[-127.90624,70.39411,6.5408],[-127.92829,70.38573,6.2378],[-127.9584,70.34821,0.0],[-127.98078,70.34943,0.0],[-128.00658,70.35761,0.0],[-128.08312,70.36758,1.4144],[-128.11107,70.36677,3.8217],[-128.10314,70.35395,0.0],[-128.09284,70.34154,0.0],[-128.0799,70.33145,4.0082],[-128.06387,70.32514,5.6749],[-128.06054,70.30638,4.3464],[-128.03238,70.29369,6.8314],[-127.87222,70.2718,9.9109],[-127.74315,70.26187,22.9637],[-127.58202,70.25092,1.2569],[-127.54467,70.24046,13.3602],[-127.51521,70.22211,14.2674],[-127.58682,70.2377,9.2708],[-127.81688,70.20848,0.0],[-127.88638,70.20905,0.0],[-127.92097,70.20392,0.0],[-127.99283,70.18146,0.0],[-128.11107,70.18867,0.0],[-128.12548,70.18452,0.0],[-128.1549,70.17056,0.0],[-128.16942,70.16755,0.0],[-128.20775,70.16401,0.0],[-128.2268,70.15888,0.0],[-128.24299,70.15078,0.0],[-128.26993,70.14081,0.0],[-128.33723,70.12983,0.0],[-128.36148,70.11664,0.0],[-128.37023,70.0974,23.1558],[-128.36583,70.07949,22.8777],[-128.35684,70.06293,13.8388],[-128.35192,70.04776,14.6445],[-128.34724,70.03962,13.5955],[-128.33654,70.03388,17.9312],[-128.32482,70.02924,21.9838],[-128.31713,70.02412,19.698],[-128.31347,70.01561,8.0462],[-128.31265,69.99897,5.7341],[-128.31037,69.98941,0.0],[-128.31534,69.98469,0.0],[-128.31859,69.97932,0.0],[-128.32103,69.97407,0.0],[-128.32396,69.96955,0.0],[-128.31994,69.96809,0.0],[-128.31037,69.96271,0.0],[-128.33629,69.95038,0.0],[-128.42638,69.93476,0.0],[-128.60045,69.86933,14.805],[-128.64029,69.84858,0.7321],[-128.69579,69.80939,0.0],[-128.73839,69.79409,17.0632],[-128.77831,69.76805,15.3976],[-128.80329,69.75837,0.0],[-128.82925,69.75202,0.0],[-128.9121,69.74811,0.0],[-128.94083,69.74299,0.0],[-128.96764,69.73241,0.0],[-128.97468,69.71922,14.5831],[-128.95873,69.70645,6.6087],[-128.91983,69.68773,62.6973],[-128.94152,69.68244,-1.021],[-128.96784,69.67919,1.4502],[-128.99413,69.67939,1.0659],[-129.04255,69.69294,0.6939],[-129.11905,69.69453,0.0],[-129.13907,69.69709,0.0],[-129.15364,69.70352,0.0],[-129.15856,69.71483,0.0],[-129.14045,69.74653,0.0],[-129.13683,69.75825,0.0],[-129.13532,69.76826,0.0],[-129.13272,69.77709,0.0],[-129.1737,69.83234,3.6517],[-129.114,69.84772,0.0],[-128.93285,69.8454,0.0],[-128.93773,69.85688,0.0],[-128.94298,69.86546,0.0],[-128.95767,69.88325,0.0],[-128.95792,69.89411,6.9832],[-128.944,69.9018,4.9943],[-128.91299,69.91087,0.0],[-128.89973,69.93159,0.0],[-128.89835,69.9571,0.0],[-128.89074,69.97053,0.0],[-128.85839,69.95527,0.0],[-128.88606,69.97626,0.0],[-128.92536,69.97761,0.0],[-128.96544,69.9645,0.0],[-128.99551,69.94221,0.0],[-129.01936,69.9112,24.0178],[-129.02969,69.90062,49.938],[-129.04357,69.88988,0.0],[-129.08462,69.86957,0.0],[-129.12291,69.85611,0.0],[-129.45181,69.83674,0.0],[-129.50886,69.8249,0.0],[-129.58141,69.82697,0.0],[-129.60509,69.8249,0.0],[-129.70198,69.78905,0.0],[-129.89989,69.75601,0.0],[-129.95523,69.75422,0.0],[-130.16714,69.71174,0.0],[-130.33825,69.7023,0.0],[-130.37971,69.69453,0.0],[-130.36986,69.69033,0.0],[-130.35953,69.68773,0.0],[-130.34899,69.68692,0.0],[-130.33812,69.68773,0.0],[-130.33812,69.68155,24.3052],[-130.359,69.67756,0.0],[-130.37092,69.66934,0.0],[-130.37999,69.65851,22.016],[-130.39273,69.64671,0.0],[-130.40636,69.64033,0.0],[-130.43814,69.63056,0.0],[-130.45108,69.62287,0.0],[-130.45857,69.61058,0.0],[-130.45336,69.60301,6.4246],[-130.44603,69.59593,18.208],[-130.44738,69.58535,33.2439],[-130.45739,69.57917,30.8366],[-130.49307,69.56769,0.0],[-130.50634,69.5611,0.0],[-130.53478,69.5423,0.0],[-130.75023,69.45433,0.0],[-130.67223,69.46231,0.0],[-130.6466,69.46182,0.0],[-130.66149,69.43268,0.0],[-130.68684,69.41828,0.0],[-130.75023,69.40778,0.0],[-130.76586,69.40253,0.0],[-130.79231,69.38886,0.0],[-130.81139,69.38605,0.0],[-130.82567,69.38154,0.0],[-130.82213,69.37104,0.0],[-130.80968,69.35977,1.7453],[-130.79743,69.35253,2.2696],[-130.81933,69.33853,3.1858],[-130.86986,69.32697,1.4428],[-130.94514,69.27668,0.0],[-130.95507,69.26313,0.0],[-130.95092,69.24754,9.9292],[-130.93944,69.23066,3.6765],[-130.93155,69.21369,26.3764],[-130.9383,69.19798,54.0354],[-130.95417,69.17878,7.2975],[-130.95165,69.16519,0.0],[-130.92781,69.13963,10.309],[-130.93883,69.14012,11.1729],[-130.95849,69.1457,10.6709],[-130.96874,69.14712,0.0],[-130.97558,69.14509,11.997],[-130.98375,69.14118,0.0],[-130.99291,69.13837,0.0],[-131.00284,69.13963,0.0],[-131.01187,69.14509,0.0],[-131.01716,69.152,0.0],[-131.024,69.17447,0.0],[-131.0135,69.18049,0.0],[-131.00695,69.18944,0.0],[-131.00805,69.19758,0.0],[-131.02058,69.20112,0.0],[-131.02619,69.206,11.1695],[-131.01797,69.21674,11.5937],[-130.99975,69.23212,0.0],[-130.99153,69.24779,0.0],[-130.99437,69.25934,0.0],[-130.99218,69.27098,0.0],[-130.93366,69.31061,9.6443],[-130.91857,69.32648,5.566],[-130.9073,69.34512,0.0],[-130.90046,69.36685,0.0],[-130.90087,69.38565,1.4886],[-130.91128,69.39623,0.0],[-130.93456,69.39354,0.0],[-130.95726,69.38032,0.0],[-130.98461,69.3581,0.0],[-131.00756,69.33381,0.0],[-131.01716,69.31468,6.3341],[-131.02278,69.30923,0.0],[-131.03502,69.31635,0.0],[-131.04686,69.3286,20.7911],[-131.05126,69.33893,6.7159],[-131.04214,69.352,31.6635],[-131.02668,69.3583,29.2836],[-131.00988,69.36172,24.6659],[-130.99665,69.3662,27.8877],[-130.96727,69.40062,23.9898],[-130.9619,69.40412,0.0],[-130.95763,69.41063,0.0],[-130.94823,69.41633,0.0],[-130.93883,69.4243,0.0],[-130.93456,69.43793,0.0],[-130.93505,69.45051,0.0],[-130.93643,69.45917,0.0],[-130.9464,69.49323,0.0],[-130.94823,69.50959,0.0],[-130.94713,69.52334,0.0],[-130.94494,69.53193,0.0],[-130.94774,69.53889,0.0],[-130.9619,69.5478,23.493],[-130.97887,69.55052,0.0],[-130.98607,69.54141,0.0],[-130.989,69.52928,0.0],[-130.99291,69.52326,0.0],[-130.99718,69.51838,16.7608],[-130.99071,69.50751,23.7755],[-130.97558,69.48969,27.8216],[-130.97045,69.47871,0.0],[-130.97053,69.47529,0.0],[-130.97496,69.47211,22.2047],[-131.02477,69.40229,0.0],[-131.03018,69.38296,0.0],[-131.04113,69.36685,33.7251],[-131.06697,69.34809,0.0],[-131.09667,69.33234,24.7637],[-131.11954,69.32526,32.3777],[-131.11172,69.33519,35.4707],[-131.08202,69.35594,0.0],[-131.07624,69.36481,0.0],[-131.07266,69.38203,23.1479],[-131.06835,69.3898,29.8888],[-131.05525,69.40567,25.9007],[-131.04345,69.42353,0.0],[-131.03454,69.44261,23.3177],[-131.03018,69.46182,0.0],[-131.03474,69.49995,0.0],[-131.05215,69.53095,0.0],[-131.07775,69.55634,10.7961],[-131.10652,69.57787,45.1074],[-131.09024,69.58564,0.0],[-131.08654,69.59785,0.0],[-131.09288,69.6105,0.0],[-131.10652,69.61945,21.764],[-131.1278,69.62104,17.2013],[-131.15722,69.61664,26.0257],[-131.18334,69.60688,22.0064],[-131.19469,69.59211,21.0507],[-131.18838,69.57974,0.0],[-131.17349,69.57103,24.6976],[-131.15563,69.5659,34.5357],[-131.1407,69.5642,15.5977],[-131.12841,69.55996,24.5843],[-131.1068,69.54121,0.0],[-131.09602,69.53685,0.0],[-131.08292,69.53364,0.0],[-131.07437,69.52546,0.0],[-131.06884,69.51439,0.0],[-131.06176,69.48908,35.3247],[-131.06298,69.4809,23.3787],[-131.07616,69.4527,19.5736],[-131.08056,69.44644,28.9728],[-131.08406,69.43846,26.2117],[-131.08544,69.42455,36.482],[-131.0891,69.41498,22.3673],[-131.10798,69.39118,0.0],[-131.11612,69.38296,0.0],[-131.12633,69.37523,0.0],[-131.13805,69.36978,23.7703],[-131.14664,69.37165,29.3814],[-131.14753,69.38605,22.5917],[-131.14118,69.39598,17.1219],[-131.11937,69.40949,0.0],[-131.1127,69.42084,0.0],[-131.11384,69.42821,0.0],[-131.12389,69.43818,0.0],[-131.12637,69.44473,36.0362],[-131.12536,69.45067,25.5345],[-131.12059,69.46011,0.0],[-131.1127,69.50617,0.0],[-131.11514,69.51675,14.3519],[-131.12149,69.52001,8.0275],[-131.13024,69.52066,12.52],[-131.14004,69.52326,14.3978],[-131.14599,69.52375,0.0],[-131.15294,69.52245,0.0],[-131.15876,69.52245,14.8175],[-131.16112,69.527,0.0],[-131.16153,69.52993,0.0],[-131.16275,69.5327,0.0],[-131.1647,69.5351,5.7],[-131.16735,69.53685,14.8746],[-131.19921,69.55166,13.0858],[-131.20832,69.55805,11.8434],[-131.22179,69.57587,0.0],[-131.22973,69.58259,0.0],[-131.24307,69.58535,0.0],[-131.25674,69.58242,26.2516],[-131.25544,69.57563,0.0],[-131.24816,69.56761,9.3361],[-131.23249,69.5419,0.0],[-131.16112,69.49592,29.5131],[-131.16714,69.48225,35.9143],[-131.16739,69.46752,24.9246],[-131.16104,69.45506,27.3441],[-131.14753,69.44815,18.0047],[-131.1527,69.44367,23.2706],[-131.16202,69.43277,20.3161],[-131.16735,69.42829,15.4603],[-131.16405,69.4208,0.0],[-131.16438,69.41576,0.0],[-131.16735,69.40778,36.8777],[-131.16739,69.40339,37.8441],[-131.16495,69.39899,37.903],[-131.16222,69.39549,32.5711],[-131.16112,69.39354,18.7076],[-131.16576,69.38837,16.239],[-131.17105,69.38764,25.7474],[-131.17638,69.38801,21.4798],[-131.18102,69.38605,0.0],[-131.20018,69.37295,0.0],[-131.21858,69.36986,23.6701],[-131.2386,69.36994,29.2435],[-131.26293,69.3662,32.6683],[-131.2799,69.3583,28.1719],[-131.32559,69.32526,0.0],[-131.34781,69.31708,42.5788],[-131.39318,69.30659,21.4783],[-131.41438,69.29792,27.5559],[-131.40746,69.31476,31.1215],[-131.39411,69.32339,0.0],[-131.35945,69.33515,21.9504],[-131.31945,69.36262,17.7611],[-131.23632,69.3808,22.6219],[-131.22199,69.38605,0.0],[-131.21117,69.39842,0.0],[-131.20934,69.40949,0.0],[-131.2213,69.45409,14.7533],[-131.23396,69.48306,0.0],[-131.25206,69.50385,0.0],[-131.27379,69.49934,0.0],[-131.2709,69.48566,0.0],[-131.24828,69.42927,32.8234],[-131.24372,69.40778,41.9112],[-131.26085,69.42109,0.0],[-131.29459,69.47606,18.6073],[-131.30167,69.4807,0.0],[-131.30858,69.48933,0.0],[-131.31705,69.4938,0.0],[-131.32872,69.48603,0.0],[-131.33507,69.47822,0.0],[-131.33943,69.4702,12.2911],[-131.33922,69.46231,8.7775],[-131.33186,69.45433,17.2014],[-131.33186,69.44815,17.0788],[-131.34293,69.45185,17.2229],[-131.35489,69.45417,7.8222],[-131.36742,69.45502,0.0],[-131.38024,69.45433,0.0],[-131.35973,69.42084,0.0],[-131.39371,69.42276,16.5642],[-131.40217,69.41413,5.1531],[-131.40307,69.39692,14.7728],[-131.41438,69.37299,23.4511],[-131.43786,69.35859,15.8481],[-131.47647,69.34439,0.0],[-131.51488,69.33592,28.9484],[-131.53791,69.33893,11.8557],[-131.50788,69.34614,12.9739],[-131.49193,69.35236,0.0],[-131.48266,69.35936,16.6376],[-131.48095,69.37006,22.4803],[-131.48957,69.39004,8.326],[-131.48949,69.40034,19.7008],[-131.46715,69.42109,18.8915],[-131.43895,69.42886,0.0],[-131.42756,69.43513,20.0878],[-131.45539,69.45124,13.3184],[-131.47594,69.45718,0.0],[-131.5441,69.46182,0.0],[-131.5952,69.47431,0.0],[-131.61303,69.47606,0.0],[-131.64867,69.47297,0.0],[-131.67357,69.46369,0.0],[-131.67675,69.4488,14.2169],[-131.64712,69.42829,0.0],[-131.76354,69.43452,0.0],[-131.78661,69.43195,0.0],[-131.83104,69.42162,0.0],[-131.85318,69.42084,0.0],[-131.84577,69.42829,0.0],[-131.87316,69.43354,0.0],[-131.91124,69.42813,0.0],[-131.97671,69.40778,0.0],[-131.95556,69.39948,0.0],[-131.91478,69.41258,0.0],[-131.89387,69.41087,0.0],[-131.86653,69.40351,3.6105],[-131.85945,69.40034,2.252],[-131.85489,69.39435,0.0],[-131.85904,69.38345,21.9913],[-131.85631,69.37641,4.4496],[-131.84642,69.37775,5.8521],[-131.75056,69.40225,6.9388],[-131.73034,69.40445,4.857],[-131.71544,69.40034,1.6007],[-131.75792,69.37132,0.0],[-131.80809,69.32038,0.0],[-131.82531,69.31098,0.0],[-131.85945,69.29792,0.0],[-131.86596,69.29377,5.5289],[-131.87194,69.28864,0.0],[-131.88044,69.28465,0.0],[-131.89415,69.28368,1.2347],[-131.91344,69.28754,2.6068],[-131.90933,69.29462,0.0],[-131.89428,69.30488,0.0],[-131.88052,69.31843,0.0],[-131.9051,69.31387,0.0],[-131.93708,69.28832,0.0],[-131.95564,69.28368,0.0],[-131.95385,69.2683,0.0],[-131.96589,69.25926,0.0],[-131.98493,69.25556,0.0],[-131.99979,69.25617,0.0],[-132.03124,69.25446,7.023],[-132.08821,69.23371,0.0],[-132.12011,69.23526,0.0],[-132.12145,69.23778,0.0],[-132.12084,69.24213,0.0],[-132.12157,69.24665,0.0],[-132.12694,69.2495,0.0],[-132.13541,69.25043,2.6898],[-132.14452,69.25039,0.0],[-132.15347,69.24897,3.1189],[-132.16137,69.24608,0.0],[-132.17077,69.2403,0.0],[-132.17553,69.23387,0.0],[-132.17492,69.22598,0.0],[-132.16788,69.2154,0.0],[-132.20446,69.16474,2.7139],[-132.2163,69.15396,0.0],[-132.23615,69.14814,12.1319],[-132.2351,69.15908,30.8353],[-132.2163,69.18806,18.8778],[-132.20006,69.20352,0.0],[-132.19579,69.21125,0.0],[-132.20263,69.21882,0.0],[-132.21296,69.22004,20.6238],[-132.2268,69.21768,0.0],[-132.24055,69.21328,0.0],[-132.25048,69.20856,0.0],[-132.2766,69.18403,0.0],[-132.28458,69.18061,0.0],[-132.30089,69.18195,7.5699],[-132.34667,69.19489,8.5886],[-132.32909,69.19571,4.1284],[-132.30907,69.19904,11.843],[-132.29577,69.20539,3.425],[-132.29825,69.2154,0.0],[-132.29499,69.23078,0.0],[-132.30773,69.23623,0.0],[-132.32698,69.23371,0.0],[-132.34293,69.22565,0.0],[-132.34822,69.21695,0.0],[-132.35798,69.18797,11.732],[-132.35969,69.17756,5.0809],[-132.37279,69.14932,0.0],[-132.4038,69.13166,0.0],[-132.46955,69.11298,0.0],[-132.46788,69.12263,3.4769],[-132.46361,69.12783,1.9527],[-132.45726,69.13227,4.1094],[-132.44909,69.13963,21.9269],[-132.44371,69.14159,13.8874],[-132.43688,69.1413,6.055],[-132.43106,69.14289,3.5265],[-132.42858,69.15054,14.6575],[-132.42858,69.15766,0.0],[-132.42748,69.16055,0.0],[-132.42488,69.16352,0.0],[-132.42007,69.17426,0.0],[-132.40811,69.22565,4.2972],[-132.41527,69.23786,5.3222],[-132.4313,69.22826,0.0],[-132.44787,69.20966,4.5],[-132.45653,69.19489,4.9537],[-132.45434,69.1933,6.4234],[-132.45059,69.18732,19.9971],[-132.44896,69.1791,20.6765],[-132.45279,69.17072,11.9967],[-132.46776,69.15754,15.0394],[-132.48379,69.14712,0.0],[-132.50756,69.13862,0.0],[-132.55297,69.13687,0.0],[-132.57877,69.12971,0.0],[-132.64493,69.09642,0.0],[-132.66137,69.09186,0.0],[-132.79166,69.09186,0.0],[-132.83898,69.0832,0.0],[-132.86217,69.07331,0.0],[-132.87365,69.05777,0.0],[-132.84496,69.05834,2.1161],[-132.83406,69.05463,21.3454],[-132.82649,69.04409,12.9615],[-132.85863,69.0329,0.0],[-132.86465,69.00922,10.3594],[-132.84984,68.98579,20.911],[-132.81933,68.97517,18.4817],[-132.78466,68.97118,10.5575],[-132.74039,68.96068,22.0659],[-132.6997,68.94546,5.262],[-132.67565,68.92739,5.0331],[-132.76281,68.93708,35.401],[-132.8109,68.93732,0.0],[-132.83263,68.92113,0.0],[-132.81688,68.90766,32.4164],[-132.77977,68.8959,9.4863],[-132.73839,68.88793,29.5323],[-132.70979,68.88581,9.9779],[-132.72533,68.87458,17.6282],[-132.74307,68.87458,25.8209],[-132.76122,68.87694,0.0],[-132.77807,68.87275,0.0],[-132.79109,68.85895,0.0],[-132.78454,68.85102,36.4737],[-132.76793,68.84711,37.1051],[-132.72045,68.84516,21.5161],[-132.67601,68.84858,34.2163],[-132.64489,68.85883,0.0],[-132.65453,68.87897,15.1013],[-132.63825,68.88703,27.9996],[-132.61998,68.89199,6.9765],[-132.60171,68.89395,26.9534],[-132.5856,68.89326,15.4251],[-132.53673,68.8806,0.0],[-132.51073,68.878,0.0],[-132.48379,68.88581,20.2393],[-132.57942,68.90693,21.184],[-132.5502,68.92011,22.2763],[-132.4938,68.90591,23.4058],[-132.39387,68.86591,12.9512],[-132.39623,68.85952,12.8432],[-132.3994,68.85505,30.5749],[-132.40811,68.84545,4.0742],[-132.41421,68.84296,0.0],[-132.42113,68.83861,0.0],[-132.4442,68.83902,0.0],[-132.4591,68.83759,0.0],[-132.46715,68.83072,0.0],[-132.46955,68.8144,4.3247],[-132.48323,68.80541,1.7836],[-132.51423,68.80532,0.0],[-132.70539,68.83698,27.4354],[-132.74389,68.8312,0.0],[-132.74389,68.82494,0.0],[-132.71129,68.81049,20.6757],[-132.70946,68.79658,0.0],[-132.7257,68.79072,0.0],[-132.76989,68.81322,0.0],[-132.82262,68.82331,0.0],[-132.86486,68.84626,0.0],[-132.90246,68.85749,0.0],[-132.9403,68.86327,0.0],[-132.963,68.85847,0.0],[-132.96398,68.84467,23.8329],[-132.95336,68.82836,35.8389],[-132.92886,68.8039,0.0],[-132.96076,68.80337,0.0],[-133.03718,68.82575,0.0],[-133.07287,68.81753,0.0],[-133.07014,68.81367,0.0],[-133.06542,68.8039,34.7632],[-133.0939,68.8037,21.0269],[-133.10753,68.80585,0.0],[-133.12068,68.81127,0.0],[-133.11384,68.81753,0.0],[-133.12442,68.82128,0.0],[-133.14538,68.82233,0.0],[-133.15477,68.82494,0.0],[-133.16039,68.82954,0.0],[-133.16975,68.84121,0.0],[-133.17528,68.84545,0.0],[-133.2047,68.85871,0.0],[-133.22045,68.86359,0.0],[-133.23672,68.86591,0.0],[-133.25674,68.86498,0.0],[-133.3131,68.85228,0.0],[-133.37011,68.84927,0.0],[-133.38817,68.84545,0.0],[-133.36124,68.83356,32.6812],[-133.35106,68.82754,11.6307],[-133.33975,68.81753,28.1221],[-133.35481,68.8122,29.612],[-133.36026,68.81127,25.0583],[-133.36026,68.8039,14.5523],[-133.33043,68.79458,17.9625],[-133.27184,68.80508,37.7701],[-133.24352,68.80048,33.8321],[-133.15673,68.77562,41.8041],[-133.14049,68.76288,46.5556],[-133.16682,68.76252,40.6561],[-133.19245,68.76679,25.9698],[-133.21544,68.77521,6.2153],[-133.23331,68.7871,44.8207],[-133.25072,68.79108,38.7195],[-133.26183,68.77936,0.0],[-133.25617,68.76386,43.5488],[-133.22338,68.75605,0.0],[-133.20665,68.75528,0.0],[-133.19123,68.75267,0.0],[-133.17663,68.74844,9.6042],[-133.16222,68.74242,48.2494],[-133.15392,68.73517,33.1256],[-133.1525,68.72866,36.7612],[-133.14892,68.72382,44.7244],[-133.00398,68.70767,29.8384],[-133.00398,68.71507,63.653],[-133.03808,68.72199,62.0414],[-132.97435,68.72028,57.8442],[-132.94685,68.71418,35.6713],[-132.92203,68.7014,39.888],[-132.92203,68.694,37.4992],[-132.95788,68.69945,0.0],[-133.06574,68.694,0.0],[-133.17406,68.71516,2.6666],[-133.20938,68.71507,0.6296],[-133.2115,68.72956,0.0],[-133.23522,68.73774,0.0],[-133.30403,68.74482,0.0],[-133.31648,68.75043,0.0],[-133.32763,68.75727,0.0],[-133.33975,68.76288,0.0],[-133.4086,68.77656,0.0],[-133.45104,68.79116,0.0],[-133.4698,68.80239,0.0],[-133.48314,68.81753,31.1735],[-133.49132,68.84252,0.0],[-133.47912,68.84935,21.4222],[-133.45531,68.85053,0.0],[-133.42854,68.85847,0.0],[-133.44294,68.86396,0.0],[-133.45368,68.87181,0.0],[-133.46231,68.88166,4.5871],[-133.47012,68.89326,20.441],[-133.38817,68.91376,15.1567],[-133.3629,68.91181,24.4825],[-133.36091,68.90363,29.0858],[-133.37584,68.89533,1.2524],[-133.40123,68.89326,0.0],[-133.39468,68.88203,0.0],[-133.38292,68.87385,30.1716],[-133.36848,68.86848,2.6465],[-133.35399,68.86591,30.7605],[-133.33544,68.86762,0.0],[-133.32185,68.87495,0.0],[-133.29874,68.89326,18.3246],[-133.28331,68.89932,9.5558],[-133.25133,68.90681,3.6201],[-133.23672,68.91376,0.0],[-133.22842,68.92097,0.0],[-133.20938,68.9479,0.0],[-133.24071,68.96174,10.7992],[-133.25036,68.96833,25.4391],[-133.23379,68.97264,17.7029],[-133.22086,68.97455,0.0],[-133.21085,68.97846,0.0],[-133.20324,68.98884,0.0],[-133.20507,68.99189,0.0],[-133.21483,69.00373,0.0],[-133.21687,69.00934,0.0],[-133.21548,69.01313,0.0],[-133.21056,69.02123,0.0],[-133.20938,69.02668,0.0],[-133.20275,69.03791,1.977],[-133.18708,69.04515,7.3229],[-133.16902,69.04914,8.2717],[-133.1551,69.05028,14.2128],[-133.13146,69.0489,14.8959],[-133.11913,69.04975,6.003],[-133.11042,69.05394,2.6437],[-133.10831,69.05829,5.2291],[-133.10676,69.06395,15.6295],[-133.10456,69.06908,15.764099999999999],[-133.10074,69.07201,13.3211],[-133.08422,69.07258,6.3551],[-133.03808,69.05777,12.6732],[-133.02257,69.05516,21.8654],[-132.98412,69.05777,13.6056],[-132.96841,69.06293,25.6315],[-132.94319,69.08242,8.4693],[-132.92886,69.08161,14.6919],[-132.92341,69.07323,9.9461],[-132.92911,69.06273,14.0491],[-132.94933,69.04409,0.0],[-132.92968,69.02774,8.1854],[-132.92203,69.02363,10.9951],[-132.92931,69.00007,11.7505],[-132.91369,68.98591,9.9893],[-132.892,68.98273,0.0],[-132.88109,68.99225,0.0],[-132.88321,69.00528,0.0],[-132.88907,69.02094,5.4146],[-132.89782,69.03522,0.0],[-132.90836,69.04409,0.0],[-132.89981,69.07636,0.0],[-132.89411,69.08503,5.8727],[-132.88085,69.0937,2.2486],[-132.84708,69.10554,0.0],[-132.83263,69.11298,0.0],[-132.87279,69.11054,0.0],[-132.89525,69.11197,0.0],[-132.90836,69.11921,0.0],[-132.90795,69.13085,15.9318],[-132.89656,69.1385,7.4588],[-132.88158,69.14427,0.0],[-132.87051,69.15054,0.0],[-132.83349,69.18757,0.0],[-132.8258,69.20433,0.0],[-132.8463,69.20856,0.0],[-132.82702,69.22358,0.0],[-132.79646,69.22907,0.0],[-132.77204,69.23615,0.0],[-132.77123,69.25633,3.7008],[-132.71911,69.26252,2.9072],[-132.66853,69.26313,2.942],[-132.65681,69.26691,2.8291],[-132.63215,69.28461,11.5374],[-132.62035,69.29047,26.7229],[-132.58218,69.29385,0.5],[-132.56054,69.29312,34.1865],[-132.54467,69.29047,17.461],[-132.51643,69.26716,17.3206],[-132.50723,69.2309,0.0],[-132.50495,69.19188,6.2802],[-132.49747,69.16014,10.6625],[-132.48648,69.17402,0.0],[-132.48274,69.20669,0.0],[-132.47639,69.22215,7.9543],[-132.48615,69.23591,17.0189],[-132.47004,69.24274,12.7583],[-132.44669,69.24698,0.0],[-132.4348,69.25292,0.0],[-132.43725,69.27041,0.0],[-132.44131,69.2829,0.0],[-132.44221,69.29328,17.4325],[-132.4348,69.30414,23.9463],[-132.38703,69.31098,24.1434],[-132.38215,69.30829,22.3845],[-132.37556,69.30191,17.2678],[-132.3697,69.29401,14.2609],[-132.3671,69.28705,11.979],[-132.35997,69.27277,14.2302],[-132.34337,69.25739,10.7079],[-132.32486,69.24921,0.0],[-132.31188,69.25633,0.0],[-132.31534,69.26728,0.0],[-132.34057,69.29629,0.0],[-132.34667,69.30756,3.1626],[-132.33462,69.31574,13.0314],[-132.11433,69.36148,2.995],[-132.07852,69.38605,0.0],[-132.09097,69.3946,0.0],[-132.14061,69.41401,29.5455],[-132.12951,69.41913,0.0],[-132.11783,69.42105,0.0],[-132.09219,69.42084,0.0],[-132.10546,69.43085,0.0],[-132.10607,69.44184,0.0],[-132.09642,69.45067,0.0],[-132.05451,69.45746,0.0],[-132.04678,69.46503,0.0],[-132.05517,69.47427,0.0],[-132.07852,69.48225,0.2571],[-132.01305,69.52753,15.7376],[-131.98355,69.53685,4.5],[-131.9608,69.53823,4.5],[-131.91706,69.53486,0.0],[-131.89415,69.53685,30.8928],[-131.82531,69.55805,24.946],[-131.75943,69.57001,16.2463],[-131.72704,69.56835,11.501],[-131.69555,69.55805,30.0506],[-131.67349,69.5397,15.3924],[-131.66344,69.53579,5.9029],[-131.65396,69.54434,0.0],[-131.65258,69.55402,0.0],[-131.6564,69.56371,0.0],[-131.66259,69.57209,31.0874],[-131.66828,69.57787,15.9063],[-131.58259,69.57168,16.6119],[-131.57169,69.57258,16.2415],[-131.55407,69.57689,19.7764],[-131.5441,69.57787,14.2647],[-131.5338,69.57681,14.6034],[-131.51374,69.57221,29.5979],[-131.50316,69.57168,26.1161],[-131.48257,69.576,22.6043],[-131.44148,69.59032,37.5648],[-131.42125,69.59211,20.6781],[-131.41218,69.5893,16.5393],[-131.40241,69.5799,10.7831],[-131.39391,69.57787,16.5786],[-131.33186,69.57787,22.3087],[-131.33519,69.58381,9.7733],[-131.34187,69.59968,26.1545],[-131.34553,69.60578,38.1401],[-131.26008,69.60358,37.9594],[-131.21955,69.61005,20.7496],[-131.18472,69.62971,45.1735],[-131.16592,69.63618,22.2438],[-131.08576,69.63312,38.35],[-131.06916,69.63666,22.9887],[-131.05761,69.64265,38.9327],[-131.04796,69.64374,32.3913],[-131.03767,69.63312,54.3369],[-131.03551,69.62275,38.1252],[-131.03987,69.61652,21.4889],[-131.04117,69.61009,22.6969],[-131.03018,69.59955,28.986],[-131.01244,69.59195,23.3542],[-130.9757,69.58478,16.6651],[-130.94115,69.5659,17.6493],[-130.92813,69.57075,23.0525],[-130.91662,69.58023,0.0],[-130.89778,69.58723,46.41],[-130.87316,69.59955,58.0901],[-130.84679,69.60619,2.8785],[-130.83837,69.61262,0.0],[-130.84581,69.61945,34.6999],[-130.83576,69.63215,24.274],[-130.80411,69.65526,15.9493],[-130.78966,69.67756,46.4024],[-130.77086,69.68452,24.2286],[-130.67056,69.69188,23.327],[-130.59114,69.70771,20.3475],[-130.57921,69.71442,27.0065],[-130.57201,69.72517,30.7394],[-130.56469,69.74299,0.0],[-130.56794,69.74409,0.0],[-130.57177,69.75141,0.0],[-130.57116,69.75959,31.6911],[-130.55256,69.76667,38.7338],[-130.53547,69.78075,32.1642],[-130.52709,69.78388,20.6053],[-130.47899,69.7805,21.0524],[-130.4702,69.78803,4.7844],[-130.46174,69.79328,11.4371],[-130.4523,69.79658,35.6639],[-130.41413,69.80036,15.6412],[-130.39574,69.80793,6.6564],[-130.35924,69.83234,17.2828],[-130.34166,69.84097,9.5],[-130.3192,69.84903,9.5],[-130.30138,69.85029,15.8906],[-130.29776,69.83857,16.4942],[-130.26871,69.84032,13.6801],[-130.19473,69.85969,11.9013],[-130.11067,69.86909,16.4177],[-129.75512,69.95596,13.6432],[-129.71003,69.97256,18.403],[-129.59976,69.9912,15.4315],[-129.56355,70.00959,6.9644],[-129.51602,70.02106,0.0],[-129.49523,70.03034,4.5512],[-129.50935,70.03644,5.3835],[-129.55728,70.04401,2.6531],[-129.54214,70.04987,3.3396],[-129.52355,70.05195,5.6358],[-129.48868,70.05146,-0.6345],[-129.47484,70.05292,1.3438],[-129.46345,70.05683,0.9013],[-129.44058,70.06826,2.8759],[-129.42593,70.08023,0.0],[-129.41153,70.10057,1.2722],[-129.40648,70.12116,0.0],[-129.42007,70.13398,0.0],[-129.43643,70.1258,0.0],[-129.45108,70.10497,0.0],[-129.46817,70.09077,1.609],[-129.49181,70.10236,0.0],[-129.49942,70.11774,2.2901],[-129.49035,70.12665,0.0],[-129.47277,70.13467,0.0],[-129.4549,70.14704,0.0],[-129.47004,70.15331,0.0],[-129.50544,70.14814,0.0],[-129.5231,70.15388,0.0],[-129.51574,70.16132,0.0],[-129.54406,70.16763,0.0],[-129.60289,70.1623,0.0],[-129.63296,70.16755,0.0],[-129.62023,70.16958,0.0],[-129.60997,70.17601,3.2438],[-129.59203,70.19546,0.0],[-129.59732,70.19823,1.1469],[-129.60509,70.20848,0.0],[-129.61506,70.21699,0.0],[-129.62706,70.22163,0.0],[-129.64021,70.22309,4.2566],[-129.65347,70.22211,5.4076],[-129.64586,70.23908,0.0],[-129.64851,70.25153,0.0],[-129.66031,70.258,0.0],[-129.68017,70.2569,0.0],[-129.68017,70.26374,0.0],[-129.67394,70.26374,0.0],[-129.67394,70.26992,0.7058],[-129.70128,70.26577,0.0],[-129.72851,70.25617,0.0],[-129.74014,70.24339,0.0],[-129.7211,70.22956,4.8396],[-129.73827,70.22508,0.0],[-129.7753,70.22948,0.0],[-129.78694,70.22582,0.0],[-129.79573,70.21499,0.0],[-129.80435,70.20653,0.0],[-129.8153,70.20185,0.0],[-129.83096,70.2023,0.0],[-129.83096,70.19546,0.0],[-129.81957,70.19465,0.0],[-129.80871,70.19208,0.0],[-129.79882,70.18769,3.4047],[-129.79003,70.18122,4.6327],[-129.84569,70.1529,0.0],[-129.86413,70.13361,0.0],[-129.85831,70.10602,3.4926],[-129.86767,70.10517,0.0],[-129.89367,70.09858,0.0],[-129.8911,70.09203,0.0],[-129.88948,70.08918,0.0],[-129.8863,70.0856,0.0],[-129.93171,70.07612,0.0],[-129.98249,70.07136,1.4358],[-129.9925,70.07514,2.2838],[-129.97631,70.08373,0.0],[-129.93464,70.09858,0.0],[-129.95368,70.10273,0.0],[-129.97541,70.10163,0.0],[-130.05565,70.08275,0.0],[-130.0985,70.0788,0.0],[-130.08495,70.08991,0.0],[-130.0786,70.10102,0.0],[-130.0821,70.10952,0.0],[-130.09822,70.11286,0.0],[-130.10733,70.10863,0.0],[-130.1505,70.07075,0.0],[-130.16918,70.05878,2.2263],[-130.18688,70.05256,0.0],[-130.19473,70.06135,2.3005],[-130.19103,70.0729,2.9172],[-130.182,70.08466,0.0],[-130.15998,70.10602,0.0],[-130.18126,70.10586,2.8492],[-130.22614,70.09028,0.0],[-130.24938,70.0856,0.0],[-130.31851,70.08161,5.1821],[-130.33812,70.0856,0.0],[-130.32726,70.09357,0.0],[-130.29092,70.10602,1.2716],[-130.31363,70.10639,0.0],[-130.32641,70.10977,0.0],[-130.32974,70.11982,3.4286],[-130.32445,70.1402,0.0],[-130.35237,70.13491,0.0],[-130.38508,70.16568,0.0],[-130.40636,70.16132,0.0],[-130.39965,70.15095,0.3643],[-130.40616,70.14224,4.8254],[-130.41983,70.13622,0.0],[-130.43464,70.13398,0.0],[-130.48143,70.14012,0.0],[-130.50438,70.13886,0.0],[-130.52375,70.12661,0.0],[-130.48274,70.12035,0.0],[-130.49645,70.10602,0.0],[-130.51976,70.1048,0.0],[-130.54141,70.11469,0.0],[-130.5504,70.13398,2.5702],[-130.53808,70.1529,0.0],[-130.51146,70.1625,0.0],[-130.48217,70.16804,0.0],[-130.46158,70.17495,0.0],[-130.51529,70.17719,0.0],[-130.5419,70.17365,0.0],[-130.55785,70.16132,0.0],[-130.55602,70.15078,0.0],[-130.57665,70.14142,0.0],[-130.60489,70.13593,0.0],[-130.6258,70.13715,2.0962],[-130.64712,70.14175,0.0],[-130.66088,70.13646,0.0],[-130.66491,70.1247,0.0],[-130.65713,70.10952,3.4464],[-130.66389,70.09809,0.0],[-130.69123,70.08637,0.0],[-130.72297,70.0786,0.0],[-130.74279,70.0788,0.7579],[-130.74706,70.08999,4.7651],[-130.73624,70.10277,3.7988],[-130.70865,70.12661,0.0],[-130.72281,70.13203,0.0],[-130.73721,70.13325,0.0],[-130.75121,70.12971,0.0],[-130.76391,70.12035,0.0],[-130.76024,70.11066,3.0099],[-130.77147,70.10749,0.0],[-130.80484,70.10602,0.0],[-130.84142,70.09394,0.0],[-130.8592,70.09243,0.0],[-130.87389,70.08657,0.0],[-130.88854,70.07538,0.0],[-130.90298,70.0683,1.0032],[-130.91723,70.07502,0.0],[-130.91544,70.08096,0.0],[-130.90445,70.086,0.0],[-130.89391,70.09333,0.0],[-130.89363,70.10602,0.0],[-130.9086,70.09496,0.0],[-130.94286,70.0788,0.0],[-131.00695,70.03632,1.3676],[-131.024,70.03034,0.0],[-131.00129,70.02827,2.6656],[-130.95035,70.03742,0.0],[-130.92781,70.03034,0.0],[-130.94693,70.02066,0.0],[-130.99901,70.01211,0.9109],[-131.00967,69.99966,0.6428],[-131.01496,69.98054,3.6248],[-131.02774,69.96361,1.4669],[-131.05809,69.93476,4.7272],[-131.07453,69.90599,8.9012],[-131.08483,69.89265,7.2805],[-131.09972,69.88695,0.0],[-131.14883,69.89228,0.0],[-131.16796,69.88695,0.8061],[-131.18847,69.86587,1.0098],[-131.17992,69.8666,0.3305],[-131.15368,69.86587,0.0],[-131.15978,69.85468,0.4857],[-131.18847,69.8249,2.2506],[-131.20934,69.83421,0.0],[-131.21776,69.84186,0.0],[-131.22199,69.85285,0.0],[-131.21947,69.86188,2.0977],[-131.20495,69.87519,0.0],[-131.20153,69.88325,0.0],[-131.20763,69.90095,0.0],[-131.22248,69.91844,0.0],[-131.24059,69.93305,0.0],[-131.25674,69.94221,0.0],[-131.28824,69.94904,0.0],[-131.3568,69.95051,0.0],[-131.38736,69.95897,0.0],[-131.40831,69.96149,0.0],[-131.42642,69.95063,0.0],[-131.44034,69.93281,2.2304],[-131.44856,69.91425,2.6574],[-131.4418,69.91478,2.8898],[-131.42789,69.91376,3.123],[-131.42125,69.91425,3.3384],[-131.45128,69.89631,0.0],[-131.62011,69.87641,0.0],[-131.70238,69.8454,0.0],[-131.74942,69.83637,0.0],[-131.76472,69.82689,0.0],[-131.75642,69.81122,0.7112],[-131.77306,69.79841,0.0],[-131.819,69.77668,0.0],[-131.83951,69.77025,0.0],[-131.92931,69.77074,0.0],[-131.97179,69.74799,1.6549],[-131.99966,69.74079,0.0],[-132.09992,69.72769,0.0],[-132.12141,69.71898,0.0],[-132.12011,69.70881,1.933],[-132.13891,69.68793,0.0],[-132.16763,69.68781,0.0],[-132.22492,69.7038,0.0],[-132.23229,69.71235,0.0],[-132.23681,69.71503,0.0],[-132.24181,69.71442,0.0],[-132.25748,69.70991,0.0],[-132.26415,69.70881,0.0],[-132.31871,69.71503,0.0],[-132.30968,69.71796,1.6306],[-132.30191,69.72236,0.0],[-132.29577,69.72842,0.0],[-132.29137,69.73615,0.0],[-132.48379,69.73615,0.0],[-132.48379,69.74299,0.0],[-132.44921,69.74421,0.0],[-132.35969,69.74982,0.0],[-132.28384,69.76944,0.0],[-132.25723,69.77025,0.0],[-132.27741,69.77432,0.0],[-132.31013,69.77241,0.0],[-132.34374,69.76683,0.0],[-132.39318,69.75239,0.0],[-132.54841,69.74299,0.0],[-132.56579,69.71503,0.0],[-132.58625,69.69453,1.6885],[-132.59874,69.69282,7.4154],[-132.6105,69.68822,0.0],[-132.62043,69.68171,3.9501],[-132.62719,69.67406,1.0],[-132.60351,69.66909,7.7722],[-132.57877,69.66787,14.3519],[-132.56994,69.66999,0.0],[-132.55529,69.67939,9.0909],[-132.54841,69.68155,20.0914],[-132.51342,69.68651,17.9974],[-132.49291,69.69188,0.0],[-132.46711,69.70551,16.5273],[-132.45051,69.70783,2.3169],[-132.4359,69.70441,2.6458],[-132.42858,69.69453,2.03],[-132.43106,69.68281,0.0],[-132.44009,69.6752,0.0],[-132.45189,69.66889,0.0],[-132.46272,69.66108,0.0],[-132.35167,69.6918,13.857],[-132.333,69.68464,10.8646],[-132.34854,69.65986,4.2403],[-132.38508,69.64667,0.0],[-132.5301,69.63198,0.0],[-132.55211,69.63312,0.0],[-132.60684,69.6518,0.0],[-132.67052,69.6577,0.0],[-132.68798,69.65518,0.0],[-132.70637,69.64362,0.0],[-132.72378,69.63801,7.6001],[-132.79914,69.64057,0.0],[-132.79381,69.64643,0.0],[-132.7871,69.652,0.0],[-132.77941,69.65693,0.0],[-132.77123,69.66108,0.0],[-132.88728,69.66108,0.0],[-132.94689,69.63459,0.0],[-132.97566,69.61433,0.0],[-132.99087,69.59211,0.0],[-132.96337,69.57844,4.9856],[-132.95421,69.56818,6.4589],[-132.95958,69.55459,4.5],[-132.98111,69.53547,0.0],[-132.984,69.52509,0.0],[-132.96984,69.51704,0.0],[-132.98803,69.50812,0.0],[-132.99669,69.49653,0.0],[-133.00723,69.48656,0.0],[-133.03132,69.48225,0.0],[-133.04955,69.47687,0.0],[-133.055,69.46377,0.0],[-133.05211,69.44798,0.0],[-133.04552,69.43452,0.0],[-133.05541,69.43456,0.0],[-133.06554,69.43622,0.0],[-133.07494,69.43952,0.0],[-133.08283,69.44473,0.0],[-133.08943,69.44505,0.0],[-133.19579,69.41401,0.0],[-133.2045,69.40933,0.0],[-133.20971,69.40493,0.0],[-133.21573,69.4016,0.0],[-133.2268,69.40034,0.0],[-133.23693,69.40225,0.0],[-133.2484,69.41108,0.0],[-133.2578,69.41401,0.0],[-133.46337,69.41771,0.0],[-133.63191,69.39916,0.0],[-133.67138,69.38837,0.0],[-133.69664,69.3662,12.4125],[-133.67854,69.3603,8.3924],[-133.66185,69.35253,0.0],[-133.68204,69.34317,0.0],[-133.70397,69.33926,11.2191],[-133.75129,69.33893,0.0],[-133.74926,69.34357,0.0],[-133.74592,69.35493,0.0],[-133.7438,69.35936,0.0],[-133.75817,69.35676,0.0],[-133.78555,69.34715,0.0],[-133.79939,69.34512,0.0],[-133.84162,69.3454,0.0],[-133.85432,69.34199,0.0],[-133.86929,69.33251,0.0],[-133.87108,69.32514,1.2084],[-133.87206,69.31586,13.0072],[-133.88467,69.30101,17.5751],[-133.90632,69.29051,0.0],[-133.95458,69.28636,0.0],[-134.00011,69.27314,1.0715],[-134.12222,69.26655,0.0],[-134.16291,69.25568,0.0],[-134.19811,69.23652,0.0],[-134.22423,69.20856,1.3584],[-134.23729,69.18,0.0],[-134.24608,69.1695,14.2143],[-134.26456,69.16014,0.0],[-134.27648,69.15803,0.0],[-134.30187,69.15754,1.6224],[-134.31298,69.15396,1.5767],[-134.30468,69.17365,1.2172],[-134.2882,69.18159,2.616],[-134.28344,69.18561,1.4541],[-134.27823,69.19489,1.7994],[-134.27644,69.20356,1.5484],[-134.2792,69.20771,0.2537],[-134.28161,69.21235,3.078],[-134.27823,69.22215,6.2351],[-134.27172,69.23212,11.0],[-134.26334,69.24091,13.3256],[-134.25308,69.24714,12.5012],[-134.24071,69.2495,0.4812],[-134.22899,69.25381,1.0613],[-134.22501,69.26313,1.0684],[-134.22224,69.27261,0.4813],[-134.21398,69.2768,0.5513],[-134.20348,69.28018,0.4717],[-134.18073,69.29462,13.5],[-134.16902,69.29792,13.5],[-134.1007,69.29792,0.4653],[-134.09219,69.34479,30.1797],[-134.0301,69.38321,17.9407],[-133.84537,69.45209,4.9253],[-133.8181,69.46735,14.3396],[-133.78844,69.4914,0.386],[-133.78405,69.49201,0.0],[-133.78112,69.49388,0.0],[-133.77855,69.50275,0.0],[-133.78026,69.50812,0.0],[-133.78995,69.52139,3.9774],[-133.79223,69.527,1.4079],[-133.78669,69.53669,11.5745],[-133.76024,69.53925,0.0],[-133.75129,69.55117,0.0],[-133.76146,69.55248,0.0],[-133.7705,69.55646,0.0],[-133.77831,69.56289,0.0],[-133.78478,69.57168,0.0],[-133.781,69.57412,0.0],[-133.77855,69.57787,0.0],[-133.79361,69.57868,0.0],[-133.80773,69.57612,0.0],[-133.819,69.56953,1.9611],[-133.82575,69.55805,0.0],[-133.81819,69.55736,3.5398],[-133.80582,69.55288,0.4796],[-133.79906,69.55117,0.506],[-133.81843,69.5445,20.8636],[-133.86091,69.54385,0.0],[-133.88097,69.53685,0.0],[-133.87572,69.53388,0.0],[-133.8662,69.52619,8.3092],[-133.86115,69.52326,23.3007],[-133.88549,69.51459,21.9327],[-133.91466,69.51166,0.0],[-133.94249,69.51301,0.0],[-133.96296,69.51704,0.0],[-133.97008,69.52041,0.0],[-133.97663,69.5244,0.0],[-133.9851,69.52814,0.0],[-133.99828,69.53071,0.0],[-134.05232,69.53071,8.722],[-134.02416,69.53998,18.2925],[-134.01187,69.5467,0.0],[-134.00451,69.55805,14.2592],[-134.03637,69.56224,0.0],[-134.06432,69.55687,0.0],[-134.09142,69.54865,0.0],[-134.12092,69.54434,0.0],[-134.13244,69.54743,0.0],[-134.15388,69.5611,0.0],[-134.16588,69.5642,0.0],[-134.17394,69.56855,0.0],[-134.17785,69.5878,0.0],[-134.18639,69.59211,0.0],[-134.20759,69.58714,0.0],[-134.2294,69.57892,0.0],[-134.24242,69.57722,0.0],[-134.23729,69.59211,0.0],[-134.21963,69.60952,0.0],[-134.19701,69.62043,0.0],[-134.14916,69.63312,0.0],[-134.14916,69.64057,0.466],[-134.17418,69.64374,0.0],[-134.19115,69.6555,0.0],[-134.20588,69.67011,0.0],[-134.22423,69.68155,2.0],[-134.25573,69.6826,0.0],[-134.33479,69.67329,0.0],[-134.35399,69.68155,0.0],[-134.34118,69.68525,0.0],[-134.33096,69.6896,0.0],[-134.32348,69.69672,0.0],[-134.3192,69.70881,0.0],[-134.31989,69.72358,0.0],[-134.32852,69.72517,0.0],[-134.34301,69.72281,0.0],[-134.37499,69.72712,0.0],[-134.41051,69.71776,4.7015],[-134.42935,69.71503,0.5],[-134.44713,69.71825,18.1131],[-134.46418,69.72419,0.0],[-134.48095,69.72748,0.0],[-134.49795,69.72248,0.0],[-134.43879,69.68183,0.0],[-134.41006,69.65693,10.8602],[-134.40551,69.63687,5.8355],[-134.42736,69.60489,32.2581],[-134.44164,69.59105,9.7617],[-134.46833,69.58226,0.0],[-134.48717,69.56835,0.0],[-134.49112,69.5642,0.0],[-134.47126,69.54434,24.6868],[-134.48522,69.54369,0.0],[-134.51163,69.53767,0.0],[-134.52526,69.53685,0.0],[-134.53921,69.53994,0.0],[-134.55972,69.54922,0.0],[-134.57335,69.55117,0.0],[-134.58414,69.54365,0.0],[-134.59459,69.52753,3.4246],[-134.59447,69.51288,11.9042],[-134.57307,69.50959,3.8556],[-134.57681,69.50666,5.5049],[-134.58731,69.49592,8.0598],[-134.55736,69.47932,6.0742],[-134.54137,69.47557,0.0],[-134.52526,69.48225,0.0],[-134.52888,69.4853,0.0],[-134.53893,69.49592,0.0],[-134.50031,69.51789,1.2032],[-134.45031,69.51675,15.5],[-134.41641,69.49746,15.8888],[-134.42593,69.46524,11.6576],[-134.47631,69.44379,0.0],[-134.53356,69.45038,0.0],[-134.64135,69.48225,0.0],[-134.74608,69.47809,0.433],[-134.77912,69.48225,0.0],[-134.78417,69.48648,0.0],[-134.78795,69.49323,0.0],[-134.79406,69.49958,0.0],[-134.80647,69.50275,0.0],[-134.81115,69.48908,0.0],[-134.81892,69.48265,0.0],[-134.86295,69.49339,0.0],[-134.89354,69.48969,0.0],[-134.95043,69.47606,0.0],[-134.97899,69.47822,0.0],[-135.03539,69.48859,0.0],[-135.06652,69.48225,0.0],[-135.06029,69.48225,0.0],[-135.07567,69.48119,0.0],[-135.08873,69.47846,0.0],[-135.09948,69.47248,0.0],[-135.10806,69.46182,0.0],[-135.12662,69.48237,0.0],[-135.15538,69.47972,0.0],[-135.21117,69.45433,0.0],[-135.26716,69.44184,0.0],[-135.27941,69.43452,0.0],[-135.28303,69.42597,0.0],[-135.28433,69.41454,0.5351],[-135.28238,69.40461,0.5898],[-135.27599,69.40034,0.6427],[-135.25548,69.36961,0.645],[-135.24869,69.36245,0.5649],[-135.24486,69.35676,0.6566],[-135.23843,69.33893,0.9836],[-135.23746,69.32827,0.988],[-135.23998,69.32168,1.2494],[-135.23982,69.31501,16.1951],[-135.23103,69.30414,10.0238],[-135.2198,69.29706,6.5746],[-135.20348,69.29047,13.2309],[-135.18635,69.28555,0.0],[-135.17268,69.28368,0.0],[-135.1669,69.28205,0.0],[-135.16397,69.27782,0.0],[-135.16291,69.27228,0.0],[-135.16271,69.26655,2.8808],[-135.16666,69.26301,0.0],[-135.17589,69.26215,0.0],[-135.33934,69.28897,0.7497],[-135.37409,69.29955,0.6685],[-135.43342,69.33393,0.0504],[-135.47354,69.33836,0.0],[-135.51553,69.33828,0.0],[-135.56933,69.34467,0.0],[-135.58568,69.34174,0.0],[-135.60098,69.33584,0.0],[-135.61213,69.32831,0.0],[-135.61315,69.3216,0.9623],[-135.60969,69.31216,-0.0642],[-135.60155,69.29792,1.0592],[-135.56957,69.26069,0.6769],[-135.55704,69.23871,1.0708],[-135.56737,69.22907,1.1259],[-135.58385,69.23542,-0.7164],[-135.62804,69.26862,-0.8798],[-135.64249,69.28368,0.0414],[-135.64403,69.28901,-0.5808],[-135.64314,69.30174,-0.8861],[-135.64562,69.30756,-0.9146],[-135.65087,69.3122,-0.146],[-135.6612,69.31818,-0.2078],[-135.66613,69.32184,0.0],[-135.6822,69.33027,0.0],[-135.70153,69.33283,0.0],[-135.76684,69.32909,0.0],[-135.80419,69.32184,0.0],[-135.83788,69.30907,0.0],[-135.85538,69.29047,0.0],[-135.83629,69.26093,0.7798],[-135.62536,69.15266,1.0638],[-135.59301,69.14326,1.1639],[-135.47623,69.13028,1.2171],[-135.43318,69.11758,0.8757],[-135.41592,69.0987,1.0071],[-135.47204,69.11514,1.3549],[-135.58804,69.1249,0.481],[-135.75158,69.18399,-0.2891],[-135.77823,69.20515,-0.8977],[-135.78791,69.20917,-0.9526],[-135.81322,69.2154,-1.1448],[-135.89452,69.25165,-1.1597],[-135.93383,69.25414,0.0],[-135.96776,69.22215,0.0],[-135.96911,69.20722,0.6358],[-135.96329,69.18891,0.9011],[-135.95035,69.16014,1.1045],[-135.93668,69.10554,0.641],[-135.91942,69.09349,0.7238],[-135.74254,69.05931,0.8312],[-135.72134,69.04719,0.7306],[-135.71569,69.04035,0.8511],[-135.71223,69.02729,0.0],[-135.70739,69.02021,1.0391],[-135.69498,69.01537,0.6629],[-135.51903,69.02977,1.8473],[-135.59382,69.00556,-0.5013],[-135.6813,68.99152,0.0],[-135.76993,68.99152,0.0],[-135.84797,69.00934,0.0],[-135.91649,69.03925,0.8551],[-135.95417,69.04841,0.0],[-135.98176,69.04068,0.0],[-135.99059,69.01594,0.3699],[-135.97378,68.99551,0.499],[-135.92309,68.96833,1.1133],[-135.92309,68.96214,0.6127],[-135.97134,68.96825,0.4843],[-135.99356,68.96597,0.7759],[-136.00499,68.9479,0.6449],[-135.86848,68.90693,0.8675],[-135.82486,68.90339,0.0],[-135.60607,68.91136,1.5711],[-135.6151,68.89964,1.937],[-135.62824,68.89326,0.0],[-135.5703,68.85928,0.0],[-135.40954,68.8535,0.4358],[-135.34089,68.83861,1.1662],[-135.50536,68.84545,0.5036],[-135.49503,68.82673,1.4914],[-135.48034,68.81143,1.3236],[-135.46182,68.80093,0.7011],[-135.42593,68.79499,1.5734],[-135.39708,68.78604,0.891],[-135.36791,68.78213,0.1728],[-135.36172,68.77717,0.0685],[-135.35888,68.77041,2.0725],[-135.33544,68.73656,1.339],[-135.32169,68.72614,1.0966],[-135.2718,68.71711,1.3586],[-135.2189,68.69697,2.3621],[-135.19005,68.694,1.5523],[-135.20515,68.68854,2.0579],[-135.21117,68.6872,2.1598],[-135.19978,68.67475,1.6089],[-135.16242,68.67243,1.0929],[-135.14904,68.66047,-0.4001],[-135.18676,68.66242,0.2506],[-135.25601,68.68228,0.8815],[-135.29125,68.6872,-0.3927],[-135.37877,68.67402,0.3873],[-135.40978,68.68098,0.0],[-135.4112,68.68504,0.0],[-135.4108,68.69204,0.0],[-135.41226,68.69864,0.0],[-135.41934,68.7014,0.0],[-135.42658,68.70246,0.0],[-135.44392,68.7082,0.0],[-135.46207,68.718,0.0],[-135.48009,68.73135,0.0],[-135.48827,68.739,0.0],[-135.51854,68.75507,0.0],[-135.63565,68.76288,0.0],[-135.70263,68.77505,0.0],[-135.73375,68.78457,0.0],[-135.75862,68.79706,0.0],[-135.77204,68.81363,0.0],[-135.78161,68.8216,0.0],[-135.85367,68.83731,0.0],[-135.8815,68.85025,0.0],[-136.06762,68.88532,0.0],[-136.23913,68.88642,0.0],[-136.41649,68.90449,0.0],[-136.44485,68.9099,0.0],[-136.44487,68.9099,0.0],[-136.44441,68.86091,1.023],[-136.44435,68.80257,0.6009],[-136.44446,68.77792,1.2136],[-136.44461,68.75332,0.5],[-136.44469,68.72862,12.7197],[-136.44461,68.67927,143.1153],[-136.44438,68.62997,258.2934],[-136.44407,68.58067,384.3951],[-136.44384,68.53142,207.929],[-136.4436,68.43293,251.7629],[-136.44353,68.33443,739.0912],[-136.44376,68.23586,403.9271],[-136.44469,68.13706,686.9155],[-136.44531,68.04928,997.5006],[-136.44508,67.96143,725.7824],[-136.44435,67.87358,605.0054],[-136.44329,67.78563,744.624],[-136.44407,67.76604,385.6505],[-136.44539,67.74556,393.0815],[-136.44477,67.72558,504.5497],[-136.43996,67.7076,317.476],[-136.43665,67.70352,325.7692],[-136.43185,67.69967,343.3649],[-136.4273,67.69628,362.4185],[-136.42495,67.6937,379.0744],[-136.42441,67.68931,402.6908],[-136.42464,67.68409,485.0284],[-136.42513,67.67954,616.1965],[-136.42526,67.67726,669.7207],[-136.42492,67.67225,603.2983],[-136.42647,67.66765,634.6215],[-136.42694,67.663,776.1174],[-136.42332,67.65742,895.5416],[-136.41529,67.65272,1033.0828],[-136.40529,67.65003,1076.8638],[-136.39487,67.64846,1212.6694],[-136.38573,67.64719,1070.076],[-136.36655,67.64378,1328.4398],[-136.34855,67.64104,1218.9882],[-136.33025,67.6391,1047.7765],[-136.30994,67.63784,863.2759],[-136.27509,67.63246,1045.5367],[-136.24654,67.62016,938.3947],[-136.22178,67.60197,1059.2501],[-136.19827,67.57867,1212.755],[-136.18938,67.56425,997.213],[-136.18657,67.55011,1162.2721],[-136.18533,67.53608,1064.2998],[-136.18106,67.52218,1017.4248],[-136.1769,67.51727,1039.8571],[-136.17179,67.51485,1118.5343],[-136.16618,67.51304,1091.0504],[-136.16065,67.50999,1115.3052],[-136.15734,67.5042,947.608],[-136.16228,67.50007,1110.092],[-136.16964,67.49686,1134.6283],[-136.17383,67.4934,1102.9896],[-136.17574,67.47536,921.9857],[-136.17703,67.46048,957.8246],[-136.18132,67.44537,1078.1288],[-136.19246,67.42663,1104.2297],[-136.20132,67.41351,1020.395],[-136.20091,67.40806,924.3116],[-136.19176,67.40511,1096.1731],[-136.17429,67.39961,947.9211],[-136.16091,67.39542,1018.4005],[-136.14127,67.38938,820.6462],[-136.12365,67.38292,681.7385],[-136.11608,67.37728,774.5209],[-136.12277,67.36395,764.4079],[-136.13365,67.36281,797.0442],[-136.13796,67.35964,811.283],[-136.12523,67.34008,832.257],[-136.11859,67.33258,807.4449],[-136.11122,67.32535,904.2574],[-136.10422,67.3178,936.6401],[-136.09859,67.30964,981.0364],[-136.09518,67.29718,942.8225],[-136.10047,67.29104,904.1455],[-136.11027,67.28576,1039.9204],[-136.12024,67.27589,999.3431],[-136.12448,67.26272,1223.5052],[-136.12603,67.24783,1250.8434],[-136.12915,67.23414,1361.4916],[-136.13822,67.22461,1199.5881],[-136.15553,67.2174,1382.6183],[-136.17316,67.21156,1210.1714],[-136.19075,67.20592,1351.0974],[-136.20804,67.19923,1113.473],[-136.21868,67.19445,1255.9518],[-136.23041,67.18748,1332.8589],[-136.23744,67.17804,1430.7139],[-136.23429,67.16603,1366.7266],[-136.22078,67.15492,1186.6935],[-136.20948,67.15112,1152.0182],[-136.20352,67.14603,1162.3732],[-136.20607,67.13089,1213.4706],[-136.21067,67.12531,1147.3088],[-136.21724,67.12221,1104.5607],[-136.22287,67.11828,1140.5986],[-136.22481,67.11006,1030.6445],[-136.22333,67.10492,985.0103],[-136.22059,67.10076,990.875],[-136.21791,67.09663,1080.041],[-136.21651,67.09146,1108.7529],[-136.21798,67.08237,1152.693],[-136.22085,67.07312,1203.7985],[-136.22158,67.06443,1132.8318],[-136.21651,67.05673,1057.5635],[-136.20266,67.04782,968.4402],[-136.19279,67.04255,1070.1416],[-136.18582,67.03591,1058.3352],[-136.18039,67.02299,953.2394],[-136.17781,67.01795,938.0105],[-136.17303,67.01157,1023.8745],[-136.16739,67.00599,1109.9469],[-136.1622,67.00366,1109.8142],[-136.14411,67.00366,889.6867],[-136.126,67.00366,780.6855],[-136.10789,67.00366,702.5626],[-136.08978,67.00366,652.9667],[-135.99275,67.00366,577.3642],[-135.89576,67.00361,573.8158],[-135.79879,67.00361,731.3755],[-135.70181,67.00361,483.4999],[-135.61329,67.00361,352.3341],[-135.55405,67.00361,364.7222],[-135.42369,67.00361,348.9181],[-135.29336,67.00356,291.7072],[-135.23412,67.00356,321.9752],[-135.1172,67.00356,397.706],[-135.00026,67.00356,50.0844],[-134.88336,67.00356,67.9911],[-134.76642,67.00351,30.5798],[-134.64953,67.00346,14.582],[-134.53264,67.00346,47.836],[-134.41564,67.00346,74.7878],[-134.29875,67.00346,82.6593],[-134.20617,67.00346,82.7799],[-134.11362,67.00346,88.1918],[-134.02101,67.0034,99.0221],[-133.92843,67.00335,108.6091],[-133.83108,67.0034,97.1253],[-133.87304,66.9864,103.4577],[-133.9275,66.98258,103.744],[-133.98352,66.9849,100.0173],[-134.03008,66.98661,95.7263],[-134.04496,66.98521,93.9791],[-134.06362,66.98123,96.1026],[-134.08078,66.97431,91.3566],[-134.09119,66.96382,89.6035],[-134.08793,66.95209,86.2679],[-134.0723,66.94429,86.5124],[-134.05334,66.93951,82.9307],[-134.04011,66.93679,82.6976],[-134.00205,66.92881,82.8768],[-133.9627,66.92207,84.2046],[-133.92492,66.91243,84.6446],[-133.89164,66.89563,85.0655],[-133.88831,66.89101,83.6669],[-133.88621,66.88501,84.5098],[-133.88301,66.87912,84.5447],[-133.87645,66.87519,85.7394],[-133.8674,66.87302,83.459],[-133.85813,66.8708,83.6748],[-133.84942,66.86762,86.0189],[-133.8419,66.86253,85.2348],[-133.83059,66.84879,86.9644],[-133.82555,66.83881,85.5],[-133.81842,66.83029,85.5],[-133.80079,66.82119,87.3228],[-133.78374,66.8152,87.0668],[-133.77002,66.80895,85.1699],[-133.76333,66.79861,86.339],[-133.76751,66.78078,84.14],[-133.77953,66.76461,85.227],[-133.79524,66.75489,85.2955],[-133.81299,66.74797,85.7079],[-133.83136,66.74006,89.9807],[-133.83415,66.72585,90.6177],[-133.8063,66.71102,92.4944],[-133.77191,66.69572,94.2073],[-133.75524,66.68006,99.3592],[-133.76167,66.67056,102.9512],[-133.77395,66.66366,105.7056],[-133.78188,66.65663,107.0076],[-133.77537,66.64673,106.0241],[-133.75979,66.64043,104.1828],[-133.74245,66.63826,104.1986],[-133.72514,66.63503,102.2716],[-133.70969,66.62565,98.9862],[-133.70194,66.61433,98.361],[-133.69891,66.60539,105.6193],[-133.69333,66.59785,103.0091],[-133.67786,66.59077,103.3108],[-133.65646,66.58638,102.4709],[-133.63313,66.58364,102.1898],[-133.61062,66.57901,100.8853],[-133.59192,66.56922,101.0221],[-133.6006,66.55935,94.8819],[-133.6353,66.5486,104.9062],[-133.67341,66.53578,114.6732],[-133.69248,66.51976,120.0172],[-133.68318,66.4978,143.9961],[-133.65969,66.47904,143.4476],[-133.63685,66.46199,137.9211],[-133.62938,66.44532,141.9895],[-133.65147,66.43564,138.9534],[-133.69101,66.44532,150.174],[-133.73227,66.45297,158.1601],[-133.75966,66.43713,157.683],[-133.76302,66.42328,169.4629],[-133.76302,66.40933,180.7411],[-133.76297,66.39548,188.0331],[-133.76591,66.38215,202.1193],[-133.77294,66.36833,218.9283],[-133.78061,66.35773,219.8236],[-133.78984,66.34838,234.2133],[-133.80134,66.33812,206.9274],[-133.81909,66.31016,231.4198],[-133.79893,66.29849,254.7173],[-133.76116,66.29668,246.779],[-133.72622,66.29843,237.9788],[-133.6885,66.30179,220.5028],[-133.63347,66.30319,203.2529],[-133.58432,66.29275,190.5975],[-133.56432,66.26063,209.087],[-133.56629,66.25022,176.8932],[-133.57006,66.24066,174.3569],[-133.57409,66.2312,171.6292],[-133.57662,66.22123,174.7241],[-133.57538,66.20754,175.6558],[-133.5697,66.1987,172.8351],[-133.56277,66.19079,173.6549],[-133.55802,66.18004,179.0932],[-133.56716,66.15384,193.9286],[-133.59791,66.13912,203.0143],[-133.63515,66.12997,210.7776],[-133.66411,66.12036,223.3145],[-133.67538,66.1123,230.0218],[-133.68946,66.09958,244.35],[-133.70106,66.08522,251.9924],[-133.70468,66.07201,254.6739],[-133.69537,66.06132,258.1812],[-133.67744,66.0568,255.3311],[-133.65768,66.05597,249.1532],[-133.64305,66.05602,247.1984],[-133.6084,66.04995,253.482],[-133.61024,66.03641,264.5081],[-133.62561,66.01499,280.5098],[-133.63135,65.98535,295.3082],[-133.61179,65.96187,348.1128],[-133.57528,65.95556,421.8694],[-133.53396,65.95703,377.0757],[-133.50006,65.9567,346.6028],[-133.46242,65.94957,338.4525],[-133.42464,65.94435,334.399],[-133.38759,65.94696,336.5851],[-133.35219,65.96316,314.0159],[-133.34857,65.96796,310.8266],[-133.34707,65.9738,272.8266],[-133.34509,65.97959,287.4381],[-133.34025,65.98409,306.8368],[-133.33075,65.98693,312.563],[-133.32067,65.98729,317.9566],[-133.31044,65.98628,322.7521],[-133.30051,65.98502,326.3105],[-133.28173,65.98626,329.9547],[-133.26227,65.99194,337.1757],[-133.24287,65.99923,350.3882],[-133.22432,66.00522,341.0377],[-133.17437,66.01623,354.4221],[-133.12737,66.02331,318.0532],[-133.07991,66.02584,347.4526],[-133.02857,66.02346,344.5822],[-132.99668,66.02569,360.2105],[-132.95542,66.02972,380.1851],[-132.92043,66.02553,410.7619],[-132.9072,66.00313,418.5396],[-132.91894,65.97975,429.1524],[-132.94377,65.95858,446.193],[-132.97196,65.93964,458.4603],[-132.99387,65.92311,465.3773],[-132.96787,65.91127,467.6021],[-132.93555,65.90742,469.7626],[-132.90209,65.90835,468.1743],[-132.87274,65.9104,467.5202],[-132.85796,65.91153,464.7589],[-132.84199,65.91363,459.0557],[-132.82646,65.91701,455.9548],[-132.81277,65.92213,452.427],[-132.80672,65.92809,451.826],[-132.80527,65.93577,452.3327],[-132.80496,65.94414,452.093],[-132.80217,65.95231,450.1113],[-132.78137,65.96889,440.4139],[-132.75455,65.97602,433.6842],[-132.7268,65.9815,428.8621],[-132.70329,65.99344,432.1954],[-132.68608,66.00654,419.1157],[-132.66665,66.01706,405.6335],[-132.64583,66.02455,401.9967],[-132.62464,66.02879,413.9322],[-132.60441,66.03101,416.4949],[-132.58273,66.03184,413.4419],[-132.56146,66.0293,405.1975],[-132.5425,66.02145,400.5376],[-132.53348,66.01292,396.1414],[-132.5293,66.00409,378.8466],[-132.52614,65.99556,365.9009],[-132.52023,65.98786,365.609],[-132.48191,65.97711,377.3246],[-132.43685,65.98644,390.1245],[-132.39109,65.99664,372.6793],[-132.35065,65.98843,414.5849],[-132.34132,65.97928,434.0877],[-132.33473,65.96745,350.1148],[-132.33205,65.95564,485.1323],[-132.33442,65.94672,486.5004],[-132.34667,65.94094,504.4539],[-132.36739,65.93691,515.9952],[-132.38925,65.93357,517.2371],[-132.40494,65.93008,517.6198],[-132.43917,65.9205,509.2432],[-132.477,65.91293,527.2026],[-132.5134,65.90285,537.4194],[-132.54335,65.88637,526.5558],[-132.55327,65.8781,543.552],[-132.56446,65.86719,549.6708],[-132.57167,65.85531,547.8344],[-132.56942,65.84415,560.5469],[-132.55526,65.83345,568.3551],[-132.5371,65.82678,477.4035],[-132.51782,65.82239,592.4555],[-132.50051,65.81893,618.4672],[-132.45778,65.80746,743.1548],[-132.41318,65.79182,792.1604],[-132.37073,65.77149,798.138],[-132.33442,65.74586,836.4462],[-132.32471,65.73914,861.3059],[-132.3137,65.73327,837.1688],[-132.30287,65.72707,826.9557],[-132.29414,65.7195,771.6066],[-132.28972,65.71227,765.0833],[-132.28655,65.70434,760.7429],[-132.28321,65.69661,673.9513],[-132.27828,65.68979,737.7971],[-132.26404,65.68054,767.6067],[-132.24812,65.67501,791.2083],[-132.23262,65.66907,837.8182],[-132.2197,65.65873,791.3192],[-132.2135,65.6485,714.8568],[-132.20993,65.63946,791.3034],[-132.20534,65.63028,826.387],[-132.19609,65.61977,797.5174],[-132.18544,65.61181,797.9796],[-132.17562,65.6037,806.954],[-132.17257,65.59455,788.9205],[-132.18218,65.58354,767.3278],[-132.19386,65.57597,783.9125],[-132.20539,65.56954,793.4601],[-132.21738,65.56411,803.2879],[-132.23037,65.55964,809.9313],[-132.24347,65.55701,820.1851],[-132.26187,65.55254,846.0537],[-132.27613,65.54473,796.3954],[-132.27688,65.53212,776.8959],[-132.27536,65.52282,739.5613],[-132.27936,65.51311,800.2012],[-132.28624,65.50443,809.633],[-132.29344,65.49828,820.4737],[-132.30424,65.49011,842.5691],[-132.31076,65.4829,982.5886],[-132.31517,65.4743,1233.4928],[-132.3197,65.46226,1135.7601],[-132.32044,65.45735,1338.2931],[-132.32091,65.45017,1106.1703],[-132.32138,65.44342,1226.2826],[-132.32215,65.4398,1415.1085],[-132.33024,65.43559,1308.0394],[-132.33892,65.43593,1314.0729],[-132.34791,65.4373,1379.96],[-132.3569,65.43593,1346.6947],[-132.36181,65.43208,1456.5002],[-132.36553,65.42681,1542.4231],[-132.3693,65.42138,1525.8989],[-132.37427,65.41704,1424.1658],[-132.38473,65.41275,1430.1161],[-132.39587,65.41022,1148.9159],[-132.40713,65.40795,1166.1326],[-132.41804,65.40479,1441.0125],[-132.43077,65.39952,1361.8672],[-132.44323,65.39392,1467.3036],[-132.45584,65.38841,1416.4863],[-132.46883,65.38335,1316.3501],[-132.49664,65.37188,1451.9458],[-132.52986,65.35255,1451.4531],[-132.55343,65.32702,1525.3239],[-132.55219,65.29689,1497.7098],[-132.55446,65.28413,1625.8262],[-132.57376,65.27937,1666.8677],[-132.59715,65.27912,1458.4211],[-132.61193,65.27994,1325.6868],[-132.62978,65.27878,1387.0586],[-132.64665,65.27428,1463.2158],[-132.66234,65.26646,1621.5828],[-132.67665,65.2556,1705.9227],[-132.68975,65.24263,1838.6781],[-132.70029,65.23354,1760.6677],[-132.71342,65.22858,1754.9615],[-132.73445,65.22811,1408.1531],[-132.7513,65.22927,1632.7094],[-132.77114,65.22951,1820.3436],[-132.78132,65.2262,1883.1101],[-132.76913,65.21674,1438.0493],[-132.75631,65.21504,1539.7026],[-132.73703,65.21369,1797.7887],[-132.72021,65.20878,1689.8485],[-132.71466,65.19643,1621.8546],[-132.72517,65.19116,1346.9259],[-132.74742,65.18964,1628.5154],[-132.77153,65.1893,1540.4982],[-132.78773,65.18786,1831.5892],[-132.77145,65.17514,1898.9905],[-132.74461,65.16383,1858.3885],[-132.71582,65.15644,1868.8274],[-132.69357,65.15566,2037.0133],[-132.69295,65.16744,1459.9993],[-132.67882,65.17109,1327.3502],[-132.6598,65.17044,1341.3712],[-132.64469,65.16938,1493.9532],[-132.62655,65.17215,1575.7844],[-132.61404,65.17876,1718.6295],[-132.60335,65.18618,1890.3926],[-132.59079,65.19116,1863.0297],[-132.57441,65.1891,1692.7136],[-132.55358,65.18062,1877.2483],[-132.53534,65.16899,1516.6207],[-132.52663,65.15742,1752.6379],[-132.53377,65.13721,1447.3914],[-132.54885,65.11871,1491.5079],[-132.55294,65.10305,1779.325],[-132.52692,65.09143,1935.9989],[-132.50325,65.08691,1925.3729],[-132.47907,65.08319,1871.4893],[-132.45475,65.08117,1890.0883],[-132.43085,65.08195,1871.7561],[-132.41059,65.08424,1898.0535],[-132.39003,65.08497,2172.6299],[-132.37065,65.08094,1736.4465],[-132.35385,65.069,1982.9164],[-132.35,65.06215,2051.5576],[-132.34349,65.04929,1892.2272],[-132.33724,65.03686,1633.1022],[-132.33442,65.03148,1846.0991],[-132.34706,65.02066,1799.1998],[-132.36879,65.01766,1537.4922],[-132.39189,65.01732,1751.1033],[-132.40881,65.01422,1765.145],[-132.41835,65.00595,1633.1531],[-132.42238,64.99722,1636.3013],[-132.42568,64.98903,1936.3971],[-132.43302,64.98244,1723.0969],[-132.45101,64.97774,1447.7078],[-132.47201,64.97598,1452.1766],[-132.49214,64.97299,1238.9939],[-132.50746,64.96451,1343.2512],[-132.51343,64.94337,1804.0399],[-132.49922,64.92482,1661.5364],[-132.48253,64.90498,1675.658],[-132.48121,64.87992,1950.7394],[-132.50258,64.86467,1430.5103],[-132.54004,64.8564,1586.4432],[-132.5802,64.84883,1727.3944],[-132.6097,64.83563,1629.8336],[-132.61999,64.82225,1884.7802],[-132.61531,64.81553,1794.1285],[-132.60257,64.81044,1762.3203],[-132.58857,64.80201,2008.865],[-132.58097,64.79191,2035.9832],[-132.57601,64.78256,1887.0398],[-132.56911,64.77496,1634.5023],[-132.55555,64.77062,1700.3712],[-132.5355,64.77075,1483.1713],[-132.51821,64.77506,1618.2013],[-132.50139,64.78052,1280.3466],[-132.48276,64.78426,1217.1189],[-132.46305,64.78369,1411.6588],[-132.443,64.78008,1551.0264],[-132.42279,64.77615,1408.1847],[-132.40274,64.7745,1603.3879],[-132.36168,64.7737,1714.6556],[-132.3206,64.76858,2060.5903],[-132.28058,64.75775,2213.3074],[-132.24265,64.73992,1796.8427],[-132.1997,64.71832,1647.5204],[-132.15867,64.70587,1918.8188],[-132.11583,64.70003,1689.6986],[-132.06736,64.69843,1667.4757],[-132.05377,64.69641,1738.2587],[-132.04253,64.69091,1555.2091],[-132.03325,64.68215,1358.0868],[-132.02566,64.67052,1645.7319],[-132.01568,64.65895,1863.5254],[-132.00238,64.65083,2066.8645],[-131.98806,64.6436,2137.5991],[-131.97527,64.63476,1895.5039],[-131.96613,64.62461,1918.7218],[-131.95827,64.61409,2129.7952],[-131.94951,64.6044,2021.4541],[-131.9376,64.59652,2014.8116],[-131.92321,64.59042,2010.7898],[-131.9084,64.58459,1993.6837],[-131.89373,64.57864,1580.1787],[-131.87983,64.57208,1871.6282],[-131.86344,64.56304,1931.891],[-131.84872,64.5558,1717.0992],[-131.83316,64.55164,1644.3092],[-131.81409,64.55203,1599.9432],[-131.79394,64.55358,1446.2736],[-131.77513,64.55291,1578.2725],[-131.75655,64.55053,1571.6284],[-131.73694,64.54699,1662.1367],[-131.68172,64.52115,1844.9775],[-131.71177,64.48991,1791.0719],[-131.77162,64.45715,1608.8401],[-131.80583,64.42656,1351.9893],[-131.80949,64.41628,1510.0205],[-131.81652,64.40392,1795.8478],[-131.82324,64.39302,1493.8649],[-131.82608,64.38703,1499.7275],[-131.81862,64.37752,1747.8951],[-131.80376,64.37716,1717.3971],[-131.78712,64.38098,1355.1185],[-131.77412,64.38418,1481.0837],[-131.75206,64.38744,1676.4137],[-131.7281,64.39054,1356.8734],[-131.70418,64.3925,1258.7998],[-131.68219,64.3923,1386.9252],[-131.66537,64.3884,1403.3153],[-131.65018,64.38142,1436.1797],[-131.63529,64.37395,1483.2025],[-131.61943,64.36866,1508.9943],[-131.59891,64.36894,1643.4896],[-131.5832,64.37592,1592.629],[-131.56809,64.3846,1707.2716],[-131.54941,64.38964,1633.795],[-131.53915,64.38933,1628.3016],[-131.52884,64.38793,1787.6959],[-131.51848,64.38708,1583.2703],[-131.50804,64.3884,1513.9995],[-131.50044,64.39214,1645.3485],[-131.49416,64.39741,1843.6653],[-131.48781,64.40299,1649.172],[-131.48026,64.40728,1799.2628],[-131.46347,64.40982,1997.3733],[-131.44388,64.41082,1898.3602],[-131.42657,64.41586,1988.8293],[-131.41649,64.43038,1605.804],[-131.41518,64.44025,1560.2343],[-131.41432,64.44893,1663.6252],[-131.41122,64.45648,1936.9219],[-131.40303,64.46309,1993.7587],[-131.38446,64.4679,2017.4569],[-131.36676,64.46459,1746.1707],[-131.34947,64.45746,2001.4095],[-131.33193,64.4509,1738.099],[-131.31268,64.44604,1584.9012],[-131.29252,64.44154,1643.7693],[-131.27227,64.4372,1790.3971],[-131.25273,64.43312,2162.6418],[-131.21581,64.42979,2137.3789],[-131.17977,64.42979,1735.8273],[-131.14561,64.42413,2048.5098],[-131.11414,64.40385,1807.1383],[-131.10287,64.39467,2007.7631],[-131.09163,64.38863,2299.0933],[-131.08003,64.3832,1937.1465],[-131.06773,64.37561,1881.6611],[-131.06783,64.37271,1964.292],[-131.07006,64.36785,1989.0458],[-131.07192,64.36258,1902.6233],[-131.07081,64.3584,1728.266],[-131.06192,64.35271,1807.4863],[-131.05153,64.34853,1988.5323],[-131.0407,64.34517,1939.0597],[-131.03073,64.34189,1768.9141],[-131.0035,64.32522,1998.2549],[-131.01316,64.31179,2110.6467],[-131.03905,64.29786,1747.9565],[-131.06052,64.27951,1811.6586],[-131.0343,64.27525,1998.9452],[-131.00357,64.2721,1643.3921],[-130.97528,64.26442,1533.8042],[-130.95663,64.24657,1895.2671],[-130.95017,64.23153,1421.5079],[-130.94345,64.21846,1559.8096],[-130.93348,64.20841,1607.1989],[-130.91722,64.20239,1465.8663],[-130.87265,64.19047,1754.4454],[-130.88201,64.1811,1610.59],[-130.91477,64.16926,1807.6321],[-130.9405,64.15004,1500.2021],[-130.94198,64.1289,1616.2616],[-130.92779,64.11317,1676.5626],[-130.90601,64.10136,1819.4944],[-130.88472,64.09201,1806.663],[-130.8696,64.08482,1682.828],[-130.85935,64.07717,1440.5017],[-130.85655,64.06674,1367.2434],[-130.864,64.05121,1435.3142],[-130.86258,64.04188,1552.8007],[-130.84408,64.04276,1478.5028],[-130.82232,64.04787,1531.9031],[-130.81136,64.05105,1567.4104],[-130.79472,64.0526,1571.1033],[-130.77395,64.05183,1833.7109],[-130.75674,64.04671,1930.0236],[-130.7508,64.03532,1759.9086],[-130.75788,64.02431,1634.6884],[-130.76878,64.01821,1489.3553],[-130.7754,64.01059,1455.5608],[-130.76943,63.99506,1623.1671],[-130.73995,63.97341,1731.9692],[-130.69654,63.95956,1916.827],[-130.65091,63.9501,1782.494],[-130.61479,63.94142,1986.5087],[-130.60316,63.93623,1671.463],[-130.59231,63.93031,1675.2101],[-130.58112,63.92556,1626.7533],[-130.56854,63.92395,1486.3895],[-130.56203,63.92566,1550.5594],[-130.55621,63.92902,1674.2189],[-130.55048,63.93243,1853.0544],[-130.54409,63.93424,1995.575],[-130.52983,63.93382,1826.865],[-130.52089,63.93041,1610.9113],[-130.51293,63.92483,1526.7378],[-130.50162,63.91786,1744.7452],[-130.48415,63.91052,2010.4353],[-130.46684,63.90512,1792.168],[-130.44984,63.89915,1492.9479],[-130.43332,63.89005,1798.3545],[-130.42472,63.883,1704.1205],[-130.41635,63.87491,1751.8284],[-130.40787,63.8667,1538.7441],[-130.39888,63.85951,1822.3704],[-130.36248,63.84153,1717.2097],[-130.32256,63.83029,1342.6936],[-130.28153,63.82153,1414.7015],[-130.24179,63.81112,1507.6803],[-130.22212,63.80538,1581.5999],[-130.20254,63.80153,1639.9387],[-130.18308,63.80021,1664.7095],[-130.16386,63.802,1719.7192],[-130.15073,63.80598,2096.0115],[-130.13957,63.81003,1878.0101],[-130.12815,63.81052,1690.3276],[-130.1144,63.80396,1802.7499],[-130.098,63.78231,1578.0286],[-130.10789,63.76662,1772.4612],[-130.13205,63.75745,1825.0327],[-130.15864,63.75539,1727.8408],[-130.16985,63.75681,1617.7048],[-130.1845,63.75867,1597.7078],[-130.19884,63.7588,1616.0114],[-130.20926,63.75523,1483.0879],[-130.2115,63.75135,1592.4507],[-130.21189,63.74743,1637.608],[-130.21342,63.74386,1716.8921],[-130.21884,63.74117,1735.4508],[-130.239,63.73869,1883.051],[-130.25915,63.73864,1523.6769],[-130.27884,63.73699,1540.1787],[-130.29778,63.72981,1527.6237],[-130.31517,63.71513,1509.735],[-130.31796,63.70301,1467.7529],[-130.30814,63.69394,1593.728],[-130.28778,63.68857,1442.5033],[-130.27597,63.68412,1380.7942],[-130.27284,63.67746,1470.4336],[-130.26819,63.67084,1371.2271],[-130.25191,63.66676,1341.7378],[-130.22236,63.66986,1545.0176],[-130.18993,63.68027,1255.1328],[-130.15766,63.69286,1573.6339],[-130.12856,63.70257,1363.1196],[-130.11185,63.70283,1439.8241],[-130.09451,63.69753,1817.4774],[-130.08578,63.6879,1643.7583],[-130.09503,63.67508,1294.9872],[-130.1067,63.66583,1365.001],[-130.10557,63.66133,1326.3442],[-130.09676,63.65694,1341.847],[-130.08554,63.64816,1346.4713],[-130.08598,63.64335,1349.9448],[-130.09079,63.63813,1534.9071],[-130.09373,63.63327,1764.478],[-130.08862,63.62937,1616.9971],[-130.0803,63.62743,1571.692],[-130.07169,63.62612,1606.5178],[-130.06299,63.62532,1533.865],[-130.05451,63.62506,1701.4427],[-130.03348,63.62604,1481.0272],[-130.00397,63.62705,1470.3087],[-129.97503,63.62506,1483.6646],[-129.95581,63.61725,1592.4575],[-129.95136,63.60718,2042.0339],[-129.95354,63.59741,1810.9127],[-129.95671,63.58909,1647.8291],[-129.9554,63.58325,1564.1469],[-129.93963,63.57643,1496.0143],[-129.92152,63.57429,1476.1846],[-129.90333,63.57168,1453.7582],[-129.88718,63.56343,1374.8971],[-129.87432,63.54837,1497.7802],[-129.86367,63.53101,1592.0657],[-129.85266,63.51375,1646.5448],[-129.83845,63.49881,1598.0295],[-129.82285,63.47793,1671.9436],[-129.83938,63.4692,1707.9567],[-129.86951,63.46424,1776.627],[-129.89442,63.45481,1614.2485],[-129.90909,63.43907,1792.6288],[-129.91439,63.426,1948.4786],[-129.91232,63.41251,1916.1035],[-129.90496,63.39567,1841.7789],[-129.90672,63.38378,2011.4021],[-129.91889,63.37334,2016.4232],[-129.9346,63.36518,2037.5193],[-129.94692,63.36022,2148.6951],[-129.97134,63.35324,2107.3037],[-129.99529,63.34978,1635.799],[-130.0194,63.34786,1554.0619],[-130.04415,63.34533,1657.051],[-130.06572,63.3406,1835.5337],[-130.08743,63.33314,2049.7183],[-130.10877,63.32466,1617.3605],[-130.12942,63.31655,1975.9489],[-130.13554,63.30993,1901.4501],[-130.14112,63.29779,1781.9437],[-130.145,63.28497,1783.0374],[-130.14608,63.27645,1805.2206],[-130.14712,63.27133,1704.0037],[-130.1498,63.26968,1643.4159],[-130.15006,63.2681,1618.4974],[-130.14358,63.2634,1568.1443],[-130.13368,63.26203,1561.3628],[-130.11864,63.26399,1523.0624],[-130.10319,63.26709,1472.671],[-130.09218,63.26919,1471.6476],[-130.05802,63.26952,1454.9835],[-130.03436,63.26154,1388.4343],[-130.01467,63.24575,1359.5101],[-129.99247,63.2226,1614.6331],[-129.98371,63.21283,1635.9883],[-129.97736,63.20705,1650.009],[-129.96852,63.20475,1669.396],[-129.9526,63.20539,1858.2833],[-129.93235,63.20637,2004.6802],[-129.91772,63.20405,1818.4358],[-129.90535,63.19692,1988.8721],[-129.89194,63.18338,1616.6708],[-129.87938,63.16524,1445.1979],[-129.86687,63.144,1642.8872],[-129.85261,63.12529,1853.0686],[-129.8352,63.1148,1698.8829],[-129.84886,63.09863,1780.0316],[-129.84468,63.09132,1672.5115],[-129.82969,63.08881,1672.0094],[-129.81106,63.087,2048.4797],[-129.79153,63.08137,1824.8883],[-129.77417,63.07328,1995.2894],[-129.7566,63.06628,1682.7719],[-129.73649,63.06385,1606.5605],[-129.7044,63.06917,1451.2366],[-129.65609,63.07579,1409.8964],[-129.61381,63.0722,1546.9196],[-129.59971,63.04675,1851.8097],[-129.6073,63.03708,1954.6144],[-129.62255,63.02778,1801.7014],[-129.63919,63.01967,1863.5671],[-129.65123,63.01336,1672.1746],[-129.66384,63.00256,1611.4183],[-129.66652,62.99502,1671.264],[-129.6665,62.98706,1527.3623],[-129.67107,62.97559,1706.3491],[-129.67908,62.9684,1262.854],[-129.69009,62.96246,1200.3867],[-129.70053,62.95662,1185.7793],[-129.70673,62.9498,1172.5576],[-129.70758,62.9452,1136.547],[-129.70797,62.9391,1125.6138],[-129.70805,62.93368,1114.5551],[-129.70833,62.93089,1112.8785],[-129.71701,62.91768,1231.3391],[-129.72104,62.90934,1290.0811],[-129.71722,62.9021,1395.1814],[-129.70244,62.89231,1805.2324],[-129.7212,62.88836,1668.9021],[-129.74497,62.88893,1462.4142],[-129.76523,62.88526,1591.3176],[-129.77329,62.86864,1806.5498],[-129.7645,62.85156,1817.1383],[-129.74474,62.83937,1715.3312],[-129.72208,62.83064,1547.5063],[-129.70451,62.82397,1697.9028],[-129.69249,62.81418,1768.5269],[-129.68099,62.79994,1605.0863],[-129.66885,62.78526,1376.6764],[-129.6549,62.77415,1312.1176],[-129.64627,62.7695,1487.4622],[-129.64053,62.76568,1625.4268],[-129.6365,62.76154,1724.5576],[-129.63301,62.75586,1621.1907],[-129.63567,62.75534,1654.4495],[-129.64094,62.75312,1856.9705],[-129.64609,62.75059,1641.8229],[-129.64831,62.74925,1581.5472],[-129.64596,62.74645,1666.2223],[-129.64221,62.74356,1529.8798],[-129.63867,62.74139,1442.3986],[-129.63717,62.74093,1411.0602],[-129.63459,62.73622,1370.1621],[-129.62983,62.73297,1550.1656],[-129.62575,62.72811,1788.4546],[-129.62511,62.71855,1741.5288],[-129.6257,62.71072,1798.7872],[-129.6242,62.70537,1697.6699],[-129.61986,62.70217,1631.772],[-129.61206,62.70044,1713.9822],[-129.6019,62.70062,1798.2546],[-129.59152,62.70212,1649.569],[-129.5811,62.70299,1591.0596],[-129.57108,62.70144,1604.063],[-129.56477,62.69778,1664.6285],[-129.56051,62.69279,1843.6698],[-129.55666,62.6878,1809.099],[-129.55191,62.68398,1699.7943],[-129.54395,62.6816,1751.3794],[-129.53315,62.67943,1555.5253],[-129.52302,62.67664,1819.0275],[-129.51692,62.67256,1599.5432],[-129.51604,62.66669,1701.0432],[-129.51883,62.66168,1558.9713],[-129.52227,62.65765,1468.6827],[-129.52328,62.65483,1437.67],[-129.52209,62.65163,1416.0968],[-129.52116,62.64775,1401.7334],[-129.51989,62.64346,1445.3231],[-129.51772,62.63897,1507.2405],[-129.51325,62.63628,1396.9065],[-129.50628,62.6346,1341.4039],[-129.49904,62.63246,1290.3049],[-129.49387,62.6284,1266.3331],[-129.49548,62.60765,1232.3167],[-129.5224,62.59902,1375.6683],[-129.55377,62.59298,1419.5815],[-129.56886,62.58011,1484.9525],[-129.55196,62.56636,1497.5454],[-129.51413,62.57192,1358.2386],[-129.47434,62.58414,1290.6171],[-129.45155,62.59039,1418.8053],[-129.41894,62.58057,1622.8009],[-129.39137,62.56427,1640.7118],[-129.36453,62.5476,1731.5503],[-129.33419,62.53675,1584.4827],[-129.29761,62.53215,1256.3855],[-129.24544,62.52357,1664.0779],[-129.19694,62.50717,1423.9648],[-129.17162,62.47908,1678.7615],[-129.17891,62.46854,1846.9127],[-129.19947,62.46254,1624.8293],[-129.22283,62.45965,1554.1132],[-129.23857,62.45815,1630.6758],[-129.25588,62.45738,1578.696],[-129.26949,62.45727,1664.9253],[-129.27745,62.45288,1879.5183],[-129.27776,62.43908,1701.0332],[-129.28262,62.43045,1629.0054],[-129.29551,62.42784,1726.2419],[-129.30469,62.42299,1615.7908],[-129.29833,62.40761,1570.2277],[-129.28244,62.39743,1494.2864],[-129.25931,62.39133,1446.7074],[-129.23508,62.38586,1408.9219],[-129.21575,62.37756,1528.5981],[-129.23957,62.36901,1645.655],[-129.27066,62.35578,1726.194],[-129.29774,62.33935,1159.4022],[-129.30939,62.32121,1662.3063],[-129.30655,62.31578,1517.108],[-129.29988,62.30801,1539.2781],[-129.29254,62.29992,1606.1921],[-129.28776,62.29369,1805.4686],[-129.2834,62.28163,1479.4395],[-129.28169,62.27263,1450.895],[-129.27725,62.26522,1402.3218],[-129.2644,62.2578,1531.011],[-129.25285,62.25062,1682.7898],[-129.24603,62.24214,1741.4016],[-129.24035,62.23331,1466.6421],[-129.23221,62.22507,1489.0197],[-129.21658,62.21848,1804.9647],[-129.2042,62.21584,1886.2767],[-129.2018,62.21052,1932.4836],[-129.21606,62.19589,1417.866],[-129.23317,62.18856,1628.5487],[-129.25916,62.18135,1610.3105],[-129.28314,62.17292,1915.4156],[-129.29412,62.16199,1744.9451],[-129.28761,62.15336,1831.7104],[-129.27135,62.15119,1794.4156],[-129.2526,62.15194,1949.6332],[-129.2388,62.15181,1803.4292],[-129.21684,62.14623,1924.4376],[-129.19565,62.13856,1719.5474],[-129.1748,62.1298,1738.2048],[-129.15376,62.12107,1927.5265],[-129.13002,62.11605,1745.4828],[-129.11007,62.11895,1748.7534],[-129.09124,62.12556,1683.0734],[-129.0708,62.13171,1662.1593],[-129.05354,62.13435,1578.3954],[-129.03413,62.13579,1736.974],[-129.01447,62.13641,1753.2528],[-128.99664,62.13621,1744.0939],[-128.9785,62.13282,1762.3975],[-128.96166,62.12613,1881.0884],[-128.94497,62.11959,1509.7731],[-128.92734,62.11626,1883.0328],[-128.9121,62.11698,1753.1661],[-128.89375,62.11729,1575.8015],[-128.8767,62.11373,1528.024],[-128.86564,62.10267,1257.2313],[-128.86298,62.09295,1338.2921],[-128.8606,62.08239,1465.9834],[-128.85655,62.07347,1716.1516],[-128.84854,62.06867,1718.9755],[-128.82983,62.06464,1750.1917],[-128.80412,62.05947,1429.7676],[-128.77908,62.05688,1816.0905],[-128.7625,62.06076,1721.818],[-128.75312,62.0713,1493.1306],[-128.74591,62.08277,1344.6112],[-128.73725,62.09438,1355.3232],[-128.72356,62.10536,1582.8152],[-128.68496,62.12034,1487.3213],[-128.6455,62.12386,1622.0527],[-128.60496,62.12269,1679.1724],[-128.56313,62.12365,1415.2676],[-128.54659,62.12179,1362.7592],[-128.53595,62.11396,1415.1461],[-128.5275,62.10298,1481.2539],[-128.5175,62.09174,1610.2598],[-128.50499,62.08285,1828.9954],[-128.49182,62.07611,1731.6539],[-128.47838,62.07001,1835.1705],[-128.46494,62.06314,1904.8303],[-128.44619,62.05608,1744.214],[-128.42081,62.04913,1713.1727],[-128.39683,62.04128,1743.7852],[-128.38216,62.03115,1722.2607],[-128.37983,62.02138,1651.0087],[-128.38474,62.01518,1478.7128],[-128.39063,62.00893,1573.9227],[-128.3911,61.99895,1737.4502],[-128.38128,61.99025,2079.9492],[-128.36332,61.9842,1991.6689],[-128.34387,61.97947,1979.4229],[-128.3294,61.97482,1574.2567],[-128.31756,61.96896,1550.2087],[-128.30149,61.96115,1784.9692],[-128.28635,61.95317,1746.6139],[-128.2772,61.94671,1952.8571],[-128.26733,61.93738,1940.1844],[-128.25648,61.92826,2058.574],[-128.24656,61.91837,1784.6953],[-128.23943,61.90671,1726.1093],[-128.23638,61.89426,1980.5507],[-128.23527,61.88227,2031.8636],[-128.2325,61.87038,2099.8047],[-128.22467,61.8584,1911.4534],[-128.19876,61.8463,2078.1379],[-128.16827,61.85018,1860.7885],[-128.13631,61.85834,2260.0674],[-128.1061,61.85925,2253.053],[-128.0843,61.85005,2036.8109],[-128.0674,61.83597,1716.7065],[-128.05244,61.81943,1381.569],[-128.03634,61.8031,2133.0933],[-128.02768,61.7953,2109.418],[-128.01768,61.78532,2063.8562],[-128.00874,61.77463,1932.0645],[-128.00327,61.76478,1580.087],[-128.00247,61.75215,1516.9808],[-128.00477,61.73907,1725.3873],[-128.00572,61.72636,1858.3662],[-128.00084,61.71479,1881.4628],[-127.99458,61.7074,1939.7325],[-127.98833,61.70037,1650.0156],[-127.98133,61.69399,1552.1246],[-127.97275,61.68869,1972.6478],[-127.95407,61.68368,1729.6486],[-127.93322,61.68182,1811.4266],[-127.91325,61.67887,1846.6064],[-127.89692,61.67034,2038.2765],[-127.86989,61.64735,1991.6196],[-127.83961,61.62691,1918.6619],[-127.80687,61.61086,1698.0812],[-127.77235,61.6012,1538.4965],[-127.7507,61.59903,1640.5454],[-127.72563,61.59624,1918.0037],[-127.70256,61.58968,1945.4637],[-127.68677,61.57591,2202.8284],[-127.68083,61.56451,1873.9414],[-127.67621,61.55697,2234.3123],[-127.66931,61.55118,2057.5015],[-127.65667,61.54508,2065.0662],[-127.636,61.54002,2161.3135],[-127.61337,61.53785,1718.6298],[-127.59141,61.53438,1930.3168],[-127.57249,61.52529,2066.251],[-127.56024,61.51723,1892.9718],[-127.54795,61.51247,2002.1731],[-127.53482,61.5102,1898.2921],[-127.51994,61.50963,1719.491],[-127.47798,61.50808,1749.8081],[-127.43268,61.5056,1777.0029],[-127.38806,61.50648,1398.1029],[-127.34816,61.5149,1527.8231],[-127.31271,61.52162,1622.527],[-127.28099,61.51614,1923.3551],[-127.25112,61.50325,2078.4507],[-127.22132,61.48757,1909.5067],[-127.19463,61.47914,1996.4227],[-127.1683,61.47449,1753.5625],[-127.14575,61.46519,1981.687],[-127.1305,61.44255,2009.7965],[-127.12844,61.43088,1669.5698],[-127.12784,61.41915,1712.678],[-127.12621,61.40772,1777.0758],[-127.12079,61.39703,1747.8962],[-127.10766,61.38866,1605.0475],[-127.09032,61.38403,1424.0947],[-127.07376,61.3791,1789.6805],[-127.06317,61.36995,1698.8773],[-127.06162,61.36044,1550.5326],[-127.06436,61.35186,1770.1824],[-127.06808,61.34334,1644.8784],[-127.06911,61.33367,1851.7844],[-127.0657,61.32406,1831.3025],[-127.05945,61.31618,1853.1487],[-127.05216,61.30907,1615.8322],[-127.04552,61.30174,1620.2764],[-127.03521,61.28375,1537.2263],[-127.02839,61.26487,1433.5234],[-127.02317,61.24531,1378.9814],[-127.01775,61.22536,1293.2939],[-127.01457,61.21585,1391.0389],[-127.01149,61.20676,1436.8577],[-127.00891,61.19748,1465.165],[-127.0072,61.18769,1405.6919],[-127.00963,61.17725,1425.9878],[-127.01697,61.16955,1453.0327],[-127.02526,61.16229,1390.2437],[-127.03066,61.15345,1297.0764],[-127.02653,61.14226,1386.235],[-127.01578,61.13552,1465.4104],[-127.01222,61.12697,1491.4407],[-127.02968,61.11038,1465.5284],[-127.04426,61.10335,1125.3402],[-127.06053,61.09922,1331.212],[-127.07722,61.09555,1301.8602],[-127.09283,61.09007,1406.5739],[-127.1027,61.08066,1567.3203],[-127.10001,61.07074,1223.2802],[-127.09094,61.06154,1393.4377],[-127.08136,61.05426,1470.5804],[-127.06803,61.04537,1375.7662],[-127.05831,61.04273,1420.4641],[-127.04829,61.04506,1497.5594],[-127.03384,61.0509,1282.1534],[-127.01302,61.05912,1235.7679],[-126.9909,61.06583,1287.1368],[-126.96829,61.06865,1348.7397],[-126.94594,61.0648,1332.1771],[-126.93651,61.05901,1454.9607],[-126.93457,61.05219,1570.6747],[-126.9362,61.04421,1547.028],[-126.93744,61.03483,1600.9353],[-126.93677,61.01452,1353.3251],[-126.93439,61.00046,1415.6541],[-126.92837,60.98739,1495.1232],[-126.91687,60.97008,1368.3322],[-126.91176,60.96346,1409.0029],[-126.90535,60.95463,1425.8396],[-126.90075,60.94569,1319.1793],[-126.90096,60.93868,1417.1299],[-126.90907,60.92915,1360.7554],[-126.91607,60.92212,1263.2345],[-126.91982,60.91411,1365.7286],[-126.91842,60.90161,1293.5031],[-126.91762,60.88166,1185.614],[-126.9207,60.86569,1354.4482],[-126.9162,60.85233,1402.8733],[-126.89269,60.84034,1374.005],[-126.88091,60.83303,1178.7728],[-126.88282,60.82481,1233.1364],[-126.89016,60.81618,1166.8416],[-126.8947,60.8073,1311.6221],[-126.89222,60.79241,1298.277],[-126.88452,60.78187,1321.0427],[-126.87295,60.7735,1430.1575],[-126.85905,60.76513,1239.0884],[-126.85197,60.76125,1334.8866],[-126.84308,60.75733,1271.3809],[-126.83393,60.7549,1201.1465],[-126.82608,60.75505,1293.506],[-126.82112,60.75831,1310.0023],[-126.82013,60.76242,1281.9923],[-126.82006,60.76658,1262.6338],[-126.81773,60.76978,1276.08],[-126.80202,60.77782,1407.8696],[-126.78789,60.78244,1282.2798],[-126.7727,60.78368,1251.0],[-126.75368,60.78172,1275.634],[-126.73665,60.77583,1329.9567],[-126.72298,60.76627,1236.3818],[-126.70965,60.75603,1170.3121],[-126.69358,60.74813,1186.1943],[-126.67487,60.74565,1231.8857],[-126.65958,60.74973,1299.8729],[-126.64498,60.75769,1426.4369],[-126.62857,60.76676,1510.5803],[-126.60056,60.78265,1537.891],[-126.57276,60.79942,1525.3431],[-126.54325,60.81174,1374.6404],[-126.51026,60.81453,1320.8606],[-126.49623,60.81143,1209.0764],[-126.48202,60.80595,1133.2072],[-126.46817,60.79918,1074.5874],[-126.4554,60.79241,1159.6771],[-126.43458,60.78409,1270.5968],[-126.41236,60.77934,1253.3879],[-126.38962,60.77704,1261.3555],[-126.36724,60.77629,1137.1791],[-126.33443,60.7765,885.8938],[-126.28851,60.77965,921.5555],[-126.24554,60.78854,1034.3669],[-126.22146,60.80595,1142.4346],[-126.21976,60.82192,1252.4087],[-126.228,60.82949,1251.7378],[-126.23862,60.83515,1277.0098],[-126.24415,60.84564,1205.4543],[-126.2373,60.85719,1154.6068],[-126.22069,60.86249,1096.5551],[-126.20123,60.86399,1104.8563],[-126.18591,60.86409,1084.0148],[-126.16818,60.86543,1123.7549],[-126.14436,60.86688,1284.4148],[-126.1217,60.86569,1331.5701],[-126.10741,60.85897,1286.5277],[-126.10607,60.85125,1288.0035],[-126.10958,60.8428,1238.6937],[-126.11372,60.83437,1225.1438],[-126.11413,60.82647,1285.7574],[-126.09377,60.81471,1168.7743],[-126.05429,60.80575,1129.5015],[-126.01419,60.80347,1141.5154],[-125.99207,60.81202,1096.569],[-125.97693,60.84466,1137.488],[-125.96132,60.86848,1138.1918],[-125.93841,60.88473,1056.6625],[-125.90135,60.89473,1075.162],[-125.86402,60.89401,1133.0825],[-125.82604,60.88313,1186.886],[-125.78916,60.86667,1157.2074],[-125.75526,60.84923,1145.5121],[-125.71542,60.83396,1037.7964],[-125.67623,60.82766,1045.6494],[-125.63587,60.82647,1057.4562],[-125.59248,60.82673,1194.4913],[-125.54657,60.82215,1225.269],[-125.49947,60.81143,1272.738],[-125.45272,60.7983,1332.9319],[-125.40792,60.78632,1249.9524],[-125.36415,60.78203,1212.1582],[-125.32178,60.78792,1156.6414],[-125.28075,60.80068,1278.0315],[-125.2408,60.81704,1220.1488],[-125.22483,60.82554,1153.3115],[-125.21036,60.83494,1155.9205],[-125.19556,60.84357,1258.4869],[-125.17861,60.8497,1329.3085],[-125.15835,60.85233,1320.1162],[-125.13672,60.85246,1272.0665],[-125.11486,60.85153,1304.0702],[-125.09399,60.85091,1375.8567],[-125.06991,60.85272,1335.5106],[-125.04562,60.8566,1050.6495],[-125.02138,60.86001,1304.1071],[-124.99746,60.86042,1428.7262],[-124.97102,60.8583,1359.2866],[-124.94472,60.85629,1415.7727],[-124.91834,60.8551,1536.0115],[-124.89188,60.85515,1517.2021],[-124.86899,60.86342,1629.348],[-124.86976,60.88166,1466.3416],[-124.87581,60.90434,1294.3345],[-124.86868,60.92615,1470.0251],[-124.84852,60.94571,1449.0656],[-124.82816,60.96119,1562.5684],[-124.80579,60.96817,1520.0864],[-124.77979,60.96227,1542.8524],[-124.76173,60.95569,1453.3489],[-124.74742,60.95463,1411.3364],[-124.73287,60.95643,1262.5045],[-124.71414,60.9584,1301.407],[-124.69613,60.95731,1306.8905],[-124.67985,60.95463,1322.3854],[-124.6637,60.95385,1377.1693],[-124.64613,60.95876,1607.5359],[-124.59862,60.96455,1571.7114],[-124.56647,60.93899,1830.0421],[-124.54616,60.89716,1660.9424],[-124.53412,60.85463,1424.9211],[-124.52219,60.83675,1652.8971],[-124.50152,60.81763,1335.4198],[-124.48333,60.80032,1585.4362],[-124.47873,60.78787,1572.0895],[-124.50418,60.76172,1430.6027],[-124.53557,60.74487,1365.6183],[-124.56955,60.73216,1634.1674],[-124.60267,60.71826,1518.4501],[-124.6197,60.68208,1535.3123],[-124.57906,60.64012,1354.5348],[-124.51787,60.60274,1617.4861],[-124.4733,60.58008,1351.2823],[-124.45733,60.56881,1218.5424],[-124.44459,60.55377,1152.3014],[-124.43506,60.53651,1497.748],[-124.42858,60.51868,1492.7064],[-124.42715,60.5091,1454.4669],[-124.42535,60.49587,1479.0142],[-124.42217,60.48422,1516.3467],[-124.41641,60.47931,1416.488],[-124.39188,60.47931,1244.6582],[-124.367,60.47915,1229.8735],[-124.34225,60.47962,1106.0016],[-124.31791,60.48186,936.8141],[-124.28243,60.48357,728.2872],[-124.24499,60.47776,1036.0544],[-124.21616,60.46132,1259.2373],[-124.20634,60.43114,1399.1028],[-124.20936,60.41029,1360.9021],[-124.21262,60.39208,1284.2832],[-124.21324,60.37371,1241.8271],[-124.2083,60.35257,1240.2512],[-124.1957,60.33006,1274.9324],[-124.17916,60.31301,1274.7483],[-124.16149,60.2973,1285.2267],[-124.14539,60.27896,1118.609],[-124.13156,60.25767,1150.4819],[-124.11792,60.23669,1194.3929],[-124.10257,60.21718,1160.9508],[-124.08387,60.20036,837.6251],[-124.0687,60.19007,672.0165],[-124.05309,60.18046,453.536],[-124.03751,60.17098,381.6752],[-124.02217,60.16103,415.7485],[-124.01377,60.15258,449.7086],[-124.00966,60.14351,470.2845],[-124.00661,60.13447,484.5437],[-124.00134,60.12605,433.6746],[-123.98082,60.09845,464.5953],[-123.98405,60.08341,470.9523],[-124.00204,60.06869,474.3303],[-124.02594,60.04202,421.3247],[-124.02555,60.0199,499.5305],[-123.99452,60.01629,462.957],[-123.95421,60.0229,454.8834],[-123.92605,60.03184,365.8165],[-123.89582,60.04039,277.5839],[-123.86497,60.0383,231.2826],[-123.83789,60.02497,217.5],[-123.8191,60.00006,234.4332],[-123.34172,60.00006,497.8841],[-122.86433,60.00006,347.5598],[-122.38694,60.00006,428.5923],[-121.90956,60.00006,471.9897],[-121.43217,60.00006,553.2661],[-120.95473,60.00006,633.8217],[-120.47734,60.00006,556.2262],[-119.99996,60.00006,470.8468],[-119.37496,60.00006,592.5229],[-118.74998,60.00006,613.6584],[-118.12498,60.00006,613.1434],[-117.49993,60.00006,764.4785],[-116.87498,60.00006,302.3814],[-116.24995,60.00006,308.7452],[-115.62495,60.00006,290.3781],[-114.99995,60.00006,304.7947],[-114.37495,60.00006,302.4743],[-113.74998,60.00006,288.3205],[-113.12495,60.00006,257.1565],[-112.49998,60.00006,243.6057],[-111.87495,60.00006,206.701],[-111.24995,60.00006,228.6679],[-110.62495,60.00006,304.9518],[-109.99997,60.00006,357.7037],[-109.50008,60.00006,359.1468],[-109.00014,60.00006,421.8634],[-108.50027,60.00006,475.0681],[-108.00038,60.00006,473.1158],[-107.50049,60.00006,473.3092],[-107.00057,60.00006,494.3059],[-106.5007,60.00006,467.0493],[-106.00079,60.00006,439.0],[-105.50087,60.00006,448.9065],[-105.00098,60.00006,484.9767],[-104.50108,60.00006,389.0],[-104.00119,60.00006,394.0],[-103.5013,60.00006,423.4036],[-103.00138,60.00006,382.3622],[-102.50146,60.00006,392.4052],[-102.0016,60.00006,349.8994],[-102.0016,60.0007,351.7072],[-102.0016,60.00135,351.981],[-102.0016,60.00202,351.981],[-102.0016,60.00269,352.6395],[-102.00204,60.40856,343.3675],[-102.00245,60.81432,338.5],[-102.00289,61.22009,358.7236],[-102.00328,61.62595,372.1396],[-102.00382,62.14417,272.3942],[-102.00436,62.66243,258.8823],[-102.00491,63.18069,232.5],[-102.0054,63.69893,259.2343],[-102.00545,63.73621,271.919],[-102.00547,63.77358,287.5961],[-102.00553,63.81094,292.1024],[-102.00555,63.84825,270.0441],[-102.00382,63.8931,202.1947],[-101.99948,63.93822,209.133],[-101.99416,63.98333,212.1215],[-101.9893,64.02798,237.985],[-101.98659,64.07919,233.4412],[-101.98783,64.12764,199.0503],[-101.99219,64.17603,168.619],[-101.99909,64.2274,134.5483],[-102.03736,64.23996,101.5188],[-102.12035,64.24755,131.6872],[-102.20701,64.25166,141.2836],[-102.25629,64.25365,151.3199],[-102.68579,64.2875,110.3613],[-103.11522,64.32129,151.8148],[-103.54468,64.35519,168.3243],[-103.97414,64.38899,313.9301],[-104.58232,64.43689,300.8511],[-105.19047,64.48485,383.187],[-105.79863,64.53281,273.4555],[-106.40678,64.58071,358.2768],[-106.92592,64.62164,395.2397],[-107.44509,64.66257,396.0559],[-107.96426,64.70349,343.4961],[-108.48335,64.74442,425.9929],[-108.7278,64.76018,403.9065],[-108.97288,64.77817,410.4221],[-109.21506,64.81201,439.1623],[-109.45091,64.87532,481.1174],[-109.51633,64.90188,465.5],[-109.57979,64.93273,466.3732],[-109.64229,64.96588,449.9822],[-109.70469,64.99916,438.0],[-109.83518,65.06709,460.9426],[-109.96563,65.13504,481.9302],[-110.09609,65.203,478.9498],[-110.22655,65.27085,517.2804],[-110.3282,65.32387,504.9623],[-110.42987,65.37678,478.2981],[-110.53152,65.4297,442.5],[-110.63316,65.48267,481.5692],[-110.66942,65.49611,474.462],[-110.70577,65.50086,476.1511],[-110.74344,65.50091,492.9475],[-110.78344,65.50006,514.0679],[-111.05541,65.50006,479.4191],[-111.32739,65.50006,533.8561],[-111.59931,65.50006,525.3351],[-111.87131,65.50006,508.1256],[-111.99419,65.50006,464.2113],[-112.11716,65.50006,488.7187],[-112.24007,65.50006,471.2365],[-112.36301,65.50006,455.3029],[-112.39688,65.49848,457.4091],[-112.43388,65.49605,450.2367],[-112.47067,65.49585,467.5475],[-112.50385,65.5013,490.1776],[-112.73125,65.57093,412.1874],[-112.95863,65.64057,465.0862],[-113.18608,65.71015,511.6886],[-113.41343,65.77981,428.6342],[-113.91356,65.93298,447.8905],[-114.41371,66.08604,357.1901],[-114.91383,66.23921,493.5114],[-115.41396,66.39241,518.3124],[-116.00377,66.57299,444.6053],[-116.59358,66.7536,392.1191],[-117.18338,66.93424,660.7413],[-117.77319,67.1149,431.1408],[-118.26967,67.26693,297.7117],[-118.76616,67.41893,421.6761],[-119.26261,67.57094,420.3091],[-119.75909,67.72297,396.509],[-119.97913,67.79036,489.8705],[-120.19925,67.85772,554.5266],[-120.41931,67.92513,535.3536],[-120.63937,67.99254,529.7221],[-120.65653,67.99564,534.4268],[-120.66961,67.99699,525.4146],[-120.6779,68.00182,504.3326],[-120.68082,68.01564,484.9804],[-120.68082,68.04965,596.5399],[-120.68082,68.08365,508.8038],[-120.68082,68.11757,666.7556],[-120.68082,68.15155,650.5783],[-120.68082,68.28534,609.4582],[-120.68082,68.41908,680.3906],[-120.68082,68.55287,662.9987],[-120.68082,68.68666,515.9049],[-120.68082,68.90189,589.5185],[-120.68082,69.11713,564.9537],[-120.68082,69.33236,534.6489],[-120.68082,69.55667,0.7538],[-120.80736,69.62352,0.0],[-121.1176,69.69518,0.0],[-121.42785,69.76683,5.0949],[-121.55997,69.76948,44.1287],[-121.64387,69.78905,0.0],[-122.03604,69.81867,0.0],[-122.17211,69.80451,0.0],[-122.35261,69.81415,13.7614],[-122.48111,69.80207,4.3564],[-122.53026,69.81306,0.0],[-122.58438,69.80915,0.0],[-122.62816,69.82172,18.1048],[-122.64672,69.82225,19.939],[-122.6844,69.81867,0.0],[-122.70189,69.82079,0.0],[-122.7303,69.82978,0.0],[-122.74584,69.83234,0.0],[-122.74584,69.8249,22.0345],[-122.77253,69.79487,2.5799],[-122.83556,69.80313,0.0],[-122.951,69.83857,0.0],[-122.97973,69.83478,0.0],[-123.0052,69.82502,0.0],[-123.0537,69.79759,0.0],[-123.07775,69.78779,0.0],[-123.15734,69.77025,0.0],[-123.13073,69.75951,0.0],[-123.11368,69.74372,0.0],[-123.10473,69.72329,0.0],[-123.10045,69.67536,0.0],[-123.10407,69.66645,0.0],[-123.11579,69.6542,0.0],[-123.1293,69.64619,0.0],[-123.14509,69.63915,0.0],[-123.15811,69.63007,0.0],[-123.16356,69.61603,0.0],[-123.15827,69.60663,1.0526],[-123.13476,69.5891,0.0],[-123.12947,69.57477,10.7548],[-123.13195,69.56778,4.4887],[-123.13781,69.56208,0.0],[-123.1446,69.55683,0.0],[-123.15315,69.5478,0.0],[-123.15632,69.54621,0.0],[-123.15978,69.54352,0.0],[-123.16356,69.53685,0.0],[-123.1647,69.52473,0.0],[-123.1634,69.5113,0.0],[-123.16564,69.50043,0.0],[-123.17756,69.49592,0.0],[-123.27343,69.50275,0.3517],[-123.26659,69.50959,0.0],[-123.35534,69.50275,0.0],[-123.41137,69.48493,0.0],[-123.42764,69.48225,0.0],[-123.44323,69.47687,0.0],[-123.44766,69.4641,0.0],[-123.44473,69.43793,0.0],[-123.43741,69.42634,0.0],[-123.42007,69.42011,0.0],[-123.38268,69.41401,0.5733],[-123.54475,69.37702,0.0],[-123.61767,69.37092,0.0],[-123.64843,69.36152,0.0],[-123.66356,69.35936,0.0],[-123.67687,69.36115,0.0],[-123.68562,69.3653,0.0],[-123.69201,69.36994,0.0],[-123.69799,69.37299,0.0],[-123.72696,69.37751,0.0],[-123.75186,69.3758,0.0],[-123.80163,69.3662,0.2322],[-123.79625,69.38133,0.0],[-123.80883,69.38736,0.0],[-123.82803,69.38768,0.0],[-123.84264,69.38605,0.0],[-123.85094,69.38304,0.0],[-123.86168,69.3747,0.0],[-123.86962,69.37299,0.0],[-123.88195,69.3736,0.0],[-123.95637,69.38809,0.0],[-123.96133,69.39265,0.0],[-123.96321,69.39753,0.0],[-123.96548,69.40034,0.0],[-123.98314,69.40436,0.0],[-123.99791,69.40396,0.0],[-124.01012,69.39663,0.0],[-124.02013,69.37987,0.0],[-123.99913,69.36359,0.0],[-123.99421,69.35297,0.0],[-124.00646,69.34512,0.0],[-124.02269,69.34736,0.0],[-124.03808,69.35773,0.0],[-124.06111,69.37987,0.0],[-124.05427,69.39354,0.0],[-124.09459,69.35908,0.0],[-124.15884,69.34809,0.0],[-124.32608,69.35423,0.0],[-124.34618,69.35737,0.0],[-124.38219,69.36738,0.0],[-124.42284,69.36664,0.0],[-124.43847,69.36961,0.0],[-124.50113,69.39594,0.0],[-124.52107,69.40778,0.0],[-124.49836,69.41511,15.3013],[-124.41735,69.41401,0.0],[-124.43326,69.43586,0.0],[-124.43956,69.44794,0.0],[-124.43908,69.46182,0.0],[-124.42911,69.47346,0.0],[-124.39135,69.49531,0.0],[-124.34333,69.51557,0.0],[-124.26891,69.53657,0.0],[-124.23986,69.55117,0.0],[-124.22204,69.57368,0.0],[-124.21703,69.59577,0.0],[-124.20962,69.61603,0.0],[-124.18464,69.63312,0.0],[-124.07185,69.66584,0.0],[-124.03441,69.68155,0.0],[-124.03942,69.68281,0.0],[-124.04914,69.68647,0.0],[-124.05427,69.68773,12.1472],[-124.04589,69.70368,0.0],[-124.0406,69.70881,0.0],[-124.05476,69.711,0.0],[-124.06281,69.71792,0.0],[-124.06827,69.72529,0.0],[-124.07478,69.72866,0.0],[-124.20157,69.732,0.0],[-124.22985,69.727,0.0],[-124.25658,69.7119,0.0],[-124.28515,69.70087,0.0],[-124.32608,69.69798,0.0],[-124.36657,69.70384,0.0],[-124.39379,69.71874,0.0],[-124.41438,69.72431,0.0],[-124.48034,69.72085,0.0],[-124.50674,69.73615,25.9138],[-124.48786,69.75113,8.2283],[-124.48119,69.75918,0.0],[-124.48253,69.76683,0.0],[-124.4923,69.77912,0.0],[-124.49645,69.78974,1.5389],[-124.4912,69.79658,-0.9472],[-124.47256,69.79759,2.3892],[-124.47204,69.81533,7.4083],[-124.45202,69.83446,1.6619],[-124.42504,69.85078,0.0],[-124.40372,69.85969,0.0],[-124.41832,69.86115,0.0],[-124.43175,69.864,0.0],[-124.44323,69.86811,0.0],[-124.45214,69.87328,33.1116],[-124.4464,69.88398,23.4915],[-124.4462,69.89077,14.0746],[-124.45519,69.89378,24.4042],[-124.47834,69.89802,0.0],[-124.49987,69.90717,7.1671],[-124.50691,69.91633,7.6325],[-124.48624,69.92048,10.9332],[-124.46117,69.91804,26.7434],[-124.44994,69.91983,54.1653],[-124.43908,69.92792,37.0851],[-124.43545,69.93378,4.7499],[-124.43171,69.94306,6.0205],[-124.43065,69.95148,0.0],[-124.43537,69.95527,11.1939],[-124.4877,69.95791,0.0],[-124.54088,69.96955,25.7924],[-124.5244,69.97354,30.4004],[-124.50406,69.97427,20.0129],[-124.48672,69.97675,7.457],[-124.4794,69.98627,7.3861],[-124.47224,69.99356,0.6055],[-124.4344,69.99177,37.1256],[-124.41735,69.99624,0.0],[-124.43879,70.00288,2.3968],[-124.48599,70.00288,0.0],[-124.50674,70.01048,13.7549],[-124.4772,70.02074,0.6154],[-124.41686,70.01484,7.5743],[-124.39037,70.02045,1.5],[-124.38052,70.02863,9.3393],[-124.37027,70.04169,0.0],[-124.36319,70.05687,29.4715],[-124.3627,70.07136,0.0],[-124.37279,70.08364,0.0],[-124.39147,70.09488,0.0],[-124.41316,70.10293,0.0],[-124.43196,70.10602,0.0],[-124.44392,70.11115,-1.4072],[-124.42833,70.12226,16.4966],[-124.38386,70.1402,0.0],[-124.40811,70.15542,0.0],[-124.44156,70.15567,0.0],[-124.50674,70.14704,0.0],[-124.52107,70.14964,0.0],[-124.53913,70.15851,0.0],[-124.55455,70.16132,0.0],[-124.56737,70.15961,0.0],[-124.59044,70.1494,0.0],[-124.60228,70.14704,0.0],[-124.66979,70.15327,5.6783],[-124.70202,70.15127,0.0],[-124.72985,70.13715,0.0],[-124.73571,70.13496,0.0],[-124.74352,70.13402,0.0],[-124.7504,70.13203,0.0],[-124.75377,70.12661,0.0],[-124.75324,70.1201,0.0],[-124.75056,70.11603,12.3233],[-124.746,70.11473,18.2446],[-124.72667,70.12104,1.6708],[-124.71154,70.12153,11.8268],[-124.69689,70.1188,20.4755],[-124.68489,70.11286,8.5754],[-124.71105,70.10224,0.0],[-124.72521,70.09931,0.0],[-124.7401,70.09858,0.0],[-124.7401,70.09243,0.0],[-124.7106,70.09235,0.0],[-124.6234,70.11286,11.2691],[-124.59406,70.1164,18.3953],[-124.50674,70.10602,27.0017],[-124.51822,70.09374,0.0],[-124.53869,70.09064,0.0],[-124.56212,70.09016,0.0],[-124.58243,70.0856,0.0],[-124.5598,70.076,14.8489],[-124.53523,70.07197,10.6944],[-124.51012,70.07396,14.1642],[-124.48624,70.08218,18.5179],[-124.465,70.08666,38.7621],[-124.44791,70.07958,1.0],[-124.41735,70.05146,-0.3382],[-124.45287,70.04243,0.0],[-124.49071,70.05414,2.6922],[-124.52798,70.06098,1.3652],[-124.562,70.03718,19.0869],[-124.52721,70.03718,21.3045],[-124.54556,70.01895,2.7318],[-124.57653,70.01484,0.0],[-124.59992,70.02188,0.0],[-124.59553,70.03718,5.2356],[-124.63174,70.06476,3.3571],[-124.65046,70.07486,1.2486],[-124.67125,70.0788,0.0],[-124.78283,70.06379,0.0],[-124.79898,70.05829,0.0],[-124.80842,70.0576,0.0],[-124.81168,70.05996,0.0],[-124.81835,70.06924,0.0],[-124.82201,70.07136,0.0],[-124.83552,70.06981,0.0],[-124.84488,70.06611,0.0],[-124.85326,70.06159,0.0],[-124.86364,70.0576,0.0],[-124.91828,70.05146,0.0],[-124.92931,70.04829,0.0],[-124.94782,70.04003,5.4644],[-124.95922,70.03718,0.0],[-124.95922,70.03034,0.0],[-124.85619,70.03718,0.0],[-124.89639,70.02432,0.0],[-124.951,70.01826,0.0],[-125.00609,70.01996,0.0],[-125.04796,70.03034,0.0],[-125.0292,70.04051,6.7651],[-125.0067,70.04096,1.2372],[-124.98766,70.04556,0.0],[-124.97973,70.06826,0.0],[-124.98347,70.07827,0.0],[-124.9925,70.08344,0.0],[-125.00365,70.08535,0.0],[-125.01382,70.0856,0.0],[-125.01887,70.08275,0.0],[-125.02725,70.06794,0.0],[-125.03466,70.06135,0.0],[-125.05797,70.05244,0.0],[-125.12987,70.03718,0.0],[-125.16466,70.01675,0.0],[-125.19636,70.00898,16.5531],[-125.20621,70.00308,21.7987],[-125.18765,69.9864,14.7351],[-125.18489,69.97321,12.0111],[-125.19603,69.96137,0.9995],[-125.21931,69.94839,0.0],[-125.20946,69.93549,4.5337],[-125.19791,69.93643,0.1409],[-125.18513,69.94335,0.8203],[-125.1715,69.94839,12.9468],[-125.15364,69.94741,8.0702],[-125.13663,69.94392,11.3024],[-125.11978,69.94261,0.0],[-125.10261,69.94839,0.0],[-125.1149,69.95816,0.0],[-125.12059,69.96117,0.0],[-125.12987,69.96271,0.0],[-125.11417,69.9724,26.6881],[-125.09166,69.97687,12.6608],[-125.06786,69.97744,12.4447],[-125.04796,69.97573,0.0],[-125.0526,69.9855,0.0],[-125.05541,69.98941,3.6014],[-125.02526,70.00336,0.0],[-125.00878,70.00825,2.29],[-124.99275,70.01048,0.0],[-124.97423,70.00878,10.7639],[-124.94713,69.9986,3.0533],[-124.93155,69.99624,0.0],[-124.92349,69.99824,0.0],[-124.91979,70.00308,0.0],[-124.9169,70.00886,0.0],[-124.91145,70.01362,12.4809],[-124.90294,70.0161,16.9773],[-124.81408,70.01586,27.9996],[-124.79475,70.01048,19.0943],[-124.82665,70.0017,6.0272],[-124.85619,69.98941,0.0],[-124.83365,69.98094,12.7244],[-124.80036,69.97455,0.184],[-124.76594,69.97224,0.0],[-124.7401,69.97573,0.0],[-124.72399,69.9877,0.0],[-124.7036,70.01691,9.5102],[-124.68489,70.02412,23.0733],[-124.66832,70.02094,20.0885],[-124.6505,70.01114,14.8411],[-124.6361,69.99836,8.9221],[-124.63024,69.98627,10.8126],[-124.63931,69.97394,6.4404],[-124.65974,69.97036,0.3407],[-124.68175,69.97297,0.0],[-124.69542,69.97944,0.0],[-124.70792,69.97504,0.1133],[-124.89712,69.94221,0.0],[-124.91511,69.93513,0.0],[-124.93122,69.92528,0.0],[-124.97667,69.88666,0.0],[-125.0275,69.86587,0.0],[-125.02074,69.85651,7.9692],[-125.01989,69.84418,2.06],[-125.02367,69.83173,0.7052],[-125.03091,69.82176,-1.0],[-125.06163,69.80439,0.0],[-125.06212,69.80292,0.0],[-125.06163,69.80121,0.0],[-125.06461,69.79938,0.0],[-125.07531,69.79759,0.0],[-125.15783,69.79759,0.0],[-125.16893,69.80207,0.0],[-125.16397,69.82636,0.0],[-125.1715,69.83857,0.0],[-125.16601,69.85489,0.0],[-125.18053,69.85733,0.0],[-125.2025,69.85204,0.0],[-125.21931,69.8454,7.0427],[-125.28136,69.81122,14.6454],[-125.27196,69.81045,-0.1057],[-125.26586,69.80768,20.9861],[-125.25341,69.79759,13.3548],[-125.26085,69.79076,14.5486],[-125.2399,69.77106,9.9803],[-125.22126,69.76805,14.0452],[-125.1715,69.77709,5.4734],[-125.14025,69.77416,-0.5225],[-125.07698,69.75943,5.6352],[-124.9261,69.75259,10.1547],[-124.87243,69.74067,1.2288],[-124.82201,69.71503,6.7063],[-124.85163,69.71857,1.1573],[-124.86156,69.7132,12.2055],[-124.8662,69.69941,7.8914],[-124.88003,69.6778,0.0],[-124.89513,69.66551,0.0],[-124.91706,69.65327,0.0],[-124.93692,69.64997,1.806],[-124.94555,69.66446,0.0],[-124.94571,69.67829,0.0],[-124.94787,69.687,0.0],[-124.95393,69.69554,0.0],[-124.96605,69.70881,0.0],[-124.96858,69.71711,3.5165],[-124.96764,69.72602,6.9096],[-124.97012,69.73322,0.0],[-125.0323,69.74726,8.9706],[-125.06798,69.75096,8.7493],[-125.07844,69.75007,0.0],[-125.08585,69.74641,0.0],[-125.08658,69.74189,7.5915],[-125.08462,69.73697,3.4745],[-125.08406,69.73216,0.1181],[-125.08898,69.72866,0.0],[-125.10216,69.72712,0.0],[-125.12963,69.72956,0.0],[-125.14354,69.72866,0.0],[-125.23355,69.69453,0.0],[-125.26574,69.69416,0.0],[-125.33727,69.70279,0.0],[-125.37011,69.69453,0.0],[-125.38199,69.68476,0.0],[-125.41857,69.64057,0.0],[-125.41393,69.63736,0.0],[-125.40974,69.6352,-0.0268],[-125.40469,69.63386,-0.4698],[-125.39745,69.63312,1.3972],[-125.39867,69.6293,-0.0069],[-125.39468,69.62739,0.1525],[-125.37694,69.62629,7.5718],[-125.38634,69.61473,3.8578],[-125.40221,69.61107,0.0],[-125.43838,69.61262,0.0],[-125.41588,69.60322,0.0],[-125.24706,69.59504,1.0026],[-125.21931,69.58535,0.9981],[-125.26085,69.57477,0.0],[-125.26464,69.56623,0.0],[-125.27375,69.56078,0.7708],[-125.28478,69.55817,0.0],[-125.29434,69.55805,0.0],[-125.29434,69.55117,1.1924],[-125.28677,69.55085,1.8977],[-125.26769,69.54434,0.0948],[-125.27453,69.53685,2.9925],[-125.24079,69.51756,4.6554],[-125.15347,69.50471,6.5397],[-125.11685,69.48969,6.1885],[-125.18273,69.49189,0.0],[-125.24722,69.50275,0.0],[-125.29239,69.52131,0.0744],[-125.31652,69.52753,0.0],[-125.33601,69.52326,0.0],[-125.32852,69.52045,1.0442],[-125.31574,69.51264,1.679],[-125.30871,69.50959,-0.2423],[-125.30871,69.50275,3.1766],[-125.43529,69.50959,0.0],[-125.46866,69.51496,0.0],[-125.48396,69.51366,0.0],[-125.50768,69.49677,1.2059],[-125.51256,69.49234,3.0152],[-125.5113,69.48798,3.5135],[-125.50048,69.48225,4.4226],[-125.50048,69.47606,6.4525],[-125.54166,69.48017,-1.0],[-125.583,69.47606,2.5861],[-125.58129,69.4724,1.3787],[-125.58023,69.46914,0.0],[-125.57877,69.46577,2.9894],[-125.57555,69.46182,1.5446],[-125.58825,69.45002,3.8284],[-125.61461,69.43232,2.0],[-125.62401,69.42084,0.0],[-125.61368,69.42007,0.0],[-125.60363,69.42154,0.0],[-125.59431,69.42524,0.0],[-125.58609,69.43134,1.4538],[-125.57714,69.43537,0.0],[-125.54206,69.43452,4.692],[-125.46569,69.45433,0.7742],[-125.30362,69.47394,5.1848],[-125.2882,69.46865,3.2842],[-125.29406,69.46548,3.1221],[-125.29686,69.46214,3.4877],[-125.29865,69.45856,3.0707],[-125.30187,69.45433,4.2092],[-125.2753,69.44888,0.0],[-125.26155,69.44758,0.0],[-125.24722,69.44815,0.0],[-125.25341,69.46182,3.8623],[-125.22411,69.46841,6.8819],[-125.11685,69.46865,6.2963],[-125.12499,69.46499,8.3774],[-125.13268,69.46247,7.7306],[-125.14098,69.46137,3.4742],[-125.15099,69.46182,6.1854],[-125.15099,69.45433,7.2311],[-125.08898,69.45433,7.637],[-125.13166,69.44379,0.0],[-125.14354,69.43452,6.3985],[-125.1361,69.4311,6.6047],[-125.12385,69.42341,4.5141],[-125.11685,69.42084,8.3479],[-125.12662,69.41079,21.1377],[-125.13451,69.39932,5.1303],[-125.14476,69.38996,0.503],[-125.16124,69.38605,0.0],[-125.43025,69.39899,0.0],[-125.45954,69.41401,0.0],[-125.46691,69.4077,0.0],[-125.47313,69.40034,0.0],[-125.4545,69.38691,7.9123],[-125.41202,69.38032,0.0],[-125.39061,69.37299,0.0],[-125.39745,69.3662,14.1398],[-125.37898,69.35529,18.4057],[-125.37011,69.35253,18.8652],[-125.37898,69.34292,0.0],[-125.41295,69.3229,1.9085],[-125.42471,69.31843,6.4931],[-125.44884,69.31916,0.2967],[-125.59264,69.35253,0.0],[-125.59362,69.35541,0.0],[-125.59838,69.36188,0.0],[-125.60473,69.36884,0.0],[-125.61034,69.37299,0.0],[-125.64525,69.37311,0.0],[-125.65811,69.37641,0.0],[-125.66613,69.38198,0.0],[-125.67016,69.3867,0.0],[-125.67504,69.39061,0.0],[-125.68541,69.39354,0.0],[-125.71447,69.39423,0.0],[-125.77725,69.38654,0.0],[-125.80834,69.38605,0.0],[-125.93863,69.41401,0.0],[-126.1317,69.48225,0.0],[-126.15941,69.50019,0.0],[-126.17398,69.5069,0.0],[-126.20832,69.51179,0.0],[-126.22737,69.51752,0.0],[-126.24523,69.52534,0.0],[-126.25772,69.53376,0.0],[-126.27514,69.54857,0.0],[-126.64607,69.72968,0.0],[-126.67837,69.75381,0.0],[-126.70177,69.7674,0.0],[-126.71329,69.77709,0.0],[-126.72004,69.78583,0.0],[-126.72802,69.80199,0.0],[-126.77135,69.86099,0.0],[-126.80578,69.89863,0.0],[-126.81017,69.91185,0.0],[-126.79784,69.92206,0.0],[-126.76854,69.93476,0.0],[-126.7858,69.9416,-0.0405],[-126.79166,69.95026,-0.0368],[-126.79524,69.97573,0.0],[-126.77477,69.97573,0.0],[-126.78331,69.98013,0.0],[-126.79992,69.98314,0.0],[-126.82868,69.99299,0.0],[-126.86677,70.00165,0.0],[-126.88463,70.01048,0.0],[-126.89293,70.01691,0.0],[-126.8994,70.02359,0.0],[-126.91251,70.04401,0.0],[-126.92894,70.06444,0.0],[-126.99079,70.10952,0.0],[-127.0559,70.18122,0.0],[-127.11587,70.22517,0.0],[-127.12483,70.24018,0.0],[-127.13646,70.25288,0.0],[-127.19172,70.28221,0.0],[-127.23082,70.30988,0.0],[-127.44518,70.40591,0.0]]],
[[[-128.08373,70.61319,0.0],[-128.11205,70.6308,0.0],[-128.156,70.64814,0.0],[-128.20153,70.65998,0.0],[-128.23461,70.66096,0.0],[-128.25524,70.64716,0.0],[-128.31713,70.5716,0.0],[-128.34447,70.54487,0.0],[-128.26895,70.56704,5.5122],[-128.24205,70.5716,0.0],[-128.24669,70.57616,8.592],[-128.25084,70.58234,8.5953],[-128.25512,70.58527,7.1151],[-128.24128,70.59943,7.0471],[-128.2224,70.59711,8.0396],[-128.18684,70.57905,9.2879],[-128.16491,70.57502,10.7021],[-128.13703,70.57538,7.7503],[-128.11856,70.58442,5.7226],[-128.12475,70.60635,0.0],[-128.11425,70.60114,0.0],[-128.10367,70.60139,0.0],[-128.09341,70.60586,0.0],[-128.08373,70.61319,0.0]]],
[[[-125.90909,71.96434,1.0429],[-125.96361,71.98281,0.0],[-125.9803,71.98363,0.0],[-125.99694,71.97704,-0.179],[-125.98843,71.9704,-0.3311],[-125.96809,71.96524,0.0],[-125.94888,71.9632,0.0],[-125.90909,71.96434,1.0429]]],
[[[-110.00369,72.49671,0.0],[-110.00369,72.52379,13.7592],[-110.09777,72.56049,0.0],[-110.19713,72.57233,0.0],[-110.23648,72.57014,0.0],[-110.25943,72.55903,0.0],[-110.04109,72.51179,0.0],[-110.00369,72.49657,0.0],[-110.00369,72.49671,0.0]]],
[[[-110.47232,72.57331,71.3143],[-110.47753,72.58271,72.7979],[-110.48542,72.58902,102.8847],[-110.49543,72.5926,97.9807],[-110.50707,72.59382,100.1189],[-110.52758,72.60049,0.0],[-110.55036,72.6022,0.0],[-110.59586,72.60065,0.0],[-110.57527,72.57966,0.0],[-110.54255,72.57209,0.0],[-110.47232,72.57331,71.3143]]],
[[[-110.46923,72.62539,0.0],[-110.49348,72.62051,0.0],[-110.34887,72.60749,55.3392],[-110.3566,72.61689,63.9755],[-110.36856,72.62104,92.5675],[-110.38288,72.62165,36.9538],[-110.39721,72.62051,127.8341],[-110.46923,72.62539,0.0]]],
[[[-110.30305,72.63321,0.0],[-110.2799,72.64842,112.1754],[-110.31469,72.65522,0.0],[-110.36425,72.65278,0.0],[-110.38817,72.64875,0.0],[-110.41088,72.64224,0.0],[-110.33975,72.63203,0.0],[-110.30305,72.63321,0.0]]],
[[[-110.00369,72.71044,0.0],[-110.0432,72.72114,15.5079],[-110.11929,72.7298,0.0],[-110.1975,72.72712,0.0],[-110.20751,72.71817,0.0],[-110.19664,72.70515,0.0],[-110.17073,72.6894,57.545],[-110.19677,72.68114,28.3036],[-110.29426,72.67573,0.0],[-110.26574,72.65534,0.0],[-110.22208,72.64639,63.6],[-110.17504,72.64785,9.0702],[-110.13659,72.65864,74.5276],[-110.10167,72.66291,0.0],[-110.06159,72.65143,0.0],[-110.00369,72.62731,57.1357],[-110.00369,72.62743,57.1357],[-110.00369,72.71044,0.0]]],
[[[-110.00369,72.93581,77.8723],[-110.00369,72.98505,0.0],[-110.00369,72.98505,0.0],[-110.07641,72.99575,0.0],[-110.39007,73.00243,13.9075],[-110.70372,73.0091,0.0],[-110.73571,73.00137,0.0],[-110.75414,72.98481,0.0],[-110.74543,72.96556,0.0],[-110.7167,72.94505,0.0],[-110.68253,72.92878,0.0],[-110.63174,72.91584,29.0224],[-110.60823,72.90086,1.1551],[-110.56794,72.8675,0.0],[-110.52904,72.84927,0.0],[-110.48351,72.83918,0.0],[-110.23034,72.82429,0.0],[-110.20543,72.80915,0.0],[-110.19888,72.79922,0.0],[-110.17272,72.79133,0.0],[-110.17073,72.77875,0.0],[-110.18179,72.76895,0.0],[-110.20214,72.76374,0.0],[-110.23961,72.75825,0.0],[-110.26285,72.74901,0.0],[-110.26675,72.74266,0.0],[-110.25451,72.73896,0.0],[-110.22936,72.73778,0.0],[-110.18904,72.74315,118.4759],[-110.15022,72.75519,145.4412],[-110.107,72.76366,77.5707],[-110.04992,72.76236,0.0],[-110.00369,72.75544,15.6987],[-110.00369,72.75544,15.6987],[-110.00369,72.75561,15.6987],[-110.00369,72.93581,77.8723]]],
[[[-114.19664,73.30805,14.7811],[-114.26513,73.33568,3.357],[-114.40746,73.34748,52.2351],[-114.5843,73.38459,0.0],[-114.6787,73.37759,0.2959],[-114.73892,73.3664,0.0],[-114.9073,73.31981,0.0],[-115.12609,73.29507,0.0],[-115.20788,73.26878,0.0],[-115.23009,73.26423,4.3332],[-115.3168,73.26537,0.5078],[-115.33226,73.26313,0.0],[-115.35098,73.25739,0.0],[-115.36913,73.24958,0.0],[-115.38264,73.24116,0.0],[-115.39908,73.23347,0.0],[-115.57042,73.20181,39.464],[-115.76382,73.18671,0.0],[-116.00817,73.14077,0.0],[-116.20092,73.11888,0.0],[-116.31896,73.09345,0.7071],[-116.43676,73.07551,0.0],[-116.4545,73.06953,0.0],[-116.49547,73.06159,0.0],[-116.59366,73.06021,0.0],[-116.64403,73.03498,0.0],[-116.89485,72.96743,27.9206],[-117.11059,72.94481,10.4936],[-117.20816,72.92292,32.418],[-117.36925,72.91779,0.0],[-117.40046,72.90595,0.0],[-117.45507,72.8675,0.0],[-117.482,72.85261,0.0],[-117.54507,72.83063,0.0],[-117.59561,72.79816,0.0],[-117.80834,72.73774,0.0],[-117.8673,72.70148,13.6306],[-118.00292,72.67377,28.4142],[-118.04088,72.67219,0.0],[-118.12731,72.64842,0.0],[-118.16959,72.64183,0.0],[-118.18981,72.63544,0.0],[-118.2058,72.62421,0.0],[-118.22606,72.60517,24.3867],[-118.23843,72.59711,32.4061],[-118.25015,72.59382,17.3936],[-118.28307,72.58954,0.0],[-118.51285,72.51044,0.0],[-118.56867,72.47777,0.0],[-118.59341,72.4287,0.0],[-118.5856,72.4079,0.0],[-118.56558,72.38801,0.0],[-118.5406,72.3732,0.0],[-118.51769,72.36717,0.0],[-118.49739,72.36441,0.0],[-118.42894,72.34675,0.0],[-118.24205,72.34675,0.0],[-118.17447,72.33836,0.0],[-118.12487,72.30952,0.0],[-118.10558,72.24775,0.0],[-118.12784,72.22724,0.0],[-118.44201,72.18285,10.0523],[-118.57673,72.17943,0.0],[-118.67821,72.14228,0.0],[-118.70641,72.12694,0.0],[-118.72313,72.10781,0.0],[-118.71003,72.10053,0.0],[-118.70665,72.09129,0.0],[-118.70983,72.08161,0.0],[-118.71638,72.07298,0.0],[-118.74755,72.05321,0.0],[-118.82502,72.03864,0.0],[-118.94787,71.99189,0.0],[-119.05431,71.93529,0.0],[-119.07604,71.91885,0.0],[-119.09276,71.89875,0.0],[-119.10021,71.88154,0.0],[-119.10733,71.83967,5.0353],[-119.12938,71.79792,0.0],[-119.1376,71.77436,0.0],[-119.13126,71.75434,0.0],[-119.12059,71.73701,0.0],[-119.10334,71.68854,0.0],[-119.09309,71.66836,0.0],[-119.05895,71.63793,0.0],[-119.05089,71.62678,0.0],[-119.03238,71.62198,0.0],[-119.01163,71.61994,0.0],[-118.9969,71.61685,0.0],[-118.92715,71.58934,0.0],[-118.88858,71.58295,0.0],[-118.86718,71.59325,0.9156],[-118.89147,71.60342,5.9605],[-118.90144,71.61054,4.6044],[-118.90811,71.62055,3.8504],[-118.89342,71.62434,8.2077],[-118.87926,71.63044,4.6099],[-118.86583,71.63841,12.9529],[-118.85351,71.64789,0.5734],[-118.86319,71.65892,0.429],[-118.833,71.66291,0.0],[-118.68904,71.66153,0.0],[-118.67748,71.65803,0.0],[-118.65779,71.64956,0.0],[-118.64403,71.64789,0.0],[-118.63264,71.65054,0.0],[-118.61636,71.66352,3.8826],[-118.60652,71.66836,9.8038],[-118.59069,71.66987,4.8376],[-118.54503,71.66153,13.8584],[-118.48864,71.65843,0.0],[-118.46129,71.65306,0.7231],[-118.45568,71.64106,0.0],[-118.41417,71.63198,3.0808],[-118.39826,71.62482,0.0],[-118.3942,71.6131,0.0],[-118.40075,71.60358,9.9398],[-118.42199,71.59056,10.3817],[-118.42894,71.57954,0.0],[-118.40933,71.57978,0.0],[-118.37491,71.59048,0.0],[-118.35603,71.59325,0.0],[-118.29772,71.59125,11.0378],[-118.20495,71.59846,0.0],[-118.1739,71.60781,23.8486],[-118.18196,71.62739,0.0],[-118.13183,71.65034,1.8981],[-118.07632,71.66498,81.1779],[-117.72151,71.67772,52.1585],[-117.6953,71.66836,5.9957],[-117.86657,71.64106,36.7385],[-117.94343,71.64313,0.0],[-117.96223,71.63483,0.0],[-117.96931,71.62173,0.0],[-117.9663,71.61099,0.0],[-117.95613,71.60346,0.0],[-117.94172,71.60004,0.0],[-117.93196,71.60102,10.4981],[-117.92911,71.60489,20.0126],[-117.92748,71.60956,12.4275],[-117.92121,71.6131,7.2537],[-117.90746,71.61555,7.0253],[-117.89684,71.61591,0.0],[-117.83186,71.60688,0.0],[-117.82518,71.60371,0.0],[-117.81135,71.59325,0.0],[-117.77286,71.58588,0.0],[-117.69152,71.58242,0.0],[-117.65372,71.57217,8.9288],[-117.67211,71.55874,70.3308],[-117.69221,71.55394,52.3767],[-117.76293,71.56049,2.8683],[-117.83934,71.5585,0.0],[-117.82063,71.55158,0.0],[-117.75739,71.53864,0.0],[-117.78356,71.52888,16.5948],[-117.93151,71.54548,0.6585],[-118.12731,71.53864,3.7361],[-118.25276,71.50243,0.0],[-118.30826,71.46992,0.0],[-118.30883,71.4322,0.0],[-118.24315,71.39338,0.0],[-118.16198,71.37897,0.0],[-117.90103,71.38715,23.9658],[-117.88012,71.38516,0.0],[-117.84073,71.37617,0.0],[-117.79955,71.37409,5.0799],[-117.78254,71.37543,33.6779],[-117.76806,71.38019,31.3229],[-117.74169,71.39932,0.0],[-117.72789,71.40445,0.0],[-117.71398,71.40351,0.0],[-117.70153,71.39399,33.2327],[-117.70897,71.38715,0.0],[-117.55134,71.37417,0.0],[-117.53409,71.37938,0.0],[-117.51138,71.39208,0.0],[-117.49161,71.40766,0.0],[-117.48302,71.42133,0.0],[-117.49828,71.44099,79.156],[-117.53433,71.44868,33.6081],[-117.60656,71.44864,9.4817],[-117.62247,71.45295,12.8195],[-117.63158,71.46259,18.8429],[-117.62963,71.47224,0.0],[-117.61278,71.47655,0.0],[-117.58145,71.48078,0.0],[-117.55065,71.49018,0.0],[-117.55671,71.49331,15.0763],[-117.55956,71.49628,58.8805],[-117.56151,71.49958,13.0208],[-117.56493,71.50385,3.5029],[-117.53669,71.50202,0.0],[-117.50056,71.49575,79.9063],[-117.4676,71.48505,76.4187],[-117.44888,71.46971,8.7082],[-117.45783,71.46772,1.1297],[-117.46361,71.46528,21.1598],[-117.47619,71.45604,14.1171],[-117.39354,71.45954,0.0],[-117.3806,71.45234,0.0],[-117.38476,71.4444,53.4935],[-117.40319,71.42914,0.0],[-117.41153,71.40404,0.0],[-117.41723,71.39448,0.0],[-117.41364,71.3889,0.0],[-117.39025,71.38715,34.6288],[-117.36783,71.38833,14.4557],[-117.29019,71.40497,0.0],[-117.22574,71.40143,0.0],[-117.20539,71.40363,0.0],[-117.16731,71.41299,45.4705],[-117.13085,71.41669,0.0],[-117.088,71.42634,0.0],[-117.07185,71.4322,0.0],[-117.04825,71.4374,0.0],[-116.92211,71.42744,0.0],[-116.82095,71.43256,0.0],[-116.73233,71.45515,0.0],[-116.63463,71.45478,0.0],[-116.55281,71.47919,28.6323],[-116.18489,71.50031,0.0],[-116.13614,71.50898,16.8392],[-116.04499,71.51472,0.9503],[-115.98107,71.52753,79.522],[-115.88695,71.53046,0.0],[-115.8236,71.54816,115.9881],[-115.60802,71.55537,0.0],[-115.45466,71.53864,0.0],[-115.45466,71.5312,87.0334],[-115.557,71.51752,0.0],[-115.557,71.51069,0.0],[-115.49767,71.49413,0.0],[-115.43033,71.48945,0.0],[-115.29699,71.49702,0.0],[-115.10912,71.53559,13.1122],[-115.05675,71.52497,31.0709],[-115.14688,71.50462,0.0],[-115.20661,71.48322,76.7638],[-115.32429,71.47655,0.0],[-115.35546,71.47053,0.0],[-115.38655,71.45897,0.0],[-115.41902,71.45185,41.0308],[-115.48913,71.46747,193.2057],[-115.56786,71.47211,92.7246],[-115.59801,71.48404,21.199],[-115.58434,71.49018,0.8649],[-115.61266,71.49795,62.0743],[-115.7296,71.48371,146.6392],[-115.74942,71.48481,136.9826],[-115.76252,71.49702,9.6331],[-115.74201,71.51069,0.0],[-116.04772,71.44465,22.7062],[-116.19026,71.44453,0.0],[-116.21496,71.43561,0.0],[-116.2058,71.42621,0.0],[-116.06631,71.41983,0.0],[-115.90392,71.3935,2.0635],[-115.78726,71.39423,0.0],[-115.72891,71.38715,0.0],[-115.76464,71.36766,71.7028],[-116.05061,71.36396,0.0],[-116.09972,71.35008,51.4188],[-116.12686,71.34626,49.88],[-116.15368,71.34699,43.9752],[-116.17398,71.35366,53.9553],[-116.07779,71.36734,0.0],[-116.10342,71.37665,13.5239],[-116.26879,71.36392,46.4548],[-116.31322,71.35065,259.1982],[-116.8063,71.29092,0.0],[-116.83873,71.27045,0.0],[-116.83316,71.26972,0.0],[-116.82356,71.26577,0.0],[-116.81827,71.26431,0.0],[-116.85285,71.24828,115.1001],[-116.90005,71.24018,176.4501],[-117.09537,71.2438,0.0],[-117.47492,71.18549,54.8296],[-117.798,71.1704,0.0],[-118.09223,71.0963,18.4847],[-118.38646,71.0222,0.0],[-118.4215,70.99055,0.0],[-118.41104,70.97455,0.0],[-118.32177,70.90681,0.0],[-118.27477,70.8784,0.0],[-118.18684,70.83942,0.0],[-117.87377,70.74828,0.0],[-117.80899,70.73957,0.0],[-117.77062,70.72895,0.0],[-117.73388,70.71345,0.0],[-117.70897,70.69514,0.0],[-117.73583,70.66242,37.1617],[-117.69782,70.63565,0.0],[-117.58544,70.60635,0.0],[-117.55061,70.60187,0.0],[-117.53449,70.60253,0.0],[-117.51716,70.60635,25.1578],[-117.51602,70.60908,19.0799],[-117.51732,70.61371,19.7422],[-117.51749,70.61807,65.1374],[-117.51342,70.62002,89.4891],[-117.37409,70.62873,0.0],[-117.3452,70.62002,0.0],[-117.35265,70.61319,0.0],[-117.33056,70.60269,0.0],[-117.23599,70.62002,64.434],[-116.98864,70.60248,0.0],[-116.68285,70.6083,0.0],[-116.65022,70.61323,4.2657],[-116.58332,70.63329,2.727],[-116.23339,70.63972,73.8235],[-116.18977,70.63386,0.0],[-116.16714,70.62002,6.5125],[-116.20421,70.61612,0.0],[-116.20767,70.60725,0.0],[-116.18749,70.59805,0.0],[-116.03856,70.57917,31.7511],[-115.72891,70.60639,3.9406],[-115.58092,70.58015,11.4167],[-115.5607,70.57905,13.8653],[-115.54589,70.58222,39.1888],[-115.51236,70.59634,0.0],[-115.49559,70.59951,0.0],[-115.24144,70.61107,6.2787],[-115.04357,70.60415,3.3616],[-114.8734,70.62783,0.0],[-114.50626,70.64452,0.7919],[-114.39733,70.67963,0.3582],[-114.34675,70.68651,3.04],[-114.18309,70.66779,0.0],[-114.14444,70.67251,0.0],[-114.03637,70.70938,9.4217],[-113.98839,70.71621,1.6357],[-113.71959,70.69188,0.0],[-113.68716,70.6778,0.0],[-113.6383,70.66621,0.0],[-113.60009,70.65086,0.0],[-113.56135,70.64313,0.0],[-113.5255,70.65754,5.6408],[-113.52233,70.66348,16.325],[-113.52164,70.67011,31.7409],[-113.52033,70.6765,30.2641],[-113.515,70.68146,16.9332],[-113.50304,70.68378,3.5097],[-113.49071,70.68183,4.9846],[-113.41259,70.65412,0.0],[-113.36266,70.64737,0.0],[-113.2071,70.64794,1.4575],[-113.2071,70.64053,0.0],[-113.21068,70.63076,0.0],[-113.20482,70.61945,0.0],[-113.19302,70.61017,0.0],[-113.17919,70.60635,0.0],[-113.13093,70.61628,5.1463],[-113.10595,70.61848,0.0],[-113.08666,70.60977,0.0],[-113.05358,70.59024,0.0],[-112.92589,70.56538,0.0],[-112.88825,70.54727,0.0],[-112.86657,70.5432,0.0],[-112.8461,70.56989,3.3813],[-112.82063,70.5742,0.5025],[-112.72533,70.56916,0.5936],[-112.6822,70.56208,0.0],[-112.64074,70.5506,0.0],[-112.5841,70.52709,15.3034],[-112.53799,70.51862,0.0],[-112.51749,70.51765,0.0],[-112.49999,70.52074,0.0],[-112.47216,70.53486,5.6646],[-112.45641,70.53807,2.0031],[-112.43716,70.53461,0.0],[-112.42943,70.5266,0.0],[-112.42414,70.51748,0.0],[-112.41198,70.51073,0.0],[-112.39257,70.51146,0.0],[-112.35216,70.5246,1.5003],[-112.32946,70.52383,0.0],[-112.28148,70.50556,0.0],[-112.26085,70.50332,0.0],[-112.19514,70.5058,0.0],[-112.17243,70.50332,0.0],[-112.14395,70.49388,0.0],[-112.12239,70.4798,0.0],[-112.08617,70.44526,0.0],[-112.08039,70.43749,0.0],[-112.07413,70.42113,0.0],[-112.06941,70.41454,0.0],[-112.05671,70.40668,0.0],[-112.01415,70.39411,0.0],[-111.98107,70.3791,0.0],[-111.96426,70.37458,0.0],[-111.87658,70.36738,0.0],[-111.80883,70.35212,0.0],[-111.5668,70.35993,0.2483],[-111.51561,70.35236,0.0],[-111.48656,70.33198,0.0],[-111.51159,70.32388,0.0],[-111.56347,70.31794,3.6854],[-111.58959,70.31216,0.4581],[-111.56094,70.29511,0.0],[-111.47838,70.30012,1.0644],[-111.44563,70.29043,1.3068],[-111.46813,70.28229,0.7349],[-111.52501,70.27147,7.6942],[-111.54865,70.26992,8.5254],[-111.63752,70.28059,0.0],[-111.71638,70.26187,20.1762],[-111.83715,70.2735,11.744],[-111.93741,70.26366,16.844],[-112.26089,70.30931,0.0],[-112.30895,70.29784,0.0],[-112.2709,70.28437,0.0],[-112.1376,70.27733,9.8982],[-112.16979,70.2674,7.9622],[-112.34236,70.26708,0.0],[-112.37413,70.26166,0.0],[-112.39151,70.25007,0.0],[-112.34313,70.24384,0.0],[-112.34313,70.23648,0.0],[-112.35802,70.23615,0.0],[-112.40176,70.22956,12.8012],[-112.41828,70.23184,8.8934],[-112.44953,70.2416,0.0],[-112.46349,70.24384,0.0],[-112.52697,70.24518,0.0],[-112.55866,70.2392,0.0],[-112.58332,70.22211,0.0],[-112.53482,70.21507,0.6456],[-112.52123,70.20848,0.0],[-112.55085,70.20038,7.2643],[-112.58625,70.20002,23.7114],[-112.83056,70.23151,14.963],[-112.86449,70.24384,0.0],[-112.96467,70.25336,2.843],[-112.98742,70.25007,0.0],[-112.98233,70.24726,0.0],[-112.96691,70.23648,0.0],[-112.9934,70.23139,7.3194],[-113.21963,70.25991,16.0611],[-113.47688,70.2836,0.0],[-113.64269,70.2624,34.3973],[-114.03844,70.28124,35.7254],[-114.18472,70.31574,12.1891],[-114.50943,70.31525,18.2769],[-114.76268,70.29149,7.5265],[-115.05138,70.28022,15.7961],[-115.23351,70.26386,34.577],[-115.63707,70.24799,0.3917],[-116.0327,70.22028,30.5843],[-116.51146,70.1634,71.2924],[-116.74352,70.1459,39.1229],[-116.96508,70.12906,0.0],[-117.19506,70.09243,0.0],[-117.29967,70.05659,3.3784],[-117.35806,70.04645,0.0],[-117.38707,70.03368,0.0],[-117.41442,70.01594,0.0],[-117.44205,69.98941,0.0],[-117.4003,69.96678,0.0],[-117.38121,69.95124,0.0],[-117.36726,69.91694,0.0],[-117.32877,69.86957,0.0],[-117.28368,69.82941,4.2211],[-117.27697,69.81493,0.0],[-117.27379,69.80244,0.0],[-117.26513,69.78254,0.0],[-117.25206,69.76411,0.0],[-117.23599,69.75601,0.0],[-117.21085,69.75263,0.0],[-117.14363,69.73188,3.0522],[-117.0974,69.70429,0.0],[-117.05712,69.69473,0.0],[-116.9667,69.68545,5.2843],[-116.92073,69.66787,0.0],[-116.87247,69.66035,0.0929],[-116.85924,69.6542,0.0],[-116.85582,69.64765,0.0],[-116.85582,69.64764,0.0],[-116.8557,69.64764,0.0],[-116.84674,69.64588,0.0],[-116.82532,69.63968,0.2433],[-116.79945,69.63554,0.5786],[-116.77354,69.63348,2.9783],[-116.75209,69.63327,3.196],[-116.72261,69.63425,11.6241],[-116.6936,69.63425,11.6063],[-116.66445,69.63296,12.3069],[-116.63476,69.62996,18.1886],[-116.66427,69.65291,71.7873],[-116.70246,69.67221,82.6513],[-116.74258,69.68908,125.0876],[-116.77778,69.70461,105.1204],[-116.84356,69.73773,114.0477],[-116.90942,69.77078,86.0134],[-116.97523,69.8039,76.2213],[-117.04102,69.837,83.4384],[-117.06215,69.8476,84.0648],[-117.08326,69.85822,81.5414],[-117.1044,69.86886,80.681],[-117.12548,69.87948,83.2033],[-117.14362,69.88798,81.826],[-117.13943,69.91191,91.7641],[-117.13287,69.94906,89.5709],[-117.1293,69.96937,107.4733],[-117.12367,70.00115,140.7362],[-117.01879,70.00038,210.9906],[-116.96756,70.00009,226.4615],[-116.8308,70.00009,190.0545],[-116.69401,70.00009,276.9661],[-116.55722,70.00009,251.8627],[-115.97987,70.00009,232.96],[-115.40238,70.00009,240.721],[-114.82505,70.00009,262.1942],[-114.24765,70.00009,372.5808],[-113.99963,70.00009,363.3839],[-113.75163,70.00009,258.2491],[-113.50363,70.00009,246.5646],[-113.25564,70.00009,250.4543],[-113.18391,70.00009,264.6971],[-113.11221,70.00009,269.7036],[-113.04051,70.00009,231.3337],[-112.96884,70.00009,220.5293],[-112.95129,70.00009,219.914],[-112.9338,70.00009,227.0992],[-112.91631,70.00009,215.9616],[-112.89876,70.00009,211.4927],[-112.88512,69.99723,214.5769],[-112.88101,69.98891,215.6783],[-112.88197,69.97537,215.7722],[-112.88329,69.95687,218.6127],[-112.88329,69.92994,221.9858],[-112.88329,69.90302,211.1684],[-112.88329,69.8761,211.3283],[-112.88329,69.84923,212.4145],[-112.88117,69.83662,211.0661],[-112.87489,69.83233,212.7153],[-112.86416,69.83248,214.4792],[-112.84908,69.83341,209.3206],[-112.79926,69.83341,209.0102],[-112.74952,69.83341,215.3075],[-112.69973,69.83341,215.3187],[-112.64994,69.83341,220.3581],[-112.64736,69.8562,207.6879],[-112.62756,69.8593,209.4062],[-112.60007,69.85346,214.1472],[-112.57423,69.84928,209.9313],[-112.5463,69.84948,209.2743],[-112.51837,69.84977,213.7821],[-112.49052,69.85,212.7811],[-112.46259,69.85021,213.629],[-112.44913,69.85207,211.5999],[-112.43807,69.85625,207.0087],[-112.42727,69.86121,208.4785],[-112.41455,69.86519,209.2116],[-112.4005,69.86948,207.5163],[-112.39549,69.8746,205.8339],[-112.39895,69.88095,206.2517],[-112.41021,69.88896,206.3967],[-112.42773,69.89506,206.3825],[-112.44729,69.8961,208.2225],[-112.46708,69.89418,221.8368],[-112.48525,69.8915,208.1093],[-112.5286,69.88912,206.2527],[-112.57222,69.89181,206.3509],[-112.61589,69.89708,206.4894],[-112.65914,69.9023,206.0222],[-112.62873,69.91392,206.6994],[-112.58423,69.9162,206.5577],[-112.53729,69.91351,206.3239],[-112.49977,69.91051,207.9442],[-112.49982,69.93294,206.4214],[-112.49987,69.95527,208.1924],[-112.4999,69.97767,222.8524],[-112.49998,70.00009,207.4681],[-112.03701,70.00009,206.7654],[-111.57406,70.00009,156.5604],[-111.11107,70.00009,101.296],[-110.64807,70.00009,74.737799999999993],[-110.48604,70.00009,97.8562],[-110.32409,70.00009,120.7916],[-110.162,70.00009,122.7577],[-109.99997,70.00009,109.7338],[-110.00031,70.18758,109.4003],[-110.00049,70.32553,123.7517],[-110.00077,70.4635,192.7297],[-110.00116,70.69527,184.1943],[-110.00155,70.92701,249.9854],[-110.00199,71.15871,262.8166],[-110.00235,71.39047,241.2945],[-110.00256,71.51845,304.9486],[-110.00281,71.64643,317.4923],[-110.00318,71.85391,405.036],[-110.00341,72.0038,425.2915],[-110.00369,72.15358,398.3644],[-110.00369,72.27414,394.8698],[-110.00369,72.45812,0.0],[-110.01305,72.45661,0.0],[-110.04963,72.43944,10.8945],[-110.05773,72.43952,8.4389],[-110.07946,72.45441,23.5934],[-110.08503,72.45661,19.2672],[-110.10953,72.45995,79.8446],[-110.16271,72.47968,118.1783],[-110.2399,72.52782,0.0],[-110.28653,72.53657,78.8247],[-110.32657,72.55488,129.7355],[-110.34952,72.55903,32.755],[-110.38052,72.55952,0.0],[-110.3944,72.55663,0.0],[-110.40722,72.54877,0.0],[-110.42125,72.534,0.0],[-110.42927,72.5279,45.63],[-110.43688,72.52684,0.0],[-110.458,72.52904,0.0],[-110.48615,72.52546,0.0],[-110.51399,72.51704,34.4316],[-110.53441,72.50438,0.0],[-110.48571,72.48054,0.0],[-110.30785,72.43618,0.0],[-110.3343,72.42731,79.641],[-110.36286,72.4335,42.1785],[-110.39143,72.44453,39.5172],[-110.42813,72.45209,77.0932],[-110.45377,72.46052,15.6361],[-110.51281,72.46955,15.7129],[-110.52758,72.47028,30.0338],[-110.54459,72.47403,33.8028],[-110.57038,72.4831,75.8553],[-110.59374,72.49429,110.7426],[-110.60334,72.50438,54.0471],[-110.59032,72.5135,0.0],[-110.49022,72.53848,17.1681],[-110.48225,72.5445,7.9374],[-110.47916,72.55561,100.1076],[-110.4855,72.55829,58.7844],[-110.52758,72.55219,0.0],[-110.59166,72.55414,44.5954],[-110.62336,72.55923,294.0865],[-110.67833,72.57917,0.0],[-110.70409,72.5788,0.0],[-110.72912,72.57128,0.0],[-110.83605,72.52489,0.0],[-110.82787,72.50996,0.0],[-110.81623,72.49893,0.0],[-110.78767,72.47712,68.4797],[-110.94148,72.4831,90.5114],[-110.97053,72.4798,0.0],[-110.99519,72.47337,0.0],[-111.00251,72.46377,0.0],[-110.97948,72.45038,0.0],[-111.01138,72.43106,0.0],[-111.05362,72.42206,0.0],[-111.08629,72.40827,0.0],[-111.08934,72.37409,0.0],[-111.07356,72.35358,0.0],[-111.05045,72.33454,0.0],[-111.03148,72.31314,0.0],[-111.0279,72.28531,0.0],[-111.04699,72.29035,62.9305],[-111.06387,72.29975,200.7937],[-111.08934,72.31883,371.3151],[-111.11669,72.33271,160.8257],[-111.14367,72.33906,6.0987],[-111.20226,72.34052,149.7394],[-111.2036,72.34431,220.2551],[-111.21955,72.3618,197.8624],[-111.2259,72.36717,0.0],[-111.23957,72.37165,0.0],[-111.2799,72.37519,0.0],[-111.29475,72.37409,0.0],[-111.31676,72.36481,0.0],[-111.3343,72.3535,0.0],[-111.35245,72.34756,0.0],[-111.3767,72.35419,9.327],[-111.35749,72.37149,14.5679],[-111.28112,72.402,57.2868],[-111.30232,72.40876,3.4563],[-111.34972,72.40672,0.0],[-111.36986,72.40819,94.5528],[-111.34313,72.42333,126.7347],[-111.23843,72.44196,66.0274],[-111.22057,72.45038,108.3081],[-111.21264,72.45551,128.656],[-111.20539,72.46345,12.4839],[-111.24185,72.47142,0.0],[-111.29524,72.47069,0.0],[-111.34728,72.46231,0.0],[-111.38012,72.44672,0.0],[-111.40709,72.42621,0.0],[-111.44131,72.41242,0.0],[-111.47838,72.40449,0.0],[-111.53156,72.40009,0.0],[-111.57388,72.38874,0.0],[-111.58959,72.38154,0.0],[-111.60399,72.37254,0.0],[-111.60924,72.36717,0.0],[-111.60631,72.36221,0.0],[-111.59642,72.35419,0.0],[-111.57681,72.34349,0.0],[-111.55484,72.33918,0.0],[-111.50707,72.34052,0.0],[-111.46203,72.35126,81.6179],[-111.43904,72.35383,37.1735],[-111.41828,72.34675,0.0],[-111.48054,72.32465,0.0],[-111.56334,72.30903,0.0],[-111.59069,72.29613,0.0],[-111.60265,72.29214,0.0],[-111.61864,72.29182,52.6318],[-111.65071,72.29515,0.0],[-111.6647,72.29214,0.0],[-111.68293,72.26813,0.0],[-111.7032,72.25292,125.914],[-111.70621,72.246,52.2044],[-111.70726,72.23892,35.2189],[-111.71247,72.23066,35.5925],[-111.73436,72.21328,35.0036],[-111.75333,72.2071,37.0448],[-111.77082,72.21084,48.4349],[-111.7882,72.22321,112.6737],[-111.77164,72.2381,125.2734],[-111.74376,72.25446,242.6636],[-111.72191,72.27155,257.2097],[-111.72301,72.28872,165.5588],[-111.72106,72.30256,1.7305],[-111.65998,72.32404,80.1758],[-111.64485,72.34052,94.8932],[-111.6588,72.35952,0.0],[-111.68883,72.3559,9.2908],[-111.74722,72.33308,0.0],[-111.79516,72.32445,29.8637],[-111.82116,72.32392,0.0],[-111.84313,72.32966,71.8768],[-111.87271,72.34174,85.9901],[-111.88927,72.34577,45.6732],[-111.90429,72.34675,0.0],[-111.88752,72.36774,82.7283],[-111.85464,72.38142,56.2151],[-111.56436,72.44115,45.8149],[-111.44726,72.48383,25.4356],[-111.43814,72.4914,21.2306],[-111.444,72.5008,0.0],[-111.46068,72.50487,0.0],[-111.47989,72.50703,28.258],[-111.4934,72.51065,19.055],[-111.2893,72.56599,26.5398],[-111.26684,72.57954,22.3784],[-111.26179,72.58735,18.1272],[-111.25377,72.61424,27.9029],[-111.24572,72.62783,24.2144],[-111.21695,72.66031,37.9748],[-111.20885,72.67341,0.8528],[-111.213,72.68464,5.796],[-111.23331,72.69684,0.0],[-111.22802,72.70307,0.0],[-111.22472,72.70962,0.0],[-111.21963,72.72411,8.5617],[-111.30842,72.73778,45.3727],[-111.39184,72.7414,0.0],[-111.42829,72.74848,0.0],[-111.45617,72.74925,43.6632],[-111.46605,72.75202,56.3284],[-111.46695,72.7556,62.1239],[-111.46524,72.76756,63.2671],[-111.46605,72.77131,41.472],[-111.48379,72.78351,13.0724],[-111.50739,72.79548,0.0],[-111.55224,72.80634,0.0],[-111.64782,72.81061,0.5578],[-111.71422,72.83088,0.0],[-111.88048,72.85663,0.7823],[-111.92154,72.87153,0.0],[-112.0091,72.88105,9.5764],[-112.0773,72.89802,0.0],[-112.28043,72.90253,1.6328],[-112.37316,72.9147,14.2656],[-112.53425,72.96088,8.533],[-112.79186,72.98481,7.8524],[-112.80639,72.98798,7.1231],[-112.83975,73.00161,0.0],[-112.85888,73.00471,0.0],[-112.94221,73.00446,1.5287],[-113.015,73.01602,0.0],[-113.19245,72.99331,0.0],[-113.39094,72.91157,0.0],[-113.48379,72.84048,0.0],[-113.57213,72.7978,0.0],[-113.60399,72.77753,0.0],[-113.60407,72.7617,0.0],[-113.55858,72.75479,8.3369],[-113.44327,72.7519,1.7084],[-113.41259,72.73037,0.0],[-113.42056,72.7272,0.0],[-113.42724,72.72248,0.0],[-113.43985,72.70991,0.0],[-113.43981,72.68525,0.0],[-113.47936,72.66665,3.2345],[-113.58739,72.64448,0.0],[-113.61083,72.64224,0.0],[-113.61962,72.63947,0.0],[-113.62548,72.63321,7.5182],[-113.63073,72.62592,13.9429],[-113.63785,72.62051,15.989],[-113.65958,72.6131,32.3302],[-113.68554,72.60806,17.0832],[-113.71166,72.60761,19.3147],[-113.73404,72.61424,23.8387],[-113.67943,72.63837,3.882],[-113.55797,72.67194,0.0],[-113.50878,72.70303,6.4813],[-113.55907,72.69892,0.0],[-113.80101,72.64033,31.0642],[-113.85668,72.63691,10.7895],[-113.89855,72.64842,0.3664],[-113.88488,72.66205,4.7036],[-114.12609,72.6367,0.0],[-114.25548,72.60065,0.455],[-114.30089,72.59821,0.0],[-114.32177,72.59178,0.0],[-114.33947,72.56379,4.8975],[-114.36071,72.55891,0.0],[-114.40624,72.55903,0.5979],[-114.51057,72.57331,0.7819],[-114.54613,72.56782,0.9401],[-114.55797,72.57099,0.1202],[-114.54967,72.58698,0.3203],[-114.57287,72.59927,0.5302],[-114.58552,72.60407,0.0],[-114.59805,72.60749,0.4624],[-114.60424,72.60749,0.3868],[-114.47297,72.62434,0.0],[-114.45637,72.63101,0.0],[-114.42614,72.64842,0.0],[-114.40477,72.65742,5.6991],[-114.31444,72.67377,0.0],[-114.27062,72.68671,2.3686],[-114.24804,72.6894,0.0],[-114.26773,72.69623,1.9553],[-114.31456,72.68578,4.8947],[-114.33397,72.6931,4.9854],[-114.33829,72.70112,4.2262],[-114.34142,72.71845,3.7907],[-114.34765,72.72724,1.7329],[-114.35607,72.74628,1.5742],[-114.33666,72.7556,1.4983],[-114.28279,72.76508,0.0],[-114.25178,72.78897,8.7119],[-114.2412,72.79243,4.9559],[-114.0231,72.7978,0.0],[-113.98107,72.80915,0.0],[-113.96955,72.82453,3.1752],[-113.98795,72.8393,7.8852],[-114.03637,72.86066,4.8912],[-114.05134,72.87132,7.5477],[-114.05549,72.87792,9.7042],[-114.05679,72.88862,13.1373],[-114.05281,72.89985,9.4704],[-114.04381,72.90705,6.8405],[-114.03441,72.91181,2.9466],[-114.02892,72.91596,2.3666],[-114.02453,72.93448,3.3875],[-114.03083,72.94571,4.5429],[-114.04125,72.95572,4.8229],[-114.04939,72.97053,8.975],[-114.0465,72.97272,8.1605],[-114.04263,72.98493,9.2699],[-114.04052,72.99698,9.554],[-114.04255,72.99848,12.4388],[-114.0349,73.00585,9.6619],[-114.01647,73.01732,9.4029],[-114.00841,73.02578,12.8999],[-114.00426,73.03522,10.2339],[-114.00471,73.04279,24.5639],[-114.00699,73.05121,39.9181],[-114.00841,73.06306,63.4368],[-114.00447,73.0716,56.2386],[-113.96198,73.12287,6.6076],[-113.95836,73.14012,1.9436],[-113.96524,73.15729,4.6955],[-113.98107,73.17597,20.957],[-114.02269,73.21186,32.2157],[-114.19664,73.30805,14.7811]]],
[[[-121.5808,74.55585,36.1173],[-121.78596,74.5432,39.0521],[-122.11681,74.49665,26.446],[-122.39745,74.47834,0.0],[-122.6232,74.46308,0.0],[-122.98624,74.45238,20.951],[-123.30354,74.44941,0.0],[-123.47741,74.42646,8.2948],[-123.6835,74.42597,0.0],[-123.73062,74.41201,43.5654],[-124.08682,74.40404,0.0],[-124.10464,74.39863,5.5958],[-124.10265,74.38264,14.9456],[-124.12133,74.37637,36.0943],[-124.23127,74.38325,7.3207],[-124.41002,74.37328,7.5037],[-124.68322,74.35171,23.0906],[-124.75569,74.34858,0.0],[-124.78726,74.33421,0.0],[-124.75137,74.31631,0.0],[-124.6481,74.32494,7.7074],[-124.60294,74.31371,-0.0372],[-124.67247,74.28962,8.4274],[-124.69392,74.2757,0.0],[-124.66442,74.26594,0.0],[-124.58178,74.27082,0.0],[-124.54564,74.26512,1.9599],[-124.52107,74.23859,0.8408],[-124.52212,74.22777,-0.1054],[-124.5299,74.22264,0.0],[-124.5314,74.21768,0.0],[-124.51391,74.20722,0.0],[-124.50329,74.19864,0.0],[-124.49958,74.18842,0.0],[-124.49682,74.17739,0.0],[-124.48937,74.16633,0.0],[-124.4768,74.159,0.0],[-124.46276,74.15445,0.0],[-124.44945,74.14814,0.0],[-124.43908,74.13557,0.0],[-124.43464,74.11961,0.0],[-124.43932,74.11058,1.6016],[-124.4523,74.10712,0.8356],[-124.47256,74.1083,0.0],[-124.46288,74.09309,0.0],[-124.45214,74.08031,0.0],[-124.46581,74.07416,0.0],[-124.44579,74.06485,0.0],[-124.40355,74.05296,0.5147],[-124.38386,74.03937,0.0],[-124.38927,74.03071,0.0],[-124.35582,74.00788,0.0],[-124.34227,73.99217,0.0],[-124.35993,73.98827,0.0],[-124.35497,73.98395,0.0],[-124.30704,73.97504,0.0],[-124.27941,73.96613,0.0],[-124.26716,73.9643,0.0],[-124.26106,73.96117,0.0],[-124.24755,73.94599,0.0],[-124.23957,73.94009,0.0],[-124.20889,73.92597,0.0],[-124.19762,73.92329,0.0],[-124.22008,73.90347,0.0],[-124.22509,73.89045,0.0],[-124.21325,73.87922,0.0],[-124.18521,73.86465,0.0],[-124.14533,73.85106,0.0],[-123.8828,73.83877,0.0],[-123.84264,73.82709,0.0],[-123.8225,73.8142,0.0],[-123.79235,73.78095,0.0],[-123.77375,73.76561,3.902],[-123.82909,73.74405,0.236],[-123.84846,73.72968,0.0],[-123.82836,73.71723,0.8657],[-123.84142,73.70112,0.8582],[-123.86579,73.69717,1.8931],[-123.9171,73.69672,-0.2611],[-124.0133,73.66885,0.0],[-124.05614,73.66185,2.1903],[-124.07384,73.65278,0.0],[-124.08161,73.63532,0.0],[-124.07702,73.62324,0.0],[-124.06558,73.61115,0.0],[-124.05191,73.60082,0.0],[-124.0406,73.59439,0.0],[-124.04841,73.58698,0.0],[-124.07022,73.57807,0.0],[-124.07478,73.57046,0.0],[-124.06843,73.54442,0.0],[-124.06794,73.5397,0.0],[-124.09008,73.52668,0.2865],[-124.15258,73.51935,0.9609],[-124.17097,73.50495,0.0],[-124.1573,73.50495,0.0],[-124.18122,73.48395,2.855],[-124.27847,73.48436,1.2224],[-124.31493,73.47769,0.0],[-124.29182,73.468,0.0],[-124.30651,73.46019,0.0],[-124.40917,73.43769,0.0],[-124.43432,73.42853,0.0],[-124.4453,73.41926,0.0],[-124.43725,73.40668,0.0],[-124.40563,73.39004,0.0],[-124.40372,73.37466,31.2151],[-124.4178,73.36384,4.9118],[-124.46923,73.35318,3.5905],[-124.48937,73.3439,3.8995],[-124.54088,73.2989,2.3851],[-124.57413,73.25121,0.0],[-124.58585,73.24429,0.0],[-124.59838,73.23851,0.0],[-124.65014,73.20331,-0.1083],[-124.65831,73.19929,0.0648],[-124.66584,73.19758,0.0],[-124.67097,73.19367,0.0],[-124.67186,73.18281,0.1103],[-124.66784,73.17829,0.0],[-124.65929,73.17422,0.0],[-124.65014,73.17113,0.0],[-124.64391,73.16983,0.0],[-124.66641,73.15449,0.9524],[-124.78726,73.14183,0.0],[-124.79638,73.13715,0.0],[-124.80549,73.13007,0.0],[-124.81241,73.12104,0.0],[-124.81526,73.11083,0.0],[-124.82112,73.10635,2.5792],[-124.84968,73.09553,9.4135],[-124.85993,73.09032,-0.7101],[-124.86539,73.07551,0.0],[-124.8507,73.06354,0.0],[-124.75475,73.01752,0.0],[-124.72631,73.00878,0.0],[-124.69856,73.01154,0.0],[-124.70442,73.01447,0.0],[-124.71906,73.02578,12.9817],[-124.6234,73.02578,26.8993],[-124.63707,73.01899,7.5694],[-124.62019,73.00601,0.0],[-124.59435,72.99506,0.0],[-124.56676,72.98762,0.0],[-124.5443,72.98481,0.0],[-124.51561,72.98607,0.0],[-124.50007,72.98412,0.0],[-124.49307,72.97736,1.3622],[-124.49747,72.97354,-0.1787],[-124.51936,72.96271,0.0],[-124.52721,72.95685,0.0],[-124.47924,72.93976,0.0],[-124.47598,72.93305,0.0],[-124.49039,72.92512,0.6318],[-124.52477,72.92267,0.9246],[-124.57575,72.90827,7.8489],[-124.70726,72.88793,6.1994],[-124.77701,72.89545,2.6973],[-124.95149,72.85708,24.6251],[-124.97663,72.86408,7.4729],[-124.9912,72.87002,1.0347],[-125.03474,72.87202,0.0],[-125.06823,72.88418,31.7818],[-125.08434,72.87971,46.1225],[-125.09952,72.87173,33.4349],[-125.11343,72.8675,18.9583],[-125.11828,72.86347,2.8126],[-125.1079,72.85444,0.0],[-125.08275,72.84024,0.0],[-125.03844,72.83246,0.0],[-125.0275,72.82656,0.1854],[-125.02269,72.81729,11.1795],[-125.02156,72.79759,0.0],[-125.01757,72.78901,0.0],[-125.00707,72.78022,0.0],[-124.98624,72.76948,0.0],[-124.97663,72.7617,0.0],[-124.97387,72.74518,0.0],[-124.98933,72.73086,0.0],[-125.00943,72.71735,1.193],[-125.02066,72.70303,0.0],[-124.96036,72.70893,-0.1584],[-124.94555,72.70303,4.4134],[-124.96304,72.6826,0.0],[-124.97374,72.67451,-0.6535],[-124.98648,72.66889,2.1901],[-125.0056,72.66869,1.448],[-125.02644,72.67267,1.5695],[-125.04455,72.67304,5.8601],[-125.05541,72.66205,1.9105],[-125.04821,72.66108,1.5393],[-125.03474,72.65656,0.0],[-125.0275,72.65522,0.6172],[-125.03869,72.64301,12.215],[-125.05923,72.64008,4.6401],[-125.08267,72.63959,6.6598],[-125.10261,72.63471,0.0],[-125.07185,72.61774,0.0],[-125.03881,72.60981,0.0],[-124.96605,72.60749,-0.2704],[-124.97533,72.59272,0.2209],[-124.95238,72.56965,0.0],[-124.97289,72.56586,0.0],[-125.0327,72.56826,-0.2649],[-125.06066,72.56562,0.0],[-125.1754,72.51813,-0.0305],[-125.22033,72.50507,-0.6346],[-125.25914,72.50043,0.0],[-125.29918,72.48908,0.8664],[-125.31135,72.47895,1.1354],[-125.30871,72.46345,0.0],[-125.35383,72.44888,0.0],[-125.36315,72.43887,0.0],[-125.34284,72.42251,0.0],[-125.41568,72.42162,13.3341],[-125.43838,72.41568,0.0],[-125.42711,72.4099,0.0],[-125.40282,72.40656,0.0],[-125.39061,72.402,0.0],[-125.41641,72.37417,0.0],[-125.42471,72.36717,0.0],[-125.43944,72.36091,0.6102],[-125.47256,72.35261,0.0],[-125.48742,72.34675,0.0],[-125.50845,72.33291,0.0],[-125.52038,72.3229,0.0],[-125.52843,72.31265,0.0],[-125.53238,72.29841,0.0],[-125.52766,72.29222,0.0],[-125.5172,72.29377,0.0],[-125.5039,72.30268,0.0],[-125.48738,72.31025,0.0],[-125.48095,72.30036,0.4012],[-125.48274,72.28559,-0.0985],[-125.49055,72.2779,0.0],[-125.50235,72.27489,0.0],[-125.54857,72.25422,2.3141],[-125.57282,72.24872,5.1902],[-125.65099,72.25739,8.9703],[-125.66027,72.2541,24.4507],[-125.67089,72.23745,32.2127],[-125.67927,72.23066,0.0],[-125.6715,72.21723,0.0],[-125.66609,72.21271,0.3186],[-125.65754,72.20962,0.7846],[-125.65665,72.19375,0.0],[-125.62995,72.18549,0.0],[-125.56941,72.18285,6.2698],[-125.56941,72.17544,5.707],[-125.62442,72.17723,0.0],[-125.69017,72.1684,3.5132],[-125.75206,72.14769,0.0],[-125.79528,72.11396,0.0],[-125.75064,72.11555,0.0],[-125.73225,72.10993,0.0],[-125.7202,72.09349,0.0],[-125.71935,72.07966,0.0],[-125.72444,72.06855,0.0],[-125.73078,72.05878,0.0],[-125.74157,72.02485,0.0],[-125.76061,72.00385,0.0],[-125.78498,71.98725,2.69],[-125.80834,71.97626,8.3425],[-125.87755,71.96402,0.0],[-125.79044,71.94916,0.0],[-125.56664,71.97378,26.2208],[-125.27196,71.98078,0.0],[-125.0067,71.97899,52.0796],[-124.95889,71.96662,6.6017],[-124.9442,71.95751,0.0],[-124.9403,71.9499,0.0],[-124.94807,71.94457,20.3843],[-124.96788,71.94269,5.5],[-124.982,71.9455,5.5],[-125.01183,71.95905,15.9666],[-125.0275,71.9632,9.9351],[-125.25341,71.95572,0.0],[-125.23229,71.94131,0.0],[-124.96862,71.89057,14.5407],[-124.8732,71.85562,0.0],[-124.66169,71.80463,0.0],[-124.36313,71.75251,0.0],[-124.06456,71.70038,0.0],[-123.93952,71.65327,0.0],[-123.83511,71.57217,0.0],[-123.81843,71.55183,0.0],[-123.80822,71.54255,-0.011],[-123.79792,71.53864,-1.5],[-123.73453,71.52717,6.3316],[-123.7185,71.52123,6.4543],[-123.66918,71.49482,0.0],[-123.62352,71.46223,0.0],[-123.55671,71.39814,0.0],[-123.4357,71.2486,40.8536],[-123.35237,71.18285,146.8544],[-123.25528,71.13044,0.0],[-123.14989,71.09296,0.0],[-123.09992,71.08462,27.2743],[-122.79776,71.0878,116.7428],[-122.75329,71.0998,0.0],[-122.72753,71.11408,0.0],[-122.69693,71.13911,0.0],[-122.67199,71.14948,0.0],[-122.62955,71.17495,0.5308],[-122.40172,71.22602,0.0],[-122.31989,71.23383,0.0],[-122.23302,71.25312,7.1611],[-122.15608,71.26118,0.0],[-122.12295,71.27082,0.0],[-122.06062,71.29841,24.2968],[-121.98038,71.34687,1.798],[-121.93106,71.3605,0.0],[-121.85456,71.40766,0.0],[-121.73786,71.45917,0.0],[-121.70055,71.46809,0.0],[-121.65193,71.46971,1.2333],[-121.60351,71.46442,0.0],[-121.5668,71.45234,0.0],[-121.53795,71.43065,0.0],[-121.54528,71.41999,0.0],[-121.60814,71.40143,0.0],[-121.42317,71.38032,0.0],[-121.20556,71.41108,10.4301],[-120.9925,71.42886,0.0],[-120.76415,71.47329,29.9817],[-120.63524,71.49144,0.0],[-120.51553,71.5432,39.8548],[-120.4226,71.63483,29.03],[-120.40608,71.66328,0.0],[-120.38781,71.68236,0.0],[-120.38244,71.69172,1.8653],[-120.38337,71.70148,0.6888],[-120.39159,71.71332,2.006],[-120.41267,71.73574,0.0],[-120.42162,71.74921,0.0],[-120.41991,71.76435,0.0],[-120.40892,71.79182,0.0],[-120.40681,71.81167,0.0],[-120.40673,71.8393,0.0],[-120.40343,71.86384,12.5235],[-120.39159,71.87446,2.1682],[-120.38809,71.88231,1.5433],[-120.41047,71.89997,2.357],[-120.45739,71.92902,4.8333],[-120.43399,71.9643,0.3409],[-120.39476,71.98444,8.5991],[-120.34919,71.99901,23.6396],[-120.30655,72.01777,0.0],[-120.19774,72.08503,30.2745],[-120.16877,72.11396,1.3434],[-120.15807,72.12836,15.9499],[-120.15274,72.13996,2.0592],[-120.15465,72.15143,3.018],[-120.1739,72.17821,66.7575],[-120.17789,72.19123,36.3518],[-120.18346,72.20429,17.542],[-120.19669,72.21703,28.7912],[-120.24332,72.23066,68.2689],[-120.26122,72.24185,16.13],[-120.25475,72.26081,1.1738],[-120.22956,72.27123,0.0],[-120.19197,72.27399,-0.0252],[-120.15396,72.27098,0.0],[-120.1278,72.26423,0.0],[-120.13952,72.25422,47.3475],[-120.19669,72.24433,0.0],[-120.1761,72.23566,0.613],[-119.97598,72.22468,0.0],[-119.92683,72.23045,0.0],[-119.90184,72.23066,0.0],[-119.83039,72.22285,0.0],[-119.80565,72.22321,0.0],[-119.77282,72.22956,0.0],[-119.65099,72.27387,0.0],[-119.43659,72.31818,0.0],[-119.38638,72.33584,0.0],[-119.34016,72.34675,0.0],[-119.32877,72.35179,0.0],[-119.3131,72.36107,0.0],[-119.3048,72.37006,13.4595],[-119.31591,72.37409,-1.5],[-119.32958,72.38447,19.163],[-119.32653,72.40819,45.2317],[-119.3155,72.43399,39.3176],[-119.30533,72.45038,34.2706],[-119.28698,72.46198,40.0105],[-119.26281,72.4726,0.0],[-119.24625,72.48566,11.1412],[-119.25072,72.50438,23.6487],[-119.23461,72.5148,7.8177],[-119.19359,72.53026,0.0],[-119.18187,72.53856,0.0],[-119.18,72.55239,39.5042],[-119.18981,72.57905,58.1154],[-119.18562,72.59032,62.3405],[-119.1776,72.60334,70.2827],[-119.17268,72.61791,42.988],[-119.16389,72.62983,45.0141],[-119.1446,72.63471,56.1381],[-119.1232,72.63703,0.0],[-118.90538,72.68871,0.0],[-118.76789,72.73949,25.7373],[-118.71764,72.74877,5.1051],[-118.57299,72.75129,0.0],[-118.52196,72.75772,0.0],[-118.48697,72.77505,0.3001],[-118.46129,72.79531,0.6161],[-118.43106,72.8085,0.0],[-118.23803,72.85757,10.0598],[-118.04214,72.88589,0.122],[-117.9886,72.90493,10.5777],[-117.87287,72.92963,1.6194],[-117.7611,72.97175,28.6024],[-117.68529,72.98115,0.0],[-117.39021,73.05549,15.1188],[-117.21548,73.06611,0.0],[-117.19994,73.06953,0.0],[-117.14721,73.09345,0.0],[-116.98323,73.1197,0.0],[-116.90705,73.14183,0.0],[-116.8518,73.16657,0.0],[-116.78881,73.17365,0.0],[-116.76863,73.17878,0.0],[-116.71272,73.20132,0.0],[-116.503,73.23802,0.0],[-116.45906,73.26118,40.4044],[-116.2185,73.28465,0.0],[-115.97985,73.32486,22.8904],[-115.75377,73.35749,0.0],[-115.59093,73.40424,1.0476],[-115.55736,73.41926,16.9729],[-115.53726,73.42479,30.1067],[-115.45775,73.42988,1.7645],[-115.45002,73.43431,1.9841],[-115.41674,73.4606,17.6613],[-115.40128,73.46796,16.9611],[-115.3496,73.47655,1.4396],[-115.3308,73.47769,1.1111],[-115.32055,73.48066,1.7511],[-115.31908,73.48827,9.1679],[-115.32364,73.50869,7.0518],[-115.33357,73.52412,25.9261],[-115.35631,73.54182,36.7305],[-115.3994,73.56704,19.8368],[-115.49437,73.60273,5.0497],[-115.53279,73.62543,0.0],[-115.56896,73.63447,0.0],[-115.58434,73.64151,0.0],[-115.60985,73.66352,0.6893],[-115.61905,73.66885,0.1256],[-115.64635,73.6765,0.389],[-115.73518,73.68309,0.0947],[-115.923,73.73005,33.6745],[-115.97643,73.76569,0.0],[-116.1822,73.82648,190.9941],[-116.24568,73.86107,0.0],[-116.32897,73.86884,47.7951],[-116.36266,73.88544,5.0439],[-116.38638,73.90131,158.6425],[-116.6267,73.99443,45.4546],[-116.86701,74.08755,0.0],[-117.14175,74.16002,190.7347],[-117.41649,74.23249,0.0],[-117.74124,74.2566,9.1151],[-118.06599,74.28071,84.7488],[-118.40274,74.25682,0.0],[-118.45678,74.24702,0.0],[-118.55578,74.24193,0.0],[-118.62531,74.22712,5.6752],[-118.72541,74.22077,0.0],[-118.79239,74.20051,0.0],[-118.83849,74.19554,0.0],[-118.85973,74.19017,0.0],[-118.87633,74.18329,0.0],[-118.88317,74.1787,0.0],[-118.88174,74.17304,0.0],[-118.87393,74.16291,0.0],[-118.84813,74.14794,-0.0737],[-118.81591,74.13959,0.0],[-118.79552,74.12759,0.0],[-118.80508,74.10139,0.0],[-118.82209,74.08991,0.0],[-118.86107,74.08442,0.0],[-118.87767,74.07722,0.0],[-118.90856,74.05317,0.0],[-118.9274,74.034,0.0],[-118.95189,74.01756,0.0],[-118.96337,74.01211,0.0],[-118.98257,74.00727,0.0],[-118.99645,74.0091,0.0],[-119.02481,74.01887,0.0],[-119.06896,74.01862,0.0],[-119.14782,73.99527,-0.0331],[-119.18932,73.99217,0.6857],[-119.18497,74.00471,19.4618],[-119.17756,74.01447,20.5641],[-119.16918,74.02334,47.3361],[-119.16198,74.03315,44.5151],[-119.14916,74.05964,64.4921],[-119.13964,74.06769,43.9307],[-119.121,74.07416,18.3842],[-119.08519,74.08104,13.9356],[-119.06924,74.09052,6.3565],[-119.0664,74.1083,33.3766],[-119.07677,74.11994,19.8078],[-119.09504,74.12507,45.0651],[-119.13467,74.12873,97.117],[-119.10066,74.15204,41.535],[-119.09797,74.16429,21.9761],[-119.10733,74.18403,43.9874],[-119.12462,74.20185,52.4181],[-119.14436,74.20905,91.2606],[-119.23721,74.22728,0.0],[-119.37426,74.21747,11.1541],[-119.44343,74.22606,2.69],[-119.47989,74.22614,0.0],[-119.50744,74.2141,30.1495],[-119.54166,74.18256,0.0],[-119.57921,74.15534,0.0],[-119.62121,74.13434,0.0],[-119.72248,74.11001,0.0],[-119.74694,74.09732,0.5371],[-119.75723,74.07722,25.1702],[-119.75072,74.06672,0.2606],[-119.73827,74.05707,0.0],[-119.73013,74.04645,0.9213],[-119.73672,74.03315,0.462],[-119.76525,74.03535,14.5332],[-119.79524,74.0432,50.5595],[-119.82201,74.05541,113.0101],[-119.83361,74.07075,7.8495],[-119.82946,74.09138,4.2243],[-119.81798,74.10432,58.2232],[-119.68505,74.16572,0.0],[-119.64745,74.19522,-0.1188],[-119.66222,74.225,46.4013],[-119.6289,74.23151,0.0],[-119.55378,74.22419,0.0],[-119.5183,74.23115,0.0],[-119.56558,74.23896,0.0],[-119.85953,74.23652,48.0009],[-119.94107,74.26317,3.4209],[-119.98087,74.27033,2.9068],[-120.15656,74.279,10.6909],[-120.54564,74.35128,30.8546],[-120.93472,74.42357,28.3485],[-120.96886,74.42154,35.2445],[-120.97753,74.42357,52.695],[-120.98152,74.44473,57.206],[-120.98436,74.45087,28.2438],[-121.01159,74.4704,0.0],[-121.13239,74.50996,112.8454],[-121.21085,74.51236,149.5177],[-121.25723,74.53026,75.9473],[-121.27733,74.53278,69.2418],[-121.42951,74.53026,93.1746],[-121.5808,74.55585,36.1173]]],
[[[-110.00369,75.91144,0.0],[-110.0546,75.89647,0.0],[-110.00369,75.87869,0.0],[-110.00369,75.91144,0.0]]],
[[[-121.09211,75.73412,35.6081],[-121.05871,75.73945,60.1053],[-120.99112,75.76301,17.9006],[-120.91413,75.81045,0.0],[-120.90241,75.8251,0.0],[-120.89769,75.83759,4.3087],[-120.87556,75.87393,15.5103],[-120.86828,75.8828,18.2224],[-120.87316,75.8924,58.5701],[-120.87499,75.90184,45.6347],[-120.8734,75.91047,53.9448],[-120.86828,75.91694,29.9285],[-120.88292,75.93643,2.9479],[-120.92089,75.94115,1.5179],[-120.96483,75.9372,22.2944],[-120.99795,75.93061,10.1793],[-121.03002,75.91828,0.0],[-121.04369,75.90827,0.0],[-121.04638,75.89647,0.0],[-121.0087,75.87832,5.8886],[-120.99795,75.86982,64.6476],[-121.02233,75.84789,0.0],[-121.03279,75.84186,0.0],[-121.0194,75.83226,0.0],[-121.02261,75.82347,0.0],[-121.03612,75.81704,0.0],[-121.05346,75.81452,0.0],[-121.07258,75.81403,0.0],[-121.08532,75.8122,0.0],[-121.11681,75.80248,0.0],[-121.25243,75.77729,0.0],[-121.29345,75.75996,0.0],[-121.25683,75.74584,0.0],[-121.1682,75.73371,0.0],[-121.09211,75.73412,35.6081]]],
[[[-117.65974,76.12588,-0.1617],[-117.7987,76.11164,0.0],[-117.8946,76.08149,0.0],[-117.88996,76.07148,0.0],[-117.88707,76.06778,0.0],[-118.01993,76.03889,-0.092],[-118.05419,76.03946,0.0],[-118.08707,76.03547,0.0],[-118.11644,76.01691,0.0],[-118.14078,75.98823,-0.1308],[-118.15412,75.97866,0.0178],[-118.17447,75.97224,0.9783],[-118.20938,75.96857,6.0971],[-118.31908,75.97224,8.8576],[-118.62121,75.92206,0.0],[-118.68611,75.90086,0.0],[-118.74128,75.87397,0.0],[-118.75731,75.84809,5.179],[-118.79931,75.84553,-0.3402],[-118.84203,75.83539,0.0],[-118.92178,75.80402,0.0],[-118.97216,75.77033,0.0],[-118.99205,75.76154,1.6549],[-119.05256,75.75165,0.0],[-119.3321,75.66079,0.0],[-119.40905,75.61591,0.0],[-119.4016,75.61591,11.5162],[-119.40754,75.60977,0.0],[-119.4088,75.60651,0.0],[-119.40905,75.60163,0.0],[-119.19835,75.5644,0.0],[-119.09325,75.57294,0.0],[-119.05895,75.56818,0.0],[-119.01073,75.55557,0.0],[-118.99665,75.55561,0.0],[-118.96467,75.56171,0.0],[-118.93651,75.56269,0.0],[-118.87393,75.5539,-0.137],[-118.89192,75.5493,-0.0623],[-118.91234,75.54865,-0.2131],[-118.93049,75.54548,0.0],[-118.94164,75.53339,0.0],[-118.79503,75.53083,0.0],[-118.70788,75.50825,0.0],[-118.6608,75.50259,0.0],[-118.61392,75.50373,0.0],[-118.25251,75.59565,0.0],[-118.20238,75.60163,0.0],[-118.21801,75.60838,0.9242],[-118.27066,75.61591,33.8151],[-118.01061,75.71149,0.9626],[-117.98778,75.72431,0.0],[-117.9733,75.73017,0.0],[-117.93545,75.73469,0.0],[-117.93248,75.73981,0.4533],[-117.93773,75.74628,1.4071],[-117.94172,75.75251,1.504],[-117.94522,75.7635,8.5125],[-117.95055,75.76874,3.7857],[-117.95149,75.77448,17.3192],[-117.94172,75.78726,2.8144],[-117.92955,75.79499,5.558],[-117.89977,75.80451,0.1031],[-117.88707,75.81452,0.2599],[-117.8946,75.82136,8.3336],[-117.87633,75.82807,-0.2533],[-117.83642,75.83519,1.2195],[-117.81823,75.84186,1.028],[-117.82445,75.8476,2.1516],[-117.82677,75.85155,1.191],[-117.83007,75.85415,1.3792],[-117.83934,75.85554,3.1012],[-117.83161,75.8666,7.9912],[-117.78474,75.89647,13.365],[-117.75862,75.90827,1.9557],[-117.68102,75.92377,0.0],[-117.66568,75.9322,0.4471],[-117.63561,75.95466,5.1343],[-117.61872,75.96345,10.9869],[-117.60147,75.96967,1.0685],[-117.5841,75.97834,0.6683],[-117.57405,75.9903,1.1311],[-117.5786,76.00633,15.7701],[-117.53722,76.02143,11.5084],[-117.51928,76.03148,1.2266],[-117.50353,76.04731,0.0345],[-117.49132,76.07241,0.0],[-117.48209,76.08185,9.4531],[-117.46251,76.08828,0.2403],[-117.54235,76.10932,7.0673],[-117.58568,76.11571,0.4134],[-117.62637,76.11563,20.0815],[-117.65974,76.12588,-0.1617]]],
[[[-110.00369,76.46458,10.7578],[-110.00369,76.48615,0.4936],[-110.00683,76.48615,0.4564],[-110.04894,76.47671,0.0],[-110.11278,76.4538,0.0],[-110.32128,76.42878,2.6014],[-110.36246,76.43085,4.462],[-110.35631,76.43085,3.7205],[-110.3629,76.43159,2.4525],[-110.38362,76.43085,0.433],[-110.3802,76.42011,0.0],[-110.38134,76.41039,1.7553],[-110.38707,76.40233,0.6277],[-110.39721,76.39671,0.0],[-110.38427,76.3874,0.0],[-110.3695,76.37938,0.0],[-110.36351,76.37165,0.0],[-110.37678,76.36323,1.9706],[-110.36889,76.35371,0.0],[-110.35607,76.34886,0.0],[-110.34142,76.34585,0.0],[-110.32836,76.3415,1.5618],[-110.34284,76.32974,0.0],[-110.3754,76.31476,0.0],[-110.38362,76.30052,0.0],[-110.14696,76.27631,0.0],[-110.00369,76.22643,0.0],[-110.00369,76.22656,0.0],[-110.00369,76.24403,1.0649],[-110.00369,76.46458,10.7578]]],
[[[-114.74694,76.50019,0.0],[-114.713,76.51044,1.9558],[-114.70051,76.52021,0.0],[-114.87243,76.52021,0.0],[-114.9049,76.51675,0.0],[-114.98168,76.48615,0.0],[-115.02147,76.47907,0.0],[-115.51232,76.4562,0.0],[-115.87487,76.36359,0.0],[-115.91332,76.34903,0.0],[-115.89769,76.34235,0.0],[-115.86339,76.33259,0.0],[-115.85188,76.32225,0.0],[-115.9099,76.29926,0.0],[-115.92699,76.28685,0.0],[-115.91739,76.28148,0.0],[-115.89281,76.25959,0.0],[-115.87731,76.25324,0.0],[-115.77945,76.23729,0.0],[-115.52937,76.23717,0.0],[-115.27929,76.23705,5.5878],[-115.04027,76.20844,0.0],[-114.97533,76.17731,0.0],[-114.87833,76.17744,0.0],[-114.79499,76.16795,0.0],[-114.70629,76.17438,0.0],[-114.66698,76.16401,19.278],[-114.71105,76.1542,36.6085],[-114.82714,76.14932,104.0881],[-114.94982,76.16397,0.5593],[-115.04011,76.15884,122.7586],[-115.04308,76.16401,62.437],[-115.16051,76.16706,166.9681],[-115.45226,76.18822,8.6335],[-115.67199,76.18049,214.9452],[-115.84114,76.18496,83.7225],[-115.94644,76.20209,0.0],[-116.16271,76.20384,0.0],[-116.52623,76.16014,0.0],[-116.54109,76.15082,0.0],[-116.55476,76.13947,0.0],[-116.5712,76.12922,0.0],[-116.59048,76.1249,0.0202],[-116.61083,76.12385,0.0],[-116.63028,76.12043,0.0],[-116.64696,76.10871,0.0],[-116.64615,76.10106,0.0],[-116.6879,76.07526,0.0],[-116.70588,76.05781,0.0],[-116.7071,76.05036,0.0],[-116.70157,76.04047,0.0],[-116.65831,76.01992,0.0],[-116.54198,76.03535,84.7339],[-116.49616,76.0268,0.0],[-116.52131,76.01533,0.0],[-116.53026,76.01313,0.0],[-116.51643,76.00145,0.0],[-116.4757,75.99242,0.0],[-116.46133,75.97842,0.0],[-116.48497,75.97211,10.2852],[-116.55736,75.97842,0.0],[-116.61612,75.97626,1.5368],[-116.71386,75.96125,0.0],[-116.72851,75.95417,0.0],[-116.73632,75.93745,0.0],[-116.734,75.92109,0.0],[-116.72346,75.90803,3.6719],[-116.70812,75.89956,0.0],[-116.24437,75.86953,0.0],[-116.22179,75.87596,0.0],[-116.21858,75.86957,0.0],[-116.20254,75.86807,0.0],[-115.76163,75.89606,20.9668],[-115.69766,75.88666,0.0],[-115.2777,75.89873,56.6281],[-114.85774,75.91079,0.0],[-114.8341,75.90851,0.0],[-114.81249,75.90217,0.0],[-114.80598,75.89228,0.0],[-114.82738,75.87938,91.4812],[-114.87499,75.86738,133.6632],[-115.22655,75.8509,62.5343],[-115.57811,75.83442,24.9947],[-115.72692,75.85419,7.9879],[-115.7423,75.85895,2.2829],[-115.76232,75.86176,0.0],[-115.77611,75.85253,0.0],[-115.78751,75.84048,1.7523],[-115.80065,75.83442,1.5109],[-116.16222,75.81928,0.0],[-116.52379,75.80414,40.7793],[-116.88537,75.78901,80.4473],[-116.96565,75.76138,49.8704],[-117.22802,75.63349,0.0],[-117.24901,75.60908,0.0],[-117.239,75.58271,0.0],[-117.19831,75.57551,0.0],[-116.83742,75.57627,5.3068],[-116.47652,75.57703,190.8373],[-116.11563,75.57779,0.0],[-116.10143,75.58576,-0.1939],[-115.98274,75.6114,182.3084],[-115.77477,75.62702,0.0],[-115.6975,75.64582,25.9846],[-115.37222,75.66059,0.0],[-115.05224,75.71027,9.1675],[-115.00211,75.69847,13.5158],[-115.02392,75.69359,102.9108],[-115.11213,75.6883,0.0],[-115.25487,75.64924,0.0],[-115.27278,75.63955,0.0],[-115.28352,75.62714,159.3452],[-115.28441,75.6197,2.3689],[-115.26281,75.60163,0.0],[-115.58971,75.58796,0.0],[-116.0419,75.48481,108.9737],[-116.14953,75.4772,127.7313],[-116.36921,75.48916,0.0],[-116.4475,75.47748,98.8693],[-116.82486,75.47913,171.7367],[-117.20222,75.48078,0.0],[-117.30427,75.45832,183.6096],[-117.55431,75.35806,0.0],[-117.57673,75.33662,0.0],[-117.55818,75.31428,0.0],[-117.62023,75.31245,0.0],[-117.65144,75.30573,0.0],[-117.67488,75.29316,0.0],[-117.6599,75.28205,0.0],[-117.65372,75.27953,0.0],[-117.66051,75.27326,0.0],[-117.6691,75.26801,0.0],[-117.68847,75.25967,0.0],[-117.67081,75.24453,0.0],[-117.64631,75.23648,0.0],[-117.59268,75.22728,0.0],[-117.51008,75.20112,0.0],[-117.01716,75.14948,0.0],[-116.98868,75.1496,0.0],[-116.9654,75.15998,0.0],[-116.95149,75.16185,0.0],[-116.89395,75.14232,8.9993],[-116.76724,75.12222,0.0],[-116.6879,75.1225,201.2528],[-116.66804,75.12718,77.5322],[-116.61221,75.1634,4.9569],[-116.59594,75.1706,1.1671],[-116.54548,75.18525,0.0],[-116.52062,75.18879,0.0],[-116.46703,75.18439,125.0619],[-116.2565,75.21125,0.0],[-116.24405,75.20808,0.0],[-116.24523,75.20018,0.0],[-116.24938,75.19009,0.0],[-116.246,75.18024,0.0],[-116.24966,75.16242,0.0],[-116.28161,75.14252,0.0],[-116.33849,75.11563,0.0],[-116.3085,75.10261,0.0],[-116.26968,75.10049,0.0],[-116.08194,75.12739,246.1711],[-116.04369,75.12873,0.0],[-116.08446,75.0987,0.0],[-116.14216,75.08381,122.3789],[-116.25593,75.06729,0.0],[-116.25593,75.06037,0.0],[-116.16641,75.04019,0.0],[-116.0255,75.02607,0.0],[-115.92724,74.99787,0.0],[-115.71544,74.97036,0.0],[-115.66006,74.97224,20.1476],[-115.62706,74.98017,39.9487],[-115.58434,74.99543,14.1601],[-115.55028,75.01606,223.761],[-115.54337,75.03994,213.3556],[-115.53718,75.03994,218.648],[-115.55753,75.06151,180.397],[-115.58764,75.08515,0.0],[-115.60595,75.10505,0.0],[-115.59118,75.11563,20.8134],[-115.60534,75.12149,0.0],[-115.6372,75.12421,15.6068],[-115.65266,75.12873,29.7842],[-115.6682,75.14045,-0.2451],[-115.66657,75.1485,3.2134],[-115.65343,75.15143,67.732],[-115.52416,75.12507,0.0],[-115.44807,75.10025,0.0],[-115.40575,75.10293,184.3776],[-115.27404,75.1494,19.6772],[-115.25487,75.16584,0.0],[-115.26281,75.18329,15.1928],[-115.23327,75.17357,0.0],[-115.20385,75.15103,0.0],[-115.18322,75.1258,0.0],[-115.18029,75.10822,0.0],[-115.17341,75.09951,7.4949],[-115.18366,75.09406,0.0],[-115.20084,75.08902,0.0],[-115.215,75.08149,0.0],[-115.22517,75.06855,0.0],[-115.22582,75.06049,0.0],[-115.215,75.03994,0.0],[-115.20637,75.01699,0.0],[-115.19595,75.00243,0.0],[-115.18004,74.9925,0.0],[-115.15477,74.98355,0.0],[-115.05769,74.96674,2.6985],[-114.95849,74.97053,0.0],[-114.69966,75.01923,0.0],[-114.44083,75.06794,19.1104],[-114.4029,75.09146,46.0835],[-114.38158,75.10814,52.2617],[-114.32999,75.13793,71.1145],[-114.31005,75.15664,106.6695],[-114.30329,75.18179,100.0591],[-114.32348,75.19392,0.0],[-114.3557,75.20283,21.5485],[-114.38516,75.218,250.5688],[-114.40941,75.24909,79.1072],[-114.42589,75.25837,229.804],[-114.44839,75.26362,258.4956],[-114.54699,75.27342,23.1829],[-114.58194,75.26773,10.8157],[-114.60167,75.2683,10.9056],[-114.6162,75.2731,1.3946],[-114.61514,75.28327,56.8824],[-114.59016,75.2978,83.4559],[-114.54931,75.312,0.0],[-114.51122,75.31696,0.5711],[-114.49437,75.3037,33.0825],[-114.36193,75.28486,0.0],[-114.35098,75.27953,0.0],[-114.35017,75.27582,0.0],[-114.35192,75.26337,0.0],[-114.35098,75.25967,0.0],[-114.30989,75.24042,0.0],[-114.25267,75.22675,0.0],[-114.19579,75.22517,160.0639],[-114.15583,75.24225,231.3864],[-114.12678,75.26472,245.7367],[-114.11828,75.27334,176.7696],[-114.09093,75.31428,56.0599],[-114.05822,75.34601,40.8512],[-114.04646,75.36644,265.1727],[-114.05309,75.38593,242.2218],[-114.06908,75.39692,175.6101],[-114.08104,75.40217,316.7632],[-114.08853,75.40884,143.0524],[-114.09093,75.42414,393.465],[-114.08593,75.43415,386.1173],[-114.07763,75.44526,381.8578],[-114.07608,75.45433,173.1389],[-114.09093,75.45832,211.3908],[-114.07067,75.47492,1.0435],[-114.03551,75.46577,0.0],[-113.9667,75.4289,0.0],[-113.92064,75.38801,0.0],[-113.89855,75.37568,0.0],[-113.87393,75.37377,0.0],[-113.51822,75.41926,0.0],[-113.47399,75.43773,230.7817],[-113.47631,75.42186,0.0],[-113.46154,75.41869,0.0],[-113.41959,75.42414,20.1573],[-113.34545,75.41669,0.0],[-113.32315,75.42414,0.0],[-113.32315,75.41669,11.1896],[-113.37564,75.41645,0.0],[-113.53067,75.38727,0.0],[-113.60139,75.36538,0.0],[-113.67858,75.35952,0.0],[-113.78429,75.33967,0.0],[-113.81298,75.32392,0.0],[-113.83642,75.30166,0.0],[-113.87609,75.24974,0.0],[-113.93952,75.18329,0.0],[-113.90685,75.16865,0.0],[-113.86612,75.16861,0.0],[-113.71719,75.19701,201.1343],[-113.6798,75.1988,160.6513],[-113.64533,75.19074,0.0],[-113.91283,75.14981,0.0],[-113.92903,75.14427,0.0],[-113.93932,75.13817,0.0],[-113.95377,75.1225,0.0],[-113.95763,75.07445,0.0],[-113.88663,75.05817,34.9061],[-113.66584,75.06037,26.5334],[-113.65632,75.06415,4.6882],[-113.65197,75.06855,0.0],[-113.64599,75.07099,0.4478],[-113.62165,75.06729,0.0],[-113.44693,75.08515,165.4461],[-113.34972,75.08063,43.457],[-113.20645,75.08771,68.5997],[-113.17984,75.09463,225.5645],[-113.16177,75.11115,206.9617],[-113.13817,75.14981,41.9834],[-113.12076,75.14142,0.0],[-113.08361,75.10822,12.5156],[-113.0546,75.0974,13.181],[-113.02294,75.09479,0.0],[-112.85709,75.10985,0.0],[-112.73009,75.14155,189.7561],[-112.69937,75.14232,25.9314],[-112.7008,75.15331,0.0],[-112.69351,75.17267,0.0],[-112.69595,75.18024,0.0],[-112.70641,75.1874,0.0],[-112.74096,75.20502,209.1294],[-112.72472,75.22997,48.1297],[-112.7152,75.24942,193.0396],[-112.69978,75.26195,203.8175],[-112.66519,75.26651,21.2125],[-112.66519,75.27334,13.8223],[-112.67219,75.27595,0.4825],[-112.67886,75.27953,1.243],[-112.65486,75.2757,7.7631],[-112.62133,75.26459,0.0],[-112.5952,75.2499,0.0],[-112.59325,75.2355,0.0],[-112.60473,75.23017,0.0],[-112.61954,75.22582,0.0],[-112.63244,75.21947,0.0],[-112.63793,75.20816,0.0],[-112.63256,75.19916,0.0],[-112.6195,75.19188,0.0],[-112.58951,75.18329,0.0],[-112.44953,75.18329,0.0],[-112.43635,75.18732,133.4778],[-112.43248,75.19758,211.7515],[-112.43887,75.20515,71.2693],[-112.45018,75.2084,99.6809],[-112.46117,75.20962,211.796],[-112.46662,75.21125,183.7667],[-112.46142,75.22281,201.0905],[-112.44351,75.23408,174.2156],[-112.42174,75.24262,100.4063],[-112.4049,75.24604,21.2034],[-112.39037,75.24356,0.0],[-112.3369,75.22553,0.0],[-112.34996,75.22053,0.0],[-112.3636,75.218,10.6916],[-112.39151,75.218,34.4278],[-112.39151,75.21125,0.0],[-112.31798,75.21125,0.0],[-112.29528,75.20502,0.0],[-112.31078,75.19416,15.3846],[-112.36164,75.1739,0.0],[-112.42927,75.16498,0.0],[-112.4536,75.1586,0.0],[-112.47346,75.14981,0.0],[-112.4182,75.12824,0.0],[-112.34606,75.12153,0.0],[-112.21459,75.128,0.0],[-112.05915,75.14981,126.9123],[-111.92345,75.13642,0.0],[-111.89737,75.13984,5.5953],[-111.7799,75.1813,68.3824],[-111.77188,75.18586,47.0964],[-111.76334,75.18944,49.5987],[-111.75349,75.19074,22.0307],[-111.7329,75.18488,0.0],[-111.6988,75.15864,0.0],[-111.67833,75.14981,25.2876],[-111.56163,75.14981,20.7748],[-111.57575,75.15615,40.8313],[-111.62434,75.1634,102.7096],[-111.59923,75.17097,46.9379],[-111.57262,75.17084,0.0],[-111.52066,75.1634,0.0],[-111.48876,75.16503,23.3919],[-111.42862,75.17967,70.6624],[-111.37218,75.18724,7.2318],[-111.31216,75.20966,38.5478],[-111.28795,75.22183,24.5327],[-111.27477,75.23265,39.5909],[-111.2506,75.26081,4.2859],[-111.24352,75.26651,4.8192],[-111.10269,75.27334,0.0],[-110.95075,75.25161,2.4315],[-110.92431,75.24287,0.0],[-110.91804,75.23237,0.0],[-110.93676,75.22285,5.4668],[-110.99039,75.22427,16.7583],[-111.01358,75.218,0.0],[-111.00674,75.21125,10.109],[-111.0216,75.20234,0.0],[-111.05378,75.19623,6.5611],[-111.06884,75.19074,0.0],[-111.0279,75.17715,0.0],[-111.10058,75.15274,2.2943],[-111.13272,75.14765,0.0],[-111.1516,75.13825,3.3003],[-111.16259,75.13614,5.9715],[-111.19099,75.13544,0.1662],[-111.26,75.1225,0.0],[-111.26114,75.12018,0.0],[-111.26098,75.11591,0.0],[-111.26203,75.11127,24.7181],[-111.26684,75.10822,40.8957],[-111.29166,75.10757,8.0819],[-111.33951,75.11567,19.792],[-111.36364,75.10822,6.4787],[-111.34472,75.10822,28.0327],[-111.32299,75.10513,3.2771],[-111.3026,75.09854,0.0],[-111.28795,75.08771,0.0],[-111.40294,75.0633,0.0],[-111.44188,75.06037,16.5131],[-111.50919,75.07148,22.2439],[-111.54296,75.0729,0.0],[-111.57592,75.06037,0.0],[-111.55484,75.04767,0.0],[-111.50487,75.05874,9.8853],[-111.47973,75.04678,1.1862],[-111.50186,75.03962,2.2511],[-111.55549,75.01264,41.8364],[-111.5858,75.00642,36.8385],[-111.67125,75.00397,0.0],[-111.77709,74.98505,49.233],[-111.90868,74.99714,63.5604],[-112.06306,75.00796,5.3577],[-112.2718,74.99934,94.9498],[-112.54914,74.99934,0.0],[-112.69782,74.97932,71.1057],[-112.79784,74.98505,0.0],[-112.95889,74.9667,66.2321],[-113.01293,74.95319,107.3368],[-113.11095,74.94172,23.7375],[-113.16613,74.91706,0.0],[-113.17955,74.90086,45.0133],[-113.18602,74.89594,111.3173],[-113.20775,74.89081,102.6106],[-113.28409,74.88923,0.0],[-113.29442,74.8898,0.0],[-113.30663,74.88862,0.0],[-113.32999,74.88288,0.0],[-113.26016,74.87665,0.0],[-113.19286,74.86237,0.0],[-113.2176,74.84589,53.533],[-113.25796,74.84789,0.0],[-113.33617,74.86237,0.1729],[-113.42138,74.85676,0.0],[-113.49559,74.83918,0.0],[-113.62682,74.84276,0.0],[-113.75186,74.8343,0.0],[-113.8295,74.81403,28.6919],[-113.97191,74.8076,0.0],[-114.23436,74.75873,0.0],[-114.30993,74.73212,1.7024],[-114.39501,74.71467,0.0],[-114.42235,74.70311,0.0],[-114.43981,74.68366,10.2725],[-114.44066,74.66877,0.0],[-114.43078,74.6579,0.0],[-114.39232,74.63931,0.0],[-114.19294,74.57583,41.457],[-114.16609,74.57441,148.2684],[-114.16979,74.57368,88.925],[-114.17268,74.57343,72.5586],[-114.17414,74.57184,101.5239],[-114.17349,74.56696,0.0],[-113.76561,74.47114,0.0],[-113.69302,74.44448,0.0],[-113.45271,74.41889,0.0],[-113.22106,74.40461,0.0],[-113.02379,74.39594,0.0],[-112.63488,74.41315,95.0928],[-112.43741,74.41352,0.0],[-112.3883,74.42402,36.4833],[-112.30895,74.43037,0.0],[-112.239,74.44839,38.7048],[-111.94827,74.4748,0.0],[-111.65754,74.50121,0.0],[-111.57421,74.53197,36.5958],[-111.41104,74.56989,0.0],[-111.3225,74.56074,0.0],[-111.30403,74.56379,0.0],[-111.25377,74.58747,0.1449],[-111.22842,74.59406,0.3999],[-111.15697,74.59422,0.0],[-111.07502,74.61542,1.7097],[-111.00097,74.61636,0.0],[-110.97948,74.62222,0.0],[-110.96715,74.63129,0.3692],[-110.95983,74.63988,0.0],[-110.95002,74.64639,0.5663],[-110.85896,74.65135,0.0],[-110.83605,74.65632,0.0],[-110.77404,74.68366,1.6303],[-110.61677,74.70531,0.0],[-110.58902,74.72529,4.2611],[-110.63402,74.74482,14.0057],[-110.65856,74.75918,16.318],[-110.67097,74.77302,19.1704],[-110.66613,74.79133,15.0343],[-110.64615,74.79438,3.9521],[-110.60334,74.78608,0.0],[-110.34398,74.79658,0.0],[-110.31469,74.8072,0.0],[-110.33902,74.80785,19.2665],[-110.41088,74.82079,6.2093],[-110.41088,74.82762,4.5492],[-110.38402,74.83348,2.875],[-110.37023,74.83491,4.7736],[-110.35631,74.83442,4.0689],[-110.3614,74.83735,1.5827],[-110.36632,74.83885,2.5766],[-110.37678,74.84073,5.6027],[-110.30785,74.8522,0.781],[-110.15494,74.82787,0.0],[-110.08821,74.84073,0.0],[-110.0819,74.83442,0.0],[-110.08821,74.82762,0.0],[-110.06981,74.82364,0.0],[-110.05337,74.82909,0.0],[-110.01989,74.84813,5.9203],[-110.00369,74.85261,4.3825],[-110.00369,74.85262,4.3825],[-110.00369,74.85269,4.3825],[-110.00369,74.9207,173.0471],[-110.00369,75.14125,147.5146],[-110.00369,75.36181,145.6098],[-110.00369,75.54464,3.5221],[-110.00369,75.54466,3.5221],[-110.06827,75.54767,0.0],[-110.11608,75.54023,2.8598],[-110.15787,75.54694,0.0],[-110.21862,75.53583,19.7728],[-110.41869,75.53986,0.0],[-110.42455,75.54389,1.8962],[-110.42496,75.55085,14.7755],[-110.42687,75.55614,14.2959],[-110.43102,75.55952,11.3391],[-110.51358,75.57331,0.0],[-110.85607,75.55744,0.0],[-111.01374,75.53144,0.0],[-111.20897,75.52534,0.0],[-111.22936,75.52241,0.0],[-111.25084,75.52188,0.0],[-111.27428,75.52717,1.7144],[-111.27843,75.53034,1.174],[-111.27953,75.53425,3.1511],[-111.27965,75.53791,10.2043],[-111.28112,75.54023,6.9597],[-111.29784,75.54531,8.698],[-111.32209,75.54767,9.5542],[-111.30891,75.55988,0.0],[-111.30224,75.5644,0.0],[-111.29475,75.56818,1.2024],[-111.29475,75.57437,0.0535],[-111.3358,75.57486,2.7482],[-111.35131,75.57978,8.9991],[-111.38476,75.60838,0.7375],[-111.3966,75.61457,0.0],[-111.4108,75.61591,1.2482],[-111.38093,75.64326,8.1162],[-111.3767,75.65314,5.9844],[-111.38097,75.66161,15.5629],[-111.39098,75.66918,5.9921],[-111.40241,75.67499,10.8201],[-111.4108,75.67796,16.3733],[-111.39753,75.69501,20.0601],[-111.37588,75.70502,7.0059],[-111.36144,75.71524,1.9774],[-111.36986,75.73261,5.6792],[-111.38825,75.73933,0.0],[-111.43248,75.73603,0.0],[-111.44872,75.74225,4.6313],[-111.45189,75.75064,6.1912],[-111.44787,75.75776,12.1137],[-111.44005,75.76313,20.708],[-111.43196,75.7661,24.7205],[-111.45889,75.7888,1.8035],[-111.59642,75.81452,0.0],[-111.57388,75.81908,12.7968],[-111.49328,75.81452,0.0],[-111.4759,75.81879,6.8393],[-111.45629,75.82819,33.1554],[-111.44669,75.83759,26.5405],[-111.45906,75.84186,40.8521],[-111.86734,75.8288,0.0],[-111.88809,75.82538,1.4061],[-111.92833,75.81049,0.0],[-111.94896,75.80707,4.7077],[-112.03527,75.82136,0.0],[-112.02237,75.82673,0.0],[-111.99454,75.83063,12.3068],[-111.98005,75.83442,22.2489],[-111.99421,75.83466,27.3307],[-112.02074,75.8404,26.1182],[-112.03466,75.84186,0.0],[-112.05158,75.83942,0.0],[-112.06481,75.83373,0.2096],[-112.07677,75.82697,0.0],[-112.08991,75.82136,0.0],[-112.15954,75.80829,4.6565],[-112.19693,75.8076,56.3754],[-112.22704,75.81452,19.5995],[-112.20775,75.82241,1.8008],[-112.1376,75.83442,1.7628],[-112.16267,75.83983,0.475],[-112.18611,75.84809,0.019],[-112.07274,75.87564,0.0],[-111.7814,75.90054,0.0],[-111.7268,75.91694,31.843],[-111.74621,75.93708,11.1034],[-111.76928,75.94741,14.6792],[-111.85554,75.95352,3.7617],[-112.11803,76.0124,8.4888],[-112.36461,76.03364,40.4463],[-112.41881,76.05073,14.3793],[-112.43114,76.06013,10.044],[-112.43798,76.07001,2.6435],[-112.44717,76.07978,16.0573],[-112.51545,76.11001,4.9427],[-112.52575,76.121,11.8183],[-112.50015,76.12299,5.7663],[-112.5028,76.14468,0.6487],[-112.48054,76.15546,0.5342],[-112.44937,76.16193,4.4442],[-112.42565,76.17084,0.0791],[-112.43248,76.17084,0.0088],[-112.46467,76.18065,6.8324],[-112.54076,76.18797,9.4934],[-112.61954,76.20531,0.0],[-112.75463,76.20498,2.3239],[-112.75463,76.21239,14.9254],[-112.75617,76.22191,14.9179],[-112.8308,76.21922,3.3147],[-112.85021,76.22858,12.8837],[-112.86856,76.25031,52.1704],[-112.91104,76.26411,0.0],[-112.99421,76.27326,0.0],[-113.15901,76.25336,18.2537],[-113.18004,76.25532,20.9476],[-113.21984,76.26431,16.0037],[-113.35436,76.26606,0.0],[-113.39989,76.25764,0.0],[-113.44286,76.24116,0.0],[-113.46784,76.23823,0.0],[-113.51903,76.23908,0.0],[-113.56823,76.23469,0.0],[-113.71353,76.20498,0.0],[-113.87377,76.20649,0.0],[-113.96304,76.19062,61.3392],[-113.99462,76.19929,2.6081],[-114.02579,76.21206,18.5193],[-114.06363,76.21857,21.4594],[-114.03466,76.23273,0.0],[-114.00097,76.2438,0.0],[-113.98485,76.25593,3.7501],[-114.00841,76.27326,0.0737],[-114.08357,76.29434,14.2218],[-114.13195,76.31485,1.544],[-114.12511,76.31485,0.0],[-114.13272,76.31647,0.0],[-114.13581,76.31818,0.5231],[-114.13878,76.32225,0.0],[-114.11799,76.33739,0.0],[-114.11083,76.3415,0.0],[-114.1505,76.34024,0.0],[-114.16877,76.34406,0.0],[-114.17976,76.35578,5.8788],[-114.14102,76.3548,1.1658],[-114.12206,76.35676,0.8291],[-114.1046,76.36323,3.3004],[-114.11828,76.36945,0.0],[-114.09093,76.38988,4.8982],[-114.11579,76.43061,26.4343],[-114.13264,76.44571,12.5211],[-114.15925,76.45881,23.8338],[-114.20592,76.47101,6.8374],[-114.4508,76.50092,3.376],[-114.76256,76.49234,1.7271],[-114.74694,76.50019,0.0]]],
[[[-113.73404,76.88337,7.3319],[-113.84606,76.89887,0.0],[-114.19274,76.89081,0.0],[-114.23713,76.8791,1.3899],[-114.43456,76.88239,0.0],[-114.63158,76.86164,3.1593],[-114.84048,76.80939,0.0],[-114.85875,76.80146,0.0],[-114.87857,76.76728,0.0],[-114.86677,76.76268,0.0],[-114.84463,76.76512,0.0],[-114.83703,76.75983,0.0],[-114.81778,76.75983,0.9509],[-114.51065,76.74482,2.033],[-114.42195,76.72968,0.0],[-114.12625,76.72761,5.93],[-113.83056,76.72553,0.0],[-113.67317,76.70425,0.0],[-113.65217,76.70527,0.0],[-113.6361,76.71084,0.0],[-113.60464,76.72871,3.9278],[-113.55655,76.73916,0.3914],[-113.48851,76.76777,6.036],[-113.45348,76.7735,0.0],[-113.46349,76.79824,16.3308],[-113.48428,76.82038,3.564],[-113.51037,76.83633,0.0],[-113.53612,76.84235,0.0],[-113.58633,76.84663,0.5494],[-113.73404,76.88337,7.3319]]],
[[[-116.1256,77.4724,-0.0187],[-116.11091,77.47809,5.3719],[-116.06412,77.48672,6.042],[-116.10025,77.49067,7.236],[-116.21569,77.52216,0.0],[-116.24694,77.52704,0.0],[-116.35961,77.52766,2.1176],[-116.35387,77.53059,0.3025],[-116.33849,77.54072,2.6861],[-116.42724,77.54816,0.0],[-116.41234,77.55923,1.8935],[-116.40673,77.5624,0.0],[-116.90075,77.53636,0.0],[-116.92813,77.52766,0.0],[-116.77404,77.51968,0.0],[-116.75683,77.51337,-0.0744],[-116.91364,77.47431,0.0],[-116.9357,77.47138,1.6939],[-116.98119,77.47305,0.0],[-117.00349,77.47077,0.0],[-117.03844,77.46308,11.0253],[-117.05533,77.46235,8.4417],[-117.07152,77.46621,5.3103],[-117.06469,77.47989,2.4216],[-117.1101,77.4746,0.0],[-117.13341,77.46817,0.0],[-117.15404,77.45873,0.0],[-117.03458,77.43138,0.0],[-117.01627,77.4147,0.0],[-116.99401,77.39956,0.0],[-116.94323,77.39745,0.0],[-116.85241,77.40412,0.0],[-116.85192,77.38402,0.0],[-116.82653,77.38349,0.0],[-116.77733,77.39728,16.9049],[-116.74633,77.40082,7.2006],[-116.6765,77.39741,6.2157],[-116.64696,77.39045,0.0],[-116.68253,77.37059,3.2993],[-116.76985,77.35521,0.0],[-116.81086,77.34268,0.0],[-116.78694,77.3312,0.0],[-116.77733,77.32905,0.0],[-116.8131,77.3166,4.2831],[-116.86022,77.31826,21.295],[-117.03331,77.35293,2.1293],[-117.15587,77.36384,1.8632],[-117.17374,77.35969,0.0],[-117.18139,77.34886,0.0],[-117.17439,77.34056,0.0],[-117.15819,77.33666,0.0],[-117.13988,77.33641,1.8086],[-117.09728,77.34345,3.1352],[-117.06566,77.33364,6.1827],[-117.01008,77.3017,0.0],[-117.03921,77.29279,16.1799],[-117.13362,77.3017,8.5676],[-117.23111,77.28571,32.6531],[-117.26179,77.28925,33.9091],[-117.32006,77.3063,35.2417],[-117.3806,77.31538,0.0],[-117.43757,77.31293,20.5825],[-117.45507,77.31538,18.0265],[-117.4619,77.32001,12.5229],[-117.46931,77.3332,0.9323],[-117.47435,77.33588,0.1218],[-117.61339,77.32905,10.3515],[-117.66364,77.34089,24.17],[-117.68175,77.34268,9.608],[-117.72936,77.3404,2.2162],[-117.74372,77.34268,2.598],[-117.75357,77.34809,2.9883],[-117.7733,77.36445,19.9158],[-117.78474,77.37002,12.3656],[-117.79918,77.37206,0.0],[-117.93493,77.3614,0.0],[-117.96223,77.37002,23.0571],[-117.93456,77.37141,12.6053],[-117.87979,77.38337,27.6709],[-117.85237,77.38361,20.5358],[-117.85237,77.39045,0.0],[-118.10228,77.38036,0.0],[-118.17878,77.36026,0.0],[-118.43952,77.36229,-0.1862],[-118.70027,77.36433,1.4634],[-118.75984,77.35432,-0.1322],[-118.78295,77.35432,10.9594],[-118.82055,77.36103,0.0],[-118.83316,77.35781,0.0],[-118.85973,77.34268,0.0],[-118.87678,77.33686,0.0729],[-118.9663,77.31965,0.0308],[-119.12906,77.32827,0.0],[-119.16271,77.3249,0.0],[-119.19563,77.31757,-0.102],[-119.22964,77.30488,0.0],[-119.26818,77.29633,0.0],[-119.2897,77.2888,0.0],[-119.32396,77.25129,0.0],[-119.32958,77.24649,0.0],[-119.34142,77.23908,0.3502],[-119.37267,77.20417,0.0],[-119.38732,77.19253,0.0],[-119.4252,77.18057,0.0],[-119.59927,77.15184,0.0],[-119.62706,77.14252,0.0],[-119.62808,77.1236,1.0159],[-119.65071,77.11644,2.4567],[-119.72374,77.11616,0.0339],[-119.82698,77.09858,0.0],[-119.833,77.08885,0.0],[-119.83312,77.07673,0.0],[-119.83666,77.06525,0.0],[-119.85436,77.05484,1.1701],[-119.90087,77.05219,-0.0468],[-119.92235,77.04727,0.0],[-119.90868,77.041,0.0],[-119.93082,77.02009,1.1154],[-119.9663,77.01594,4.0268],[-120.0384,77.02058,0.0],[-120.06542,77.01577,0.0],[-120.09114,77.0056,0.0],[-120.10424,76.98945,0.0],[-120.09362,76.96589,0.0],[-120.11351,76.96589,0.0],[-120.17536,76.95405,0.0],[-120.18737,76.94794,0.0],[-120.18855,76.9405,0.0],[-120.18151,76.93431,0.0],[-120.16877,76.93179,0.0],[-120.2281,76.90266,0.0318],[-120.36974,76.89277,0.0],[-120.42943,76.86909,0.0],[-120.41564,76.85969,0.0],[-120.40046,76.85155,0.0],[-120.38435,76.84561,0.0],[-120.36799,76.84235,0.0],[-120.37369,76.83954,0.0],[-120.38341,76.83198,0.0],[-120.3885,76.82876,0.0],[-120.38256,76.82567,0.0],[-120.37304,76.81778,0.0],[-120.36799,76.81452,0.7263],[-120.51203,76.78376,0.0],[-120.524,76.76838,-0.0012],[-120.55191,76.75943,-0.0661],[-120.81412,76.73371,0.0],[-120.91955,76.69546,0.0],[-121.03897,76.68415,-0.0012],[-121.08934,76.67072,0.0],[-121.107,76.67292,4.8621],[-121.14664,76.68968,6.1845],[-121.16271,76.6916,2.6476],[-121.18733,76.68818,0.2512],[-121.20425,76.67821,0.0259],[-121.21398,76.66205,0.0],[-121.21711,76.64008,0.0],[-121.22802,76.62116,0.174],[-121.25422,76.60952,0.9735],[-121.31395,76.59601,0.0],[-121.32217,76.57783,0.0],[-121.37003,76.56973,-0.5657],[-121.41356,76.55427,0.0],[-121.40884,76.51406,0.0],[-121.4237,76.50043,0.0],[-121.49889,76.46963,0.0],[-121.50512,76.46564,0.0],[-121.50349,76.46442,0.0],[-121.503,76.4597,0.0],[-121.50524,76.4536,0.0],[-121.51187,76.44823,-0.3578],[-121.55358,76.437,0.2346],[-121.7814,76.4252,-0.3648],[-121.96325,76.43732,-0.0498],[-122.3806,76.40851,0.0],[-122.40323,76.4042,0.0],[-122.45141,76.38182,1.0458],[-122.59398,76.35383,0.0],[-122.61726,76.34321,0.0],[-122.63435,76.32689,0.0],[-122.64965,76.30052,0.0],[-122.64122,76.2945,0.0],[-122.63524,76.28376,0.0],[-122.63439,76.27261,0.0],[-122.64127,76.26508,0.0],[-122.68879,76.25507,0.0],[-122.71158,76.24689,0.1171],[-122.72541,76.23163,0.0],[-122.71109,76.23163,0.0],[-122.74698,76.23017,3.358],[-122.79247,76.23827,0.6345],[-122.83165,76.23729,0.0],[-122.86172,76.18236,0.7229],[-122.89216,76.18317,2.6955],[-122.92467,76.18895,1.1359],[-122.94449,76.17768,0.0],[-122.93448,76.17548,0.0],[-122.92536,76.17121,0.0],[-122.91723,76.16503,0.0],[-122.91031,76.15717,1.7698],[-122.9237,76.15843,0.8029],[-122.937,76.15697,0.6667],[-122.94717,76.15127,0.0],[-122.95128,76.1398,0.0],[-122.95861,76.13203,1.9011],[-123.0065,76.12299,0.0],[-122.99918,76.12051,0.0],[-122.97924,76.10871,1.5197],[-122.9934,76.10017,0.0],[-123.02501,76.0937,0.0],[-123.04068,76.08828,0.0],[-122.96373,76.09101,0.0],[-122.9254,76.09707,0.0],[-122.88988,76.10871,0.0],[-122.84781,76.133,2.7416],[-122.84142,76.1398,2.2219],[-122.83776,76.15209,1.382],[-122.82836,76.15428,2.4292],[-122.80386,76.14973,4.5558],[-122.77009,76.15363,0.3403],[-122.67016,76.17768,0.6471],[-122.60582,76.17426,0.0],[-122.57531,76.16767,0.0],[-122.57453,76.14973,0.0],[-122.53262,76.15107,0.0],[-122.51171,76.14948,0.0],[-122.49258,76.1435,0.3419],[-122.68602,76.12372,0.0],[-122.7049,76.11563,0.9322],[-122.51903,76.12299,0.0],[-122.48371,76.11701,0.0],[-122.48298,76.10236,0.0],[-122.50398,76.08417,0.0],[-122.53356,76.06778,0.0],[-122.52611,76.06159,0.0],[-122.60188,76.03364,0.0],[-122.67467,76.02656,1.0409],[-122.69807,76.02066,5.3756],[-122.62572,76.01313,0.0],[-122.60949,76.01561,1.1711],[-122.57779,76.02558,0.4534],[-122.56029,76.0268,0.0],[-122.59797,76.00336,0.9306],[-122.64167,75.98847,0.0],[-122.68749,75.98066,0.0],[-122.73156,75.97842,0.0],[-122.61889,75.94196,0.0],[-122.42589,75.93281,2.1461],[-122.37531,75.93745,19.8292],[-122.19099,75.97842,3.6632],[-122.14533,75.97626,0.0],[-122.13573,75.97842,0.3242],[-122.13223,75.9831,5.2525],[-122.13085,75.98778,8.8915],[-122.13272,75.99128,0.8946],[-122.13915,75.99266,24.6145],[-122.14904,75.99714,7.013],[-122.14517,76.00727,27.3027],[-122.1289,76.0268,9.6483],[-122.13443,76.02806,12.5594],[-122.14468,76.03229,16.687],[-122.14997,76.03364,23.2524],[-122.12548,76.04121,3.3044],[-122.0987,76.04096,0.0],[-122.04638,76.03364,0.0],[-121.84708,76.04523,0.0],[-121.81989,76.02969,0.0],[-121.68505,76.01862,0.0],[-121.55289,75.99266,0.0],[-121.49486,75.98762,0.0],[-121.48152,75.98212,0.0],[-121.46841,75.97305,4.466],[-121.45124,75.96589,0.0],[-121.41633,75.95795,0.0],[-121.4296,75.94701,8.5732],[-121.43684,75.94428,0.0],[-121.41771,75.93781,0.0],[-121.35509,75.93244,0.0],[-121.3107,75.91267,0.0],[-121.29967,75.91079,0.0],[-121.28384,75.92088,0.0],[-121.26985,75.95262,22.0953],[-121.2587,75.9654,31.5222],[-121.2032,75.98452,15.1035],[-121.11779,76.00015,14.3869],[-121.03429,76.00357,30.2534],[-120.98436,75.98583,0.0],[-121.00573,75.97826,0.0],[-121.01732,75.96406,0.0],[-121.01415,75.95038,0.0],[-120.99112,75.94428,0.0],[-120.97399,75.94864,0.0],[-120.95348,75.9582,43.9933],[-120.93908,75.96784,40.226],[-120.93993,75.97224,68.0595],[-120.95226,75.97944,63.5025],[-120.95881,75.99579,48.1269],[-120.96369,76.01325,65.4195],[-120.97069,76.02375,69.8545],[-120.98656,76.03238,76.6864],[-121.0253,76.06159,0.0],[-121.02424,76.07412,0.0],[-121.02131,76.0871,0.0],[-121.01354,76.0976,0.0],[-120.99795,76.10253,0.0],[-121.01122,76.13886,0.3397],[-120.98876,76.16401,2.9756],[-120.94701,76.18041,0.0],[-120.87995,76.19864,0.0],[-120.86498,76.201,0.0],[-120.84716,76.19815,0.0],[-120.79455,76.17585,0.0],[-120.69164,76.15982,3.1757],[-120.66222,76.1435,0.0],[-120.68326,76.13813,4.2986],[-120.71662,76.13349,0.0],[-120.74511,76.12368,0.0],[-120.75158,76.10253,0.0],[-120.73449,76.09374,0.0],[-120.67223,76.10566,0.0],[-120.64916,76.10253,1.9522],[-120.71378,76.07441,0.0],[-120.73249,76.05508,0.0],[-120.71744,76.0268,0.0],[-120.68375,76.00617,0.0],[-120.64045,75.99213,0.0],[-120.59618,75.98688,13.4146],[-120.55972,75.99266,41.3643],[-120.56517,75.99579,27.6888],[-120.57531,76.00357,60.9227],[-120.58023,76.00633,77.7321],[-120.46032,76.01545,0.0366],[-120.43566,76.00633,56.4342],[-120.4357,76.00019,66.0546],[-120.44693,75.98908,0.0],[-120.44986,75.98212,0.0],[-120.44164,75.97866,0.0],[-120.3885,75.97224,0.0],[-120.40079,75.96109,72.8161],[-120.43725,75.94457,69.0784],[-120.45368,75.93403,46.6601],[-120.4606,75.9243,0.0],[-120.46158,75.91559,2.1383],[-120.46105,75.90672,1.6444],[-120.46353,75.89647,0.0],[-120.48542,75.86367,0.0],[-120.489,75.84707,0.0],[-120.47785,75.8288,0.0],[-120.43879,75.81053,0.0],[-120.38744,75.80671,0.0],[-120.33487,75.812,0.0],[-120.29231,75.82136,29.6634],[-120.25967,75.83275,31.268],[-120.22973,75.8476,44.3264],[-120.20275,75.86546,0.0],[-120.17931,75.88593,0.0],[-120.16088,75.89834,0.0],[-120.14562,75.89814,0.0],[-120.13003,75.89252,0.0],[-120.11071,75.88898,0.0],[-120.09699,75.88467,33.8379],[-120.08971,75.8747,24.2889],[-120.08544,75.86347,0.0],[-120.08064,75.85554,0.0],[-120.04434,75.84268,0.0],[-119.86295,75.85912,0.0],[-119.77575,75.88312,130.2962],[-119.73738,75.89989,32.9729],[-119.71361,75.91641,0.0],[-119.70202,75.92178,0.0],[-119.68204,75.92377,0.0],[-119.62633,75.91714,61.9873],[-119.607,75.91694,0.0],[-119.621,75.92963,11.4575],[-119.64867,75.93773,0.0],[-119.70324,75.94428,17.957],[-119.65543,75.98583,2.8948],[-119.63532,75.99555,0.0],[-119.61571,75.99799,1.1988],[-119.59533,75.99437,0.0],[-119.54332,75.97403,0.0],[-119.51114,75.96723,22.2766],[-119.48595,75.97492,0.0],[-119.47728,76.00633,18.7869],[-119.49169,76.03685,30.0392],[-119.52335,76.05256,116.9294],[-119.68415,76.09357,71.6964],[-119.76183,76.09968,169.5663],[-119.78685,76.10578,80.5709],[-119.80565,76.11563,0.0],[-119.57771,76.11197,0.0],[-119.5524,76.12299,93.7855],[-119.58947,76.1319,61.5963],[-119.63419,76.13426,53.5017],[-119.67577,76.14134,80.3065],[-119.70324,76.16401,0.0353],[-119.67528,76.16596,0.0],[-119.62003,76.16177,0.0],[-119.57234,76.16706,13.2974],[-119.56461,76.17182,41.08],[-119.56916,76.1811,3.0729],[-119.57217,76.18586,0.0],[-119.57433,76.19147,151.0181],[-119.5773,76.19619,163.9686],[-119.59716,76.20246,111.0351],[-119.69636,76.25703,86.9206],[-119.71068,76.26704,0.0],[-119.67325,76.2709,0.0],[-119.66039,76.27774,39.4422],[-119.65543,76.29743,126.8957],[-119.66177,76.3146,9.9097],[-119.67756,76.32441,1.4158],[-119.69762,76.32844,3.5008],[-119.71687,76.32844,4.8006],[-119.71687,76.33527,0.0],[-119.67146,76.33885,0.0],[-119.57592,76.32075,9.7984],[-119.53502,76.33836,21.6555],[-119.52912,76.34911,0.0],[-119.52855,76.35692,0.0],[-119.52261,76.36164,24.6307],[-119.5006,76.36323,54.233],[-119.48632,76.36107,2.191],[-119.48082,76.35517,0.0],[-119.4685,76.27875,0.0],[-119.45958,76.26333,0.0],[-119.44249,76.2508,0.0],[-119.37955,76.23359,0.0],[-119.3636,76.2259,0.0],[-119.33406,76.20734,3.2971],[-119.31749,76.1999,0.0],[-119.30333,76.18745,92.97],[-119.30256,76.14932,29.3764],[-119.28551,76.12922,0.0],[-119.26724,76.12031,0.0],[-119.24486,76.11319,0.0],[-119.22199,76.10944,0.0],[-119.18098,76.11205,0.0],[-119.16072,76.10765,0.0],[-119.12059,76.09374,0.0],[-119.09533,76.08832,0.0],[-119.08385,76.08959,2.5603],[-119.07262,76.09569,24.8493],[-119.07543,76.0974,30.5265],[-119.07852,76.10358,65.3785],[-119.08039,76.11079,56.3396],[-119.07946,76.11563,56.6482],[-119.05866,76.12641,57.9235],[-119.03694,76.12897,19.5809],[-118.99006,76.12922,0.0],[-118.96353,76.13573,18.1963],[-118.96178,76.14301,20.469],[-118.96744,76.152,25.3878],[-118.96337,76.16401,27.8256],[-118.94445,76.17129,14.1193],[-118.90103,76.17227,16.1363],[-118.8876,76.18448,27.8977],[-118.91446,76.18895,26.9001],[-118.93163,76.20612,12.0289],[-118.93692,76.22968,10.1456],[-118.92858,76.25336,0.4887],[-118.89973,76.27509,11.4941],[-118.86046,76.28482,4.9024],[-118.69278,76.28449,0.0],[-118.6516,76.29108,3.0252],[-118.6173,76.31143,17.2841],[-118.60509,76.32119,18.752],[-118.57995,76.336,29.1317],[-118.56896,76.3452,9.2379],[-118.57136,76.35163,6.7561],[-118.61392,76.36945,43.4993],[-118.59484,76.37637,3.1694],[-118.59708,76.38784,32.0904],[-118.64639,76.43244,43.6566],[-118.67431,76.4466,54.2416],[-118.70446,76.45563,56.2624],[-118.73339,76.45881,17.2136],[-118.79865,76.45612,21.0538],[-118.81871,76.45881,25.0421],[-118.82022,76.46149,28.3179],[-118.82482,76.4676,32.5694],[-118.83186,76.47435,11.8992],[-118.84044,76.47871,4.9894],[-118.94278,76.48579,0.1925],[-118.97643,76.49234,2.0657],[-118.94628,76.52285,0.9981],[-118.88866,76.52977,0.0],[-118.82527,76.52827,0.0],[-118.77774,76.53335,28.6033],[-118.8177,76.54035,0.0],[-118.83755,76.54686,14.0155],[-118.85351,76.555,24.6105],[-118.82921,76.55939,0.0],[-118.79288,76.55768,10.1633],[-118.75597,76.55199,2.9491],[-118.72997,76.54413,0.0],[-118.69351,76.52049,0.0],[-118.673,76.51069,0.0],[-118.5349,76.50381,0.0],[-118.50406,76.51406,0.0],[-118.49519,76.52265,3.3017],[-118.4945,76.52888,26.3069],[-118.49523,76.53441,2.5838],[-118.49039,76.54072,1.687],[-118.47985,76.54523,4.9396],[-118.43517,76.555,20.715],[-118.32779,76.54975,0.0],[-118.30541,76.555,0.0],[-118.30211,76.56769,0.0],[-118.326,76.58979,0.0],[-118.34822,76.6446,0.4757],[-118.38598,76.66083,52.1663],[-118.43297,76.66913,88.6537],[-118.47614,76.68415,21.2106],[-118.47256,76.68732,20.3566],[-118.46618,76.69514,0.6933],[-118.46247,76.69843,0.4432],[-118.47155,76.70148,1.8393],[-118.48054,76.70612,8.4035],[-118.48892,76.71198,17.8399],[-118.49665,76.7189,26.0915],[-118.32868,76.70995,40.7749],[-118.31428,76.71149,60.1446],[-118.30724,76.72114,36.5903],[-118.30541,76.74311,5.6493],[-118.31778,76.75556,1.0116],[-118.33788,76.76512,17.1695],[-118.33983,76.77131,26.4437],[-118.04703,76.76431,0.2302],[-118.01061,76.76728,11.8001],[-117.98103,76.77326,26.497],[-117.95665,76.78189,3.6136],[-117.90758,76.80829,20.3327],[-117.86579,76.82331,0.0],[-117.81851,76.82469,0.0],[-117.77302,76.81098,0.0],[-117.73624,76.78034,0.0],[-117.76423,76.75707,0.2806],[-117.85949,76.70869,0.0],[-117.8994,76.70051,0.0],[-117.91857,76.69335,0.0],[-117.92809,76.67792,0.0],[-117.92565,76.66657,0.0],[-117.91808,76.65615,0.0],[-117.9086,76.64789,0.1898],[-117.90075,76.64322,0.0],[-117.93737,76.6197,4.7976],[-117.97647,76.6022,0.0],[-117.96129,76.59211,0.0],[-117.90758,76.58173,51.4038],[-117.91881,76.57689,84.2678],[-117.94274,76.57221,37.0953],[-117.95539,76.56806,0.0],[-117.91796,76.54531,0.0],[-117.90758,76.53335,1.8891],[-118.01012,76.50503,0.0],[-118.03108,76.48615,0.0],[-118.02001,76.48306,0.0],[-118.00951,76.47846,0.0],[-117.9901,76.46564,37.2138],[-118.05158,76.44514,0.0],[-118.03677,76.43415,0.0],[-118.03108,76.43085,0.0],[-118.04678,76.42109,0.0],[-118.05337,76.41572,0.0],[-118.05842,76.41039,0.0],[-118.00699,76.40249,0.0],[-117.86657,76.34903,0.0],[-117.88024,76.34903,0.0],[-117.85802,76.33047,0.0],[-117.81859,76.32514,0.0],[-117.67626,76.32661,1.6118],[-117.65128,76.3168,0.0],[-117.66051,76.29434,0.0],[-117.63964,76.29092,-0.2221],[-117.5714,76.27163,0.0],[-117.35245,76.25959,0.0],[-117.33056,76.26179,0.2632],[-117.27697,76.28002,0.0],[-117.13634,76.29023,0.0],[-117.02628,76.33185,1.4101],[-117.00634,76.33527,2.6544],[-116.98839,76.33633,0.0],[-116.96825,76.33979,0.0],[-116.94921,76.3461,0.0],[-116.93432,76.35578,0.0],[-116.93847,76.36115,2.4454],[-116.94392,76.37165,0.0],[-116.94799,76.3769,1.8083],[-116.94188,76.38988,6.3701],[-116.95621,76.4018,23.0555],[-116.99303,76.42036,34.3235],[-116.99852,76.43684,44.5129],[-116.98949,76.45075,3.599],[-116.98644,76.46239,2.2045],[-117.01008,76.47187,4.4113],[-117.00259,76.47871,1.8591],[-117.02058,76.48534,3.5512],[-117.03991,76.48916,31.9946],[-117.05785,76.4947,36.9825],[-117.07152,76.50658,40.3542],[-117.07763,76.5196,38.6631],[-117.07478,76.52607,27.9725],[-117.00792,76.55215,1.4612],[-116.95979,76.55573,0.0],[-116.84484,76.54027,0.0],[-116.83015,76.54458,0.0],[-116.8046,76.56122,0.0],[-116.78409,76.56904,0.0],[-116.76207,76.57315,0.0],[-116.52001,76.56806,0.0],[-116.49714,76.57022,0.6346],[-116.45132,76.57958,13.1842],[-116.32482,76.58173,0.0],[-116.08316,76.62946,1.2548],[-116.04971,76.6433,0.2844],[-116.01635,76.66425,0.089],[-116.01448,76.66706,0.0975],[-116.01252,76.67451,0.0],[-116.00951,76.67792,0.1792],[-116.00023,76.68285,1.4061],[-115.97814,76.68968,1.5331],[-115.91161,76.69489,2.2616],[-115.89281,76.69843,-0.0839],[-115.90559,76.7128,0.317],[-115.96349,76.75178,4.7188],[-115.99523,76.76728,0.6711],[-115.99779,76.77521,0.5156],[-115.99747,76.78384,-0.0695],[-115.99523,76.79393,0.3428],[-116.04015,76.82831,1.6795],[-116.17492,76.84174,8.0623],[-116.26309,76.87726,0.0],[-116.31379,76.89033,1.037],[-116.357,76.90762,0.4235],[-116.36579,76.93179,0.0],[-116.3258,76.94554,0.0],[-116.25658,76.9405,0.0],[-116.02404,76.89875,0.0],[-115.90709,76.89704,0.0],[-115.75105,76.93309,5.4088],[-115.73205,76.94855,5.4414],[-115.75365,76.96479,0.0],[-115.77843,76.9704,0.0],[-115.83137,76.97281,0.0],[-116.22167,77.04165,0.0],[-116.25768,77.05589,2.445],[-116.28384,77.08267,0.4473],[-116.28734,77.09504,3.4208],[-116.28685,77.10444,0.9929],[-116.28991,77.11188,0.0],[-116.30419,77.11811,0.0],[-116.37873,77.12824,-0.0874],[-116.40054,77.13727,3.3804],[-116.37149,77.14549,0.0],[-116.30183,77.14826,11.9622],[-116.27644,77.16454,1.6385],[-116.28384,77.17072,3.4247],[-116.27644,77.17817,4.1908],[-116.27453,77.18985,0.0],[-116.24722,77.19595,0.0],[-115.92781,77.21235,0.0],[-115.90246,77.2165,0.0],[-115.85188,77.23481,0.3435],[-115.81452,77.24091,-0.1743],[-115.77611,77.25332,0.0],[-115.72973,77.25308,0.0],[-115.68293,77.26154,2.148],[-115.5371,77.26948,0.0],[-115.52286,77.2744,1.2448],[-115.51749,77.279,0.0],[-115.50886,77.29169,0.0],[-115.50577,77.29426,0.0],[-115.49429,77.29645,0.0],[-115.47061,77.30585,0.0],[-115.45808,77.30793,0.0],[-115.39257,77.30793,0.0],[-115.40416,77.31843,2.3577],[-115.44359,77.32811,0.0],[-115.4608,77.33588,0.0],[-115.45568,77.33881,0.1926],[-115.45287,77.34199,1.875],[-115.4508,77.34528,3.2468],[-115.44782,77.34886,0.1988],[-115.48961,77.35395,6.61],[-115.57527,77.37808,3.1315],[-115.65836,77.38923,18.8168],[-115.77652,77.42984,3.2195],[-115.80004,77.43159,10.1805],[-115.85021,77.42935,2.7894],[-115.892,77.44135,9.2488],[-116.08666,77.46027,-0.0803],[-116.1256,77.4724,-0.0187]]],
[[[-114.31688,78.01423,15.3864],[-114.26911,78.01423,6.7195],[-114.33194,78.02741,0.5384],[-114.35098,78.03474,0.0],[-114.29385,78.05231,0.0],[-114.28279,78.06208,0.0],[-114.32726,78.0808,0.0],[-114.38882,78.07661,0.0],[-114.50186,78.04841,0.0],[-114.67968,78.03449,0.0],[-114.74112,77.99995,1.4531],[-114.76732,77.99006,5.3767],[-114.79507,77.98286,2.3531],[-114.89892,77.97358,0.0],[-114.94762,77.95966,3.6896],[-114.96833,77.95677,0.0],[-114.99071,77.95799,0.0],[-115.04068,77.96825,0.0],[-115.06933,77.96894,0.0],[-115.09708,77.96613,0.0],[-115.11823,77.95966,0.0],[-114.85782,77.85981,0.0],[-114.79825,77.85033,0.0],[-114.66698,77.80817,0.0],[-114.58194,77.79645,0.0],[-114.53799,77.78303,0.0],[-114.5161,77.76044,0.0],[-114.62287,77.77412,0.0],[-114.6527,77.76789,0.0],[-114.62133,77.75682,0.0],[-114.4796,77.75141,0.0],[-114.30069,77.71328,2.8848],[-114.16259,77.70673,0.0],[-113.72248,77.76923,6.9381],[-113.60424,77.81086,17.9073],[-113.57702,77.81501,11.9758],[-113.60094,77.83242,3.2653],[-113.6715,77.84593,0.0],[-113.68627,77.8666,11.9394],[-113.70153,77.89037,0.9237],[-113.73729,77.90168,0.0],[-113.95132,77.91885,0.0],[-113.97427,77.92829,0.0],[-113.98742,77.93745,2.1392],[-114.06989,77.97264,13.2717],[-114.06363,77.97264,10.4255],[-114.11461,78.00043,0.0],[-114.2578,77.98945,9.009],[-114.31688,78.01423,15.3864]]],
[[[-110.00369,78.09931,18.8699],[-110.35772,78.10157,27.7442],[-110.71174,78.10383,8.35],[-110.82291,78.07416,0.0],[-110.8605,78.06875,3.3986],[-110.97989,78.07323,7.9529],[-110.99682,78.07917,9.4422],[-111.00011,78.08515,16.3902],[-111.00031,78.09081,24.4509],[-111.00137,78.09516,21.0465],[-111.00764,78.09687,15.4799],[-111.20653,78.08246,28.0445],[-111.27807,78.09003,0.0],[-111.39196,78.07197,5.455],[-111.52717,78.06708,2.4464],[-111.63948,78.04816,0.0],[-111.69066,78.03278,0.0],[-111.71166,78.02924,0.0],[-111.74454,78.02741,3.887],[-111.77489,78.02953,4.1579],[-111.7882,78.03815,4.843],[-111.79914,78.05174,0.8013],[-111.82413,78.05264,0.6565],[-111.95055,78.02131,0.209],[-112.0563,78.02407,0.4691],[-112.16906,78.00788,1.2605],[-112.2246,78.00922,0.0],[-112.2709,78.01533,0.0],[-112.5913,77.97352,2.2597],[-112.91169,77.93171,0.0],[-112.90543,77.93171,0.0],[-112.92492,77.92959,0.0],[-112.93651,77.92129,0.0],[-112.94571,77.91108,0.3794],[-112.95824,77.90306,12.2897],[-112.98152,77.89761,18.6222],[-113.00609,77.89614,19.7025],[-113.02855,77.89936,2.4626],[-113.0454,77.90815,0.0],[-113.08511,77.92267,3.6704],[-113.1411,77.92251,0.0],[-113.24128,77.90497,0.0],[-113.21329,77.89077,2.0347],[-113.28213,77.86237,3.1958],[-113.31212,77.83877,0.0],[-113.32315,77.80817,0.0],[-113.30557,77.77684,0.0],[-113.26781,77.75983,0.0],[-113.18602,77.73994,1.3173],[-113.21276,77.73835,0.0],[-113.22667,77.73444,0.0],[-113.23379,77.72687,0.0],[-113.23087,77.72305,0.0],[-113.21019,77.70954,1.1369],[-113.20678,77.69379,0.0],[-113.21923,77.68203,2.8449],[-113.23815,77.67451,3.5712],[-113.25426,77.67162,1.5703],[-113.23371,77.66401,0.0],[-113.1903,77.65843,0.0],[-113.17235,77.65058,1.2112],[-113.17919,77.65058,0.0],[-113.10997,77.63207,0.0],[-113.08975,77.62324,0.0],[-113.12352,77.61441,2.1638],[-113.21614,77.60041,0.0],[-113.24128,77.58226,0.0],[-113.21947,77.57608,0.0],[-113.21178,77.56159,0.0],[-113.2084,77.54369,0.0],[-113.19962,77.52766,0.0],[-113.16588,77.51508,0.0],[-113.03506,77.51846,0.0],[-112.99234,77.51105,0.0],[-112.97427,77.5019,0.0],[-112.96691,77.4833,0.0],[-112.95499,77.47101,0.0],[-112.9276,77.46479,0.0],[-112.77782,77.44843,0.0],[-112.72859,77.45112,1.5489],[-112.67907,77.46068,0.0],[-112.63744,77.46406,0.0],[-112.60058,77.45368,0.0],[-112.5349,77.41161,0.0],[-112.50634,77.38801,0.0],[-112.49397,77.38028,0.0],[-112.46931,77.37059,0.0],[-112.10924,77.32575,0.0],[-111.99083,77.32929,0.0],[-111.88386,77.35318,2.2688],[-111.40123,77.40351,0.0024],[-111.28112,77.43146,0.0],[-111.25097,77.43268,0.0],[-111.19323,77.42109,0.0],[-110.88073,77.41242,0.4485],[-110.8286,77.42524,0.5478],[-110.79898,77.4433,0.0],[-110.78808,77.44575,3.5792],[-110.74718,77.44501,1.9483],[-110.70938,77.45283,7.1642],[-110.57262,77.45531,0.0],[-110.23542,77.50422,0.0],[-110.16234,77.53181,3.6262],[-110.11388,77.54271,0.0],[-110.09557,77.55492,0.0],[-110.08682,77.57148,5.9562],[-110.09215,77.58198,2.9816],[-110.10778,77.58747,3.1913],[-110.1608,77.59235,7.1317],[-110.16369,77.60017,5.5609],[-110.14818,77.60936,3.522],[-110.12352,77.61701,2.5475],[-110.07824,77.62482,5.1679],[-110.0559,77.63203,0.5403],[-110.04101,77.64435,0.0],[-110.05191,77.64517,0.0],[-110.06241,77.64765,0.0],[-110.0725,77.652,0.0],[-110.0819,77.65803,0.7431],[-110.07824,77.66112,2.6613],[-110.07185,77.66844,3.2804],[-110.06827,77.67162,3.4794],[-110.09801,77.68334,0.0],[-110.11071,77.69245,2.568],[-110.11608,77.7058,7.9103],[-110.11193,77.70767,7.432],[-110.08821,77.7331,1.0831],[-110.09089,77.73697,10.965],[-110.09557,77.74677,9.3609],[-110.0808,77.75251,11.7838],[-110.08825,77.76447,29.2274],[-110.1079,77.77619,34.8251],[-110.12951,77.78148,19.4015],[-110.34463,77.78486,0.0],[-110.40827,77.77338,1.3411],[-110.71996,77.76618,7.816],[-110.75414,77.78461,2.0267],[-110.7775,77.80366,3.1928],[-110.88036,77.82123,1.3018],[-110.90372,77.85322,3.5172],[-110.84146,77.86982,0.0],[-110.53311,77.88392,0.0],[-110.22476,77.89802,0.2198],[-110.12393,77.92121,4.4294],[-110.00369,77.93138,16.5601],[-110.00369,77.9314,16.5601],[-110.00369,77.93152,16.5601],[-110.00369,78.00842,38.3629],[-110.00369,78.09931,18.8699]]],
[[[-110.39721,78.75349,4.6534],[-110.42691,78.76634,0.0],[-110.71467,78.75308,0.4706],[-110.72411,78.75406,-0.2119],[-110.73302,78.75727,0.0],[-110.74096,78.75796,0.0],[-110.76012,78.74958,0.0],[-110.79442,78.74429,0.0],[-110.84406,78.73062,0.0],[-110.97964,78.72004,0.0],[-111.1317,78.6916,0.8692],[-111.16442,78.69892,0.0],[-111.27562,78.67023,0.0],[-111.29475,78.66169,0.0],[-111.31436,78.64842,0.0],[-111.43814,78.64423,0.0],[-111.3767,78.62377,0.0],[-111.42016,78.60663,0.0],[-111.81603,78.5489,0.0],[-111.92675,78.5607,0.0],[-112.03551,78.55174,0.8225],[-112.15005,78.55703,0.0],[-112.3546,78.54003,0.0],[-112.49275,78.51203,0.0],[-112.68204,78.49828,0.0],[-112.78087,78.47313,0.0],[-113.1018,78.42768,-0.0562],[-113.13353,78.41454,0.0],[-113.14981,78.4099,0.0],[-113.21422,78.40656,0.0],[-113.23379,78.3985,0.0],[-113.22435,78.3924,0.0],[-113.22248,78.38434,0.0],[-113.22301,78.37466,0.0],[-113.22077,78.36371,0.0],[-113.33617,78.33637,0.0],[-113.28222,78.32274,1.6825],[-113.29528,78.31533,0.0],[-113.24828,78.28498,0.0],[-113.18517,78.27359,0.0],[-113.06151,78.27436,0.0],[-112.83967,78.30646,-0.289],[-112.80443,78.30781,0.0],[-112.7683,78.2954,0.0],[-112.78604,78.30866,0.0],[-112.77746,78.31928,2.8688],[-112.75569,78.32636,0.0],[-112.46561,78.35187,0.0284],[-112.17553,78.37739,0.0114],[-112.02868,78.35187,0.0],[-111.98005,78.35004,0.0],[-111.97045,78.34593,0.0],[-111.91246,78.33584,0.0],[-111.89061,78.32901,0.0],[-111.87755,78.30882,0.0],[-111.87076,78.30223,0.0],[-111.83629,78.28522,0.0],[-111.77847,78.27021,0.0],[-111.43399,78.2746,0.9385],[-111.42056,78.27652,2.1591],[-111.40929,78.28181,0.9772],[-111.40461,78.29198,15.8693],[-111.40831,78.30012,0.9308],[-111.42585,78.3028,5.7002],[-111.43196,78.3085,3.6756],[-111.41149,78.32982,0.8277],[-111.27868,78.32184,0.0],[-111.2401,78.33637,0.0],[-111.25805,78.34007,2.3886],[-111.27904,78.34829,22.1777],[-111.29939,78.35887,4.6655],[-111.31526,78.36994,7.4067],[-111.28893,78.37983,0.0864],[-111.21841,78.38154,0.0],[-111.15461,78.39053,0.0],[-111.02611,78.3749,0.0],[-110.94591,78.35004,0.0],[-110.8883,78.34553,0.0427],[-110.8629,78.33906,0.0],[-110.86278,78.32274,0.0],[-110.84032,78.31517,0.0],[-110.58637,78.30056,1.3638],[-110.33243,78.28596,2.5584],[-110.01305,78.32901,0.8644],[-110.00369,78.32901,0.7578],[-110.00369,78.32901,0.7578],[-110.00369,78.32912,0.7578],[-110.00369,78.44948,57.9626],[-110.00369,78.67003,9.8871],[-110.00369,78.68692,-0.0298],[-110.03026,78.69253,2.1839],[-110.13659,78.69892,0.3247],[-110.23766,78.72785,10.1078],[-110.36632,78.74413,3.441],[-110.39721,78.75349,4.6534]]]]}}