{"type": "Feature","bbox": [-59.3126,47.2391,-54.6896,48.5396],"geometry": {"type": "MultiPolygon","coordinates": [[[[-55.9644,47.2406,0.0],[-55.9661,47.24,1.6803],[-55.9664,47.2391,1.6803],[-55.9621,47.2401,3.4405],[-55.9644,47.2406,0.0]]],
[[[-55.9492,47.247,20.9184],[-55.9525,47.2478,8.6413],[-55.9497,47.2513,1.7291],[-55.9517,47.2523,0.0],[-55.9553,47.2505,0.0],[-55.9543,47.2486,23.657],[-55.9624,47.2462,0.0],[-55.9589,47.2444,55.1532],[-55.9584,47.2409,4.3273],[-55.9525,47.2425,8.0249],[-55.947,47.2469,5.4469],[-55.9492,47.247,20.9184]]],
[[[-55.941,47.2526,0.0],[-55.9432,47.2497,0.0],[-55.9399,47.2513,0.789],[-55.9397,47.253,0.0],[-55.941,47.2526,0.0]]],
[[[-55.9474,47.2541,2.6458],[-55.9474,47.2526,0.0],[-55.9455,47.2523,4.3115],[-55.9405,47.2566,0.0],[-55.9399,47.2594,0.0],[-55.9434,47.261,0.0],[-55.9483,47.2597,4.5716],[-55.9498,47.257,0.0],[-55.9474,47.2541,2.6458]]],
[[[-56.9795,47.3756,0.0],[-56.9786,47.3769,0.0],[-56.9825,47.377,0.0],[-56.9808,47.3747,0.0],[-56.9795,47.3756,0.0]]],
[[[-56.9772,47.3823,0.0],[-56.9759,47.3841,0.0],[-56.9799,47.3848,0.0],[-56.987,47.3821,0.0],[-56.9808,47.3797,0.0],[-56.9794,47.3808,0.0],[-56.9765,47.38,0.0],[-56.9772,47.3823,0.0]]],
[[[-56.989,47.3916,0.0],[-56.9894,47.3907,0.0],[-56.9869,47.3889,0.0],[-56.9864,47.3897,0.0],[-56.989,47.3916,0.0]]],
[[[-56.993899999999996,47.39,0.0],[-56.9954,47.3929,0.0],[-56.9981,47.3906,0.0],[-56.994,47.3882,0.0],[-56.9915,47.3896,0.0],[-56.993899999999996,47.39,0.0]]],
[[[-55.9778,47.2622,0.619],[-55.9758,47.2611,1.0394],[-55.974,47.2628,0.5548],[-55.9758,47.2633,0.619],[-55.9778,47.2622,0.619]]],
[[[-56.0656,47.4783,0.0],[-56.0606,47.4825,1.4205],[-56.0544,47.4806,0.9912],[-56.0494,47.4839,1.1447],[-56.0494,47.4881,0.1396],[-56.0511,47.4892,0.9301],[-56.0492,47.4936,1.5379],[-56.0469,47.4961,0.3609],[-56.0429,47.4973,0.2007],[-56.0353,47.4972,-0.2701],[-56.03,47.4947,0.3248],[-56.0158,47.4989,7.5703],[-55.9954,47.4992,7.3931],[-55.9844,47.4973,2.0071],[-55.9759,47.5014,0.3917],[-55.9742,47.5038,4.4309],[-55.971,47.5042,0.9906],[-55.9694,47.5064,0.0],[-55.9596,47.5056,3.8194],[-55.9527,47.5112,0.0],[-55.9522,47.5159,18.9184],[-55.9481,47.5242,4.8389],[-55.9451,47.5271,6.0112],[-55.9448,47.5302,0.0],[-55.9365,47.5336,0.1538],[-55.9395,47.5309,0.2421],[-55.9349,47.5315,0.0867],[-55.9353,47.5279,0.0],[-55.9336,47.5269,0.0],[-55.9232,47.531,7.4279],[-55.9191,47.5361,5.5932],[-55.9145,47.5379,1.9515],[-55.906,47.537,0.0],[-55.9032,47.5342,0.85],[-55.8917,47.5456,6.9776],[-55.8931,47.5486,0.2805],[-55.8919,47.55,5.9484],[-55.8886,47.545,4.4743],[-55.8901,47.5384,0.0],[-55.8819,47.5344,0.0],[-55.8761,47.5356,32.9009],[-55.8694,47.5442,20.8997],[-55.8598,47.5423,24.281],[-55.8527,47.5537,2.6806],[-55.8435,47.5569,0.0],[-55.8419,47.5618,0.0],[-55.8371,47.566,7.5388],[-55.8335,47.566,4.4121],[-55.8291,47.5697,1.5697],[-55.8278,47.5686,13.484],[-55.8308,47.5656,0.0],[-55.8245,47.5658,8.2376],[-55.8067,47.5728,2.3263],[-55.806399999999996,47.5711,0.0],[-55.8145,47.5625,0.0],[-55.823,47.5605,0.0],[-55.8326,47.5526,0.0],[-55.8292,47.5491,28.5465],[-55.8299,47.5464,0.0],[-55.8272,47.5458,13.4437],[-55.8279,47.543,4.1249],[-55.8251,47.5413,2.4883],[-55.8173,47.5473,0.0],[-55.8113,47.5563,68.5072],[-55.8031,47.5608,55.6591],[-55.8031,47.5632,39.5148],[-55.7925,47.5761,0.0],[-55.7937,47.5823,0.0],[-55.7911,47.5858,7.6619],[-55.7832,47.5911,15.9923],[-55.7692,47.5944,10.5461],[-55.7653,47.5986,0.0],[-55.7658,47.6,0.0],[-55.76,47.6006,6.9151],[-55.7581,47.6025,10.2992],[-55.7542,47.6,3.4761],[-55.7637,47.5969,16.8936],[-55.7679,47.5925,25.9404],[-55.7777,47.5898,9.6452],[-55.7867,47.5828,0.0],[-55.7828,47.5819,0.0],[-55.7703,47.5861,17.5403],[-55.7661,47.585,0.0],[-55.7535,47.5904,0.0],[-55.7371,47.6037,5.1587],[-55.7322,47.6124,1.1123],[-55.7263,47.6163,3.8529],[-55.7284,47.6107,5.6764],[-55.7494,47.5899,3.3595],[-55.7459,47.5885,0.0],[-55.7467,47.5864,29.4392],[-55.7542,47.5822,0.0],[-55.7661,47.5789,0.0],[-55.7723,47.5719,28.2328],[-55.7897,47.5608,0.0],[-55.7918,47.5558,0.0],[-55.8051,47.5491,0.0],[-55.8042,47.5461,0.0],[-55.8014,47.5444,0.7234],[-55.8036,47.5426,0.0],[-55.8167,47.5355,0.0],[-55.8258,47.5324,1.0412],[-55.8328,47.5259,0.0],[-55.8313,47.5236,10.6343],[-55.8392,47.5203,9.4769],[-55.8394,47.5175,1.7097],[-55.8471,47.514,0.0],[-55.8536,47.5131,4.5672],[-55.8528,47.5109,3.5377],[-55.8458,47.5111,12.5845],[-55.8458,47.5089,37.1842],[-55.8436,47.5069,0.0],[-55.8308,47.5119,0.0],[-55.8264,47.5094,0.3177],[-55.8267,47.5069,15.4678],[-55.8518,47.4965,4.2567],[-55.8572,47.4925,0.0],[-55.8662,47.4899,18.9268],[-55.874,47.49,5.9164],[-55.8761,47.4881,4.9581],[-55.8858,47.4861,0.0],[-55.8938,47.4793,6.2809],[-55.9015,47.478,7.9619],[-55.9114,47.4608,1.9869],[-55.9145,47.4602,15.9051],[-55.9224,47.4536,41.9354],[-55.9288,47.4526,0.0],[-55.9315,47.4506,0.0],[-55.9291,47.4458,0.0],[-55.9397,47.4389,0.0],[-55.9343,47.439,67.5914],[-55.9304,47.4354,0.0],[-55.9285,47.4355,15.0982],[-55.9172,47.4477,14.131],[-55.906,47.4561,3.3171],[-55.8907,47.4583,0.0],[-55.8862,47.4645,0.8447],[-55.8789,47.466,5.185],[-55.8727,47.4651,0.0],[-55.8619,47.4713,0.0],[-55.8517,47.4694,7.6719],[-55.8444,47.4622,3.0012],[-55.8417,47.4627,5.9786],[-55.8354,47.4579,0.967],[-55.8251,47.4595,4.3],[-55.8242,47.4565,0.0],[-55.8193,47.4588,50.5457],[-55.8147,47.4583,0.672],[-55.8113,47.4555,2.7762],[-55.8075,47.4563,12.9572],[-55.8037,47.4618,31.836],[-55.7967,47.4651,0.0606],[-55.796,47.4733,6.9788],[-55.793,47.4796,3.8079],[-55.802,47.4827,0.9098],[-55.8107,47.4764,36.4613],[-55.8239,47.4714,2.2577],[-55.8263,47.4732,0.7264],[-55.8231,47.4774,0.0751],[-55.8258,47.4811,2.8935],[-55.8189,47.4828,1.4177],[-55.8086,47.4881,2.3873],[-55.8086,47.4861,29.9773],[-55.8206,47.478,15.6795],[-55.8171,47.4761,1.5176],[-55.811,47.4784,0.0],[-55.8057,47.4834,1.1441],[-55.7973,47.4882,15.2956],[-55.7936,47.5066,0.0],[-55.7811,47.5231,0.0],[-55.7719,47.5385,0.0],[-55.7608,47.5424,26.4995],[-55.7561,47.5548,10.5729],[-55.748,47.5632,7.7237],[-55.7306,47.5719,0.0],[-55.7262,47.5698,0.0],[-55.7237,47.5715,3.8715],[-55.7231,47.5789,0.0],[-55.7257,47.5817,15.1746],[-55.7262,47.586,5.7195],[-55.7169,47.5922,20.8537],[-55.7143,47.59,5.2779],[-55.7212,47.5842,0.0],[-55.7189,47.5806,11.364],[-55.7222,47.5792,4.2086],[-55.7192,47.5767,0.0],[-55.7206,47.5728,0.0],[-55.7256,47.5683,17.9486],[-55.7309,47.5675,0.0],[-55.747,47.5499,74.7006],[-55.7519,47.5395,0.0],[-55.762,47.5288,0.0],[-55.7703,47.5147,0.0],[-55.7692,47.5131,2.7278],[-55.7719,47.5114,6.2054],[-55.7697,47.5092,0.0],[-55.7708,47.5061,3.4667],[-55.7838,47.4925,24.2682],[-55.7779,47.4867,0.0],[-55.7705,47.4887,0.0],[-55.7672,47.4918,0.0],[-55.7685,47.495,29.9189],[-55.7673,47.4982,0.0],[-55.7619,47.5008,4.9263],[-55.7623,47.4931,0.0],[-55.7593,47.4895,5.5186],[-55.7623,47.4871,0.0],[-55.7672,47.4873,0.0],[-55.7709,47.483,0.0],[-55.7727,47.4765,0.0],[-55.7714,47.475,0.0],[-55.7669,47.4775,3.9385],[-55.7668,47.4731,7.0553],[-55.7693,47.4667,18.9595],[-55.7737,47.4624,7.8965],[-55.7789,47.4531,0.0],[-55.7792,47.4486,0.0],[-55.772,47.4507,0.0],[-55.7686,47.4544,32.549],[-55.7544,47.4579,6.0658],[-55.752,47.4615,12.4571],[-55.7324,47.4665,0.0],[-55.725,47.474,18.8745],[-55.7133,47.4764,1.5642],[-55.7036,47.4847,0.7664],[-55.7102,47.4858,0.0],[-55.7118,47.4922,0.0],[-55.7137,47.4938,0.0],[-55.7144,47.5015,0.0],[-55.7212,47.5043,1.7914],[-55.7263,47.5009,-0.5],[-55.7231,47.5075,3.645],[-55.7182,47.5104,-0.5],[-55.7122,47.5105,5.679],[-55.717,47.505,-0.5],[-55.7153,47.5033,0.9727],[-55.6996,47.5062,6.9279],[-55.6936,47.5114,1.0829],[-55.6911,47.5114,2.672],[-55.7006,47.5022,0.0],[-55.6962,47.5025,28.6131],[-55.6916,47.5002,0.0],[-55.6877,47.5015,0.0],[-55.6839,47.4983,0.0],[-55.6862,47.4945,1.5354],[-55.6853,47.4919,22.8812],[-55.6888,47.4885,6.3291],[-55.6861,47.4836,0.0],[-55.6839,47.4856,47.2833],[-55.6728,47.4875,11.0825],[-55.6699,47.4925,2.3903],[-55.6706,47.4947,2.0504],[-55.6605,47.4938,4.7383],[-55.656,47.4974,13.5465],[-55.6549,47.5008,64.5828],[-55.6481,47.5025,2.9709],[-55.6489,47.5075,20.5453],[-55.6533,47.5142,1.5356],[-55.6525,47.5156,20.7665],[-55.6494,47.515,0.0],[-55.6489,47.5172,4.6606],[-55.6554,47.5184,33.7375],[-55.6611,47.5217,21.7196],[-55.6454,47.5366,10.3169],[-55.6428,47.5422,2.8436],[-55.6422,47.5539,6.6347],[-55.6357,47.5493,14.1659],[-55.6374,47.545,0.0],[-55.6324,47.5441,14.4663],[-55.6272,47.5513,0.0],[-55.6184,47.5573,5.2753],[-55.6101,47.5605,59.3921],[-55.6061,47.5594,2.8483],[-55.5986,47.5619,0.0],[-55.5915,47.575,1.2907],[-55.582,47.5816,-1.1609],[-55.5806,47.5778,41.0319],[-55.5844,47.5684,0.8394],[-55.5896,47.5615,16.1826],[-55.6089,47.5534,7.3462],[-55.6125,47.5482,12.2248],[-55.618,47.5479,3.9634],[-55.6297,47.5413,6.717],[-55.631,47.5392,0.0],[-55.6296,47.5372,5.6372],[-55.6219,47.5381,0.0],[-55.624,47.5307,0.0],[-55.6214,47.529,15.8766],[-55.6127,47.5345,0.0],[-55.6122,47.5381,1.2528],[-55.6069,47.5378,9.4753],[-55.6074,47.5343,29.4805],[-55.603,47.5346,0.0],[-55.6028,47.5319,0.0],[-55.6043,47.5292,0.0],[-55.6103,47.528,0.0],[-55.6125,47.5251,0.0],[-55.6073,47.5217,0.0],[-55.6051,47.5223,64.6797],[-55.5997,47.5179,0.0],[-55.593,47.5191,22.024],[-55.5907,47.5143,8.4971],[-55.5881,47.5142,4.6601],[-55.5856,47.5168,4.2155],[-55.5857,47.5128,0.0],[-55.5925,47.5098,22.5163],[-55.6022,47.5091,0.9646],[-55.6129,47.5022,0.0],[-55.6056,47.498,0.0],[-55.6152,47.4959,8.3019],[-55.6172,47.4882,12.6207],[-55.6191,47.486,22.8545],[-55.6179,47.4793,0.0],[-55.6282,47.4724,0.0],[-55.63,47.4694,3.46],[-55.6286,47.4675,0.0],[-55.6314,47.4666,8.1887],[-55.635,47.4624,2.562],[-55.6349,47.4595,3.4193],[-55.6325,47.4564,0.0],[-55.6255,47.4591,1.5467],[-55.6241,47.4579,0.0],[-55.6251,47.4557,1.9976],[-55.6367,47.4525,0.0],[-55.653,47.4433,27.0061],[-55.6578,47.443,5.5128],[-55.6633,47.4403,0.0],[-55.6629,47.4378,73.1374],[-55.6711,47.4323,29.8971],[-55.6711,47.4294,64.2902],[-55.6692,47.4272,4.6505],[-55.6653,47.4317,21.6884],[-55.6586,47.4349,0.0],[-55.6534,47.4318,0.0],[-55.6489,47.4334,0.0],[-55.6379,47.4384,0.0],[-55.618,47.4567,0.0],[-55.6045,47.4545,0.0],[-55.5943,47.4609,0.9144],[-55.5943,47.4577,0.0],[-55.5908,47.4554,7.9218],[-55.5965,47.4532,0.6354],[-55.5976,47.4508,0.6632],[-55.6025,47.4521,0.0],[-55.6052,47.4513,2.9131],[-55.6094,47.4459,13.9844],[-55.6104,47.4406,0.0],[-55.6094,47.4391,8.454],[-55.5954,47.4398,1.238],[-55.5921,47.4373,0.946],[-55.5918,47.4349,3.5521],[-55.5957,47.4307,0.0],[-55.5959,47.4239,0.0],[-55.6045,47.4141,0.0],[-55.6176,47.4063,5.0013],[-55.6153,47.4047,0.0],[-55.607,47.4051,13.4057],[-55.6105,47.4027,0.0],[-55.6086,47.3985,0.0],[-55.584,47.4034,0.0],[-55.5816,47.4106,8.3613],[-55.5748,47.4164,29.4571],[-55.5743,47.4244,0.0],[-55.5759,47.43,15.7604],[-55.5743,47.437,0.0],[-55.5604,47.4498,2.0244],[-55.5589,47.4497,0.0],[-55.5581,47.4514,1.0649],[-55.5595,47.4528,2.7828],[-55.5561,47.4562,0.8214],[-55.5511,47.4572,0.8095],[-55.5508,47.4613,1.6066],[-55.5476,47.4552,11.5494],[-55.5469,47.45,3.6431],[-55.5519,47.4458,0.0],[-55.5453,47.4425,2.7858],[-55.5431,47.4447,4.723],[-55.5456,47.4497,0.0],[-55.5354,47.4557,17.6021],[-55.5339,47.4646,1.0683],[-55.5272,47.4642,1.0236],[-55.5265,47.457,0.0],[-55.5241,47.4554,0.0],[-55.511,47.4651,0.0],[-55.5107,47.4619,33.0807],[-55.5145,47.4569,0.0],[-55.5115,47.4477,12.8507],[-55.5083,47.4491,9.9541],[-55.5056,47.4533,5.2625],[-55.5006,47.4528,1.6968],[-55.4971,47.4556,20.3373],[-55.496,47.4616,0.0],[-55.4924,47.4592,0.0],[-55.4929,47.4544,1.5001],[-55.4863,47.4583,0.0],[-55.4728,47.4614,0.0],[-55.4773,47.4716,0.0],[-55.4775,47.4797,0.0],[-55.4767,47.4817,0.0],[-55.4733,47.4829,0.1871],[-55.4762,47.4838,2.8463],[-55.4744,47.4861,1.8518],[-55.4688,47.4769,7.7181],[-55.4671,47.468,19.3056],[-55.4504,47.4665,0.0],[-55.4407,47.467,0.0],[-55.4318,47.4706,11.2904],[-55.4275,47.4752,0.0],[-55.4274,47.483,2.2314],[-55.4328,47.4903,3.7901],[-55.4317,47.4914,0.1308],[-55.4223,47.4915,0.0],[-55.4209,47.4881,0.0],[-55.422,47.4844,0.0],[-55.4197,47.4814,3.3414],[-55.4168,47.4811,4.4558],[-55.4139,47.4832,0.0],[-55.4099,47.4916,79.2507],[-55.4067,47.5136,0.0],[-55.4023,47.5184,8.1758],[-55.4018,47.5214,31.0594],[-55.4074,47.5278,0.0],[-55.4099,47.5272,0.0],[-55.4078,47.525,20.8346],[-55.41,47.5236,23.5362],[-55.4108,47.5258,0.0],[-55.4196,47.5301,8.0282],[-55.4217,47.5432,0.0],[-55.4247,47.5469,5.077],[-55.4158,47.5481,0.0],[-55.4112,47.5535,0.0],[-55.4069,47.5559,0.0],[-55.4068,47.5575,6.8795],[-55.402,47.5577,9.8526],[-55.4018,47.5606,10.2441],[-55.4102,47.5698,21.191],[-55.4044,47.5785,0.0],[-55.3967,47.5784,0.4432],[-55.3944,47.5808,6.7621],[-55.3913,47.581,0.0],[-55.3893,47.5875,2.0247],[-55.3921,47.5909,7.9999],[-55.3985,47.5938,0.0],[-55.4067,47.5844,7.4699],[-55.4058,47.5825,0.0],[-55.4156,47.5803,18.8785],[-55.4161,47.5833,5.5861],[-55.4138,47.5868,0.0],[-55.4188,47.5935,3.8113],[-55.4282,47.5891,0.0],[-55.4303,47.5816,17.218],[-55.4328,47.58,13.593],[-55.4331,47.5825,0.8128],[-55.4365,47.5849,3.8901],[-55.4391,47.5843,0.0],[-55.4426,47.5865,0.0],[-55.445,47.5856,4.6039],[-55.4481,47.5869,9.1634],[-55.4411,47.5928,13.5515],[-55.4382,47.5929,0.0],[-55.4333,47.5964,3.6767],[-55.4255,47.5989,0.0],[-55.4195,47.6035,0.0],[-55.4098,47.6067,0.0],[-55.4004,47.6193,15.4005],[-55.4183,47.634,0.0],[-55.4202,47.6329,0.0],[-55.4206,47.6288,3.6048],[-55.4315,47.6311,3.849],[-55.4348,47.6284,48.9957],[-55.4432,47.6277,0.0],[-55.4469,47.6206,23.9883],[-55.4497,47.6194,17.4144],[-55.4502,47.6211,3.255],[-55.4527,47.6203,33.4964],[-55.4636,47.6092,1.7458],[-55.4642,47.6144,1.4021],[-55.4718,47.618899999999996,6.4279],[-55.4767,47.6247,0.0],[-55.4693,47.6327,0.0],[-55.4681,47.6352,0.0],[-55.4694,47.6375,0.1333],[-55.4661,47.6407,8.5671],[-55.4702,47.6451,41.4973],[-55.4713,47.6492,0.6152],[-55.4749,47.6507,0.0],[-55.4748,47.6533,2.4355],[-55.4724,47.6543,1.2411],[-55.4688,47.652,1.6829],[-55.4685,47.6489,8.6399],[-55.4642,47.6435,0.0],[-55.456,47.6429,0.0],[-55.4516,47.6455,1.5823],[-55.4508,47.6491,0.0],[-55.4401,47.66,0.0],[-55.436,47.6666,2.3372],[-55.4301,47.6695,3.8969],[-55.4255,47.6754,0.0],[-55.4224,47.6765,7.6692],[-55.4311,47.6811,3.3804],[-55.4298,47.684,1.9059],[-55.4353,47.6878,23.217],[-55.4328,47.6905,5.29],[-55.4403,47.6958,13.3202],[-55.4388,47.698,10.9015],[-55.4431,47.7029,32.9792],[-55.4464,47.7036,30.2276],[-55.445,47.7044,16.6508],[-55.4466,47.7081,0.0],[-55.4447,47.71,5.5293],[-55.4419,47.7083,0.0],[-55.4299,47.7109,6.102],[-55.4234,47.7091,14.4124],[-55.4192,47.7114,4.473],[-55.4177,47.7156,9.4352],[-55.4185,47.7183,6.4288],[-55.4207,47.7213,23.4211],[-55.4245,47.7222,4.11],[-55.4231,47.7248,3.2529],[-55.4248,47.7253,6.8925],[-55.4255,47.7235,4.11],[-55.4274,47.7253,32.6303],[-55.4325,47.7223,8.4648],[-55.4363,47.723,2.5387],[-55.4394,47.7265,27.4197],[-55.4394,47.7281,15.4169],[-55.4359,47.7279,0.0],[-55.4363,47.726,0.0],[-55.4341,47.725,0.0],[-55.4289,47.7256,33.6824],[-55.4222,47.7289,0.0],[-55.4232,47.7298,12.1291],[-55.4213,47.7317,0.0],[-55.4189,47.7315,0.0],[-55.4228,47.7274,2.607],[-55.4199,47.7263,19.2315],[-55.4199,47.7229,8.5898],[-55.4166,47.7214,34.6207],[-55.4177,47.7178,32.3999],[-55.4158,47.716,50.6672],[-55.4158,47.7119,15.2455],[-55.4176,47.7092,18.1476],[-55.4159,47.7055,30.7763],[-55.4122,47.7036,0.0],[-55.415,47.6968,4.7748],[-55.4091,47.6906,18.5179],[-55.4048,47.6913,0.0],[-55.3989,47.6884,0.0],[-55.3934,47.6928,5.7633],[-55.3879,47.7025,8.7407],[-55.3944,47.7083,21.1547],[-55.3948,47.7123,1.0924],[-55.3978,47.7137,30.2005],[-55.4001,47.7181,24.1788],[-55.3971,47.7216,0.0],[-55.4027,47.7283,30.864],[-55.4,47.7292,20.142],[-55.3994,47.7322,19.7039],[-55.3978,47.7314,6.7884],[-55.3969,47.7255,11.8515],[-55.3928,47.7232,0.0],[-55.3824,47.7236,0.0],[-55.3739,47.7271,25.0569],[-55.3665,47.7257,1.8452],[-55.3586,47.7281,0.0],[-55.3641,47.7232,11.8167],[-55.3653,47.7201,3.3837],[-55.3692,47.7187,0.0],[-55.368899999999996,47.7142,0.0],[-55.3717,47.7108,3.6656],[-55.3714,47.7086,0.0],[-55.3692,47.707,0.0],[-55.3565,47.7138,60.6305],[-55.3525,47.7065,3.6902],[-55.3666,47.6953,2.4028],[-55.3642,47.6923,3.804],[-55.3724,47.686,53.748],[-55.3812,47.6827,0.0],[-55.387,47.6773,19.1012],[-55.3869,47.6711,6.0243],[-55.3839,47.6672,0.0],[-55.3814,47.6658,0.0],[-55.3766,47.6666,7.0495],[-55.3644,47.6644,26.5185],[-55.3625,47.6625,32.8835],[-55.3681,47.6561,7.8285],[-55.3739,47.6572,0.0],[-55.3783,47.6556,0.0],[-55.385,47.6475,7.8047],[-55.3828,47.6453,0.0],[-55.3739,47.6467,13.8249],[-55.3687,47.6525,0.0],[-55.3697,47.6552,4.364],[-55.3653,47.6519,0.0],[-55.3611,47.6522,34.3178],[-55.3583,47.6484,0.0],[-55.3546,47.6505,33.0208],[-55.3481,47.6497,1.7456],[-55.3491,47.6524,34.6147],[-55.3464,47.6517,5.1974],[-55.3428,47.6544,8.4352],[-55.3456,47.6571,6.9627],[-55.3379,47.6616,26.5334],[-55.333,47.6677,3.0898],[-55.3356,47.6731,0.0],[-55.3271,47.6769,0.0],[-55.3259,47.6805,45.8008],[-55.321,47.6837,0.0],[-55.3211,47.6879,2.1354],[-55.3182,47.6873,29.1884],[-55.3164,47.6887,3.6241],[-55.3083,47.7003,1.9711],[-55.3083,47.6978,0.6437],[-55.3055,47.6946,0.0],[-55.3119,47.6881,0.0],[-55.3173,47.6852,0.0],[-55.3272,47.6729,0.0],[-55.3271,47.6664,0.0],[-55.3232,47.664,0.0],[-55.3247,47.6622,0.0],[-55.3233,47.6583,0.0],[-55.3211,47.6581,0.0],[-55.3216,47.6608,5.7749],[-55.3177,47.6609,16.6815],[-55.3103,47.6558,18.5061],[-55.2965,47.6498,17.0977],[-55.2938,47.6468,1.6715],[-55.286,47.6447,0.0],[-55.2813,47.6454,0.0],[-55.2793,47.648,7.806],[-55.2784,47.6455,0.0],[-55.2741,47.646,1.0849],[-55.2689,47.6442,8.0502],[-55.2643,47.6474,71.3616],[-55.2548,47.6495,0.0],[-55.2464,47.6477,6.7046],[-55.2403,47.6558,11.634],[-55.2318,47.6561,1.702],[-55.2288,47.6539,7.2314],[-55.228,47.6557,30.998],[-55.2244,47.6561,49.6839],[-55.2273,47.6515,8.7128],[-55.233,47.6477,0.0],[-55.232,47.6449,2.0618],[-55.2273,47.6445,0.0],[-55.2369,47.6425,7.0533],[-55.2367,47.6414,3.5652],[-55.2288,47.6408,16.0291],[-55.2256,47.6375,10.7015],[-55.2192,47.6357,9.2035],[-55.2107,47.6364,0.6658],[-55.1977,47.6306,25.8975],[-55.1828,47.6322,45.2126],[-55.1803,47.6369,12.1743],[-55.1644,47.6392,24.663],[-55.1628,47.6453,0.0],[-55.1556,47.6475,55.7926],[-55.1503,47.6514,0.0],[-55.1444,47.6606,0.0],[-55.1447,47.667,92.2857],[-55.1413,47.6631,0.0],[-55.1393,47.6635,0.0],[-55.1392,47.6653,11.0078],[-55.134,47.6693,0.0],[-55.1318,47.6743,0.0],[-55.1319,47.6797,0.0],[-55.1268,47.6818,0.0],[-55.127,47.688,0.0],[-55.1219,47.6936,10.658],[-55.1208,47.6931,0.0],[-55.1229,47.6844,23.2673],[-55.1296,47.6731,17.5084],[-55.1296,47.6705,15.1697],[-55.127,47.668,22.4977],[-55.1276,47.6658,17.4217],[-55.131,47.6645,3.3857],[-55.1315,47.6615,3.5076],[-55.1295,47.6595,1.8157],[-55.1442,47.6417,65.2304],[-55.1528,47.6389,0.0],[-55.148,47.6372,7.3456],[-55.1475,47.6329,0.0],[-55.145,47.6324,6.8238],[-55.1431,47.6296,6.8976],[-55.1501,47.6205,14.183],[-55.1624,47.6133,32.0574],[-55.1637,47.609,0.0],[-55.1665,47.6074,0.6153],[-55.1642,47.6058,1.3774],[-55.1627,47.6088,21.932],[-55.1604,47.6091,17.9065],[-55.1545,47.6072,22.4463],[-55.1557,47.5979,0.0],[-55.1539,47.5961,4.5572],[-55.1488,47.5955,2.223],[-55.1506,47.5928,0.4047],[-55.1414,47.5997,2.1873],[-55.1441,47.5927,16.4403],[-55.1411,47.5911,6.7289],[-55.148,47.5868,1.2421],[-55.1406,47.5853,6.0125],[-55.1469,47.5844,0.0],[-55.1412,47.5781,0.8977],[-55.1374,47.5774,15.0771],[-55.1319,47.5824,14.9964],[-55.1297,47.5786,0.0],[-55.1197,47.585,19.9691],[-55.1194,47.5822,31.1193],[-55.1229,47.5786,0.9945],[-55.1184,47.5772,23.5449],[-55.1153,47.5786,0.0],[-55.1146,47.5837,1.634],[-55.1073,47.5893,0.0],[-55.1036,47.5963,27.5562],[-55.1045,47.6037,31.4538],[-55.1093,47.6019,27.3632],[-55.1122,47.6039,25.2669],[-55.1053,47.6135,0.0],[-55.1029,47.6248,6.1432],[-55.1039,47.6267,9.9718],[-55.1008,47.6276,0.0],[-55.0993,47.6311,12.9274],[-55.0909,47.6341,0.0],[-55.0859,47.6411,29.9843],[-55.0759,47.6382,0.0],[-55.0711,47.6399,2.689],[-55.0702,47.6425,0.0],[-55.0746,47.6491,41.4109],[-55.0761,47.655,19.9549],[-55.0747,47.6564,24.0949],[-55.0682,47.6555,4.9784],[-55.0672,47.6589,7.7152],[-55.06,47.6639,0.0],[-55.0586,47.6672,120.6747],[-55.0498,47.6692,5.1738],[-55.0487,47.671,0.0],[-55.0502,47.6722,34.1109],[-55.0499,47.675,45.476],[-55.045,47.6756,4.6353],[-55.0428,47.6794,10.5191],[-55.0397,47.6804,0.0],[-55.0372,47.6784,0.0],[-55.0335,47.6806,7.846],[-55.0368,47.6836,2.0616],[-55.0305,47.6921,0.0],[-55.0327,47.6968,7.6781],[-55.0296,47.7015,13.1017],[-55.0302,47.7091,0.0],[-55.0281,47.7124,11.3394],[-55.0095,47.7275,9.2742],[-55.0014,47.7299,0.8217],[-54.9992,47.7338,51.3379],[-54.9961,47.7356,0.0],[-54.9961,47.7393,0.0],[-54.9897,47.7498,1.6231],[-54.9818,47.7542,0.0],[-54.9725,47.7623,4.1982],[-54.9629,47.7754,0.0],[-54.9482,47.7849,0.0],[-54.9444,47.7886,0.0],[-54.9419,47.7953,0.0],[-54.9378,47.8003,0.0],[-54.9353,47.7992,0.0],[-54.9369,47.7942,0.3557],[-54.9453,47.7833,0.0],[-54.9435,47.7803,0.0],[-54.9443,47.7774,0.0],[-54.9501,47.7749,5.6708],[-54.9486,47.7728,1.6238],[-54.9517,47.7683,0.0],[-54.9519,47.7622,1.1016],[-54.9599,47.7544,0.9729],[-54.972,47.7512,0.0],[-54.9925,47.7297,0.0],[-54.9923,47.7248,0.0],[-55.0073,47.7177,0.0],[-55.0155,47.7112,0.0],[-55.0152,47.7092,0.0],[-55.0178,47.7049,0.0],[-55.0136,47.7003,0.0],[-55.0134,47.697,0.0],[-55.0187,47.695,6.8328],[-55.0118,47.6921,21.5548],[-55.0119,47.6898,12.8551],[-55.0236,47.6871,0.0],[-55.0269,47.681399999999996,5.8731],[-55.0256,47.6797,1.2859],[-55.0305,47.6763,22.4972],[-55.0315,47.6726,0.0],[-55.037,47.6693,4.8861],[-55.0391,47.6661,16.1048],[-55.0451,47.6647,7.7014],[-55.0493,47.6607,6.3963],[-55.056399999999996,47.6584,4.7422],[-55.0635,47.6491,0.0],[-55.0653,47.6407,11.7],[-55.0722,47.6347,36.663],[-55.0736,47.6305,6.4347],[-55.0815,47.6256,4.3922],[-55.082,47.623,39.9945],[-55.0931,47.614,0.0],[-55.0935,47.6072,0.0],[-55.0881,47.6011,20.9984],[-55.0917,47.5964,5.2986],[-55.0897,47.5939,1.658],[-55.0917,47.594,0.0],[-55.0926,47.5921,19.9169],[-55.0866,47.5901,0.0],[-55.0799,47.6059,198.6226],[-55.0701,47.6203,176.3549],[-55.0574,47.6352,249.5816],[-55.0293,47.6407,248.41309999999999],[-55.0213,47.6498,267.4904],[-55.0198,47.6612,172.211],[-55.0072,47.6691,186.3855],[-54.9821,47.674,198.032],[-54.9375,47.6865,225.6502],[-54.9294,47.6863,238.1538],[-54.9161,47.6833,304.1047],[-54.9014,47.6829,319.8802],[-54.888,47.6891,276.2871],[-54.8805,47.6981,208.159],[-54.8773,47.7057,242.7158],[-54.8773,47.713,241.1321],[-54.8795,47.7132,233.3519],[-54.8821,47.7179,232.994],[-54.8797,47.7242,235.7823],[-54.8844,47.7304,211.6522],[-54.8841,47.7359,207.9703],[-54.8652,47.7366,201.8873],[-54.8614,47.7391,208.569],[-54.8544,47.7395,219.3289],[-54.8772,47.7959,138.2361],[-54.8772,47.8633,174.2596],[-54.7754,47.8631,222.9084],[-54.7747,47.8999,199.8925],[-54.7713,47.9104,200.2188],[-54.7623,47.9154,213.8126],[-54.7445,47.9184,204.257],[-54.74,47.9223,201.7315],[-54.7379,47.9278,198.5743],[-54.7425,47.9349,219.6786],[-54.7619,47.9497,237.117],[-54.7643,47.9553,239.5353],[-54.7639,47.9618,228.9576],[-54.7597,47.9701,214.0728],[-54.7366,47.9895,251.7191],[-54.6942,48.0208,221.0165],[-54.6896,48.0259,218.8458],[-54.7132,48.0389,219.1227],[-54.7152,48.0417,216.118],[-54.715,48.046,217.1846],[-54.7082,48.0534,213.0119],[-54.707,48.0595,210.6277],[-54.7139,48.0732,216.4469],[-54.723,48.074,234.6204],[-54.7383,48.0696,211.9505],[-54.7429,48.0704,216.6581],[-54.7499,48.0748,229.712],[-54.7615,48.0981,202.4337],[-54.7609,48.1032,201.0633],[-54.7471,48.11,210.9846],[-54.7562,48.1182,204.0066],[-54.7595,48.1197,206.4884],[-54.7754,48.1193,204.8028],[-54.7811,48.1139,210.8608],[-54.7815,48.1175,204.1558],[-54.7793,48.122,202.0],[-54.789,48.1181,202.0],[-54.7911,48.1205,209.3113],[-54.7989,48.1179,204.0033],[-54.8015,48.1197,205.9866],[-54.792,48.1279,206.7354],[-54.7951,48.1367,203.9743],[-54.7924,48.1404,208.2868],[-54.8051,48.1473,210.0508],[-54.8035,48.1594,204.9312],[-54.8054,48.1666,206.0128],[-54.8125,48.1735,205.1247],[-54.8191,48.1733,206.0347],[-54.8219,48.1787,210.0229],[-54.8246,48.1793,215.1202],[-54.836,48.1732,213.0857],[-54.8675,48.1673,263.3492],[-54.8815,48.1668,255.0527],[-54.8847,48.1687,259.2256],[-54.8873,48.172,249.9911],[-54.8874,48.1789,239.7236],[-54.8866,48.1906,221.4792],[-54.8828,48.2047,220.1357],[-54.8854,48.224,267.1058],[-54.903,48.2399,228.1514],[-54.9106,48.2445,232.3044],[-54.9257,48.2448,229.4061],[-54.9396,48.2473,234.0484],[-54.9519,48.2475,225.1964],[-54.9576,48.2457,225.417],[-54.9787,48.2472,227.8882],[-54.9845,48.2459,230.13],[-54.9955,48.2403,219.2771],[-54.9987,48.2377,206.5927],[-55.0039,48.2222,214.0059],[-55.0028,48.2179,216.3973],[-54.9935,48.2088,226.3946],[-54.9899,48.1976,226.7778],[-54.9898,48.1899,231.8367],[-54.9949,48.1867,230.6941],[-55.0105,48.1891,250.3336],[-55.0199,48.1882,239.562],[-55.0239,48.185,235.1317],[-55.0254,48.1752,239.8796],[-55.03,48.1725,242.7978],[-55.0514,48.1753,270.7215],[-55.0615,48.1743,248.4258],[-55.0666,48.1774,252.3907],[-55.0624,48.1826,255.4973],[-55.0497,48.1894,253.7688],[-55.043,48.1992,255.4461],[-55.0362,48.2163,283.5178],[-55.0424,48.2289,223.5448],[-55.0626,48.2412,256.2013],[-55.1094,48.2468,254.2494],[-55.1209,48.2567,228.539],[-55.1248,48.2672,223.7799],[-55.1322,48.271,224.7309],[-55.1391,48.2779,233.1239],[-55.1363,48.2807,230.2131],[-55.152,48.2875,227.9194],[-55.1691,48.2626,223.4942],[-55.1725,48.2531,232.1115],[-55.1873,48.2377,234.7181],[-55.1965,48.2323,226.8515],[-55.1989,48.2328,226.2591],[-55.2081,48.2415,214.9517],[-55.2148,48.243,217.674],[-55.25,48.2141,222.2732],[-55.2519,48.2148,222.1891],[-55.2587,48.2279,219.331],[-55.2616,48.2486,223.1626],[-55.2692,48.2597,267.4016],[-55.2785,48.2686,283.7983],[-55.3009,48.267,285.9103],[-55.306,48.2636,299.3302],[-55.3142,48.2501,302.0226],[-55.33,48.2501,282.5103],[-55.3387,48.2522,286.7354],[-55.3461,48.2569,276.4028],[-55.3542,48.2648,270.8775],[-55.3692,48.2501,273.4922],[-55.3866,48.2501,253.18],[-55.3817,48.2502,255.2932],[-55.3873,48.2576,251.5584],[-55.4045,48.2502,247.1077],[-55.4348,48.2582,257.5045],[-55.4417,48.2546,258.8679],[-55.4504,48.2536,266.6814],[-55.4422,48.2824,260.8468],[-55.4589,48.2827,254.1302],[-55.4716,48.2803,275.5787],[-55.4839,48.2761,232.9388],[-55.4907,48.2708,232.3929],[-55.5171,48.27,272.0289],[-55.5381,48.2646,246.4139],[-55.5726,48.2658,255.392],[-55.625,48.2814,268.796],[-55.6253,48.2501,249.0499],[-55.7591,48.25,261.6862],[-55.7635,48.2446,260.8421],[-55.7894,48.2236,195.4147],[-55.8149,48.2237,242.9349],[-55.823,48.2342,282.9017],[-55.8454,48.2412,266.8385],[-55.8955,48.247,274.1559],[-55.9084,48.2502,260.1597],[-55.9032,48.2591,252.5972],[-55.906,48.285,238.1408],[-55.9003,48.2977,242.0879],[-55.9212,48.3186,267.5131],[-55.9231,48.3308,280.9531],[-55.9139,48.3497,279.808],[-55.9036,48.3562,257.9901],[-55.8956,48.3571,255.326],[-55.8931,48.3605,248.5586],[-55.8935,48.368899999999996,255.7623],[-55.8968,48.3809,272.1108],[-55.9078,48.3878,314.9362],[-55.9505,48.3839,296.3827],[-55.9634,48.3886,297.8919],[-55.969,48.4036,298.5677],[-55.967,48.4158,286.5327],[-55.9793,48.4175,289.4813],[-55.9733,48.4363,282.5452],[-55.9858,48.4468,289.8903],[-56.009,48.4536,311.0675],[-56.0314,48.4546,312.1474],[-56.0362,48.4604,306.1066],[-56.0305,48.4693,303.5434],[-56.0313,48.4723,294.8243],[-56.0347,48.4771,261.9887],[-56.0353,48.4809,254.0117],[-56.0414,48.4859,249.1041],[-56.047,48.4878,281.2161],[-56.0622,48.4805,274.0721],[-56.0679,48.482,290.1592],[-56.0682,48.5011,296.9572],[-56.0821,48.5194,335.1311],[-56.0866,48.5223,318.1066],[-56.0887,48.5372,322.6314],[-56.0924,48.5396,321.8143],[-56.0994,48.5372,326.3678],[-56.1051,48.5321,317.515],[-56.1065,48.5359,319.4534],[-56.1116,48.5383,318.4467],[-56.1335,48.5366,308.7465],[-56.1561,48.5273,302.0724],[-56.1624,48.5214,308.8124],[-56.1876,48.5175,298.363],[-56.2141,48.5105,301.1057],[-56.2272,48.5132,295.0897],[-56.2447,48.5243,285.4044],[-56.2509,48.524,280.8596],[-56.2679,48.4992,315.9148],[-56.2728,48.4956,323.1758],[-56.2838,48.4923,341.6703],[-56.2929,48.4932,324.9569],[-56.3032,48.4976,346.9629],[-56.3186,48.5009,335.7887],[-56.3413,48.4988,324.1463],[-56.3582,48.4998,330.1545],[-56.3735,48.5053,327.5046],[-56.3726,48.5099,346.7881],[-56.3763,48.5089,332.3419],[-56.3811,48.5109,330.8634],[-56.4014,48.5131,346.1095],[-56.4186,48.5171,334.269],[-56.4447,48.5149,361.9927],[-56.4593,48.5231,331.2824],[-56.4665,48.5241,336.0599],[-56.4836,48.524,344.5355],[-56.5067,48.5274,294.3648],[-56.5223,48.5257,323.1936],[-56.534,48.5086,357.499],[-56.5445,48.499,389.0393],[-56.5625,48.488,362.94],[-56.5903,48.4744,369.8458],[-56.5961,48.4683,375.993],[-56.6017,48.4591,374.3309],[-56.6022,48.4522,380.1284],[-56.6006,48.4454,388.4294],[-56.5931,48.4333,379.1878],[-56.5942,48.4284,373.6711],[-56.5984,48.4233,386.1866],[-56.6044,48.4296,374.607],[-56.6237,48.431,385.9646],[-56.6324,48.4217,378.5175],[-56.6643,48.4024,373.262],[-56.6711,48.3954,360.8744],[-56.6741,48.3901,347.4943],[-56.6765,48.3673,326.9058],[-56.6817,48.3676,347.1536],[-56.6991,48.3565,358.555],[-56.7125,48.3541,368.7438],[-56.7189,48.3481,387.1754],[-56.7284,48.3429,393.4364],[-56.7374,48.3432,392.3619],[-56.7519,48.3491,384.2584],[-56.7533,48.3649,405.8724],[-56.7557,48.3685,407.2932],[-56.7608,48.3687,413.939],[-56.7721,48.3616,419.3565],[-56.7787,48.3432,405.6487],[-56.7911,48.3342,415.2153],[-56.8017,48.3316,402.0771],[-56.8079,48.3279,377.3093],[-56.8124,48.324,377.1419],[-56.8153,48.3159,383.1405],[-56.8211,48.3138,381.9546],[-56.8296,48.3154,388.3186],[-56.8479,48.3086,422.5828],[-56.8698,48.3069,448.9683],[-56.8834,48.3122,402.3979],[-56.8996,48.3239,420.3796],[-56.9057,48.3267,415.2478],[-56.9149,48.3284,409.3891],[-56.9264,48.3272,435.7096],[-56.9447,48.3104,461.0626],[-56.9575,48.3036,492.1953],[-56.9713,48.2985,443.6744],[-56.9885,48.2949,407.3217],[-57.0083,48.2991,411.7365],[-57.0246,48.3077,423.0756],[-57.0276,48.3112,429.2778],[-57.0269,48.3147,430.1275],[-57.0151,48.3259,449.1772],[-57.0145,48.3351,464.643],[-57.0187,48.345,470.4726],[-57.0211,48.358,463.5504],[-57.0125,48.3685,477.5011],[-57.0164,48.3709,456.8101],[-57.0254,48.3725,436.8167],[-57.0333,48.3697,473.3419],[-57.1239,48.3644,370.5431],[-57.1537,48.3586,370.0853],[-57.1771,48.3579,405.399],[-57.2004,48.3778,359.6439],[-57.2067,48.3851,337.2598],[-57.2065,48.3908,324.0],[-57.1948,48.4013,324.0],[-57.179,48.4092,324.0],[-57.1753,48.4149,336.5054],[-57.1804,48.4179,324.2255],[-57.1913,48.4185,334.4013],[-57.2053,48.4142,361.7592],[-57.2242,48.4036,347.4173],[-57.2575,48.3813,363.1263],[-57.2776,48.3717,356.4833],[-57.2898,48.3724,341.9731],[-57.297,48.3748,358.9934],[-57.2984,48.3835,349.5164],[-57.2725,48.4136,330.5824],[-57.2597,48.4237,375.0579],[-57.2446,48.4309,369.0569],[-57.2183,48.451,414.8787],[-57.2205,48.4599,419.8786],[-57.2271,48.4665,378.7292],[-57.2466,48.4744,440.4698],[-57.261,48.4688,482.99],[-57.2678,48.4623,469.4719],[-57.2815,48.4553,447.2798],[-57.3256,48.4482,250.3877],[-57.3395,48.44,302.8549],[-57.3433,48.4311,369.324],[-57.3318,48.4193,370.1141],[-57.34,48.4102,362.3794],[-57.375,48.3914,354.9841],[-57.4001,48.3814,342.6115],[-57.4168,48.3796,341.6931],[-57.4233,48.3771,341.2733],[-57.4425,48.3584,348.8066],[-57.4638,48.3431,361.6062],[-57.4731,48.339,380.4394],[-57.4829,48.3395,399.6809],[-57.4869,48.3411,373.0311],[-57.5129,48.3582,487.6811],[-57.5348,48.3661,528.7506],[-57.5447,48.367,348.6985],[-57.561,48.359,436.1056],[-57.5648,48.3538,545.9546],[-57.5663,48.346,561.8141],[-57.5772,48.3378,568.3762],[-57.571,48.3228,592.1013],[-57.5713,48.3168,563.7629],[-57.5743,48.303,422.2669],[-57.5805,48.2971,487.0143],[-57.5985,48.2882,592.3035],[-57.6326,48.2858,675.1783],[-57.6354,48.2724,545.3888],[-57.6407,48.2681,572.3467],[-57.6532,48.2634,547.3663],[-57.6829,48.2621,517.8628],[-57.6909,48.2559,460.2799],[-57.692,48.2539,411.6861],[-57.691,48.2501,399.7188],[-57.7099,48.25,439.438],[-57.7122,48.2391,390.0594],[-57.7374,48.241,396.9379],[-57.7541,48.2371,377.5521],[-57.7867,48.2373,377.2415],[-57.8067,48.2276,370.1122],[-57.8224,48.2233,398.7837],[-57.8396,48.2236,378.7497],[-57.8588,48.2264,347.7808],[-57.9431,48.2221,366.5425],[-57.9719,48.2274,367.8829],[-57.9878,48.2197,379.4899],[-57.9678,48.2069,441.5611],[-57.9929,48.1716,379.9611],[-58.0027,48.1756,480.7887],[-58.0188,48.1764,388.2287],[-58.0383,48.183,429.949],[-58.0646,48.1841,419.3414],[-58.0715,48.1822,408.3416],[-58.0747,48.1793,399.5659],[-58.0692,48.1682,419.5594],[-58.0779,48.1638,416.7113],[-58.0811,48.1577,441.9966],[-58.0897,48.1564,434.8005],[-58.1202,48.1588,454.6478],[-58.1277,48.1576,476.2592],[-58.1276,48.1545,464.7421],[-58.1154,48.1469,492.7839],[-58.1163,48.1414,481.8777],[-58.1194,48.1395,490.9681],[-58.157,48.147,488.3201],[-58.1583,48.1446,494.0151],[-58.1569,48.1391,504.4514],[-58.1469,48.1318,495.3594],[-58.1605,48.1201,481.2148],[-58.1624,48.1165,478.5949],[-58.1589,48.097,488.5171],[-58.1628,48.095,488.7549],[-58.1806,48.0986,474.4741],[-58.1896,48.0986,476.9776],[-58.2281,48.0875,468.0685],[-58.2516,48.0907,496.413],[-58.2678,48.0954,509.851],[-58.2785,48.1019,518.2974],[-58.2879,48.1146,563.5503],[-58.2921,48.1159,559.0902],[-58.3128,48.1117,538.4142],[-58.3151,48.1106,534.335],[-58.3163,48.0998,549.409],[-58.3328,48.0946,593.856],[-58.344,48.0883,500.6567],[-58.3582,48.0851,552.6448],[-58.3681,48.08,542.5867],[-58.3762,48.0781,513.6483],[-58.3812,48.0754,549.3973],[-58.3832,48.0719,599.7714],[-58.3802,48.0649,558.5991],[-58.3707,48.0596,498.0627],[-58.3491,48.0565,495.7422],[-58.3469,48.0518,489.6696],[-58.3546,48.042,463.9988],[-58.3554,48.039,462.1235],[-58.3501,48.0281,492.7112],[-58.3516,48.023,481.3261],[-58.3592,48.0163,477.8178],[-58.3583,48.0001,489.0168],[-58.3262,48.0001,495.2228],[-58.3253,47.996,492.9943],[-58.3304,47.9919,549.6539],[-58.3788,47.9836,550.2791],[-58.3963,47.9781,531.3673],[-58.4123,47.9612,537.2467],[-58.4198,47.9571,522.1312],[-58.4596,47.9434,477.7565],[-58.4687,47.9481,483.7189],[-58.4756,47.9567,518.0812],[-58.4825,47.9625,523.6086],[-58.509,47.9697,506.3423],[-58.5126,47.9672,495.9479],[-58.5147,47.9606,481.1251],[-58.5011,47.9498,537.0759],[-58.4979,47.9431,513.8414],[-58.5079,47.9263,548.2344],[-58.5163,47.9193,499.373],[-58.6338,47.8983,472.0961],[-58.6559,47.8681,528.4119],[-58.6714,47.868,539.5063],[-58.6933,47.8778,438.3895],[-58.6995,47.8943,410.22],[-58.7368,47.8955,438.4663],[-58.7403,47.8888,457.2785],[-58.7482,47.8817,454.5321],[-58.7716,47.8773,440.2448],[-58.7814,47.8737,441.0541],[-58.8027,47.8601,496.7726],[-58.802,47.8543,498.4604],[-58.7933,47.8382,478.6671],[-58.793,47.8334,469.4546],[-58.8007,47.8294,473.6473],[-58.8544,47.8355,424.1453],[-58.8724,47.839,372.9174],[-58.8977,47.8392,434.3082],[-58.8989,47.8468,446.5467],[-58.9238,47.8443,423.836],[-58.9284,47.8362,433.1851],[-58.932,47.8349,440.8963],[-58.9913,47.8275,369.5818],[-59.0,47.825,209.6098],[-59.0024,47.8233,232.8343],[-59.0016,47.8216,294.9971],[-58.993,47.8196,449.5787],[-58.9894,47.8148,450.0409],[-59.0049,47.8011,475.0919],[-59.0041,47.7984,461.1495],[-58.9985,47.7966,456.1812],[-58.9956,47.7933,461.4971],[-58.9962,47.7883,457.363],[-59.0001,47.7856,462.7897],[-59.0179,47.7811,465.8493],[-59.0268,47.7748,407.4362],[-59.0356,47.7658,353.3292],[-59.042,47.7555,446.8268],[-59.0774,47.7529,424.2713],[-59.0809,47.7546,441.6178],[-59.0805,47.7593,459.6263],[-59.0851,47.7612,465.7438],[-59.0908,47.7601,455.0023],[-59.1003,47.7646,498.2763],[-59.1055,47.7637,497.4532],[-59.1105,47.7603,510.415],[-59.1169,47.7605,551.793],[-59.1306,47.766,593.7841],[-59.1424,47.7639,600.9856],[-59.1516,47.7581,582.9905],[-59.1562,47.7573,572.9895],[-59.1581,47.7547,592.7805],[-59.1754,47.754,608.3446],[-59.1792,47.7502,591.1982],[-59.1782,47.7316,500.303],[-59.1867,47.7263,502.6416],[-59.2026,47.7228,506.8954],[-59.2132,47.7143,551.066],[-59.2195,47.7133,549.4479],[-59.2347,47.7045,539.5209],[-59.2435,47.6975,514.6196],[-59.249,47.696,505.0854],[-59.2717,47.7014,174.3475],[-59.2807,47.7004,18.0878],[-59.2863,47.6945,9.588],[-59.2966,47.6948,69.4816],[-59.3008,47.6791,76.0812],[-59.3126,47.6664,0.8581],[-59.3091,47.6621,7.4392],[-59.3113,47.6589,3.3355],[-59.3097,47.6506,0.4819],[-59.3058,47.6453,1.7494],[-59.3077,47.6426,0.0],[-59.306399999999996,47.6353,1.3849],[-59.3119,47.6325,0.0],[-59.3108,47.6286,5.5516],[-59.3122,47.6247,0.0],[-59.3099,47.6221,5.8246],[-59.3028,47.6184,0.326],[-59.2979,47.6209,3.9002],[-59.2928,47.6203,0.0],[-59.2887,47.6248,1.9422],[-59.2828,47.6278,4.8107],[-59.2827,47.6339,0.3707],[-59.2725,47.6283,0.8687],[-59.2739,47.6256,3.4793],[-59.2719,47.6247,1.2276],[-59.2661,47.6283,7.2256],[-59.2631,47.6283,0.1966],[-59.2583,47.6311,7.696],[-59.2569,47.6303,6.5824],[-59.27,47.62,0.1828],[-59.2619,47.6217,0.4464],[-59.2569,47.6192,3.5125],[-59.2569,47.6169,0.6625],[-59.2531,47.6169,0.0],[-59.2456,47.6203,0.7261],[-59.2497,47.6175,3.537],[-59.2476,47.6146,0.2965],[-59.243899999999996,47.6158,1.0646],[-59.2394,47.6206,6.0404],[-59.2367,47.6208,3.8689],[-59.2344,47.6167,0.0],[-59.2308,47.6158,12.2056],[-59.2331,47.6136,0.0],[-59.23,47.6133,1.9338],[-59.23,47.6114,1.8449],[-59.2267,47.6103,2.3197],[-59.2289,47.6086,1.3504],[-59.2278,47.607,0.0],[-59.2219,47.6072,0.8796],[-59.2192,47.6089,6.9098],[-59.2194,47.6061,2.6811],[-59.2275,47.6042,0.0413],[-59.2383,47.6109,0.6308],[-59.2356,47.6122,2.9559],[-59.235,47.6147,1.132],[-59.2442,47.6138,0.0],[-59.2403,47.6101,1.1819],[-59.2342,47.5997,0.0],[-59.2333,47.5964,0.0],[-59.2352,47.5944,0.6041],[-59.2318,47.593,0.0],[-59.2289,47.5892,3.1376],[-59.2325,47.5853,0.0324],[-59.232,47.5831,0.0],[-59.2289,47.5822,0.2344],[-59.2247,47.5842,2.3424],[-59.2225,47.5828,2.108],[-59.2219,47.5814,2.9766],[-59.2252,47.5794,0.3112],[-59.2242,47.5772,0.6126],[-59.22,47.5778,0.0],[-59.2133,47.5822,-0.011],[-59.2156,47.5839,0.5674],[-59.2214,47.5844,1.5242],[-59.2211,47.5867,3.6891],[-59.2133,47.5847,0.4409],[-59.2092,47.5897,2.0874],[-59.2064,47.5906,0.9196],[-59.1953,47.5878,2.858],[-59.1917,47.5831,1.6019],[-59.1924,47.5801,0.0],[-59.1894,47.5772,1.9933],[-59.186,47.5772,7.1772],[-59.1842,47.5795,1.1261],[-59.1861,47.5812,1.013],[-59.1808,47.5838,3.8081],[-59.1791,47.5865,0.0],[-59.1833,47.5869,0.5768],[-59.1847,47.5856,-4.0],[-59.1827,47.5845,-4.0],[-59.1861,47.5849,-0.8025],[-59.1867,47.5865,1.6077],[-59.1821,47.5881,7.8805],[-59.1833,47.5922,0.5853],[-59.19,47.5895,4.4497],[-59.1953,47.5933,1.0606],[-59.1956,47.5956,0.7336],[-59.1853,47.5953,0.3296],[-59.1724,47.599,4.1429],[-59.1675,47.5972,10.8823],[-59.1646,47.594,4.8985],[-59.16,47.5958,1.2693],[-59.1583,47.5978,0.0],[-59.1592,47.6,3.1566],[-59.1561,47.6022,8.9444],[-59.1553,47.5958,0.0],[-59.1531,47.5942,0.0],[-59.1528,47.5903,5.2064],[-59.1489,47.5878,0.0],[-59.1494,47.5867,9.9414],[-59.1642,47.5911,1.0698],[-59.1708,47.5886,16.8666],[-59.1771,47.5834,2.084],[-59.1758,47.5808,0.6165],[-59.1736,47.5808,2.3144],[-59.1778,47.575,0.0],[-59.1769,47.5733,0.0],[-59.1747,47.5739,1.5103],[-59.1697,47.5819,2.5028],[-59.1706,47.5756,10.5733],[-59.1692,47.5736,11.8833],[-59.1719,47.5706,0.0],[-59.1703,47.569,1.4859],[-59.1706,47.5664,6.7896],[-59.1672,47.5653,0.6734],[-59.1581,47.5672,1.026],[-59.1589,47.57,1.2249],[-59.1578,47.5703,1.2249],[-59.1528,47.5681,0.5319],[-59.1491,47.5699,3.0647],[-59.1462,47.5742,4.9709],[-59.1383,47.5719,1.1135],[-59.1425,47.5692,3.2324],[-59.1389,47.5683,0.0],[-59.14,47.5653,1.2862],[-59.1372,47.5644,2.1044],[-59.1333,47.5669,0.6614],[-59.1319,47.5656,3.2941],[-59.1266,47.5663,0.0],[-59.1313,47.5638,0.4182],[-59.1311,47.5625,0.8849],[-59.1236,47.5647,0.0],[-59.1219,47.5672,0.0],[-59.1242,47.5667,5.3417],[-59.1311,47.5728,3.6387],[-59.1356,47.5731,4.3738],[-59.1364,47.5748,2.9832],[-59.1411,47.5761,7.1354],[-59.141,47.5789,3.1339],[-59.1347,47.583,0.9068],[-59.1336,47.5864,0.0],[-59.1314,47.5869,0.0],[-59.13,47.5853,0.0],[-59.1263,47.5878,20.7991],[-59.1269,47.5842,0.0],[-59.1244,47.5844,2.061],[-59.1233,47.5824,1.2827],[-59.1291,47.5817,1.1881],[-59.1331,47.5783,0.2601],[-59.1269,47.5806,1.923],[-59.1183,47.5744,0.0],[-59.1033,47.5767,0.0],[-59.1006,47.5775,1.0466],[-59.0972,47.5831,0.0],[-59.0942,47.5836,0.0],[-59.0908,47.587,2.0125],[-59.0897,47.5858,2.0125],[-59.0919,47.5839,0.5363],[-59.0906,47.5811,1.8542],[-59.0814,47.5836,7.8335],[-59.0919,47.5771,0.0],[-59.0875,47.5789,4.1449],[-59.084,47.5779,0.5845],[-59.0817,47.5789,2.3105],[-59.0822,47.5764,2.713],[-59.0767,47.5775,4.54],[-59.0778,47.5758,0.0971],[-59.0761,47.5742,0.7175],[-59.0618,47.5795,2.7439],[-59.061,47.5778,-0.0242],[-59.0664,47.5758,0.5326],[-59.0672,47.5712,0.0],[-59.0657,47.5713,1.213],[-59.0643,47.5743,2.6505],[-59.0567,47.5725,0.843],[-59.0575,47.5711,0.0],[-59.0461,47.5728,3.959],[-59.0464,47.57,0.1331],[-59.0422,47.5722,6.6676],[-59.0436,47.5683,0.0],[-59.0422,47.5675,0.0],[-59.0314,47.5706,4.9822],[-59.0286,47.5722,0.0],[-59.0287,47.574,5.5586],[-59.0255,47.5734,0.0],[-59.0271,47.5754,1.5209],[-59.0203,47.5747,0.0],[-59.0103,47.5792,0.0],[-59.0044,47.5839,2.2235],[-59.0052,47.589,16.8125],[-59.0017,47.5886,0.9633],[-59.0,47.5858,4.2435],[-58.9972,47.5878,3.2902],[-58.9942,47.5844,10.4846],[-58.9906,47.5844,2.7331],[-58.9843,47.5877,5.3028],[-58.9826,47.5907,0.3952],[-58.9781,47.5894,1.5525],[-58.98,47.5886,0.0],[-58.9803,47.5858,0.0],[-58.9789,47.5847,0.8247],[-58.9806,47.5819,0.0],[-58.9747,47.5833,0.0],[-58.9767,47.5806,0.8018],[-58.9758,47.5786,0.0],[-58.9725,47.5808,3.8254],[-58.9708,47.5797,0.0],[-58.9706,47.5817,2.8151],[-58.9675,47.5825,2.887],[-58.9714,47.5764,0.0],[-58.97,47.5756,0.0],[-58.9681,47.5769,0.0],[-58.9667,47.5815,0.0],[-58.9612,47.5832,0.1242],[-58.9542,47.5911,10.5623],[-58.9421,47.5962,1.5806],[-58.9368,47.5993,0.0],[-58.9343,47.6031,0.467],[-58.931,47.6051,0.0],[-58.9292,47.6044,0.0],[-58.9286,47.6069,0.0],[-58.9189,47.6111,7.0292],[-58.9161,47.6092,20.3751],[-58.9269,47.6064,0.0],[-58.9284,47.6025,1.8243],[-58.9378,47.5933,5.1094],[-58.9422,47.5917,3.05],[-58.9453,47.5883,0.0],[-58.9439,47.5875,1.815],[-58.9398,47.5893,1.1176],[-58.9392,47.5869,0.0],[-58.9357,47.5871,3.4495],[-58.9108,47.5975,8.0201],[-58.9133,47.5947,5.4213],[-58.9325,47.5861,0.8097],[-58.9322,47.5842,0.6018],[-58.9283,47.5842,1.1409],[-58.9211,47.5892,2.311],[-58.9223,47.5863,0.0],[-58.9191,47.5876,0.0],[-58.8924,47.6028,3.71],[-58.8836,47.6044,15.9411],[-58.8828,47.6056,3.3906],[-58.8843,47.608,1.8162],[-58.875,47.6103,0.0],[-58.8733,47.6092,0.0],[-58.8932,47.5918,0.0],[-58.8928,47.5906,0.0],[-58.8881,47.5908,0.0],[-58.8844,47.5956,9.2438],[-58.8833,47.5931,0.0],[-58.8789,47.5956,12.577],[-58.8772,47.5942,0.0],[-58.8767,47.5958,2.9993],[-58.8666,47.6011,5.1244],[-58.8617,47.6003,1.9379],[-58.8608,47.604,1.5441],[-58.8575,47.6033,0.0],[-58.8542,47.6061,4.2582],[-58.8533,47.605,4.4724],[-58.8553,47.6033,0.0],[-58.8517,47.6025,0.3323],[-58.8453,47.6072,0.0],[-58.8457,47.61,0.0],[-58.8428,47.6092,2.9518],[-58.8369,47.6111,1.7967],[-58.8317,47.6083,4.2536],[-58.8331,47.6056,0.7792],[-58.8297,47.6036,3.3841],[-58.8325,47.6022,1.6711],[-58.8408,47.6053,0.0],[-58.8408,47.6028,1.0617],[-58.8441,47.5992,1.6884],[-58.8428,47.5981,0.3171],[-58.8442,47.5961,1.9328],[-58.843,47.5944,0.0],[-58.8382,47.5958,6.0423],[-58.8334,47.6,0.0],[-58.8297,47.6007,3.5937],[-58.8277,47.5982,1.8921],[-58.8311,47.5978,0.0],[-58.8317,47.5961,0.0],[-58.8292,47.5953,0.0],[-58.8153,47.6003,0.0],[-58.8146,47.5962,0.5485],[-58.8116,47.5953,0.0],[-58.8129,47.5939,0.0],[-58.8117,47.5932,0.0],[-58.8074,47.5949,0.0],[-58.8089,47.5989,3.1689],[-58.8072,47.5995,0.0],[-58.7983,47.5946,0.0],[-58.7936,47.5961,0.418],[-58.7917,47.595,0.0],[-58.7853,47.5992,0.0],[-58.7758,47.6014,0.0],[-58.7703,47.5994,0.0],[-58.7676,47.6014,0.0],[-58.7602,47.6021,6.733],[-58.7567,47.6061,2.3001],[-58.7529,47.6047,0.7356],[-58.7533,47.6028,0.6724],[-58.7454,47.604,6.3253],[-58.7358,47.6086,0.0],[-58.7361,47.6067,6.2727],[-58.7409,47.6042,0.0],[-58.7351,47.6013,0.0],[-58.7284,47.6048,0.0],[-58.7208,47.6047,0.8898],[-58.7157,47.609,18.8713],[-58.7051,47.6106,0.0],[-58.7042,47.6133,0.0],[-58.7008,47.615,2.6406],[-58.6986,47.6144,0.0],[-58.7006,47.6125,0.0],[-58.7001,47.6109,10.639099999999999],[-58.6969,47.6097,0.0],[-58.6992,47.6064,0.0],[-58.6919,47.6092,1.3222],[-58.6897,47.6119,2.5161],[-58.6881,47.6111,2.5161],[-58.6931,47.6047,9.3016],[-58.6969,47.6058,0.0],[-58.7028,47.6028,0.0],[-58.7,47.5997,0.0],[-58.6967,47.6019,0.6249],[-58.6933,47.5989,0.0],[-58.6869,47.6064,0.0],[-58.6806,47.6096,1.8077],[-58.6764,47.6164,0.0],[-58.6778,47.6222,0.0],[-58.681399999999996,47.6247,0.0],[-58.6836,47.6231,23.5241],[-58.6856,47.6253,0.0],[-58.6803,47.63,32.1305],[-58.6797,47.6325,46.7809],[-58.6828,47.6353,26.0191],[-58.6822,47.6364,1.0327],[-58.6744,47.6364,0.0],[-58.6722,47.6344,0.0],[-58.6796,47.6289,15.0178],[-58.6797,47.6268,0.0],[-58.6758,47.625,0.0],[-58.6706,47.625,0.0],[-58.6664,47.6275,16.3906],[-58.6644,47.6258,3.9347],[-58.6667,47.6228,1.8307],[-58.66,47.6203,0.0],[-58.653,47.6223,38.3392],[-58.6485,47.626,0.0],[-58.6467,47.63,0.0],[-58.6489,47.6314,0.0],[-58.6522,47.6286,21.5422],[-58.6536,47.6294,20.6489],[-58.65,47.6336,0.0],[-58.6497,47.6361,7.7938],[-58.6432,47.6404,0.0],[-58.6335,47.6439,11.2476],[-58.627,47.6486,5.1732],[-58.6239,47.6543,0.0],[-58.6178,47.6586,0.0],[-58.6156,47.6653,0.0],[-58.6019,47.6761,9.0133],[-58.5989,47.675,12.6358],[-58.6,47.6714,25.3699],[-58.6119,47.6614,0.0],[-58.6217,47.646,9.6574],[-58.6319,47.6369,34.7922],[-58.635,47.6308,10.0415],[-58.6464,47.6194,0.0],[-58.6461,47.6181,0.0],[-58.6421,47.619,17.1653],[-58.64,47.6164,0.9142],[-58.6356,47.6158,4.3854],[-58.6464,47.6156,0.0],[-58.6492,47.6131,0.0],[-58.6481,47.6103,0.0],[-58.6436,47.6108,0.0],[-58.6436,47.6147,0.0],[-58.629,47.6126,1.0857],[-58.6275,47.6147,0.0],[-58.6289,47.618899999999996,4.4355],[-58.6231,47.6222,9.1772],[-58.621,47.6198,0.0],[-58.6178,47.6197,0.0],[-58.6083,47.6253,0.0],[-58.605,47.6306,10.4408],[-58.6023,47.63,0.0],[-58.6,47.6272,0.7509],[-58.6,47.6244,1.6715],[-58.5981,47.6233,0.0],[-58.5953,47.6253,2.2664],[-58.5972,47.6269,4.8279],[-58.5967,47.6283,0.0],[-58.587,47.6306,9.2701],[-58.5839,47.6342,28.9061],[-58.5803,47.635,0.0],[-58.5794,47.6369,0.0454],[-58.5808,47.6392,0.0],[-58.5786,47.6414,0.0],[-58.5864,47.6469,16.7313],[-58.5847,47.6494,0.0],[-58.5864,47.6508,0.0],[-58.5891,47.6602,3.7534],[-58.5844,47.6587,0.0],[-58.5834,47.6523,0.0],[-58.5795,47.6505,9.0044],[-58.5763,47.6512,2.4865],[-58.5666,47.6396,0.0],[-58.5596,47.6405,12.5009],[-58.5542,47.6394,0.0],[-58.5531,47.6406,0.0],[-58.5549,47.6446,0.0],[-58.5506,47.6456,16.0021],[-58.5483,47.6442,0.0],[-58.5503,47.6419,0.0],[-58.5492,47.6398,0.0],[-58.5419,47.6406,2.9987],[-58.5406,47.6428,0.1275],[-58.5417,47.6466,0.0],[-58.5389,47.65,0.0],[-58.5411,47.6497,4.3608],[-58.5419,47.6511,9.301],[-58.5392,47.6528,0.0],[-58.5441,47.66,9.0483],[-58.543,47.6626,1.4165],[-58.5488,47.6696,15.9296],[-58.5586,47.6759,11.3737],[-58.5591,47.6801,4.4989],[-58.564,47.6877,0.0],[-58.5619,47.6902,0.0],[-58.5624,47.6929,11.98],[-58.5644,47.6969,31.2626],[-58.5692,47.6983,11.1613],[-58.5664,47.7003,0.0],[-58.5642,47.6997,0.0],[-58.5661,47.7042,8.7425],[-58.5585,47.7121,42.2948],[-58.5483,47.7194,15.3876],[-58.535,47.725,0.0339],[-58.5328,47.7236,20.7428],[-58.5456,47.7147,10.921],[-58.5558,47.7036,38.5488],[-58.5611,47.695,0.0],[-58.56,47.6919,0.0],[-58.5576,47.6943,4.7842],[-58.5561,47.6926,10.8606],[-58.5569,47.6874,0.0],[-58.551,47.6792,6.6009],[-58.545,47.6757,19.3151],[-58.5339,47.6731,0.7785],[-58.5358,47.6678,0.0],[-58.5301,47.6657,1.6666],[-58.53,47.6633,0.0],[-58.525,47.6594,1.7268],[-58.528,47.6556,0.2647],[-58.5267,47.6531,0.6415],[-58.5175,47.6497,0.0],[-58.5144,47.6558,3.4892],[-58.5078,47.6569,0.0],[-58.5094,47.6594,4.0163],[-58.5049,47.6631,5.2922],[-58.5021,47.6622,4.3727],[-58.501,47.6577,1.0717],[-58.4953,47.6532,0.0],[-58.4914,47.6536,0.0],[-58.4886,47.6514,0.0],[-58.4872,47.6556,3.958],[-58.4841,47.6548,0.0],[-58.4808,47.6567,0.0],[-58.4801,47.6532,0.0],[-58.4741,47.6545,0.0],[-58.4655,47.6507,3.0471],[-58.4603,47.6531,2.6412],[-58.4581,47.6578,0.2271],[-58.4594,47.6594,0.0],[-58.4581,47.66,0.0],[-58.4564,47.6575,1.6317],[-58.4592,47.6539,1.6445],[-58.4569,47.6536,0.9044],[-58.4547,47.6508,0.3648],[-58.4567,47.6486,0.4674],[-58.4558,47.6478,0.4674],[-58.4517,47.6494,0.782],[-58.4469,47.6475,2.8892],[-58.4378,47.6522,16.0853],[-58.4381,47.6503,20.998],[-58.4439,47.6481,3.4736],[-58.4467,47.6453,0.0],[-58.4436,47.6458,6.0788],[-58.4425,47.6436,0.0],[-58.44,47.6433,0.0],[-58.4447,47.6372,0.2052],[-58.4439,47.6358,0.0],[-58.4392,47.64,0.3296],[-58.4375,47.6403,1.0446],[-58.4356,47.6381,0.0],[-58.4303,47.6394,0.0],[-58.4286,47.6428,9.1592],[-58.4233,47.6394,0.0],[-58.4224,47.6416,0.0],[-58.4181,47.6428,0.0],[-58.4211,47.645,2.8815],[-58.4081,47.6489,2.8168],[-58.405,47.655,0.0],[-58.4007,47.6568,0.0],[-58.3992,47.6617,0.0],[-58.3944,47.6656,0.0],[-58.3986,47.6678,0.0],[-58.413,47.667,13.942],[-58.4177,47.6662,1.9216],[-58.4179,47.6642,5.1151],[-58.4233,47.6619,27.6138],[-58.4182,47.6683,0.0],[-58.4114,47.6706,27.8411],[-58.4092,47.6694,0.0],[-58.397,47.6715,0.0],[-58.3864,47.6775,0.0],[-58.3869,47.6808,0.0],[-58.3897,47.6822,0.0],[-58.4031,47.6825,7.4413],[-58.4072,47.6844,2.5068],[-58.395,47.6836,0.0],[-58.3833,47.6864,1.1813],[-58.3786,47.6847,0.0],[-58.3719,47.6908,0.0],[-58.3717,47.6947,0.0],[-58.3746,47.6997,7.3076],[-58.3739,47.7017,14.2952],[-58.3776,47.7048,7.5272],[-58.3708,47.7083,0.0],[-58.3733,47.7103,0.3701],[-58.3792,47.7072,0.0],[-58.3833,47.7078,0.0],[-58.3825,47.7094,6.502],[-58.3794,47.7089,12.5408],[-58.3744,47.7117,0.9658],[-58.3724,47.7154,0.0],[-58.3754,47.726,17.6841],[-58.3714,47.7269,0.0],[-58.3614,47.7247,3.0725],[-58.3511,47.7306,28.6415],[-58.3439,47.7447,0.0],[-58.3442,47.7483,0.0],[-58.3425,47.7511,0.0],[-58.3439,47.7533,0.0],[-58.3386,47.7606,57.8094],[-58.3356,47.7725,0.0],[-58.3258,47.7833,10.9268],[-58.3247,47.7958,0.0],[-58.3156,47.7992,0.0],[-58.3128,47.7933,5.6245],[-58.3172,47.7869,7.4996],[-58.3164,47.7847,6.7553],[-58.3283,47.77,0.0],[-58.3329,47.7589,0.0],[-58.3378,47.7517,34.8461],[-58.3372,47.7489,6.7354],[-58.3317,47.7525,7.1888],[-58.3228,47.7554,0.0],[-58.3184,47.762,0.0],[-58.3142,47.761,0.0],[-58.3114,47.7536,0.0],[-58.3084,47.7513,9.341],[-58.292,47.7583,0.0],[-58.287,47.7576,13.981],[-58.2744,47.764,13.9257],[-58.254,47.7676,8.4125],[-58.2519,47.7658,0.0],[-58.265,47.7617,2.6066],[-58.2722,47.7547,9.5736],[-58.2919,47.7497,7.291],[-58.2922,47.7475,29.0808],[-58.2992,47.7444,0.0],[-58.3194,47.7274,28.195],[-58.3228,47.7181,0.0],[-58.3217,47.7139,0.0],[-58.3264,47.7097,2.2532],[-58.3261,47.7057,0.0],[-58.3394,47.6922,0.0],[-58.3347,47.6881,0.0],[-58.3406,47.6894,0.0],[-58.3428,47.6878,0.8494],[-58.3453,47.6839,3.0167],[-58.3411,47.68,5.7407],[-58.3478,47.6748,0.0],[-58.3487,47.6725,0.0],[-58.3467,47.6708,0.0],[-58.351,47.6693,0.0],[-58.3537,47.6643,0.0],[-58.3596,47.6626,0.0],[-58.3652,47.6563,0.0],[-58.3661,47.6542,0.0],[-58.3629,47.6532,0.0],[-58.3621,47.6512,4.917],[-58.3471,47.6516,2.0191],[-58.3394,47.6603,0.0],[-58.3408,47.6628,2.4988],[-58.3329,47.6631,0.0],[-58.3313,47.6662,2.1478],[-58.3268,47.6693,2.6726],[-58.3119,47.6731,2.3829],[-58.3108,47.6744,0.0],[-58.3119,47.6757,16.568],[-58.3078,47.6783,1.1718],[-58.3032,47.679,6.9255],[-58.2965,47.6765,0.0],[-58.2919,47.6783,0.0],[-58.2908,47.6806,26.9713],[-58.2869,47.68,0.0],[-58.2767,47.6844,11.0351],[-58.2767,47.6828,2.8379],[-58.2819,47.6811,2.6066],[-58.2922,47.6731,0.0],[-58.2897,47.6719,0.0],[-58.2792,47.6733,0.0],[-58.2771,47.6763,1.8009],[-58.2722,47.6783,1.4956],[-58.2678,47.6767,0.0],[-58.2636,47.6772,13.3118],[-58.2647,47.6756,0.0],[-58.2622,47.6742,2.2663],[-58.255,47.6767,0.0],[-58.2517,47.6761,1.6468],[-58.2508,47.6747,0.7216],[-58.2539,47.6719,0.0],[-58.2533,47.6694,3.7025],[-58.2469,47.6717,0.0],[-58.2414,47.6714,0.0],[-58.2433,47.665,0.0],[-58.2398,47.6623,3.0357],[-58.2347,47.6617,0.0],[-58.2322,47.6631,0.0],[-58.2325,47.6658,1.1268],[-58.2286,47.6653,0.0],[-58.2264,47.6667,0.0],[-58.2267,47.6708,1.4007],[-58.2237,47.6686,0.0],[-58.2178,47.6703,0.0],[-58.2178,47.6719,0.6018],[-58.2225,47.6719,3.4731],[-58.2169,47.6742,11.2022],[-58.2137,47.6774,2.8933],[-58.1986,47.6812,4.6221],[-58.1964,47.6811,5.4868],[-58.1953,47.6783,0.0],[-58.1874,47.6841,5.9013],[-58.1807,47.6827,0.6114],[-58.174,47.6854,0.0],[-58.1708,47.6831,0.0],[-58.1675,47.6844,2.2356],[-58.1597,47.6819,0.0],[-58.1514,47.6822,13.7505],[-58.1517,47.6803,0.0],[-58.1486,47.6796,0.0],[-58.1425,47.6827,0.0],[-58.1331,47.6936,0.0],[-58.1336,47.6958,0.0],[-58.1444,47.6975,0.0],[-58.1347,47.7015,26.7632],[-58.1319,47.6994,4.5215],[-58.1344,47.6967,0.0],[-58.1181,47.6992,11.8327],[-58.118,47.6974,0.0],[-58.1267,47.6944,0.0],[-58.1269,47.6928,0.0],[-58.1247,47.6919,0.0],[-58.1211,47.6944,4.2113],[-58.1139,47.6956,11.0791],[-58.1142,47.6989,23.1825],[-58.1064,47.6982,0.0],[-58.1019,47.6946,0.0],[-58.0973,47.6971,10.93],[-58.0956,47.6959,1.1193],[-58.0912,47.6971,19.449],[-58.0919,47.6997,7.4456],[-58.0972,47.6989,1.5911],[-58.0975,47.7006,37.5112],[-58.0895,47.7012,3.6058],[-58.0866,47.7031,0.717],[-58.0842,47.7008,2.3626],[-58.0814,47.7014,1.2751],[-58.0806,47.6997,0.0],[-58.0747,47.7033,13.453],[-58.0816,47.694,0.0],[-58.0874,47.6931,0.8019],[-58.0953,47.6861,0.0],[-58.0915,47.6829,0.0],[-58.0867,47.6856,11.3429],[-58.0872,47.6824,0.0],[-58.0839,47.6819,1.4471],[-58.0919,47.6744,0.0],[-58.0864,47.6722,1.728],[-58.0839,47.6744,3.4405],[-58.0786,47.6733,0.0],[-58.0744,47.6772,1.6043],[-58.0685,47.6793,11.3097],[-58.0636,47.6879,0.0],[-58.06,47.6898,0.0],[-58.0584,47.6926,13.5541],[-58.0533,47.6917,0.0],[-58.0481,47.697,4.0153],[-58.0463,47.7004,0.0],[-58.0477,47.7056,0.0],[-58.0528,47.7111,1.254],[-58.0501,47.7115,0.0],[-58.0484,47.7146,5.02],[-58.0427,47.7141,1.5351],[-58.0397,47.7194,14.6258],[-58.0344,47.7236,0.0],[-58.0331,47.7303,0.0],[-58.0294,47.7344,1.5412],[-58.0275,47.7319,1.3791],[-58.0303,47.7253,11.0494],[-58.0353,47.7194,1.3425],[-58.04,47.7169,0.0],[-58.0412,47.7127,0.0],[-58.0367,47.71,0.0],[-58.0325,47.7117,2.3278],[-58.0356,47.6986,0.0],[-58.0344,47.6947,0.0],[-58.0385,47.6907,0.861],[-58.0311,47.6875,4.8679],[-58.0208,47.6861,0.6032],[-58.0189,47.6872,4.8079],[-58.0161,47.6847,0.0],[-58.0022,47.6894,8.2443],[-58.0019,47.6881,7.8514],[-58.0065,47.6858,0.8889],[-58.0092,47.6824,0.0],[-58.0078,47.6789,1.2351],[-58.0111,47.6794,0.0],[-58.0131,47.6778,0.0],[-58.0033,47.6731,0.0],[-58.0036,47.6697,1.5585],[-58.0083,47.6664,0.0],[-58.0031,47.6661,0.53],[-58.0011,47.6686,0.6732],[-58.0,47.6656,2.3342],[-57.9942,47.6634,0.0],[-57.9908,47.6644,0.3861],[-57.9894,47.6694,0.0],[-57.993899999999996,47.6742,0.0],[-57.9967,47.6822,6.0088],[-57.9942,47.6822,3.3976],[-57.9901,47.6791,2.7136],[-57.9845,47.6787,0.0],[-57.9728,47.681399999999996,2.9848],[-57.9731,47.68,5.8501],[-57.9775,47.6775,3.7037],[-57.9769,47.6749,0.3835],[-57.9796,47.6723,0.0],[-57.9706,47.6707,1.5458],[-57.9686,47.6661,2.7482],[-57.97,47.663,0.0],[-57.9683,47.6606,2.0426],[-57.9565,47.6608,0.0],[-57.9494,47.6685,0.0],[-57.9375,47.6706,2.6273],[-57.9341,47.6734,0.0],[-57.9336,47.6828,0.0],[-57.9287,47.6914,6.7782],[-57.9297,47.6958,0.0],[-57.9319,47.6964,4.3823],[-57.9348,47.6943,2.6917],[-57.9375,47.6964,2.0247],[-57.9363,47.6982,0.0],[-57.9314,47.6978,0.0],[-57.9217,47.7117,0.0],[-57.9128,47.7117,0.0],[-57.9208,47.7136,3.7915],[-57.9137,47.7162,0.0],[-57.9114,47.7192,0.0],[-57.9125,47.7225,4.3787],[-57.9119,47.7373,0.0],[-57.9092,47.7422,1.3809],[-57.9107,47.7469,8.623],[-57.9094,47.7497,0.8597],[-57.9067,47.7458,6.0816],[-57.9061,47.7406,0.0],[-57.9076,47.7341,7.8386],[-57.9053,47.729,4.1765],[-57.9121,47.7101,0.0],[-57.9121,47.7004,0.0],[-57.9092,47.6956,2.0979],[-57.9065,47.6955,8.0867],[-57.8955,47.7013,0.0],[-57.8896,47.6994,1.1321],[-57.8821,47.7014,3.5091],[-57.8777,47.7045,1.5977],[-57.8675,47.7222,5.9998],[-57.8656,47.7188,0.0],[-57.8677,47.7115,0.0],[-57.8667,47.7086,2.7776],[-57.8704,47.7063,2.49],[-57.8734,47.7013,0.0],[-57.8796,47.6966,4.008],[-57.891,47.6919,2.6093],[-57.9002,47.681399999999996,0.0],[-57.9039,47.6729,0.0],[-57.9017,47.6639,1.0262],[-57.9081,47.6644,0.0],[-57.9089,47.6601,0.0],[-57.9069,47.6575,3.3941],[-57.9132,47.6551,2.3402],[-57.914,47.6525,3.5624],[-57.9128,47.6511,0.0],[-57.9043,47.652,0.0],[-57.8989,47.6558,1.0626],[-57.887,47.6559,3.0438],[-57.8787,47.6589,5.7112],[-57.8768,47.6572,1.7275],[-57.8719,47.6585,0.6201],[-57.8684,47.6538,2.5776],[-57.8604,47.6566,0.0],[-57.8558,47.6557,0.2865],[-57.8518,47.6575,0.0],[-57.8498,47.6613,0.2707],[-57.8468,47.6555,0.0],[-57.85,47.6536,0.0],[-57.8471,47.6514,0.0],[-57.8464,47.6475,0.0],[-57.8448,47.6482,0.0],[-57.84,47.646,0.7442],[-57.8353,47.6482,0.0],[-57.8279,47.6487,0.0],[-57.8283,47.6464,0.0],[-57.8355,47.64,0.8331],[-57.8258,47.6345,0.0],[-57.8203,47.634,1.3805],[-57.8056,47.6411,0.7172],[-57.8067,47.6348,0.0],[-57.7984,47.6296,0.0],[-57.7942,47.6328,3.1418],[-57.79,47.6325,0.521],[-57.7852,47.6387,0.0],[-57.778,47.6354,0.0],[-57.7765,47.6366,2.2111],[-57.7763,47.6341,0.0],[-57.7786,47.6344,0.0],[-57.78,47.6322,0.0],[-57.779,47.63,0.0],[-57.7817,47.6275,0.0],[-57.7817,47.6256,0.4515],[-57.7869,47.6217,0.0],[-57.7844,47.6194,0.0],[-57.7802,47.6206,0.0],[-57.7786,47.6256,1.4491],[-57.7767,47.6236,0.0],[-57.7728,47.6231,0.0],[-57.7697,47.6278,0.6518],[-57.7606,47.6323,0.5918],[-57.7583,47.6375,1.9703],[-57.7671,47.6416,1.1322],[-57.7679,47.6445,0.0],[-57.7616,47.6474,0.0],[-57.7625,47.6512,3.3548],[-57.7598,47.6539,0.355],[-57.7598,47.6562,0.5904],[-57.7525,47.6618,0.0],[-57.7379,47.6634,0.0],[-57.7352,47.6618,0.0],[-57.729,47.6624,9.0321],[-57.7225,47.6583,0.0],[-57.7197,47.6589,4.5247],[-57.72,47.6575,0.9097],[-57.7239,47.6564,0.0],[-57.7133,47.6503,0.0],[-57.7125,47.6492,0.0],[-57.7141,47.6473,12.8754],[-57.7117,47.6449,1.6669],[-57.708,47.6451,2.5721],[-57.7073,47.6411,0.5009],[-57.71,47.6403,0.4252],[-57.7233,47.6433,0.9327],[-57.7358,47.6433,0.3267],[-57.7472,47.6406,0.0],[-57.7494,47.6417,0.274],[-57.755,47.6361,0.0],[-57.7531,47.6353,0.7498],[-57.7528,47.6331,0.0],[-57.7489,47.6351,0.0],[-57.7508,47.6369,1.9369],[-57.7492,47.64,0.0],[-57.7431,47.6413,0.0],[-57.7397,47.6414,0.0],[-57.7378,47.6386,0.0],[-57.7347,47.6417,0.0],[-57.7278,47.6422,1.0358],[-57.7119,47.6398,0.897],[-57.7089,47.6378,0.0],[-57.7017,47.6375,0.7281],[-57.6969,47.6378,0.0],[-57.6933,47.6414,0.0],[-57.6939,47.6436,3.4035],[-57.6855,47.639,12.8327],[-57.6741,47.6395,8.496],[-57.6727,47.6412,2.7606],[-57.6729,47.6493,7.4817],[-57.6783,47.6547,32.4001],[-57.6775,47.6578,0.0],[-57.6821,47.6653,9.5555],[-57.6786,47.6717,0.0],[-57.6831,47.6758,0.0],[-57.6816,47.6778,0.0],[-57.675,47.6736,0.0],[-57.6775,47.6639,18.0543],[-57.6743,47.6561,0.0],[-57.6697,47.6515,2.0478],[-57.6717,47.6471,2.4867],[-57.6694,47.64,0.0],[-57.6732,47.6365,26.8333],[-57.6817,47.6369,14.0276],[-57.6857,47.6334,1.5954],[-57.6739,47.6269,0.0],[-57.6558,47.6269,11.6045],[-57.6586,47.6253,16.7422],[-57.6706,47.6239,0.0],[-57.6703,47.6222,2.4387],[-57.665,47.6219,6.7184],[-57.67,47.6203,2.3446],[-57.6747,47.615,0.5092],[-57.668,47.6156,3.4878],[-57.6665,47.613,0.0],[-57.6608,47.6149,2.8097],[-57.6554,47.6103,0.0],[-57.655,47.6067,2.1779],[-57.6591,47.6055,0.0],[-57.6567,47.6027,1.4432],[-57.6603,47.5986,4.3553],[-57.6636,47.5975,0.0],[-57.6608,47.5958,0.0],[-57.6569,47.5992,1.1451],[-57.6492,47.6008,4.0415],[-57.6434,47.6057,7.2333],[-57.6361,47.6047,0.0],[-57.6328,47.6069,0.0],[-57.6303,47.6067,0.0],[-57.6361,47.6122,0.0],[-57.6394,47.6122,1.9081],[-57.6356,47.6164,1.1774],[-57.6408,47.6197,3.6074],[-57.64,47.6214,2.6704],[-57.6361,47.6208,0.5039],[-57.6369,47.6192,0.0],[-57.6328,47.6136,4.5779],[-57.6342,47.6122,4.5779],[-57.6256,47.6061,2.3463],[-57.6236,47.6075,0.4921],[-57.6269,47.6094,6.3031],[-57.6242,47.6103,0.0],[-57.6106,47.6097,1.3699],[-57.6089,47.6083,0.0],[-57.6075,47.6136,2.7672],[-57.6089,47.6161,0.0],[-57.6131,47.6169,4.0862],[-57.6208,47.6153,11.5779],[-57.62,47.6178,1.516],[-57.625,47.6167,8.7459],[-57.6263,47.6177,10.4374],[-57.6118,47.618899999999996,4.5564],[-57.6128,47.6214,4.8333],[-57.6222,47.6219,8.5723],[-57.61,47.6242,17.5614],[-57.6089,47.6228,8.7482],[-57.6115,47.6213,0.0],[-57.6113,47.6192,1.208],[-57.6093,47.6184,0.0],[-57.6049,47.6187,0.0],[-57.6034,47.6216,1.2999],[-57.6003,47.62,0.374],[-57.5947,47.6217,0.0],[-57.5931,47.6203,0.0],[-57.5833,47.6208,5.1636],[-57.5783,47.6239,0.0],[-57.5968,47.6254,8.2084],[-57.5953,47.6269,2.5418],[-57.597,47.6274,0.0],[-57.6048,47.6266,1.8727],[-57.6061,47.6294,14.0452],[-57.5867,47.6278,0.0],[-57.5875,47.6297,7.8546],[-57.5822,47.6331,0.0],[-57.5858,47.64,12.7349],[-57.5817,47.6367,0.0],[-57.5778,47.6369,0.0],[-57.5777,47.6391,15.8015],[-57.5742,47.6388,0.0],[-57.5711,47.6411,6.6865],[-57.5728,47.6436,14.0169],[-57.5706,47.6453,3.0534],[-57.5631,47.6469,0.0],[-57.5622,47.6461,3.9307],[-57.5683,47.6389,7.8718],[-57.5568,47.6409,72.1793],[-57.5534,47.6429,0.0],[-57.5534,47.6468,0.0],[-57.549,47.6517,12.4813],[-57.5376,47.6529,3.671],[-57.5314,47.6592,5.9172],[-57.5244,47.6614,8.0051],[-57.5206,47.66,16.5935],[-57.5317,47.6542,0.0],[-57.5434,47.645,50.7924],[-57.546,47.6401,0.0],[-57.5444,47.6389,8.0203],[-57.5511,47.6311,2.9758],[-57.5481,47.6306,17.5468],[-57.5465,47.6338,18.4156],[-57.5382,47.6336,0.1688],[-57.5384,47.632,0.0],[-57.5222,47.6311,12.7965],[-57.5188,47.6274,11.5797],[-57.5158,47.6265,0.0],[-57.5136,47.6311,2.7891],[-57.5102,47.6318,0.0],[-57.5147,47.6356,20.2836],[-57.5131,47.6364,20.2836],[-57.5142,47.6403,4.7926],[-57.5047,47.6381,1.5356],[-57.5011,47.6411,5.798],[-57.4984,47.6388,10.4934],[-57.4966,47.6392,10.4934],[-57.4939,47.6422,48.2791],[-57.4875,47.6381,0.0],[-57.4892,47.6325,0.0],[-57.4881,47.6289,0.0],[-57.4817,47.6314,12.2402],[-57.4767,47.6286,0.0],[-57.4689,47.6286,0.0],[-57.4596,47.636,34.2423],[-57.4483,47.6378,4.4184],[-57.4453,47.6375,9.0496],[-57.4472,47.6361,0.0],[-57.4444,47.6344,5.4173],[-57.4442,47.6319,0.0],[-57.4381,47.6331,15.687],[-57.4331,47.6318,0.0],[-57.4306,47.634,10.4888],[-57.4297,47.6375,15.2304],[-57.4154,47.6384,0.0],[-57.4084,47.6368,0.0],[-57.4053,47.6342,44.359],[-57.4078,47.6311,38.4917],[-57.4081,47.6278,0.0],[-57.4046,47.628,0.0],[-57.3975,47.6243,2.0893],[-57.3881,47.6269,0.0],[-57.3831,47.635,0.0],[-57.3754,47.6408,64.3114],[-57.366,47.6399,0.0],[-57.352,47.645,0.0],[-57.3468,47.6438,33.7883],[-57.3454,47.6468,0.0],[-57.3403,47.6492,67.7331],[-57.3381,47.6531,67.4054],[-57.3387,47.6572,29.6696],[-57.3336,47.6583,0.0],[-57.33,47.6617,43.4815],[-57.3272,47.6681,0.0],[-57.3253,47.6692,0.0],[-57.3223,47.6791,33.3559],[-57.3179,47.6829,6.6942],[-57.3186,47.6878,0.0],[-57.3164,47.6914,0.0],[-57.3236,47.7011,42.3464],[-57.3244,47.709,131.8782],[-57.3181,47.7128,0.0],[-57.3181,47.7148,46.2898],[-57.3134,47.7188,139.2864],[-57.3079,47.7203,0.0],[-57.305,47.7229,0.0],[-57.3069,47.7296,0.0],[-57.3119,47.7344,25.4091],[-57.3153,47.7426,0.0],[-57.3142,47.75,38.2412],[-57.3119,47.7547,29.883],[-57.3085,47.7571,1.4842],[-57.3061,47.7656,2.2169],[-57.3005,47.7638,3.704],[-57.2974,47.7665,1.6554],[-57.2853,47.7683,0.0],[-57.282,47.7704,0.0],[-57.2769,47.7697,4.8993],[-57.275,47.7708,3.4464],[-57.2739,47.7753,0.0],[-57.2703,47.7769,0.0],[-57.2746,47.7685,1.9727],[-57.281,47.7657,1.3565],[-57.2902,47.7644,9.2429],[-57.305,47.7533,3.2022],[-57.3003,47.7472,15.74],[-57.3011,47.7447,0.0],[-57.2989,47.7406,0.0],[-57.2909,47.7346,0.0],[-57.2897,47.7272,0.0],[-57.2858,47.7253,0.0],[-57.2919,47.7183,0.0],[-57.3039,47.7099,0.0],[-57.3036,47.7081,0.0],[-57.299,47.706,0.0],[-57.3015,47.6982,0.0],[-57.3001,47.6933,8.6592],[-57.3076,47.6863,0.0],[-57.3079,47.6799,77.3169],[-57.3139,47.6753,0.0],[-57.3106,47.67,4.3091],[-57.3114,47.6658,0.0],[-57.3175,47.6603,0.0],[-57.3187,47.6553,57.132],[-57.3231,47.6533,0.0],[-57.3212,47.651,0.0],[-57.3246,47.6497,6.6779],[-57.3264,47.6457,0.0],[-57.3264,47.6436,0.0],[-57.3236,47.6406,0.0],[-57.33,47.6383,0.0],[-57.3293,47.637,38.0544],[-57.3336,47.6353,38.1505],[-57.3344,47.6317,21.6641],[-57.3414,47.6229,7.7468],[-57.3444,47.6123,0.0],[-57.3469,47.6094,0.0],[-57.3472,47.6061,0.0],[-57.3447,47.6031,12.5367],[-57.3456,47.6019,1.6897],[-57.3406,47.5991,4.3963],[-57.3357,47.5997,5.3486],[-57.334,47.5984,0.0],[-57.3345,47.5966,0.0],[-57.3294,47.5978,61.7199],[-57.3272,47.5964,22.2184],[-57.3439,47.5931,6.561],[-57.3426,47.5889,0.0],[-57.337,47.5898,2.8209],[-57.3285,47.585,0.0],[-57.3222,47.5876,28.7257],[-57.32,47.5854,0.0],[-57.3128,47.5872,10.7998],[-57.3075,47.5864,0.0],[-57.304,47.5901,4.7071],[-57.2989,47.59,3.0076],[-57.3036,47.5919,26.5927],[-57.3036,47.5942,13.127],[-57.2919,47.5925,2.8017],[-57.2908,47.5931,2.8017],[-57.2917,47.595,2.4065],[-57.29,47.5956,67.0971],[-57.2793,47.5942,32.1068],[-57.2718,47.5965,0.0],[-57.2699,47.5987,0.0],[-57.2703,47.601,8.3541],[-57.2761,47.6022,0.0],[-57.2758,47.6061,3.9319],[-57.2742,47.6067,3.9319],[-57.2681,47.605,0.0],[-57.266,47.6068,0.0],[-57.2644,47.605,0.0],[-57.2536,47.6027,5.5004],[-57.2546,47.5998,0.0],[-57.2511,47.5994,9.9575],[-57.2497,47.5978,0.0],[-57.24,47.5985,0.2145],[-57.2411,47.6008,5.6248],[-57.2511,47.6042,2.2733],[-57.2553,47.6083,0.0],[-57.2366,47.6056,24.8016],[-57.235,47.6036,12.033],[-57.2383,47.6028,0.0],[-57.2394,47.6006,5.6248],[-57.2303,47.5956,7.394],[-57.2194,47.5978,13.6153],[-57.2103,47.5967,0.0],[-57.2056,47.5981,0.0],[-57.2092,47.6006,15.6116],[-57.2058,47.6019,0.0],[-57.2047,47.6042,37.5338],[-57.2008,47.6039,17.7232],[-57.1919,47.6083,1.6523],[-57.1905,47.6117,73.4437],[-57.1872,47.6106,0.841],[-57.1858,47.6128,11.5834],[-57.1799,47.6142,8.7441],[-57.1753,47.62,2.5897],[-57.173,47.6206,0.0],[-57.1781,47.6298,3.0054],[-57.1776,47.6338,8.1137],[-57.1792,47.6378,0.0],[-57.1836,47.6431,3.9675],[-57.1799,47.6506,60.3231],[-57.1841,47.6572,9.323],[-57.1883,47.6736,60.8506],[-57.1881,47.6836,98.7994],[-57.1906,47.6903,21.0021],[-57.1881,47.6933,36.633],[-57.1883,47.6958,64.5568],[-57.1845,47.6986,0.0],[-57.1801,47.6961,0.0],[-57.1819,47.6906,0.0],[-57.1808,47.6875,0.0],[-57.1825,47.6856,0.0],[-57.1786,47.6806,75.4287],[-57.1816,47.6719,0.0],[-57.1801,47.6704,0.0],[-57.1741,47.6702,0.0],[-57.1717,47.6672,0.0],[-57.1742,47.6592,0.0],[-57.1741,47.6519,0.0],[-57.1726,47.6508,14.7055],[-57.1719,47.6461,0.0],[-57.1733,47.6447,5.0223],[-57.1668,47.6452,17.3054],[-57.1658,47.6351,0.0],[-57.1617,47.6367,0.0],[-57.1594,47.6463,6.0329],[-57.1583,47.6468,0.0],[-57.1564,47.6431,2.8962],[-57.1596,47.6346,0.0],[-57.1594,47.631,0.0],[-57.157,47.6286,0.0],[-57.159,47.6263,0.0],[-57.1578,47.6229,14.1064],[-57.1602,47.6169,1.7574],[-57.1551,47.6153,0.0],[-57.1494,47.6106,4.0482],[-57.1417,47.6111,0.0],[-57.1503,47.6075,5.2981],[-57.1525,47.6036,55.1821],[-57.1763,47.5997,5.3056],[-57.18,47.5974,0.0],[-57.1514,47.585,0.0],[-57.1392,47.5753,0.0],[-57.1176,47.5717,0.0],[-57.1137,47.5723,4.6471],[-57.112,47.5729,4.6245],[-57.1132,47.578,0.0],[-57.1035,47.5877,28.5161],[-57.0942,47.5895,16.0822],[-57.0817,47.5994,3.6012],[-57.0778,47.6056,0.0],[-57.0806,47.6072,11.6488],[-57.0792,47.6108,0.0],[-57.0803,47.6125,2.6819],[-57.0756,47.6117,0.0],[-57.0633,47.6181,0.0],[-57.0711,47.6225,6.0819],[-57.0783,47.6297,4.9176],[-57.0767,47.6323,80.7383],[-57.0669,47.6381,51.2436],[-57.0678,47.6436,9.011],[-57.0747,47.6503,72.5276],[-57.0728,47.6533,4.9772],[-57.0731,47.6583,0.6396],[-57.0703,47.6589,2.0517],[-57.0707,47.6497,0.0],[-57.0656,47.6431,0.0],[-57.0622,47.6458,41.6632],[-57.0597,47.645,0.0],[-57.0527,47.647,0.0],[-57.0479,47.6555,65.0492],[-57.0417,47.6603,4.7224],[-57.0358,47.6619,0.0],[-57.0317,47.6675,51.3949],[-57.0253,47.6711,7.9578],[-57.0198,47.6781,0.0],[-57.0119,47.6828,0.0],[-57.0108,47.6819,12.7199],[-57.0211,47.6742,0.0],[-57.025,47.6681,25.263],[-57.0465,47.6463,13.0661],[-57.0589,47.6367,1.5323],[-57.0614,47.6333,10.7281],[-57.0622,47.6261,35.5713],[-57.055,47.6203,4.4857],[-57.0517,47.6158,25.0085],[-57.0514,47.6125,5.4542],[-57.0484,47.6109,7.9726],[-57.0408,47.6116,0.0],[-57.034,47.6079,3.8536],[-57.0244,47.6094,12.4729],[-57.0206,47.6082,0.5],[-57.0146,47.6097,5.0564],[-57.0065,47.6099,0.5],[-57.0026,47.6083,0.5],[-56.9961,47.6092,68.0818],[-56.9881,47.6078,6.8633],[-56.9833,47.6044,10.8888],[-56.9801,47.6044,16.9884],[-56.9772,47.6067,1.3669],[-56.975,47.6033,19.8522],[-56.9959,47.6045,6.6546],[-57.0131,47.6023,8.3663],[-57.0194,47.6033,29.1352],[-57.0225,47.6056,0.5],[-57.0378,47.6068,21.5175],[-57.0561,47.6077,0.0],[-57.0706,47.6064,10.4277],[-57.0765,47.6042,0.0],[-57.0806,47.5972,5.1771],[-57.0924,47.5902,27.4652],[-57.0975,47.585,6.8357],[-57.1075,47.5825,2.686],[-57.112,47.5753,4.3368],[-57.0967,47.5728,7.3866],[-57.0797,47.5747,0.0],[-57.0788,47.5766,50.5614],[-57.0696,47.5797,24.6334],[-57.0519,47.5819,0.0],[-57.0402,47.5885,31.505],[-57.0201,47.5936,0.0],[-57.0139,47.5936,0.0],[-57.015,47.5978,64.3021],[-57.0129,47.5982,12.8662],[-57.0092,47.5942,0.0],[-57.0097,47.5922,0.0],[-57.0075,47.591,0.0],[-56.9919,47.5878,12.2822],[-56.9797,47.5828,1.1474],[-56.972,47.5823,17.9656],[-56.9651,47.5787,0.0],[-56.9539,47.5772,26.0727],[-56.9472,47.5739,6.5283],[-56.948,47.5724,0.0],[-56.9466,47.5702,0.0],[-56.9344,47.565,0.0],[-56.9289,47.5642,11.7638],[-56.9258,47.5653,0.5607],[-56.9122,47.5608,1.6258],[-56.9094,47.5619,1.7988],[-56.9072,47.5586,0.0],[-56.8958,47.556399999999996,10.121],[-56.8944,47.5547,0.0],[-56.8856,47.5533,0.0],[-56.8761,47.5558,10.5018],[-56.8772,47.5531,9.0433],[-56.8839,47.5506,0.0],[-56.8845,47.5468,21.8945],[-56.8894,47.5438,0.0],[-56.8869,47.5408,7.7104],[-56.8808,47.5414,22.001],[-56.8827,47.5386,0.0],[-56.8819,47.5375,0.0],[-56.8783,47.5392,14.2737],[-56.8746,47.5365,0.0],[-56.8688,47.5356,0.0],[-56.8691,47.5388,5.6582],[-56.8753,47.5428,31.0095],[-56.8728,47.55,0.0],[-56.8736,47.5533,30.3684],[-56.8717,47.555,0.0],[-56.8736,47.5581,56.2216],[-56.8664,47.5603,0.0],[-56.8644,47.5661,0.0],[-56.8678,47.5725,34.6749],[-56.8672,47.5758,12.2147],[-56.8705,47.5836,0.0],[-56.8742,47.5886,90.4911],[-56.8756,47.6056,17.7091],[-56.8739,47.6156,8.6443],[-56.8758,47.6197,21.0162],[-56.8733,47.6292,126.7002],[-56.8704,47.6347,1.3648],[-56.8681,47.6361,7.9646],[-56.8672,47.6344,0.0],[-56.8711,47.6264,0.0],[-56.8711,47.6233,1.8444],[-56.8683,47.6213,0.0],[-56.8608,47.6225,26.4966],[-56.8588,47.6194,0.0],[-56.8647,47.6114,39.6019],[-56.8644,47.6014,13.9115],[-56.8661,47.5975,0.0],[-56.8622,47.5911,61.3862],[-56.8603,47.5675,0.0],[-56.8586,47.5644,0.0],[-56.8481,47.5589,6.8361],[-56.8561,47.5572,0.0],[-56.8561,47.5539,0.0],[-56.8592,47.5486,17.096],[-56.8611,47.5481,0.0],[-56.8569,47.5453,0.0],[-56.858,47.5426,3.1192],[-56.8531,47.536,36.5406],[-56.8627,47.5317,12.3427],[-56.864,47.5289,18.9404],[-56.8557,47.5276,9.5412],[-56.8527,47.529,4.1882],[-56.8542,47.5307,0.0],[-56.8532,47.5329,13.1821],[-56.8487,47.5324,18.2563],[-56.8468,47.5298,0.0],[-56.8451,47.5298,0.0],[-56.8512,47.5362,3.9027],[-56.8497,47.5392,12.726],[-56.8422,47.5367,0.0],[-56.8378,47.5389,0.0],[-56.8426,47.5453,65.1401],[-56.8391,47.5458,11.1327],[-56.8409,47.5496,19.5146],[-56.8394,47.5492,6.6469],[-56.8356,47.5428,10.6595],[-56.8306,47.5429,12.9538],[-56.8307,47.5452,80.3159],[-56.8284,47.5448,0.0],[-56.8252,47.5471,0.0],[-56.8274,47.5528,0.0],[-56.8264,47.5584,0.0],[-56.8183,47.5592,9.0481],[-56.8151,47.5637,0.0],[-56.8089,47.5649,0.0],[-56.8079,47.5703,0.0],[-56.811,47.5828,0.0],[-56.8169,47.5894,0.0],[-56.8147,47.5947,2.9618],[-56.8131,47.5881,1.4556],[-56.8053,47.5881,2.8293],[-56.8039,47.5828,0.0],[-56.8,47.5772,65.2731],[-56.8003,47.5644,11.4031],[-56.819,47.5486,32.9894],[-56.8186,47.5459,4.4871],[-56.8122,47.5446,1.4339],[-56.8089,47.5381,4.9279],[-56.8067,47.5375,38.916],[-56.8112,47.5343,0.0],[-56.8074,47.5322,8.3445],[-56.8051,47.5322,16.9798],[-56.8028,47.5356,73.1133],[-56.7989,47.5336,0.0],[-56.7989,47.5358,37.4998],[-56.7958,47.5358,6.4383],[-56.7957,47.5385,66.1576],[-56.7858,47.5386,0.0],[-56.7868,47.5401,78.3374],[-56.7828,47.5422,20.0334],[-56.7846,47.5448,66.2605],[-56.78,47.5467,0.0],[-56.7808,47.5494,66.6368],[-56.7769,47.5519,19.642],[-56.7736,47.5611,22.5989],[-56.7711,47.5603,0.0],[-56.771,47.5481,0.0],[-56.7678,47.5468,0.0],[-56.7631,47.5517,7.0195],[-56.7553,47.5514,17.3116],[-56.7525,47.5492,2.3922],[-56.7503,47.5514,24.3449],[-56.7519,47.5547,57.7373],[-56.7508,47.5575,56.9052],[-56.7397,47.5569,0.0],[-56.7339,47.5589,36.2558],[-56.7325,47.5606,0.0],[-56.7336,47.5619,52.6439],[-56.7441,47.5683,39.1041],[-56.7424,47.5754,5.9869],[-56.7457,47.5785,40.4955],[-56.7442,47.5809,9.5984],[-56.7411,47.5807,86.1161],[-56.7392,47.5786,0.0],[-56.7375,47.5678,0.0],[-56.7331,47.5657,0.0],[-56.7288,47.5655,7.6649],[-56.7233,47.5692,23.1598],[-56.7186,47.5692,40.4833],[-56.7147,47.5672,11.5649],[-56.7103,47.5706,0.0],[-56.7123,47.5729,0.0],[-56.7177,47.5745,64.0234],[-56.716,47.579,69.5846],[-56.7141,47.58,0.0],[-56.7275,47.5819,74.7885],[-56.7531,47.5986,20.9004],[-56.7591,47.6079,0.0],[-56.7544,47.6136,0.0],[-56.7508,47.6147,0.0],[-56.7501,47.6182,48.8363],[-56.7556,47.6211,0.0],[-56.7655,47.6221,0.0],[-56.7704,47.625,45.2215],[-56.7767,47.6381,53.749],[-56.7747,47.6456,0.0],[-56.7756,47.6506,2.1498],[-56.7722,47.6477,0.0],[-56.7659,47.6299,0.0],[-56.7631,47.6281,0.0],[-56.7486,47.6272,45.9962],[-56.7364,47.6181,2.8051],[-56.7431,47.6089,0.0],[-56.7403,47.6036,28.855],[-56.7419,47.6022,0.0],[-56.7414,47.6008,0.0],[-56.735,47.6003,0.0],[-56.7279,47.5947,34.4174],[-56.7297,47.5931,0.0],[-56.7286,47.5912,6.6776],[-56.7225,47.5917,7.2643],[-56.7142,47.5856,29.7604],[-56.7071,47.5884,27.8005],[-56.7048,47.5865,0.0],[-56.7003,47.5866,0.0],[-56.6989,47.5823,0.0],[-56.6875,47.5814,36.9715],[-56.6833,47.5786,0.0],[-56.6797,47.58,30.1963],[-56.6847,47.5819,52.6741],[-56.6839,47.5836,43.6272],[-56.6862,47.5857,31.4304],[-56.6839,47.5869,2.7234],[-56.6791,47.5845,3.8745],[-56.6764,47.5864,27.6199],[-56.6681,47.5861,34.8177],[-56.6689,47.5842,3.6605],[-56.6636,47.5778,0.0],[-56.6589,47.58,0.0],[-56.6611,47.5825,41.6816],[-56.6558,47.5825,14.8001],[-56.6539,47.5861,39.1627],[-56.65,47.5839,6.2786],[-56.6464,47.5869,0.0],[-56.6497,47.5897,14.2759],[-56.6489,47.5928,14.1314],[-56.6544,47.5936,71.7152],[-56.6603,47.5981,2.821],[-56.6564,47.5986,0.0],[-56.6514,47.5964,1.8506],[-56.6481,47.5994,0.0],[-56.6531,47.6001,20.1411],[-56.655,47.6067,46.859],[-56.6583,47.6073,10.685],[-56.6603,47.61,0.0],[-56.6683,47.6107,2.0954],[-56.6731,47.6139,0.0],[-56.6795,47.6144,0.0],[-56.6803,47.6164,13.1506],[-56.6857,47.6165,0.0],[-56.6857,47.6142,0.0],[-56.6883,47.6134,41.0156],[-56.7044,47.6132,3.1414],[-56.7083,47.6151,0.5291],[-56.7083,47.6199,0.0],[-56.7062,47.6222,0.0],[-56.7083,47.6239,9.411],[-56.7049,47.6297,0.0],[-56.7143,47.6422,0.0],[-56.7108,47.6478,4.6479],[-56.7134,47.6528,2.5695],[-56.7092,47.6536,0.0],[-56.7069,47.6589,63.0345],[-56.7075,47.6506,0.0],[-56.7047,47.6433,0.0],[-56.7003,47.6394,0.0],[-56.6983,47.6311,0.0],[-56.6997,47.6253,0.0],[-56.6979,47.624,21.1138],[-56.6908,47.6233,0.0],[-56.6861,47.6275,58.9055],[-56.6825,47.6275,12.8582],[-56.6747,47.6197,0.0],[-56.6679,47.6197,2.1786],[-56.6663,47.6235,0.0],[-56.6714,47.6328,78.1555],[-56.665,47.6403,1.2796],[-56.6628,47.6386,61.37],[-56.6614,47.6184,0.0],[-56.6579,47.618899999999996,36.9362],[-56.656,47.6163,0.0],[-56.6449,47.6136,0.0],[-56.6361,47.6144,34.8774],[-56.6309,47.6133,0.0],[-56.6246,47.6149,0.0],[-56.6235,47.6166,0.0],[-56.6256,47.6239,3.1418],[-56.6225,47.6276,110.6911],[-56.6173,47.6292,0.0],[-56.6181,47.6378,36.5406],[-56.625,47.6486,12.7301],[-56.6333,47.6531,4.1287],[-56.6344,47.6603,29.4974],[-56.6331,47.6608,6.6606],[-56.6286,47.6542,3.3431],[-56.6167,47.6494,17.5497],[-56.6094,47.6372,125.8622],[-56.6072,47.6281,51.1483],[-56.616,47.6223,0.0],[-56.6181,47.615,0.0],[-56.6165,47.6142,9.1214],[-56.6116,47.6158,69.1062],[-56.5998,47.6146,23.8831],[-56.5928,47.6183,5.2393],[-56.5817,47.6183,0.0],[-56.5794,47.6203,99.896],[-56.5783,47.6178,5.5771],[-56.575,47.6194,159.2388],[-56.5764,47.6169,0.0],[-56.5727,47.6157,7.6661],[-56.5697,47.6172,160.9675],[-56.5648,47.6165,51.4124],[-56.5647,47.6153,0.0],[-56.5627,47.6168,42.7864],[-56.5586,47.6156,11.7487],[-56.5542,47.6164,33.8832],[-56.5506,47.6144,11.6572],[-56.5447,47.615,11.5728],[-56.5414,47.6133,0.0],[-56.5358,47.6148,6.9398],[-56.5357,47.6166,16.022],[-56.5424,47.6188,8.3611],[-56.5441,47.6217,3.3539],[-56.5267,47.6157,9.8518],[-56.5223,47.6212,38.7792],[-56.5239,47.6239,94.8473],[-56.523,47.6279,4.6128],[-56.5261,47.632,78.2408],[-56.5267,47.6356,4.0533],[-56.5245,47.6374,1.912],[-56.5223,47.645,47.2029],[-56.5222,47.6517,131.1577],[-56.5262,47.6591,96.5768],[-56.5235,47.6645,41.5713],[-56.5245,47.6712,19.1729],[-56.5177,47.6797,19.2718],[-56.5181,47.6833,8.5628],[-56.5268,47.6873,1.7445],[-56.5311,47.6925,0.0],[-56.5589,47.7033,40.2319],[-56.56,47.7046,2.845],[-56.5586,47.706,9.0032],[-56.5603,47.7081,53.3489],[-56.5678,47.7125,6.113],[-56.5687,47.7175,16.6115],[-56.5746,47.7185,30.8785],[-56.5743,47.7214,4.6748],[-56.5628,47.715,0.0],[-56.5592,47.7172,4.242],[-56.5586,47.7131,0.0],[-56.5556,47.7106,49.1879],[-56.5562,47.7075,0.0],[-56.5486,47.7081,4.2157],[-56.5394,47.7045,5.0908],[-56.5358,47.7051,0.0],[-56.5272,47.7001,0.0],[-56.5231,47.7038,10.7254],[-56.5273,47.7124,156.6963],[-56.5238,47.7166,12.7235],[-56.5242,47.7192,46.2695],[-56.5225,47.7189,12.7108],[-56.5223,47.7173,0.0],[-56.5158,47.7177,0.0],[-56.5188,47.7123,20.311],[-56.5152,47.7045,0.0],[-56.5168,47.6997,2.8566],[-56.5122,47.695,0.0],[-56.5036,47.6942,24.6462],[-56.5011,47.6911,1.3314],[-56.5031,47.6844,0.0],[-56.5078,47.681,0.0],[-56.5063,47.6792,76.0656],[-56.5085,47.6786,14.7704],[-56.5091,47.6729,20.283],[-56.5156,47.6703,0.0],[-56.5103,47.6651,142.31],[-56.515,47.6624,0.0],[-56.518,47.6563,11.4572],[-56.5179,47.6521,6.9222],[-56.5156,47.6489,10.8202],[-56.5175,47.6422,0.0],[-56.5111,47.6392,2.3623],[-56.5179,47.6377,6.3893],[-56.5189,47.6358,54.2313],[-56.5158,47.6344,21.8694],[-56.515,47.6306,2.093],[-56.5177,47.619,5.0651],[-56.5144,47.6144,0.5175],[-56.5064,47.615,43.0232],[-56.5035,47.6107,17.3373],[-56.4983,47.6131,36.5468],[-56.4941,47.6106,0.0],[-56.4908,47.6144,74.2789],[-56.4867,47.6133,0.0],[-56.4844,47.61,0.0],[-56.4772,47.6103,53.8512],[-56.4772,47.6083,0.0],[-56.4711,47.6064,0.0],[-56.4645,47.6081,17.1839],[-56.4578,47.6058,11.4304],[-56.4494,47.6072,68.779],[-56.4444,47.6058,70.0035],[-56.4377,47.6013,0.0],[-56.422,47.6036,0.0],[-56.4123,47.6027,0.0],[-56.4089,47.6047,27.5729],[-56.4092,47.6075,174.5457],[-56.4039,47.6117,28.0835],[-56.4036,47.6147,39.5791],[-56.3962,47.6161,23.2532],[-56.3947,47.6125,6.9422],[-56.4006,47.6111,0.0],[-56.4044,47.6067,0.0],[-56.3981,47.6042,5.9445],[-56.3933,47.6047,22.7355],[-56.3919,47.6034,0.0],[-56.3839,47.6028,16.6248],[-56.3744,47.6088,109.4526],[-56.3675,47.6084,0.0],[-56.3589,47.6108,13.8847],[-56.3553,47.6153,3.4596],[-56.3553,47.6183,3.6657],[-56.3531,47.6172,4.3125],[-56.355,47.6147,3.4596],[-56.3532,47.6125,6.6936],[-56.3451,47.6199,13.319],[-56.3414,47.6183,0.0],[-56.3367,47.6214,3.4263],[-56.365,47.6279,50.0516],[-56.3737,47.632,61.7782],[-56.3819,47.6331,67.9124],[-56.3848,47.6362,4.3052],[-56.3975,47.6411,2.9576],[-56.3872,47.6384,0.0],[-56.3836,47.6392,25.3958],[-56.3764,47.6361,9.4431],[-56.3648,47.634,41.8897],[-56.3596,47.6312,0.0],[-56.3548,47.6314,6.4673],[-56.3505,47.6288,7.5728],[-56.3264,47.6258,7.447],[-56.3236,47.6267,0.0],[-56.3229,47.6297,0.0],[-56.3277,47.6358,17.395],[-56.3244,47.6414,3.1944],[-56.3242,47.6461,15.6533],[-56.3301,47.6503,81.347],[-56.3264,47.6528,1.8253],[-56.3303,47.6541,24.4895],[-56.3247,47.66,0.0],[-56.3269,47.6608,4.937],[-56.322,47.6647,39.1082],[-56.3214,47.6706,0.0],[-56.3225,47.6719,45.0771],[-56.3467,47.6767,62.4906],[-56.3492,47.6783,21.2505],[-56.3283,47.6747,4.2362],[-56.325,47.6758,0.0],[-56.3261,47.6803,12.2865],[-56.3233,47.6844,0.0],[-56.3272,47.6944,0.0],[-56.3478,47.6975,4.0441],[-56.3444,47.7003,0.2003],[-56.3303,47.7039,45.699],[-56.3269,47.7089,124.9023],[-56.3236,47.7097,46.073],[-56.3258,47.7175,119.3635],[-56.3238,47.72,41.4697],[-56.3242,47.7219,38.4027],[-56.33,47.7272,38.4129],[-56.3337,47.735,7.8131],[-56.3294,47.74,0.0],[-56.3294,47.7528,0.0],[-56.3317,47.7567,6.059],[-56.3303,47.7589,35.9626],[-56.3325,47.7625,45.5652],[-56.3239,47.7692,14.5902],[-56.3244,47.7767,26.6015],[-56.3225,47.7814,37.4756],[-56.3261,47.7867,37.4837],[-56.3242,47.7875,0.6787],[-56.3258,47.7881,19.5196],[-56.3253,47.79,-0.0404],[-56.3236,47.7903,-0.0404],[-56.3189,47.7894,17.5119],[-56.3164,47.778,15.3139],[-56.3181,47.7731,1.5236],[-56.3214,47.7711,0.0],[-56.3208,47.7689,0.0],[-56.3222,47.7678,0.0],[-56.3178,47.7664,0.0],[-56.32,47.7631,0.0],[-56.3181,47.7589,25.3309],[-56.3197,47.7533,0.0],[-56.3142,47.7456,6.6128],[-56.3169,47.7392,33.2905],[-56.3158,47.7281,43.0799],[-56.3186,47.7253,15.8229],[-56.3167,47.72,3.9366],[-56.3119,47.7169,2.3056],[-56.3158,47.7111,0.0],[-56.3071,47.7042,0.5084],[-56.2986,47.7048,0.0],[-56.2867,47.7003,49.1969],[-56.3031,47.6992,0.0],[-56.3103,47.6944,1.5862],[-56.3075,47.6778,18.3645],[-56.3093,47.6772,0.0],[-56.31,47.6733,0.0],[-56.306,47.6706,0.0],[-56.31,47.6686,12.4323],[-56.31,47.6672,12.4323],[-56.3058,47.6639,4.5966],[-56.3075,47.6572,0.0],[-56.3025,47.6508,49.0552],[-56.3069,47.6478,6.9071],[-56.3061,47.6464,46.4567],[-56.3139,47.6378,0.0],[-56.3153,47.6325,0.0],[-56.3136,47.6279,0.0],[-56.2989,47.6227,1.4909],[-56.2922,47.6242,0.0],[-56.2939,47.6258,2.5321],[-56.2922,47.6269,0.0],[-56.2894,47.6259,13.4803],[-56.2895,47.6239,3.5049],[-56.2861,47.6239,24.8042],[-56.2796,47.6283,4.7398],[-56.2735,47.6277,7.0681],[-56.2694,47.6284,0.0],[-56.2679,47.6305,61.5601],[-56.26,47.6302,0.0],[-56.2494,47.6347,13.126],[-56.2483,47.6331,47.7061],[-56.2542,47.6259,0.0],[-56.2447,47.6253,0.0],[-56.2432,47.6289,29.295],[-56.24,47.63,0.0],[-56.2433,47.6344,12.9398],[-56.2483,47.6358,6.2796],[-56.2449,47.6411,6.9067],[-56.2358,47.6356,28.5271],[-56.2354,47.6333,0.0],[-56.2308,47.6303,20.7509],[-56.2308,47.6283,5.4031],[-56.2272,47.6261,0.0],[-56.2261,47.6232,0.0],[-56.2201,47.623,0.0],[-56.2194,47.6238,0.0],[-56.2224,47.6249,8.318],[-56.2225,47.6283,0.0],[-56.2272,47.6306,21.2916],[-56.2258,47.6326,28.4946],[-56.222,47.6335,0.0],[-56.223,47.6375,12.0461],[-56.2203,47.6397,0.0],[-56.2212,47.6432,9.854],[-56.2273,47.6453,20.7847],[-56.2209,47.6458,6.3803],[-56.2246,47.6494,0.0],[-56.2212,47.652,2.0031],[-56.2208,47.6555,20.7137],[-56.2269,47.6618,116.0658],[-56.2263,47.6668,0.2144],[-56.2289,47.6669,14.248],[-56.2249,47.6691,48.9566],[-56.225,47.6717,66.6208],[-56.2217,47.67,7.7041],[-56.223,47.6645,0.0],[-56.2188,47.6617,0.0],[-56.2111,47.6514,0.0],[-56.2014,47.6517,9.4532],[-56.2034,47.6495,0.0],[-56.202,47.6413,22.3765],[-56.1939,47.6358,9.5826],[-56.1947,47.6346,0.0],[-56.1862,47.6338,71.9825],[-56.1807,47.6348,0.0],[-56.1782,47.6373,22.4438],[-56.1739,47.6354,0.0],[-56.1678,47.6358,20.0764],[-56.1669,47.6394,8.4684],[-56.1609,47.6414,1.6059],[-56.1569,47.6406,1.5094],[-56.1487,47.6436,2.6452],[-56.1617,47.6443,8.0266],[-56.1709,47.6421,4.4704],[-56.1773,47.6449,5.7462],[-56.1775,47.6467,1.4827],[-56.1753,47.6481,0.0],[-56.1704,47.6478,0.0],[-56.1736,47.6508,0.0],[-56.1798,47.6515,28.9708],[-56.1833,47.6548,0.0],[-56.1826,47.6576,0.0],[-56.1843,47.6598,9.5129],[-56.1783,47.6593,3.5924],[-56.1775,47.6616,7.2303],[-56.1742,47.6621,17.3605],[-56.1686,47.6581,0.3769],[-56.1669,47.6586,0.0],[-56.1677,47.6602,3.5347],[-56.1568,47.6584,0.0],[-56.1544,47.6603,2.3568],[-56.1592,47.6658,3.3213],[-56.1623,47.6669,13.9514],[-56.1625,47.6706,0.0],[-56.1669,47.6733,8.0759],[-56.1767,47.6736,12.0977],[-56.1793,47.6719,24.8387],[-56.1898,47.6737,46.659],[-56.1871,47.6778,0.0],[-56.1877,47.6804,0.0],[-56.1801,47.6851,8.462],[-56.1805,47.6878,22.1571],[-56.1748,47.6846,5.141],[-56.1644,47.6831,3.114],[-56.1603,47.6792,5.1342],[-56.1569,47.6792,13.6106],[-56.1522,47.6822,0.0],[-56.1523,47.6866,0.0],[-56.154,47.6886,17.7676],[-56.1594,47.6897,0.1237],[-56.1553,47.6942,30.0778],[-56.1567,47.6968,16.6712],[-56.1561,47.7036,0.0],[-56.1533,47.7047,12.1281],[-56.155,47.7061,4.7674],[-56.1642,47.7069,11.2784],[-56.1653,47.7086,8.7906],[-56.1568,47.7139,0.0],[-56.1553,47.7178,7.9162],[-56.1636,47.717,13.806],[-56.1639,47.718,14.7379],[-56.1553,47.7225,2.8916],[-56.1553,47.7239,0.0],[-56.1691,47.7248,19.9644],[-56.1912,47.7225,8.286],[-56.1878,47.7252,0.0],[-56.1686,47.7312,31.8531],[-56.1631,47.7311,12.2147],[-56.1606,47.7347,0.0],[-56.1546,47.7386,0.0],[-56.1585,47.7469,14.0576],[-56.1647,47.7506,16.3387],[-56.1556,47.7475,21.5416],[-56.1499,47.7433,0.0],[-56.1447,47.7437,0.0],[-56.1429,47.7453,41.9492],[-56.137,47.745,0.0],[-56.1336,47.7498,0.0],[-56.1346,47.7558,19.3088],[-56.133,47.7584,0.0],[-56.1334,47.7611,0.0],[-56.1403,47.7667,157.0692],[-56.1406,47.7708,47.7321],[-56.1431,47.7722,50.2303],[-56.1397,47.7783,5.3652],[-56.1452,47.7882,27.4918],[-56.1455,47.7943,10.0065],[-56.1517,47.8,9.6328],[-56.151,47.8052,16.6698],[-56.1536,47.8113,29.3263],[-56.1526,47.8187,0.0],[-56.1583,47.825,34.2025],[-56.1639,47.8386,39.1051],[-56.1685,47.8435,7.0069],[-56.1674,47.8468,35.6367],[-56.1711,47.8547,0.0],[-56.1708,47.8617,0.0],[-56.1694,47.865,0.0],[-56.1667,47.8661,2.413],[-56.1662,47.8728,1.3993],[-56.1629,47.8701,70.4781],[-56.1644,47.8605,0.0],[-56.1606,47.8596,38.743899999999996],[-56.1581,47.8547,6.8709],[-56.1575,47.8478,1.8967],[-56.1553,47.8453,0.0],[-56.1564,47.8422,0.7634],[-56.1531,47.8408,0.0],[-56.1475,47.8261,0.0],[-56.1374,47.8189,3.8917],[-56.1419,47.8103,3.3667],[-56.1366,47.8044,0.0],[-56.1333,47.8066,10.1819],[-56.1292,47.8067,0.0],[-56.1356,47.7927,42.0881],[-56.1314,47.7895,93.6093],[-56.1326,47.7859,0.0],[-56.1271,47.7824,126.6647],[-56.1294,47.7747,0.0],[-56.1284,47.7721,0.0],[-56.1258,47.7719,24.7852],[-56.1272,47.7653,4.0991],[-56.1184,47.7543,0.0],[-56.1126,47.7523,25.3758],[-56.1103,47.7486,0.0],[-56.1053,47.7483,0.0],[-56.1039,47.7515,6.3036],[-56.0903,47.7572,22.6006],[-56.0859,47.7643,15.3699],[-56.0803,47.7641,10.4052],[-56.0781,47.7656,20.2005],[-56.077,47.7731,20.9555],[-56.0706,47.7759,31.4316],[-56.07,47.7783,0.0],[-56.0745,47.7839,0.0],[-56.0753,47.7925,7.7683],[-56.0692,47.7925,4.8344],[-56.0656,47.7847,0.0],[-56.0589,47.7839,28.863],[-56.0559,47.787,0.0],[-56.0439,47.79,1.7531],[-56.0375,47.7956,76.7661],[-56.0281,47.7989,11.8111],[-56.0203,47.8044,7.1143],[-56.0189,47.8031,5.3222],[-56.0123,47.8034,58.3509],[-56.0274,47.7946,7.2864],[-56.0325,47.7944,0.0],[-56.0375,47.7892,0.0],[-56.0556,47.7803,17.2506],[-56.0675,47.7661,0.0],[-56.0906,47.7469,33.7569],[-56.09,47.743899999999996,0.0],[-56.0917,47.7419,20.2452],[-56.0955,47.7431,9.551],[-56.1033,47.7408,18.5285],[-56.1097,47.7411,0.0],[-56.1202,47.7344,0.0],[-56.1241,47.7271,0.0],[-56.1219,47.7211,0.0],[-56.1175,47.7186,97.6501],[-56.1175,47.7147,0.0],[-56.1139,47.7159,11.7671],[-56.1102,47.7127,0.0],[-56.1058,47.7126,25.524],[-56.1036,47.7152,20.2007],[-56.1052,47.719,8.4483],[-56.103,47.7209,52.7779],[-56.0988,47.721,40.2671],[-56.1026,47.7166,0.0],[-56.1003,47.7125,14.1775],[-56.0936,47.7149,12.84],[-56.0896,47.7209,9.9713],[-56.0784,47.7259,62.5274],[-56.0753,47.7252,0.0],[-56.0757,47.7222,0.0],[-56.074,47.7207,29.3637],[-56.0868,47.7146,15.7599],[-56.0902,47.712,12.3037],[-56.0916,47.7086,34.9021],[-56.0948,47.7068,18.9486],[-56.1184,47.7001,0.0],[-56.1196,47.6974,6.1617],[-56.1164,47.6911,4.1601],[-56.1133,47.6906,34.0234],[-56.0944,47.6947,5.5521],[-56.0903,47.6972,121.4392],[-56.0736,47.6964,0.0],[-56.0481,47.7011,22.4643],[-56.045,47.7064,3.2653],[-56.0425,47.7075,5.354],[-56.0422,47.7094,3.8305],[-56.0453,47.7117,1.3687],[-56.0408,47.7214,13.4796],[-56.0358,47.7206,18.0904],[-56.0319,47.7253,29.3055],[-56.0186,47.7308,31.495],[-56.0106,47.7378,17.1683],[-56.0047,47.7389,54.0807],[-56.0025,47.7408,0.0],[-56.0022,47.7436,0.0],[-56.005,47.7478,43.8585],[-56.0153,47.7519,8.8593],[-56.0114,47.7522,8.6017],[-56.0031,47.7583,8.0422],[-55.9811,47.759,69.2854],[-55.9733,47.764,21.7388],[-55.9637,47.7637,0.0],[-55.9531,47.775,2.8638],[-55.9508,47.7722,14.1571],[-55.9542,47.7692,0.0],[-55.9559,47.764,0.0],[-55.9543,47.7627,5.371],[-55.9364,47.7642,0.0],[-55.9328,47.7625,9.3473],[-55.9225,47.7628,0.0],[-55.865,47.7839,58.4924],[-55.8636,47.7875,0.0],[-55.8647,47.7886,26.6295],[-55.8729,47.792,14.257],[-55.8806,47.7926,0.0],[-55.8802,47.795,0.0],[-55.8823,47.7942,1.7665],[-55.8846,47.7967,4.9171],[-55.8877,47.7964,3.1766],[-55.8925,47.8007,9.8353],[-55.8924,47.8052,4.801],[-55.8967,47.805,3.778],[-55.9023,47.8004,6.2687],[-55.9017,47.8047,10.461],[-55.8983,47.8088,4.8957],[-55.8879,47.808,2.5215],[-55.8845,47.803,0.0],[-55.877,47.8035,0.0],[-55.8711,47.798,0.8643],[-55.8573,47.7934,0.0],[-55.86,47.7865,2.074],[-55.8503,47.7866,2.9186],[-55.8417,47.79,0.0],[-55.8419,47.7914,1.1301],[-55.8479,47.7941,0.0],[-55.8488,47.8038,1.3246],[-55.8584,47.8122,0.0],[-55.8581,47.819,3.9462],[-55.8491,47.8295,13.4307],[-55.8489,47.8398,15.2047],[-55.8454,47.8454,0.0],[-55.8328,47.8482,0.0],[-55.8297,47.8532,29.1354],[-55.8314,47.8546,3.109],[-55.8321,47.8591,2.3066],[-55.8424,47.8667,3.8398],[-55.8398,47.8705,0.0],[-55.8448,47.8694,0.0],[-55.8463,47.8706,5.4239],[-55.8432,47.873,0.0],[-55.8381,47.8733,0.0],[-55.8319,47.8706,0.0],[-55.8344,47.8667,0.0],[-55.8311,47.8672,3.7588],[-55.83,47.8706,17.1515],[-55.8278,47.8701,0.0],[-55.8267,47.8669,0.0],[-55.819,47.8668,0.0],[-55.8167,47.8674,0.0],[-55.8175,47.8715,12.7676],[-55.8142,47.8744,5.7651],[-55.8193,47.8891,0.0],[-55.8242,47.8902,6.421],[-55.8359,47.8873,0.3422],[-55.8372,47.8892,0.0],[-55.8397,47.8881,1.8076],[-55.8419,47.8892,0.0396],[-55.8422,47.8919,0.5169],[-55.8273,47.8958,2.8345],[-55.8177,47.9009,24.4681],[-55.8145,47.9049,1.2858],[-55.8058,47.9107,13.6649],[-55.8053,47.9131,16.7127],[-55.8067,47.9142,1.5725],[-55.8049,47.9155,8.0176],[-55.7993,47.9159,0.9274],[-55.8,47.9117,0.0],[-55.7917,47.9116,0.0],[-55.7919,47.9094,0.0],[-55.7903,47.9086,0.0],[-55.7791,47.9145,6.5423],[-55.7728,47.9197,0.8003],[-55.7711,47.9279,5.4316],[-55.7736,47.935,0.0],[-55.7728,47.9379,5.1931],[-55.7796,47.9414,5.2432],[-55.7786,47.9425,1.5324],[-55.7806,47.9441,12.1263],[-55.7789,47.9478,2.2275],[-55.7826,47.9505,4.7512],[-55.7813,47.9519,1.0005],[-55.7847,47.9569,0.0],[-55.7726,47.9516,0.0],[-55.7716,47.9449,2.3521],[-55.7639,47.9426,0.9153],[-55.7639,47.9397,0.0],[-55.7596,47.9371,28.862],[-55.7547,47.9281,1.0168],[-55.7458,47.9208,1.2746],[-55.7509,47.9171,0.5384],[-55.7529,47.9131,9.4822],[-55.7693,47.9038,0.0],[-55.7723,47.9041,0.0],[-55.7773,47.9014,7.1478],[-55.7812,47.9026,2.6102],[-55.79,47.9012,1.0461],[-55.7994,47.8948,4.3213],[-55.808,47.8857,0.0],[-55.807,47.8816,32.0549],[-55.8086,47.8786,0.0],[-55.8017,47.8789,51.7517],[-55.8025,47.8744,6.324],[-55.7993,47.8751,0.0],[-55.7978,47.8734,0.0],[-55.7925,47.8731,3.418],[-55.7894,47.8695,2.8509],[-55.7804,47.8672,26.2678],[-55.7657,47.8721,9.0444],[-55.7641,47.8668,0.0],[-55.7572,47.8679,0.0],[-55.7543,47.8722,27.5521],[-55.7477,47.8736,0.0],[-55.7438,47.8775,21.3794],[-55.7388,47.8784,0.0],[-55.7315,47.8824,14.761],[-55.7208,47.8906,50.9432],[-55.7186,47.8906,16.8992],[-55.7089,47.8969,0.0],[-55.7031,47.9017,2.5718],[-55.6958,47.9114,6.5627],[-55.6972,47.9045,22.5006],[-55.7011,47.8997,5.2001],[-55.7112,47.8905,0.0],[-55.72,47.8878,0.0],[-55.7186,47.8819,0.0],[-55.7153,47.8828,4.6129],[-55.7142,47.8803,35.9038],[-55.7251,47.8787,2.435],[-55.7518,47.8646,1.1846],[-55.7564,47.8661,0.208],[-55.7636,47.8653,6.4214],[-55.7778,47.8602,23.8782],[-55.7905,47.8603,5.8364],[-55.8226,47.8398,0.8874],[-55.8292,47.8323,7.6247],[-55.8308,47.8274,0.0],[-55.83,47.8243,0.0],[-55.8312,47.8238,0.0],[-55.8311,47.8213,0.0],[-55.8271,47.8186,28.9204],[-55.8286,47.8152,0.0],[-55.8264,47.8133,26.3578],[-55.8303,47.8055,0.0],[-55.8266,47.8026,38.1417],[-55.8266,47.7994,6.4219],[-55.8199,47.7975,11.4889],[-55.8056,47.8014,9.7011],[-55.7985,47.8004,0.0],[-55.7886,47.8019,0.0],[-55.7931,47.7953,48.6986],[-55.7992,47.7967,0.5589],[-55.8073,47.7936,8.6461],[-55.8125,47.7933,2.284],[-55.8211,47.7869,0.7998],[-55.8195,47.7854,19.5243],[-55.8222,47.7826,0.0],[-55.8193,47.7816,4.1942],[-55.8176,47.777,0.0],[-55.8146,47.7755,9.9366],[-55.7831,47.7864,0.0],[-55.7642,47.7965,4.9082],[-55.7705,47.7975,0.0],[-55.7837,47.7949,1.3041],[-55.7852,47.801,7.1031],[-55.7793,47.8037,0.0],[-55.7583,47.8052,0.0],[-55.738,47.8125,12.4022],[-55.7351,47.8143,39.6413],[-55.7327,47.8187,0.0],[-55.7317,47.8247,0.0],[-55.7227,47.8264,0.0],[-55.717,47.8292,18.9618],[-55.7119,47.8349,0.0],[-55.7101,47.8396,0.0],[-55.7198,47.8381,3.0959],[-55.7123,47.8417,0.0],[-55.709,47.845,4.5909],[-55.7027,47.8463,1.1482],[-55.7034,47.8439,-0.4314],[-55.701,47.8405,0.0],[-55.7147,47.8275,0.0],[-55.7297,47.8211,5.2565],[-55.7306,47.8186,0.0],[-55.7273,47.819,11.5772],[-55.7291,47.8154,9.5093],[-55.7347,47.8103,28.1415],[-55.7403,47.8106,0.0],[-55.7396,47.8077,2.0556],[-55.7358,47.8077,12.1183],[-55.7381,47.8056,-0.25],[-55.7446,47.8044,2.8528],[-55.77,47.7896,3.7763],[-55.8075,47.7764,2.7593],[-55.8151,47.77,7.583],[-55.8144,47.7675,0.0],[-55.8175,47.7657,0.0],[-55.8174,47.7637,8.9079],[-55.8209,47.7605,2.1992],[-55.8226,47.7599,1.4424],[-55.8258,47.7619,15.0968],[-55.835,47.7599,21.4477],[-55.8388,47.7609,0.0],[-55.8436,47.757,0.0],[-55.8396,47.755,2.3496],[-55.8684,47.7431,6.1298],[-55.868899999999996,47.7422,0.0],[-55.8646,47.7419,0.0],[-55.8371,47.7508,6.322],[-55.8364,47.7497,6.4069],[-55.8391,47.7467,10.2321],[-55.8461,47.743899999999996,5.5926],[-55.8489,47.74,0.0],[-55.8302,47.7351,0.0],[-55.8322,47.7326,0.0],[-55.8517,47.7252,16.6037],[-55.8563,47.7198,49.9818],[-55.8632,47.7165,26.3657],[-55.8737,47.7144,0.0],[-55.8889,47.7056,9.4819],[-55.8961,47.705,5.9329],[-55.8989,47.7064,7.0573],[-55.9017,47.7028,0.0],[-55.8994,47.7022,9.4398],[-55.8994,47.7008,20.9501],[-55.9073,47.6949,14.2527],[-55.9072,47.6928,9.8897],[-55.9284,47.6781,3.9092],[-55.9259,47.6731,59.2196],[-55.9325,47.6697,14.7448],[-55.9283,47.6669,25.7459],[-55.9325,47.665,5.5282],[-55.9328,47.6617,4.9937],[-55.9347,47.6597,0.0],[-55.9308,47.6561,8.2232],[-55.9231,47.6558,5.7253],[-55.9222,47.6526,42.152],[-55.9256,47.6498,6.1127],[-55.9217,47.6461,6.5922],[-55.9212,47.6421,7.2238],[-55.9143,47.6433,0.0],[-55.9133,47.6395,0.0],[-55.9108,47.6371,5.1792],[-55.9041,47.6404,2.5624],[-55.9019,47.6345,0.0],[-55.8886,47.6347,11.6197],[-55.8848,47.6316,0.0],[-55.8823,47.6321,36.3642],[-55.8803,47.6288,20.1781],[-55.8763,47.6283,6.478],[-55.875,47.6236,0.0],[-55.8761,47.6203,0.0],[-55.8725,47.6161,12.8217],[-55.8644,47.6142,0.0],[-55.8438,47.6218,0.0],[-55.8257,47.6229,10.3362],[-55.8111,47.6297,14.5992],[-55.7989,47.6319,0.0],[-55.797,47.6336,34.9978],[-55.7872,47.6343,32.6566],[-55.7686,47.6444,31.8971],[-55.7685,47.6477,30.1464],[-55.7709,47.6521,15.7137],[-55.7693,47.6552,0.0],[-55.7656,47.6511,12.4546],[-55.7604,47.6501,0.0],[-55.7257,47.6648,6.8427],[-55.6999,47.6672,20.2446],[-55.6963,47.6697,18.1427],[-55.6788,47.6757,0.0],[-55.6784,47.6799,1.9688],[-55.6762,47.681,4.3597],[-55.6778,47.6842,8.2675],[-55.6732,47.683,6.99],[-55.6679,47.6789,13.2268],[-55.6666,47.6759,3.1191],[-55.6536,47.6792,57.2489],[-55.6435,47.6786,0.0],[-55.6246,47.6848,2.3045],[-55.6232,47.6836,27.4343],[-55.6299,47.6784,36.6523],[-55.6434,47.672,31.8216],[-55.6533,47.6727,5.6158],[-55.6607,47.6704,23.2023],[-55.6653,47.6716,0.0],[-55.6724,47.6641,0.0],[-55.6805,47.662,2.6156],[-55.6828,47.66,15.3604],[-55.6881,47.6608,0.0],[-55.69,47.658,5.4668],[-55.6982,47.6563,6.2193],[-55.7004,47.6579,4.5265],[-55.7093,47.6564,34.5747],[-55.7139,47.6576,10.6213],[-55.7165,47.6566,0.0],[-55.7148,47.6556,0.0],[-55.7168,47.6534,16.3215],[-55.7208,47.6542,0.0],[-55.7304,47.6476,18.9779],[-55.7313,47.6455,0.0],[-55.7279,47.6452,10.8991],[-55.7307,47.6432,47.6401],[-55.738,47.64,7.6337],[-55.7394,47.6444,1.7669],[-55.7447,47.6428,0.0],[-55.7576,47.6365,43.5254],[-55.7646,47.63,11.3333],[-55.7713,47.6305,0.0],[-55.7766,47.6264,0.0],[-55.7844,47.6251,4.7357],[-55.8242,47.6107,0.0],[-55.8345,47.6024,0.0],[-55.837,47.6027,0.5758],[-55.8365,47.6043,0.7764],[-55.8401,47.6064,13.9017],[-55.8622,47.5998,27.0061],[-55.8745,47.5928,12.5115],[-55.8794,47.5923,0.0],[-55.8812,47.5885,31.2002],[-55.8845,47.5889,0.0],[-55.8872,47.5861,18.902],[-55.8975,47.5842,2.6194],[-55.902,47.5811,0.0],[-55.9017,47.5792,0.0],[-55.9036,47.5778,1.783],[-55.9163,47.5751,0.0],[-55.9182,47.5717,65.3172],[-55.9258,47.5692,27.6007],[-55.922,47.5647,14.582],[-55.9214,47.5603,6.7894],[-55.9252,47.5552,4.5275],[-55.9311,47.5643,5.6286],[-55.9361,47.5661,0.0],[-55.9495,47.5602,46.9943],[-55.9568,47.5586,47.0127],[-55.9638,47.5534,13.1281],[-55.9674,47.5543,0.0],[-55.9769,47.5528,3.9119],[-55.9921,47.5468,14.0249],[-55.9986,47.5485,30.7976],[-56.0068,47.5476,0.0],[-56.01,47.5456,0.0],[-56.0211,47.5442,0.0],[-56.0338,47.5395,25.2224],[-56.0383,47.54,11.5139],[-56.0447,47.5389,0.0],[-56.0461,47.5372,1.3649],[-56.0528,47.5369,3.2631],[-56.0556,47.5331,8.821],[-56.0603,47.5347,0.0],[-56.0653,47.5328,19.3601],[-56.0742,47.5328,0.2974],[-56.0808,47.5289,1.5546],[-56.0886,47.5281,15.211],[-56.0964,47.5225,4.3287],[-56.1022,47.5261,0.0],[-56.1114,47.5256,0.0],[-56.1203,47.5222,3.1783],[-56.1186,47.525,0.0],[-56.1203,47.5256,0.0],[-56.1219,47.5236,15.3276],[-56.1258,47.5247,6.6157],[-56.1342,47.5197,78.8454],[-56.1369,47.5231,3.1438],[-56.1453,47.52,95.9998],[-56.1478,47.5211,0.0],[-56.1533,47.52,1.8654],[-56.1622,47.5172,0.0],[-56.1653,47.5147,116.6072],[-56.1681,47.5161,2.4828],[-56.1742,47.5103,12.7667],[-56.1789,47.5097,3.315],[-56.1792,47.5069,95.1472],[-56.1876,47.5053,1.4642],[-56.1854,47.5041,33.8536],[-56.1853,47.5019,65.7212],[-56.1892,47.4964,1.7723],[-56.1881,47.4942,-0.0509],[-56.1874,47.4961,0.811],[-56.1839,47.4978,6.2157],[-56.1786,47.4978,3.1201],[-56.1769,47.4992,12.6745],[-56.1697,47.4983,0.2175],[-56.1681,47.4969,2.4576],[-56.17,47.4942,0.1415],[-56.17,47.4894,1.3063],[-56.1675,47.4858,0.1299],[-56.1614,47.4842,9.8985],[-56.1572,47.4783,0.0],[-56.1483,47.4786,0.3253],[-56.1461,47.4761,0.4831],[-56.1339,47.4722,10.8234],[-56.1286,47.4656,0.0],[-56.1253,47.4644,0.9915],[-56.1158,47.4647,0.3124],[-56.1058,47.4711,5.2002],[-56.1,47.4728,0.848],[-56.0897,47.4731,0.0],[-56.0775,47.4806,3.8381],[-56.0739,47.4806,1.7434],[-56.07,47.4781,0.3794],[-56.0656,47.4783,0.0]]],
[[[-56.1964,47.4817,0.0],[-56.1942,47.4844,1.3932],[-56.1946,47.4881,4.6769],[-56.1925,47.4914,9.4527],[-56.1944,47.4953,3.0528],[-56.1918,47.4978,0.0],[-56.193,47.5006,0.0],[-56.1964,47.4997,3.1236],[-56.2019,47.4951,13.3856],[-56.2016,47.4925,6.265],[-56.2032,47.4912,1.3615],[-56.2015,47.4869,0.0],[-56.1993,47.4862,0.0],[-56.1997,47.4831,0.1166],[-56.1964,47.4817,0.0]]],
[[[-57.3861,47.5047,0.0],[-57.3833,47.5069,1.5889],[-57.3842,47.5081,5.104],[-57.3892,47.5072,1.4303],[-57.3889,47.5056,1.6356],[-57.3861,47.5047,0.0]]],
[[[-57.3933,47.5086,1.2958],[-57.3922,47.5103,0.0],[-57.3936,47.5119,2.7832],[-57.3969,47.5117,0.0],[-57.4031,47.5033,0.0],[-57.3984,47.5023,0.4642],[-57.3907,47.5046,1.3592],[-57.3933,47.5086,1.2958]]],
[[[-57.3728,47.5103,0.0],[-57.3722,47.5128,0.0],[-57.3747,47.5139,0.0],[-57.3742,47.5117,0.0],[-57.3728,47.5103,0.0]]],
[[[-57.3561,47.5131,0.2324],[-57.3567,47.5106,0.0],[-57.353,47.5138,0.0],[-57.3544,47.5147,0.0],[-57.3561,47.5131,0.2324]]],
[[[-55.8753,47.2975,2.7356],[-55.8814,47.3014,0.0],[-55.8989,47.2981,0.0],[-55.9103,47.2918,0.0],[-55.9124,47.2883,5.0178],[-55.9247,47.2883,18.3888],[-55.9292,47.2858,6.3403],[-55.9364,47.2856,0.0],[-55.94,47.2822,0.0],[-55.9492,47.2803,8.626],[-55.9575,47.2753,1.6415],[-55.9678,47.2722,0.0],[-55.9717,47.2701,0.0],[-55.9688,47.2688,33.3043],[-55.9722,47.2653,0.0],[-55.9656,47.2631,0.0],[-55.9555,47.2674,36.0094],[-55.944,47.2697,3.7653],[-55.9323,47.267,0.0],[-55.9077,47.2698,6.2145],[-55.9025,47.2686,0.0],[-55.901,47.266,0.465],[-55.905,47.2617,1.032],[-55.9028,47.2597,0.9193],[-55.9031,47.2579,0.7635],[-55.8943,47.2601,0.0],[-55.8844,47.259,7.1323],[-55.876,47.2663,1.2835],[-55.8714,47.2667,0.0],[-55.8694,47.2658,0.1025],[-55.8711,47.2614,0.0],[-55.8796,47.2551,0.0],[-55.87,47.2544,2.4235],[-55.8684,47.2558,21.713],[-55.8568,47.2568,2.4782],[-55.8597,47.2607,0.0],[-55.8581,47.2666,0.2773],[-55.8606,47.2686,9.7273],[-55.8525,47.2708,16.3904],[-55.8408,47.2708,13.6641],[-55.8381,47.2736,16.483],[-55.845,47.275,3.5134],[-55.8478,47.2747,6.4232],[-55.8503,47.2722,0.0],[-55.8686,47.271,0.0],[-55.8695,47.2761,4.3023],[-55.8725,47.278,0.0],[-55.8717,47.2836,0.0],[-55.8746,47.2879,13.5722],[-55.8737,47.2911,29.326],[-55.8753,47.2975,2.7356]]],
[[[-55.7778,47.3686,1.0035],[-55.7756,47.3726,0.0],[-55.7801,47.372,5.1273],[-55.7771,47.3753,0.7111],[-55.7926,47.3709,1.7998],[-55.7984,47.3671,0.2809],[-55.7931,47.3636,0.0],[-55.7907,47.3636,0.0],[-55.7778,47.3686,1.0035]]],
[[[-55.6406,47.4094,27.0703],[-55.6412,47.4121,0.7637],[-55.6462,47.4131,12.7355],[-55.6539,47.4128,0.3804],[-55.6558,47.4094,0.0],[-55.6519,47.4046,1.2185],[-55.6502,47.406,19.59],[-55.6411,47.4071,30.6268],[-55.6406,47.4094,27.0703]]],
[[[-55.5019,47.4503,12.5012],[-55.5025,47.4482,0.2771],[-55.4994,47.4483,0.0],[-55.4998,47.4516,9.6462],[-55.5019,47.4503,12.5012]]],
[[[-55.8497,47.5063,4.0451],[-55.8495,47.5082,5.8761],[-55.8526,47.5099,1.296],[-55.8557,47.5086,43.8384],[-55.8572,47.5051,0.0],[-55.854,47.5035,0.0],[-55.8497,47.5063,4.0451]]],
[[[-55.8746,47.5179,7.0234],[-55.869,47.5179,4.2512],[-55.868,47.5199,2.5583],[-55.8727,47.5222,0.0],[-55.8845,47.521,0.0],[-55.8882,47.5185,40.1293],[-55.8951,47.5172,0.0],[-55.898,47.5142,5.3986],[-55.8967,47.5115,0.0],[-55.8806,47.5134,0.0],[-55.8746,47.5179,7.0234]]],
[[[-55.4064,47.4753,10.781],[-55.4092,47.4778,0.0],[-55.4119,47.475,0.2327],[-55.4089,47.4756,1.8364],[-55.4064,47.4725,5.7448],[-55.4064,47.4753,10.781]]],
[[[-55.3586,47.5669,5.2078],[-55.3629,47.5648,2.9685],[-55.3635,47.5679,3.986],[-55.3669,47.5707,0.0],[-55.3808,47.5623,14.2794],[-55.3832,47.5638,0.0],[-55.3901,47.5622,0.0],[-55.3909,47.5601,15.014],[-55.3886,47.5552,76.8721],[-55.3928,47.5499,6.6826],[-55.3942,47.5448,0.2257],[-55.3933,47.543,3.123],[-55.3872,47.5412,4.2807],[-55.3824,47.5427,1.1697],[-55.3778,47.5399,3.7625],[-55.3692,47.5382,0.0],[-55.3658,47.5285,0.0],[-55.3543,47.5237,0.0],[-55.3512,47.529,9.0578],[-55.3548,47.534,2.5658],[-55.3536,47.5394,0.0],[-55.3552,47.5451,0.0],[-55.3537,47.5493,0.0],[-55.3607,47.5551,32.7806],[-55.3613,47.558,5.7491],[-55.3552,47.5615,0.0],[-55.3517,47.5675,0.0],[-55.3539,47.5686,13.2781],[-55.3586,47.5669,5.2078]]],
[[[-55.3861,47.5667,0.0],[-55.3761,47.5695,5.1426],[-55.3685,47.5764,0.0],[-55.3734,47.578,2.6292],[-55.379,47.5766,13.8544],[-55.3894,47.5719,7.0265],[-55.395,47.5668,2.4394],[-55.391,47.5651,0.0],[-55.3861,47.5667,0.0]]],
[[[-55.6294,47.5269,27.1911],[-55.6288,47.5304,29.5204],[-55.6333,47.5356,0.0],[-55.6464,47.5308,1.0332],[-55.6492,47.5277,0.0],[-55.6487,47.5263,2.6671],[-55.6547,47.5222,27.4247],[-55.6528,47.5206,13.2843],[-55.6492,47.5233,4.9205],[-55.6451,47.5228,0.0],[-55.6449,47.5196,0.0],[-55.6478,47.5139,6.3806],[-55.6453,47.5119,0.0],[-55.645,47.5075,0.0],[-55.6431,47.5058,3.0836],[-55.6323,47.5116,7.5539],[-55.6279,47.5197,0.0],[-55.6294,47.5269,27.1911]]],
[[[-55.8572,47.5242,35.9002],[-55.8557,47.5258,0.0],[-55.857,47.5274,0.0],[-55.8632,47.5268,23.0548],[-55.868,47.5238,1.9572],[-55.8657,47.5226,3.2069],[-55.8572,47.5242,35.9002]]],
[[[-57.3819,47.5164,4.2137],[-57.3812,47.5176,10.9103],[-57.3829,47.5192,0.6021],[-57.3877,47.5169,7.6653],[-57.3922,47.5122,0.0],[-57.3889,47.5094,0.0],[-57.3823,47.5095,0.6502],[-57.38,47.5116,1.1985],[-57.3761,47.5103,0.0],[-57.3761,47.5119,0.0],[-57.3795,47.5141,0.9292],[-57.3813,47.5127,5.7198],[-57.3835,47.5143,1.7158],[-57.3853,47.5132,2.8238],[-57.3819,47.5164,4.2137]]],
[[[-57.3411,47.5183,0.0],[-57.3383,47.5206,0.0],[-57.3458,47.5186,0.0],[-57.3456,47.5178,0.0],[-57.3411,47.5183,0.0]]],
[[[-57.3786,47.5183,0.0],[-57.3769,47.5175,0.0],[-57.3756,47.5192,3.3689],[-57.3781,47.5227,0.664],[-57.3815,47.5205,0.0],[-57.3786,47.5183,0.0]]],
[[[-57.3817,47.5281,1.7006],[-57.3833,47.5281,2.2898],[-57.3825,47.53,0.5276],[-57.385,47.5313,0.0],[-57.3922,47.5292,0.0],[-57.3931,47.5267,0.0],[-57.4006,47.5251,0.0],[-57.4028,47.5207,0.0],[-57.4067,47.5194,0.0],[-57.405,47.5175,0.4563],[-57.3978,47.5197,1.0849],[-57.3969,47.5189,3.0657],[-57.3983,47.5178,3.4025],[-57.4031,47.5161,4.3254],[-57.409,47.5184,0.0],[-57.4131,47.5143,0.0],[-57.4081,47.5107,1.4956],[-57.4057,47.5126,2.1833],[-57.3958,47.5138,18.9125],[-57.3951,47.5164,0.0],[-57.3917,47.5164,2.9475],[-57.3788,47.5245,0.0],[-57.3768,47.5286,0.0],[-57.3817,47.5281,1.7006]]],
[[[-57.3739,47.525,2.2087],[-57.3756,47.5244,0.0],[-57.3736,47.5231,0.0],[-57.3725,47.5239,0.0],[-57.3739,47.525,2.2087]]],
[[[-57.3309,47.5345,0.0],[-57.3604,47.5337,19.9941],[-57.3694,47.5292,0.0],[-57.3725,47.5259,1.5415],[-57.3647,47.522,0.0],[-57.3614,47.5228,6.0448],[-57.3585,47.5195,0.4375],[-57.3594,47.5236,5.7292],[-57.3553,47.5247,9.091],[-57.3526,47.5231,0.0],[-57.3491,47.5236,0.0],[-57.3492,47.5197,0.0],[-57.3419,47.5214,0.0],[-57.3442,47.5251,7.6501],[-57.3408,47.5247,0.0],[-57.3389,47.5219,0.0],[-57.3306,47.5225,6.6715],[-57.3286,47.5241,0.0],[-57.3311,47.5269,0.768],[-57.3274,47.5282,0.0],[-57.3321,47.5294,22.2373],[-57.3287,47.5328,0.0],[-57.3309,47.5345,0.0]]],
[[[-56.9756,47.5311,0.0],[-56.9783,47.5332,0.2685],[-56.9801,47.5318,0.0],[-56.9764,47.5306,0.0],[-56.9756,47.5311,0.0]]],
[[[-56.9022,47.5397,0.0],[-56.8942,47.5444,1.3064],[-56.8997,47.5442,0.0],[-56.9014,47.5419,42.9438],[-56.9039,47.5428,0.0],[-56.905,47.5411,2.951],[-56.9022,47.5397,0.0]]],
[[[-57.0018,47.5688,0.0],[-57.001,47.5696,0.0],[-57.0038,47.5713,0.0],[-57.0037,47.5699,1.3583],[-57.0018,47.5688,0.0]]],
[[[-57.2853,47.5937,22.9673],[-57.2894,47.5942,0.0],[-57.291,47.5922,2.8017],[-57.2909,47.5884,0.0],[-57.2847,47.5867,0.0],[-57.2786,47.5903,0.0],[-57.2808,47.5928,1.045],[-57.2853,47.5937,22.9673]]],
[[[-57.1622,47.6116,64.4004],[-57.1647,47.6133,5.2108],[-57.1656,47.6122,0.0],[-57.1639,47.6111,6.1143],[-57.1661,47.6094,0.0],[-57.1594,47.6092,18.2787],[-57.1576,47.6108,16.1475],[-57.1584,47.6116,16.1475],[-57.1622,47.6116,64.4004]]],
[[[-55.9595,47.5686,0.0],[-55.9558,47.5707,10.8643],[-55.9576,47.5734,2.0816],[-55.9601,47.5709,4.8888],[-55.9635,47.5713,0.0],[-55.9664,47.5682,12.0667],[-55.9753,47.5653,0.0],[-55.9689,47.5642,9.2343],[-55.9595,47.5686,0.0]]],
[[[-56.6995,47.5819,0.8069],[-56.7011,47.5805,0.0],[-56.7008,47.5795,0.0],[-56.6981,47.5809,0.8069],[-56.6995,47.5819,0.8069]]],
[[[-56.0522,47.6175,17.7494],[-56.0519,47.618899999999996,0.0],[-56.0556,47.6194,0.0],[-56.0703,47.6164,1.0242],[-56.0645,47.6157,17.6009],[-56.0631,47.6133,0.0],[-56.0608,47.6158,23.5056],[-56.0589,47.6147,0.0],[-56.0522,47.6175,17.7494]]],
[[[-56.2436,47.6196,8.3623],[-56.2375,47.6235,6.9503],[-56.2513,47.6222,0.0],[-56.2483,47.6201,0.0],[-56.2436,47.6196,8.3623]]],
[[[-55.3717,47.5875,2.5798],[-55.3733,47.5861,0.0],[-55.3692,47.5869,0.0],[-55.3697,47.5881,3.3044],[-55.3717,47.5875,2.5798]]],
[[[-55.1503,47.5889,0.0],[-55.1517,47.5875,1.1061],[-55.15,47.5867,0.0],[-55.1483,47.5883,0.0],[-55.1503,47.5889,0.0]]],
[[[-55.3838,47.587,0.0],[-55.3845,47.5847,0.0],[-55.3833,47.584,0.0],[-55.3801,47.5875,0.0],[-55.3831,47.5924,0.0],[-55.3842,47.5917,0.0],[-55.3838,47.587,0.0]]],
[[[-55.3635,47.6122,0.7967],[-55.361,47.611,9.7396],[-55.3594,47.6075,2.5566],[-55.3559,47.6139,0.0],[-55.3578,47.6167,2.2491],[-55.3631,47.615,0.655],[-55.3635,47.6122,0.7967]]],
[[[-55.9297,47.5786,0.0],[-55.925,47.5794,1.0789],[-55.9236,47.5808,0.0],[-55.9278,47.581,0.0],[-55.9297,47.5786,0.0]]],
[[[-55.9036,47.6084,0.0],[-55.9012,47.6094,0.0],[-55.9011,47.6123,11.2404],[-55.8945,47.6095,3.4943],[-55.8982,47.6075,0.0],[-55.8975,47.6067,0.0],[-55.8876,47.6073,30.311],[-55.8794,47.6122,26.0762],[-55.8789,47.6145,0.0],[-55.8856,47.6205,0.0],[-55.8891,47.6183,18.3517],[-55.9007,47.622,32.7878],[-55.903,47.6247,3.1029],[-55.902,47.6258,43.2221],[-55.8964,47.6231,1.6598],[-55.8958,47.6244,2.6647],[-55.9033,47.6319,8.7577],[-55.9149,47.6345,10.5813],[-55.9281,47.6428,17.9643],[-55.9346,47.6492,0.0],[-55.9397,47.6597,1.1323],[-55.9354,47.6624,23.1139],[-55.9382,47.6651,0.793],[-55.9367,47.6677,31.0409],[-55.9373,47.6698,5.1957],[-55.9341,47.6723,0.0],[-55.9367,47.676,24.528],[-55.931,47.6781,0.0],[-55.9217,47.6901,0.0],[-55.9272,47.6916,10.0928],[-55.9259,47.693,0.0],[-55.9273,47.6966,5.7025],[-55.9388,47.7024,7.8383],[-55.9409,47.7053,2.7431],[-55.9438,47.704,0.0],[-55.945,47.6927,0.0],[-55.9617,47.692,0.9024],[-55.965,47.6868,4.6156],[-55.9636,47.6856,4.6156],[-55.9536,47.6872,32.4967],[-55.9553,47.686,6.5086],[-55.9779,47.6806,0.0],[-55.9931,47.6802,16.7171],[-55.9843,47.6835,0.0],[-55.9872,47.6837,7.4491],[-55.9912,47.682,0.0],[-55.9988,47.6831,5.722],[-56.0079,47.6818,0.0],[-56.0086,47.68,5.5443],[-56.0128,47.6792,4.542],[-56.0181,47.6797,10.5679],[-56.0114,47.6812,0.0],[-56.0119,47.6828,0.0],[-56.0197,47.6817,4.1453],[-56.02,47.6794,3.8308],[-56.0229,47.6778,5.7369],[-56.0284,47.6764,7.0129],[-56.0314,47.6781,0.0],[-56.0411,47.6742,0.0],[-56.0403,47.6719,9.0618],[-56.0483,47.6691,0.0],[-56.0492,47.6675,1.8038],[-56.0533,47.6689,0.0],[-56.0756,47.6653,30.6897],[-56.0819,47.6656,0.0],[-56.0844,47.6639,0.0],[-56.0875,47.665,2.6006],[-56.0976,47.6639,0.0],[-56.1035,47.6615,0.0],[-56.1066,47.6557,9.1479],[-56.1119,47.6511,0.0],[-56.1108,47.6489,5.0192],[-56.1061,47.6486,1.6129],[-56.1098,47.6461,0.0],[-56.1113,47.6405,0.0],[-56.1081,47.6372,1.2319],[-56.1019,47.6375,14.67],[-56.1017,47.6342,0.0],[-56.1041,47.6312,0.0],[-56.1026,47.6297,1.0985],[-56.0947,47.6308,0.0],[-56.0947,47.6332,1.8609],[-56.0871,47.6351,0.0],[-56.0855,47.6396,16.0953],[-56.0771,47.6405,29.8029],[-56.0746,47.6385,0.0],[-56.0801,47.6303,0.0],[-56.0704,47.6284,6.0266],[-56.0646,47.625,0.0],[-56.0517,47.6244,2.3474],[-56.0512,47.6283,19.9038],[-56.0486,47.6299,14.406],[-56.05,47.6325,49.3206],[-56.0458,47.6339,12.1661],[-56.0449,47.6453,0.0],[-56.0428,47.6467,0.0],[-56.0392,47.643,113.136],[-56.0445,47.6376,0.0],[-56.0431,47.6352,28.7712],[-56.0472,47.6313,27.03],[-56.0496,47.6239,0.0],[-56.04,47.6244,17.8649],[-56.0356,47.6278,21.2009],[-56.0297,47.625,0.0],[-56.0204,47.627,6.4574],[-56.0175,47.6289,19.4887],[-56.0172,47.6333,28.6478],[-56.0158,47.6339,72.034],[-56.0133,47.6319,0.0],[-56.015,47.6283,0.0],[-56.0094,47.6286,0.0],[-56.0108,47.6264,16.2472],[-56.0153,47.6247,14.2049],[-56.0195,47.6263,6.4574],[-56.0483,47.6196,0.0],[-56.0488,47.6175,0.0],[-56.0444,47.6144,4.2772],[-56.0392,47.6164,22.9807],[-56.0356,47.6136,0.0],[-56.0322,47.615,0.1928],[-56.0314,47.6131,0.0],[-56.0277,47.6135,0.0],[-56.0219,47.6169,0.0],[-56.0224,47.6232,0.0],[-56.0177,47.6213,8.4138],[-56.0188,47.6136,6.0958],[-56.0167,47.61,0.0],[-56.0098,47.611,12.7542],[-56.0042,47.6089,0.0],[-56.0031,47.6111,4.1753],[-56.0014,47.6111,5.1969],[-55.9964,47.6094,0.8929],[-55.9897,47.6096,1.3046],[-55.9856,47.6115,8.0524],[-55.9781,47.6104,0.0],[-55.9715,47.6123,69.6316],[-55.9686,47.6097,0.0],[-55.965,47.6104,0.0],[-55.9619,47.6064,0.0],[-55.9531,47.6075,22.1215],[-55.9423,47.6056,11.3951],[-55.9397,47.6078,4.5107],[-55.9362,47.6181,3.6869],[-55.9402,47.6238,0.0],[-55.936,47.625,0.0],[-55.9325,47.622,0.0],[-55.9283,47.6215,11.2845],[-55.9297,47.6194,22.1642],[-55.9354,47.6192,13.3615],[-55.9353,47.6139,0.0],[-55.9332,47.6121,16.4494],[-55.9363,47.6115,0.0],[-55.9345,47.6089,19.9177],[-55.9371,47.604,0.0],[-55.9344,47.6014,17.0759],[-55.9128,47.5979,7.2312],[-55.9007,47.605,4.756],[-55.9036,47.6084,0.0]]],
[[[-55.8899,47.6279,0.0],[-55.892,47.6293,0.0],[-55.8929,47.6274,0.0],[-55.8918,47.6274,0.0],[-55.8899,47.6279,0.0]]],
[[[-55.2026,47.62,0.0],[-55.2007,47.6199,0.0],[-55.1989,47.6222,2.7755],[-55.2022,47.6225,1.398],[-55.2089,47.6192,0.0],[-55.2064,47.6172,0.0803],[-55.2026,47.62,0.0]]],
[[[-55.212,47.6247,4.5324],[-55.2089,47.6247,5.956],[-55.2079,47.6265,4.7608],[-55.2124,47.6294,18.8802],[-55.2164,47.6279,4.3458],[-55.2161,47.6256,2.0538],[-55.212,47.6247,4.5324]]],
[[[-55.2231,47.6347,1.699],[-55.2216,47.6348,0.0],[-55.2259,47.6372,10.7015],[-55.2314,47.6343,1.7042],[-55.2376,47.6364,16.4686],[-55.2465,47.6367,19.9705],[-55.25,47.6353,3.9378],[-55.2491,47.6321,12.6583],[-55.2528,47.635,5.7377],[-55.2544,47.6339,0.5714],[-55.2511,47.6287,0.0],[-55.2455,47.6291,9.2493],[-55.2258,47.6225,0.7564],[-55.2253,47.6236,0.7564],[-55.2316,47.6293,6.9767],[-55.2225,47.6245,5.191],[-55.2183,47.6267,0.0],[-55.2179,47.63,20.6515],[-55.2253,47.6339,10.2961],[-55.2231,47.6347,1.699]]],
[[[-55.344,47.6375,0.0],[-55.3488,47.6386,0.8004],[-55.35,47.6367,3.9018],[-55.3497,47.6347,0.0],[-55.3474,47.6337,44.3319],[-55.3502,47.6313,8.7831],[-55.345,47.6287,0.0],[-55.3398,47.6315,0.0],[-55.3419,47.6342,18.3738],[-55.3403,47.6358,8.8491],[-55.344,47.6375,0.0]]],
[[[-55.4683,47.6286,0.0],[-55.4656,47.6296,3.3745],[-55.4658,47.6306,0.0],[-55.4696,47.6287,0.0],[-55.4683,47.6286,0.0]]],
[[[-55.8875,47.6311,9.1974],[-55.8894,47.6311,1.8357],[-55.89,47.6302,2.4371],[-55.8873,47.6297,8.2333],[-55.8875,47.6311,9.1974]]],
[[[-55.4589,47.6319,0.0],[-55.4608,47.6311,6.6403],[-55.4614,47.63,0.0],[-55.4583,47.6306,0.0],[-55.4589,47.6319,0.0]]],
[[[-55.4547,47.6336,2.6846],[-55.4564,47.6325,0.0],[-55.4494,47.6358,0.0],[-55.45,47.6364,0.0],[-55.4547,47.6336,2.6846]]],
[[[-57.4349,47.5072,0.0],[-57.4381,47.5081,0.0953],[-57.4397,47.5072,0.0],[-57.4335,47.505,0.0],[-57.4349,47.5072,0.0]]],
[[[-57.66,47.5672,0.4415],[-57.6575,47.5681,0.6079],[-57.6631,47.5686,1.9418],[-57.6614,47.5664,0.0],[-57.66,47.5672,0.4415]]],
[[[-57.6807,47.5702,2.3793],[-57.6821,47.5692,0.0],[-57.6808,47.5676,1.0199],[-57.6771,47.5687,0.0],[-57.6772,47.5699,0.0],[-57.6807,47.5702,2.3793]]],
[[[-57.6747,47.575,0.0],[-57.6742,47.5739,0.0],[-57.6719,47.5747,0.7556],[-57.6731,47.5756,0.0],[-57.6747,47.575,0.0]]],
[[[-57.625,47.5786,0.0],[-57.6281,47.5797,0.0],[-57.6297,47.5792,0.0],[-57.6281,47.5775,0.0],[-57.625,47.5786,0.0]]],
[[[-57.6661,47.5781,0.0],[-57.6656,47.5797,0.6201],[-57.6675,47.5808,0.0],[-57.6734,47.5783,0.0],[-57.671,47.5769,0.0],[-57.6661,47.5781,0.0]]],
[[[-57.6475,47.5802,0.0],[-57.646,47.5776,4.3582],[-57.6426,47.5787,2.4529],[-57.6441,47.5799,3.3058],[-57.6475,47.5802,0.0]]],
[[[-57.6783,47.5833,0.0],[-57.6769,47.5836,0.0],[-57.6792,47.5853,0.0],[-57.6843,47.5816,0.0],[-57.682,47.5801,0.0],[-57.6783,47.5833,0.0]]],
[[[-57.6861,47.5861,0.0],[-57.6881,47.5856,0.0],[-57.6881,47.5847,0.0],[-57.6861,47.5844,3.4398],[-57.6861,47.5861,0.0]]],
[[[-57.6192,47.5889,1.0016],[-57.6219,47.5903,3.1733],[-57.6225,47.5875,0.0],[-57.62,47.5873,14.5548],[-57.6192,47.5889,1.0016]]],
[[[-57.6125,47.5931,3.7459],[-57.6186,47.5942,0.0],[-57.62,47.5911,0.0],[-57.615,47.5897,1.6935],[-57.6124,47.5873,6.6742],[-57.607,47.5865,0.0],[-57.606,47.5913,4.4365],[-57.6125,47.5931,3.7459]]],
[[[-57.6467,47.5939,0.0],[-57.65,47.5956,0.0],[-57.6533,47.5939,0.0],[-57.6473,47.5912,0.0],[-57.6508,47.5939,2.4091],[-57.6489,47.5942,0.9587],[-57.6467,47.5939,0.0]]],
[[[-57.6008,47.5974,0.0],[-57.6052,47.5983,11.971],[-57.6083,47.5959,3.0818],[-57.6052,47.5937,0.0],[-57.6021,47.5948,0.0],[-57.5958,47.5923,10.7513],[-57.5913,47.5953,5.7354],[-57.5961,47.5969,12.4606],[-57.6008,47.5974,0.0]]],
[[[-57.6104,47.6017,4.6626],[-57.607,47.6033,0.0],[-57.6079,47.6055,0.0],[-57.6174,47.6037,7.9065],[-57.6216,47.5982,1.3765],[-57.6173,47.5973,1.6913],[-57.6144,47.5992,1.1636],[-57.6156,47.6008,3.8125],[-57.6139,47.6014,3.8125],[-57.6128,47.5992,2.2237],[-57.6089,47.5981,0.0],[-57.6119,47.6011,8.0766],[-57.6104,47.6017,4.6626]]],
[[[-57.5922,47.6011,3.0],[-57.5943,47.6027,0.3933],[-57.5947,47.606,0.0],[-57.5996,47.6026,5.0873],[-57.599,47.6001,10.1172],[-57.5942,47.5972,3.8622],[-57.5924,47.5988,3.2404],[-57.5944,47.5997,16.1126],[-57.5922,47.6011,3.0]]],
[[[-57.6651,47.6039,1.3331],[-57.6708,47.6041,0.0],[-57.6755,47.6016,0.0],[-57.6733,47.5997,0.9977],[-57.6659,47.5992,0.8133],[-57.6643,47.6022,0.319],[-57.6651,47.6039,1.3331]]],
[[[-59.1894,47.5636,2.5774],[-59.1864,47.5656,0.1403],[-59.1914,47.5661,0.4228],[-59.1947,47.5639,0.5105],[-59.1936,47.5628,0.7276],[-59.1894,47.5636,2.5774]]],
[[[-59.0131,47.5669,0.0],[-59.0119,47.5661,1.637],[-59.0097,47.5672,0.8641],[-59.0108,47.5676,0.8641],[-59.0131,47.5669,0.0]]],
[[[-59.0594,47.57,1.6657],[-59.0597,47.5694,1.6657],[-59.0626,47.5678,0.0],[-59.0575,47.5694,3.9347],[-59.0594,47.57,1.6657]]],
[[[-59.0636,47.5692,0.5629],[-59.0618,47.5695,0.6804],[-59.0614,47.5711,0.0],[-59.0647,47.5694,0.0],[-59.0636,47.5692,0.5629]]],
[[[-59.2028,47.5731,0.4715],[-59.1983,47.5744,3.9333],[-59.1983,47.5769,2.4033],[-59.2003,47.5767,0.0],[-59.2028,47.5731,0.4715]]],
[[[-58.9856,47.5806,0.0],[-58.9861,47.5817,0.0],[-58.9922,47.5817,2.3912],[-58.9955,47.5772,5.4811],[-58.9972,47.5806,0.5021],[-59.0069,47.5747,0.0],[-59.0042,47.5733,0.0],[-59.0032,47.5757,5.7932],[-59.0006,47.5758,4.731],[-59.0031,47.5742,0.6813],[-59.0,47.5733,1.2733],[-59.0,47.5719,2.9121],[-59.0042,47.5711,0.0],[-59.0031,47.5686,0.0],[-58.9919,47.5718,0.0],[-58.9892,47.5692,0.0],[-58.9878,47.5714,0.0],[-58.9858,47.5706,0.0],[-58.9847,47.5719,0.0],[-58.9886,47.5742,3.3425],[-58.9904,47.5779,5.6587],[-58.9883,47.58,2.1113],[-58.9856,47.5783,0.0],[-58.9856,47.5806,0.0]]],
[[[-58.9969,47.5828,5.3375],[-59.0011,47.585,3.2048],[-59.0036,47.5841,2.2235],[-59.0014,47.5825,3.5938],[-59.0013,47.5798,0.6659],[-58.9969,47.5828,5.3375]]],
[[[-58.9237,47.5839,0.9642],[-58.921,47.5841,0.4521],[-58.9206,47.5852,0.4521],[-58.9244,47.5853,0.9642],[-58.9237,47.5839,0.9642]]],
[[[-58.9508,47.5886,0.0],[-58.9514,47.5861,0.0],[-58.9428,47.5939,0.0],[-58.9478,47.5917,2.133],[-58.9508,47.5886,0.0]]],
[[[-58.8892,47.5975,0.0],[-58.8881,47.6003,0.2832],[-58.8958,47.5975,0.0],[-58.8944,47.5944,0.0],[-58.8997,47.5908,0.0],[-58.8986,47.5878,0.0],[-58.8971,47.5875,0.0],[-58.8978,47.5906,0.0],[-58.8928,47.5942,0.0],[-58.8925,47.5964,0.0],[-58.8892,47.5975,0.0]]],
[[[-58.8669,47.5952,0.0],[-58.8674,47.5971,0.0],[-58.8706,47.5972,0.0],[-58.8772,47.5908,0.0],[-58.8725,47.5919,0.0],[-58.8669,47.5952,0.0]]],
[[[-58.9381,47.5964,7.3169],[-58.9401,47.595,2.8019],[-58.94,47.5941,2.8019],[-58.9359,47.5964,0.847],[-58.9381,47.5964,7.3169]]],
[[[-58.8494,47.5967,0.0],[-58.8481,47.6022,0.0],[-58.8522,47.6003,0.0],[-58.8551,47.5964,9.265],[-58.857,47.5972,0.0],[-58.8619,47.5947,2.8464],[-58.8647,47.595,6.4632],[-58.8697,47.5925,0.0],[-58.8706,47.5906,0.6245],[-58.8678,47.5889,0.0],[-58.8631,47.5894,0.0],[-58.8592,47.5939,5.5676],[-58.8542,47.5929,0.0],[-58.8514,47.5944,0.0],[-58.8486,47.5925,0.0],[-58.8475,47.5942,0.1235],[-58.8494,47.5967,0.0]]],
[[[-58.8342,47.5967,0.4279],[-58.8361,47.5964,0.0],[-58.8367,47.595,0.0],[-58.8325,47.5961,0.0],[-58.8342,47.5967,0.4279]]],
[[[-58.8469,47.5983,0.0],[-58.8464,47.5961,0.0],[-58.8442,47.5975,0.3171],[-58.845,47.5986,0.5102],[-58.8469,47.5983,0.0]]],
[[[-58.8631,47.5986,0.2457],[-58.8642,47.5969,0.0],[-58.8608,47.5975,3.4073],[-58.8597,47.5994,0.0],[-58.86,47.5997,0.0],[-58.8631,47.5986,0.2457]]],
[[[-58.7181,47.5997,4.2433],[-58.7219,47.6019,0.0],[-58.7269,47.5989,0.0],[-58.7233,47.5989,2.3358],[-58.7219,47.5969,0.0],[-58.7167,47.5994,4.2433],[-58.7181,47.5997,4.2433]]],
[[[-58.8581,47.6008,0.0],[-58.8586,47.5989,4.4479],[-58.8572,47.5986,0.0],[-58.8536,47.6014,0.0],[-58.8558,47.6014,4.4502],[-58.8581,47.6008,0.0]]],
[[[-58.7533,47.5997,0.0],[-58.7514,47.6,0.0],[-58.7506,47.6011,0.5844],[-58.7544,47.6008,0.0],[-58.7533,47.5997,0.0]]],
[[[-58.8847,47.6025,2.5338],[-58.8847,47.6036,2.5338],[-58.8867,47.6031,1.1213],[-58.8867,47.6025,1.1213],[-58.8847,47.6025,2.5338]]],
[[[-58.7053,47.6058,0.0],[-58.7117,47.6083,9.1826],[-58.7164,47.6036,0.0],[-58.7128,47.6031,0.0],[-58.7053,47.6058,0.0]]],
[[[-58.5852,47.6213,1.0901],[-58.5931,47.6208,0.0],[-58.5897,47.6175,0.0],[-58.5846,47.6199,0.0],[-58.5852,47.6213,1.0901]]],
[[[-58.5784,47.6257,0.0],[-58.5795,47.6297,2.3411],[-58.5848,47.6296,4.3845],[-58.5925,47.6239,0.0],[-58.5834,47.6229,0.0],[-58.5784,47.6257,0.0]]],
[[[-58.5928,47.6278,0.0],[-58.5939,47.6267,0.0],[-58.5925,47.6258,0.0],[-58.59,47.6272,0.989],[-58.5906,47.6286,0.989],[-58.5928,47.6278,0.0]]],
[[[-58.5461,47.6289,0.0],[-58.5503,47.6317,0.0],[-58.5514,47.6308,0.0],[-58.5481,47.6272,0.0],[-58.5453,47.6267,0.0],[-58.5461,47.6289,0.0]]],
[[[-58.3704,47.6351,0.0],[-58.3709,47.6321,1.0835],[-58.3681,47.6326,-0.1123],[-58.3684,47.6342,0.0],[-58.3704,47.6351,0.0]]],
[[[-58.5583,47.6375,0.0],[-58.5569,47.6375,0.9597],[-58.5575,47.6389,0.0],[-58.5606,47.6386,0.0],[-58.5597,47.6375,0.0],[-58.5583,47.6375,0.0]]],
[[[-57.5861,47.6087,19.0925],[-57.5897,47.6103,20.3049],[-57.5933,47.6094,0.0],[-57.5917,47.6064,0.0],[-57.5878,47.6049,0.0],[-57.5838,47.6063,6.1633],[-57.5861,47.6087,19.0925]]],
[[[-57.675,47.6083,0.0],[-57.6756,47.6106,0.0],[-57.6783,47.6108,0.0],[-57.6781,47.6097,0.4135],[-57.675,47.6083,0.0]]],
[[[-57.604,47.6134,2.1281],[-57.6042,47.6161,0.2283],[-57.6075,47.6161,1.1103],[-57.6063,47.6107,1.473],[-57.604,47.6134,2.1281]]],
[[[-57.5983,47.6153,0.0],[-57.5972,47.6161,0.0],[-57.6022,47.6161,0.0],[-57.6017,47.6147,0.1945],[-57.5983,47.6153,0.0]]],
[[[-57.6768,47.6226,0.0],[-57.6824,47.6236,0.0],[-57.6825,47.6218,0.0],[-57.6783,47.6213,0.5258],[-57.6769,47.619,0.7842],[-57.6775,47.6161,0.3494],[-57.6823,47.6164,0.0],[-57.6783,47.6146,2.7378],[-57.6811,47.6136,0.0],[-57.6756,47.6122,1.6797],[-57.6764,47.6163,0.3494],[-57.6753,47.6186,0.0],[-57.6768,47.6226,0.0]]],
[[[-57.5486,47.6272,20.0756],[-57.5467,47.6283,0.0],[-57.5478,47.6294,0.0],[-57.5539,47.6299,20.4579],[-57.5521,47.6241,0.0],[-57.5486,47.6272,20.0756]]],
[[[-57.5742,47.6289,14.5863],[-57.5686,47.6306,3.5463],[-57.5704,47.6323,0.0],[-57.5745,47.6319,4.5081],[-57.5755,47.6307,0.0],[-57.5742,47.6289,14.5863]]],
[[[-57.696,47.6341,0.8592],[-57.6989,47.6344,3.0171],[-57.6981,47.6361,11.5959],[-57.6992,47.6369,11.5959],[-57.7028,47.635,0.0],[-57.6994,47.6336,0.0],[-57.7,47.6292,0.5069],[-57.6986,47.6273,0.0],[-57.6928,47.6282,0.0],[-57.6914,47.626,5.5583],[-57.6883,47.6264,1.074],[-57.6858,47.6244,0.2013],[-57.6781,47.6258,3.1818],[-57.6871,47.6333,0.5343],[-57.696,47.6341,0.8592]]],
[[[-57.4981,47.6339,6.1765],[-57.4972,47.6361,10.5197],[-57.4992,47.6383,2.7264],[-57.5022,47.6369,35.5712],[-57.5106,47.6369,25.1362],[-57.5044,47.6264,35.8865],[-57.5075,47.6244,0.0],[-57.5069,47.6233,0.0],[-57.4967,47.625,13.8518],[-57.5019,47.6305,6.6523],[-57.4981,47.6339,6.1765]]],
[[[-57.8311,47.635,0.0],[-57.8325,47.6367,0.1513],[-57.8356,47.6331,0.0],[-57.8322,47.6319,0.0],[-57.8311,47.635,0.0]]],
[[[-57.7578,47.6425,0.0],[-57.7589,47.6417,0.0],[-57.7564,47.6411,0.6139],[-57.755,47.6425,0.0],[-57.7572,47.6433,1.0164],[-57.7578,47.6425,0.0]]],
[[[-57.8514,47.6419,0.0],[-57.8508,47.6433,0.407],[-57.8528,47.645,0.0],[-57.855,47.6442,0.0],[-57.8542,47.6395,0.0],[-57.8514,47.6419,0.0]]],
[[[-57.7524,47.6413,0.0],[-57.7511,47.6425,0.0],[-57.7536,47.6438,0.0],[-57.7541,47.6423,0.0],[-57.7524,47.6413,0.0]]],
[[[-58.4492,47.64,1.1218],[-58.4531,47.6406,0.0],[-58.4547,47.6392,0.0],[-58.4514,47.6361,0.0],[-58.4478,47.6386,0.0],[-58.4492,47.64,1.1218]]],
[[[-58.5244,47.6492,0.0],[-58.5292,47.6503,2.133],[-58.5324,47.6443,0.0],[-58.5294,47.6406,0.2324],[-58.5242,47.6397,0.0],[-58.5231,47.6383,0.0],[-58.5247,47.6369,0.0],[-58.5231,47.6358,0.0],[-58.5203,47.6372,0.0],[-58.5222,47.6411,0.0],[-58.5281,47.6419,0.2324],[-58.5236,47.6456,2.1017],[-58.5231,47.6478,0.0],[-58.5244,47.6492,0.0]]],
[[[-58.4906,47.6458,0.0],[-58.4936,47.6469,0.6086],[-58.4947,47.645,0.0],[-58.4906,47.6431,0.0],[-58.4906,47.6458,0.0]]],
[[[-58.4733,47.6456,0.0],[-58.4711,47.6481,0.0],[-58.4717,47.6517,0.0],[-58.4794,47.6486,0.0],[-58.4783,47.6472,0.0],[-58.4733,47.6456,0.0]]],
[[[-58.2811,47.6483,0.0],[-58.2806,47.6478,0.0],[-58.2786,47.6503,1.3119],[-58.2833,47.65,0.0],[-58.2811,47.6483,0.0]]],
[[[-58.5025,47.6508,0.0],[-58.5053,47.65,4.7009],[-58.5057,47.6557,0.0],[-58.5126,47.6486,2.8145],[-58.5106,47.6475,9.4065],[-58.5125,47.6461,2.7314],[-58.5056,47.645,0.0],[-58.5042,47.6472,0.4002],[-58.4975,47.6478,0.0],[-58.5025,47.6508,0.0]]],
[[[-58.2906,47.6536,0.0],[-58.2886,47.6544,0.0],[-58.2897,47.6556,0.0],[-58.2914,47.6553,0.0],[-58.2906,47.6536,0.0]]],
[[[-58.2806,47.6556,0.8537],[-58.2803,47.6581,0.0],[-58.2856,47.6564,0.0],[-58.2825,47.6558,0.0],[-58.2822,47.6544,0.0],[-58.2806,47.6556,0.8537]]],
[[[-58.3253,47.6597,0.0],[-58.3222,47.6644,0.0],[-58.3313,47.6599,1.1984],[-58.3416,47.6502,0.0],[-58.339,47.649,1.0985],[-58.3325,47.6511,0.0],[-58.3256,47.6575,0.0],[-58.3269,47.66,0.0],[-58.3253,47.6597,0.0]]],
[[[-58.5371,47.6583,1.8636],[-58.5352,47.6558,2.4997],[-58.5337,47.6573,6.3096],[-58.535,47.6594,0.0],[-58.5371,47.6583,1.8636]]],
[[[-58.2953,47.6611,0.0],[-58.2969,47.6625,0.0],[-58.2967,47.6647,0.0],[-58.3014,47.6597,0.0],[-58.3,47.6592,3.4012],[-58.2953,47.6611,0.0]]],
[[[-58.5419,47.6653,2.7946],[-58.5436,47.6661,0.0],[-58.5447,47.665,3.2828],[-58.5428,47.6642,2.7946],[-58.5419,47.6653,2.7946]]],
[[[-58.3022,47.665,0.0],[-58.2964,47.6697,0.0],[-58.2983,47.6703,1.7892],[-58.3042,47.6658,0.0],[-58.3022,47.665,0.0]]],
[[[-58.2747,47.6686,4.958],[-58.2758,47.6672,4.958],[-58.2736,47.6667,0.375],[-58.2728,47.6681,1.5306],[-58.2747,47.6686,4.958]]],
[[[-58.5467,47.6717,2.5231],[-58.5478,47.6708,2.5231],[-58.5472,47.6694,2.3673],[-58.5453,47.6706,0.0],[-58.5467,47.6717,2.5231]]],
[[[-58.5395,47.6703,0.0],[-58.5378,47.6722,1.9943],[-58.5411,47.6731,1.7304],[-58.5419,47.6701,0.0],[-58.5395,47.6703,0.0]]],
[[[-57.9971,47.648,0.0],[-57.9988,47.6457,0.0],[-57.9984,47.6448,0.0],[-57.9955,47.6468,0.898],[-57.9971,47.648,0.0]]],
[[[-57.8819,47.6472,0.0],[-57.8806,47.6442,0.1915],[-57.8725,47.6486,0.0],[-57.8709,47.6516,0.0],[-57.874,47.654,0.0],[-57.8773,47.653,0.0],[-57.8804,47.6511,1.5907],[-57.8819,47.6472,0.0]]],
[[[-57.7311,47.6481,0.0],[-57.73,47.6503,0.0],[-57.7325,47.6531,0.0],[-57.7369,47.6481,0.8591],[-57.7348,47.6455,0.8906],[-57.7311,47.6481,0.0]]],
[[[-57.7389,47.6544,0.0],[-57.7422,47.6578,0.0],[-57.7472,47.6571,0.0],[-57.749,47.6471,0.0],[-57.7462,47.6463,0.2596],[-57.7415,47.6482,1.4772],[-57.7377,47.6524,0.0],[-57.7389,47.6544,0.0]]],
[[[-58.22,47.6525,3.4874],[-58.2172,47.6519,0.0],[-58.2144,47.6542,0.0],[-58.22,47.6539,0.0],[-58.22,47.6525,3.4874]]],
[[[-58.0039,47.6544,0.0],[-58.0011,47.6561,1.32],[-58.0008,47.6594,0.8651],[-58.0046,47.658,1.9472],[-58.0058,47.6544,0.0],[-58.0039,47.6544,0.0]]],
[[[-58.215,47.6581,4.302],[-58.2164,47.66,2.4376],[-58.2201,47.6593,3.0728],[-58.223,47.6611,0.0],[-58.2272,47.6589,0.0],[-58.2197,47.6547,0.0],[-58.2167,47.6556,2.8811],[-58.215,47.6581,4.302]]],
[[[-58.2189,47.6611,1.6927],[-58.2172,47.6619,1.9126],[-58.2214,47.6622,0.0],[-58.2203,47.6608,1.6927],[-58.2189,47.6611,1.6927]]],
[[[-58.2253,47.6631,0.0],[-58.2267,47.6619,0.0],[-58.2239,47.6614,0.0],[-58.2236,47.6619,0.0],[-58.2253,47.6631,0.0]]],
[[[-58.255,47.6646,0.0],[-58.259,47.6651,0.0],[-58.2607,47.6634,0.0],[-58.2521,47.6643,0.0],[-58.255,47.6646,0.0]]],
[[[-58.0039,47.6636,0.0],[-58.0033,47.6647,0.0],[-58.005,47.6656,0.0],[-58.0078,47.6647,0.0],[-58.005,47.6631,0.0],[-58.0039,47.6636,0.0]]],
[[[-58.2617,47.67,0.2192],[-58.2636,47.6689,0.0],[-58.2658,47.6706,0.0],[-58.268,47.6702,3.0102],[-58.2716,47.6679,0.6204],[-58.2738,47.6639,4.5987],[-58.2702,47.6631,0.0],[-58.2625,47.6672,0.0],[-58.2603,47.6694,0.2192],[-58.2617,47.67,0.2192]]],
[[[-58.1917,47.6711,0.0],[-58.1903,47.6692,0.0],[-58.1889,47.67,1.8466],[-58.1894,47.6711,0.0],[-58.1917,47.6711,0.0]]],
[[[-58.1961,47.6719,0.0],[-58.1953,47.6708,1.4732],[-58.1928,47.6714,0.0],[-58.1944,47.6725,0.0],[-58.1961,47.6719,0.0]]],
[[[-58.1953,47.6731,0.0],[-58.1911,47.6742,0.0],[-58.1944,47.6772,0.0],[-58.1972,47.6739,0.0],[-58.1953,47.6731,0.0]]],
[[[-58.1333,47.6775,0.0],[-58.1336,47.6792,0.0],[-58.1364,47.6794,0.0],[-58.1361,47.6781,0.8774],[-58.1333,47.6775,0.0]]],
[[[-59.2404,47.6178,0.7633],[-59.2421,47.6164,0.1957],[-59.2425,47.6156,0.1957],[-59.2394,47.6156,1.2006],[-59.2404,47.6178,0.7633]]],
[[[-58.5478,47.6736,1.6264],[-58.5464,47.6728,1.6264],[-58.5453,47.6747,0.0],[-58.5467,47.6747,2.8804],[-58.5478,47.6736,1.6264]]],
[[[-58.1389,47.6797,4.0898],[-58.1426,47.6807,0.0],[-58.1461,47.6781,0.0],[-58.1392,47.6778,0.0],[-58.1389,47.6797,4.0898]]],
[[[-58.0227,47.6816,1.0396],[-58.023,47.6841,0.0],[-58.032,47.6858,0.0],[-58.0352,47.6827,4.3051],[-58.0353,47.679,14.2808],[-58.0376,47.6752,2.3135],[-58.0298,47.672,0.0],[-58.0252,47.6723,0.3522],[-58.0204,47.6753,0.0],[-58.0227,47.6816,1.0396]]],
[[[-58.0147,47.6828,0.3225],[-58.0181,47.6839,0.0],[-58.0208,47.6822,2.7375],[-58.0163,47.6801,0.0],[-58.0145,47.6811,0.0],[-58.0147,47.6828,0.3225]]],
[[[-58.1347,47.6836,0.38],[-58.1358,47.6811,0.6465],[-58.1356,47.6806,0.6465],[-58.1331,47.6817,0.0],[-58.1347,47.6836,0.38]]],
[[[-58.1078,47.6928,3.194],[-58.1108,47.6939,0.0],[-58.1144,47.691,21.2857],[-58.1171,47.6915,40.0199],[-58.1175,47.6872,8.6212],[-58.12,47.6858,0.0],[-58.1178,47.685,0.0],[-58.1078,47.6928,3.194]]],
[[[-57.3589,47.625,1.3944],[-57.3681,47.624,0.2516],[-57.3708,47.6206,0.0],[-57.3708,47.6167,19.4205],[-57.3836,47.6164,0.0],[-57.3931,47.6136,6.4621],[-57.3942,47.6119,0.0],[-57.385,47.6069,0.0],[-57.3744,47.6097,0.0],[-57.3744,47.6078,5.0182],[-57.3786,47.6056,11.3549],[-57.3861,47.6058,0.0],[-57.3869,47.6047,0.9961],[-57.384,47.6021,4.5914],[-57.3783,47.6003,0.0],[-57.3742,47.6019,3.7046],[-57.3669,47.5997,0.0],[-57.3617,47.6006,5.5259],[-57.3589,47.6028,0.0],[-57.3611,47.6093,3.3547],[-57.3575,47.6201,0.0],[-57.3589,47.625,1.3944]]],
[[[-57.4079,47.6175,1.5547],[-57.4069,47.6156,10.2832],[-57.4038,47.6168,0.0],[-57.4059,47.6178,1.5547],[-57.4079,47.6175,1.5547]]],
[[[-57.3933,47.6214,0.0],[-57.3919,47.6228,11.4238],[-57.3947,47.6239,0.0],[-57.3989,47.6208,2.3739],[-57.3972,47.62,0.0],[-57.3933,47.6214,0.0]]],
[[[-57.4007,47.6226,4.8377],[-57.401,47.6238,0.0],[-57.4037,47.6242,0.0],[-57.4028,47.6217,0.0],[-57.4007,47.6226,4.8377]]],
[[[-56.1744,47.6246,16.5532],[-56.1789,47.6281,11.8263],[-56.1872,47.6275,4.9144],[-56.1853,47.6256,1.8933],[-56.1794,47.6258,20.5708],[-56.1765,47.6202,0.0],[-56.1722,47.6218,1.5025],[-56.1744,47.6246,16.5532]]],
[[[-56.2,47.6269,11.3151],[-56.2053,47.6289,0.0],[-56.2056,47.6317,0.0],[-56.2078,47.6336,24.6514],[-56.2158,47.6308,0.0],[-56.2192,47.6278,0.0],[-56.2181,47.6258,5.1972],[-56.2128,47.625,0.0],[-56.2172,47.6236,0.0],[-56.2172,47.6211,0.0],[-56.2097,47.6192,8.941],[-56.2078,47.6161,1.3205],[-56.2003,47.6169,0.0],[-56.2019,47.6194,0.0],[-56.1997,47.6203,0.0],[-56.2025,47.6217,4.1954],[-56.1992,47.6242,12.6254],[-56.2,47.6269,11.3151]]],
[[[-56.1619,47.6261,0.544],[-56.1586,47.6272,0.0],[-56.1631,47.6334,34.88],[-56.1657,47.6334,1.3077],[-56.1706,47.6297,9.5549],[-56.1683,47.6272,17.8915],[-56.1619,47.6261,0.544]]],
[[[-56.2111,47.635,0.5401],[-56.2155,47.6361,0.0],[-56.2186,47.6353,0.0],[-56.2136,47.6333,0.0],[-56.2111,47.635,0.5401]]],
[[[-56.1483,47.655,5.7285],[-56.1522,47.6564,5.4528],[-56.1633,47.6558,0.0],[-56.1669,47.6539,3.1064],[-56.1669,47.6519,5.0455],[-56.1538,47.6461,0.0],[-56.1475,47.6476,82.1643],[-56.1428,47.6468,0.0],[-56.1426,47.6508,16.7703],[-56.1483,47.655,5.7285]]],
[[[-56.1781,47.6567,0.0],[-56.1777,47.6577,0.4143],[-56.1809,47.6582,0.0],[-56.1804,47.6577,0.0],[-56.1781,47.6567,0.0]]],
[[[-56.0364,47.6786,0.3919],[-56.0376,47.6764,0.0],[-56.0344,47.6783,0.0],[-56.035,47.6794,0.0],[-56.0364,47.6786,0.3919]]],
[[[-55.9542,47.7084,7.193],[-55.9568,47.7111,0.0],[-55.9645,47.7103,27.3692],[-55.9722,47.7056,0.0],[-55.9619,47.7046,6.7965],[-55.9542,47.7084,7.193]]],
[[[-56.1633,47.73,1.531],[-56.165,47.7286,0.0],[-56.16,47.7292,7.4155],[-56.1578,47.7317,2.1344],[-56.1586,47.7319,2.1344],[-56.1633,47.73,1.531]]],
[[[-56.1225,47.7347,4.8521],[-56.1178,47.7378,40.6558],[-56.1175,47.7419,0.0],[-56.12,47.7428,0.0],[-56.1197,47.7408,3.2072],[-56.1228,47.74,7.3228],[-56.1242,47.7369,40.6682],[-56.1275,47.7375,0.0],[-56.1331,47.7342,0.0],[-56.1303,47.7322,7.1741],[-56.1225,47.7347,4.8521]]],
[[[-55.8542,47.775,2.2605],[-55.8575,47.7772,0.0],[-55.8716,47.7743,5.0655],[-55.8882,47.7684,3.1259],[-55.8947,47.7632,23.2667],[-55.9198,47.7561,11.5377],[-55.9275,47.7556,0.0],[-55.9386,47.7586,17.884],[-55.9435,47.7584,18.6962],[-55.9756,47.7503,42.5374],[-55.9896,47.7431,6.4679],[-55.9917,47.7399,54.9326],[-55.9954,47.7386,19.6326],[-55.9947,47.7355,8.5957],[-56.0039,47.7286,75.4663],[-56.0256,47.7226,0.0],[-56.0262,47.7177,4.7018],[-56.0319,47.715,0.0],[-56.0316,47.7128,0.0],[-56.0335,47.7108,0.0],[-56.0277,47.7081,0.0],[-56.0148,47.7123,17.5772],[-56.0109,47.7094,0.0],[-56.0033,47.71,0.0],[-55.9924,47.7123,19.249],[-55.9852,47.7163,42.6056],[-55.9708,47.7169,0.0],[-55.9621,47.7198,24.3803],[-55.9536,47.7203,0.0],[-55.9453,47.7256,18.8881],[-55.9487,47.7286,7.7356],[-55.9514,47.7278,26.3617],[-55.9524,47.7308,1.0201],[-55.9549,47.7315,3.3149],[-55.952,47.7326,7.0389],[-55.9483,47.7317,8.9836],[-55.9497,47.7299,0.0],[-55.945,47.73,0.0],[-55.9443,47.7271,0.0],[-55.9364,47.7231,4.7803],[-55.8992,47.7292,2.2532],[-55.8814,47.7394,17.5479],[-55.8918,47.7413,15.9814],[-55.8844,47.7456,10.5764],[-55.879,47.7518,0.0],[-55.8718,47.7536,0.0],[-55.8641,47.7584,0.0],[-55.8603,47.7636,0.0],[-55.8559,47.7655,0.0],[-55.8523,47.7725,8.2968],[-55.8542,47.775,2.2605]]],
[[[-55.3666,47.6502,11.2669],[-55.3713,47.6478,4.2485],[-55.3712,47.6461,3.3101],[-55.3672,47.6469,6.9846],[-55.3655,47.6493,11.2669],[-55.3666,47.6502,11.2669]]],
[[[-55.3269,47.664,2.0107],[-55.3286,47.6639,0.0],[-55.3287,47.6629,3.1979],[-55.326,47.663,6.2282],[-55.3269,47.664,2.0107]]],
[[[-55.0586,47.665,0.0],[-55.0556,47.6644,0.0],[-55.0545,47.6659,1.6283],[-55.056399999999996,47.6669,12.3813],[-55.0586,47.665,0.0]]],
[[[-55.8296,47.7814,0.0],[-55.8294,47.7833,0.0],[-55.8319,47.7842,0.0],[-55.8388,47.7829,3.719],[-55.8467,47.7796,0.0],[-55.8486,47.7756,0.0],[-55.8412,47.7698,1.4133],[-55.8378,47.7697,0.0],[-55.828,47.7739,0.0],[-55.8288,47.7751,0.0],[-55.8268,47.7778,0.0],[-55.8294,47.7794,0.0],[-55.8296,47.7814,0.0]]],
[[[-54.9549,47.7677,5.2055],[-54.9535,47.7668,0.0],[-54.953,47.7669,8.6493],[-54.9556,47.769,0.0],[-54.9549,47.7677,5.2055]]],
[[[-57.355,47.6306,2.5081],[-57.3561,47.6325,0.0],[-57.3586,47.6308,0.0],[-57.3572,47.6297,0.0],[-57.355,47.6306,2.5081]]]]}
,"properties": {"GID_2": "CAN.5.5_1","GID_0": "CAN","country": "Canada","GID_1": "CAN.5_1","province": "NewfoundlandandLabrador","NL_NAME_1": "NA","county": "DivisionNo.3","VARNAME_2": "NA","NL_NAME_2": "NA","TYPE_2": "CensusDivision","ENGTYPE_2": "CensusDivision","CC_2": "03","HASC_2": "CA.NF.TR","name": "Division_No.3.county","area_km2": 22297.34,"hist_schema_id": "Elevation0-9000","hist_area_km2": {"0": 265.76,"25": 378.09,"50": 388.35,"75": 435.38,"100": 511.51,"125": 600.04,"150": 931.13,"175": 1594.24,"200": 2207.54,"225": 2097.76,"250": 2037.02,"275": 2664.3,"300": 1768.05,"325": 1509.36,"350": 1191.5,"375": 902.99,"400": 746.17,"425": 605.05,"450": 519.35,"475": 465.77,"500": 295.7,"525": 115.5,"550": 48.33,"575": 12.96,"600": 4.8,"625": 0.49}}}