{"type":"Feature","properties":{"GID_2":"CAN.2.5_1","GID_0":"CAN","country":"Canada","GID_1":"CAN.2_1","province":"BritishColumbia","NL_NAME_1":"NA","county":"CentralCoast","VARNAME_2":"NA","NL_NAME_2":"NA","TYPE_2":"RegionalDistrict","ENGTYPE_2":"RegionalDistrict","CC_2":"45","HASC_2":"CA.BC.CC","name":"Central_Coast.county"},
"geometry":{"type": "MultiPolygon","coordinates": [[[[-128.1128,51.4897,0.4698],[-128.1061,51.4894,1.2605],[-128.1,51.4994,0.0],[-128.1028,51.5003,0.0],[-128.1083,51.4981,0.0],[-128.1122,51.493899999999996,0.0],[-128.1128,51.4897,0.4698]]],
[[[-128.105,51.6877,3.7846],[-128.1072,51.6878,3.7749],[-128.1089,51.6858,0.0],[-128.1055,51.6855,3.9225],[-128.105,51.6877,3.7846]]],
[[[-128.1093,51.6922,0.0],[-128.1105,51.6881,0.0],[-128.1044,51.6911,0.0],[-128.1064,51.692,24.6495],[-128.1093,51.6922,0.0]]],
[[[-128.0732,51.6911,0.0],[-128.0701,51.6923,0.0],[-128.0706,51.6947,7.7006],[-128.0744,51.6933,5.6904],[-128.075,51.6911,0.0],[-128.0732,51.6911,0.0]]],
[[[-128.1649,51.6492,0.0],[-128.1651,51.647,0.0],[-128.1619,51.6479,0.0],[-128.1628,51.6498,0.0],[-128.1649,51.6492,0.0]]],
[[[-128.1526,51.6477,0.0],[-128.1526,51.6502,0.0],[-128.1599,51.6499,0.0],[-128.1541,51.6489,0.0],[-128.1526,51.6477,0.0]]],
[[[-128.1211,51.6808,4.3474],[-128.1189,51.6819,0.0],[-128.1222,51.6833,0.0],[-128.1233,51.6858,22.0769],[-128.1172,51.6908,0.0],[-128.1161,51.6939,0.0],[-128.1178,51.6947,0.9589],[-128.1311,51.6872,0.0],[-128.1317,51.6836,0.7617],[-128.1339,51.6825,0.0],[-128.1283,51.6822,8.4335],[-128.1322,51.6794,0.0],[-128.1322,51.6775,1.2041],[-128.13,51.6767,0.0],[-128.1255,51.6783,0.0],[-128.1267,51.6803,3.3377],[-128.125,51.6811,7.8907],[-128.1211,51.6808,4.3474]]],
[[[-128.1384,51.7337,0.0],[-128.1356,51.7331,0.0],[-128.1339,51.735,6.9198],[-128.1372,51.7372,0.0],[-128.1444,51.7358,0.0],[-128.1428,51.7344,0.0],[-128.1384,51.7337,0.0]]],
[[[-127.9967,51.7321,2.3244],[-128.0011,51.7342,0.0],[-128.0067,51.7289,0.0],[-128.0085,51.7291,0.0],[-128.01,51.7319,13.8096],[-128.0122,51.7314,25.9533],[-128.0161,51.7272,0.0],[-128.0239,51.725,0.0],[-128.0217,51.7236,15.6819],[-128.025,51.7217,4.0101],[-128.0428,51.7161,4.8723],[-128.0461,51.7117,18.946],[-128.0433,51.7077,30.029],[-128.0528,51.705,0.0],[-128.0517,51.7025,6.3236],[-128.0567,51.7025,15.5602],[-128.0544,51.7072,0.0],[-128.06,51.7114,3.8692],[-128.0622,51.7103,21.6136],[-128.0661,51.7061,0.0],[-128.0628,51.7031,0.0],[-128.065,51.7011,0.0],[-128.0639,51.6986,2.5728],[-128.0689,51.6953,7.7006],[-128.0688,51.6917,16.8988],[-128.0806,51.6872,12.3549],[-128.0806,51.6833,17.9885],[-128.0822,51.681399999999996,0.0],[-128.0789,51.6792,18.4403],[-128.0784,51.6767,28.5681],[-128.085,51.6692,8.7745],[-128.0783,51.6653,17.5673],[-128.0856,51.6622,0.0],[-128.0867,51.6583,1.6845],[-128.0822,51.6569,0.0],[-128.07,51.6589,15.1717],[-128.0644,51.6569,0.0],[-128.0533,51.6589,31.3704],[-128.0517,51.6569,0.0],[-128.0461,51.6561,0.0],[-128.0154,51.6553,0.0],[-128.0039,51.6575,21.723],[-127.9967,51.6548,2.6199],[-127.9752,51.6547,6.6089],[-127.9711,51.6531,0.0],[-127.9666,51.654,6.697],[-127.965,51.6569,0.0],[-127.96,51.6564,5.4209],[-127.9622,51.6586,4.041],[-127.9636,51.6698,0.0],[-127.9684,51.6731,17.2109],[-127.9804,51.6873,30.9939],[-127.9833,51.6967,44.2597],[-127.9835,51.7032,25.7654],[-127.9882,51.7097,0.0],[-127.9884,51.7174,0.0],[-127.9933,51.7272,8.9334],[-127.9989,51.7269,0.0],[-128.0,51.725,15.6744],[-128.0072,51.7258,1.501],[-128.0044,51.7284,0.0],[-128.0028,51.7267,0.0],[-127.9967,51.7292,1.9584],[-127.9967,51.7321,2.3244]]],
[[[-128.0725,51.6954,5.615],[-128.0701,51.6969,0.0],[-128.0702,51.7004,0.0],[-128.0756,51.7031,0.0],[-128.09,51.6972,1.8362],[-128.0922,51.6933,1.1651],[-128.0822,51.69,0.0],[-128.0725,51.6954,5.615]]],
[[[-128.0983,51.7253,0.0],[-128.0994,51.7244,0.0],[-128.0978,51.7236,0.0],[-128.0945,51.7242,0.0],[-128.0967,51.7272,0.0],[-128.0983,51.7253,0.0]]],
[[[-128.0828,51.7314,2.3549],[-128.0878,51.7283,0.0],[-128.0828,51.7286,0.0],[-128.0817,51.7314,2.3549],[-128.0828,51.7314,2.3549]]],
[[[-128.0867,51.7319,0.0],[-128.0839,51.7344,3.8616],[-128.0894,51.735,4.1852],[-128.095,51.7325,0.0],[-128.0911,51.7306,4.486],[-128.0945,51.7303,3.6228],[-128.0961,51.7283,0.0],[-128.0933,51.7269,0.0],[-128.0911,51.73,0.0],[-128.0867,51.7319,0.0]]],
[[[-128.0711,51.7461,0.0],[-128.0717,51.745,0.0],[-128.0683,51.7447,0.0],[-128.0689,51.7467,6.6544],[-128.0711,51.7461,0.0]]],
[[[-128.0672,51.7483,2.2202],[-128.0644,51.7453,0.0],[-128.0622,51.7469,0.0],[-128.0644,51.7492,0.0],[-128.0672,51.7483,2.2202]]],
[[[-128.0794,51.7544,0.0],[-128.0778,51.7517,0.8051],[-128.0756,51.7508,0.8051],[-128.0756,51.7547,6.9679],[-128.0794,51.7544,0.0]]],
[[[-128.125,51.7356,0.0],[-128.1278,51.7378,3.31],[-128.1322,51.7381,11.3902],[-128.1306,51.735,0.0],[-128.125,51.7356,0.0]]],
[[[-128.1464,51.7481,0.0],[-128.1433,51.7464,0.0],[-128.1405,51.7481,0.0],[-128.1417,51.7504,0.0],[-128.1401,51.7561,0.0],[-128.1435,51.7571,0.0],[-128.1478,51.7542,0.8219],[-128.1444,51.75,0.3408],[-128.1464,51.7481,0.0]]],
[[[-128.1306,51.7661,0.0],[-128.1272,51.7647,0.0],[-128.125,51.7669,0.0],[-128.1283,51.7675,0.0],[-128.1306,51.7661,0.0]]],
[[[-128.1672,51.7925,4.8599],[-128.1706,51.7906,0.0],[-128.1711,51.7881,0.0],[-128.1667,51.7856,0.0],[-128.1578,51.7931,5.2323],[-128.1639,51.7939,0.0],[-128.1672,51.7925,4.8599]]],
[[[-128.0789,51.7839,0.0],[-128.0867,51.7858,4.3265],[-128.105,51.7833,9.3699],[-128.1139,51.7842,0.0],[-128.1206,51.7811,0.0],[-128.1167,51.7742,0.0],[-128.1228,51.7697,0.0],[-128.1151,51.7674,6.0719],[-128.1216,51.7675,0.0],[-128.1228,51.7639,0.0],[-128.1283,51.7628,10.6153],[-128.13,51.7603,0.6688],[-128.1245,51.7572,10.5131],[-128.1299,51.7545,20.9217],[-128.1322,51.7544,4.4917],[-128.1322,51.7567,5.1846],[-128.135,51.7581,0.0],[-128.1391,51.7569,0.0],[-128.1372,51.7558,12.4706],[-128.1395,51.7556,0.0],[-128.1383,51.7544,20.4802],[-128.1393,51.7524,1.7477],[-128.1356,51.7511,1.6302],[-128.1361,51.7494,0.0],[-128.1333,51.7494,0.0],[-128.1339,51.7511,7.0486],[-128.132,51.7522,3.5057],[-128.1289,51.7494,0.0],[-128.1363,51.7474,0.0],[-128.1361,51.7453,0.0],[-128.1278,51.7428,12.3538],[-128.1272,51.7411,22.4191],[-128.1289,51.7397,0.0],[-128.1167,51.7356,9.5547],[-128.1133,51.7369,0.0],[-128.1122,51.7383,0.0],[-128.1133,51.7389,0.0],[-128.1083,51.7408,10.0687],[-128.1072,51.7486,5.1109],[-128.105,51.7497,0.0],[-128.1028,51.7481,17.7179],[-128.1006,51.7425,0.0],[-128.0906,51.745,0.0],[-128.0856,51.7481,17.86],[-128.0839,51.7497,0.0],[-128.0856,51.7514,51.1686],[-128.0806,51.7531,0.0],[-128.0828,51.7539,1.2949],[-128.0811,51.7556,0.0],[-128.085,51.7564,6.1417],[-128.0794,51.7631,0.0],[-128.0789,51.7717,0.0],[-128.0767,51.7767,0.0],[-128.0767,51.7828,5.3295],[-128.0789,51.7839,0.0]]],
[[[-128.0506,51.7851,32.4295],[-128.0489,51.7865,0.0],[-128.0523,51.7869,18.2686],[-128.0596,51.7803,49.223],[-128.0622,51.7842,4.2949],[-128.0685,51.7835,48.9243],[-128.0743,51.7793,0.0],[-128.0742,51.7781,0.0],[-128.0694,51.7773,10.5357],[-128.0728,51.7764,5.1456],[-128.0711,51.7747,4.023],[-128.0738,51.7701,0.0],[-128.0705,51.7705,18.6622],[-128.0706,51.7664,11.264],[-128.0667,51.7658,5.7249],[-128.0715,51.7618,3.9605],[-128.0719,51.755,0.0],[-128.0667,51.755,0.0],[-128.0594,51.7611,8.5819],[-128.0578,51.7644,0.0],[-128.0606,51.7686,52.1986],[-128.0556,51.7703,4.4727],[-128.0528,51.7739,62.1771],[-128.0489,51.7822,19.3676],[-128.0506,51.7851,32.4295]]],
[[[-127.9983,51.7864,0.0],[-127.9989,51.7886,14.1726],[-128.0031,51.7883,19.9739],[-128.0039,51.7978,3.386],[-128.0078,51.7992,0.0],[-128.0161,51.7883,6.191],[-128.0339,51.7858,0.0],[-128.0489,51.7786,3.4759],[-128.0506,51.7736,10.5239],[-128.0544,51.7689,4.4727],[-128.0522,51.765,43.9105],[-128.0556,51.7639,6.0144],[-128.0583,51.76,26.5546],[-128.0544,51.7569,0.0],[-128.0506,51.7597,15.8766],[-128.0472,51.7597,51.8111],[-128.0517,51.7567,10.5353],[-128.0539,51.7517,0.0],[-128.0489,51.7461,2.6923],[-128.05,51.7431,4.3073],[-128.0483,51.7422,4.3073],[-128.0451,51.7461,3.2941],[-128.0433,51.7447,0.0],[-128.0389,51.7467,3.6671],[-128.0411,51.7433,0.0],[-128.0356,51.7425,4.2718],[-128.0089,51.7547,0.0],[-128.0083,51.7575,0.0],[-128.0117,51.7594,24.4014],[-128.0056,51.7617,11.485],[-128.0083,51.7678,0.0],[-128.0061,51.7689,12.8434],[-128.0044,51.7672,0.0],[-128.0022,51.7689,0.0],[-128.0022,51.7758,0.0],[-128.0044,51.7789,12.106],[-128.0005,51.7811,0.0],[-127.9983,51.7864,0.0]]],
[[[-128.0283,51.7908,0.0],[-128.0305,51.7889,0.0],[-128.0289,51.7878,2.33],[-128.0251,51.7899,4.3586],[-128.0253,51.7921,0.0],[-128.0283,51.7908,0.0]]],
[[[-128.2017,51.7947,3.1974],[-128.2028,51.7994,0.0],[-128.2056,51.7972,6.4468],[-128.2078,51.8,0.0],[-128.2139,51.7964,0.0],[-128.2133,51.7925,0.0],[-128.2089,51.7908,0.0],[-128.2017,51.7947,3.1974]]],
[[[-128.175,51.7933,0.0],[-128.1639,51.7961,3.2999],[-128.1678,51.8006,0.0],[-128.18,51.7958,0.0],[-128.1783,51.7922,0.0],[-128.1767,51.7917,0.0],[-128.175,51.7933,0.0]]],
[[[-128.1267,51.8011,1.4753],[-128.1217,51.8028,0.0],[-128.1294,51.8047,2.6058],[-128.1339,51.7994,0.0],[-128.1322,51.7992,0.0],[-128.1267,51.8011,1.4753]]],
[[[-128.1756,51.8092,0.0],[-128.1789,51.8072,0.0],[-128.1722,51.8069,0.0],[-128.1728,51.8083,0.0],[-128.1756,51.8092,0.0]]],
[[[-128.1922,51.8319,9.0779],[-128.2033,51.8339,0.0],[-128.2039,51.8325,0.0],[-128.2011,51.8297,0.0],[-128.1956,51.8264,9.4799],[-128.2044,51.8231,1.773],[-128.2061,51.8197,0.0],[-128.21,51.8197,0.0],[-128.2072,51.8181,12.5138],[-128.2094,51.8164,3.3392],[-128.2117,51.8203,0.0],[-128.2161,51.8208,0.0],[-128.2183,51.8228,0.0],[-128.2239,51.8194,0.0],[-128.2211,51.8158,0.0],[-128.2156,51.8181,0.0],[-128.2133,51.8172,0.0],[-128.2178,51.8114,8.8358],[-128.2139,51.8078,16.0724],[-128.2178,51.8053,0.0],[-128.2039,51.8044,1.5965],[-128.2006,51.8003,0.0],[-128.1989,51.8011,0.0],[-128.2,51.8028,2.0315],[-128.1983,51.8042,3.2042],[-128.1922,51.805,0.0],[-128.1917,51.8069,0.0],[-128.1861,51.8103,2.6999],[-128.1844,51.8133,0.0],[-128.185,51.8183,0.0],[-128.1928,51.8214,19.2428],[-128.1933,51.8242,2.019],[-128.1911,51.8256,3.9826],[-128.1889,51.8225,4.9778],[-128.1861,51.8258,5.3379],[-128.1889,51.8269,2.6448],[-128.1906,51.8292,23.6873],[-128.1894,51.8306,0.0],[-128.1922,51.8319,9.0779]]],
[[[-128.2035,51.8299,0.0],[-128.2056,51.8297,0.0],[-128.2044,51.8275,2.9208],[-128.2017,51.8278,3.6356],[-128.2017,51.8281,3.6356],[-128.2035,51.8299,0.0]]],
[[[-128.18,51.8317,3.4177],[-128.185,51.8331,0.0],[-128.1867,51.8367,7.7977],[-128.1911,51.8344,0.0],[-128.1832,51.8269,42.4948],[-128.1856,51.8219,0.0],[-128.179,51.8221,0.0],[-128.1806,51.8244,39.6567],[-128.1783,51.8306,0.0],[-128.18,51.8317,3.4177]]],
[[[-128.1782,51.8394,0.0],[-128.1811,51.8375,0.0],[-128.1772,51.8375,0.0],[-128.1761,51.8394,0.0],[-128.1782,51.8394,0.0]]],
[[[-128.2489,51.8617,15.6447],[-128.2589,51.8636,0.9408],[-128.2611,51.8628,0.0],[-128.2606,51.8608,0.0],[-128.2661,51.8586,0.0],[-128.2689,51.8542,0.0],[-128.2694,51.8469,41.8438],[-128.2706,51.8461,7.5258],[-128.2739,51.8478,10.4268],[-128.2767,51.8458,0.0],[-128.2756,51.8411,15.6627],[-128.2772,51.8397,0.0],[-128.2744,51.8383,0.0],[-128.2611,51.8425,9.1279],[-128.2683,51.8375,4.3263],[-128.2655,51.8361,0.0],[-128.2615,51.8369,0.0],[-128.2587,51.838,0.0],[-128.2596,51.8398,0.0],[-128.257,51.8412,3.0361],[-128.2563,51.8383,0.0],[-128.2544,51.8381,2.6405],[-128.2583,51.8361,0.0],[-128.2517,51.8339,8.216],[-128.2489,51.835,0.0],[-128.2472,51.8328,0.0],[-128.2444,51.835,0.0],[-128.2372,51.8364,0.0],[-128.2361,51.8386,11.2124],[-128.2378,51.8525,8.6204],[-128.2417,51.8561,5.1688],[-128.2406,51.8575,0.0],[-128.2422,51.8592,0.0],[-128.2456,51.8592,7.8903],[-128.2489,51.8617,15.6447]]],
[[[-128.25,51.8664,0.0],[-128.245,51.8642,0.0],[-128.2433,51.8653,0.0],[-128.2433,51.8686,0.0],[-128.2467,51.8711,0.0],[-128.2511,51.8678,0.0],[-128.25,51.8664,0.0]]],
[[[-128.2195,51.9747,10.5386],[-128.2217,51.9769,11.5659],[-128.2322,51.9772,0.0],[-128.2382,51.9725,0.0],[-128.2388,51.9693,0.0],[-128.2361,51.9664,4.6608],[-128.2406,51.9644,19.1411],[-128.2411,51.96,6.5195],[-128.2351,51.9553,4.3562],[-128.2317,51.9556,0.0],[-128.2372,51.9539,0.0],[-128.2391,51.9499,0.0],[-128.2306,51.9458,7.0209],[-128.2356,51.9439,6.1971],[-128.2389,51.9464,6.4151],[-128.2384,51.9482,0.0],[-128.245,51.9497,9.8129],[-128.2456,51.9467,21.2064],[-128.2489,51.9436,0.0],[-128.2486,51.9401,11.8358],[-128.2511,51.9397,0.0],[-128.2517,51.9367,16.2001],[-128.2539,51.9347,29.7324],[-128.2517,51.9294,0.0],[-128.255,51.9278,2.8286],[-128.255,51.9256,5.1217],[-128.25,51.9236,1.0972],[-128.2533,51.9222,1.0972],[-128.2556,51.9192,0.2461],[-128.255,51.9175,0.0],[-128.2406,51.9039,4.3823],[-128.2331,51.905,0.0],[-128.2322,51.9075,7.6714],[-128.2283,51.9094,16.8071],[-128.2289,51.9156,12.615],[-128.2272,51.9203,0.0],[-128.2233,51.9183,0.0],[-128.2233,51.9111,0.0],[-128.2144,51.9136,0.0],[-128.2094,51.9194,3.4264],[-128.2072,51.9186,13.1022],[-128.21,51.9131,0.0],[-128.2056,51.9117,0.0],[-128.2023,51.9141,0.9712],[-128.2024,51.9168,0.0],[-128.1994,51.9186,0.0],[-128.2022,51.9233,4.9395],[-128.2072,51.9239,0.0],[-128.2089,51.9219,12.4438],[-128.2106,51.9253,3.9901],[-128.21,51.9414,0.0],[-128.2067,51.9397,0.0],[-128.2072,51.9356,7.045],[-128.2022,51.9369,0.0],[-128.2028,51.9411,16.0386],[-128.2067,51.9464,1.664],[-128.2056,51.9483,7.8603],[-128.2078,51.9497,0.0],[-128.2069,51.9508,0.0],[-128.2089,51.9558,0.0],[-128.2133,51.955,0.0],[-128.2113,51.9543,2.2876],[-128.2117,51.9508,0.0],[-128.2144,51.9486,0.0],[-128.2089,51.9469,0.0],[-128.215,51.9461,4.3383],[-128.2161,51.9442,0.0],[-128.2133,51.9428,2.9109],[-128.2178,51.9408,22.005],[-128.2172,51.9386,11.4133],[-128.2206,51.9358,12.8435],[-128.2206,51.9342,8.1827],[-128.2156,51.931399999999996,0.0],[-128.2167,51.9306,0.0],[-128.2161,51.9253,4.0859],[-128.2226,51.921,5.2329],[-128.2276,51.9244,46.9495],[-128.2278,51.9297,12.9063],[-128.2294,51.9325,0.0],[-128.2228,51.9311,0.0],[-128.2228,51.9386,0.0],[-128.2167,51.9461,4.3383],[-128.2195,51.9489,2.564],[-128.2156,51.9503,0.0],[-128.2189,51.9533,0.0],[-128.2156,51.9619,33.4406],[-128.2094,51.9653,0.0],[-128.2106,51.9697,0.0],[-128.2195,51.9747,10.5386]]],
[[[-128.245,51.9533,0.0],[-128.2444,51.9506,1.9395],[-128.2417,51.9503,8.0453],[-128.2406,51.9517,2.6995],[-128.2433,51.9544,0.0],[-128.245,51.9533,0.0]]],
[[[-128.2725,51.9427,0.0],[-128.2772,51.9403,6.4364],[-128.2769,51.9386,0.0],[-128.2678,51.9403,0.0],[-128.2683,51.9464,0.0],[-128.2725,51.9427,0.0]]],
[[[-128.2844,51.9464,0.0],[-128.2822,51.9486,0.0],[-128.2822,51.9531,2.7376],[-128.2794,51.9553,0.0],[-128.2817,51.9578,12.09],[-128.28,51.9614,0.0],[-128.2817,51.9647,3.0435],[-128.2883,51.9636,20.0545],[-128.2889,51.9603,28.7393],[-128.2911,51.9592,0.0],[-128.2894,51.9544,1.9713],[-128.2869,51.9526,5.5959],[-128.2889,51.95,12.3527],[-128.2856,51.9486,2.4264],[-128.2898,51.9468,1.9568],[-128.2881,51.9441,23.9247],[-128.2928,51.9472,0.0],[-128.2944,51.9464,1.6281],[-128.2939,51.9442,6.4355],[-128.2961,51.9436,27.4015],[-128.2983,51.945,14.3297],[-128.2956,51.9467,0.0],[-128.2967,51.9475,0.0],[-128.3022,51.9439,0.0],[-128.3044,51.9394,2.9033],[-128.2922,51.9367,0.0],[-128.2879,51.9373,0.0],[-128.2874,51.9396,0.0],[-128.2817,51.9406,0.0],[-128.285,51.9428,20.2052],[-128.2844,51.9464,0.0]]],
[[[-128.2944,51.9519,1.9233],[-128.2967,51.9531,1.7188],[-128.2978,51.9508,0.0],[-128.2967,51.9489,0.0],[-128.2956,51.9494,0.0],[-128.2944,51.9519,1.9233]]],
[[[-128.275,51.9528,3.4622],[-128.2733,51.9519,0.0],[-128.2711,51.9544,0.0],[-128.2728,51.955,0.0],[-128.275,51.9528,3.4622]]],
[[[-128.2689,51.9606,0.0],[-128.27,51.9581,2.7328],[-128.2683,51.9569,0.0],[-128.265,51.9592,0.0],[-128.2644,51.9617,0.0],[-128.2667,51.9628,0.0],[-128.2689,51.9606,0.0]]],
[[[-128.2967,51.9631,0.0],[-128.2928,51.96,0.0],[-128.29,51.9633,1.2008],[-128.2939,51.9644,0.0],[-128.2967,51.9631,0.0]]],
[[[-128.2767,51.9644,0.903],[-128.2761,51.9614,3.0783],[-128.2728,51.9608,3.0783],[-128.2733,51.9644,1.437],[-128.2767,51.9644,0.903]]],
[[[-128.2661,51.9717,14.6503],[-128.2639,51.9692,1.0708],[-128.2606,51.9714,0.0],[-128.2644,51.9742,0.0],[-128.2661,51.9717,14.6503]]],
[[[-128.2517,51.9594,0.0],[-128.2522,51.9578,0.0],[-128.2495,51.9575,0.0],[-128.2478,51.9592,0.0],[-128.2483,51.9617,11.3328],[-128.2517,51.9622,0.0],[-128.2517,51.9594,0.0]]],
[[[-128.2511,51.9653,0.0],[-128.2483,51.9647,0.0],[-128.2439,51.9664,0.0],[-128.2472,51.9675,0.0],[-128.2511,51.9653,0.0]]],
[[[-128.2172,51.9786,9.038],[-128.2172,51.9749,0.0],[-128.2133,51.9747,0.0],[-128.2128,51.9767,0.0],[-128.2144,51.9784,7.0711],[-128.2172,51.9786,9.038]]],
[[[-128.2056,51.985,12.3461],[-128.2039,51.9867,0.0],[-128.2094,51.9897,0.0],[-128.2183,51.9883,4.429],[-128.2206,51.9856,5.8273],[-128.2188,51.9827,5.3839],[-128.2106,51.9803,0.0],[-128.2056,51.9814,0.0],[-128.2067,51.9831,2.8692],[-128.2056,51.985,12.3461]]],
[[[-128.135,51.8511,0.0],[-128.1361,51.8508,0.0],[-128.135,51.8481,0.0],[-128.1327,51.8477,3.7902],[-128.1339,51.8506,1.0859],[-128.135,51.8511,0.0]]],
[[[-128.1567,51.8542,11.5246],[-128.1583,51.8553,1.3199],[-128.1594,51.8528,1.4077],[-128.1567,51.8519,0.0],[-128.1567,51.8542,11.5246]]],
[[[-128.1272,51.8589,0.0],[-128.1317,51.8614,12.7394],[-128.1367,51.86,0.0],[-128.1344,51.8569,12.0711],[-128.1356,51.852,0.0],[-128.1317,51.8517,0.0],[-128.1321,51.8559,17.4109],[-128.1272,51.8589,0.0]]],
[[[-128.1243,51.8663,5.23],[-128.1211,51.8675,1.3017],[-128.1189,51.8711,0.0],[-128.1257,51.8703,2.3257],[-128.125,51.8686,16.7766],[-128.1278,51.8652,0.0],[-128.1254,51.8647,0.0],[-128.1243,51.8663,5.23]]],
[[[-128.0278,51.7958,0.0],[-128.0294,51.7933,2.6387],[-128.0283,51.7928,2.6387],[-128.0197,51.7953,0.0],[-128.0183,51.8011,8.613],[-128.02,51.8025,0.0],[-128.0239,51.8014,3.9817],[-128.0278,51.7958,0.0]]],
[[[-128.0467,51.8136,0.0],[-128.0417,51.8125,0.0],[-128.0433,51.8161,0.0],[-128.0461,51.8153,39.2963],[-128.0467,51.8136,0.0]]],
[[[-128.1222,51.8433,1.9111],[-128.1233,51.8425,0.0],[-128.1217,51.8403,0.0],[-128.1206,51.8421,1.9111],[-128.1222,51.8433,1.9111]]],
[[[-127.9751,52.0714,0.0],[-127.9943,52.0763,0.0],[-128.0167,52.0725,0.0],[-128.0183,52.0703,0.0],[-128.0165,52.0689,2.7232],[-128.0206,52.0664,0.0],[-128.0117,52.0619,0.0],[-128.0094,52.0597,17.451],[-128.0106,52.0592,17.451],[-128.0215,52.0651,16.3213],[-128.0333,52.0636,0.3153],[-128.0511,52.065,0.0],[-128.0544,52.0603,0.0],[-128.05,52.0578,33.5008],[-128.0511,52.0569,18.3307],[-128.0667,52.0631,0.0],[-128.0678,52.0625,0.0],[-128.0661,52.0606,0.0],[-128.0596,52.0588,23.1044],[-128.0591,52.0577,3.9234],[-128.0628,52.0547,1.5956],[-128.0572,52.0506,24.5889],[-128.0656,52.0533,25.5927],[-128.0644,52.0544,1.5956],[-128.0683,52.0583,0.0],[-128.0733,52.0567,0.0],[-128.0717,52.0525,10.4395],[-128.0656,52.0478,6.5589],[-128.0667,52.0467,0.0],[-128.0739,52.05,18.9409],[-128.0728,52.0517,0.0],[-128.0739,52.0536,9.1054],[-128.0856,52.0608,0.0],[-128.0878,52.0597,0.0],[-128.0778,52.0544,0.4591],[-128.0797,52.0531,7.6428],[-128.0812,52.0549,1.0205],[-128.085,52.0539,0.0],[-128.0828,52.0511,0.0],[-128.0883,52.0487,8.4042],[-128.0922,52.0553,2.2336],[-128.09,52.0589,0.0],[-128.0906,52.0639,0.0],[-128.0883,52.0664,0.0],[-128.0933,52.07,2.7721],[-128.1022,52.0681,2.9401],[-128.1128,52.0736,5.1764],[-128.115,52.0722,3.4071],[-128.1156,52.0692,5.9237],[-128.1111,52.0653,0.0],[-128.1128,52.0617,4.5103],[-128.1083,52.0542,0.0],[-128.1111,52.0533,23.8221],[-128.1139,52.055,0.0],[-128.1172,52.0619,3.9715],[-128.1245,52.0631,0.0],[-128.1289,52.0594,0.0],[-128.1289,52.0581,0.0],[-128.1255,52.0567,6.5125],[-128.1306,52.0547,0.0],[-128.1322,52.0586,3.5484],[-128.1367,52.0586,10.3328],[-128.1394,52.0575,0.0],[-128.1394,52.0558,3.6154],[-128.1361,52.0531,4.4315],[-128.1394,52.0528,3.0365],[-128.1428,52.0553,5.8703],[-128.1555,52.0489,0.0],[-128.1598,52.0442,0.0],[-128.1592,52.0431,0.0],[-128.1567,52.0425,7.6254],[-128.1494,52.0453,0.0],[-128.1478,52.0467,0.0],[-128.1494,52.0483,8.0097],[-128.1439,52.0486,0.0],[-128.1422,52.0494,0.0],[-128.1433,52.0514,17.5972],[-128.1422,52.0519,0.0],[-128.1389,52.0497,0.0],[-128.1389,52.0483,0.0],[-128.1483,52.0444,16.4713],[-128.1506,52.0411,6.5712],[-128.1573,52.0395,0.0],[-128.1567,52.0356,0.0],[-128.1583,52.0292,0.0],[-128.1656,52.0256,0.0],[-128.1672,52.0231,0.0],[-128.1678,52.0192,0.0],[-128.1661,52.0167,0.0],[-128.1683,52.0147,0.0],[-128.165,52.0136,26.0035],[-128.1678,52.0103,0.0],[-128.1644,52.0064,8.9675],[-128.1678,52.0025,0.0],[-128.165,51.9975,12.0198],[-128.1783,51.9933,4.8977],[-128.1828,51.9897,3.916],[-128.1817,51.9872,5.359],[-128.1978,51.9786,0.0],[-128.1883,51.9769,2.0551],[-128.1978,51.9731,11.1871],[-128.1956,51.9711,35.5258],[-128.1962,51.9693,34.6541],[-128.1997,51.9698,7.2558],[-128.2061,51.9622,0.0],[-128.2017,51.9594,11.0088],[-128.2011,51.955,0.0],[-128.1989,51.9536,3.1804],[-128.205,51.9492,0.0],[-128.1969,51.9352,0.0],[-128.1941,51.935,0.0],[-128.1909,51.9378,5.4077],[-128.1916,51.934,0.0],[-128.1883,51.9325,0.0],[-128.1756,51.9336,0.0],[-128.1739,51.9319,2.68],[-128.1789,51.9292,0.0],[-128.1867,51.9303,3.3711],[-128.1933,51.9272,0.0],[-128.1928,51.9253,0.0],[-128.1889,51.9236,0.0],[-128.1922,51.9217,9.7234],[-128.1928,51.9133,0.0],[-128.1906,51.9111,0.0],[-128.1933,51.9058,4.3692],[-128.1961,51.9072,0.0],[-128.1944,51.9089,3.1584],[-128.195,51.9114,0.0],[-128.1983,51.9117,9.8524],[-128.2006,51.9097,0.0],[-128.1994,51.9081,1.3243],[-128.2033,51.9072,0.0],[-128.2067,51.9042,0.0],[-128.2072,51.9003,19.3796],[-128.2139,51.8967,0.0],[-128.2161,51.8975,11.2266],[-128.2144,51.8999,0.0],[-128.2167,51.9011,5.2198],[-128.2211,51.8986,23.2705],[-128.2267,51.9017,9.5487],[-128.2311,51.8969,17.5749],[-128.2383,51.9,0.0],[-128.24,51.8978,0.0],[-128.2467,51.8969,5.2241],[-128.2478,51.8944,6.2052],[-128.2383,51.8931,0.0],[-128.2345,51.8944,0.9411],[-128.2378,51.8908,0.0],[-128.2472,51.8928,0.0],[-128.2567,51.8894,0.0],[-128.2495,51.8878,5.5177],[-128.2517,51.885,0.0],[-128.2505,51.8842,0.0],[-128.2444,51.8861,9.7341],[-128.2456,51.8842,5.1736],[-128.2444,51.8831,4.8186],[-128.2472,51.8803,0.8961],[-128.2411,51.8775,0.0],[-128.2356,51.8817,9.5958],[-128.2337,51.881,0.0],[-128.2362,51.8791,0.0],[-128.2328,51.8769,0.0],[-128.2367,51.8772,0.0],[-128.2389,51.8747,0.0],[-128.2322,51.8692,16.1864],[-128.2333,51.8633,2.5031],[-128.2272,51.8603,23.2904],[-128.2306,51.8569,14.9123],[-128.2278,51.8539,0.0],[-128.2289,51.8487,6.8212],[-128.2299,51.8482,6.8212],[-128.2312,51.8504,0.0],[-128.2322,51.8483,0.0],[-128.2222,51.8414,0.0],[-128.2233,51.8381,0.0],[-128.2217,51.8372,0.0],[-128.2183,51.8397,0.0],[-128.2228,51.8442,0.0],[-128.2217,51.8456,0.0],[-128.2233,51.8472,17.781],[-128.2189,51.85,4.5317],[-128.2167,51.8539,21.8974],[-128.2156,51.8528,0.0],[-128.2178,51.8491,4.5317],[-128.2144,51.8467,12.2596],[-128.2161,51.8417,0.0],[-128.2106,51.8397,18.8567],[-128.2133,51.8386,0.0],[-128.21,51.8367,12.2125],[-128.2117,51.835,18.9122],[-128.2144,51.8364,3.0627],[-128.2144,51.8383,0.0],[-128.2178,51.8367,2.2835],[-128.21,51.8292,2.4641],[-128.2061,51.8336,5.5758],[-128.2067,51.8372,16.5944],[-128.2028,51.8433,12.8208],[-128.2039,51.845,19.7082],[-128.2028,51.8458,25.9549],[-128.1995,51.8412,0.0],[-128.203,51.8399,0.0],[-128.2028,51.8383,0.0],[-128.1972,51.8344,0.0],[-128.1944,51.8364,0.0],[-128.1917,51.8425,2.9333],[-128.1883,51.8431,3.7861],[-128.1878,51.8453,0.0],[-128.1856,51.8447,16.4059],[-128.1839,51.8425,12.6989],[-128.185,51.8408,0.0],[-128.1828,51.84,0.0],[-128.1756,51.8419,0.0],[-128.1756,51.8436,0.0],[-128.1812,51.8472,7.461],[-128.18,51.8586,12.8736],[-128.1856,51.8615,5.2312],[-128.1839,51.8636,0.0],[-128.1783,51.8614,0.0],[-128.177,51.8642,3.3551],[-128.1744,51.8625,0.0],[-128.1722,51.8636,7.7832],[-128.1711,51.8617,8.4969],[-128.1761,51.8556,0.0],[-128.1766,51.8509,0.0],[-128.1706,51.8464,0.0],[-128.1656,51.8467,3.2142],[-128.1617,51.8519,0.0],[-128.1633,51.8558,0.0],[-128.1622,51.8692,0.0],[-128.1581,51.8691,0.0],[-128.1567,51.8706,8.0332],[-128.1572,51.8767,0.0],[-128.1617,51.8792,12.5348],[-128.1578,51.8803,0.0],[-128.153,51.8789,20.538],[-128.1522,51.8784,30.0328],[-128.1542,51.8768,0.0],[-128.1522,51.8731,1.8204],[-128.1483,51.8742,14.801],[-128.1428,51.8717,0.0],[-128.1394,51.8739,3.1188],[-128.1397,51.8753,3.1188],[-128.1356,51.8744,0.0],[-128.1317,51.8761,2.1922],[-128.1278,51.8858,0.0],[-128.1289,51.8883,11.3797],[-128.1261,51.89,2.1195],[-128.1278,51.8911,0.0],[-128.1245,51.8925,6.4607],[-128.1233,51.8906,0.0],[-128.1267,51.8861,0.0],[-128.125,51.8842,1.9435],[-128.1261,51.8808,8.8837],[-128.1245,51.8783,5.8732],[-128.1272,51.8764,3.6761],[-128.1267,51.8747,0.0],[-128.1172,51.8742,1.9581],[-128.1156,51.8814,0.0],[-128.1128,51.8814,33.8814],[-128.1133,51.8792,20.4492],[-128.1111,51.8761,0.0],[-128.1139,51.8728,18.2198],[-128.1111,51.8692,0.0],[-128.1144,51.8658,0.0],[-128.1167,51.8597,3.5779],[-128.1278,51.8581,11.4229],[-128.13,51.855,3.6815],[-128.1239,51.8528,0.0],[-128.125,51.8514,2.6411],[-128.1211,51.8481,0.0],[-128.1161,51.8517,0.0],[-128.1144,51.8511,0.0],[-128.1133,51.8464,17.2999],[-128.1194,51.8472,0.0],[-128.1179,51.8445,31.3196],[-128.1194,51.8414,10.2075],[-128.1177,51.8395,33.0114],[-128.1206,51.8361,0.0],[-128.1172,51.8356,11.0315],[-128.1128,51.8383,0.0],[-128.1105,51.8367,0.0],[-128.1128,51.8347,13.0859],[-128.1128,51.8308,15.3323],[-128.1191,51.8309,0.0],[-128.1211,51.8222,0.0],[-128.125,51.8194,34.9695],[-128.1266,51.8202,31.0889],[-128.1199,51.8317,0.0],[-128.1269,51.8304,22.3242],[-128.1278,51.8331,0.0],[-128.1322,51.8353,34.4819],[-128.1383,51.8364,4.4322],[-128.1411,51.8353,0.0],[-128.1428,51.8317,4.369],[-128.1417,51.8297,0.0],[-128.1433,51.8197,0.0],[-128.1472,51.8164,0.0],[-128.1439,51.8136,0.0],[-128.1411,51.8136,0.0],[-128.135,51.8189,44.8182],[-128.1368,51.8205,21.8035],[-128.1314,51.8229,5.4052],[-128.1313,51.8214,0.0],[-128.1283,51.8206,19.9144],[-128.1333,51.8189,0.0],[-128.1328,51.8161,0.0],[-128.1347,51.813,0.0],[-128.1333,51.8119,0.0],[-128.1339,51.8081,0.0],[-128.1306,51.8058,0.0],[-128.1233,51.8056,17.754],[-128.1189,51.8075,10.6222],[-128.1139,51.8108,0.0],[-128.1148,51.8136,12.7437],[-128.1133,51.815,6.2525],[-128.1084,51.8134,0.0],[-128.1098,51.8116,3.8853],[-128.1083,51.8102,0.0],[-128.1043,51.8131,18.2927],[-128.1021,51.8104,0.0],[-128.1005,51.8113,0.7996],[-128.1013,51.8135,6.931],[-128.1,51.8132,6.931],[-128.0983,51.8117,0.0],[-128.1003,51.807,0.0],[-128.1067,51.8037,0.0],[-128.1033,51.8006,12.0698],[-128.1078,51.7983,3.3041],[-128.1111,51.7939,0.0],[-128.1161,51.7917,0.0],[-128.1161,51.79,3.5399],[-128.1039,51.7856,11.3073],[-128.0983,51.7872,28.1579],[-128.0861,51.7874,18.9291],[-128.08,51.7911,1.4075],[-128.0789,51.7903,57.2461],[-128.0812,51.7878,0.0],[-128.0783,51.7858,8.7947],[-128.0733,51.7886,0.0],[-128.0678,51.7894,3.1795],[-128.06,51.7978,0.0],[-128.0511,51.8017,0.0],[-128.0528,51.8028,26.6377],[-128.0483,51.8056,3.082],[-128.0517,51.8075,9.3128],[-128.05,51.8103,0.0],[-128.0506,51.8125,8.8567],[-128.0556,51.8142,0.0],[-128.0561,51.8175,0.0],[-128.0517,51.8189,20.6179],[-128.0494,51.8208,0.0],[-128.0494,51.8236,3.6623],[-128.0439,51.8267,24.9012],[-128.0417,51.8256,24.9012],[-128.0439,51.8239,11.3137],[-128.0417,51.8225,17.7693],[-128.0428,51.8183,14.2709],[-128.0411,51.8172,14.2709],[-128.0333,51.8189,18.0536],[-128.0283,51.8158,0.0],[-128.0194,51.8164,2.4952],[-128.0178,51.8203,17.1989],[-128.0217,51.8239,10.3136],[-128.0222,51.8278,0.0],[-128.0194,51.8297,0.0],[-128.0194,51.8317,0.0],[-128.0228,51.8342,0.0],[-128.0283,51.8344,2.4757],[-128.0322,51.8367,0.0],[-128.055,51.8378,16.344],[-128.0611,51.8394,18.9396],[-128.0317,51.8389,29.7539],[-128.0244,51.8472,12.326],[-128.0228,51.8464,41.8356],[-128.0239,51.8419,0.0],[-128.0217,51.8408,3.9093],[-128.0167,51.8414,2.2156],[-128.0133,51.8436,2.8005],[-128.0144,51.8458,2.6055],[-128.0133,51.8464,2.6055],[-128.0167,51.8492,6.5991],[-128.0167,51.8575,13.0762],[-128.015,51.8614,0.0],[-128.0161,51.8642,19.4801],[-128.0139,51.8686,8.3777],[-128.01,51.8706,0.0],[-128.0122,51.8739,1.4417],[-128.0089,51.8769,0.0],[-128.01,51.8825,0.0],[-128.0072,51.8842,0.0],[-128.0039,51.89,0.0],[-128.005,51.8942,29.8503],[-128.0039,51.8953,0.0],[-128.0083,51.8967,12.4104],[-128.0122,51.8956,0.0],[-128.02,51.8981,4.7962],[-128.0133,51.8992,9.5175],[-128.0028,51.8978,3.6522],[-128.0,51.8992,0.0],[-127.9993,51.9015,0.0],[-127.9986,51.8991,0.0],[-127.9938,51.9002,0.0],[-127.99,51.9039,10.5342],[-127.9867,51.9044,0.0],[-127.9889,51.9072,19.0629],[-127.9856,51.9086,0.0],[-127.9867,51.9125,24.3846],[-127.9841,51.9132,0.0],[-127.9844,51.9158,7.1926],[-127.9811,51.9133,23.0506],[-127.9822,51.9097,0.0],[-127.979,51.9105,22.6429],[-127.9727,51.917,0.0],[-127.9741,51.9206,0.0],[-127.9682,51.9274,11.0655],[-127.9689,51.9342,15.6324],[-127.9654,51.9367,0.0],[-127.9641,51.9441,3.8523],[-127.9601,51.9487,21.9561],[-127.9614,51.9516,8.2105],[-127.9557,51.9622,15.1164],[-127.954,51.9692,9.8871],[-127.9544,51.9779,0.0],[-127.9493,51.9921,6.1893],[-127.9499,51.9967,0.0],[-127.9477,51.9972,28.0025],[-127.9478,51.9994,59.2923],[-127.9461,52.0,0.0],[-127.9459,52.0074,10.798],[-127.9595,52.0266,10.0547],[-127.9579,52.0285,12.5071],[-127.9581,52.0376,25.5792],[-127.9489,52.0436,4.4651],[-127.9478,52.0492,9.7086],[-127.9504,52.05,9.7086],[-127.9522,52.0458,4.7814],[-127.9533,52.0517,0.0],[-127.9514,52.0553,0.0],[-127.9545,52.0559,8.5856],[-127.9545,52.057,8.5856],[-127.9533,52.0589,27.4832],[-127.9494,52.0587,0.0],[-127.9476,52.0612,0.9506],[-127.9501,52.0642,0.0],[-127.9552,52.0646,4.6463],[-127.9628,52.0681,0.0],[-127.9683,52.0672,6.0448],[-127.9751,52.0714,0.0]]],
[[[-128.2106,51.9764,2.0295],[-128.2113,51.9739,0.0],[-128.2094,51.9725,0.0],[-128.2068,51.9771,0.0],[-128.2104,51.9789,0.0],[-128.2116,51.9778,0.0],[-128.2106,51.9764,2.0295]]],
[[[-128.1939,52.0044,0.0],[-128.1961,52.0033,4.5446],[-128.1933,52.0014,0.0],[-128.1894,52.0028,0.0],[-128.1922,52.0044,3.6222],[-128.1939,52.0044,0.0]]],
[[[-128.1906,52.0092,0.0],[-128.1978,52.0114,1.8743],[-128.2006,52.0078,0.0],[-128.1889,52.0042,3.7122],[-128.1861,52.0078,0.0],[-128.1906,52.0092,0.0]]],
[[[-128.205,52.0075,0.0],[-128.2033,52.0075,8.3316],[-128.2028,52.0111,3.9265],[-128.2072,52.0158,3.5736],[-128.2117,52.0169,12.0637],[-128.215,52.0147,-0.0014],[-128.2133,52.0122,0.0],[-128.2072,52.0103,2.7329],[-128.205,52.0075,0.0]]],
[[[-128.1367,52.135,5.9566],[-128.1439,52.1406,3.445],[-128.1405,52.1439,0.0],[-128.1439,52.1569,8.8761],[-128.1405,52.1622,0.0],[-128.1422,52.1686,0.0],[-128.1394,52.1706,0.0],[-128.1417,52.1756,9.1925],[-128.1378,52.1769,0.0],[-128.1422,52.1858,1.4686],[-128.1383,52.1853,22.2298],[-128.1356,52.1778,0.0],[-128.1322,52.1761,0.0],[-128.1194,52.1786,0.0],[-128.1111,52.1853,1.8512],[-128.1217,52.1936,6.1999],[-128.1233,52.1928,0.0],[-128.1217,52.1894,0.9059],[-128.1228,52.1878,9.3257],[-128.1272,52.1897,5.2984],[-128.1322,52.1958,0.0],[-128.13,52.1969,0.0],[-128.1306,52.1992,2.6926],[-128.1372,52.2042,0.0],[-128.14,52.2044,3.6171],[-128.1417,52.2011,1.8681],[-128.1383,52.1947,20.5479],[-128.1444,52.1953,11.3523],[-128.1489,52.1925,10.8159],[-128.155,52.2078,0.0],[-128.1617,52.2097,0.0],[-128.165,52.2092,0.0],[-128.1656,52.2075,0.0],[-128.1639,52.2067,0.0],[-128.1683,52.2056,0.0],[-128.1656,52.2011,12.1996],[-128.1717,52.2053,0.0],[-128.1717,52.2092,15.5107],[-128.1694,52.2106,0.0],[-128.1711,52.2128,3.2768],[-128.1783,52.2122,0.0],[-128.1789,52.2086,4.8646],[-128.1806,52.2119,23.6403],[-128.1828,52.2125,0.0],[-128.1894,52.21,8.9931],[-128.1911,52.2075,0.0],[-128.1844,52.2075,16.446],[-128.1822,52.2042,7.4069],[-128.1756,52.2036,7.6356],[-128.1728,52.2017,0.0],[-128.1717,52.1972,0.0],[-128.1683,52.1936,8.7221],[-128.1756,52.1944,4.357],[-128.1756,52.1906,7.3035],[-128.1772,52.19,3.4319],[-128.1822,52.1953,2.5992],[-128.185,52.1961,0.0],[-128.19,52.1922,0.0],[-128.1956,52.1911,0.0],[-128.1972,52.1931,0.0],[-128.2067,52.1928,0.0],[-128.2217,52.1861,0.0],[-128.2306,52.1867,10.1365],[-128.2406,52.1828,5.9151],[-128.2478,52.1772,6.8161],[-128.2467,52.1736,3.9175],[-128.2511,52.1714,0.0],[-128.2505,52.1653,0.0],[-128.2544,52.1636,7.9498],[-128.2578,52.1589,0.0],[-128.2578,52.1564,6.7781],[-128.255,52.1536,15.2814],[-128.255,52.1506,18.7325],[-128.2572,52.1489,0.0],[-128.2567,52.1461,5.2793],[-128.2639,52.1464,0.0],[-128.2655,52.1447,36.1763],[-128.265,52.1419,13.3376],[-128.2683,52.14,32.6135],[-128.2683,52.1356,37.0182],[-128.2722,52.1303,16.388],[-128.2839,52.1256,0.0],[-128.2878,52.1225,0.0],[-128.2872,52.1186,8.398],[-128.2889,52.1186,8.398],[-128.29,52.115,36.38],[-128.2928,52.115,7.1418],[-128.2961,52.1125,0.0],[-128.2872,52.1069,0.0],[-128.2828,52.1075,0.0],[-128.275,52.1101,0.0],[-128.2761,52.1122,0.0],[-128.2822,52.1125,13.367],[-128.2772,52.1133,0.0],[-128.2644,52.1194,2.6902],[-128.2628,52.1186,0.0],[-128.2639,52.1161,0.0],[-128.2744,52.1128,0.0],[-128.2694,52.1106,15.4699],[-128.2711,52.1075,5.4837],[-128.2744,52.1064,23.8168],[-128.275,52.1083,0.0],[-128.2772,52.1083,0.0],[-128.2778,52.1064,12.3956],[-128.2833,52.1036,0.0],[-128.2817,52.1019,0.0],[-128.2767,52.1025,0.0],[-128.2706,52.0978,4.1071],[-128.2644,52.0972,26.2022],[-128.2611,52.0928,0.0],[-128.2556,52.0917,10.8728],[-128.2467,52.0861,4.6665],[-128.2433,52.0894,16.628],[-128.24,52.0889,14.5445],[-128.2372,52.0856,15.5605],[-128.2372,52.0803,3.4491],[-128.235,52.0775,18.4],[-128.2389,52.0775,5.5975],[-128.24,52.0819,0.0],[-128.2433,52.0828,5.3087],[-128.2478,52.0783,18.9783],[-128.2472,52.0753,0.0],[-128.2505,52.0694,0.0],[-128.2544,52.0689,0.0],[-128.2511,52.0667,0.0],[-128.2472,52.0667,0.0],[-128.24,52.0575,25.0685],[-128.24,52.055,27.757],[-128.2433,52.0531,15.0993],[-128.2433,52.0506,13.8629],[-128.2378,52.0464,0.0],[-128.2394,52.045,6.9331],[-128.2444,52.0486,12.6198],[-128.2478,52.0489,0.0],[-128.2489,52.0444,4.7363],[-128.2522,52.0417,2.9275],[-128.2483,52.0378,0.0],[-128.2522,52.0342,0.0],[-128.2522,52.0308,4.2161],[-128.2456,52.0289,13.189],[-128.2456,52.0264,5.591],[-128.2383,52.0253,5.1828],[-128.2411,52.0231,10.1283],[-128.2378,52.0197,0.0],[-128.2383,52.0156,0.0],[-128.2244,52.0147,8.2622],[-128.2083,52.0183,8.8651],[-128.2033,52.0142,2.3963],[-128.1833,52.0094,0.0],[-128.1811,52.0117,0.0],[-128.1833,52.0147,0.0],[-128.1822,52.0267,0.0],[-128.1844,52.0283,0.0],[-128.1794,52.0311,0.0],[-128.18,52.0342,4.2467],[-128.1828,52.0358,0.0],[-128.1811,52.0425,0.0],[-128.1899,52.0478,0.0],[-128.1922,52.0542,0.0],[-128.1906,52.0547,0.0],[-128.1867,52.0517,0.0],[-128.1809,52.0529,0.0],[-128.1798,52.0539,0.0],[-128.1811,52.0575,40.4477],[-128.1744,52.0589,0.0],[-128.1706,52.0628,13.8244],[-128.1628,52.0631,0.0],[-128.1617,52.0669,0.0],[-128.1561,52.0683,0.0],[-128.1528,52.0717,0.0],[-128.1522,52.0769,0.0],[-128.1539,52.0803,28.0591],[-128.1389,52.0822,12.2598],[-128.1367,52.0847,0.0],[-128.1394,52.0861,7.382],[-128.1356,52.0853,0.0],[-128.1333,52.0864,5.7965],[-128.1367,52.0942,10.7683],[-128.1356,52.0958,5.8117],[-128.1405,52.0989,0.0],[-128.145,52.1042,19.9932],[-128.1444,52.1058,12.506],[-128.1411,52.1058,6.9296],[-128.1411,52.1072,11.8526],[-128.1422,52.1142,0.0],[-128.145,52.1178,26.1228],[-128.1389,52.1206,8.0418],[-128.1333,52.1303,5.1254],[-128.1367,52.135,5.9566]]],
[[[-128.1483,52.2056,0.0],[-128.1489,52.2014,15.9098],[-128.1439,52.2006,9.9064],[-128.1428,52.2039,0.0],[-128.1456,52.2058,0.0],[-128.1483,52.2056,0.0]]],
[[[-128.2517,51.7797,0.0],[-128.2489,51.7794,0.0],[-128.2478,51.7808,0.0],[-128.2556,51.7817,9.9],[-128.2572,51.7803,0.0],[-128.2544,51.7792,2.2006],[-128.2517,51.7797,0.0]]],
[[[-128.2411,51.7983,0.0],[-128.2428,51.7956,5.9693],[-128.2406,51.7944,0.0],[-128.2394,51.7953,0.0],[-128.2411,51.7983,0.0]]],
[[[-128.2439,51.8086,13.5245],[-128.2489,51.8083,12.957],[-128.2467,51.8103,0.0],[-128.2478,51.8111,0.0],[-128.2511,51.8097,0.0],[-128.255,51.8106,0.0],[-128.2561,51.8089,0.0],[-128.2539,51.806399999999996,14.5958],[-128.255,51.8053,1.8714],[-128.2528,51.8042,6.6351],[-128.255,51.8028,14.5676],[-128.2617,51.8039,0.0],[-128.2617,51.8019,0.5687],[-128.2667,51.7981,0.0],[-128.2633,51.7964,0.0],[-128.2583,51.8011,8.1516],[-128.25,51.7961,0.0],[-128.2522,51.7944,0.0],[-128.2467,51.7939,1.7252],[-128.2444,51.795,0.0],[-128.245,51.7969,0.0],[-128.2428,51.8,0.0],[-128.2372,51.7994,0.0],[-128.2328,51.8069,0.0],[-128.2345,51.8089,0.0],[-128.2378,51.8078,2.3497],[-128.2361,51.8097,1.3574],[-128.2372,51.8108,0.0],[-128.2439,51.8086,13.5245]]],
[[[-128.23,51.8089,0.0],[-128.2267,51.8075,0.0],[-128.225,51.8089,0.0],[-128.2283,51.81,0.0],[-128.23,51.8089,0.0]]],
[[[-128.225,51.8136,9.2916],[-128.2267,51.8114,0.0],[-128.2217,51.8122,0.0],[-128.2233,51.8139,0.0],[-128.225,51.8136,9.2916]]],
[[[-128.2394,51.8125,5.698],[-128.2367,51.8144,0.0],[-128.2389,51.8181,0.0],[-128.2495,51.8156,0.0],[-128.2478,51.8136,0.0],[-128.2433,51.8153,2.6189],[-128.2417,51.8144,2.6189],[-128.2439,51.8122,0.0],[-128.2422,51.8114,0.0],[-128.2394,51.8125,5.698]]],
[[[-128.2328,51.8178,18.5408],[-128.2339,51.8161,0.0],[-128.2311,51.8125,0.0],[-128.2283,51.8175,3.2265],[-128.23,51.8192,0.0],[-128.2328,51.8178,18.5408]]],
[[[-128.23,51.8242,0.0],[-128.2306,51.8281,0.0],[-128.2339,51.8289,0.0],[-128.2361,51.8275,0.0],[-128.2333,51.8253,26.5384],[-128.2361,51.8239,0.0],[-128.2345,51.8206,4.0908],[-128.2294,51.8208,5.2242],[-128.23,51.8242,0.0]]],
[[[-128.2394,51.8292,6.2955],[-128.2378,51.8319,7.015],[-128.24,51.8328,0.0],[-128.2478,51.8289,7.192],[-128.255,51.83,0.0],[-128.2561,51.8292,0.0],[-128.2495,51.8269,5.3197],[-128.26,51.8211,0.52],[-128.2578,51.8185,0.0],[-128.2561,51.8211,2.5427],[-128.2533,51.8208,10.5499],[-128.2528,51.8198,15.0324],[-128.2559,51.8179,2.4878],[-128.2519,51.8171,2.4693],[-128.2483,51.8206,17.95],[-128.2456,51.8197,0.0],[-128.2417,51.8214,0.0],[-128.2411,51.8228,0.0],[-128.2456,51.8258,0.0],[-128.2394,51.8292,6.2955]]],
[[[-128.2256,51.8394,2.7394],[-128.2244,51.8406,0.0],[-128.2278,51.8422,0.0],[-128.2289,51.8397,0.0],[-128.2256,51.8394,2.7394]]],
[[[-128.2294,51.8444,0.0],[-128.2322,51.8442,0.0],[-128.2322,51.8428,0.0],[-128.2306,51.8419,0.0],[-128.2294,51.8444,0.0]]],
[[[-128.22,51.8481,0.0],[-128.22,51.8467,0.0],[-128.2178,51.8458,0.0],[-128.2178,51.8472,0.0],[-128.22,51.8481,0.0]]],
[[[-128.2661,51.8247,1.7324],[-128.2611,51.8228,0.0],[-128.2578,51.8256,0.0],[-128.2606,51.83,10.8316],[-128.2622,51.8303,10.8316],[-128.2672,51.8283,4.1],[-128.2683,51.8264,0.5709],[-128.2661,51.8247,1.7324]]],
[[[-128.2733,51.9236,0.0],[-128.2744,51.9219,0.0],[-128.2728,51.9211,0.0],[-128.2678,51.9233,0.0],[-128.2688,51.9239,0.0],[-128.2733,51.9236,0.0]]],
[[[-128.2856,51.9328,9.6421],[-128.2894,51.9353,15.5538],[-128.295,51.935,9.2482],[-128.2967,51.9342,0.0],[-128.295,51.9325,7.7506],[-128.2967,51.931399999999996,0.0],[-128.295,51.9306,0.0],[-128.2978,51.9289,0.0],[-128.2917,51.9269,0.0],[-128.2883,51.9311,0.0],[-128.2861,51.9317,0.0],[-128.2872,51.9289,0.0],[-128.2854,51.9287,0.0],[-128.2789,51.9336,1.0365],[-128.2837,51.9342,0.0],[-128.2856,51.9328,9.6421]]],
[[[-128.2833,51.9386,0.0],[-128.2832,51.9351,0.0],[-128.2815,51.9349,10.4213],[-128.2811,51.9389,0.0],[-128.2833,51.9386,0.0]]],
[[[-128.4583,51.8694,0.4878],[-128.4556,51.8711,0.0],[-128.4606,51.8725,0.0],[-128.4644,51.8681,0.0],[-128.4628,51.8669,1.204],[-128.4654,51.8659,0.4539],[-128.4611,51.8647,0.0],[-128.4583,51.8661,0.0],[-128.4594,51.8681,0.0],[-128.4583,51.8694,0.4878]]],
[[[-128.4517,51.8703,0.3821],[-128.4511,51.8683,0.0],[-128.4483,51.868899999999996,0.3866],[-128.4506,51.8711,0.0],[-128.4517,51.8703,0.3821]]],
[[[-128.45,51.8764,0.0],[-128.4533,51.8789,0.0],[-128.4572,51.8769,0.0],[-128.4572,51.875,0.0],[-128.4544,51.8722,0.6454],[-128.4511,51.8733,0.0],[-128.4517,51.875,0.5417],[-128.45,51.8764,0.0]]],
[[[-128.4293,51.9104,0.5407],[-128.4311,51.9094,0.0],[-128.4294,51.9067,0.0],[-128.4256,51.9067,0.0],[-128.428,51.9101,0.0],[-128.4293,51.9104,0.5407]]],
[[[-128.4256,51.9269,4.8737],[-128.4261,51.9294,6.8499],[-128.4278,51.93,6.8499],[-128.4339,51.9281,0.0],[-128.4317,51.9261,3.2938],[-128.4328,51.9242,0.7077],[-128.4317,51.9236,0.0],[-128.4256,51.9269,4.8737]]],
[[[-128.4833,51.9458,0.0],[-128.4845,51.945,0.0],[-128.4822,51.9431,0.0],[-128.4789,51.9444,7.075],[-128.4817,51.9461,1.3664],[-128.4833,51.9458,0.0]]],
[[[-128.4228,52.0025,0.0],[-128.4272,52.0006,0.0],[-128.4356,52.0072,0.0],[-128.4411,52.005,0.0],[-128.4394,52.0031,0.0],[-128.4428,52.0011,0.0],[-128.4428,51.9983,0.0],[-128.4368,51.9985,0.0],[-128.4385,51.9981,0.0],[-128.4389,51.9956,0.0],[-128.4356,51.9919,0.0],[-128.4328,51.9933,1.9649],[-128.43,51.9922,14.9685],[-128.4312,51.9885,3.8421],[-128.4394,51.9853,3.8083],[-128.4439,51.9856,0.0],[-128.4433,51.9819,0.0],[-128.4506,51.9722,3.8799],[-128.4506,51.9689,6.6377],[-128.4489,51.9678,0.0],[-128.4544,51.9658,0.0],[-128.4572,51.9675,0.0],[-128.4656,51.9661,0.0],[-128.4678,51.9675,0.0],[-128.4722,51.9647,0.0],[-128.4672,51.9628,0.0],[-128.4672,51.9606,0.0],[-128.4722,51.9625,0.0],[-128.475,51.9611,0.0],[-128.4772,51.9561,0.0],[-128.4761,51.9531,23.3943],[-128.4817,51.9483,0.0],[-128.4756,51.9447,11.2106],[-128.4794,51.9425,0.0],[-128.4767,51.9408,0.607],[-128.4789,51.9361,0.0],[-128.4789,51.9339,0.0],[-128.4772,51.9331,8.8972],[-128.4794,51.9303,0.0],[-128.478,51.9269,0.334],[-128.4797,51.9245,0.6495],[-128.4772,51.9225,2.1545],[-128.4861,51.9217,0.0],[-128.485,51.9169,0.6284],[-128.4861,51.9156,0.6284],[-128.4845,51.9128,0.0],[-128.4861,51.9111,0.0],[-128.4828,51.9092,0.0],[-128.4822,51.9067,0.3031],[-128.48,51.9056,0.1659],[-128.4733,51.9069,0.0],[-128.4722,51.9081,0.2534],[-128.4733,51.9086,0.2534],[-128.4711,51.9097,0.0],[-128.47,51.9175,0.0],[-128.4672,51.9192,0.0],[-128.4672,51.9211,0.0],[-128.4728,51.9228,25.7295],[-128.47,51.9239,0.0],[-128.4717,51.9258,0.0],[-128.4672,51.9261,0.0],[-128.4689,51.9278,1.7213],[-128.4678,51.9292,0.0],[-128.4687,51.9347,16.963],[-128.4667,51.9356,6.4895],[-128.465,51.9267,0.0],[-128.46,51.9239,0.0],[-128.4572,51.9242,0.0],[-128.4561,51.9275,6.0459],[-128.4522,51.93,0.0],[-128.4467,51.9306,0.0],[-128.4461,51.9261,0.0],[-128.4506,51.92,7.287],[-128.4494,51.9156,3.2127],[-128.4517,51.9122,0.0],[-128.4511,51.9069,10.0816],[-128.4522,51.9064,0.0],[-128.45,51.905,8.514],[-128.4511,51.9033,0.8054],[-128.4467,51.9017,2.4583],[-128.4461,51.8989,0.0],[-128.4422,51.8972,4.3576],[-128.4406,51.8978,0.0],[-128.4394,51.9042,1.1732],[-128.4383,51.904,1.1732],[-128.438,51.8998,0.0],[-128.4344,51.8986,0.0],[-128.4317,51.9,0.0],[-128.4311,51.9061,6.3867],[-128.4378,51.915,14.7941],[-128.435,51.9181,2.6565],[-128.4283,51.9142,0.0],[-128.4267,51.9161,0.0],[-128.4294,51.9211,0.0],[-128.4356,51.9225,16.1818],[-128.435,51.9253,0.0],[-128.4367,51.9283,7.1553],[-128.4433,51.93,0.0],[-128.4461,51.9344,8.9671],[-128.4439,51.9364,2.9128],[-128.44,51.935,0.0],[-128.4211,51.9436,0.0],[-128.4233,51.9475,5.4418],[-128.4156,51.9547,0.0],[-128.4183,51.9603,0.0],[-128.4178,51.9706,0.0],[-128.42,51.9722,0.9802],[-128.4144,51.975,0.0],[-128.4133,51.9778,3.5118],[-128.4144,51.9792,0.0],[-128.4094,51.9839,0.0],[-128.4092,51.9886,10.946],[-128.4144,51.9922,11.8753],[-128.4093,51.9912,0.0],[-128.4078,51.9922,0.0],[-128.4083,51.9953,0.0],[-128.4156,52.0033,0.0],[-128.4211,52.005,1.8036],[-128.4228,52.0025,0.0]]],
[[[-128.48,51.9514,0.0],[-128.4778,51.9531,11.8455],[-128.48,51.9558,0.0],[-128.4822,51.9547,0.682],[-128.4811,51.9526,1.0131],[-128.4855,51.9503,0.0],[-128.4845,51.9497,0.0],[-128.48,51.9514,0.0]]],
[[[-128.3372,52.0269,3.4464],[-128.3383,52.0242,1.6279],[-128.3361,52.0219,0.0],[-128.3306,52.025,0.128],[-128.3306,52.0272,2.3432],[-128.3356,52.0325,0.0],[-128.3372,52.0322,2.3379],[-128.3356,52.0278,1.1317],[-128.3372,52.0269,3.4464]]],
[[[-128.3278,52.0303,-0.0029],[-128.3306,52.0333,2.2364],[-128.3328,52.0333,0.0],[-128.3289,52.0281,0.0],[-128.3261,52.0278,-0.0852],[-128.3278,52.0303,-0.0029]]],
[[[-128.3417,52.0369,5.9955],[-128.3413,52.0383,0.0],[-128.3378,52.0377,0.0],[-128.3394,52.0396,0.0],[-128.3429,52.0396,0.0],[-128.3472,52.0383,5.1153],[-128.3489,52.0347,0.0],[-128.3417,52.0333,0.0],[-128.3417,52.0369,5.9955]]],
[[[-128.4228,52.0383,0.0],[-128.4233,52.0361,0.0],[-128.4206,52.035,0.0],[-128.4194,52.0392,0.0],[-128.4206,52.0408,0.0],[-128.4239,52.0397,0.0],[-128.4228,52.0383,0.0]]],
[[[-128.4544,51.9742,0.0],[-128.4528,51.9761,0.0],[-128.4556,51.9769,0.0],[-128.4589,51.9739,0.0],[-128.4567,51.9728,0.0],[-128.4544,51.9742,0.0]]],
[[[-128.45,52.0792,0.5791],[-128.4467,52.0767,0.0],[-128.4439,52.0767,0.0],[-128.4467,52.0806,0.0],[-128.45,52.0803,0.5791],[-128.45,52.0792,0.5791]]],
[[[-128.4317,52.1075,2.9375],[-128.4306,52.1081,0.0],[-128.4311,52.1108,10.8941],[-128.4378,52.1119,0.0],[-128.4356,52.1075,0.0],[-128.4383,52.1047,0.0],[-128.4311,52.1044,0.0],[-128.43,52.1053,0.0],[-128.4317,52.1075,2.9375]]],
[[[-128.4261,52.11,0.0],[-128.4233,52.11,0.0],[-128.4228,52.1119,13.2396],[-128.4283,52.1117,3.4581],[-128.4261,52.11,0.0]]],
[[[-128.41,52.0381,0.0],[-128.4122,52.04,0.0],[-128.4167,52.0406,0.0],[-128.4161,52.0372,0.0],[-128.4106,52.0364,0.0],[-128.41,52.0381,0.0]]],
[[[-128.415,52.0414,0.0],[-128.4106,52.0417,0.6374],[-128.4094,52.0453,0.0],[-128.4133,52.0472,0.0],[-128.4156,52.0467,11.5531],[-128.4189,52.0431,0.0],[-128.415,52.0414,0.0]]],
[[[-128.3211,52.0479,9.4982],[-128.3231,52.048,9.4982],[-128.3235,52.0463,6.1677],[-128.3226,52.046,6.1677],[-128.3211,52.0479,9.4982]]],
[[[-128.4094,52.0622,0.0],[-128.4167,52.0661,0.0],[-128.42,52.0661,0.2118],[-128.42,52.0619,1.9338],[-128.4233,52.0603,0.0],[-128.4233,52.0583,0.0],[-128.4222,52.056399999999996,0.0],[-128.4189,52.0578,0.5934],[-128.4156,52.0553,0.0],[-128.4128,52.0569,2.7163],[-128.4083,52.0561,4.9186],[-128.405,52.0508,0.481],[-128.3989,52.05,0.0],[-128.3994,52.055,0.0],[-128.4017,52.0586,0.0],[-128.4055,52.0617,0.0],[-128.4094,52.0622,0.0]]],
[[[-128.3528,52.0703,0.0],[-128.3528,52.0681,0.0],[-128.3489,52.0683,0.0],[-128.3506,52.0703,0.0],[-128.3528,52.0703,0.0]]],
[[[-128.4061,52.0722,0.2945],[-128.4055,52.0692,0.0],[-128.4017,52.0689,0.0],[-128.4028,52.0719,0.8586],[-128.4061,52.0722,0.2945]]],
[[[-128.3761,52.0731,0.0],[-128.3745,52.0694,0.0],[-128.3706,52.0692,0.0],[-128.3717,52.0725,2.2413],[-128.3745,52.0739,0.0],[-128.3761,52.0731,0.0]]],
[[[-128.3161,52.0711,13.4292],[-128.3139,52.075,1.7127],[-128.3161,52.0775,11.3215],[-128.3172,52.0819,4.9403],[-128.3161,52.0847,0.0],[-128.3172,52.0853,0.0],[-128.3194,52.0842,0.0],[-128.3211,52.0806,0.0],[-128.32,52.0756,3.5805],[-128.3261,52.0775,0.0],[-128.3278,52.0747,11.3559],[-128.3272,52.0719,8.4205],[-128.3311,52.0675,0.0],[-128.3239,52.0622,11.0794],[-128.3217,52.0622,11.0794],[-128.3172,52.0661,0.0],[-128.3189,52.0686,9.8509],[-128.3161,52.0711,13.4292]]],
[[[-128.3344,52.0775,0.0],[-128.3372,52.0767,4.9123],[-128.3367,52.075,0.0],[-128.3339,52.0756,4.3031],[-128.3333,52.0775,0.0],[-128.3344,52.0775,0.0]]],
[[[-128.33,52.0835,0.0],[-128.33,52.0853,0.0],[-128.3325,52.085,4.8147],[-128.3323,52.0825,0.0],[-128.33,52.0835,0.0]]],
[[[-128.3883,52.0956,0.0],[-128.3867,52.0919,0.0],[-128.3839,52.0917,0.0],[-128.3839,52.0958,0.0],[-128.3883,52.0956,0.0]]],
[[[-128.3495,52.098,7.9761],[-128.3483,52.0956,0.0],[-128.3472,52.0958,0.0],[-128.3479,52.0986,4.9867],[-128.3495,52.098,7.9761]]],
[[[-128.3839,52.1014,5.2397],[-128.3828,52.1025,0.0],[-128.3883,52.1033,10.0834],[-128.3944,52.1017,0.0],[-128.3889,52.0969,0.0],[-128.3861,52.0978,1.9393],[-128.3839,52.1014,5.2397]]],
[[[-128.3896,52.1065,0.0],[-128.3879,52.1074,8.9799],[-128.3871,52.1081,0.0],[-128.3921,52.107,0.0],[-128.3896,52.1065,0.0]]],
[[[-128.3272,52.1233,4.3374],[-128.3256,52.1203,0.0],[-128.3206,52.1203,0.0],[-128.3189,52.1219,3.5572],[-128.3244,52.1289,0.0],[-128.3272,52.1272,6.0065],[-128.3261,52.1242,0.0],[-128.3272,52.1233,4.3374]]],
[[[-128.3694,52.1481,2.7073],[-128.3706,52.1461,20.5266],[-128.3694,52.1442,4.4459],[-128.3644,52.1469,0.0],[-128.3661,52.15,6.7663],[-128.3694,52.1481,2.7073]]],
[[[-128.2728,52.0264,0.0],[-128.2744,52.0253,10.2251],[-128.2717,52.0189,3.7384],[-128.2694,52.0239,0.0],[-128.2728,52.0264,0.0]]],
[[[-128.3122,52.0433,0.0],[-128.3206,52.0458,6.1677],[-128.3306,52.0444,0.0],[-128.3322,52.0419,0.0],[-128.3267,52.0322,3.9604],[-128.3167,52.0269,0.0354],[-128.3128,52.0289,0.0],[-128.3144,52.0417,8.1787],[-128.3122,52.0433,0.0]]],
[[[-128.2972,52.0469,31.4981],[-128.3006,52.0544,0.0],[-128.3072,52.0542,4.4885],[-128.31,52.0514,7.3018],[-128.3089,52.05,0.0],[-128.3056,52.0503,0.0],[-128.3089,52.0431,0.0],[-128.3067,52.0406,16.9506],[-128.3067,52.0342,0.9464],[-128.3094,52.0317,0.0],[-128.3078,52.0267,0.0],[-128.31,52.0239,0.0],[-128.3067,52.0214,0.0],[-128.3006,52.0239,0.0],[-128.2983,52.0275,3.0556],[-128.2989,52.0297,0.0],[-128.2928,52.0311,0.0],[-128.2922,52.0336,0.0],[-128.2973,52.0405,33.2102],[-128.2961,52.0433,5.8999],[-128.2972,52.0469,31.4981]]],
[[[-128.2717,52.0394,2.9805],[-128.275,52.0383,0.0],[-128.2706,52.0367,0.0],[-128.2667,52.0378,0.0],[-128.2694,52.0397,0.0],[-128.2717,52.0394,2.9805]]],
[[[-128.3156,52.0508,0.0],[-128.315,52.0542,3.7665],[-128.3217,52.055,14.4423],[-128.325,52.0536,5.0105],[-128.325,52.0506,1.8074],[-128.3228,52.0492,15.0777],[-128.3189,52.0489,17.3362],[-128.3156,52.0508,0.0]]],
[[[-128.3094,52.056399999999996,0.0],[-128.3072,52.0553,4.4885],[-128.3033,52.0553,3.1301],[-128.305,52.0578,4.3104],[-128.3094,52.056399999999996,0.0]]],
[[[-128.2655,52.0578,14.6346],[-128.2589,52.0572,0.0],[-128.2594,52.0597,0.0],[-128.2622,52.061,0.0],[-128.2655,52.0578,14.6346]]],
[[[-128.305,52.06,5.5431],[-128.3022,52.0586,0.0],[-128.2994,52.0592,0.0],[-128.3022,52.0642,0.0],[-128.305,52.06,5.5431]]],
[[[-128.31,52.0672,5.27],[-128.3106,52.0642,12.7552],[-128.3078,52.0636,0.0],[-128.3022,52.0678,0.0],[-128.3011,52.0722,0.0],[-128.3028,52.075,0.0],[-128.3039,52.0758,0.0],[-128.3061,52.0744,0.0],[-128.3072,52.0697,20.5694],[-128.31,52.0672,5.27]]],
[[[-128.2633,52.0889,9.7497],[-128.2617,52.0914,6.3899],[-128.2683,52.0944,0.0],[-128.2683,52.0903,8.9566],[-128.2739,52.0869,4.4852],[-128.2789,52.0856,0.0],[-128.2822,52.0881,4.5322],[-128.2839,52.0875,0.0],[-128.2811,52.0842,2.8507],[-128.2822,52.0792,0.0],[-128.2856,52.0747,48.7504],[-128.2889,52.0822,0.0],[-128.2961,52.0906,0.0],[-128.2989,52.0917,0.7825],[-128.3022,52.0869,4.1697],[-128.2994,52.0808,15.0493],[-128.2994,52.0786,4.3499],[-128.3011,52.0775,4.3499],[-128.2956,52.0733,0.0],[-128.295,52.0678,4.9682],[-128.2861,52.0656,13.1839],[-128.2822,52.0686,0.0],[-128.2767,52.0644,5.3009],[-128.2772,52.0625,0.0],[-128.2689,52.0583,0.0],[-128.2617,52.0633,0.0],[-128.2489,52.0592,0.0],[-128.2456,52.06,0.0],[-128.2461,52.0628,6.4723],[-128.2522,52.0656,0.0],[-128.255,52.0644,0.0],[-128.2639,52.0719,15.5863],[-128.2594,52.0767,6.0911],[-128.255,52.0778,0.0],[-128.2495,52.0842,0.0],[-128.255,52.0875,0.0],[-128.2606,52.0869,18.0982],[-128.2633,52.0889,9.7497]]],
[[[-128.2961,52.0944,0.0],[-128.2917,52.09,0.0],[-128.2867,52.0933,0.0],[-128.2867,52.0956,0.0],[-128.2944,52.1,11.9099],[-128.2983,52.0978,0.0],[-128.2956,52.0961,0.0],[-128.2961,52.0944,0.0]]],
[[[-128.2817,52.0975,0.0],[-128.2817,52.1,5.5929],[-128.2867,52.1031,12.8767],[-128.2917,52.1022,0.0],[-128.2856,52.0967,0.0],[-128.2817,52.0975,0.0]]],
[[[-128.2998,52.1185,14.581],[-128.3015,52.1128,0.0],[-128.2941,52.116,6.5167],[-128.2931,52.1199,7.0732],[-128.2948,52.1199,7.0732],[-128.2998,52.1185,14.581]]],
[[[-128.32,52.1167,0.0],[-128.3206,52.1139,0.0],[-128.3172,52.1125,4.2728],[-128.3156,52.1136,0.0],[-128.3164,52.1208,0.0],[-128.3185,52.1203,0.0],[-128.32,52.1167,0.0]]],
[[[-128.3045,52.117,0.0],[-128.3018,52.1165,0.0],[-128.302,52.1197,4.2807],[-128.3043,52.1194,0.0],[-128.3045,52.117,0.0]]],
[[[-128.2646,52.2202,0.0],[-128.2654,52.2214,0.0],[-128.2669,52.2199,0.0],[-128.2652,52.2195,0.0],[-128.2646,52.2202,0.0]]],
[[[-128.4783,52.1122,0.0],[-128.4722,52.1161,14.2857],[-128.4778,52.1186,5.8489],[-128.4872,52.1125,0.0],[-128.4833,52.11,0.0],[-128.4783,52.1122,0.0]]],
[[[-128.4244,52.115,4.7008],[-128.4228,52.1136,1.9464],[-128.4211,52.1144,4.6716],[-128.4211,52.1167,10.4051],[-128.4261,52.1172,1.2275],[-128.4244,52.115,4.7008]]],
[[[-128.4339,52.1181,0.8289],[-128.4294,52.1211,0.0],[-128.4367,52.1231,0.0],[-128.44,52.118899999999996,0.0],[-128.4372,52.1169,0.0],[-128.4339,52.1181,0.8289]]],
[[[-128.4072,52.1375,0.0027],[-128.4017,52.1433,0.0],[-128.4006,52.1469,5.8018],[-128.4017,52.1483,0.0],[-128.3983,52.1506,9.4971],[-128.3956,52.1556,0.0],[-128.4094,52.1561,8.8958],[-128.4222,52.1531,5.7715],[-128.4428,52.1417,14.8953],[-128.4483,52.1419,0.0],[-128.4578,52.135,0.0],[-128.4506,52.1328,10.3094],[-128.4517,52.1308,0.0],[-128.45,52.1297,3.1299],[-128.4533,52.13,0.9662],[-128.4544,52.1283,0.0],[-128.4539,52.1261,0.0],[-128.4517,52.125,0.0],[-128.4522,52.1222,0.0],[-128.4494,52.1203,0.0],[-128.44,52.1275,2.7887],[-128.4336,52.1255,0.9828],[-128.43,52.1269,0.0],[-128.4256,52.1261,4.3316],[-128.4228,52.1278,1.4723],[-128.4244,52.1336,0.0],[-128.4072,52.1375,0.0027]]],
[[[-128.4922,52.1444,0.2148],[-128.495,52.1439,0.0],[-128.4967,52.1408,0.0],[-128.4928,52.14,0.0],[-128.4933,52.1419,0.5925],[-128.4906,52.1433,0.0],[-128.4922,52.1444,0.2148]]],
[[[-128.4578,52.1453,2.3509],[-128.4561,52.1472,0.0],[-128.46,52.1483,0.0],[-128.4628,52.1469,1.4054],[-128.4644,52.1433,0.0],[-128.4617,52.1425,0.6144],[-128.4578,52.1453,2.3509]]],
[[[-128.5139,52.1464,0.6931],[-128.5155,52.1447,0.0],[-128.5128,52.1436,0.0],[-128.5089,52.1475,0.0],[-128.5128,52.1478,3.1336],[-128.5139,52.1464,0.6931]]],
[[[-128.4917,52.1475,0.0],[-128.495,52.1483,2.4014],[-128.4995,52.1464,0.0],[-128.495,52.1461,0.515],[-128.4917,52.1475,0.0]]],
[[[-128.5267,52.1536,0.0],[-128.5294,52.1558,0.0],[-128.535,52.1569,1.8759],[-128.5406,52.1528,0.0],[-128.5417,52.1486,0.0],[-128.5367,52.1453,0.625],[-128.5372,52.1419,0.2491],[-128.5317,52.1406,0.0486],[-128.5305,52.1425,0.0],[-128.5322,52.145,0.5135],[-128.5267,52.1442,0.187],[-128.5228,52.1467,0.0],[-128.5228,52.1497,0.0],[-128.5267,52.1536,0.0]]],
[[[-128.4533,52.1506,5.4636],[-128.4522,52.1539,0.0],[-128.4544,52.1544,0.0],[-128.4578,52.1494,0.0],[-128.4556,52.1489,0.0],[-128.4533,52.1506,5.4636]]],
[[[-128.4472,52.15,0.0],[-128.4439,52.1533,0.0],[-128.4472,52.1542,0.0],[-128.4517,52.1506,5.4636],[-128.4511,52.1494,0.0],[-128.4472,52.15,0.0]]],
[[[-128.5178,52.1542,0.0],[-128.5189,52.1517,0.0],[-128.5167,52.1503,0.0],[-128.515,52.1522,0.0],[-128.515,52.1556,0.8758],[-128.5128,52.1575,0.0],[-128.5167,52.1564,0.0],[-128.5178,52.1542,0.0]]],
[[[-128.3695,52.1503,0.0],[-128.3722,52.15,5.1018],[-128.3741,52.1487,0.0],[-128.3715,52.1483,0.0],[-128.3695,52.1503,0.0]]],
[[[-128.3672,52.1544,0.0],[-128.3683,52.1519,0.0],[-128.3672,52.1511,0.0],[-128.3633,52.1531,8.9259],[-128.3628,52.1553,0.0],[-128.3639,52.1558,0.0],[-128.3672,52.1544,0.0]]],
[[[-128.3917,52.2392,0.0],[-128.3983,52.2383,7.3556],[-128.4011,52.2406,0.0],[-128.41,52.2347,8.2259],[-128.4117,52.2356,2.7388],[-128.4089,52.2381,0.8752],[-128.4111,52.2389,0.0],[-128.415,52.2369,7.7729],[-128.4167,52.2394,0.0],[-128.4222,52.2375,1.4643],[-128.4244,52.2397,0.4117],[-128.4339,52.2378,0.0],[-128.4389,52.2394,0.0],[-128.4411,52.2386,1.8276],[-128.445,52.2342,0.0],[-128.4339,52.2289,0.7911],[-128.44,52.2242,0.0],[-128.4544,52.2203,0.0],[-128.4528,52.2186,0.1052],[-128.455,52.2175,0.3738],[-128.4544,52.2147,0.0],[-128.4567,52.2119,0.0],[-128.4544,52.2103,4.1977],[-128.4594,52.2075,0.0],[-128.4683,52.2067,0.0],[-128.4711,52.2047,0.0],[-128.4733,52.1983,0.0],[-128.4728,52.1931,0.0],[-128.4667,52.1869,0.0],[-128.4678,52.1844,0.7504],[-128.4711,52.1825,2.8117],[-128.4767,52.1875,0.0],[-128.4806,52.1883,0.0],[-128.4861,52.1847,6.1866],[-128.4845,52.1808,5.4132],[-128.4872,52.1797,0.0],[-128.4894,52.1817,4.5033],[-128.4939,52.1819,3.5334],[-128.4883,52.1883,0.0],[-128.4878,52.1911,0.0],[-128.4894,52.1925,0.174],[-128.4939,52.1917,0.2573],[-128.4989,52.1892,0.0],[-128.5022,52.1856,0.0],[-128.5017,52.1836,0.3676],[-128.5072,52.1792,0.0],[-128.5155,52.1756,0.0],[-128.5144,52.1739,0.4169],[-128.5183,52.1725,0.0],[-128.5178,52.1675,0.0],[-128.5206,52.1661,0.3298],[-128.5206,52.1644,0.5379],[-128.5155,52.1606,0.3949],[-128.4978,52.1756,0.0],[-128.4928,52.1778,14.7246],[-128.4883,52.1775,17.2175],[-128.5022,52.1692,4.1305],[-128.5017,52.1672,4.2662],[-128.4983,52.1686,0.0],[-128.4956,52.1667,0.0],[-128.4995,52.1611,2.0513],[-128.5067,52.155,0.0],[-128.5067,52.1517,0.0],[-128.5022,52.1514,0.0],[-128.4894,52.1583,9.751],[-128.4906,52.1572,9.751],[-128.4894,52.1547,4.4164],[-128.495,52.1508,0.0],[-128.4872,52.1506,14.6237],[-128.4889,52.1481,0.0],[-128.485,52.1469,0.0],[-128.4822,52.1483,0.0],[-128.4828,52.15,16.2683],[-128.4706,52.155,0.4017],[-128.4689,52.1575,2.2825],[-128.4644,52.1578,0.0],[-128.4622,52.1564,0.0],[-128.4589,52.1586,0.0],[-128.4561,52.1572,0.4591],[-128.445,52.1583,0.0],[-128.4339,52.1661,6.5609],[-128.4328,52.1647,22.9422],[-128.4372,52.1597,0.0],[-128.4361,52.1575,0.0],[-128.4311,52.1553,0.0],[-128.4239,52.1542,8.4807],[-128.4067,52.1569,12.9923],[-128.3939,52.1608,0.0],[-128.3894,52.1667,0.0],[-128.3894,52.1689,7.1764],[-128.3828,52.1728,0.0],[-128.3806,52.1728,20.2515],[-128.3811,52.1694,1.2733],[-128.3717,52.1656,2.3268],[-128.3772,52.1622,0.0],[-128.3772,52.1597,15.4201],[-128.3806,52.1569,18.5541],[-128.38,52.1533,0.0],[-128.3767,52.1511,0.0],[-128.3722,52.1528,0.0],[-128.3694,52.1558,16.0972],[-128.3589,52.1594,0.0],[-128.345,52.1689,2.4637],[-128.3422,52.1681,6.5091],[-128.3467,52.1556,0.0],[-128.3561,52.1572,0.0],[-128.3606,52.1528,12.9014],[-128.3611,52.1492,0.0],[-128.3583,52.1478,32.7455],[-128.3595,52.1453,0.0],[-128.3556,52.1456,36.8467],[-128.3544,52.1442,0.0],[-128.3595,52.1383,7.6589],[-128.365,52.1269,26.8886],[-128.37,52.1239,0.0],[-128.3694,52.1219,0.0],[-128.3656,52.1208,2.1184],[-128.3689,52.1181,1.6481],[-128.3755,52.1194,0.0],[-128.3856,52.1094,12.5787],[-128.3856,52.1042,8.9422],[-128.3767,52.1058,0.0],[-128.3806,52.1022,7.7577],[-128.3817,52.0986,1.3707],[-128.3811,52.0942,5.6957],[-128.3772,52.0908,0.0],[-128.3789,52.0881,0.0],[-128.3733,52.0856,0.0],[-128.3706,52.0867,0.0],[-128.3672,52.0856,0.0],[-128.3611,52.0808,0.0],[-128.3583,52.0811,0.0],[-128.3544,52.0847,0.0],[-128.3517,52.0839,2.387],[-128.3517,52.0825,0.0],[-128.3561,52.0806,0.0],[-128.3533,52.0792,0.0],[-128.3572,52.0764,0.0],[-128.3539,52.0747,0.0],[-128.345,52.0792,0.0],[-128.3478,52.0836,0.0],[-128.3467,52.0856,0.0],[-128.3506,52.0867,0.0],[-128.3489,52.0914,4.2029],[-128.3511,52.0936,14.4144],[-128.35,52.0956,3.7009],[-128.3531,52.0978,18.8056],[-128.3517,52.0992,0.0],[-128.3533,52.1011,16.5513],[-128.35,52.1033,0.0],[-128.3472,52.1036,11.3497],[-128.3456,52.0967,0.0],[-128.3406,52.0997,13.5613],[-128.3389,52.0983,0.0],[-128.3378,52.0931,3.2604],[-128.3406,52.0928,2.8336],[-128.3445,52.095,6.1234],[-128.3461,52.0928,14.6754],[-128.3433,52.0906,5.307],[-128.3367,52.0903,0.0],[-128.3389,52.0828,0.0],[-128.3367,52.0778,2.9251],[-128.3322,52.08,20.1843],[-128.335,52.0836,0.0],[-128.3344,52.0886,4.1031],[-128.3294,52.0872,17.8259],[-128.3283,52.0836,0.0],[-128.325,52.0853,0.0],[-128.3228,52.0906,0.0],[-128.3244,52.1025,0.0],[-128.33,52.1125,0.0],[-128.3311,52.1175,18.3333],[-128.3294,52.1219,6.5916],[-128.3333,52.1247,32.8663],[-128.3283,52.1289,0.0],[-128.3317,52.1336,14.0099],[-128.3306,52.1378,23.2006],[-128.3322,52.1403,19.475],[-128.3356,52.1406,0.0],[-128.3361,52.1353,39.3306],[-128.3428,52.1322,0.0],[-128.3445,52.1286,0.0],[-128.3439,52.1258,3.4632],[-128.3478,52.1203,13.2445],[-128.3528,52.12,9.3158],[-128.3461,52.1272,0.0],[-128.3456,52.1369,0.0],[-128.3411,52.1358,0.0],[-128.3411,52.1392,0.0],[-128.3445,52.1408,0.0],[-128.3344,52.1428,0.0],[-128.3367,52.1522,0.0],[-128.3422,52.1522,0.0],[-128.3428,52.1536,13.2365],[-128.3389,52.1676,9.7686],[-128.3372,52.1692,0.0],[-128.3389,52.1711,0.0],[-128.3383,52.1731,0.0],[-128.3333,52.1786,3.8159],[-128.33,52.1861,0.0],[-128.3272,52.1869,3.4561],[-128.3283,52.1825,0.0],[-128.3244,52.1822,7.2469],[-128.3172,52.1872,0.0],[-128.3156,52.1922,12.1464],[-128.3107,52.1921,10.603],[-128.3156,52.1833,2.9812],[-128.3133,52.18,68.4268],[-128.3239,52.1669,17.3903],[-128.3283,52.1508,0.0],[-128.3256,52.1411,7.6229],[-128.32,52.1428,18.8732],[-128.3183,52.1419,0.0],[-128.3228,52.1386,6.8147],[-128.3178,52.1317,0.0],[-128.32,52.1297,0.0],[-128.3178,52.1247,0.0],[-128.3128,52.1231,0.0],[-128.31,52.1244,0.0],[-128.31,52.1281,0.0],[-128.305,52.1292,0.0],[-128.3011,52.1328,0.0],[-128.2944,52.1406,0.0],[-128.2956,52.1417,33.4728],[-128.2933,52.1442,19.2058],[-128.2883,52.1458,0.0],[-128.2856,52.1542,19.0714],[-128.2783,52.1525,0.0],[-128.2789,52.1581,6.991],[-128.2744,52.1642,0.0],[-128.2706,52.1822,23.5039],[-128.2633,52.1831,0.0],[-128.255,52.1886,0.0],[-128.2522,52.1928,0.0],[-128.245,52.1964,0.0],[-128.2244,52.2017,0.0],[-128.2072,52.2097,0.0],[-128.205,52.2156,20.3739],[-128.2067,52.2178,4.3762],[-128.2189,52.2167,21.9681],[-128.2256,52.2219,9.3598],[-128.2317,52.2214,15.2381],[-128.2472,52.225,24.7344],[-128.2539,52.2231,16.2944],[-128.255,52.2211,0.0],[-128.2493,52.2129,0.0],[-128.2572,52.2106,0.0],[-128.2542,52.2037,0.0],[-128.2538,52.2013,27.9349],[-128.2551,52.2012,2.987],[-128.2599,52.2042,10.7645],[-128.2583,52.2067,11.3782],[-128.26,52.2081,0.0],[-128.2639,52.2047,15.6351],[-128.2661,52.2053,15.6351],[-128.2617,52.2089,15.5339],[-128.2615,52.2117,3.8214],[-128.2594,52.2125,0.0],[-128.2617,52.2167,5.9816],[-128.2639,52.2167,0.0],[-128.2647,52.2127,0.0],[-128.267,52.214,9.8096],[-128.2672,52.2178,3.5782],[-128.275,52.2178,0.0],[-128.265,52.225,0.0],[-128.2633,52.2306,6.391],[-128.2683,52.2347,0.0],[-128.275,52.2358,0.0],[-128.2772,52.2383,4.9454],[-128.2889,52.2381,1.8477],[-128.2944,52.2361,0.0],[-128.2961,52.2353,0.0],[-128.2956,52.2314,10.1289],[-128.3017,52.2344,3.2558],[-128.3094,52.235,0.0],[-128.3128,52.2308,5.2409],[-128.3217,52.2317,2.6166],[-128.3233,52.235,0.0],[-128.3267,52.2367,0.0],[-128.33,52.2353,5.7819],[-128.34,52.2356,0.0],[-128.3383,52.2372,0.0],[-128.36,52.2386,0.0],[-128.3606,52.2369,6.2916],[-128.3706,52.2394,0.0],[-128.3733,52.2367,8.5757],[-128.3728,52.2353,14.6072],[-128.375,52.2353,0.0],[-128.3772,52.2383,0.0],[-128.3828,52.2372,0.0],[-128.3878,52.2403,0.2049],[-128.3917,52.2392,0.0]]],
[[[-128.3486,52.1568,0.0],[-128.3476,52.1577,0.0],[-128.3483,52.1617,0.0],[-128.3498,52.1598,0.0],[-128.3486,52.1568,0.0]]],
[[[-128.2583,52.0478,0.0],[-128.2561,52.0458,3.7926],[-128.2533,52.0475,0.0],[-128.2533,52.0494,0.0],[-128.2567,52.0494,0.0],[-128.2583,52.0478,0.0]]],
[[[-128.2278,52.2464,0.0],[-128.2289,52.2433,0.0],[-128.2261,52.2428,0.0],[-128.2256,52.2456,4.36],[-128.2278,52.2464,0.0]]],
[[[-128.2517,52.4244,5.291],[-128.2483,52.4236,0.0],[-128.2528,52.4286,6.9601],[-128.2567,52.43,0.0],[-128.2572,52.4261,5.8966],[-128.256,52.4245,0.0],[-128.2517,52.4244,5.291]]],
[[[-128.2764,52.2665,1.3227],[-128.2789,52.2645,0.0],[-128.2744,52.2656,1.3227],[-128.2737,52.2685,0.8982],[-128.2756,52.2689,0.0],[-128.2764,52.2665,1.3227]]],
[[[-128.2722,52.2733,5.2544],[-128.2733,52.2717,0.0],[-128.2711,52.2703,0.0],[-128.2683,52.2722,0.0],[-128.2688,52.274,0.0],[-128.2722,52.2733,5.2544]]],
[[[-128.265,52.4487,0.0],[-128.265,52.4525,0.0],[-128.2672,52.4539,0.0],[-128.2722,52.4542,0.0],[-128.2744,52.4506,0.0],[-128.2739,52.4483,0.0],[-128.2683,52.4456,4.6876],[-128.265,52.4487,0.0]]],
[[[-128.3283,52.1619,0.0],[-128.3294,52.1589,0.0],[-128.3267,52.1606,3.4873],[-128.3261,52.1631,0.0],[-128.3283,52.1619,0.0]]],
[[[-128.3872,52.1653,0.5715],[-128.39,52.1633,0.0],[-128.3861,52.1603,0.0],[-128.3828,52.1614,0.0],[-128.3811,52.1664,0.0],[-128.385,52.1672,0.0],[-128.3872,52.1653,0.5715]]],
[[[-128.3278,52.1711,6.49],[-128.3328,52.1633,0.0],[-128.3278,52.1647,0.0],[-128.3233,52.1694,0.0],[-128.3239,52.1722,0.0],[-128.3278,52.1711,6.49]]],
[[[-128.3261,52.2625,5.0311],[-128.33,52.2633,4.9971],[-128.3294,52.2614,0.0],[-128.3267,52.2603,0.0],[-128.3261,52.2625,5.0311]]],
[[[-128.525,52.1594,0.0],[-128.5228,52.1558,0.2503],[-128.5194,52.1603,0.0],[-128.525,52.1628,0.0],[-128.5261,52.1617,0.0],[-128.525,52.1594,0.0]]],
[[[-128.5067,52.165,12.1958],[-128.5094,52.1625,0.0],[-128.5028,52.1639,0.0],[-128.5028,52.1664,0.0],[-128.505,52.1667,5.7932],[-128.5067,52.165,12.1958]]],
[[[-128.4822,52.1897,0.0],[-128.4794,52.1892,5.6339],[-128.4767,52.1922,0.0],[-128.48,52.1922,0.0],[-128.4822,52.1897,0.0]]],
[[[-128.4533,52.3139,0.0],[-128.4544,52.3125,0.0],[-128.45,52.3119,0.0],[-128.4506,52.3142,0.0],[-128.4533,52.3139,0.0]]],
[[[-128.3933,52.2725,0.0],[-128.3905,52.2739,0.0],[-128.3917,52.2764,0.0],[-128.3994,52.2789,0.0],[-128.4117,52.2769,0.0],[-128.4067,52.2683,0.0],[-128.3983,52.2678,0.0],[-128.3933,52.2725,0.0]]],
[[[-128.3889,52.2789,0.0],[-128.3872,52.2783,0.0],[-128.3828,52.2819,0.0],[-128.3856,52.2825,0.0],[-128.3922,52.2794,0.0],[-128.3889,52.2789,0.0]]],
[[[-128.3622,52.3106,2.8123],[-128.3561,52.3206,2.415],[-128.3583,52.3214,2.415],[-128.3694,52.3164,0.0],[-128.3717,52.3186,5.8231],[-128.3794,52.3144,1.5145],[-128.3856,52.3133,3.2755],[-128.3883,52.3114,0.0],[-128.3872,52.3092,8.6423],[-128.4017,52.3025,0.0],[-128.3956,52.2986,10.1603],[-128.3939,52.2958,25.3103],[-128.4028,52.2997,0.0],[-128.4061,52.2986,14.9801],[-128.4061,52.2953,3.953],[-128.4133,52.2931,0.0],[-128.4144,52.2906,0.0],[-128.4044,52.2872,8.3228],[-128.4133,52.2881,0.0],[-128.415,52.2861,0.0],[-128.4122,52.2844,0.0],[-128.4078,52.2858,0.0],[-128.4033,52.2842,1.3793],[-128.3905,52.2864,2.2421],[-128.3878,52.2844,0.0],[-128.3833,52.2853,0.0],[-128.3822,52.2861,0.0],[-128.3844,52.2872,0.0],[-128.3839,52.2889,8.9903],[-128.3778,52.2894,6.4815],[-128.3683,52.2986,5.7947],[-128.3617,52.3069,3.6281],[-128.3622,52.3106,2.8123]]],
[[[-128.3511,52.3331,0.0],[-128.355,52.33,0.0],[-128.3528,52.3286,0.0],[-128.3506,52.3294,0.0],[-128.3489,52.3322,0.0],[-128.3511,52.3331,0.0]]],
[[[-128.3882,52.3562,5.6303],[-128.3806,52.3594,0.0],[-128.3888,52.3603,14.7636],[-128.4049,52.3581,5.0991],[-128.4117,52.3586,16.9114],[-128.4256,52.355,8.5329],[-128.4356,52.3544,0.0],[-128.4394,52.3514,7.744],[-128.4455,52.3506,0.0],[-128.4474,52.3467,21.1602],[-128.4522,52.3519,8.0217],[-128.4566,52.3517,0.5733],[-128.4616,52.3481,0.0],[-128.4656,52.3514,0.0],[-128.4756,52.3497,3.9191],[-128.4789,52.3445,0.0],[-128.475,52.3422,6.0194],[-128.48,52.3414,0.9632],[-128.4811,52.3383,0.0],[-128.4789,52.3367,0.6567],[-128.4806,52.3325,0.0],[-128.4755,52.3311,0.0],[-128.4678,52.3333,0.0],[-128.465,52.3358,0.0],[-128.4656,52.3375,0.0],[-128.4611,52.3442,5.7017],[-128.4589,52.3411,0.0],[-128.4606,52.3386,0.0],[-128.4594,52.335,0.0],[-128.4522,52.3325,2.6434],[-128.4539,52.3306,0.0],[-128.4494,52.3295,4.6864],[-128.4533,52.3283,2.1046],[-128.4539,52.3256,0.0],[-128.4517,52.3242,0.0],[-128.4533,52.3233,0.0],[-128.4475,52.3221,0.381],[-128.4481,52.3205,0.0],[-128.4521,52.3218,0.0],[-128.4523,52.3194,0.0],[-128.4439,52.3178,6.3531],[-128.4522,52.3153,0.0],[-128.4472,52.3147,0.2156],[-128.4461,52.3114,0.0],[-128.4411,52.3136,0.0],[-128.435,52.3114,0.0],[-128.4294,52.3117,0.0],[-128.4278,52.3145,0.4702],[-128.425,52.3128,0.0],[-128.415,52.32,0.0],[-128.4117,52.3192,0.2525],[-128.4072,52.3206,0.0],[-128.4044,52.3183,0.0],[-128.395,52.3229,0.0],[-128.3894,52.3328,0.0],[-128.39,52.3372,21.189],[-128.385,52.3439,0.0],[-128.3861,52.3453,2.0392],[-128.3906,52.3445,10.2673],[-128.3927,52.3475,0.0],[-128.3867,52.353,0.0],[-128.3882,52.3562,5.6303]]],
[[[-128.4811,52.3653,3.9885],[-128.4822,52.3622,8.4001],[-128.4806,52.3603,0.0],[-128.4683,52.3625,4.9827],[-128.4695,52.3694,0.0],[-128.4772,52.3678,0.0],[-128.4811,52.3653,3.9885]]],
[[[-128.4922,52.3731,0.0],[-128.4906,52.3739,0.0],[-128.4961,52.3753,1.2163],[-128.4995,52.3708,0.0],[-128.495,52.37,0.0],[-128.4922,52.3731,0.0]]],
[[[-128.4733,52.3703,0.0988],[-128.4633,52.3719,0.0],[-128.4567,52.3769,6.8442],[-128.4672,52.3764,5.3147],[-128.4717,52.3733,0.2732],[-128.4789,52.3717,0.0],[-128.4761,52.3694,0.0988],[-128.4733,52.3703,0.0988]]],
[[[-128.4644,52.3794,0.0],[-128.4644,52.3781,0.0],[-128.4611,52.3783,0.0],[-128.4567,52.3803,0.0],[-128.4611,52.3806,0.0],[-128.4644,52.3794,0.0]]],
[[[-128.4454,52.4123,0.0],[-128.4416,52.4123,0.0],[-128.4412,52.4137,0.0],[-128.4426,52.4139,0.0],[-128.4454,52.4123,0.0]]],
[[[-128.4348,52.4172,0.0],[-128.4371,52.4164,0.6871],[-128.437,52.415,0.0],[-128.435,52.4152,0.0],[-128.4348,52.4172,0.0]]],
[[[-128.3833,52.3336,0.7934],[-128.3806,52.3322,0.0],[-128.3789,52.3344,0.0],[-128.3811,52.3372,0.0],[-128.3861,52.3358,0.0],[-128.3833,52.3336,0.7934]]],
[[[-128.3524,52.3401,0.1678],[-128.3511,52.3411,0.0],[-128.3522,52.3419,0.0],[-128.355,52.3425,0.0],[-128.3567,52.3411,0.0],[-128.3546,52.34,0.0],[-128.3524,52.3401,0.1678]]],
[[[-128.2783,52.4753,11.3336],[-128.2824,52.4789,0.0],[-128.3067,52.4714,17.8625],[-128.32,52.4703,27.2425],[-128.3294,52.4736,25.5981],[-128.3444,52.4731,23.3462],[-128.4011,52.4581,4.2088],[-128.4063,52.4551,7.3979],[-128.4092,52.4501,0.0],[-128.4186,52.4429,0.0],[-128.4181,52.4395,9.8918],[-128.4203,52.4357,0.0],[-128.4186,52.4326,33.0996],[-128.4189,52.429,0.0],[-128.4217,52.4269,0.0],[-128.4228,52.4214,0.0],[-128.4222,52.4194,8.0005],[-128.4189,52.4183,5.1625],[-128.4189,52.4147,0.0],[-128.4205,52.4131,40.0617],[-128.4265,52.413,2.111],[-128.4292,52.4082,0.0],[-128.4277,52.4071,24.0348],[-128.432,52.4049,0.0],[-128.4441,52.404,0.0],[-128.4578,52.4057,0.0],[-128.4607,52.4047,0.0],[-128.4627,52.4012,0.0],[-128.4681,52.4001,4.4364],[-128.4722,52.4011,0.0],[-128.4794,52.3961,0.0],[-128.4778,52.3937,3.1645],[-128.4783,52.3885,0.0],[-128.4683,52.3847,0.0],[-128.4539,52.3839,9.0598],[-128.4511,52.3814,15.2669],[-128.4533,52.3778,17.4793],[-128.4594,52.3736,3.8744],[-128.4577,52.3697,0.0],[-128.4528,52.3697,11.1872],[-128.4605,52.3673,0.0],[-128.4589,52.3658,0.0],[-128.4605,52.3639,0.0],[-128.4561,52.3611,0.0],[-128.4494,52.3603,0.0],[-128.4422,52.3631,0.0],[-128.4155,52.3645,6.1991],[-128.4105,52.3642,12.0743],[-128.4072,52.3619,0.0],[-128.4022,52.3636,2.3276],[-128.3967,52.3633,2.3892],[-128.4011,52.3609,0.0],[-128.4006,52.36,0.0],[-128.3866,52.3631,1.5792],[-128.3806,52.3622,0.0],[-128.3754,52.3648,2.7863],[-128.3761,52.3709,14.5089],[-128.3739,52.3726,4.4081],[-128.3667,52.3678,0.0],[-128.3657,52.3701,6.4112],[-128.36,52.3731,0.0],[-128.3472,52.3883,0.0],[-128.3433,52.3887,0.0],[-128.3383,52.3922,0.0],[-128.3366,52.4033,3.0941],[-128.3299,52.4095,0.0],[-128.3111,52.4117,0.0],[-128.3056,52.4139,75.4401],[-128.2994,52.4131,0.0],[-128.2931,52.4161,58.5754],[-128.287,52.4155,0.0],[-128.2872,52.4183,0.0],[-128.2855,52.4197,10.8717],[-128.2867,52.4281,0.0],[-128.2955,52.4433,33.6766],[-128.2911,52.4444,4.9672],[-128.2844,52.4414,0.0],[-128.2811,52.4428,16.5287],[-128.2789,52.4486,22.3028],[-128.2817,52.4583,0.0],[-128.2772,52.4559,5.0119],[-128.2744,52.4587,0.0],[-128.2694,52.4556,12.1626],[-128.265,52.4556,0.0],[-128.2683,52.4623,0.0],[-128.2717,52.4639,4.9193],[-128.2711,52.4683,20.8812],[-128.2733,52.4739,6.0169],[-128.2783,52.4753,11.3336]]],
[[[-127.7853,51.2126,0.0],[-127.7843,51.2115,0.0],[-127.7815,51.2133,0.0],[-127.7844,51.2139,0.0],[-127.7853,51.2126,0.0]]],
[[[-127.7926,51.2173,0.0],[-127.796,51.2177,0.0],[-127.7911,51.2139,0.0],[-127.7889,51.215,0.0],[-127.79,51.2169,0.0],[-127.7926,51.2173,0.0]]],
[[[-127.7821,51.2228,0.0],[-127.7806,51.2223,0.0],[-127.7789,51.2228,0.0],[-127.7817,51.2242,0.0],[-127.7821,51.2228,0.0]]],
[[[-127.8299,51.2503,0.0],[-127.835,51.2531,1.0752],[-127.839,51.2483,0.0],[-127.8341,51.2465,0.0],[-127.8299,51.2503,0.0]]],
[[[-127.7578,51.2531,0.0],[-127.7544,51.2547,0.0],[-127.7572,51.2556,0.0],[-127.7611,51.2536,0.0],[-127.7578,51.2531,0.0]]],
[[[-127.7328,51.2631,4.9119],[-127.735,51.2611,0.0],[-127.7348,51.2607,0.0],[-127.7301,51.2619,0.0],[-127.7328,51.2631,4.9119]]],
[[[-127.7995,51.2653,5.8246],[-127.8018,51.2708,0.0],[-127.8078,51.2721,5.4954],[-127.8083,51.2731,5.4954],[-127.805,51.275,0.0],[-127.8078,51.2772,0.0],[-127.815,51.2736,0.0],[-127.8133,51.2714,6.7256],[-127.8161,51.2697,0.0],[-127.8217,51.2689,0.0],[-127.8139,51.2642,1.4544],[-127.8144,51.2619,0.0],[-127.8116,51.2596,0.0],[-127.8034,51.2578,0.0],[-127.799,51.2593,5.5151],[-127.7995,51.2653,5.8246]]],
[[[-127.7144,51.2711,0.0],[-127.7167,51.2725,0.0],[-127.7194,51.2706,0.0],[-127.7167,51.2703,0.0],[-127.7144,51.2711,0.0]]],
[[[-127.8194,51.3061,0.0],[-127.8172,51.3078,0.0],[-127.8206,51.3092,0.0],[-127.8251,51.3071,0.0],[-127.8214,51.305,0.0],[-127.8194,51.3061,0.0]]],
[[[-127.7705,51.3083,14.5696],[-127.769,51.3114,0.0],[-127.7739,51.3125,0.0],[-127.7767,51.3075,0.0],[-127.7718,51.3059,2.8242],[-127.7705,51.3083,14.5696]]],
[[[-127.7582,51.3146,0.0],[-127.7591,51.3126,4.5336],[-127.7547,51.3115,0.0],[-127.756,51.3154,0.0],[-127.7582,51.3146,0.0]]],
[[[-127.74,51.3148,0.0],[-127.7394,51.3158,0.0],[-127.7444,51.3175,0.0],[-127.7506,51.3172,0.0],[-127.7524,51.3152,5.1134],[-127.7472,51.3125,5.0755],[-127.74,51.3148,0.0]]],
[[[-127.7622,51.3172,0.0],[-127.7633,51.3178,0.0],[-127.7652,51.3161,0.0],[-127.7622,51.3153,0.0],[-127.7622,51.3172,0.0]]],
[[[-127.7867,51.3186,0.0],[-127.7839,51.32,0.0],[-127.7839,51.3225,0.0],[-127.7883,51.3236,6.4363],[-127.7928,51.3217,0.0],[-127.7911,51.32,0.0],[-127.7867,51.3186,0.0]]],
[[[-127.8039,51.3233,0.5037],[-127.8028,51.3256,0.0],[-127.8056,51.3267,0.0],[-127.81,51.3242,0.0],[-127.8067,51.3225,3.7766],[-127.8039,51.3233,0.5037]]],
[[[-127.7321,51.3258,0.0],[-127.7339,51.3258,0.0],[-127.7356,51.325,0.0],[-127.7328,51.3244,0.0],[-127.7321,51.3258,0.0]]],
[[[-127.6978,51.2719,8.7426],[-127.7022,51.2694,0.0],[-127.7,51.2689,4.9796],[-127.6887,51.2725,5.4229],[-127.6928,51.2733,26.9114],[-127.6978,51.2719,8.7426]]],
[[[-127.6745,51.2951,2.5586],[-127.6823,51.2978,0.0],[-127.6916,51.2953,17.7531],[-127.6933,51.2915,0.0],[-127.6906,51.2889,0.0],[-127.6922,51.2875,0.0],[-127.6883,51.2875,4.251],[-127.6745,51.2951,2.5586]]],
[[[-127.6983,51.2981,1.8869],[-127.699,51.297,2.9577],[-127.7026,51.2953,0.0],[-127.695,51.2964,0.0],[-127.6983,51.2981,1.8869]]],
[[[-127.6641,51.3011,4.1148],[-127.657,51.3028,8.0338],[-127.6551,51.3051,0.0],[-127.6643,51.3085,0.0],[-127.6838,51.3051,25.9434],[-127.6899,51.3026,2.8824],[-127.6906,51.301,0.0],[-127.6898,51.2989,5.8777],[-127.6874,51.2981,0.0],[-127.6712,51.3011,0.0],[-127.6672,51.3036,0.0],[-127.6641,51.3011,4.1148]]],
[[[-127.4806,51.2711,10.6682],[-127.4789,51.2722,0.0],[-127.485,51.2742,0.0],[-127.49,51.2717,2.5476],[-127.4872,51.2697,3.0758],[-127.4806,51.2711,10.6682]]],
[[[-127.5313,51.273,0.0],[-127.5286,51.2734,0.0],[-127.5318,51.2743,0.0],[-127.5325,51.2731,0.0],[-127.5313,51.273,0.0]]],
[[[-127.4628,51.275,0.0],[-127.4689,51.2764,0.0],[-127.4761,51.2731,18.6875],[-127.4717,51.2717,0.0],[-127.46,51.2728,15.336],[-127.4644,51.2739,7.839],[-127.4628,51.275,0.0]]],
[[[-127.5339,51.3111,3.3409],[-127.5359,51.311,0.0],[-127.5367,51.3089,0.557],[-127.5333,51.3092,0.0],[-127.5339,51.3111,3.3409]]],
[[[-127.6896,51.3121,0.0],[-127.6917,51.3116,3.4041],[-127.6926,51.3106,0.0],[-127.6867,51.3109,0.0],[-127.6896,51.3121,0.0]]],
[[[-127.6249,51.3152,0.0],[-127.6234,51.3161,15.7037],[-127.6295,51.3171,0.0],[-127.6358,51.3148,0.0],[-127.6294,51.314,16.5883],[-127.6249,51.3152,0.0]]],
[[[-127.5945,51.3178,12.1098],[-127.6069,51.3186,16.6567],[-127.6161,51.3172,0.0],[-127.6094,51.3164,1.6183],[-127.6072,51.3147,0.0],[-127.5972,51.3147,0.0],[-127.5949,51.3151,0.0],[-127.5945,51.3178,12.1098]]],
[[[-127.5822,51.3229,0.0],[-127.5794,51.3217,0.0],[-127.5756,51.3225,2.6775],[-127.5778,51.3233,2.6775],[-127.5822,51.3229,0.0]]],
[[[-127.5417,51.3217,0.0],[-127.541,51.3228,5.5],[-127.5444,51.3225,2.641],[-127.5441,51.3218,0.0],[-127.5417,51.3217,0.0]]],
[[[-127.5633,51.3295,28.5777],[-127.5694,51.3311,4.3432],[-127.5772,51.3275,4.9824],[-127.5684,51.3262,0.0],[-127.5645,51.3274,19.6613],[-127.5633,51.3295,28.5777]]],
[[[-127.1701,51.333,3.6906],[-127.1684,51.3324,3.6906],[-127.1667,51.3346,12.7863],[-127.1715,51.3337,3.6906],[-127.1701,51.333,3.6906]]],
[[[-127.5493,51.3326,17.7057],[-127.5422,51.3356,8.3412],[-127.5408,51.3378,23.9116],[-127.5456,51.3386,42.3202],[-127.5478,51.3364,34.0466],[-127.5517,51.3369,16.4164],[-127.5544,51.335,35.4836],[-127.5689,51.3331,0.0],[-127.5628,51.3314,0.0],[-127.5493,51.3326,17.7057]]],
[[[-127.6767,51.3386,8.0953],[-127.6783,51.3386,0.0],[-127.68,51.3369,0.0],[-127.6767,51.3364,0.0],[-127.6767,51.3386,8.0953]]],
[[[-127.6639,51.4003,0.0],[-127.665,51.4006,0.0],[-127.6662,51.3986,0.0],[-127.6651,51.3981,0.0],[-127.6639,51.4003,0.0]]],
[[[-127.6828,51.4081,1.0298],[-127.6833,51.4106,0.0],[-127.6878,51.4103,2.2203],[-127.6861,51.4078,0.0],[-127.6889,51.4047,0.0],[-127.6839,51.4036,0.0],[-127.6822,51.4053,0.0],[-127.6828,51.4081,1.0298]]],
[[[-127.6639,51.4111,5.8219],[-127.6644,51.41,3.5633],[-127.6617,51.4083,0.0],[-127.6594,51.4117,0.0],[-127.6611,51.4122,0.0],[-127.6639,51.4111,5.8219]]],
[[[-127.67,51.4137,0.0],[-127.6689,51.4167,4.4373],[-127.67,51.4175,0.0],[-127.6772,51.4172,0.0],[-127.6783,51.4161,0.0],[-127.6772,51.4136,1.645],[-127.6822,51.4078,1.0298],[-127.6772,51.4086,0.0],[-127.6772,51.4106,4.8205],[-127.675,51.4106,11.9709],[-127.6732,51.4075,4.6298],[-127.6769,51.4049,0.0],[-127.6689,51.4044,5.6188],[-127.6656,51.4081,10.1161],[-127.6665,51.4093,0.0],[-127.6689,51.4064,4.0395],[-127.6706,51.4067,4.0395],[-127.6669,51.41,0.0],[-127.67,51.4137,0.0]]],
[[[-127.6483,51.4139,0.0],[-127.6517,51.4158,0.0],[-127.655,51.4126,34.3899],[-127.6511,51.4086,0.0],[-127.6483,51.4139,0.0]]],
[[[-127.7072,51.4144,0.0],[-127.7111,51.4133,2.2903],[-127.7117,51.4117,0.0],[-127.7067,51.4119,0.0],[-127.7072,51.4144,0.0]]],
[[[-127.6868,51.4139,12.0031],[-127.6823,51.4138,24.0438],[-127.6801,51.4162,40.0784],[-127.6859,51.4164,52.6267],[-127.6876,51.415,12.0031],[-127.6868,51.4139,12.0031]]],
[[[-127.6983,51.4236,0.0],[-127.6994,51.4253,1.0964],[-127.7022,51.4239,0.0],[-127.7,51.4225,0.3002],[-127.6983,51.4236,0.0]]],
[[[-127.6583,51.4239,24.6933],[-127.6572,51.4261,0.0],[-127.6644,51.4264,11.1337],[-127.6661,51.425,0.0],[-127.6642,51.4218,0.0],[-127.6583,51.4239,24.6933]]],
[[[-127.6711,51.4475,0.0],[-127.6656,51.4475,5.5896],[-127.66,51.4525,0.0],[-127.6633,51.4533,40.7549],[-127.6687,51.4512,4.8936],[-127.6728,51.4486,6.4156],[-127.6711,51.4475,0.0]]],
[[[-127.6944,51.4503,0.0],[-127.6922,51.4528,0.0],[-127.6878,51.4542,0.0],[-127.6867,51.4575,3.6985],[-127.6888,51.4576,0.0],[-127.69,51.4556,4.9487],[-127.6936,51.4562,0.0],[-127.7,51.4514,23.3058],[-127.7017,51.4478,0.0],[-127.6994,51.4469,0.0],[-127.6944,51.4503,0.0]]],
[[[-127.6656,51.4567,17.8063],[-127.6678,51.4606,0.0],[-127.6709,51.461,0.0],[-127.6744,51.4603,13.197],[-127.6756,51.4569,14.6459],[-127.6839,51.4578,12.2594],[-127.6856,51.457,32.4199],[-127.6856,51.4544,35.4175],[-127.6833,51.4503,77.0476],[-127.6867,51.4472,0.0],[-127.6828,51.4453,0.0],[-127.6739,51.4497,9.4464],[-127.6717,51.4525,28.1712],[-127.6677,51.452,4.8936],[-127.665,51.4553,0.0],[-127.6656,51.4567,17.8063]]],
[[[-127.7072,51.4544,16.0702],[-127.7106,51.4572,0.0],[-127.7139,51.4556,0.0],[-127.7169,51.4511,0.7864],[-127.7111,51.4531,13.5745],[-127.71,51.4519,8.4777],[-127.7117,51.4506,0.0],[-127.71,51.4497,0.0],[-127.7067,51.4525,7.0591],[-127.7072,51.4544,16.0702]]],
[[[-127.6761,51.4598,4.195],[-127.677,51.4612,0.0],[-127.6801,51.4603,0.0],[-127.6783,51.4589,3.0778],[-127.6761,51.4598,4.195]]],
[[[-127.7019,51.457,0.0],[-127.6984,51.4613,35.4039],[-127.7013,51.4635,9.123],[-127.7067,51.4604,0.0],[-127.7046,51.4576,12.5407],[-127.7019,51.457,0.0]]],
[[[-128.0033,51.3672,0.0],[-128.0067,51.3697,0.0],[-128.0094,51.3686,0.0],[-128.0067,51.3672,0.0],[-128.0072,51.3658,0.0],[-128.0044,51.3656,0.0],[-128.0033,51.3672,0.0]]],
[[[-128.0161,51.3717,0.0],[-128.0194,51.3728,0.0],[-128.0211,51.3714,0.0],[-128.0183,51.37,0.0],[-128.0161,51.3717,0.0]]],
[[[-127.9233,51.4083,0.0],[-127.9194,51.41,0.0],[-127.9222,51.4111,16.6167],[-127.9267,51.4092,0.0],[-127.9233,51.4083,0.0]]],
[[[-127.9117,51.4135,0.0],[-127.9089,51.4139,0.0],[-127.9112,51.4155,0.0],[-127.9137,51.4148,0.0],[-127.9117,51.4135,0.0]]],
[[[-127.9194,51.4175,0.0],[-127.9267,51.4192,0.0],[-127.9326,51.4178,0.0],[-127.9272,51.4167,0.0],[-127.925,51.4139,0.0],[-127.9267,51.4128,0.0],[-127.9222,51.4119,16.6167],[-127.9161,51.4139,0.0],[-127.9139,51.4167,0.0],[-127.9162,51.4182,3.9678],[-127.9194,51.4175,0.0]]],
[[[-127.9328,51.4228,14.733],[-127.9344,51.4217,0.0],[-127.9317,51.4208,0.0],[-127.9283,51.4233,0.0],[-127.9294,51.4239,4.9236],[-127.9328,51.4228,14.733]]],
[[[-127.9567,51.4336,0.0],[-127.9521,51.4326,0.0],[-127.953,51.4342,0.0],[-127.9517,51.4361,0.0],[-127.955,51.4367,3.5805],[-127.9572,51.4353,0.0],[-127.9567,51.4336,0.0]]],
[[[-127.9734,51.4429,0.3424],[-127.9695,51.4399,0.0],[-127.965,51.4425,0.0],[-127.9681,51.4452,8.1423],[-127.9734,51.4429,0.3424]]],
[[[-127.8089,51.3681,0.0],[-127.8099,51.3663,1.4385],[-127.8058,51.3665,0.0],[-127.8063,51.3678,1.1401],[-127.8089,51.3681,0.0]]],
[[[-127.7283,51.5094,16.4474],[-127.7352,51.5105,0.0],[-127.763,51.4943,0.0],[-127.7631,51.4915,6.1119],[-127.7689,51.4897,0.0],[-127.7639,51.4836,0.0],[-127.7683,51.4819,0.0],[-127.7711,51.4792,0.0],[-127.77,51.4778,0.0],[-127.7644,51.48,0.0],[-127.7583,51.4783,0.0],[-127.7533,51.4808,0.0],[-127.7589,51.4817,10.1765],[-127.755,51.4842,0.0],[-127.7622,51.4875,6.9756],[-127.7606,51.4892,16.2845],[-127.7572,51.489,16.4506],[-127.7533,51.4856,5.2864],[-127.7494,51.4889,13.0906],[-127.745,51.4844,12.4351],[-127.7461,51.4822,0.0],[-127.7361,51.4794,8.4769],[-127.7439,51.4783,4.6403],[-127.7467,51.48,0.0],[-127.7511,51.4769,7.2655],[-127.7561,51.4775,0.0],[-127.7539,51.4753,5.4143],[-127.7511,51.4758,7.2655],[-127.7511,51.4742,5.4143],[-127.7611,51.4717,0.0],[-127.7561,51.4694,0.0],[-127.7578,51.4678,1.2996],[-127.7567,51.4672,1.2996],[-127.7528,51.4683,0.0],[-127.75,51.4661,0.0],[-127.7444,51.4664,0.6691],[-127.7406,51.4717,0.0],[-127.7439,51.4728,0.0],[-127.7483,51.4714,17.5958],[-127.7472,51.4756,15.0506],[-127.7406,51.475,3.337],[-127.7372,51.472,0.0],[-127.7299,51.4733,0.0],[-127.728,51.4723,0.0],[-127.7261,51.4692,7.055],[-127.7394,51.4683,20.612],[-127.7417,51.4672,0.0],[-127.7433,51.4628,0.0],[-127.7544,51.4594,0.0],[-127.7483,51.4567,0.0],[-127.7428,51.4578,13.5902],[-127.7461,51.4542,0.0],[-127.7444,51.4528,2.304],[-127.7361,51.4558,15.6118],[-127.73,51.4633,0.0],[-127.7306,51.4672,7.1262],[-127.7278,51.4672,7.1262],[-127.7267,51.465,0.0],[-127.7244,51.4647,0.0],[-127.7017,51.4772,16.5726],[-127.7017,51.4803,16.7933],[-127.7061,51.4825,0.0],[-127.7067,51.4847,11.3813],[-127.7139,51.4822,0.0],[-127.7167,51.4828,7.7093],[-127.7167,51.4869,11.9891],[-127.7144,51.4903,2.4897],[-127.7117,51.4906,14.8166],[-127.7129,51.4891,2.4897],[-127.7106,51.4851,5.2411],[-127.7078,51.485,11.3813],[-127.7036,51.487,0.0],[-127.7012,51.4925,2.577],[-127.715,51.4981,29.9856],[-127.7109,51.5002,0.0],[-127.7069,51.4955,15.264099999999999],[-127.7019,51.4967,3.3246],[-127.6978,51.5017,0.0],[-127.6977,51.505,3.6539],[-127.6956,51.5075,17.8995],[-127.6966,51.5088,0.0],[-127.7222,51.5061,12.0802],[-127.7263,51.5023,0.0],[-127.7361,51.5006,2.3497],[-127.735,51.5028,4.9353],[-127.7243,51.5061,4.1297],[-127.7283,51.5094,16.4474]]],
[[[-127.7428,51.5083,0.0],[-127.7461,51.5097,4.2963],[-127.7483,51.5078,0.0],[-127.7467,51.5075,3.4535],[-127.7428,51.5083,0.0]]],
[[[-127.7717,51.5206,0.0],[-127.775,51.5194,0.0],[-127.7717,51.5183,0.0],[-127.7683,51.52,0.0],[-127.7717,51.5206,0.0]]],
[[[-127.765,51.5222,5.3883],[-127.7633,51.5228,5.3883],[-127.7633,51.5242,0.0],[-127.7661,51.5239,0.0],[-127.765,51.5222,5.3883]]],
[[[-127.7617,51.5303,1.5735],[-127.7594,51.5317,0.0],[-127.7594,51.535,0.0],[-127.7678,51.535,8.7073],[-127.7639,51.5325,0.0],[-127.7683,51.5314,12.7546],[-127.7683,51.5275,27.074],[-127.765,51.5261,0.0],[-127.7617,51.5303,1.5735]]],
[[[-127.8461,51.6108,0.0],[-127.8594,51.6125,0.0],[-127.8639,51.6092,0.0],[-127.86279999999999,51.6067,40.8102],[-127.865,51.6033,3.7441],[-127.8606,51.5994,22.8364],[-127.8561,51.5992,20.0534],[-127.8533,51.6008,11.7307],[-127.845,51.5983,0.0],[-127.8394,51.6017,0.0],[-127.8322,51.6033,3.9861],[-127.8344,51.6,3.8313],[-127.8328,51.5986,0.0],[-127.8267,51.6006,12.7155],[-127.8198,51.5984,5.1278],[-127.8201,51.595,10.6158],[-127.8302,51.5908,0.0],[-127.8278,51.5864,4.4804],[-127.8233,51.5861,53.9808],[-127.8222,51.5817,0.0],[-127.8126,51.584,0.0],[-127.8041,51.5938,0.0],[-127.8072,51.5979,7.5558],[-127.804,51.6004,5.4733],[-127.8012,51.606,0.0],[-127.8022,51.607,7.6554],[-127.8097,51.6062,10.5323],[-127.8192,51.6082,44.5286],[-127.8253,51.6044,7.0287],[-127.8289,51.6047,8.2169],[-127.8283,51.6111,17.3582],[-127.83,51.6117,17.3582],[-127.8461,51.6108,0.0]]],
[[[-127.7567,51.6008,5.3275],[-127.7583,51.5983,0.0],[-127.7537,51.5972,8.0875],[-127.7539,51.6019,0.0],[-127.7567,51.6008,5.3275]]],
[[[-127.7116,51.4648,13.7162],[-127.7208,51.4646,12.3677],[-127.7233,51.4575,0.0],[-127.7183,51.4581,16.4354],[-127.7194,51.4556,0.0],[-127.7178,51.455,0.0],[-127.714,51.4577,0.0],[-127.7137,51.4597,0.0],[-127.71,51.4603,0.0],[-127.7116,51.4648,13.7162]]],
[[[-127.6872,51.4699,5.1234],[-127.6882,51.468,0.0],[-127.6846,51.4688,2.8107],[-127.685,51.47,2.8107],[-127.6872,51.4699,5.1234]]],
[[[-127.6867,51.4722,0.0],[-127.6875,51.4709,2.7542],[-127.6844,51.4708,8.6675],[-127.6803,51.4734,2.1535],[-127.684,51.4739,0.0],[-127.6867,51.4722,0.0]]],
[[[-127.6989,51.4833,0.0],[-127.6944,51.485,0.0],[-127.6978,51.4861,3.4697],[-127.7006,51.4842,0.0],[-127.6989,51.4833,0.0]]],
[[[-127.6991,51.4958,20.4873],[-127.6998,51.4946,5.6653],[-127.6979,51.4944,0.0],[-127.6929,51.4971,26.236],[-127.6943,51.4999,6.3715],[-127.6959,51.5,6.3715],[-127.6991,51.4958,20.4873]]],
[[[-127.5944,51.5053,20.7156],[-127.5961,51.5031,0.0],[-127.5917,51.5028,3.9236],[-127.5884,51.5073,0.5037],[-127.5889,51.5092,3.2855],[-127.5924,51.5093,6.183],[-127.5906,51.5075,0.5037],[-127.5944,51.5053,20.7156]]],
[[[-127.5721,51.574,0.0],[-127.5739,51.5742,0.0],[-127.5744,51.5694,43.1945],[-127.5772,51.5706,6.1338],[-127.5783,51.5739,0.0],[-127.5839,51.5739,0.0],[-127.5853,51.5681,0.0],[-127.592,51.5637,10.1413],[-127.5903,51.5599,47.351],[-127.5984,51.5536,3.1251],[-127.5986,51.5498,18.1522],[-127.6,51.5492,73.2153],[-127.6,51.5542,18.9365],[-127.6027,51.5574,0.0],[-127.6106,51.5533,0.0],[-127.6133,51.5487,86.6557],[-127.6266,51.5385,13.4251],[-127.6268,51.536,0.0],[-127.6344,51.5275,4.4782],[-127.6367,51.5228,16.532],[-127.6383,51.5225,16.532],[-127.6394,51.5178,20.3825],[-127.642,51.5175,5.5944],[-127.6403,51.5234,0.0],[-127.6414,51.5237,35.1032],[-127.6559,51.5184,0.0],[-127.6578,51.515,0.0],[-127.6528,51.5139,14.4687],[-127.6561,51.5114,0.0],[-127.6506,51.51,20.4854],[-127.655,51.5083,72.6162],[-127.6665,51.5079,9.4736],[-127.6678,51.5069,13.3462],[-127.6667,51.5031,0.0],[-127.6678,51.5028,4.4217],[-127.6694,51.5038,9.7294],[-127.6694,51.5072,2.9198],[-127.6717,51.5083,23.0711],[-127.6772,51.5061,11.9997],[-127.6828,51.5072,0.0],[-127.685,51.5053,17.5059],[-127.6867,51.5064,6.4208],[-127.6839,51.5083,0.0],[-127.6861,51.5097,24.0864],[-127.6947,51.5083,17.8995],[-127.6944,51.5061,6.7058],[-127.6893,51.5051,6.7963],[-127.69,51.5033,0.0],[-127.6806,51.5018,0.0],[-127.6833,51.4983,23.427],[-127.6833,51.4936,5.1746],[-127.675,51.4914,0.0],[-127.6698,51.4937,0.0],[-127.6535,51.4891,0.0],[-127.6577,51.4865,3.6962],[-127.6744,51.4906,0.0],[-127.6828,51.4897,25.9514],[-127.6849,51.4853,5.0427],[-127.6789,51.4831,0.0],[-127.6806,51.4814,0.0],[-127.6778,51.4786,34.784],[-127.6794,51.4761,5.9746],[-127.677,51.4754,3.9433],[-127.6789,51.4692,0.0],[-127.6766,51.4658,4.2724],[-127.6792,51.4646,2.1592],[-127.6789,51.4628,0.0],[-127.6706,51.4617,0.0],[-127.6717,51.4642,20.6059],[-127.6706,51.465,0.0],[-127.6633,51.4608,19.1172],[-127.6558,51.4591,2.9801],[-127.6514,51.4665,19.0403],[-127.6463,51.4664,0.0],[-127.6444,51.4706,8.3403],[-127.6428,51.4697,49.2403],[-127.6472,51.4625,14.0371],[-127.6431,51.4583,0.0],[-127.633,51.4599,0.0],[-127.6275,51.4647,0.0],[-127.6227,51.4656,16.2122],[-127.6222,51.4672,0.0],[-127.6272,51.4697,5.8457],[-127.6228,51.4706,9.4075],[-127.6238,51.4742,11.4016],[-127.6215,51.4766,0.0],[-127.6249,51.4809,0.0],[-127.6233,51.4878,0.2285],[-127.6256,51.4889,0.0],[-127.6244,51.4911,3.3482],[-127.6261,51.4947,0.0],[-127.6233,51.4964,8.2072],[-127.6209,51.4948,11.1226],[-127.6227,51.493899999999996,0.0],[-127.6217,51.4914,33.3596],[-127.6231,51.4889,0.0],[-127.6158,51.4833,0.0],[-127.609,51.4855,13.6494],[-127.6063,51.4917,0.0],[-127.6028,51.4931,19.8138],[-127.6026,51.4912,4.179],[-127.5953,51.4915,0.0],[-127.5951,51.4941,0.0],[-127.5982,51.5,13.2809],[-127.6033,51.5061,0.0],[-127.6012,51.507,0.0],[-127.6017,51.5089,3.7049],[-127.605,51.5114,0.0],[-127.6011,51.5122,17.6287],[-127.5989,51.5097,5.1102],[-127.5983,51.5053,0.0],[-127.5939,51.5075,8.9727],[-127.5933,51.5097,6.183],[-127.5903,51.5107,0.0],[-127.5903,51.515,0.0],[-127.5927,51.5169,0.0],[-127.5927,51.5191,0.0],[-127.5895,51.5214,2.9611],[-127.5856,51.5314,55.4162],[-127.5825,51.5348,0.0],[-127.5805,51.5447,20.99],[-127.5822,51.5464,17.1956],[-127.5794,51.5458,22.9324],[-127.5794,51.5372,26.9112],[-127.5811,51.5311,81.2118],[-127.5844,51.5269,8.6223],[-127.5822,51.5194,7.2819],[-127.578,51.5201,0.0],[-127.5772,51.5231,2.3095],[-127.5741,51.5225,4.5298],[-127.5693,51.5245,6.6198],[-127.5685,51.5279,0.0],[-127.5638,51.5334,14.0132],[-127.5657,51.5363,18.2956],[-127.5639,51.5378,6.8342],[-127.564,51.5525,16.4285],[-127.5675,51.5563,15.1581],[-127.5684,51.5654,0.0],[-127.5721,51.574,0.0]]],
[[[-127.6966,51.5166,0.0],[-127.6925,51.5162,12.7882],[-127.6892,51.5209,10.6035],[-127.7061,51.5294,0.0],[-127.7138,51.5267,8.6428],[-127.7178,51.5215,51.6584],[-127.7222,51.5192,0.0],[-127.7179,51.5152,0.0],[-127.6966,51.5166,0.0]]],
[[[-127.5363,51.5281,0.0],[-127.5318,51.5271,5.6522],[-127.5328,51.5289,2.7122],[-127.5317,51.5314,2.8003999999999998],[-127.5333,51.5325,0.0],[-127.5356,51.5314,9.368],[-127.5363,51.5281,0.0]]],
[[[-127.56,51.5403,0.0],[-127.561,51.5409,0.0],[-127.5629,51.5393,22.7615],[-127.5606,51.5383,0.0],[-127.56,51.5403,0.0]]],
[[[-127.5306,51.5539,0.0],[-127.5317,51.5519,0.0],[-127.5307,51.5498,0.0],[-127.5267,51.5567,0.0],[-127.5289,51.5567,0.0],[-127.5306,51.5539,0.0]]],
[[[-127.525,51.5681,0.0],[-127.5261,51.565,0.0],[-127.5244,51.5658,0.0],[-127.5244,51.5689,0.0],[-127.525,51.5681,0.0]]],
[[[-127.6822,51.6064,7.095],[-127.685,51.6064,13.0509],[-127.683,51.6044,6.6881],[-127.6817,51.6046,6.6881],[-127.6822,51.6064,7.095]]],
[[[-127.6972,51.61,0.0],[-127.6959,51.6093,0.0],[-127.6948,51.611,0.0],[-127.6964,51.6179,15.0593],[-127.6981,51.6192,0.0],[-127.7014,51.6154,2.1266],[-127.6972,51.61,0.0]]],
[[[-127.695,51.6197,16.9295],[-127.6944,51.6161,9.6321],[-127.6907,51.6151,0.0],[-127.6917,51.6181,13.5644],[-127.695,51.6197,16.9295]]],
[[[-128.0152,51.4499,0.0],[-128.0163,51.4509,0.0],[-128.0178,51.4492,0.0],[-128.016,51.4492,0.8616],[-128.0152,51.4499,0.0]]],
[[[-128.0917,51.6808,0.0],[-128.0917,51.6861,0.0],[-128.0933,51.6883,0.0],[-128.1017,51.6881,4.8879],[-128.1042,51.6851,5.0272],[-128.1089,51.6853,0.0],[-128.1128,51.6825,8.5924],[-128.1161,51.6756,25.7637],[-128.1167,51.6728,0.0],[-128.1156,51.6722,17.2245],[-128.1189,51.6675,0.0],[-128.1228,51.6689,0.0],[-128.1289,51.6661,0.0],[-128.1328,51.6678,0.0],[-128.1361,51.6664,0.0],[-128.135,51.6639,0.0],[-128.1372,51.6628,8.5186],[-128.1489,51.6642,0.0],[-128.145,51.6656,24.7346],[-128.145,51.6694,1.4341],[-128.1467,51.6703,1.4341],[-128.1506,51.6672,0.8404],[-128.1533,51.6681,1.1369],[-128.1583,51.6667,0.0],[-128.155,51.6631,3.6972],[-128.1578,51.6614,0.0],[-128.155,51.655,0.0],[-128.15,51.6569,0.0],[-128.1478,51.6558,0.0],[-128.1455,51.6583,12.0351],[-128.1415,51.6566,1.9816],[-128.1394,51.6528,9.358],[-128.1456,51.6506,0.0],[-128.1467,51.6475,0.0],[-128.15,51.6453,9.6602],[-128.1539,51.6464,0.0],[-128.1532,51.6439,0.0],[-128.1512,51.6432,0.0],[-128.1544,51.6411,6.6234],[-128.1622,51.645,0.0],[-128.1661,51.6414,0.0],[-128.1617,51.6392,0.0],[-128.1594,51.64,0.0],[-128.1555,51.6375,0.0],[-128.1486,51.6394,11.7767],[-128.1456,51.6358,0.0],[-128.1517,51.6331,0.0],[-128.1528,51.6297,0.0],[-128.1489,51.6278,0.4149],[-128.1522,51.6256,0.0],[-128.1489,51.6242,6.1192],[-128.15,51.6233,0.0],[-128.1478,51.6217,15.8753],[-128.1489,51.6197,5.4205],[-128.1462,51.6161,0.0],[-128.1472,51.6142,0.0],[-128.1428,51.6114,14.1969],[-128.145,51.6106,0.7511],[-128.1478,51.6128,0.0],[-128.15,51.6117,0.0],[-128.1506,51.6092,2.1066],[-128.1461,51.6056,2.302],[-128.1514,51.6036,0.0],[-128.1522,51.6,1.7536],[-128.145,51.5942,0.0],[-128.1433,51.5914,0.0],[-128.1444,51.59,0.0],[-128.1378,51.5856,9.4168],[-128.13,51.5842,1.7955],[-128.1278,51.5803,0.0],[-128.1245,51.5789,13.5285],[-128.1199,51.5692,0.0],[-128.1178,51.5589,0.0],[-128.1156,51.5561,31.3742],[-128.1167,51.5464,0.0],[-128.1139,51.5442,41.739],[-128.115,51.5417,0.0],[-128.1122,51.5381,0.5615],[-128.1133,51.5367,1.9568],[-128.1083,51.5333,0.0],[-128.1117,51.5314,0.0],[-128.1083,51.5294,0.0],[-128.1133,51.5275,0.0],[-128.1095,51.5217,0.0],[-128.1061,51.52,0.0],[-128.1083,51.5189,0.0],[-128.1061,51.5161,0.0],[-128.1006,51.5136,0.0],[-128.1011,51.5117,0.0],[-128.0945,51.5067,0.0],[-128.0972,51.5017,0.0],[-128.0917,51.4992,10.687],[-128.0939,51.4919,0.0],[-128.0889,51.4814,0.0],[-128.0906,51.4803,0.0],[-128.0878,51.4786,0.0],[-128.0817,51.4786,0.0],[-128.0791,51.4742,0.0],[-128.0739,51.4756,0.9562],[-128.07,51.4725,3.8527],[-128.0683,51.4689,1.3374],[-128.0606,51.4711,6.3649],[-128.0589,51.4706,5.85],[-128.0594,51.4681,0.0],[-128.0528,51.4717,0.0],[-128.045,51.4697,12.709],[-128.0472,51.4669,0.0],[-128.0423,51.4669,10.3562],[-128.039,51.4628,0.0],[-128.0317,51.4639,4.4824],[-128.0278,51.4617,0.0],[-128.0167,51.4647,0.0],[-128.0178,51.4675,27.4239],[-128.0155,51.4739,12.6364],[-128.0139,51.4747,0.0],[-128.0106,51.4733,0.0],[-128.0056,51.4758,1.4988],[-127.9981,51.4694,4.9057],[-127.9861,51.4667,19.5152],[-127.9883,51.465,2.5332],[-127.9861,51.4622,0.0],[-127.9839,51.4628,0.0],[-127.9817,51.4608,3.5833],[-127.9828,51.4586,0.0],[-127.9794,51.4558,0.0],[-127.9749,51.4563,0.0],[-127.9744,51.4597,0.0],[-127.9659,51.4596,1.9168],[-127.9589,51.4569,5.9439],[-127.9667,51.4553,0.0],[-127.9622,51.4544,0.403],[-127.9644,51.4522,0.0],[-127.9625,51.4498,0.1377],[-127.9633,51.4469,0.9846],[-127.96,51.4467,0.9846],[-127.9611,51.4492,0.1377],[-127.9572,51.4517,0.0],[-127.9539,51.4503,0.0],[-127.9506,51.4467,14.3334],[-127.9581,51.44,0.0],[-127.9534,51.4378,0.0],[-127.9478,51.44,2.5518],[-127.9456,51.4392,0.0],[-127.95,51.4347,2.6567],[-127.9491,51.4317,0.0],[-127.9456,51.431399999999996,0.0],[-127.9422,51.4336,0.0],[-127.9378,51.4325,10.0831],[-127.9419,51.4292,0.0],[-127.9352,51.4259,1.8686],[-127.9344,51.4242,1.6875],[-127.9322,51.4256,2.326],[-127.93,51.4242,4.9236],[-127.9244,51.425,0.0],[-127.9189,51.4211,3.4635],[-127.915,51.4242,0.0],[-127.9116,51.4246,0.0],[-127.9094,51.4239,16.5875],[-127.9111,51.4217,0.0],[-127.91,51.4196,4.7803],[-127.9039,51.4171,14.169],[-127.895,51.4217,0.0],[-127.8956,51.4242,0.0],[-127.8874,51.4271,9.1399],[-127.8852,51.43,0.0],[-127.8889,51.4328,0.0],[-127.8928,51.433,6.7027],[-127.8773,51.4468,0.0],[-127.8756,51.4526,37.1334],[-127.8766,51.4558,44.0783],[-127.8753,51.4643,0.0],[-127.8864,51.4958,20.8019],[-127.8901,51.5026,41.8506],[-127.8993,51.5122,10.3763],[-127.9045,51.5213,0.0],[-127.9172,51.5275,0.0],[-127.9317,51.5278,22.2366],[-127.9372,51.5297,0.0],[-127.9367,51.5314,6.0368],[-127.9333,51.5322,50.6337],[-127.9116,51.532,0.0],[-127.9074,51.5338,0.0],[-127.9062,51.543,0.0],[-127.898,51.5504,17.5567],[-127.8935,51.5642,0.0],[-127.8965,51.5728,9.4168],[-127.9016,51.5771,6.6727],[-127.9068,51.5941,3.2631],[-127.9151,51.6087,9.4598],[-127.9216,51.6149,22.7879],[-127.9278,51.6171,0.0],[-127.9378,51.6282,0.0],[-127.9489,51.6353,23.5614],[-127.9512,51.6385,0.0],[-127.9508,51.6403,0.0],[-127.9561,51.6467,14.9923],[-127.961,51.6455,0.0],[-128.0028,51.6497,6.2381],[-128.0106,51.6481,17.1785],[-128.0183,51.65,28.1232],[-128.0406,51.65,28.2074],[-128.0578,51.6525,0.0],[-128.0667,51.6517,23.9928],[-128.0694,51.65,11.9046],[-128.0739,51.6519,25.2769],[-128.0772,51.6503,9.3756],[-128.0761,51.6478,0.0],[-128.0828,51.6503,8.2838],[-128.0844,51.6494,5.7028],[-128.0856,51.6447,0.0],[-128.0844,51.6428,31.785],[-128.0878,51.6411,26.1538],[-128.0872,51.6442,0.0],[-128.09,51.6456,0.0],[-128.0994,51.6433,10.5673],[-128.0939,51.6481,6.9333],[-128.0928,51.65,0.0],[-128.0939,51.6508,4.2469],[-128.11,51.6525,0.0],[-128.1111,51.6503,3.6227],[-128.1178,51.6478,10.3759],[-128.1189,51.6431,4.669],[-128.1212,51.6424,12.1583],[-128.1217,51.6472,15.5205],[-128.1172,51.6511,0.0],[-128.1178,51.6525,0.0],[-128.1283,51.6545,0.0],[-128.1172,51.6592,4.7433],[-128.1083,51.6547,0.0],[-128.0978,51.6567,15.7698],[-128.0961,51.6603,0.0],[-128.0967,51.6642,1.0747],[-128.0922,51.6719,0.0],[-128.0933,51.6742,0.0],[-128.0917,51.6756,10.9849],[-128.0917,51.6808,0.0]]],
[[[-127.8561,51.6492,2.068],[-127.8578,51.6489,2.068],[-127.8578,51.6469,0.0],[-127.8544,51.6469,0.0],[-127.8561,51.6492,2.068]]],
[[[-128.0228,51.7922,3.3833],[-128.0244,51.7897,4.3586],[-128.0222,51.7886,8.4281],[-128.02,51.792,0.0],[-128.0228,51.7922,3.3833]]],
[[[-127.7639,51.6081,3.2872],[-127.7667,51.6069,0.0],[-127.765,51.6042,9.8542],[-127.7622,51.6036,6.9034],[-127.7606,51.605,0.0],[-127.7602,51.6088,0.0],[-127.7639,51.6081,3.2872]]],
[[[-127.7956,51.6184,16.6314],[-127.7931,51.6215,28.5199],[-127.809,51.6205,0.0],[-127.8106,51.6197,9.4298],[-127.8111,51.6161,39.921],[-127.8089,51.6123,16.0982],[-127.8061,51.6114,0.0],[-127.7972,51.6156,45.733],[-127.7956,51.6184,16.6314]]],
[[[-127.7267,51.6136,18.6119],[-127.7278,51.6178,8.1397],[-127.7256,51.6186,0.0],[-127.7256,51.6225,7.4974],[-127.7267,51.6233,7.4974],[-127.7239,51.6247,6.0904],[-127.7273,51.627,10.3686],[-127.7287,51.6243,22.1083],[-127.7344,51.6225,0.0],[-127.7361,51.6206,0.0],[-127.7311,51.6181,8.1397],[-127.7306,51.615,24.0854],[-127.7372,51.615,6.195],[-127.7406,51.6128,0.0],[-127.7261,51.6094,5.5342],[-127.7267,51.6136,18.6119]]],
[[[-127.8333,51.6158,23.5956],[-127.8302,51.616,37.4287],[-127.8295,51.6218,10.8946],[-127.8359,51.626,2.48],[-127.8416,51.6228,0.0],[-127.8416,51.6183,4.078],[-127.8511,51.6192,0.0],[-127.8472,51.6161,6.9845],[-127.8333,51.6158,23.5956]]],
[[[-127.7644,51.6211,0.0],[-127.765,51.6186,4.9753],[-127.7634,51.6177,4.9753],[-127.7583,51.6204,4.4327],[-127.76,51.625,16.6784],[-127.76,51.6335,0.0],[-127.7634,51.6349,20.1555],[-127.7661,51.6341,20.1555],[-127.7672,51.6294,8.6668],[-127.7628,51.6228,0.0],[-127.7644,51.6211,0.0]]],
[[[-127.7354,51.6287,18.907],[-127.735,51.6253,0.0],[-127.7319,51.6255,11.1445],[-127.7322,51.6283,4.2268],[-127.7354,51.6287,18.907]]],
[[[-127.7834,51.6293,0.4831],[-127.7854,51.6291,0.0],[-127.7867,51.6278,0.0173],[-127.7851,51.627,0.0],[-127.7834,51.6293,0.4831]]],
[[[-127.825,51.6317,0.0],[-127.8283,51.6317,0.0],[-127.8289,51.6308,0.0],[-127.8261,51.6292,0.0],[-127.825,51.6317,0.0]]],
[[[-128.02,51.8092,1.018],[-128.0217,51.8072,0.0],[-128.0172,51.8078,0.0],[-128.0174,51.8093,1.018],[-128.02,51.8092,1.018]]],
[[[-128.0233,51.8122,0.0],[-128.0217,51.8133,0.0],[-128.025,51.8142,5.9692],[-128.025,51.8128,5.2803],[-128.0233,51.8122,0.0]]],
[[[-127.89,51.8342,0.0],[-127.885,51.8364,0.0],[-127.8889,51.8375,0.0],[-127.8911,51.835,0.0],[-127.89,51.8342,0.0]]],
[[[-128.0155,51.8381,0.0],[-128.015,51.8394,0.0],[-128.0151,51.8407,0.0],[-128.0172,51.8397,0.0],[-128.0155,51.8381,0.0]]],
[[[-127.8794,51.8572,0.0],[-127.884,51.8546,0.0],[-127.8828,51.8536,7.8255],[-127.8806,51.8547,7.5466],[-127.8785,51.8566,9.9549],[-127.8794,51.8572,0.0]]],
[[[-127.8707,51.8602,0.0],[-127.8739,51.8594,0.0],[-127.8744,51.8586,0.0],[-127.8703,51.8597,0.0],[-127.8707,51.8602,0.0]]],
[[[-127.8937,51.8654,48.8465],[-127.8957,51.863,24.9654],[-127.8934,51.8607,4.2731],[-127.8872,51.8647,0.0],[-127.891,51.8667,15.4864],[-127.8937,51.8654,48.8465]]],
[[[-127.8806,51.8681,0.0],[-127.8794,51.868899999999996,0.0],[-127.8828,51.8708,0.0],[-127.8861,51.8694,0.0],[-127.8822,51.868899999999996,3.7771],[-127.8806,51.8681,0.0]]],
[[[-127.8872,51.8939,0.751],[-127.885,51.8942,0.0],[-127.8844,51.8956,0.0],[-127.8883,51.8961,0.0],[-127.8872,51.8939,0.751]]],
[[[-127.8617,51.9086,0.0],[-127.863,51.9085,0.0],[-127.8631,51.9065,0.0],[-127.8611,51.9075,0.0],[-127.8617,51.9086,0.0]]],
[[[-127.8889,51.9275,0.0],[-127.8911,51.9269,0.0],[-127.8906,51.9256,0.0],[-127.8872,51.9261,0.0],[-127.8889,51.9275,0.0]]],
[[[-127.8954,51.9422,20.4692],[-127.8967,51.9444,0.0],[-127.8989,51.9436,0.0],[-127.8978,51.9416,0.0],[-127.8954,51.9422,20.4692]]],
[[[-127.8533,51.9122,0.5374],[-127.8567,51.9128,0.0],[-127.8561,51.9094,0.0],[-127.8528,51.91,1.1162],[-127.8533,51.9122,0.5374]]],
[[[-127.8511,51.915,3.5156],[-127.8528,51.9133,0.5374],[-127.849,51.9136,0.0],[-127.8496,51.9144,0.0],[-127.8511,51.915,3.5156]]],
[[[-127.8573,52.0586,23.8212],[-127.8567,52.0533,0.0],[-127.8492,52.0576,5.2743],[-127.8562,52.0634,22.3543],[-127.8605,52.0632,21.6129],[-127.8573,52.0586,23.8212]]],
[[[-127.908,51.9523,29.3025],[-127.9075,51.9498,6.3276],[-127.903,51.9487,0.0],[-127.9001,51.9574,31.0772],[-127.9026,51.9591,0.0],[-127.91,51.9572,6.8589],[-127.908,51.9523,29.3025]]],
[[[-127.8883,51.9689,5.5934],[-127.8944,51.97,14.3025],[-127.8967,51.9683,11.3738],[-127.8978,51.9642,19.3197],[-127.895,51.9622,10.6488],[-127.8906,51.9644,0.0],[-127.8922,51.9667,5.6556],[-127.8911,51.9678,5.3904],[-127.8872,51.9661,0.0],[-127.8817,51.9672,0.0],[-127.8883,51.9689,5.5934]]],
[[[-127.9191,51.9724,0.0],[-127.9188,51.9706,0.0],[-127.9152,51.9731,0.0],[-127.9161,51.9736,0.0],[-127.9191,51.9724,0.0]]],
[[[-127.9489,52.0235,7.7088],[-127.9517,52.0339,0.0],[-127.9483,52.0361,0.0],[-127.9517,52.0381,0.0],[-127.9544,52.0358,0.0],[-127.955,52.0283,0.0],[-127.9531,52.0262,12.3464],[-127.9531,52.0216,9.4812],[-127.9505,52.0204,0.0],[-127.9489,52.0235,7.7088]]],
[[[-127.5661,51.5792,0.0],[-127.5641,51.5803,0.0],[-127.5654,51.5811,0.0],[-127.57,51.5781,0.9174],[-127.5672,51.5778,0.0],[-127.5661,51.5792,0.0]]],
[[[-127.555,51.6019,0.0],[-127.5544,51.6042,0.0],[-127.5572,51.6064,0.0],[-127.5594,51.6031,4.6615],[-127.5633,51.6022,0.0],[-127.5611,51.5986,10.2691],[-127.5667,51.5961,0.0],[-127.5639,51.5947,4.3354],[-127.5656,51.5917,0.0],[-127.5633,51.5878,10.2604],[-127.5683,51.5847,19.9084],[-127.5667,51.5836,21.5974],[-127.5672,51.5822,21.5974],[-127.5633,51.5822,36.818],[-127.559,51.5877,10.3312],[-127.5552,51.5955,0.0],[-127.555,51.6019,0.0]]],
[[[-125.8148,51.9751,2776.5576],[-125.8017,51.9793,2744.1741],[-125.7953,51.9868,2562.5447],[-125.7765,52.0005,2115.4685],[-125.7592,52.0047,1681.4022],[-125.7485,52.0098,1249.793],[-125.7392,52.0119,840.5121],[-125.7203,52.0081,748.0608],[-125.7148,52.004,933.7544],[-125.7079,51.9945,1255.8064],[-125.7005,51.9803,1360.3975],[-125.7018,51.9752,1314.4435],[-125.6954,51.9646,1311.4862],[-125.6893,51.957,1314.5408],[-125.6801,51.9517,1507.9377],[-125.6782,51.9428,1510.0927],[-125.6686,51.9356,1633.5842],[-125.6615,51.9332,1779.0413],[-125.6564,51.9237,1770.4133],[-125.6461,51.9212,1746.4346],[-125.6353,51.9145,1879.5022],[-125.6247,51.9113,1768.2817],[-125.6114,51.9029,1820.3313],[-125.5977,51.9005,1866.7046],[-125.5844,51.9026,2151.7498],[-125.5751,51.9129,1815.5696],[-125.5778,51.9154,1819.5332],[-125.5803,51.9234,1754.9675],[-125.5761,51.9267,1777.0518],[-125.5747,51.9311,1972.2568],[-125.5891,51.9424,2098.8269],[-125.5894,51.9446,2114.572],[-125.5847,51.9495,2300.2385],[-125.5857,51.9513,2277.6626],[-125.6042,51.9669,1841.7001],[-125.5978,51.974,1754.6313],[-125.5995,51.9759,1759.6082],[-125.6116,51.9768,1797.6692],[-125.6147,51.9812,1734.2499],[-125.6161,51.9875,1650.1815],[-125.6115,51.9936,1611.9901],[-125.6103,51.999,1614.6196],[-125.6066,52.0003,1615.894],[-125.6022,52.006,1581.7715],[-125.603,52.012,1508.9532],[-125.5994,52.0227,1558.2081],[-125.5906,52.0266,1569.1025],[-125.5791,52.0552,1799.0577],[-125.59,52.0535,1763.77],[-125.6054,52.0566,1866.2333],[-125.6179,52.0521,1861.5323],[-125.6228,52.0484,1964.8604],[-125.6437,52.0517,2317.3384],[-125.6586,52.0602,1945.1605],[-125.6592,52.0666,1845.0012],[-125.6646,52.0724,1723.0985],[-125.6642,52.0863,1545.478],[-125.6605,52.0935,1589.7275],[-125.6614,52.1,1657.1946],[-125.6733,52.1088,2030.1841],[-125.6691,52.1162,2312.9287],[-125.6683,52.1217,2452.7383],[-125.6588,52.128,2383.4189],[-125.6452,52.129,2475.3435],[-125.6458,52.1371,2319.3733],[-125.6293,52.1392,2171.7263],[-125.6301,52.1468,2057.5786],[-125.629,52.1488,2106.1934],[-125.6145,52.1489,1996.2462],[-125.6083,52.1511,2024.8428],[-125.5986,52.1581,2043.6201],[-125.5906,52.159,2129.6133],[-125.5731,52.1576,2163.7573],[-125.5724,52.1727,2098.0933],[-125.5654,52.1745,1959.9714],[-125.545,52.1671,1866.266],[-125.4822,52.1772,1374.1506],[-125.4621,52.1866,1307.6707],[-125.4531,52.1961,1273.2052],[-125.4508,52.2042,1167.5],[-125.4555,52.2084,1189.8152],[-125.4573,52.2139,1319.6144],[-125.479,52.2229,1604.423],[-125.4851,52.2275,1700.254],[-125.5021,52.2289,1803.8013],[-125.5081,52.2338,1857.0665],[-125.5082,52.2401,2048.8997],[-125.5133,52.2423,2077.155],[-125.5104,52.2465,2044.3217],[-125.4987,52.2493,2122.5464],[-125.4899,52.2493,2209.1865],[-125.4848,52.2524,2147.666],[-125.4881,52.2565,2071.4348],[-125.4839,52.2609,1895.1605],[-125.4769,52.2797,2019.9952],[-125.4681,52.286,1958.2561],[-125.4615,52.2879,1888.9111],[-125.4546,52.2866,1858.6067],[-125.4476,52.2804,1679.7727],[-125.4388,52.2757,1626.4462],[-125.4278,52.2757,1613.5276],[-125.4203,52.2801,1607.2131],[-125.4187,52.2884,1633.8326],[-125.4033,52.3,1448.6282],[-125.4,52.3078,1397.1818],[-125.3915,52.3116,1398.5273],[-125.3807,52.3137,1399.2952],[-125.3774,52.317,1422.4531],[-125.3838,52.3266,1484.082],[-125.3823,52.329,1484.9315],[-125.3628,52.3318,1276.8503],[-125.349,52.3366,1261.4067],[-125.3432,52.3443,1268.9755],[-125.351,52.3515,1286.3213],[-125.3529,52.3568,1268.7423],[-125.3581,52.3633,1253.7698],[-125.3589,52.3658,1267.7617],[-125.3547,52.3704,1288.7841],[-125.3552,52.3755,1241.8738],[-125.3581,52.3802,1214.6475],[-125.3647,52.3855,1186.8572],[-125.3834,52.3953,1191.301],[-125.4059,52.3949,1194.006],[-125.4157,52.3977,1185.2585],[-125.4291,52.404,1163.3787],[-125.4506,52.4043,1221.5974],[-125.4558,52.4004,1195.2222],[-125.4659,52.3983,1221.5597],[-125.4793,52.4017,1215.472],[-125.4847,52.4078,1170.7928],[-125.489,52.4213,1127.7312],[-125.4889,52.4315,1148.6549],[-125.4824,52.4375,1143.592],[-125.4764,52.4471,1132.1799],[-125.4753,52.4525,1125.8604],[-125.4717,52.455,1134.2628],[-125.457,52.458,1133.3114],[-125.4543,52.4638,1128.5898],[-125.4556,52.4711,1140.8171],[-125.4605,52.4731,1132.4958],[-125.4622,52.4781,1128.2728],[-125.4718,52.4808,1130.6206],[-125.4827,52.4789,1140.9165],[-125.4946,52.4805,1150.821],[-125.4995,52.4853,1157.9951],[-125.5179,52.4895,1196.2263],[-125.5301,52.4969,1237.9153],[-125.5479,52.4993,1276.6156],[-125.5571,52.5028,1351.3901],[-125.5681,52.5042,1364.3735],[-125.5957,52.5047,1435.2483],[-125.6206,52.5112,1548.0591],[-125.6312,52.5098,1542.0535],[-125.6561,52.4985,1575.0016],[-125.6783,52.4927,1757.3164],[-125.7002,52.4923,1994.5029],[-125.7119,52.4865,1870.2566],[-125.7241,52.4858,1891.8594],[-125.7355,52.4801,1981.3063],[-125.7499,52.4799,1777.2666],[-125.7558,52.4832,1754.7583],[-125.7588,52.4872,1792.2239],[-125.7475,52.496,1623.4397],[-125.747,52.4987,1609.7026],[-125.7519,52.5008,1611.9165],[-125.7546,52.5083,1548.6198],[-125.7789,52.5117,1499.084],[-125.7885,52.5196,1486.1285],[-125.8001,52.5259,1482.9882],[-125.791,52.5347,1485.9736],[-125.7924,52.5372,1489.9817],[-125.8046,52.5374,1522.7306],[-125.8096,52.5406,1546.6044],[-125.8011,52.5483,1584.9414],[-125.8025,52.5507,1615.3369],[-125.8154,52.5509,1655.0725],[-125.8194,52.5558,1659.6515],[-125.8271,52.5583,1680.5238],[-125.8211,52.5709,1753.9865],[-125.8246,52.5772,1777.9834],[-125.8508,52.5769,1772.1094],[-125.8548,52.5793,1796.7115],[-125.8611,52.6047,1967.3293],[-125.8657,52.6078,2014.1882],[-125.8664,52.6106,2018.8672],[-125.8632,52.6121,1979.5469],[-125.8618,52.6154,1916.0381],[-125.8548,52.6161,1829.4177],[-125.8493,52.6197,1891.2605],[-125.8479,52.6242,2035.0891],[-125.855,52.6319,1815.6211],[-125.8705,52.6334,1883.7704],[-125.8844,52.628,1874.3389],[-125.9371,52.6222,1826.9956],[-125.958,52.603,1828.6804],[-125.988,52.6194,1827.4252],[-126.0107,52.614,1951.0303],[-126.0066,52.6023,1859.6244],[-126.047,52.5818,1763.808],[-126.0671,52.58,1837.7661],[-126.0844,52.5919,1855.6409],[-126.0928,52.5943,1864.832],[-126.1008,52.5892,1836.6102],[-126.1186,52.5884,1940.9167],[-126.1364,52.5772,1828.4585],[-126.137,52.5638,1748.0691],[-126.1342,52.5583,1677.0938],[-126.1344,52.5555,1651.9069],[-126.1381,52.5502,1587.8347],[-126.1441,52.5471,1587.0363],[-126.1544,52.546,1552.3346],[-126.1675,52.532,1464.1096],[-126.1719,52.5315,1454.2897],[-126.1814,52.5194,1408.1168],[-126.184,52.5209,1405.2102],[-126.1981,52.5003,1444.464],[-126.2125,52.4953,1513.9567],[-126.2203,52.4966,1450.6459],[-126.2385,52.5196,1398.8508],[-126.2446,52.525,1504.3574],[-126.2613,52.5305,1722.7852],[-126.2705,52.5415,1811.7769],[-126.2843,52.5415,1868.7239],[-126.3008,52.5455,1898.2107],[-126.3129,52.5327,1606.7437],[-126.3137,52.5216,1943.8774],[-126.3179,52.5185,1853.9652],[-126.3317,52.5214,1908.7791],[-126.339,52.5276,1902.1846],[-126.3443,52.5247,1804.9501],[-126.3587,52.5352,1854.8666],[-126.3839,52.5684,2372.6233],[-126.3844,52.5784,1700.4509],[-126.4101,52.5933,1263.4773],[-126.3966,52.5994,1112.7556],[-126.3959,52.6026,1122.603],[-126.4128,52.6147,1459.6149],[-126.4246,52.6319,1883.1102],[-126.4458,52.6542,2014.8384],[-126.4166,52.6614,1746.7933],[-126.4125,52.6774,1548.6937],[-126.4175,52.6797,1501.9342],[-126.4181,52.683,1327.5026],[-126.4112,52.6885,1612.3374],[-126.4021,52.689,1596.7036],[-126.3782,52.6945,1511.5266],[-126.3607,52.7063,1444.2681],[-126.3455,52.7014,1397.3115],[-126.3486,52.7202,1147.476],[-126.3488,52.7309,952.413],[-126.338,52.7501,474.4858],[-126.3395,52.828,1229.7775],[-126.374,52.8214,974.9053],[-126.4075,52.7976,1216.6847],[-126.4195,52.7928,1252.1311],[-126.4383,52.7923,1272.859],[-126.4466,52.7941,1273.4246],[-126.4573,52.7831,1305.8925],[-126.4675,52.7823,1316.6838],[-126.4792,52.7847,1312.2286],[-126.4842,52.7827,1308.2115],[-126.4892,52.7782,1301.9082],[-126.5204,52.7731,1499.301],[-126.5331,52.774,1634.0303],[-126.5584,52.7913,1571.8473],[-126.5582,52.7984,1518.0325],[-126.5531,52.7991,1525.2357],[-126.5559,52.8142,1655.9318],[-126.5755,52.8176,1674.9816],[-126.5924,52.8158,1521.1392],[-126.5982,52.8116,1502.1564],[-126.6033,52.8121,1519.9808],[-126.6147,52.8335,1696.6075],[-126.641,52.8452,1812.9277],[-126.6395,52.849,1812.1912],[-126.6337,52.8532,1767.6489],[-126.6256,52.8556,1576.0334],[-126.6236,52.8599,1600.7435],[-126.6138,52.868,1540.3396],[-126.6018,52.8746,1554.7817],[-126.5888,52.8787,1958.5754],[-126.599,52.9129,988.8994],[-126.6148,52.9183,1137.6084],[-126.6166,52.9214,1295.6659],[-126.6168,52.9271,1402.5524],[-126.6253,52.9347,1581.5366],[-126.6386,52.9375,1654.4419],[-126.6469,52.9415,1924.4607],[-126.6447,52.9482,1557.5811],[-126.6243,52.9712,1734.4451],[-126.6271,52.9751,1911.8689],[-126.6346,52.9794,1822.8389],[-126.6361,52.984,1542.5901],[-126.6145,52.9954,1976.0862],[-126.6094,53.0001,1901.4475],[-126.6167,53.0001,1887.9272],[-126.63,53.0083,2211.4375],[-126.6379,53.0207,2471.4878],[-126.65,53.0321,2396.8223],[-126.6728,53.0247,2037.0101],[-126.6836,53.0173,1540.7153],[-126.6909,53.0145,1251.3416],[-126.7008,53.0074,995.7309],[-126.7058,53.0004,1235.8467],[-126.7249,52.9994,1520.8411],[-126.7242,52.9923,1893.5635],[-126.7529,52.993,1753.7065],[-126.7633,53.0004,1348.6143],[-126.7901,53.0002,1544.2401],[-126.7911,53.0008,1500.3127],[-126.789,53.0166,1673.8206],[-126.7946,53.0262,1525.7963],[-126.7897,53.0494,1933.5034],[-126.8004,53.0741,1300.71],[-126.8133,53.0887,962.7195],[-126.8219,53.0955,1038.7742],[-126.8228,53.103,1177.1398],[-126.8414,53.1102,1540.4004],[-126.8614,53.1072,1923.437],[-126.8828,53.0837,1763.9021],[-126.8948,53.0827,2050.3621],[-126.9307,53.0855,1869.0845],[-126.9404,53.0914,2111.9258],[-126.9481,53.0934,2082.5637],[-126.9855,53.0721,2129.9656],[-126.9991,53.0692,2195.303],[-126.9991,53.0727,2093.5071],[-127.0129,53.075,2162.123],[-127.0173,53.0785,2125.8091],[-127.0011,53.088,1844.7594],[-127.0121,53.0918,1801.4495],[-127.0328,53.1141,2137.8252],[-127.021,53.1214,1731.2753],[-127.0141,53.1299,1668.3607],[-127.0137,53.1391,1076.0204],[-127.0073,53.1488,1510.845],[-127.0037,53.1586,1855.5593],[-127.0122,53.176,1225.5924],[-127.0133,53.189,1612.3599],[-127.0279,53.1962,1490.0004],[-127.0303,53.2036,1399.6797],[-127.043,53.2011,1583.2052],[-127.049,53.2027,1567.2866],[-127.0507,53.2064,1290.5779],[-127.0371,53.2263,1323.132],[-127.0179,53.2407,1375.6423],[-127.0105,53.25,1773.0654],[-127.0061,53.2512,1904.948],[-127.0017,53.2559,2201.4458],[-126.9925,53.2583,2059.6379],[-126.9866,53.2569,2052.3555],[-126.9789,53.2629,1956.0875],[-126.9821,53.2783,1233.4111],[-127.0156,53.3089,1673.2651],[-127.0506,53.2986,1869.9142],[-127.0698,53.2841,2060.6973],[-127.0745,53.2506,1860.598],[-127.0992,53.2332,1409.0618],[-127.1081,53.2334,1132.0951],[-127.1209,53.2395,1086.2166],[-127.1318,53.2598,1184.9767],[-127.1407,53.2678,1598.4248],[-127.1419,53.2774,1948.4799],[-127.1508,53.281,2100.6985],[-127.1948,53.2647,1811.3312],[-127.1926,53.2576,2074.6191],[-127.2013,53.2492,1967.0167],[-127.2247,53.25,1649.8525],[-127.2396,53.2623,1134.9814],[-127.2534,53.2694,1356.0886],[-127.2535,53.275,1567.4557],[-127.2666,53.2773,1500.1572],[-127.2754,53.2582,1601.1628],[-127.2922,53.233,1301.7457],[-127.2952,53.2235,1099.7037],[-127.3066,53.2152,713.3596],[-127.3197,53.2141,448.3429],[-127.3292,53.2269,612.0037],[-127.3401,53.231,439.339],[-127.3507,53.2322,507.109],[-127.3611,53.2281,866.6316],[-127.364,53.2209,967.4233],[-127.3615,53.2016,1511.2631],[-127.353,53.1865,1539.9512],[-127.355,53.1798,1765.5626],[-127.3604,53.177,1797.8314],[-127.3876,53.1813,1521.1747],[-127.3966,53.1854,1672.7894],[-127.4056,53.1841,1799.6573],[-127.4063,53.1766,1746.901],[-127.4046,53.1643,1826.4092],[-127.4114,53.1591,1699.2588],[-127.4237,53.1608,1745.553],[-127.4416,53.1607,1734.8093],[-127.4503,53.1514,1827.0178],[-127.4519,53.1461,2110.6562],[-127.4568,53.1429,2164.3936],[-127.466,53.1425,2071.979],[-127.4765,53.1391,2199.0784],[-127.4726,53.1241,1765.0153],[-127.4595,53.1197,1707.3242],[-127.4509,53.123,1397.4731],[-127.4394,53.1224,1625.0732],[-127.4345,53.1177,1689.6198],[-127.4381,53.1162,1596.6355],[-127.4402,53.111,1535.5059],[-127.4459,53.1056,1450.3394],[-127.4486,53.0989,1376.7157],[-127.4429,53.0936,1413.7576],[-127.4433,53.0916,1452.7529],[-127.4339,53.0884,1109.4028],[-127.3756,53.0863,1505.8605],[-127.322,53.0674,2231.5759],[-127.2903,53.0497,2009.7883],[-127.2569,53.0278,1117.2524],[-127.2433,53.0163,1799.6731],[-127.2429,53.0023,2110.4507],[-127.2478,52.9942,2121.5029],[-127.2567,52.988,2048.23],[-127.2562,52.9787,2058.063],[-127.2494,52.9726,1911.3806],[-127.2407,52.9693,1621.8738],[-127.2367,52.9616,1858.7228],[-127.2494,52.9522,1490.6448],[-127.2858,52.9368,1861.5569],[-127.2974,52.9074,1564.5312],[-127.2928,52.9043,1441.7665],[-127.2838,52.9025,1313.6393],[-127.2776,52.8974,1581.7454],[-127.2808,52.8867,1807.7285],[-127.2555,52.8732,1608.8618],[-127.2492,52.8624,1485.9482],[-127.2336,52.8573,1599.592],[-127.2227,52.8505,1897.2896],[-127.2279,52.8296,1778.8323],[-127.2168,52.828,1894.2463],[-127.222,52.822,1859.2269],[-127.2424,52.8161,1588.7476],[-127.2517,52.8177,1755.5872],[-127.2782,52.8112,1503.9816],[-127.2923,52.8157,1516.4829],[-127.3009,52.813,1366.2755],[-127.3099,52.7987,1077.2474],[-127.3249,52.7948,1450.7072],[-127.3392,52.7985,1844.9023],[-127.3526,52.8079,2039.4248],[-127.3683,52.7973,1781.554],[-127.3795,52.7833,1671.4069],[-127.3813,52.7694,1695.514],[-127.3686,52.7552,1452.9176],[-127.3735,52.7499,1675.3484],[-127.3878,52.7491,1405.1676],[-127.4007,52.7358,1448.3007],[-127.4484,52.7131,932.2117],[-127.4709,52.7046,1415.1294],[-127.4748,52.6973,1662.9974],[-127.4902,52.692,1055.3907],[-127.5223,52.6947,1367.4283],[-127.5303,52.6905,1086.13],[-127.5486,52.6945,1243.5199],[-127.5624,52.6904,1443.0452],[-127.588,52.7215,1169.9907],[-127.596,52.7265,1399.5648],[-127.6161,52.7321,1412.5293],[-127.6171,52.7404,1130.6995],[-127.611,52.7473,1640.8306],[-127.6119,52.751,1740.6597],[-127.5977,52.7611,1707.3845],[-127.5945,52.7727,1097.9109],[-127.5969,52.7787,1427.9487],[-127.6088,52.7828,1789.8995],[-127.6408,52.7798,1395.3345],[-127.6736,52.7877,1554.6895],[-127.6789,52.7906,1543.7443],[-127.6914,52.7884,1072.8071],[-127.7106,52.7773,1241.9913],[-127.7184,52.7703,978.1709],[-127.7173,52.7652,1029.7166],[-127.7115,52.7551,1121.3118],[-127.715,52.7509,1178.8411],[-127.7178,52.7419,1385.9741],[-127.7181,52.7355,1575.0791],[-127.7147,52.7307,1725.677],[-127.7187,52.7258,1533.496],[-127.7195,52.7184,1682.4481],[-127.7296,52.7164,1577.7722],[-127.7388,52.7175,1570.927],[-127.746,52.713,1176.0308],[-127.7591,52.7083,498.2379],[-127.7649,52.7026,566.2542],[-127.7815,52.6964,1327.9058],[-127.7778,52.6885,1450.4768],[-127.7852,52.6844,1518.5289],[-127.78,52.6777,1430.6172],[-127.7862,52.6736,1411.9147],[-127.7981,52.6725,1164.3303],[-127.8022,52.6676,689.4003],[-127.8089,52.6647,851.7841],[-127.8194,52.6644,614.3746],[-127.8317,52.6669,1057.762],[-127.8421,52.6623,870.0962],[-127.8504,52.6628,1078.704],[-127.8487,52.6752,1098.177],[-127.8509,52.6744,898.262],[-127.8678,52.6787,380.8319],[-127.8895,52.6797,859.204],[-127.9118,52.676,683.8411],[-127.9183,52.6813,954.6456],[-127.9176,52.6881,903.7699],[-127.928,52.7169,372.136],[-127.938,52.7208,716.3688],[-127.9675,52.7079,809.5049],[-127.9742,52.7086,653.4783],[-127.9913,52.7159,938.692],[-127.9957,52.7139,932.6069],[-127.9958,52.7079,474.5065],[-127.9939,52.7023,522.9107],[-127.9961,52.6963,710.5726],[-128.0009,52.6943,736.9589],[-128.0113,52.719,692.1894],[-128.0234,52.7169,410.5231],[-128.0409,52.7104,365.7283],[-128.0652,52.6978,619.9245],[-128.0826,52.6865,674.9355],[-128.1089,52.6787,705.884],[-128.1184,52.6792,564.6829],[-128.1245,52.684,457.9473],[-128.1344,52.6859,571.3943],[-128.1456,52.6791,446.5417],[-128.1517,52.6713,509.7194],[-128.151,52.665,192.877],[-128.1456,52.6581,299.5683],[-128.1357,52.652,312.4498],[-128.1208,52.6491,446.0559],[-128.108,52.6487,671.4114],[-128.1252,52.6167,403.424],[-128.1313,52.6126,556.3456],[-128.1458,52.6244,323.6375],[-128.1597,52.6199,730.2109],[-128.1644,52.6162,812.6298],[-128.171,52.6149,620.6072],[-128.1892,52.6067,456.7622],[-128.1795,52.6006,169.0706],[-128.1811,52.5914,494.7122],[-128.1964,52.5797,787.347],[-128.1743,52.5747,607.4829],[-128.1795,52.568,582.3755],[-128.1742,52.557,652.36],[-128.1776,52.5526,599.1012],[-128.1851,52.5518,579.8386],[-128.194,52.5131,422.5735],[-128.1798,52.5021,367.1584],[-128.1765,52.4915,96.4582],[-128.1774,52.4799,118.3896],[-128.2149,52.48,0.0],[-128.2206,52.4781,23.6676],[-128.2244,52.4742,15.0778],[-128.2228,52.4689,22.9175],[-128.2283,52.4606,0.0],[-128.2272,52.4489,10.8138],[-128.2313,52.4505,0.0],[-128.2327,52.4492,0.0],[-128.2306,52.445,16.7792],[-128.2339,52.4406,4.4912],[-128.2356,52.4431,13.6121],[-128.2383,52.4433,0.0],[-128.2389,52.4397,0.0],[-128.2372,52.4385,0.0],[-128.2367,52.4333,3.6186],[-128.2422,52.4322,0.0],[-128.2411,52.4281,8.8476],[-128.245,52.4267,13.5675],[-128.2456,52.4217,33.6186],[-128.2495,52.4192,0.0],[-128.2544,52.4186,9.4626],[-128.2533,52.415,27.4797],[-128.2544,52.4131,3.1516],[-128.2522,52.4092,8.5128],[-128.2655,52.405,4.6887],[-128.2622,52.4036,26.5995],[-128.2655,52.4022,13.2778],[-128.2606,52.3939,0.0],[-128.2606,52.3911,3.8482],[-128.2622,52.3911,3.8482],[-128.2761,52.4058,0.0],[-128.3111,52.3994,19.6737],[-128.3206,52.3853,2.3622],[-128.3445,52.3686,0.0],[-128.3372,52.3656,21.94],[-128.3439,52.3628,6.6058],[-128.3478,52.365,0.0],[-128.3556,52.3625,0.0],[-128.3572,52.3594,7.6849],[-128.3706,52.3544,12.4551],[-128.3772,52.3503,2.1801],[-128.3722,52.3453,4.3303],[-128.3733,52.3422,20.6019],[-128.3761,52.3406,0.0],[-128.3722,52.3367,6.832],[-128.3733,52.3353,0.0],[-128.3711,52.3344,0.0],[-128.3622,52.3389,0.0],[-128.3561,52.3442,13.005],[-128.3461,52.3417,0.0],[-128.3394,52.3475,0.0],[-128.3389,52.3506,0.0],[-128.3417,52.3528,9.0944],[-128.3406,52.3561,20.9356],[-128.3367,52.3556,11.6976],[-128.3361,52.3442,9.5717],[-128.3394,52.34,3.6338],[-128.3439,52.3389,0.0],[-128.3378,52.3339,1.4744],[-128.3489,52.3272,0.0],[-128.345,52.3261,0.0],[-128.33,52.3378,0.0],[-128.325,52.3392,0.0],[-128.3244,52.3433,3.387],[-128.3278,52.345,2.6792],[-128.3261,52.3556,15.5562],[-128.3222,52.3514,12.8314],[-128.3239,52.3381,36.195],[-128.3422,52.3247,3.3814],[-128.3506,52.3206,0.0],[-128.355,52.315,0.0],[-128.3511,52.3114,0.0],[-128.3583,52.3106,2.8197],[-128.3589,52.3072,8.9457],[-128.3667,52.2969,16.6881],[-128.3706,52.2942,12.4896],[-128.3683,52.2883,0.0],[-128.3644,52.2889,6.6451],[-128.3578,52.2858,9.4403],[-128.355,52.2861,9.4403],[-128.35,52.2828,11.7764],[-128.3233,52.2806,19.3484],[-128.3367,52.2794,0.0],[-128.3394,52.2811,0.0],[-128.3589,52.2814,0.0],[-128.3611,52.2794,0.0],[-128.3672,52.2831,0.0],[-128.3733,52.2819,0.0],[-128.3772,52.2839,0.0],[-128.3806,52.2808,1.0219],[-128.3761,52.2803,0.0],[-128.375,52.2767,6.4457],[-128.3789,52.2725,0.0],[-128.3772,52.27,0.0],[-128.3828,52.2658,0.0],[-128.3767,52.2653,0.0],[-128.3728,52.2672,0.0],[-128.3711,52.2708,0.0],[-128.365,52.2703,0.0],[-128.3628,52.2725,0.0],[-128.3578,52.2706,9.9016],[-128.3595,52.2667,0.0],[-128.3483,52.2633,0.0],[-128.3461,52.2664,0.0],[-128.34,52.2689,13.7712],[-128.3233,52.2692,0.0],[-128.3206,52.2722,5.4181],[-128.3278,52.2755,4.8007],[-128.3183,52.2744,0.0],[-128.3011,52.2825,2.3773],[-128.3,52.2817,35.2935],[-128.3078,52.2781,0.0],[-128.31,52.2742,3.4137],[-128.3183,52.2703,0.0],[-128.3222,52.2656,7.3522],[-128.3167,52.2603,0.0],[-128.3133,52.2611,10.8379],[-128.3067,52.2575,0.4084],[-128.3022,52.2581,1.9507],[-128.2961,52.2558,5.5589],[-128.2822,52.2625,0.0],[-128.2756,52.2707,0.0],[-128.2754,52.2764,0.0],[-128.2714,52.2797,7.8582],[-128.2675,52.2803,0.0],[-128.2657,52.2833,0.0],[-128.262,52.2853,0.0],[-128.2605,52.2921,11.3686],[-128.2489,52.2981,6.6163],[-128.2411,52.3053,0.0],[-128.2383,52.3106,10.2366],[-128.2345,52.3128,0.0],[-128.2345,52.32,0.8946],[-128.2322,52.3214,0.0],[-128.2311,52.3261,0.0],[-128.2228,52.3303,0.0],[-128.2239,52.3333,6.6238],[-128.2228,52.3356,3.8595],[-128.2133,52.3419,0.0],[-128.2117,52.3494,18.1912],[-128.205,52.3511,21.2117],[-128.2044,52.3553,13.0188],[-128.2022,52.3572,0.0],[-128.2022,52.3617,0.0],[-128.1878,52.3678,0.0],[-128.1706,52.3953,15.118],[-128.1683,52.3961,0.0],[-128.1667,52.3953,0.0],[-128.1678,52.3944,0.0],[-128.165,52.3942,3.6801],[-128.1633,52.3953,0.0],[-128.1622,52.3994,8.9956],[-128.1506,52.4103,0.0],[-128.1483,52.415,0.0],[-128.1472,52.4225,0.0],[-128.1494,52.4311,0.0],[-128.1667,52.4419,13.6175],[-128.1978,52.4564,10.1039],[-128.2056,52.4622,14.5891],[-128.1711,52.4508,7.6842],[-128.1694,52.4486,0.0],[-128.16,52.445,0.0],[-128.1572,52.4467,0.0],[-128.1578,52.4575,50.0946],[-128.1617,52.4675,0.0],[-128.1594,52.4681,0.0],[-128.1561,52.4622,23.8421],[-128.1544,52.4503,0.0],[-128.1434,52.4395,0.0],[-128.1372,52.4433,0.0],[-128.1311,52.4517,17.9183],[-128.1233,52.4567,13.7483],[-128.1245,52.4617,2.2767],[-128.1233,52.4631,14.3816],[-128.1117,52.465,6.7553],[-128.1033,52.4742,0.0],[-128.1067,52.4867,5.3639],[-128.1011,52.4878,30.8024],[-128.0956,52.4972,24.9297],[-128.1044,52.5072,10.2347],[-128.1044,52.5117,0.0],[-128.0994,52.5142,14.8229],[-128.0939,52.5128,4.622],[-128.0922,52.515,0.0],[-128.0939,52.5192,24.2455],[-128.0922,52.5203,0.0],[-128.0878,52.5183,0.0],[-128.0861,52.5125,0.0],[-128.0831,52.5113,0.0],[-128.0817,52.5134,0.0],[-128.0839,52.5164,20.7865],[-128.0833,52.5183,13.4124],[-128.0961,52.5289,8.672],[-128.095,52.5303,0.0],[-128.0989,52.5369,27.5258],[-128.1072,52.5447,0.0],[-128.1139,52.5486,0.0],[-128.1095,52.5514,4.0411],[-128.11,52.5572,84.1396],[-128.1089,52.5581,13.0483],[-128.1089,52.5647,5.1974],[-128.1111,52.5658,15.002],[-128.1105,52.5681,40.5621],[-128.1122,52.5692,0.0],[-128.1105,52.5722,5.5212],[-128.1139,52.5742,0.0],[-128.1122,52.5756,0.0],[-128.1141,52.5776,22.8327],[-128.112,52.58,3.6082],[-128.1139,52.5822,0.0],[-128.1117,52.5922,14.2381],[-128.1122,52.5975,6.4777],[-128.1083,52.6003,3.834],[-128.0878,52.5983,9.0932],[-128.085,52.6022,35.0368],[-128.0767,52.6067,5.892],[-128.0694,52.615,4.1105],[-128.0483,52.6264,14.114],[-128.0472,52.6314,0.0],[-128.0506,52.6392,33.0642],[-128.0517,52.6492,6.3995],[-128.0456,52.6517,13.8037],[-128.0433,52.65,64.6735],[-128.0452,52.6389,20.7172],[-128.0433,52.6333,13.216],[-128.0417,52.6319,0.0],[-128.0372,52.6344,32.262],[-128.0333,52.6344,36.2814],[-128.0278,52.6319,0.0],[-128.0267,52.6294,4.5206],[-128.0305,52.6258,0.0],[-128.0361,52.6256,0.0],[-128.0344,52.6222,8.0719],[-128.0383,52.6197,0.0],[-128.0372,52.6172,19.053],[-128.0417,52.6117,9.0199],[-128.0472,52.6089,0.0],[-128.065,52.6053,0.0],[-128.0744,52.5994,5.4195],[-128.0922,52.5928,19.2344],[-128.0961,52.5894,0.0],[-128.0978,52.5867,0.0],[-128.0989,52.5731,0.0],[-128.0978,52.5606,0.0],[-128.0994,52.5561,4.3542],[-128.1033,52.5519,29.2555],[-128.0956,52.5478,0.0],[-128.0894,52.5367,29.5354],[-128.0889,52.5322,8.0648],[-128.0744,52.5208,44.2189],[-128.0728,52.5131,19.7341],[-128.07,52.5108,14.5841],[-128.0572,52.514,57.3326],[-128.0544,52.5129,6.3358],[-128.0483,52.5186,8.1973],[-128.0378,52.5194,53.5806],[-128.035,52.5194,90.6214],[-128.0322,52.5172,44.8843],[-128.0339,52.515,0.0],[-128.0328,52.5142,19.8358],[-128.0244,52.5139,18.1616],[-128.0322,52.5239,0.0],[-128.0372,52.5275,0.0],[-128.0361,52.5333,22.6027],[-128.0328,52.5344,14.5555],[-128.0278,52.5339,24.606],[-128.0233,52.5303,0.0],[-128.0161,52.5306,15.8754],[-128.0155,52.5275,0.0],[-128.0117,52.5256,10.984],[-128.0139,52.5236,8.6845],[-128.015,52.5192,12.8297],[-128.0122,52.5169,0.0],[-128.0044,52.5172,19.5544],[-128.0,52.5211,0.0],[-127.9946,52.52,0.0],[-127.9897,52.5227,11.0467],[-127.9801,52.5189,40.9646],[-127.984,52.5152,19.7982],[-127.9924,52.5168,0.0],[-127.9939,52.5142,0.0],[-128.005,52.5128,0.0],[-128.0067,52.5114,0.0],[-128.0056,52.5086,0.0],[-128.0078,52.5064,40.218],[-128.0167,52.5047,15.1356],[-128.0172,52.5028,13.755],[-128.0233,52.4986,10.9939],[-128.03,52.5008,0.0],[-128.0356,52.4975,13.8134],[-128.0367,52.4961,0.0],[-128.0311,52.4925,7.3487],[-128.0361,52.4911,5.7397],[-128.0456,52.4833,5.1521],[-128.0383,52.4794,0.0],[-128.0372,52.47,6.0168],[-128.0328,52.4694,9.2269],[-128.0305,52.4675,0.0],[-128.0583,52.4608,12.2974],[-128.0767,52.4592,0.0],[-128.08,52.4553,45.3273],[-128.0811,52.4497,72.6626],[-128.08,52.4356,23.6683],[-128.0856,52.4356,0.0],[-128.0856,52.4297,0.0],[-128.0794,52.4264,13.5425],[-128.0788,52.4181,23.6504],[-128.0744,52.4147,25.9848],[-128.0744,52.4094,0.0],[-128.0694,52.4039,35.2859],[-128.0706,52.3975,25.0993],[-128.0694,52.3944,8.9465],[-128.0644,52.3867,0.0],[-128.0589,52.3822,31.5337],[-128.0589,52.3756,0.0],[-128.055,52.3656,29.9111],[-128.0528,52.3639,5.4202],[-128.0461,52.3458,25.685],[-128.0383,52.3389,3.7363],[-128.0378,52.3342,18.7578],[-128.0401,52.3333,0.0],[-128.0407,52.3312,0.0],[-128.0261,52.3236,0.0],[-128.0259,52.319,0.0],[-128.0189,52.3194,6.5953],[-128.0167,52.3214,0.0],[-128.015,52.3486,0.0],[-128.0106,52.3517,0.0],[-128.01,52.3556,2.5673],[-128.0072,52.3581,0.0],[-128.0172,52.3672,0.0],[-128.0194,52.3719,9.0799],[-128.015,52.3781,0.0],[-128.0061,52.3836,12.5178],[-128.0,52.3839,0.0],[-128.0005,52.3894,0.0],[-128.002,52.3903,11.6105],[-128.0097,52.3903,40.9794],[-128.0143,52.3925,14.5774],[-128.0094,52.3953,9.3448],[-128.0022,52.3947,0.0],[-128.0,52.3975,0.0],[-127.9932,52.4008,23.2168],[-127.9972,52.4053,10.4908],[-127.9967,52.4102,10.3929],[-127.9989,52.419,41.793],[-127.9952,52.4265,118.3186],[-128.0007,52.4362,0.0],[-127.9985,52.4408,0.0],[-128.0014,52.4454,34.6758],[-128.0011,52.4477,44.6944],[-127.9923,52.4541,8.0496],[-127.9865,52.4657,4.5767],[-127.9733,52.4697,0.0],[-127.9639,52.4778,45.4912],[-127.9594,52.4783,8.2072],[-127.9644,52.4742,0.0],[-127.9617,52.4714,15.9024],[-127.9749,52.4618,21.4311],[-127.9768,52.4505,9.4668],[-127.9843,52.4432,18.4283],[-127.9857,52.4375,41.7038],[-127.9894,52.4347,0.0],[-127.9839,52.4278,23.6296],[-127.9839,52.4258,8.5897],[-127.9867,52.4189,0.0],[-127.985,52.4123,43.7923],[-127.9887,52.4095,0.0],[-127.9889,52.4073,0.0],[-127.9857,52.4037,48.6711],[-127.9856,52.3993,59.1974],[-127.9906,52.3834,2.5095],[-127.9967,52.3784,41.519],[-128.01,52.3739,4.014],[-128.0122,52.3703,13.0285],[-128.0094,52.3631,6.9233],[-128.0028,52.3625,20.2024],[-128.0039,52.3592,0.0],[-128.0,52.3586,0.0],[-127.9987,52.3569,43.3082],[-127.9986,52.3543,55.7155],[-128.005,52.3472,0.0],[-128.0078,52.3397,13.4979],[-128.0061,52.3311,0.0],[-128.0094,52.3258,0.0],[-128.0078,52.3228,18.7941],[-128.0117,52.3197,0.0],[-128.0072,52.3178,3.4372],[-127.9966,52.3196,6.4664],[-127.9904,52.3226,22.6828],[-127.9823,52.3208,34.6203],[-127.9791,52.3181,0.0],[-127.9804,52.3154,0.0],[-127.9737,52.3137,0.0],[-127.9664,52.3155,12.8254],[-127.9672,52.3172,22.9604],[-127.9661,52.3178,22.9604],[-127.9578,52.3183,15.8746],[-127.9501,52.3236,0.0],[-127.9437,52.3236,5.197],[-127.9417,52.3292,24.5628],[-127.9422,52.3341,20.6982],[-127.9404,52.3362,0.0],[-127.9444,52.3488,18.7934],[-127.9432,52.3575,4.265],[-127.9246,52.3608,31.3818],[-127.9143,52.3664,8.4501],[-127.9033,52.3672,52.747],[-127.8882,52.3717,2.8746],[-127.8846,52.371,10.6153],[-127.8824,52.3727,0.0],[-127.8928,52.3885,5.2366],[-127.91,52.4009,4.5976],[-127.912,52.4049,10.7575],[-127.9354,52.4247,95.3124],[-127.9426,52.4368,16.3691],[-127.9444,52.4458,6.0124],[-127.9394,52.4639,11.8087],[-127.9372,52.4642,28.4328],[-127.9329,52.458,28.3784],[-127.9341,52.455,4.3986],[-127.9328,52.4514,29.7251],[-127.93,52.4494,3.0686],[-127.9267,52.4494,0.0],[-127.9161,52.4585,0.0],[-127.914,52.463,17.7985],[-127.9056,52.4675,0.0],[-127.9071,52.4739,43.0975],[-127.9054,52.4843,0.0],[-127.8996,52.4884,0.0],[-127.8979,52.494,1.3447],[-127.8935,52.4993,0.0],[-127.8883,52.5023,21.0036],[-127.88,52.5036,7.4429],[-127.8755,52.5001,0.0],[-127.8572,52.5,0.0],[-127.8478,52.504,14.6244],[-127.8408,52.5108,40.0977],[-127.8338,52.5108,1.6141],[-127.8325,52.5099,0.0],[-127.8372,52.5014,17.8553],[-127.8361,52.5003,190.5802],[-127.8378,52.4994,43.8261],[-127.8372,52.4972,40.9214],[-127.8306,52.4894,0.0],[-127.8215,52.4847,54.5379],[-127.8222,52.4812,0.0],[-127.8132,52.4835,0.0],[-127.8074,52.4827,18.1605],[-127.8005,52.4722,103.6134],[-127.8022,52.4701,18.7041],[-127.8019,52.4658,28.9079],[-127.7917,52.4556,23.3265],[-127.7828,52.4544,10.3076],[-127.7784,52.4588,27.1701],[-127.7641,52.4663,8.6884],[-127.7572,52.4675,5.5794],[-127.7491,52.4715,55.4868],[-127.7422,52.472,0.0],[-127.7383,52.4712,13.9736],[-127.7387,52.4694,3.3046],[-127.7285,52.4641,28.8443],[-127.7217,52.4592,40.7121],[-127.7194,52.455,8.7635],[-127.7133,52.4519,1.9086],[-127.7156,52.4503,21.276],[-127.7233,52.4517,11.6514],[-127.7317,52.455,18.6747],[-127.7365,52.4598,14.8645],[-127.7453,52.4631,29.9839],[-127.7595,52.4615,39.5082],[-127.7611,52.4592,0.0],[-127.775,52.4522,0.0],[-127.7822,52.4503,9.3552],[-127.7828,52.4483,116.2841],[-127.8022,52.4517,27.5632],[-127.8077,52.454,25.6326],[-127.811,52.4579,0.0],[-127.8127,52.4636,7.4587],[-127.8107,52.4715,0.0],[-127.8141,52.476,9.6356],[-127.8176,52.4762,7.7494],[-127.819,52.4736,0.0],[-127.8236,52.4722,0.0],[-127.8306,52.4736,55.005],[-127.8355,52.4759,0.0],[-127.837,52.4788,0.0],[-127.8453,52.4846,0.0],[-127.8463,52.4924,0.0],[-127.8521,52.4924,0.0],[-127.854,52.4901,98.2506],[-127.8653,52.4924,25.847],[-127.8714,52.4954,12.7568],[-127.8731,52.4934,33.5085],[-127.8728,52.4903,232.1908],[-127.8763,52.4885,56.9139],[-127.8765,52.4826,449.8977],[-127.8794,52.4886,41.3759],[-127.8906,52.4811,0.0],[-127.8872,52.4688,19.9752],[-127.8874,52.4643,4.4764],[-127.89,52.4611,0.0],[-127.9098,52.4494,5.4598],[-127.9276,52.4446,36.5029],[-127.9252,52.43,0.0],[-127.9083,52.4183,0.0],[-127.8949,52.4135,0.0],[-127.8912,52.4171,21.9219],[-127.8926,52.4232,0.0],[-127.8913,52.4247,2.5307],[-127.882,52.4197,8.3776],[-127.8821,52.4083,0.0],[-127.8768,52.4004,0.0],[-127.876,52.3959,0.0],[-127.8642,52.3875,0.0],[-127.8601,52.391,28.6066],[-127.8555,52.388,0.0],[-127.8565,52.3853,0.0],[-127.8522,52.3825,40.9526],[-127.8531,52.3807,0.0],[-127.8516,52.3765,2.8292],[-127.8567,52.3748,2.4258],[-127.8551,52.3727,0.0],[-127.8561,52.3711,0.0],[-127.8522,52.3653,10.5266],[-127.8482,52.3506,16.7448],[-127.84,52.3414,9.0938],[-127.8428,52.3397,24.9305],[-127.8461,52.3415,0.0],[-127.8544,52.3516,6.7283],[-127.8541,52.3551,2.1915],[-127.8604,52.3602,7.3677],[-127.8667,52.3627,8.3866],[-127.8859,52.3566,16.1015],[-127.8931,52.3573,0.0],[-127.9065,52.3556,0.0],[-127.926,52.3487,0.0],[-127.924,52.3349,32.5609],[-127.928,52.3281,49.0429],[-127.9284,52.3217,159.1669],[-127.9325,52.3178,15.2362],[-127.9313,52.3115,0.0],[-127.9279,52.3073,49.7739],[-127.9317,52.2997,13.8663],[-127.9277,52.2836,44.2781],[-127.9228,52.2775,1.8826],[-127.9084,52.2702,0.0],[-127.9045,52.2641,14.3106],[-127.9046,52.2616,7.4934],[-127.9006,52.2584,0.0],[-127.9026,52.2489,0.0],[-127.8978,52.2433,31.1295],[-127.8957,52.2377,57.4299],[-127.8957,52.2304,60.5735],[-127.8986,52.2247,0.0],[-127.8966,52.2194,3.5275],[-127.8874,52.2087,15.3994],[-127.8883,52.2051,0.0],[-127.8819,52.199,7.063],[-127.8752,52.1982,0.0],[-127.8716,52.2023,20.1152],[-127.8673,52.204,32.9783],[-127.86,52.2023,22.9102],[-127.8699,52.1973,7.568],[-127.8671,52.1929,0.0],[-127.8635,52.1934,0.9572],[-127.8541,52.2006,21.5324],[-127.8501,52.2114,0.0],[-127.8476,52.2108,0.4511],[-127.8458,52.2122,0.0],[-127.8487,52.2138,54.2924],[-127.8466,52.2189,21.2006],[-127.8399,52.2217,0.0],[-127.8393,52.2252,5.889],[-127.8319,52.2349,0.0],[-127.8212,52.2406,29.6492],[-127.8188,52.2489,14.0294],[-127.8086,52.2526,30.8903],[-127.8074,52.2554,0.0],[-127.7934,52.2636,4.0901],[-127.7915,52.2663,11.2782],[-127.7849,52.2678,29.8155],[-127.7854,52.2718,11.5515],[-127.7757,52.2813,0.0],[-127.768,52.2958,4.2485],[-127.7658,52.2969,0.0],[-127.7651,52.2995,2.6675],[-127.7601,52.3006,0.0],[-127.7622,52.3083,89.0452],[-127.7621,52.3172,7.9368],[-127.7498,52.327,0.0],[-127.7494,52.332,0.0],[-127.7437,52.3393,23.1894],[-127.745,52.3411,16.7546],[-127.7431,52.3433,0.0],[-127.7237,52.3575,12.165],[-127.7191,52.3583,0.0],[-127.6933,52.3524,1.1877],[-127.6916,52.3515,0.8272],[-127.6924,52.3472,0.0],[-127.7089,52.3471,0.0],[-127.7178,52.3499,21.474],[-127.7347,52.3387,16.2947],[-127.7322,52.3292,11.1566],[-127.7527,52.3128,13.5119],[-127.7501,52.3072,0.0],[-127.7489,52.2927,0.0],[-127.7515,52.2902,21.6037],[-127.7593,52.2876,6.2263],[-127.7585,52.2848,0.0],[-127.7624,52.2777,0.0],[-127.7611,52.2738,13.0009],[-127.7561,52.2703,0.0],[-127.7383,52.2686,0.0],[-127.7283,52.2722,74.5643],[-127.7175,52.2716,0.0],[-127.6912,52.2841,40.288],[-127.6834,52.2912,1.7467],[-127.6733,52.2936,0.0],[-127.6661,52.2919,0.0],[-127.6508,52.2915,10.8707],[-127.6456,52.2897,2.6661],[-127.637,52.2835,0.0],[-127.6264,52.2828,0.0],[-127.6084,52.2909,43.2215],[-127.6042,52.2952,0.0],[-127.6028,52.3033,0.0],[-127.6053,52.3094,0.0],[-127.6055,52.3153,0.0],[-127.5993,52.3198,3.3776],[-127.5806,52.3196,89.5722],[-127.572,52.3158,8.6859],[-127.561,52.322,0.0],[-127.5542,52.3212,4.7323],[-127.5511,52.3236,2.1732],[-127.5443,52.3237,0.0],[-127.5391,52.3261,0.0],[-127.5372,52.331,18.4585],[-127.5311,52.3303,0.0],[-127.5297,52.3324,90.0119],[-127.5229,52.3338,146.1591],[-127.52,52.3325,16.2008],[-127.5104,52.3345,74.0804],[-127.5066,52.3332,0.0],[-127.4906,52.3372,62.6679],[-127.4853,52.3404,0.0],[-127.4813,52.348,39.2608],[-127.4761,52.3536,0.0],[-127.4813,52.3624,0.0],[-127.4808,52.3648,4.8765],[-127.4847,52.3698,0.0],[-127.4981,52.3814,0.0],[-127.5315,52.3909,14.6594],[-127.5351,52.393,7.9033],[-127.5346,52.3951,0.0],[-127.539,52.3974,1.3276],[-127.5361,52.3988,2.5012],[-127.5306,52.3991,34.2542],[-127.5195,52.3917,0.0],[-127.4972,52.3867,3.0054],[-127.4818,52.3754,0.0],[-127.4708,52.3783,0.0],[-127.4683,52.3831,22.3116],[-127.4611,52.3897,7.2905],[-127.4607,52.3928,9.8633],[-127.4633,52.3947,0.0],[-127.4594,52.3992,0.0],[-127.4611,52.4008,74.8957],[-127.4606,52.4025,56.2136],[-127.4511,52.4078,0.0],[-127.4372,52.4125,2.3118],[-127.4369,52.4143,45.4261],[-127.4326,52.4119,53.8512],[-127.4318,52.4078,11.2699],[-127.426,52.4012,2.8007],[-127.4212,52.4021,29.5208],[-127.4175,52.4048,0.0],[-127.4182,52.4098,0.0],[-127.4233,52.4136,78.8191],[-127.4539,52.4253,100.7284],[-127.4606,52.4311,71.9941],[-127.4629,52.436,0.0],[-127.4729,52.4432,9.7774],[-127.4759,52.4471,0.0],[-127.4879,52.4533,4.5869],[-127.496,52.4619,93.7741],[-127.4961,52.464,20.2146],[-127.5046,52.4714,17.837],[-127.5079,52.4788,0.0],[-127.5174,52.4903,160.2797],[-127.5267,52.4975,8.6701],[-127.5367,52.5025,44.0399],[-127.5462,52.5155,14.1258],[-127.5528,52.5181,149.144],[-127.5586,52.5251,59.5493],[-127.5869,52.5473,3.6367],[-127.5951,52.5566,10.8936],[-127.6037,52.5609,0.0],[-127.615,52.5733,13.04],[-127.6161,52.5803,0.0],[-127.6178,52.5819,0.0],[-127.6173,52.587,0.0],[-127.6261,52.5934,4.7376],[-127.632,52.6047,24.7713],[-127.6311,52.6056,14.4471],[-127.6197,52.6069,0.0],[-127.6156,52.5997,13.6159],[-127.605,52.5897,65.5304],[-127.6022,52.5842,53.1797],[-127.6017,52.5775,20.0559],[-127.5794,52.5597,22.8786],[-127.57,52.5467,0.0],[-127.5411,52.5297,8.6912],[-127.5394,52.5242,0.0],[-127.5361,52.5206,9.7245],[-127.5272,52.5178,45.8126],[-127.5211,52.5083,71.0288],[-127.5133,52.5033,0.0],[-127.4983,52.4897,98.8858],[-127.4944,52.4817,0.0],[-127.4906,52.4789,30.5714],[-127.4917,52.4783,0.0],[-127.49,52.4756,60.8306],[-127.4761,52.4681,38.8716],[-127.47,52.4664,0.0],[-127.4583,52.455,0.0],[-127.4394,52.4403,13.9839],[-127.4356,52.4361,2.9096],[-127.435,52.4322,56.7109],[-127.4292,52.427,0.0],[-127.4083,52.4169,0.0],[-127.3906,52.4211,36.9521],[-127.385,52.4206,10.9771],[-127.3756,52.4236,0.0],[-127.3503,52.4169,0.0],[-127.3431,52.4182,22.5859],[-127.3417,52.4208,33.8854],[-127.3257,52.4266,0.0],[-127.3235,52.4289,0.0],[-127.3224,52.44,0.0],[-127.3275,52.4453,5.3723],[-127.3234,52.4481,22.7251],[-127.3266,52.4492,41.3904],[-127.3252,52.4507,0.0],[-127.3263,52.4521,23.5171],[-127.321,52.4538,3.759],[-127.3195,52.4569,3.4575],[-127.3155,52.4581,0.0],[-127.3154,52.4597,11.5307],[-127.31,52.457,137.9566],[-127.3134,52.4522,86.1627],[-127.3233,52.4464,60.0466],[-127.3172,52.4428,6.0033],[-127.3089,52.4492,8.7035],[-127.3067,52.4531,10.5654],[-127.2964,52.4533,0.0],[-127.2844,52.4597,9.8523],[-127.2793,52.4595,7.4099],[-127.2725,52.4624,25.8184],[-127.2702,52.4664,0.0],[-127.2708,52.4695,34.388],[-127.2677,52.4694,0.0],[-127.2611,52.4747,15.8271],[-127.264,52.4868,46.4424],[-127.2756,52.4933,7.8917],[-127.2756,52.4958,0.0],[-127.2711,52.4958,9.2493],[-127.2662,52.4985,0.0],[-127.2678,52.5186,0.0],[-127.2632,52.5219,9.556],[-127.2633,52.5303,42.0591],[-127.2539,52.5392,0.0],[-127.2543,52.5432,13.1219],[-127.2456,52.5486,5.0819],[-127.2406,52.5486,0.0],[-127.2356,52.5531,66.605],[-127.2222,52.556399999999996,11.0568],[-127.2202,52.5614,0.0],[-127.2298,52.5678,20.421],[-127.2426,52.5795,16.7394],[-127.2426,52.5817,0.0],[-127.2388,52.5817,3.9924],[-127.2242,52.5702,3.0161],[-127.2161,52.5675,16.2625],[-127.1956,52.5756,61.2509],[-127.1894,52.5753,0.0],[-127.1822,52.5772,24.0898],[-127.1688,52.5843,42.8766],[-127.1694,52.5864,49.9605],[-127.1639,52.5869,0.0],[-127.1623,52.589,0.0],[-127.1635,52.5913,26.9679],[-127.1717,52.5983,55.408],[-127.1611,52.6003,13.6088],[-127.149,52.5951,0.0],[-127.1366,52.5932,0.0],[-127.1334,52.594,38.2161],[-127.123,52.6032,13.1513],[-127.1203,52.6108,91.7113],[-127.1138,52.6205,4.5471],[-127.107,52.623,7.8318],[-127.1006,52.6278,56.3656],[-127.0967,52.6275,37.7907],[-127.0854,52.6311,59.9156],[-127.078,52.6352,0.0],[-127.056,52.6398,4.3723],[-127.0453,52.639,9.0037],[-127.0373,52.6423,4.1332],[-127.0347,52.6514,0.0],[-127.0322,52.6539,10.5138],[-127.0326,52.6611,0.0],[-127.031,52.6644,28.1705],[-127.0235,52.6679,17.3449],[-127.0086,52.669,0.0],[-127.0097,52.6753,20.6995],[-127.0081,52.6777,0.0],[-127.01,52.6815,0.0],[-127.0083,52.6853,6.5571],[-127.0,52.6869,0.0],[-126.9983,52.6908,45.4152],[-126.9861,52.6975,0.0],[-126.9861,52.7003,0.0],[-126.9833,52.7019,4.6602],[-126.9839,52.7044,19.4298],[-126.9761,52.7131,0.0],[-126.9694,52.7161,6.9425],[-126.965,52.7144,4.6265],[-126.9617,52.7164,0.0],[-126.9656,52.7203,0.0],[-126.9728,52.7236,27.0256],[-126.9722,52.7275,0.0],[-126.9761,52.7325,0.0],[-126.9767,52.7381,10.9447],[-126.9894,52.7476,6.2456],[-127.002,52.7634,19.6387],[-127.0022,52.7689,12.669],[-127.0,52.7733,13.7844],[-126.994,52.7772,23.8896],[-126.9922,52.79,14.8063],[-126.9867,52.7928,6.9143],[-126.9878,52.7958,0.0],[-126.9917,52.7972,9.7206],[-126.9955,52.8032,66.7821],[-126.9958,52.8087,24.7069],[-126.9938,52.8127,0.2159],[-127.0006,52.8153,0.0],[-127.0078,52.8222,0.0],[-127.0131,52.8247,13.5464],[-127.0288,52.8375,6.3537],[-127.0469,52.8471,0.0],[-127.0591,52.8574,0.0],[-127.0744,52.8653,14.5708],[-127.0806,52.8706,0.0],[-127.0801,52.8728,0.0],[-127.0839,52.8758,0.9237],[-127.0711,52.8807,0.0],[-127.0667,52.8788,35.517],[-127.05029999999999,52.8673,4.2223],[-127.0378,52.8625,24.8486],[-127.0116,52.8383,0.0],[-127.0,52.8408,6.5572],[-126.995,52.8396,1.7736],[-126.9772,52.8416,15.4531],[-126.9667,52.8388,26.8503],[-126.9661,52.8358,0.0],[-126.9639,52.8341,1.8083],[-126.9661,52.8285,3.5822],[-126.9822,52.818,0.0],[-126.9844,52.8142,0.0],[-126.9839,52.8119,0.0],[-126.9711,52.801,0.0],[-126.9667,52.8016,0.0],[-126.9644,52.7996,0.0],[-126.9627,52.8008,0.5524],[-126.9511,52.7983,96.0088],[-126.9489,52.7894,5.1364],[-126.9544,52.7852,11.0582],[-126.9561,52.7819,0.0],[-126.9517,52.7721,11.7592],[-126.9526,52.7701,46.7184],[-126.9583,52.7671,0.0],[-126.9583,52.7644,0.0],[-126.9557,52.7592,0.0],[-126.9514,52.7551,35.393],[-126.9413,52.7352,0.0],[-126.9283,52.7277,12.2604],[-126.9217,52.7274,15.0208],[-126.9172,52.7246,16.4246],[-126.918,52.7152,50.7716],[-126.92,52.7111,16.5],[-126.9289,52.7027,6.2669],[-126.9461,52.6983,6.1849],[-126.96,52.6863,0.0],[-126.9737,52.6809,25.3862],[-126.9756,52.6783,24.2719],[-126.9744,52.6765,43.498],[-126.9761,52.6751,45.8195],[-126.975,52.6715,72.9092],[-126.9767,52.6701,0.0],[-126.975,52.669,46.1825],[-126.975,52.6646,2.4941],[-126.9733,52.6621,135.4647],[-126.9785,52.6543,0.0],[-126.9764,52.6491,5.9251],[-126.9772,52.6438,22.0692],[-126.9817,52.6434,22.2916],[-126.9854,52.6406,24.1277],[-126.985,52.6341,71.8635],[-126.9874,52.6304,45.2393],[-126.9994,52.6258,23.9825],[-127.0044,52.6255,0.0],[-127.0399,52.6283,17.9615],[-127.05,52.6237,41.5195],[-127.0578,52.6228,12.5252],[-127.0739,52.6175,0.0],[-127.1006,52.6058,8.8271],[-127.1058,52.5998,0.0],[-127.1048,52.5969,24.7955],[-127.1072,52.5856,8.9429],[-127.1147,52.5826,0.0],[-127.1195,52.5773,4.248],[-127.1241,52.576,22.2936],[-127.1339,52.5772,0.0],[-127.1383,52.5747,84.2998],[-127.1493,52.5741,8.0367],[-127.156,52.5716,14.6242],[-127.1593,52.5667,71.2775],[-127.1661,52.5654,27.7324],[-127.1728,52.5611,21.1962],[-127.1872,52.5578,14.9214],[-127.19,52.5533,5.5152],[-127.1889,52.5489,13.6068],[-127.1911,52.5422,4.3433],[-127.2015,52.5373,6.6801],[-127.2151,52.5356,0.0],[-127.2295,52.5358,0.0],[-127.2302,52.5331,60.1476],[-127.2361,52.5294,0.0],[-127.235,52.5256,76.6404],[-127.2378,52.5189,0.0],[-127.2372,52.5128,16.5269],[-127.2344,52.5097,33.1758],[-127.2337,52.5043,2.9382],[-127.2294,52.4992,46.7634],[-127.2278,52.4928,0.0],[-127.2194,52.4872,77.8998],[-127.2207,52.482,28.0987],[-127.2172,52.4711,31.7322],[-127.2228,52.4683,55.8045],[-127.2239,52.4661,0.0],[-127.2222,52.4622,50.7327],[-127.2308,52.4601,85.1424],[-127.2339,52.4556,0.0],[-127.2406,52.4544,31.5904],[-127.243,52.4521,26.1412],[-127.2344,52.4467,0.0],[-127.2222,52.4431,0.0],[-127.22,52.4444,0.0],[-127.2233,52.4469,94.9116],[-127.2217,52.4475,11.7271],[-127.2018,52.4384,0.0],[-127.1912,52.4267,0.0],[-127.1883,52.4182,0.0],[-127.1906,52.4064,0.0],[-127.2,52.4017,4.4617],[-127.1978,52.3994,95.6582],[-127.2096,52.3962,0.0],[-127.2133,52.3897,5.4655],[-127.2176,52.3861,18.8765],[-127.217,52.3848,0.0],[-127.205,52.382,0.0],[-127.1993,52.3842,17.5762],[-127.1863,52.3775,8.7526],[-127.1749,52.3619,12.8351],[-127.1647,52.3517,7.8597],[-127.1634,52.3482,0.0],[-127.1656,52.3436,0.0],[-127.1628,52.3422,55.735],[-127.1353,52.3395,4.7175],[-127.1306,52.345,30.4557],[-127.1086,52.3335,0.0],[-127.086,52.3339,53.554],[-127.08,52.3326,2.0916],[-127.0672,52.3355,41.0188],[-127.0533,52.3337,0.0],[-127.0336,52.339,53.2005],[-126.9972,52.3311,8.1265],[-126.9856,52.3319,0.0],[-126.9811,52.3347,15.8043],[-126.9811,52.34,18.295],[-126.9789,52.3425,0.0],[-126.9694,52.3472,4.8404],[-126.9678,52.3572,11.5052],[-126.9617,52.3642,49.2521],[-126.9572,52.3661,22.1421],[-126.9423,52.3659,14.5649],[-126.9261,52.3683,4.066],[-126.9167,52.3639,19.6684],[-126.9141,52.3649,6.1038],[-126.9146,52.3673,9.0585],[-126.9107,52.3701,24.8249],[-126.8944,52.3736,0.0],[-126.8774,52.3814,22.5773],[-126.87,52.3806,23.894],[-126.8494,52.3878,35.1564],[-126.835,52.3886,0.0],[-126.8267,52.3931,35.9539],[-126.8122,52.3956,21.5299],[-126.7983,52.4,25.6257],[-126.7917,52.3997,30.5742],[-126.7767,52.3949,14.7741],[-126.775,52.3919,0.0],[-126.7806,52.3878,0.0],[-126.7778,52.3861,0.0],[-126.7772,52.3833,0.0],[-126.7828,52.3792,0.0],[-126.78,52.3764,0.0],[-126.7839,52.3733,3.7759],[-126.7929,52.3758,0.0],[-126.8038,52.3763,12.9884],[-126.8202,52.3706,0.0],[-126.8405,52.3699,36.0232],[-126.8548,52.366,0.0],[-126.8672,52.3658,0.0],[-126.8744,52.3622,0.0],[-126.8794,52.3631,10.8524],[-126.8828,52.3614,29.3844],[-126.8856,52.3575,0.0],[-126.885,52.3558,35.5078],[-126.8878,52.35,4.0946],[-126.8933,52.3469,71.393],[-126.9006,52.3461,0.0],[-126.905,52.3439,11.8784],[-126.9172,52.3428,12.8711],[-126.9262,52.3489,2.9217],[-126.9303,52.3481,35.0146],[-126.9347,52.3438,0.0],[-126.9348,52.3368,5.1589],[-126.9367,52.3328,4.6517],[-126.935,52.33,0.0],[-126.9356,52.3278,0.0],[-126.9389,52.3261,19.7843],[-126.9456,52.3186,0.0],[-126.9522,52.3153,85.3138],[-126.9589,52.3156,0.0],[-126.9661,52.3114,0.0],[-126.9611,52.3037,0.0],[-126.9508,52.2974,42.3787],[-126.9471,52.2868,0.0],[-126.9405,52.277,31.4956],[-126.9306,52.269,69.8564],[-126.9161,52.2514,61.4282],[-126.9158,52.2465,64.7717],[-126.9206,52.2411,0.0],[-126.9191,52.2319,0.0],[-126.9137,52.2218,11.4379],[-126.9126,52.2118,0.0],[-126.9045,52.2048,28.6442],[-126.9011,52.1971,22.7479],[-126.8759,52.1858,12.695],[-126.8641,52.1778,13.741],[-126.8611,52.1775,11.7939],[-126.862,52.1799,18.5995],[-126.8601,52.1813,14.2388],[-126.85,52.1771,51.9801],[-126.8451,52.1737,26.4844],[-126.8461,52.1695,32.689],[-126.8438,52.1669,0.0],[-126.8389,52.1667,0.0],[-126.8345,52.164,34.5457],[-126.8283,52.1647,31.5162],[-126.8161,52.1609,9.438],[-126.7993,52.1505,17.3633],[-126.7832,52.1314,1.6258],[-126.75,52.1135,0.0],[-126.7386,52.1015,5.9976],[-126.7349,52.0943,25.3874],[-126.7254,52.086,2.0198],[-126.7242,52.0811,13.6588],[-126.7193,52.0753,6.9612],[-126.7062,52.0656,38.8717],[-126.691,52.0585,2.5814],[-126.6836,52.0494,21.6095],[-126.675,52.0471,38.6908],[-126.6788,52.0442,0.0],[-126.6767,52.0422,0.1833],[-126.68,52.0419,0.0],[-126.6806,52.0364,0.0],[-126.6772,52.0339,1.1564],[-126.686,52.0271,0.0],[-126.6883,52.022,0.0],[-126.6881,52.0155,0.0],[-126.6839,52.0084,0.3066],[-126.6735,52.0036,69.4864],[-126.6817,51.9947,0.0],[-126.6694,51.9803,0.0],[-126.6683,51.9722,0.0],[-126.6706,51.9703,15.1317],[-126.6661,51.965,14.0017],[-126.6673,51.9647,14.0017],[-126.6667,51.9631,24.1136],[-126.672,51.9616,1.4838],[-126.6806,51.9633,27.7995],[-126.6833,51.9719,0.0],[-126.6817,51.9744,0.0],[-126.685,51.9794,0.0],[-126.6933,51.9836,72.8296],[-126.6944,51.9864,17.1305],[-126.6917,51.9903,0.3776],[-126.6867,51.9892,0.0],[-126.685,51.9922,0.0],[-126.6922,51.9972,0.0],[-126.6967,51.9964,0.5957],[-126.7022,51.9981,16.9748],[-126.6928,52.0119,28.9511],[-126.6917,52.0181,0.0],[-126.6956,52.0256,0.0],[-126.735,52.0583,0.0],[-126.7478,52.0725,43.69],[-126.755,52.0763,6.2345],[-126.7592,52.0855,5.7826],[-126.7639,52.0901,40.2818],[-126.7755,52.0972,0.0],[-126.7823,52.1034,24.556],[-126.7942,52.1089,8.9532],[-126.8012,52.1168,0.0],[-126.805,52.1239,0.0],[-126.8168,52.1332,7.007],[-126.8294,52.1401,32.1068],[-126.837,52.1481,22.8039],[-126.8556,52.1536,70.9419],[-126.8677,52.1624,0.0],[-126.8919,52.1703,54.9217],[-126.9211,52.1873,11.2545],[-126.9261,52.1886,59.1066],[-126.9372,52.2039,14.2703],[-126.9372,52.2075,0.0],[-126.9422,52.2137,16.2324],[-126.9422,52.2175,24.6327],[-126.9368,52.2253,6.1731],[-126.9378,52.2308,0.0],[-126.9416,52.2342,14.3313],[-126.9463,52.2451,35.1832],[-126.9498,52.2481,11.5574],[-126.9565,52.2617,39.4039],[-126.9777,52.2771,0.0],[-126.9894,52.29,11.5749],[-126.9989,52.2978,0.0],[-127.0066,52.3018,20.5074],[-127.0198,52.3025,1.9409],[-127.0239,52.3082,8.7083],[-127.0327,52.3107,0.0],[-127.0445,52.3081,14.0401],[-127.0544,52.303,20.8128],[-127.0574,52.3048,6.7482],[-127.0661,52.3053,11.6447],[-127.081,52.2994,1.0716],[-127.1022,52.3048,10.4064],[-127.1053,52.3095,0.0],[-127.1182,52.3118,26.932],[-127.1289,52.31,72.8181],[-127.1525,52.3173,0.0],[-127.1619,52.3137,0.0],[-127.162,52.3105,0.0],[-127.1642,52.3093,0.0],[-127.1788,52.3139,0.0],[-127.1773,52.3083,6.7697],[-127.1816,52.303,13.513],[-127.1819,52.2929,19.6375],[-127.1872,52.2942,0.0],[-127.192,52.292,18.8166],[-127.2059,52.293,14.2811],[-127.2092,52.2879,0.0],[-127.2084,52.2834,82.8287],[-127.2122,52.278,16.2752],[-127.2123,52.2737,53.791],[-127.2241,52.2727,8.883],[-127.231,52.2655,68.1683],[-127.2354,52.2633,5.6307],[-127.2431,52.2614,38.4739],[-127.2533,52.2631,19.9236],[-127.2572,52.2612,21.0812],[-127.2638,52.252,4.7885],[-127.2719,52.2497,12.5439],[-127.2806,52.2431,108.4452],[-127.286,52.2412,8.6769],[-127.2931,52.2359,0.0],[-127.2928,52.2325,66.9431],[-127.305,52.2328,16.5035],[-127.3133,52.2353,10.2899],[-127.3164,52.2342,0.0],[-127.316,52.2317,7.2227],[-127.32,52.2311,26.3828],[-127.3445,52.2334,0.0],[-127.3595,52.2263,0.0],[-127.3719,52.226,0.0],[-127.3789,52.2233,40.6117],[-127.3876,52.2231,0.0],[-127.3994,52.218,5.4],[-127.4005,52.2158,0.0],[-127.3992,52.2082,9.8452],[-127.4007,52.2038,0.0],[-127.4085,52.2008,0.0],[-127.4128,52.196,0.0],[-127.424,52.1898,17.4789],[-127.4444,52.1875,8.1664],[-127.4597,52.1913,3.9446],[-127.4718,52.188,4.0226],[-127.4737,52.1859,29.1971],[-127.4737,52.1829,80.3568],[-127.4656,52.1778,5.0989],[-127.4594,52.1778,42.8409],[-127.4561,52.1753,0.0],[-127.4539,52.1683,0.0],[-127.4544,52.16,19.5432],[-127.4557,52.1585,0.0],[-127.4526,52.1571,71.6788],[-127.446,52.1462,4.8002],[-127.4395,52.142,6.9508],[-127.4363,52.137,0.0],[-127.436,52.1331,0.0],[-127.432,52.1268,48.7697],[-127.4356,52.1217,0.0],[-127.4344,52.12,48.9399],[-127.4361,52.1181,0.0],[-127.4283,52.1144,0.0],[-127.4172,52.1153,7.597],[-127.4122,52.1103,10.9483],[-127.4083,52.1086,0.0],[-127.3945,52.1123,38.0312],[-127.3951,52.1109,0.0],[-127.3937,52.1102,0.0],[-127.3868,52.1121,15.1808],[-127.3906,52.1089,0.0],[-127.3876,52.1078,0.0],[-127.3906,52.1061,0.0],[-127.3817,52.1029,2.4006],[-127.3846,52.102,17.7861],[-127.3922,52.1042,0.0],[-127.3947,52.1011,2.6048],[-127.4,52.0994,31.8279],[-127.4161,52.1061,0.0],[-127.4359,52.1073,0.0],[-127.4325,52.1005,57.0888],[-127.4372,52.0935,62.91],[-127.4557,52.0807,0.0],[-127.4662,52.0773,0.0],[-127.4856,52.0841,0.0],[-127.4922,52.085,25.3657],[-127.5095,52.0819,82.5899],[-127.5133,52.0775,12.285],[-127.526,52.086,33.9764],[-127.5338,52.0889,9.6923],[-127.5451,52.0908,0.0],[-127.5548,52.0894,17.5606],[-127.5641,52.0813,8.0542],[-127.5667,52.0739,23.0467],[-127.5788,52.0652,120.5283],[-127.5825,52.0529,44.0826],[-127.5871,52.0447,16.7527],[-127.5896,52.0428,11.599],[-127.6013,52.0418,0.0],[-127.6018,52.0393,7.593],[-127.6046,52.0381,15.1432],[-127.6091,52.0397,0.0],[-127.6077,52.0328,53.914],[-127.6149,52.0341,0.0],[-127.6151,52.0368,0.0],[-127.6126,52.0384,0.0],[-127.6139,52.0401,0.0],[-127.6115,52.0406,21.7197],[-127.608,52.0447,16.8214],[-127.6089,52.046,16.6967],[-127.6031,52.049,0.0],[-127.6032,52.0556,0.0],[-127.6002,52.0595,36.0062],[-127.6026,52.0623,0.0],[-127.6027,52.0649,0.0],[-127.5862,52.0879,26.1531],[-127.5857,52.0926,49.5327],[-127.5806,52.0967,0.0],[-127.5806,52.0992,7.568],[-127.5781,52.1011,0.0],[-127.5639,52.1011,1.0431],[-127.555,52.1053,0.0],[-127.5389,52.1039,84.885],[-127.5361,52.1017,0.0],[-127.5272,52.1,0.0],[-127.5228,52.1019,0.0],[-127.5161,52.1011,67.2632],[-127.5017,52.0958,0.0],[-127.4961,52.1002,9.5025],[-127.4761,52.0986,0.0],[-127.4728,52.1,0.0],[-127.4718,52.1046,39.3197],[-127.4645,52.11,16.5143],[-127.4636,52.1155,0.0],[-127.4676,52.1218,0.0],[-127.463,52.1277,0.0],[-127.4651,52.1336,5.5855],[-127.472,52.1413,3.0197],[-127.4734,52.1464,0.0],[-127.4765,52.1485,21.9453],[-127.4838,52.1497,33.9458],[-127.4906,52.1563,57.5455],[-127.4961,52.1567,9.858],[-127.505,52.1544,5.2995],[-127.5111,52.1558,0.0],[-127.5114,52.1578,0.0],[-127.5266,52.1581,5.3111],[-127.5294,52.1467,33.64],[-127.5451,52.1307,8.6124],[-127.5552,52.1248,46.0611],[-127.5707,52.1219,26.0563],[-127.5885,52.1249,14.6705],[-127.6023,52.1213,7.4347],[-127.6069,52.1216,7.6147],[-127.6158,52.1039,15.3838],[-127.6128,52.0969,91.0003],[-127.6156,52.0928,93.8094],[-127.6217,52.0894,0.0],[-127.6269,52.0842,0.0],[-127.6274,52.0768,33.2052],[-127.6306,52.069,0.0],[-127.6417,52.0611,0.0],[-127.6478,52.0486,72.4677],[-127.6496,52.0383,44.8482],[-127.6556,52.0297,0.0],[-127.6561,52.0267,0.0],[-127.6528,52.025,0.0],[-127.6339,52.0267,2.4187],[-127.6318,52.0198,1.62],[-127.6412,52.0101,6.1772],[-127.6513,52.0057,0.0],[-127.6544,51.9847,21.0415],[-127.6606,51.9781,39.9589],[-127.6618,51.9742,28.0077],[-127.6744,51.9658,0.0],[-127.6692,51.9644,9.6182],[-127.6667,51.9603,18.6814],[-127.6689,51.9581,0.0],[-127.6675,51.9566,35.8741],[-127.6689,51.9553,0.0],[-127.6683,51.9514,1.1712],[-127.6746,51.9484,22.6864],[-127.6767,51.9503,0.0],[-127.6756,51.9514,0.0],[-127.6829,51.9534,19.2997],[-127.6995,51.9453,39.7955],[-127.7022,51.9425,12.9554],[-127.7072,51.9414,13.5467],[-127.71,51.9422,0.0],[-127.7106,51.9453,0.0],[-127.7128,51.9464,30.1187],[-127.7463,51.9529,13.3577],[-127.7572,51.9475,8.4346],[-127.7601,51.9443,3.9881],[-127.7712,51.9413,0.0],[-127.7777,51.9358,19.4938],[-127.79,51.9389,0.0],[-127.7989,51.9358,5.6106],[-127.8072,51.9356,5.4983],[-127.8126,51.9315,18.7215],[-127.8227,51.9274,10.684],[-127.8403,51.9152,48.2318],[-127.8433,51.9111,0.0],[-127.842,51.9079,17.7407],[-127.8461,51.9119,0.0],[-127.8494,51.9117,0.0],[-127.8468,51.909,13.5673],[-127.8506,51.9061,15.0522],[-127.8483,51.9033,2.9169],[-127.8439,51.9044,0.0],[-127.8456,51.9014,24.3469],[-127.8534,51.9025,2.5624],[-127.8594,51.9064,2.532],[-127.86279999999999,51.9061,9.0493],[-127.8683,51.9028,18.1767],[-127.8689,51.9047,5.5526],[-127.8711,51.9053,5.5526],[-127.8789,51.9008,0.0],[-127.8828,51.8967,34.8795],[-127.8836,51.8919,17.4183],[-127.8864,51.8895,2.3703],[-127.8854,51.888,21.1008],[-127.8878,51.8857,0.0],[-127.8864,51.8781,2.1566],[-127.8794,51.8811,7.4799],[-127.8778,51.8806,7.4799],[-127.8783,51.8783,0.0],[-127.8744,51.8765,0.0],[-127.8659,51.8815,3.969],[-127.8622,51.8877,6.857],[-127.8579,51.8842,28.7405],[-127.8667,51.8804,33.0736],[-127.8706,51.8753,11.324],[-127.8694,51.8725,6.6109],[-127.8711,51.8719,51.9782],[-127.8726,51.8669,5.8022],[-127.8679,51.8649,0.0],[-127.8561,51.8728,8.4677],[-127.85,51.8731,33.7313],[-127.8527,51.8709,20.761],[-127.8522,51.8684,38.0092],[-127.855,51.8678,21.4519],[-127.8554,51.8695,12.2692],[-127.8578,51.8694,12.2692],[-127.8622,51.8661,25.9226],[-127.863,51.8627,42.3744],[-127.8694,51.8614,0.0],[-127.8667,51.8589,2.1093],[-127.8759,51.8572,0.0],[-127.8861,51.8494,0.0],[-127.8844,51.8475,0.0],[-127.8754,51.8498,0.0],[-127.8743,51.8471,0.0],[-127.87,51.8454,0.0],[-127.872,51.844,0.0],[-127.8887,51.8429,16.0791],[-127.8939,51.8386,0.0],[-127.8911,51.8378,12.5347],[-127.8878,51.8392,15.9919],[-127.8814,51.8374,0.0],[-127.8783,51.8383,0.0],[-127.8761,51.8419,3.3585],[-127.8733,51.8411,54.7242],[-127.8807,51.8328,84.1024],[-127.8914,51.8284,17.2995],[-127.8972,51.8172,8.3346],[-127.8974,51.8147,23.046],[-127.8936,51.8103,25.6011],[-127.893,51.8049,23.9563],[-127.8948,51.8014,10.9815],[-127.8937,51.7981,26.3733],[-127.89,51.7927,0.0],[-127.8898,51.7897,0.0],[-127.8828,51.7811,34.5217],[-127.8834,51.7767,30.5133],[-127.8792,51.7753,0.0],[-127.8722,51.7778,16.3919],[-127.8759,51.7756,5.275],[-127.8746,51.7739,4.4286],[-127.8756,51.7728,0.0],[-127.8805,51.7733,1.9312],[-127.8821,51.77,3.45],[-127.8767,51.7622,3.0483],[-127.8733,51.7616,49.4171],[-127.875,51.7606,4.2227],[-127.874,51.7553,0.0],[-127.878,51.7467,0.0],[-127.8844,51.7403,13.3208],[-127.8892,51.7312,0.0],[-127.8892,51.7282,0.0],[-127.885,51.7241,7.8453],[-127.8915,51.7154,0.0],[-127.8878,51.7107,0.0],[-127.8875,51.7072,11.8805],[-127.8815,51.7058,0.0],[-127.8703,51.7132,0.0],[-127.865,51.7112,16.485],[-127.8616,51.7146,14.5586],[-127.8579,51.7142,30.7904],[-127.8682,51.7078,3.3675],[-127.8733,51.7065,21.8858],[-127.8788,51.7018,0.0],[-127.8842,51.704,0.0],[-127.8878,51.7029,0.0],[-127.8894,51.6925,4.1524],[-127.8838,51.693,0.0],[-127.8798,51.6901,7.2709],[-127.8827,51.6872,14.2923],[-127.8804,51.683,10.477],[-127.8833,51.6808,0.0],[-127.8778,51.6808,0.0],[-127.8783,51.6697,0.0],[-127.8689,51.6687,0.0],[-127.8718,51.6639,2.6341],[-127.8687,51.6599,0.0],[-127.86,51.6572,17.3857],[-127.8594,51.6536,0.0],[-127.8566,51.6523,23.0796],[-127.8578,51.6511,17.638],[-127.8533,51.6492,3.3565],[-127.8517,51.6464,4.2826],[-127.8533,51.6447,0.0],[-127.8511,51.6436,7.475],[-127.8517,51.6425,7.475],[-127.85,51.6417,0.0],[-127.8444,51.6438,16.8628],[-127.8428,51.6397,0.0],[-127.8394,51.6389,15.2887],[-127.8394,51.6372,12.4933],[-127.8366,51.6353,0.0],[-127.8328,51.6353,0.0],[-127.8328,51.6336,0.0],[-127.8306,51.6325,8.0175],[-127.8278,51.6325,0.0],[-127.8261,51.6344,5.4436],[-127.8322,51.6361,16.9053],[-127.8344,51.6408,3.7922],[-127.8383,51.6403,47.138],[-127.8406,51.6422,18.4427],[-127.8372,51.6431,0.0],[-127.8306,51.6417,6.5617],[-127.8312,51.647,16.2045],[-127.8344,51.6512,8.2141],[-127.8245,51.6619,0.0],[-127.8231,51.6659,0.0],[-127.8161,51.6661,2.7333],[-127.8225,51.6625,12.0469],[-127.8226,51.6542,9.8948],[-127.825,51.6451,35.769],[-127.8238,51.6444,105.641],[-127.825,51.6425,44.4667],[-127.8233,51.6347,6.0458],[-127.82,51.6333,0.0],[-127.8226,51.6302,2.7562],[-127.815,51.6264,17.2889],[-127.8172,51.6244,5.3778],[-127.8161,51.6236,0.0],[-127.7908,51.6231,0.0],[-127.7928,51.636,0.0],[-127.7905,51.6415,0.0],[-127.785,51.6417,0.0],[-127.7857,51.6376,0.0],[-127.7741,51.6309,8.7025],[-127.7688,51.6325,9.6943],[-127.7693,51.6367,14.7215],[-127.7667,51.6402,3.3279],[-127.7589,51.6458,3.0502],[-127.7512,51.6372,9.049],[-127.7518,51.6317,13.082],[-127.7578,51.6292,8.8511],[-127.7567,51.625,6.4699],[-127.7539,51.6242,0.0],[-127.7499,51.6287,17.7271],[-127.744,51.6285,0.0],[-127.7401,51.6301,0.0],[-127.7379,51.6322,42.6345],[-127.738,51.6346,48.527],[-127.7346,51.6368,0.0],[-127.73,51.6317,28.042],[-127.7294,51.6278,5.9541],[-127.7278,51.6275,5.9541],[-127.7245,51.6349,0.0],[-127.7238,51.6429,16.7568],[-127.7199,51.6461,0.0],[-127.7211,51.6486,2.8697],[-127.7183,51.6514,4.8663],[-127.7161,51.6506,4.8663],[-127.7172,51.6475,20.7751],[-127.7167,51.6353,4.9944],[-127.7205,51.6289,34.2273],[-127.715,51.6247,0.0],[-127.7172,51.6228,4.3654],[-127.7194,51.6258,0.0],[-127.7239,51.6239,6.0904],[-127.7228,51.618899999999996,39.4427],[-127.7256,51.6175,0.0],[-127.7244,51.6158,11.7987],[-127.721,51.6144,0.0],[-127.7167,51.6158,4.6923],[-127.7099,51.6131,2.8927],[-127.7089,51.6136,2.8927],[-127.7117,51.6164,7.0975],[-127.7094,51.6172,17.8872],[-127.7061,51.6142,6.3597],[-127.7033,51.6147,6.3597],[-127.6983,51.6217,0.0],[-127.6922,51.6222,4.5064],[-127.6911,51.6292,46.0303],[-127.6889,51.6325,52.8108],[-127.6872,51.6322,8.6501],[-127.6889,51.6278,3.6702],[-127.6867,51.625,47.7078],[-127.6928,51.62,16.9295],[-127.6894,51.6167,8.7681],[-127.6889,51.6136,0.0],[-127.6794,51.6072,49.9781],[-127.6789,51.6039,9.7125],[-127.6673,51.602,56.1381],[-127.6773,51.6017,11.4186],[-127.6828,51.6039,6.6881],[-127.7028,51.6069,11.1457],[-127.7111,51.6056,0.0],[-127.7183,51.6078,6.3469],[-127.7211,51.6033,17.7239],[-127.7228,51.6053,5.3081],[-127.7265,51.6053,52.5544],[-127.7278,51.6081,15.3358],[-127.7324,51.6088,0.0],[-127.7355,51.6078,0.0],[-127.7359,51.6059,0.0],[-127.7311,51.6053,38.1699],[-127.7333,51.6028,22.1058],[-127.7356,51.6031,32.8576],[-127.7361,51.605,15.7908],[-127.7435,51.6066,6.7709],[-127.7504,51.6031,0.0],[-127.7523,51.5965,6.3048],[-127.7549,51.5936,15.2071],[-127.7594,51.5968,22.7291],[-127.7593,51.6005,0.0],[-127.7608,51.6019,3.8188],[-127.7656,51.5997,36.4325],[-127.7744,51.6003,4.5578],[-127.7727,51.6019,5.8122],[-127.7739,51.6039,10.5069],[-127.7723,51.6074,0.0],[-127.7729,51.6098,38.9849],[-127.7776,51.6107,0.0],[-127.7847,51.6092,16.7458],[-127.7836,51.6059,0.0],[-127.7956,51.5957,0.0],[-127.7911,51.5894,0.0],[-127.7883,51.588,33.5727],[-127.7888,51.5861,58.699],[-127.795,51.5856,5.8777],[-127.7955,51.5835,0.0],[-127.7999,51.5812,12.2573],[-127.8003,51.5786,16.0842],[-127.7994,51.5767,0.0],[-127.7947,51.5749,18.1518],[-127.7972,51.5738,0.0],[-127.7941,51.5725,3.1527],[-127.7959,51.5712,0.0],[-127.7959,51.5621,0.0],[-127.7872,51.5556,11.6049],[-127.784,51.5565,6.3932],[-127.7856,51.5539,0.0],[-127.7926,51.5508,22.6175],[-127.7937,51.5466,3.4894],[-127.7978,51.5419,0.0],[-127.7924,51.5418,28.1636],[-127.8,51.5358,10.4462],[-127.7944,51.535,7.9388],[-127.8006,51.5317,4.3706],[-127.7961,51.5286,0.0],[-127.7933,51.5303,3.0995],[-127.7819,51.5303,0.0],[-127.7794,51.5292,15.8835],[-127.7822,51.5269,0.0],[-127.7761,51.5264,28.2733],[-127.7857,51.5233,3.275],[-127.79,51.52,7.573],[-127.7889,51.5181,0.0],[-127.7844,51.5181,2.4371],[-127.7867,51.5167,0.0],[-127.7844,51.5158,2.8204],[-127.7795,51.5174,0.0],[-127.7782,51.5202,0.0],[-127.7698,51.5229,0.0],[-127.7688,51.524,0.0],[-127.7717,51.5317,15.9656],[-127.77,51.5339,0.0],[-127.77,51.5378,4.2573],[-127.7634,51.5386,0.0],[-127.7633,51.5418,11.0946],[-127.7577,51.5438,7.3764],[-127.7556,51.5392,34.7196],[-127.7518,51.5369,3.4393],[-127.7533,51.5322,8.3974],[-127.7494,51.5308,5.3848],[-127.75,51.5267,15.6411],[-127.7535,51.5261,15.6411],[-127.7533,51.5242,7.4127],[-127.7517,51.5236,0.0],[-127.7444,51.5261,3.1816],[-127.738,51.5241,0.0],[-127.7363,51.5218,0.0],[-127.7292,51.5222,34.4944],[-127.725,51.5245,0.0],[-127.7242,51.5273,19.547],[-127.716,51.5293,8.7615],[-127.7133,51.5319,6.7282],[-127.699,51.5361,17.4748],[-127.6911,51.5362,17.3247],[-127.6846,51.5356,32.4017],[-127.6817,51.5336,0.0],[-127.6842,51.5309,7.2743],[-127.6841,51.527,0.0],[-127.6779,51.5259,3.0862],[-127.6761,51.5242,2.2967],[-127.6694,51.5256,24.3431],[-127.675,51.5228,15.1],[-127.6728,51.5181,32.2509],[-127.6772,51.5139,4.3102],[-127.6721,51.513,0.0],[-127.6684,51.5157,18.4583],[-127.6599,51.5173,19.6302],[-127.6378,51.5292,7.5992],[-127.635,51.5322,85.6237],[-127.635,51.5344,125.1933],[-127.6273,51.5421,0.0],[-127.6244,51.5495,23.6498],[-127.6139,51.554,0.0],[-127.6074,51.5601,0.0],[-127.6011,51.5622,48.0107],[-127.5944,51.5675,16.8782],[-127.5917,51.5753,0.0],[-127.5827,51.5768,0.0],[-127.5779,51.5838,13.9433],[-127.5745,51.585,3.2652],[-127.572,51.5945,0.0],[-127.5678,51.5972,0.0],[-127.5666,51.6016,18.9174],[-127.5584,51.6094,0.0],[-127.5563,51.6172,0.0],[-127.5575,51.619,22.2475],[-127.5539,51.6231,0.0],[-127.5555,51.6285,0.0],[-127.5522,51.6319,0.0],[-127.5532,51.6333,80.0855],[-127.55,51.6339,1.9658],[-127.5478,51.6378,0.0],[-127.5472,51.6572,3.3702],[-127.55,51.6617,18.9038],[-127.5461,51.66,70.7099],[-127.5433,51.6505,59.1099],[-127.5341,51.6405,12.7702],[-127.528,51.6442,17.6556],[-127.5173,51.6425,12.4114],[-127.5072,51.6461,21.0793],[-127.5067,51.6444,0.0],[-127.5021,51.6428,0.0],[-127.4957,51.6457,69.2068],[-127.485,51.6461,5.7394],[-127.4778,51.6497,0.0],[-127.4733,51.6567,0.0],[-127.4672,51.6608,4.436],[-127.4683,51.6675,96.8491],[-127.4578,51.6845,32.3569],[-127.4635,51.6867,12.3827],[-127.4865,51.6861,9.2567],[-127.4928,51.6892,0.0],[-127.4972,51.6883,22.1053],[-127.5156,51.6928,0.0],[-127.5301,51.6919,6.2041],[-127.5363,51.6869,13.7793],[-127.5433,51.6867,5.3829],[-127.5511,51.6842,0.0],[-127.5654,51.6903,72.0603],[-127.5762,51.6972,0.0],[-127.5944,51.6994,30.6169],[-127.6028,51.6981,25.693],[-127.6217,51.7022,0.0],[-127.6531,51.7047,33.464],[-127.6594,51.7069,11.5377],[-127.6544,51.7081,12.9767],[-127.6405,51.7073,39.0851],[-127.6356,51.7088,96.8281],[-127.6269,51.7072,60.963],[-127.615,51.7106,31.4491],[-127.59,51.7086,0.0],[-127.5739,51.7056,18.9682],[-127.563,51.7084,0.0],[-127.5511,51.705,0.0],[-127.5464,51.7021,11.7599],[-127.5247,51.7047,2.7529],[-127.5199,51.7028,11.3263],[-127.5096,51.7033,0.0],[-127.5033,51.7019,0.0],[-127.48779999999999,51.6962,17.891],[-127.4695,51.6966,7.6493],[-127.4623,51.6943,16.4547],[-127.4565,51.6944,0.0],[-127.4537,51.6977,12.6092],[-127.4561,51.7105,57.4899],[-127.455,51.717,0.0],[-127.4582,51.7238,81.1005],[-127.4579,51.7275,46.7697],[-127.4627,51.7348,0.0],[-127.4627,51.7418,0.0],[-127.4612,51.7453,14.6438],[-127.4627,51.7475,0.0],[-127.4628,51.7531,0.0],[-127.4572,51.7637,6.7014],[-127.45,51.7719,0.0],[-127.4522,51.7781,10.247],[-127.4489,51.7808,6.5339],[-127.4387,51.7817,11.1455],[-127.4369,51.7802,29.5372],[-127.4395,51.7782,3.2782],[-127.4391,51.775,10.8403],[-127.4318,51.7732,8.783],[-127.4299,51.7719,61.6911],[-127.4325,51.7707,6.9862],[-127.4297,51.7689,8.6309],[-127.4208,51.7726,25.0229],[-127.4122,51.7706,4.4391],[-127.4111,51.7717,4.4391],[-127.4122,51.7728,52.4771],[-127.4072,51.7777,6.3852],[-127.4003,51.7821,85.6628],[-127.3991,51.7862,38.7715],[-127.4005,51.7922,70.7942],[-127.3978,51.7951,0.0],[-127.3981,51.7981,59.2641],[-127.3944,51.8062,26.8985],[-127.385,51.8116,0.0],[-127.3799,51.8244,8.3872],[-127.3761,51.8293,42.6172],[-127.3718,51.8312,7.9301],[-127.3688,51.844,53.1585],[-127.3652,51.8508,122.6356],[-127.3649,51.8588,16.4637],[-127.3622,51.8647,0.0],[-127.3633,51.8675,69.5679],[-127.3572,51.8694,0.8562],[-127.3517,51.8635,0.0],[-127.3533,51.8608,0.0],[-127.3533,51.8532,0.0],[-127.3565,51.8474,0.0],[-127.3534,51.8368,0.0],[-127.3577,51.8271,6.2044],[-127.3573,51.8244,0.0],[-127.3641,51.8232,0.0],[-127.3717,51.8097,0.0],[-127.3796,51.8035,30.2376],[-127.3834,51.8024,0.0],[-127.387,51.7967,0.0],[-127.3861,51.7949,0.0],[-127.3823,51.7942,46.2357],[-127.3794,51.7917,6.3143],[-127.3813,51.7835,30.3154],[-127.3789,51.7803,11.8918],[-127.3872,51.775,26.7363],[-127.395,51.7661,25.6442],[-127.4061,51.7628,48.129],[-127.41,51.7644,0.0],[-127.4178,51.7631,9.0209],[-127.4378,51.7664,26.9912],[-127.4444,51.7619,15.4816],[-127.4493,51.7533,0.0],[-127.4494,51.7492,0.0],[-127.4458,51.7409,0.0],[-127.4485,51.738,0.0],[-127.4467,51.7308,0.0],[-127.445,51.7297,22.3774],[-127.4456,51.7247,0.0],[-127.4406,51.7194,23.0503],[-127.4406,51.7156,21.9615],[-127.4367,51.7128,16.8325],[-127.4356,51.7039,0.0],[-127.439,51.6901,102.9949],[-127.452,51.6724,0.0],[-127.4517,51.6642,4.1363],[-127.4431,51.6627,51.9387],[-127.435,51.6572,51.9959],[-127.429,51.6568,0.0],[-127.425,51.6592,69.4102],[-127.4217,51.6639,0.0],[-127.4271,51.6655,9.2362],[-127.4224,51.6678,0.0],[-127.4229,51.6708,98.3379],[-127.4048,51.6756,9.4381],[-127.3953,51.6822,28.2407],[-127.3849,51.6829,6.3355],[-127.3767,51.6792,6.8103],[-127.3648,51.6809,4.303],[-127.3567,51.6922,5.6714],[-127.3589,51.6942,23.2207],[-127.36,51.7014,0.0],[-127.3572,51.7028,0.0],[-127.3578,51.7047,0.0],[-127.3556,51.7067,10.5259],[-127.3394,51.7058,0.4884],[-127.3417,51.7017,0.0],[-127.3378,51.6972,10.8432],[-127.3389,51.6964,0.0],[-127.3356,51.6928,8.3449],[-127.3267,51.6897,0.0],[-127.3139,51.6892,26.7896],[-127.3027,51.6859,0.0],[-127.2922,51.6873,28.9132],[-127.2752,51.684,0.0],[-127.2633,51.6843,15.2729],[-127.2589,51.6819,2.1556],[-127.2631,51.6799,0.0],[-127.2599,51.6797,2.3775],[-127.2606,51.6783,0.0],[-127.2539,51.6792,3.5036],[-127.2528,51.6781,12.2227],[-127.2644,51.6717,0.0],[-127.2661,51.6675,13.1385],[-127.2689,51.6661,31.3616],[-127.2733,51.6678,0.0],[-127.2933,51.6669,116.0231],[-127.3033,51.6683,28.8127],[-127.3228,51.6658,18.001],[-127.3333,51.6633,5.6122],[-127.3428,51.6578,0.0],[-127.3456,51.6544,61.1425],[-127.352,51.6523,0.0],[-127.3583,51.6531,1.6099],[-127.3611,51.6567,32.9906],[-127.3848,51.6561,13.3518],[-127.3905,51.6542,0.0],[-127.3872,51.6514,53.3337],[-127.39,51.6489,0.0],[-127.39,51.6458,0.0],[-127.4,51.6417,92.848],[-127.4039,51.6378,113.8829],[-127.4178,51.6356,0.0],[-127.425,51.6378,7.344],[-127.4306,51.6367,106.5116],[-127.4417,51.6397,31.4569],[-127.4488,51.6369,21.9627],[-127.4508,51.6316,90.9152],[-127.4593,51.6319,51.9339],[-127.4727,51.6253,51.8094],[-127.4812,51.6248,20.295],[-127.4921,51.6272,0.0],[-127.4983,51.6263,24.7372],[-127.5051,51.6229,0.0],[-127.5087,51.6182,58.5831],[-127.5082,51.6163,61.9678],[-127.5113,51.6136,0.0],[-127.51,51.6103,63.4808],[-127.5131,51.6043,26.7682],[-127.5112,51.5945,0.0],[-127.5119,51.5908,16.031],[-127.5164,51.5859,4.0972],[-127.5244,51.5711,0.0],[-127.5206,51.5681,0.0],[-127.5183,51.5722,39.3989],[-127.515,51.5728,26.1122],[-127.5172,51.5661,4.3136],[-127.5156,51.5648,0.0],[-127.5165,51.5613,0.0],[-127.5138,51.5588,6.915],[-127.5144,51.5565,8.9734],[-127.5128,51.5536,65.403],[-127.5161,51.5492,0.0],[-127.5146,51.541,22.0371],[-127.5177,51.5372,0.0],[-127.5167,51.5322,0.0],[-127.5187,51.5238,0.0],[-127.518,51.521,0.0],[-127.5232,51.5161,41.1943],[-127.5228,51.5125,3.3236],[-127.5273,51.5064,25.8465],[-127.5335,51.5001,67.5378],[-127.5389,51.4983,4.802],[-127.5417,51.4956,0.0],[-127.5406,51.4928,0.0],[-127.5421,51.4915,30.1176],[-127.5451,51.4907,4.5618],[-127.5466,51.4925,34.7776],[-127.54,51.4989,26.2918],[-127.5406,51.5006,51.2704],[-127.5363,51.5065,12.3027],[-127.5478,51.5071,0.0],[-127.5611,51.5014,7.0933],[-127.5633,51.4992,0.0],[-127.5617,51.495,17.8942],[-127.5639,51.4917,0.0],[-127.5622,51.4911,37.9882],[-127.5617,51.4886,49.2239],[-127.5639,51.4869,0.0],[-127.5644,51.4792,3.4241],[-127.561,51.4732,0.0],[-127.554,51.4727,3.5088],[-127.5455,51.4778,0.0],[-127.5421,51.484,20.864],[-127.5383,51.4865,6.099],[-127.5358,51.4838,20.4441],[-127.5415,51.4773,0.0],[-127.5368,51.4748,0.0],[-127.5362,51.4698,3.5509],[-127.5378,51.4677,18.8513],[-127.5344,51.4628,32.1593],[-127.5356,51.4583,13.5628],[-127.5201,51.4525,22.9216],[-127.5027,51.4503,0.0],[-127.4817,51.445,0.0],[-127.435,51.4464,13.1601],[-127.4306,51.4428,27.0454],[-127.424,51.442,0.0],[-127.3947,51.4446,18.5658],[-127.3797,51.4397,0.0],[-127.3578,51.4393,4.2328],[-127.3465,51.4412,18.3144],[-127.325,51.4394,15.6122],[-127.3184,51.4416,0.0],[-127.3089,51.4356,16.272],[-127.3078,51.4328,0.0],[-127.3045,51.4307,13.3063],[-127.3106,51.4261,28.9294],[-127.3039,51.4239,5.8458],[-127.3028,51.4172,5.3582],[-127.3039,51.4161,0.0],[-127.3017,51.4144,0.0],[-127.3044,51.4122,0.0],[-127.2994,51.4111,66.7975],[-127.3105,51.4091,0.0],[-127.3106,51.4078,0.0],[-127.3022,51.4044,0.0],[-127.2861,51.4081,24.303],[-127.2752,51.4077,9.112],[-127.2619,51.41,5.5929],[-127.2517,51.4083,1.2715],[-127.2567,51.4081,1.4385],[-127.2535,51.4057,2.1161],[-127.2667,51.4069,55.448],[-127.2728,51.4058,0.0],[-127.2761,51.4034,36.322],[-127.295,51.4028,6.981],[-127.2983,51.4008,9.3392],[-127.3032,51.4006,0.0],[-127.3139,51.4058,21.9785],[-127.3144,51.4267,9.9422],[-127.3161,51.4275,0.0],[-127.3289,51.4306,0.0],[-127.3628,51.431399999999996,95.535],[-127.3778,51.435,23.0101],[-127.4039,51.4378,0.0],[-127.4106,51.4375,0.0],[-127.412,51.4353,141.3114],[-127.4367,51.4381,16.2634],[-127.4478,51.4369,0.0],[-127.4461,51.4319,12.0149],[-127.4478,51.43,22.7153],[-127.4656,51.4192,28.2895],[-127.4694,51.4097,18.5311],[-127.4783,51.4033,34.0827],[-127.4844,51.4028,9.2707],[-127.4917,51.4064,14.9453],[-127.4967,51.4033,64.9743],[-127.5072,51.4014,19.5617],[-127.555,51.4011,29.5601],[-127.5567,51.4019,34.0683],[-127.5115,51.4074,15.0337],[-127.4939,51.4121,64.6153],[-127.4865,51.4114,0.0],[-127.47,51.4264,46.7977],[-127.4667,51.4308,24.6775],[-127.4656,51.4361,0.0],[-127.47,51.4383,20.901],[-127.5022,51.4458,0.0],[-127.5283,51.4489,0.0],[-127.5406,51.4547,3.6929],[-127.545,51.4543,4.8255],[-127.5522,51.4594,17.8132],[-127.5533,51.4619,31.3455],[-127.5494,51.4622,13.9682],[-127.5506,51.46,17.8132],[-127.5494,51.4592,11.7617],[-127.5433,51.4581,0.0],[-127.54,51.4597,31.3893],[-127.5422,51.4622,7.3339],[-127.5404,51.4651,23.6807],[-127.5464,51.4654,16.5921],[-127.5526,51.4713,20.8827],[-127.5606,51.4711,29.2603],[-127.5656,51.4731,3.5611],[-127.5881,51.465,0.0],[-127.5888,51.4624,3.309],[-127.5963,51.4565,0.0],[-127.6008,51.4479,9.1584],[-127.6318,51.4324,9.8376],[-127.6352,51.4272,0.0],[-127.6352,51.4226,0.0],[-127.6397,51.4204,0.0],[-127.6385,51.4178,52.983],[-127.6426,51.415,13.4238],[-127.6426,51.4126,9.9953],[-127.6464,51.4105,0.0],[-127.645,51.4069,0.0],[-127.6469,51.4056,0.0],[-127.6453,51.4045,3.6966],[-127.6539,51.3981,4.9756],[-127.657,51.3884,5.1033],[-127.6556,51.3869,3.4706],[-127.6589,51.3811,9.9147],[-127.6628,51.3792,6.7604],[-127.665,51.3753,5.4297],[-127.6633,51.3728,45.3775],[-127.6683,51.3681,14.6623],[-127.6706,51.3683,14.6623],[-127.67,51.37,0.0],[-127.672,51.3715,6.5833],[-127.6692,51.3721,0.0],[-127.6717,51.3739,31.7467],[-127.6694,51.3756,6.6949],[-127.6707,51.3792,0.0],[-127.6656,51.3808,6.2629],[-127.665,51.3831,0.0],[-127.6645,51.389,23.0058],[-127.6672,51.3978,0.0],[-127.6656,51.4028,3.1125],[-127.6678,51.4032,3.0763],[-127.6774,51.3992,7.2872],[-127.6858,51.4015,18.7625],[-127.69,51.3983,18.4387],[-127.6928,51.3997,16.1779],[-127.6911,51.4017,16.1378],[-127.6944,51.4036,20.4813],[-127.6989,51.4011,9.504],[-127.7033,51.4011,0.0],[-127.7028,51.3969,15.508],[-127.7133,51.394,6.128],[-127.7106,51.3961,0.0],[-127.7122,51.3992,2.1511],[-127.7161,51.4003,33.0588],[-127.7189,51.3989,33.0588],[-127.7212,51.402,13.1421],[-127.7228,51.4017,13.1421],[-127.7319,51.3975,0.4242],[-127.7317,51.3958,0.0],[-127.737,51.3932,11.735],[-127.7412,51.3881,1.3789],[-127.7389,51.3842,5.3805],[-127.745,51.3803,55.5049],[-127.75,51.3733,32.4955],[-127.756,51.3688,29.6766],[-127.7628,51.3697,3.9443],[-127.7715,51.3667,14.2049],[-127.775,51.3681,5.5462],[-127.7744,51.3711,0.0],[-127.7767,51.3739,0.0],[-127.7839,51.3742,0.0],[-127.7844,51.3692,0.0],[-127.7761,51.3669,37.3766],[-127.7867,51.3633,0.0],[-127.7922,51.3581,0.0],[-127.7927,51.3546,3.6574],[-127.79,51.3497,0.0],[-127.786,51.35,0.0],[-127.7885,51.3464,4.124],[-127.7839,51.3428,1.6],[-127.7833,51.3406,0.0],[-127.7859,51.3344,0.0],[-127.7761,51.3328,18.3723],[-127.7822,51.3322,0.0],[-127.7828,51.3308,0.0],[-127.7794,51.3286,0.0],[-127.7733,51.3308,11.9523],[-127.7722,51.33,13.334],[-127.7756,51.3286,3.9061],[-127.7756,51.3261,0.0],[-127.7717,51.3258,0.0],[-127.7761,51.3236,15.2309],[-127.78,51.325,4.2296],[-127.7822,51.3214,0.0],[-127.7783,51.3194,0.0],[-127.7728,51.3203,0.0],[-127.7528,51.3275,20.7598],[-127.7517,51.3264,15.2887],[-127.7544,51.3244,3.3532],[-127.7561,51.3197,0.0],[-127.7389,51.3183,0.0],[-127.7356,51.3214,5.0143],[-127.7361,51.3239,0.0],[-127.7411,51.3244,0.0],[-127.7344,51.3261,0.0],[-127.7367,51.3272,0.0],[-127.741,51.3263,2.6837],[-127.7372,51.3294,7.4675],[-127.7328,51.3292,20.4448],[-127.7339,51.3278,0.0],[-127.7278,51.3242,2.5201],[-127.7311,51.3231,0.0],[-127.7272,51.3211,0.0],[-127.717,51.3221,3.1846],[-127.7131,51.3253,0.0],[-127.7039,51.3244,2.8091],[-127.6989,51.3258,9.8173],[-127.6924,51.3315,25.5674],[-127.6906,51.3367,18.175],[-127.6878,51.3375,17.3877],[-127.6861,51.3361,0.0],[-127.6775,51.3402,0.0],[-127.6694,51.3383,0.0],[-127.6683,51.3408,24.7996],[-127.6624,51.3399,4.0909],[-127.6609,51.339,41.2556],[-127.6617,51.3372,9.3306],[-127.6544,51.3328,6.1793],[-127.6331,51.3334,0.0],[-127.625,51.3378,16.1315],[-127.6189,51.3392,20.1791],[-127.6128,51.3392,17.8591],[-127.6163,51.3381,0.0],[-127.6156,51.3372,9.2851],[-127.5907,51.3384,0.0],[-127.5789,51.3419,4.566],[-127.5768,51.3412,4.566],[-127.5786,51.3385,31.8844],[-127.5778,51.3367,0.0],[-127.5694,51.3381,0.0],[-127.5596,51.3419,0.0],[-127.5482,51.3431,0.0],[-127.5448,51.3452,0.0],[-127.5294,51.3481,5.2758],[-127.5206,51.352,6.765],[-127.5159,51.3511,6.9045],[-127.5035,51.3596,19.2884],[-127.4744,51.3672,33.621],[-127.4706,51.3692,21.9179],[-127.4711,51.3711,19.7296],[-127.4594,51.3714,0.0],[-127.47,51.3669,0.0],[-127.4678,51.3658,16.006],[-127.4533,51.3678,10.9659],[-127.44,51.3669,0.0],[-127.4333,51.3697,0.0],[-127.4333,51.3717,13.8391],[-127.4283,51.3753,0.0],[-127.4306,51.3769,21.1188],[-127.4333,51.3767,3.9415],[-127.43,51.3803,0.0],[-127.41,51.385,4.4298],[-127.395,51.3867,0.0],[-127.3872,51.3914,0.0],[-127.3861,51.3936,14.0593],[-127.3717,51.3989,51.6007],[-127.3597,51.4066,2.7589],[-127.3556,51.4011,0.0],[-127.3572,51.3986,25.848],[-127.3677,51.3951,6.5962],[-127.3794,51.3878,25.151],[-127.3902,51.386,0.0],[-127.4022,51.3811,19.9548],[-127.4183,51.3794,25.654],[-127.4194,51.3778,4.9483],[-127.4178,51.3756,6.6806],[-127.4306,51.37,38.418],[-127.4317,51.3664,0.0],[-127.4261,51.3653,0.0],[-127.4289,51.3633,55.3325],[-127.4428,51.3608,27.0306],[-127.4499,51.3611,29.8277],[-127.4533,51.3597,61.5658],[-127.4544,51.3569,71.7801],[-127.4611,51.3564,4.4408],[-127.465,51.3541,17.7376],[-127.4839,51.3517,16.1483],[-127.5006,51.3467,37.5941],[-127.5222,51.3433,14.7273],[-127.5256,51.3406,0.0],[-127.5339,51.3389,0.0],[-127.5367,51.3369,0.0],[-127.5317,51.335,0.0],[-127.5283,51.335,0.0],[-127.5217,51.3392,13.5442],[-127.5183,51.3378,0.0],[-127.525,51.3333,6.7084],[-127.5217,51.3319,0.0],[-127.5094,51.335,0.0],[-127.5044,51.3339,25.4558],[-127.4983,51.3351,5.368],[-127.4944,51.3325,0.0],[-127.5197,51.3299,19.2489],[-127.5318,51.3234,29.5946],[-127.5391,51.3226,0.0],[-127.5406,51.3202,0.0],[-127.5083,51.3206,41.187],[-127.4961,51.3156,26.738],[-127.4739,51.3133,0.0],[-127.44,51.3167,7.7081],[-127.4268,51.3123,17.5295],[-127.4144,51.3136,0.0],[-127.395,51.3125,38.7899],[-127.3811,51.3081,4.3874],[-127.37,51.3066,0.0],[-127.3572,51.3083,0.0],[-127.3517,51.3119,0.0],[-127.3511,51.3172,30.4484],[-127.3533,51.3278,42.7203],[-127.3494,51.335,4.1822],[-127.3461,51.3378,2.5169],[-127.3394,51.3375,13.9534],[-127.334,51.34,0.0],[-127.3311,51.3386,0.0],[-127.325,51.34,6.8309],[-127.3211,51.3378,0.0],[-127.2894,51.3414,21.2841],[-127.2833,51.3398,0.0],[-127.2724,51.3419,0.0],[-127.2513,51.3393,9.864],[-127.2472,51.3408,47.3492],[-127.2373,51.3394,4.3722],[-127.235,51.3419,0.0],[-127.2111,51.3464,6.0635],[-127.1989,51.3503,6.0088],[-127.1839,51.3511,36.8821],[-127.175,51.3475,33.6237],[-127.1806,51.3444,37.1771],[-127.2006,51.3467,15.3348],[-127.2083,51.3461,20.9838],[-127.2211,51.3431,0.0],[-127.2244,51.34,47.1072],[-127.2317,51.3397,20.617],[-127.2367,51.3372,0.0],[-127.265,51.34,65.6511],[-127.2744,51.3389,0.0],[-127.2823,51.3355,0.0],[-127.3167,51.3372,0.0],[-127.3272,51.3347,30.0808],[-127.3344,51.3353,31.694],[-127.3433,51.3336,0.0],[-127.3467,51.3314,0.0],[-127.3483,51.3219,4.7687],[-127.3461,51.3189,31.5576],[-127.3411,51.3167,0.0],[-127.3461,51.3094,43.9249],[-127.3406,51.3075,0.0],[-127.3533,51.3056,8.8816],[-127.3617,51.3061,13.4738],[-127.3672,51.3042,0.0],[-127.3589,51.3011,5.8829],[-127.3527,51.3011,14.663],[-127.3411,51.304,17.8478],[-127.3289,51.3003,0.0],[-127.3188,51.3001,0.0],[-127.3135,51.301,0.0],[-127.3131,51.3032,0.0],[-127.2915,51.3044,13.3552],[-127.2725,51.3098,23.3502],[-127.257,51.3101,0.0],[-127.24,51.3142,35.7659],[-127.2122,51.3177,6.7064],[-127.1922,51.3247,40.7672],[-127.1878,51.33,0.0],[-127.1889,51.3344,14.7915],[-127.1867,51.3361,0.4119],[-127.1867,51.3381,30.3493],[-127.1792,51.3391,5.2662],[-127.1717,51.3428,30.6585],[-127.1661,51.3425,14.2385],[-127.1578,51.3497,26.3038],[-127.1567,51.3533,5.0948],[-127.1583,51.36,60.3772],[-127.1567,51.3617,8.9941],[-127.1372,51.3678,37.1397],[-127.1286,51.369,18.2035],[-127.1278,51.3711,5.3785],[-127.1244,51.3724,6.722],[-127.1243,51.3757,23.6139],[-127.1211,51.3789,4.4829],[-127.1211,51.3761,0.0],[-127.1168,51.3769,0.0],[-127.1184,51.3797,22.5256],[-127.1178,51.3822,19.4128],[-127.1141,51.3844,15.9078],[-127.1194,51.3881,1.4444],[-127.1189,51.3906,3.2311],[-127.1172,51.3911,1.1905],[-127.1161,51.3878,0.0815],[-127.1078,51.3836,9.1515],[-127.1089,51.3751,0.0],[-127.1072,51.3733,22.3206],[-127.1106,51.3686,0.0],[-127.1106,51.3653,0.0],[-127.1165,51.3616,0.0],[-127.1163,51.3591,0.0],[-127.0869,51.3547,0.0],[-127.0807,51.3552,2.6291],[-127.0741,51.3532,0.0],[-127.0644,51.3542,32.41],[-127.0594,51.3514,5.5464],[-127.0717,51.3483,72.4054],[-127.085,51.3508,0.0],[-127.1161,51.3531,31.4252],[-127.1211,51.355,49.734],[-127.1228,51.3567,61.0164],[-127.1228,51.3597,47.2575],[-127.125,51.3608,2.1017],[-127.1344,51.3606,3.0882],[-127.1478,51.3539,26.5768],[-127.1472,51.3475,39.9456],[-127.1489,51.3444,48.3103],[-127.1467,51.3414,39.6568],[-127.165,51.3331,31.9587],[-127.1689,51.3303,0.0],[-127.1704,51.3264,0.7393],[-127.1546,51.3291,6.5449],[-127.151,51.3329,13.659],[-127.1489,51.3332,40.9539],[-127.1471,51.3314,0.0],[-127.1435,51.3319,0.0],[-127.13,51.34,0.0],[-127.1256,51.3383,5.6384],[-127.1267,51.3353,7.6417],[-127.1289,51.3328,0.0],[-127.15,51.3244,11.3721],[-127.1578,51.3175,1.1116],[-127.1644,51.3194,12.906],[-127.1778,51.3186,20.5636],[-127.1939,51.315,30.4003],[-127.2061,51.3083,65.1404],[-127.2372,51.3053,53.5537],[-127.2439,51.3022,0.0],[-127.2567,51.3014,8.3338],[-127.2772,51.2961,54.8535],[-127.3039,51.2933,0.0],[-127.3015,51.2917,127.5483],[-127.315,51.2922,0.0],[-127.3217,51.2906,0.0],[-127.3472,51.2897,4.5074],[-127.3617,51.2908,0.0],[-127.3683,51.2897,0.0],[-127.3778,51.2856,19.2395],[-127.3794,51.2894,6.5542],[-127.3867,51.29,21.8024],[-127.3939,51.2872,0.0],[-127.4072,51.2853,35.1136],[-127.4106,51.2869,1.4531],[-127.4206,51.2844,4.755],[-127.4356,51.2856,0.0],[-127.4611,51.2819,0.0],[-127.4656,51.2772,6.6295],[-127.45,51.2769,0.0],[-127.4456,51.2755,16.0299],[-127.4378,51.2769,0.0],[-127.4328,51.2753,0.0],[-127.4214,51.2751,0.0],[-127.4211,51.2739,0.0],[-127.4278,51.2697,4.8531],[-127.4422,51.2719,32.1018],[-127.4467,51.27,27.1312],[-127.4628,51.2694,14.6467],[-127.47,51.2656,0.0],[-127.4956,51.2669,40.3756],[-127.5,51.265,43.1653],[-127.5077,51.2664,9.8472],[-127.5394,51.2653,53.2772],[-127.5444,51.2639,0.0],[-127.575,51.2644,0.0],[-127.5794,51.2628,13.9854],[-127.5867,51.2631,29.091],[-127.5883,51.2658,0.0],[-127.5939,51.2636,20.0105],[-127.5978,51.2647,21.3022],[-127.5906,51.2692,0.0],[-127.5906,51.2719,0.0],[-127.5817,51.2742,16.6691],[-127.5717,51.28,4.5302],[-127.5767,51.2822,0.0],[-127.5833,51.2814,37.9703],[-127.585,51.2828,0.0],[-127.5806,51.2858,13.1485],[-127.5772,51.2856,12.4132],[-127.5722,51.2817,0.0],[-127.5683,51.2831,0.0],[-127.5656,51.2847,22.8158],[-127.5683,51.2869,11.1361],[-127.5683,51.2889,5.105],[-127.5644,51.2928,8.34],[-127.5583,51.2917,42.4463],[-127.5583,51.2881,49.6986],[-127.5661,51.2806,0.0],[-127.5756,51.2764,0.0],[-127.5772,51.2736,10.3565],[-127.5844,51.2689,2.4594],[-127.5867,51.2664,0.0],[-127.5844,51.2644,8.6197],[-127.5717,51.2667,4.5849],[-127.5817,51.2683,15.0658],[-127.58,51.2694,12.1982],[-127.555,51.2711,22.2456],[-127.5478,51.2697,0.0],[-127.5344,51.2725,14.8858],[-127.5311,51.2756,28.3108],[-127.4944,51.2733,0.0],[-127.4872,51.2744,5.8026],[-127.4617,51.2833,0.0],[-127.4467,51.285,0.0],[-127.4406,51.2872,28.3051],[-127.41,51.2886,0.0],[-127.4072,51.2903,0.0],[-127.3972,51.2914,7.2159],[-127.3906,51.2903,0.0],[-127.3878,51.2925,41.9632],[-127.3817,51.2931,0.0],[-127.3767,51.2956,3.0825],[-127.3833,51.2978,0.0],[-127.3983,51.2986,78.0686],[-127.4072,51.3014,12.8521],[-127.435,51.3039,0.0],[-127.4494,51.3033,36.6069],[-127.4539,51.3014,29.7601],[-127.4739,51.3008,0.0],[-127.4889,51.305,24.3857],[-127.5072,51.306399999999996,11.8108],[-127.5267,51.3106,0.0],[-127.53,51.31,0.0],[-127.5344,51.3058,0.0],[-127.5328,51.3028,4.5205],[-127.5372,51.2994,9.8853],[-127.5461,51.3033,7.3601],[-127.5456,51.3058,0.0],[-127.5489,51.3067,13.8351],[-127.5621,51.3066,22.7816],[-127.5672,51.3033,11.0268],[-127.5683,51.2997,14.4634],[-127.5656,51.2992,14.4634],[-127.5694,51.2975,17.9708],[-127.5717,51.2978,18.7209],[-127.5689,51.3031,15.4453],[-127.5706,51.3047,0.0],[-127.5767,51.3019,21.0325],[-127.5783,51.3033,0.0],[-127.5744,51.3053,0.0],[-127.5861,51.3061,0.0],[-127.5966,51.3033,30.3542],[-127.6131,51.2953,3.5351],[-127.608,51.293,0.0],[-127.6097,51.2912,4.8052],[-127.6083,51.2878,0.0],[-127.5967,51.2883,0.0],[-127.5989,51.2861,0.0],[-127.5978,51.2856,0.0],[-127.6037,51.2833,41.623],[-127.6086,51.2756,0.0],[-127.5974,51.2724,5.3272],[-127.5972,51.2708,0.0],[-127.6039,51.27,19.3171],[-127.6102,51.2732,0.0],[-127.6233,51.2706,19.6495],[-127.61,51.2753,6.7445],[-127.6098,51.2766,0.0],[-127.6152,51.2799,3.8676],[-127.6219,51.2813,5.3364],[-127.6318,51.2813,18.253],[-127.6483,51.2783,45.2353],[-127.6428,51.2803,0.0],[-127.64,51.285,0.0],[-127.6306,51.2864,8.4606],[-127.6394,51.2911,0.0],[-127.6411,51.2892,0.0],[-127.6667,51.2792,0.0],[-127.6644,51.2758,7.0028],[-127.6572,51.2758,13.68],[-127.6771,51.272,55.6706],[-127.687,51.2669,24.7265],[-127.6989,51.2642,0.0],[-127.7112,51.2561,2.3081],[-127.7215,51.2602,13.0836],[-127.7315,51.2598,3.7629],[-127.736,51.2586,0.0],[-127.735,51.2572,4.1082],[-127.7402,51.2569,4.1235],[-127.7455,51.2538,4.0139],[-127.7495,51.254,0.0],[-127.7589,51.2506,0.0],[-127.7611,51.2481,11.3292],[-127.7683,51.2492,0.0],[-127.7711,51.2468,0.0],[-127.7707,51.2445,0.0],[-127.7733,51.2431,0.0],[-127.7733,51.2414,0.0],[-127.7761,51.2414,0.0],[-127.7818,51.2371,0.0],[-127.7806,51.235,13.913],[-127.7826,51.2336,9.4279],[-127.7822,51.2322,9.4279],[-127.7858,51.2318,0.0],[-127.7865,51.23,0.0],[-127.7811,51.2247,0.0],[-127.7756,51.2228,15.9402],[-127.775,51.22,1.8563],[-127.7711,51.2189,6.8929],[-127.7744,51.2172,0.0],[-127.7717,51.2147,1.7393],[-127.7839,51.2108,0.0],[-127.7861,51.2083,0.0],[-127.7837,51.2045,0.0],[-127.7909,51.1985,4.0534],[-127.7989,51.1969,0.0],[-127.7956,51.1942,0.0],[-127.7906,51.1956,5.3589],[-127.7839,51.1931,0.0],[-127.7874,51.1902,0.0],[-127.7839,51.1886,0.0],[-127.7844,51.1864,0.0],[-127.7811,51.1842,0.0],[-127.7774,51.1866,7.518],[-127.7722,51.1839,18.0404],[-127.775,51.181399999999996,0.0],[-127.7726,51.1779,0.0],[-127.7772,51.1769,11.309],[-127.7811,51.1797,0.0],[-127.7828,51.1792,0.0],[-127.7844,51.1742,0.0],[-127.7822,51.1719,12.8499],[-127.7872,51.1728,0.0],[-127.7892,51.1691,0.0],[-127.788,51.1633,4.1134],[-127.7737,51.1585,0.0],[-127.7585,51.1613,0.0],[-127.7527,51.1587,0.0],[-127.7358,51.1597,39.6066],[-127.7387,51.1889,65.5027],[-127.6603,51.1907,188.4732],[-127.6492,51.1836,109.815],[-127.6112,51.1916,442.885],[-127.5771,51.1908,366.5501],[-127.5669,51.1971,292.9519],[-127.5354,51.1976,359.6355],[-127.5319,51.1961,346.649],[-127.5245,51.1863,233.5816],[-127.5183,51.185,213.847],[-127.5096,51.1859,182.6659],[-127.4956,51.1891,351.6807],[-127.4919,51.1967,316.8454],[-127.4932,51.2016,356.1672],[-127.4848,51.2039,467.5397],[-127.4572,51.2043,622.6891],[-127.454,51.207,566.2249],[-127.4528,51.2116,367.4202],[-127.4532,51.2245,271.1585],[-127.4501,51.2268,407.851],[-127.4431,51.2277,463.0063],[-127.3913,51.2285,400.9629],[-127.3803,51.2216,88.7241],[-127.3693,51.2218,293.8713],[-127.3609,51.2162,542.1733],[-127.346,51.2187,551.8628],[-127.3338,51.2115,751.1444],[-127.3237,51.2092,734.3212],[-127.315,51.2121,543.5748],[-127.3038,51.2134,305.4077],[-127.275,51.2134,245.8104],[-127.2674,51.2108,323.026],[-127.256,51.2113,113.7977],[-127.253,51.2196,424.9724],[-127.2353,51.2194,342.4688],[-127.2186,51.2121,519.5515],[-127.2083,51.1971,960.4055],[-127.1948,51.204,947.983],[-127.1635,51.2053,347.377],[-127.1211,51.2189,659.1971],[-127.1033,51.2188,566.525],[-127.1003,51.22,526.1509],[-127.1002,51.2237,559.3462],[-127.0986,51.2246,589.4938],[-127.09,51.225,624.6014],[-127.0737,51.2295,745.7607],[-127.0408,51.233,1043.0118],[-127.0267,51.2304,1012.1138],[-126.9975,51.2407,980.5114],[-126.987,51.2421,671.7724],[-126.974,51.2407,554.8109],[-126.9545,51.2355,818.8969],[-126.9227,51.2418,1253.4241],[-126.9236,51.2495,1022.7531],[-126.92529999999999,51.2517,1073.4949],[-126.9227,51.2625,1098.8383],[-126.9239,51.2776,1377.7617],[-126.9063,51.2917,1050.4972],[-126.8922,51.306399999999996,1459.2893],[-126.882,51.307,1512.6646],[-126.8691,51.3052,1422.8477],[-126.8555,51.3221,1568.7023],[-126.8505,51.3238,1715.6665],[-126.8407,51.3226,1868.4224],[-126.8298,51.3161,1715.8219],[-126.8102,51.2986,1412.178],[-126.7771,51.2994,1702.297],[-126.7623,51.3019,1720.5199],[-126.7617,51.3128,1501.3988],[-126.7519,51.3163,1512.3857],[-126.7502,51.3327,948.016],[-126.7254,51.3445,1597.6687],[-126.7215,51.3494,1390.0752],[-126.721,51.3545,1397.7427],[-126.7241,51.3605,1638.312],[-126.7096,51.3775,1617.8713],[-126.712,51.3884,1479.6091],[-126.7104,51.3932,1392.3474],[-126.7012,51.4037,921.369],[-126.6989,51.4089,949.3923],[-126.707,51.4206,1285.569],[-126.7234,51.434,1390.4708],[-126.7253,51.4398,1504.1942],[-126.7223,51.4461,1751.3694],[-126.7071,51.4593,1827.6132],[-126.7065,51.4629,1787.9392],[-126.7096,51.469,1854.7002],[-126.708,51.4738,1667.6628],[-126.7041,51.477,1694.9568],[-126.6986,51.4786,1855.7227],[-126.695,51.4779,1730.8269],[-126.6917,51.4732,1516.7341],[-126.6795,51.4683,1401.1754],[-126.6643,51.4532,945.5382],[-126.6571,51.4492,840.9905],[-126.6461,51.4464,957.1942],[-126.6225,51.4441,1496.5746],[-126.6196,51.4424,1454.1766],[-126.606,51.4212,1586.127],[-126.6158,51.4133,1780.6056],[-126.5851,51.4051,1553.0323],[-126.5647,51.4071,1746.8362],[-126.5641,51.4133,1736.7351],[-126.5611,51.417,1719.7839],[-126.556,51.419,1636.4202],[-126.5352,51.4163,1491.2117],[-126.528,51.417,1633.4763],[-126.5067,51.4248,1585.223],[-126.4921,51.4334,1456.4912],[-126.4733,51.4493,1399.0341],[-126.4548,51.469,1748.8401],[-126.4506,51.4753,1767.6442],[-126.4487,51.4835,1980.1919],[-126.4378,51.4861,1881.1689],[-126.434,51.4857,1779.8875],[-126.4267,51.4796,1287.615],[-126.4183,51.4773,1244.7595],[-126.3884,51.4806,1264.1553],[-126.3852,51.4795,1334.9094],[-126.3788,51.464,1776.2009],[-126.3678,51.4589,1709.7021],[-126.3664,51.4554,1868.2239],[-126.3624,51.4526,1931.5472],[-126.3488,51.4605,1757.2446],[-126.3449,51.4611,1810.6776],[-126.3238,51.4558,1970.1156],[-126.3033,51.4623,2107.8596],[-126.296,51.4547,2130.1958],[-126.2919,51.4533,2112.5378],[-126.2501,51.4512,2134.8237],[-126.227,51.4556,2197.4954],[-126.2162,51.4532,2191.3843],[-126.1973,51.4426,2152.1226],[-126.1893,51.4359,2293.3962],[-126.1714,51.4352,2379.896],[-126.1664,51.4436,2223.7625],[-126.1606,51.447,2247.5823],[-126.1473,51.4491,2313.667],[-126.1435,51.4555,2246.8174],[-126.1486,51.46,2247.1902],[-126.1478,51.4651,2273.3948],[-126.1422,51.4635,2272.9709],[-126.1269,51.4662,2289.2942],[-126.127,51.4622,2298.2053],[-126.1204,51.4603,2341.248],[-126.1115,51.4597,2480.3223],[-126.1055,51.4616,2534.6738],[-126.1027,51.4705,2547.897],[-126.0979,51.4746,2429.8955],[-126.1043,51.4862,2358.6768],[-126.1082,51.5003,2372.1843],[-126.1137,51.5045,2504.5549],[-126.117,51.5178,2677.6006],[-126.0906,51.5255,2328.355],[-126.0841,51.5247,2510.6748],[-126.0809,51.5285,2539.0542],[-126.0855,51.5342,2411.8525],[-126.085,51.5405,2233.675],[-126.0767,51.5455,2274.1562],[-126.0741,51.5506,2251.0132],[-126.0596,51.5582,2309.2886],[-126.0522,51.5652,2314.6299],[-126.0513,51.5728,2468.9302],[-126.06,51.5774,2414.0076],[-126.0618,51.5815,2502.2888],[-126.0502,51.5857,2497.8755],[-126.0499,51.5922,2488.2419],[-126.0406,51.5967,2324.2969],[-126.0274,51.5996,2396.4031],[-126.0116,51.5905,2254.6313],[-125.9925,51.5863,2150.7622],[-125.9867,51.5819,2217.7266],[-125.9817,51.5807,2162.1694],[-125.9686,51.5829,1962.2893],[-125.9323,51.5956,2047.9772],[-125.9264,51.6008,2318.9326],[-125.9189,51.6046,2466.5085],[-125.9215,51.6076,2363.2273],[-125.9101,51.6143,2337.0947],[-125.9115,51.618899999999996,2443.0469],[-125.908,51.6256,2535.3286],[-125.9101,51.6272,2488.6235],[-125.9229,51.6286,2222.2078],[-125.9505,51.6483,2309.0125],[-125.9492,51.6543,2489.8489],[-125.951,51.66,2431.6587],[-125.9494,51.6647,2414.3491],[-125.9413,51.6738,2162.6978],[-125.9411,51.6803,2312.8357],[-125.9439,51.6851,2465.2178],[-125.9519,51.6876,2122.2585],[-125.9549,51.6921,2076.7017],[-125.9668,51.6915,2053.0166],[-125.9817,51.6873,2114.7383],[-125.9909,51.6882,2350.1116],[-125.9936,51.6946,2377.3652],[-125.9983,51.6994,2243.0273],[-125.9982,51.7035,2269.73],[-125.9886,51.7131,2424.4844],[-125.9962,51.7186,2348.6436],[-125.998,51.7235,2182.0781],[-125.997,51.7282,2127.6123],[-125.9806,51.733,1888.2855],[-125.9785,51.7365,1894.3983],[-125.9794,51.7417,1996.1315],[-125.9619,51.7472,2236.696],[-125.9566,51.7535,2256.1787],[-125.9575,51.7584,2284.2209],[-125.9484,51.7622,2157.895],[-125.9467,51.7685,2164.1641],[-125.9498,51.7754,2384.6589],[-125.9699,51.7861,2463.4214],[-125.9713,51.7886,2463.3047],[-125.94,51.8053,2361.3074],[-125.9267,51.8175,2185.002],[-125.9203,51.834,2190.3],[-125.9168,51.8743,2182.3748],[-125.9139,51.8899,2081.8457],[-125.8798,51.8921,2498.7104],[-125.8757,51.8931,2706.4746],[-125.8725,51.8969,2886.6726],[-125.8702,51.9106,2666.3801],[-125.8707,51.9226,2286.2021],[-125.8803,51.9631,1587.811],[-125.8759,51.9695,1543.2397],[-125.8679,51.9736,1499.8752],[-125.8554,51.977,1795.5337],[-125.8438,51.978,1967.6188],[-125.8148,51.9751,2776.5576]]],
[[[-126.8539,52.1758,0.0],[-126.8506,52.1742,0.0],[-126.8494,52.1744,0.0],[-126.8517,52.1764,0.0],[-126.8539,52.1758,0.0]]],
[[[-127.2472,52.4224,0.0],[-127.2569,52.4263,0.0],[-127.2599,52.4254,46.2275],[-127.2671,52.4352,5.4195],[-127.2734,52.4393,3.011],[-127.2766,52.4377,3.6286],[-127.2802,52.4327,4.5536],[-127.2801,52.4295,11.3968],[-127.2944,52.4186,0.0],[-127.2928,52.4164,40.781],[-127.2947,52.4141,15.9188],[-127.2984,52.4121,0.0],[-127.3069,52.4119,7.3111],[-127.3078,52.4086,122.0593],[-127.3146,52.4098,27.840699999999998],[-127.3286,52.4021,0.0],[-127.3553,52.3997,21.7019],[-127.3706,52.4053,7.6014],[-127.3793,52.4055,0.0],[-127.3808,52.4049,24.322],[-127.3804,52.3976,110.0118],[-127.3874,52.3879,48.7313],[-127.4062,52.3847,0.0],[-127.4128,52.3864,0.0],[-127.4248,52.3862,0.0],[-127.4336,52.3839,0.0],[-127.444,52.3764,0.0],[-127.4447,52.3584,25.263],[-127.4489,52.3489,0.0],[-127.4461,52.3447,15.4563],[-127.4483,52.3442,0.0],[-127.4467,52.3428,19.0917],[-127.4496,52.3418,14.3016],[-127.4507,52.3392,43.9804],[-127.45,52.3336,94.374],[-127.4594,52.3327,2.8639],[-127.4716,52.3199,49.7156],[-127.4817,52.318,24.8163],[-127.4927,52.3122,0.0],[-127.5017,52.3121,0.0],[-127.5058,52.3137,62.0645],[-127.5287,52.3096,10.759],[-127.5333,52.3071,39.5235],[-127.5323,52.3045,186.1324],[-127.543,52.3023,10.1622],[-127.5528,52.2975,6.9208],[-127.5567,52.299,0.0],[-127.5656,52.2981,3.8287],[-127.5682,52.2916,169.1556],[-127.5721,52.2878,23.6363],[-127.5872,52.2797,38.5614],[-127.59,52.2761,14.9224],[-127.5976,52.2757,0.0],[-127.6163,52.2684,0.0],[-127.6086,52.2547,0.0],[-127.6084,52.2512,0.0],[-127.5975,52.2421,50.2502],[-127.5978,52.2389,0.0],[-127.5949,52.2391,11.7927],[-127.5971,52.2345,0.0],[-127.5918,52.2308,6.187],[-127.5964,52.2263,0.0],[-127.5984,52.227,34.5173],[-127.6038,52.2369,53.4255],[-127.616,52.2469,0.0],[-127.6167,52.2487,38.8185],[-127.6153,52.2502,0.0],[-127.621,52.2548,142.7694],[-127.6192,52.2566,0.0],[-127.62,52.2579,0.0],[-127.6375,52.2656,0.0],[-127.6449,52.266,45.5027],[-127.6541,52.269,0.0],[-127.6706,52.2666,37.957],[-127.7019,52.2532,22.8261],[-127.7141,52.2501,35.7897],[-127.7449,52.2483,23.6682],[-127.7539,52.243899999999996,24.2892],[-127.7556,52.2442,0.0],[-127.7543,52.2461,0.0],[-127.7672,52.2455,0.0],[-127.7749,52.2372,7.3647],[-127.779,52.2249,0.0],[-127.7823,52.2225,0.0],[-127.7842,52.2181,0.0],[-127.7957,52.2111,0.0],[-127.7996,52.2051,16.4309],[-127.8162,52.1961,0.0],[-127.8257,52.1805,20.7854],[-127.8389,52.1728,0.0],[-127.8491,52.1622,0.0],[-127.8475,52.1608,34.7873],[-127.8516,52.1553,9.0407],[-127.8526,52.1499,86.5374],[-127.8593,52.1413,0.0],[-127.8598,52.1379,27.4239],[-127.8568,52.1338,0.0],[-127.8615,52.1267,0.0],[-127.8579,52.1221,37.9171],[-127.8503,52.1256,86.0246],[-127.841,52.1258,10.0659],[-127.8391,52.1209,15.9474],[-127.8468,52.1203,24.7528],[-127.8494,52.1177,12.5067],[-127.8478,52.1152,7.032],[-127.8339,52.1102,31.1648],[-127.8364,52.1088,0.0],[-127.8345,52.107,0.0],[-127.8263,52.1063,26.3011],[-127.8227,52.1035,0.0],[-127.7956,52.1093,33.1028],[-127.78,52.1108,52.2402],[-127.7654,52.1091,44.3145],[-127.755,52.111,17.9931],[-127.7522,52.1097,1.2036],[-127.7518,52.1078,0.0],[-127.7583,52.106,0.0],[-127.7622,52.1026,6.1573],[-127.7677,52.1041,0.0],[-127.7672,52.1064,2.786],[-127.7694,52.1067,3.6546],[-127.7815,52.1036,81.8902],[-127.7973,52.1038,0.0],[-127.8071,52.1007,0.0],[-127.8353,52.0996,11.9945],[-127.8495,52.0956,0.0],[-127.8629,52.0948,0.0],[-127.8783,52.0976,3.742],[-127.8833,52.0949,32.3052],[-127.885,52.0914,9.2446],[-127.8839,52.0841,0.0],[-127.8796,52.0808,4.4304],[-127.8816,52.0787,8.736],[-127.8821,52.0738,3.6447],[-127.8905,52.0658,0.0],[-127.8894,52.063,4.6659],[-127.8775,52.0616,0.0],[-127.8742,52.0595,0.0],[-127.8728,52.0555,22.088],[-127.8683,52.055,7.8982],[-127.8668,52.0586,3.924],[-127.8687,52.064,28.915],[-127.8659,52.0738,33.8371],[-127.8634,52.0762,8.1296],[-127.8547,52.0684,3.9412],[-127.8514,52.062,0.0],[-127.8443,52.0597,0.0],[-127.8406,52.0622,19.0395],[-127.8367,52.0606,0.0],[-127.8425,52.0584,0.0],[-127.8445,52.0552,11.0398],[-127.8588,52.0507,19.187],[-127.8594,52.0479,6.119],[-127.8656,52.0433,0.0],[-127.8678,52.0436,30.8294],[-127.8679,52.0524,29.9252],[-127.8706,52.0539,7.8982],[-127.8764,52.0536,8.0962],[-127.878,52.0498,6.7611],[-127.8898,52.0467,0.0],[-127.8944,52.0399,24.569],[-127.8956,52.0356,18.8041],[-127.894,52.0311,0.0],[-127.8983,52.0175,0.0],[-127.8974,52.0161,26.1535],[-127.9013,52.0149,11.1624],[-127.9,52.0139,26.6231],[-127.9023,52.0121,0.0],[-127.9027,52.0093,0.0],[-127.9022,52.0042,0.0],[-127.8964,51.993899999999996,4.9424],[-127.8983,51.991,0.0],[-127.8943,51.9885,8.5756],[-127.8953,51.9835,27.1479],[-127.8992,51.9779,7.3477],[-127.8945,51.974,30.5876],[-127.8944,51.9717,2.1941],[-127.8813,51.9699,30.596],[-127.8789,51.9672,15.0666],[-127.8832,51.9629,27.2939],[-127.8904,51.9611,0.0],[-127.8874,51.9575,35.2787],[-127.8944,51.9453,22.0212],[-127.8933,51.9428,77.1373],[-127.8994,51.9378,0.0],[-127.8989,51.9347,3.8794],[-127.8956,51.9317,14.2793],[-127.8972,51.9311,2.9184],[-127.9033,51.9347,0.0],[-127.9078,51.9331,25.2457],[-127.9078,51.9311,13.8118],[-127.9028,51.9306,7.1161],[-127.9039,51.9286,0.0],[-127.9017,51.9264,10.2535],[-127.9061,51.9242,34.6089],[-127.9022,51.9225,4.184],[-127.8978,51.9236,0.0],[-127.8956,51.9269,0.0],[-127.8889,51.9294,2.2572],[-127.8911,51.9319,6.7463],[-127.8844,51.9392,0.0],[-127.8772,51.9331,0.0],[-127.8706,51.9349,0.0],[-127.8688,51.9396,31.4101],[-127.8668,51.9407,9.5098],[-127.8636,51.9383,0.0],[-127.8574,51.9402,0.0],[-127.8456,51.9375,6.684],[-127.8419,51.9381,0.0],[-127.8333,51.9417,0.0],[-127.8183,51.9519,8.5986],[-127.8178,51.9581,31.702],[-127.8078,51.9542,12.1516],[-127.8003,51.9564,0.0],[-127.7854,51.9568,0.0],[-127.7794,51.9578,0.0],[-127.7751,51.9617,0.0],[-127.7739,51.9633,4.0587],[-127.775,51.965,4.6949],[-127.7733,51.9658,17.4704],[-127.7514,51.9668,0.0],[-127.745,51.9692,39.101],[-127.725,51.9647,0.0],[-127.7133,51.9639,25.3109],[-127.7085,51.9656,0.0],[-127.7059,51.9776,0.0],[-127.7007,51.985,6.7166],[-127.6956,51.9872,0.0],[-127.6943,51.9963,19.7304],[-127.6912,52.0017,21.2411],[-127.6944,52.0135,27.1968],[-127.6918,52.03,24.6901],[-127.6954,52.0379,0.0],[-127.6883,52.045,32.5869],[-127.6855,52.0503,0.0],[-127.6804,52.0544,41.8107],[-127.6787,52.0644,21.2635],[-127.6695,52.0716,4.4514],[-127.667,52.0755,0.0],[-127.6682,52.0782,41.0984],[-127.6667,52.0807,19.8215],[-127.6673,52.0841,5.0205],[-127.6634,52.0889,0.0],[-127.6666,52.0969,4.3271],[-127.6648,52.1027,14.2342],[-127.6577,52.1153,28.1251],[-127.6504,52.1214,0.0],[-127.6472,52.1278,15.9086],[-127.6422,52.131,0.0],[-127.6392,52.1393,3.658],[-127.6362,52.1404,0.0],[-127.6303,52.1396,0.0],[-127.6257,52.142,0.0],[-127.6144,52.1394,0.0],[-127.6107,52.1435,15.7176],[-127.6076,52.1444,0.0],[-127.6077,52.1467,0.0],[-127.5964,52.1451,0.0],[-127.5744,52.1514,5.2873],[-127.5717,52.1542,0.0],[-127.5764,52.1592,7.3195],[-127.5784,52.169,0.0],[-127.5833,52.1726,65.3575],[-127.5778,52.1755,7.7881],[-127.5749,52.1809,8.153],[-127.5635,52.1856,37.2458],[-127.5167,52.1833,0.0],[-127.5144,52.1844,0.0],[-127.5156,52.1856,70.1192],[-127.5144,52.1886,22.4047],[-127.5116,52.1917,5.3334],[-127.5124,52.1937,0.0],[-127.5184,52.197,44.7125],[-127.5167,52.1992,61.3561],[-127.4996,52.2053,0.0],[-127.4939,52.2094,2.6885],[-127.4945,52.2114,8.658],[-127.4917,52.2125,27.9869],[-127.4658,52.2133,0.0],[-127.4556,52.2166,10.8964],[-127.4522,52.2231,11.5956],[-127.4466,52.2271,12.6168],[-127.4456,52.2303,45.0992],[-127.4376,52.2341,0.0],[-127.436,52.2409,4.1725],[-127.4305,52.2427,0.0],[-127.4275,52.2456,25.9498],[-127.4178,52.2447,0.0],[-127.4123,52.249,30.2852],[-127.4122,52.2508,58.7263],[-127.4089,52.2522,128.0204],[-127.3844,52.2483,0.0],[-127.365,52.2494,0.0],[-127.3606,52.2519,0.0],[-127.3633,52.2553,133.2201],[-127.3572,52.2597,0.0],[-127.3578,52.2622,16.6509],[-127.3456,52.2647,5.6716],[-127.3311,52.2647,38.8419],[-127.3211,52.2614,0.0],[-127.3105,52.2631,0.0],[-127.3085,52.2645,18.735],[-127.3067,52.2731,40.6239],[-127.2968,52.2707,15.2229],[-127.2953,52.2754,79.268],[-127.2972,52.2792,145.6921],[-127.2887,52.2805,0.0],[-127.2881,52.2851,0.0],[-127.2828,52.2897,53.4832],[-127.2794,52.2872,0.0],[-127.2687,52.2859,13.1623],[-127.2589,52.2886,2.5144],[-127.2561,52.2932,16.7509],[-127.2418,52.3036,0.0],[-127.2427,52.3062,27.8265],[-127.2384,52.3097,75.1439],[-127.2373,52.314,70.2192],[-127.2349,52.3158,23.4362],[-127.2321,52.3172,39.5827],[-127.2256,52.3169,0.0],[-127.2136,52.3223,35.8901],[-127.2124,52.3239,0.0],[-127.2137,52.3275,41.9244],[-127.2125,52.3313,0.0],[-127.215,52.3339,90.1332],[-127.2111,52.3361,25.1409],[-127.2132,52.3401,35.4603],[-127.2178,52.3431,24.0257],[-127.2083,52.3442,0.0],[-127.2094,52.3464,38.672],[-127.197,52.3534,3.2265],[-127.1967,52.355,20.4425],[-127.2056,52.3611,0.0],[-127.2346,52.367,30.0253],[-127.2391,52.3718,21.6896],[-127.2437,52.373,36.5816],[-127.2493,52.3826,21.8022],[-127.2497,52.3902,3.1137],[-127.2433,52.3972,0.0],[-127.2436,52.4006,0.0],[-127.2415,52.4046,0.0],[-127.2323,52.4114,0.0],[-127.233,52.414,2.9104],[-127.2302,52.4176,0.0],[-127.2358,52.4231,35.2727],[-127.2472,52.4224,0.0]]],
[[[-126.9162,52.2169,0.0],[-126.9217,52.2194,0.0],[-126.925,52.2192,0.0],[-126.9264,52.2174,0.0],[-126.9222,52.2143,0.0],[-126.9168,52.2147,0.0],[-126.9162,52.2169,0.0]]],
[[[-127.2427,52.5146,23.8156],[-127.2418,52.5113,3.9348],[-127.2401,52.5104,0.0],[-127.2398,52.5163,0.0],[-127.2427,52.5146,23.8156]]],
[[[-128.2489,51.993899999999996,8.9504],[-128.2505,51.9972,0.0],[-128.2556,51.9969,5.9082],[-128.2567,51.9958,0.0],[-128.255,51.9944,30.3709],[-128.2572,51.9922,5.1946],[-128.2517,51.9894,14.3238],[-128.2572,51.9858,2.5891],[-128.25,51.9836,0.0],[-128.2461,51.9858,13.5665],[-128.2478,51.9914,0.0],[-128.25,51.9933,22.0226],[-128.2489,51.993899999999996,8.9504]]],
[[[-128.2444,52.0017,14.4891],[-128.2495,52.0,0.0],[-128.2461,51.9967,0.0],[-128.2436,51.9971,0.0],[-128.2428,52.0,0.0],[-128.2444,52.0017,14.4891]]],
[[[-128.26,52.0011,11.849],[-128.2622,52.0,0.0],[-128.2567,51.9989,0.0],[-128.255,52.0,1.1617],[-128.2561,52.0028,0.0],[-128.26,52.0011,11.849]]],
[[[-128.2117,52.0025,12.2696],[-128.2111,52.0039,8.821],[-128.2139,52.0069,18.9197],[-128.2133,52.0092,7.2114],[-128.2168,52.0126,0.9572],[-128.2267,52.0106,0.0],[-128.2228,52.0083,9.6208],[-128.2239,52.0067,11.6591],[-128.2294,52.0083,10.5739],[-128.2322,52.0075,0.0],[-128.23,52.005,10.2532],[-128.2317,51.9986,0.0],[-128.225,51.9947,0.0],[-128.2156,51.9942,5.1216],[-128.2133,51.9953,4.1712],[-128.2144,51.9975,8.5584],[-128.2111,51.9992,9.8309],[-128.2117,52.0025,12.2696]]],
[[[-128.2733,51.9883,0.0],[-128.2689,51.9892,0.0],[-128.2722,51.9906,0.0],[-128.2744,51.9889,0.0],[-128.2733,51.9883,0.0]]],
[[[-128.2706,52.0153,17.0295],[-128.2739,52.0147,4.2645],[-128.275,52.0131,2.2317],[-128.2706,52.0136,1.805],[-128.2706,52.0153,17.0295]]],
[[[-128.2728,52.0164,7.2658],[-128.2717,52.0169,0.0],[-128.2767,52.0219,15.2947],[-128.2756,52.0239,10.2251],[-128.2772,52.0267,0.0],[-128.2833,52.0239,0.0],[-128.2811,52.0208,4.5283],[-128.2833,52.0203,11.1181],[-128.2867,52.0231,0.5935],[-128.2917,52.0181,0.0],[-128.2889,52.0147,2.0089],[-128.2839,52.0139,6.5251],[-128.285,52.0119,0.0],[-128.2833,52.0106,0.0],[-128.2783,52.0147,0.0],[-128.2728,52.0164,7.2658]]],
[[[-128.2678,52.0175,2.9913],[-128.2667,52.0192,7.9882],[-128.2678,52.0203,7.9882],[-128.2694,52.0178,5.7459],[-128.2678,52.0175,2.9913]]],
[[[-128.2483,52.0028,0.0],[-128.2456,52.0056,0.0],[-128.2483,52.0061,0.0],[-128.2495,52.0081,0.0],[-128.2533,52.0075,6.5284],[-128.2533,52.0036,0.0],[-128.2483,52.0028,0.0]]],
[[[-128.2089,52.0081,11.6927],[-128.2122,52.0089,1.9881],[-128.2106,52.0036,2.1984],[-128.2083,52.0031,0.0],[-128.2078,52.005,0.0],[-128.2089,52.0081,11.6927]]],
[[[-128.255,52.0092,4.4624],[-128.2511,52.0097,5.932],[-128.2514,52.0125,5.7759],[-128.255,52.0144,3.666],[-128.2611,52.0128,0.0],[-128.255,52.0125,6.9472],[-128.255,52.0092,4.4624]]],
[[[-128.2291,52.0126,5.8255],[-128.23,52.0147,0.0],[-128.2333,52.0139,0.0],[-128.2328,52.0106,2.6907],[-128.2291,52.0126,5.8255]]],
[[[-128.2239,52.0122,8.6618],[-128.2211,52.0125,9.0966],[-128.22,52.0136,2.6834],[-128.2261,52.0131,0.0],[-128.2239,52.0122,8.6618]]],
[[[-128.2417,52.0206,8.5091],[-128.2456,52.0217,10.1023],[-128.2456,52.0178,8.3262],[-128.24,52.0175,0.0],[-128.2417,52.0206,8.5091]]],
[[[-128.2533,52.0289,0.0],[-128.2561,52.0331,9.5534],[-128.2617,52.0356,0.0],[-128.2672,52.0342,0.0],[-128.2661,52.0311,12.2906],[-128.2606,52.0272,4.3664],[-128.2528,52.0264,0.0],[-128.2533,52.0289,0.0]]],
[[[-128.2505,52.045,21.8777],[-128.2528,52.0461,5.8955],[-128.2561,52.0447,0.0],[-128.2536,52.0428,0.0],[-128.2505,52.045,21.8777]]],
[[[-128.0576,52.0634,0.0],[-128.0595,52.0641,0.0],[-128.0598,52.0626,6.6384],[-128.0567,52.0623,0.0],[-128.0576,52.0634,0.0]]],
[[[-128.0883,52.1503,0.0],[-128.0854,52.1497,0.0],[-128.085,52.1514,0.0],[-128.0889,52.1517,2.7383],[-128.0883,52.1503,0.0]]],
[[[-128.0849,52.1662,9.2912],[-128.0861,52.165,0.0],[-128.0844,52.1642,1.8522],[-128.082,52.1655,0.0],[-128.0836,52.1671,3.5829],[-128.0849,52.1662,9.2912]]],
[[[-128.09,52.1664,0.0],[-128.0817,52.1697,2.7355],[-128.0878,52.1714,0.0],[-128.0972,52.1669,0.0],[-128.09,52.1664,0.0]]],
[[[-128.07,52.1758,0.0],[-128.0794,52.1783,0.0],[-128.0806,52.1742,8.9151],[-128.0717,52.1703,0.0],[-128.0711,52.1686,4.4498],[-128.0767,52.1697,1.5085],[-128.0811,52.1664,13.4619],[-128.0817,52.1636,0.0],[-128.0722,52.1611,0.0],[-128.0522,52.1606,2.6433],[-128.0528,52.1644,17.6594],[-128.0489,52.1681,2.1831],[-128.055,52.1669,13.2975],[-128.0656,52.1692,4.3184],[-128.0683,52.1731,0.0],[-128.0717,52.1739,3.0793],[-128.07,52.1758,0.0]]],
[[[-128.0945,52.1745,0.0],[-128.0962,52.1743,0.0],[-128.0939,52.1725,0.0],[-128.0911,52.1728,0.0],[-128.0913,52.1733,0.0],[-128.0945,52.1745,0.0]]],
[[[-128.115,52.1714,0.0],[-128.1039,52.1731,0.0],[-128.0983,52.1764,4.3331],[-128.1083,52.1797,1.9515],[-128.1206,52.1742,0.0],[-128.1189,52.1719,0.0],[-128.115,52.1714,0.0]]],
[[[-128.0989,52.2089,0.0],[-128.1,52.21,5.0026],[-128.1033,52.2097,5.0026],[-128.1017,52.2078,5.269],[-128.0989,52.2089,0.0]]],
[[[-128.09,52.2156,0.0],[-128.0933,52.2147,7.8884],[-128.0983,52.2161,2.7513],[-128.1,52.2156,0.0],[-128.1006,52.2131,0.0],[-128.0972,52.2111,0.0],[-128.0889,52.2147,0.0],[-128.09,52.2156,0.0]]],
[[[-128.1072,52.2231,8.5886],[-128.1122,52.22,4.6162],[-128.1072,52.2197,0.0],[-128.1056,52.2228,0.0],[-128.1072,52.2231,8.5886]]],
[[[-128.0898,52.2283,0.0],[-128.0922,52.2283,4.6167],[-128.0945,52.2275,0.0],[-128.0928,52.2267,0.0],[-128.0898,52.2283,0.0]]],
[[[-128.0372,52.3075,0.0],[-128.0494,52.3089,0.0],[-128.0667,52.3014,40.1016],[-128.0711,52.3031,0.0],[-128.0906,52.2972,0.0],[-128.0956,52.2925,7.38],[-128.0994,52.2933,24.986],[-128.1022,52.2914,0.0],[-128.1022,52.2894,0.0],[-128.0994,52.2872,18.7894],[-128.1011,52.2828,0.0],[-128.0945,52.2797,4.8154],[-128.0983,52.2756,0.0],[-128.0961,52.2747,0.0],[-128.0906,52.2786,9.1128],[-128.0828,52.2733,3.8349],[-128.0839,52.2703,4.3543],[-128.0861,52.27,4.7612],[-128.0867,52.2728,3.4285],[-128.0906,52.2725,0.0],[-128.0922,52.2739,0.0],[-128.0939,52.2736,0.0],[-128.095,52.2689,0.0],[-128.1017,52.2725,0.0],[-128.1061,52.2731,13.3326],[-128.1144,52.2714,7.3664],[-128.1194,52.2678,0.0],[-128.125,52.2714,0.0],[-128.1398,52.2678,3.8039],[-128.1417,52.2656,0.0],[-128.1456,52.2656,0.0],[-128.1533,52.2583,0.0],[-128.1539,52.2517,0.0],[-128.1506,52.2481,7.4182],[-128.1544,52.2483,0.0],[-128.1555,52.2506,0.0],[-128.1622,52.2481,18.0799],[-128.1767,52.2483,10.4538],[-128.1822,52.2436,12.0366],[-128.1839,52.2378,49.8985],[-128.1811,52.2361,3.4843],[-128.1772,52.2364,0.0],[-128.1706,52.2411,0.0],[-128.1644,52.2372,7.627],[-128.1589,52.2406,13.2461],[-128.1533,52.2408,5.616],[-128.1394,52.2358,1.8255],[-128.1372,52.2342,2.8592],[-128.14,52.2317,3.1219],[-128.1378,52.2306,18.3481],[-128.1267,52.2322,10.5363],[-128.1233,52.2311,0.0],[-128.1217,52.2297,5.3338],[-128.1239,52.2264,0.0],[-128.1189,52.2242,4.2037],[-128.1133,52.2269,0.0],[-128.1095,52.2253,0.0],[-128.1051,52.2262,4.4383],[-128.1,52.2292,26.1624],[-128.099,52.2315,0.0],[-128.096,52.2322,19.2701],[-128.0906,52.2289,15.5969],[-128.0807,52.2307,4.5423],[-128.0722,52.2381,0.0],[-128.0668,52.2389,0.7089],[-128.065,52.2433,27.846],[-128.0527,52.2515,0.0],[-128.0483,52.2606,17.2524],[-128.0444,52.2792,18.8308],[-128.0419,52.2787,0.0],[-128.0433,52.2736,6.0246],[-128.0328,52.2725,0.0],[-128.0305,52.2747,12.9476],[-128.0228,52.2758,0.0],[-128.0266,52.278,5.266],[-128.0211,52.28,0.0],[-128.0261,52.2825,15.7926],[-128.03,52.2883,25.4267],[-128.0283,52.2889,4.7119],[-128.0233,52.2858,79.5946],[-128.0227,52.2828,9.392],[-128.02,52.2811,8.7329],[-128.0172,52.2819,0.0],[-128.0169,52.2865,5.1499],[-128.0144,52.2878,0.0],[-128.0117,52.2858,3.9563],[-128.0064,52.2861,2.0665],[-128.0033,52.2822,0.0],[-128.0056,52.2772,0.0],[-128.0032,52.2686,5.2218],[-128.0125,52.265,7.0695],[-128.0157,52.2619,16.1267],[-128.0167,52.2636,17.8585],[-128.0136,52.2709,18.5054],[-128.0167,52.2747,0.0],[-128.02,52.2747,0.0],[-128.0233,52.2722,5.6063],[-128.0228,52.2703,29.5688],[-128.0247,52.2688,5.2745],[-128.0217,52.2647,3.3212],[-128.0222,52.2592,0.0],[-128.0256,52.2614,4.4082],[-128.0261,52.2689,4.3909],[-128.0286,52.2697,0.0],[-128.0333,52.2661,2.9955],[-128.0339,52.2608,0.0],[-128.0417,52.2544,0.0],[-128.0356,52.2483,0.0],[-128.031,52.2514,6.9016],[-128.0316,52.2539,7.8907],[-128.0275,52.2518,0.0],[-128.0172,52.2594,0.0],[-128.0144,52.2561,4.0412],[-128.0194,52.2533,2.3969],[-128.0189,52.2492,0.0],[-128.0206,52.2461,28.6277],[-128.0205,52.2444,0.0],[-128.0155,52.2417,0.0],[-128.0178,52.2397,0.0],[-128.0161,52.2372,0.0],[-128.0172,52.2353,5.5985],[-128.0133,52.2322,2.6602],[-128.0117,52.2278,4.6065],[-128.0094,52.2272,25.3029],[-128.0064,52.2299,0.0],[-128.003,52.2249,0.0],[-128.0011,52.2265,14.5718],[-127.9987,52.2257,56.167],[-127.9972,52.2219,16.8479],[-128.0044,52.2233,4.0778],[-128.0072,52.2208,0.0],[-128.0104,52.2226,0.0],[-128.0094,52.224,0.0],[-128.0122,52.2249,7.6624],[-128.0139,52.2231,5.8907],[-128.0172,52.2247,0.0],[-128.0144,52.23,0.0],[-128.02,52.2354,3.4923],[-128.0219,52.2358,0.0],[-128.022,52.2339,0.0],[-128.0256,52.235,26.6465],[-128.0267,52.2369,12.286],[-128.0339,52.2361,0.0],[-128.0495,52.2302,23.6748],[-128.0538,52.2306,0.0],[-128.0556,52.2286,42.4513],[-128.0594,52.2292,0.0],[-128.0661,52.2267,0.0],[-128.0733,52.2203,16.0699],[-128.0789,52.2181,4.7017],[-128.0789,52.2144,13.1154],[-128.0861,52.2106,0.0],[-128.0878,52.2089,0.0],[-128.0867,52.2075,7.4323],[-128.0928,52.2075,3.7773],[-128.0961,52.2042,0.0],[-128.0956,52.2028,0.0],[-128.0911,52.1994,10.7966],[-128.085,52.1989,20.3473],[-128.0794,52.1953,10.8211],[-128.0817,52.1925,2.3273],[-128.0761,52.1881,0.0],[-128.0639,52.1869,0.0],[-128.0517,52.1789,21.8768],[-128.0389,52.1756,14.6031],[-128.0233,52.1753,8.0897],[-128.0189,52.1739,25.3923],[-128.0111,52.1783,5.1737],[-128.0044,52.175,0.0],[-127.9965,52.174,13.9541],[-127.9902,52.1753,0.0],[-127.99,52.1767,9.2922],[-127.9852,52.1763,12.4711],[-127.9862,52.1748,0.0],[-127.9828,52.1744,0.0],[-127.9778,52.1769,6.8786],[-127.9767,52.1756,6.8786],[-127.9811,52.1736,0.0],[-127.9735,52.1709,8.1324],[-127.9694,52.1731,2.1331],[-127.9623,52.1674,34.9829],[-127.9494,52.1642,4.6363],[-127.9456,52.1617,0.0],[-127.9404,52.166,18.7864],[-127.9366,52.1634,0.0],[-127.9331,52.1643,23.6545],[-127.9306,52.1627,0.0],[-127.9281,52.1638,0.0],[-127.9313,52.1653,9.2364],[-127.9269,52.1682,6.4],[-127.9264,52.1666,0.0],[-127.9216,52.1647,6.3945],[-127.9222,52.1617,4.0628],[-127.9211,52.1611,4.0628],[-127.9188,52.162,0.0],[-127.92,52.1648,3.0933],[-127.9149,52.1645,3.323],[-127.9095,52.1729,0.0],[-127.9116,52.1717,11.4304],[-127.9136,52.1738,21.684],[-127.9034,52.1769,5.3102],[-127.8946,52.185,0.0],[-127.8935,52.1878,0.0],[-127.8944,52.19,8.8279],[-127.903,52.1931,13.0842],[-127.9097,52.1933,12.9598],[-127.9112,52.1962,8.3896],[-127.9127,52.196,40.6158],[-127.911,52.1974,13.9586],[-127.909,52.1955,1.3136],[-127.9045,52.1961,0.0],[-127.9078,52.2038,0.0],[-127.907,52.2072,0.0],[-127.9086,52.2116,17.2288],[-127.907,52.2151,8.1557],[-127.9113,52.2223,18.8353],[-127.9121,52.2266,7.9717],[-127.9107,52.2321,7.9048],[-127.9127,52.2362,16.9089],[-127.9171,52.2399,9.298],[-127.9151,52.2457,0.0],[-127.9158,52.2513,0.0],[-127.9292,52.2666,0.0],[-127.9347,52.2667,14.1673],[-127.9387,52.2692,0.0],[-127.9417,52.2769,17.7739],[-127.9456,52.2806,26.5675],[-127.9456,52.2837,22.2359],[-127.942,52.2848,0.0],[-127.9426,52.289,0.0],[-127.9466,52.289,0.0],[-127.9531,52.2955,0.0],[-127.9607,52.2949,39.437],[-127.9643,52.2983,9.7048],[-127.9664,52.3042,7.0474],[-127.9697,52.3048,16.338],[-127.9879,52.3012,5.5747],[-127.9874,52.2993,8.5327],[-127.9894,52.2972,0.0],[-127.9883,52.2939,47.299],[-127.9911,52.2919,0.0],[-127.9906,52.2828,0.0],[-127.9928,52.2811,13.1154],[-127.995,52.2847,12.0015],[-128.0017,52.2864,12.6547],[-128.0011,52.2928,8.4175],[-128.0044,52.295,1.2455],[-128.0044,52.2969,0.0],[-128.0022,52.2975,4.6945],[-127.9989,52.2953,0.0],[-127.9978,52.2894,7.0978],[-127.9956,52.2886,0.0],[-127.9944,52.2919,0.0],[-127.9961,52.2956,6.5334],[-127.9928,52.2978,0.0],[-128.0033,52.3011,10.8627],[-128.0067,52.3008,0.0],[-128.0075,52.2984,7.0857],[-128.0089,52.2985,7.0857],[-128.015,52.3039,0.0],[-128.0228,52.3039,0.0],[-128.0372,52.3075,0.0]]],
[[[-128.2006,52.24,13.0899],[-128.2033,52.2392,0.0],[-128.2039,52.2364,0.0],[-128.2011,52.2353,0.0],[-128.1983,52.2369,0.0],[-128.2006,52.24,13.0899]]],
[[[-128.1969,52.2424,0.0],[-128.1994,52.2406,0.0],[-128.1972,52.2397,1.0023],[-128.1939,52.2414,0.0],[-128.1928,52.2444,0.0],[-128.1933,52.2447,0.0],[-128.1969,52.2424,0.0]]],
[[[-128.2044,52.2414,0.0],[-128.1978,52.2433,0.0],[-128.1944,52.2472,0.0],[-128.2111,52.2447,3.3228],[-128.2144,52.2428,0.0],[-128.2117,52.2408,0.0],[-128.2044,52.2414,0.0]]],
[[[-128.2011,52.2625,0.0],[-128.2139,52.2639,0.0],[-128.2133,52.2606,0.0],[-128.2256,52.2569,0.0],[-128.2211,52.2553,0.0],[-128.2217,52.2539,0.0],[-128.2128,52.2486,0.0],[-128.2006,52.25,0.0],[-128.2056,52.2486,0.0],[-128.2033,52.2467,0.0],[-128.1883,52.2522,11.0376],[-128.1889,52.2581,0.0],[-128.2011,52.2625,0.0]]],
[[[-127.8805,52.1078,38.4859],[-127.8817,52.1046,0.0],[-127.8769,52.1062,5.7472],[-127.875,52.1094,0.0],[-127.8778,52.1103,5.4588],[-127.8805,52.1078,38.4859]]],
[[[-127.8633,52.1037,0.0],[-127.8505,52.1056,7.5581],[-127.8466,52.1081,8.7268],[-127.8504,52.1103,8.4971],[-127.8608,52.1121,0.0],[-127.8671,52.1091,4.0137],[-127.867,52.1069,10.234],[-127.8694,52.105,3.2994],[-127.8672,52.1034,0.0],[-127.8633,52.1037,0.0]]],
[[[-127.8857,52.168,7.2181],[-127.885,52.1781,0.0],[-127.8821,52.1821,0.0],[-127.8847,52.1864,0.0834],[-127.8948,52.1816,9.1478],[-127.8993,52.1773,2.1779],[-127.9006,52.1733,7.1416],[-127.906,52.1715,24.8881],[-127.9045,52.1655,0.0],[-127.909,52.1612,0.0],[-127.9083,52.1572,0.0],[-127.912,52.1503,73.2034],[-127.916,52.1544,0.0],[-127.9166,52.1571,0.0],[-127.9217,52.1574,5.0129],[-127.9237,52.1599,8.3591],[-127.9247,52.1579,15.3697],[-127.927,52.1575,5.5812],[-127.961,52.1631,8.6281],[-127.9674,52.1674,0.0],[-127.9717,52.1656,0.0],[-127.9753,52.1679,4.8649],[-127.98,52.1667,10.0629],[-127.9905,52.1682,11.2856],[-127.9941,52.1668,10.0936],[-128.0067,52.1708,0.0],[-128.0106,52.1681,17.0876],[-128.015,52.1689,0.0],[-128.0167,52.1656,0.0],[-128.0239,52.1664,2.4357],[-128.0394,52.1611,4.4841],[-128.0444,52.1628,0.0],[-128.0461,52.1617,21.9183],[-128.0439,52.1575,36.7202],[-128.0128,52.1519,0.0],[-128.0111,52.1494,6.0916],[-128.0139,52.1464,0.0],[-128.0244,52.1528,0.8701],[-128.0489,52.1567,14.4232],[-128.0694,52.1575,0.0],[-128.0733,52.1564,0.0],[-128.0744,52.1539,5.594],[-128.0694,52.1519,2.9128],[-128.0739,52.1506,0.0],[-128.0689,52.15,0.0],[-128.0722,52.1483,3.7405],[-128.0756,52.1433,0.0],[-128.0794,52.1428,2.4953],[-128.085,52.1447,0.0],[-128.0861,52.1475,0.0],[-128.0894,52.1478,3.7597],[-128.0906,52.1503,0.0],[-128.0956,52.1533,20.0027],[-128.0961,52.1561,2.2611],[-128.1056,52.1572,0.0],[-128.1011,52.1597,3.6131],[-128.1089,52.1617,5.3547],[-128.115,52.1603,10.792],[-128.12,52.1561,7.2034],[-128.1322,52.1519,30.6789],[-128.1356,52.1497,0.0],[-128.1356,52.1478,0.0],[-128.1278,52.1339,46.9281],[-128.1261,52.1294,82.6938],[-128.1267,52.1253,0.0],[-128.1206,52.1203,0.0],[-128.1133,52.1211,23.967],[-128.1105,52.12,0.0],[-128.1172,52.1156,0.0],[-128.1167,52.1128,3.4416],[-128.1189,52.1114,0.0],[-128.1167,52.1064,3.9715],[-128.1178,52.0997,0.0],[-128.1078,52.0961,19.7162],[-128.1061,52.0931,0.0],[-128.1,52.0886,0.0],[-128.0894,52.0883,0.0],[-128.0878,52.0889,6.7422],[-128.0889,52.0906,4.6664],[-128.0878,52.0911,4.6664],[-128.0833,52.0889,4.5423],[-128.0811,52.0858,2.6216],[-128.0783,52.0864,2.6283],[-128.0694,52.0825,9.9963],[-128.0572,52.08,0.0],[-128.0383,52.0789,42.6711],[-128.0283,52.0817,5.7492],[-128.025,52.0844,2.7852],[-128.0183,52.0842,8.9541],[-128.01,52.0814,0.0],[-127.9959,52.0853,0.0],[-127.9813,52.0798,0.0],[-127.9691,52.0789,21.1962],[-127.9657,52.0752,0.0],[-127.9579,52.0766,5.3589],[-127.9526,52.0752,0.0],[-127.9424,52.0758,13.6506],[-127.9304,52.0915,0.0],[-127.9258,52.1037,22.1641],[-127.9219,52.1079,11.9031],[-127.9183,52.1185,0.0],[-127.8998,52.1279,5.7531],[-127.8925,52.1255,25.5038],[-127.8901,52.1267,25.5038],[-127.8888,52.1393,34.918],[-127.8852,52.1469,0.0],[-127.8842,52.1541,12.8101],[-127.8864,52.1654,4.1002],[-127.8857,52.168,7.2181]]],
[[[-127.8683,52.1897,0.0],[-127.8667,52.1908,0.9021],[-127.8705,52.1919,6.368],[-127.8701,52.1905,6.368],[-127.8683,52.1897,0.0]]],
[[[-127.9327,52.2701,1.6527],[-127.9311,52.2681,0.0],[-127.9294,52.2683,0.0],[-127.9317,52.2708,0.0],[-127.9327,52.2701,1.6527]]],
[[[-127.9439,52.2914,0.0],[-127.9411,52.2928,0.0],[-127.9444,52.295,1.4585],[-127.9467,52.2928,0.0],[-127.9439,52.2914,0.0]]],
[[[-127.9456,52.3092,3.6332],[-127.9428,52.3089,0.0],[-127.9428,52.3106,0.0],[-127.9456,52.3117,4.8679],[-127.9472,52.3097,3.6332],[-127.9456,52.3092,3.6332]]],
[[[-128.1763,52.2662,0.0],[-128.1772,52.2646,3.9087],[-128.1756,52.2636,0.0],[-128.1685,52.2643,4.8217],[-128.1683,52.2664,1.5136],[-128.1728,52.2683,6.8956],[-128.1763,52.2662,0.0]]],
[[[-128.205,52.2781,0.0],[-128.2011,52.2778,0.0],[-128.21,52.2847,0.0],[-128.2167,52.2833,0.0],[-128.2156,52.2794,0.0],[-128.2139,52.2786,0.0],[-128.205,52.2781,0.0]]],
[[[-128.0961,52.4356,3.8067],[-128.1017,52.4389,0.0],[-128.1057,52.4392,0.0],[-128.115,52.4347,25.0305],[-128.1161,52.4325,45.3305],[-128.1128,52.4267,42.3105],[-128.1194,52.4128,6.7205],[-128.1194,52.4064,17.5127],[-128.1211,52.4036,22.3201],[-128.1311,52.3969,0.0],[-128.1311,52.3947,13.1566],[-128.1428,52.3828,21.7178],[-128.145,52.3756,0.0],[-128.1555,52.3678,0.0],[-128.155,52.3667,23.42],[-128.1572,52.3653,12.2729],[-128.1594,52.3603,11.3981],[-128.1589,52.3572,0.0],[-128.1628,52.3547,5.0579],[-128.1611,52.3522,74.3015],[-128.165,52.3483,23.1332],[-128.1644,52.3464,23.0895],[-128.1739,52.3378,0.0],[-128.1761,52.3306,0.0],[-128.1749,52.3278,13.1912],[-128.1817,52.3256,0.0],[-128.1833,52.3214,50.3154],[-128.1878,52.3219,6.092],[-128.1922,52.3197,2.9331],[-128.19,52.3178,18.2452],[-128.1972,52.315,7.8543],[-128.1917,52.3114,0.0],[-128.19,52.306399999999996,2.896],[-128.1861,52.305,0.0],[-128.1822,52.306399999999996,11.841],[-128.175,52.3019,4.657],[-128.1744,52.2992,0.0],[-128.1811,52.2969,0.0],[-128.1922,52.305,0.0],[-128.2028,52.3053,0.0],[-128.2033,52.3014,0.0],[-128.205,52.3003,0.0],[-128.2033,52.295,0.0],[-128.1989,52.2947,0.0],[-128.1956,52.2922,0.0],[-128.2044,52.29,0.0],[-128.2028,52.2867,0.0],[-128.2061,52.285,0.0],[-128.2033,52.2814,0.0],[-128.1856,52.2733,0.0],[-128.1817,52.2733,0.0],[-128.1767,52.2769,0.0],[-128.1683,52.2731,0.0],[-128.16,52.2728,2.6403],[-128.1483,52.2775,9.5909],[-128.13,52.2808,0.0],[-128.1228,52.2872,48.0472],[-128.1194,52.2975,0.0],[-128.1172,52.2994,2.649],[-128.1078,52.2986,0.0],[-128.1039,52.3006,13.6235],[-128.1022,52.3039,8.8481],[-128.0994,52.3028,0.0],[-128.0811,52.3089,0.0],[-128.075,52.3161,15.8263],[-128.0683,52.3164,6.0119],[-128.065,52.315,0.0],[-128.0628,52.3161,16.6474],[-128.0628,52.3178,20.2904],[-128.0483,52.3175,7.122],[-128.0462,52.3189,12.9685],[-128.0484,52.3236,66.6842],[-128.0467,52.3258,4.341],[-128.0506,52.3353,37.5304],[-128.055,52.3397,0.0],[-128.0567,52.3455,4.1474],[-128.0556,52.35,0.0],[-128.0594,52.3531,3.5547],[-128.0589,52.3564,11.497],[-128.0661,52.3647,0.0],[-128.0656,52.3758,37.1861],[-128.0694,52.3833,21.2358],[-128.0694,52.3864,0.0],[-128.0728,52.3892,0.0],[-128.0739,52.3939,1.8568],[-128.0772,52.3944,5.7233],[-128.0744,52.3986,3.8363],[-128.0756,52.3994,13.8632],[-128.075,52.4036,10.9038],[-128.0783,52.4086,0.0],[-128.08,52.4161,0.0],[-128.0839,52.4158,6.7689],[-128.0917,52.4231,22.3714],[-128.0928,52.4256,4.8388],[-128.0916,52.427,4.8388],[-128.0939,52.4283,20.6846],[-128.0928,52.4311,0.0],[-128.0956,52.4325,20.0589],[-128.0961,52.4356,3.8067]]],
[[[-128.0488,52.2397,14.37],[-128.0493,52.241,0.0],[-128.0524,52.2387,0.0],[-128.0508,52.2379,0.0],[-128.0488,52.2397,14.37]]],
[[[-128.0894,52.4261,0.0],[-128.09,52.4242,2.1824],[-128.0861,52.4242,0.0],[-128.0872,52.4253,0.0],[-128.0894,52.4261,0.0]]],
[[[-128.03,52.5089,55.7935],[-128.0333,52.5106,0.0],[-128.0389,52.5106,0.0],[-128.0428,52.5075,31.1505],[-128.0428,52.5053,186.0487],[-128.0528,52.5022,0.0],[-128.0578,52.4981,51.9553],[-128.0678,52.4972,0.0],[-128.0728,52.4944,17.3209],[-128.0733,52.4931,0.0],[-128.07,52.4883,25.855],[-128.065,52.4844,0.0],[-128.0656,52.475,0.0],[-128.07,52.4683,0.0],[-128.0694,52.4672,0.0],[-128.0661,52.4672,6.7548],[-128.065,52.4714,0.0],[-128.0533,52.4775,27.3761],[-128.0567,52.4828,27.2839],[-128.0578,52.4894,0.0],[-128.0544,52.4908,24.8055],[-128.0483,52.4878,1.2814],[-128.0372,52.4925,0.0],[-128.0367,52.4953,12.5537],[-128.0406,52.4981,24.9766],[-128.03,52.5089,55.7935]]]]}}