{"type":"Feature","properties":{"GID_2":"CAN.5.10_1","GID_0":"CAN","country":"Canada","GID_1":"CAN.5_1","province":"NewfoundlandandLabrador","NL_NAME_1":"NA","county":"DivisionNo.8","VARNAME_2":"NA","NL_NAME_2":"NA","TYPE_2":"CensusDivision","ENGTYPE_2":"CensusDivision","CC_2":"08","HASC_2":"CA.NF.EI","name":"Division_No.8.county"},
"geometry":{"type": "MultiPolygon","coordinates": [[[[-54.6617,49.0956,24.1151],[-54.6546,49.0936,8.0],[-54.6617,49.089,12.6882],[-54.6491,49.0827,10.8842],[-54.6395,49.0808,10.4532],[-54.6067,49.0812,22.875],[-54.5917,49.0864,21.5],[-54.5827,49.0864,27.2769],[-54.5734,49.0825,27.1799],[-54.5499,49.0657,44.2841],[-54.5403,49.0558,39.3821],[-54.5252,49.0339,49.0776],[-54.5259,49.0308,55.9001],[-54.53,49.0289,56.1997],[-54.5443,49.0283,59.2967],[-54.5479,49.0249,54.0],[-54.5448,49.0217,54.9218],[-54.5312,49.0164,54.0],[-54.4881,49.0122,58.0189],[-54.4668,49.0081,64.0448],[-54.461,49.0024,65.6068],[-54.4245,48.9938,41.3939],[-54.4085,48.982,56.4279],[-54.382,48.9848,29.5],[-54.3612,48.9901,29.5],[-54.3504,48.9895,51.3983],[-54.341,48.9933,29.5],[-54.3412,49.0,51.2272],[-54.3389,49.0102,89.0226],[-54.3447,49.0227,104.5495],[-54.375,49.0555,103.7425],[-54.3921,49.077,110.2906],[-54.394,49.0825,120.7685],[-54.3853,49.0952,114.9371],[-54.3863,49.0991,113.1018],[-54.4102,49.1078,112.9493],[-54.4169,49.1127,105.5309],[-54.4181,49.1157,111.5881],[-54.4168,49.1212,109.6632],[-54.4062,49.1367,107.8209],[-54.3887,49.1523,100.1396],[-54.364,49.1656,109.1304],[-54.3415,49.1691,105.0591],[-54.3284,49.1793,103.6305],[-54.3119,49.1873,110.8291],[-54.3043,49.1877,101.0859],[-54.3016,49.1862,105.3655],[-54.3142,49.1638,97.5215],[-54.3133,49.1597,101.7271],[-54.3077,49.1607,95.496],[-54.3002,49.1705,98.6678],[-54.2923,49.1712,96.3443],[-54.287,49.1674,99.6343],[-54.2809,49.1553,99.0],[-54.2821,49.1522,99.8626],[-54.2637,49.1487,108.3177],[-54.257,49.1443,103.5],[-54.2503,49.1431,106.2248],[-54.2319,49.1445,117.4427],[-54.2189,49.1549,109.9121],[-54.2148,49.1549,107.5387],[-54.1981,49.1454,107.7469],[-54.1758,49.1436,108.1184],[-54.1176,49.1544,88.1457],[-54.1046,49.1635,87.7044],[-54.0949,49.1652,66.6861],[-54.0853,49.1652,64.0123],[-54.0667,49.1588,93.0151],[-54.0375,49.1619,72.6214],[-54.0175,49.1595,69.8252],[-53.9921,49.1526,98.302],[-53.9261,49.1552,69.5255],[-53.9012,49.1595,77.8039],[-53.8979,49.1614,75.5158],[-53.8935,49.1659,76.8029],[-53.8934,49.1759,72.2171],[-53.8909,49.1826,79.0063],[-53.8917,49.1891,79.5313],[-53.8867,49.1931,76.8224],[-53.865,49.2032,85.175],[-53.8482,49.2089,84.9495],[-53.8431,49.2134,76.829],[-53.8377,49.2194,83.4889],[-53.837,49.2228,88.1773],[-53.8449,49.2295,101.9499],[-53.8457,49.2349,97.6129],[-53.8359,49.2413,70.7855],[-53.8232,49.2422,76.995],[-53.7987,49.2376,87.1663],[-53.7696,49.2423,59.7923],[-53.7684,49.243899999999996,61.8591],[-53.7729,49.25,59.6305],[-53.7669,49.2616,58.2955],[-53.766,49.2667,74.2415],[-53.7574,49.2725,74.329],[-53.7492,49.2754,65.5364],[-53.7351,49.2781,75.4798],[-53.7111,49.2654,76.3987],[-53.6916,49.259,69.4041],[-53.6679,49.2542,43.3945],[-53.6531,49.2582,32.9491],[-53.6374,49.2675,39.024],[-53.6119,49.2791,29.0404],[-53.5831,49.267,7.8845],[-53.5776,49.2667,7.6494],[-53.5707,49.2728,6.2405],[-53.5679,49.2659,15.7972],[-53.5579,49.2508,20.6279],[-53.5544,49.2548,19.5],[-53.5557,49.2572,19.5],[-53.5532,49.2571,19.7396],[-53.5543,49.2603,19.5],[-53.5508,49.2618,22.0997],[-53.5496,49.2598,18.632],[-53.5462,49.2641,18.5],[-53.548,49.2662,19.9026],[-53.5372,49.2692,25.8605],[-53.5319,49.2758,0.0],[-53.5383,49.2757,0.0],[-53.5478,49.2798,1.5639],[-53.557,49.2775,7.5332],[-53.5618,49.2784,0.8685],[-53.5669,49.2817,2.7764],[-53.5665,49.2851,4.4227],[-53.5689,49.2909,2.9917],[-53.5723,49.2948,0.0],[-53.5886,49.2998,0.8315],[-53.5947,49.2993,0.5283],[-53.6036,49.3015,4.1962],[-53.6102,49.3094,0.0],[-53.6087,49.3191,1.1261],[-53.6051,49.3216,0.0],[-53.6097,49.3243,0.1571],[-53.6138,49.3211,0.2722],[-53.6143,49.3166,1.9514],[-53.618899999999996,49.3144,1.1059],[-53.6314,49.3134,0.5414],[-53.6443,49.3176,0.0],[-53.6517,49.3144,0.8104],[-53.65,49.3111,3.82],[-53.6544,49.3097,1.078],[-53.6564,49.3128,0.8573],[-53.6539,49.3147,0.4549],[-53.6567,49.3157,0.694],[-53.6571,49.3184,0.2763],[-53.662,49.3176,0.4256],[-53.6665,49.3231,0.8959],[-53.6839,49.3256,0.0],[-53.695,49.3342,0.0],[-53.6992,49.3406,0.5402],[-53.6992,49.3467,0.8511],[-53.6781,49.3543,1.2282],[-53.6756,49.3571,0.7576],[-53.6764,49.3583,0.7576],[-53.7145,49.3738,0.0],[-53.738,49.376,0.5605],[-53.7449,49.3857,0.0],[-53.776,49.3961,0.0],[-53.7872,49.3977,0.3674],[-53.8082,49.3947,1.5552],[-53.8145,49.3955,0.0],[-53.8192,49.3985,0.0],[-53.8203,49.4014,0.4379],[-53.8272,49.4036,2.8628],[-53.833,49.4051,4.0386],[-53.8433,49.4047,2.0715],[-53.8557,49.4103,0.0],[-53.8654,49.41,7.6053],[-53.8751,49.416,2.9517],[-53.8792,49.4223,0.0],[-53.8879,49.4243,0.463],[-53.9023,49.4363,0.4244],[-53.9294,49.4425,0.4205],[-53.9412,49.4474,0.5805],[-53.9426,49.449,0.0],[-53.9417,49.4546,1.2421],[-53.9395,49.4563,1.0223],[-53.9404,49.4572,0.0],[-53.9539,49.4519,3.1418],[-53.9582,49.4539,0.0],[-53.9669,49.4543,0.6584],[-53.968,49.4559,1.6847],[-53.9656,49.4588,0.0],[-53.9679,49.4587,2.0349],[-53.9712,49.4559,0.7755],[-53.9762,49.4559,0.1973],[-53.9838,49.4497,4.0693],[-53.9937,49.4445,1.6627],[-54.0047,49.4447,0.2469],[-54.0172,49.4394,0.4258],[-54.0225,49.435,5.7481],[-54.0257,49.4351,0.6721],[-54.0277,49.4333,4.3217],[-54.0311,49.4335,2.5914],[-54.0316,49.4353,0.0],[-54.0321,49.4329,0.9916],[-54.0372,49.4328,1.0195],[-54.0383,49.4311,2.737],[-54.0444,49.4294,0.8187],[-54.0467,49.4304,1.3537],[-54.0478,49.4258,2.0846],[-54.0481,49.4319,0.0],[-54.05,49.4336,0.8359],[-54.0478,49.4342,0.1982],[-54.0475,49.4358,0.0],[-54.0492,49.4375,0.2981],[-54.046,49.4391,1.1235],[-54.0433,49.4384,0.0],[-54.0441,49.4403,1.0638],[-54.0411,49.4408,3.0028],[-54.0331,49.4403,0.08],[-54.0242,49.4442,1.7425],[-54.0245,49.4458,0.5971],[-54.0283,49.4469,3.3622],[-54.0272,49.4491,1.18],[-54.0292,49.4503,3.047],[-54.0267,49.4522,3.1872],[-54.0225,49.4525,0.0],[-54.0233,49.4544,4.4852],[-54.0222,49.4556,2.3362],[-54.0069,49.4586,0.0],[-54.0047,49.4647,2.0865],[-54.0061,49.4703,1.196],[-54.0044,49.4722,0.0],[-54.0108,49.4728,0.8394],[-54.0208,49.4681,3.508],[-54.0299,49.468,2.7414],[-54.033,49.4688,0.4478],[-54.0339,49.4711,0.1688],[-54.0386,49.4678,3.6387],[-54.0531,49.4686,5.3871],[-54.061,49.4735,1.1961],[-54.0556,49.48,0.0],[-54.0562,49.4811,1.3923],[-54.0588,49.4825,0.2762],[-54.063,49.4813,3.3468],[-54.0638,49.4828,0.0],[-54.0786,49.4753,2.3404],[-54.0827,49.4684,0.913],[-54.0799,49.4629,1.3446],[-54.0847,49.4589,0.0],[-54.0919,49.4594,0.5606],[-54.0967,49.4575,2.5479],[-54.1022,49.4575,2.22],[-54.1092,49.4606,0.0],[-54.1069,49.4631,0.0],[-54.1108,49.4639,0.0],[-54.1308,49.46,1.0907],[-54.1333,49.4581,5.8687],[-54.1467,49.4547,1.2913],[-54.1628,49.4571,1.6103],[-54.1669,49.4397,7.3945],[-54.1706,49.44,0.301],[-54.1719,49.4386,0.0],[-54.1722,49.4342,0.4992],[-54.1756,49.4317,0.329],[-54.1742,49.4278,0.3896],[-54.1775,49.4272,0.0],[-54.175,49.4256,3.2252],[-54.1747,49.4231,0.2478],[-54.1725,49.4242,0.8868],[-54.1719,49.4228,0.0],[-54.1736,49.415,1.3612],[-54.18,49.4142,0.7902],[-54.1753,49.4108,0.0],[-54.1803,49.4106,0.2536],[-54.1781,49.4086,0.6364],[-54.18,49.4058,1.6533],[-54.175,49.4064,1.5001],[-54.1744,49.4042,1.0527],[-54.1775,49.3942,1.1909],[-54.1808,49.3939,0.4898],[-54.1783,49.3925,4.8451],[-54.1822,49.3881,0.0],[-54.18,49.3831,8.1442],[-54.1933,49.3806,0.0],[-54.1899,49.3772,2.2641],[-54.2008,49.3722,3.2854],[-54.2017,49.3767,0.0],[-54.1972,49.3781,0.0],[-54.2033,49.3797,5.3342],[-54.2031,49.3811,4.5508],[-54.2003,49.3814,3.2001],[-54.2058,49.3858,0.0312],[-54.2028,49.3883,0.8168],[-54.2042,49.3903,6.916],[-54.2031,49.3936,1.5466],[-54.2003,49.3919,0.0],[-54.2003,49.395,4.3361],[-54.1975,49.3942,0.9439],[-54.1964,49.3953,0.9439],[-54.1994,49.3986,3.5238],[-54.2006,49.4033,1.866],[-54.2078,49.4058,1.4884],[-54.205,49.4075,0.1211],[-54.21,49.4086,4.9628],[-54.2125,49.4069,5.9727],[-54.2142,49.4086,0.1449],[-54.2142,49.4117,0.0],[-54.2331,49.4033,0.0],[-54.2319,49.3989,3.6416],[-54.235,49.3958,0.0],[-54.2325,49.3939,11.5867],[-54.2406,49.3864,1.933],[-54.2394,49.3847,0.9675],[-54.2417,49.3828,0.0],[-54.2394,49.3817,2.3002],[-54.2422,49.3808,0.0],[-54.2389,49.3786,2.4504],[-54.2394,49.374,0.0],[-54.2417,49.3728,0.0],[-54.24,49.3695,3.4468],[-54.2433,49.3706,0.0],[-54.2428,49.368899999999996,3.1031],[-54.25,49.3694,0.0],[-54.2514,49.3683,6.709],[-54.2578,49.3714,2.2834],[-54.2578,49.3733,2.6276],[-54.2506,49.3803,0.0],[-54.2547,49.3842,0.0],[-54.2544,49.3869,2.4584],[-54.2483,49.3875,0.0],[-54.2536,49.3892,9.6295],[-54.2519,49.3922,5.5249],[-54.2533,49.3958,2.6264],[-54.2489,49.4033,1.632],[-54.2428,49.4042,2.819],[-54.2386,49.4078,-0.0602],[-54.2369,49.4147,0.1431],[-54.2344,49.4178,0.8627],[-54.2353,49.4192,0.0],[-54.24,49.4192,0.0],[-54.2442,49.4156,0.7111],[-54.2461,49.4178,0.0256],[-54.2478,49.4169,1.762],[-54.2511,49.4111,12.788],[-54.2581,49.405,1.467],[-54.2536,49.4014,0.0],[-54.2542,49.4,1.5445],[-54.2575,49.4011,0.2214],[-54.2656,49.3969,4.7213],[-54.2761,49.3997,0.0],[-54.2808,49.3883,0.0],[-54.2811,49.3828,0.758],[-54.2836,49.3844,0.1269],[-54.2839,49.3878,0.0],[-54.2861,49.3903,0.0],[-54.2853,49.3919,0.0],[-54.2869,49.3942,6.4565],[-54.2861,49.3978,0.0],[-54.2875,49.4014,5.1631],[-54.2833,49.4047,0.1334],[-54.2781,49.4178,0.3551],[-54.2817,49.4256,0.0],[-54.2839,49.4269,3.3096],[-54.2883,49.4275,1.1496],[-54.2914,49.426,5.4563],[-54.2978,49.4191,1.2129],[-54.2992,49.415,2.5291],[-54.3089,49.4139,0.0],[-54.3136,49.4094,-0.0797],[-54.3158,49.4103,10.394],[-54.315,49.4133,0.0],[-54.3178,49.4208,0.3204],[-54.3247,49.4239,1.9115],[-54.3219,49.4258,6.4923],[-54.3153,49.4244,0.3062],[-54.3128,49.4275,0.0],[-54.3142,49.4317,4.0229],[-54.3114,49.435,0.2668],[-54.3114,49.4375,0.1838],[-54.3169,49.4417,0.8727],[-54.3269,49.4394,2.883],[-54.3558,49.4281,10.8965],[-54.3553,49.4306,0.0],[-54.3578,49.4307,0.055],[-54.365,49.4269,7.0004],[-54.3703,49.4292,0.2418],[-54.3631,49.4344,0.4684],[-54.3636,49.4381,0.0],[-54.3658,49.4397,2.3135],[-54.3703,49.4381,2.9458],[-54.3758,49.4397,0.9792],[-54.3811,49.4286,0.2119],[-54.3797,49.4225,3.9015],[-54.3869,49.4192,1.4626],[-54.3897,49.4139,0.2714],[-54.4017,49.4086,1.6415],[-54.4133,49.3994,11.9046],[-54.4161,49.3989,0.0],[-54.4139,49.3947,27.7016],[-54.4186,49.3922,1.0441],[-54.4222,49.3928,1.4457],[-54.4219,49.3903,16.505],[-54.4258,49.3892,7.3864],[-54.4264,49.3872,0.0],[-54.4233,49.3831,3.6261],[-54.4236,49.3803,11.4255],[-54.427,49.3789,0.0],[-54.4258,49.3778,14.6381],[-54.4278,49.3764,0.0],[-54.4253,49.3711,3.8281],[-54.4356,49.3625,0.0],[-54.4353,49.3586,0.0],[-54.4305,49.3533,0.0],[-54.4242,49.3531,2.2014],[-54.4215,49.349,2.5473],[-54.4353,49.3358,0.0],[-54.42,49.3353,0.549],[-54.4189,49.3342,0.549],[-54.4203,49.3325,0.0],[-54.4172,49.3281,5.3166],[-54.4275,49.3197,5.2088],[-54.4346,49.317,3.0418],[-54.4486,49.3161,2.4038],[-54.4547,49.3131,3.0212],[-54.4572,49.3067,3.3329],[-54.4648,49.3026,0.8392],[-54.4764,49.3008,1.2874],[-54.4823,49.2969,0.0],[-54.4823,49.2953,2.9772],[-54.4858,49.2942,0.8837],[-54.4839,49.2919,1.2415],[-54.4858,49.2898,0.1003],[-54.483,49.2889,0.8695],[-54.4886,49.2831,0.0],[-54.4872,49.2783,7.096],[-54.4928,49.2733,3.3938],[-54.4903,49.2694,0.0],[-54.4883,49.2692,1.9858],[-54.4886,49.2672,0.0],[-54.4919,49.265,5.112],[-54.4903,49.2572,0.6127],[-54.4961,49.2503,1.5152],[-54.5009,49.2481,2.2403],[-54.5022,49.2492,2.6156],[-54.4981,49.2522,0.0],[-54.5003,49.2528,3.1394],[-54.4961,49.2544,0.0],[-54.496,49.263,0.0],[-54.4972,49.2642,0.3743],[-54.5039,49.262,3.5022],[-54.5092,49.2642,0.5499],[-54.5108,49.2633,2.3551],[-54.5114,49.2647,0.8256],[-54.5056,49.2686,0.0],[-54.5036,49.2736,0.0],[-54.5053,49.2781,3.8895],[-54.5044,49.2806,0.3072],[-54.4981,49.2847,0.0],[-54.4992,49.2875,2.04],[-54.4964,49.2917,3.4414],[-54.4933,49.2928,0.0],[-54.4954,49.2939,0.6495],[-54.493899999999996,49.2942,0.0],[-54.49,49.3011,0.0],[-54.4906,49.3028,2.4039],[-54.4828,49.3117,0.0],[-54.4828,49.3222,4.793],[-54.4788,49.3244,0.0],[-54.4781,49.3281,0.47],[-54.4726,49.3336,0.6281],[-54.4703,49.3342,0.0],[-54.4767,49.335,2.7016],[-54.4836,49.3321,0.7242],[-54.4872,49.3333,1.9796],[-54.4869,49.3364,0.0],[-54.48,49.34,1.4535],[-54.4799,49.3424,4.0085],[-54.4706,49.3453,0.0],[-54.4672,49.3483,0.0],[-54.4831,49.3457,0.3599],[-54.4908,49.3481,2.3495],[-54.4922,49.3497,4.1911],[-54.4903,49.3553,3.5955],[-54.4917,49.3619,0.0],[-54.4958,49.3647,0.0],[-54.5031,49.3647,2.0027],[-54.5065,49.3668,1.4439],[-54.5061,49.3686,0.921],[-54.4981,49.3761,2.3378],[-54.4953,49.3767,0.0],[-54.4972,49.3831,4.8301],[-54.4953,49.385,0.0],[-54.4978,49.3903,3.1907],[-54.4953,49.3931,0.0],[-54.4958,49.3961,0.0],[-54.4893,49.3988,2.1921],[-54.4894,49.4017,1.3303],[-54.4843,49.4032,2.3808],[-54.4813,49.4035,0.0],[-54.4781,49.4008,1.9119],[-54.4767,49.4052,0.0],[-54.4686,49.4139,0.0],[-54.4676,49.4226,4.332],[-54.4639,49.4275,4.5926],[-54.465,49.4311,0.0],[-54.4669,49.4319,3.9429],[-54.4664,49.4336,0.0],[-54.4747,49.4383,5.4792],[-54.4722,49.4385,1.6248],[-54.472,49.4399,2.6891],[-54.4756,49.44,3.7179],[-54.4744,49.4414,2.1486],[-54.4717,49.4411,2.3366],[-54.4743,49.4442,4.2263],[-54.4706,49.4448,1.0962],[-54.472,49.4465,3.8323],[-54.4748,49.4457,0.6031],[-54.48,49.4481,8.2272],[-54.4789,49.4508,2.6231],[-54.4767,49.4517,0.0],[-54.4783,49.4533,2.1756],[-54.4778,49.4574,3.7417],[-54.4754,49.4582,0.0],[-54.4778,49.4602,2.089],[-54.4692,49.4633,2.4359],[-54.4653,49.4598,0.0],[-54.4614,49.4636,3.3187],[-54.4551,49.4634,0.0],[-54.4464,49.4725,0.0],[-54.4492,49.4781,2.6526],[-54.4478,49.4811,0.5831],[-54.4486,49.4822,0.0],[-54.4592,49.4795,0.9814],[-54.4644,49.4747,2.5578],[-54.4666,49.4757,0.0],[-54.4733,49.4736,5.3572],[-54.4755,49.4745,1.2309],[-54.4914,49.4709,5.255],[-54.4975,49.4719,8.8379],[-54.5087,49.4688,0.0],[-54.5164,49.4628,0.8831],[-54.5169,49.4603,7.0807],[-54.5214,49.4597,5.6934],[-54.5285,49.4533,7.1356],[-54.5347,49.4531,0.7915],[-54.5381,49.4497,1.1168],[-54.5372,49.4489,4.3613],[-54.5422,49.4453,0.0],[-54.5411,49.4436,18.624],[-54.5431,49.4411,14.8435],[-54.5525,49.435,5.6274],[-54.5575,49.4289,12.3231],[-54.5598,49.4294,1.9374],[-54.5594,49.4272,3.4519],[-54.5653,49.4222,7.5017],[-54.5683,49.4231,4.7071],[-54.5572,49.4366,0.0],[-54.5497,49.4431,0.0],[-54.5528,49.445,2.5715],[-54.5522,49.4489,0.0],[-54.5639,49.4492,1.9306],[-54.5547,49.4505,6.8511],[-54.5508,49.4494,0.0],[-54.5342,49.4661,1.1263],[-54.5297,49.4744,2.5546],[-54.5186,49.4844,0.0],[-54.516,49.4911,4.0661],[-54.5134,49.4906,1.759],[-54.5112,49.4923,0.0],[-54.515,49.4943,0.0],[-54.5194,49.4933,2.8669],[-54.5186,49.4997,0.0],[-54.5156,49.5031,4.0482],[-54.515,49.5075,14.5087],[-54.5,49.5156,2.3536],[-54.4928,49.5244,8.4012],[-54.4928,49.5264,7.2672],[-54.4956,49.5279,0.0],[-54.4944,49.5297,5.6515],[-54.4733,49.53,0.0],[-54.4658,49.5356,8.4948],[-54.4647,49.5417,0.8062],[-54.4619,49.5433,4.346],[-54.4615,49.5458,10.3552],[-54.4671,49.5486,8.2368],[-54.4658,49.5506,1.0172],[-54.4675,49.5519,8.804],[-54.479,49.5516,3.6665],[-54.4869,49.5481,5.48],[-54.4922,49.5425,1.3023],[-54.4981,49.5442,2.2495],[-54.505,49.543,0.0],[-54.5094,49.5392,1.7257],[-54.5144,49.5392,2.7182],[-54.5144,49.5408,0.0],[-54.5189,49.5403,6.8623],[-54.5075,49.5486,1.1509],[-54.5003,49.5475,5.1583],[-54.5019,49.5461,1.9664],[-54.5,49.5455,3.3435],[-54.4944,49.5484,0.4189],[-54.4819,49.5511,3.2209],[-54.4811,49.5529,1.7666],[-54.4911,49.5519,2.7758],[-54.4769,49.5554,0.0],[-54.4722,49.5589,11.8237],[-54.4667,49.565,0.0],[-54.4702,49.5654,13.8476],[-54.4716,49.5683,14.26],[-54.4701,49.5693,1.3288],[-54.4728,49.5694,1.5825],[-54.5115,49.5538,0.3937],[-54.5197,49.5464,12.9684],[-54.526,49.5431,6.4039],[-54.5333,49.5411,6.641],[-54.523,49.5496,1.1008],[-54.5238,49.5506,0.0],[-54.5294,49.5469,16.0921],[-54.5325,49.5475,0.0],[-54.5422,49.5428,4.3038],[-54.5461,49.5461,0.988],[-54.5489,49.5444,15.2235],[-54.5486,49.5433,9.6474],[-54.5548,49.5408,4.417],[-54.5589,49.5332,3.4226],[-54.5706,49.525,2.2415],[-54.5706,49.5231,0.0],[-54.5647,49.5231,4.8936],[-54.5693,49.5181,8.4651],[-54.5775,49.5117,6.5764],[-54.5763,49.5175,1.1414],[-54.5808,49.5164,1.4753],[-54.5969,49.4989,4.3799],[-54.5979,49.4949,15.3735],[-54.6045,49.4908,1.3408],[-54.6119,49.4825,0.0],[-54.6125,49.48,12.8287],[-54.6222,49.475,4.0748],[-54.627,49.467,20.4667],[-54.63,49.465,0.0],[-54.6301,49.4622,0.0],[-54.6403,49.4558,0.0],[-54.6446,49.4498,0.7755],[-54.6492,49.4492,0.2377],[-54.6542,49.4456,3.2642],[-54.6569,49.4469,0.777],[-54.66,49.445,0.3327],[-54.6597,49.4428,4.7121],[-54.6658,49.4394,1.456],[-54.6667,49.4411,0.0],[-54.67,49.4406,0.0],[-54.6722,49.4425,2.0703],[-54.6772,49.4414,3.7844],[-54.6766,49.4402,6.3638],[-54.6819,49.4353,0.0],[-54.6806,49.4344,7.6628],[-54.6813,49.433,1.0937],[-54.6772,49.4339,7.7965],[-54.6769,49.4325,7.5025],[-54.6806,49.4297,1.4828],[-54.6677,49.4279,0.5182],[-54.6606,49.4311,1.58],[-54.6578,49.43,1.0866],[-54.6625,49.4189,10.0109],[-54.6648,49.4172,2.502],[-54.6681,49.4178,2.2805],[-54.6714,49.4144,0.0],[-54.6699,49.4128,4.4036],[-54.6717,49.4103,0.0],[-54.6703,49.4072,16.9925],[-54.6722,49.4044,0.0],[-54.6708,49.4011,10.4815],[-54.6717,49.3975,0.0],[-54.6758,49.395,3.7946],[-54.6797,49.3972,0.0],[-54.6839,49.3964,0.0],[-54.6892,49.3847,16.8406],[-54.6967,49.3806,0.7627],[-54.6963,49.3787,7.6136],[-54.6989,49.3769,0.0],[-54.6969,49.375,7.2366],[-54.7019,49.3711,4.1815],[-54.7056,49.3722,0.0],[-54.7064,49.3739,0.0],[-54.7091,49.3714,3.7905],[-54.7154,49.3754,2.5907],[-54.7239,49.3781,0.4341],[-54.7267,49.3769,1.6117],[-54.7244,49.3668,7.8157],[-54.7268,49.3634,3.1178],[-54.7358,49.3603,3.9661],[-54.7433,49.3631,0.4858],[-54.745,49.3622,0.4858],[-54.7459,49.358,0.0],[-54.7444,49.3561,5.405],[-54.7465,49.3551,0.5176],[-54.7441,49.3543,2.2107],[-54.7478,49.3514,0.0],[-54.743899999999996,49.3497,0.0],[-54.7453,49.3478,0.0],[-54.7433,49.3461,0.0],[-54.7381,49.3452,2.5543],[-54.7389,49.3411,8.609],[-54.74,49.3411,1.4139],[-54.7414,49.335,0.9663],[-54.7453,49.3342,0.0],[-54.7519,49.3286,0.0],[-54.7564,49.32,2.672],[-54.7622,49.3133,6.2939],[-54.7661,49.3178,1.5029],[-54.7619,49.3303,3.1042],[-54.7633,49.3344,0.2989],[-54.7628,49.3408,0.0],[-54.7649,49.3447,0.0],[-54.7653,49.3494,0.0],[-54.7639,49.3519,0.4649],[-54.7731,49.3551,1.0843],[-54.7764,49.3531,7.6153],[-54.7831,49.3594,0.0],[-54.7864,49.36,0.2882],[-54.7911,49.3594,0.0],[-54.7958,49.3564,0.5083],[-54.7983,49.3525,1.9072],[-54.7981,49.3431,4.451],[-54.8022,49.3367,8.4228],[-54.8017,49.335,0.0],[-54.799,49.3346,0.0],[-54.8022,49.3308,0.0],[-54.8054,49.3321,5.1388],[-54.8092,49.3308,0.0],[-54.8067,49.3294,3.7598],[-54.8083,49.3253,0.0],[-54.8033,49.3229,0.0],[-54.8033,49.3197,0.0],[-54.7997,49.3172,4.1765],[-54.7975,49.3108,1.8568],[-54.8019,49.3003,10.9461],[-54.8042,49.2983,4.5836],[-54.8231,49.2922,0.0],[-54.8325,49.2782,2.8955],[-54.8397,49.2781,2.5737],[-54.8403,49.275,0.0],[-54.8342,49.2761,1.0602],[-54.8378,49.2698,10.8662],[-54.8403,49.2706,0.0],[-54.8456,49.2683,4.5404],[-54.8514,49.2711,0.693],[-54.8451,49.2778,0.0],[-54.8439,49.2819,0.0],[-54.8497,49.2889,0.9141],[-54.8489,49.2897,0.9141],[-54.8525,49.2911,6.87],[-54.8572,49.3011,7.7813],[-54.8522,49.3042,0.0],[-54.8536,49.3067,0.0],[-54.8508,49.3086,0.5173],[-54.8522,49.3122,1.7229],[-54.8464,49.3164,4.4549],[-54.8464,49.3233,4.9404],[-54.855,49.325,2.1663],[-54.8558,49.3267,0.0],[-54.8603,49.3281,1.5256],[-54.8611,49.3289,3.6704],[-54.8561,49.3317,0.0],[-54.8564,49.3342,2.7818],[-54.8586,49.3358,0.0],[-54.8625,49.3342,0.9894],[-54.865,49.3369,9.4239],[-54.8617,49.3392,0.0],[-54.8622,49.3475,0.0],[-54.8647,49.3553,11.1713],[-54.8622,49.3614,0.0],[-54.8633,49.3678,3.4575],[-54.8611,49.3692,2.3664],[-54.8617,49.3731,1.3575],[-54.8587,49.3748,2.5696],[-54.8608,49.3769,5.1759],[-54.8581,49.3792,0.0],[-54.8578,49.3869,3.1691],[-54.8585,49.392,13.6485],[-54.8603,49.3922,0.0],[-54.8631,49.3972,1.8614],[-54.8621,49.3994,0.223],[-54.8633,49.4025,0.0614],[-54.8617,49.4019,0.1909],[-54.8603,49.3973,1.496],[-54.8564,49.3967,0.0],[-54.8544,49.3911,0.4799],[-54.8511,49.3906,2.5378],[-54.8456,49.3967,0.0],[-54.8386,49.3994,9.6448],[-54.8411,49.4024,4.1364],[-54.8375,49.4044,0.0],[-54.8403,49.4053,0.0],[-54.8421,49.4029,9.8993],[-54.8456,49.4065,3.7729],[-54.8503,49.4056,0.0],[-54.8519,49.4036,27.9643],[-54.8564,49.4053,11.6328],[-54.8533,49.4142,0.0],[-54.8548,49.4165,2.5019],[-54.857,49.4153,15.1894],[-54.8583,49.4167,5.5071],[-54.8642,49.4131,32.7204],[-54.8658,49.4086,8.2604],[-54.8686,49.4075,1.901],[-54.8706,49.4075,1.0506],[-54.8728,49.4111,0.0],[-54.8763,49.4101,17.3483],[-54.8776,49.4066,4.6361],[-54.8816,49.4084,15.1208],[-54.8821,49.4069,13.9684],[-54.8783,49.4019,11.7246],[-54.8813,49.399,0.9737],[-54.8833,49.3908,0.0],[-54.8972,49.3845,6.3486],[-54.8971,49.3825,8.2184],[-54.8947,49.3826,3.5341],[-54.8936,49.38,3.4192],[-54.9004,49.3799,1.1871],[-54.9017,49.3786,0.0],[-54.9008,49.3767,4.6339],[-54.9079,49.3729,0.0],[-54.9078,49.3708,0.0],[-54.9092,49.3703,0.0],[-54.9072,49.3672,8.8472],[-54.9161,49.3625,5.1447],[-54.9158,49.3594,7.4103],[-54.9129,49.3571,5.2656],[-54.9061,49.3599,0.9536],[-54.9028,49.3583,3.108],[-54.9097,49.3489,0.2647],[-54.9086,49.3461,0.0],[-54.9063,49.3461,3.6277],[-54.9056,49.3433,0.0],[-54.9039,49.3439,3.1714],[-54.9025,49.3414,0.0],[-54.8989,49.3437,0.0],[-54.894,49.3436,0.0],[-54.8908,49.3461,6.3293],[-54.8897,49.3447,0.7392],[-54.8806,49.343,3.6368],[-54.8781,49.3406,2.9876],[-54.8743,49.3404,0.0],[-54.8719,49.3381,5.0696],[-54.8722,49.3289,4.6644],[-54.8822,49.3269,8.257],[-54.8867,49.3239,0.3749],[-54.8836,49.3214,0.0],[-54.8833,49.3192,0.0],[-54.8908,49.3111,10.6523],[-54.8903,49.305,7.8141],[-54.8919,49.3022,0.0],[-54.8897,49.2964,3.7782],[-54.8911,49.2922,10.7295],[-54.8939,49.2903,4.3498],[-54.9083,49.2872,0.0],[-54.9137,49.2825,5.8342],[-54.9206,49.2817,0.6857],[-54.9239,49.2781,4.4638],[-54.924,49.2798,0.5187],[-54.931399999999996,49.2806,0.8528],[-54.9317,49.2833,0.0],[-54.9331,49.2814,4.252],[-54.9347,49.2828,12.1498],[-54.9353,49.2906,8.808],[-54.9331,49.2933,0.0],[-54.9331,49.3019,0.3369],[-54.9367,49.3081,6.5189],[-54.9412,49.3084,4.5465],[-54.9441,49.3065,4.2129],[-54.9518,49.3056,0.0],[-54.9553,49.3061,4.2339],[-54.9567,49.3086,0.0],[-54.9613,49.3092,0.0],[-54.965,49.3078,5.1853],[-54.9706,49.3036,5.0418],[-54.9767,49.3019,20.9067],[-54.9847,49.295,7.1514],[-54.9842,49.2914,3.0325],[-54.9896,49.2854,8.6196],[-54.9916,49.2866,4.6752],[-54.994,49.2847,9.3146],[-54.9944,49.2837,0.0],[-54.9906,49.2847,2.9466],[-54.9903,49.2836,5.0171],[-54.9947,49.2797,1.3163],[-54.9933,49.2789,14.5683],[-54.9928,49.2714,9.8191],[-54.9944,49.2656,3.4157],[-54.9978,49.2619,11.9547],[-55.0093,49.2542,0.0],[-55.0286,49.248,5.5498],[-55.033,49.2453,10.0272],[-55.0345,49.2421,-0.0313],[-55.036,49.2421,3.6192],[-55.0355,49.2446,3.3292],[-55.0381,49.2432,1.0108],[-55.0393,49.2393,1.1504],[-55.0361,49.2396,0.0],[-55.035,49.2383,4.119],[-55.0374,49.2301,10.5675],[-55.0367,49.2281,2.2339],[-55.0439,49.219,0.0],[-55.0483,49.219,0.0],[-55.0501,49.2174,4.0082],[-55.0541,49.2238,0.6047],[-55.0586,49.2272,4.2859],[-55.0605,49.2317,7.6134],[-55.0582,49.2432,5.5621],[-55.0509,49.2463,0.0],[-55.0519,49.2484,3.9841],[-55.0479,49.2511,2.2518],[-55.0414,49.2525,2.6447],[-55.0363,49.2559,5.8056],[-55.0311,49.2607,0.0],[-55.0273,49.269,7.436],[-55.0192,49.2725,8.8197],[-55.0114,49.2808,0.0],[-55.0131,49.2828,55.1835],[-55.0125,49.2856,0.0],[-55.0178,49.2922,0.0],[-55.0219,49.2925,2.2609],[-55.0203,49.295,0.0],[-55.015,49.2958,15.069],[-55.0167,49.3011,0.0],[-55.0213,49.3016,2.5908],[-55.0214,49.2981,2.1925],[-55.0239,49.295,3.2856],[-55.025,49.2975,2.2931],[-55.0233,49.2997,2.5705],[-55.0283,49.3003,4.6875],[-55.0236,49.305,2.7903],[-55.0244,49.3109,0.6345],[-55.0274,49.3134,4.8268],[-55.0269,49.3187,0.0],[-55.0298,49.3186,6.0304],[-55.0329,49.3151,2.0482],[-55.0348,49.3157,0.0],[-55.0343,49.3214,1.8882],[-55.0304,49.3247,0.0],[-55.0333,49.3258,0.0],[-55.0355,49.3237,2.0907],[-55.0373,49.3248,0.0],[-55.0352,49.3308,1.6753],[-55.0301,49.3359,0.0],[-55.0296,49.3407,2.0143],[-55.0313,49.3435,13.882],[-55.0261,49.3511,1.3174],[-55.0305,49.3528,10.5544],[-55.0359,49.3479,1.194],[-55.0363,49.3458,0.4996],[-55.0408,49.343,0.0],[-55.0402,49.3378,0.0],[-55.037,49.3354,11.1524],[-55.0404,49.3284,0.0],[-55.041,49.3195,2.9133],[-55.0425,49.3198,3.2099],[-55.0442,49.3252,2.264],[-55.048,49.3221,0.0],[-55.0553,49.3207,0.0],[-55.0568,49.3246,0.0],[-55.0556,49.3294,0.0],[-55.059,49.3315,0.5159],[-55.0611,49.3311,0.0],[-55.0603,49.3283,0.3181],[-55.0617,49.3267,5.2546],[-55.0636,49.3292,0.6923],[-55.0677,49.3307,1.3915],[-55.0754,49.3305,4.4343],[-55.0743,49.337,0.0],[-55.0699,49.3368,0.0],[-55.0676,49.34,7.3682],[-55.071,49.3433,4.77],[-55.0705,49.3468,4.8613],[-55.0761,49.3488,2.7807],[-55.0742,49.3516,0.0],[-55.0799,49.3554,10.0586],[-55.0814,49.3625,2.1438],[-55.0869,49.3653,3.9272],[-55.0907,49.3619,54.9734],[-55.0982,49.3603,50.4068],[-55.1019,49.3507,0.0],[-55.1004,49.343,8.644],[-55.0934,49.3332,0.0],[-55.0876,49.3297,0.0],[-55.0868,49.3276,4.1933],[-55.0774,49.3279,0.9974],[-55.0753,49.3255,0.0],[-55.0754,49.3233,0.4434],[-55.0801,49.3178,3.371],[-55.0765,49.3159,0.5608],[-55.0757,49.3124,0.0],[-55.0769,49.3083,0.0],[-55.0751,49.3035,0.0],[-55.0712,49.3006,1.6952],[-55.0713,49.2949,0.5415],[-55.075,49.2898,0.0],[-55.0711,49.2863,0.5681],[-55.0801,49.2828,3.7205],[-55.0866,49.2759,3.1617],[-55.0847,49.2723,14.7809],[-55.08,49.27,0.8383],[-55.0806,49.2685,3.6257],[-55.0845,49.2683,3.0203],[-55.091,49.2752,2.1531],[-55.0901,49.278,0.0],[-55.086,49.2812,0.682],[-55.0865,49.2833,1.3864],[-55.0926,49.2865,3.2528],[-55.0972,49.2851,1.991],[-55.0988,49.2874,0.0],[-55.1035,49.2852,0.0],[-55.1048,49.2709,1.8001],[-55.1082,49.2652,0.9996],[-55.1148,49.2687,3.3223],[-55.1162,49.2725,3.6243],[-55.1206,49.2772,0.0],[-55.1271,49.2737,15.1896],[-55.1325,49.2743,0.2341],[-55.139,49.272,1.1777],[-55.1421,49.2687,12.2702],[-55.1517,49.2665,5.4365],[-55.1562,49.2633,2.9744],[-55.1582,49.2578,3.1023],[-55.1604,49.2562,6.0839],[-55.1664,49.2584,2.5986],[-55.1677,49.2621,0.0],[-55.1932,49.2564,6.0473],[-55.1953,49.2535,9.1299],[-55.1907,49.2524,2.2317],[-55.1944,49.2508,0.0],[-55.1923,49.2492,0.0],[-55.201,49.2464,3.4128],[-55.2065,49.2406,0.0],[-55.2216,49.2375,2.6864],[-55.2236,49.2331,18.1428],[-55.2294,49.2321,0.0],[-55.2365,49.2253,34.6688],[-55.2518,49.218,0.0],[-55.2636,49.2103,13.3792],[-55.2764,49.1956,0.0],[-55.2821,49.1964,0.4165],[-55.2846,49.2021,6.8526],[-55.2828,49.2055,4.2283],[-55.2854,49.2087,4.5225],[-55.2967,49.2099,6.696],[-55.2977,49.2055,2.5967],[-55.302,49.1992,5.3614],[-55.3074,49.1952,3.4381],[-55.3083,49.1917,14.2043],[-55.3122,49.1891,0.0],[-55.313,49.1834,4.7086],[-55.3112,49.1766,0.0],[-55.314,49.173,0.0],[-55.3124,49.1703,0.0],[-55.3071,49.168,0.0],[-55.2994,49.1682,0.0],[-55.2978,49.1667,0.0],[-55.2861,49.1737,0.0],[-55.2778,49.1842,3.7156],[-55.2728,49.1878,0.0],[-55.2634,49.1857,8.1677],[-55.2616,49.1809,0.0],[-55.2668,49.1772,0.0],[-55.2288,49.1761,59.7153],[-55.2274,49.1738,63.714],[-55.2363,49.1563,91.6859],[-55.2299,49.1522,87.4952],[-55.2236,49.1522,95.0718],[-55.2128,49.1552,106.6602],[-55.1967,49.1712,86.854],[-55.1724,49.1889,65.3394],[-55.1621,49.1927,74.347],[-55.1572,49.1916,73.7146],[-55.1462,49.194,84.8096],[-55.1417,49.2034,93.7063],[-55.1407,49.2094,106.5803],[-55.1298,49.2181,103.4529],[-55.123,49.2184,110.7115],[-55.1202,49.218,109.225],[-55.112,49.2116,87.6028],[-55.1102,49.2063,92.4354],[-55.0915,49.2042,46.3186],[-55.0355,49.2038,47.299],[-55.0232,49.2019,52.8514],[-54.955,49.177,35.9334],[-54.6617,49.0956,24.1151]]],
[[[-54.247,49.3925,2.0126],[-54.2508,49.3928,2.664],[-54.2476,49.391,2.0754],[-54.243899999999996,49.3917,2.8378],[-54.247,49.3925,2.0126]]],
[[[-54.2465,49.3954,0.0],[-54.2453,49.3951,0.0],[-54.2422,49.3956,0.7989],[-54.2506,49.3958,2.8846],[-54.2465,49.3954,0.0]]],
[[[-54.4133,49.4022,0.0],[-54.4139,49.4036,0.0],[-54.4161,49.4031,0.0],[-54.4156,49.4017,0.0],[-54.4133,49.4022,0.0]]],
[[[-54.4129,49.4118,0.0],[-54.414,49.4125,0.0],[-54.4163,49.413,0.6344],[-54.416,49.4114,0.193],[-54.4129,49.4118,0.0]]],
[[[-54.3849,49.4414,1.6614],[-54.3803,49.4349,0.0],[-54.3786,49.4428,0.3294],[-54.3771,49.4431,0.3294],[-54.3783,49.4473,0.0],[-54.3822,49.4453,4.8055],[-54.3849,49.4414,1.6614]]],
[[[-54.3761,49.4439,1.2093],[-54.375,49.4467,5.0067],[-54.3764,49.4475,0.4801],[-54.3769,49.445,1.5204],[-54.3761,49.4439,1.2093]]],
[[[-54.4664,49.4042,2.7013],[-54.4663,49.4018,0.0],[-54.4633,49.4022,0.0],[-54.4644,49.4061,0.0],[-54.4664,49.4042,2.7013]]],
[[[-54.6531,49.4519,0.0],[-54.6483,49.4556,0.0],[-54.6572,49.4572,0.0],[-54.6597,49.4528,6.3851],[-54.6661,49.4503,4.3498],[-54.6683,49.4473,1.1024],[-54.66,49.4456,1.2605],[-54.6572,49.4475,0.2747],[-54.6589,49.4483,4.2718],[-54.6556,49.4486,0.0],[-54.6531,49.4519,0.0]]],
[[[-54.652,49.4874,1.3647],[-54.6472,49.4869,0.0],[-54.6488,49.4888,1.6906],[-54.6478,49.4917,1.0454],[-54.6519,49.4917,2.4813],[-54.6497,49.4892,1.6906],[-54.652,49.4874,1.3647]]],
[[[-54.4539,49.4886,0.0],[-54.4497,49.4906,0.0],[-54.4536,49.4908,0.0],[-54.455,49.4897,1.9725],[-54.4539,49.4886,0.0]]],
[[[-54.6417,49.4973,5.7206],[-54.6399,49.4988,0.0],[-54.6481,49.4998,0.6492],[-54.6499,49.4966,4.4407],[-54.6517,49.4965,1.4737],[-54.6519,49.4942,2.056],[-54.6464,49.4961,5.2031],[-54.6436,49.495,0.0],[-54.6417,49.4973,5.7206]]],
[[[-54.5928,49.5264,0.0],[-54.5931,49.5283,5.4205],[-54.5983,49.5278,2.4753],[-54.6003,49.5294,0.5271],[-54.6022,49.5283,2.4714],[-54.6044,49.5294,0.0],[-54.6042,49.5274,0.961],[-54.6003,49.5264,9.4953],[-54.6028,49.5249,3.8093],[-54.6032,49.5265,0.5439],[-54.6061,49.5268,0.3566],[-54.6047,49.5257,0.1856],[-54.6072,49.5244,6.2659],[-54.6065,49.5219,11.3312],[-54.6111,49.5222,0.4455],[-54.6192,49.5181,7.7437],[-54.6283,49.5225,0.0],[-54.6316,49.5212,2.5479],[-54.6335,49.5173,1.1475],[-54.639,49.5191,0.0],[-54.635,49.5167,3.9658],[-54.6386,49.5183,0.0],[-54.6403,49.5158,0.0],[-54.6364,49.5133,2.3835],[-54.6423,49.5121,0.0],[-54.6428,49.5108,0.4382],[-54.6358,49.5111,0.0],[-54.6344,49.5142,2.4027],[-54.6324,49.5149,0.7448],[-54.6298,49.5112,3.4384],[-54.6317,49.5088,1.0103],[-54.6342,49.5106,0.0],[-54.6389,49.5089,0.0],[-54.6357,49.5069,11.4125],[-54.6354,49.5054,7.1217],[-54.6376,49.5052,0.0],[-54.6376,49.5024,0.9419],[-54.6344,49.4992,5.5546],[-54.6393,49.4972,0.0],[-54.64,49.495,9.7168],[-54.6467,49.4903,0.0],[-54.6439,49.4861,9.4762],[-54.6453,49.4814,1.8607],[-54.6467,49.4811,0.0],[-54.6457,49.4797,3.3932],[-54.6483,49.4786,1.198],[-54.6472,49.4767,0.0],[-54.6406,49.4775,3.7374],[-54.6398,49.4751,1.2308],[-54.6353,49.4725,1.7165],[-54.6339,49.4731,0.0],[-54.6337,49.4768,0.0],[-54.6302,49.4778,6.8481],[-54.6314,49.4808,5.8006],[-54.6217,49.4819,0.0],[-54.6228,49.4842,3.9209],[-54.6203,49.4892,21.7615],[-54.615,49.4937,0.0],[-54.6118,49.493,2.1216],[-54.6119,49.4953,9.5696],[-54.61,49.4958,13.6464],[-54.6119,49.4989,19.961],[-54.6078,49.5,0.0],[-54.6025,49.5078,11.8569],[-54.5947,49.5133,0.0],[-54.5944,49.5167,5.8828],[-54.5911,49.5183,0.0],[-54.5931,49.5211,23.033],[-54.5919,49.5231,0.0],[-54.5928,49.5264,0.0]]],
[[[-54.6725,49.5043,1.5825],[-54.6695,49.5043,3.1776],[-54.6678,49.5056,0.0],[-54.6681,49.5076,0.0],[-54.6733,49.5089,0.0],[-54.6734,49.5058,0.3166],[-54.6763,49.5056,0.0],[-54.6789,49.5039,0.5044],[-54.675,49.5053,0.0],[-54.6725,49.5043,1.5825]]],
[[[-54.6481,49.5169,0.9193],[-54.6475,49.5181,4.309],[-54.6506,49.5217,9.0394],[-54.6569,49.5222,0.0],[-54.6592,49.5203,0.0],[-54.6553,49.5153,0.0],[-54.6519,49.5181,1.6219],[-54.6497,49.5158,0.1013],[-54.6472,49.5158,0.9193],[-54.6481,49.5169,0.9193]]],
[[[-53.5838,49.3044,0.3047],[-53.5819,49.3036,0.0],[-53.5806,49.3053,0.1706],[-53.5861,49.3074,0.0],[-53.5889,49.306399999999996,0.0],[-53.5878,49.3036,0.0],[-53.5838,49.3044,0.3047]]],
[[[-53.5919,49.3289,0.0],[-53.5914,49.3311,0.0],[-53.5938,49.3341,0.0],[-53.6001,49.3335,2.1609],[-53.6023,49.3306,0.0633],[-53.602,49.3288,0.6923],[-53.5967,49.3247,0.0],[-53.5923,49.3247,0.0],[-53.5919,49.3289,0.0]]],
[[[-54.2425,49.3756,2.7259],[-54.2411,49.3764,2.7259],[-54.2419,49.3772,0.0],[-54.2447,49.3775,0.0],[-54.243899999999996,49.3758,0.8989],[-54.2425,49.3756,2.7259]]],
[[[-54.2438,49.3883,4.0925],[-54.2392,49.3897,0.0],[-54.2433,49.3903,0.0],[-54.2469,49.3875,1.1864],[-54.2464,49.3856,0.2712],[-54.2508,49.3839,2.0173],[-54.25,49.3828,0.3607],[-54.247,49.3834,0.0],[-54.2431,49.3872,-0.026],[-54.2438,49.3883,4.0925]]],
[[[-54.1831,49.3972,-0.0428],[-54.1861,49.3997,2.7072],[-54.1881,49.4,2.4902],[-54.1869,49.3981,2.572],[-54.1831,49.3972,-0.0428]]],
[[[-54.1817,49.4014,0.0],[-54.1806,49.4022,0.0],[-54.181399999999996,49.4041,0.0],[-54.1861,49.405,1.7029],[-54.1825,49.4033,2.0289],[-54.1817,49.4014,0.0]]],
[[[-54.2119,49.4347,6.8402],[-54.2144,49.4322,2.5001],[-54.2147,49.4303,1.4388],[-54.2128,49.4292,4.0471],[-54.2089,49.4325,6.3816],[-54.2092,49.4347,2.5268],[-54.2119,49.4347,6.8402]]],
[[[-53.7958,49.435,2.7766],[-53.7961,49.4328,5.4941],[-53.7939,49.4317,0.0],[-53.7875,49.4342,0.0],[-53.7889,49.4367,2.0806],[-53.7958,49.435,2.7766]]],
[[[-53.812,49.4481,1.3256],[-53.8084,49.4502,0.0],[-53.8137,49.4504,11.3622],[-53.8164,49.4479,4.0333],[-53.8145,49.4477,6.5865],[-53.812,49.4481,1.3256]]],
[[[-54.2592,49.4497,0.0],[-54.2572,49.4503,0.0],[-54.2542,49.4544,1.8068],[-54.2622,49.4533,1.8327],[-54.2592,49.4497,0.0]]],
[[[-54.3131,49.455,0.5516],[-54.3119,49.4572,0.0],[-54.3138,49.4577,0.4007],[-54.3147,49.4556,1.8711],[-54.3131,49.455,0.5516]]],
[[[-54.3989,49.4569,19.0679],[-54.4006,49.4531,0.4392],[-54.3975,49.4489,4.4368],[-54.392,49.4512,7.4402],[-54.3928,49.4583,3.7295],[-54.3817,49.4669,0.0],[-54.3812,49.4719,3.4955],[-54.3847,49.4719,7.8539],[-54.3918,49.4669,0.0],[-54.3925,49.4642,1.8854],[-54.3989,49.4569,19.0679]]],
[[[-54.4008,49.5156,6.1073],[-54.3994,49.5169,0.0677],[-54.4042,49.5178,9.8665],[-54.3997,49.5189,2.814],[-54.4076,49.522,1.7293],[-54.4093,49.5212,0.0],[-54.4087,49.5201,6.5246],[-54.4125,49.52,1.94],[-54.4153,49.5172,2.1003],[-54.4106,49.5161,2.2572],[-54.4089,49.5125,0.1048],[-54.4,49.5147,2.7651],[-54.4008,49.5156,6.1073]]],
[[[-54.2278,49.4478,1.5461],[-54.2253,49.4503,1.9072],[-54.2258,49.4533,3.9762],[-54.2361,49.4536,2.792],[-54.2353,49.4469,0.0],[-54.2311,49.4458,2.9906],[-54.2278,49.4478,1.5461]]],
[[[-54.2058,49.5389,3.1785],[-54.2126,49.5385,6.0873],[-54.2142,49.5406,0.0],[-54.2114,49.5442,0.5309],[-54.2172,49.5439,0.0],[-54.2344,49.5411,2.7216],[-54.2472,49.5408,2.1646],[-54.2428,49.5389,3.3746],[-54.2486,49.5372,1.232],[-54.2489,49.5356,5.1945],[-54.2419,49.5317,0.8013],[-54.2292,49.5297,0.4708],[-54.2181,49.5342,5.4329],[-54.2128,49.5333,0.0],[-54.2086,49.535,4.1009],[-54.2017,49.5347,0.0],[-54.2014,49.5375,3.9729],[-54.1958,49.5383,0.0],[-54.2014,49.54,6.7706],[-54.2058,49.5389,3.1785]]],
[[[-53.9286,49.5389,0.0],[-53.9297,49.5369,2.9735],[-53.9281,49.5336,0.8294],[-53.9253,49.5331,0.0],[-53.9206,49.5361,2.2984],[-53.9203,49.5394,3.7303],[-53.9228,49.5419,3.931],[-53.9281,49.5411,0.6051],[-53.9286,49.5389,0.0]]],
[[[-53.846,49.5444,2.5419],[-53.8414,49.5475,0.3161],[-53.8494,49.5513,2.4025],[-53.8553,49.5472,3.8069],[-53.8628,49.5458,3.34],[-53.8608,49.5394,1.2714],[-53.8634,49.5308,3.4468],[-53.8514,49.5297,1.0718],[-53.8508,49.5308,1.8601],[-53.8542,49.5322,0.0],[-53.8544,49.5344,1.0324],[-53.8488,49.5389,4.1554],[-53.8486,49.5433,4.0602],[-53.846,49.5444,2.5419]]],
[[[-54.3922,49.5369,1.743],[-54.3947,49.5347,0.4184],[-54.3903,49.535,0.0],[-54.3847,49.5383,0.0],[-54.3914,49.5367,1.743],[-54.3922,49.5369,1.743]]],
[[[-54.3825,49.5392,1.9716],[-54.3806,49.5383,0.0],[-54.3789,49.54,0.0],[-54.3822,49.54,1.9716],[-54.3825,49.5392,1.9716]]],
[[[-54.2489,49.5425,0.0],[-54.2517,49.5425,0.7064],[-54.2525,49.5422,0.7064],[-54.2481,49.5422,0.0],[-54.2489,49.5425,0.0]]],
[[[-54.2503,49.5581,3.0604],[-54.2519,49.5569,4.8483],[-54.2542,49.5583,2.9339],[-54.2567,49.5561,6.6297],[-54.2614,49.5553,14.2699],[-54.2714,49.5561,1.8477],[-54.2786,49.5544,0.4012],[-54.2767,49.5531,1.5269],[-54.2806,49.5511,4.2329],[-54.2858,49.5511,2.585],[-54.2903,49.5486,7.357],[-54.3003,49.5469,6.5425],[-54.3058,49.5472,0.0],[-54.3075,49.545,4.152],[-54.3275,49.5447,2.748],[-54.335,49.5389,3.4192],[-54.3258,49.5392,6.3399],[-54.3253,49.5361,3.4367],[-54.3189,49.5361,0.0],[-54.3197,49.5386,1.1333],[-54.3131,49.5367,0.0],[-54.3097,49.5372,0.9058],[-54.3097,49.54,1.0858],[-54.3075,49.5411,3.1908],[-54.2731,49.5439,3.7547],[-54.27,49.545,2.2913],[-54.2731,49.5478,2.2074],[-54.2642,49.5494,3.2365],[-54.2578,49.5458,2.9954],[-54.2458,49.5467,0.5383],[-54.2514,49.5472,4.8261],[-54.2517,49.5486,4.8261],[-54.2558,49.5497,3.2387],[-54.2556,49.5517,4.2646],[-54.2481,49.5561,0.4682],[-54.2475,49.5581,1.4226],[-54.2503,49.5581,3.0604]]],
[[[-54.1642,49.5417,4.9542],[-54.1669,49.5411,3.4408],[-54.1689,49.5394,1.4772],[-54.1599,49.5416,1.2107],[-54.1642,49.5417,4.9542]]],
[[[-54.2346,49.5478,2.71],[-54.2283,49.5486,0.0],[-54.2342,49.5496,2.2664],[-54.2357,49.5486,0.172],[-54.2346,49.5478,2.71]]],
[[[-53.9689,49.5549,7.561],[-53.9747,49.5578,2.4029],[-53.978,49.5543,4.948],[-53.9766,49.5517,2.0665],[-53.9709,49.5496,1.8151],[-53.9661,49.5533,0.0],[-53.9663,49.5554,0.0],[-53.9689,49.5549,7.561]]],
[[[-53.8206,49.5558,2.6668],[-53.8205,49.553,6.7629],[-53.8175,49.5517,0.0],[-53.8111,49.5533,0.0],[-53.8154,49.5579,3.3923],[-53.8206,49.5558,2.6668]]],
[[[-53.8914,49.5536,0.3231],[-53.8869,49.5561,0.4775],[-53.8897,49.5586,3.0481],[-53.8864,49.5619,0.0],[-53.8896,49.5666,1.8548],[-53.8964,49.565,5.7894],[-53.8983,49.5626,4.951],[-53.9056,49.5598,7.4267],[-53.9001,49.5524,0.8231],[-53.8914,49.5536,0.3231]]],
[[[-54.2447,49.5597,2.4495],[-54.2403,49.5614,0.0],[-54.2444,49.5622,0.0],[-54.2494,49.5603,0.8089],[-54.2486,49.5586,1.4226],[-54.2447,49.5597,2.4495]]],
[[[-53.7816,49.5814,0.1378],[-53.7825,49.5794,0.4898],[-53.7812,49.5773,2.2063],[-53.7779,49.5789,0.0],[-53.7783,49.5807,0.9798],[-53.7816,49.5814,0.1378]]],
[[[-54.1872,49.582,0.0],[-54.181,49.5861,0.0],[-54.1879,49.5878,2.4828],[-54.1981,49.5872,0.0],[-54.1908,49.5853,0.9585],[-54.1906,49.5819,0.0],[-54.1872,49.582,0.0]]],
[[[-54.6841,49.5043,0.7527],[-54.6869,49.5044,0.8553],[-54.6842,49.5022,3.7693],[-54.6828,49.5036,0.0],[-54.6841,49.5043,0.7527]]],
[[[-54.7242,49.5064,0.0],[-54.7233,49.5069,0.0],[-54.7236,49.5086,0.0],[-54.7256,49.5075,0.0],[-54.7242,49.5064,0.0]]],
[[[-54.6856,49.5089,0.0],[-54.6875,49.5083,0.4714],[-54.6822,49.5072,2.0387],[-54.6792,49.5083,0.0],[-54.6822,49.51,3.154],[-54.6856,49.5089,0.0]]],
[[[-54.6933,49.5106,0.4961],[-54.6944,49.5119,4.1411],[-54.6922,49.5147,2.3936],[-54.6933,49.5169,0.0],[-54.7008,49.5186,0.2527],[-54.7008,49.5169,1.9082],[-54.7025,49.5167,0.0],[-54.6958,49.5117,4.1411],[-54.6994,49.5097,3.6654],[-54.7033,49.5111,2.6476],[-54.7036,49.5089,3.1886],[-54.7075,49.5092,0.0],[-54.7061,49.5067,5.8754],[-54.7072,49.5047,0.0],[-54.7036,49.505,0.602],[-54.7033,49.5036,0.0],[-54.6975,49.5053,0.0],[-54.7006,49.5081,2.2777],[-54.6959,49.5085,0.0773],[-54.6956,49.505,2.8734],[-54.6908,49.5025,1.2954],[-54.6892,49.5061,0.0],[-54.6933,49.5072,6.5008],[-54.6897,49.5072,3.1923],[-54.6897,49.5083,3.1923],[-54.6933,49.5106,0.4961]]],
[[[-54.6892,49.5114,0.0],[-54.6892,49.5131,0.0],[-54.6919,49.5128,0.5496],[-54.6917,49.5122,0.6723],[-54.6892,49.5114,0.0]]],
[[[-54.7386,49.515,12.0622],[-54.7392,49.5103,0.0],[-54.7381,49.5092,11.0095],[-54.7322,49.5097,0.0],[-54.7297,49.5117,0.0],[-54.7314,49.5139,0.0],[-54.7364,49.5158,0.0],[-54.7386,49.515,12.0622]]],
[[[-54.7469,49.5136,9.6612],[-54.7461,49.51,0.0],[-54.7442,49.5092,9.4157],[-54.7397,49.5153,0.0],[-54.7453,49.5169,0.0],[-54.7469,49.5136,9.6612]]],
[[[-54.6756,49.5164,0.7466],[-54.6756,49.5186,5.547],[-54.6783,49.5194,0.0],[-54.6764,49.5161,0.7466],[-54.6756,49.5164,0.7466]]],
[[[-54.7406,49.5167,0.0],[-54.7353,49.5178,4.8456],[-54.7389,49.5189,0.0],[-54.7417,49.5175,0.0],[-54.7406,49.5167,0.0]]],
[[[-54.7423,49.5231,0.0],[-54.7407,49.5231,0.0],[-54.7406,49.5241,0.0],[-54.7431,49.5247,5.8884],[-54.7423,49.5231,0.0]]],
[[[-54.7036,49.5264,0.9144],[-54.7069,49.5256,0.0],[-54.7053,49.5242,0.8352],[-54.7028,49.525,0.0],[-54.7036,49.5264,0.9144]]],
[[[-54.6796,49.5273,0.0],[-54.6851,49.5278,0.4756],[-54.6852,49.5271,0.4756],[-54.6815,49.5274,0.56],[-54.6796,49.5273,0.0]]],
[[[-54.6192,49.5208,0.0],[-54.6176,49.5216,0.0],[-54.6214,49.5217,0.5121],[-54.6214,49.5208,0.5121],[-54.6192,49.5208,0.0]]],
[[[-54.6694,49.5228,0.0],[-54.6656,49.5211,0.9494],[-54.6633,49.5233,0.6508],[-54.6672,49.525,0.6964],[-54.6694,49.5228,0.0]]],
[[[-54.6129,49.5229,1.4837],[-54.6122,49.5239,1.5597],[-54.6143,49.5244,0.8391],[-54.6156,49.5231,0.0],[-54.6129,49.5229,1.4837]]],
[[[-54.6194,49.5358,0.0],[-54.6292,49.5381,0.0],[-54.6297,49.5367,0.0],[-54.6269,49.535,7.1503],[-54.6349,49.5333,4.9669],[-54.6394,49.5367,2.6946],[-54.6406,49.5356,0.0],[-54.6447,49.5364,0.0],[-54.6458,49.5342,0.5272],[-54.6517,49.5331,1.8215],[-54.6531,49.5275,0.8148],[-54.6514,49.5264,3.3278],[-54.6539,49.525,2.3499],[-54.6508,49.5236,0.0],[-54.6479,49.525,0.9668],[-54.6453,49.5227,2.9965],[-54.6467,49.5197,0.0],[-54.6444,49.5158,0.0],[-54.6425,49.5175,3.7412],[-54.6438,49.5213,0.0],[-54.6425,49.5233,2.0963],[-54.6357,49.5244,0.0],[-54.6337,49.5262,2.6163],[-54.6325,49.5264,2.6163],[-54.6317,49.5242,2.7819],[-54.6203,49.5225,3.5149],[-54.6203,49.5241,6.8799],[-54.6172,49.5236,0.0],[-54.6153,49.5247,0.8391],[-54.6164,49.5261,4.4116],[-54.6136,49.5256,2.8254],[-54.6103,49.5292,5.7372],[-54.6114,49.5303,5.7372],[-54.6158,49.5286,6.0823],[-54.6133,49.5319,0.022],[-54.6201,49.5303,4.3571],[-54.6147,49.5336,0.4975],[-54.6194,49.5358,0.0]]],
[[[-55.021,49.5214,3.0889],[-55.0211,49.5243,0.9958],[-55.0279,49.5215,0.0],[-55.0239,49.5198,0.0],[-55.021,49.5214,3.0889]]],
[[[-54.9585,49.5369,1.8384],[-54.96,49.537,14.5482],[-54.9606,49.5394,0.0],[-54.9686,49.5375,6.9021],[-54.9767,49.5306,12.9283],[-54.9769,49.5267,0.0],[-54.9731,49.5256,14.2312],[-54.9672,49.5269,0.0],[-54.9703,49.5306,28.0559],[-54.9628,49.53,0.0],[-54.9617,49.5333,38.3747],[-54.9575,49.5353,2.5881],[-54.9585,49.5369,1.8384]]],
[[[-55.0378,49.5345,4.7774],[-55.0395,49.5343,5.9655],[-55.0407,49.5331,0.0],[-55.037,49.5329,0.0],[-55.0378,49.5345,4.7774]]],
[[[-54.9672,49.5578,16.7869],[-54.9711,49.5575,6.2333],[-54.9693,49.5596,0.0],[-54.9718,49.5607,0.0],[-54.9853,49.5561,1.5633],[-54.9865,49.5519,23.5568],[-54.9917,49.5525,0.0],[-54.9944,49.5511,6.5824],[-54.9984,49.5529,0.0],[-54.9981,49.5508,25.4448],[-54.9922,49.5464,0.0],[-54.9853,49.5456,31.9617],[-54.994,49.5434,14.6155],[-54.9974,49.5399,0.4593],[-54.9924,49.541,2.5614],[-54.9856,49.5342,22.7225],[-54.975,49.5328,3.6415],[-54.9633,49.5436,0.0],[-54.9629,49.5477,31.8971],[-54.9567,49.5517,0.0],[-54.9579,49.5534,4.6048],[-54.9614,49.5536,53.5254],[-54.9617,49.5569,33.6518],[-54.964,49.5587,30.7789],[-54.9672,49.5578,16.7869]]],
[[[-54.7364,49.495,0.2558],[-54.7392,49.4958,0.0],[-54.7406,49.494,0.5111],[-54.7381,49.4937,0.0],[-54.7364,49.495,0.2558]]],
[[[-54.7314,49.4964,1.8063],[-54.7314,49.4947,1.1099],[-54.7289,49.493899999999996,0.9709],[-54.7281,49.4961,1.7055],[-54.725,49.4956,1.7311],[-54.7258,49.4969,1.7311],[-54.7244,49.4983,0.0],[-54.7281,49.4992,0.9277],[-54.7283,49.5006,0.0],[-54.7308,49.5,4.8764],[-54.7289,49.4967,1.3619],[-54.7325,49.4975,0.3752],[-54.7314,49.4964,1.8063]]],
[[[-54.7131,49.4972,2.9421],[-54.7119,49.4983,0.0],[-54.7147,49.4987,1.3459],[-54.7147,49.4972,1.3459],[-54.7131,49.4972,2.9421]]],
[[[-54.7225,49.4989,1.8665],[-54.7206,49.4994,1.8665],[-54.7189,49.4972,0.4916],[-54.7178,49.4994,0.7515],[-54.7225,49.5014,2.0823],[-54.7236,49.5008,0.6455],[-54.7225,49.4989,1.8665]]],
[[[-54.8328,49.5085,5.7078],[-54.8386,49.5103,2.6652],[-54.8428,49.5058,2.1439],[-54.8483,49.5081,0.0],[-54.8517,49.5025,5.3367],[-54.8531,49.505,5.2303],[-54.85,49.5086,0.0],[-54.8528,49.5094,11.9183],[-54.8483,49.5108,5.805],[-54.8531,49.5149,4.0735],[-54.8499,49.5163,0.0],[-54.8647,49.5144,0.0],[-54.8656,49.5111,2.8827],[-54.8683,49.5131,0.8715],[-54.8719,49.5128,6.2287],[-54.8722,49.5114,6.6422],[-54.868899999999996,49.5098,0.0],[-54.8619,49.5083,5.7921],[-54.8628,49.5064,0.9811],[-54.8592,49.5039,11.3399],[-54.8678,49.505,5.7791],[-54.8722,49.5039,1.2196],[-54.8774,49.5006,0.0],[-54.8775,49.4987,10.2643],[-54.8808,49.4975,11.4531],[-54.875,49.4933,0.0],[-54.8711,49.4933,0.0],[-54.8564,49.4992,7.8558],[-54.8583,49.4981,7.9459],[-54.8581,49.4934,4.7691],[-54.8642,49.4936,9.0379],[-54.8669,49.4914,2.4793],[-54.865,49.4883,1.6654],[-54.8603,49.4867,7.1669],[-54.8644,49.4853,8.6911],[-54.8653,49.4861,12.5004],[-54.8639,49.4872,5.1581],[-54.8678,49.4884,7.0114],[-54.8666,49.4904,0.0],[-54.8684,49.4915,2.4793],[-54.8725,49.4914,14.7277],[-54.8753,49.4892,4.5531],[-54.8764,49.4908,0.0],[-54.8849,49.4919,22.2833],[-54.8889,49.4895,4.941],[-54.8864,49.4869,33.1966],[-54.8908,49.4858,6.1646],[-54.8925,49.4831,1.6996],[-54.8906,49.4831,9.4655],[-54.8903,49.4803,0.0],[-54.8883,49.4792,3.9635],[-54.8847,49.4813,6.1511],[-54.8769,49.4814,0.0],[-54.8736,49.4833,12.1556],[-54.8625,49.4819,7.315],[-54.8623,49.4798,7.7488],[-54.8602,49.4794,6.0574],[-54.8574,49.4796,0.0],[-54.8614,49.4814,7.315],[-54.8604,49.4821,25.568],[-54.8528,49.48,0.0],[-54.8438,49.4817,2.895],[-54.8372,49.4797,0.0],[-54.8375,49.4825,7.9795],[-54.8294,49.4811,0.0],[-54.8264,49.4836,0.0],[-54.8208,49.4842,0.0],[-54.8133,49.4908,14.6043],[-54.8158,49.4869,0.0],[-54.8144,49.4861,0.4922],[-54.8114,49.4856,8.3372],[-54.8067,49.4892,4.5039],[-54.8085,49.4861,0.8807],[-54.806399999999996,49.4871,1.602],[-54.8047,49.4858,5.5225],[-54.7933,49.4919,0.0],[-54.79,49.4911,0.0],[-54.7872,49.4928,4.9935],[-54.7808,49.4931,1.117],[-54.7733,49.4906,5.8915],[-54.77,49.488,0.0],[-54.7667,49.4817,1.6836],[-54.7619,49.48,0.0],[-54.7567,49.4842,0.0],[-54.7572,49.4864,2.0896],[-54.7544,49.4867,0.0],[-54.7561,49.4875,3.9245],[-54.7556,49.4889,0.0],[-54.7581,49.4886,7.0458],[-54.7586,49.4919,0.0],[-54.7606,49.4933,15.7305],[-54.7589,49.495,1.2827],[-54.7553,49.4937,2.4856],[-54.7522,49.4964,2.1607],[-54.7489,49.4958,1.3383],[-54.7453,49.5,3.531],[-54.7433,49.4994,0.5624],[-54.7436,49.5042,2.1713],[-54.7464,49.5089,0.0],[-54.7489,49.51,3.3848],[-54.7486,49.5114,0.0],[-54.7525,49.5117,12.0896],[-54.7472,49.5153,6.5065],[-54.7464,49.5181,0.0],[-54.7603,49.5167,11.8816],[-54.7622,49.5186,9.4696],[-54.7561,49.5206,2.1214],[-54.7569,49.5228,0.8669],[-54.7536,49.5239,1.5773],[-54.7558,49.5253,4.6632],[-54.7556,49.5267,3.9082],[-54.7531,49.5261,0.0],[-54.7533,49.5286,0.0],[-54.7489,49.5269,0.0],[-54.725,49.5297,5.5658],[-54.7233,49.5292,9.1309],[-54.7228,49.5266,0.0],[-54.7208,49.5278,4.5638],[-54.7219,49.5283,4.5638],[-54.7211,49.5301,1.8865],[-54.7153,49.5294,0.0],[-54.7131,49.5314,2.8021],[-54.7092,49.5294,1.2195],[-54.7053,49.5299,0.0],[-54.7047,49.5319,1.6703],[-54.7061,49.5322,1.7771],[-54.7028,49.5331,1.6139],[-54.7042,49.5347,2.7174],[-54.6981,49.5358,2.9337],[-54.6972,49.5369,0.0],[-54.6986,49.5383,7.919],[-54.6958,49.5403,1.0302],[-54.6931,49.5367,0.0],[-54.6894,49.5391,6.1488],[-54.6865,49.5373,2.8729],[-54.6845,49.5375,0.0],[-54.6863,49.5384,2.8729],[-54.685,49.5394,1.745],[-54.6797,49.5397,0.0],[-54.6683,49.5378,0.0],[-54.6589,49.5419,0.0],[-54.65,49.5428,4.9689],[-54.6408,49.5428,2.5994],[-54.6426,49.5412,0.0],[-54.6399,49.5406,2.5449],[-54.6247,49.5428,0.9712],[-54.6207,49.5451,0.8393],[-54.6222,49.5464,7.7931],[-54.6142,49.548,0.0],[-54.6072,49.5519,0.0],[-54.6019,49.5522,10.5952],[-54.5956,49.5553,0.0],[-54.5942,49.5575,4.8629],[-54.5886,49.5583,0.0],[-54.5817,49.5672,3.7746],[-54.5766,49.5703,2.2904],[-54.5775,49.5733,1.4999],[-54.5756,49.5747,0.859],[-54.5767,49.5753,5.0537],[-54.5708,49.5778,4.0391],[-54.5697,49.5764,1.7334],[-54.5731,49.5711,0.7854],[-54.5697,49.5678,0.7672],[-54.5608,49.5781,0.5215],[-54.5578,49.5778,0.0],[-54.5536,49.5803,0.0],[-54.5539,49.5844,0.4459],[-54.556399999999996,49.5856,2.5314],[-54.5503,49.5911,4.1135],[-54.5539,49.5953,2.3291],[-54.5631,49.5914,1.0906],[-54.5597,49.5942,0.0],[-54.5619,49.5947,2.6985],[-54.5644,49.5919,0.133],[-54.5614,49.5903,8.1831],[-54.5658,49.5864,5.4325],[-54.5666,49.5823,3.9494],[-54.5699,49.5838,2.3138],[-54.5661,49.5881,2.56],[-54.5672,49.59,2.3679],[-54.5653,49.5919,0.133],[-54.5666,49.5931,10.5404],[-54.556399999999996,49.6003,0.0],[-54.5528,49.6,0.0],[-54.5514,49.6022,1.1584],[-54.5522,49.6036,12.7698],[-54.5492,49.6067,2.8157],[-54.5455,49.606,7.7752],[-54.5464,49.6045,0.0],[-54.5434,49.6055,2.3888],[-54.5426,49.6067,2.3888],[-54.545,49.6068,7.7752],[-54.5403,49.6144,11.354],[-54.5447,49.6167,7.8356],[-54.5469,49.6148,3.1294],[-54.5453,49.6183,2.231],[-54.5467,49.6214,0.6095],[-54.5467,49.6197,10.5732],[-54.55,49.62,0.697],[-54.5508,49.6183,16.7797],[-54.5555,49.6178,10.8152],[-54.5567,49.619,0.0],[-54.5631,49.6125,2.2156],[-54.5661,49.6136,10.502],[-54.5609,49.6164,3.3889],[-54.5619,49.6186,0.0],[-54.5646,49.6188,0.0],[-54.5747,49.615,2.0362],[-54.5808,49.6108,8.8987],[-54.5822,49.6114,8.8987],[-54.5733,49.6158,0.1314],[-54.5689,49.6203,0.6685],[-54.565,49.6203,0.0],[-54.5639,49.6225,0.7377],[-54.5619,49.6211,2.8816],[-54.5625,49.6228,0.7377],[-54.5591,49.6234,0.0],[-54.5531,49.6281,0.0],[-54.5517,49.6307,0.0],[-54.5577,49.6279,26.8623],[-54.5527,49.6332,0.0],[-54.5514,49.6381,2.0678],[-54.5486,49.6378,0.0],[-54.5453,49.6403,0.0],[-54.5447,49.6425,0.0],[-54.5467,49.6431,6.82],[-54.5432,49.6466,0.0],[-54.5476,49.6464,2.1719],[-54.5468,49.6442,1.93],[-54.5517,49.6389,3.7741],[-54.5581,49.64,4.8921],[-54.5625,49.6356,6.4852],[-54.5567,49.6433,0.0],[-54.5494,49.6483,0.0],[-54.5505,49.6502,4.213],[-54.5572,49.6478,16.6491],[-54.5597,49.6489,0.0],[-54.5642,49.6461,6.9393],[-54.5661,49.6472,0.0],[-54.5786,49.6411,0.0],[-54.5804,49.6359,19.4042],[-54.585,49.6342,4.9885],[-54.5811,49.6369,1.2432],[-54.581,49.6394,1.7373],[-54.5833,49.6414,0.8116],[-54.5805,49.6443,1.739],[-54.5803,49.6467,0.0],[-54.5817,49.6467,1.1191],[-54.5767,49.6492,30.8748],[-54.5703,49.6492,0.0],[-54.5689,49.6519,3.9658],[-54.5511,49.6578,1.7682],[-54.5403,49.665,3.4642],[-54.5381,49.6704,0.0],[-54.544,49.6698,4.0819],[-54.5481,49.6642,11.2419],[-54.5624,49.6591,0.0],[-54.5626,49.6578,5.1065],[-54.5739,49.6522,7.4023],[-54.5794,49.6517,14.4411],[-54.5799,49.6533,2.3288],[-54.5851,49.6506,0.0],[-54.5883,49.6439,1.2475],[-54.5867,49.6431,0.8168],[-54.5846,49.6449,5.2652],[-54.5839,49.6433,0.3064],[-54.5867,49.6422,0.8168],[-54.5864,49.6392,11.0313],[-54.5896,49.6379,7.0762],[-54.5903,49.6396,1.082],[-54.5942,49.6378,1.7486],[-54.5944,49.6356,2.631],[-54.5917,49.6361,15.0703],[-54.5926,49.6347,23.4781],[-54.6019,49.6293,0.0],[-54.6056,49.6288,0.0],[-54.6064,49.6267,9.4641],[-54.6158,49.6204,10.2322],[-54.6211,49.618899999999996,0.0],[-54.634,49.6048,6.6208],[-54.6322,49.6036,0.0],[-54.6344,49.5983,6.8262],[-54.6379,49.5987,14.6887],[-54.6427,49.5946,4.3638],[-54.644,49.5951,4.3638],[-54.6433,49.5975,6.0642],[-54.6395,49.6002,0.0],[-54.6321,49.6115,2.7661],[-54.6366,49.6117,3.5519],[-54.6454,49.6084,0.0],[-54.6461,49.6056,1.5667],[-54.6562,49.605,1.0978],[-54.6591,49.602,10.9887],[-54.6608,49.6031,2.483],[-54.66,49.6058,3.7757],[-54.6533,49.6106,0.0],[-54.6564,49.6106,13.4409],[-54.6536,49.6131,4.8254],[-54.6395,49.6226,7.2317],[-54.6389,49.6253,19.8058],[-54.6361,49.6247,0.0],[-54.6169,49.6372,3.535],[-54.6144,49.6422,0.6836],[-54.6177,49.6411,3.5777],[-54.6227,49.6355,0.8596],[-54.6265,49.6372,0.0],[-54.6275,49.6347,33.5998],[-54.6325,49.6312,9.1708],[-54.6357,49.6311,4.8176],[-54.6369,49.6292,2.3391],[-54.6386,49.6297,13.6383],[-54.6364,49.6333,18.2634],[-54.6414,49.633,2.9267],[-54.6407,49.6306,0.0],[-54.6443,49.6308,0.0],[-54.6453,49.6294,0.0],[-54.6443,49.6274,28.2163],[-54.646,49.6261,2.3881],[-54.6455,49.6243,10.5377],[-54.6471,49.6254,26.7827],[-54.6478,49.6314,2.5979],[-54.634,49.6394,4.9127],[-54.6373,49.6404,27.1802],[-54.6398,49.6383,24.8395],[-54.644,49.6387,13.9808],[-54.6528,49.6344,1.6248],[-54.6533,49.6327,2.9104],[-54.6514,49.6326,7.5117],[-54.6562,49.63,2.2402],[-54.6556,49.6273,1.837],[-54.6655,49.6231,3.5623],[-54.6731,49.6225,1.6723],[-54.6733,49.6208,0.0],[-54.6789,49.6173,7.9961],[-54.682,49.6172,0.0],[-54.6853,49.6103,8.0784],[-54.6867,49.61,3.7874],[-54.6853,49.6086,0.0],[-54.681399999999996,49.6089,31.1692],[-54.6792,49.6056,19.7341],[-54.6821,49.6038,4.4307],[-54.6819,49.605,4.4307],[-54.6841,49.6053,3.0912],[-54.69,49.6019,0.0],[-54.6933,49.5978,0.0],[-54.6899,49.5964,0.0],[-54.6917,49.5936,0.0],[-54.6769,49.5986,25.6374],[-54.6888,49.589,11.2272],[-54.6881,49.5878,1.2348],[-54.6822,49.5889,7.0321],[-54.6869,49.5847,2.3826],[-54.6759,49.5823,4.2328],[-54.6778,49.5811,2.8926],[-54.6897,49.5819,6.7071],[-54.6939,49.5808,0.0],[-54.7106,49.5703,6.1631],[-54.7118,49.5689,6.1631],[-54.7109,49.566,0.3944],[-54.7075,49.5658,16.5738],[-54.705,49.5633,4.7602],[-54.7061,49.5625,4.7602],[-54.7042,49.5622,4.7602],[-54.7061,49.5611,19.4143],[-54.7111,49.5592,7.7224],[-54.7136,49.5614,2.1918],[-54.7172,49.5617,0.0],[-54.715,49.5597,13.759],[-54.7199,49.5582,6.8753],[-54.7314,49.56,14.6611],[-54.7322,49.5566,0.4196],[-54.7289,49.5567,0.0],[-54.7286,49.555,31.686],[-54.7314,49.5544,0.935],[-54.7319,49.5512,4.7802],[-54.7347,49.5517,7.3602],[-54.7342,49.5541,3.5195],[-54.7378,49.5556,7.1117],[-54.7347,49.5567,1.096],[-54.7369,49.5597,0.0],[-54.7397,49.5592,1.8345],[-54.7378,49.5574,6.6482],[-54.7385,49.5563,7.1117],[-54.7431,49.5542,3.7635],[-54.7448,49.5551,6.5528],[-54.7506,49.5514,10.2521],[-54.7567,49.5444,9.6656],[-54.7578,49.5397,7.9747],[-54.7664,49.5317,1.5906],[-54.765,49.53,3.7312],[-54.7706,49.5264,5.3366],[-54.7719,49.5278,2.1749],[-54.7703,49.5319,8.8651],[-54.7653,49.5356,0.0],[-54.7628,49.5439,15.2727],[-54.7583,49.5472,0.0],[-54.7581,49.5497,0.8348],[-54.7628,49.5492,2.0643],[-54.7661,49.5453,7.4074],[-54.7711,49.5431,2.6108],[-54.7719,49.5389,1.9841],[-54.7797,49.5378,2.7385],[-54.7836,49.5394,0.0],[-54.7919,49.5364,5.1128],[-54.7953,49.5467,12.68],[-54.8014,49.5461,10.1963],[-54.8028,49.5472,0.0],[-54.8022,49.5506,15.4496],[-54.7994,49.5533,6.9022],[-54.8224,49.5536,22.8012],[-54.815,49.5561,7.6327],[-54.8072,49.556399999999996,0.0],[-54.805,49.5592,20.8798],[-54.8056,49.5609,12.5218],[-54.8034,49.5618,8.0418],[-54.8157,49.5679,11.9954],[-54.8058,49.5767,4.9295],[-54.8028,49.5839,0.0],[-54.8022,49.5901,0.0],[-54.7967,49.5878,0.0],[-54.7944,49.5894,0.0],[-54.7969,49.5925,3.1292],[-54.8027,49.5939,0.0],[-54.7956,49.5978,6.1846],[-54.7955,49.6013,9.4619],[-54.8006,49.6019,22.6826],[-54.8019,49.6059,0.0],[-54.8061,49.6039,0.0],[-54.8036,49.6014,0.0],[-54.8044,49.6,8.7536],[-54.8116,49.5987,0.9508],[-54.8136,49.5954,6.6521],[-54.8164,49.5942,2.0164],[-54.8202,49.5941,1.6741],[-54.8264,49.5973,0.0],[-54.8281,49.5949,8.309],[-54.8254,49.5904,40.5369],[-54.8294,49.5878,24.6109],[-54.8316,49.584,6.8446],[-54.8338,49.5847,2.8058],[-54.8385,49.5829,10.3311],[-54.8412,49.5844,7.9781],[-54.8414,49.5906,29.2431],[-54.8381,49.5917,10.9576],[-54.8367,49.5939,0.0],[-54.8389,49.5967,23.7904],[-54.8383,49.5993,4.1404],[-54.8481,49.5964,17.5232],[-54.8489,49.5956,0.0],[-54.8451,49.5908,20.6914],[-54.8495,49.5895,0.4663],[-54.8556,49.5828,18.4665],[-54.8561,49.5783,58.9983],[-54.8583,49.5789,3.7934],[-54.8578,49.5811,4.4111],[-54.8602,49.5806,11.6005],[-54.8619,49.5767,1.9586],[-54.8583,49.5772,3.3518],[-54.8553,49.5744,13.8953],[-54.8575,49.5717,20.5972],[-54.8603,49.5722,0.0],[-54.8624,49.5706,6.1192],[-54.865,49.5717,42.4155],[-54.8667,49.5756,7.5669],[-54.8728,49.5764,5.0404],[-54.8722,49.5778,5.0184],[-54.8678,49.5781,1.3601],[-54.8633,49.5822,0.0],[-54.8655,49.585,50.8274],[-54.8627,49.5876,6.1732],[-54.8632,49.589,0.0],[-54.8707,49.5873,0.0],[-54.8754,49.5896,12.4951],[-54.8758,49.5914,1.0545],[-54.8782,49.5907,0.4861],[-54.8783,49.5922,0.0],[-54.885,49.5935,44.5423],[-54.8879,49.5959,0.9706],[-54.8917,49.5947,0.0],[-54.8958,49.5908,7.9503],[-54.8969,49.5917,7.9503],[-54.8928,49.5958,0.0],[-54.8933,49.5969,0.0],[-54.8961,49.5956,0.0],[-54.9011,49.5968,17.1711],[-54.9042,49.5947,0.0],[-54.9105,49.5839,0.0],[-54.9106,49.5809,1.9477],[-54.9078,49.5814,4.1996],[-54.9107,49.5763,0.0],[-54.9102,49.5739,0.0],[-54.9078,49.5727,0.0],[-54.9094,49.5681,0.0],[-54.9017,49.5689,12.2328],[-54.9014,49.5672,4.1394],[-54.8994,49.5672,6.2783],[-54.8997,49.5703,16.5104],[-54.8984,49.5707,9.3747],[-54.8981,49.5658,5.9853],[-54.8942,49.5625,3.2729],[-54.8915,49.5628,1.4711],[-54.8906,49.5594,24.2011],[-54.8855,49.5576,14.5328],[-54.8915,49.5554,0.0],[-54.8944,49.5511,6.6564],[-54.8978,49.5517,4.3963],[-54.8958,49.5494,5.7281],[-54.9002,49.5487,1.7327],[-54.8995,49.5469,22.5375],[-54.9031,49.5453,5.9989],[-54.9025,49.5428,0.0],[-54.8999,49.543,7.0942],[-54.8979,49.5401,0.0],[-54.8908,49.5417,0.0],[-54.8906,49.5453,0.0],[-54.8933,49.5475,4.4223],[-54.8908,49.5492,32.1777],[-54.8878,49.5481,10.8201],[-54.8862,49.5438,11.2201],[-54.8769,49.5458,0.0],[-54.8786,49.5481,0.0],[-54.8759,49.5496,5.5601],[-54.8719,49.5493,0.0],[-54.8732,49.5508,4.2736],[-54.8686,49.5503,0.0],[-54.8675,49.5519,2.7923],[-54.86,49.5494,2.1455],[-54.8508,49.5519,0.0],[-54.845,49.5506,8.7527],[-54.8356,49.5522,13.3811],[-54.835,49.5514,12.2549],[-54.8488,49.5489,0.0],[-54.8529,49.55,13.7743],[-54.8559,49.5484,17.1289],[-54.8671,49.5484,2.3732],[-54.8682,49.5451,35.8164],[-54.8775,49.5435,2.6596],[-54.8711,49.5422,13.0826],[-54.8733,49.5406,0.0],[-54.8681,49.5381,1.8837],[-54.8684,49.5357,6.1255],[-54.8721,49.5356,0.0],[-54.8658,49.5311,8.7452],[-54.8673,49.5291,1.7533],[-54.8643,49.5286,0.0],[-54.8625,49.5308,14.2758],[-54.8594,49.5314,2.2524],[-54.8539,49.5304,10.892],[-54.8608,49.5283,0.6414],[-54.8561,49.5249,0.0],[-54.8563,49.5261,10.3132],[-54.8511,49.5256,9.916],[-54.8528,49.5239,1.4281],[-54.8514,49.5222,1.693],[-54.8561,49.5232,3.9588],[-54.8546,49.521,6.4956],[-54.8558,49.5205,6.4956],[-54.8539,49.5194,0.0],[-54.8535,49.521,6.4115],[-54.8495,49.5197,0.0],[-54.8392,49.5231,4.72],[-54.8331,49.5225,4.8997],[-54.8223,49.5261,13.7137],[-54.8258,49.5211,0.0],[-54.8225,49.5192,5.9393],[-54.8228,49.5178,6.9232],[-54.8281,49.5178,2.443],[-54.8303,49.5161,0.0],[-54.8306,49.5147,0.0],[-54.8257,49.5116,6.2187],[-54.8328,49.5085,5.7078]]],
[[[-54.8011,49.558,7.6692],[-54.8028,49.5589,0.0],[-54.8042,49.5566,0.0],[-54.802,49.5568,0.0],[-54.8011,49.558,7.6692]]],
[[[-54.7647,49.5728,6.998],[-54.7664,49.5733,8.3326],[-54.7619,49.5769,13.1846],[-54.7636,49.5792,0.0],[-54.7661,49.5789,0.0],[-54.7653,49.5777,8.2759],[-54.7678,49.5761,7.9142],[-54.7703,49.5761,0.0],[-54.7703,49.5739,0.0],[-54.7749,49.5713,1.3942],[-54.7728,49.5678,5.6158],[-54.7733,49.5658,7.7952],[-54.7672,49.5636,0.0],[-54.7608,49.5653,0.0],[-54.76,49.5628,0.0],[-54.7375,49.5656,7.2594],[-54.7406,49.567,22.178],[-54.7442,49.5656,6.6124],[-54.7432,49.5696,0.0],[-54.7513,49.5662,14.6901],[-54.7533,49.5667,7.1136],[-54.7536,49.5683,5.2085],[-54.7593,49.568,8.1395],[-54.7611,49.5736,4.5032],[-54.7647,49.5728,6.998]]],
[[[-54.7522,49.5789,0.0],[-54.755,49.5775,5.9018],[-54.7569,49.5733,0.0],[-54.7525,49.5758,3.0458],[-54.7522,49.5789,0.0]]],
[[[-54.9094,49.5483,0.0],[-54.9069,49.5489,0.0],[-54.9125,49.5497,0.6409],[-54.9094,49.5483,0.0]]],
[[[-54.9183,49.5886,0.509],[-54.9158,49.59,0.0],[-54.9133,49.5925,0.7613],[-54.9197,49.5903,10.5032],[-54.9183,49.5886,0.509]]],
[[[-54.7083,49.5836,6.9566],[-54.7058,49.5844,0.0],[-54.7053,49.5908,0.0],[-54.7089,49.5906,0.0],[-54.7081,49.5872,3.2701],[-54.7119,49.5881,2.9905],[-54.7153,49.5861,7.2594],[-54.7217,49.5789,2.3437],[-54.7217,49.5769,0.0],[-54.7136,49.5786,0.0],[-54.7083,49.5836,6.9566]]],
[[[-54.7192,49.59,0.839],[-54.7183,49.5903,0.0],[-54.7181,49.5919,0.0],[-54.7206,49.5903,0.0],[-54.7192,49.59,0.839]]],
[[[-54.7222,49.5919,0.0],[-54.7253,49.5931,1.5653],[-54.7278,49.5894,0.0],[-54.725,49.5897,0.0],[-54.7222,49.5919,0.0]]],
[[[-54.7725,49.5775,0.0],[-54.7681,49.5775,2.7192],[-54.7681,49.5797,2.2761],[-54.7728,49.5797,1.7805],[-54.7725,49.5775,0.0]]],
[[[-54.7739,49.5786,0.0],[-54.775,49.5803,1.2722],[-54.7697,49.5856,1.31],[-54.7708,49.5883,2.7143],[-54.7761,49.5897,1.4095],[-54.7803,49.5867,8.1526],[-54.7836,49.5864,2.1912],[-54.7808,49.585,4.0731],[-54.7858,49.58,30.4586],[-54.7858,49.5758,26.2707],[-54.7839,49.5739,20.8681],[-54.7853,49.5728,1.5828],[-54.7825,49.5708,5.3118],[-54.7781,49.5736,0.0],[-54.7758,49.5733,0.0],[-54.7739,49.5786,0.0]]],
[[[-54.7772,49.6033,5.7905],[-54.7785,49.6022,0.0],[-54.7772,49.6008,2.5104],[-54.7757,49.6022,0.0],[-54.7772,49.6033,5.7905]]],
[[[-54.8144,49.606,9.1601],[-54.8106,49.6047,0.0],[-54.8092,49.6061,3.3831],[-54.8136,49.6077,1.8587],[-54.8144,49.606,9.1601]]],
[[[-54.7167,49.64,16.2946],[-54.7178,49.6406,4.5888],[-54.7161,49.6425,3.332],[-54.7122,49.6425,0.0],[-54.7142,49.6458,0.0],[-54.7114,49.6481,2.7769],[-54.7009,49.6492,8.9458],[-54.7014,49.6511,2.7916],[-54.7093,49.6531,9.3645],[-54.7039,49.6583,0.0],[-54.7044,49.6606,13.1295],[-54.6986,49.6636,2.5658],[-54.6989,49.6653,5.4573],[-54.7042,49.6639,7.2887],[-54.7058,49.6653,7.2887],[-54.7174,49.664,1.8753],[-54.7152,49.6649,2.6024],[-54.7171,49.6669,4.8342],[-54.715,49.6669,0.0],[-54.7136,49.6707,0.0],[-54.7092,49.6725,13.7577],[-54.7119,49.6742,4.3459],[-54.7102,49.6749,0.0],[-54.7119,49.6756,0.0],[-54.7107,49.6776,0.6221],[-54.7217,49.6747,19.5278],[-54.7225,49.6778,0.0],[-54.7261,49.6783,0.0],[-54.7277,49.6724,0.8389],[-54.7256,49.6708,1.2245],[-54.7358,49.6656,0.0],[-54.7386,49.6594,2.3878],[-54.7436,49.6617,7.0298],[-54.7403,49.6672,0.0],[-54.7461,49.6655,0.4618],[-54.7394,49.67,0.0],[-54.7425,49.67,19.9778],[-54.7426,49.6716,0.7387],[-54.7453,49.6725,10.0329],[-54.7447,49.6753,0.0],[-54.7483,49.6744,8.4823],[-54.7511,49.6775,0.0],[-54.7544,49.6764,3.9632],[-54.7553,49.6745,21.3553],[-54.7603,49.6738,0.155],[-54.7608,49.6722,0.7942],[-54.7578,49.6683,0.0],[-54.7539,49.6667,1.0913],[-54.7642,49.665,1.4181],[-54.7594,49.6622,16.2293],[-54.76,49.6586,0.6857],[-54.7622,49.6567,0.0],[-54.7625,49.6542,0.2981],[-54.7611,49.6531,1.8835],[-54.7639,49.6503,6.5664],[-54.7653,49.6511,0.3262],[-54.7647,49.6492,6.5664],[-54.7672,49.6467,10.7365],[-54.7691,49.6478,1.8494],[-54.7687,49.6508,0.8714],[-54.7711,49.6512,3.0957],[-54.7729,49.6539,2.8142],[-54.775,49.6672,0.0],[-54.7813,49.6697,2.0334],[-54.7813,49.6716,0.0],[-54.784,49.6729,0.0],[-54.7783,49.6806,4.5423],[-54.7804,49.6816,5.2454],[-54.785,49.6795,26.7102],[-54.7851,49.683,0.0],[-54.7877,49.6839,21.6856],[-54.7858,49.6846,0.0],[-54.7869,49.6862,24.4861],[-54.7937,49.6878,17.174],[-54.7963,49.6862,4.3074],[-54.7976,49.6885,24.6473],[-54.8037,49.6905,0.0],[-54.8083,49.6853,2.2776],[-54.8065,49.6843,13.6801],[-54.8072,49.6828,10.7989],[-54.8183,49.68,23.7985],[-54.8205,49.6775,12.9468],[-54.8189,49.6763,0.0],[-54.8075,49.6761,10.7669],[-54.8055,49.6744,3.017],[-54.8075,49.6728,1.2006],[-54.8042,49.6733,0.0],[-54.8014,49.6717,6.4076],[-54.8032,49.6692,0.0],[-54.802,49.6644,9.6923],[-54.8059,49.6626,0.6402],[-54.802,49.6601,0.0],[-54.7986,49.6597,0.0],[-54.7961,49.6625,11.9173],[-54.7889,49.6614,1.324],[-54.7878,49.6597,0.596],[-54.789,49.6564,0.0],[-54.7845,49.6531,1.0685],[-54.7799,49.653,4.3124],[-54.7807,49.6493,1.9429],[-54.7781,49.6475,6.5986],[-54.7711,49.6481,0.9933],[-54.7722,49.6439,0.3031],[-54.7692,49.6468,0.0],[-54.769,49.6448,0.0],[-54.7636,49.6447,5.6199],[-54.7672,49.6418,16.9417],[-54.765,49.6392,5.975],[-54.7661,49.6361,1.657],[-54.7714,49.6369,6.8305],[-54.7719,49.635,5.3335],[-54.7714,49.6333,0.0],[-54.7664,49.6347,1.0752],[-54.7644,49.6333,2.9072],[-54.7661,49.6294,0.798],[-54.7583,49.6269,8.9995],[-54.7664,49.6236,12.6743],[-54.7658,49.6164,1.9544],[-54.7536,49.6175,6.6252],[-54.7467,49.6119,0.0],[-54.7397,49.6142,1.9212],[-54.7372,49.611,0.0],[-54.7339,49.6119,0.0],[-54.7322,49.6086,5.5926],[-54.7344,49.6078,0.2716],[-54.7366,49.6002,0.4707],[-54.7319,49.5994,3.2904],[-54.7278,49.5964,0.0],[-54.7211,49.5983,2.6399],[-54.7182,49.595,0.0],[-54.6994,49.5964,0.0],[-54.7042,49.6064,7.0582],[-54.7008,49.6072,10.9012],[-54.7006,49.6117,5.469],[-54.705,49.6107,2.542],[-54.7072,49.6117,5.4732],[-54.6981,49.6158,6.0984],[-54.7005,49.6165,7.9226],[-54.6978,49.6206,0.0],[-54.7003,49.6219,8.5489],[-54.6931,49.6269,0.0],[-54.6944,49.6286,4.2998],[-54.6986,49.6278,28.0865],[-54.6959,49.6313,14.4778],[-54.6864,49.6347,1.1293],[-54.6947,49.6358,2.9455],[-54.6989,49.6339,6.8425],[-54.6962,49.6374,5.2662],[-54.6992,49.6378,2.6415],[-54.7011,49.635,6.915],[-54.7044,49.6339,0.219],[-54.7044,49.6328,0.2402],[-54.7019,49.6331,5.7628],[-54.7036,49.6306,5.0208],[-54.71,49.6289,2.3371],[-54.7092,49.6314,0.9201],[-54.7122,49.6331,4.2108],[-54.7114,49.6339,0.2001],[-54.7131,49.6356,0.0],[-54.7206,49.6358,9.7743],[-54.7211,49.6372,6.787],[-54.7167,49.64,16.2946]]],
[[[-54.6817,49.6289,3.7768],[-54.6836,49.6292,0.9389],[-54.685,49.6286,1.5504],[-54.6817,49.6275,7.2718],[-54.6817,49.6289,3.7768]]],
[[[-54.743899999999996,49.6871,0.0],[-54.743,49.6865,0.0],[-54.7411,49.6864,0.0],[-54.7436,49.6884,0.0],[-54.743899999999996,49.6871,0.0]]],
[[[-54.7822,49.613,2.5896],[-54.7792,49.6128,1.3819],[-54.785,49.6147,4.0283],[-54.7847,49.6136,0.0],[-54.7822,49.613,2.5896]]],
[[[-54.7947,49.6553,0.0],[-54.7911,49.6553,0.0],[-54.7902,49.6564,0.0],[-54.7965,49.6565,3.7655],[-54.7947,49.6553,0.0]]],
[[[-54.7385,49.6881,0.0],[-54.7387,49.6897,0.0],[-54.7334,49.6909,0.5327],[-54.7328,49.6929,0.0],[-54.7398,49.691,2.9268],[-54.74,49.687,0.0],[-54.7385,49.6881,0.0]]],
[[[-54.73,49.6914,0.1732],[-54.7319,49.6917,1.8531],[-54.7325,49.6906,1.8531],[-54.7308,49.69,0.0],[-54.73,49.6914,0.1732]]],
[[[-54.7477,49.6904,6.0147],[-54.7503,49.6891,8.6272],[-54.7534,49.6911,0.0],[-54.7593,49.6907,0.0],[-54.7607,49.6892,5.479],[-54.7631,49.6902,10.9735],[-54.7668,49.6866,34.7261],[-54.7664,49.683,3.2577],[-54.7615,49.6791,3.3552],[-54.7484,49.6845,1.8569],[-54.7456,49.6843,3.2218],[-54.7441,49.6869,0.3458],[-54.7478,49.6886,8.7528],[-54.7457,49.6904,0.0],[-54.7477,49.6904,6.0147]]],
[[[-54.7597,49.7028,0.0],[-54.7561,49.7019,0.0],[-54.7553,49.7042,0.0],[-54.7561,49.7033,3.1777],[-54.7597,49.7028,0.0]]],
[[[-54.4006,49.5214,0.1016],[-54.3997,49.5203,2.814],[-54.3969,49.5219,0.0],[-54.4006,49.5214,0.1016]]],
[[[-54.2717,49.5228,3.2954],[-54.27,49.5233,3.2954],[-54.2744,49.5236,11.0057],[-54.2781,49.5211,2.7476],[-54.275,49.5203,0.0],[-54.2717,49.5228,3.2954]]],
[[[-54.4128,49.5311,1.0773],[-54.4178,49.5308,4.0568],[-54.4236,49.5333,5.3651],[-54.4242,49.53,17.3741],[-54.4275,49.5264,0.0],[-54.4183,49.5239,7.1435],[-54.4103,49.5289,1.4949],[-54.4128,49.5311,1.0773]]],
[[[-54.2764,49.5353,0.0],[-54.2703,49.5342,3.1867],[-54.2722,49.5378,3.7539],[-54.2765,49.5378,0.0],[-54.2764,49.5353,0.0]]],
[[[-54.6719,49.5281,0.0351],[-54.6728,49.5272,0.0351],[-54.6653,49.5294,1.3351],[-54.6678,49.5297,1.1378],[-54.6719,49.5281,0.0351]]],
[[[-54.6769,49.5372,0.0],[-54.6786,49.5369,3.6366],[-54.6778,49.5347,2.0372],[-54.6744,49.5347,3.0364],[-54.6764,49.5358,2.6043],[-54.6769,49.5372,0.0]]],
[[[-54.4197,49.5453,0.0],[-54.4197,49.5508,0.0],[-54.4233,49.5511,8.1812],[-54.4239,49.5533,0.4275],[-54.4275,49.5522,0.0],[-54.4278,49.5503,0.0],[-54.425,49.55,18.17],[-54.4292,49.5453,0.0],[-54.4292,49.5431,0.2587],[-54.4268,49.5411,0.0],[-54.4272,49.5361,0.0],[-54.4203,49.5361,2.1744],[-54.4197,49.5453,0.0]]],
[[[-54.4597,49.5531,1.9022],[-54.4597,49.5544,2.0077],[-54.4614,49.5551,0.0],[-54.4616,49.5537,0.0],[-54.4597,49.5531,1.9022]]],
[[[-54.6778,49.529,2.8954],[-54.6762,49.5303,0.0],[-54.6761,49.5311,0.0],[-54.68,49.5303,0.9008],[-54.6778,49.529,2.8954]]],
[[[-54.7099,49.5604,18.6557],[-54.7075,49.5614,3.3638],[-54.7072,49.5619,3.3638],[-54.7119,49.5625,2.5074],[-54.7099,49.5604,18.6557]]],
[[[-54.7192,49.5633,0.0],[-54.7221,49.5652,3.0292],[-54.7286,49.5647,1.9201],[-54.7267,49.5631,0.0],[-54.7192,49.5633,0.0]]],
[[[-54.7372,49.5725,5.4988],[-54.7364,49.5733,0.0],[-54.7392,49.5722,0.0],[-54.7389,49.5703,0.0],[-54.7372,49.5703,0.0],[-54.7372,49.5725,5.4988]]],
[[[-54.4867,49.5658,4.5137],[-54.4831,49.5675,0.0],[-54.4937,49.5655,1.1384],[-54.4988,49.5622,0.0],[-54.4936,49.5631,0.0],[-54.4867,49.5658,4.5137]]],
[[[-54.4648,49.5766,3.7515],[-54.4675,49.5758,1.4518],[-54.4692,49.5728,3.2293],[-54.465,49.5733,0.0],[-54.4648,49.5766,3.7515]]],
[[[-54.4656,49.5783,3.0117],[-54.4672,49.5789,0.0],[-54.4708,49.5769,0.0],[-54.4689,49.5756,1.4518],[-54.4656,49.5783,3.0117]]],
[[[-54.4967,49.5806,0.0],[-54.5011,49.5792,0.6555],[-54.5011,49.5786,0.0],[-54.4975,49.5797,0.0],[-54.4967,49.5806,0.0]]],
[[[-54.3456,49.5956,0.0],[-54.3486,49.5944,0.0],[-54.3439,49.5931,0.0],[-54.3436,49.5947,0.0],[-54.3456,49.5956,0.0]]],
[[[-54.3622,49.6011,3.5306],[-54.3556,49.6039,0.0],[-54.3572,49.6069,7.0251],[-54.3567,49.6097,4.4869],[-54.3628,49.6094,0.0],[-54.3653,49.6064,0.0],[-54.3644,49.6039,14.1193],[-54.3661,49.6025,0.447],[-54.3622,49.6011,3.5306]]],
[[[-54.3199,49.6133,0.0],[-54.3208,49.6142,0.0],[-54.3192,49.6156,2.6553],[-54.3205,49.6161,2.3779],[-54.3145,49.6178,0.0],[-54.3167,49.6192,0.9115],[-54.3161,49.6212,0.0],[-54.322,49.6178,0.0],[-54.3209,49.6153,0.0],[-54.3221,49.6137,0.0],[-54.3199,49.6133,0.0]]],
[[[-54.4258,49.6183,2.9433],[-54.4253,49.6168,0.0],[-54.4222,49.6172,0.9373],[-54.4233,49.6192,0.0],[-54.4258,49.6183,2.9433]]],
[[[-54.3765,49.6676,0.1147],[-54.3778,49.6667,3.8688],[-54.3768,49.67,0.0],[-54.3816,49.67,3.0575],[-54.379,49.672,0.6041],[-54.3795,49.6734,1.0342],[-54.3822,49.6722,0.6992],[-54.3828,49.674,0.0],[-54.3871,49.6733,4.3925],[-54.3857,49.6749,0.0],[-54.3871,49.6754,0.0],[-54.3922,49.6742,0.0],[-54.3914,49.6731,2.5057],[-54.3948,49.6718,7.9587],[-54.3939,49.6744,2.0129],[-54.4064,49.6711,1.7664],[-54.415,49.6658,2.4007],[-54.4139,49.6644,0.0],[-54.4069,49.6644,3.9119],[-54.4097,49.6603,0.0],[-54.4047,49.6619,1.6699],[-54.4053,49.6608,1.6699],[-54.4031,49.6603,3.3766],[-54.404,49.658,0.0],[-54.4017,49.6569,1.6764],[-54.4057,49.654,0.0],[-54.3999,49.6526,2.3924],[-54.4003,49.65,0.1097],[-54.3948,49.6493,1.2601],[-54.4039,49.6444,0.0],[-54.3925,49.6433,2.6134],[-54.3942,49.6419,9.8079],[-54.3992,49.6425,0.0],[-54.3992,49.6414,7.3526],[-54.4028,49.6422,0.0],[-54.4072,49.6369,4.8603],[-54.4119,49.6375,0.0],[-54.4125,49.6347,0.0],[-54.4081,49.6333,0.6782],[-54.4117,49.6322,0.1851],[-54.4089,49.63,0.7149],[-54.4096,49.6276,3.4625],[-54.4114,49.6258,1.4504],[-54.4158,49.6269,3.2933],[-54.4186,49.6251,0.0],[-54.4165,49.6248,3.2111],[-54.4164,49.6206,2.5457],[-54.4214,49.6183,0.8463],[-54.423,49.6152,0.5896],[-54.4219,49.6147,8.0331],[-54.4263,49.6081,0.0],[-54.4172,49.6108,17.302],[-54.4256,49.6047,3.3902],[-54.4245,49.6031,0.0],[-54.4211,49.6031,3.2647],[-54.4232,49.6008,0.2371],[-54.4172,49.6013,5.1664],[-54.4131,49.599,9.6949],[-54.4135,49.5965,0.0],[-54.4105,49.5961,2.7487],[-54.4114,49.5939,1.2394],[-54.4079,49.5892,0.0],[-54.4122,49.5824,0.0226],[-54.4076,49.5789,5.642],[-54.4098,49.5777,0.3666],[-54.4087,49.5764,1.4368],[-54.4114,49.5714,1.4104],[-54.4077,49.5689,2.512],[-54.4031,49.5708,0.0],[-54.4041,49.5727,2.7006],[-54.4022,49.5737,0.0],[-54.3953,49.5725,1.811],[-54.3884,49.5755,6.0168],[-54.3787,49.5759,0.0],[-54.38,49.5783,2.6679],[-54.3783,49.5819,0.0],[-54.3803,49.5823,0.575],[-54.3833,49.5867,17.3249],[-54.3819,49.5875,0.0],[-54.3822,49.5911,0.0],[-54.3901,49.5888,0.0],[-54.3933,49.5908,1.7621],[-54.3922,49.5933,3.1676],[-54.3956,49.5989,5.5026],[-54.3942,49.6014,2.1179],[-54.3969,49.605,0.0],[-54.3947,49.6067,0.0],[-54.396,49.6115,2.7013],[-54.39,49.6142,0.0],[-54.3909,49.6147,0.0],[-54.3831,49.6203,0.5638],[-54.3867,49.6211,1.9132],[-54.3842,49.6231,0.0],[-54.3836,49.6275,12.8579],[-54.3761,49.6331,1.4417],[-54.3764,49.6367,3.4831],[-54.3731,49.6414,18.5921],[-54.3742,49.6436,3.3555],[-54.3733,49.6453,8.1711],[-54.3672,49.6475,7.1731],[-54.3653,49.6503,0.4101],[-54.3675,49.6528,1.0551],[-54.3708,49.6533,4.2627],[-54.3717,49.6553,0.0],[-54.3657,49.6581,0.0],[-54.3756,49.6569,6.0444],[-54.3729,49.6597,0.3783],[-54.3767,49.6622,0.9666],[-54.3717,49.6656,0.0],[-54.3765,49.6676,0.1147]]],
[[[-54.3117,49.6261,0.0],[-54.3122,49.6233,0.569],[-54.3097,49.6225,0.0],[-54.3086,49.6242,0.1939],[-54.3117,49.6261,0.0]]],
[[[-54.6411,49.6139,1.5811],[-54.64,49.6122,11.9303],[-54.6356,49.6133,0.0],[-54.6353,49.6164,0.0],[-54.6383,49.6172,0.0],[-54.6411,49.6139,1.5811]]],
[[[-54.5444,49.6203,0.4865],[-54.5444,49.6172,2.231],[-54.5423,49.6173,8.9577],[-54.5411,49.6228,0.86],[-54.5431,49.6225,2.095],[-54.5444,49.6203,0.4865]]],
[[[-54.537,49.6237,21.2332],[-54.5389,49.6192,6.4296],[-54.5333,49.62,2.0805],[-54.5319,49.6231,7.9078],[-54.5331,49.625,4.0189],[-54.5361,49.6253,3.8287],[-54.537,49.6237,21.2332]]],
[[[-54.6075,49.6308,3.0762],[-54.6025,49.6317,0.0],[-54.6008,49.6344,0.0],[-54.6072,49.6364,5.4333],[-54.6164,49.6336,14.8868],[-54.6186,49.6303,27.2086],[-54.6269,49.6264,17.9457],[-54.6325,49.6206,0.0],[-54.6325,49.6183,0.0],[-54.6289,49.6175,5.0843],[-54.62,49.6238,10.451599999999999],[-54.6182,49.6236,0.0],[-54.6195,49.6245,0.0],[-54.618899999999996,49.6283,0.0],[-54.6153,49.63,1.7757],[-54.6129,49.6299,1.5363],[-54.6149,49.6296,1.7757],[-54.6159,49.6269,0.0],[-54.6114,49.6291,1.7183],[-54.6147,49.6239,1.1012],[-54.6086,49.6261,1.343],[-54.6067,49.6286,5.5519],[-54.6075,49.6308,3.0762]]],
[[[-54.6606,49.626,8.8377],[-54.6581,49.6272,0.0],[-54.6606,49.6275,4.7657],[-54.6594,49.6297,1.9056],[-54.6653,49.6273,0.0],[-54.6639,49.6258,4.4566],[-54.6606,49.626,8.8377]]],
[[[-54.5194,49.6283,0.0],[-54.5167,49.6319,0.0],[-54.5194,49.6372,0.0],[-54.5261,49.6317,8.776],[-54.5281,49.6328,0.8878],[-54.5328,49.63,4.322],[-54.5308,49.6333,0.0],[-54.5344,49.6317,3.6926],[-54.5297,49.6214,0.0],[-54.5258,49.6272,13.4054],[-54.5225,49.625,0.0],[-54.5222,49.6272,3.1582],[-54.5194,49.6283,0.0]]],
[[[-54.5969,49.633,2.1841],[-54.5953,49.6342,0.9935],[-54.5994,49.6328,0.0],[-54.5984,49.6321,0.9834],[-54.5969,49.633,2.1841]]],
[[[-54.5458,49.6325,5.3732],[-54.5436,49.6353,4.1723],[-54.5447,49.6361,0.4514],[-54.5483,49.6319,0.0],[-54.5458,49.6325,5.3732]]],
[[[-54.5284,49.6333,0.8878],[-54.5275,49.6339,2.2721],[-54.5269,49.6353,0.0],[-54.53,49.6342,2.1598],[-54.5284,49.6333,0.8878]]],
[[[-54.657,49.6341,0.9494],[-54.6577,49.6356,11.2566],[-54.6533,49.6387,0.0],[-54.6561,49.6385,11.6787],[-54.6617,49.6336,0.0],[-54.6582,49.6338,0.9494],[-54.6599,49.6322,3.0831],[-54.659,49.6313,0.0],[-54.6539,49.6333,2.9104],[-54.657,49.6341,0.9494]]],
[[[-54.505,49.6444,0.0],[-54.5047,49.6419,0.0],[-54.5025,49.6431,0.0],[-54.5036,49.6439,0.0],[-54.5025,49.6456,0.0],[-54.505,49.6444,0.0]]],
[[[-54.5783,49.6442,0.0],[-54.578,49.6424,0.0],[-54.5719,49.6453,0.0],[-54.5775,49.645,0.0],[-54.5783,49.6442,0.0]]],
[[[-54.5978,49.6492,4.0271],[-54.5972,49.6519,9.1566],[-54.6035,49.6503,6.6892],[-54.6047,49.6511,2.2424],[-54.6039,49.6525,1.169],[-54.6053,49.6525,8.351],[-54.6064,49.6517,3.0275],[-54.6044,49.6486,18.0682],[-54.6142,49.6444,2.1513],[-54.6114,49.6439,21.538],[-54.6128,49.64,0.0],[-54.61,49.64,0.0],[-54.6017,49.6447,15.9557],[-54.6014,49.6428,0.0],[-54.6001,49.6429,0.0],[-54.5967,49.6467,0.0],[-54.5978,49.6492,4.0271]]],
[[[-54.6161,49.645,10.3979],[-54.6108,49.6475,4.5341],[-54.6031,49.6556,0.0],[-54.6058,49.6561,0.1404],[-54.6097,49.6533,8.046],[-54.6111,49.6533,8.046],[-54.6114,49.6553,2.1122],[-54.6142,49.6553,1.2127],[-54.6153,49.6539,1.2127],[-54.6142,49.6528,5.1375],[-54.6194,49.6511,15.889099999999999],[-54.6192,49.6486,0.5928],[-54.6147,49.65,17.4364],[-54.6172,49.6489,2.3965],[-54.6172,49.6464,4.985],[-54.62,49.6472,0.0],[-54.6226,49.6451,9.9116],[-54.6241,49.6451,9.5369],[-54.6206,49.6511,2.1494],[-54.6233,49.6531,1.4405],[-54.6247,49.6503,26.6887],[-54.6322,49.6467,4.0518],[-54.6325,49.6433,0.0],[-54.631,49.6427,9.6009],[-54.6333,49.6392,4.9127],[-54.6278,49.64,6.2178],[-54.6289,49.6383,0.0],[-54.6272,49.6378,0.0],[-54.6192,49.6428,2.2746],[-54.615,49.6433,0.6836],[-54.6142,49.6453,2.1513],[-54.6161,49.645,10.3979]]],
[[[-54.5753,49.6472,0.0],[-54.5734,49.6476,0.0],[-54.5731,49.6485,0.0],[-54.5771,49.6465,0.0],[-54.5753,49.6472,0.0]]],
[[[-54.5143,49.6489,26.865],[-54.5109,49.6481,0.0],[-54.5011,49.6553,0.8071],[-54.5025,49.6563,3.5535],[-54.5063,49.6549,6.0162],[-54.5143,49.6489,26.865]]],
[[[-54.5542,49.6536,1.112],[-54.5558,49.6525,1.112],[-54.5558,49.6517,0.0],[-54.5533,49.6533,0.0],[-54.5542,49.6536,1.112]]],
[[[-54.58,49.6683,0.0],[-54.5753,49.6736,9.1356],[-54.5814,49.6717,21.7353],[-54.5833,49.6725,1.7315],[-54.5842,49.6697,19.4021],[-54.5903,49.6683,6.8469],[-54.5903,49.6664,0.0],[-54.5878,49.6661,14.8834],[-54.5908,49.6636,3.8373],[-54.5892,49.6625,3.8373],[-54.58,49.6683,0.0]]],
[[[-54.5644,49.6694,0.5308],[-54.5661,49.6686,0.8752],[-54.5642,49.6672,0.8752],[-54.5636,49.6678,0.0],[-54.5644,49.6694,0.5308]]],
[[[-54.4347,49.6781,1.7169],[-54.4349,49.6766,0.0],[-54.4333,49.6764,0.0],[-54.4325,49.6786,0.0],[-54.4372,49.6783,0.0],[-54.4367,49.6775,0.0],[-54.4347,49.6781,1.7169]]],
[[[-54.4263,49.6823,4.3996],[-54.4257,49.6834,0.0],[-54.4289,49.6825,9.353],[-54.4275,49.6844,1.7617],[-54.431399999999996,49.6847,2.5523],[-54.4362,49.6802,0.0],[-54.4301,49.6777,0.8104],[-54.4263,49.6807,13.2148],[-54.4263,49.6823,4.3996]]],
[[[-54.5225,49.7042,0.0],[-54.5245,49.7055,0.0],[-54.5292,49.7044,12.5206],[-54.5298,49.7055,0.0],[-54.5401,49.6991,36.4512],[-54.54,49.7006,0.0],[-54.5444,49.7011,3.9549],[-54.5491,49.6961,24.101],[-54.5586,49.6945,0.0],[-54.5587,49.6914,0.0],[-54.562,49.6886,5.7595],[-54.561,49.6867,17.7314],[-54.563,49.6853,12.6273],[-54.5628,49.6824,1.2651],[-54.55,49.6894,9.1864],[-54.5425,49.6908,3.5464],[-54.5375,49.6953,0.0],[-54.5347,49.695,0.0],[-54.5314,49.6981,10.2326],[-54.5261,49.6992,1.7851],[-54.5225,49.7042,0.0]]],
[[[-54.2878,49.5524,0.3647],[-54.2928,49.5525,1.9029],[-54.2942,49.5514,0.8915],[-54.2896,49.5514,0.0],[-54.2878,49.5524,0.3647]]],
[[[-54.3211,49.5597,0.0],[-54.3214,49.5625,2.5376],[-54.3242,49.5611,1.9347],[-54.3229,49.5597,1.1344],[-54.3211,49.5597,0.0]]],
[[[-54.3728,49.5736,0.0],[-54.377,49.5667,0.0],[-54.3731,49.565,0.0],[-54.3675,49.5697,1.3327],[-54.3703,49.5744,1.5511],[-54.3728,49.5736,0.0]]],
[[[-54.3625,49.5925,5.0111],[-54.3619,49.5944,0.0],[-54.3656,49.5942,0.0],[-54.3656,49.5919,0.0],[-54.3625,49.5925,5.0111]]],
[[[-53.7605,49.5931,3.966],[-53.7602,49.5946,3.5611],[-53.7637,49.5957,0.0],[-53.7678,49.5889,0.0],[-53.763,49.5885,0.0],[-53.76,49.5908,3.4761],[-53.7605,49.5931,3.966]]],
[[[-54.1656,49.6064,1.4502],[-54.1589,49.6006,1.0884],[-54.1447,49.6028,0.4385],[-54.1408,49.6058,5.6542],[-54.14,49.6117,0.0],[-54.1358,49.6142,6.9695],[-54.1303,49.6136,0.0],[-54.1164,49.6083,0.0],[-54.1086,49.6156,0.0],[-54.1122,49.6208,7.6106],[-54.1122,49.625,4.1325],[-54.1175,49.6306,7.8343],[-54.1103,49.6314,5.255],[-54.0939,49.6292,4.7088],[-54.0722,49.6314,5.9877],[-54.065,49.6294,0.0],[-54.0594,49.6322,0.0],[-54.0658,49.6367,0.2036],[-54.0692,49.6425,10.244],[-54.0525,49.6494,4.3975],[-54.0461,49.6497,0.0],[-54.0442,49.6519,0.0],[-54.0358,49.6508,3.0444],[-54.0317,49.6456,2.6846],[-54.0189,49.6486,0.0],[-54.005,49.6458,7.2757],[-53.9986,49.6476,10.1734],[-53.9956,49.6523,0.0],[-53.9978,49.6553,0.9212],[-53.9957,49.6581,0.0],[-53.9962,49.6629,0.0],[-54.0,49.6669,5.1494],[-54.0058,49.6683,7.8167],[-54.0156,49.6664,3.0593],[-54.0267,49.6694,4.4679],[-54.0406,49.6681,7.5285],[-54.0425,49.6744,2.56],[-54.0489,49.6778,0.0],[-54.0483,49.6794,0.0],[-54.0511,49.681399999999996,0.0],[-54.0503,49.685,4.3423],[-54.055,49.6889,0.1199],[-54.055,49.6911,0.0],[-54.0606,49.6947,5.7303],[-54.0597,49.6989,5.7234],[-54.0539,49.6986,0.0],[-54.0472,49.6947,0.0],[-54.0458,49.6953,0.0],[-54.0475,49.6986,0.0],[-54.0449,49.7,0.1048],[-54.0457,49.7033,0.3594],[-54.0542,49.7053,5.0713],[-54.0553,49.7078,0.0],[-54.0589,49.7092,0.1824],[-54.0586,49.7064,0.0302],[-54.0623,49.7053,0.0627],[-54.0575,49.7047,4.6798],[-54.0584,49.7015,2.8277],[-54.0633,49.7028,1.2253],[-54.065,49.7054,0.0],[-54.0617,49.7072,0.0],[-54.0622,49.71,3.718],[-54.065,49.7089,3.8262],[-54.0744,49.7106,0.1314],[-54.0778,49.7073,1.6179],[-54.0816,49.7081,0.8554],[-54.0834,49.7108,3.6115],[-54.073,49.7158,0.3546],[-54.0803,49.721,0.6137],[-54.0824,49.7189,8.0383],[-54.09,49.7208,0.0],[-54.0889,49.727,1.4532],[-54.0958,49.7364,4.5402],[-54.1017,49.7403,33.8991],[-54.1028,49.7447,1.064],[-54.101,49.7465,0.0],[-54.1022,49.7475,1.3622],[-54.1078,49.7461,6.1545],[-54.1141,49.7485,11.3377],[-54.1287,49.7463,15.2824],[-54.1372,49.749,0.0],[-54.1428,49.7479,14.7007],[-54.1481,49.7492,12.9505],[-54.145,49.75,0.0],[-54.1514,49.7536,2.5806],[-54.1653,49.7489,0.0],[-54.1631,49.7464,0.0],[-54.1589,49.7464,2.9051],[-54.1603,49.743899999999996,5.5113],[-54.1603,49.7364,3.0313],[-54.1625,49.7347,-0.0442],[-54.1611,49.7321,0.0],[-54.1598,49.7329,1.0114],[-54.1544,49.7297,9.7997],[-54.1572,49.7258,0.0],[-54.1525,49.7208,5.3826],[-54.1589,49.7197,2.7944],[-54.1669,49.7236,0.4211],[-54.1694,49.7231,6.1847],[-54.1701,49.7302,0.0],[-54.1689,49.7311,0.0],[-54.17,49.7319,0.0],[-54.1778,49.7317,6.7613],[-54.1831,49.7286,9.8939],[-54.1875,49.7292,0.3983],[-54.1869,49.7275,5.1083],[-54.1897,49.7261,0.0],[-54.1883,49.7239,0.6783],[-54.1912,49.7247,3.4236],[-54.1934,49.73,0.0],[-54.2007,49.7311,0.49],[-54.1993,49.7283,0.0],[-54.1976,49.7286,4.3502],[-54.1971,49.7251,0.0],[-54.1927,49.7244,1.6343],[-54.1936,49.7219,6.5605],[-54.2013,49.7187,0.1161],[-54.1992,49.7161,0.2929],[-54.1956,49.7011,7.6156],[-54.1908,49.6936,0.475],[-54.1925,49.6928,0.0],[-54.1922,49.6889,0.0],[-54.1964,49.6844,0.5553],[-54.1939,49.6808,0.0],[-54.1947,49.6794,0.0],[-54.2003,49.6822,0.4758],[-54.1986,49.6836,-0.064],[-54.1991,49.685,0.1123],[-54.2033,49.6836,0.6061],[-54.2031,49.6819,0.0],[-54.2011,49.6817,1.6847],[-54.2067,49.6758,0.0548],[-54.2144,49.6769,3.8297],[-54.2181,49.685,2.4689],[-54.2147,49.6983,0.0],[-54.2156,49.7042,0.0],[-54.2175,49.7056,1.02],[-54.2167,49.7069,1.02],[-54.2256,49.705,3.1222],[-54.2267,49.7139,16.1608],[-54.2253,49.7158,2.1276],[-54.2283,49.7175,0.0],[-54.2272,49.7197,2.2962],[-54.2331,49.7269,6.7334],[-54.2406,49.7266,1.5993],[-54.2392,49.7228,6.0667],[-54.2422,49.725,1.9996],[-54.2431,49.7294,0.0],[-54.2469,49.7306,0.9511],[-54.2477,49.7286,3.9654],[-54.2503,49.7286,5.8497],[-54.2494,49.7275,5.8497],[-54.2542,49.7264,15.1616],[-54.2689,49.7267,0.6063],[-54.2658,49.7253,28.4632],[-54.2681,49.7231,0.0],[-54.2689,49.7206,0.0],[-54.2676,49.7169,12.9338],[-54.27,49.7144,5.2359],[-54.2778,49.7147,5.775],[-54.2778,49.7161,2.3253],[-54.2747,49.7158,0.6636],[-54.2742,49.7175,0.4951],[-54.2756,49.7178,0.4951],[-54.2844,49.7156,0.2259],[-54.2797,49.7092,7.067],[-54.2853,49.7061,0.0],[-54.2867,49.7036,3.672],[-54.2928,49.7011,0.2102],[-54.2922,49.6969,21.691],[-54.2944,49.695,17.7754],[-54.2881,49.6844,2.3274],[-54.2736,49.6758,12.5754],[-54.2722,49.6731,1.8534],[-54.2736,49.6711,3.5952],[-54.2667,49.665,1.041],[-54.2597,49.6636,0.0],[-54.2561,49.66,0.0],[-54.2575,49.6583,2.2202],[-54.2609,49.6581,2.0704],[-54.265,49.6603,1.8641],[-54.2672,49.6581,1.3869],[-54.2706,49.6636,1.6126],[-54.275,49.6642,0.7626],[-54.2811,49.6708,0.0428],[-54.2844,49.6689,1.0732],[-54.2914,49.6725,0.0],[-54.2944,49.6714,11.6567],[-54.2974,49.6747,3.2598],[-54.2955,49.6761,0.0524],[-54.2944,49.674,1.0662],[-54.2922,49.6738,0.0],[-54.2918,49.6761,0.0],[-54.2946,49.6771,2.1285],[-54.2921,49.6787,0.0],[-54.2951,49.6824,0.0146],[-54.2989,49.6816,0.0],[-54.298,49.6753,3.2598],[-54.305,49.6736,7.325],[-54.3119,49.6764,1.3661],[-54.3184,49.6759,1.1927],[-54.3234,49.67,0.0],[-54.3226,49.6625,0.4404],[-54.3164,49.6594,17.6592],[-54.3167,49.6564,8.8243],[-54.3136,49.6542,10.2154],[-54.3133,49.6528,0.462],[-54.3156,49.6514,0.0781],[-54.3128,49.6503,11.892],[-54.3131,49.6481,6.5468],[-54.3169,49.6481,2.5462],[-54.3156,49.6439,0.0],[-54.3131,49.6433,0.0],[-54.3156,49.6392,0.675],[-54.3108,49.6367,3.5882],[-54.3119,49.6336,0.1958],[-54.3092,49.6319,1.0761],[-54.3075,49.6239,0.1939],[-54.3089,49.6225,1.2483],[-54.3083,49.62,8.72],[-54.3136,49.6181,0.0],[-54.3131,49.6142,0.0],[-54.3172,49.6122,0.59],[-54.315,49.61,12.0951],[-54.3197,49.6008,4.2915],[-54.3167,49.5977,6.6723],[-54.3163,49.595,2.7311],[-54.3114,49.5936,0.0],[-54.3072,49.5889,0.7619],[-54.3031,49.5897,-0.0162],[-54.3019,49.5886,4.9506],[-54.3114,49.5858,1.0693],[-54.3117,49.5842,8.5847],[-54.3161,49.5827,0.4862],[-54.3195,49.577,0.0754],[-54.3156,49.5745,0.0],[-54.2983,49.5717,3.1748],[-54.2936,49.565,8.7414],[-54.2883,49.5619,0.0],[-54.2767,49.5642,4.7006],[-54.2673,49.5715,0.0],[-54.2864,49.5769,27.8073],[-54.2878,49.5783,1.2999],[-54.2869,49.5794,2.4047],[-54.2833,49.58,2.2321],[-54.2714,49.5754,0.0],[-54.2675,49.5753,0.0],[-54.2656,49.5769,0.0],[-54.2667,49.5828,1.9401],[-54.2639,49.5844,5.9795],[-54.2578,49.5806,8.5632],[-54.2575,49.5786,0.0],[-54.245,49.5828,5.8384],[-54.2419,49.5825,4.3692],[-54.2319,49.5883,0.0],[-54.2275,49.5953,1.3162],[-54.2283,49.5997,0.0],[-54.2261,49.6011,0.8291],[-54.2161,49.5975,0.3808],[-54.2094,49.6,0.0],[-54.2039,49.5994,5.7269],[-54.2019,49.5978,0.5789],[-54.1986,49.5986,0.0],[-54.1953,49.5967,3.7672],[-54.1947,49.5928,0.0],[-54.1906,49.5997,4.4869],[-54.181399999999996,49.6044,0.0],[-54.1794,49.6075,0.0],[-54.1811,49.6094,0.0],[-54.1888,49.6103,9.6749],[-54.1911,49.6142,1.914],[-54.1897,49.6156,4.5436],[-54.1892,49.6134,0.5834],[-54.1833,49.6117,0.0],[-54.1689,49.6147,10.7966],[-54.1697,49.6086,0.2326],[-54.1656,49.6064,1.4502]]],
[[[-54.2798,49.7231,0.0],[-54.2774,49.7248,0.871],[-54.2781,49.7256,0.0],[-54.2912,49.7261,5.8209],[-54.3032,49.7239,0.0],[-54.3058,49.7214,1.4717],[-54.3058,49.7192,1.8394],[-54.2965,49.7164,10.2857],[-54.3004,49.7153,13.6366],[-54.3037,49.7112,0.0],[-54.3006,49.7101,0.0],[-54.2876,49.7128,0.0],[-54.2795,49.7217,0.0],[-54.2798,49.7231,0.0]]],
[[[-54.2799,49.7283,5.9316],[-54.2804,49.7268,0.0],[-54.2747,49.7286,0.0],[-54.2778,49.7289,0.0],[-54.2799,49.7283,5.9316]]],
[[[-54.252,49.7281,1.2135],[-54.2528,49.7297,3.8514],[-54.2546,49.7283,0.838],[-54.2531,49.7276,1.2135],[-54.252,49.7281,1.2135]]],
[[[-54.2574,49.7294,0.3469],[-54.2572,49.7305,0.0],[-54.2598,49.7289,0.0],[-54.2553,49.7283,0.838],[-54.2574,49.7294,0.3469]]],
[[[-54.0519,49.7091,0.5971],[-54.0546,49.7118,4.5473],[-54.0602,49.7117,0.0],[-54.0591,49.7104,0.1824],[-54.0519,49.7091,0.5971]]],
[[[-53.1803,49.7583,3.0353],[-53.1846,49.7572,2.2074],[-53.1909,49.7584,0.0],[-53.1881,49.7548,0.0],[-53.1835,49.7541,0.0],[-53.1789,49.755,0.0],[-53.1784,49.757,0.0],[-53.1803,49.7583,3.0353]]],
[[[-54.2006,49.7976,0.1402],[-54.1988,49.799,0.0611],[-54.2031,49.7981,0.0714],[-54.2019,49.7948,0.0],[-54.201,49.7948,0.0],[-54.2006,49.7976,0.1402]]],
[[[-54.3745,49.668,0.8322],[-54.3732,49.6675,0.8322],[-54.3717,49.6683,0.0],[-54.3728,49.6693,0.0],[-54.3745,49.668,0.8322]]],
[[[-54.4137,49.6805,0.0],[-54.4161,49.6831,1.7918],[-54.4181,49.6817,9.6776],[-54.4217,49.6828,4.4535],[-54.4263,49.6787,4.4368],[-54.4285,49.6786,0.8104],[-54.4287,49.6764,3.2096],[-54.431,49.6765,0.4611],[-54.426,49.6738,10.7493],[-54.4269,49.6714,0.0],[-54.4222,49.67,0.0],[-54.4206,49.6722,8.2798],[-54.4185,49.6684,0.0],[-54.4178,49.6711,1.0078],[-54.4122,49.6722,2.1138],[-54.4119,49.6703,0.7595],[-54.4139,49.6692,0.7595],[-54.4128,49.6683,0.0],[-54.4011,49.6747,0.3668],[-54.3994,49.6742,0.0],[-54.3964,49.6775,0.0],[-54.3969,49.6789,0.6975],[-54.3989,49.6786,3.4371],[-54.3975,49.6794,0.0997],[-54.3983,49.6806,0.0],[-54.4011,49.6808,1.0446],[-54.3994,49.6797,0.0997],[-54.4053,49.6789,0.9011],[-54.4074,49.6765,1.0609],[-54.4137,49.6805,0.0]]],
[[[-54.3913,49.6819,2.3602],[-54.395,49.6839,0.5375],[-54.3958,49.6806,0.7152],[-54.3925,49.6808,2.3602],[-54.3931,49.6792,1.6605],[-54.3919,49.6792,1.6605],[-54.3894,49.6825,0.0],[-54.3913,49.6819,2.3602]]],
[[[-54.2665,49.7284,0.0],[-54.2633,49.7297,0.0],[-54.2703,49.7296,0.0],[-54.2698,49.7284,0.0],[-54.2665,49.7284,0.0]]],
[[[-54.2792,49.7747,0.0],[-54.2744,49.7758,0.0],[-54.2744,49.7767,0.0],[-54.2764,49.7769,2.9839],[-54.2792,49.7747,0.0]]],
[[[-54.1947,49.7969,0.0],[-54.1916,49.7994,0.0],[-54.1964,49.7978,1.0262],[-54.1947,49.7969,0.0]]],
[[[-54.1147,49.8131,0.0],[-54.1147,49.8142,0.0],[-54.1194,49.8142,4.2284],[-54.1244,49.8106,0.5808],[-54.1192,49.8086,0.0],[-54.1183,49.8094,0.0],[-54.1197,49.8097,3.4277],[-54.1139,49.8117,0.0],[-54.1147,49.8131,0.0]]],
[[[-54.1119,49.8162,3.9716],[-54.1131,49.815,3.1745],[-54.1097,49.8136,0.0],[-54.1106,49.8158,0.0],[-54.1092,49.8167,0.0],[-54.1141,49.8188,0.0],[-54.1119,49.8162,3.9716]]],
[[[-54.0906,49.8189,0.0],[-54.0889,49.8211,0.0],[-54.0911,49.8225,0.0],[-54.0947,49.8225,0.0],[-54.0917,49.8208,0.0],[-54.0961,49.8206,0.0],[-54.0953,49.8192,10.4367],[-54.1008,49.8203,11.7425],[-54.1033,49.8189,0.0],[-54.0969,49.8172,15.7795],[-54.105,49.8167,2.6812],[-54.1031,49.8144,5.5556],[-54.1047,49.8139,3.3705],[-54.1045,49.812,0.0],[-54.1006,49.8106,0.0],[-54.0947,49.8144,0.1798],[-54.0967,49.8164,5.4443],[-54.0928,49.8139,0.0],[-54.0878,49.8172,0.0],[-54.0906,49.8189,0.0]]],
[[[-54.179,49.8169,0.0],[-54.1781,49.8177,0.0],[-54.1826,49.8158,0.5014],[-54.1792,49.8161,0.0],[-54.179,49.8169,0.0]]],
[[[-54.0983,49.8225,0.0],[-54.1014,49.8219,0.0],[-54.1014,49.8214,0.0],[-54.0978,49.8214,0.0],[-54.0983,49.8225,0.0]]],
[[[-54.0989,49.8239,5.2718],[-54.0967,49.8233,0.0],[-54.0953,49.8253,0.0],[-54.0989,49.8261,0.7541],[-54.0989,49.8239,5.2718]]],
[[[-54.1539,49.8264,3.2279],[-54.1519,49.8256,2.0508],[-54.1492,49.8269,0.0],[-54.1528,49.8269,3.2279],[-54.1539,49.8264,3.2279]]],
[[[-54.1469,49.8297,0.2467],[-54.1453,49.8303,0.0],[-54.145,49.8308,0.0],[-54.1486,49.83,0.0],[-54.1469,49.8297,0.2467]]],
[[[-55.3224,49.2285,103.6058],[-55.3043,49.224,5.0836],[-55.3005,49.2246,0.0],[-55.2984,49.2286,0.0],[-55.2837,49.2337,0.0],[-55.2692,49.2425,7.5127],[-55.2655,49.2429,0.0],[-55.2589,49.2465,0.0],[-55.2532,49.2526,4.6981],[-55.2432,49.2579,10.2365],[-55.2446,49.2642,9.2579],[-55.2386,49.2687,0.0],[-55.2422,49.2711,17.2345],[-55.2409,49.2774,0.0],[-55.245,49.2878,0.0],[-55.2447,49.2908,2.0861],[-55.2418,49.292,4.4368],[-55.2447,49.299,0.0],[-55.2496,49.3025,7.1555],[-55.2405,49.3139,0.0],[-55.2365,49.3249,0.9465],[-55.2403,49.326,3.3235],[-55.2428,49.3214,5.481],[-55.2449,49.3232,2.7232],[-55.2438,49.3259,19.0906],[-55.2465,49.3292,1.4347],[-55.246,49.3317,3.4723],[-55.2489,49.3343,0.0],[-55.2492,49.3427,0.0],[-55.2481,49.3468,0.0],[-55.2437,49.349,8.5085],[-55.2434,49.3524,16.4065],[-55.2372,49.3531,3.3755],[-55.2403,49.3558,1.1649],[-55.2379,49.3611,1.7124],[-55.2406,49.3672,2.8771],[-55.2329,49.3662,0.0],[-55.2312,49.3672,6.7497],[-55.2317,49.3701,2.6103],[-55.2399,49.3747,7.2133],[-55.2417,49.3778,20.5041],[-55.2361,49.3795,6.1108],[-55.2332,49.3822,14.9887],[-55.2344,49.3852,7.1612],[-55.23,49.3894,0.0],[-55.2313,49.3916,12.9573],[-55.2302,49.3994,0.0],[-55.2262,49.4023,8.484],[-55.2206,49.4017,0.5719],[-55.2215,49.4077,2.7441],[-55.2124,49.4137,2.5438],[-55.2072,49.413,0.0],[-55.2119,49.407,13.349],[-55.2148,49.4059,0.0],[-55.2155,49.4038,0.0],[-55.2188,49.4032,1.5031],[-55.2253,49.3964,0.0],[-55.2225,49.3936,0.0],[-55.2217,49.3964,4.0043],[-55.2183,49.3981,7.1223],[-55.2192,49.3909,1.0752],[-55.2167,49.3896,0.0],[-55.2135,49.3902,5.9135],[-55.2131,49.3891,5.9135],[-55.216,49.3878,0.0],[-55.2128,49.3866,0.0],[-55.212,49.3841,6.8564],[-55.2138,49.3828,6.7765],[-55.212,49.3801,8.5821],[-55.2153,49.3796,0.0],[-55.2169,49.3754,0.0],[-55.2157,49.374,2.9125],[-55.2114,49.3753,0.0],[-55.2036,49.3844,0.0],[-55.2056,49.3865,0.0],[-55.1957,49.394,0.8049],[-55.1898,49.4012,9.0231],[-55.1891,49.4069,1.7242],[-55.1857,49.406,7.7288],[-55.1838,49.411,10.4351],[-55.1807,49.4132,7.1744],[-55.1739,49.4118,0.0],[-55.1715,49.4178,2.8261],[-55.1735,49.4188,24.0081],[-55.1669,49.4245,0.0],[-55.1727,49.4258,0.0],[-55.1803,49.4239,0.0],[-55.1993,49.4125,2.1935],[-55.2011,49.4152,3.332],[-55.2004,49.4177,8.6282],[-55.1958,49.4194,0.0],[-55.2014,49.4261,3.6928],[-55.1912,49.427,0.0],[-55.1862,49.4251,0.0],[-55.1806,49.4267,2.5246],[-55.1825,49.4286,13.6461],[-55.1822,49.4306,12.0399],[-55.1756,49.4322,11.7611],[-55.1745,49.4354,1.4867],[-55.1719,49.4367,6.7316],[-55.1761,49.4378,16.4708],[-55.1764,49.4392,21.9587],[-55.1703,49.4387,0.0],[-55.157,49.4455,24.1947],[-55.1492,49.4522,12.7274],[-55.15,49.4569,0.0],[-55.1462,49.4585,0.8428],[-55.1481,49.4603,5.4583],[-55.1605,49.4603,23.8935],[-55.1492,49.4622,19.0597],[-55.1448,49.4612,0.0],[-55.1318,49.4646,0.0],[-55.1344,49.4661,0.0],[-55.1381,49.465,9.9921],[-55.1381,49.4683,3.7567],[-55.1465,49.4675,19.2481],[-55.1394,49.4725,1.4455],[-55.1414,49.4739,0.0],[-55.1447,49.4733,0.0],[-55.1455,49.4706,8.4727],[-55.1619,49.4724,9.9683],[-55.1567,49.4736,0.0],[-55.1538,49.4779,3.5384],[-55.1519,49.4767,16.9177],[-55.1544,49.4739,28.4229],[-55.1503,49.4733,0.0],[-55.1489,49.4775,14.8498],[-55.1452,49.4773,24.4359],[-55.1358,49.4875,0.0],[-55.1447,49.4919,48.3155],[-55.1544,49.4919,6.0545],[-55.1517,49.4942,31.3432],[-55.1467,49.493899999999996,33.3545],[-55.1439,49.5006,0.0],[-55.1505,49.5065,0.0],[-55.1478,49.5111,1.6883],[-55.1494,49.5125,0.0],[-55.1519,49.5119,34.3028],[-55.1575,49.5178,11.6413],[-55.1564,49.5206,0.0],[-55.161,49.5257,0.0],[-55.1658,49.5239,0.0],[-55.17,49.5197,16.5684],[-55.1706,49.5219,2.5393],[-55.1789,49.5204,20.1554],[-55.1712,49.5271,47.0326],[-55.1704,49.5307,3.7477],[-55.1676,49.5337,2.6507],[-55.1604,49.5387,0.0],[-55.1589,49.5422,10.1452],[-55.1597,49.5439,0.0],[-55.1691,49.5451,14.9025],[-55.1744,49.5419,35.5425],[-55.1818,49.5445,28.9615],[-55.1872,49.5431,13.6735],[-55.1961,49.5453,11.5632],[-55.2003,49.5425,0.0],[-55.2031,49.5422,3.4155],[-55.2058,49.5442,1.6881],[-55.2089,49.5403,30.4958],[-55.2133,49.5414,5.3457],[-55.2156,49.5403,0.0],[-55.2136,49.5381,10.0279],[-55.2154,49.5369,42.4664],[-55.2222,49.5392,0.0],[-55.2205,49.5302,9.1024],[-55.2164,49.5246,5.3609],[-55.2179,49.5227,11.2668],[-55.2203,49.5233,15.5031],[-55.2255,49.5299,2.8038],[-55.2341,49.5315,0.0],[-55.2372,49.5275,0.0],[-55.2326,49.5243,29.5575],[-55.2311,49.5179,0.0],[-55.2283,49.5153,4.2534],[-55.2297,49.5139,0.0],[-55.2161,49.5047,2.4331],[-55.2158,49.4994,0.9007],[-55.2181,49.4997,4.2283],[-55.2264,49.5072,0.0],[-55.2327,49.5077,2.3578],[-55.2374,49.5108,0.0],[-55.2409,49.5107,0.0],[-55.2419,49.5153,4.5478],[-55.2444,49.5142,5.7425],[-55.2481,49.5161,0.0],[-55.2508,49.5128,31.9693],[-55.2597,49.51,18.1694],[-55.2608,49.5117,7.5024],[-55.2558,49.515,1.3295],[-55.2645,49.5208,0.0],[-55.27,49.5197,49.4767],[-55.2755,49.5218,8.3846],[-55.2751,49.524,0.0],[-55.2783,49.525,79.2288],[-55.2811,49.5283,57.043],[-55.2803,49.53,12.1995],[-55.2769,49.5306,4.2508],[-55.2714,49.5272,29.542],[-55.2671,49.5266,16.4463],[-55.2658,49.5253,13.7384],[-55.2722,49.5256,0.0],[-55.26,49.5211,0.0],[-55.2522,49.5158,3.9798],[-55.2517,49.5183,19.473],[-55.2575,49.5207,10.0164],[-55.2464,49.52,0.7137],[-55.2472,49.5217,0.7615],[-55.25,49.5219,33.658],[-55.2483,49.5236,0.0],[-55.2483,49.5267,11.7822],[-55.2372,49.5347,13.7626],[-55.2376,49.5384,0.8291],[-55.2411,49.541,0.0],[-55.245,49.5386,89.4386],[-55.2458,49.5414,5.2944],[-55.2519,49.5422,0.0],[-55.2577,49.5395,4.8545],[-55.2617,49.5406,0.0],[-55.2611,49.5436,0.5408],[-55.2742,49.5419,55.4739],[-55.2756,49.5453,0.0],[-55.279,49.5441,24.3098],[-55.2836,49.5456,0.0],[-55.2858,49.5428,28.971],[-55.2911,49.5406,6.1864],[-55.2899,49.536,12.2688],[-55.3067,49.5392,0.0],[-55.306399999999996,49.5369,0.0],[-55.2995,49.534,9.0983],[-55.3025,49.5322,10.4427],[-55.2971,49.5288,0.0],[-55.2952,49.5245,6.1573],[-55.298,49.5238,3.1934],[-55.3021,49.5242,9.8959],[-55.3031,49.5272,24.8287],[-55.3083,49.5303,13.2487],[-55.3103,49.5347,0.0],[-55.3194,49.5344,0.0],[-55.3241,49.5303,64.0604],[-55.325,49.5342,0.0],[-55.3317,49.5358,32.521],[-55.3333,49.5381,0.6814],[-55.3361,49.5375,0.0],[-55.3379,49.5348,0.0],[-55.3368,49.5303,2.5773],[-55.3278,49.5233,1.2083],[-55.328,49.5218,0.0],[-55.3172,49.5069,0.0],[-55.3142,49.5083,8.0919],[-55.3156,49.5067,0.0],[-55.3144,49.505,0.0],[-55.3108,49.5061,20.6218],[-55.31,49.5044,21.021],[-55.3122,49.5031,0.0],[-55.3076,49.5004,0.0],[-55.305,49.4968,0.0],[-55.2856,49.4903,0.0],[-55.2848,49.4879,3.8575],[-55.2872,49.483,4.2412],[-55.2987,49.4907,0.0],[-55.3031,49.4886,0.0],[-55.3025,49.4855,17.1466],[-55.304,49.4828,0.0],[-55.3027,49.4803,6.8561],[-55.2892,49.4756,37.4623],[-55.2883,49.4722,9.0995],[-55.2856,49.4711,0.0],[-55.2839,49.4711,0.0],[-55.2839,49.4725,0.0],[-55.2858,49.4742,0.0],[-55.2844,49.4758,2.4675],[-55.2861,49.4772,0.0],[-55.2839,49.4786,9.0297],[-55.2816,49.4751,8.0714],[-55.2733,49.47,17.0127],[-55.2747,49.4675,3.4215],[-55.2733,49.4656,11.729],[-55.275,49.4653,12.6731],[-55.2861,49.4673,0.0],[-55.2942,49.4706,0.0],[-55.2958,49.4694,0.5681],[-55.2928,49.4661,2.5546],[-55.2929,49.4623,0.0],[-55.2883,49.4589,12.5977],[-55.2925,49.4561,7.7491],[-55.2922,49.4536,0.0],[-55.2883,49.4531,15.0314],[-55.2933,49.4514,1.4547],[-55.2938,49.4474,1.3732],[-55.2903,49.4414,9.7907],[-55.2842,49.4367,10.9827],[-55.2856,49.433,14.4778],[-55.2821,49.4301,11.3904],[-55.2836,49.4274,1.506],[-55.2792,49.4259,0.0],[-55.2807,49.4225,0.0],[-55.2764,49.4172,3.3958],[-55.2804,49.4096,0.0],[-55.2799,49.4058,4.3333],[-55.2814,49.4031,2.1491],[-55.2763,49.4015,2.7717],[-55.2711,49.4055,9.1228],[-55.2653,49.4064,1.695],[-55.2636,49.4045,13.499],[-55.2644,49.4008,0.0],[-55.2692,49.3997,0.0],[-55.2656,49.3961,2.9825],[-55.2579,49.4,3.7964],[-55.2582,49.4047,0.0],[-55.2554,49.4086,0.0],[-55.2483,49.4056,14.9588],[-55.2528,49.4033,10.0605],[-55.2618,49.3942,0.0],[-55.2613,49.3905,2.483],[-55.2637,49.3861,8.8183],[-55.2612,49.3838,5.7519],[-55.2592,49.3861,5.6622],[-55.2575,49.385,13.9554],[-55.2606,49.3828,0.0],[-55.2585,49.3724,4.4972],[-55.2601,49.3711,4.2156],[-55.27,49.3786,11.5981],[-55.2704,49.386,6.5028],[-55.2729,49.387,8.4064],[-55.2766,49.3815,0.0],[-55.2734,49.3731,5.89],[-55.2683,49.3671,0.0],[-55.2704,49.3668,14.7311],[-55.2752,49.3706,0.173],[-55.2782,49.3705,0.8761],[-55.2801,49.3641,5.7324],[-55.2764,49.3628,2.6472],[-55.2783,49.3611,0.0],[-55.2783,49.3572,5.7095],[-55.2808,49.3581,9.5651],[-55.2833,49.3622,0.0],[-55.2847,49.3619,0.0],[-55.2814,49.3558,9.3993],[-55.2778,49.3542,5.9484],[-55.2764,49.3564,19.8052],[-55.2747,49.3556,7.4976],[-55.279,49.3503,0.0],[-55.2786,49.3483,10.2905],[-55.2733,49.3442,5.6438],[-55.2719,49.3403,3.7809],[-55.2742,49.3403,0.0],[-55.2748,49.3376,2.395],[-55.2786,49.3373,17.5148],[-55.2775,49.345,8.9821],[-55.2807,49.3492,18.9209],[-55.2796,49.3523,3.9708],[-55.2857,49.3606,0.0],[-55.2874,49.3597,0.217],[-55.2886,49.3552,8.6503],[-55.2914,49.3567,0.8328],[-55.2925,49.3556,0.8328],[-55.2902,49.3507,9.4012],[-55.2862,49.3476,17.3483],[-55.2879,49.3444,0.0],[-55.2911,49.3428,3.4527],[-55.2933,49.3436,7.4154],[-55.2931,49.3467,4.8909],[-55.2978,49.3502,4.7763],[-55.3008,49.3503,3.7754],[-55.3003,49.3486,0.0],[-55.2964,49.3472,6.953],[-55.2981,49.3456,0.0],[-55.304,49.3495,4.5253],[-55.3141,49.3523,0.0],[-55.3232,49.3484,7.0649],[-55.3246,49.3449,1.0492],[-55.323,49.3426,4.5504],[-55.324,49.3389,0.0],[-55.3225,49.3308,0.3376],[-55.3233,49.33,7.7923],[-55.3256,49.3331,1.6493],[-55.3264,49.3322,1.6493],[-55.3242,49.3278,1.7183],[-55.3245,49.3163,2.9195],[-55.3217,49.3042,0.0],[-55.3225,49.3022,9.468],[-55.3278,49.3074,2.9832],[-55.3269,49.3164,1.7523],[-55.3311,49.3139,7.7306],[-55.3295,49.3185,0.0],[-55.3319,49.3217,0.0],[-55.3347,49.3186,6.3859],[-55.3348,49.3213,2.6491],[-55.3402,49.3301,0.6723],[-55.3419,49.3272,4.3436],[-55.3419,49.3228,10.8399],[-55.3433,49.3242,2.1444],[-55.3451,49.3283,4.947],[-55.3439,49.3316,0.0],[-55.347,49.3333,13.7218],[-55.3495,49.3422,2.8664],[-55.3519,49.3422,3.1769],[-55.3539,49.3458,0.0],[-55.3575,49.3469,9.1308],[-55.3531,49.3527,3.184],[-55.3417,49.3599,0.5357],[-55.3382,49.3599,0.0],[-55.3392,49.3572,0.0],[-55.3371,49.3552,0.0],[-55.3231,49.359,2.0558],[-55.3197,49.3636,0.0],[-55.3091,49.3715,4.6616],[-55.3109,49.3732,3.1581],[-55.3169,49.3714,8.3002],[-55.3114,49.3744,13.8857],[-55.3092,49.3805,3.2994],[-55.312,49.3838,17.7903],[-55.3125,49.387,7.0426],[-55.3099,49.392,0.0],[-55.3058,49.3954,3.8681],[-55.3054,49.399,29.4407],[-55.3021,49.403,0.0],[-55.3055,49.4049,12.2723],[-55.3071,49.4039,0.0],[-55.3116,49.3954,1.2707],[-55.3147,49.3929,9.8794],[-55.3168,49.3932,6.2183],[-55.3182,49.395,0.0],[-55.3142,49.3967,1.5679],[-55.3128,49.3994,3.7146],[-55.3133,49.4014,36.5874],[-55.3164,49.4022,0.0],[-55.3125,49.4069,7.0938],[-55.3158,49.41,23.6603],[-55.3203,49.4072,4.2959],[-55.3228,49.4031,18.813],[-55.3255,49.4027,8.8149],[-55.325,49.3997,0.0],[-55.3222,49.3994,0.0],[-55.3261,49.3978,5.0348],[-55.3282,49.3991,0.0],[-55.333,49.3957,0.0],[-55.3349,49.3866,4.6913],[-55.3332,49.384,10.6767],[-55.3335,49.3777,7.3357],[-55.3316,49.3756,13.035],[-55.3342,49.374,0.0],[-55.3395,49.3757,3.778],[-55.3409,49.3789,0.0],[-55.3422,49.3767,6.8003],[-55.3453,49.3781,4.4594],[-55.3436,49.3822,1.7183],[-55.3394,49.3833,0.0],[-55.3394,49.3897,15.0306],[-55.3418,49.3907,0.0],[-55.3439,49.3887,11.7171],[-55.3427,49.3858,0.0],[-55.3472,49.3808,9.0593],[-55.3485,49.3884,22.8738],[-55.3425,49.3963,3.7247],[-55.3478,49.3972,21.3262],[-55.3361,49.4083,0.0],[-55.3367,49.41,4.6831],[-55.3411,49.4093,12.661],[-55.3421,49.412,4.1849],[-55.3481,49.4081,3.1066],[-55.3483,49.4064,0.0],[-55.3464,49.4054,17.8084],[-55.3472,49.4044,17.8084],[-55.35,49.4036,48.6976],[-55.3528,49.405,13.7972],[-55.3568,49.4021,0.0],[-55.3655,49.4,0.0],[-55.3698,49.3871,1.5541],[-55.368,49.3858,1.2361],[-55.3707,49.3822,4.6957],[-55.3699,49.3811,0.9681],[-55.3653,49.3831,2.5784],[-55.3736,49.3747,0.0],[-55.3697,49.3747,6.9874],[-55.3733,49.369,0.0],[-55.3715,49.3602,12.3274],[-55.375,49.3572,1.482],[-55.3761,49.3614,3.0652],[-55.3778,49.36,1.4814],[-55.3796,49.3521,1.9327],[-55.3823,49.3501,1.037],[-55.3843,49.3331,1.3296],[-55.3864,49.3303,6.6752],[-55.4053,49.3203,10.6984],[-55.4067,49.3214,0.2782],[-55.3997,49.3303,2.6634],[-55.3984,49.3399,0.0],[-55.3952,49.3462,0.0],[-55.3967,49.3494,0.0],[-55.3957,49.3564,2.6238],[-55.3974,49.358,0.0],[-55.3958,49.3594,2.4456],[-55.4007,49.3608,3.2545],[-55.399,49.3655,0.0],[-55.4007,49.3678,6.8259],[-55.4064,49.3703,12.9739],[-55.4022,49.3758,5.9094],[-55.4044,49.3769,9.2991],[-55.3992,49.3833,0.0],[-55.4053,49.3819,45.6511],[-55.4155,49.3738,14.374],[-55.42,49.3739,4.2806],[-55.4284,49.3676,1.3725],[-55.431399999999996,49.3692,8.4561],[-55.4358,49.368899999999996,2.2841],[-55.4388,49.3602,5.5649],[-55.4403,49.36,5.5649],[-55.4372,49.3586,12.4862],[-55.4447,49.3552,14.8636],[-55.4508,49.3495,10.3393],[-55.4589,49.3485,10.9881],[-55.4662,49.3514,1.7574],[-55.4663,49.357,0.0],[-55.4599,49.3599,2.3419],[-55.4551,49.3707,7.7106],[-55.445,49.3737,1.9961],[-55.431399999999996,49.3825,8.6293],[-55.4208,49.3857,17.4187],[-55.4165,49.3895,0.0],[-55.4129,49.3884,0.0],[-55.4089,49.3898,4.1354],[-55.4048,49.3935,1.0135],[-55.4035,49.4022,8.013],[-55.3965,49.4022,2.7798],[-55.3941,49.4053,0.0],[-55.3886,49.4077,0.0],[-55.3794,49.4169,3.132],[-55.3678,49.422,0.0],[-55.3624,49.4278,0.0],[-55.3608,49.4361,5.5593],[-55.3589,49.4369,0.0],[-55.3575,49.4336,0.0],[-55.355,49.4363,0.0],[-55.3495,49.4363,3.5719],[-55.3466,49.4386,5.0924],[-55.3471,49.4416,16.5769],[-55.3333,49.4522,4.5919],[-55.3364,49.4542,4.5323],[-55.3314,49.46,6.6118],[-55.3322,49.4631,0.0],[-55.3391,49.4575,29.9873],[-55.3427,49.4586,13.0222],[-55.3453,49.4562,32.6683],[-55.352,49.4567,13.5742],[-55.3586,49.4521,2.1352],[-55.3629,49.4533,21.5021],[-55.3694,49.4519,31.5801],[-55.3692,49.4544,4.3036],[-55.3664,49.4569,0.0],[-55.3528,49.4606,10.913],[-55.3408,49.4678,7.5072],[-55.3392,49.4714,15.2982],[-55.3325,49.4728,2.3693],[-55.3306,49.4764,13.8133],[-55.3378,49.4768,19.1298],[-55.3497,49.4683,34.5078],[-55.3538,49.4698,5.9277],[-55.3511,49.4739,0.0],[-55.3544,49.4725,9.3375],[-55.3581,49.4742,0.0],[-55.3642,49.4714,17.9597],[-55.3625,49.4658,24.483],[-55.3661,49.4617,0.0],[-55.3642,49.4592,26.5928],[-55.3825,49.45,0.0],[-55.3783,49.4506,7.6627],[-55.3783,49.4492,15.7102],[-55.3903,49.4456,0.0],[-55.3938,49.4427,6.8496],[-55.3998,49.4419,0.0],[-55.4034,49.4379,6.0007],[-55.408,49.4369,0.0],[-55.4289,49.4238,0.0],[-55.4313,49.4251,8.1141],[-55.4363,49.4236,19.2353],[-55.4408,49.4202,4.8989],[-55.442,49.4244,0.7716],[-55.4503,49.4241,9.1254],[-55.4556,49.4208,1.8923],[-55.4572,49.4225,1.5905],[-55.4564,49.4236,1.5905],[-55.447,49.4299,5.0213],[-55.4434,49.429,1.8581],[-55.4386,49.431399999999996,1.3991],[-55.4367,49.4357,29.5848],[-55.4258,49.4429,0.0],[-55.4243,49.4457,15.9952],[-55.4151,49.4502,0.0],[-55.4124,49.4527,9.2713],[-55.4127,49.4548,1.3567],[-55.4025,49.4625,2.6559],[-55.4053,49.4639,0.0],[-55.4075,49.4614,12.9085],[-55.4099,49.4625,8.4676],[-55.4109,49.4644,12.7387],[-55.4067,49.4667,0.0],[-55.4122,49.4706,16.8133],[-55.4161,49.4744,4.0],[-55.4153,49.4753,4.0],[-55.4131,49.475,4.0],[-55.4108,49.4722,4.0],[-55.4083,49.4731,4.0],[-55.4058,49.4672,5.6807],[-55.3951,49.4704,0.0],[-55.3753,49.4826,47.1009],[-55.3671,49.496,11.139099999999999],[-55.3649,49.4971,15.574],[-55.3653,49.499,1.5475],[-55.3705,49.5002,13.9477],[-55.3903,49.4881,2.0799],[-55.3897,49.4911,0.0],[-55.3917,49.4936,9.2813],[-55.3944,49.4936,0.0],[-55.3961,49.4918,13.5872],[-55.3976,49.4931,4.4786],[-55.3934,49.4978,0.0],[-55.3938,49.5013,15.8702],[-55.3922,49.5047,9.1218],[-55.3953,49.5042,5.2846],[-55.3986,49.5059,0.0],[-55.4031,49.5043,6.539],[-55.4044,49.5053,35.7094],[-55.4039,49.5074,1.6624],[-55.4083,49.5075,0.0],[-55.4092,49.5056,4.2203],[-55.4185,49.5038,0.0],[-55.4269,49.4975,1.6121],[-55.4294,49.4978,1.7286],[-55.4317,49.5014,3.7768],[-55.4365,49.5012,11.441],[-55.4412,49.5034,18.6682],[-55.4576,49.4977,1.0992],[-55.46,49.4946,19.3297],[-55.4628,49.4938,0.0],[-55.4644,49.4912,2.4264],[-55.4629,49.4887,23.073],[-55.4688,49.4829,27.6571],[-55.4658,49.4811,4.3552],[-55.4679,49.4791,2.8405],[-55.4656,49.4794,6.5834],[-55.4681,49.4761,0.0],[-55.4682,49.473,0.0],[-55.4772,49.4669,0.7322],[-55.4753,49.4658,0.0],[-55.4733,49.4678,5.4513],[-55.4725,49.4667,4.6937],[-55.4769,49.4603,47.1363],[-55.4781,49.4606,0.0],[-55.4775,49.4625,0.0],[-55.4797,49.4608,0.0],[-55.4792,49.4581,0.0],[-55.4761,49.4575,8.3614],[-55.4778,49.4531,16.1347],[-55.4797,49.4544,0.0],[-55.4831,49.4539,0.0],[-55.4847,49.4561,0.0],[-55.4875,49.4522,11.7627],[-55.4903,49.4537,42.7811],[-55.4892,49.4567,22.3682],[-55.4806,49.4636,3.3609],[-55.4779,49.4686,27.8673],[-55.4794,49.4711,0.8842],[-55.4826,49.4716,0.7292],[-55.4911,49.4635,16.3554],[-55.495,49.4633,8.8985],[-55.5,49.4592,7.7522],[-55.4992,49.4647,1.7694],[-55.5039,49.4603,16.6308],[-55.4956,49.4775,0.0],[-55.5003,49.4758,4.5309],[-55.5017,49.4772,0.0],[-55.51,49.4726,23.4068],[-55.5145,49.4721,0.0],[-55.5162,49.4674,0.0],[-55.5158,49.4631,0.0],[-55.5138,49.4596,0.0],[-55.5095,49.4589,7.3296],[-55.5098,49.4544,8.0367],[-55.5121,49.4522,6.4981],[-55.5085,49.4459,12.7228],[-55.5158,49.4442,0.0],[-55.5172,49.4422,10.0322],[-55.52,49.445,22.5628],[-55.5217,49.4425,29.473],[-55.5242,49.4425,0.0],[-55.5278,49.4394,22.8786],[-55.5383,49.4399,31.0599],[-55.541,49.4379,8.5095],[-55.5517,49.4209,5.4278],[-55.5545,49.4197,7.1505],[-55.5558,49.4167,13.3299],[-55.5522,49.4128,3.1937],[-55.5559,49.4108,8.3856],[-55.5568,49.407,1.6585],[-55.5551,49.4045,4.5595],[-55.5555,49.3978,14.2357],[-55.5575,49.3952,16.5936],[-55.5629,49.3951,4.9029],[-55.5618,49.3921,14.9579],[-55.5591,49.3908,0.0],[-55.5625,49.3827,0.0],[-55.5652,49.3799,13.1147],[-55.5679,49.3795,2.2294],[-55.5677,49.3747,4.4021],[-55.5765,49.3726,3.1094],[-55.5771,49.3693,0.0],[-55.5803,49.3658,12.1265],[-55.5795,49.3621,6.1875],[-55.5823,49.358,11.1708],[-55.5867,49.3598,7.212],[-55.5903,49.3581,7.3667],[-55.5929,49.3586,3.268],[-55.5917,49.365,0.0],[-55.5936,49.3708,2.4056],[-55.5974,49.3674,3.3105],[-55.5992,49.3679,12.5266],[-55.5818,49.3836,0.0],[-55.5811,49.3883,6.5418],[-55.5837,49.3901,42.2477],[-55.5808,49.3954,5.1682],[-55.5831,49.3996,81.1577],[-55.5783,49.4076,0.0],[-55.5806,49.4078,12.8579],[-55.5846,49.412,6.3311],[-55.5821,49.4135,0.0],[-55.5812,49.421,0.0],[-55.5848,49.4218,0.0],[-55.5859,49.4197,6.8113],[-55.5906,49.4183,17.5688],[-55.5908,49.415,29.1532],[-55.5973,49.4101,5.7199],[-55.6009,49.4094,2.676],[-55.6025,49.4058,0.0],[-55.6058,49.4072,14.5571],[-55.6026,49.4172,3.7775],[-55.5974,49.4209,0.9655],[-55.5969,49.4235,0.0],[-55.5907,49.4274,12.587],[-55.5751,49.4328,10.5758],[-55.5753,49.4342,12.897],[-55.5781,49.435,11.7655],[-55.5789,49.4336,21.8298],[-55.5814,49.4356,12.859],[-55.5735,49.4372,3.04],[-55.5717,49.4406,1.305],[-55.5772,49.4397,24.0487],[-55.5725,49.4422,16.9859],[-55.57,49.4411,1.5498],[-55.5622,49.4479,4.4801],[-55.5649,49.4487,4.9486],[-55.565,49.4503,3.7326],[-55.5672,49.45,20.3623],[-55.557,49.4578,0.0],[-55.5532,49.4632,0.0],[-55.5444,49.4683,0.0],[-55.5436,49.4719,0.0],[-55.5532,49.472,26.0927],[-55.5512,49.4756,6.4119],[-55.5586,49.4772,25.0595],[-55.551,49.4787,0.0],[-55.5494,49.4778,1.8737],[-55.5386,49.4808,5.7791],[-55.5408,49.4837,26.4692],[-55.551,49.4841,36.5133],[-55.5442,49.4875,4.8669],[-55.5456,49.4892,0.0],[-55.5439,49.49,0.0],[-55.5445,49.4917,12.4773],[-55.5584,49.4883,0.0],[-55.565,49.4839,2.0344],[-55.5664,49.4881,3.9862],[-55.5706,49.4864,12.9053],[-55.5711,49.4889,0.0],[-55.5778,49.4894,1.4689],[-55.5783,49.4858,15.533],[-55.5817,49.4831,32.7014],[-55.5888,49.4809,7.2202],[-55.5916,49.478,4.9018],[-55.5909,49.4749,23.4466],[-55.599,49.4646,16.6893],[-55.6005,49.4645,3.6715],[-55.6017,49.4683,2.3875],[-55.6067,49.463,19.2337],[-55.6163,49.4599,24.9327],[-55.6237,49.4529,24.9265],[-55.6379,49.429,9.1676],[-55.6427,49.4275,1.9443],[-55.6501,49.4171,9.4903],[-55.6618,49.4086,6.6707],[-55.6611,49.4064,0.0],[-55.6633,49.4022,0.0],[-55.6578,49.3951,0.0],[-55.6581,49.3922,0.0],[-55.6665,49.3872,0.0],[-55.675,49.3859,10.3492],[-55.6808,49.3817,19.4678],[-55.6883,49.3804,48.8085],[-55.6942,49.3803,15.8329],[-55.6971,49.3823,0.0],[-55.6941,49.386,7.1305],[-55.6937,49.3911,0.0],[-55.6913,49.3956,14.9076],[-55.6835,49.3996,0.8506],[-55.6853,49.4047,0.0],[-55.6844,49.4071,8.4162],[-55.6918,49.4104,10.3335],[-55.7025,49.4091,2.8588],[-55.7045,49.4106,8.9148],[-55.6978,49.4177,6.6838],[-55.6894,49.4206,0.0],[-55.694,49.4203,7.3966],[-55.6953,49.4243,0.0],[-55.7016,49.4248,7.0823],[-55.7073,49.4221,0.0],[-55.7125,49.4243,0.0],[-55.7223,49.4209,10.3461],[-55.7273,49.4216,11.4189],[-55.7322,49.4178,13.3146],[-55.7364,49.4174,3.2208],[-55.7407,49.4115,19.5549],[-55.7436,49.41,28.4858],[-55.7471,49.4159,0.0],[-55.7444,49.4192,14.2148],[-55.7414,49.4181,0.0],[-55.7231,49.4253,0.0],[-55.7222,49.4283,0.0],[-55.7058,49.4394,1.2181],[-55.6972,49.4433,0.0],[-55.7177,49.4376,18.9061],[-55.7196,49.4385,9.8695],[-55.7147,49.4436,2.8284],[-55.7154,49.4456,0.3541],[-55.7211,49.4439,0.0],[-55.7236,49.445,3.1986],[-55.6798,49.4583,6.5684],[-55.6726,49.4628,4.5964],[-55.6714,49.4675,25.8869],[-55.665,49.4714,0.0],[-55.6795,49.4693,0.0],[-55.6947,49.4594,9.2772],[-55.6958,49.4603,9.2772],[-55.6919,49.4642,4.2398],[-55.6992,49.4642,22.9293],[-55.6897,49.4669,0.0],[-55.6893,49.4715,0.0],[-55.6933,49.4722,0.0],[-55.7003,49.4683,19.9058],[-55.7087,49.4679,14.4881],[-55.7111,49.4694,0.0],[-55.7265,49.4623,2.7084],[-55.7268,49.4605,0.0],[-55.7339,49.4562,18.9483],[-55.7401,49.4555,3.7415],[-55.7424,49.4535,11.8742],[-55.7476,49.4525,1.6266],[-55.7565,49.4541,14.8666],[-55.7636,49.4494,7.2651],[-55.7647,49.4503,0.0],[-55.7583,49.4556,0.0],[-55.76,49.4561,0.0],[-55.7719,49.453,12.2482],[-55.786,49.446,35.922],[-55.805,49.4419,4.7389],[-55.8081,49.44,4.5455],[-55.8092,49.4411,10.4577],[-55.8057,49.4434,1.0039],[-55.8072,49.4469,8.3774],[-55.7678,49.4642,0.0],[-55.7622,49.4685,5.6667],[-55.7707,49.4686,8.2715],[-55.778,49.4658,0.0],[-55.7967,49.4628,22.0664],[-55.8061,49.4628,13.7543],[-55.8069,49.4651,0.0],[-55.7979,49.4648,1.1171],[-55.7944,49.4658,2.3944],[-55.7927,49.4692,9.1762],[-55.7792,49.4708,8.8947],[-55.7708,49.4753,0.0],[-55.7697,49.4742,8.0755],[-55.7717,49.4722,3.5841],[-55.7679,49.4712,1.5683],[-55.7621,49.4722,9.6811],[-55.7612,49.4745,1.1114],[-55.7675,49.4798,0.9202],[-55.7669,49.4816,0.0],[-55.7627,49.4806,7.0933],[-55.7629,49.4777,1.4392],[-55.7504,49.4714,2.0961],[-55.7329,49.4725,0.0],[-55.7309,49.4744,1.4453],[-55.7308,49.4794,0.0],[-55.7314,49.4806,0.0],[-55.7393,49.4798,3.6475],[-55.744,49.4825,0.7204],[-55.7502,49.4821,0.8053],[-55.7553,49.4839,0.0],[-55.7589,49.4822,0.9091],[-55.7639,49.4867,16.6254],[-55.769,49.4864,31.9393],[-55.7695,49.4893,2.4336],[-55.7778,49.4917,9.8162],[-55.7808,49.4888,0.0],[-55.7891,49.4916,1.1118],[-55.7906,49.4891,4.6872],[-55.795,49.4894,0.0],[-55.7953,49.4878,0.0],[-55.7929,49.4875,0.964],[-55.7957,49.4849,4.096],[-55.8014,49.4853,39.2559],[-55.8081,49.4883,5.2821],[-55.8092,49.4925,10.4119],[-55.7993,49.4898,2.1301],[-55.7951,49.4925,1.5955],[-55.8022,49.4969,12.0835],[-55.8014,49.4978,9.9266],[-55.7962,49.4967,0.0],[-55.7901,49.4994,0.0],[-55.7856,49.4992,0.0],[-55.7875,49.5019,7.9983],[-55.7905,49.501,5.6526],[-55.7911,49.5028,7.8698],[-55.7794,49.5067,0.0],[-55.7823,49.5079,12.6109],[-55.7797,49.5097,0.0],[-55.7822,49.5131,0.0],[-55.786,49.5137,38.8911],[-55.7879,49.5122,0.0],[-55.7867,49.5103,9.4509],[-55.7904,49.5088,3.0483],[-55.793,49.5107,0.0],[-55.7959,49.509,4.1597],[-55.8021,49.5146,0.0],[-55.8081,49.5172,0.0],[-55.8183,49.5178,0.0],[-55.8217,49.5158,22.4276],[-55.8192,49.5194,0.0],[-55.8203,49.5222,0.0],[-55.8244,49.5244,2.5134],[-55.8296,49.5248,7.7855],[-55.8361,49.529,0.0],[-55.8478,49.5313,5.1148],[-55.8512,49.5305,0.0],[-55.8502,49.5274,12.8873],[-55.8517,49.5255,0.0],[-55.8555,49.5268,15.562],[-55.8613,49.5248,2.9572],[-55.8612,49.5223,4.1336],[-55.8579,49.522,3.676],[-55.8573,49.5169,0.0],[-55.8593,49.5144,6.1138],[-55.868899999999996,49.5131,6.8641],[-55.8724,49.5149,2.8276],[-55.8862,49.5051,5.0739],[-55.8898,49.507,7.4837],[-55.8893,49.5119,0.0],[-55.8907,49.5141,0.0],[-55.8875,49.5214,0.7992],[-55.8883,49.5222,0.0],[-55.9083,49.512,9.0738],[-55.9111,49.5158,0.0],[-55.9147,49.5144,7.5551],[-55.9158,49.5208,0.0],[-55.9219,49.5194,16.3965],[-55.9242,49.5211,10.381],[-55.9264,49.5198,0.0],[-55.928,49.515,16.5953],[-55.9346,49.5075,8.7684],[-55.9372,49.5015,3.3851],[-55.9408,49.5,12.9235],[-55.9533,49.5011,13.332],[-55.95,49.5036,0.0],[-55.9533,49.5053,17.9167],[-55.9663,49.4995,4.88],[-55.9834,49.4982,11.2566],[-55.9848,49.4961,4.7408],[-55.9917,49.4944,0.0],[-55.993,49.4928,8.8662],[-55.9922,49.4956,0.0],[-55.9933,49.4964,5.181],[-56.0045,49.4971,0.0],[-56.0082,49.4917,25.8324],[-56.0136,49.4902,0.0],[-56.0189,49.4847,59.4417],[-56.0275,49.4802,2.1116],[-56.0379,49.4687,8.7339],[-56.0495,49.4593,0.0],[-56.0527,49.4544,2.6141],[-56.0597,49.4541,0.0],[-56.0706,49.4486,1.9104],[-56.0761,49.4431,0.0],[-56.0822,49.4336,10.2382],[-56.0856,49.4317,5.0199],[-56.0949,49.4313,0.0],[-56.0997,49.4269,15.3156],[-56.1041,49.4263,6.2311],[-56.1001,49.4327,0.0],[-56.1019,49.4341,0.0],[-56.1211,49.4223,0.0],[-56.1287,49.4253,16.6063],[-56.1364,49.4318,0.0],[-56.1413,49.4306,0.0],[-56.1405,49.4328,12.6661],[-56.1348,49.4341,4.0417],[-56.1144,49.4451,0.0],[-56.1034,49.4549,22.8291],[-56.0948,49.459,5.7233],[-56.0926,49.4655,5.0542],[-56.0763,49.4759,4.1297],[-56.077,49.4775,1.9162],[-56.0816,49.4778,3.5399],[-56.0769,49.4817,11.9703],[-56.0777,49.4833,11.2225],[-56.088,49.4815,14.9736],[-56.0964,49.4878,2.7926],[-56.0911,49.4911,1.6852],[-56.0836,49.4869,0.0],[-56.0794,49.49,0.0],[-56.0764,49.4903,0.0],[-56.0739,49.4868,2.2324],[-56.0696,49.4854,0.0],[-56.0651,49.4876,1.7082],[-56.0631,49.4911,0.0],[-56.0659,49.4912,7.8138],[-56.0677,49.493,15.9593],[-56.064,49.4997,0.0],[-56.0651,49.5013,1.363],[-56.0572,49.5015,0.0],[-56.053,49.5052,0.0],[-56.0385,49.5092,3.6935],[-56.0203,49.5117,0.0],[-56.0128,49.5149,7.7068],[-56.008,49.5191,10.1337],[-56.0003,49.5219,0.0],[-55.9897,49.5222,4.9075],[-55.975,49.5265,11.3487],[-55.9686,49.5239,5.017],[-55.9461,49.5311,4.4766],[-55.9417,49.5348,5.5898],[-55.9405,49.5383,0.0],[-55.9251,49.5469,0.0],[-55.9192,49.5539,3.252],[-55.922,49.5552,5.7955],[-55.9199,49.5634,0.0],[-55.9172,49.5637,0.0],[-55.9144,49.5681,1.1014],[-55.9069,49.5703,4.8506],[-55.9067,49.5725,6.4206],[-55.9006,49.5736,0.0],[-55.9006,49.575,1.4374],[-55.9031,49.575,1.6345],[-55.9017,49.5783,8.2362],[-55.8972,49.5786,0.6771],[-55.8978,49.5804,1.8757],[-55.8824,49.5886,1.3185],[-55.8742,49.5897,1.3894],[-55.8733,49.5886,0.0],[-55.8852,49.5827,6.7729],[-55.8924,49.5812,2.1955],[-55.8994,49.5761,2.3769],[-55.8978,49.5747,0.0],[-55.8961,49.5761,1.0285],[-55.8908,49.5725,8.5214],[-55.9057,49.57,15.7733],[-55.9108,49.5678,0.0],[-55.9136,49.5647,2.1057],[-55.9075,49.5642,15.1951],[-55.9044,49.5597,0.0],[-55.8974,49.5582,0.0],[-55.8856,49.5656,31.1463],[-55.8792,49.5672,5.4191],[-55.8669,49.5704,2.6085],[-55.8593,49.5699,3.2094],[-55.8539,49.5714,20.657],[-55.8506,49.5703,0.0],[-55.8436,49.5722,7.1309],[-55.8394,49.5769,0.0],[-55.8425,49.5817,45.4573],[-55.8394,49.5831,2.8366],[-55.8401,49.5861,54.0268],[-55.8325,49.595,9.66],[-55.8275,49.5978,0.0],[-55.8269,49.6017,0.0],[-55.8228,49.6061,2.4332],[-55.8247,49.6122,0.0],[-55.8311,49.6172,0.0],[-55.8467,49.6183,15.465],[-55.8527,49.6165,7.6676],[-55.8542,49.6186,0.0],[-55.8583,49.6181,32.8107],[-55.8636,49.6197,2.0623],[-55.8662,49.6146,5.1889],[-55.8728,49.612,15.9432],[-55.8725,49.6069,20.9892],[-55.8747,49.6086,3.8937],[-55.8778,49.6064,1.9526],[-55.8811,49.6007,0.0],[-55.8803,49.595,20.342],[-55.8819,49.5928,0.3054],[-55.8942,49.5897,4.0844],[-55.895,49.5903,4.0844],[-55.8925,49.5925,15.9893],[-55.8867,49.5939,2.0751],[-55.8869,49.5967,0.0],[-55.8976,49.5985,18.2587],[-55.899,49.5995,0.0],[-55.8961,49.6017,0.0],[-55.9025,49.605,11.9351],[-55.9092,49.6024,0.0],[-55.9183,49.5949,16.6151],[-55.9224,49.5946,2.7859],[-55.9262,49.5865,31.6322],[-55.9302,49.584,1.3606],[-55.9333,49.5829,7.0261],[-55.9404,49.5843,0.0],[-55.9441,49.5832,5.3114],[-55.949,49.5776,12.1953],[-55.9615,49.5774,0.0],[-55.9692,49.5719,43.2689],[-55.9711,49.5725,4.6263],[-55.9681,49.5747,1.004],[-55.9683,49.5772,0.0],[-55.9735,49.5774,0.0],[-55.979,49.5754,4.9303],[-55.9823,49.5713,1.8101],[-55.9975,49.5619,2.0637],[-55.9992,49.5628,5.5312],[-55.9978,49.5642,5.4322],[-56.0,49.5672,0.0],[-56.0041,49.5667,7.5233],[-56.0041,49.5685,0.0],[-56.0,49.5708,8.6966],[-55.9962,49.5679,1.8494],[-55.9883,49.57,4.6688],[-55.9825,49.5767,4.8157],[-55.9762,49.5796,1.3767],[-55.971,49.5795,5.9744],[-55.9529,49.5855,9.4475],[-55.9472,49.5856,25.9974],[-55.9439,49.588,6.8549],[-55.9399,49.5872,2.0803],[-55.9293,49.5932,8.2598],[-55.9278,49.5958,2.968],[-55.9292,49.5969,8.3074],[-55.9217,49.6019,0.0],[-55.92,49.6081,0.0],[-55.9247,49.605,20.5603],[-55.9267,49.6069,5.1345],[-55.9328,49.6064,2.3299],[-55.9453,49.6001,19.4607],[-55.9489,49.6016,1.1015],[-55.9488,49.6041,0.0],[-55.9206,49.6197,0.0],[-55.9013,49.6344,12.2482],[-55.8892,49.6383,0.0],[-55.8831,49.6431,0.0],[-55.8789,49.6433,0.0],[-55.8697,49.6475,0.0],[-55.8714,49.6497,0.1936],[-55.8747,49.6472,8.6229],[-55.8825,49.6467,5.6833],[-55.8871,49.6416,39.4506],[-55.8944,49.6401,16.2445],[-55.8968,49.6417,0.4085],[-55.8917,49.6453,6.0103],[-55.8919,49.6485,9.9769],[-55.894,49.651,29.6024],[-55.887,49.6568,0.0],[-55.8864,49.6594,26.8294],[-55.8756,49.663,14.0607],[-55.8731,49.666,88.479],[-55.8686,49.6678,11.5001],[-55.8619,49.6686,0.0],[-55.8541,49.6718,0.0],[-55.8534,49.6743,0.0],[-55.8554,49.6784,0.0],[-55.8467,49.6911,35.9258],[-55.8502,49.6909,43.4069],[-55.8489,49.6925,0.9936],[-55.85,49.6931,0.9936],[-55.8542,49.6917,49.2778],[-55.8553,49.6894,53.2037],[-55.8631,49.6883,31.6562],[-55.8673,49.683,34.653],[-55.8727,49.6796,66.543],[-55.9111,49.6617,0.0],[-55.9022,49.6606,7.4351],[-55.895,49.6633,0.0],[-55.8914,49.6625,0.0],[-55.8972,49.6583,54.4062],[-55.9047,49.6597,9.8918],[-55.9144,49.6586,34.5428],[-55.9193,49.6561,5.1425],[-55.9299,49.6465,19.4752],[-55.9438,49.6444,0.0],[-55.9547,49.6396,2.7418],[-55.9583,49.6404,2.2485],[-55.9548,49.6441,5.1939],[-55.9334,49.651,5.4936],[-55.9318,49.6543,2.0874],[-55.9216,49.6598,0.0],[-55.9187,49.6643,34.5297],[-55.9119,49.6697,0.0],[-55.9048,49.6704,0.0],[-55.8956,49.6763,15.569],[-55.8802,49.6821,2.8443],[-55.8742,49.6881,2.0376],[-55.8928,49.6856,0.0],[-55.9142,49.6753,36.5723],[-55.9211,49.6753,10.2044],[-55.9295,49.6723,13.1909],[-55.93,49.6742,5.9955],[-55.9267,49.6758,47.522],[-55.9092,49.6817,4.4397],[-55.905,49.6886,0.0],[-55.9017,49.6911,15.9367],[-55.9044,49.6928,11.8677],[-55.905,49.6956,0.0],[-55.9072,49.6936,44.6379],[-55.9175,49.6928,8.1802],[-55.9365,49.6842,1.8305],[-55.9411,49.681,2.6152],[-55.9433,49.676,0.0],[-55.9427,49.6741,12.4032],[-55.9367,49.6729,0.0],[-55.9403,49.6707,8.074],[-55.9434,49.6704,20.9685],[-55.9456,49.6725,1.1593],[-55.9575,49.6703,55.1046],[-55.9586,49.6717,0.0],[-55.955,49.6728,0.0],[-55.9553,49.6739,1.824],[-55.9639,49.6753,27.1705],[-55.9692,49.6739,3.8631],[-55.9719,49.67,19.1158],[-55.9795,49.6665,34.7389],[-55.9954,49.6645,6.5581],[-56.0058,49.6586,13.9236],[-56.008,49.6588,10.134],[-56.0057,49.6599,3.6168],[-56.006,49.6618,6.4107],[-56.0099,49.6608,3.381],[-56.0136,49.6612,4.6206],[-56.0135,49.6622,20.8675],[-56.0076,49.6661,11.9752],[-56.0018,49.6671,5.8104],[-55.9973,49.6721,5.3085],[-55.9867,49.6764,0.0],[-55.9833,49.6806,10.3592],[-55.9763,49.6813,1.8417],[-55.9739,49.6797,2.5471],[-55.9819,49.6758,4.7573],[-55.9817,49.6733,1.7733],[-55.9786,49.6731,4.5459],[-55.9681,49.68,1.9781],[-55.9633,49.68,0.0],[-55.9622,49.6808,4.1351],[-55.9633,49.6822,16.9967],[-55.9495,49.6859,16.7131],[-55.9363,49.6968,0.4115],[-55.9297,49.699,2.5518],[-55.9283,49.6964,2.8356],[-55.9392,49.6931,0.0],[-55.9361,49.6914,0.0],[-55.9306,49.6931,1.9331],[-55.9243,49.6979,0.0],[-55.913,49.6996,12.7866],[-55.9017,49.7077,40.1914],[-55.8964,49.7081,0.0],[-55.8922,49.7103,0.0],[-55.8894,49.7133,0.0],[-55.8931,49.7167,5.6548],[-55.8953,49.7133,18.3874],[-55.9003,49.7143,0.0],[-55.9039,49.71,16.4217],[-55.9094,49.7122,0.0],[-55.9174,49.7091,0.9157],[-55.9239,49.7031,4.7251],[-55.9272,49.7036,22.1616],[-55.9286,49.7081,17.95],[-55.9311,49.7078,8.5703],[-55.9419,49.7008,26.8959],[-55.9536,49.7017,34.4727],[-55.97,49.6933,1.9435],[-55.9786,49.6944,9.6337],[-55.9789,49.6975,1.1875],[-55.9843,49.6989,0.0],[-55.9892,49.695,13.4396],[-55.9931,49.6961,3.4538],[-55.9958,49.6878,4.3548],[-56.0,49.6853,12.3618],[-56.0036,49.6859,0.0],[-56.004,49.689,0.0],[-56.0084,49.6907,0.0],[-56.01,49.6864,19.0109],[-56.0167,49.6854,42.5861],[-56.0198,49.6826,3.2822],[-56.026,49.682,42.6957],[-56.0296,49.684,0.0],[-56.0368,49.6816,26.3956],[-56.0404,49.6768,9.4593],[-56.0472,49.674,2.527],[-56.05,49.6697,32.1322],[-56.0553,49.6698,14.779],[-56.0598,49.6664,47.0898],[-56.0732,49.663,11.5962],[-56.0828,49.6575,0.0],[-56.0938,49.6458,0.0],[-56.1092,49.6344,19.5679],[-56.1173,49.6311,5.7813],[-56.1415,49.6146,13.0904],[-56.148,49.6123,0.6732],[-56.1494,49.6022,0.0],[-56.1544,49.598,0.0],[-56.1554,49.5952,11.6167],[-56.1599,49.5937,2.5103],[-56.1609,49.5909,11.2085],[-56.153,49.5871,4.7595],[-56.153,49.5849,0.0],[-56.1735,49.5742,1.8098],[-56.1864,49.5742,0.3384],[-56.1869,49.5761,1.0948],[-56.1829,49.5801,0.0],[-56.1783,49.5808,0.5871],[-56.1771,49.5824,0.0],[-56.1753,49.5954,0.0],[-56.1772,49.5999,0.0],[-56.1746,49.6105,1.3291],[-56.1811,49.6157,4.2097],[-56.1797,49.6178,22.665],[-56.1675,49.6248,0.9556],[-56.1516,49.628,0.0],[-56.1426,49.6315,0.0],[-56.1185,49.6458,41.7455],[-56.1118,49.6479,19.0006],[-56.1096,49.6507,72.0686],[-56.1096,49.6538,72.8575],[-56.1005,49.6619,0.0],[-56.0889,49.667,0.0],[-56.087,49.6694,67.0924],[-56.0592,49.681399999999996,4.0547],[-56.0575,49.6852,0.0],[-56.0469,49.6876,0.0],[-56.0456,49.6914,0.0],[-56.0461,49.6928,5.3765],[-56.0536,49.6947,6.9956],[-56.083,49.6936,65.0806],[-56.0832,49.6969,15.1201],[-56.0861,49.6977,3.4245],[-56.1169,49.6944,6.4522],[-56.1251,49.6954,3.4536],[-56.1262,49.6977,5.8436],[-56.1067,49.7008,9.9064],[-56.102,49.6984,0.0],[-56.097,49.7035,0.0],[-56.0901,49.7029,0.0],[-56.078,49.7052,0.0],[-56.0508,49.7067,0.0],[-56.0441,49.7102,0.0],[-56.0314,49.7113,7.4411],[-56.0189,49.7167,0.0],[-56.0149,49.7202,7.7208],[-56.0125,49.7198,0.0],[-56.0079,49.724,25.062],[-56.0049,49.7232,0.0],[-56.0019,49.7249,0.0],[-56.0068,49.7295,15.2795],[-56.0055,49.7338,0.0],[-56.0173,49.7343,6.0587],[-56.0216,49.7369,0.0],[-56.0197,49.7392,3.5526],[-56.0203,49.7426,0.0],[-56.0191,49.7445,1.7501],[-56.0232,49.7494,10.6178],[-56.0219,49.7511,1.8188],[-56.0049,49.7472,5.9497],[-56.0045,49.7458,1.1298],[-56.001,49.7458,6.7539],[-55.9937,49.7422,21.4629],[-55.9962,49.739,14.926],[-55.9944,49.7367,0.0],[-55.9903,49.7356,7.9757999999999996],[-55.9931,49.7333,1.6113],[-55.9925,49.7322,1.6113],[-55.9811,49.7347,8.2303],[-55.9753,49.7342,5.1349],[-55.9717,49.7358,5.3077],[-55.9722,49.7372,8.8156],[-55.9634,49.7411,1.3444],[-55.9569,49.7378,0.9024],[-55.9528,49.7386,0.0],[-55.9525,49.74,6.6314],[-55.9564,49.7428,0.5648],[-55.965,49.7425,2.5723],[-55.9681,49.7447,2.0682],[-55.9481,49.7499,0.0],[-55.9439,49.7494,9.954],[-55.9415,49.7468,0.0],[-55.9305,49.7464,5.5103],[-55.9077,49.7564,4.7707],[-55.9019,49.7564,4.4009],[-55.8953,49.7594,0.0],[-55.8944,49.7625,1.4147],[-55.9053,49.7614,14.127],[-55.9142,49.7572,7.1559],[-55.9111,49.7606,40.5802],[-55.8988,49.7657,0.0],[-55.9058,49.7704,15.1647],[-55.8931,49.7689,23.2682],[-55.8899,49.7663,0.0],[-55.8874,49.7666,0.0],[-55.8856,49.7703,7.9005],[-55.8894,49.7703,28.5659],[-55.8897,49.7719,0.0],[-55.8864,49.7744,90.3277],[-55.884,49.7729,0.0],[-55.8792,49.7739,16.0916],[-55.8775,49.7756,6.4689],[-55.8783,49.7769,6.4689],[-55.8738,49.7777,9.6352],[-55.8745,49.7817,31.2599],[-55.8711,49.7843,12.5474],[-55.8538,49.7843,1.4555],[-55.8532,49.7854,1.4555],[-55.8586,49.7883,8.6973],[-55.8569,49.7906,11.5051],[-55.8589,49.7931,3.8122],[-55.8581,49.7944,1.8342],[-55.8527,49.7912,0.0],[-55.847,49.7942,4.1052],[-55.8471,49.7965,11.8715],[-55.8449,49.7972,60.2087],[-55.8394,49.7939,22.4436],[-55.8336,49.7973,13.1418],[-55.8275,49.7961,0.0],[-55.8219,49.7983,7.9257],[-55.8132,49.7983,0.0],[-55.8106,49.8011,0.0],[-55.8037,49.8035,3.2622],[-55.7938,49.8028,0.0],[-55.7858,49.8119,0.0],[-55.7911,49.8194,16.7122],[-55.7816,49.8156,18.5965],[-55.7771,49.8172,44.5116],[-55.7692,49.8153,0.0],[-55.7647,49.8167,0.0],[-55.7589,49.8156,2.5519],[-55.7575,49.8174,24.6416],[-55.7531,49.8167,0.0],[-55.7555,49.8223,0.0],[-55.7547,49.8243,4.3974],[-55.745,49.824,0.0],[-55.7438,49.8264,8.8325],[-55.7399,49.8276,5.6121],[-55.737,49.8245,15.0406],[-55.7161,49.825,0.0],[-55.7156,49.8272,0.0],[-55.7208,49.8317,11.0815],[-55.7208,49.8342,6.3795],[-55.7235,49.8373,0.0],[-55.7208,49.8403,0.0],[-55.7086,49.8361,0.0],[-55.7056,49.8364,23.5936],[-55.6958,49.8308,6.7981],[-55.6867,49.8322,3.5016],[-55.6828,49.8344,0.0],[-55.6853,49.8353,5.8702],[-55.6832,49.838,0.0],[-55.6784,49.839,0.0],[-55.6786,49.8402,0.0],[-55.6833,49.8425,0.0],[-55.6902,49.8431,4.1416],[-55.6984,49.8484,48.1654],[-55.7086,49.8522,19.8553],[-55.7111,49.8544,5.1621],[-55.7104,49.8554,5.1621],[-55.7053,49.8553,0.0],[-55.7017,49.8517,0.0],[-55.6944,49.8531,12.055],[-55.6901,49.8506,6.3501],[-55.6817,49.8517,3.6708],[-55.675,49.8492,0.0],[-55.6593,49.8511,20.6343],[-55.6543,49.8496,0.0],[-55.6479,49.8516,1.1841],[-55.6494,49.8543,5.2144],[-55.6608,49.8551,23.4691],[-55.6651,49.8576,35.3624],[-55.6633,49.86,9.8142],[-55.6547,49.8622,0.0],[-55.6558,49.8647,11.7957],[-55.6533,49.868899999999996,80.5207],[-55.6426,49.8683,0.0],[-55.6383,49.8708,112.2775],[-55.6272,49.8705,1.1001],[-55.625,49.8725,0.0],[-55.6294,49.8756,26.3778],[-55.6258,49.8793,7.9134],[-55.6231,49.8794,0.4399],[-55.6228,49.8811,21.2687],[-55.6205,49.8797,0.0],[-55.6144,49.8794,1.0333],[-55.6099,49.8833,22.6759],[-55.6022,49.8867,4.5622],[-55.6047,49.8892,0.0],[-55.6039,49.8905,31.3786],[-55.5917,49.89,0.0],[-55.5892,49.8935,8.1203],[-55.5823,49.8946,0.0],[-55.5801,49.8978,0.0],[-55.5822,49.8974,3.3022],[-55.5836,49.899,66.2117],[-55.5636,49.9126,12.2005],[-55.5489,49.9136,0.0],[-55.5467,49.9122,51.2213],[-55.5481,49.9083,0.0],[-55.5433,49.9081,0.0],[-55.5294,49.9136,3.8264],[-55.5247,49.9131,0.0],[-55.5183,49.9171,72.9629],[-55.5136,49.9163,0.0],[-55.5025,49.9261,24.129],[-55.4919,49.9306,0.0],[-55.4905,49.9362,0.0],[-55.4819,49.9408,19.4381],[-55.4794,49.9453,0.5346],[-55.4811,49.9481,0.66],[-55.4864,49.9469,126.7507],[-55.49,49.9511,0.1103],[-55.4894,49.9528,12.2299],[-55.4854,49.9539,0.0],[-55.4842,49.9551,0.0],[-55.4852,49.9565,0.0],[-55.4752,49.9615,0.0],[-55.4755,49.9641,0.0],[-55.4733,49.9672,0.0],[-55.475,49.9691,0.0],[-55.4745,49.9708,0.0],[-55.4775,49.9718,39.4893],[-55.4944,49.9658,9.574],[-55.4956,49.9686,0.0],[-55.4908,49.9739,19.2341],[-55.4917,49.9778,0.0],[-55.4893,49.9831,28.4371],[-55.4985,49.9805,5.2062],[-55.5007,49.9815,34.1417],[-55.5007,49.9833,4.3474],[-55.5048,49.9843,11.1948],[-55.5069,49.9914,3.8203],[-55.5122,49.9925,0.0],[-55.5119,49.995,0.0],[-55.5081,49.9975,0.0],[-55.5106,50.0003,6.5043],[-55.5084,50.0028,0.0],[-55.5297,50.0041,33.4436],[-55.5356,49.9997,10.4118],[-55.5433,49.9986,17.8867],[-55.5544,49.9908,7.1337],[-55.5622,49.9867,29.7184],[-55.5644,49.9869,22.918],[-55.5683,49.9825,9.8991],[-55.5722,49.9828,3.1962],[-55.5761,49.9861,0.0],[-55.5919,49.9756,26.9218],[-55.5983,49.9744,7.3923],[-55.6048,49.9691,45.5031],[-55.6078,49.9703,2.3561],[-55.6083,49.9669,1.9003],[-55.6069,49.9656,18.3855],[-55.5955,49.9603,0.0],[-55.5951,49.9575,0.0],[-55.5965,49.9566,0.9271],[-55.6081,49.9633,0.0],[-55.6209,49.9649,24.5206],[-55.6409,49.971,4.5944],[-55.6478,49.9703,79.2608],[-55.6523,49.9748,4.2489],[-55.6592,49.9733,0.0],[-55.6569,49.9708,0.0],[-55.6606,49.9661,16.5236],[-55.6664,49.9675,1.0108],[-55.6682,49.971,0.2971],[-55.6742,49.9676,32.6776],[-55.6786,49.9689,0.0],[-55.6795,49.9722,0.0],[-55.6828,49.9722,0.0],[-55.6831,49.9697,27.0238],[-55.69,49.9722,0.0],[-55.6992,49.9706,0.0],[-55.7086,49.965,0.0],[-55.7103,49.9559,17.7325],[-55.7074,49.9542,6.9926],[-55.7093,49.9516,6.2864],[-55.7053,49.9472,56.7489],[-55.7078,49.9464,7.8551],[-55.7117,49.9408,2.5295],[-55.7089,49.9383,2.3114],[-55.7133,49.9361,5.232],[-55.7147,49.94,27.7081],[-55.719,49.9409,2.135],[-55.7267,49.9361,14.9246],[-55.728,49.9344,0.0],[-55.7272,49.9322,3.9684],[-55.7328,49.929,31.2311],[-55.731,49.9257,4.8209],[-55.7322,49.9233,1.3003],[-55.7286,49.9222,23.4374],[-55.7289,49.9206,0.0],[-55.7347,49.921,0.9648],[-55.7363,49.9222,6.7108],[-55.7353,49.9238,0.0],[-55.7386,49.9242,0.0],[-55.7354,49.9269,0.9925],[-55.7422,49.9326,16.5903],[-55.7563,49.9328,2.204],[-55.7625,49.9261,0.0],[-55.7636,49.9211,3.5949],[-55.7669,49.9206,0.0],[-55.7692,49.9178,1.0655],[-55.7781,49.9172,1.0938],[-55.7772,49.9203,3.747],[-55.7792,49.9222,14.5283],[-55.7717,49.9305,0.0],[-55.7758,49.9325,0.0],[-55.7764,49.9344,27.3677],[-55.7744,49.9353,0.0],[-55.7758,49.9367,0.0],[-55.7835,49.9383,9.3404],[-55.7869,49.9423,17.6112],[-55.777,49.9529,10.3335],[-55.7776,49.9539,0.0],[-55.7885,49.9555,0.0],[-55.8006,49.9541,0.0],[-55.808,49.9512,2.1557],[-55.8147,49.9519,30.7146],[-55.8231,49.9486,18.1336],[-55.8225,49.9531,2.3758],[-55.8197,49.9547,0.0],[-55.82,49.9602,3.6299],[-55.8247,49.9622,0.0],[-55.8321,49.9592,31.8316],[-55.836,49.9636,0.0],[-55.8358,49.9672,0.0],[-55.8375,49.9686,2.7302],[-55.845,49.9662,18.5524],[-55.8483,49.9667,11.5384],[-55.8502,49.9711,0.0],[-55.8451,49.9763,0.0],[-55.8553,49.9789,0.0],[-55.8628,49.9767,20.8713],[-55.8756,49.9761,2.1093],[-55.8844,49.9694,0.0],[-55.8847,49.9669,1.0327],[-55.8828,49.9647,12.3107],[-55.8897,49.965,7.338],[-55.89,49.9683,0.0],[-55.8816,49.9763,20.11],[-55.8713,49.981,0.7531],[-55.8727,49.9846,0.0],[-55.8764,49.9867,4.3598],[-55.8763,49.9907,11.0311],[-55.8661,49.9897,12.4169],[-55.8668,49.9868,0.0],[-55.8624,49.984,17.0948],[-55.8519,49.9831,0.0],[-55.8619,49.9883,6.2785],[-55.859,49.9901,5.8032],[-55.8624,49.9938,0.0],[-55.8622,49.9978,0.0],[-55.8733,50.0,3.0344],[-55.8706,50.0006,0.0],[-55.8706,50.0022,0.0],[-55.8788,50.0054,19.0158],[-55.8834,50.0103,27.5764],[-55.8816,50.0146,14.0619],[-55.8773,50.0132,0.0],[-55.8801,50.0154,0.8737],[-55.8803,50.0194,0.0],[-55.8861,50.0194,4.8678],[-55.887,50.0177,28.4314],[-55.895,50.02,4.6532],[-55.9001,50.0187,31.3552],[-55.8999,50.022,14.4121],[-55.9022,50.0229,4.5058],[-55.9044,50.0294,14.54],[-55.9065,50.031,14.9769],[-55.9227,50.0337,48.5384],[-55.9283,50.0359,0.0],[-55.9284,50.0385,0.0],[-55.954,50.0353,11.4596],[-55.9644,50.0311,1.855],[-55.9665,50.0274,0.0],[-55.9739,50.0306,0.0],[-55.9806,50.0297,2.2903],[-55.9826,50.0279,7.4068],[-55.9828,50.0231,7.3914],[-55.9808,50.0226,7.3914],[-55.9791,50.0156,4.0343],[-55.9835,50.0095,50.1266],[-55.9922,50.002,9.5674],[-55.9917,50.0,29.8976],[-55.9953,49.9978,12.2574],[-55.9951,49.993899999999996,42.6168],[-55.9992,49.9889,0.0],[-56.0038,49.9878,17.5044],[-56.012,49.9825,14.3621],[-56.0223,49.9818,34.493],[-56.0302,49.9779,1.291],[-56.0444,49.9767,1.6595],[-56.0349,49.9886,0.0],[-56.0225,49.9967,0.0],[-56.015,50.0053,58.2366],[-56.0151,50.0088,25.1669],[-56.0189,50.0131,0.0],[-56.0191,50.0178,14.5884],[-56.0181,50.0233,0.0],[-56.0135,50.0268,3.9173],[-56.0192,50.0307,15.0751],[-56.0189,50.0368,0.0],[-56.0206,50.0384,0.8994],[-56.0228,50.0376,2.79],[-56.0278,50.0306,80.2288],[-56.0283,50.0336,33.0537],[-56.0317,50.0334,7.0592],[-56.0391,50.0314,1.9684],[-56.0411,50.0285,60.751],[-56.0486,50.0258,0.0],[-56.0481,50.0229,0.0],[-56.0557,50.0174,0.0],[-56.0667,50.0187,4.844],[-56.0677,50.0173,4.844],[-56.0768,50.0163,3.1016],[-56.0941,50.0104,3.2182],[-56.0962,50.004,0.0],[-56.1094,49.9988,4.9022],[-56.1116,49.9955,0.0],[-56.1097,49.9938,0.0],[-56.1102,49.9903,0.0],[-56.1245,49.984,2.9571],[-56.13,49.9838,0.6733],[-56.1344,49.9804,0.0],[-56.1382,49.9738,0.0],[-56.1365,49.9667,0.0],[-56.1374,49.9626,0.0],[-56.141,49.9595,0.0],[-56.1419,49.9539,21.5901],[-56.1458,49.9533,0.0],[-56.1529,49.9443,0.0],[-56.1584,49.9414,14.671],[-56.1656,49.9405,0.0],[-56.1679,49.9382,9.6439],[-56.1793,49.9338,4.9659],[-56.2029,49.9268,1.2523],[-56.2064,49.9239,0.2243],[-56.2106,49.9245,1.6372],[-56.2106,49.9268,1.105],[-56.2027,49.9312,1.2896],[-56.1972,49.9364,0.7135],[-56.1903,49.9369,0.0],[-56.1897,49.9386,0.0],[-56.178,49.9426,0.4613],[-56.1676,49.9537,1.664],[-56.1682,49.958,4.4512],[-56.1658,49.9611,4.7494],[-56.1669,49.9628,0.0],[-56.1647,49.9656,2.1604],[-56.1644,49.9692,42.5003],[-56.15,49.9775,0.0],[-56.1506,49.9789,5.667],[-56.1467,49.9828,11.6718],[-56.1525,49.9892,2.0574],[-56.1503,49.9906,0.0],[-56.1528,49.9922,21.9365],[-56.1518,49.995,3.9826],[-56.1426,49.9977,3.2059],[-56.1346,50.0032,0.0],[-56.1394,50.0087,9.7462],[-56.1392,50.0108,18.4699],[-56.1347,50.0132,0.0],[-56.1372,50.0142,13.0735],[-56.1286,50.0166,0.0],[-56.1263,50.0192,0.0],[-56.1354,50.022,2.7533],[-56.1375,50.0241,6.93],[-56.1341,50.0258,14.5645],[-56.1271,50.0258,0.0],[-56.1297,50.0278,3.1586],[-56.1183,50.0322,4.0811],[-56.119,50.0369,1.3319],[-56.1128,50.0406,0.1754],[-56.1083,50.0483,4.5098],[-56.1011,50.0517,1.1352],[-56.0994,50.0507,1.1352],[-56.0928,50.0525,0.0],[-56.0961,50.0544,0.0],[-56.1111,50.0501,4.165],[-56.1161,50.0529,4.1415],[-56.1142,50.0548,0.0],[-56.1192,50.0572,4.5734],[-56.1184,50.0593,10.0213],[-56.115,50.0615,1.3958],[-56.1095,50.0612,0.42],[-56.1092,50.0663,7.1301],[-56.1058,50.0685,6.0327],[-56.0842,50.0701,0.0],[-56.0724,50.0747,0.0],[-56.0757,50.0777,0.0],[-56.0879,50.0785,15.6148],[-56.087,50.0793,0.0],[-56.0887,50.082,0.0],[-56.0849,50.0842,21.9179],[-56.0862,50.0858,0.0],[-56.0906,50.0853,37.9156],[-56.0858,50.0889,4.7431],[-56.086,50.0904,4.7431],[-56.0893,50.0903,17.2232],[-56.0867,50.0973,0.0],[-56.0883,50.0991,0.0],[-56.0833,50.1034,5.9515],[-56.0856,50.104,0.0],[-56.0899,50.1011,3.199],[-56.0931,50.1014,0.0],[-56.0991,50.0986,27.7201],[-56.1039,50.0995,10.2608],[-56.1056,50.1032,14.8647],[-56.1125,50.1035,17.3194],[-56.1222,50.1071,0.0],[-56.1228,50.1114,0.0],[-56.1288,50.1161,8.3182],[-56.1417,50.1142,1.128],[-56.1461,50.1153,12.6867],[-56.1456,50.1167,0.0],[-56.1344,50.1172,8.617],[-56.1322,50.12,11.1782],[-56.1239,50.1169,18.7387],[-56.1236,50.1144,3.0972],[-56.1181,50.1143,7.9506],[-56.1096,50.1245,2.9145],[-56.1029,50.127,0.0],[-56.1001,50.13,0.0],[-56.1148,50.1291,0.6644],[-56.12,50.1315,22.1316],[-56.1195,50.1329,0.0],[-56.1226,50.1356,0.0],[-56.1287,50.1352,40.298],[-56.1366,50.1393,6.0791],[-56.1391,50.1392,22.0566],[-56.1379,50.141,0.0],[-56.1441,50.1441,8.1752],[-56.1352,50.1475,1.4597],[-56.1359,50.1498,0.0],[-56.1421,50.1538,0.0],[-56.1537,50.1546,14.3586],[-56.1589,50.1578,2.1505],[-56.1634,50.1552,18.546],[-56.1668,50.1555,0.0],[-56.1756,50.1483,18.1345],[-56.1832,50.1456,13.0995],[-56.1856,50.1421,30.1654],[-56.1847,50.1387,43.5924],[-56.1908,50.137,14.0802],[-56.1983,50.1322,0.0],[-56.2083,50.1304,6.4159],[-56.216,50.1241,17.2215],[-56.2264,50.122,17.7811],[-56.2317,50.1171,2.958],[-56.233,50.1117,11.6776],[-56.2417,50.1054,9.0227],[-56.2441,50.1,36.9292],[-56.249,50.0974,0.0],[-56.2513,50.0916,94.3639],[-56.264,50.0846,5.32],[-56.2659,50.0798,14.742],[-56.2733,50.0762,18.8702],[-56.277,50.0721,0.0],[-56.2771,50.0667,37.5749],[-56.2801,50.0643,23.9286],[-56.2794,50.0622,25.5039],[-56.2911,50.0596,0.0],[-56.2925,50.0571,16.2829],[-56.3034,50.0498,2.1487],[-56.3079,50.0442,35.3832],[-56.3131,50.0444,2.8056],[-56.3157,50.0409,7.0614],[-56.3243,50.0359,0.0],[-56.3246,50.0337,58.252],[-56.3267,50.0347,4.3248],[-56.3277,50.0328,0.0],[-56.3333,50.0309,27.5415],[-56.3353,50.0239,31.5811],[-56.3406,50.0193,0.0],[-56.3413,50.0078,20.623],[-56.3453,50.0053,68.5011],[-56.3486,49.9978,0.0],[-56.3394,49.9931,0.0],[-56.3397,49.9908,7.2791],[-56.3444,49.9903,62.6224],[-56.3511,49.9926,0.0],[-56.3528,49.9925,0.0],[-56.3534,49.99,60.503],[-56.3579,49.9913,7.7755],[-56.3572,49.9867,0.7415],[-56.3597,49.9853,0.0],[-56.3559,49.9845,51.5677],[-56.3559,49.9809,49.1573],[-56.3578,49.9806,3.0319],[-56.3625,49.9867,0.0],[-56.3664,49.9869,10.3503],[-56.3675,49.9853,0.0],[-56.364,49.9768,63.5375],[-56.3667,49.9747,6.7081],[-56.368899999999996,49.9778,5.0556],[-56.3731,49.9786,0.0],[-56.374,49.9756,0.0],[-56.3717,49.9719,43.3063],[-56.3752,49.9693,8.2059],[-56.3791,49.9702,0.0],[-56.377,49.9661,13.0399],[-56.3788,49.9635,30.0751],[-56.3871,49.9671,0.0],[-56.3878,49.9631,3.1745],[-56.3935,49.964,0.0],[-56.3961,49.963,6.8696],[-56.3965,49.9584,28.8379],[-56.3992,49.9564,43.5423],[-56.4003,49.9525,0.0],[-56.3997,49.9483,8.3098],[-56.4053,49.9478,35.0555],[-56.4067,49.9436,33.3681],[-56.4084,49.9429,0.0],[-56.403,49.9384,0.0],[-56.3928,49.9388,49.5127],[-56.3889,49.9365,7.8558],[-56.3896,49.9346,4.4168],[-56.3936,49.935,10.8852],[-56.3953,49.9322,51.5485],[-56.4017,49.9317,20.3726],[-56.4031,49.9275,0.0],[-56.3886,49.9225,17.5757],[-56.3862,49.9165,6.6772],[-56.3875,49.9134,0.0],[-56.3857,49.9114,1.5039],[-56.3876,49.9088,0.501],[-56.3861,49.9057,2.3905],[-56.3806,49.9036,28.2027],[-56.3753,49.8983,0.0],[-56.375,49.8919,2.7582],[-56.3764,49.8906,2.7582],[-56.3783,49.8897,4.4524],[-56.38,49.8911,6.553],[-56.3819,49.8969,24.038],[-56.3792,49.8992,10.9491],[-56.3817,49.9019,77.9497],[-56.3926,49.9046,24.794],[-56.3931,49.9117,0.0],[-56.3969,49.9164,4.1667],[-56.4016,49.9169,25.9895],[-56.405,49.9143,6.7215],[-56.4137,49.9222,0.0],[-56.4212,49.9226,0.0],[-56.4249,49.92,8.7554],[-56.4286,49.9131,10.566],[-56.4336,49.9114,12.0476],[-56.4385,49.9069,5.4915],[-56.4386,49.9039,4.8389],[-56.4442,49.9028,0.7151],[-56.4449,49.9001,30.1701],[-56.4517,49.8969,0.0],[-56.4525,49.8949,0.0],[-56.4439,49.8779,0.0],[-56.445,49.8727,0.0],[-56.4347,49.8593,0.0],[-56.4339,49.8568,4.4071],[-56.4367,49.8565,9.1258],[-56.4347,49.8547,4.045],[-56.4372,49.855,32.2646],[-56.4419,49.8613,1.9717],[-56.4499,49.8657,7.4485],[-56.4558,49.8728,17.2334],[-56.4583,49.8825,1.8331],[-56.4539,49.8875,12.064],[-56.4578,49.8928,7.9662],[-56.4575,49.8947,9.4208],[-56.4631,49.8997,20.7431],[-56.4645,49.9049,5.3768],[-56.4667,49.9015,31.3108],[-56.4766,49.9027,4.0175],[-56.4919,49.8956,3.3907],[-56.506,49.8804,41.1334],[-56.5167,49.8728,9.4413],[-56.5178,49.8697,0.0],[-56.5311,49.8677,14.255],[-56.5461,49.8574,0.0],[-56.555,49.8564,2.4682],[-56.5605,49.8515,5.0387],[-56.5634,49.851,2.9628],[-56.5632,49.8497,10.0351],[-56.5658,49.8494,3.0314],[-56.5647,49.8528,0.0],[-56.5664,49.8531,0.0],[-56.5686,49.8503,40.1999],[-56.5816,49.8469,23.5742],[-56.585,49.8425,0.0],[-56.5798,49.8384,0.0],[-56.5692,49.8453,2.6442],[-56.5683,49.8439,15.4725],[-56.5737,49.8399,12.6753],[-56.5739,49.8364,2.0076],[-56.5489,49.8341,16.9477],[-56.5401,49.8295,0.0],[-56.5364,49.8311,25.4112],[-56.5367,49.8292,2.0053],[-56.5291,49.8256,25.0623],[-56.5125,49.8233,2.4213],[-56.5094,49.8211,1.8386],[-56.5156,49.8222,0.0],[-56.5231,49.8211,5.8363],[-56.5251,49.8223,0.0],[-56.5305,49.8202,12.241],[-56.5508,49.8297,6.8449],[-56.5599,49.8318,22.8868],[-56.5631,49.8297,67.1138],[-56.5675,49.8318,20.6072],[-56.5742,49.8308,1.2705],[-56.5784,49.8281,52.7661],[-56.582,49.8293,2.5703],[-56.5867,49.828,5.4473],[-56.5941,49.8214,8.9189],[-56.5953,49.8227,64.5048],[-56.5922,49.8317,0.0],[-56.602,49.8263,0.0],[-56.6071,49.822,25.7336],[-56.6079,49.8193,5.2643],[-56.6179,49.8155,0.0],[-56.6205,49.8128,0.0],[-56.6208,49.8098,13.8863],[-56.6249,49.8074,6.6891],[-56.6277,49.8002,49.5139],[-56.6308,49.7975,0.0],[-56.6272,49.7936,9.9458],[-56.6281,49.7922,0.0],[-56.6332,49.7925,0.3844],[-56.6323,49.7908,4.1439],[-56.6336,49.7892,5.9717],[-56.6379,49.7878,15.8579],[-56.6439,49.7889,0.0],[-56.6461,49.7864,2.3825],[-56.645,49.785,0.0],[-56.6403,49.785,1.8888],[-56.6385,49.7823,0.0],[-56.6477,49.7772,0.0],[-56.6485,49.7753,38.1955],[-56.6513,49.7749,5.9089],[-56.6535,49.7714,0.0],[-56.6541,49.7665,0.0],[-56.6522,49.7586,76.8413],[-56.6551,49.7571,0.0],[-56.6536,49.7547,0.0],[-56.6553,49.7508,0.0],[-56.6485,49.748,1.171],[-56.6492,49.7449,0.7801],[-56.6536,49.7419,59.9082],[-56.6615,49.7476,4.8379],[-56.67,49.7497,2.4158],[-56.6746,49.7479,7.2855],[-56.6795,49.7406,35.434],[-56.678,49.7385,1.175],[-56.6789,49.7366,17.1161],[-56.6862,49.7325,1.9132],[-56.6881,49.7286,30.2256],[-56.6925,49.7297,4.7891],[-56.696,49.7275,1.5044],[-56.6994,49.7231,14.591],[-56.7063,49.7184,0.0],[-56.7086,49.7158,0.0],[-56.7078,49.7144,2.6789],[-56.7094,49.71,10.0261],[-56.7156,49.7097,0.0],[-56.7282,49.693,10.6071],[-56.7483,49.6731,20.2789],[-56.7553,49.6592,36.2744],[-56.7678,49.6419,41.2935],[-56.7701,49.6358,0.0],[-56.7813,49.6256,2.8635],[-56.7696,49.6061,236.0358],[-56.7588,49.5969,315.021],[-56.7406,49.6003,342.7273],[-56.7078,49.5942,277.6774],[-56.7023,49.5809,278.0336],[-56.6976,49.548,311.629],[-56.7061,49.534,295.11],[-56.7169,49.5246,302.6564],[-56.7223,49.5037,298.0283],[-56.7214,49.4856,288.5754],[-56.7248,49.4749,273.1502],[-56.7323,49.4679,273.746],[-56.7414,49.4713,267.4299],[-56.7501,49.4724,277.9941],[-56.7626,49.4813,309.2353],[-56.7662,49.4795,293.0588],[-56.7731,49.466,289.2303],[-56.7818,49.4573,302.7905],[-56.7958,49.455,312.6291],[-56.8033,49.4466,322.5101],[-56.8318,49.4062,305.8918],[-56.8532,49.388,265.2754],[-56.8699,49.3814,269.1069],[-56.9097,49.3753,185.5465],[-56.9263,49.3749,180.9521],[-56.9304,49.3712,164.4127],[-56.9418,49.3512,130.0],[-56.9621,49.3542,97.6302],[-56.9746,49.3601,90.9005],[-56.9809,49.3574,85.5],[-56.9842,49.3599,85.5],[-56.9901,49.359,85.5],[-56.993899999999996,49.3521,85.5],[-56.9921,49.3497,85.5],[-56.9875,49.3478,85.5],[-56.9926,49.3432,85.5],[-56.9808,49.3326,85.5],[-56.9892,49.3298,85.5],[-56.9824,49.3276,85.5],[-56.9915,49.3221,85.5],[-56.9843,49.3212,85.5],[-56.9731,49.3091,85.5],[-56.9821,49.2955,85.5],[-56.9894,49.2894,85.5],[-56.9846,49.2623,85.5],[-56.988,49.25,85.5],[-56.9822,49.2386,85.5],[-56.9559,49.2272,93.9884],[-56.8934,49.2125,210.1036],[-56.8463,49.2102,385.3272],[-56.8386,49.2085,469.6414],[-56.7673,49.2132,514.0563],[-56.7447,49.2287,496.9097],[-56.7525,49.2324,459.1567],[-56.7616,49.2402,501.2644],[-56.7654,49.2494,539.8135],[-56.7576,49.2569,541.3766],[-56.7341,49.2622,501.8485],[-56.7225,49.2621,537.9869],[-56.7116,49.2598,477.4517],[-56.7043,49.2646,463.7845],[-56.6931,49.2759,425.3718],[-56.6647,49.2931,371.9344],[-56.6465,49.2958,335.9532],[-56.609,49.3155,133.0],[-56.6006,49.3102,133.0],[-56.5378,49.3388,133.0],[-56.5107,49.3492,139.537],[-56.488,49.3439,165.4359],[-56.1265,49.2832,79.157],[-56.1042,49.2751,136.894],[-56.0539,49.2886,153.406],[-56.0555,49.2871,157.6823],[-56.0523,49.2794,146.4147],[-56.0363,49.2973,117.5462],[-56.0346,49.3048,116.2135],[-56.0359,49.3172,109.5304],[-56.0106,49.3163,164.2893],[-56.0068,49.3172,178.3168],[-56.0001,49.322,211.6634],[-55.9913,49.3201,235.7676],[-55.87,49.3562,156.0275],[-55.6267,49.2938,122.0],[-55.6421,49.2762,154.191],[-55.6349,49.2642,190.0059],[-55.6837,49.2249,261.7717],[-55.715,49.2249,189.0961],[-55.721,49.2186,190.3808],[-55.7333,49.2101,192.8448],[-55.7402,49.1996,202.6227],[-55.7463,49.1864,160.2633],[-55.7527,49.1783,157.7574],[-55.7622,49.1727,166.854],[-55.7934,49.1672,175.7603],[-55.7968,49.1648,176.5602],[-55.7974,49.1639,176.5602],[-55.7915,49.1592,195.0451],[-55.7922,49.1552,211.5402],[-55.8004,49.1454,244.6626],[-55.8016,49.1392,257.0334],[-55.7957,49.1313,261.6304],[-55.7823,49.1186,305.9673],[-55.7801,49.1102,291.9341],[-55.7866,49.1039,290.2318],[-55.8038,49.0991,290.2143],[-55.8061,49.0949,288.2995],[-55.8006,49.0886,286.1605],[-55.7865,49.0836,282.4788],[-55.7801,49.0783,269.529],[-55.7786,49.0742,266.3479],[-55.7871,49.06,262.2566],[-55.7867,49.0583,265.4727],[-55.7826,49.0562,248.653],[-55.7748,49.0575,244.4825],[-55.7525,49.0667,235.1351],[-55.725,49.0824,206.8183],[-55.7094,49.0946,239.1003],[-55.6988,49.1072,245.674],[-55.6957,49.1363,197.2973],[-55.6918,49.1456,228.5603],[-55.6732,49.1635,234.2646],[-55.6623,49.1701,236.6991],[-55.6444,49.1779,210.646],[-55.6278,49.1828,200.8049],[-55.6243,49.1826,197.148],[-55.6241,49.2114,145.7437],[-55.5998,49.2112,152.9007],[-55.5855,49.2321,147.4762],[-55.5731,49.2321,186.8589],[-55.5658,49.2214,149.8009],[-55.5296,49.2215,174.0929],[-55.4842,49.251,161.7386],[-55.4567,49.253,79.0388],[-55.4014,49.2507,46.293],[-55.3943,49.2442,96.3608],[-55.3798,49.2359,109.3574],[-55.3657,49.2248,78.1571],[-55.3395,49.2305,83.612799999999993],[-55.3327,49.2309,66.6414],[-55.3224,49.2285,103.6058]]],
[[[-55.4486,49.3608,0.0],[-55.4481,49.3636,1.329],[-55.4489,49.3642,0.0],[-55.4497,49.3619,0.0],[-55.4486,49.3608,0.0]]],
[[[-55.5867,49.3633,0.0],[-55.585,49.3647,1.8554],[-55.5886,49.3678,0.0],[-55.5889,49.3661,0.9737],[-55.5867,49.3633,0.0]]],
[[[-55.5858,49.37,0.0],[-55.5839,49.3667,0.0],[-55.5825,49.3675,0.0],[-55.5842,49.3708,0.0],[-55.5858,49.37,0.0]]],
[[[-55.3261,49.3278,2.5834],[-55.3269,49.3287,2.5834],[-55.3286,49.328,1.8911],[-55.3253,49.3262,0.0],[-55.3261,49.3278,2.5834]]],
[[[-55.3464,49.3389,0.0],[-55.3458,49.3372,1.7331],[-55.3444,49.3383,1.7331],[-55.345,49.3397,1.1299],[-55.3464,49.3389,0.0]]],
[[[-55.2461,49.3375,1.0708],[-55.2436,49.3382,5.8626],[-55.2425,49.3428,2.3605],[-55.2458,49.3422,0.0],[-55.2461,49.3375,1.0708]]],
[[[-55.4428,49.3631,4.2526],[-55.4403,49.3633,0.0],[-55.4397,49.3686,10.8892],[-55.4475,49.3647,0.0],[-55.4431,49.3647,10.3774],[-55.4428,49.3631,4.2526]]],
[[[-55.3119,49.3667,0.7614],[-55.3133,49.3658,0.6201],[-55.3105,49.3638,0.0],[-55.3089,49.3669,0.0],[-55.3119,49.3667,0.7614]]],
[[[-55.235,49.3781,1.2572],[-55.2367,49.3758,10.5201],[-55.23,49.3722,1.5264],[-55.2339,49.3767,21.0496],[-55.2311,49.3792,2.12],[-55.2331,49.3803,3.331],[-55.235,49.3781,1.2572]]],
[[[-55.2792,49.3808,1.9484],[-55.2797,49.3817,1.9484],[-55.2803,49.3789,2.4914],[-55.2814,49.3792,2.4914],[-55.2814,49.3828,0.0],[-55.2839,49.3867,2.935],[-55.2839,49.3747,7.6398],[-55.2814,49.3711,3.0855],[-55.2795,49.372,0.8761],[-55.2794,49.3758,10.5207],[-55.2781,49.3767,0.7745],[-55.2792,49.3808,1.9484]]],
[[[-55.3708,49.3803,4.111],[-55.3731,49.3794,0.0],[-55.3733,49.3781,0.0],[-55.3708,49.3792,4.111],[-55.3708,49.3803,4.111]]],
[[[-55.3422,49.3799,0.0],[-55.341,49.3821,0.0],[-55.3429,49.3816,1.3489],[-55.3434,49.3802,0.0],[-55.3422,49.3799,0.0]]],
[[[-55.3372,49.3927,0.0],[-55.339,49.3931,0.0],[-55.3398,49.3926,0.0],[-55.3375,49.3912,0.0],[-55.3372,49.3927,0.0]]],
[[[-55.2714,49.395,1.8772],[-55.27,49.3939,1.8772],[-55.2692,49.3942,4.693],[-55.2697,49.3961,2.4422],[-55.2714,49.395,1.8772]]],
[[[-56.0711,49.4818,4.0105],[-56.0736,49.4784,10.478],[-56.0727,49.4762,2.1868],[-56.0702,49.4797,0.0],[-56.0711,49.4818,4.0105]]],
[[[-56.0595,49.4882,4.0431],[-56.0612,49.4888,0.0],[-56.0637,49.4873,1.1915],[-56.062,49.4864,0.0],[-56.0595,49.4882,4.0431]]],
[[[-55.6864,49.4258,5.484],[-55.6872,49.4272,0.0],[-55.69,49.4261,0.0],[-55.6897,49.4244,6.4259],[-55.6856,49.4228,0.0],[-55.6872,49.425,3.7249],[-55.6864,49.4258,5.484]]],
[[[-55.6811,49.4344,3.3047],[-55.6729,49.439,2.5724],[-55.6756,49.4419,16.7488],[-55.6854,49.4411,8.0356],[-55.6947,49.4358,5.0591],[-55.6992,49.4283,1.4743],[-55.698,49.4268,0.0],[-55.6824,49.4286,0.0],[-55.6798,49.4306,14.5543],[-55.6743,49.4316,3.0083],[-55.67,49.4367,0.7681],[-55.6717,49.4378,0.0],[-55.68,49.4333,6.551],[-55.6811,49.4344,3.3047]]],
[[[-55.7097,49.4455,0.714],[-55.7119,49.4471,0.0],[-55.7133,49.4461,0.4386],[-55.7131,49.4449,0.0],[-55.7097,49.4455,0.714]]],
[[[-55.7756,49.4586,3.5306],[-55.77,49.4565,0.0],[-55.767,49.4592,0.0],[-55.7698,49.4605,0.0],[-55.7756,49.4586,3.5306]]],
[[[-55.7794,49.4689,0.0],[-55.7819,49.4686,2.9284],[-55.7817,49.4675,2.9284],[-55.7767,49.4681,1.927],[-55.7758,49.4694,0.0],[-55.7781,49.4694,1.575],[-55.7794,49.4689,0.0]]],
[[[-55.6508,49.4771,1.3422],[-55.657,49.4768,1.4758],[-55.6631,49.4706,0.0],[-55.6505,49.474,1.4199],[-55.649,49.4759,12.1567],[-55.6508,49.4771,1.3422]]],
[[[-55.7023,49.4795,24.7068],[-55.6988,49.4814,27.3341],[-55.7156,49.4854,6.7786],[-55.7229,49.4762,1.9513],[-55.7206,49.4747,0.0],[-55.7124,49.4753,0.0],[-55.7032,49.4778,4.2783],[-55.7023,49.4795,24.7068]]],
[[[-55.7322,49.485,8.5815],[-55.7331,49.4833,0.0],[-55.7303,49.4853,0.0],[-55.7322,49.485,8.5815]]],
[[[-55.725,49.4908,0.0],[-55.7242,49.4897,0.0],[-55.7231,49.4917,0.0],[-55.7242,49.4919,0.0],[-55.725,49.4908,0.0]]],
[[[-55.7731,49.4986,3.3921],[-55.7709,49.4964,2.8643],[-55.7651,49.4971,0.0],[-55.7671,49.4985,4.969],[-55.7731,49.4986,3.3921]]],
[[[-55.58,49.3711,0.0],[-55.5822,49.3703,2.8792],[-55.5811,49.3686,0.0],[-55.5797,49.37,0.0],[-55.58,49.3711,0.0]]],
[[[-55.5739,49.3769,1.5625],[-55.5747,49.3758,0.0],[-55.5744,49.3739,0.0],[-55.5725,49.375,0.0],[-55.5739,49.3769,1.5625]]],
[[[-55.4436,49.4267,3.3878],[-55.4458,49.4275,0.0],[-55.4469,49.4267,3.6993],[-55.4456,49.4256,3.6993],[-55.4436,49.4267,3.3878]]],
[[[-55.2714,49.3978,3.839],[-55.2719,49.4001,1.4716],[-55.2746,49.3983,3.5089],[-55.2731,49.3964,3.4039],[-55.2714,49.3978,3.839]]],
[[[-55.3383,49.3992,0.0],[-55.3378,49.3969,0.0],[-55.3347,49.3988,4.3589],[-55.3356,49.4022,0.0],[-55.3385,49.4007,0.0],[-55.3383,49.3992,0.0]]],
[[[-55.3069,49.4289,0.0],[-55.3097,49.4322,0.0],[-55.3179,49.4294,0.0],[-55.3198,49.4261,6.8952],[-55.3292,49.4189,2.3376],[-55.3283,49.4161,6.5318],[-55.3328,49.4161,0.0],[-55.3325,49.4089,0.0],[-55.329,49.4073,10.1819],[-55.3153,49.4153,6.3981],[-55.3142,49.4147,0.0],[-55.3147,49.4119,0.0],[-55.3111,49.4139,0.0],[-55.3097,49.4164,3.1804],[-55.3122,49.4197,18.5643],[-55.3072,49.425,6.0013],[-55.3069,49.4289,0.0]]],
[[[-55.4158,49.4328,3.8124],[-55.4142,49.4342,2.4693],[-55.415,49.435,2.4693],[-55.4219,49.4319,0.0],[-55.4211,49.431399999999996,0.0],[-55.4158,49.4328,3.8124]]],
[[[-55.4278,49.4378,1.3809],[-55.4258,49.4389,0.0],[-55.4258,49.4394,0.0],[-55.4292,49.4378,0.7555],[-55.4278,49.4378,1.3809]]],
[[[-55.3944,49.4489,0.0],[-55.3961,49.4472,0.0],[-55.3953,49.4464,0.0],[-55.3922,49.4478,3.8022],[-55.3931,49.4494,0.4765],[-55.3944,49.4489,0.0]]],
[[[-55.3886,49.4514,0.0],[-55.3886,49.4531,1.9326],[-55.3908,49.4508,4.0522],[-55.3905,49.4508,4.0522],[-55.3886,49.4514,0.0]]],
[[[-55.3801,49.4526,1.0437],[-55.3799,49.4538,0.0],[-55.3819,49.4517,0.0],[-55.3809,49.452,7.233],[-55.3801,49.4526,1.0437]]],
[[[-55.519,49.4491,0.0],[-55.5175,49.4469,0.0],[-55.514,49.4491,9.6761],[-55.5142,49.4533,8.9355],[-55.5168,49.4523,3.1605],[-55.519,49.4491,0.0]]],
[[[-55.5561,49.4567,17.5095],[-55.5573,49.4566,17.5095],[-55.5603,49.4544,2.1314],[-55.5553,49.4552,0.0],[-55.5561,49.4567,17.5095]]],
[[[-55.5486,49.4599,0.0],[-55.5512,49.4573,0.0],[-55.5496,49.4559,0.3197],[-55.5456,49.4599,0.0],[-55.5486,49.4599,0.0]]],
[[[-55.4986,49.4667,0.0],[-55.4959,49.4669,0.0],[-55.4953,49.4675,0.0],[-55.4976,49.4686,1.9329],[-55.4986,49.4667,0.0]]],
[[[-55.3757,49.4552,3.4898],[-55.3747,49.4566,0.0],[-55.3767,49.4565,5.9316],[-55.3772,49.4546,0.0],[-55.3757,49.4552,3.4898]]],
[[[-55.382,49.455,0.0],[-55.3801,49.4567,0.0],[-55.3808,49.458,0.0],[-55.3833,49.4556,0.0],[-55.382,49.455,0.0]]],
[[[-55.3447,49.4769,3.4013],[-55.35,49.4797,0.2166],[-55.3519,49.4786,4.2232],[-55.3494,49.4764,1.587],[-55.3503,49.4739,0.0],[-55.3489,49.4722,1.6325],[-55.3447,49.4769,3.4013]]],
[[[-55.4869,49.4769,4.6951],[-55.49,49.4747,3.8001],[-55.4883,49.4733,0.0],[-55.4839,49.4758,0.0],[-55.4847,49.4772,0.0],[-55.4869,49.4769,4.6951]]],
[[[-55.4766,49.4816,14.9128],[-55.4788,49.4778,0.0],[-55.4776,49.4751,0.0],[-55.4743,49.4799,2.433],[-55.4766,49.4816,14.9128]]],
[[[-55.4754,49.4864,0.0],[-55.4722,49.4905,3.6955],[-55.4784,49.49,0.0],[-55.4809,49.4867,0.0],[-55.4791,49.485,0.0],[-55.4754,49.4864,0.0]]],
[[[-55.4886,49.5006,0.5035],[-55.4901,49.4984,0.8869],[-55.4886,49.4969,0.0],[-55.4839,49.4972,0.0],[-55.4844,49.5005,0.0],[-55.4886,49.5006,0.5035]]],
[[[-55.3108,49.49,3.3607],[-55.3071,49.4899,6.7284],[-55.31,49.4931,4.1001],[-55.3119,49.4931,1.4481],[-55.3131,49.4919,0.0],[-55.3108,49.49,3.3607]]],
[[[-55.4121,49.5186,50.3004],[-55.4192,49.5189,0.0],[-55.4197,49.5149,45.1118],[-55.4251,49.5138,6.3521],[-55.4261,49.5106,42.9821],[-55.4325,49.5092,10.5724],[-55.4331,49.5072,3.5024],[-55.4306,49.505,0.0],[-55.4211,49.5058,14.4195],[-55.4147,49.5072,16.0808],[-55.4089,49.5106,47.519],[-55.4023,49.5111,3.1526],[-55.4017,49.5147,21.677],[-55.403,49.5161,0.5947],[-55.4121,49.5186,50.3004]]],
[[[-55.2379,49.5195,2.9183],[-55.2456,49.52,0.7137],[-55.242,49.5174,3.591],[-55.2368,49.5171,0.0],[-55.2379,49.5195,2.9183]]],
[[[-55.3342,49.5197,13.737],[-55.3375,49.5203,16.3602],[-55.3386,49.5186,0.0],[-55.3317,49.5178,0.9749],[-55.3342,49.5197,13.737]]],
[[[-55.4422,49.5081,19.6325],[-55.4458,49.5101,13.1223],[-55.4452,49.5125,19.8636],[-55.4492,49.5122,7.3416],[-55.4514,49.5108,5.4647],[-55.4497,49.5094,4.7582],[-55.4508,49.5075,21.7354],[-55.4539,49.5089,0.0],[-55.4564,49.5067,7.8655],[-55.4592,49.5072,0.0],[-55.4644,49.5047,39.1268],[-55.4692,49.5056,0.0],[-55.4797,49.5008,2.849],[-55.4792,49.4994,0.0],[-55.4719,49.4997,0.0],[-55.4617,49.5033,2.9738],[-55.4572,49.5019,0.0],[-55.4513,49.5046,4.1511],[-55.4442,49.5033,6.6695],[-55.4397,49.5056,14.0733],[-55.4399,49.5072,0.0],[-55.4422,49.5081,19.6325]]],
[[[-55.6308,49.5055,9.1807],[-55.629,49.5061,5.4031],[-55.6274,49.508,0.0],[-55.6327,49.5064,0.0],[-55.6308,49.5055,9.1807]]],
[[[-55.465,49.5144,9.1273],[-55.4758,49.515,0.0],[-55.4764,49.5119,38.2199],[-55.4778,49.5136,7.2932],[-55.4819,49.5136,0.0],[-55.4814,49.51,44.4913],[-55.4853,49.5097,37.8265],[-55.4881,49.507,0.0],[-55.486,49.5053,26.3442],[-55.487,49.5027,4.6684],[-55.4822,49.5048,12.0209],[-55.4818,49.507,0.0],[-55.4619,49.5133,3.2546],[-55.465,49.5144,9.1273]]],
[[[-55.6299,49.5237,36.6275],[-55.6384,49.5229,42.7079],[-55.6313,49.5281,2.3663],[-55.6212,49.5298,2.4046],[-55.6213,49.5311,2.0334],[-55.6278,49.5325,0.0],[-55.6288,49.5342,9.4654],[-55.6207,49.5368,2.4171],[-55.6225,49.54,7.0957],[-55.6211,49.5408,6.0781],[-55.6172,49.5389,0.0],[-55.6161,49.5427,0.0],[-55.6272,49.5421,0.0],[-55.6367,49.5389,3.7614],[-55.6411,49.5395,27.6699],[-55.644,49.5423,0.0],[-55.6539,49.5376,9.5294],[-55.6586,49.5384,22.9466],[-55.6601,49.5363,7.8464],[-55.6591,49.5341,0.0],[-55.6614,49.5315,0.4789],[-55.6581,49.5248,1.7229],[-55.6616,49.5257,0.0],[-55.6652,49.5217,0.0],[-55.6592,49.5189,9.1096],[-55.6615,49.5159,4.9731],[-55.6552,49.5166,0.0],[-55.6538,49.5151,53.3396],[-55.6642,49.5127,1.269],[-55.6656,49.5102,15.6383],[-55.6697,49.5107,0.0],[-55.6764,49.5079,5.1065],[-55.6809,49.5042,1.2726],[-55.6809,49.5018,30.5174],[-55.6859,49.501,1.6019],[-55.6869,49.4981,5.5852],[-55.6844,49.4958,0.0],[-55.6869,49.4959,0.9789],[-55.6886,49.4981,0.0],[-55.6907,49.4966,8.5995],[-55.6946,49.4981,0.0],[-55.6983,49.4975,0.0],[-55.7021,49.4953,0.0],[-55.7079,49.4876,1.0468],[-55.7074,49.4858,0.0],[-55.7026,49.4847,0.0],[-55.6969,49.4857,19.3049],[-55.6898,49.4837,0.0],[-55.6759,49.4888,18.925],[-55.6571,49.4926,14.0096],[-55.6516,49.4949,3.3353],[-55.6512,49.4977,7.4391],[-55.6494,49.4986,0.0],[-55.6511,49.4997,8.5796],[-55.6502,49.5008,1.0299],[-55.6445,49.5032,3.7805],[-55.6387,49.503,7.3997],[-55.6325,49.5083,1.6601],[-55.6044,49.5146,3.842],[-55.5625,49.5269,0.0],[-55.5608,49.5278,3.6407],[-55.5619,49.5303,0.0],[-55.5647,49.5292,4.1357],[-55.5671,49.5303,18.7578],[-55.5622,49.5354,0.5105],[-55.5539,49.5375,1.5751],[-55.5525,49.5392,5.1645],[-55.5575,49.5406,0.0],[-55.5586,49.5436,6.0413],[-55.5622,49.5394,31.6488],[-55.566,49.5402,33.6798],[-55.5744,49.5364,59.535],[-55.5761,49.5364,6.1506],[-55.5777,49.5403,1.4004],[-55.5803,49.5411,4.4322],[-55.5903,49.5393,15.8233],[-55.5918,49.5409,3.5225],[-55.5991,49.5351,25.8259],[-55.6036,49.5353,35.5021],[-55.6055,49.5375,5.356],[-55.6109,49.5373,1.9502],[-55.6177,49.5337,4.5217],[-55.6133,49.5324,11.1178],[-55.6118,49.5305,0.0],[-55.6181,49.5255,0.0],[-55.6156,49.5236,6.9527],[-55.6161,49.5219,9.7398],[-55.6183,49.5211,1.5915],[-55.62,49.5233,10.8423],[-55.625,49.523,6.7048],[-55.6249,49.5258,3.9437],[-55.6208,49.5261,5.2935],[-55.6223,49.5282,9.3989],[-55.6279,49.527,14.8349],[-55.6284,49.5242,0.0],[-55.6299,49.5237,36.6275]]],
[[[-55.2019,49.2517,0.0],[-55.1994,49.2528,0.0],[-55.2044,49.2529,0.0],[-55.2033,49.2517,0.0],[-55.2019,49.2517,0.0]]],
[[[-55.1261,49.2896,1.1524],[-55.1243,49.2903,0.0],[-55.1246,49.2913,1.1091],[-55.1264,49.2911,0.0],[-55.1261,49.2896,1.1524]]],
[[[-55.1322,49.2926,1.8925],[-55.1297,49.2952,0.0],[-55.1324,49.2983,3.1474],[-55.1351,49.2947,14.4877],[-55.1322,49.2926,1.8925]]],
[[[-55.0234,49.265,4.4972],[-55.0254,49.2628,0.0],[-55.0198,49.2646,1.5166],[-55.0208,49.2665,0.0],[-55.0234,49.265,4.4972]]],
[[[-55.0228,49.2687,2.8593],[-55.0234,49.2676,0.0],[-55.0219,49.267,3.7193],[-55.0211,49.2686,2.8593],[-55.0228,49.2687,2.8593]]],
[[[-55.0148,49.2704,10.9921],[-55.0165,49.27,10.9921],[-55.0172,49.2672,1.9268],[-55.0141,49.2678,9.276],[-55.0148,49.2704,10.9921]]],
[[[-55.2424,49.2901,8.5591],[-55.243899999999996,49.2895,0.0],[-55.2443,49.2882,0.0],[-55.241,49.2898,0.0],[-55.2424,49.2901,8.5591]]],
[[[-55.2392,49.2958,1.1455],[-55.2411,49.2956,1.1455],[-55.2414,49.2936,12.9721],[-55.2392,49.2947,2.4299],[-55.2392,49.2958,1.1455]]],
[[[-55.2344,49.2979,2.1715],[-55.2361,49.2972,0.0],[-55.2358,49.2957,0.0],[-55.2333,49.2969,2.234],[-55.2344,49.2979,2.1715]]],
[[[-55.1096,49.296,8.5789],[-55.1106,49.2968,8.5789],[-55.1127,49.2963,0.0],[-55.1115,49.2953,0.0],[-55.1096,49.296,8.5789]]],
[[[-55.118899999999996,49.2992,11.2287],[-55.1197,49.2975,47.7987],[-55.1179,49.2961,13.5398],[-55.1143,49.2971,5.2092],[-55.117,49.3016,3.8935],[-55.118899999999996,49.2992,11.2287]]],
[[[-55.1101,49.3029,0.0],[-55.1089,49.3035,0.0],[-55.1112,49.3072,0.0],[-55.1126,49.3047,0.0],[-55.1101,49.3029,0.0]]],
[[[-55.1694,49.35,4.0328],[-55.1728,49.3553,10.0775],[-55.1754,49.3549,4.0898],[-55.1787,49.3497,9.9688],[-55.1793,49.3424,17.8115],[-55.1831,49.3472,3.291],[-55.1847,49.3469,0.0],[-55.185,49.3397,17.8785],[-55.1883,49.3375,4.5946],[-55.1875,49.3364,0.0],[-55.185,49.3378,5.5932],[-55.182,49.3368,0.0],[-55.1835,49.3342,5.9223],[-55.1876,49.3345,16.713],[-55.1874,49.3267,5.0282],[-55.1835,49.3236,9.9688],[-55.1856,49.3187,9.6703],[-55.1894,49.3203,2.6297],[-55.1992,49.3336,3.0006],[-55.2008,49.3322,0.0],[-55.1953,49.3267,7.5308],[-55.1945,49.3234,7.0798],[-55.1976,49.3219,10.109],[-55.1992,49.3237,32.5047],[-55.1983,49.3253,18.4064],[-55.2034,49.3289,4.0559],[-55.2067,49.3258,0.0],[-55.2024,49.3078,0.0],[-55.1987,49.2998,0.0],[-55.2,49.2869,0.0],[-55.207,49.274,0.0],[-55.2071,49.2709,0.0],[-55.2023,49.266,1.0753],[-55.1962,49.2662,1.5013],[-55.1816,49.2752,4.0468],[-55.1686,49.2798,0.0],[-55.1508,49.2963,0.0],[-55.147,49.2952,0.0],[-55.1442,49.299,3.7721],[-55.1375,49.2959,3.1718],[-55.1342,49.2994,13.6877],[-55.1353,49.3025,3.9352],[-55.1275,49.3053,41.7244],[-55.1292,49.3011,0.0],[-55.1256,49.2997,0.0],[-55.1225,49.3031,13.5419],[-55.1236,49.3069,0.0],[-55.1281,49.3069,26.3018],[-55.1294,49.3094,7.8869],[-55.1264,49.3136,0.0],[-55.1344,49.3181,5.9585],[-55.1372,49.3158,0.0],[-55.1375,49.3119,0.0],[-55.1353,49.3033,3.9352],[-55.1396,49.3063,5.8111],[-55.1436,49.3189,0.0],[-55.1479,49.3216,1.6522],[-55.1464,49.3287,0.0],[-55.1483,49.334,4.0253],[-55.1442,49.3378,0.0],[-55.1489,49.3392,0.0],[-55.1522,49.3367,13.016],[-55.1536,49.3389,2.3087],[-55.1525,49.3414,0.0],[-55.1547,49.3433,0.0],[-55.1536,49.3472,0.0],[-55.1569,49.3442,0.8013],[-55.1626,49.344,4.9354],[-55.1694,49.35,4.0328]]],
[[[-54.9941,49.2866,4.8898],[-54.9919,49.2906,2.3336],[-54.9867,49.2944,0.0],[-54.9983,49.2892,13.608],[-54.9963,49.2866,0.0],[-54.9941,49.2866,4.8898]]],
[[[-54.9297,49.2917,0.0],[-54.9267,49.2936,4.597],[-54.9303,49.2961,1.4348],[-54.9315,49.2952,1.408],[-54.9297,49.2917,0.0]]],
[[[-54.8131,49.3319,0.0],[-54.8122,49.3342,0.6354],[-54.8153,49.3342,0.0],[-54.815,49.3331,1.7066],[-54.8131,49.3319,0.0]]],
[[[-54.8093,49.3322,2.1031],[-54.8033,49.3344,6.0721],[-54.8057,49.3358,0.0],[-54.8097,49.3339,0.0],[-54.8093,49.3322,2.1031]]],
[[[-54.986,49.2998,9.8887],[-54.9878,49.2981,11.4511],[-54.9875,49.2969,0.0],[-54.9842,49.2984,1.4112],[-54.986,49.2998,9.8887]]],
[[[-54.97,49.3556,0.0],[-54.9742,49.3539,0.8976],[-54.9764,49.3592,0.7794],[-54.9817,49.3614,7.6376],[-54.9925,49.3583,10.7428],[-54.9942,49.3562,18.5753],[-55.0005,49.3539,0.0],[-55.0004,49.3516,0.0],[-54.9986,49.3533,9.7703],[-54.995,49.3528,0.0],[-54.9933,49.3558,18.5753],[-54.9858,49.3544,17.4468],[-54.9839,49.3517,0.0],[-54.9764,49.3528,7.35],[-54.9854,49.3463,12.7105],[-54.9869,49.3478,0.0],[-54.9866,49.3522,0.0],[-54.9928,49.3472,1.6416],[-54.9953,49.3481,3.5915],[-54.9986,49.3425,0.0],[-54.9944,49.3431,1.5819],[-54.9931,49.3408,3.063],[-54.9883,49.3394,0.0],[-54.9783,49.3433,3.7247],[-54.9764,49.3464,3.587],[-54.9628,49.3503,0.0],[-54.9583,49.3528,0.0],[-54.9581,49.3544,2.9001],[-54.9631,49.3542,5.0751],[-54.9692,49.3569,7.0423],[-54.97,49.3556,0.0]]],
[[[-55.0064,49.3822,0.0],[-55.0086,49.385,1.2106],[-55.0117,49.385,3.1849],[-55.0044,49.3767,23.6663],[-55.0053,49.3756,2.1317],[-55.0083,49.3786,9.5787],[-55.0123,49.3781,10.7831],[-55.0109,49.3749,9.4227],[-55.0144,49.3697,0.6296],[-55.0121,49.3665,16.9317],[-55.016,49.3657,0.0],[-55.0244,49.3528,0.2847],[-55.0236,49.3519,0.0],[-55.013,49.3536,0.0],[-55.0012,49.3587,0.0],[-54.9986,49.3581,0.0],[-54.9953,49.3625,6.5743],[-54.9917,49.3639,0.0],[-54.9917,49.3669,0.0],[-54.9967,49.3714,21.7241],[-54.9964,49.3742,4.1445],[-54.9997,49.3781,3.4431],[-54.9986,49.3786,3.4431],[-55.0064,49.3822,0.0]]],
[[[-54.7558,49.3447,0.0],[-54.7547,49.3464,2.6841],[-54.7511,49.345,0.0],[-54.7506,49.3494,0.4451],[-54.7542,49.3506,0.0],[-54.7575,49.3461,2.6147],[-54.7558,49.3447,0.0]]],
[[[-54.7342,49.3822,5.5],[-54.7367,49.3889,0.0],[-54.7425,49.3919,6.6812],[-54.7453,49.3903,0.0],[-54.7494,49.3814,0.8475],[-54.7467,49.3797,1.1474],[-54.7386,49.3789,0.8145],[-54.7342,49.3822,5.5]]],
[[[-54.6872,49.4956,0.0],[-54.6898,49.4969,0.6026],[-54.692,49.4957,1.1991],[-54.6922,49.4975,0.7945],[-54.6943,49.4982,2.8384],[-54.6992,49.4956,0.0],[-54.6975,49.4936,7.9089],[-54.6978,49.4906,9.5954],[-54.7044,49.4914,0.0],[-54.7031,49.4878,2.0861],[-54.7114,49.487,0.3383],[-54.709,49.4856,1.9307],[-54.7006,49.4867,0.0],[-54.6994,49.4881,2.0174],[-54.6978,49.4878,3.1866],[-54.7,49.4854,0.0],[-54.6972,49.4856,5.3218],[-54.7026,49.4808,0.4884],[-54.7081,49.4811,0.4348],[-54.7042,49.4789,3.8846],[-54.7078,49.4744,0.5385],[-54.7053,49.4717,6.1819],[-54.7075,49.4697,0.8119],[-54.7133,49.4702,2.0746],[-54.7186,49.4683,6.7348],[-54.72,49.4694,1.9658],[-54.7192,49.4703,1.9658],[-54.725,49.4719,0.0],[-54.7258,49.47,1.8954],[-54.7294,49.4689,0.0],[-54.7283,49.4678,4.3122],[-54.7296,49.4668,2.9667],[-54.7369,49.4675,2.2633],[-54.7354,49.4693,1.7628],[-54.7379,49.4698,2.2715],[-54.7411,49.4661,2.924],[-54.7353,49.465,-1.5],[-54.7344,49.4614,2.5014],[-54.7371,49.4617,2.3198],[-54.7379,49.4641,-1.5],[-54.7419,49.4622,6.2358],[-54.7407,49.4637,3.7577],[-54.7416,49.4651,1.1614],[-54.7489,49.4599,5.1656],[-54.7539,49.4583,0.8042],[-54.7564,49.4561,0.6448],[-54.7544,49.4549,0.8369],[-54.7556,49.4531,3.2583],[-54.7631,49.4508,0.1047],[-54.7669,49.4461,2.9135],[-54.765,49.445,4.4301],[-54.7656,49.4425,5.4393],[-54.7764,49.4397,0.0],[-54.7757,49.4372,7.493],[-54.7779,49.435,1.4273],[-54.7811,49.4364,1.3266],[-54.7786,49.4339,3.8236],[-54.7766,49.4343,1.4273],[-54.7759,49.4324,6.8323],[-54.7781,49.4281,1.7839],[-54.78,49.4311,0.8732],[-54.7789,49.4331,1.3756],[-54.7825,49.4317,6.7764],[-54.7861,49.4336,1.7375],[-54.79,49.4317,1.7902],[-54.7903,49.4289,3.8541],[-54.7864,49.4264,0.8331],[-54.7892,49.4256,0.0],[-54.7892,49.4239,0.7066],[-54.7839,49.4267,6.2601],[-54.7836,49.4244,6.4576],[-54.7864,49.4242,3.6805],[-54.7869,49.4223,0.0],[-54.7811,49.4206,0.0],[-54.7772,49.4228,7.8404],[-54.7728,49.4231,0.9602],[-54.7714,49.4256,4.4849],[-54.7656,49.4256,7.2269],[-54.7675,49.4218,3.0265],[-54.7649,49.4203,4.6925],[-54.765,49.4183,0.0],[-54.7578,49.4158,4.4173],[-54.7575,49.4144,6.3398],[-54.7614,49.4125,1.2792],[-54.7592,49.4111,11.1082],[-54.7619,49.4081,0.0],[-54.7603,49.4064,0.0],[-54.7503,49.4056,14.8778],[-54.7466,49.4013,2.5476],[-54.7386,49.4031,2.5212],[-54.7256,49.3981,0.5847],[-54.7219,49.3981,5.6655],[-54.7192,49.3956,3.1205],[-54.7206,49.3936,0.0],[-54.7206,49.3861,0.0],[-54.7168,49.3841,0.755],[-54.7125,49.3853,1.0221],[-54.7119,49.3886,0.0],[-54.7161,49.3928,0.0],[-54.7136,49.3936,0.0],[-54.7106,49.3989,8.2382],[-54.7042,49.3967,0.0],[-54.7011,49.3983,0.0],[-54.7011,49.3997,1.1097],[-54.7042,49.4008,2.4343],[-54.7016,49.4028,0.0],[-54.7036,49.4039,1.1699],[-54.7026,49.4052,1.1699],[-54.7007,49.4046,0.7515],[-54.7011,49.4056,0.0],[-54.705,49.4078,1.1178],[-54.7067,49.4117,6.4],[-54.7053,49.4206,5.7539],[-54.7011,49.4217,0.0],[-54.6992,49.42,0.0],[-54.6958,49.4203,0.0],[-54.6925,49.4231,3.7518],[-54.6944,49.4247,7.0229],[-54.6925,49.425,0.0],[-54.6928,49.4261,0.9738],[-54.6958,49.4272,0.0],[-54.6917,49.4319,0.0],[-54.6956,49.4378,0.0],[-54.6936,49.4431,0.0],[-54.6967,49.4436,15.6574],[-54.6939,49.4469,9.534],[-54.7014,49.4472,7.9024],[-54.6917,49.4522,0.0],[-54.6919,49.4544,2.126],[-54.6956,49.455,3.8796],[-54.695,49.4572,2.1339],[-54.6869,49.46,6.9507],[-54.6875,49.4581,0.0],[-54.6825,49.4581,2.982],[-54.6808,49.4567,9.4491],[-54.681399999999996,49.4544,4.9059],[-54.6756,49.4528,0.0],[-54.6692,49.4622,0.657],[-54.6753,49.4594,7.9164],[-54.675,49.4614,0.0],[-54.6786,49.4617,9.0309],[-54.6786,49.4631,0.0],[-54.6744,49.4633,0.0],[-54.6692,49.4672,6.1421],[-54.6681,49.465,0.0],[-54.6647,49.4653,5.8007],[-54.6675,49.4639,0.0],[-54.6686,49.4589,4.9914],[-54.6622,49.4589,1.7531],[-54.6581,49.4619,0.0],[-54.6576,49.465,7.0052],[-54.6494,49.4681,0.5658],[-54.6483,49.47,0.0],[-54.6578,49.4706,3.6674],[-54.6578,49.4719,3.6674],[-54.664,49.4704,8.2796],[-54.6678,49.4714,7.6142],[-54.6647,49.4792,0.0],[-54.6681,49.4831,3.7845],[-54.6672,49.4856,1.0232],[-54.6708,49.4867,4.6798],[-54.67,49.4842,9.3981],[-54.6725,49.4819,6.3883],[-54.6719,49.4842,2.4346],[-54.6739,49.485,7.1932],[-54.6722,49.4861,2.2222],[-54.6739,49.4869,7.1672],[-54.6717,49.4894,2.2035],[-54.681,49.4883,6.5091],[-54.6801,49.4907,8.0925],[-54.6758,49.4925,0.0],[-54.6812,49.4958,0.0],[-54.6833,49.4944,2.3963],[-54.6872,49.4956,0.0]]],
[[[-55.1422,49.3225,24.0728],[-55.1406,49.3183,0.0],[-55.1363,49.3196,30.0121],[-55.1394,49.3247,7.212],[-55.1417,49.3244,5.3827],[-55.1422,49.3225,24.0728]]],
[[[-55.1443,49.3304,0.0],[-55.1421,49.3325,0.0],[-55.1436,49.3343,1.1655],[-55.1454,49.3333,0.0],[-55.1443,49.3304,0.0]]],
[[[-55.2334,49.3443,7.8432],[-55.2312,49.3465,1.781],[-55.2365,49.3454,1.3129],[-55.2354,49.3442,1.3129],[-55.2334,49.3443,7.8432]]],
[[[-55.3408,49.3486,0.7053],[-55.3381,49.3483,2.7157],[-55.3417,49.3542,0.0],[-55.3431,49.3508,2.03],[-55.3408,49.3486,0.7053]]],
[[[-55.3108,49.3536,0.0],[-55.3049,49.3544,0.0],[-55.3108,49.3567,2.1721],[-55.3125,49.3547,0.0],[-55.3108,49.3536,0.0]]],
[[[-55.2328,49.3613,0.0],[-55.2339,49.3636,7.9659],[-55.2355,49.3638,0.0],[-55.2344,49.3606,3.1693],[-55.2328,49.3613,0.0]]],
[[[-55.0584,49.3392,0.0],[-55.0587,49.3375,0.0],[-55.0569,49.3377,0.0],[-55.0572,49.3392,0.0],[-55.0584,49.3392,0.0]]],
[[[-55.1065,49.3443,1.4518],[-55.1066,49.3428,0.9926],[-55.1057,49.3422,0.9926],[-55.1053,49.3456,0.0],[-55.1065,49.3443,1.4518]]],
[[[-55.2183,49.3639,0.0],[-55.2172,49.3614,0.0],[-55.2161,49.3611,1.2809],[-55.2167,49.3636,1.9947],[-55.2183,49.3639,0.0]]],
[[[-55.2161,49.3708,7.2563],[-55.2139,49.3714,0.0],[-55.2164,49.3728,6.0907],[-55.2189,49.3717,0.0],[-55.2175,49.3708,2.7056],[-55.2161,49.3708,7.2563]]],
[[[-55.2274,49.374,0.0],[-55.2281,49.3725,1.9353],[-55.2259,49.3724,7.5221],[-55.2258,49.3732,7.5221],[-55.2274,49.374,0.0]]],
[[[-55.199,49.3803,4.1632],[-55.2034,49.3816,6.1831],[-55.2053,49.3778,5.1],[-55.2047,49.3769,0.0],[-55.199,49.3803,4.1632]]],
[[[-55.2006,49.3828,0.0],[-55.1974,49.3815,0.0],[-55.1914,49.3835,1.7283],[-55.1889,49.3867,0.0],[-55.1913,49.3886,15.8479],[-55.1908,49.3927,0.0],[-55.1947,49.3897,2.7777],[-55.1945,49.3874,3.2742],[-55.2006,49.3844,0.0],[-55.2006,49.3828,0.0]]],
[[[-55.2214,49.3892,1.1235],[-55.2249,49.3897,0.0],[-55.2228,49.3853,0.0],[-55.2197,49.3867,0.0],[-55.2214,49.3892,1.1235]]],
[[[-54.9761,49.3747,18.2882],[-54.9775,49.3739,18.2882],[-54.9761,49.3728,6.5957],[-54.9736,49.3736,0.0],[-54.9744,49.3747,8.2118],[-54.9761,49.3747,18.2882]]],
[[[-54.9458,49.3719,0.0],[-54.9442,49.3734,3.1704],[-54.9453,49.3772,8.4417],[-54.9439,49.3794,2.3393],[-54.9492,49.3797,1.9059],[-54.9536,49.3767,0.0],[-54.9567,49.3708,0.7976],[-54.9547,49.37,4.7387],[-54.9569,49.3683,6.8966],[-54.9557,49.3676,6.8966],[-54.9539,49.3697,4.7387],[-54.9458,49.3719,0.0]]],
[[[-54.9983,49.3839,7.2917],[-55.0009,49.3833,0.0],[-54.9983,49.3822,3.3127],[-54.9964,49.3842,7.2917],[-54.9983,49.3839,7.2917]]],
[[[-55.0326,49.3971,16.2303],[-55.0287,49.397,0.0],[-55.0304,49.4015,0.0],[-55.0342,49.3989,0.0],[-55.0344,49.3972,0.0],[-55.0326,49.3971,16.2303]]],
[[[-55.1806,49.3903,0.0],[-55.1775,49.3881,0.0],[-55.1747,49.3908,5.0341],[-55.1739,49.395,11.7631],[-55.1756,49.3975,1.275],[-55.1795,49.3971,0.0],[-55.185,49.3908,0.0],[-55.1844,49.3897,0.0],[-55.1806,49.3903,0.0]]],
[[[-55.1259,49.4122,0.0],[-55.1306,49.4097,0.7807],[-55.1356,49.4142,0.0],[-55.1367,49.4131,0.0],[-55.1331,49.3961,5.4614],[-55.1352,49.3924,16.23],[-55.1343,49.3865,13.2635],[-55.1361,49.3785,2.2466],[-55.1328,49.3781,1.8193],[-55.1319,49.3753,0.0],[-55.1294,49.3792,11.0338],[-55.1252,49.3754,0.0],[-55.1206,49.3782,3.5308],[-55.1065,49.3956,0.0],[-55.1073,49.4004,0.0],[-55.1126,49.4071,0.0],[-55.1182,49.4081,4.0428],[-55.1196,49.4114,0.0],[-55.1259,49.4122,0.0]]],
[[[-55.0614,49.4139,0.0],[-55.0594,49.4102,0.0],[-55.051,49.4107,9.9212],[-55.0518,49.4136,5.8649],[-55.0614,49.4139,0.0]]],
[[[-55.0476,49.4191,3.2268],[-55.0468,49.4171,6.7806],[-55.0456,49.4172,0.0],[-55.0453,49.4186,0.0],[-55.0476,49.4191,3.2268]]],
[[[-55.0244,49.3986,0.0],[-55.0222,49.3956,0.5696],[-55.0161,49.4038,6.747],[-55.0212,49.4093,2.9829],[-55.0227,49.4091,2.9829],[-55.0246,49.404,0.0],[-55.0281,49.4025,0.7809],[-55.0242,49.4006,4.2385],[-55.0244,49.3986,0.0]]],
[[[-54.9249,49.4131,18.7685],[-54.9264,49.4131,30.18],[-54.9236,49.4161,0.8383],[-54.9242,49.4206,0.0],[-54.9268,49.4189,3.9424],[-54.9324,49.4192,7.9677],[-54.9339,49.4172,18.055],[-54.931399999999996,49.4119,24.9512],[-54.9333,49.4103,18.7421],[-54.9336,49.4056,16.0323],[-54.9319,49.4042,5.1629],[-54.9299,49.4048,8.6037],[-54.9301,49.4028,10.8517],[-54.9338,49.3999,10.1525],[-54.9325,49.4031,2.2096],[-54.9364,49.4006,2.3247],[-54.9376,49.3976,3.163],[-54.9329,49.397,2.0694],[-54.9375,49.3936,0.0],[-54.9364,49.3925,10.0071],[-54.9344,49.3933,0.0],[-54.9339,49.3958,2.0694],[-54.9275,49.3989,10.4575],[-54.9253,49.4075,3.4208],[-54.9197,49.4131,0.0],[-54.9211,49.4178,3.9359],[-54.9249,49.4131,18.7685]]],
[[[-55.0448,49.4056,5.2223],[-55.0409,49.4054,0.0],[-55.0416,49.4092,0.0],[-55.0445,49.4077,1.3141],[-55.0448,49.4056,5.2223]]],
[[[-54.9969,49.4086,0.0],[-54.9943,49.4084,0.0],[-54.9936,49.4122,0.0],[-54.9964,49.4136,5.3994],[-55.0012,49.4128,0.0],[-55.0014,49.4098,0.0],[-54.999,49.4106,13.4918],[-54.9969,49.4086,0.0]]],
[[[-55.0451,49.4235,4.8665],[-55.0461,49.4207,2.1833],[-55.0424,49.421,3.1513],[-55.0423,49.4214,3.1513],[-55.0451,49.4235,4.8665]]],
[[[-55.0997,49.4398,36.6894],[-55.1049,49.436,1.3951],[-55.1017,49.4318,0.0],[-55.0964,49.4336,0.0],[-55.0876,49.4449,5.9874],[-55.0907,49.4457,8.3351],[-55.0997,49.4398,36.6894]]],
[[[-55.0674,49.4451,0.0],[-55.0653,49.4414,3.8841],[-55.0596,49.4412,0.795],[-55.0626,49.447,1.5598],[-55.0656,49.448,0.0],[-55.0674,49.4451,0.0]]],
[[[-55.1481,49.4511,15.4991],[-55.1494,49.4494,2.2681],[-55.1456,49.4514,7.8418],[-55.1467,49.4522,0.0],[-55.1481,49.4511,15.4991]]],
[[[-54.7922,49.4133,1.7631],[-54.7983,49.4172,0.7868],[-54.7961,49.4203,3.7657],[-54.8021,49.4198,0.6027],[-54.7997,49.4179,0.422],[-54.8023,49.4175,0.629],[-54.7975,49.4153,7.2368],[-54.8117,49.4164,0.0],[-54.8133,49.4147,0.0],[-54.8139,49.4089,0.0],[-54.8133,49.4058,0.0],[-54.8103,49.4042,9.4913],[-54.8158,49.3986,0.0],[-54.8103,49.3939,8.1097],[-54.7908,49.3894,3.7085],[-54.7786,49.3811,0.0],[-54.7697,49.3803,0.0],[-54.7694,49.3825,5.6524],[-54.7667,49.3836,0.0],[-54.7653,49.3864,0.0],[-54.7678,49.3875,0.0],[-54.7672,49.3911,0.0],[-54.7697,49.3939,2.2509],[-54.77,49.4003,18.9832],[-54.7644,49.4054,0.0],[-54.7631,49.4048,0.0],[-54.7628,49.4067,1.7412],[-54.7668,49.408,2.1641],[-54.7733,49.4033,6.94],[-54.7783,49.409,8.1358],[-54.7779,49.4109,0.0],[-54.7806,49.4111,4.1014],[-54.7808,49.4153,0.9149],[-54.7826,49.4138,0.0],[-54.7889,49.4142,0.0],[-54.7903,49.4119,3.9464],[-54.7922,49.4133,1.7631]]],
[[[-54.8058,49.4203,0.7118],[-54.8078,49.4228,2.421],[-54.8117,49.4225,0.0],[-54.8097,49.4236,3.1085],[-54.8125,49.4231,0.0],[-54.8136,49.4211,0.0],[-54.8089,49.4175,1.2246],[-54.8058,49.4203,0.7118]]],
[[[-54.8586,49.4203,8.4251],[-54.8583,49.4231,0.0],[-54.8628,49.4222,0.0],[-54.8614,49.4192,17.4794],[-54.8586,49.4203,8.4251]]],
[[[-54.8058,49.4233,1.7236],[-54.8011,49.4222,6.6006],[-54.7972,49.4239,2.4655],[-54.8025,49.4261,7.8587],[-54.8072,49.4242,0.0],[-54.8069,49.4228,1.7236],[-54.8058,49.4233,1.7236]]],
[[[-54.7931,49.4367,0.0],[-54.7897,49.4369,0.0],[-54.7897,49.4383,0.0],[-54.7953,49.4383,9.3857],[-54.7983,49.4408,0.0],[-54.8008,49.44,11.1461],[-54.8006,49.4411,1.3829],[-54.8058,49.4408,0.0],[-54.8092,49.4367,15.3454],[-54.8122,49.4369,0.0],[-54.8106,49.4331,4.3781],[-54.8072,49.4322,4.3164],[-54.8042,49.4342,5.7001],[-54.8006,49.4328,0.0],[-54.8003,49.435,2.3962],[-54.7931,49.4367,0.0]]],
[[[-54.8389,49.4403,3.243],[-54.8422,49.4411,2.0419],[-54.8436,49.4403,2.1935],[-54.8417,49.4389,7.847],[-54.8389,49.4403,3.243]]],
[[[-54.8108,49.4481,21.7777],[-54.8122,49.4483,0.0],[-54.8111,49.4453,0.0],[-54.8083,49.4456,3.3045],[-54.806399999999996,49.4481,0.0],[-54.8086,49.4503,8.607],[-54.8108,49.4481,21.7777]]],
[[[-54.7964,49.45,4.7225],[-54.7942,49.4464,0.0],[-54.7917,49.4467,0.0],[-54.7931,49.4506,0.0],[-54.7964,49.45,4.7225]]],
[[[-54.7733,49.4481,0.0],[-54.7728,49.4481,0.0],[-54.7713,49.4489,0.0],[-54.775,49.4494,0.9839],[-54.7733,49.4481,0.0]]],
[[[-54.7732,49.4521,0.2669],[-54.7747,49.4519,0.0],[-54.7711,49.4508,2.3587],[-54.7692,49.4519,0.7829],[-54.7706,49.4533,3.8568],[-54.7732,49.4521,0.2669]]],
[[[-54.8739,49.4555,6.7151],[-54.8681,49.4547,0.0],[-54.8681,49.4586,0.0],[-54.8712,49.4597,6.174],[-54.8756,49.4561,8.1377],[-54.8789,49.4584,0.7582],[-54.8842,49.4569,2.4442],[-54.8842,49.4556,2.4442],[-54.8794,49.4528,1.8714],[-54.8739,49.4555,6.7151]]],
[[[-54.7939,49.4606,20.6755],[-54.7919,49.46,0.0],[-54.7906,49.4622,0.0],[-54.7925,49.4626,0.0],[-54.7939,49.4606,20.6755]]],
[[[-54.8111,49.4711,12.93],[-54.8119,49.4733,6.3545],[-54.8158,49.4719,13.9179],[-54.8264,49.4744,6.44],[-54.8386,49.4733,11.7466],[-54.8517,49.4694,2.5068],[-54.8539,49.4656,4.4645],[-54.8503,49.4653,3.4401],[-54.8564,49.4592,0.0],[-54.8461,49.4528,1.9571],[-54.8489,49.4525,0.0],[-54.8494,49.4494,1.6604],[-54.8419,49.4514,1.4721],[-54.837,49.4503,0.0],[-54.8208,49.4554,4.4049],[-54.8196,49.4545,4.4049],[-54.8215,49.4531,0.0],[-54.8203,49.4528,1.4461],[-54.8178,49.4542,2.1304],[-54.8181,49.4558,0.0],[-54.8202,49.4558,8.748],[-54.8156,49.4594,4.1215],[-54.8142,49.4669,8.0016],[-54.8111,49.4711,12.93]]],
[[[-54.7708,49.4639,2.1864],[-54.7697,49.4644,0.0],[-54.7742,49.4642,2.5494],[-54.7756,49.4658,0.0],[-54.7833,49.4672,0.0],[-54.7822,49.4642,9.0925],[-54.7844,49.4622,0.0],[-54.7822,49.4597,3.15],[-54.7775,49.4586,0.0],[-54.7739,49.4617,0.0],[-54.7706,49.4614,0.0],[-54.7708,49.4639,2.1864]]],
[[[-54.8663,49.4631,2.1403],[-54.8649,49.4618,0.0],[-54.8606,49.4625,2.8523],[-54.8588,49.4648,2.32],[-54.8679,49.4637,0.0],[-54.8663,49.4631,2.1403]]],
[[[-54.7919,49.4669,0.0],[-54.7919,49.4686,0.0],[-54.7867,49.4711,0.9022],[-54.7914,49.4721,0.0],[-54.7972,49.4669,0.0],[-54.7956,49.4642,1.964],[-54.7919,49.4669,0.0]]],
[[[-54.9833,49.4172,0.0],[-54.9842,49.4161,1.9569],[-54.9842,49.4147,0.5081],[-54.9822,49.4164,7.9845],[-54.9833,49.4172,0.0]]],
[[[-54.9864,49.4158,3.6781],[-54.9863,49.4198,14.3532],[-54.9842,49.4222,1.1867],[-54.9875,49.4222,0.4145],[-54.9897,49.42,0.0],[-54.9892,49.4167,0.0],[-54.9864,49.4158,3.6781]]],
[[[-54.9734,49.4228,1.9674],[-54.9753,49.4236,1.9782],[-54.9742,49.4256,1.5947],[-54.977,49.4255,0.5482],[-54.9759,49.4312,5.0979],[-54.9789,49.4319,8.9208],[-54.98,49.43,0.0],[-54.9789,49.4294,4.8678],[-54.9816,49.4277,6.5527],[-54.9833,49.4225,5.3656],[-54.98,49.4214,0.0],[-54.9728,49.4219,0.0],[-54.9734,49.4228,1.9674]]],
[[[-55.0211,49.4582,8.6029],[-55.0344,49.4567,14.9798],[-55.0417,49.4517,0.0],[-55.0389,49.4469,24.5127],[-55.0372,49.4383,24.7464],[-55.0389,49.4339,3.6759],[-55.0428,49.4336,3.9982],[-55.0442,49.4278,0.0],[-55.0375,49.4214,0.0],[-55.0382,49.4149,0.0],[-55.0326,49.4146,0.4659],[-55.0308,49.4181,0.0],[-55.0253,49.42,2.9514],[-55.0258,49.4228,5.683],[-55.0228,49.4303,0.0],[-55.017,49.4354,3.5352],[-55.0176,49.4382,5.4843],[-55.0114,49.45,0.0],[-55.0111,49.4578,2.5393],[-55.0211,49.4582,8.6029]]],
[[[-54.9986,49.4431,0.8629],[-54.9991,49.4395,0.0],[-54.993899999999996,49.4394,0.0],[-54.9938,49.44,0.0],[-54.9986,49.4431,0.8629]]],
[[[-54.9865,49.443,18.2865],[-54.9876,49.4419,3.7662],[-54.9813,49.4401,0.0],[-54.9779,49.4496,6.5526],[-54.9844,49.4472,0.0],[-54.9865,49.443,18.2865]]],
[[[-54.9883,49.4475,0.0],[-54.9867,49.4467,0.0],[-54.9847,49.4492,0.0],[-54.9872,49.4489,5.2405],[-54.9883,49.4475,0.0]]],
[[[-54.9255,49.4478,1.9685],[-54.9239,49.4486,0.0],[-54.9256,49.4506,0.6695],[-54.9247,49.4528,1.7538],[-54.9328,49.4514,4.7753],[-54.9336,49.4497,10.3319],[-54.9325,49.4465,0.0],[-54.9255,49.4478,1.9685]]],
[[[-55.0814,49.4528,2.8273],[-55.0775,49.4523,3.8887],[-55.0764,49.4552,1.8413],[-55.081,49.4542,1.2128],[-55.0814,49.4528,2.8273]]],
[[[-55.044,49.459,0.9799],[-55.0501,49.4587,1.4981],[-55.0511,49.457,0.4588],[-55.0482,49.4557,6.6332],[-55.0442,49.4564,0.0],[-55.043,49.4582,2.1761],[-55.044,49.459,0.9799]]],
[[[-55.0716,49.4632,2.9445],[-55.072,49.4597,0.0],[-55.0692,49.4625,6.0431],[-55.0699,49.4638,0.0],[-55.0716,49.4632,2.9445]]],
[[[-55.0648,49.463,10.3391],[-55.068,49.4625,0.6047],[-55.0686,49.4617,1.0229],[-55.065,49.4615,0.0],[-55.0648,49.463,10.3391]]],
[[[-54.9894,49.4489,5.8851],[-54.9896,49.4512,1.9876],[-54.9916,49.4509,4.3249],[-54.9911,49.4488,7.5773],[-54.9894,49.4489,5.8851]]],
[[[-54.9429,49.4623,19.093],[-54.9434,49.4634,19.093],[-54.9458,49.4627,1.5405],[-54.945,49.4619,0.0],[-54.9429,49.4623,19.093]]],
[[[-55.0042,49.4678,3.4673],[-55.0082,49.4672,9.5513],[-55.0153,49.47,14.7521],[-55.0175,49.4694,0.0],[-55.0235,49.4664,0.0],[-55.0219,49.4642,12.5707],[-55.0236,49.4611,0.0],[-55.0144,49.4608,17.4485],[-55.0147,49.4583,0.0],[-55.0039,49.4597,5.3415],[-55.0011,49.4586,0.0],[-54.9947,49.4631,0.0],[-54.9959,49.4661,0.0],[-55.0042,49.4678,3.4673]]],
[[[-54.9406,49.4914,0.0],[-54.9456,49.4931,7.0587],[-54.9555,49.4931,2.992],[-54.9561,49.4858,6.5487],[-54.9586,49.4843,12.6564],[-54.9584,49.4824,10.8642],[-54.9619,49.4783,0.0],[-54.9572,49.4786,0.0],[-54.9531,49.4839,22.388],[-54.9492,49.4839,17.0814],[-54.9478,49.4817,13.8477],[-54.9544,49.4786,0.0],[-54.9546,49.4758,5.1203],[-54.9514,49.4731,1.7874],[-54.9481,49.4734,3.7315],[-54.9486,49.4686,0.0],[-54.9431,49.4675,7.5882],[-54.9419,49.4656,14.9107],[-54.9364,49.4667,0.0],[-54.9331,49.4692,12.2998],[-54.9292,49.4681,1.7732],[-54.9256,49.4731,0.0],[-54.9263,49.4758,0.0],[-54.9289,49.4772,8.4805],[-54.9275,49.478,1.2478],[-54.9317,49.4789,10.5696],[-54.9284,49.4797,6.2929],[-54.9278,49.4806,0.0],[-54.93,49.4811,3.9246],[-54.9268,49.4839,0.8951],[-54.9311,49.4825,11.8943],[-54.9297,49.4847,1.1572],[-54.9369,49.4845,7.9465],[-54.935,49.4869,13.4955],[-54.9394,49.4889,1.9987],[-54.9406,49.4914,0.0]]],
[[[-54.6867,49.4431,1.726],[-54.6839,49.4417,0.0],[-54.6822,49.4447,0.0],[-54.6836,49.4439,4.1765],[-54.6881,49.4461,3.209],[-54.6889,49.4453,6.1737],[-54.6861,49.4442,6.3355],[-54.6867,49.4431,1.726]]],
[[[-54.6836,49.4528,2.8917],[-54.6856,49.4531,0.6662],[-54.6869,49.4514,3.092],[-54.6853,49.4503,0.0],[-54.681399999999996,49.4522,0.0],[-54.6822,49.4536,6.9526],[-54.6836,49.4528,2.8917]]],
[[[-54.7471,49.4677,0.0],[-54.7407,49.4683,0.5069],[-54.7393,49.4716,0.7103],[-54.7436,49.4725,0.0],[-54.7473,49.4709,0.8136],[-54.7499,49.4685,0.6289],[-54.7567,49.4662,1.7379],[-54.7588,49.4624,1.757],[-54.7556,49.4594,3.8696],[-54.7554,49.4619,0.758],[-54.7486,49.465,0.0],[-54.7486,49.4661,0.0],[-54.7521,49.465,0.8356],[-54.7522,49.4666,3.5114],[-54.7471,49.4677,0.0]]],
[[[-54.7464,49.4742,0.0],[-54.7347,49.4808,0.0],[-54.7389,49.4836,6.0011],[-54.7461,49.4833,4.4036],[-54.7481,49.4819,0.6271],[-54.7469,49.4797,4.2727],[-54.7486,49.4811,0.6271],[-54.7514,49.48,0.0],[-54.7514,49.4778,0.0],[-54.7533,49.4764,0.5176],[-54.7517,49.4744,0.0],[-54.7464,49.4742,0.0]]],
[[[-54.8522,49.47,2.5068],[-54.8532,49.4716,1.7256],[-54.8557,49.4716,10.614],[-54.8582,49.4696,1.9775],[-54.8561,49.4681,0.0],[-54.8522,49.47,2.5068]]],
[[[-54.7997,49.4714,0.5596],[-54.7961,49.4703,0.0],[-54.7936,49.4736,0.0],[-54.7972,49.4756,0.4495],[-54.8001,49.4751,6.0905],[-54.7997,49.4714,0.5596]]],
[[[-54.7575,49.4753,0.6447],[-54.7536,49.4767,2.2238],[-54.7553,49.4792,1.4145],[-54.7525,49.4811,0.3369],[-54.7614,49.4797,2.0827],[-54.7608,49.4781,6.9219],[-54.7656,49.4728,4.7107],[-54.765,49.4697,5.0311],[-54.7569,49.4678,1.8481],[-54.7511,49.4722,0.0],[-54.7594,49.475,0.552],[-54.7575,49.4753,0.6447]]],
[[[-54.7831,49.4764,3.5343],[-54.7842,49.4775,0.0],[-54.7867,49.4747,0.0],[-54.7828,49.4719,0.0],[-54.7808,49.4736,0.907],[-54.7831,49.4764,3.5343]]],
[[[-54.75,49.4844,0.9718],[-54.7486,49.4867,0.0],[-54.7519,49.4858,0.0],[-54.7506,49.4856,2.2645],[-54.7519,49.4836,0.0],[-54.7497,49.4829,0.7537],[-54.75,49.4844,0.9718]]],
[[[-54.7083,49.4889,0.2857],[-54.7108,49.4894,0.3915],[-54.7119,49.4892,0.3915],[-54.7117,49.4881,0.0],[-54.7083,49.4889,0.2857]]],
[[[-54.7094,49.4933,4.4859],[-54.7094,49.4917,0.0],[-54.7069,49.4931,1.7864],[-54.7094,49.4933,4.4859]]],
[[[-54.7522,49.4919,0.0],[-54.7528,49.4936,4.3247],[-54.7547,49.4919,0.8385],[-54.7536,49.4914,0.8385],[-54.7522,49.4919,0.0]]],
[[[-54.8083,49.4778,8.9243],[-54.8097,49.4775,1.2658],[-54.8103,49.4747,15.1774],[-54.8083,49.4725,5.4075],[-54.8033,49.4756,16.0878],[-54.8031,49.4769,16.0878],[-54.8083,49.4778,8.9243]]],
[[[-54.7769,49.4793,1.3653],[-54.7796,49.4794,0.0],[-54.781,49.4787,0.0],[-54.7796,49.4784,0.0],[-54.7769,49.4793,1.3653]]],
[[[-54.7744,49.4839,20.6885],[-54.7719,49.4858,0.0],[-54.7731,49.4878,1.4655],[-54.7764,49.4897,3.076],[-54.7811,49.4894,0.9219],[-54.7833,49.4867,1.1638],[-54.7817,49.485,4.3998],[-54.7822,49.4833,8.9531],[-54.7925,49.4844,3.9519],[-54.7961,49.4828,0.8493],[-54.7961,49.4786,2.1995],[-54.7994,49.4786,0.678],[-54.8003,49.4767,0.0],[-54.7978,49.4764,0.4495],[-54.795,49.4786,2.1995],[-54.79,49.4744,0.0],[-54.7886,49.4761,2.2374],[-54.7908,49.4769,5.0241],[-54.79,49.4789,4.0885],[-54.7828,49.4794,4.2164],[-54.7744,49.4839,20.6885]]],
[[[-55.0528,49.4742,1.6997],[-55.0558,49.4747,0.0],[-55.0525,49.4775,0.0],[-55.0547,49.4806,0.0],[-55.0602,49.4717,4.3545],[-55.0672,49.4647,0.0],[-55.065,49.4642,5.3301],[-55.0625,49.4675,15.7798],[-55.056399999999996,49.4672,8.0997],[-55.0553,49.4656,16.7599],[-55.0583,49.4619,0.0],[-55.0569,49.4611,10.0283],[-55.0478,49.4639,15.8497],[-55.0372,49.4628,2.5623],[-55.03,49.4675,0.0],[-55.0311,49.4692,0.0],[-55.0344,49.4683,38.844],[-55.0347,49.4708,8.3749],[-55.0323,49.4747,9.5716],[-55.0367,49.4773,0.0],[-55.045,49.475,10.5796],[-55.05,49.4775,0.0],[-55.0528,49.4742,1.6997]]],
[[[-55.0496,49.4821,2.0207],[-55.0496,49.4786,0.0],[-55.0482,49.4783,0.0],[-55.0464,49.4814,0.0],[-55.0496,49.4821,2.0207]]],
[[[-55.0798,49.4871,0.8168],[-55.0833,49.4858,0.0],[-55.0836,49.4841,4.0304],[-55.0789,49.4856,5.5729],[-55.0798,49.4871,0.8168]]],
[[[-55.0764,49.4881,3.3758],[-55.0743,49.4908,0.0],[-55.0769,49.4905,2.0252],[-55.0783,49.4875,2.2271],[-55.0764,49.4881,3.3758]]],
[[[-54.9375,49.5003,2.6055],[-54.935,49.4986,0.0],[-54.9331,49.5,1.3953],[-54.935,49.5006,4.294],[-54.9375,49.5003,2.6055]]],
[[[-54.94,49.5017,0.0],[-54.9414,49.5047,0.8423],[-54.9433,49.5053,8.788],[-54.9398,49.5081,0.715],[-54.9463,49.5067,16.7247],[-54.9497,49.5081,6.1122],[-54.9658,49.505,3.9086],[-54.9656,49.5028,5.8021],[-54.9681,49.4994,2.1037],[-54.9653,49.5006,11.0447],[-54.96,49.4983,0.0],[-54.9453,49.4978,3.6977],[-54.94,49.5017,0.0]]],
[[[-55.0139,49.5061,9.813],[-55.0122,49.5075,0.0],[-55.0156,49.5106,0.0],[-55.0269,49.5044,3.7199],[-55.0236,49.5033,0.0],[-55.0211,49.5056,5.0803],[-55.0169,49.5047,0.9627],[-55.0139,49.5061,9.813]]],
[[[-54.8775,49.5125,8.0327],[-54.8669,49.5153,0.0],[-54.8669,49.5169,7.0036],[-54.8697,49.5189,0.9146],[-54.8717,49.5181,3.9327],[-54.8708,49.5167,11.7545],[-54.8819,49.5158,15.5714],[-54.8878,49.5167,9.4249],[-54.8894,49.5156,1.3485],[-54.8922,49.5172,1.9756],[-54.8942,49.5161,0.9393],[-54.8933,49.5144,12.9391],[-54.8947,49.5133,1.7303],[-54.8897,49.5111,0.0],[-54.8875,49.5125,8.7445],[-54.8822,49.5114,2.2687],[-54.8775,49.5125,8.0327]]],
[[[-55.0871,49.4883,3.636],[-55.086,49.4896,3.0167],[-55.0876,49.4912,8.243],[-55.0928,49.4901,9.936],[-55.091,49.4875,3.4666],[-55.0871,49.4883,3.636]]],
[[[-55.0824,49.4949,13.5418],[-55.0853,49.4922,0.0],[-55.0837,49.4904,0.0],[-55.0785,49.4938,3.7232],[-55.0799,49.4955,0.0],[-55.0824,49.4949,13.5418]]],
[[[-55.0736,49.4919,0.0],[-55.0672,49.4963,7.9681],[-55.0672,49.4978,6.2875],[-55.0778,49.4978,5.9751],[-55.0789,49.4961,0.0],[-55.0761,49.4922,4.721],[-55.0736,49.4919,0.0]]],
[[[-55.0869,49.5233,50.5116],[-55.0955,49.5293,16.9415],[-55.1039,49.5292,0.0],[-55.1062,49.5273,0.0],[-55.1115,49.5292,0.931],[-55.1125,49.5275,0.0],[-55.1103,49.5258,0.0],[-55.1103,49.5233,11.2099],[-55.115,49.5225,5.2695],[-55.1183,49.5194,0.0],[-55.1141,49.5139,5.0313],[-55.1078,49.5123,22.4897],[-55.1119,49.5066,0.0],[-55.1044,49.5025,13.0499],[-55.1025,49.4942,2.889],[-55.0961,49.4947,0.0],[-55.0871,49.4996,34.9496],[-55.0822,49.5001,0.0],[-55.08,49.5038,35.3178],[-55.0696,49.5085,0.0],[-55.0658,49.5125,0.0],[-55.0655,49.5139,0.0],[-55.0701,49.5162,0.0],[-55.0714,49.5194,0.6307],[-55.0745,49.5199,82.932],[-55.0728,49.5217,2.8809],[-55.0753,49.5236,8.4833],[-55.0802,49.5222,8.6586],[-55.0836,49.5242,0.0],[-55.0869,49.5233,50.5116]]],
[[[-55.0492,49.5135,0.0],[-55.0479,49.5147,5.5501],[-55.0487,49.5159,0.0],[-55.0502,49.5151,0.0],[-55.0492,49.5135,0.0]]],
[[[-55.0478,49.5256,12.5684],[-55.0417,49.5289,17.1068],[-55.0406,49.5308,0.8762],[-55.0424,49.5328,19.7195],[-55.0367,49.54,0.0],[-55.0363,49.543,0.9021],[-55.0417,49.5419,0.0],[-55.044,49.5379,31.1856],[-55.0519,49.5325,13.783],[-55.0572,49.5327,39.1454],[-55.0586,49.5358,4.148],[-55.0622,49.5364,2.8578],[-55.0608,49.54,0.3478],[-55.0642,49.5419,7.4946],[-55.0653,49.5411,7.4946],[-55.0639,49.5385,8.119],[-55.0693,49.5392,0.0],[-55.0748,49.5379,0.0],[-55.0858,49.5281,0.0],[-55.0839,49.5256,10.7743],[-55.0822,49.5256,2.1341],[-55.0822,49.5275,1.3188],[-55.0803,49.5283,3.7288],[-55.0781,49.525,0.0],[-55.0667,49.5242,7.5182],[-55.065,49.5203,8.1743],[-55.0658,49.5183,0.0],[-55.0639,49.5183,6.8788],[-55.0639,49.5156,4.8716],[-55.0588,49.5117,0.0],[-55.0533,49.5178,0.0],[-55.0508,49.5175,2.2098],[-55.0453,49.5213,11.3429],[-55.0456,49.5186,0.0],[-55.0425,49.5206,6.4007],[-55.045,49.5242,0.0],[-55.0487,49.5223,0.0],[-55.0478,49.5256,12.5684]]],
[[[-55.4028,49.5261,0.8708],[-55.4075,49.5236,1.4119],[-55.4058,49.5222,1.4119],[-55.4031,49.5228,0.0],[-55.4006,49.525,4.158],[-55.4028,49.5261,0.8708]]],
[[[-55.2377,49.5233,1.8877],[-55.239,49.5277,0.0],[-55.2454,49.5239,0.0],[-55.2427,49.5222,10.6163],[-55.2377,49.5233,1.8877]]],
[[[-55.4189,49.5228,0.0],[-55.4142,49.5239,23.2147],[-55.4095,49.528,1.8661],[-55.4256,49.5239,1.029],[-55.4189,49.5228,0.0]]],
[[[-55.4069,49.5422,0.0],[-55.4082,49.5421,0.0],[-55.4116,49.539,0.5811],[-55.4079,49.5398,2.4822],[-55.4069,49.5422,0.0]]],
[[[-55.5453,49.5278,0.0],[-55.5489,49.5303,1.4988],[-55.5625,49.5256,0.0],[-55.5461,49.5258,12.7089],[-55.5444,49.5267,0.0],[-55.5453,49.5278,0.0]]],
[[[-55.5975,49.5397,8.4385],[-55.5995,49.54,29.1149],[-55.5913,49.5448,3.0634],[-55.6017,49.544,0.0],[-55.6005,49.5419,11.9358],[-55.6018,49.539,0.0],[-55.5996,49.5379,1.8188],[-55.5975,49.5397,8.4385]]],
[[[-55.5504,49.5442,0.0],[-55.5465,49.5431,0.0],[-55.5444,49.5396,0.7659],[-55.5414,49.5419,0.0],[-55.5433,49.5469,9.5214],[-55.5485,49.5464,0.5842],[-55.5504,49.5442,0.0]]],
[[[-55.5908,49.545,1.2768],[-55.5868,49.5454,0.0],[-55.5864,49.5465,0.0],[-55.5906,49.5461,6.3201],[-55.5908,49.545,1.2768]]],
[[[-55.6425,49.5428,0.0],[-55.6375,49.5408,4.8444],[-55.6219,49.5469,8.7003],[-55.6236,49.5486,16.7285],[-55.6261,49.5481,19.4879],[-55.6281,49.5515,28.172],[-55.6307,49.5523,0.0],[-55.6342,49.5469,6.5048],[-55.6425,49.5428,0.0]]],
[[[-55.6097,49.5469,0.0],[-55.6064,49.5475,0.0],[-55.6097,49.5487,0.0],[-55.6108,49.5475,0.0],[-55.6097,49.5469,0.0]]],
[[[-55.6494,49.5453,0.0],[-55.6433,49.5478,5.2415],[-55.6379,49.5473,5.4002],[-55.6364,49.5495,31.95],[-55.6387,49.5518,6.8655],[-55.6415,49.5515,7.0704],[-55.6503,49.5472,0.0],[-55.6494,49.5453,0.0]]],
[[[-55.6211,49.5478,0.2638],[-55.6192,49.5469,0.0],[-55.6181,49.5483,0.0],[-55.6231,49.5506,0.0],[-55.6233,49.55,0.0],[-55.6211,49.5478,0.2638]]],
[[[-55.6114,49.5533,1.1775],[-55.6106,49.5511,0.0],[-55.6031,49.5509,5.2843],[-55.6023,49.5521,5.5199],[-55.6053,49.5536,22.7242],[-55.6114,49.5533,1.1775]]],
[[[-55.5064,49.5717,0.0],[-55.5075,49.5731,0.1764],[-55.5131,49.5717,0.0],[-55.5131,49.5697,0.0],[-55.5121,49.5691,0.0],[-55.5064,49.5717,0.0]]],
[[[-55.6878,49.5017,0.0],[-55.6878,49.5036,3.7042],[-55.6908,49.5019,0.0],[-55.69,49.5011,0.0],[-55.6878,49.5017,0.0]]],
[[[-55.6783,49.5083,10.5614],[-55.6833,49.5089,0.0],[-55.6869,49.5075,1.7443],[-55.6857,49.5055,0.0],[-55.6828,49.505,0.0],[-55.6786,49.5067,17.9672],[-55.6783,49.5083,10.5614]]],
[[[-55.6861,49.5603,10.2071],[-55.6961,49.5622,0.0],[-55.7138,49.5588,0.0],[-55.7275,49.5595,15.3081],[-55.7336,49.5622,0.0],[-55.7441,49.5616,1.654],[-55.7433,49.5593,0.0],[-55.7464,49.5495,5.0902],[-55.751,49.5425,0.4835],[-55.7503,49.5384,0.0],[-55.7584,49.5314,0.8279],[-55.7554,49.5263,7.5797],[-55.7574,49.5213,21.7777],[-55.7538,49.5185,0.0],[-55.7527,49.5153,0.0],[-55.7484,49.5135,1.0436],[-55.747,49.51,6.9341],[-55.7431,49.5083,3.2026],[-55.7442,49.5061,3.426],[-55.7464,49.5064,0.0],[-55.7422,49.5025,8.2759],[-55.7553,49.4953,8.3133],[-55.7592,49.4903,21.6853],[-55.7584,49.4875,12.5841],[-55.7532,49.4861,4.3697],[-55.7507,49.4894,10.211],[-55.7451,49.4865,0.0],[-55.739,49.4887,3.6668],[-55.7352,49.4866,0.0],[-55.7281,49.4886,0.0],[-55.7272,49.4917,4.548],[-55.7283,49.4925,8.1594],[-55.7264,49.4947,1.5788],[-55.7314,49.4997,3.2458],[-55.7289,49.5058,6.7477],[-55.7247,49.5036,0.0],[-55.7222,49.5075,6.1688],[-55.7133,49.5061,11.0558],[-55.7164,49.5039,2.7454],[-55.7167,49.5008,5.0813],[-55.7183,49.5033,1.8742],[-55.7203,49.5028,1.8057],[-55.7214,49.5011,3.0108],[-55.7191,49.4997,23.1554],[-55.7222,49.4981,18.0494],[-55.7214,49.4967,15.8293],[-55.7242,49.4958,7.0918],[-55.7242,49.4942,19.564],[-55.72,49.4933,0.0],[-55.7167,49.4989,28.2407],[-55.7156,49.4972,0.4534],[-55.7183,49.4922,7.3862],[-55.7142,49.4952,0.0],[-55.7106,49.4945,2.7737],[-55.7047,49.4962,4.2143],[-55.6964,49.5011,0.0],[-55.6986,49.5021,21.4878],[-55.6992,49.5053,23.569],[-55.7084,49.505,13.8472],[-55.7101,49.5081,0.0],[-55.7012,49.5115,0.0],[-55.6955,49.5098,0.0],[-55.6863,49.5109,3.6261],[-55.674,49.516,5.7856],[-55.674,49.5187,12.3062],[-55.6677,49.5254,0.0],[-55.6719,49.53,46.3687],[-55.6761,49.5314,20.0493],[-55.68,49.5367,53.4905],[-55.6717,49.5367,0.0],[-55.6689,49.5383,0.0],[-55.6786,49.5439,12.0862],[-55.6655,49.545,7.9478],[-55.6738,49.5499,77.2854],[-55.6761,49.5547,17.2249],[-55.6828,49.5539,2.405],[-55.6833,49.555,2.405],[-55.6789,49.5569,0.0],[-55.6839,49.5578,17.1329],[-55.6861,49.5603,10.2071]]],
[[[-55.8277,49.5331,0.0],[-55.8264,49.5315,0.0],[-55.8169,49.5287,0.0],[-55.8077,49.53,0.0],[-55.7978,49.5285,0.0],[-55.7935,49.5293,7.5116],[-55.7879,49.5323,13.1882],[-55.7846,49.5376,5.0002],[-55.7792,49.5414,0.0],[-55.7684,49.5446,21.3394],[-55.7739,49.5528,0.0],[-55.7725,49.5542,8.949],[-55.7683,49.5514,0.0],[-55.7675,49.5531,0.0],[-55.7743,49.5571,0.0],[-55.776,49.5602,0.0],[-55.7746,49.5628,0.0],[-55.7792,49.5673,10.91],[-55.7716,49.5761,0.0],[-55.778,49.5863,0.0],[-55.7881,49.5918,9.9835],[-55.794,49.5888,16.0555],[-55.7938,49.5862,21.2571],[-55.7969,49.5808,0.0],[-55.7932,49.5732,5.0421],[-55.794,49.5684,26.4894],[-55.8067,49.5633,0.0],[-55.8124,49.5561,0.0],[-55.813,49.5523,4.3881],[-55.8153,49.5511,5.9854],[-55.8283,49.5491,0.0],[-55.836,49.55,24.5235],[-55.8527,49.5429,13.0094],[-55.8667,49.5443,0.0],[-55.8774,49.537,35.9238],[-55.8895,49.5333,29.4571],[-55.894,49.5336,9.7859],[-55.9072,49.5264,1.049],[-55.9044,49.5236,0.0],[-55.8956,49.5239,9.4098],[-55.8898,49.5252,0.0],[-55.8883,49.5289,10.1727],[-55.883,49.5305,13.4644],[-55.8804,49.5287,1.402],[-55.8717,49.5275,6.6702],[-55.8634,49.5309,6.7709],[-55.8561,49.5318,0.0],[-55.8572,49.5344,5.2097],[-55.853,49.5342,6.4357],[-55.8473,49.5369,0.0],[-55.8277,49.5331,0.0]]],
[[[-55.9233,49.5464,0.0],[-55.9183,49.5483,2.135],[-55.9183,49.55,2.2024],[-55.9233,49.5481,2.0461],[-55.9233,49.5464,0.0]]],
[[[-55.9544,49.58,0.0],[-55.9511,49.5789,15.7763],[-55.9469,49.5825,0.0],[-55.9533,49.5817,0.0],[-55.9544,49.58,0.0]]],
[[[-55.6503,49.5508,0.0],[-55.6509,49.5534,6.2876],[-55.6545,49.5514,34.987],[-55.6528,49.5499,0.0],[-55.6503,49.5508,0.0]]],
[[[-55.9338,49.5859,6.345],[-55.9305,49.5869,0.0],[-55.9296,49.5886,0.0],[-55.9336,49.5886,12.945],[-55.9338,49.5859,6.345]]],
[[[-55.9193,49.6048,0.0],[-55.9176,49.6015,0.0],[-55.9099,49.6037,0.0],[-55.8962,49.6153,0.0],[-55.8991,49.6164,9.9335],[-55.9116,49.6128,1.2005],[-55.9193,49.6048,0.0]]],
[[[-55.8683,49.6517,13.1326],[-55.8693,49.6501,0.0],[-55.8681,49.6492,0.2948],[-55.8636,49.6528,0.0],[-55.8664,49.6517,11.9715],[-55.8683,49.6517,13.1326]]],
[[[-55.7256,49.6156,0.0],[-55.7244,49.615,0.0],[-55.7225,49.6158,0.0],[-55.7247,49.6169,0.0],[-55.7256,49.6156,0.0]]],
[[[-55.8127,49.6239,4.2153],[-55.8112,49.6221,0.0],[-55.8097,49.623,0.0],[-55.8103,49.6258,0.0],[-55.8125,49.6255,0.0],[-55.8127,49.6239,4.2153]]],
[[[-55.8225,49.625,0.0],[-55.8236,49.6264,0.9698],[-55.8244,49.6258,0.9698],[-55.8231,49.6244,0.0],[-55.8225,49.625,0.0]]],
[[[-55.8294,49.6303,0.0],[-55.8289,49.6292,0.0],[-55.8269,49.6303,0.0],[-55.8286,49.6319,0.0],[-55.8303,49.6317,0.0],[-55.8294,49.6303,0.0]]],
[[[-55.6771,49.6411,0.0],[-55.6794,49.6393,6.2167],[-55.681,49.6325,2.069],[-55.674,49.6335,0.0],[-55.6762,49.6372,3.9497],[-55.6746,49.6383,0.0],[-55.6771,49.6411,0.0]]],
[[[-55.7788,49.6374,2.8928],[-55.7739,49.6362,0.7135],[-55.777,49.6404,12.57],[-55.7811,49.6416,11.2975],[-55.7811,49.6389,1.3937],[-55.7788,49.6374,2.8928]]],
[[[-55.7716,49.6411,0.0],[-55.7736,49.6417,5.4019],[-55.7758,49.6412,6.8789],[-55.774,49.6399,0.5511],[-55.7716,49.6411,0.0]]],
[[[-55.7813,49.6597,3.9397],[-55.7807,49.662,22.5511],[-55.7854,49.6627,0.0],[-55.7971,49.6618,2.8781],[-55.804,49.656,0.0],[-55.8143,49.6546,0.0],[-55.8138,49.652,0.0],[-55.8168,49.6434,22.426],[-55.8189,49.6418,14.6519],[-55.8154,49.6333,0.0],[-55.8057,49.6324,4.6252],[-55.8011,49.6301,0.0],[-55.8006,49.6268,0.0],[-55.7973,49.6271,18.8905],[-55.7929,49.6301,0.0],[-55.7888,49.6298,0.0],[-55.7845,49.6337,0.0],[-55.7781,49.6336,0.0],[-55.7772,49.6347,11.3733],[-55.7819,49.6381,4.1101],[-55.7873,49.6394,1.3503],[-55.7894,49.6436,2.3792],[-55.7833,49.6447,0.9301],[-55.7783,49.6422,5.983],[-55.7744,49.6425,3.5341],[-55.7806,49.6475,24.6345],[-55.7726,49.6514,0.0],[-55.7851,49.6529,0.0],[-55.7973,49.6513,0.0],[-55.8001,49.6528,9.7435],[-55.7813,49.6597,3.9397]]],
[[[-55.6536,49.6444,0.0],[-55.6522,49.6458,0.0],[-55.6556,49.6458,0.0],[-55.6556,49.645,0.0],[-55.6536,49.6444,0.0]]],
[[[-55.658,49.6502,0.0],[-55.6552,49.652,2.7976],[-55.6512,49.6509,0.1373],[-55.6506,49.6537,0.0],[-55.6572,49.6551,4.4444],[-55.6582,49.6584,0.8949],[-55.6614,49.6565,0.2834],[-55.6594,49.6561,2.5475],[-55.6611,49.6547,9.9827],[-55.6701,49.6565,1.5455],[-55.6623,49.6508,46.0231],[-55.6624,49.6481,12.0521],[-55.6601,49.6477,3.1826],[-55.658,49.6502,0.0]]],
[[[-55.7825,49.6575,3.7873],[-55.7854,49.6561,3.8298],[-55.7852,49.6538,3.1567],[-55.7803,49.6567,2.2095],[-55.7825,49.6575,3.7873]]],
[[[-55.6568,49.6599,2.1887],[-55.6532,49.659,1.1045],[-55.6517,49.6602,0.0],[-55.6551,49.6615,0.0],[-55.6568,49.6599,2.1887]]],
[[[-55.9164,49.6622,0.0],[-55.9128,49.6625,5.493],[-55.91,49.6658,12.8107],[-55.9111,49.6672,0.0],[-55.9132,49.6664,2.7725],[-55.9164,49.6622,0.0]]],
[[[-55.9025,49.6878,2.1644],[-55.9053,49.6825,4.6189],[-55.8934,49.6883,0.0],[-55.8978,49.6897,5.9707],[-55.9025,49.6878,2.1644]]],
[[[-55.893,49.693,3.0937],[-55.8953,49.6908,4.189],[-55.8904,49.6917,0.0],[-55.8872,49.6949,1.424],[-55.8909,49.6962,15.9455],[-55.893,49.693,3.0937]]],
[[[-55.8792,49.6936,0.0],[-55.8753,49.6942,3.3806],[-55.8742,49.6969,0.4691],[-55.8769,49.6972,0.9556],[-55.8803,49.6947,7.844],[-55.8861,49.6947,1.424],[-55.8853,49.6925,0.8152],[-55.8792,49.6936,0.0]]],
[[[-55.8806,49.7214,0.0],[-55.8808,49.7236,0.0],[-55.8853,49.725,0.0],[-55.8897,49.7194,2.6793],[-55.8861,49.7164,0.0],[-55.8806,49.7214,0.0]]],
[[[-56.7123,49.7418,0.0],[-56.7089,49.7456,0.0],[-56.7189,49.7438,0.0],[-56.7272,49.7352,1.1615],[-56.7229,49.7355,2.2327],[-56.7216,49.7379,4.0432],[-56.7148,49.7395,12.7354],[-56.7123,49.7418,0.0]]],
[[[-55.9453,49.7409,0.9906],[-55.9433,49.7411,1.6393],[-55.9468,49.7425,0.0],[-55.9469,49.7411,0.9906],[-55.9453,49.7409,0.9906]]],
[[[-55.8428,49.785,1.1713],[-55.8425,49.7833,0.0],[-55.84,49.7839,5.9204],[-55.84,49.7844,5.9204],[-55.8428,49.785,1.1713]]],
[[[-56.5441,49.8687,0.0],[-56.5441,49.8659,2.225],[-56.5468,49.8624,0.3804],[-56.5435,49.8642,0.0],[-56.5405,49.8685,16.0541],[-56.5441,49.8687,0.0]]],
[[[-55.7394,49.5967,9.4512],[-55.7495,49.5983,0.0],[-55.7545,49.5967,0.3671],[-55.7567,49.5982,7.8466],[-55.7616,49.5956,1.8541],[-55.7564,49.5928,6.9158],[-55.753,49.5951,0.0],[-55.7472,49.5928,2.2098],[-55.7399,49.5946,1.6053],[-55.7394,49.5967,9.4512]]],
[[[-55.6747,49.6222,1.5894],[-55.669,49.6248,0.0],[-55.6732,49.627,9.1122],[-55.6735,49.6302,12.0949],[-55.6762,49.6317,10.7513],[-55.6872,49.6275,1.4287],[-55.685,49.6203,6.8024],[-55.6858,49.618899999999996,0.0],[-55.6878,49.62,5.0601],[-55.69,49.6258,0.0],[-55.6936,49.6256,0.0],[-55.6965,49.628,9.9849],[-55.701,49.6227,18.6143],[-55.7109,49.621,1.1873],[-55.7171,49.615,26.2239],[-55.7279,49.6123,0.0],[-55.7271,49.6057,0.0],[-55.7244,49.602,0.3087],[-55.7175,49.5981,0.5429],[-55.725,49.5936,0.0],[-55.7236,49.5922,2.5241],[-55.7194,49.5942,3.6566],[-55.7172,49.5914,5.8783],[-55.7214,49.5906,0.0],[-55.7233,49.5883,2.9507],[-55.7225,49.5867,52.7458],[-55.7308,49.5806,2.5329],[-55.7367,49.579,0.0],[-55.7389,49.5758,5.6777],[-55.7381,49.5728,5.5599],[-55.7428,49.5731,2.3219],[-55.7445,49.571,1.7511],[-55.7305,49.5659,9.3389],[-55.6792,49.5728,0.0],[-55.6767,49.5747,7.2305],[-55.6689,49.5742,3.2516],[-55.6618,49.5766,0.0],[-55.6414,49.578,8.1103],[-55.6314,49.5764,0.0],[-55.6261,49.5789,48.3907],[-55.6177,49.5785,0.0],[-55.6057,49.5826,14.2858],[-55.6024,49.5815,0.0],[-55.5975,49.5848,1.4848],[-55.5925,49.5846,0.0],[-55.5859,49.5897,9.2056],[-55.5826,49.5898,0.0],[-55.5796,49.5952,0.6948],[-55.5792,49.5979,2.4144],[-55.5818,49.6004,1.7205],[-55.6007,49.5956,0.0],[-55.6097,49.5914,0.0],[-55.6158,49.5864,25.9151],[-55.6169,49.5869,25.9151],[-55.6164,49.5897,1.128],[-55.6225,49.5886,46.691],[-55.6306,49.5908,0.0],[-55.6396,49.589,0.9033],[-55.6415,49.5914,0.0],[-55.6486,49.5942,0.0],[-55.652,49.5929,51.4281],[-55.6547,49.5945,0.0],[-55.6473,49.6005,0.0],[-55.6506,49.6031,0.0],[-55.6461,49.6068,2.5566],[-55.652,49.6107,5.4254],[-55.6503,49.6127,0.0],[-55.6522,49.6151,0.0],[-55.6562,49.6158,1.6087],[-55.6661,49.6058,0.0],[-55.6706,49.6083,2.3582],[-55.6758,49.6055,0.0],[-55.6728,49.6042,9.0558],[-55.6756,49.6022,10.3224],[-55.6864,49.6025,1.2976],[-55.6931,49.6006,1.1018],[-55.6914,49.6036,0.0],[-55.6864,49.6058,13.9972],[-55.6842,49.6042,2.2747],[-55.6803,49.6047,0.5659],[-55.677,49.6085,0.0],[-55.68,49.6112,35.2964],[-55.6744,49.6181,1.1598],[-55.6722,49.6161,0.0],[-55.6678,49.6167,0.0],[-55.6706,49.6213,0.0],[-55.6747,49.6222,1.5894]]],
[[[-55.673,49.6124,2.1741],[-55.6771,49.6125,6.4112],[-55.6738,49.6089,3.4141],[-55.6714,49.6103,11.072],[-55.673,49.6124,2.1741]]],
[[[-55.615,49.5939,0.7606],[-55.6175,49.5918,0.0],[-55.615,49.5919,0.0],[-55.6138,49.5935,3.6861],[-55.615,49.5939,0.7606]]],
[[[-55.6389,49.6122,8.1852],[-55.6364,49.6117,0.0],[-55.6336,49.6142,0.0],[-55.6384,49.616,6.9167],[-55.6355,49.6195,0.0],[-55.6406,49.6209,3.4561],[-55.6427,49.6242,1.0881],[-55.6468,49.6249,0.0],[-55.6478,49.62,0.0],[-55.6432,49.6143,20.7874],[-55.6389,49.6122,8.1852]]],
[[[-55.6475,49.6408,0.8295],[-55.645,49.6408,3.5299],[-55.6433,49.6425,0.0],[-55.6481,49.6422,0.4208],[-55.6475,49.6408,0.8295]]],
[[[-55.6495,49.6421,1.5808],[-55.65,49.6443,0.7975],[-55.6531,49.6433,0.0],[-55.6517,49.642,0.0],[-55.6495,49.6421,1.5808]]],
[[[-55.2912,49.5425,1.5535],[-55.2917,49.5435,1.5535],[-55.2943,49.5409,12.7693],[-55.2916,49.5412,6.1864],[-55.2912,49.5425,1.5535]]],
[[[-55.3628,49.9987,74.3174],[-55.3686,50.0003,38.9523],[-55.3714,49.9972,0.0],[-55.3603,49.9936,0.0],[-55.3557,49.9959,0.0],[-55.3575,49.9991,0.0],[-55.3628,49.9987,74.3174]]],
[[[-55.6157,49.6496,1.1061],[-55.6203,49.6503,4.4678],[-55.6206,49.6492,4.4678],[-55.6165,49.6478,0.0],[-55.6148,49.6489,0.0],[-55.6157,49.6496,1.1061]]],
[[[-55.6239,49.6525,0.1928],[-55.6267,49.6528,0.6277],[-55.6253,49.6517,0.0],[-55.6239,49.6525,0.1928]]],
[[[-55.6201,49.6523,1.7613],[-55.6223,49.6535,2.1414],[-55.6233,49.6528,2.1414],[-55.6214,49.6511,0.0],[-55.6201,49.6523,1.7613]]],
[[[-55.8384,49.7813,8.9903],[-55.8414,49.7819,2.7386],[-55.8419,49.7808,2.7386],[-55.8392,49.78,0.0],[-55.8362,49.7814,1.135],[-55.8384,49.7813,8.9903]]],
[[[-55.8342,49.7817,0.0],[-55.8317,49.7839,0.0],[-55.8361,49.7842,1.0685],[-55.8342,49.7817,0.0]]],
[[[-55.8219,49.7883,0.0],[-55.8219,49.7897,1.0516],[-55.8257,49.7894,0.0],[-55.8239,49.7881,0.0],[-55.8219,49.7883,0.0]]],
[[[-56.1374,49.9963,3.3505],[-56.1386,49.9951,0.0],[-56.1374,49.993899999999996,2.7591],[-56.1343,49.9958,4.3595],[-56.1353,49.9964,4.3595],[-56.1374,49.9963,3.3505]]],
[[[-55.8865,50.0236,1.7164],[-55.8861,50.0261,1.761],[-55.89,50.0264,0.617],[-55.8889,50.0214,0.0],[-55.8865,50.0236,1.7164]]],
[[[-55.8371,50.2106,0.0],[-55.8389,50.2127,0.0],[-55.8419,50.2131,8.1849],[-55.8428,50.2169,0.0],[-55.8462,50.2173,0.0],[-55.8451,50.2126,4.7476],[-55.85,50.2088,2.4466],[-55.8575,50.2078,10.8377],[-55.8648,50.2044,0.0],[-55.873,50.2032,9.0775],[-55.8761,50.2047,1.2442],[-55.8833,50.2042,0.0],[-55.8911,50.2028,5.4741],[-55.8928,50.2011,12.4927],[-55.885,50.1961,3.8816],[-55.8578,50.1939,15.7735],[-55.8528,50.1914,0.0],[-55.8467,50.1914,1.2231],[-55.8433,50.1928,0.0],[-55.8433,50.1958,0.0],[-55.84,50.1978,8.049],[-55.8278,50.1983,0.0],[-55.8244,50.2,0.0],[-55.8272,50.2017,2.5076],[-55.8244,50.2022,0.2491],[-55.8222,50.2058,0.0],[-55.8244,50.2097,0.0],[-55.8311,50.2108,0.0],[-55.8343,50.2085,36.7778],[-55.8371,50.2106,0.0]]],
[[[-55.79,50.2272,0.0],[-55.795,50.2322,0.0],[-55.7978,50.2331,0.0],[-55.805,50.2292,0.0],[-55.8033,50.2253,0.0],[-55.8009,50.2245,0.0],[-55.8039,50.2206,3.6826],[-55.7928,50.2117,0.0],[-55.7839,50.2081,0.0],[-55.7817,50.2103,0.0],[-55.7789,50.2097,5.2874],[-55.7783,50.2075,0.0],[-55.7703,50.2066,0.0],[-55.7711,50.2019,0.0],[-55.7672,50.1997,0.0],[-55.7622,50.2017,6.3237],[-55.7578,50.1981,0.0],[-55.7494,50.1978,0.0],[-55.7489,50.2014,4.8243],[-55.7449,50.2007,7.7465],[-55.7444,50.1983,0.0],[-55.7367,50.1981,0.0],[-55.7328,50.2005,4.789],[-55.7328,50.1989,2.9382],[-55.7244,50.1992,8.0277],[-55.7256,50.1947,0.0],[-55.7221,50.1913,0.0],[-55.7156,50.1919,0.0],[-55.7078,50.1964,14.204],[-55.7044,50.1947,0.0],[-55.6983,50.1978,3.1277],[-55.7028,50.2003,9.9337],[-55.7011,50.2044,0.9578],[-55.7089,50.2019,12.9072],[-55.7128,50.2025,8.7322],[-55.7131,50.2036,8.7322],[-55.7072,50.2075,0.0],[-55.7039,50.2133,0.0],[-55.7068,50.2146,0.0],[-55.7134,50.2217,5.9866],[-55.7165,50.2201,36.8804],[-55.7208,50.2234,10.1935],[-55.7267,50.2228,10.3754],[-55.7285,50.2283,0.0],[-55.7339,50.2306,0.0],[-55.7378,50.2311,1.6771],[-55.7394,50.2297,39.2516],[-55.7422,50.2319,10.4495],[-55.7494,50.2325,0.0],[-55.7527,50.2285,75.4754],[-55.7607,50.2299,1.0243],[-55.7621,50.2282,25.3689],[-55.765,50.2313,0.0],[-55.7722,50.2312,5.1642],[-55.7734,50.23,45.735],[-55.7729,50.226,46.0059],[-55.7788,50.2276,0.0],[-55.7855,50.2223,18.8567],[-55.7894,50.2242,3.7459],[-55.79,50.2272,0.0]]],
[[[-55.8033,50.2342,0.0],[-55.8,50.2328,0.1736],[-55.7993,50.2331,0.1736],[-55.8017,50.2353,1.7262],[-55.8033,50.2342,0.0]]]]}}