{"type":"Feature","properties":{"GID_3":"CAN.11.84.6_1","GID_0":"CAN","country":"Canada","GID_1":"CAN.11_1","province":"Québec","NL_NAME_1":"NA","GID_2":"CAN.11.84_1","county":"Nord-du-Québec","NL_NAME_2":"NA","city":"Baie-James","VARNAME_3":"NA","NL_NAME_3":"NA","TYPE_3":"Municipalité","ENGTYPE_3":"Municipality","CC_3":"NA","HASC_3":"NA","name":"Baie-James.city"},
"geometry":{"type": "MultiPolygon","coordinates": [[[[-79.8829,51.8543,0.0],[-79.8785,51.8503,0.0],[-79.877,51.8502,0.0],[-79.8803,51.8545,0.0],[-79.8829,51.8543,0.0]]],
[[[-79.6578,51.9667,0.859],[-79.6538,51.9653,0.3317],[-79.6527,51.9664,0.7419],[-79.6667,51.9713,0.0],[-79.6606,51.9669,0.0],[-79.6578,51.9667,0.859]]],
[[[-78.7854,51.9647,2.2],[-78.7806,51.9649,2.7168],[-78.7803,51.9688,6.7441],[-78.7832,51.9699,6.7441],[-78.7854,51.968,6.6447],[-78.7958,51.9654,1.9155],[-78.7908,51.9638,5.5296],[-78.7854,51.9647,2.2]]],
[[[-78.7211,52.0169,2.3984],[-78.726,52.0134,2.0791],[-78.7233,52.0128,1.1439],[-78.7172,52.0156,1.5536],[-78.7189,52.0173,1.454],[-78.7211,52.0169,2.3984]]],
[[[-79.1867,51.9978,3.8076],[-79.1839,51.9989,3.7829],[-79.1928,51.9992,2.5059],[-79.1994,52.0025,1.6461],[-79.2,52.0053,0.0],[-79.1961,52.0081,3.5943],[-79.1994,52.0108,1.9],[-79.2,52.0169,0.0],[-79.2026,52.0174,0.0],[-79.2081,52.0101,0.9408],[-79.2185,52.0059,0.0],[-79.2206,52.0045,0.0],[-79.2197,52.0037,6.4706],[-79.2306,51.9989,0.0],[-79.2339,51.995,4.0568],[-79.2433,51.9909,0.0],[-79.2417,51.9892,1.2245],[-79.2344,51.9895,4.3635],[-79.2289,51.9861,1.2257],[-79.2189,51.9842,4.5173],[-79.2044,51.9867,0.4612],[-79.1933,51.9953,5.1126],[-79.1867,51.9978,3.8076]]],
[[[-79.6089,52.0101,0.0569],[-79.612799999999993,52.0104,0.554],[-79.613,52.0094,0.554],[-79.6094,52.009,0.4728],[-79.6089,52.0101,0.0569]]],
[[[-78.73,52.0272,1.3297],[-78.7289,52.0278,1.3297],[-78.7354,52.0294,0.6514],[-78.7422,52.0269,0.9741],[-78.7383,52.0259,0.944],[-78.7356,52.0278,2.7458],[-78.73,52.0272,1.3297]]],
[[[-78.7555,52.0269,0.1567],[-78.7511,52.0286,2.5814],[-78.7544,52.03,1.8968],[-78.7594,52.0292,0.7029],[-78.7555,52.0269,0.1567]]],
[[[-78.8272,52.0536,0.3304],[-78.825,52.0545,2.2979],[-78.8377,52.0567,2.3376],[-78.8511,52.0547,-0.0705],[-78.8478,52.0536,0.4444],[-78.8494,52.0528,0.4444],[-78.8489,52.0503,0.0445],[-78.84,52.0486,0.0],[-78.8339,52.0497,0.1601],[-78.8333,52.0519,1.2304],[-78.83,52.0542,2.9451],[-78.8272,52.0536,0.3304]]],
[[[-78.6639,52.0753,5.7042],[-78.6666,52.0739,2.814],[-78.6622,52.0719,0.0],[-78.6606,52.0728,3.4934],[-78.6628,52.0747,5.7042],[-78.6639,52.0753,5.7042]]],
[[[-79.0053,52.0876,2.2143],[-79.008,52.0846,1.0056],[-79.0035,52.0834,0.0],[-78.9993,52.0859,4.0955],[-78.9978,52.0887,6.7562],[-79.0,52.0895,0.0],[-79.0053,52.0876,2.2143]]],
[[[-78.7167,52.0517,0.8569],[-78.7129,52.0533,0.0],[-78.7185,52.0539,0.0],[-78.7217,52.0517,1.1755],[-78.7199,52.0508,2.3741],[-78.7167,52.0517,0.8569]]],
[[[-78.683,52.0529,4.886],[-78.6856,52.0533,0.0],[-78.6863,52.0518,0.2897],[-78.6823,52.0518,0.12],[-78.683,52.0529,4.886]]],
[[[-78.9619,52.1098,3.8535],[-78.965,52.1117,4.4867],[-78.9722,52.1119,5.6736],[-78.9794,52.11,2.9972],[-78.9828,52.1053,8.8617],[-78.9911,52.0995,8.0025],[-78.9961,52.0925,0.0],[-78.9856,52.0858,1.2702],[-78.9694,52.0819,2.2394],[-78.9567,52.0717,0.7126],[-78.9522,52.0729,3.6008],[-78.9494,52.0719,1.1454],[-78.9434,52.0772,7.3943],[-78.9374,52.0781,0.7995],[-78.9317,52.0822,3.5212],[-78.9239,52.0844,0.9408],[-78.9306,52.0847,1.3253],[-78.9378,52.0792,1.5487],[-78.9406,52.0792,3.5946],[-78.94,52.0823,0.5575],[-78.9439,52.0836,3.0036],[-78.9428,52.085,4.4496],[-78.9455,52.0911,0.2481],[-78.9544,52.1042,1.377],[-78.9555,52.1078,0.4768],[-78.9528,52.1103,2.2299],[-78.955,52.1111,0.2214],[-78.9594,52.1081,2.4628],[-78.9619,52.1098,3.8535]]],
[[[-78.6278,52.0922,1.6164],[-78.6217,52.0928,2.9795],[-78.6194,52.0967,3.4347],[-78.6222,52.0973,0.6185],[-78.6311,52.0927,1.6164],[-78.6278,52.0922,1.6164]]],
[[[-79.2433,52.1072,0.214],[-79.2439,52.1064,0.5164],[-79.2417,52.1064,0.4893],[-79.2361,52.11,0.0],[-79.237799999999993,52.1103,0.2294],[-79.2433,52.1072,0.214]]],
[[[-79.0256,52.1132,3.6275],[-79.0291,52.1136,5.7479],[-79.0313,52.1173,0.0],[-79.0348,52.1184,0.1776],[-79.0379,52.1153,5.6261],[-79.0421,52.1151,3.5601],[-79.0424,52.1166,0.0063],[-79.0451,52.117,1.1373],[-79.0471,52.1147,3.4857],[-79.0567,52.1119,6.3537],[-79.0703,52.1133,0.0],[-79.0719,52.1126,0.0],[-79.0719,52.1103,5.3656],[-79.0805,52.1109,0.0656],[-79.0872,52.1081,1.5152],[-79.0963,52.1069,0.5496],[-79.0977,52.1062,0.3147],[-79.0973,52.1037,2.2559],[-79.1112,52.0977,0.0],[-79.1051,52.0955,0.2301],[-79.1049,52.0967,0.2301],[-79.1021,52.0962,2.0864],[-79.0996,52.0929,0.4344],[-79.0911,52.0942,2.6706],[-79.0794,52.0923,3.1267],[-79.0581,52.0937,0.0],[-79.0521,52.0969,0.6778],[-79.0463,52.0929,0.3204],[-79.0393,52.0961,3.0318],[-79.0342,52.0931,1.0624],[-79.0337,52.0899,0.0819],[-79.027,52.0925,2.5004],[-79.0252,52.0909,0.3146],[-79.02,52.0906,-0.0165],[-79.006,52.0938,0.8995],[-78.985,52.1081,0.0],[-78.9867,52.1111,0.8631],[-78.9961,52.1092,1.7028],[-79.0022,52.1121,0.0],[-79.0066,52.1117,3.5808],[-79.0086,52.1136,0.8387],[-79.0162,52.1142,0.086],[-79.0165,52.1155,0.0095],[-79.0256,52.1132,3.6275]]],
[[[-78.8735,52.108,0.9825],[-78.8795,52.108,1.6349],[-78.8828,52.1112,-0.0745],[-78.8867,52.111,0.0033],[-78.8836,52.1094,0.0401],[-78.8842,52.1077,0.083],[-78.8829,52.1067,0.0],[-78.8723,52.1069,0.1637],[-78.8735,52.108,0.9825]]],
[[[-79.1193,52.1477,0.6421],[-79.1214,52.1482,2.1825],[-79.1206,52.1491,0.0],[-79.1226,52.1507,0.0],[-79.1275,52.1513,0.2468],[-79.1296,52.1501,0.0],[-79.1216,52.1445,0.8667],[-79.1057,52.1425,2.3866],[-79.1072,52.1442,0.0],[-79.1193,52.1477,0.6421]]],
[[[-79.0183,52.1472,0.2497],[-79.0161,52.1489,0.0632],[-79.0289,52.1497,0.3621],[-79.0228,52.1467,0.0],[-79.0183,52.1472,0.2497]]],
[[[-78.9633,52.1519,0.0],[-78.9605,52.1542,0.7419],[-78.9639,52.1558,-0.0003],[-78.9667,52.1531,0.3916],[-78.9739,52.1533,0.3626],[-78.9728,52.1514,0.0],[-78.9633,52.1519,0.0]]],
[[[-79.0526,52.1922,1.8233],[-79.0438,52.194,0.3601],[-79.0465,52.1967,2.9247],[-79.0432,52.1973,1.5093],[-79.0426,52.1994,0.0],[-79.0509,52.1985,0.999],[-79.057,52.1953,0.253],[-79.0564,52.191,0.1594],[-79.0526,52.1922,1.8233]]],
[[[-78.651,52.1973,0.0],[-78.6512,52.1947,0.7047],[-78.6453,52.1938,0.0],[-78.6484,52.1969,7.833],[-78.651,52.1973,0.0]]],
[[[-79.0283,52.2097,0.0739],[-79.04,52.2106,0.0],[-79.045,52.2094,1.7875],[-79.0506,52.2058,1.725],[-79.0483,52.2044,0.2685],[-79.0411,52.205,0.012],[-79.0267,52.2086,0.1672],[-79.0283,52.2097,0.0739]]],
[[[-79.3933,52.2561,4.504],[-79.4078,52.2603,21.1884],[-79.4128,52.2641,0.0],[-79.4256,52.2661,0.329],[-79.4489,52.2644,2.557],[-79.4572,52.2603,16.6499],[-79.4672,52.2581,4.0559],[-79.4778,52.2595,1.8928],[-79.4783,52.2611,1.1668],[-79.4867,52.2654,0.5954],[-79.4852,52.2622,2.4042],[-79.4939,52.2594,0.2476],[-79.4864,52.2578,0.6406],[-79.4873,52.2554,3.0039],[-79.495,52.2569,2.4085],[-79.5013,52.2567,0.3897],[-79.5026,52.2552,0.422],[-79.4944,52.2545,2.0543],[-79.4973,52.2528,0.3957],[-79.4928,52.2503,5.8129],[-79.4956,52.2467,2.898],[-79.4939,52.2461,2.898],[-79.495,52.245,1.946],[-79.4933,52.2433,8.0466],[-79.4967,52.2395,3.5787],[-79.5055,52.2381,0.6453],[-79.5006,52.2369,1.0164],[-79.5016,52.2347,2.4778],[-79.5028,52.2365,1.0164],[-79.5105,52.2351,0.0],[-79.5035,52.2325,0.7234],[-79.495,52.2345,1.6691],[-79.4917,52.2369,1.3807],[-79.4628,52.2395,2.1612],[-79.4144,52.2403,0.0],[-79.3939,52.2392,3.1182],[-79.3761,52.2403,0.0],[-79.3683,52.2425,1.5082],[-79.3694,52.2497,0.0],[-79.3672,52.2517,0.0],[-79.3711,52.2539,0.3479],[-79.3888,52.2531,8.5432],[-79.3933,52.2561,4.504]]],
[[[-78.9416,52.1731,0.4332],[-78.9419,52.178,0.2065],[-78.9499,52.1765,0.1388],[-78.9521,52.175,0.0764],[-78.9434,52.1755,0.3193],[-78.9485,52.1741,0.0378],[-78.9431,52.1736,0.0525],[-78.9432,52.1696,0.4392],[-78.9455,52.1661,0.7767],[-78.9522,52.1619,2.2379],[-78.9583,52.1645,0.2131],[-78.9599,52.1636,0.0505],[-78.9589,52.1606,0.2835],[-78.9639,52.16,0.1201],[-78.9583,52.1556,2.4606],[-78.9544,52.1553,0.9321],[-78.9555,52.1531,0.7009],[-78.9544,52.1525,0.7009],[-78.9494,52.1547,0.9252],[-78.9461,52.1544,0.0],[-78.9433,52.1597,1.5544],[-78.9455,52.1639,0.6096],[-78.9411,52.1695,1.0355],[-78.9416,52.1731,0.4332]]],
[[[-79.0839,52.1686,0.5519],[-79.0849,52.1703,0.4988],[-79.0824,52.1691,0.4988],[-79.0813,52.171,0.3124],[-79.086,52.1723,0.0],[-79.0878,52.1681,0.884],[-79.0896,52.1683,1.1873],[-79.0896,52.1698,0.0766],[-79.0915,52.1684,0.8544],[-79.0982,52.1681,0.3213],[-79.0944,52.1659,1.6],[-79.0949,52.1636,0.6946],[-79.0932,52.1623,0.6946],[-79.0948,52.1604,1.317],[-79.0932,52.1594,1.317],[-79.0912,52.1635,1.0366],[-79.0928,52.1661,1.6],[-79.0839,52.1631,1.1625],[-79.0833,52.1611,0.5877],[-79.0792,52.1621,0.2289],[-79.0794,52.1642,0.9375],[-79.0773,52.1661,0.0],[-79.0828,52.1667,0.9342],[-79.0861,52.1647,2.437],[-79.0872,52.1664,1.0909],[-79.0839,52.1672,0.5519],[-79.0839,52.1686,0.5519]]],
[[[-79.5027,51.5631,1.2715],[-79.5,51.5664,5.3459],[-79.51,51.5644,3.5877],[-79.51,51.5611,4.1296],[-79.5067,51.5603,1.7333],[-79.5027,51.5631,1.2715]]],
[[[-78.8206,51.5978,0.0],[-78.8317,51.598,1.4662],[-78.8327,51.5953,1.0329],[-78.8295,51.5913,1.9254],[-78.825,51.5894,0.5996],[-78.815,51.5964,1.008],[-78.8206,51.5978,0.0]]],
[[[-79.0518,51.6571,1.2856],[-79.0602,51.66,1.8849],[-79.0705,51.6595,1.1121],[-79.0717,51.657,5.1084],[-79.0796,51.6567,2.7308],[-79.0784,51.6552,4.3588],[-79.0819,51.6541,2.4974],[-79.0852,51.6486,6.391],[-79.0898,51.646,3.2759],[-79.0898,51.6442,4.7084],[-79.0801,51.6413,1.7815],[-79.0725,51.6412,0.0],[-79.058,51.6466,0.0],[-79.0507,51.651,1.1199],[-79.049,51.6547,6.0829],[-79.0518,51.6571,1.2856]]],
[[[-79.0511,51.6758,1.4779],[-79.05,51.6728,0.271],[-79.0483,51.6733,0.271],[-79.0489,51.6767,1.4779],[-79.0511,51.6758,1.4779]]],
[[[-78.9956,51.6967,20.9545],[-78.9972,51.6947,2.1453],[-78.9939,51.6939,4.7075],[-78.9872,51.6994,0.0831],[-78.987799999999993,51.7008,0.9276],[-78.9928,51.7017,1.2031],[-78.9939,51.7008,0.0],[-78.9911,51.7003,1.5963],[-78.9956,51.6967,20.9545]]],
[[[-79.0136,51.7062,4.8324],[-79.0132,51.7048,1.7831],[-79.0111,51.7056,6.8914],[-79.0116,51.7065,6.8914],[-79.0136,51.7062,4.8324]]],
[[[-79.0054,51.7154,3.866],[-79.0078,51.7136,0.8852],[-79.0061,51.7128,0.8852],[-79.0033,51.7142,0.0],[-79.0054,51.7154,3.866]]],
[[[-79.1137,51.7299,5.4812],[-79.1158,51.7277,0.0],[-79.1081,51.7291,1.1793],[-79.1034,51.7348,5.9585],[-79.1034,51.7371,2.3624],[-79.1053,51.7386,8.0696],[-79.1075,51.7379,8.0696],[-79.1131,51.7336,0.0],[-79.1137,51.7299,5.4812]]],
[[[-79.0317,51.7427,1.2068],[-79.0335,51.7431,3.2556],[-79.0345,51.7422,3.2556],[-79.0323,51.7418,0.0],[-79.0317,51.7427,1.2068]]],
[[[-79.2134,51.7729,1.972],[-79.2248,51.7745,2.4198],[-79.2367,51.7721,0.5991],[-79.2422,51.7726,1.1099],[-79.2477,51.769,1.5068],[-79.2458,51.7666,4.4103],[-79.2505,51.7646,6.8846],[-79.2487,51.767,4.4103],[-79.2512,51.7695,0.2288],[-79.2713,51.7641,0.6531],[-79.2768,51.7599,1.5344],[-79.2712,51.7588,7.5207],[-79.2755,51.7582,7.3794],[-79.2783,51.7588,0.0],[-79.2925,51.7515,2.263],[-79.2878,51.7503,7.3857],[-79.2931,51.7498,2.1744],[-79.2908,51.7454,0.8513],[-79.294,51.7454,0.8513],[-79.2745,51.7409,0.6715],[-79.2687,51.7462,4.8157],[-79.2486,51.7486,0.0],[-79.2337,51.7535,0.0],[-79.2264,51.7599,3.9082],[-79.2107,51.7687,0.7205],[-79.1861,51.7667,0.3729],[-79.2024,51.7716,4.2637],[-79.2134,51.7729,1.972]]],
[[[-79.0561,51.7836,0.0],[-79.0511,51.7845,0.0],[-79.0517,51.7869,6.5488],[-79.0494,51.7889,0.0],[-79.0553,51.7875,2.5591],[-79.0539,51.7861,6.0533],[-79.0561,51.7836,0.0]]],
[[[-79.0419,51.799,1.2402],[-79.0412,51.7969,0.0],[-79.035,51.7984,2.2552],[-79.038,51.801,0.0],[-79.0419,51.799,1.2402]]],
[[[-79.0491,51.7997,2.3952],[-79.0485,51.7972,0.0],[-79.045,51.8001,2.3731],[-79.047,51.8012,2.064],[-79.0491,51.7997,2.3952]]],
[[[-79.1106,51.7569,10.7581],[-79.1119,51.755,2.8608],[-79.1106,51.7536,0.0],[-79.1066,51.7555,4.9704],[-79.1028,51.7612,9.8494],[-79.1052,51.7621,0.0],[-79.1107,51.7601,10.7078],[-79.1106,51.7569,10.7581]]],
[[[-79.0428,51.7227,10.7305],[-79.0444,51.721,1.1191],[-79.0428,51.7196,0.0],[-79.0386,51.7241,0.0],[-79.0405,51.7249,3.247],[-79.0428,51.7227,10.7305]]],
[[[-79.1223,51.7229,0.0],[-79.1223,51.7245,0.0],[-79.1273,51.725,12.9473],[-79.1301,51.7231,5.9596],[-79.1265,51.7198,0.0],[-79.1223,51.7229,0.0]]],
[[[-79.1433,51.8111,0.0],[-79.1466,51.8119,0.0],[-79.1472,51.8095,0.0],[-79.1455,51.8108,0.0],[-79.1433,51.8111,0.0]]],
[[[-79.0992,51.8144,4.0621],[-79.0992,51.8208,1.9711],[-79.1005,51.8231,0.6516],[-79.1032,51.8237,2.4004],[-79.1051,51.8234,1.8255],[-79.1033,51.8211,2.6565],[-79.1106,51.8169,5.439],[-79.1161,51.8183,2.646],[-79.1216,51.8167,5.2405],[-79.1267,51.8186,2.1707],[-79.1228,51.8214,0.351],[-79.1344,51.8197,1.5128],[-79.1339,51.8183,1.5922],[-79.1283,51.8181,2.1596],[-79.1217,51.8142,3.8334],[-79.1206,51.8119,3.7683],[-79.1228,51.8075,1.2536],[-79.1168,51.8061,1.2777],[-79.102,51.8091,2.9143],[-79.0969,51.8075,0.9432],[-79.0992,51.8144,4.0621]]],
[[[-79.1071,51.8225,1.8255],[-79.1157,51.8232,0.4426],[-79.1167,51.8213,0.8872],[-79.1093,51.8212,1.9233],[-79.1071,51.8225,1.8255]]],
[[[-78.9674,51.8843,2.1835],[-78.9692,51.8821,2.1847],[-78.965,51.8809,0.9733],[-78.9625,51.8822,1.8395],[-78.966,51.8843,2.1835],[-78.9674,51.8843,2.1835]]],
[[[-78.9382,51.8873,1.6058],[-78.9339,51.8861,0.5316],[-78.9264,51.8896,0.4451],[-78.9351,51.8913,1.3947],[-78.9382,51.8893,0.0622],[-78.9372,51.8883,6.5427],[-78.9382,51.8873,1.6058]]],
[[[-78.9405,51.8831,0.665],[-78.9389,51.885,1.6861],[-78.9439,51.8864,1.378],[-78.9444,51.8845,1.831],[-78.9405,51.8831,0.665]]],
[[[-79.7228,51.9348,0.0],[-79.7187,51.9335,0.0],[-79.7175,51.9339,0.0],[-79.7207,51.937,0.858],[-79.7228,51.9348,0.0]]],
[[[-78.8603,51.9446,0.4638],[-78.8633,51.9425,0.7372],[-78.8559,51.9428,0.8602],[-78.8528,51.9455,0.2068],[-78.8545,51.9464,0.4184],[-78.8603,51.9446,0.4638]]],
[[[-79.6638,51.9469,0.0],[-79.6609,51.9492,0.0],[-79.6635,51.949,0.0],[-79.6653,51.9466,0.0],[-79.6638,51.9469,0.0]]],
[[[-79.6471,51.9418,0.0],[-79.6437,51.9407,1.3733],[-79.6428,51.9415,1.3733],[-79.6444,51.9422,0.7055],[-79.6471,51.9418,0.0]]],
[[[-78.8696,51.9429,2.4105],[-78.8694,51.9451,2.0022],[-78.8663,51.9469,0.7552],[-78.8719,51.9529,0.8088],[-78.8817,51.9472,0.826],[-78.8789,51.9453,5.4924],[-78.8808,51.9413,2.0209],[-78.8837,51.9399,0.0808],[-78.8791,51.9371,2.326],[-78.8704,51.9398,4.8324],[-78.8696,51.9429,2.4105]]],
[[[-79.2783,51.9609,2.263],[-79.2846,51.9647,5.1012],[-79.2914,51.9641,1.1495],[-79.3011,51.96,0.3057],[-79.3022,51.9579,4.1446],[-79.3137,51.9509,3.2495],[-79.3228,51.9483,0.9361],[-79.3214,51.9469,3.5079],[-79.3247,51.9423,0.5377],[-79.3194,51.9377,2.6291],[-79.3222,51.9321,6.3385],[-79.2989,51.931399999999996,3.2847],[-79.2585,51.9419,0.0],[-79.2487,51.9421,3.7645],[-79.2434,51.9405,0.7688],[-79.234,51.9496,0.0],[-79.2327,51.9554,0.0],[-79.2353,51.9639,0.0],[-79.2456,51.9569,2.1081],[-79.2533,51.9542,1.4311],[-79.2572,51.9542,1.8623],[-79.2578,51.9575,1.4581],[-79.2606,51.96,0.8889],[-79.27,51.9587,2.7638],[-79.2783,51.9609,2.263]]],
[[[-79.2255,51.9573,0.2686],[-79.2239,51.9586,0.0],[-79.2267,51.9597,1.1603],[-79.2322,51.9581,0.8848],[-79.2317,51.9491,0.0],[-79.2281,51.9458,0.2885],[-79.2262,51.9472,0.3812],[-79.2294,51.9531,0.4481],[-79.2267,51.9553,0.0],[-79.2277,51.9564,0.299],[-79.2255,51.9573,0.2686]]],
[[[-78.9622,51.9092,3.1505],[-78.9634,51.9079,0.2326],[-78.9622,51.9067,0.5837],[-78.9549,51.9075,0.2326],[-78.9606,51.9125,0.6239],[-78.9639,51.9108,0.3772],[-78.9622,51.9092,3.1505]]],
[[[-78.9934,51.9135,0.0699],[-78.9961,51.9155,0.1493],[-79.0077,51.9147,6.1301],[-79.0194,51.9089,1.445],[-79.0194,51.9073,5.1437],[-79.0172,51.905,0.2765],[-79.0094,51.9062,4.2863],[-78.9934,51.9135,0.0699]]],
[[[-78.8489,51.9663,4.0752],[-78.8474,51.968,0.9746],[-78.8511,51.9686,3.2073],[-78.8578,51.9639,1.2403],[-78.8544,51.9631,1.9687],[-78.8489,51.9663,4.0752]]],
[[[-79.335,52.0903,4.2101],[-79.3394,52.0922,2.6468],[-79.3389,52.0953,2.8081],[-79.3417,52.0975,2.3444],[-79.3461,52.0948,4.2399],[-79.3519,52.0962,1.4714],[-79.3623,52.0951,2.1702],[-79.3972,52.079,0.0],[-79.4022,52.0753,7.3372],[-79.4096,52.0739,0.4205],[-79.4147,52.0708,0.7153],[-79.4152,52.0673,6.0225],[-79.4192,52.0653,5.6579],[-79.4271,52.0641,0.5187],[-79.4291,52.0658,0.0],[-79.4325,52.0657,0.0],[-79.4441,52.0596,0.6213],[-79.4673,52.0583,1.0545],[-79.4707,52.0541,0.7074],[-79.4727,52.0567,0.9958],[-79.4735,52.0532,0.7448],[-79.4782,52.0525,1.2783],[-79.4784,52.0549,0.3414],[-79.4824,52.0556,0.0],[-79.481,52.0528,1.2783],[-79.4876,52.0492,0.3095],[-79.4901,52.0499,0.3095],[-79.4939,52.0451,1.8909],[-79.5001,52.0433,0.0],[-79.5038,52.0401,3.1125],[-79.5034,52.0384,4.5959],[-79.5084,52.0371,0.0],[-79.5155,52.0303,7.6087],[-79.5233,52.0259,0.0],[-79.5211,52.0247,2.5748],[-79.5322,52.0195,3.0533],[-79.5344,52.0158,3.3279],[-79.5378,52.0167,3.5615],[-79.5428,52.0137,6.8976],[-79.5444,52.0094,7.4861],[-79.5494,52.0083,6.2992],[-79.5594,52.0103,4.0897],[-79.5706,52.0058,2.7032],[-79.5703,52.0047,4.2528],[-79.5761,52.0066,2.9844],[-79.5756,52.005,5.9004],[-79.5789,52.0031,5.7359],[-79.5833,52.0045,1.3624],[-79.5944,52.0009,1.132],[-79.5983,52.0014,1.3403],[-79.6017,52.0,1.6602],[-79.6013,51.9978,1.9857],[-79.605,51.9971,1.9964],[-79.6071,51.9972,1.9964],[-79.6124,52.0022,0.0],[-79.6145,51.9993,2.1143],[-79.6162,51.9994,1.4825],[-79.6199,52.001,1.4475],[-79.6221,52.0043,1.1429],[-79.6295,52.0062,0.8789],[-79.6319,52.0089,0.5049],[-79.6344,52.0083,1.0895],[-79.6444,51.9978,2.7864],[-79.6444,51.9917,4.6661],[-79.6483,51.9886,1.1737],[-79.6461,51.9856,2.855],[-79.6478,51.9847,3.8926],[-79.6467,51.9825,4.7935],[-79.6516,51.9811,0.8821],[-79.6517,51.9778,1.8926],[-79.6444,51.9725,6.1968],[-79.6461,51.97,1.1564],[-79.645,51.9667,5.9657],[-79.6494,51.9647,3.6863],[-79.6466,51.9619,3.0387],[-79.6483,51.955,1.0546],[-79.6439,51.955,7.4041],[-79.6439,51.9519,5.3047],[-79.6411,51.9495,2.6057],[-79.6405,51.9453,1.6022],[-79.6389,51.9442,2.4668],[-79.64,51.9422,1.1439],[-79.6372,51.9403,3.3413],[-79.64,51.9353,1.2383],[-79.6294,51.9247,3.6303],[-79.63,51.9217,3.544],[-79.6278,51.9197,1.1464],[-79.6289,51.9123,2.3572],[-79.6233,51.9061,6.3224],[-79.6144,51.9033,0.0],[-79.6017,51.9067,0.0],[-79.5933,51.9139,5.9313],[-79.5867,51.9173,0.775],[-79.5844,51.9214,3.1359],[-79.5778,51.9244,1.8208],[-79.5717,51.9242,3.2229],[-79.5672,51.9267,1.8216],[-79.56,51.9231,0.6931],[-79.5483,51.9228,1.4161],[-79.5328,51.9281,2.3329],[-79.53,51.9269,0.1596],[-79.52,51.9281,1.0851],[-79.5133,51.9269,0.0],[-79.4961,51.9322,4.2278],[-79.4916,51.9303,0.0],[-79.4811,51.9309,2.1938],[-79.4661,51.9356,4.8628],[-79.4583,51.931399999999996,0.6204],[-79.4539,51.9325,2.3971],[-79.445,51.9294,2.2804],[-79.44,51.931399999999996,3.1221],[-79.415,51.9269,0.9245],[-79.4046,51.9303,1.686],[-79.3872,51.9289,17.6338],[-79.3783,51.9259,1.5927],[-79.3572,51.9347,0.0],[-79.3494,51.9464,2.3859],[-79.3428,51.9514,0.0],[-79.3344,51.9539,1.4706],[-79.3323,51.9564,0.0],[-79.3211,51.9609,3.1706],[-79.32,51.9678,0.3822],[-79.3172,51.9714,0.7159],[-79.3183,51.9831,0.3779],[-79.3228,51.9981,0.6071],[-79.3278,52.0056,1.234],[-79.3267,52.0081,1.175],[-79.3278,52.0114,0.4353],[-79.335,52.0164,1.9164],[-79.3322,52.0186,1.5331],[-79.3444,52.0239,0.9956],[-79.3611,52.0256,1.0805],[-79.3683,52.0294,5.1384],[-79.3633,52.0317,0.3101],[-79.3478,52.0303,0.0],[-79.3444,52.0283,0.8354],[-79.34,52.0283,1.8634],[-79.3317,52.0231,1.319],[-79.3256,52.0219,0.7953],[-79.2917,52.0389,2.3534],[-79.2817,52.0464,1.3539],[-79.2439,52.0597,0.5801],[-79.2511,52.0622,2.339],[-79.26,52.0697,2.4659],[-79.2794,52.0778,2.5236],[-79.3256,52.0861,4.7564],[-79.335,52.0903,4.2101]]],
[[[-80.2477,52.4119,2.5618],[-80.2443,52.4097,0.4283],[-80.2477,52.4214,0.7577],[-80.2576,52.4181,0.7022],[-80.2577,52.4164,0.2458],[-80.2477,52.4119,2.5618]]],
[[[-79.0438,52.3092,0.8001],[-79.0538,52.3106,0.0],[-79.061,52.3083,1.2991],[-79.0559,52.3055,0.459],[-79.0568,52.3047,0.0],[-79.0551,52.3031,0.6065],[-79.0564,52.298,0.0429],[-79.0498,52.3016,1.5045],[-79.0491,52.3009,1.5045],[-79.0526,52.2986,0.0],[-79.0434,52.2991,0.6419],[-79.0304,52.3036,0.0],[-79.0147,52.3037,0.0],[-79.0412,52.3065,3.8995],[-79.0425,52.3093,0.5061],[-79.0438,52.3092,0.8001]]],
[[[-79.1312,52.313,0.0],[-79.1276,52.3149,0.7548],[-79.1342,52.3158,1.7312],[-79.1418,52.3196,0.2303],[-79.1455,52.3168,1.7974],[-79.1465,52.3137,0.602],[-79.1465,52.3123,0.602],[-79.1428,52.313,0.9946],[-79.1388,52.3111,0.2887],[-79.1324,52.3112,0.0],[-79.1312,52.313,0.0]]],
[[[-79.2188,52.3379,1.0028],[-79.21,52.3392,0.8021],[-79.2167,52.3392,0.7711],[-79.2244,52.3364,0.8],[-79.2211,52.3364,0.3833],[-79.2188,52.3379,1.0028]]],
[[[-78.6071,52.3401,2.0123],[-78.6104,52.3388,1.3135],[-78.6102,52.3384,0.5363],[-78.606,52.3391,2.0123],[-78.6071,52.3401,2.0123]]],
[[[-78.6149,52.343,0.2023],[-78.6145,52.3421,0.2023],[-78.6107,52.3427,0.0],[-78.6113,52.3431,0.6073],[-78.6149,52.343,0.2023]]],
[[[-78.5706,52.3463,0.5854],[-78.578,52.3441,0.5939],[-78.5784,52.3434,0.2717],[-78.5726,52.3448,0.3891],[-78.5706,52.3463,0.5854]]],
[[[-79.16,52.3703,0.0],[-79.1583,52.3725,3.9282],[-79.1516,52.3747,0.2115],[-79.1556,52.3753,3.059],[-79.1706,52.3726,0.609],[-79.1653,52.3725,0.5519],[-79.1628,52.3703,0.0],[-79.16,52.3703,0.0]]],
[[[-79.1515,52.3761,0.3813],[-79.1484,52.3752,0.0],[-79.1466,52.3783,0.8021],[-79.1494,52.3785,0.949],[-79.1493,52.3765,2.053],[-79.1515,52.3761,0.3813]]],
[[[-79.1472,52.3822,1.2868],[-79.1483,52.3797,0.3134],[-79.1461,52.3794,0.3046],[-79.145,52.3839,1.3655],[-79.14,52.3875,0.4677],[-79.1477,52.3839,0.9142],[-79.1472,52.3822,1.2868]]],
[[[-78.9011,52.3877,1.4299],[-78.9042,52.3858,1.7251],[-78.9019,52.3855,5.2022],[-78.8998,52.387,0.4009],[-78.9011,52.3877,1.4299]]],
[[[-78.5505,52.3989,1.087],[-78.5589,52.4009,5.9512],[-78.5794,52.3973,1.4844],[-78.5817,52.3953,0.3693],[-78.58,52.3936,-0.4894],[-78.5711,52.3967,1.6823],[-78.5688,52.3951,0.0527],[-78.5566,52.3959,4.9527],[-78.5505,52.3989,1.087]]],
[[[-78.7894,52.3978,0.9426],[-78.7928,52.3981,4.1603],[-78.7933,52.3969,1.8803],[-78.7906,52.3958,1.8803],[-78.7894,52.3978,0.9426]]],
[[[-78.629,52.3987,0.0],[-78.6283,52.3995,2.3654],[-78.6307,52.4,2.3654],[-78.6333,52.3983,0.0],[-78.6327,52.3981,0.0],[-78.629,52.3987,0.0]]],
[[[-78.8517,52.4278,1.4333],[-78.8541,52.4274,0.9031],[-78.855,52.4258,3.4033],[-78.8506,52.4264,2.3091],[-78.8517,52.4278,1.4333]]],
[[[-78.8475,52.4282,10.323],[-78.8489,52.4269,1.0959],[-78.8478,52.4255,1.0959],[-78.8435,52.4261,2.8597],[-78.8431,52.428,0.4581],[-78.8475,52.4282,10.323]]],
[[[-78.8111,52.4194,2.5225],[-78.8111,52.4211,0.0],[-78.8155,52.4189,0.0],[-78.8139,52.4184,0.0],[-78.8111,52.4194,2.5225]]],
[[[-78.5483,52.4377,0.4247],[-78.5417,52.4369,1.1921],[-78.5378,52.4392,0.9884],[-78.5406,52.4406,0.7907],[-78.5483,52.4377,0.4247]]],
[[[-78.5794,52.4195,1.9422],[-78.5694,52.4222,3.9931],[-78.5639,52.4273,1.1764],[-78.565,52.4286,1.1764],[-78.5622,52.4325,1.3435],[-78.5711,52.4425,1.0022],[-78.5761,52.4389,0.1872],[-78.5734,52.4341,10.0055],[-78.575,52.4325,2.5944],[-78.5739,52.4297,3.2418],[-78.5789,52.4214,3.8187],[-78.5822,52.4197,0.0],[-78.5794,52.4195,1.9422]]],
[[[-78.6044,52.4517,0.6772],[-78.6017,52.4495,1.8423],[-78.6,52.4501,0.0],[-78.6,52.4528,0.7349],[-78.6017,52.4539,0.6768],[-78.6044,52.4517,0.6772]]],
[[[-78.6078,52.4503,0.0],[-78.6044,52.4536,0.8347],[-78.6067,52.4539,0.1484],[-78.6089,52.4511,0.5788],[-78.6078,52.4503,0.0]]],
[[[-78.7194,52.4161,3.4503],[-78.7217,52.4158,0.173],[-78.7172,52.4139,5.8102],[-78.7144,52.4153,1.4315],[-78.7167,52.4167,5.7153],[-78.7194,52.4161,3.4503]]],
[[[-78.6706,52.4233,2.0364],[-78.6694,52.4219,0.0],[-78.6639,52.4245,0.8142],[-78.6669,52.4244,3.2978],[-78.6706,52.4233,2.0364]]],
[[[-78.6977,52.4189,3.1432],[-78.7,52.4203,3.1432],[-78.7033,52.4183,2.7934],[-78.7005,52.4175,1.3686],[-78.6977,52.4189,3.1432]]],
[[[-78.8106,52.4308,11.3951],[-78.8033,52.4322,9.2941],[-78.8022,52.4333,0.0],[-78.8039,52.4353,8.514],[-78.8028,52.4381,2.1822],[-78.8078,52.4372,1.7413],[-78.8078,52.4347,7.8491],[-78.81,52.4328,7.0076],[-78.815,52.4364,3.0562],[-78.8305,52.4344,3.8388],[-78.8361,52.4306,0.0],[-78.8306,52.4272,16.4172],[-78.8356,52.4269,1.5163],[-78.835,52.4258,8.422],[-78.8383,52.4231,0.0],[-78.8311,52.4197,3.531],[-78.8355,52.4189,0.5839],[-78.8294,52.4169,0.0],[-78.8189,52.4183,0.0],[-78.8189,52.4214,7.6891],[-78.8089,52.4267,1.9072],[-78.8106,52.4308,11.3951]]],
[[[-78.8172,52.4106,2.6596],[-78.8189,52.4103,0.9152],[-78.8194,52.4094,0.9152],[-78.8156,52.4097,5.0279],[-78.8172,52.4106,2.6596]]],
[[[-78.7944,52.4055,0.0],[-78.7963,52.4037,0.0033],[-78.7929,52.4032,0.0],[-78.793,52.405,0.0],[-78.7944,52.4055,0.0]]],
[[[-78.7823,52.4053,0.0],[-78.7789,52.4067,1.1055],[-78.7837,52.4089,0.6989],[-78.7867,52.4061,3.9599],[-78.785,52.405,0.0],[-78.7823,52.4053,0.0]]],
[[[-78.7017,52.4443,5.7971],[-78.7016,52.4464,4.7042],[-78.7039,52.4478,5.9952],[-78.6966,52.4508,1.0389],[-78.7,52.4517,4.6891],[-78.7135,52.4461,6.8533],[-78.7178,52.4483,2.492],[-78.7272,52.445,8.6112],[-78.7289,52.4425,4.7589],[-78.7294,52.4448,2.455],[-78.7333,52.4467,17.6057],[-78.7361,52.4465,17.6057],[-78.7478,52.4511,7.0561],[-78.7702,52.4499,23.7489],[-78.7789,52.4477,3.6156],[-78.7839,52.4431,0.6963],[-78.7822,52.4414,9.0685],[-78.7917,52.4403,12.5606],[-78.7983,52.4367,0.5145],[-78.7961,52.4328,10.2767],[-78.8044,52.4244,2.4743],[-78.8044,52.4225,1.3131],[-78.7994,52.4192,2.4207],[-78.7961,52.4217,3.5394],[-78.7939,52.4206,5.3866],[-78.8042,52.412,1.5951],[-78.8022,52.4109,3.3901],[-78.8,52.4119,0.0],[-78.7928,52.4195,3.1188],[-78.7912,52.4173,1.2306],[-78.7949,52.4126,2.456],[-78.7933,52.4106,8.9839],[-78.7972,52.4069,0.0],[-78.7795,52.415,2.6399],[-78.7783,52.4142,2.6399],[-78.78,52.4122,1.0135],[-78.7761,52.4103,2.36],[-78.7772,52.4095,2.36],[-78.7761,52.4089,2.36],[-78.7656,52.4137,1.6964],[-78.7572,52.4133,3.7473],[-78.76,52.4111,2.9533],[-78.7578,52.4086,9.3515],[-78.7644,52.4055,0.1397],[-78.7628,52.4033,0.1898],[-78.7539,52.4044,2.1863],[-78.7502,52.4067,1.6357],[-78.7416,52.4062,0.5409],[-78.7244,52.4123,4.3991],[-78.7223,52.4145,0.544],[-78.7294,52.4167,3.9369],[-78.7339,52.4164,5.0308],[-78.7405,52.4195,1.947],[-78.7511,52.4201,4.6208],[-78.7628,52.4164,9.3638],[-78.7639,52.4172,21.1022],[-78.7589,52.4205,0.5972],[-78.7594,52.4227,4.0675],[-78.7578,52.4242,6.6122],[-78.7516,52.4211,2.2952],[-78.7367,52.4247,0.8861],[-78.7272,52.4316,0.0],[-78.7255,52.4345,0.0],[-78.7267,52.4369,14.9641],[-78.725,52.4381,0.7871],[-78.7178,52.4386,0.0],[-78.71,52.4428,8.7103],[-78.705,52.4425,3.2923],[-78.7017,52.4443,5.7971]]],
[[[-78.6072,52.4669,0.3206],[-78.6056,52.4678,6.1202],[-78.6104,52.4695,2.076],[-78.6189,52.465,0.1788],[-78.6172,52.4642,0.1788],[-78.6072,52.4669,0.3206]]],
[[[-78.5628,52.4753,4.0695],[-78.5661,52.4728,0.0542],[-78.5604,52.4731,0.0652],[-78.5573,52.4759,1.1427],[-78.5589,52.4766,2.9882],[-78.5628,52.4753,4.0695]]],
[[[-78.5556,52.4836,6.6503],[-78.5628,52.4864,2.5734],[-78.5628,52.4886,1.8262],[-78.565,52.4906,0.1228],[-78.5688,52.4884,1.9023],[-78.5678,52.4872,1.9023],[-78.5711,52.4864,0.0942],[-78.5678,52.4842,2.3507],[-78.5694,52.4833,0.5786],[-78.5666,52.4811,3.4332],[-78.5678,52.4792,0.0],[-78.5661,52.4786,0.1655],[-78.56,52.48,0.9332],[-78.5544,52.4831,2.2998],[-78.5556,52.4836,6.6503]]],
[[[-78.5906,52.4867,4.623],[-78.5928,52.4869,1.7456],[-78.5955,52.4845,2.1152],[-78.5944,52.4839,2.1152],[-78.5906,52.4867,4.623]]],
[[[-78.7418,52.5001,2.4135],[-78.7431,52.5005,0.4701],[-78.7451,52.4986,0.1734],[-78.739,52.4984,0.7813],[-78.7418,52.5001,2.4135]]],
[[[-78.6472,52.5094,1.6192],[-78.65,52.5069,0.2025],[-78.6471,52.5072,1.8517],[-78.645,52.5097,0.0],[-78.6472,52.5094,1.6192]]],
[[[-78.6063,52.5176,2.4193],[-78.6078,52.5179,2.4193],[-78.6098,52.5163,2.2909],[-78.6089,52.5159,2.2909],[-78.6063,52.5176,2.4193]]],
[[[-79.0028,52.5227,0.8882],[-79.0111,52.5226,0.0],[-79.0041,52.521,0.0],[-79.001,52.5219,0.0],[-79.0028,52.5227,0.8882]]],
[[[-78.675,52.5175,0.0],[-78.6763,52.5157,2.1591],[-78.6739,52.5151,0.8296],[-78.6694,52.5173,2.8376],[-78.6706,52.5187,2.8376],[-78.675,52.5175,0.0]]],
[[[-78.6388,52.5217,4.6258],[-78.6522,52.5233,5.0828],[-78.665,52.5206,3.2998],[-78.6572,52.5175,5.0449],[-78.6622,52.5147,1.1925],[-78.6578,52.5137,-0.452],[-78.6533,52.5159,-0.4038],[-78.6539,52.5172,3.6467],[-78.6522,52.5181,3.6467],[-78.645,52.5169,0.8223],[-78.6356,52.5203,1.7026],[-78.6388,52.5217,4.6258]]],
[[[-78.6072,52.5005,0.7305],[-78.6091,52.4971,0.5],[-78.6081,52.4949,0.0],[-78.6064,52.4952,0.0],[-78.6033,52.5,3.4164],[-78.6072,52.5005,0.7305]]],
[[[-79.5833,52.5781,2.3013],[-79.5797,52.5825,0.0],[-79.6089,52.5805,0.0],[-79.612799999999993,52.5772,1.3982],[-79.6256,52.5794,0.0],[-79.6228,52.5783,2.8656],[-79.6228,52.5767,1.3607],[-79.6206,52.5772,2.7117],[-79.6228,52.5758,1.3607],[-79.6217,52.5731,0.0],[-79.6178,52.5742,0.4338],[-79.6161,52.5731,0.6556],[-79.6167,52.5717,0.0],[-79.6144,52.5706,2.9514],[-79.615,52.5647,0.0],[-79.6111,52.5655,3.6521],[-79.6055,52.56,1.6346],[-79.6044,52.5584,6.4692],[-79.6061,52.5569,2.1576],[-79.6055,52.5545,2.794],[-79.6122,52.5495,2.5599],[-79.6133,52.5459,2.2691],[-79.6261,52.5375,3.2284],[-79.6361,52.5381,2.1099],[-79.6394,52.5361,5.4257],[-79.6495,52.5364,1.569],[-79.6494,52.5344,1.645],[-79.6472,52.5331,5.6643],[-79.6477,52.5309,4.0433],[-79.6456,52.5286,0.0],[-79.6411,52.5275,0.0],[-79.6383,52.5325,1.6485],[-79.6316,52.5347,0.0],[-79.5844,52.5345,0.0],[-79.5772,52.5392,0.7627],[-79.5695,52.5414,0.0],[-79.5528,52.5453,0.0],[-79.5444,52.5447,0.0],[-79.545,52.5472,0.0],[-79.5483,52.5481,1.5636],[-79.5578,52.5453,1.8171],[-79.5706,52.5455,1.3667],[-79.5739,52.5467,1.3667],[-79.5744,52.5483,0.3055],[-79.5789,52.5489,1.1201],[-79.5805,52.5517,1.9892],[-79.5872,52.5525,0.3565],[-79.5889,52.5558,2.3782],[-79.5844,52.5605,0.6546],[-79.5889,52.5594,3.2471],[-79.595,52.5633,0.246],[-79.5911,52.5664,0.3069],[-79.5922,52.5689,0.7654],[-79.59,52.5736,0.0],[-79.5833,52.5781,2.3013]]],
[[[-78.7639,52.5694,2.6018],[-78.7655,52.5658,0.3753],[-78.76,52.5681,0.0],[-78.7597,52.5709,0.9007],[-78.7605,52.5713,0.9007],[-78.7639,52.5694,2.6018]]],
[[[-78.7433,52.5817,0.8551],[-78.7372,52.5845,0.0],[-78.7422,52.5839,0.6617],[-78.7439,52.5828,1.3706],[-78.7433,52.5817,0.8551]]],
[[[-78.7594,52.5878,0.6506],[-78.7578,52.5867,0.0],[-78.7539,52.5878,0.6795],[-78.7567,52.5883,5.1977],[-78.7594,52.5878,0.6506]]],
[[[-79.1904,52.5775,0.3332],[-79.1958,52.58,0.8945],[-79.1984,52.5781,1.2341],[-79.2015,52.5784,1.2341],[-79.2022,52.58,0.3201],[-79.206,52.5775,0.2252],[-79.2045,52.575,0.3917],[-79.198,52.5723,1.7061],[-79.1939,52.5748,1.1587],[-79.1881,52.5755,0.9381],[-79.1911,52.5761,0.9381],[-79.1904,52.5775,0.3332]]],
[[[-79.1492,52.5784,0.0],[-79.1669,52.5789,0.0],[-79.1706,52.5775,0.7831],[-79.1689,52.5769,0.5072],[-79.1713,52.5766,0.0],[-79.1678,52.5753,2.3488],[-79.1678,52.5739,2.3488],[-79.1717,52.5733,0.0],[-79.1683,52.5698,3.5699],[-79.17,52.5675,0.8223],[-79.1644,52.5658,2.8705],[-79.1583,52.5672,5.378],[-79.1567,52.5656,3.0578],[-79.1456,52.5636,0.0],[-79.1389,52.5683,4.0962],[-79.1332,52.5778,0.0],[-79.1455,52.5779,0.7094],[-79.1456,52.5763,2.0924],[-79.1489,52.5769,2.2574],[-79.1492,52.5784,0.0]]],
[[[-79.097,52.5745,0.6366],[-79.0943,52.5767,0.0],[-79.1063,52.5771,0.0],[-79.1181,52.574,0.0],[-79.1155,52.5716,0.0],[-79.1089,52.5717,0.0],[-79.097,52.5745,0.6366]]],
[[[-78.7455,52.5854,11.9434],[-78.75,52.5856,2.5298],[-78.7483,52.5869,0.0],[-78.75,52.5878,1.6238],[-78.7589,52.5836,6.8376],[-78.7661,52.5833,2.5157],[-78.7745,52.5761,1.274],[-78.7717,52.5742,1.1359],[-78.7578,52.5822,6.8376],[-78.7556,52.5794,0.9101],[-78.7494,52.5814,1.6312],[-78.745,52.5842,11.9434],[-78.7455,52.5854,11.9434]]],
[[[-79.1593,52.5602,2.1408],[-79.1584,52.5616,1.7175],[-79.1654,52.5627,0.0],[-79.1683,52.5612,0.7504],[-79.1668,52.5603,2.9424],[-79.1746,52.556399999999996,1.5649],[-79.1822,52.5561,1.3786],[-79.175,52.5547,0.6691],[-79.1678,52.5503,3.4848],[-79.1685,52.5477,3.7148],[-79.1726,52.5449,0.6624],[-79.1719,52.5433,1.9406],[-79.1741,52.5422,0.0],[-79.1729,52.5401,0.2224],[-79.1748,52.5382,0.1645],[-79.1761,52.5389,0.38],[-79.1757,52.5357,0.2969],[-79.1781,52.5356,0.2969],[-79.1746,52.53,1.2231],[-79.1791,52.5306,0.365],[-79.1791,52.5293,0.6751],[-79.1704,52.5287,2.0402],[-79.1711,52.5254,0.0],[-79.1656,52.523,1.8776],[-79.1654,52.5214,1.7322],[-79.1711,52.5169,0.6775],[-79.1696,52.5151,1.7958],[-79.1721,52.5146,0.9706],[-79.1684,52.5122,2.0777],[-79.159,52.5156,1.2044],[-79.1581,52.5198,0.0],[-79.1603,52.5203,0.4889],[-79.157,52.5212,0.0],[-79.1597,52.5218,0.9199],[-79.1609,52.5241,2.666],[-79.156,52.5289,0.0],[-79.1569,52.5311,3.3395],[-79.1552,52.5325,0.0],[-79.1565,52.5332,5.1501],[-79.1556,52.5358,0.8236],[-79.1483,52.5429,4.5535],[-79.1483,52.5454,12.2432],[-79.146,52.5453,1.1899],[-79.1454,52.5491,0.8165],[-79.1434,52.5491,0.0],[-79.1489,52.5524,2.8772],[-79.147,52.5538,0.0],[-79.1478,52.5547,0.0],[-79.1567,52.556,1.1475],[-79.1593,52.5602,2.1408]]],
[[[-78.7393,52.5389,3.9215],[-78.7411,52.5363,0.816],[-78.7372,52.5367,0.0],[-78.7317,52.54,1.3348],[-78.735,52.5417,4.3859],[-78.7393,52.5389,3.9215]]],
[[[-78.793,52.5436,0.4231],[-78.7965,52.5428,0.1456],[-78.7976,52.5413,0.4846],[-78.7928,52.5423,0.4231],[-78.793,52.5436,0.4231]]],
[[[-78.7774,52.5526,2.0082],[-78.787,52.5581,4.4784],[-78.7961,52.5544,1.7607],[-78.7921,52.5537,0.0],[-78.7878,52.5553,1.1827],[-78.7833,52.5542,5.3284],[-78.7867,52.5483,0.1569],[-78.7839,52.5469,2.4903],[-78.7842,52.5457,2.4903],[-78.7889,52.5442,0.308],[-78.7867,52.5428,0.9025],[-78.7817,52.5447,1.7371],[-78.7756,52.5506,7.869],[-78.7774,52.5526,2.0082]]],
[[[-78.7783,52.5578,0.4198],[-78.7794,52.556399999999996,0.8239],[-78.7783,52.5556,0.8239],[-78.775,52.5572,0.0],[-78.7761,52.5597,0.7422],[-78.7783,52.5578,0.4198]]],
[[[-78.7802,52.5614,0.1969],[-78.7722,52.5636,0.0],[-78.7739,52.5653,4.1141],[-78.7722,52.5664,0.1685],[-78.7777,52.5647,0.1269],[-78.7802,52.5614,0.1969]]],
[[[-78.6294,52.4583,4.5543],[-78.6356,52.4583,4.1692],[-78.64,52.4603,2.6897],[-78.6439,52.4569,3.3142],[-78.6417,52.455,2.7229],[-78.6372,52.455,0.222],[-78.6344,52.4567,1.4914],[-78.6294,52.455,0.0],[-78.6283,52.4559,4.1711],[-78.6294,52.4583,4.5543]]],
[[[-78.7883,52.4578,2.4086],[-78.7856,52.4586,0.0],[-78.7844,52.4594,0.0],[-78.7916,52.4581,0.9678],[-78.7883,52.4578,2.4086]]],
[[[-78.7022,52.4572,4.4771],[-78.6956,52.4617,9.3684],[-78.6994,52.4633,7.6444],[-78.7055,52.4622,4.5492],[-78.7127,52.4592,6.3286],[-78.7178,52.4547,3.8581],[-78.7106,52.4542,4.2323],[-78.7022,52.4572,4.4771]]],
[[[-78.7222,52.4595,3.0915],[-78.7194,52.4603,0.9126],[-78.7257,52.4616,7.2527],[-78.7278,52.4603,1.4621],[-78.7256,52.4592,3.4477],[-78.7222,52.4595,3.0915]]],
[[[-78.6028,52.4592,9.2229],[-78.5956,52.46,-0.0178],[-78.5911,52.4636,3.3281],[-78.5956,52.4653,9.494],[-78.6099,52.4592,2.3867],[-78.6083,52.4578,3.1125],[-78.6028,52.4592,9.2229]]],
[[[-78.6639,52.4631,5.0698],[-78.6656,52.4614,5.2225],[-78.6612,52.4609,7.2602],[-78.6589,52.4623,7.9027],[-78.6604,52.4643,4.5341],[-78.6639,52.4631,5.0698]]],
[[[-78.7806,52.5906,1.9467],[-78.7794,52.5917,0.2294],[-78.7839,52.5922,0.1584],[-78.7828,52.5911,1.9467],[-78.7806,52.5906,1.9467]]],
[[[-78.7689,52.5919,0.1851],[-78.7672,52.5903,0.0],[-78.7633,52.5903,0.0],[-78.7655,52.5925,1.4482],[-78.7689,52.5919,0.1851]]],
[[[-78.7856,52.5997,2.3514],[-78.7872,52.5983,0.7138],[-78.7828,52.5983,0.1712],[-78.7828,52.5989,0.2538],[-78.7856,52.5997,2.3514]]],
[[[-78.7406,52.6085,6.4243],[-78.7429,52.6111,5.1152],[-78.7472,52.6119,6.4282],[-78.7517,52.6047,1.5663],[-78.7463,52.6044,3.3034],[-78.7422,52.6061,2.154],[-78.7406,52.6085,6.4243]]],
[[[-78.7695,52.6068,0.8114],[-78.7634,52.6086,0.3038],[-78.7694,52.6096,3.362],[-78.771,52.6081,7.4363],[-78.7695,52.6068,0.8114]]],
[[[-78.7457,52.5962,1.3577],[-78.7464,52.595,2.5028],[-78.7439,52.5939,5.9371],[-78.7398,52.5981,2.6658],[-78.7424,52.5985,10.5093],[-78.7457,52.5962,1.3577]]],
[[[-78.7733,52.5997,0.0],[-78.776,52.5981,0.8522],[-78.7757,52.5967,0.1487],[-78.7724,52.5995,0.0],[-78.7733,52.5997,0.0]]],
[[[-78.7652,52.597,0.0],[-78.76,52.5986,0.0],[-78.7603,52.6006,0.276],[-78.7628,52.6011,2.2482],[-78.7689,52.5981,1.0639],[-78.7683,52.5967,0.2133],[-78.7652,52.597,0.0]]],
[[[-78.7294,52.6136,0.4541],[-78.7283,52.6153,0.7923],[-78.7306,52.6161,0.496],[-78.7339,52.6133,0.3356],[-78.7317,52.6128,0.9898],[-78.7294,52.6136,0.4541]]],
[[[-79.1346,52.6293,0.0],[-79.1357,52.6293,0.0],[-79.1341,52.6282,0.0],[-79.135,52.6252,1.2456],[-79.142,52.6295,0.0],[-79.1509,52.6253,0.3826],[-79.1536,52.6259,0.0],[-79.1532,52.6244,0.0],[-79.1481,52.6222,0.8925],[-79.1382,52.6203,0.0],[-79.1338,52.6218,0.0],[-79.1288,52.6204,0.0],[-79.1228,52.6238,0.0],[-79.1274,52.6235,0.6922],[-79.13,52.6261,0.0],[-79.132,52.6259,0.3908],[-79.1304,52.6274,0.0],[-79.1346,52.6293,0.0]]],
[[[-78.7811,52.6289,4.0026],[-78.7833,52.6319,1.3065],[-78.7894,52.6325,5.4315],[-78.7933,52.63,3.1455],[-78.785,52.6267,0.4305],[-78.7811,52.6289,4.0026]]],
[[[-78.8189,52.6423,0.0],[-78.8214,52.6409,0.2595],[-78.8189,52.6404,0.145],[-78.8146,52.6425,0.0],[-78.8156,52.6429,0.568],[-78.8189,52.6423,0.0]]],
[[[-78.8892,52.6308,2.3431],[-78.8861,52.6327,3.0057],[-78.886,52.6333,3.0057],[-78.8908,52.6332,0.0],[-78.8892,52.6308,2.3431]]],
[[[-78.7488,52.6137,0.8819],[-78.7478,52.6144,0.1374],[-78.7506,52.6156,0.0],[-78.7542,52.6131,0.9754],[-78.7514,52.6123,6.1304],[-78.7488,52.6137,0.8819]]],
[[[-78.7589,52.6156,4.3124],[-78.7572,52.6139,3.5017],[-78.7539,52.6161,1.6287],[-78.7556,52.6167,4.3124],[-78.7589,52.6156,4.3124]]],
[[[-78.8581,52.6523,0.1646],[-78.8608,52.651,0.0],[-78.861,52.6492,0.3209],[-78.8569,52.6518,0.0],[-78.8581,52.6523,0.1646]]],
[[[-79.1994,52.6625,2.1269],[-79.1972,52.6619,0.0],[-79.1939,52.6637,0.0],[-79.1978,52.6647,1.3383],[-79.1972,52.6633,0.9002],[-79.1994,52.6625,2.1269]]],
[[[-79.2011,52.6661,0.7618],[-79.2044,52.6653,0.5593],[-79.2061,52.6642,0.6478],[-79.1994,52.6656,0.7618],[-79.2011,52.6661,0.7618]]],
[[[-78.7826,52.655,0.0],[-78.786,52.6551,0.0],[-78.7865,52.6531,0.0],[-78.7835,52.6526,0.0],[-78.7826,52.655,0.0]]],
[[[-78.7967,52.66,1.127],[-78.7987,52.6593,0.4688],[-78.7999,52.6579,0.6125],[-78.796,52.6588,0.0],[-78.7967,52.66,1.127]]],
[[[-78.745,52.6656,4.5939],[-78.7372,52.6667,1.1548],[-78.735,52.6681,1.4472],[-78.7355,52.67,1.5393],[-78.7384,52.6711,2.356],[-78.7472,52.6667,4.5939],[-78.745,52.6656,4.5939]]],
[[[-78.8224,52.6754,0.9174],[-78.8247,52.6751,5.0516],[-78.8272,52.6739,0.2234],[-78.8239,52.6733,0.3686],[-78.8224,52.6754,0.9174]]],
[[[-78.734,52.6772,1.5432],[-78.7311,52.6759,4.5937],[-78.7255,52.6781,1.8231],[-78.7294,52.6808,1.8861],[-78.734,52.6772,1.5432]]],
[[[-78.7283,52.673,2.3986],[-78.7312,52.6737,4.1636],[-78.7333,52.6719,1.2774],[-78.7311,52.6714,1.9684],[-78.7283,52.673,2.3986]]],
[[[-78.8372,52.6989,3.2486],[-78.8411,52.6958,5.6517],[-78.8372,52.6942,0.9499],[-78.8333,52.6967,9.2592],[-78.835,52.7001,1.2073],[-78.8372,52.6989,3.2486]]],
[[[-78.785,52.72,1.2333],[-78.79,52.7231,2.8028],[-78.7956,52.7206,2.19],[-78.7947,52.7189,2.5823],[-78.79,52.7195,1.8192],[-78.7899,52.7175,0.9447],[-78.785,52.72,1.2333]]],
[[[-78.8632,52.7249,5.0903],[-78.8634,52.723,3.1843],[-78.8611,52.7225,3.1843],[-78.8613,52.725,5.0903],[-78.8632,52.7249,5.0903]]],
[[[-78.7528,52.668,1.8993],[-78.7478,52.6703,1.5993],[-78.7517,52.6715,4.4577],[-78.7616,52.6681,2.261],[-78.7633,52.6661,0.2062],[-78.7606,52.6636,6.425],[-78.7688,52.6589,0.1496],[-78.7689,52.6556,0.0],[-78.7644,52.6536,0.0],[-78.7594,52.6556,1.3731],[-78.7589,52.6581,0.6717],[-78.755,52.6608,5.0656],[-78.7572,52.6661,2.4679],[-78.7528,52.668,1.8993]]],
[[[-78.8396,52.6669,0.5874],[-78.8414,52.6681,0.9824],[-78.8431,52.6653,0.0],[-78.8408,52.6652,0.0],[-78.8396,52.6669,0.5874]]],
[[[-79.2006,52.6453,5.2667],[-79.2005,52.6414,0.7547],[-79.1961,52.6428,1.103],[-79.1972,52.6439,4.1587],[-79.1939,52.6456,1.0644],[-79.1976,52.6464,2.9706],[-79.2006,52.6453,5.2667]]],
[[[-78.8769,52.6412,3.8179],[-78.877,52.639,5.6052],[-78.8733,52.6389,9.3114],[-78.8666,52.6474,0.7678],[-78.8728,52.6489,0.249],[-78.8783,52.6478,7.141],[-78.8795,52.6445,5.439],[-78.8759,52.6423,9.2449],[-78.8769,52.6412,3.8179]]],
[[[-78.8594,52.6464,0.7977],[-78.8594,52.6453,0.0],[-78.8555,52.6453,0.0],[-78.8473,52.6486,0.0],[-78.8453,52.651,0.0209],[-78.8466,52.653,1.3844],[-78.8456,52.6541,0.9515],[-78.8505,52.6537,5.8942],[-78.8594,52.6464,0.7977]]],
[[[-78.8622,52.7274,2.329],[-78.8567,52.7283,0.5172],[-78.8562,52.7295,1.6876],[-78.8648,52.7291,0.6281],[-78.8622,52.7274,2.329]]],
[[[-78.7961,52.7361,1.4169],[-78.7983,52.7347,1.683],[-78.7988,52.7329,1.8503],[-78.7945,52.7353,1.1119],[-78.7961,52.7361,1.4169]]],
[[[-79.1633,52.743899999999996,3.3831],[-79.1467,52.7495,0.1025],[-79.1417,52.7594,0.7504],[-79.1778,52.7539,2.3344],[-79.1783,52.7514,4.3925],[-79.1767,52.7506,4.3925],[-79.1761,52.7472,2.6613],[-79.1733,52.7461,3.2992],[-79.1739,52.745,0.3161],[-79.17,52.7428,0.6168],[-79.1633,52.743899999999996,3.3831]]],
[[[-78.8678,52.7317,1.0894],[-78.8703,52.7315,0.1561],[-78.8699,52.7291,1.9415],[-78.8671,52.729,0.6453],[-78.8663,52.7305,1.0894],[-78.8678,52.7317,1.0894]]],
[[[-78.8816,52.7311,0.9135],[-78.8775,52.7322,0.0],[-78.8806,52.735,1.4459],[-78.8883,52.7317,1.2451],[-78.8849,52.7311,1.2451],[-78.8816,52.7311,0.9135]]],
[[[-78.9222,52.7679,1.6063],[-78.9233,52.7668,0.6394],[-78.9222,52.7662,0.6394],[-78.9178,52.7668,1.3341],[-78.9194,52.7676,0.892],[-78.9222,52.7679,1.6063]]],
[[[-78.8484,52.7633,3.3912],[-78.8506,52.7614,0.2757],[-78.8461,52.7619,0.7506],[-78.8461,52.7636,2.5421],[-78.8484,52.7633,3.3912]]],
[[[-78.8761,52.7625,3.3757],[-78.8794,52.7636,0.7667],[-78.8801,52.7615,0.281],[-78.8761,52.7614,1.1137],[-78.8761,52.7625,3.3757]]],
[[[-78.8824,52.7673,0.0],[-78.8835,52.767,0.0],[-78.8791,52.7661,0.0638],[-78.8808,52.7669,1.1576],[-78.8824,52.7673,0.0]]],
[[[-78.8606,52.7531,2.4472],[-78.8573,52.755,0.9278],[-78.8617,52.7561,2.9537],[-78.8683,52.7528,0.0],[-78.865,52.7517,0.0],[-78.8606,52.7531,2.4472]]],
[[[-78.9083,52.764,1.1739],[-78.9139,52.7645,0.7834],[-78.9156,52.7625,0.0],[-78.9083,52.7619,0.4909],[-78.9011,52.7572,0.3299],[-78.8958,52.7609,1.0682],[-78.8971,52.7624,0.0],[-78.9006,52.7616,2.2791],[-78.9083,52.764,1.1739]]],
[[[-78.8589,52.7665,3.9273],[-78.86,52.7686,0.816],[-78.8678,52.7661,2.2998],[-78.8744,52.7669,3.3315],[-78.8766,52.7647,0.4537],[-78.8744,52.7639,3.4318],[-78.8756,52.7625,3.3757],[-78.8739,52.7606,1.1137],[-78.8794,52.7589,0.1333],[-78.8735,52.7581,0.0902],[-78.8744,52.7572,0.0902],[-78.8722,52.7561,2.2395],[-78.8733,52.7547,0.0],[-78.8711,52.7542,0.3991],[-78.8517,52.7628,3.3027],[-78.8478,52.7673,1.7815],[-78.8589,52.7665,3.9273]]],
[[[-78.7513,52.7903,0.3465],[-78.7466,52.7925,2.341],[-78.7499,52.7937,8.7617],[-78.7533,52.7928,0.3916],[-78.7539,52.7909,0.2066],[-78.7513,52.7903,0.3465]]],
[[[-78.7868,52.8096,0.4146],[-78.7901,52.8096,0.3104],[-78.792,52.8069,0.0396],[-78.7856,52.8092,0.5104],[-78.7868,52.8096,0.4146]]],
[[[-78.8016,52.8095,1.1916],[-78.795,52.8122,-0.0001],[-78.7982,52.8128,0.2759],[-78.8089,52.8094,0.0],[-78.8061,52.8086,0.0],[-78.8016,52.8095,1.1916]]],
[[[-78.7822,52.8031,0.1572],[-78.7767,52.8017,0.0],[-78.7739,52.8039,2.0701],[-78.7799,52.8039,0.0],[-78.7822,52.8031,0.1572]]],
[[[-78.7483,52.8081,1.0304],[-78.7522,52.81,1.8542],[-78.7567,52.8089,1.9124],[-78.7655,52.8031,0.0],[-78.7544,52.8019,0.3002],[-78.7483,52.8081,1.0304]]],
[[[-78.7777,52.7733,7.7769],[-78.7772,52.7758,0.6712],[-78.7861,52.78,5.0694],[-78.7906,52.7797,1.0375],[-78.796,52.7767,5.3535],[-78.7944,52.7752,3.028],[-78.795,52.7728,4.0109],[-78.7928,52.7711,6.5355],[-78.7939,52.7687,8.8545],[-78.7922,52.7658,6.0604],[-78.7839,52.7647,0.9529],[-78.7805,52.767,4.1574],[-78.7794,52.7658,2.5317],[-78.7817,52.7642,1.2502],[-78.7761,52.7619,0.8085],[-78.7728,52.7645,1.1662],[-78.7755,52.7669,1.5997],[-78.7672,52.7694,1.3253],[-78.7727,52.7731,1.6423],[-78.7772,52.7719,10.9903],[-78.7777,52.7733,7.7769]]],
[[[-78.9183,52.7725,1.595],[-78.9218,52.7753,3.8005],[-78.9244,52.7747,1.0653],[-78.9189,52.7689,1.04],[-78.9083,52.7675,0.5948],[-78.9069,52.7688,1.311],[-78.9083,52.77,2.4071],[-78.9139,52.7695,1.3834],[-78.9183,52.7725,1.595]]],
[[[-78.8361,52.7728,1.6186],[-78.8244,52.7789,1.0377],[-78.8322,52.7795,0.5083],[-78.8405,52.7749,2.843],[-78.8361,52.7728,1.6186]]],
[[[-78.8622,52.7753,0.0],[-78.8589,52.7787,0.0],[-78.8622,52.7795,2.8975],[-78.865,52.7781,1.2308],[-78.8652,52.7762,0.9124],[-78.8622,52.7753,0.0]]],
[[[-78.8532,52.7739,1.6928],[-78.8544,52.7731,0.2241],[-78.8521,52.7725,0.6053],[-78.8444,52.7756,0.0],[-78.8482,52.7761,0.1648],[-78.8532,52.7739,1.6928]]],
[[[-78.8602,52.7268,0.0],[-78.8588,52.724,0.5596],[-78.8566,52.7258,0.4343],[-78.8575,52.7266,0.4343],[-78.8602,52.7268,0.0]]],
[[[-78.8506,52.7271,0.0],[-78.8529,52.7263,2.1386],[-78.8531,52.7261,2.1386],[-78.8482,52.7263,1.7415],[-78.8506,52.7271,0.0]]],
[[[-78.8832,52.7273,0.7015],[-78.886,52.7287,2.1123],[-78.8868,52.7282,2.1123],[-78.8822,52.7266,0.0],[-78.8832,52.7273,0.7015]]],
[[[-78.7719,52.8246,1.3752],[-78.7716,52.8231,0.3771],[-78.7672,52.8255,0.4231],[-78.7691,52.826,0.9563],[-78.7719,52.8246,1.3752]]],
[[[-79.2396,52.8328,2.246],[-79.2407,52.8343,2.2678],[-79.2443,52.8345,2.4258],[-79.2507,52.8316,5.1332],[-79.249,52.8297,6.3968],[-79.2499,52.8283,9.6125],[-79.2543,52.8276,1.5642],[-79.2555,52.8251,0.0],[-79.253,52.82,0.0],[-79.2495,52.818,1.1714],[-79.2416,52.8194,1.8782],[-79.2364,52.8176,0.0],[-79.2346,52.8184,0.0],[-79.2359,52.8191,1.212],[-79.2263,52.8237,0.0],[-79.2239,52.8266,0.0],[-79.2242,52.8289,2.1846],[-79.2213,52.8309,0.0],[-79.2276,52.8328,0.9993],[-79.2396,52.8328,2.246]]],
[[[-79.1766,52.8297,3.0267],[-79.1822,52.8294,3.2114],[-79.1833,52.8275,1.0731],[-79.1805,52.8261,0.0],[-79.175,52.8294,3.0267],[-79.1766,52.8297,3.0267]]],
[[[-79.1199,52.8249,0.8636],[-79.1178,52.8261,6.5231],[-79.1272,52.825,2.2035],[-79.1239,52.8242,2.6955],[-79.1199,52.8249,0.8636]]],
[[[-78.7522,52.8406,0.0767],[-78.7548,52.841,0.3182],[-78.7567,52.8389,0.1711],[-78.7544,52.8392,0.4672],[-78.7522,52.8406,0.0767]]],
[[[-78.7856,52.8483,8.9497],[-78.7878,52.8464,1.6138],[-78.785,52.8453,0.0],[-78.7822,52.8467,1.0101],[-78.7839,52.8489,-0.0502],[-78.7856,52.8483,8.9497]]],
[[[-78.8044,52.8519,1.0705],[-78.8033,52.8506,1.0705],[-78.8008,52.8519,1.9513],[-78.801,52.8528,2.6158],[-78.8044,52.8519,1.0705]]],
[[[-78.7944,52.8467,0.1077],[-78.7906,52.8478,4.8643],[-78.7967,52.8489,0.0],[-78.8006,52.8478,0.0],[-78.7989,52.8464,0.7383],[-78.7944,52.8467,0.1077]]],
[[[-78.7711,52.8343,0.263],[-78.7761,52.8309,0.0565],[-78.7733,52.8306,0.7309],[-78.7683,52.8336,0.3188],[-78.7711,52.8343,0.263]]],
[[[-79.0901,52.8323,3.7488],[-79.088,52.8325,0.2852],[-79.0863,52.8342,0.9205],[-79.0926,52.8325,0.5468],[-79.0901,52.8323,3.7488]]],
[[[-78.7233,52.8578,1.0159],[-78.7269,52.8564,2.4859],[-78.7239,52.8539,1.7668],[-78.7217,52.8547,1.7668],[-78.7233,52.8578,1.0159]]],
[[[-78.8294,52.8587,0.5102],[-78.8289,52.8597,1.4001999999999999],[-78.8333,52.8611,2.4391],[-78.8389,52.8592,0.819],[-78.8344,52.8564,1.3265],[-78.8294,52.8587,0.5102]]],
[[[-78.8939,52.8683,1.729],[-78.8967,52.8675,0.1614],[-78.8933,52.8655,0.7403],[-78.8911,52.8663,1.2498],[-78.8906,52.8675,0.0],[-78.8928,52.868899999999996,0.0],[-78.8956,52.8688,0.0],[-78.8939,52.8683,1.729]]],
[[[-79.2447,52.8741,0.0],[-79.2459,52.8765,4.8859],[-79.25,52.8785,4.3363],[-79.2559,52.8787,3.8311],[-79.2591,52.877,4.3023],[-79.256,52.8761,4.3023],[-79.2643,52.875,4.2117],[-79.2713,52.872,0.0],[-79.2591,52.8722,1.6952],[-79.2509,52.8735,0.0],[-79.2495,52.875,0.0],[-79.2447,52.8741,0.0]]],
[[[-79.2027,52.8647,2.3979],[-79.2135,52.8654,2.029],[-79.2089,52.8633,3.8525],[-79.2076,52.8602,0.7],[-79.2011,52.8589,0.0],[-79.2012,52.8607,0.0],[-79.1985,52.862,0.0],[-79.2027,52.8647,2.3979]]],
[[[-78.85,52.8667,4.5432],[-78.845,52.868899999999996,3.3175],[-78.8441,52.871,3.4321],[-78.8501,52.8741,1.2256],[-78.8578,52.8747,3.0316],[-78.8627,52.8725,3.3806],[-78.8678,52.8675,4.0421],[-78.8689,52.8658,1.2113],[-78.8667,52.8647,4.4694],[-78.8706,52.8628,1.7987],[-78.88,52.8617,1.4307],[-78.873,52.8619,0.0],[-78.8667,52.8581,0.4849],[-78.8583,52.8619,2.7941],[-78.8606,52.8633,7.4051],[-78.8683,52.8622,2.7516],[-78.8667,52.8633,2.7765],[-78.8612,52.865,2.6925],[-78.8572,52.8642,2.9722],[-78.85,52.8667,4.5432]]],
[[[-79.0382,52.9041,1.0046],[-79.034,52.9062,0.7452],[-79.0371,52.9067,13.4289],[-79.0415,52.9045,2.6981],[-79.0382,52.9041,1.0046]]],
[[[-79.0246,52.9066,4.3215],[-79.0236,52.9051,0.0],[-79.0196,52.9055,1.0748],[-79.0202,52.908,0.0],[-79.0152,52.9108,0.0],[-79.0152,52.9133,0.0],[-79.013,52.9144,7.2519],[-79.0124,52.9169,20.1141],[-79.0129,52.9188,4.6595],[-79.0157,52.9199,4.6595],[-79.0152,52.9213,0.0],[-79.0207,52.9197,0.0],[-79.0213,52.916,13.5021],[-79.0246,52.9133,8.8862],[-79.0252,52.9092,12.4036],[-79.0274,52.909,0.948],[-79.0246,52.9066,4.3215]]],
[[[-78.9237,52.9171,0.0],[-78.9264,52.9169,1.2412],[-78.9261,52.9147,0.2355],[-78.9222,52.9145,0.7222],[-78.9237,52.9171,0.0]]],
[[[-79.0081,52.9116,5.2382],[-79.0109,52.911,0.5738],[-79.0107,52.9089,0.8172],[-79.0081,52.9099,0.8374],[-79.0081,52.9116,5.2382]]],
[[[-78.9517,52.9155,4.4703],[-78.95,52.9161,0.472],[-78.9533,52.9173,0.0],[-78.9572,52.915,1.3386],[-78.9561,52.9145,1.716],[-78.9517,52.9155,4.4703]]],
[[[-78.9882,52.9032,2.0915],[-78.991,52.9032,2.0915],[-78.9923,52.9016,1.9112],[-78.9903,52.9013,0.0],[-78.9882,52.9032,2.0915]]],
[[[-78.9299,52.9064,0.0],[-78.9318,52.9042,0.4562],[-78.9311,52.9023,0.907],[-78.9279,52.9061,1.8157],[-78.9299,52.9064,0.0]]],
[[[-78.8429,52.8519,3.7444],[-78.8439,52.8492,0.0],[-78.8394,52.8497,0.9648],[-78.8411,52.855,0.0],[-78.8456,52.8553,0.0592],[-78.8455,52.8537,1.3097],[-78.8429,52.8519,3.7444]]],
[[[-78.8297,52.8547,2.5319],[-78.8336,52.8524,0.0],[-78.833,52.8512,0.4762],[-78.8283,52.8525,-0.1757],[-78.825,52.8561,2.385],[-78.8272,52.8562,2.385],[-78.8297,52.8547,2.5319]]],
[[[-78.8722,52.8577,0.0],[-78.8766,52.8597,2.8325],[-78.8789,52.8583,0.0],[-78.8761,52.8553,0.0],[-78.8722,52.8577,0.0]]],
[[[-78.83,52.8169,0.0],[-78.8255,52.8203,6.5583],[-78.8383,52.8211,1.1817],[-78.8436,52.8167,4.2531],[-78.8517,52.8147,0.9019],[-78.8511,52.8133,0.0],[-78.8467,52.8136,0.0],[-78.8394,52.8167,2.8396],[-78.8352,52.814,2.1172],[-78.83,52.8169,0.0]]],
[[[-79.1803,52.8191,1.7134],[-79.177,52.8213,1.5135],[-79.1803,52.8221,0.0],[-79.1864,52.8205,1.5696],[-79.1853,52.8171,0.9646],[-79.1825,52.8171,2.071],[-79.1803,52.8191,1.7134]]],
[[[-78.8594,52.8214,0.835],[-78.8628,52.8222,0.2779],[-78.8661,52.8194,0.0886],[-78.8622,52.8192,0.6309],[-78.8594,52.8214,0.835]]],
[[[-78.8757,52.8205,0.1387],[-78.8775,52.8197,1.3617],[-78.8783,52.8186,0.0],[-78.8739,52.8197,1.4481],[-78.8757,52.8205,0.1387]]],
[[[-79.1244,52.8186,0.0],[-79.1189,52.8209,1.3383],[-79.1267,52.8219,11.1957],[-79.1328,52.8192,11.7996],[-79.13,52.8178,0.0],[-79.1244,52.8186,0.0]]],
[[[-78.8941,52.8225,1.5392],[-78.8943,52.8208,0.6543],[-78.8889,52.8228,3.0188],[-78.8939,52.8253,2.4858],[-78.8941,52.8225,1.5392]]],
[[[-79.1735,52.8177,0.0],[-79.1657,52.818,11.2276],[-79.1668,52.8213,4.3051],[-79.1635,52.8227,1.5708],[-79.1619,52.8258,0.4607],[-79.1652,52.8258,4.0717],[-79.1735,52.8177,0.0]]],
[[[-79.1138,52.8208,1.2615],[-79.1122,52.8231,0.3117],[-79.119,52.8228,0.6747],[-79.1183,52.8217,1.3383],[-79.1138,52.8208,1.2615]]],
[[[-79.1333,52.82,11.7996],[-79.1333,52.8217,1.6333],[-79.1377,52.8239,0.0],[-79.1361,52.8281,2.9948],[-79.1372,52.8297,1.6501],[-79.1399,52.83,4.0268],[-79.1438,52.8275,16.4923],[-79.1455,52.8211,16.4388],[-79.1593,52.8217,11.9992],[-79.1649,52.8172,11.2276],[-79.1516,52.8153,0.0],[-79.1493,52.8175,4.5105],[-79.1427,52.8164,0.0],[-79.1394,52.8192,3.842],[-79.1333,52.82,11.7996]]],
[[[-78.8872,52.9353,1.9176],[-78.8919,52.9323,0.5855],[-78.8911,52.9311,0.7645],[-78.885,52.935,1.9176],[-78.8872,52.9353,1.9176]]],
[[[-78.9461,52.9415,0.0],[-78.945,52.9445,0.829],[-78.95,52.9461,1.8844],[-78.955,52.9458,1.9076],[-78.9605,52.9431,5.5331],[-78.9605,52.9397,11.5162],[-78.9683,52.9347,4.7967],[-78.9678,52.9309,11.8497],[-78.9755,52.9281,0.0],[-78.9761,52.9239,2.9392],[-78.9789,52.9231,5.3635],[-78.9811,52.9197,11.2709],[-79.0016,52.9138,5.7087],[-79.0099,52.9057,4.2594],[-79.0061,52.9049,0.0],[-79.0033,52.9073,4.0756],[-79.0022,52.906,0.0],[-79.0019,52.9076,0.0],[-78.99,52.9103,0.0],[-78.985,52.9147,0.9842],[-78.976,52.9165,2.3377],[-78.9733,52.9192,10.1586],[-78.9739,52.9233,8.6318],[-78.9728,52.9242,5.9853],[-78.9683,52.9233,0.0],[-78.9622,52.9247,7.8827],[-78.9656,52.9217,1.1002],[-78.965,52.9195,1.0531],[-78.9561,52.9228,0.0],[-78.9516,52.9264,4.6127],[-78.9611,52.9269,8.1811],[-78.9594,52.93,2.2428],[-78.9561,52.9317,0.0],[-78.9589,52.9336,11.0982],[-78.9589,52.9369,4.846],[-78.955,52.9406,6.2298],[-78.9505,52.9389,4.6102],[-78.9461,52.9415,0.0]]],
[[[-79.037,52.931399999999996,0.7835],[-79.0312,52.9372,3.1449],[-79.035,52.9382,14.4361],[-79.0406,52.9367,19.9024],[-79.0437,52.9323,2.7723],[-79.0428,52.931,0.0],[-79.037,52.931399999999996,0.7835]]],
[[[-78.9222,52.9461,0.4421],[-78.9183,52.9483,1.9757],[-78.9172,52.9514,2.1798],[-78.9228,52.9494,4.1207],[-78.9311,52.9414,2.9809],[-78.9439,52.9328,1.0953],[-78.94,52.9331,0.0],[-78.9233,52.9419,0.0],[-78.9244,52.9447,4.6541],[-78.9222,52.9461,0.4421]]],
[[[-79.0096,52.9391,6.1568],[-79.0064,52.9399,0.9724],[-79.0074,52.9427,2.0213],[-79.019,52.9416,15.6416],[-79.0232,52.939,0.7162],[-79.0188,52.9379,1.5195],[-79.0158,52.9395,2.2889],[-79.0096,52.9391,6.1568]]],
[[[-79.0233,52.9466,12.9642],[-79.0269,52.9457,3.7272],[-79.0268,52.9439,5.3216],[-79.0202,52.9423,0.9783],[-79.0195,52.9433,0.9783],[-79.0213,52.9462,5.137],[-79.0233,52.9466,12.9642]]],
[[[-79.0342,52.948,1.9678],[-79.0353,52.9472,0.3649],[-79.0357,52.9457,0.6678],[-79.0328,52.9458,2.3835],[-79.0342,52.948,1.9678]]],
[[[-78.9709,52.9471,0.0],[-78.9714,52.9492,5.1194],[-78.9692,52.9497,0.927],[-78.972,52.9506,0.9648],[-78.9736,52.9469,0.0],[-78.9725,52.9458,0.8529],[-78.9709,52.9471,0.0]]],
[[[-79.0131,52.946,4.1472],[-79.0157,52.9462,4.1472],[-79.0172,52.9439,3.6103],[-79.0152,52.9429,0.5571],[-79.0131,52.946,4.1472]]],
[[[-78.9791,52.9443,1.7833],[-78.9756,52.9503,4.2883],[-78.9805,52.9529,4.8027],[-78.9828,52.9494,9.9348],[-78.9894,52.9486,0.0],[-78.9868,52.947,16.294],[-78.9961,52.945,0.0],[-78.9939,52.9428,3.4682],[-78.9867,52.9444,2.7647],[-78.9833,52.94,0.0],[-78.98,52.9417,0.0],[-78.9791,52.9443,1.7833]]],
[[[-78.9445,52.9715,0.7588],[-78.9467,52.9719,5.2973],[-78.9489,52.9697,0.0],[-78.9472,52.9697,0.0],[-78.9445,52.9715,0.7588]]],
[[[-79.0333,53.0142,1.0701],[-79.0288,53.0139,0.0],[-79.0322,53.015,0.5772],[-79.0332,53.017,1.0628],[-79.0333,53.0142,1.0701]]],
[[[-78.91,52.9731,4.1725],[-78.9094,52.9714,1.5223],[-78.9061,52.9719,3.4025],[-78.9072,52.9742,0.0],[-78.91,52.9731,4.1725]]],
[[[-78.9377,52.9814,2.0818],[-78.9416,52.982,8.2627],[-78.9433,52.9845,2.6094],[-78.945,52.9841,2.6094],[-78.9444,52.9809,5.8439],[-78.9467,52.98,2.7562],[-78.9384,52.9778,5.8109],[-78.9411,52.9753,0.0],[-78.9389,52.9733,4.2809],[-78.9283,52.9731,4.0754],[-78.9228,52.9747,3.6665],[-78.9156,52.9736,0.5549],[-78.9106,52.9756,1.2538],[-78.9144,52.9777,4.1208],[-78.9039,52.983,4.0118],[-78.9083,52.9837,5.3521],[-78.9255,52.9783,7.1171],[-78.9356,52.9792,3.6735],[-78.9377,52.9814,2.0818]]],
[[[-79.0454,53.0217,6.052],[-79.0502,53.0208,1.0831],[-79.0459,53.0199,0.0],[-79.0404,53.0226,0.5432],[-79.0423,53.0229,2.4154],[-79.0454,53.0217,6.052]]],
[[[-79.0861,53.0494,4.803],[-79.0806,53.0481,4.1332],[-79.0827,53.0511,2.9278],[-79.0872,53.05,0.8393],[-79.0861,53.0494,4.803]]],
[[[-78.9913,53.022,0.0],[-78.9908,53.0237,0.0],[-78.9859,53.0248,2.8603],[-78.9898,53.0256,0.6308],[-78.9937,53.0239,0.0],[-78.9934,53.0221,0.8647],[-78.9913,53.022,0.0]]],
[[[-79.0307,53.0249,1.2408],[-79.0283,53.024,0.0],[-79.0339,53.0275,0.0],[-79.0369,53.0268,2.2954],[-79.035,53.0244,0.0],[-79.0307,53.0249,1.2408]]],
[[[-79.0222,53.043,0.7512],[-79.0306,53.0428,3.045],[-79.0361,53.0469,4.3161],[-79.0428,53.045,6.644],[-79.0517,53.0397,8.7501],[-79.055,53.0394,2.7381],[-79.0389,53.0347,1.6059],[-79.0333,53.036,4.6141],[-79.0483,53.0392,8.6644],[-79.045,53.0423,4.7957],[-79.0406,53.0423,7.4469],[-79.0411,53.0411,0.0],[-79.039,53.04,0.6997],[-79.0267,53.0364,8.0338],[-79.03,53.0346,4.0354],[-79.0039,53.0256,1.0004],[-79.0,53.0295,1.0459],[-78.9939,53.0306,3.6474],[-78.995,53.0319,3.6474],[-79.0,53.0308,3.9888],[-79.0072,53.0331,5.5076],[-79.0039,53.0342,0.0],[-79.0067,53.0361,5.1019],[-79.005,53.0378,0.768],[-79.0066,53.0411,1.7538],[-79.0172,53.0411,2.6475],[-79.0222,53.043,0.7512]]],
[[[-79.0111,53.0165,3.6207],[-79.0161,53.0187,0.5591],[-79.02,53.0178,4.1849],[-79.0194,53.0156,4.0309],[-79.016,53.0144,1.4044],[-79.0111,53.0165,3.6207]]],
[[[-79.0244,53.0172,3.5184],[-79.0228,53.0164,0.7268],[-79.0212,53.0184,1.8814],[-79.0244,53.0192,1.6382],[-79.0244,53.0172,3.5184]]],
[[[-79.0043,53.0222,1.9053],[-79.0055,53.0239,0.0],[-79.0089,53.0242,1.4597],[-79.015,53.0242,1.5532],[-79.0167,53.0228,1.0412],[-79.0097,53.0179,0.0],[-79.0033,53.0197,4.4387],[-79.0,53.0181,2.1961],[-78.9969,53.0191,0.5204],[-78.9989,53.0215,1.0831],[-79.0043,53.0222,1.9053]]],
[[[-78.9167,52.9533,0.6283],[-78.9111,52.9525,0.0],[-78.9117,52.9567,1.7744],[-78.9161,52.9547,0.6939],[-78.9167,52.9533,0.6283]]],
[[[-78.9656,52.9569,1.5704],[-78.9594,52.9589,2.5203],[-78.955,52.9625,2.5736],[-78.9572,52.9636,4.6272],[-78.9611,52.96,6.4094],[-78.9689,52.9575,5.1182],[-78.9656,52.9569,1.5704]]],
[[[-78.9793,52.96,0.4971],[-78.976,52.9597,0.0],[-78.9766,52.9637,2.5312],[-78.9788,52.9633,1.9935],[-78.9793,52.96,0.4971]]],
[[[-78.9727,52.9642,1.5913],[-78.9743,52.9633,1.2358],[-78.9738,52.9614,0.0],[-78.9699,52.965,0.0],[-78.9715,52.9655,0.4656],[-78.9727,52.9642,1.5913]]],
[[[-78.9267,52.9636,0.0],[-78.9239,52.9659,4.19],[-78.9317,52.9669,5.0304],[-78.9345,52.9636,1.9147],[-78.9322,52.9619,0.0],[-78.9267,52.9636,0.0]]],
[[[-78.9356,52.97,0.0],[-78.9311,52.9719,3.1058],[-78.9406,52.9719,1.2646],[-78.9411,52.9703,10.8562],[-78.9517,52.9661,2.393],[-78.9528,52.9639,2.6799],[-78.9405,52.9669,1.5459],[-78.9356,52.97,0.0]]],
[[[-78.8395,52.9703,1.8723],[-78.8417,52.9725,12.2651],[-78.8376,52.9718,2.9844],[-78.8467,52.9767,7.3733],[-78.8644,52.9761,4.7499],[-78.875,52.9719,10.0195],[-78.8839,52.9723,0.0],[-78.9061,52.9656,0.0],[-78.9111,52.9578,11.3196],[-78.9078,52.9561,3.5996],[-78.8944,52.9597,2.3322],[-78.8833,52.9601,1.1547],[-78.8744,52.9637,0.6119],[-78.8644,52.9633,0.338],[-78.8449,52.9673,6.4105],[-78.8395,52.9703,1.8723]]],
[[[-79.0047,53.0609,0.0],[-79.0077,53.061,1.0748],[-79.0096,53.0595,0.3441],[-79.0052,53.06,0.0],[-79.0047,53.0609,0.0]]],
[[[-79.8609,53.1735,2.3686],[-79.8675,53.1726,1.6281],[-79.8705,53.1736,3.1653],[-79.8703,53.1759,0.8113],[-79.8733,53.1759,1.9151],[-79.8782,53.1705,13.0281],[-79.8824,53.1687,11.795],[-79.8809,53.1643,20.3462],[-79.8893,53.1585,6.4131],[-79.8978,53.1564,3.7568],[-79.9077,53.1507,0.4907],[-79.9113,53.1503,8.3689],[-79.9124,53.1476,3.5141],[-79.915,53.1465,3.8268],[-79.9148,53.143,3.3643],[-79.9114,53.1414,0.0],[-79.9048,53.1422,5.1822],[-79.9039,53.1389,2.2851],[-79.9076,53.1339,1.0301],[-79.9156,53.1301,2.0895],[-79.9261,53.1208,3.03],[-79.9247,53.1175,6.3077],[-79.9251,53.1111,3.995],[-79.9211,53.1056,3.3072],[-79.9228,53.0964,2.8439],[-79.917,53.0906,8.2032],[-79.9152,53.0857,16.4811],[-79.9154,53.0824,6.2502],[-79.9189,53.0788,1.28],[-79.9233,53.0669,0.3003],[-79.9161,53.0686,0.1335],[-79.9072,53.0664,0.0],[-79.9006,53.0695,0.0],[-79.89,53.0692,1.625],[-79.8828,53.0739,6.5939],[-79.875,53.0758,3.8704],[-79.862799999999993,53.0758,0.0],[-79.855,53.0803,0.3606],[-79.8472,53.0825,3.6754],[-79.7981,53.0852,0.0],[-79.7847,53.0891,1.6104],[-79.7757,53.0943,3.341],[-79.7751,53.0959,0.0],[-79.7778,53.099,10.3001],[-79.7768,53.1009,0.1306],[-79.7878,53.1083,0.778],[-79.7883,53.1131,0.4656],[-79.7939,53.1147,0.0],[-79.805,53.1145,1.0731],[-79.8167,53.1164,0.0],[-79.82,53.1186,0.4867],[-79.8278,53.1297,0.3392],[-79.8283,53.1317,0.0],[-79.8239,53.1356,6.0085],[-79.8172,53.1389,1.2448],[-79.8122,53.1401,0.0],[-79.8083,53.1392,0.0],[-79.8035,53.1441,0.8624],[-79.8061,53.1509,0.0],[-79.8044,53.1561,0.8213],[-79.8061,53.1575,0.0],[-79.8061,53.1623,0.0],[-79.81,53.1695,0.3861],[-79.8294,53.1722,0.0],[-79.8443,53.1706,0.0],[-79.8528,53.1735,0.042],[-79.8567,53.1725,1.8132],[-79.8609,53.1735,2.3686]]],
[[[-79.035,53.1307,0.6604],[-79.0377,53.1291,5.0226],[-79.0341,53.128,2.4096],[-79.0296,53.1306,1.2188],[-79.0332,53.1318,8.5946],[-79.035,53.1307,0.6604]]],
[[[-79.0058,53.1381,6.5848],[-79.006,53.1352,0.656],[-79.003,53.1359,0.7126],[-79.003,53.1399,0.0],[-79.0058,53.1381,6.5848]]],
[[[-78.9717,53.1623,1.5492],[-78.9683,53.1617,0.0],[-78.9657,53.1659,1.8169],[-78.9675,53.1667,1.8169],[-78.9733,53.1639,0.3072],[-78.9767,53.1583,0.0],[-78.975,53.1583,0.0],[-78.9717,53.1623,1.5492]]],
[[[-78.9594,53.1519,0.0],[-78.9578,53.1519,0.0],[-78.9572,53.1545,0.8987],[-78.9539,53.1547,0.3045],[-78.9572,53.1559,0.9745],[-78.9639,53.1531,2.4489],[-78.9594,53.1519,0.0]]],
[[[-78.9656,53.1585,2.5182],[-78.965,53.1545,0.3249],[-78.9606,53.1573,0.0],[-78.9616,53.1603,0.2893],[-78.9656,53.1585,2.5182]]],
[[[-78.9791,53.0921,3.0306],[-78.9806,53.0894,0.0],[-78.975,53.0949,0.0],[-78.9778,53.095,2.6587],[-78.9791,53.0921,3.0306]]],
[[[-78.9699,53.0961,2.157],[-78.9637,53.0997,3.2516],[-78.9601,53.1038,4.2553],[-78.965,53.1008,3.469],[-78.9706,53.1017,4.0089],[-78.9739,53.0956,0.5982],[-78.9699,53.0961,2.157]]],
[[[-78.9844,53.1056,1.4001],[-78.9772,53.1103,0.0],[-78.9858,53.1087,4.3339],[-78.9872,53.105,0.0],[-78.9844,53.1056,1.4001]]],
[[[-78.9844,53.0942,3.5546],[-78.9839,53.0955,3.5594],[-78.987799999999993,53.0967,0.7862],[-78.9933,53.0942,3.7448],[-78.9944,53.0914,2.4056],[-78.987799999999993,53.0919,0.0],[-78.9844,53.0942,3.5546]]],
[[[-78.9678,53.1106,4.2762],[-78.9694,53.1094,3.7913],[-78.9661,53.1078,0.9183],[-78.9627,53.1117,0.0],[-78.9629,53.1121,2.1237],[-78.9678,53.1106,4.2762]]],
[[[-79.0136,53.1125,0.0],[-79.0172,53.1121,1.1008],[-79.0194,53.1147,2.4376],[-79.023,53.1128,0.3525],[-79.0174,53.1093,2.1445],[-79.0155,53.1103,1.6412],[-79.0128,53.1092,1.6412],[-79.0113,53.1106,2.7159],[-79.0136,53.1125,0.0]]],
[[[-79.0702,53.1998,1.3724],[-79.0656,53.2006,0.0],[-79.0658,53.2017,3.1581],[-79.0822,53.1989,0.259],[-79.0963,53.1993,1.5725],[-79.0909,53.1967,0.0],[-79.0866,53.1975,2.0094],[-79.0811,53.1956,2.0402],[-79.0702,53.1998,1.3724]]],
[[[-79.0304,53.2117,0.0],[-79.0333,53.2116,1.3971],[-79.0351,53.2109,0.0],[-79.0322,53.2106,0.898],[-79.0304,53.2117,0.0]]],
[[[-78.9717,53.2133,0.8848],[-78.9728,53.214,0.0],[-78.9754,53.2117,0.2991],[-78.9722,53.2119,0.157],[-78.9717,53.2133,0.8848]]],
[[[-78.9838,53.2106,1.2725],[-78.9764,53.2119,0.2991],[-78.9852,53.2147,2.2018],[-78.9928,53.2097,2.3719],[-78.9906,53.2072,0.0],[-78.9838,53.2106,1.2725]]],
[[[-78.9511,53.2183,6.3457],[-78.95,53.2211,0.2129],[-78.955,53.2214,0.5167],[-78.9605,53.2169,8.4065],[-78.9678,53.2161,2.8145],[-78.97,53.2133,1.0749],[-78.965,53.2128,0.9335],[-78.9617,53.2142,2.8981],[-78.9544,53.2128,1.1471],[-78.9472,53.2142,2.6284],[-78.9439,53.2164,1.7966],[-78.9511,53.2183,6.3457]]],
[[[-79.0128,53.2165,2.2992],[-79.0061,53.2192,0.7861],[-79.0072,53.2201,0.7861],[-79.0172,53.2175,2.0446],[-79.0217,53.215,0.4748],[-79.0172,53.2156,3.492],[-79.0128,53.2165,2.2992]]],
[[[-79.0533,53.2189,2.7345],[-79.05,53.2197,0.4004],[-79.0633,53.2181,1.39],[-79.0615,53.2176,0.9474],[-79.0533,53.2189,2.7345]]],
[[[-79.0443,53.2213,1.3877],[-79.0438,53.2196,0.6033],[-79.0391,53.2187,0.0],[-79.0344,53.2209,0.0],[-79.0387,53.2231,1.3107],[-79.0443,53.2213,1.3877]]],
[[[-78.9589,53.2219,0.5366],[-78.9622,53.2206,1.0328],[-78.9584,53.2197,1.7608],[-78.9577,53.2228,0.0],[-78.9589,53.2219,0.5366]]],
[[[-79.0114,53.2247,5.1178],[-79.0154,53.2242,3.3201],[-79.0174,53.2217,1.1695],[-79.0116,53.2225,3.0751],[-79.0097,53.2245,0.5103],[-79.0114,53.2247,5.1178]]],
[[[-78.9283,53.0478,7.2068],[-78.922,53.0506,3.4947],[-78.9226,53.0542,2.994],[-78.9406,53.0475,0.8598],[-78.9428,53.045,0.2982],[-78.9383,53.0436,1.8759],[-78.9283,53.0478,7.2068]]],
[[[-79.0517,53.0497,2.8758],[-79.0494,53.0506,4.4207],[-79.0495,53.0519,4.4207],[-79.0541,53.0517,3.8587],[-79.0539,53.0536,3.2913],[-79.0561,53.0542,0.5372],[-79.0578,53.0519,0.0],[-79.0555,53.0497,2.2791],[-79.0578,53.0472,0.0],[-79.0645,53.0492,2.686],[-79.0728,53.0475,4.5951],[-79.0627,53.0445,1.1802],[-79.0589,53.0461,1.197],[-79.0539,53.0422,3.4163],[-79.0528,53.0431,0.0],[-79.0539,53.0479,3.3322],[-79.05,53.048,0.0],[-79.0517,53.0497,2.8758]]],
[[[-79.0685,53.0531,2.3566],[-79.0633,53.0547,0.0],[-79.0594,53.0581,2.4421],[-79.0674,53.0596,2.8018],[-79.0728,53.0569,4.5931],[-79.0715,53.0528,2.4696],[-79.0685,53.0531,2.3566]]],
[[[-79.0263,53.0547,2.4952],[-79.027,53.0533,0.6925],[-79.0235,53.0539,2.4952],[-79.0257,53.0548,2.4952],[-79.0263,53.0547,2.4952]]],
[[[-79.0209,53.0559,2.1887],[-79.0224,53.0549,4.3569],[-79.02,53.0531,0.0],[-79.0172,53.055,0.0],[-79.0198,53.0565,2.9045],[-79.0209,53.0559,2.1887]]],
[[[-78.9578,53.3033,3.2876],[-78.9544,53.3017,0.9474],[-78.9506,53.3033,2.9848],[-78.9511,53.3067,5.0208],[-78.9528,53.3081,0.6571],[-78.9578,53.3033,3.2876]]],
[[[-78.9989,53.3267,1.1705],[-78.9984,53.3256,1.1705],[-78.9937,53.3286,0.0],[-78.998,53.3281,0.474],[-78.9989,53.3267,1.1705]]],
[[[-79.6704,53.3107,1.9367],[-79.685,53.3119,10.0297],[-79.6905,53.31,4.468],[-79.6905,53.3075,6.8662],[-79.685,53.3033,0.0],[-79.6778,53.3022,6.2069],[-79.6583,53.3033,0.0],[-79.648,53.3061,0.0],[-79.6622,53.3103,9.5905],[-79.6704,53.3107,1.9367]]],
[[[-79.035,53.3009,1.4033],[-79.0322,53.3017,0.0],[-79.0356,53.3033,0.7171],[-79.0378,53.3022,0.7171],[-79.0361,53.3011,1.4033],[-79.035,53.3009,1.4033]]],
[[[-78.9781,53.3016,0.2985],[-78.9733,53.3031,2.4963],[-78.9754,53.3044,0.338],[-78.98,53.3025,0.776],[-78.9781,53.3016,0.2985]]],
[[[-79.0452,53.3027,0.5884],[-79.0422,53.3029,0.5045],[-79.0415,53.3035,0.5045],[-79.0477,53.3027,0.0],[-79.0452,53.3027,0.5884]]],
[[[-79.1633,53.3125,0.0],[-79.1606,53.3119,0.0],[-79.16,53.3133,0.0],[-79.1644,53.3133,0.0],[-79.1633,53.3125,0.0]]],
[[[-78.9703,53.3171,0.2791],[-78.9788,53.318,0.0],[-78.9989,53.3145,0.684],[-79.0027,53.3119,0.9065],[-78.9825,53.3133,3.121],[-78.9734,53.3095,2.1556],[-78.9662,53.3111,3.1075],[-78.9683,53.3078,0.0],[-78.9628,53.3108,0.467],[-78.965,53.3139,6.5273],[-78.9644,53.3169,1.1139],[-78.9703,53.3171,0.2791]]],
[[[-78.9805,53.3289,0.2214],[-78.985,53.3328,0.4274],[-78.9889,53.3325,0.3756],[-78.9933,53.3295,3.0324],[-78.99,53.3287,9.6571],[-78.9922,53.3267,2.5873],[-78.9911,53.3253,0.0],[-78.9805,53.3289,0.2214]]],
[[[-79.0594,53.3309,0.0],[-79.0617,53.3314,0.5496],[-79.0644,53.3297,0.0],[-79.0605,53.3295,0.0],[-79.0594,53.3309,0.0]]],
[[[-79.0311,53.3347,2.5485],[-79.0317,53.3336,1.9068],[-79.0299,53.3325,1.5798],[-79.0264,53.3337,0.0],[-79.0271,53.3345,1.0498],[-79.0311,53.3347,2.5485]]],
[[[-79.0594,53.3406,0.9319],[-79.0572,53.3405,0.0],[-79.0622,53.3419,2.859],[-79.065,53.3395,1.2055],[-79.0639,53.3392,1.2055],[-79.0594,53.3406,0.9319]]],
[[[-78.9892,53.3486,1.6396],[-78.9908,53.3483,1.6396],[-78.9911,53.3467,0.2334],[-78.9887,53.3474,1.6396],[-78.9892,53.3486,1.6396]]],
[[[-78.987,53.3409,2.5102],[-78.9839,53.3423,0.5748],[-78.9861,53.3439,0.3734],[-78.9955,53.3427,1.3892],[-78.9972,53.3409,0.7795],[-78.9933,53.3397,2.6141],[-78.9972,53.3378,0.0514],[-78.9933,53.3372,0.9168],[-78.987,53.3409,2.5102]]],
[[[-79.0356,53.3424,0.0],[-79.0378,53.3392,0.5878],[-79.0352,53.34,0.5878],[-79.0344,53.342,0.0],[-79.0356,53.3424,0.0]]],
[[[-78.9596,53.3543,2.5738],[-78.9539,53.3553,0.0],[-78.9461,53.3599,0.0],[-78.9511,53.3606,0.0],[-78.9615,53.3545,1.4047],[-78.9596,53.3543,2.5738]]],
[[[-78.9744,53.3557,2.4995],[-78.9761,53.3533,0.9009],[-78.97,53.3556,0.2994],[-78.9706,53.3567,0.2994],[-78.9744,53.3557,2.4995]]],
[[[-78.9739,53.3664,1.9256],[-78.9728,53.3675,0.0],[-78.9793,53.3678,0.0623],[-78.9832,53.3655,0.4788],[-78.976,53.3653,0.0],[-78.9739,53.3664,1.9256]]],
[[[-78.9771,53.3809,1.2073],[-78.9794,53.3798,0.0701],[-78.979,53.3782,0.0],[-78.9741,53.3805,1.3655],[-78.9771,53.3809,1.2073]]],
[[[-78.9911,53.3517,0.0369],[-78.9933,53.3533,0.8927],[-78.9978,53.3506,0.3129],[-78.9941,53.3501,0.2017],[-78.9911,53.3517,0.0369]]],
[[[-79.02,53.3571,1.4457],[-79.0311,53.3645,1.2756],[-79.0394,53.3631,0.5422],[-79.0374,53.3606,2.3104],[-79.0367,53.3553,0.0],[-79.0331,53.3528,0.417],[-79.0356,53.3519,0.0],[-79.035,53.35,0.0],[-79.0272,53.3509,3.021],[-79.0331,53.345,0.1962],[-79.0233,53.3497,2.7008],[-79.0191,53.3483,1.3058],[-79.0194,53.3469,2.0853],[-79.0239,53.3467,0.2905],[-79.0211,53.3431,0.0],[-79.0174,53.3459,1.4015],[-79.01,53.3462,2.9871],[-79.0078,53.3443,0.7782],[-78.9988,53.3456,0.6653],[-78.9981,53.3489,0.8212],[-79.0054,53.3497,1.0635],[-79.0144,53.3547,4.5137],[-79.02,53.3545,1.0318],[-79.02,53.3571,1.4457]]],
[[[-79.039,53.3548,1.7717],[-79.0406,53.3553,1.7717],[-79.0417,53.3529,0.7217],[-79.0378,53.3528,0.0],[-79.039,53.3548,1.7717]]],
[[[-78.9794,53.3575,5.3787],[-78.9756,53.3586,2.2842],[-78.9733,53.3611,2.429],[-78.9856,53.3594,0.9109],[-78.9894,53.3561,0.5075],[-78.985,53.3539,2.2968],[-78.9794,53.3575,5.3787]]],
[[[-79.0448,53.4098,2.837],[-79.0458,53.4065,0.0],[-79.0411,53.4068,0.0],[-79.039,53.4089,1.5638],[-79.0404,53.4107,0.0],[-79.0448,53.4098,2.837]]],
[[[-79.0354,53.3934,0.0],[-79.019,53.3975,0.2007],[-79.0227,53.4011,6.8726],[-79.0294,53.4009,0.0],[-79.0435,53.3943,0.0],[-79.0354,53.3934,0.0]]],
[[[-79.085,53.3969,0.6292],[-79.0716,53.3973,1.9955],[-79.0683,53.4003,1.0312],[-79.0704,53.4017,2.7528],[-79.0761,53.4011,0.8123],[-79.0861,53.3989,0.2509],[-79.09,53.3962,0.3646],[-79.085,53.3969,0.6292]]],
[[[-79.0556,53.4011,0.3132],[-79.0567,53.4014,0.3132],[-79.06,53.3992,0.8632],[-79.0572,53.3992,0.1535],[-79.0556,53.4011,0.3132]]],
[[[-79.0422,53.4244,1.1788],[-79.0424,53.4259,0.9955],[-79.0493,53.4261,3.3091],[-79.0656,53.4217,1.9672],[-79.0678,53.4197,0.0],[-79.0556,53.4193,1.8363],[-79.0472,53.4212,5.3561],[-79.0422,53.4244,1.1788]]],
[[[-79.063,53.4293,0.3788],[-79.0606,53.4286,0.0],[-79.0594,53.4303,0.0],[-79.0623,53.4299,0.3788],[-79.063,53.4293,0.3788]]],
[[[-79.0733,53.4056,1.1826],[-79.0689,53.4083,3.3039],[-79.0696,53.4136,3.9889],[-79.0799,53.4115,2.207],[-79.0837,53.4122,0.0],[-79.0956,53.4069,0.3408],[-79.0833,53.4061,0.0],[-79.0807,53.4075,3.2792],[-79.0778,53.405,0.0],[-79.0733,53.4056,1.1826]]],
[[[-78.9994,53.4131,1.4079],[-78.9928,53.4161,0.3323],[-78.9927,53.4177,0.0],[-79.0,53.4178,0.0],[-79.0121,53.4139,0.5465],[-79.0262,53.4127,2.622],[-79.0306,53.41,6.3758],[-79.0356,53.4114,0.656],[-79.0372,53.41,0.7794],[-79.0317,53.4072,0.7662],[-79.0317,53.4059,0.6483],[-79.0171,53.4081,1.0543],[-79.0096,53.4057,6.1814],[-79.0044,53.4059,9.9992],[-79.0006,53.4033,0.0],[-78.9905,53.4069,0.0],[-78.991,53.4088,0.0],[-78.9983,53.4106,2.7346],[-78.9994,53.4131,1.4079]]],
[[[-78.985,53.4133,0.0],[-78.9889,53.4156,0.0],[-78.9956,53.4131,4.3718],[-78.9883,53.4117,1.1263],[-78.985,53.4133,0.0]]],
[[[-79.0863,53.4134,0.0],[-79.082,53.4141,0.0],[-79.0841,53.4152,2.0838],[-79.0889,53.4138,0.7416],[-79.0863,53.4134,0.0]]],
[[[-79.1661,53.4525,0.0],[-79.1706,53.4517,4.3311],[-79.1689,53.4481,0.0],[-79.1644,53.4503,0.0],[-79.1661,53.4525,0.0]]],
[[[-79.0861,53.4483,0.0],[-79.0839,53.4492,0.2592],[-79.0844,53.4503,0.2592],[-79.0878,53.4494,1.8478],[-79.0861,53.4483,0.0]]],
[[[-79.1169,53.458,1.6664],[-79.1154,53.4571,1.6664],[-79.1128,53.4586,0.0],[-79.1144,53.4591,0.6015],[-79.1169,53.458,1.6664]]],
[[[-79.1967,53.4839,0.0],[-79.1905,53.4841,0.0],[-79.1956,53.4862,0.0],[-79.1972,53.4857,0.0],[-79.1967,53.4839,0.0]]],
[[[-79.1689,53.4875,0.7606],[-79.1691,53.4895,1.3473],[-79.1732,53.4886,0.0],[-79.1702,53.4873,0.7606],[-79.1689,53.4875,0.7606]]],
[[[-79.1644,53.4894,0.4632],[-79.165,53.4897,0.4632],[-79.1672,53.4889,1.4283],[-79.1628,53.4874,0.6932],[-79.1644,53.4894,0.4632]]],
[[[-79.1335,53.4596,0.0],[-79.1328,53.4619,0.0],[-79.1377,53.4622,0.0],[-79.142,53.4599,3.7955],[-79.1505,53.4586,1.9748],[-79.1533,53.4553,1.0943],[-79.1533,53.4514,0.6559],[-79.1479,53.4545,1.8273],[-79.1439,53.4528,1.0549],[-79.1383,53.4537,0.5365],[-79.1372,53.4511,0.3979],[-79.1304,53.4537,0.0],[-79.131,53.4578,0.0],[-79.1335,53.4596,0.0]]],
[[[-79.1211,53.4631,2.4514],[-79.1234,53.4618,0.0],[-79.1217,53.4609,0.8948],[-79.1176,53.4625,2.4514],[-79.1194,53.4636,2.4514],[-79.1211,53.4631,2.4514]]],
[[[-79.1717,53.4342,0.7111],[-79.1709,53.4325,0.2919],[-79.1687,53.4344,0.0],[-79.1694,53.4349,0.0],[-79.1717,53.4342,0.7111]]],
[[[-79.084,53.4275,0.8742],[-79.0846,53.4255,3.0169],[-79.083,53.4247,0.6265],[-79.0752,53.4269,0.0],[-79.0736,53.4313,0.1562],[-79.0771,53.432,3.1614],[-79.0828,53.4295,0.0],[-79.084,53.4275,0.8742]]],
[[[-79.0512,53.4282,0.0],[-79.048,53.4297,2.7576],[-79.0488,53.4318,5.3305],[-79.0461,53.4353,3.9464],[-79.0525,53.4351,6.0935],[-79.0567,53.4317,0.821],[-79.0512,53.4282,0.0]]],
[[[-79.0794,53.4369,0.0],[-79.0856,53.4362,1.2768],[-79.0882,53.4381,1.1366],[-79.0857,53.4412,0.0],[-79.0911,53.4426,0.381],[-79.0937,53.4415,0.7354],[-79.0955,53.438,1.822],[-79.0939,53.4336,0.0],[-79.0844,53.4317,1.1872],[-79.0824,53.4349,2.442],[-79.0783,53.4361,0.0],[-79.0794,53.4369,0.0]]],
[[[-79.0095,53.4411,1.1607],[-79.006,53.4425,0.0],[-79.014,53.4425,0.4612],[-79.0168,53.4407,1.3001],[-79.0147,53.4403,0.0],[-79.0095,53.4411,1.1607]]],
[[[-79.1485,53.4458,1.9242],[-79.1472,53.4503,0.8374],[-79.1483,53.4511,1.8601],[-79.1533,53.4495,1.1254],[-79.1538,53.4478,2.0271],[-79.1567,53.4481,0.9699],[-79.1589,53.4461,0.6292],[-79.1556,53.4444,3.3012],[-79.1599,53.4404,0.0],[-79.1557,53.4403,1.0981],[-79.1485,53.4458,1.9242]]],
[[[-79.0881,53.4462,0.0],[-79.0957,53.4499,3.0211],[-79.1033,53.4473,0.0],[-79.1049,53.4435,0.0],[-79.102,53.4416,0.5193],[-79.0971,53.4417,0.0],[-79.0881,53.4462,0.0]]],
[[[-79.1142,53.4508,1.3274],[-79.1183,53.4497,2.496],[-79.1133,53.4533,1.453],[-79.1144,53.4559,0.3385],[-79.1183,53.4573,2.0887],[-79.115,53.4603,0.6015],[-79.1165,53.4614,1.4017],[-79.1237,53.4548,0.2364],[-79.1204,53.4528,2.8868],[-79.1211,53.4517,2.7334],[-79.1277,53.4512,1.1445],[-79.1425,53.4434,2.4837],[-79.1561,53.4386,3.485],[-79.1572,53.4378,1.3486],[-79.1547,53.4352,1.9532],[-79.1583,53.4336,0.0],[-79.1495,53.4345,3.5758],[-79.1438,53.4317,0.0],[-79.1383,53.4361,2.4996],[-79.1367,53.4355,2.5012],[-79.1372,53.4336,0.6158],[-79.1328,53.4325,0.2054],[-79.1305,53.4347,0.0],[-79.1333,53.4361,0.5167],[-79.1339,53.4381,1.3818],[-79.1462,53.4369,4.0348],[-79.147,53.4384,1.0257],[-79.1428,53.4406,1.2112],[-79.1347,53.4414,1.8144],[-79.1291,53.4391,1.4881],[-79.1223,53.4398,2.0082],[-79.12,53.4378,1.3845],[-79.1161,53.4378,2.7437],[-79.125,53.4339,0.6842],[-79.1222,53.431399999999996,0.2894],[-79.1106,53.4325,0.0],[-79.1078,53.4345,0.0],[-79.1077,53.4371,3.4578],[-79.1039,53.4384,0.5832],[-79.1106,53.4383,5.2124],[-79.1122,53.4394,1.9218],[-79.1106,53.4406,0.0],[-79.118,53.445,5.4373],[-79.1112,53.4505,1.7699],[-79.1064,53.4498,0.0],[-79.1019,53.4518,0.4735],[-79.1043,53.4539,2.7683],[-79.1025,53.4562,0.0],[-79.1072,53.4567,1.1803],[-79.1142,53.4508,1.3274]]],
[[[-79.0828,53.3847,0.5987],[-79.0839,53.3844,0.5987],[-79.0861,53.3833,0.3211],[-79.0792,53.3846,1.061],[-79.0828,53.3847,0.5987]]],
[[[-78.973,53.3834,0.0],[-78.9705,53.3842,0.0],[-78.9715,53.3861,0.0],[-78.9793,53.3849,0.2421],[-78.9757,53.3823,0.3039],[-78.973,53.3834,0.0]]],
[[[-78.9744,53.3889,0.0],[-78.9789,53.3891,1.4538],[-78.9806,53.3878,0.5345],[-78.9794,53.3878,0.5345],[-78.9744,53.3889,0.0]]],
[[[-79.0487,53.3909,0.0],[-79.0554,53.3926,0.3742],[-79.0611,53.3915,2.7876],[-79.0633,53.3895,0.6116],[-79.0581,53.3899,0.5693],[-79.0573,53.3886,2.1665],[-79.0605,53.3847,0.0],[-79.055,53.3867,0.0],[-79.0467,53.3869,0.0],[-79.0444,53.3908,0.0],[-79.0487,53.3909,0.0]]],
[[[-78.9372,53.2339,0.9839],[-78.9361,53.2353,0.9839],[-78.9422,53.2333,2.4482],[-78.9461,53.2297,1.8283],[-78.9417,53.2261,0.2818],[-78.9393,53.2267,0.2445],[-78.9361,53.2289,6.395],[-78.9378,53.2317,2.0902],[-78.9372,53.2339,0.9839]]],
[[[-78.9495,53.2547,0.2858],[-78.9539,53.255,1.4346],[-78.9583,53.2536,0.0],[-78.9522,53.2522,0.3246],[-78.9495,53.2547,0.2858]]],
[[[-80.0733,53.2878,1.8329],[-80.0728,53.2894,2.7524],[-80.0706,53.2897,2.7524],[-80.0744,53.2906,2.1992],[-80.0744,53.2875,1.0],[-80.0733,53.2878,1.8329]]],
[[[-78.9768,53.2911,0.9179],[-78.9844,53.2928,1.0841],[-78.9889,53.2919,2.121],[-79.0,53.2883,0.0],[-79.0022,53.2858,1.8139],[-79.01,53.2845,0.98],[-79.0011,53.2806,0.0],[-79.0022,53.2789,0.7741],[-78.9987,53.2773,3.6962],[-79.0125,53.271,0.0],[-79.0005,53.2737,0.0],[-78.9893,53.2797,2.5467],[-78.9771,53.2812,1.5913],[-78.9667,53.2844,1.1197],[-78.982,53.287,11.529],[-78.9753,53.2903,3.1922],[-78.9768,53.2911,0.9179]]],
[[[-79.0025,53.2942,1.9976],[-78.9955,53.2961,0.0],[-78.9966,53.2997,0.6208],[-78.9956,53.3006,0.3216],[-79.0111,53.2953,3.851],[-79.0144,53.2964,1.3206],[-79.0122,53.2978,0.4548],[-79.0133,53.2986,0.4548],[-79.02,53.2961,3.2348],[-79.0256,53.2983,0.0],[-79.0318,53.2971,2.0853],[-79.0372,53.3,1.614],[-79.0382,53.2975,6.1388],[-79.0455,53.2984,3.141],[-79.0494,53.2969,0.4123],[-79.0439,53.2941,1.7419],[-79.0444,53.2922,2.5647],[-79.0467,53.2914,2.1491],[-79.0489,53.2937,2.0122],[-79.0511,53.2937,2.0122],[-79.0522,53.2919,1.9025],[-79.0449,53.2876,0.8977],[-79.0307,53.293,1.5366],[-79.015,53.29,0.0],[-79.0094,53.2905,1.7785],[-79.0025,53.2942,1.9976]]],
[[[-78.9694,53.2547,1.6229],[-78.9667,53.2558,0.235],[-78.9711,53.2575,0.3748],[-78.9761,53.2547,0.0],[-78.9733,53.2531,0.5619],[-78.9694,53.2547,1.6229]]],
[[[-79.9922,53.3878,4.5437],[-80.0089,53.3928,4.0005],[-80.0189,53.3908,2.6374],[-80.0239,53.3869,7.8075],[-80.035,53.3856,1.1851],[-80.0361,53.3836,6.2817],[-80.0422,53.3806,4.5677],[-80.0517,53.3781,4.9314],[-80.0628,53.3719,6.7992],[-80.0744,53.3694,2.8904],[-80.0744,53.3675,4.7775],[-80.0822,53.3639,3.3279],[-80.0828,53.3617,6.8622],[-80.0872,53.3589,5.6578],[-80.0872,53.3561,9.5384],[-80.0922,53.3539,4.1211],[-80.0961,53.3489,8.0521],[-80.0967,53.3461,2.224],[-80.0861,53.3442,12.2806],[-80.0822,53.3383,7.3203],[-80.0844,53.3289,4.7994],[-80.0906,53.3217,1.4347],[-80.0906,53.3183,0.8885],[-80.0883,53.3183,3.5563],[-80.0872,53.3189,2.4036],[-80.0883,53.3231,3.2787],[-80.0844,53.3222,5.7236],[-80.0866,53.3219,2.3235],[-80.085,53.3203,6.086],[-80.0867,53.3172,3.5563],[-80.09,53.3167,2.3585],[-80.0894,53.3128,0.9429],[-80.0856,53.3141,5.2147],[-80.0833,53.3083,3.5305],[-80.0839,53.3056,3.0825],[-80.0817,53.3036,2.4451],[-80.0756,53.3033,3.6651],[-80.0761,53.305,3.6112],[-80.08,53.305,4.2717],[-80.0822,53.3075,3.6047],[-80.0811,53.3083,3.6047],[-80.0828,53.3086,3.5305],[-80.0817,53.3119,3.6664],[-80.0727,53.3075,6.8336],[-80.0705,53.3053,5.1834],[-80.0706,53.3031,6.2883],[-80.0733,53.3017,7.7867],[-80.0717,53.3008,7.7867],[-80.0755,53.3006,4.4778],[-80.0817,53.3028,2.4451],[-80.0811,53.2981,0.7058],[-80.0789,53.2983,2.2563],[-80.0778,53.2958,2.51],[-80.0739,53.2953,3.8044],[-80.0744,53.2928,1.9012],[-80.0722,53.2919,2.1738],[-80.0728,53.2908,2.1738],[-80.0689,53.2925,2.526],[-80.065,53.2917,6.2794],[-80.0644,53.2905,6.2794],[-80.0667,53.2892,2.9282],[-80.0628,53.2878,7.2435],[-80.0639,53.2856,4.9432],[-80.0656,53.2856,4.9432],[-80.065,53.2878,3.7465],[-80.0672,53.2883,2.4442],[-80.0667,53.2861,2.6779],[-80.0689,53.2861,3.1823],[-80.0694,53.2886,1.5],[-80.0711,53.2886,1.8329],[-80.0694,53.2814,4.6069],[-80.0733,53.2831,1.2788],[-80.0756,53.2769,2.9052],[-80.0728,53.2756,3.9553],[-80.0716,53.2725,2.8507],[-80.0722,53.2667,2.972],[-80.0739,53.2644,3.0929],[-80.0717,53.2614,4.4736],[-80.0755,53.2608,2.7346],[-80.0772,53.2564,4.7268],[-80.0822,53.2522,4.5322],[-80.0872,53.2508,2.783],[-80.0828,53.25,2.4864],[-80.0828,53.2486,0.1698],[-80.075,53.2431,1.8356],[-80.0616,53.2381,8.6276],[-80.0572,53.2322,2.8708],[-80.0517,53.2311,1.2491],[-80.0556,53.2331,2.8708],[-80.0562,53.2353,4.0412],[-80.0494,53.2314,1.5562],[-80.0389,53.2286,0.0],[-80.0122,53.225,0.0],[-79.999,53.2375,3.8299],[-79.9906,53.2422,5.4681],[-79.9729,53.2486,0.0],[-79.9645,53.2486,0.0],[-79.9456,53.2549,0.0],[-79.9377,53.259,2.8061],[-79.9311,53.2647,1.2994],[-79.93,53.2703,16.7404],[-79.9311,53.2717,20.0226],[-79.9278,53.2817,0.0],[-79.9301,53.2915,11.5846],[-79.9322,53.2938,0.0],[-79.9451,53.2932,2.2121],[-79.9532,53.2955,0.9675],[-79.9544,53.2989,0.0],[-79.9594,53.3039,0.0],[-79.9583,53.3097,0.0],[-79.9566,53.3111,0.0],[-79.9572,53.3153,0.0],[-79.9544,53.3217,0.0],[-79.9361,53.3309,0.0],[-79.9339,53.3359,0.0],[-79.9278,53.3406,0.4301],[-79.9033,53.3522,0.0],[-79.8973,53.3569,0.0],[-79.9,53.3597,0.0],[-79.9095,53.3615,0.0],[-79.9189,53.3683,0.7835],[-79.9306,53.3731,2.2403],[-79.9317,53.3758,0.0],[-79.9378,53.3794,0.0],[-79.9561,53.3833,0.0],[-79.9772,53.3839,1.578],[-79.9922,53.3878,4.5437]]],
[[[-78.9754,53.2955,0.2481],[-78.9672,53.2989,0.7063],[-78.9733,53.2989,0.0],[-78.9766,53.2961,0.2481],[-78.9754,53.2955,0.2481]]],
[[[-79.0656,53.2997,0.0],[-79.0717,53.2998,0.4477],[-79.0667,53.2971,1.8701],[-79.0648,53.2989,0.0],[-79.0656,53.2997,0.0]]],
[[[-79.001,53.3012,0.0],[-78.9972,53.3042,0.5204],[-79.0,53.3047,0.0],[-79.0061,53.3009,0.0],[-79.0029,53.2997,0.0],[-79.001,53.3012,0.0]]],
[[[-79.2148,53.5139,0.5121],[-79.2206,53.5179,0.8508],[-79.2256,53.5152,5.1965],[-79.2283,53.5173,0.5153],[-79.2344,53.5175,0.0],[-79.2437,53.5143,2.6097],[-79.2485,53.5153,3.6816],[-79.2539,53.5107,0.3198],[-79.2611,53.5117,0.3714],[-79.263,53.51,0.0],[-79.2489,53.5086,0.0],[-79.2472,53.5097,0.8716],[-79.25,53.5114,3.7012],[-79.2484,53.5128,2.8819],[-79.2433,53.5117,0.0],[-79.2294,53.5139,2.7135],[-79.2272,53.5114,1.0079],[-79.2128,53.5126,0.0],[-79.2148,53.5139,0.5121]]],
[[[-79.2639,53.5108,0.0],[-79.2689,53.5128,1.8522],[-79.2761,53.5114,0.547],[-79.2733,53.5086,0.0],[-79.2639,53.5108,0.0]]],
[[[-79.29,53.5127,1.166],[-79.2878,53.5133,0.0],[-79.296,53.5148,0.0],[-79.2933,53.5126,1.166],[-79.29,53.5127,1.166]]],
[[[-79.0828,53.5275,0.0],[-79.0788,53.527,0.0],[-79.0766,53.5286,0.0],[-79.0787,53.5294,0.0],[-79.0828,53.5275,0.0]]],
[[[-79.027,53.5341,0.0],[-79.029,53.5349,2.3393],[-79.0328,53.5325,0.334],[-79.0283,53.5329,0.0],[-79.027,53.5341,0.0]]],
[[[-79.1667,53.5474,1.7531],[-79.1633,53.5483,0.538],[-79.1661,53.5497,0.4943],[-79.17,53.5492,3.1658],[-79.17,53.5478,1.6859],[-79.1667,53.5474,1.7531]]],
[[[-79.1489,53.5451,0.0],[-79.1477,53.5456,0.0],[-79.1483,53.5472,1.1034],[-79.1528,53.5461,0.3321],[-79.1517,53.545,0.0],[-79.1489,53.5451,0.0]]],
[[[-79.1246,53.5511,0.0],[-79.1273,53.5512,2.2498],[-79.1295,53.5502,0.0],[-79.1276,53.5497,0.0],[-79.1246,53.5511,0.0]]],
[[[-78.9574,53.557,7.0617],[-78.96,53.5553,2.0189],[-78.9519,53.5579,1.3021],[-78.9533,53.5586,5.4315],[-78.9574,53.557,7.0617]]],
[[[-79.1744,53.5639,0.5182],[-79.1772,53.5634,1.369],[-79.1767,53.5614,0.3611],[-79.1722,53.5606,0.3182],[-79.1717,53.5631,0.0],[-79.1744,53.5639,0.5182]]],
[[[-79.1408,53.5687,0.7412],[-79.1367,53.5697,0.0],[-79.1339,53.5717,0.0],[-79.1375,53.5713,1.889],[-79.1408,53.5687,0.7412]]],
[[[-78.9763,53.5758,4.4124],[-78.9735,53.5769,1.8957],[-78.9804,53.5765,3.6367],[-78.978,53.5758,3.6367],[-78.9763,53.5758,4.4124]]],
[[[-78.995,53.5703,7.4471],[-78.9937,53.5683,1.1605],[-78.9897,53.5702,1.3512],[-78.9907,53.5727,0.296],[-78.995,53.5703,7.4471]]],
[[[-78.9932,53.5744,0.0],[-78.9975,53.5762,1.9629],[-79.003,53.5721,1.1431],[-79.0,53.5715,0.0],[-78.9932,53.5744,0.0]]],
[[[-79.1356,53.56,0.0],[-79.1322,53.5622,0.7577],[-79.1368,53.5631,3.0161],[-79.1397,53.562,3.0658],[-79.1387,53.5601,0.0],[-79.1356,53.56,0.0]]],
[[[-79.1127,53.5581,2.334],[-79.1061,53.5565,0.0],[-79.1044,53.5578,0.0],[-79.1059,53.5589,1.1276],[-79.1049,53.5612,0.7628],[-79.1112,53.5597,1.4937],[-79.1127,53.5581,2.334]]],
[[[-79.0958,53.5598,0.0],[-79.0886,53.5618,0.0],[-79.0955,53.5628,1.4467],[-79.1025,53.5603,0.566],[-79.1004,53.5576,1.1168],[-79.0958,53.5598,0.0]]],
[[[-78.9865,53.563,3.9829],[-78.9905,53.5611,5.9689],[-78.9913,53.5604,0.5852],[-78.9842,53.5617,0.5571],[-78.9865,53.563,3.9829]]],
[[[-78.9689,53.561,2.4242],[-78.9656,53.5635,4.4905],[-78.9767,53.5609,1.1994],[-78.9749,53.5602,0.7953],[-78.9689,53.561,2.4242]]],
[[[-79.0368,53.5502,2.59],[-79.0372,53.5514,2.9264],[-79.035,53.5522,1.4376],[-79.036,53.5533,1.4376],[-79.0438,53.5508,0.2352],[-79.0451,53.549,1.0756],[-79.0417,53.548,5.9582],[-79.0464,53.5459,6.8275],[-79.0521,53.5489,0.3694],[-79.0561,53.5478,8.0813],[-79.0678,53.551,1.4473],[-79.0761,53.5486,4.1859],[-79.0783,53.5506,0.0],[-79.0828,53.5503,0.0],[-79.0878,53.5478,0.0],[-79.0861,53.5461,2.0888],[-79.0889,53.5453,0.0],[-79.0894,53.5433,0.3413],[-79.0828,53.5436,0.0],[-79.0744,53.5417,0.0],[-79.0733,53.5425,0.0],[-79.0744,53.5461,1.5314],[-79.0678,53.5478,4.3376],[-79.0667,53.5458,1.3254],[-79.0522,53.5457,3.8543],[-79.048,53.5434,0.1269],[-79.0409,53.5429,1.4567],[-79.034,53.5453,2.3572],[-79.0367,53.5478,4.1534],[-79.0368,53.5502,2.59]]],
[[[-79.1452,53.5512,1.7386],[-79.1401,53.5555,0.0],[-79.1429,53.5558,0.0],[-79.1461,53.5527,1.5134],[-79.1522,53.5533,0.8669],[-79.1578,53.5503,0.8841],[-79.1544,53.5489,0.81],[-79.1506,53.5514,1.4726],[-79.1452,53.5512,1.7386]]],
[[[-79.0887,53.554,3.5316],[-79.0858,53.556399999999996,0.1769],[-79.0956,53.5558,0.0],[-79.1078,53.5503,1.4587],[-79.0991,53.5493,2.5708],[-79.0913,53.5515,2.0155],[-79.0887,53.554,3.5316]]],
[[[-79.1201,53.5538,0.3337],[-79.1322,53.5542,0.7649],[-79.1278,53.5522,2.4867],[-79.1233,53.5525,2.7648],[-79.1189,53.5486,0.0],[-79.1139,53.5489,1.9718],[-79.1117,53.5511,0.7882],[-79.115,53.5539,0.0],[-79.1201,53.5538,0.3337]]],
[[[-79.0533,53.5528,0.3301],[-79.0517,53.5525,0.3301],[-79.0494,53.5545,0.0],[-79.055,53.5531,0.8777],[-79.0533,53.5528,0.3301]]],
[[[-79.115,53.556399999999996,0.0],[-79.1144,53.5575,0.0],[-79.1182,53.5583,0.9236],[-79.1199,53.555,0.3337],[-79.1178,53.5553,0.3337],[-79.115,53.556399999999996,0.0]]],
[[[-79.064,53.5588,0.9072],[-79.0703,53.5582,4.9379],[-79.0724,53.5601,0.0],[-79.0716,53.5617,0.0],[-79.0739,53.5622,0.0],[-79.0804,53.5596,0.0],[-79.0814,53.5586,0.0],[-79.0797,53.5566,2.2268],[-79.0856,53.5528,1.4266],[-79.08,53.5517,0.0],[-79.0647,53.5542,2.1029],[-79.0627,53.557,0.1175],[-79.064,53.5588,0.9072]]],
[[[-79.1483,53.5639,1.2277],[-79.1544,53.565,4.2519],[-79.1617,53.5631,0.4119],[-79.1628,53.5619,0.0],[-79.16,53.5589,4.6908],[-79.1628,53.5575,0.0],[-79.1606,53.5561,0.2738],[-79.1544,53.5587,0.2323],[-79.15,53.5575,1.4723],[-79.144,53.5595,1.2981],[-79.1483,53.5639,1.2277]]],
[[[-79.1422,53.5835,0.0],[-79.1431,53.5854,0.6347],[-79.1461,53.5847,1.9854],[-79.1456,53.5828,0.0],[-79.1422,53.5835,0.0]]],
[[[-79.1211,53.5837,0.0],[-79.1256,53.5856,0.0],[-79.1278,53.5847,0.0],[-79.1256,53.5831,0.0],[-79.1211,53.5837,0.0]]],
[[[-79.1139,53.5965,8.0452],[-79.1228,53.5978,1.8988],[-79.1189,53.5933,0.0],[-79.1114,53.5944,1.0812],[-79.1139,53.5965,8.0452]]],
[[[-79.2017,53.6133,0.0],[-79.1989,53.6139,1.2811],[-79.2044,53.6158,1.1502],[-79.2077,53.6147,1.2455],[-79.2078,53.6139,1.2455],[-79.2017,53.6133,0.0]]],
[[[-79.0956,53.6075,0.4322],[-79.0922,53.6061,1.2592],[-79.0839,53.61,0.1547],[-79.0889,53.6101,1.0058],[-79.0956,53.6075,0.4322]]],
[[[-79.0942,53.5889,0.8074],[-79.09,53.5905,0.2272],[-79.0943,53.5909,1.4012],[-79.0957,53.5897,0.8074],[-79.0942,53.5889,0.8074]]],
[[[-79.1272,53.6081,0.8656],[-79.1244,53.6117,0.0],[-79.1316,53.6109,0.0],[-79.1394,53.6067,0.0],[-79.1317,53.6072,3.2071],[-79.1311,53.6064,4.3011],[-79.1383,53.605,0.0],[-79.1383,53.6039,0.0],[-79.1161,53.6,0.0],[-79.1105,53.5978,5.6983],[-79.1011,53.5903,0.0],[-79.0967,53.5917,0.533],[-79.0994,53.5952,2.2105],[-79.0917,53.5953,0.0],[-79.0927,53.6003,2.8546],[-79.0947,53.6018,0.999],[-79.1056,53.6022,7.702],[-79.1128,53.6069,2.4119],[-79.1289,53.6061,4.3011],[-79.1272,53.6081,0.8656]]],
[[[-79.0578,53.6229,0.2987],[-79.0594,53.6219,0.1853],[-79.0589,53.6208,0.1853],[-79.0537,53.6217,0.3338],[-79.0522,53.6233,0.5159],[-79.0549,53.6239,0.4394],[-79.0578,53.6229,0.2987]]],
[[[-79.0763,53.6231,0.3446],[-79.0728,53.6228,0.0],[-79.0716,53.6253,0.0],[-79.0789,53.6244,0.0],[-79.0763,53.6231,0.3446]]],
[[[-79.0528,53.6256,0.0],[-79.0522,53.6272,0.0],[-79.055,53.6286,0.8865],[-79.0587,53.6282,0.0],[-79.055,53.6255,0.7517],[-79.0528,53.6256,0.0]]],
[[[-79.0701,53.6325,3.4317],[-79.0715,53.6337,3.4317],[-79.0772,53.6328,3.2849],[-79.0711,53.6297,0.0],[-79.0689,53.6317,0.0],[-79.0701,53.6325,3.4317]]],
[[[-79.1021,53.6335,1.1629],[-79.1078,53.6333,1.2484],[-79.1083,53.6369,0.3525],[-79.11,53.6372,0.8694],[-79.1142,53.6333,0.4119],[-79.1075,53.6317,0.0],[-79.0926,53.6335,2.2684],[-79.0945,53.6345,1.9608],[-79.1021,53.6335,1.1629]]],
[[[-79.1172,53.6383,2.3116],[-79.1168,53.6399,1.09],[-79.123,53.6412,1.5943],[-79.1295,53.6399,2.6257],[-79.1255,53.6371,3.567],[-79.1172,53.6383,2.3116]]],
[[[-79.1009,53.6706,0.9767],[-79.0967,53.6703,0.0],[-79.095,53.6725,0.7303],[-79.1017,53.6714,0.9767],[-79.1009,53.6706,0.9767]]],
[[[-79.1217,53.6731,0.0],[-79.1194,53.6733,0.0],[-79.1189,53.6739,0.0],[-79.1244,53.6739,1.2529],[-79.1217,53.6731,0.0]]],
[[[-79.1467,53.6761,0.0],[-79.145,53.6778,0.0],[-79.1511,53.6772,1.5523],[-79.1505,53.6761,0.7019],[-79.1467,53.6761,0.0]]],
[[[-79.0863,53.6838,9.3812],[-79.0844,53.6849,0.2191],[-79.0942,53.6874,0.0],[-79.1039,53.685,0.0],[-79.1017,53.6837,0.0],[-79.0974,53.6843,1.4978],[-79.0978,53.6819,2.76],[-79.1061,53.6823,0.0],[-79.11,53.6803,1.1562],[-79.1089,53.6783,0.0],[-79.1028,53.6783,0.4586],[-79.0967,53.6742,2.0843],[-79.0923,53.6755,0.7998],[-79.0944,53.6778,0.5174],[-79.0922,53.681399999999996,0.8182],[-79.0863,53.6838,9.3812]]],
[[[-79.1272,53.6799,0.3375],[-79.125,53.6803,0.0],[-79.1255,53.6817,3.0447],[-79.1289,53.6809,3.6072],[-79.1272,53.6799,0.3375]]],
[[[-79.1462,53.6883,3.4889],[-79.1506,53.6878,2.3154],[-79.1556,53.6895,0.8511],[-79.1539,53.6853,0.0],[-79.1431,53.6788,0.0],[-79.1417,53.68,0.0],[-79.1433,53.6819,0.2732],[-79.14,53.6831,1.9019],[-79.145,53.6841,2.2013],[-79.1422,53.6867,0.6283],[-79.1462,53.6883,3.4889]]],
[[[-79.1667,53.6917,0.2232],[-79.1633,53.6939,1.8706],[-79.1672,53.6956,1.9247],[-79.1728,53.6939,0.0],[-79.1717,53.6914,0.0],[-79.1667,53.6917,0.2232]]],
[[[-79.1505,53.7097,0.3824],[-79.1567,53.7119,1.3787],[-79.1639,53.7109,0.0],[-79.1589,53.7097,0.0],[-79.1505,53.7097,0.3824]]],
[[[-79.1667,53.7036,1.5246],[-79.1667,53.7019,0.0],[-79.1629,53.7015,0.0],[-79.1594,53.7025,0.3545],[-79.1589,53.7042,1.6275],[-79.165,53.7069,4.3645],[-79.1667,53.7036,1.5246]]],
[[[-79.1719,53.7035,0.5522],[-79.1706,53.7033,0.0],[-79.1665,53.7053,7.6775],[-79.1689,53.7056,1.8682],[-79.1719,53.7035,0.5522]]],
[[[-79.1533,53.7128,0.9544],[-79.1522,53.7125,0.9544],[-79.15,53.7141,0.0],[-79.1561,53.7147,1.7312],[-79.1533,53.7128,0.9544]]],
[[[-79.1514,53.7276,1.4024],[-79.1589,53.7281,0.8001],[-79.1622,53.7269,0.4161],[-79.1622,53.7256,0.4161],[-79.16,53.7247,1.3705],[-79.1611,53.7236,0.0],[-79.1589,53.7217,0.0],[-79.1556,53.7209,0.4806],[-79.1458,53.7247,0.0],[-79.1514,53.7276,1.4024]]],
[[[-79.1583,53.7133,0.0],[-79.1639,53.7164,1.0239],[-79.1716,53.7153,0.0],[-79.1671,53.7123,2.4632],[-79.1583,53.7133,0.0]]],
[[[-79.1136,53.7243,2.3826],[-79.1115,53.7267,1.5154],[-79.1189,53.7259,0.3397],[-79.128,53.7222,0.4084],[-79.1189,53.7233,1.5505],[-79.1239,53.7195,2.0649],[-79.1119,53.7162,0.8389],[-79.1074,53.7192,0.0],[-79.1099,53.7227,0.1551],[-79.1136,53.7243,2.3826]]],
[[[-79.1378,53.7296,1.1758],[-79.1411,53.7303,2.3864],[-79.1444,53.7279,0.4524],[-79.14,53.7281,0.7825],[-79.1378,53.7296,1.1758]]],
[[[-79.131,53.7261,0.0],[-79.1272,53.7283,0.2117],[-79.1311,53.7297,0.0],[-79.1364,53.7279,0.0],[-79.1377,53.7246,0.3242],[-79.1327,53.7231,0.0],[-79.1303,53.7247,0.0],[-79.131,53.7261,0.0]]],
[[[-79.1095,53.5799,0.079],[-79.1125,53.5795,0.6286],[-79.1138,53.5785,0.0],[-79.1064,53.5777,0.2542],[-79.1095,53.5799,0.079]]],
[[[-78.9712,53.5819,8.4796],[-78.9797,53.5825,1.6075],[-78.9815,53.5806,3.1378],[-78.9743,53.5797,2.5088],[-78.9705,53.5804,0.0],[-78.9712,53.5819,8.4796]]],
[[[-79.1438,53.7525,0.1369],[-79.1448,53.7523,0.8272],[-79.1459,53.75,0.0],[-79.1425,53.7509,0.1424],[-79.1438,53.7525,0.1369]]],
[[[-79.0878,53.7536,0.0],[-79.0925,53.7535,1.9654],[-79.0961,53.7564,0.0],[-79.1005,53.7556,0.4741],[-79.0921,53.7493,1.1812],[-79.0851,53.7497,0.0],[-79.0883,53.7521,0.0],[-79.0867,53.7528,0.0],[-79.0878,53.7536,0.0]]],
[[[-79.1044,53.7546,0.6062],[-79.1083,53.7575,0.0],[-79.1126,53.7577,0.0],[-79.1202,53.7543,0.144],[-79.1033,53.7483,0.0],[-79.0997,53.7487,0.3253],[-79.099,53.7499,2.0158],[-79.1044,53.7546,0.6062]]],
[[[-79.1017,53.7597,0.0],[-79.1078,53.7619,2.5706],[-79.1139,53.7617,0.0],[-79.1044,53.7592,0.0],[-79.1017,53.7597,0.0]]],
[[[-79.1916,53.7587,0.0],[-79.1887,53.7613,3.2608],[-79.1914,53.7638,1.3858],[-79.2036,53.7619,0.8519],[-79.2007,53.7607,3.3841],[-79.1916,53.7587,0.0]]],
[[[-79.1825,53.7639,0.6711],[-79.184,53.7629,0.9528],[-79.1822,53.7619,0.0],[-79.1783,53.7628,0.0],[-79.1796,53.7639,0.3146],[-79.1825,53.7639,0.6711]]],
[[[-79.1239,53.7672,0.0],[-79.13,53.7689,0.0],[-79.1367,53.7689,0.0],[-79.1378,53.7672,0.0],[-79.1239,53.7637,0.0],[-79.1178,53.7645,1.2668],[-79.1239,53.7672,0.0]]],
[[[-79.1623,53.7698,0.0],[-79.164,53.771,0.9708],[-79.1662,53.7708,0.9708],[-79.1653,53.7696,0.5199],[-79.1623,53.7698,0.0]]],
[[[-79.1835,53.7793,0.5829],[-79.1874,53.7799,2.4312],[-79.1908,53.7785,0.6289],[-79.1879,53.7781,0.6289],[-79.1835,53.7793,0.5829]]],
[[[-79.1522,53.7687,0.0],[-79.1462,53.7697,0.2688],[-79.1546,53.7717,2.1532],[-79.16,53.7694,0.1278],[-79.1538,53.7684,0.0],[-79.1522,53.7687,0.0]]],
[[[-79.1776,53.7913,1.549],[-79.1736,53.7915,0.2756],[-79.1806,53.7928,2.882],[-79.1857,53.7913,0.4816],[-79.1833,53.7905,1.289],[-79.1776,53.7913,1.549]]],
[[[-79.12,53.7917,1.7198],[-79.1213,53.7921,0.609],[-79.1226,53.7909,2.0536],[-79.1194,53.7903,0.0],[-79.12,53.7917,1.7198]]],
[[[-79.1005,53.7923,0.5766],[-79.0978,53.7936,0.0],[-79.1006,53.7939,0.0],[-79.1032,53.7919,0.0],[-79.1005,53.7923,0.5766]]],
[[[-79.1278,53.7922,2.6725],[-79.1262,53.7923,0.7441],[-79.125,53.795,0.0],[-79.1428,53.7933,0.4168],[-79.1378,53.7911,0.2114],[-79.1278,53.7922,2.6725]]],
[[[-79.1556,53.7939,0.0],[-79.1644,53.7947,1.764],[-79.1678,53.7928,1.3873],[-79.1522,53.7923,0.6747],[-79.1556,53.7939,0.0]]],
[[[-79.1617,53.8106,0.0],[-79.1633,53.81,0.0],[-79.1572,53.81,0.0],[-79.1583,53.8111,0.0],[-79.1617,53.8106,0.0]]],
[[[-79.1795,53.819,0.6242],[-79.1806,53.8203,0.6242],[-79.1856,53.8201,2.5277],[-79.1933,53.8153,2.9557],[-79.1944,53.813,1.9184],[-79.1748,53.8077,1.3375],[-79.1682,53.8096,0.0],[-79.1706,53.8139,0.0],[-79.1698,53.8149,0.0],[-79.172,53.8164,1.6808],[-79.176,53.8173,0.0],[-79.1815,53.8161,2.3608],[-79.1795,53.819,0.6242]]],
[[[-79.1681,53.8146,0.0],[-79.1644,53.8133,0.0],[-79.1637,53.8139,0.0],[-79.1695,53.8161,0.0],[-79.1681,53.8146,0.0]]],
[[[-79.2235,53.8167,1.3271],[-79.2251,53.8149,1.6237],[-79.2203,53.8136,0.7755],[-79.2217,53.816,1.3271],[-79.2235,53.8167,1.3271]]],
[[[-79.2278,53.82,0.0],[-79.225,53.8203,0.0],[-79.225,53.8214,0.0],[-79.2289,53.8206,1.6481],[-79.2278,53.82,0.0]]],
[[[-79.2283,53.7963,1.9441],[-79.2291,53.7955,1.9441],[-79.2274,53.794,1.7651],[-79.2251,53.7945,0.4375],[-79.2249,53.7954,0.4375],[-79.2283,53.7963,1.9441]]],
[[[-79.1057,53.7966,4.1585],[-79.1093,53.7988,0.3301],[-79.1171,53.798,2.9516],[-79.1112,53.796,3.1816],[-79.1057,53.7966,4.1585]]],
[[[-79.1957,53.7843,0.6527],[-79.1959,53.7855,0.9199],[-79.1999,53.7868,1.8665],[-79.1981,53.785,0.0],[-79.1957,53.7843,0.6527]]],
[[[-79.1265,53.7868,0.0],[-79.1241,53.7879,0.1601],[-79.1298,53.7873,0.9321],[-79.1272,53.7867,0.0],[-79.1265,53.7868,0.0]]],
[[[-79.0953,53.7867,0.0],[-79.0927,53.7869,0.0],[-79.0906,53.7895,0.2758],[-79.0924,53.7903,0.2758],[-79.1017,53.7877,0.0],[-79.1005,53.7869,0.0],[-79.0953,53.7867,0.0]]],
[[[-79.128,53.7334,0.0],[-79.1261,53.7358,3.7788],[-79.1222,53.7372,0.0],[-79.1285,53.7372,0.0],[-79.1374,53.7332,0.743],[-79.1322,53.7322,0.8125],[-79.128,53.7334,0.0]]],
[[[-79.1178,53.7294,0.0],[-79.1194,53.7278,0.0],[-79.1113,53.7281,0.0],[-79.1105,53.73,0.0],[-79.1144,53.7317,0.2497],[-79.1178,53.7294,0.0]]],
[[[-79.1434,53.7441,0.0],[-79.1466,53.7467,0.0],[-79.1603,53.746,0.0],[-79.1627,53.7443,0.0],[-79.1617,53.7425,0.0],[-79.1561,53.7409,3.8084],[-79.1639,53.7381,2.8195],[-79.1639,53.7359,0.0],[-79.1533,53.7317,0.0],[-79.15,53.7331,0.0],[-79.1444,53.7325,0.294],[-79.135,53.7378,0.0],[-79.1361,53.7409,0.3093],[-79.1434,53.7441,0.0]]],
[[[-79.0797,53.7317,0.0],[-79.0756,53.7311,0.0],[-79.0793,53.7331,6.1028],[-79.0756,53.7384,8.9004],[-79.0845,53.7369,9.2708],[-79.095,53.7436,0.0],[-79.0994,53.7436,0.7107],[-79.1033,53.7411,0.0],[-79.0906,53.735,3.6298],[-79.0956,53.7344,1.6117],[-79.0961,53.7328,1.9345],[-79.0927,53.7319,0.0],[-79.0867,53.7339,1.3228],[-79.0837,53.7317,0.0],[-79.0797,53.7317,0.0]]],
[[[-79.1621,53.493899999999996,0.3686],[-79.1603,53.4949,0.0],[-79.1658,53.4931,0.0],[-79.1651,53.4929,0.0],[-79.1621,53.493899999999996,0.3686]]],
[[[-79.174,53.4964,0.0],[-79.1737,53.4979,0.661],[-79.1775,53.4966,0.9032],[-79.1761,53.4959,0.9032],[-79.174,53.4964,0.0]]],
[[[-79.148,53.4981,5.4353],[-79.155,53.5011,0.5239],[-79.16,53.5003,0.9054],[-79.1578,53.4978,2.1887],[-79.1502,53.4965,1.8398],[-79.1478,53.4947,0.5375],[-79.1429,53.4963,0.0],[-79.145,53.4984,0.5575],[-79.148,53.4981,5.4353]]],
[[[-79.1272,53.5019,3.1597],[-79.1283,53.5019,2.3084],[-79.1261,53.5031,1.7603],[-79.1267,53.5042,2.1769],[-79.1297,53.5045,1.8196],[-79.135,53.5036,3.4757],[-79.1367,53.5014,0.3959],[-79.1317,53.5006,2.6231],[-79.13,53.4989,4.1826],[-79.1311,53.4983,4.2169],[-79.13,53.4959,1.1781],[-79.1208,53.501,1.5029],[-79.123,53.5025,0.7017],[-79.1272,53.5019,3.1597]]],
[[[-79.7144,53.515,4.9654],[-79.7181,53.5176,0.4646],[-79.7267,53.5167,3.4175],[-79.7282,53.5149,4.1118],[-79.7253,53.5123,4.9306],[-79.7247,53.509,2.7335],[-79.7306,53.5133,1.9401],[-79.7322,53.5125,1.9401],[-79.7219,53.5016,0.0],[-79.7153,53.4988,13.0348],[-79.7139,53.4944,0.0],[-79.7107,53.4921,5.4671],[-79.6917,53.4948,0.6309],[-79.6861,53.4975,7.3043],[-79.6855,53.4991,5.3712],[-79.6878,53.5009,5.7632],[-79.6977,53.5031,4.7899],[-79.6992,53.5044,0.4799],[-79.6982,53.5071,0.0],[-79.6996,53.5087,0.0],[-79.7144,53.515,4.9654]]],
[[[-79.5179,49.1636,324.9196],[-79.518,49.0089,316.8997],[-79.3633,49.0106,337.3547],[-79.0574,49.0102,305.6895],[-79.0581,48.9998,313.4558],[-74.6763,49.0001,443.5],[-74.6763,48.9948,497.1578],[-74.6305,48.9663,601.1299],[-74.6212,48.9738,625.6567],[-74.6148,48.9756,563.0117],[-74.611,48.9733,519.4849],[-74.6116,48.9662,566.9934],[-74.6042,48.9644,576.0359],[-74.5892,48.9697,571.8004],[-74.5839,48.9631,594.8343],[-74.5756,48.9674,545.1658],[-74.5681,48.9742,537.1227],[-74.5562,48.9765,518.5507],[-74.5409,48.983,550.5571],[-74.529,48.9913,516.3175],[-74.5261,48.9955,519.9126],[-74.5155,49.0,486.6304],[-74.5114,49.0,458.1056],[-74.5079,48.9947,463.8746],[-74.5078,48.9888,462.8936],[-74.4985,48.9816,436.8922],[-74.4931,48.9712,439.8223],[-74.4561,48.957,508.7639],[-74.4377,48.96,555.1357],[-74.4298,48.9573,529.0132],[-74.4305,48.9545,531.2789],[-74.4336,48.9524,567.8671],[-74.4429,48.9505,558.8995],[-74.451,48.9454,548.4],[-74.4555,48.9404,539.368],[-74.4511,48.9328,515.8478],[-74.4439,48.9293,537.6134],[-74.4311,48.9358,494.5977],[-74.4237,48.934,471.4343],[-74.4188,48.9284,466.0507],[-74.4146,48.9265,442.5864],[-74.4099,48.9266,448.7276],[-74.3907,48.9371,522.8038],[-74.3807,48.9395,462.629],[-74.3623,48.9373,453.908],[-74.3499,48.9297,439.4779],[-74.341,48.9278,430.0387],[-74.3306,48.9317,444.716],[-74.3274,48.9365,444.3149],[-74.3265,48.987,436.8336],[-74.2985,49.004,452.1873],[-74.2991,49.0112,466.228],[-74.306,49.0144,478.7003],[-74.2966,49.0214,516.7148],[-74.2979,49.0277,525.3257],[-74.3045,49.0361,487.1343],[-74.306,49.0417,523.6255],[-74.3033,49.0433,513.9166],[-74.2905,49.0417,450.6912],[-74.2919,49.0468,442.679],[-74.2915,49.0605,477.594],[-74.2804,49.0735,476.9519],[-74.2739,49.0868,452.6142],[-74.2752,49.0996,446.6482],[-74.2673,49.1109,439.1635],[-74.2731,49.1181,413.598],[-74.2693,49.1342,429.4163],[-74.2644,49.1394,425.3491],[-74.258,49.1408,419.0748],[-74.2463,49.1383,435.2965],[-74.2436,49.1398,429.8228],[-74.2437,49.1424,426.1973],[-74.25,49.1508,408.5562],[-74.2548,49.1681,409.9177],[-74.2541,49.1753,415.7281],[-74.244,49.186,425.8704],[-74.2433,49.2009,408.6823],[-74.2461,49.2131,407.4749],[-74.2443,49.2165,406.6408],[-74.239,49.2189,410.7318],[-74.2401,49.243899999999996,399.0],[-74.2415,49.2484,399.0],[-74.2396,49.2718,407.1672],[-74.2407,49.2835,416.5903],[-74.2432,49.2871,412.8844],[-74.2497,49.2894,420.001],[-74.2564,49.2882,408.7321],[-74.2759,49.2752,397.5009],[-74.2813,49.2795,401.5096],[-74.282,49.2862,406.5887],[-74.2854,49.2874,405.9769],[-74.2978,49.2809,413.7323],[-74.3036,49.2736,425.8104],[-74.3077,49.2608,434.704],[-74.314,49.2608,428.9378],[-74.316,49.2674,430.3561],[-74.333,49.2779,457.0375],[-74.3367,49.2827,414.6435],[-74.3733,49.3033,399.1349],[-74.3721,49.312,404.8879],[-74.3751,49.319,399.3727],[-74.3844,49.3205,404.0191],[-74.3923,49.3157,405.3719],[-74.3998,49.3142,407.5103],[-74.4149,49.315,400.8368],[-74.4255,49.3193,399.192],[-74.4303,49.3269,404.2527],[-74.4294,49.3327,411.0761],[-74.4242,49.342,400.7482],[-74.4125,49.3555,415.5762],[-74.3991,49.3664,398.7433],[-74.3984,49.3717,405.9626],[-74.4011,49.3745,435.0623],[-74.4124,49.375,514.0507],[-74.4154,49.3847,474.8499],[-74.412,49.3962,411.196],[-74.4138,49.4087,400.6077],[-74.4118,49.4215,407.4394],[-74.4045,49.4293,450.5125],[-74.3801,49.4424,423.1894],[-74.3773,49.4462,417.2599],[-74.3787,49.4513,411.7029],[-74.3867,49.4593,412.4801],[-74.393,49.4691,408.2191],[-74.3883,49.4746,410.1185],[-74.3675,49.4779,402.9959],[-74.3664,49.4878,415.1505],[-74.3625,49.495,437.2831],[-74.3499,49.502,461.2586],[-74.343,49.5005,475.6239],[-74.328,49.4902,499.4229],[-74.3271,49.4849,500.6982],[-74.3314,49.4787,422.5818],[-74.3248,49.4764,421.5909],[-74.311,49.479,431.0482],[-74.2968,49.486,470.1357],[-74.2757,49.5047,506.5864],[-74.2603,49.512,499.3935],[-74.2656,49.5273,439.7042],[-74.2588,49.5329,430.2206],[-74.2527,49.544,431.2302],[-74.2495,49.571,449.3495],[-74.2215,49.5833,429.7597],[-74.2156,49.5901,426.2418],[-74.2117,49.5986,446.6201],[-74.1932,49.6132,426.3596],[-74.1919,49.6272,427.8969],[-74.1988,49.6432,423.4102],[-74.1948,49.6562,431.5332],[-74.1773,49.6767,444.817],[-74.1693,49.6801,439.7359],[-74.1593,49.6813,430.1275],[-74.1439,49.679,433.0292],[-74.1375,49.6813,440.9779],[-74.1298,49.6868,441.8758],[-74.1225,49.6934,460.7765],[-74.116,49.7078,434.44],[-74.107,49.718,418.6563],[-74.1027,49.725,418.5705],[-74.1002,49.7345,421.5425],[-74.4684,49.7341,375.0],[-74.468,50.0262,363.0],[-74.0189,50.0246,417.7452],[-74.0186,50.0,420.1306],[-74.0204,49.9726,448.6034],[-74.0198,49.88,401.9048],[-74.0171,49.88,399.0632],[-74.0161,49.8018,543.0302],[-74.0049,49.806,534.0118],[-73.9904,49.8186,501.6688],[-73.985,49.831,529.2628],[-73.9693,49.8406,459.2643],[-73.9581,49.8412,473.4259],[-73.9405,49.866,502.0701],[-73.9225,49.8818,506.1569],[-73.9217,49.892,530.7274],[-73.9128,49.8961,546.5129],[-73.9093,49.9216,552.7427],[-73.896,49.9408,481.2751],[-73.8973,49.9489,476.6356],[-73.8924,49.9573,492.9892],[-73.8806,49.9655,474.169],[-73.8697,49.9701,484.0396],[-73.8589,49.9838,503.9017],[-73.8534,49.9982,597.3379],[-73.8548,50.0129,579.1826],[-73.8453,50.0129,568.851],[-73.8397,50.0102,533.8681],[-73.8294,50.0114,558.6729],[-73.8218,50.0157,492.2267],[-73.8159,50.022,480.837],[-73.8145,50.03,513.9953],[-73.8065,50.0315,490.8392],[-73.8035,50.0447,472.1228],[-73.7856,50.0743,498.3764],[-73.7844,50.0815,481.4888],[-73.7922,50.0945,480.837],[-73.7914,50.0984,489.6085],[-73.7787,50.1126,473.4053],[-73.7774,50.1178,473.585],[-73.7787,50.1241,467.625],[-73.7874,50.1328,476.3021],[-73.7885,50.1375,479.4012],[-73.7779,50.1538,473.7466],[-73.7765,50.1579,480.3524],[-73.7774,50.1618,472.153],[-73.7792,50.1648,477.0576],[-73.7888,50.168,470.4975],[-73.792,50.1727,474.4926],[-73.7911,50.1793,473.6985],[-73.7678,50.2223,498.8945],[-73.7624,50.2271,541.4637],[-73.7453,50.2357,520.1929],[-73.7421,50.2344,547.2414],[-73.7437,50.2229,528.8698],[-73.7421,50.2195,521.8375],[-73.7235,50.2164,526.9498],[-73.7122,50.2122,492.3936],[-73.6855,50.2116,594.5554],[-73.6822,50.2201,554.6841],[-73.6735,50.2286,525.3033],[-73.6723,50.2369,514.2607],[-73.6689,50.242,518.8743],[-73.6635,50.2457,517.6407],[-73.6589,50.2513,511.5099],[-73.6546,50.2617,507.9228],[-73.6409,50.2754,512.9099],[-73.6191,50.3102,462.197],[-73.6194,50.3222,454.3911],[-73.6139,50.3357,473.6805],[-73.612,50.3394,488.1872],[-73.6019,50.3468,455.459],[-73.6042,50.3498,461.7856],[-73.6095,50.3683,495.5993],[-73.6109,50.3894,478.9471],[-73.5959,50.4047,496.3221],[-73.5931,50.4084,495.9003],[-73.5913,50.4157,504.0651],[-73.588,50.4194,502.4212],[-73.5843,50.4195,500.8842],[-73.578,50.4136,492.514],[-73.5749,50.4064,482.4778],[-73.5761,50.3974,492.1496],[-73.5832,50.3805,479.3586],[-73.582,50.3767,477.4664],[-73.5827,50.3575,461.6176],[-73.5778,50.3538,460.2896],[-73.5739,50.3536,460.6983],[-73.5631,50.3683,462.8148],[-73.5539,50.3659,467.7372],[-73.5447,50.3673,462.4307],[-73.5371,50.3717,471.4695],[-73.5305,50.3802,473.7783],[-73.5024,50.3843,486.5434],[-73.4983,50.3861,492.688],[-73.4948,50.3914,488.5482],[-73.4927,50.4022,482.2489],[-73.4889,50.4064,482.9234],[-73.4842,50.4034,482.3544],[-73.4772,50.3882,478.1774],[-73.4774,50.3746,490.7341],[-73.471,50.3712,487.5534],[-73.4609,50.3742,476.4638],[-73.4582,50.3829,547.2521],[-73.45,50.3969,482.6223],[-73.4538,50.4116,482.2306],[-73.4508,50.4227,492.1545],[-73.4469,50.4286,490.555],[-73.4363,50.4407,480.57],[-73.4005,50.4676,505.8569],[-73.3876,50.4844,479.6756],[-73.3863,50.4968,473.5569],[-73.3928,50.5069,467.294],[-73.3915,50.5102,461.5766],[-73.3857,50.5152,477.5064],[-73.3732,50.5203,485.1846],[-73.3573,50.5314,508.1611],[-73.3542,50.5379,498.8436],[-73.3528,50.5523,495.9565],[-73.3453,50.5633,499.2575],[-73.3403,50.5739,505.6855],[-73.3376,50.5767,517.8928],[-73.3294,50.5771,511.2145],[-73.3304,50.5801,507.765],[-73.3285,50.584,500.1666],[-73.3139,50.5856,505.6158],[-73.3107,50.5872,511.7315],[-73.3035,50.6015,523.226],[-73.3022,50.6065,511.849],[-73.3031,50.6181,489.7818],[-73.2981,50.627,494.8852],[-73.2905,50.6346,487.8837],[-73.2674,50.6461,512.1075],[-73.2666,50.6473,511.2381],[-73.2718,50.6488,503.1394],[-73.2739,50.6516,499.4939],[-73.2534,50.6819,526.5395],[-73.2392,50.6882,513.1979],[-73.2297,50.6998,513.6776],[-73.221,50.7066,517.6721],[-73.2138,50.7078,517.05],[-73.2077,50.7037,510.7234],[-73.2001,50.7055,505.8654],[-73.1954,50.7036,506.8194],[-73.193,50.7007,506.7294],[-73.1878,50.7006,526.5833],[-73.1743,50.73,548.1376],[-73.1692,50.7373,529.066],[-73.1527,50.7471,626.1986],[-73.1377,50.7522,566.6704],[-73.1197,50.7527,546.1154],[-73.112,50.7514,578.6459],[-73.1093,50.7503,546.3906],[-73.1077,50.7469,568.8356],[-73.1118,50.7411,555.1342],[-73.1101,50.7363,531.1966],[-73.1073,50.7349,535.0482],[-73.0956,50.7359,561.845],[-73.0858,50.7339,567.1575],[-73.0822,50.7325,584.2101],[-73.0749,50.7253,518.428],[-73.0754,50.722,513.8933],[-73.0869,50.7026,501.6519],[-73.0866,50.6952,495.4617],[-73.0834,50.6907,511.694],[-73.0735,50.6918,486.7954],[-73.0718,50.6903,490.0696],[-73.0664,50.6905,478.5375],[-73.0574,50.7,469.0109],[-73.0456,50.7028,478.528],[-73.0378,50.6998,459.7279],[-73.0335,50.6932,468.6606],[-73.0319,50.6859,477.3581],[-73.0326,50.6794,488.7468],[-73.0392,50.673,491.2015],[-73.0547,50.6658,489.6831],[-73.0574,50.6615,491.0122],[-73.0545,50.6544,518.093],[-73.0511,50.6541,531.2127],[-73.0466,50.6576,510.6452],[-73.0338,50.6603,489.0411],[-73.0285,50.6629,480.7949],[-73.0224,50.6683,485.6492],[-73.0072,50.6765,487.917],[-72.9728,50.7055,516.3261],[-72.9587,50.714,541.3261],[-72.9498,50.7158,569.9204],[-72.9444,50.7122,544.9736],[-72.939,50.7116,532.1114],[-72.9368,50.7129,528.0587],[-72.9291,50.7386,524.3958],[-72.9292,50.7481,536.2023],[-72.9302,50.7513,538.7175],[-72.9365,50.7551,556.7224],[-72.938,50.7595,574.9077],[-72.9328,50.7627,579.8871],[-72.9042,50.7714,663.1235],[-72.8947,50.7774,609.0896],[-72.8747,50.8063,580.2865],[-72.8721,50.8072,578.6569],[-72.8669,50.8044,556.6451],[-72.8615,50.8096,562.4798],[-72.7933,50.8197,696.9303],[-72.7823,50.8251,658.0385],[-72.7624,50.8213,661.6982],[-72.7508,50.8221,657.5571],[-72.7487,50.8206,640.5857],[-72.7503,50.8127,644.5786],[-72.7417,50.8081,608.9184],[-72.7458,50.8024,561.162],[-72.7445,50.8009,551.0131],[-72.7311,50.8011,631.3231],[-72.7253,50.7981,596.3729],[-72.7274,50.7905,588.7743],[-72.7254,50.7842,546.0806],[-72.7257,50.78,542.2347],[-72.7323,50.77,543.7104],[-72.7311,50.7639,542.6509],[-72.7264,50.7614,540.2383],[-72.7204,50.7634,545.8054],[-72.7144,50.7756,572.3967],[-72.7058,50.7777,544.6294],[-72.6971,50.7765,530.3474],[-72.6866,50.7685,558.0653],[-72.6836,50.7626,572.1736],[-72.6866,50.753,551.8007],[-72.6855,50.7501,538.3463],[-72.6806,50.7481,542.1053],[-72.6732,50.7477,594.6826],[-72.6526,50.757,580.0259],[-72.6451,50.7619,579.1976],[-72.643,50.7663,587.8655],[-72.6279,50.773,537.7239],[-72.6221,50.7863,537.1085],[-72.6103,50.807,549.2595],[-72.6062,50.8238,524.1838],[-72.607,50.8326,512.8097],[-72.6009,50.8448,519.0771],[-72.597,50.8493,521.1226],[-72.5805,50.8605,528.1707],[-72.5734,50.8674,556.7121],[-72.5717,50.8704,571.8114],[-72.5721,50.8736,562.5192],[-72.5785,50.8789,511.4394],[-72.5792,50.8819,510.4278],[-72.5714,50.8909,511.8898],[-72.5665,50.8925,511.6179],[-72.5617,50.8924,519.9395],[-72.5584,50.8901,511.1548],[-72.5561,50.8704,522.48],[-72.5505,50.8594,568.1165],[-72.5529,50.8513,561.3595],[-72.5613,50.8358,525.338],[-72.5619,50.8279,520.1559],[-72.5602,50.8228,519.9432],[-72.5462,50.8152,516.1076],[-72.5415,50.811,517.9711],[-72.5406,50.8076,514.7623],[-72.5571,50.7863,511.7805],[-72.5568,50.768,503.5],[-72.5593,50.7631,514.5721],[-72.5726,50.7497,529.8901],[-72.5725,50.7441,518.3407],[-72.5659,50.742,522.5758],[-72.561,50.7485,506.6564],[-72.5539,50.7535,531.7437],[-72.5494,50.7558,537.5193],[-72.5393,50.7573,510.399],[-72.5334,50.7513,498.9217],[-72.5349,50.7441,498.7006],[-72.5314,50.7426,507.1371],[-72.5221,50.7469,500.4578],[-72.5202,50.7532,501.5426],[-72.5176,50.7551,502.164],[-72.5148,50.7548,497.1842],[-72.51,50.7509,496.9763],[-72.5054,50.7508,491.2926],[-72.4956,50.7553,499.3202],[-72.4853,50.7623,526.7899],[-72.4657,50.7854,546.0106],[-72.4587,50.7866,556.524],[-72.4518,50.7841,539.6102],[-72.4378,50.7822,550.4395],[-72.4283,50.7865,550.8658],[-72.4236,50.7931,558.7131],[-72.424,50.7983,555.118],[-72.4203,50.8041,533.3945],[-72.403,50.8111,497.7489],[-72.3903,50.8327,501.822],[-72.3792,50.8444,508.3608],[-72.3757,50.8524,509.0148],[-72.3743,50.8618,511.9127],[-72.3755,50.869,518.6506],[-72.3738,50.8859,553.6689],[-72.3705,50.8876,555.1564],[-72.3478,50.8861,521.7888],[-72.342,50.8883,522.0244],[-72.3395,50.8923,528.952],[-72.3126,50.9114,588.9353],[-72.3027,50.9232,659.6445],[-72.298,50.9381,657.9045],[-72.2991,50.9427,631.7852],[-72.2966,50.9476,631.2215],[-72.2908,50.9528,604.1421],[-72.2814,50.9543,612.3496],[-72.2663,50.9499,589.6388],[-72.262,50.9717,614.8221],[-72.2486,50.9751,599.2914],[-72.2445,50.9838,575.9143],[-72.2455,50.9903,585.3599],[-72.2415,51.0039,552.4854],[-72.2363,51.0039,551.5967],[-72.2296,51.0078,579.7047],[-72.2214,51.026,661.6919],[-72.2004,51.0292,576.6345],[-72.1941,51.0284,622.6361],[-72.1909,51.026,612.6991],[-72.1898,51.0218,610.0205],[-72.1915,51.015,604.205],[-72.1905,51.0066,647.5759],[-72.1945,50.9943,620.9009],[-72.1944,50.9892,594.7629],[-72.1836,50.9811,591.8752],[-72.176,50.9791,594.4068],[-72.1677,50.9776,601.0856],[-72.1577,50.9786,596.512],[-72.1551,50.9803,596.7789],[-72.1559,50.9836,598.9877],[-72.1599,50.9871,593.5325],[-72.161,50.9926,589.215],[-72.1549,51.0031,586.4432],[-72.1587,51.0146,591.6868],[-72.1585,51.0226,587.5911],[-72.1531,51.0362,639.2149],[-72.1477,51.0401,664.5411],[-72.1428,51.0489,621.4762],[-72.1372,51.0529,625.275],[-72.1369,51.0572,610.9852],[-72.1412,51.062,612.6826],[-72.1432,51.0688,662.1249],[-72.1274,51.0786,599.7095],[-72.1207,51.0946,629.0699],[-72.1028,51.11,635.8315],[-72.1033,51.1231,653.2502],[-72.1053,51.1274,628.3793],[-72.1019,51.1288,624.3333],[-72.095,51.1252,664.9724],[-72.0926,51.1276,653.1647],[-72.0913,51.1326,652.9549],[-72.0776,51.1423,649.5593],[-72.0743,51.1494,678.9565],[-72.0692,51.1509,695.8493],[-72.0599,51.1498,669.525],[-72.0409,51.144,596.9189],[-72.0275,51.1377,628.8597],[-72.0176,51.1368,634.4962],[-72.0271,51.1504,653.3062],[-72.0397,51.162,711.9706],[-72.025,51.1634,684.1812],[-71.9965,51.1781,608.1887],[-71.9969,51.1833,580.5],[-71.9919,51.2067,588.0],[-71.9792,51.2107,641.0864],[-71.9785,51.2157,612.9058],[-71.9893,51.2295,606.2749],[-71.9569,51.2403,610.3472],[-71.9547,51.2495,650.9772],[-71.9454,51.2561,619.525],[-71.9384,51.2649,672.6068],[-71.937,51.2715,710.5994],[-71.9192,51.2788,639.2314],[-71.9034,51.278,698.6824],[-71.8947,51.2745,653.8991],[-71.8856,51.2733,682.1097],[-71.8735,51.2781,600.0902],[-71.8732,51.2874,577.765],[-71.8811,51.3055,611.8844],[-71.8709,51.3154,700.4156],[-71.8674,51.3213,733.4771],[-71.8739,51.3307,674.9745],[-71.8747,51.3362,660.2594],[-71.8643,51.3492,663.59],[-71.8429,51.3557,613.8749],[-71.8364,51.3594,632.6157],[-71.8345,51.3706,672.6072],[-71.8291,51.3771,655.3859],[-71.8207,51.3756,602.1506],[-71.8161,51.371,655.6819],[-71.817,51.3535,637.8094],[-71.7994,51.3543,712.4612],[-71.7848,51.3629,660.7504],[-71.7722,51.3632,602.6776],[-71.7663,51.3594,590.849],[-71.7595,51.3484,659.3349],[-71.7491,51.3505,641.1967],[-71.7111,51.3759,606.9156],[-71.7088,51.381,613.5005],[-71.7096,51.3869,609.7664],[-71.7064,51.3941,606.8541],[-71.6865,51.4078,615.9084],[-71.6878,51.4135,669.221],[-71.694,51.4173,706.8944],[-71.6914,51.4332,646.1287],[-71.6867,51.4464,586.692],[-71.6654,51.4772,648.6647],[-71.5914,51.4952,621.0939],[-71.5835,51.5004,702.9727],[-71.5792,51.5067,671.3849],[-71.5772,51.5189,586.4814],[-71.5793,51.5323,564.8109],[-71.5822,51.5372,562.7424],[-71.5909,51.5439,534.156],[-71.5932,51.5511,535.18],[-71.5832,51.561,535.7906],[-71.5808,51.5739,571.2885],[-71.5811,51.5868,570.3145],[-71.5897,51.588,552.0067],[-71.5981,51.5933,553.4004],[-71.6036,51.598,550.5919],[-71.6096,51.6065,561.3695],[-71.6098,51.621,548.4394],[-71.6033,51.6481,550.8344],[-71.6132,51.6591,555.0605],[-71.611,51.6666,559.0797],[-71.5997,51.6797,550.6647],[-71.5999,51.6859,554.0955],[-71.6041,51.6948,556.4462],[-71.5977,51.7034,555.1899],[-71.5933,51.7184,570.6224],[-71.5781,51.7483,640.3504],[-71.5822,51.7572,602.5708],[-71.5835,51.7847,631.3463],[-71.5722,51.8019,650.8209],[-71.5711,51.8138,638.8552],[-71.5305,51.8343,693.8517],[-71.467,51.8396,661.8313],[-71.4501,51.844,707.2523],[-71.4158,51.8403,693.4319],[-71.3997,51.8414,726.3184],[-71.3886,51.8464,723.0599],[-71.378,51.8545,710.9987],[-71.3636,51.8785,703.655],[-71.3536,51.9053,735.491],[-71.3287,51.9189,745.0189],[-71.3137,51.9472,760.6179],[-71.3181,51.9619,748.8372],[-71.3151,51.9669,751.2087],[-71.2929,51.9776,772.398],[-71.2875,51.9838,780.3576],[-71.2807,51.9865,783.5198],[-71.2737,52.0008,803.6586],[-71.2562,52.0157,816.4226],[-71.2461,52.0215,820.385],[-71.2099,52.0258,798.5848],[-71.2054,52.0396,824.2754],[-71.2479,52.0358,809.6285],[-71.2688,52.0401,799.4456],[-71.2685,52.0462,786.5012],[-71.2632,52.0548,780.1306],[-71.245,52.0635,787.1162],[-71.2437,52.0696,789.8423],[-71.2371,52.0762,786.0987],[-71.2274,52.0782,778.1245],[-71.2134,52.0851,774.316],[-71.2101,52.0887,767.7937],[-71.2029,52.0902,759.5504],[-71.1976,52.107,756.7356],[-71.1917,52.1156,761.181],[-71.1624,52.1275,740.4882],[-71.1533,52.1388,741.674],[-71.1547,52.1524,739.7424],[-71.1469,52.1601,724.7532],[-71.1404,52.17,727.9817],[-71.1268,52.1729,721.3083],[-71.1159,52.1773,725.8069],[-71.1066,52.1782,726.8721],[-71.0962,52.182,722.3776],[-71.0837,52.1895,732.5623],[-71.0875,52.2019,743.9529],[-71.0862,52.2083,723.6688],[-71.0812,52.213,726.3725],[-71.0381,52.2115,740.0026],[-71.0224,52.2195,743.7511],[-71.0112,52.2192,754.2952],[-70.9643,52.2312,784.3844],[-70.9577,52.2368,802.9111],[-70.9464,52.2409,772.7113],[-70.9208,52.2437,775.4162],[-70.9171,52.2511,773.3831],[-70.882,52.2798,792.3503],[-70.872,52.2726,789.7195],[-70.8603,52.2716,772.9619],[-70.8579,52.2687,770.5885],[-70.8463,52.2725,787.1252],[-70.8269,52.27,799.9052],[-70.8097,52.2727,815.0168],[-70.8067,52.2641,841.0481],[-70.8124,52.2606,861.566],[-70.8205,52.2589,866.6931],[-70.824,52.2534,940.5917],[-70.8245,52.2461,960.8883],[-70.8117,52.2381,992.2983],[-70.808,52.2333,1007.2348],[-70.799,52.2339,1028.1514],[-70.7835,52.2434,912.1251],[-70.7727,52.2451,939.6971],[-70.7681,52.2474,936.8187],[-70.7494,52.2485,964.7139],[-70.7374,52.2549,1028.4476],[-70.7279,52.2564,1016.5333],[-70.7261,52.2609,1020.0765],[-70.7178,52.2701,1009.0626],[-70.7072,52.2733,988.7717],[-70.6996,52.2798,990.2838],[-70.6792,52.2802,1062.0277],[-70.665,52.2849,1025.036],[-70.6612,52.283,1001.1766],[-70.6503,52.2823,999.1495],[-70.6301,52.2909,928.0654],[-70.6171,52.2912,962.3365],[-70.6106,52.2933,988.8551],[-70.601,52.3006,972.5344],[-70.5886,52.3024,1012.6631],[-70.5764,52.3121,997.1573],[-70.562,52.3166,1000.272],[-70.5496,52.3147,925.4109],[-70.5396,52.3071,866.1764],[-70.5243,52.3062,789.4706],[-70.5045,52.3096,799.2033],[-70.5013,52.3118,808.395],[-70.491,52.3123,793.5979],[-70.4857,52.3042,977.9164],[-70.4635,52.3089,975.5004],[-70.4529,52.3193,1090.4331],[-70.4439,52.3226,1120.5295],[-70.4162,52.3295,937.9995],[-70.4019,52.3308,739.8891],[-70.3958,52.3348,806.212],[-70.3825,52.336,915.7489],[-70.3793,52.3386,925.5081],[-70.34,52.3394,959.091],[-70.3357,52.3409,929.6638],[-70.3211,52.3416,931.6335],[-70.2918,52.3485,825.5179],[-70.2865,52.3532,833.2137],[-70.2705,52.3616,913.4526],[-70.262,52.3737,891.8245],[-70.2635,52.386,910.449],[-70.2604,52.3915,890.8871],[-70.251,52.4023,918.7392],[-70.2354,52.4071,958.0831],[-70.2317,52.4175,912.7667],[-70.2655,52.4123,831.4484],[-70.2717,52.4136,825.9866],[-70.2735,52.4166,834.4534],[-70.2702,52.422,846.7546],[-70.2835,52.4213,932.0781],[-70.2814,52.4256,843.0588],[-70.2698,52.431,888.092],[-70.2646,52.4379,880.3378],[-70.259,52.4541,957.6235],[-70.2235,52.4674,780.4984],[-70.2197,52.473,697.0524],[-70.2155,52.4899,633.0111],[-70.2111,52.4916,638.8525],[-70.2114,52.4952,638.5072],[-70.204,52.4988,647.3282],[-70.1996,52.5063,639.9727],[-70.1916,52.5127,627.8476],[-70.1764,52.545,720.3876],[-70.1657,52.5471,650.0563],[-70.1584,52.5542,618.3718],[-70.158,52.5583,620.0413],[-70.171,52.5656,616.703],[-70.1759,52.5794,627.9213],[-70.1692,52.5818,650.5511],[-70.1637,52.5884,666.3558],[-70.1727,52.5902,677.3433],[-70.1753,52.5944,698.8706],[-70.1479,52.6081,706.0526],[-70.136,52.6201,666.8068],[-70.1237,52.6235,626.7952],[-70.1276,52.6243,626.0607],[-70.0798,52.6502,604.7751],[-70.053,52.6537,612.3945],[-70.0492,52.6855,573.8943],[-70.0373,52.6947,567.9185],[-70.0239,52.6964,571.2172],[-70.0248,52.9188,643.3038],[-70.0,52.9184,637.2477],[-70.0,55.0,495.6994],[-72.8856,55.0008,390.699],[-78.5041,54.9992,3.6637],[-78.5056,54.9972,7.0054],[-78.5122,54.9971,0.3883],[-78.5188,54.9928,3.2096],[-78.5282,54.9907,6.8492],[-78.5441,54.9882,2.7481],[-78.5457,54.9886,4.6322],[-78.5442,54.9902,0.0],[-78.5463,54.9919,1.779],[-78.5521,54.9902,3.5157],[-78.5563,54.9864,0.4877],[-78.547,54.9846,4.1823],[-78.5483,54.9831,0.0],[-78.545,54.9825,7.6031],[-78.5461,54.9804,4.6321],[-78.5641,54.9761,2.2375],[-78.5635,54.9731,5.1878],[-78.5596,54.9712,4.2245],[-78.5613,54.9691,6.7657],[-78.5753,54.9644,0.9852],[-78.5719,54.9635,4.8656],[-78.5783,54.9627,1.1742],[-78.5784,54.9603,4.7233],[-78.5863,54.9605,0.9961],[-78.5861,54.9617,0.5218],[-78.5894,54.9628,1.8434],[-78.5883,54.9642,2.5791],[-78.5911,54.9653,2.9703],[-78.6092,54.9591,2.4003],[-78.61,54.9571,2.6261],[-78.605,54.9568,2.7103],[-78.6079,54.9546,7.6235],[-78.618,54.9522,0.8079],[-78.6219,54.9539,0.2118],[-78.6297,54.9533,5.5965],[-78.6319,54.9505,2.3733],[-78.6269,54.9494,3.1561],[-78.6497,54.9459,2.4525],[-78.6618,54.9414,3.611],[-78.6663,54.9372,8.1537],[-78.6779,54.9339,3.245],[-78.6885,54.9341,0.3861],[-78.6986,54.9322,0.9599],[-78.7026,54.9347,1.0524],[-78.7116,54.9339,0.8438],[-78.7172,54.9315,1.9126],[-78.7212,54.9265,3.6377],[-78.7311,54.9236,0.6277],[-78.7294,54.9225,2.0502],[-78.73,54.9211,3.7248],[-78.737799999999993,54.9186,2.8129],[-78.7425,54.9195,1.3253],[-78.7489,54.9142,4.1952],[-78.7589,54.915,0.4977],[-78.7644,54.9123,1.2737],[-78.7639,54.9106,2.7133],[-78.7522,54.9106,6.6272],[-78.7516,54.9078,5.289],[-78.7581,54.9073,1.8492],[-78.7644,54.9095,0.971],[-78.7783,54.9057,0.0],[-78.799,54.9073,0.2583],[-78.8132,54.9057,1.2566],[-78.8251,54.9077,3.2719],[-78.8247,54.9093,0.0],[-78.8313,54.9097,2.2786],[-78.8335,54.9119,3.3095],[-78.8407,54.9072,2.6843],[-78.8523,54.9051,0.3106],[-78.8444,54.9039,2.1705],[-78.8494,54.8992,1.7574],[-78.8606,54.8967,3.0511],[-78.8661,54.8981,2.2092],[-78.8641,54.8993,0.0],[-78.8655,54.9009,0.0],[-78.8697,54.9005,0.5442],[-78.8761,54.8969,7.0638],[-78.876,54.8947,5.2129],[-78.8805,54.8943,0.536],[-78.8772,54.8919,5.4056],[-78.8818,54.8905,0.3064],[-78.8864,54.8919,4.3227],[-78.8855,54.8945,0.7521],[-78.8927,54.8953,3.3605],[-78.894,54.8935,1.7725],[-78.8927,54.8897,4.4915],[-78.8867,54.8856,8.3711],[-78.8883,54.885,9.4132],[-78.8878,54.8839,9.4132],[-78.8977,54.8816,2.1751],[-78.9024,54.8839,0.0],[-78.9111,54.8823,0.5933],[-78.9419,54.8717,4.0508],[-78.9433,54.8703,0.0],[-78.9355,54.8686,1.1664],[-78.9365,54.8613,3.4087],[-78.9408,54.8573,0.9476],[-78.9383,54.855,1.885],[-78.9428,54.8525,2.1059],[-78.9466,54.8531,1.7848],[-78.9545,54.8501,0.394],[-78.9471,54.8495,3.8855],[-78.9546,54.8464,2.9784],[-78.9567,54.8428,3.7543],[-78.9588,54.8437,2.0839],[-78.9664,54.8412,2.0515],[-78.9677,54.8389,4.9005],[-78.9801,54.8329,3.6614],[-78.995,54.8317,1.5752],[-78.9952,54.8342,0.0],[-79.0,54.835,18.265],[-79.0022,54.8375,0.0],[-79.0089,54.838,9.3452],[-79.0151,54.8367,11.8268],[-79.0239,54.8297,7.6664],[-79.0417,54.8231,9.1804],[-79.0517,54.8239,1.3024],[-79.0595,54.8222,2.2477],[-79.0617,54.8197,5.6236],[-79.0777,54.8203,16.8557],[-79.0844,54.8178,10.5199],[-79.0944,54.8193,1.5121],[-79.1178,54.8114,5.2452],[-79.1302,54.8112,8.5794],[-79.1439,54.806399999999996,5.3216],[-79.1506,54.806399999999996,1.9491],[-79.1867,54.7975,4.1091],[-79.2261,54.7973,0.5528],[-79.255,54.7842,4.434],[-79.2655,54.7817,3.0781],[-79.27,54.7819,1.1865],[-79.2716,54.7845,0.0],[-79.2804,54.7825,1.0507],[-79.285,54.7792,2.6508],[-79.2844,54.7769,3.5658],[-79.3006,54.7701,2.426],[-79.3061,54.7689,1.675],[-79.31,54.7703,1.5104],[-79.3144,54.7681,1.7182],[-79.3205,54.7675,2.5141],[-79.3406,54.7583,4.4138],[-79.3483,54.7606,0.8598],[-79.3544,54.7575,2.3598],[-79.3656,54.7569,3.2887],[-79.3794,54.7603,0.5237],[-79.3794,54.7631,0.1536],[-79.3872,54.7639,0.4767],[-79.405,54.7517,8.82],[-79.4173,54.7487,5.2821],[-79.4317,54.7406,3.1202],[-79.4417,54.7383,4.5594],[-79.455,54.74,2.2107],[-79.4583,54.7425,0.0],[-79.4616,54.7417,2.1874],[-79.4572,54.7472,0.0],[-79.4577,54.7489,0.0],[-79.4555,54.7522,2.7532],[-79.4528,54.7542,1.2877],[-79.4522,54.7555,0.3456],[-79.4533,54.7556,1.3604],[-79.4672,54.7469,2.741],[-79.4772,54.7367,3.3024],[-79.48,54.7369,2.3799],[-79.4861,54.7336,7.7521],[-79.495,54.7325,1.7783],[-79.5256,54.7219,10.2052],[-79.5356,54.7206,1.2718],[-79.5483,54.7222,1.4455],[-79.55,54.7242,0.0],[-79.5539,54.7247,2.0713],[-79.5678,54.7211,2.5365],[-79.58,54.7133,2.7875],[-79.5789,54.7103,7.3285],[-79.5828,54.7086,2.8182],[-79.5817,54.7081,6.7051],[-79.5839,54.7075,2.8182],[-79.5833,54.7064,5.5869],[-79.5867,54.7064,3.1805],[-79.5922,54.7034,3.8032],[-79.5889,54.7025,6.1115],[-79.6167,54.6953,3.2323],[-79.6148,54.6987,0.2982],[-79.6176,54.6989,0.9644],[-79.6192,54.6983,1.9921],[-79.6183,54.6922,3.4669],[-79.6228,54.6897,5.589],[-79.6422,54.6819,6.3286],[-79.6522,54.6819,2.0764],[-79.66,54.6744,10.2089],[-79.6683,54.6719,5.8129],[-79.67,54.6661,11.6833],[-79.6728,54.6645,1.6342],[-79.6733,54.6619,5.4716],[-79.6833,54.6597,2.7472],[-79.6822,54.6586,6.9206],[-79.6921,54.6592,1.4961],[-79.6889,54.6559,3.8744],[-79.6933,54.6547,5.8403],[-79.6963,54.6558,1.5324],[-79.6953,54.6537,6.6078],[-79.7,54.6528,3.8707],[-79.7044,54.6536,2.5262],[-79.7028,54.6519,4.9432],[-79.7039,54.6511,3.0806],[-79.7083,54.6519,8.3857],[-79.7094,54.6539,0.0],[-79.7138,54.6534,3.1413],[-79.7122,54.6523,3.1413],[-79.7161,54.6489,1.8263],[-79.7167,54.6447,4.4697],[-79.7289,54.6356,2.2273],[-79.7272,54.6333,0.6786],[-79.7233,54.6328,0.2672],[-79.7206,54.6344,1.4721],[-79.7133,54.6351,0.254],[-79.7072,54.6344,3.6989],[-79.7061,54.6336,2.9076],[-79.7072,54.6319,0.0],[-79.7061,54.6319,0.0],[-79.6861,54.6353,1.0549],[-79.6822,54.6319,2.3312],[-79.6822,54.63,0.0],[-79.6767,54.6306,1.9939],[-79.675,54.6292,0.7706],[-79.6733,54.6311,1.6051],[-79.6717,54.6303,1.7541],[-79.6722,54.6286,0.0],[-79.67,54.6286,0.0],[-79.6611,54.6306,0.9443],[-79.6572,54.6342,1.7209],[-79.6528,54.6339,1.0263],[-79.6467,54.6372,1.8525],[-79.6444,54.6369,1.4468],[-79.6439,54.6353,3.1075],[-79.6489,54.63,5.0769],[-79.6589,54.625,1.8406],[-79.6578,54.6236,0.5057],[-79.6506,54.6247,1.7164],[-79.6533,54.6225,1.5365],[-79.6522,54.6217,1.5102],[-79.6544,54.6178,2.3891],[-79.6523,54.6163,3.7993],[-79.6567,54.6144,4.5822],[-79.6583,54.6117,0.3333],[-79.655,54.6133,0.4351],[-79.6406,54.6125,0.6823],[-79.6189,54.618899999999996,2.6407],[-79.6144,54.6175,4.8556],[-79.6161,54.615,1.5381],[-79.6144,54.6133,0.0],[-79.6122,54.6139,1.3832],[-79.612799999999993,54.615,1.3832],[-79.601,54.6147,0.0],[-79.6,54.6153,0.0],[-79.6028,54.6167,5.6302],[-79.5989,54.6172,0.8213],[-79.6,54.6186,0.8213],[-79.5989,54.6205,2.6998],[-79.5956,54.6217,3.2619],[-79.5945,54.6241,1.7758],[-79.6072,54.6255,1.5578],[-79.6072,54.6278,1.5489],[-79.5944,54.6317,1.5887],[-79.5807,54.6278,1.6861],[-79.5711,54.6294,1.9591],[-79.5722,54.6278,2.5754],[-79.5778,54.6278,1.7667],[-79.5794,54.6247,2.881],[-79.5911,54.6228,2.8866],[-79.5983,54.6164,1.4975],[-79.5944,54.6158,1.4818],[-79.5906,54.6178,2.6821],[-79.5844,54.6169,2.43],[-79.5844,54.6147,1.0978],[-79.5822,54.6139,1.0978],[-79.5828,54.615,1.0978],[-79.5744,54.6164,0.0],[-79.5744,54.6197,1.9298],[-79.5683,54.6217,1.9217],[-79.5705,54.6233,2.9639],[-79.5694,54.6239,2.2309],[-79.5622,54.6236,8.3707],[-79.5617,54.6197,1.9589],[-79.5572,54.6192,3.0663],[-79.5666,54.6139,3.349],[-79.5639,54.6103,3.3947],[-79.5644,54.6089,3.3947],[-79.5766,54.6042,3.6926],[-79.5667,54.6025,0.5493],[-79.5572,54.6055,0.0],[-79.5533,54.6097,0.0],[-79.5539,54.6114,1.5686],[-79.5517,54.6144,1.7447],[-79.5433,54.6192,2.3695],[-79.5306,54.6181,3.7771],[-79.5306,54.6169,4.2206],[-79.5333,54.6164,1.9216],[-79.5322,54.6136,5.4717],[-79.5333,54.6119,2.0206],[-79.5311,54.6111,1.908],[-79.5446,54.6088,2.3943],[-79.5528,54.6055,2.055],[-79.555,54.6031,2.4168],[-79.5494,54.5969,5.3468],[-79.5533,54.5942,4.066],[-79.5505,54.5933,1.1605],[-79.5511,54.5919,0.0],[-79.5489,54.5914,0.0],[-79.5472,54.5937,0.0],[-79.5422,54.5931,2.8353],[-79.5478,54.5875,0.4712],[-79.5328,54.5875,1.9858],[-79.5222,54.5853,0.0],[-79.5106,54.5911,2.0724],[-79.5083,54.59,1.953],[-79.5083,54.5878,1.6981],[-79.5028,54.5897,4.415],[-79.505,54.5878,2.1472],[-79.505,54.5864,2.0133],[-79.5028,54.5864,2.5157],[-79.5183,54.5767,3.2985],[-79.5139,54.5725,2.5157],[-79.5194,54.5689,2.6218],[-79.52,54.5664,2.2845],[-79.5306,54.5628,10.5492],[-79.5378,54.5575,2.8485],[-79.54,54.5578,1.644],[-79.5389,54.556399999999996,2.1767],[-79.5422,54.5544,1.6344],[-79.5489,54.5567,1.404],[-79.5483,54.5602,0.5427],[-79.5494,54.5603,0.5427],[-79.5528,54.5583,4.4328],[-79.5644,54.5583,2.275],[-79.57,54.5556,1.3086],[-79.575,54.5567,1.607],[-79.5789,54.5544,3.3959],[-79.5817,54.5561,1.8397],[-79.5856,54.555,2.4753],[-79.5833,54.5528,0.4703],[-79.5772,54.5528,4.955],[-79.5767,54.5489,1.7685],[-79.5706,54.55,0.0],[-79.565,54.5472,0.0],[-79.5639,54.5483,0.0],[-79.5589,54.5478,2.9301],[-79.5589,54.5461,0.314],[-79.5494,54.5464,4.9351],[-79.5511,54.5442,3.7322],[-79.5478,54.5431,1.2239],[-79.5478,54.5411,3.4887],[-79.55,54.5387,0.0],[-79.5383,54.5395,1.2403],[-79.5283,54.5375,0.2734],[-79.5167,54.5403,0.0],[-79.5111,54.54,2.0242],[-79.5122,54.5378,2.0307],[-79.5294,54.5331,5.0049],[-79.5306,54.5314,9.3695],[-79.53,54.5281,2.8639],[-79.5278,54.5272,1.6124],[-79.5139,54.53,6.9353],[-79.5144,54.5278,2.4233],[-79.51,54.5253,3.0423],[-79.5139,54.5194,1.9534],[-79.5128,54.5173,1.7428],[-79.5139,54.5158,6.4766],[-79.52,54.5111,4.7114],[-79.525,54.5095,5.8757],[-79.5261,54.5064,0.0],[-79.5106,54.5056,2.5945],[-79.5072,54.5067,1.0811],[-79.5076,54.5092,2.6225],[-79.5172,54.5069,1.7854],[-79.5117,54.5139,2.6901],[-79.5083,54.5144,2.1988],[-79.5034,54.5127,3.4692],[-79.5056,54.5114,3.1758],[-79.5044,54.5106,3.1758],[-79.5056,54.5053,7.2167],[-79.5072,54.5033,4.7487],[-79.5133,54.5017,8.5893],[-79.5317,54.5031,2.1825],[-79.54,54.5,1.4671],[-79.5378,54.4997,6.1162],[-79.5367,54.4975,1.8235],[-79.5211,54.4995,3.3245],[-79.5167,54.4978,0.6579],[-79.51,54.4983,3.6709],[-79.4955,54.4961,2.953],[-79.4917,54.4928,2.0677],[-79.4939,54.4908,1.9864],[-79.4978,54.4914,1.7807],[-79.5022,54.4878,4.9955],[-79.5033,54.4878,4.9955],[-79.5028,54.4892,1.3892],[-79.5089,54.4892,0.8818],[-79.5072,54.4919,0.0],[-79.5106,54.493899999999996,0.0],[-79.5156,54.4942,2.0395],[-79.5228,54.4908,4.7918],[-79.5305,54.4911,4.6433],[-79.5272,54.4906,4.5904],[-79.53,54.4875,1.1404],[-79.5167,54.4878,1.6958],[-79.5178,54.485,0.5974],[-79.5133,54.4842,3.4193],[-79.5156,54.4833,0.0],[-79.5022,54.4836,2.892],[-79.5022,54.4817,2.1796],[-79.5044,54.4808,1.2706],[-79.4994,54.4803,3.4742],[-79.5,54.4783,3.623],[-79.5078,54.475,0.832],[-79.5005,54.4728,2.3115],[-79.4983,54.4678,0.9426],[-79.4911,54.4675,4.2376],[-79.4894,54.4647,2.6808],[-79.4911,54.4625,4.4148],[-79.495,54.4625,1.2109],[-79.4994,54.4603,1.3295],[-79.5111,54.4597,3.471],[-79.5122,54.4613,0.175],[-79.5094,54.4633,0.0],[-79.5311,54.4614,2.4932],[-79.5262,54.4598,3.3772],[-79.5272,54.4575,0.6948],[-79.5216,54.4587,2.8904],[-79.52,54.4567,0.0],[-79.5167,54.4567,0.0],[-79.5144,54.4581,2.4114],[-79.5128,54.4564,0.0],[-79.4911,54.4597,3.7606],[-79.4894,54.4581,0.0],[-79.4805,54.4561,5.0433],[-79.4772,54.4536,1.9183],[-79.4783,54.4517,1.0971],[-79.4755,54.4519,1.731],[-79.475,54.4497,2.7891],[-79.4817,54.4456,3.6368],[-79.4789,54.4439,2.3082],[-79.4755,54.4442,3.9485],[-79.4761,54.4425,1.6752],[-79.4706,54.4389,2.8875],[-79.4756,54.4369,5.3609],[-79.4822,54.4378,3.7595],[-79.4928,54.4339,5.1577],[-79.4894,54.4322,2.1114],[-79.4833,54.4336,1.9283],[-79.4812,54.4336,2.3498],[-79.4811,54.4322,2.3498],[-79.4755,54.4331,1.537],[-79.4739,54.4305,2.2767],[-79.4756,54.4297,1.4929],[-79.4722,54.4273,7.0344],[-79.4733,54.4242,1.9795],[-79.4761,54.4225,2.4627],[-79.4806,54.4239,0.2129],[-79.4955,54.4197,6.4213],[-79.5006,54.4172,0.7817],[-79.5022,54.4133,0.0],[-79.4944,54.4142,2.206],[-79.4872,54.4125,0.0],[-79.4828,54.4136,0.0],[-79.4806,54.4164,1.5653],[-79.4778,54.4164,1.5653],[-79.4806,54.4153,3.5337],[-79.4806,54.4133,0.6729],[-79.4733,54.4131,0.7106],[-79.4706,54.4106,1.2243],[-79.46,54.4117,0.0],[-79.4567,54.4139,4.7311],[-79.4516,54.4131,3.0977],[-79.4522,54.4103,2.4847],[-79.4622,54.4086,1.556],[-79.4589,54.4061,2.3909],[-79.465,54.4014,1.2477],[-79.4638,54.3997,3.5219],[-79.465,54.3992,2.4128],[-79.4706,54.4025,0.981],[-79.4733,54.4017,3.432],[-79.4739,54.4036,0.8785],[-79.4867,54.4006,1.4177],[-79.4905,54.4047,0.3509],[-79.4956,54.4047,2.7179],[-79.4955,54.4073,0.0],[-79.5022,54.4036,3.0588],[-79.5,54.4031,3.0588],[-79.5017,54.4025,3.0588],[-79.5017,54.3997,1.0292],[-79.49,54.3989,3.1344],[-79.4878,54.3964,0.9505],[-79.4817,54.3956,4.3074],[-79.48,54.3939,3.3043],[-79.4822,54.3928,3.1289],[-79.4806,54.3914,7.7623],[-79.4839,54.3914,3.7601],[-79.4861,54.3892,3.2724],[-79.4811,54.3883,6.9698],[-79.4833,54.3864,4.5639],[-79.4872,54.3872,3.6651],[-79.4883,54.3883,4.8497],[-79.4867,54.3894,3.2724],[-79.4911,54.3903,3.2677],[-79.4972,54.3878,3.6996],[-79.4928,54.3864,3.8087],[-79.492,54.3824,1.5247],[-79.49,54.3825,2.8194],[-79.49,54.38,0.0],[-79.485,54.3797,2.2969],[-79.4839,54.3764,2.8225],[-79.4933,54.3739,4.2702],[-79.4922,54.3706,2.3127],[-79.4961,54.3686,3.6449],[-79.5089,54.365,0.7771],[-79.5061,54.3642,0.6164],[-79.5044,54.3656,2.8241],[-79.4906,54.3672,2.2453],[-79.4833,54.3656,0.0],[-79.4778,54.3672,1.9764],[-79.4789,54.3644,1.2286],[-79.4728,54.3642,2.7212],[-79.4733,54.3622,0.9539],[-79.4701,54.362,4.7345],[-79.4788,54.3589,1.5234],[-79.4783,54.3575,1.4027],[-79.474,54.3573,3.3647],[-79.4811,54.3523,4.7109],[-79.4811,54.3508,2.2557],[-79.4772,54.3506,3.9194],[-79.4772,54.3483,1.1236],[-79.4706,54.3481,3.8165],[-79.4694,54.3467,0.0],[-79.4628,54.3478,0.0],[-79.4633,54.3491,0.9987],[-79.4616,54.3506,0.8102],[-79.4628,54.3508,0.8102],[-79.455,54.3506,1.74],[-79.455,54.3492,1.3056],[-79.4594,54.3489,0.9897],[-79.4539,54.3464,2.0185],[-79.4578,54.3428,3.7651],[-79.4566,54.3425,3.7651],[-79.4572,54.3411,2.0017],[-79.4511,54.3386,2.002],[-79.4544,54.3378,1.8535],[-79.4622,54.3392,2.1513],[-79.4772,54.3367,5.2308],[-79.4822,54.3375,0.3924],[-79.4817,54.3347,1.7657],[-79.4778,54.3353,2.9691],[-79.4758,54.335,3.7939],[-79.4772,54.3347,3.7939],[-79.4767,54.3333,0.7777],[-79.4661,54.3331,3.832],[-79.4672,54.3309,1.3567],[-79.4639,54.3309,3.0333],[-79.4639,54.3281,1.7366],[-79.4589,54.3256,3.9347],[-79.4633,54.3231,1.3302],[-79.4555,54.3217,0.7698],[-79.4539,54.32,2.615],[-79.4633,54.3189,0.5782],[-79.4644,54.3161,4.0501],[-79.4699,54.3159,0.3697],[-79.4722,54.3147,3.1466],[-79.4706,54.3136,2.3013],[-79.4728,54.3122,2.477],[-79.4722,54.3111,2.7396],[-79.4784,54.312,3.8247],[-79.4822,54.3097,4.0475],[-79.4806,54.306399999999996,5.3102],[-79.4828,54.3072,2.2073],[-79.485,54.3058,3.7562],[-79.485,54.3036,0.0],[-79.4739,54.3047,1.1432],[-79.4722,54.3042,4.0095],[-79.4733,54.3023,2.4187],[-79.4717,54.3011,0.85],[-79.4672,54.3031,3.8367],[-79.4628,54.3008,6.1646],[-79.465,54.3,1.1948],[-79.4644,54.2958,0.9334],[-79.4422,54.3025,1.0529],[-79.4383,54.3025,1.7883],[-79.4361,54.3014,4.1997],[-79.4378,54.2997,1.9969],[-79.4322,54.2978,0.3665],[-79.4239,54.2997,0.5989],[-79.4156,54.2994,1.5435],[-79.4167,54.2978,5.7353],[-79.425,54.295,6.4046],[-79.4267,54.2928,1.4474],[-79.4222,54.2917,0.0],[-79.4167,54.2936,0.0],[-79.4106,54.2931,4.2185],[-79.4111,54.2897,4.5986],[-79.4044,54.2856,6.5234],[-79.4056,54.2844,1.596],[-79.4039,54.2836,2.6812],[-79.4067,54.2817,4.0116],[-79.4106,54.2817,5.5521],[-79.4161,54.2853,2.3279],[-79.4239,54.2836,6.7786],[-79.4222,54.2806,3.7749],[-79.4144,54.2808,3.244],[-79.4183,54.2789,1.413],[-79.4189,54.2767,5.3176],[-79.4256,54.2736,4.5009],[-79.4244,54.2725,4.5009],[-79.4272,54.2675,0.9331],[-79.4174,54.2678,4.3475],[-79.4156,54.2661,0.3653],[-79.4094,54.2658,0.0],[-79.4111,54.2681,0.0],[-79.4206,54.2719,5.2404],[-79.42,54.2737,1.8551],[-79.4156,54.2753,0.0],[-79.41,54.2736,4.6385],[-79.4122,54.2706,1.233],[-79.4044,54.2714,3.6809],[-79.4044,54.2695,0.878],[-79.4028,54.2694,0.6717],[-79.3928,54.2703,2.0212],[-79.39,54.2694,4.1658],[-79.3906,54.2678,0.0],[-79.3817,54.27,0.0],[-79.3828,54.2728,2.467],[-79.3783,54.2725,0.3342],[-79.3706,54.275,0.2145],[-79.3605,54.2726,2.9991],[-79.3739,54.2689,2.988],[-79.3622,54.2642,5.6082],[-79.3672,54.2645,1.4705],[-79.3772,54.2611,3.1812],[-79.3906,54.2622,0.0],[-79.3956,54.2606,1.6663],[-79.3978,54.2614,1.6663],[-79.3989,54.2642,0.0],[-79.3978,54.2656,0.0],[-79.405,54.2636,7.8987],[-79.4183,54.2642,1.6151],[-79.4183,54.2628,1.7656],[-79.4061,54.2611,3.8821],[-79.4083,54.2594,2.075],[-79.4022,54.2583,3.8105],[-79.4117,54.2544,3.8941],[-79.4111,54.2528,2.3719],[-79.415,54.2522,4.9422],[-79.4133,54.2508,0.3099],[-79.4055,54.2531,0.9585],[-79.4017,54.2519,0.0],[-79.3911,54.2547,0.0],[-79.3917,54.2556,3.1086],[-79.3839,54.2539,3.3335],[-79.3861,54.2525,1.9264],[-79.385,54.2519,2.8955],[-79.3761,54.2556,6.5223],[-79.3761,54.2575,3.6805],[-79.3783,54.2583,2.9112],[-79.375,54.2586,3.6805],[-79.3739,54.2564,6.5223],[-79.3789,54.2522,2.5734],[-79.3794,54.2497,0.5441],[-79.3678,54.2536,3.7264],[-79.3656,54.2514,0.5274],[-79.3583,54.2519,1.4554],[-79.3556,54.25,3.7784],[-79.3561,54.2483,0.0],[-79.35,54.2481,1.0153],[-79.3444,54.2453,0.0],[-79.3344,54.2497,1.0783],[-79.3206,54.2489,3.6072],[-79.3128,54.2419,0.0],[-79.3044,54.2431,2.5558],[-79.3044,54.2414,1.8179],[-79.3011,54.2403,0.6134],[-79.3022,54.2389,0.6134],[-79.2967,54.2403,5.6903],[-79.2989,54.2389,2.8786],[-79.2972,54.2378,3.3766],[-79.2994,54.2372,2.1765],[-79.2978,54.235,1.2407],[-79.29,54.2342,1.5121],[-79.2789,54.2361,2.4074],[-79.2794,54.2336,8.8156],[-79.2906,54.2303,0.401],[-79.2856,54.23,7.9317],[-79.2878,54.2283,7.2376],[-79.2978,54.2259,2.379],[-79.2956,54.2242,2.0665],[-79.28,54.2256,2.1146],[-79.2811,54.225,0.5476],[-79.2789,54.2234,5.0414],[-79.2811,54.2197,5.8578],[-79.295,54.2203,6.3808],[-79.3194,54.2153,9.5448],[-79.3266,54.212,9.9038],[-79.3272,54.2103,0.4465],[-79.3228,54.2094,0.0],[-79.3128,54.2119,0.593],[-79.3128,54.2103,7.2835],[-79.3222,54.2053,3.038],[-79.33,54.2047,2.1674],[-79.3294,54.2061,0.9727],[-79.3312,54.2081,1.3094],[-79.355,54.2056,1.7171],[-79.3594,54.2028,0.7961],[-79.3494,54.2015,2.7323],[-79.355,54.1992,2.7471],[-79.3517,54.1986,4.8449],[-79.3544,54.1964,1.766],[-79.3517,54.1953,5.6813],[-79.355,54.1917,2.7685],[-79.3578,54.1922,1.5842],[-79.3567,54.1936,1.5842],[-79.3683,54.1939,1.5327],[-79.37,54.1928,2.6177],[-79.3656,54.1906,2.8147],[-79.36,54.1914,1.9236],[-79.3589,54.1892,5.178],[-79.3622,54.1875,5.6949],[-79.3678,54.1892,0.0],[-79.3694,54.1892,2.2125],[-79.37,54.1875,4.2472],[-79.3722,54.1889,0.5629],[-79.3839,54.1878,2.8399],[-79.3833,54.1847,0.8844],[-79.3772,54.1819,7.6005],[-79.3906,54.1789,3.8468],[-79.3917,54.1758,1.0933],[-79.3844,54.1783,1.0573],[-79.375,54.1758,1.469],[-79.3689,54.1769,0.0],[-79.3622,54.1817,0.3586],[-79.3717,54.1817,5.5357],[-79.3722,54.1828,0.5577],[-79.3661,54.1845,2.4496],[-79.3506,54.1822,4.0881],[-79.335,54.1833,5.3527],[-79.3344,54.1817,6.6421],[-79.3389,54.1822,1.3872],[-79.3411,54.1803,1.589],[-79.3311,54.1781,10.8791],[-79.3333,54.175,0.939],[-79.3294,54.1725,1.7793],[-79.3239,54.1725,0.0],[-79.3211,54.1761,2.1583],[-79.3094,54.1756,1.891],[-79.3089,54.1767,1.891],[-79.3139,54.1772,1.9067],[-79.3106,54.1789,3.7417],[-79.2989,54.1781,3.3728],[-79.2989,54.1761,3.7186],[-79.3011,54.175,5.7618],[-79.305,54.1756,2.0395],[-79.3139,54.1711,2.0727],[-79.3078,54.1703,0.2485],[-79.3017,54.1731,0.8287],[-79.2928,54.1717,0.0],[-79.2922,54.1733,0.0],[-79.2844,54.1756,0.4184],[-79.2806,54.1789,2.2443],[-79.2778,54.1783,2.4431],[-79.28,54.1758,0.8371],[-79.2778,54.175,0.0],[-79.2745,54.1769,0.0],[-79.2739,54.1789,2.875],[-79.2639,54.1794,0.0],[-79.2472,54.1869,0.0],[-79.2433,54.1867,3.915],[-79.2483,54.1844,4.7377],[-79.2478,54.1836,11.1428],[-79.2411,54.1845,3.3177],[-79.2394,54.1831,0.0],[-79.2283,54.1828,2.8624],[-79.2289,54.1811,7.6344],[-79.235,54.1789,4.0921],[-79.2306,54.1758,2.9448],[-79.2317,54.1739,2.9431],[-79.2217,54.1744,4.9328],[-79.2206,54.1703,0.0],[-79.2173,54.1698,3.9403],[-79.2172,54.1681,8.0687],[-79.2261,54.1656,2.3359],[-79.2354,54.1598,7.2628],[-79.2455,54.1581,2.1713],[-79.2455,54.1569,0.0],[-79.2283,54.1575,3.224],[-79.2261,54.1561,8.4396],[-79.2322,54.1547,6.2655],[-79.2344,54.1559,0.0],[-79.2439,54.1556,1.402],[-79.2644,54.1519,3.1277],[-79.2644,54.1506,3.1277],[-79.2492,54.1505,1.8561],[-79.2494,54.1492,5.0587],[-79.2555,54.1477,0.0],[-79.2505,54.1461,6.9287],[-79.2505,54.1447,8.5789],[-79.2544,54.1436,4.2479],[-79.2539,54.1414,0.0],[-79.2461,54.1425,1.0207],[-79.2439,54.1445,1.7396],[-79.2322,54.1451,0.0],[-79.2183,54.1417,0.0],[-79.2078,54.1425,2.1097],[-79.2055,54.1439,1.6818],[-79.2106,54.1464,6.6688],[-79.2056,54.1483,0.0],[-79.2078,54.1481,5.175],[-79.2122,54.1511,0.7301],[-79.2,54.1511,0.0],[-79.1994,54.1536,0.0],[-79.2078,54.1536,7.7439],[-79.2083,54.1553,2.8959],[-79.2161,54.1564,1.9898],[-79.2161,54.1583,1.9048],[-79.2139,54.1581,1.1168],[-79.215,54.1569,1.6625],[-79.2044,54.1583,0.0],[-79.2033,54.1606,4.1277],[-79.195,54.1619,0.0],[-79.1878,54.1603,0.0],[-79.1828,54.1608,0.5892],[-79.18,54.1617,0.0],[-79.1811,54.1631,2.2575],[-79.18,54.165,1.5606],[-79.1628,54.1645,1.4384],[-79.155,54.1617,0.0],[-79.1327,54.1619,0.0],[-79.1244,54.16,0.0],[-79.1161,54.1633,0.0],[-79.1033,54.1606,1.4316],[-79.0928,54.1631,1.4043],[-79.0889,54.1625,1.0981],[-79.0844,54.1653,0.8364],[-79.085,54.1675,1.3459],[-79.0828,54.1664,1.1112],[-79.0778,54.1675,1.7452],[-79.0789,54.1664,1.2519],[-79.0767,54.165,2.5635],[-79.0789,54.1642,1.2537],[-79.0706,54.1636,1.2912],[-79.0711,54.1625,1.2912],[-79.0589,54.1647,1.5865],[-79.06,54.1636,1.5396],[-79.0578,54.1628,1.5396],[-79.075,54.1559,2.6284],[-79.0744,54.155,4.7635],[-79.0794,54.1556,0.934],[-79.0911,54.1533,1.2117],[-79.0794,54.1528,2.4575],[-79.0822,54.1525,1.4888],[-79.0828,54.1508,1.0283],[-79.0744,54.1483,1.6828],[-79.0756,54.1469,3.14],[-79.0818,54.1473,0.7917],[-79.0956,54.1426,5.8048],[-79.0967,54.1408,7.1529],[-79.1076,54.1427,2.0009],[-79.1149,54.1397,5.7452],[-79.115,54.1375,3.894],[-79.1117,54.1367,6.6605],[-79.1133,54.135,0.307],[-79.11,54.1347,5.5391],[-79.1089,54.13,7.631],[-79.0989,54.1267,2.892],[-79.0983,54.1242,5.6397],[-79.09,54.1231,3.9958],[-79.0872,54.1214,10.052],[-79.0872,54.118899999999996,2.9918],[-79.08,54.1181,2.5875],[-79.0661,54.1103,0.4157],[-79.0562,54.1098,1.7728],[-79.06,54.1075,2.2174],[-79.06,54.1028,1.4698],[-79.0561,54.1023,1.6802],[-79.0533,54.0997,1.9341],[-79.065,54.0975,2.2618],[-79.055,54.0969,1.9191],[-79.0567,54.0967,1.4247],[-79.0578,54.0969,1.0599],[-79.0544,54.0956,1.9191],[-79.0561,54.0937,1.5238],[-79.055,54.0897,2.3632],[-79.0622,54.0911,1.5604],[-79.0656,54.0942,0.7071],[-79.0828,54.0914,5.1718],[-79.0856,54.0956,0.0],[-79.0939,54.0961,4.0737],[-79.1028,54.0919,8.988],[-79.1067,54.0923,0.7241],[-79.1183,54.0886,6.3527],[-79.1277,54.0889,0.8652],[-79.1322,54.0869,4.0314],[-79.1306,54.0847,5.4073],[-79.1322,54.0847,4.4519],[-79.1356,54.0867,1.2518],[-79.1467,54.0889,0.7502],[-79.1489,54.0925,1.2741],[-79.1611,54.0939,0.3432],[-79.1632,54.0975,3.0289],[-79.15,54.0939,3.8821],[-79.1444,54.0953,0.0],[-79.1572,54.0983,2.6197],[-79.1561,54.0995,0.0],[-79.16,54.0992,1.6982],[-79.1589,54.1003,1.6982],[-79.1632,54.1017,4.0992],[-79.1689,54.1003,0.7892],[-79.165,54.0981,3.0289],[-79.1667,54.0964,4.7798],[-79.1678,54.0897,0.0],[-79.1617,54.0889,3.0323],[-79.1644,54.0864,5.9102],[-79.1739,54.0831,2.054],[-79.1672,54.0806,2.4582],[-79.1394,54.0823,3.3533],[-79.1406,54.0814,1.4154],[-79.1394,54.08,3.1158],[-79.1444,54.08,2.0426],[-79.1417,54.0783,1.5368],[-79.1367,54.0792,4.2555],[-79.1294,54.0767,2.3394],[-79.1311,54.0742,6.5902],[-79.1383,54.0739,0.8908],[-79.1356,54.0725,3.428],[-79.1378,54.0708,2.4794],[-79.1461,54.0694,2.1861],[-79.1467,54.0683,0.2844],[-79.145,54.0678,0.5235],[-79.1272,54.0728,2.3218],[-79.1239,54.0719,4.4611],[-79.125,54.0706,4.4611],[-79.1328,54.0706,2.8887],[-79.1383,54.0672,0.442],[-79.1383,54.0658,2.3255],[-79.1422,54.0653,0.5765],[-79.1389,54.0639,2.9717],[-79.1228,54.0653,4.4328],[-79.1233,54.0628,2.257],[-79.1183,54.0622,2.5837],[-79.115,54.0622,0.0],[-79.1139,54.0639,6.7485],[-79.0994,54.0636,6.4605],[-79.0989,54.0625,6.4605],[-79.1106,54.0611,0.3922],[-79.1072,54.0614,3.7276],[-79.1033,54.0594,4.3602],[-79.1039,54.056399999999996,2.5303],[-79.1061,54.0556,1.2258],[-79.1,54.0556,1.3195],[-79.0928,54.0583,0.4245],[-79.0883,54.0553,0.4676],[-79.0794,54.0561,3.8313],[-79.0711,54.0544,3.3435],[-79.0744,54.0525,4.7514],[-79.0884,54.0537,4.9878],[-79.1078,54.0495,3.3132],[-79.11,54.0475,6.1933],[-79.1056,54.0453,4.7203],[-79.1139,54.0427,1.0992],[-79.1072,54.0408,0.4827],[-79.0983,54.0431,1.7375],[-79.0718,54.0436,4.4822],[-79.0739,54.04,12.9989],[-79.0833,54.0383,2.4323],[-79.0938,54.0339,1.9008],[-79.0888,54.0331,8.3992],[-79.0933,54.0311,3.5246],[-79.0939,54.0292,8.4195],[-79.1011,54.0289,1.0563],[-79.0917,54.0237,0.0],[-79.0806,54.0242,4.5641],[-79.0733,54.0219,0.0],[-79.0672,54.0228,0.0],[-79.0694,54.025,0.0],[-79.0861,54.0281,0.0],[-79.0706,54.0322,8.968],[-79.0583,54.0311,0.0],[-79.0566,54.0331,0.3977],[-79.0394,54.0342,3.4263],[-79.0389,54.0322,4.3307],[-79.0289,54.0317,1.2409],[-79.0261,54.03,5.7766],[-79.0283,54.0275,7.0692],[-79.0389,54.0244,8.6283],[-79.0378,54.0228,3.1295],[-79.0322,54.0217,7.4676],[-79.0317,54.0183,0.0],[-79.0206,54.0147,0.2103],[-79.0083,54.0158,2.4178],[-79.0017,54.015,7.3244],[-79.0,54.0131,0.0],[-78.9943,54.0141,9.5091],[-78.9772,54.0067,0.0],[-78.9683,54.0079,8.1986],[-78.9639,54.0069,3.0324],[-78.9622,54.0042,3.3518],[-78.9656,54.0022,0.0],[-78.965,54.0011,0.5221],[-78.9556,53.9983,3.923],[-78.9561,53.9964,3.1318],[-78.9505,53.9959,3.4134],[-78.9578,53.9925,2.9048],[-78.95,53.9917,4.3408],[-78.9628,53.9869,5.2275],[-78.97,53.9883,3.7316],[-78.9661,53.99,3.1975],[-78.9678,53.9914,2.3434],[-78.9789,53.9942,0.0],[-78.9811,53.9936,0.0],[-78.98,53.9919,0.0],[-78.9817,53.9912,0.0],[-78.9945,53.9884,5.0624],[-78.9961,53.9892,5.6252],[-78.995,53.9903,2.5058],[-78.9967,53.9914,4.7284],[-78.9961,53.9933,5.7555],[-79.0022,53.9969,3.6975],[-79.0167,53.9956,1.8942],[-79.02,53.9978,0.7618],[-79.0321,53.9945,6.7008],[-79.042,53.9965,2.2255],[-79.0539,53.9946,8.7247],[-79.0639,53.9969,1.2066],[-79.0733,53.9935,2.1212],[-79.0689,53.9913,1.811],[-79.0698,53.9898,1.1012],[-79.0653,53.987,0.4113],[-79.0527,53.987,3.6857],[-79.055,53.9847,2.9465],[-79.0625,53.9839,1.6231],[-79.0644,53.9823,3.2682],[-79.0535,53.9789,3.3908],[-79.0483,53.9792,4.4178],[-79.0478,53.9769,4.6048],[-79.0678,53.9728,9.03],[-79.088,53.9743,2.525],[-79.0956,53.9703,5.1178],[-79.1061,53.9694,0.0],[-79.1028,53.9678,0.0],[-79.0956,53.9675,0.7023],[-79.0815,53.9698,3.9811],[-79.0744,53.9684,0.0],[-79.0538,53.9697,1.3434],[-79.0429,53.9669,0.0],[-79.0361,53.9692,6.4333],[-79.0294,53.9664,5.2291],[-79.0367,53.9661,2.4207],[-79.0378,53.9653,2.2806],[-79.0356,53.9637,5.5582],[-79.0393,53.9637,2.2622],[-79.0351,53.9604,1.8034],[-79.0386,53.9575,6.7601],[-79.0378,53.956,6.5638],[-79.0344,53.9551,0.9366],[-79.0239,53.9583,2.9913],[-79.0178,53.9544,3.5865],[-79.0044,53.9532,3.224],[-79.0011,53.9497,3.3503],[-79.0039,53.9486,2.9136],[-79.009,53.9505,2.3929],[-79.0322,53.9508,4.0395],[-79.0422,53.9537,4.8415],[-79.0539,53.9507,1.009],[-79.0664,53.9533,1.4146],[-79.0736,53.952,5.377],[-79.0848,53.9542,0.0],[-79.0931,53.9519,7.7413],[-79.1,53.9525,1.4523],[-79.1083,53.95,0.7254],[-79.1072,53.9489,0.7254],[-79.0905,53.9483,0.9215],[-79.0855,53.9457,4.8119],[-79.0793,53.9474,3.2843],[-79.0689,53.9454,0.1643],[-79.0678,53.9419,0.0],[-79.0624,53.9401,0.5127],[-79.051,53.9415,3.0688],[-79.04,53.936,4.1232],[-79.0404,53.9349,4.7114],[-79.0647,53.9384,8.0029],[-79.0782,53.9421,0.0],[-79.1067,53.9452,16.2764],[-79.1139,53.9483,1.9832],[-79.1271,53.9481,2.7951],[-79.1313,53.9463,6.0218],[-79.1316,53.9439,1.0165],[-79.1283,53.9422,1.552],[-79.1167,53.9433,0.0],[-79.0873,53.9361,4.0211],[-79.0856,53.9336,5.7662],[-79.0917,53.9317,4.6291],[-79.0911,53.9297,0.0],[-79.0776,53.9287,2.3008],[-79.0553,53.9243,1.4738],[-79.0483,53.9238,3.8699],[-79.0425,53.9254,0.8187],[-79.0101,53.9158,1.5165],[-78.9977,53.9165,1.7487],[-79.0028,53.9186,3.5281],[-79.0039,53.9225,0.0],[-79.01,53.9267,3.3011],[-79.0002,53.9295,4.9485],[-78.995,53.9278,4.0203],[-78.99,53.9236,6.3829],[-78.9928,53.9186,10.104],[-78.9961,53.9167,1.7487],[-78.9963,53.9145,3.7207],[-79.003,53.9135,5.6729],[-79.0044,53.9111,3.0238],[-79.0122,53.9083,1.2873],[-79.0,53.9047,1.2375],[-78.9972,53.9061,2.4369],[-78.9767,53.9028,3.9158],[-78.9728,53.9042,5.2111],[-78.9633,53.9031,3.6718],[-78.9606,53.9006,3.8642],[-78.9522,53.8989,5.7487],[-78.9644,53.895,3.3959],[-78.9561,53.8908,5.5191],[-78.9625,53.8884,5.1746],[-78.8502,53.7966,41.2296],[-78.871,53.7887,1.0],[-78.8765,53.7842,1.0],[-78.8987,53.8053,0.5],[-78.9352,53.8302,0.0],[-78.9402,53.8296,7.6626],[-78.9422,53.8259,5.7726],[-78.9546,53.8263,5.0694],[-78.9636,53.8286,11.1487],[-78.9724,53.8283,0.0],[-78.9746,53.8264,0.0],[-78.969,53.8232,0.0],[-78.9631,53.8219,0.0],[-78.9469,53.8217,0.0],[-78.949,53.816,4.5503],[-78.9452,53.815,3.0215],[-78.9346,53.8209,0.0],[-78.9276,53.8185,0.0],[-78.9079,53.8047,13.7283],[-78.9005,53.8018,9.0661],[-78.8956,53.7972,4.7047],[-78.8933,53.7918,0.5],[-78.8777,53.7787,2.1701],[-78.8697,53.7697,9.2388],[-78.8592,53.7649,11.728],[-78.824,53.7597,12.9671],[-78.7834,53.7568,3.8298],[-78.7762,53.7546,10.8446],[-78.7726,53.757,2.0],[-78.7667,53.7545,5.9733],[-78.7442,53.7525,5.2223],[-78.7359,53.7488,22.9803],[-78.7255,53.7467,4.646],[-78.7088,53.7465,2.5],[-78.7109,53.7415,21.1832],[-78.7045,53.743,19.6694],[-78.6895,53.7425,23.4531],[-78.6741,53.7378,14.8925],[-78.6532,53.7353,13.1413],[-78.6593,53.7292,34.8805],[-78.6542,53.7322,11.5263],[-78.6492,53.7328,19.6643],[-78.6477,53.7353,8.9408],[-78.6392,53.7363,13.4886],[-78.5972,53.7341,22.4987],[-78.5757,53.7355,4.0],[-78.57,53.7348,4.0],[-78.5614,53.7304,31.5],[-78.5455,53.7317,31.5],[-78.4801,53.7293,31.5],[-78.4528,53.7346,31.5],[-78.4002,53.7397,31.5],[-78.3759,53.7389,31.5],[-78.3694,53.7364,31.5],[-78.3588,53.7351,31.5],[-78.3298,53.7361,31.5],[-78.3088,53.7317,43.6783],[-78.2639,53.7264,31.5],[-78.2283,53.7272,31.5],[-78.2198,53.7298,31.5],[-78.1984,53.7318,31.5],[-78.1773,53.7317,31.5],[-78.1519,53.7292,51.9277],[-78.1562,53.6023,142.4026],[-78.2549,53.6045,111.909],[-78.2554,53.5422,132.1402],[-78.3438,53.5419,114.6327],[-78.3335,53.5393,112.4301],[-78.3371,53.5347,109.8858],[-78.3363,53.5283,109.234],[-78.3388,53.5246,111.6701],[-78.3535,53.5211,112.6612],[-78.3606,53.5241,107.6711],[-78.3705,53.5232,107.5066],[-78.3939,53.5175,109.8247],[-78.3989,53.519,106.9146],[-78.4008,53.5251,109.1579],[-78.3961,53.5293,103.4329],[-78.3967,53.5323,104.9806],[-78.4182,53.5403,93.9811],[-78.4815,53.5302,70.0212],[-78.495,53.526,78.7199],[-78.5053,53.5251,84.4466],[-78.5135,53.5268,77.3529],[-78.5257,53.5267,76.0654],[-78.552,53.5195,59.8268],[-78.5613,53.5202,59.994],[-78.5695,53.5241,50.7517],[-78.5806,53.5239,49.6459],[-78.5922,53.5318,48.6933],[-78.6302,53.5266,43.9091],[-78.6497,53.5266,42.5217],[-78.6591,53.5246,39.1474],[-78.6662,53.521,57.312],[-78.6745,53.5201,46.0792],[-78.6822,53.5204,44.1595],[-78.6858,53.5221,59.9375],[-78.6841,53.5256,60.5386],[-78.6851,53.5288,43.654],[-78.6997,53.5362,41.1048],[-78.7257,53.5353,43.2586],[-78.7358,53.5374,45.5994],[-78.7793,53.535,16.818],[-78.8119,53.5358,19.3277],[-78.8225,53.5396,14.944],[-78.8263,53.5441,13.1781],[-78.831,53.5465,12.4827],[-78.8497,53.5456,17.7927],[-78.8658,53.5509,18.3697],[-78.8819,53.5502,14.2483],[-78.8924,53.5477,19.0275],[-78.8967,53.5514,4.6955],[-78.9027,53.5495,2.642],[-78.9122,53.5495,2.7173],[-78.9216,53.5455,1.972],[-78.9306,53.545,1.6944],[-78.9444,53.5397,4.5267],[-78.9528,53.5408,7.1192],[-78.945,53.5453,0.0],[-78.9472,53.5459,1.8346],[-78.9611,53.5411,1.0555],[-78.9588,53.5389,2.6252],[-78.9617,53.5375,2.3536],[-78.9683,53.5395,1.8507],[-78.975,53.5381,8.5874],[-78.9811,53.5409,0.0],[-78.9806,53.5428,0.7153],[-78.9728,53.5458,1.0717],[-78.9794,53.5464,3.9284],[-78.9761,53.5483,1.6015],[-78.9771,53.5495,2.4505],[-78.9839,53.5483,4.6213],[-78.987799999999993,53.5536,8.7523],[-78.9939,53.5561,2.4824],[-78.9994,53.5547,5.0972],[-79.0073,53.5581,3.5419],[-79.0247,53.5618,5.5267],[-79.0328,53.5583,1.2996],[-79.04,53.5587,1.5331],[-79.0428,53.5553,0.8099],[-79.0407,53.5544,0.0],[-79.0356,53.5567,0.7561],[-79.0298,53.5544,3.3122],[-79.0296,53.5529,3.6643],[-79.0254,53.5517,5.0279],[-79.0294,53.5481,4.8241],[-79.0279,53.5465,2.0429],[-79.0196,53.5495,1.5158],[-79.0155,53.5479,5.4487],[-79.0177,53.5455,1.2688],[-79.025,53.5434,6.5636],[-79.0278,53.5403,4.5229],[-79.0269,53.5381,0.8386],[-79.0068,53.5361,2.2909],[-78.9967,53.5373,4.076],[-78.995,53.5339,5.2037],[-78.9967,53.5319,4.1386],[-78.9983,53.5311,4.3768],[-79.0,53.5333,0.0],[-79.0066,53.5306,0.6882],[-79.0087,53.5279,0.4226],[-79.019,53.5288,0.0],[-79.0273,53.5265,6.7993],[-79.0292,53.5272,2.5659],[-79.0287,53.529,0.3706],[-79.0337,53.5285,5.4326],[-79.0344,53.5314,0.6247],[-79.0367,53.5325,0.0],[-79.0429,53.5279,3.7456],[-79.056,53.5303,1.5835],[-79.0639,53.5264,1.3122],[-79.065,53.5269,1.3122],[-79.0639,53.5289,4.8615],[-79.0598,53.5311,0.0],[-79.0627,53.5313,1.4273],[-79.0767,53.5258,0.3481],[-79.0716,53.5247,2.4772],[-79.0733,53.5237,0.0],[-79.0722,53.5231,0.0],[-79.0679,53.5238,3.2828],[-79.0695,53.5198,5.0435],[-79.0721,53.5187,7.406],[-79.0755,53.5183,3.9857],[-79.0856,53.5215,0.9459],[-79.0989,53.5189,0.0],[-79.1061,53.5159,0.0],[-79.1083,53.5142,1.8046],[-79.1078,53.5128,2.5823],[-79.1055,53.5103,0.9907],[-79.1011,53.5098,0.0],[-79.0944,53.515,0.8223],[-79.0844,53.5156,8.3304],[-79.095,53.5083,3.2012],[-79.1028,53.5078,0.4499],[-79.1072,53.5092,0.9907],[-79.1146,53.5073,0.3306],[-79.1189,53.5036,1.6461],[-79.1183,53.5017,1.5029],[-79.1148,53.5005,2.7011],[-79.1209,53.4975,1.8232],[-79.119,53.4943,0.6856],[-79.1222,53.4918,0.6764],[-79.1173,53.4905,2.3053],[-79.1083,53.4914,4.6157],[-79.1106,53.4881,1.321],[-79.1067,53.4897,2.6978],[-79.1044,53.4889,6.1856],[-79.1067,53.4869,0.2888],[-79.1057,53.4855,0.2888],[-79.0998,53.4851,0.4069],[-79.0945,53.4879,2.6219],[-79.0902,53.4877,4.8805],[-79.0869,53.481,3.4573],[-79.0883,53.4805,3.4573],[-79.095,53.4811,0.0],[-79.0978,53.4836,0.8198],[-79.1011,53.4825,1.517],[-79.1167,53.4858,1.3247],[-79.1183,53.4867,3.3691],[-79.1172,53.4875,1.1593],[-79.1328,53.4953,4.1513],[-79.1394,53.495,3.3817],[-79.1439,53.4903,0.0],[-79.1394,53.4895,0.0],[-79.1353,53.4909,4.3014],[-79.1323,53.4855,2.7196],[-79.1261,53.4856,5.7124],[-79.1144,53.4794,1.5106],[-79.1105,53.4802,0.6177],[-79.1106,53.4817,1.4724],[-79.1084,53.4825,2.9511],[-79.1067,53.4814,2.58],[-79.1061,53.4775,0.3724],[-79.0956,53.4775,3.6021],[-79.0903,53.4729,0.0],[-79.0852,53.4724,1.5259],[-79.0842,53.471,0.5365],[-79.0928,53.4687,5.1423],[-79.0972,53.4703,2.7219],[-79.0956,53.4725,0.0],[-79.0978,53.4733,3.2829],[-79.1008,53.4726,0.0],[-79.1011,53.4708,1.764],[-79.1039,53.4714,2.5425],[-79.1072,53.4697,0.0],[-79.0989,53.4659,0.6143],[-79.0989,53.4642,0.0],[-79.0925,53.4607,0.0],[-79.0918,53.4581,1.6137],[-79.0961,53.455,2.4476],[-79.0945,53.4531,0.0],[-79.0883,53.4556,3.5222],[-79.0807,53.4529,0.0],[-79.0575,53.4588,4.0864],[-79.0445,53.4538,2.6553],[-79.0664,53.4473,0.5525],[-79.0725,53.4486,2.3395],[-79.0822,53.4441,0.0],[-79.08,53.4419,0.0],[-79.0755,53.4414,3.0053],[-79.078,53.4387,1.3767],[-79.0759,53.4372,4.3949],[-79.0606,53.4355,4.0958],[-79.0667,53.4344,0.2769],[-79.0703,53.4321,0.0],[-79.07,53.4291,0.1526],[-79.0605,53.4333,0.0],[-79.050299999999993,53.4423,0.0],[-79.0456,53.4429,0.0],[-79.0387,53.4504,0.1343],[-79.0424,53.4528,1.1212],[-79.0385,53.4543,2.4288],[-79.0297,53.4482,2.4811],[-79.0141,53.4488,5.4922],[-79.0,53.4439,0.0],[-78.9922,53.4455,4.3481],[-78.9927,53.4423,3.162],[-78.987,53.4417,5.8163],[-78.9928,53.4389,3.8506],[-78.9936,53.4358,5.597],[-78.9911,53.4346,8.2259],[-78.995,53.431399999999996,6.7412],[-78.9948,53.4279,6.8471],[-78.9988,53.4284,4.9126],[-79.0033,53.4317,1.1895],[-79.0091,53.4323,0.0],[-79.0206,53.4291,0.0],[-79.0275,53.4316,7.8123],[-79.0338,53.431399999999996,3.0729],[-79.0382,53.4283,8.3893],[-79.0387,53.4265,3.9486],[-79.0362,53.4248,1.7948],[-79.0399,53.4221,0.9286],[-79.0411,53.4193,0.6353],[-79.0583,53.4131,0.0],[-79.0661,53.4089,0.0],[-79.065,53.4078,0.4472],[-79.0496,53.4127,2.6063],[-79.0417,53.4132,1.0301],[-79.0397,53.4142,0.4456],[-79.0399,53.4166,0.0],[-79.0348,53.4193,2.8968],[-79.0296,53.4157,5.0431],[-79.0276,53.4166,0.4611],[-79.0281,53.4188,2.7076],[-79.0257,53.4197,1.1966],[-79.0014,53.4212,0.0],[-78.9944,53.4236,0.0],[-78.9978,53.4253,6.7018],[-78.9906,53.4264,3.3104],[-78.9844,53.4242,3.2069],[-78.9772,53.4247,6.1687],[-78.9822,53.42,0.7748],[-78.9756,53.4189,2.1315],[-78.9739,53.4175,3.5677],[-78.9755,53.4159,0.6452],[-78.9733,53.4145,2.3052],[-78.9739,53.4133,1.2262],[-78.9706,53.4119,7.6745],[-78.9811,53.4059,5.0547],[-78.9822,53.4067,1.6429],[-78.9817,53.4109,1.208],[-78.9872,53.4098,3.073],[-78.9856,53.4078,0.0],[-78.9861,53.4039,0.9488],[-78.9811,53.4017,9.2565],[-78.9817,53.4003,0.5501],[-78.9782,53.3975,0.0888],[-78.9594,53.4011,2.7428],[-78.9583,53.4069,3.2401],[-78.9528,53.41,5.3074],[-78.9483,53.4103,3.961],[-78.9439,53.4083,3.7652],[-78.9506,53.4075,3.1063],[-78.9527,53.4047,2.2414],[-78.9446,53.4061,4.1883],[-78.9306,53.4047,1.5395],[-78.9383,53.4025,3.2089],[-78.9472,53.4037,5.2502],[-78.9528,53.4011,0.5337],[-78.9522,53.3978,2.2317],[-78.9456,53.3953,0.0],[-78.9322,53.3981,2.7848],[-78.9311,53.3967,2.4697],[-78.945,53.3942,0.0],[-78.9444,53.3919,3.2853],[-78.9567,53.3867,0.3928],[-78.9533,53.3847,1.098],[-78.9439,53.3869,1.7739],[-78.9394,53.3864,2.7918],[-78.95,53.3744,2.9845],[-78.9483,53.3733,8.8005],[-78.9539,53.3694,1.5699],[-78.9472,53.3695,4.5522],[-78.9461,53.3683,8.0726],[-78.9534,53.3673,1.5523],[-78.9589,53.3636,0.2489],[-78.95,53.3628,1.9457],[-78.943,53.3647,3.3162],[-78.9389,53.3634,1.5088],[-78.9311,53.3667,2.318],[-78.9294,53.3653,6.641],[-78.9356,53.3586,3.2042],[-78.9305,53.3567,2.5408],[-78.9472,53.3508,3.1767],[-78.9578,53.3525,1.5064],[-78.9783,53.3497,2.1603],[-78.9833,53.3447,1.9019],[-78.9755,53.3439,7.792],[-78.9627,53.3467,1.8616],[-78.9588,53.3448,2.3163],[-78.9533,53.3467,2.1581],[-78.9472,53.3428,4.009],[-78.9522,53.3381,6.8179],[-78.9561,53.3395,3.0844],[-78.9528,53.3439,2.7476],[-78.9539,53.3447,2.7476],[-78.9639,53.3419,4.6932],[-78.9722,53.3364,2.1721],[-78.9711,53.3336,2.0717],[-78.9744,53.3297,2.5964],[-78.9728,53.3281,4.135],[-78.9733,53.3261,3.1082],[-78.9861,53.3236,0.0],[-78.9683,53.3231,1.0143],[-78.9567,53.3261,2.8569],[-78.955,53.3253,6.5756],[-78.9567,53.3236,0.4751],[-78.9467,53.3206,2.3809],[-78.9567,53.3133,1.879],[-78.9433,53.3122,3.7718],[-78.94,53.3103,5.7424],[-78.9433,53.3069,1.8617],[-78.94,53.3053,5.7518],[-78.9467,53.3025,0.4883],[-78.9466,53.3011,1.7894],[-78.9511,53.2983,0.0],[-78.9466,53.2978,2.3695],[-78.9455,53.2956,6.7565],[-78.9467,53.2936,2.6465],[-78.95,53.2922,1.3597],[-78.9589,53.2922,0.0],[-78.9667,53.2883,2.3507],[-78.9672,53.2864,3.0436],[-78.9617,53.2842,5.9426],[-78.9628,53.2825,3.7074],[-78.985,53.275,1.0143],[-78.9822,53.2742,1.353],[-78.9712,53.2777,2.1242],[-78.9627,53.2761,0.8502],[-78.9533,53.2783,0.9423],[-78.9489,53.2717,0.0],[-78.9339,53.2759,6.5582],[-78.9322,53.2733,1.5675],[-78.9211,53.2715,3.9486],[-78.9228,53.2692,1.7082],[-78.9294,53.2669,3.2592],[-78.9339,53.2678,0.448],[-78.9495,53.2659,0.0],[-78.9517,53.2639,0.0],[-78.9439,53.2653,0.2881],[-78.9311,53.2639,1.5524],[-78.9122,53.2664,3.6074],[-78.9033,53.2625,3.613],[-78.9027,53.2611,3.81],[-78.9189,53.2536,2.8047],[-78.9289,53.2478,0.6543],[-78.9322,53.243899999999996,0.8854],[-78.9417,53.2422,0.0],[-78.9506,53.2372,0.0],[-78.9511,53.2356,0.0],[-78.9494,53.2344,0.0],[-78.9361,53.2411,2.5128],[-78.9294,53.2375,2.4382],[-78.9306,53.2361,0.0],[-78.9289,53.2342,0.9495],[-78.9239,53.2331,1.8358],[-78.9189,53.235,2.1605],[-78.9206,53.2367,2.3151],[-78.9194,53.2394,4.6192],[-78.9111,53.2414,3.047],[-78.9067,53.2397,2.236],[-78.8983,53.2411,3.5239],[-78.9,53.2359,4.4716],[-78.8961,53.2331,2.4965],[-78.8967,53.2297,3.0619],[-78.9027,53.2253,1.0547],[-78.8966,53.2236,2.4558],[-78.8961,53.2225,2.4558],[-78.8989,53.2206,2.6846],[-78.8928,53.2208,4.279],[-78.8994,53.2186,2.646],[-78.9,53.2159,3.2586],[-78.9072,53.2131,3.9233],[-78.9139,53.2172,0.0],[-78.9289,53.2205,0.1865],[-78.9256,53.2169,7.4265],[-78.9283,53.2131,2.1336],[-78.9406,53.2094,0.0],[-78.9251,53.2086,0.0],[-78.9133,53.2123,4.8104],[-78.9122,53.2114,4.6759],[-78.9167,53.2086,0.8734],[-78.9132,53.2072,5.4953],[-78.9044,53.2083,1.5831],[-78.8966,53.2056,3.7844],[-78.8967,53.2042,5.2334],[-78.9004,53.205,3.6559],[-78.9044,53.2028,0.8033],[-78.9005,53.2011,4.0105],[-78.9067,53.1983,0.3816],[-78.9056,53.1969,2.817],[-78.91,53.195,4.8913],[-78.9245,53.1931,3.635],[-78.9316,53.1895,1.6167],[-78.9411,53.1895,0.8054],[-78.9494,53.1864,3.0604],[-78.9517,53.1836,6.741],[-78.9572,53.1828,3.7102],[-78.9611,53.185,1.3129],[-78.9661,53.1805,0.0],[-78.96,53.1822,4.238],[-78.9517,53.1792,4.1381],[-78.9522,53.1778,4.9655],[-78.9594,53.1759,2.3271],[-78.9638,53.1769,3.0994],[-78.9738,53.1706,0.0],[-78.9722,53.1697,0.0],[-78.9622,53.1739,3.9385],[-78.9572,53.1711,1.1809],[-78.9428,53.1711,3.2968],[-78.9344,53.1675,3.2081],[-78.935,53.1661,1.776],[-78.9333,53.1644,1.2073],[-78.9228,53.1664,2.8651],[-78.9206,53.1653,4.6413],[-78.9244,53.1625,2.5668],[-78.9305,53.1627,0.2506],[-78.9455,53.1567,5.8264],[-78.9472,53.1547,1.4217],[-78.9383,53.1575,4.1126],[-78.9339,53.1573,5.4124],[-78.9394,53.1536,3.9525],[-78.9472,53.1528,2.9626],[-78.95,53.1503,4.6207],[-78.9505,53.1487,0.5262],[-78.9461,53.1467,0.3508],[-78.9355,53.1492,2.7873],[-78.9356,53.1475,3.2553],[-78.9433,53.1447,0.1716],[-78.9433,53.1428,0.0],[-78.9361,53.1433,2.0517],[-78.9339,53.1411,5.8697],[-78.9355,53.1397,1.7312],[-78.9428,53.1375,2.9256],[-78.945,53.1389,0.1634],[-78.9505,53.135,0.0],[-78.9517,53.1306,2.0386],[-78.9733,53.1242,0.0],[-78.9706,53.1225,2.8281],[-78.9589,53.1261,3.1252],[-78.9513,53.1261,5.5343],[-78.9467,53.1228,4.6072],[-78.9511,53.1197,5.4213],[-78.9616,53.1183,0.8664],[-78.9583,53.1164,7.1689],[-78.9583,53.1144,7.704],[-78.9528,53.1142,8.9296],[-78.95,53.1123,8.2017],[-78.9561,53.1068,8.9364],[-78.5125,53.1068,81.3034],[-78.5187,53.0,49.0312],[-78.5192,52.9753,41.3749],[-78.5177,52.9669,55.2886],[-78.5368,52.9675,35.5159],[-78.5426,52.9625,39.6431],[-78.5507,52.9596,48.3802],[-78.5661,52.9572,30.4541],[-78.5752,52.9533,30.4649],[-78.5964,52.9407,18.3118],[-78.6015,52.9324,22.2687],[-78.6219,52.9216,14.8716],[-78.6316,52.9186,26.3386],[-78.6349,52.9185,23.5574],[-78.6455,52.9235,15.7403],[-78.6551,52.9213,16.7042],[-78.6634,52.9213,12.2412],[-78.6677,52.9232,11.9355],[-78.6705,52.9305,12.7254],[-78.6732,52.9318,14.164],[-78.6918,52.9275,15.0898],[-78.6961,52.9294,9.2285],[-78.7059,52.9292,12.6598],[-78.7084,52.9268,11.2718],[-78.7,52.9259,11.4095],[-78.6984,52.9191,27.0383],[-78.7009,52.917,37.4435],[-78.7076,52.9214,36.1414],[-78.7118,52.9213,30.2032],[-78.7153,52.9239,33.708],[-78.7202,52.9231,22.4593],[-78.7244,52.9187,22.5513],[-78.7346,52.9125,12.9254],[-78.7248,52.9015,22.8975],[-78.7143,52.8967,11.0152],[-78.7114,52.8931,8.2048],[-78.7145,52.8889,10.2228],[-78.7113,52.8854,16.5371],[-78.7113,52.8808,6.707],[-78.706,52.874,3.6571],[-78.7126,52.8697,0.6445],[-78.7073,52.87,1.3653],[-78.7089,52.8672,1.3415],[-78.7044,52.8661,2.1334],[-78.7061,52.8645,1.867],[-78.7039,52.8633,2.5298],[-78.6944,52.8669,3.2045],[-78.6889,52.8647,4.8025],[-78.6961,52.8619,3.3045],[-78.69,52.8603,5.0256],[-78.6889,52.8564,5.6706],[-78.6922,52.8522,4.6131],[-78.6917,52.8511,5.573],[-78.6939,52.8503,6.3574],[-78.6989,52.8528,5.1417],[-78.6972,52.8553,4.2682],[-78.7006,52.8586,3.563],[-78.6956,52.86,3.7011],[-78.6978,52.8614,2.9785],[-78.7128,52.8573,1.8471],[-78.7139,52.8561,2.1144],[-78.7111,52.8544,2.5831],[-78.7139,52.8533,2.571],[-78.7307,52.8523,0.6511],[-78.7422,52.8492,0.6307],[-78.7455,52.8475,0.0886],[-78.7461,52.8461,0.0181],[-78.7444,52.8445,3.4679],[-78.7472,52.8423,1.9176],[-78.7461,52.8411,1.1853],[-78.7278,52.8428,2.4415],[-78.7239,52.8389,4.0359],[-78.7328,52.8359,1.4569],[-78.7445,52.836,1.3882],[-78.7539,52.8339,0.1007],[-78.7611,52.8301,5.6542],[-78.7583,52.8269,5.5159],[-78.7589,52.8256,5.5159],[-78.7673,52.8223,1.1999],[-78.77,52.8194,3.2379],[-78.7728,52.82,3.6769],[-78.78,52.8172,4.2453],[-78.7867,52.8189,0.0],[-78.7922,52.8147,2.6103],[-78.7806,52.8103,0.6602],[-78.7789,52.8053,0.1407],[-78.7716,52.8047,1.7188],[-78.7684,52.8059,5.99],[-78.765,52.8097,1.2164],[-78.7594,52.8095,1.9504],[-78.7494,52.8136,1.155],[-78.7478,52.8131,3.484],[-78.7483,52.8106,6.5477],[-78.7467,52.8097,2.839],[-78.7361,52.8128,0.5904],[-78.7333,52.8158,2.2221],[-78.7406,52.8147,4.1978],[-78.7411,52.8181,3.9894],[-78.7444,52.8192,2.4713],[-78.7339,52.8239,1.7385],[-78.7361,52.8256,2.0539],[-78.7422,52.8225,2.2319],[-78.7433,52.8233,4.8186],[-78.7428,52.8261,5.395],[-78.7372,52.8289,4.5425],[-78.7311,52.8289,2.3846],[-78.7267,52.8256,1.9292],[-78.7217,52.8261,2.1485],[-78.7199,52.8253,2.0557],[-78.7189,52.8217,1.7562],[-78.72,52.8206,1.0193],[-78.7183,52.8189,1.7445],[-78.7244,52.8175,1.6272],[-78.7328,52.8125,0.5904],[-78.7305,52.8053,2.8848],[-78.737799999999993,52.802,3.9717],[-78.7422,52.8019,12.2085],[-78.7511,52.7969,0.0],[-78.745,52.7981,4.4481],[-78.7389,52.7972,4.4982],[-78.7228,52.7892,1.3617],[-78.73,52.7844,0.7543],[-78.7367,52.7825,0.8038],[-78.7417,52.7783,2.2813],[-78.7389,52.7758,2.5245],[-78.7322,52.7761,2.7729],[-78.7211,52.7833,1.0232],[-78.7167,52.7822,4.0351],[-78.7111,52.7833,1.0742],[-78.7072,52.7814,3.5467],[-78.715,52.7787,0.704],[-78.72,52.7792,0.263],[-78.7206,52.7781,0.0444],[-78.715,52.7767,2.6052],[-78.7196,52.7744,1.9176],[-78.735,52.7725,1.0882],[-78.7394,52.7697,2.1029],[-78.7367,52.7686,2.5716],[-78.7389,52.7664,5.4804],[-78.7411,52.7673,3.3577],[-78.7428,52.7706,3.3478],[-78.7478,52.7725,0.7845],[-78.7472,52.7747,2.8015],[-78.7489,52.7756,0.7117],[-78.7578,52.7756,0.0],[-78.7594,52.7761,3.1939],[-78.7583,52.7775,0.0575],[-78.7661,52.78,2.8061],[-78.7739,52.7767,0.2931],[-78.7622,52.7745,2.0898],[-78.7656,52.7714,0.7768],[-78.7639,52.7698,1.5277],[-78.7589,52.7711,5.397],[-78.7533,52.7697,1.1219],[-78.7594,52.7683,0.9338],[-78.7605,52.7664,2.588],[-78.7656,52.7669,1.1816],[-78.775,52.7608,2.0167],[-78.7767,52.7578,1.0938],[-78.7822,52.7553,4.7792],[-78.7889,52.7561,0.8456],[-78.7933,52.7547,3.6012],[-78.7972,52.7556,2.0367],[-78.7972,52.7569,2.0367],[-78.8,52.7583,9.0941],[-78.8172,52.7617,6.857],[-78.8133,52.7625,9.2616],[-78.8001,52.7603,-0.0346],[-78.7939,52.7608,0.7914],[-78.79,52.7636,4.8535],[-78.7989,52.7667,13.8249],[-78.8161,52.7781,3.6808],[-78.82,52.7792,0.62],[-78.8444,52.7673,0.6244],[-78.8428,52.7653,0.0],[-78.83,52.7651,2.291],[-78.8256,52.7636,3.5266],[-78.8372,52.7633,3.649],[-78.8456,52.7569,4.2865],[-78.8506,52.7586,1.4349],[-78.8522,52.7575,1.4349],[-78.8506,52.7569,3.5729],[-78.855,52.7544,3.3036],[-78.8561,52.7519,0.9566],[-78.8611,52.7495,0.1612],[-78.8606,52.7481,0.8842],[-78.8722,52.7419,1.2022],[-78.8728,52.7403,0.0],[-78.8711,52.7394,0.2964],[-78.8661,52.7394,1.4296],[-78.8533,52.7458,5.0178],[-78.8427,52.74,3.3565],[-78.8406,52.7361,2.0865],[-78.8366,52.7342,1.8203],[-78.8372,52.7295,3.0949],[-78.8361,52.7286,0.0],[-78.8255,52.7275,4.7478],[-78.8122,52.7309,4.7899],[-78.8106,52.73,1.5389],[-78.8128,52.7273,0.2085],[-78.8117,52.7258,3.7515],[-78.8006,52.7322,3.965],[-78.8005,52.7367,5.4437],[-78.7906,52.7409,3.426],[-78.7839,52.7339,5.3509],[-78.7694,52.7328,2.0008],[-78.7611,52.7283,8.4997],[-78.7678,52.7258,3.0752],[-78.7694,52.7269,3.0752],[-78.7672,52.73,1.7147],[-78.7694,52.7311,1.3647],[-78.7762,52.7286,9.6729],[-78.7833,52.7314,0.7934],[-78.7928,52.7267,1.7646],[-78.7833,52.7244,6.5394],[-78.7839,52.7225,1.0703],[-78.7817,52.7209,1.8093],[-78.7706,52.72,2.5253],[-78.7661,52.7167,0.6405],[-78.7677,52.7148,0.0801],[-78.7661,52.7125,0.7296],[-78.7678,52.7111,0.029],[-78.7678,52.7083,0.5161],[-78.7777,52.7,6.1432],[-78.7828,52.7014,7.6068],[-78.7906,52.6983,6.1577],[-78.795,52.6992,1.1147],[-78.8011,52.6978,4.2161],[-78.8061,52.6986,7.562],[-78.8106,52.7014,3.431],[-78.8266,52.7003,1.8566],[-78.8272,52.6986,0.4761],[-78.825,52.6958,0.3157],[-78.8278,52.6928,1.509],[-78.8155,52.6867,0.0689],[-78.81,52.6875,4.124],[-78.8083,52.6853,10.012],[-78.81,52.6839,3.3898],[-78.8094,52.6825,0.9796],[-78.8017,52.6844,3.5625],[-78.7989,52.6867,4.1812],[-78.7954,52.6853,0.0],[-78.7889,52.6881,2.8706],[-78.7844,52.6839,4.7438],[-78.7744,52.6873,4.3303],[-78.7722,52.685,1.9338],[-78.7683,52.6842,6.2828],[-78.7583,52.6889,11.2252],[-78.7372,52.6909,3.8852],[-78.7239,52.6872,5.9342],[-78.7189,52.6806,4.8857],[-78.7094,52.6794,4.5546],[-78.7111,52.6761,2.6983],[-78.7161,52.6733,2.3187],[-78.7244,52.6728,2.2436],[-78.7255,52.6709,5.5767],[-78.7183,52.6692,2.207],[-78.7439,52.655,4.2893],[-78.7633,52.6511,0.7536],[-78.7806,52.6442,3.9741],[-78.786,52.6487,4.9545],[-78.7943,52.6423,0.8252],[-78.7961,52.643,0.8252],[-78.795,52.6447,0.0],[-78.8011,52.6469,3.6821],[-78.8039,52.6439,0.1018],[-78.8033,52.6419,0.3038],[-78.8,52.6406,5.492],[-78.8078,52.6392,1.3333],[-78.81,52.6414,0.6128],[-78.8133,52.64,1.165],[-78.8089,52.6369,0.0],[-78.8022,52.6381,4.7936],[-78.802,52.6351,9.376],[-78.8044,52.6336,0.1705],[-78.7982,52.6323,5.0356],[-78.7961,52.6331,0.0],[-78.795,52.6392,2.4819],[-78.7878,52.6419,0.9654],[-78.7728,52.6392,3.0182],[-78.7683,52.642,1.7423],[-78.7611,52.6347,4.4714],[-78.7611,52.6325,7.0796],[-78.7683,52.6303,13.9095],[-78.7744,52.6361,2.5744],[-78.7778,52.6331,0.0],[-78.7755,52.6311,7.7915],[-78.7772,52.6239,2.3231],[-78.7683,52.6219,0.2716],[-78.7622,52.6247,3.405],[-78.7589,52.6241,0.418],[-78.7544,52.6283,1.8066],[-78.75,52.6255,4.9489],[-78.745,52.6275,5.9911],[-78.7439,52.6267,3.9362],[-78.745,52.6258,0.8874],[-78.7433,52.6253,0.1421],[-78.7328,52.6294,6.7418],[-78.7283,52.638,2.5877],[-78.7311,52.6395,2.6241],[-78.7305,52.6467,3.0726],[-78.7322,52.6492,3.0231],[-78.73,52.6494,2.9749],[-78.7255,52.6445,3.0983],[-78.7133,52.6425,6.2052],[-78.7189,52.6358,0.7749],[-78.7177,52.6311,2.6971],[-78.7339,52.6236,4.3801],[-78.7383,52.6197,3.3942],[-78.7372,52.618899999999996,3.3942],[-78.725,52.6228,2.1827],[-78.7217,52.6214,3.3796],[-78.7233,52.6197,1.923],[-78.7194,52.6192,4.361],[-78.7128,52.6231,2.2811],[-78.7094,52.6233,3.2901],[-78.7072,52.6222,6.0878],[-78.7066,52.618899999999996,2.7368],[-78.7078,52.6175,1.0801],[-78.7028,52.6167,2.7235],[-78.7166,52.6105,0.8285],[-78.7283,52.6125,0.4541],[-78.7367,52.6064,0.072],[-78.735,52.6055,0.439],[-78.7278,52.6089,1.4569],[-78.7289,52.6061,0.3728],[-78.7272,52.6053,0.0],[-78.7206,52.6083,0.9925],[-78.7083,52.6059,0.4768],[-78.7139,52.6042,0.1963],[-78.7172,52.6053,0.2978],[-78.7222,52.6031,0.2718],[-78.7178,52.6028,0.2622],[-78.7111,52.5992,0.6975],[-78.7188,52.5959,0.2516],[-78.7304,52.5951,0.2234],[-78.735,52.5919,0.1475],[-78.7189,52.5945,0.2976],[-78.7138,52.5967,0.4745],[-78.7089,52.5964,0.7908],[-78.7033,52.5941,1.5567],[-78.7055,52.5917,0.2141],[-78.7028,52.5889,0.5152],[-78.7194,52.5839,0.1187],[-78.7189,52.5825,1.334],[-78.7322,52.5731,2.3718],[-78.7317,52.5717,0.0885],[-78.7287,52.5732,2.9227],[-78.7278,52.5675,5.4601],[-78.7293,52.5667,4.4027],[-78.7339,52.5653,4.1464],[-78.737799999999993,52.5709,0.4439],[-78.7428,52.5692,0.7471],[-78.7533,52.5706,0.158],[-78.7572,52.5686,6.4265],[-78.7589,52.5667,4.1186],[-78.7534,52.5645,1.2691],[-78.7606,52.5628,4.3893],[-78.765,52.5583,6.9304],[-78.7628,52.5567,0.709],[-78.7566,52.5581,1.5042],[-78.7517,52.5556,4.2272],[-78.765,52.5528,2.8097],[-78.765,52.5503,7.698],[-78.7694,52.5464,1.1232],[-78.7639,52.5447,3.1798],[-78.7667,52.5422,1.1114],[-78.7605,52.5425,0.0],[-78.7617,52.5456,4.6365],[-78.7589,52.5483,0.0],[-78.7555,52.5503,1.2206],[-78.7533,52.5486,0.1966],[-78.7517,52.5492,4.2244],[-78.7455,52.5553,3.8206],[-78.7483,52.5572,2.6569],[-78.7422,52.5597,2.047],[-78.7354,52.5595,0.7204],[-78.7254,52.5644,3.0995],[-78.715,52.5617,2.2946],[-78.71,52.5642,7.7282],[-78.7005,52.5641,2.5428],[-78.6978,52.5619,2.4781],[-78.7061,52.5578,4.0004],[-78.7083,52.5586,11.7699],[-78.7083,52.5605,2.7936],[-78.7144,52.5603,4.4112],[-78.7195,52.5556,1.2558],[-78.7278,52.5569,5.5308],[-78.7306,52.5539,0.7017],[-78.735,52.5539,0.4818],[-78.7411,52.55,0.8232],[-78.7417,52.5469,0.1887],[-78.7344,52.5442,2.8904],[-78.7261,52.5472,7.1138],[-78.7083,52.5495,1.7747],[-78.7056,52.5467,1.351],[-78.7072,52.5439,3.4082],[-78.7039,52.5417,1.1321],[-78.6933,52.5411,2.9012],[-78.6889,52.5378,6.0751],[-78.6906,52.5364,5.5213],[-78.6961,52.5397,8.4654],[-78.7061,52.5406,0.3207],[-78.7183,52.5381,1.6804],[-78.7289,52.5323,0.261],[-78.725,52.5306,4.8813],[-78.7222,52.5328,3.5666],[-78.715,52.5344,3.7383],[-78.7044,52.5311,3.0618],[-78.7083,52.5303,8.3557],[-78.7156,52.5325,3.6858],[-78.72,52.5306,0.0],[-78.7133,52.5292,6.2356],[-78.7194,52.5261,1.4437],[-78.7172,52.5225,0.7081],[-78.7116,52.5214,1.0249],[-78.7056,52.5261,10.3845],[-78.7011,52.5239,3.7466],[-78.6978,52.5253,3.7466],[-78.6967,52.5264,0.8593],[-78.6994,52.5317,3.871],[-78.6978,52.5325,6.2048],[-78.6927,52.5303,0.0197],[-78.685,52.5342,2.0456],[-78.6822,52.5378,1.2341],[-78.6856,52.5414,6.0007],[-78.68,52.5431,2.0637],[-78.6683,52.5372,5.3068],[-78.655,52.5381,2.1168],[-78.65,52.5361,1.3196],[-78.6372,52.5386,1.5905],[-78.635,52.5358,2.4234],[-78.6383,52.5322,1.5948],[-78.6522,52.5328,2.8562],[-78.655,52.5275,5.5289],[-78.6489,52.5244,2.7184],[-78.6394,52.5247,1.6924],[-78.6317,52.5275,2.951],[-78.6294,52.5264,2.5866],[-78.6311,52.5197,7.477],[-78.6433,52.5158,5.7656],[-78.6417,52.5142,1.2226],[-78.6356,52.5156,7.0143],[-78.625,52.5125,1.0411],[-78.6172,52.5169,8.237],[-78.6161,52.5203,1.9811],[-78.6094,52.5231,1.3479],[-78.6083,52.5264,1.6031],[-78.605,52.5292,6.0872],[-78.5933,52.5314,2.2118],[-78.59,52.5275,3.6236],[-78.5805,52.5309,2.9176],[-78.5789,52.5303,2.4634],[-78.5778,52.525,4.2534],[-78.5866,52.5203,2.9354],[-78.5872,52.5181,0.9719],[-78.5666,52.5181,1.5038],[-78.5594,52.52,2.7822],[-78.5583,52.5195,2.7822],[-78.5633,52.5167,2.3408],[-78.5611,52.5153,3.3461],[-78.5617,52.5128,1.8233],[-78.56,52.5111,2.8584],[-78.5617,52.5067,0.4608],[-78.5572,52.5045,2.7264],[-78.5567,52.5028,1.8105],[-78.535,52.4958,2.6772],[-78.5328,52.4947,2.3367],[-78.5322,52.4925,3.241],[-78.5278,52.4928,3.5072],[-78.5194,52.4897,3.732],[-78.5328,52.4861,2.2318],[-78.5461,52.4801,0.9021],[-78.546,52.4789,0.9021],[-78.54,52.4789,5.7994],[-78.5299,52.4831,2.4757],[-78.5194,52.4769,3.3189],[-78.5239,52.4706,0.8811],[-78.5183,52.4706,3.9034],[-78.5116,52.4731,2.0535],[-78.5033,52.4678,2.538],[-78.4989,52.47,2.9421],[-78.5033,52.4725,2.8293],[-78.4972,52.4759,3.5418],[-78.4945,52.475,4.0215],[-78.4961,52.4737,3.4497],[-78.495,52.4703,4.5532],[-78.4994,52.4661,2.5352],[-78.4978,52.4631,1.9863],[-78.5006,52.4617,1.4885],[-78.4978,52.4573,2.2929],[-78.5022,52.4542,2.1416],[-78.5033,52.4503,2.5106],[-78.5094,52.4464,1.8576],[-78.5078,52.4406,3.125],[-78.5228,52.4433,3.8555],[-78.5283,52.4425,1.8573],[-78.5322,52.4403,6.8424],[-78.5338,52.437,2.2132],[-78.5294,52.435,3.2837],[-78.5433,52.4297,2.0944],[-78.5467,52.4228,2.8303],[-78.5428,52.4208,5.8325],[-78.5439,52.4192,1.8767],[-78.5428,52.4186,0.2503],[-78.5356,52.4203,1.6588],[-78.5328,52.4183,0.9766],[-78.5233,52.4211,3.8582],[-78.5106,52.4219,2.1203],[-78.5039,52.4197,3.2061],[-78.5011,52.4171,2.5707],[-78.5022,52.4153,1.9744],[-78.5,52.4133,1.7912],[-78.4994,52.4092,2.3109],[-78.5006,52.4083,1.5531],[-78.4994,52.4078,2.2409],[-78.5017,52.4067,1.9862],[-78.5011,52.4047,2.2113],[-78.505,52.4,2.3042],[-78.51,52.3964,4.7635],[-78.5211,52.3961,2.2966],[-78.5239,52.3944,1.0935],[-78.525,52.3914,4.0294],[-78.5239,52.39,0.9118],[-78.5156,52.3891,3.8589],[-78.5178,52.3878,3.3038],[-78.5139,52.385,3.3895],[-78.5144,52.3831,2.9414],[-78.51,52.3781,2.7399],[-78.5172,52.3742,2.5839],[-78.5277,52.3739,1.576],[-78.5311,52.3759,1.1225],[-78.5366,52.3741,1.3579],[-78.5411,52.375,0.7597],[-78.54,52.3731,2.4642],[-78.5433,52.3714,0.4923],[-78.5411,52.3709,3.3973],[-78.5383,52.3725,3.7671],[-78.5333,52.3706,7.2644],[-78.5261,52.3722,2.0945],[-78.5278,52.3706,2.778],[-78.5238,52.3675,1.7397],[-78.53,52.3642,0.8395],[-78.5283,52.3636,-0.0497],[-78.5211,52.365,0.6044],[-78.5111,52.3617,0.1242],[-78.4855,52.3611,0.0],[-78.4917,52.3597,2.0757],[-78.5033,52.36,0.8443],[-78.5039,52.3575,1.1984],[-78.4994,52.3567,1.9698],[-78.4917,52.3497,2.5445],[-78.4967,52.3425,1.6883],[-78.4956,52.3414,2.6312],[-78.4983,52.3347,1.8579],[-78.5039,52.3278,7.7331],[-78.5006,52.3231,2.5389],[-78.5039,52.3197,4.5434],[-78.5055,52.3145,3.4729],[-78.5081,52.3132,1.9351],[-78.4609,52.3147,16.9309],[-78.3824,52.2724,13.7431],[-78.3817,52.2334,1.713],[-78.4075,52.2328,0.0],[-78.4385,52.2465,-0.0949],[-78.4489,52.2541,0.3253],[-78.4549,52.2551,0.0],[-78.4595,52.2504,11.4489],[-78.4693,52.2467,0.494],[-78.4639,52.243,0.2277],[-78.4661,52.2402,11.9599],[-78.4616,52.2408,0.9358],[-78.444,52.2362,9.8888],[-78.44,52.239,0.0],[-78.4299,52.2373,0.0],[-78.4215,52.2327,0.0],[-78.4056,52.2291,0.0],[-78.3567,52.2297,0.0],[-78.3265,52.2265,0.0],[-78.2833,52.2315,0.0],[-78.2189,52.2282,0.0],[-78.1949,52.2319,0.0],[-78.15,52.2334,6.0659],[-78.1411,52.2372,6.0792],[-78.1185,52.2371,29.0547],[-78.0955,52.2422,37.4942],[-78.0857,52.2428,38.33],[-78.0716,52.2403,41.0568],[-78.0604,52.2353,36.0879],[-78.0393,52.2306,30.5],[-78.0341,52.2308,32.713],[-78.0318,52.2276,31.9403],[-78.0265,52.2255,34.7652],[-78.0,52.2242,31.0],[-78.0,52.1975,113.7484],[-77.9437,52.1974,110.7182],[-77.9423,52.088,127.8581],[-78.1681,52.0901,74.7303],[-78.1686,52.1055,89.5],[-78.1778,52.1098,92.0592],[-78.1691,52.1182,96.3347],[-78.171,52.1707,79.3746],[-78.2145,52.1706,63.748],[-78.2217,52.1689,65.4555],[-78.2185,52.1705,66.1482],[-78.2755,52.1704,45.1432],[-78.2854,52.1685,50.5587],[-78.2877,52.1704,40.4504],[-78.5,52.1696,11.2236],[-78.5,52.1575,15.6007],[-78.5459,52.1582,1.336],[-78.5533,52.1506,2.3127],[-78.5667,52.1436,4.101],[-78.5739,52.1377,1.0774],[-78.5633,52.1325,2.8142],[-78.5622,52.1311,2.4257],[-78.5644,52.1267,2.1674],[-78.5622,52.125,5.5103],[-78.5666,52.1219,2.6048],[-78.5728,52.1228,3.6606],[-78.5778,52.1206,1.7445],[-78.5716,52.1181,1.7299],[-78.5706,52.1159,1.5807],[-78.5744,52.1133,1.8956],[-78.5767,52.1081,1.9701],[-78.5756,52.1069,9.5747],[-78.5861,52.0975,2.3545],[-78.59,52.0964,2.4699],[-78.5944,52.1,2.8318],[-78.5989,52.0992,0.8063],[-78.6028,52.0973,0.1171],[-78.5973,52.0939,2.5815],[-78.5978,52.0917,2.3364],[-78.6106,52.0861,5.3717],[-78.6167,52.0853,1.717],[-78.6222,52.0817,3.8026],[-78.6322,52.0794,5.6761],[-78.6366,52.0823,3.8802],[-78.6461,52.0833,3.3007],[-78.6494,52.0797,6.5822],[-78.6578,52.0778,3.4036],[-78.65,52.0765,5.9753],[-78.6522,52.0736,0.6868],[-78.6427,52.0739,3.3325],[-78.6306,52.0706,2.4989],[-78.6322,52.065,2.183],[-78.6305,52.0639,2.679],[-78.6333,52.0603,2.5414],[-78.6372,52.0594,1.7543],[-78.6367,52.0572,2.0022],[-78.6411,52.0525,2.0317],[-78.6511,52.0497,2.5848],[-78.6583,52.0509,0.3684],[-78.6633,52.0478,1.1584],[-78.6622,52.0456,3.2106],[-78.6639,52.0444,3.7238],[-78.6667,52.0461,1.8975],[-78.6728,52.045,7.2584],[-78.68,52.0473,0.6769],[-78.685,52.045,4.902],[-78.6994,52.0461,3.4544],[-78.7001,52.0487,2.0871],[-78.7055,52.0489,0.8537],[-78.705,52.0461,3.3448],[-78.7011,52.0449,9.2627],[-78.7039,52.0436,0.6367],[-78.6978,52.0414,1.6887],[-78.7,52.04,3.3207],[-78.71,52.0397,0.0009],[-78.7039,52.0378,0.9551],[-78.6989,52.0389,3.3207],[-78.6922,52.0378,4.2101],[-78.69,52.0359,2.3935],[-78.6928,52.0344,2.8351],[-78.6878,52.0331,2.0263],[-78.6839,52.0292,1.9662],[-78.6811,52.0303,1.6208],[-78.6767,52.0294,1.9507],[-78.6722,52.0325,2.4079],[-78.6639,52.0292,2.5945],[-78.6617,52.0303,2.5352],[-78.6644,52.0317,2.6939],[-78.6628,52.0345,3.019],[-78.6567,52.0364,4.3442],[-78.6539,52.0356,5.6916],[-78.6611,52.0322,2.5668],[-78.6572,52.0311,3.6074],[-78.6511,52.0328,4.4992],[-78.65,52.0317,4.0924],[-78.6561,52.0289,3.1433],[-78.66,52.0292,4.2812],[-78.6567,52.0261,3.6759],[-78.6606,52.0219,2.7553],[-78.6661,52.0203,2.9061],[-78.6689,52.0211,4.0579],[-78.665,52.0247,2.3833],[-78.6694,52.0281,2.1535],[-78.6728,52.0287,1.9835],[-78.6744,52.0275,1.9835],[-78.6717,52.0261,2.1881],[-78.6794,52.0247,1.7973],[-78.6933,52.0178,0.1185],[-78.6911,52.0169,1.2509],[-78.68,52.0192,2.9479],[-78.6878,52.0119,1.0458],[-78.6794,52.0103,0.6459],[-78.6772,52.0081,1.5431],[-78.6894,52.0103,1.1767],[-78.7028,52.0092,2.1466],[-78.705,52.0111,1.6308],[-78.7128,52.0119,6.3599],[-78.725,52.0059,0.7829],[-78.7138,52.0053,2.8545],[-78.7131,51.9992,4.2669],[-78.7073,51.9979,2.604],[-78.7077,51.9956,1.1064],[-78.6979,51.9901,2.21],[-78.7015,51.9847,2.32],[-78.7101,51.9776,1.3731],[-78.7282,51.9656,3.0772],[-78.7478,51.9594,1.9751],[-78.7523,51.9564,3.5021],[-78.7636,51.957,2.1951],[-78.7685,51.955,2.5636],[-78.7838,51.9533,2.9214],[-78.7867,51.9511,3.5176],[-78.7974,51.9506,1.0658],[-78.8054,51.9526,2.2232],[-78.816,51.9499,1.5035],[-78.8185,51.9461,3.8041],[-78.8253,51.9466,2.3735],[-78.8457,51.9416,1.6801],[-78.8484,51.9396,3.0536],[-78.8506,51.9405,0.4363],[-78.8568,51.9386,5.1762],[-78.8588,51.9377,1.1455],[-78.857,51.9361,4.0289],[-78.8714,51.9299,2.6675],[-78.8743,51.9253,2.7086],[-78.8653,51.9219,6.1197],[-78.8684,51.9159,1.6839],[-78.8726,51.9162,0.9262],[-78.8776,51.9136,6.3107],[-78.8863,51.9149,3.4076],[-78.8969,51.907,2.1708],[-78.889,51.9045,3.5024],[-78.8805,51.9065,2.1512],[-78.8633,51.9059,2.3746],[-78.8505,51.9082,2.8306],[-78.8387,51.9071,3.502],[-78.8349,51.9046,3.9574],[-78.8356,51.9002,3.9378],[-78.8378,51.8995,3.4725],[-78.8399,51.9009,3.2428],[-78.8496,51.8985,2.6942],[-78.8612,51.8899,2.9251],[-78.8592,51.8868,1.6366],[-78.8549,51.8856,4.4786],[-78.8553,51.8821,5.4682],[-78.8492,51.8827,2.466],[-78.8476,51.8805,1.699],[-78.8375,51.8807,2.8377],[-78.8343,51.8794,2.7423],[-78.8355,51.8776,1.5329],[-78.8333,51.8764,2.3371],[-78.8211,51.8781,2.2167],[-78.8116,51.8822,3.3533],[-78.8067,51.8825,3.1669],[-78.8022,51.8847,3.4759],[-78.8006,51.8881,4.1968],[-78.7939,51.8856,3.9248],[-78.7894,51.8872,4.6255],[-78.785,51.8867,4.1172],[-78.7794,51.8833,4.0383],[-78.7844,51.8803,3.8594],[-78.7778,51.8739,4.2072],[-78.7794,51.8731,4.2989],[-78.7789,51.8706,4.5362],[-78.7806,51.8692,4.5442],[-78.7728,51.8633,5.0523],[-78.7761,51.8597,4.771],[-78.7819,51.8581,4.504],[-78.79,51.8637,3.9628],[-78.8,51.8636,3.3985],[-78.805,51.8608,2.9758],[-78.8193,51.8589,1.956],[-78.8194,51.8575,2.0222],[-78.8139,51.8545,2.3384],[-78.8209,51.8446,1.9028],[-78.8188,51.8418,2.3661],[-78.8219,51.8408,2.0979],[-78.8302,51.8296,2.5521],[-78.837,51.8245,2.1467],[-78.8409,51.8199,2.5852],[-78.8404,51.8171,2.6671],[-78.8458,51.8149,2.3201],[-78.8481,51.8119,2.563],[-78.8539,51.81,2.4898],[-78.8517,51.8089,2.7058],[-78.8478,51.81,2.7101],[-78.8444,51.8075,3.3976],[-78.8501,51.8055,3.0505],[-78.855,51.806399999999996,2.9193],[-78.8567,51.805,2.9099],[-78.8536,51.8039,3.4319],[-78.8557,51.802,3.6581],[-78.8696,51.7985,3.0236],[-78.8728,51.7994,2.3957],[-78.88,51.7973,2.4732],[-78.8889,51.8009,2.0933],[-78.8926,51.7998,2.3197],[-78.8955,51.7978,1.8819],[-78.8939,51.795,2.4179],[-78.9022,51.7878,2.4922],[-78.9006,51.7851,5.5408],[-78.9033,51.7825,3.2],[-78.9144,51.7789,3.1614],[-78.9156,51.7806,3.0763],[-78.9139,51.7811,2.9521],[-78.915,51.7829,2.7651],[-78.9139,51.7875,2.6044],[-78.9151,51.7886,2.6044],[-78.9283,51.7847,2.3081],[-78.9317,51.7875,2.1651],[-78.9443,51.7902,3.3812],[-78.9487,51.7935,6.5187],[-78.9749,51.7991,3.5786],[-78.9773,51.7968,4.6252],[-78.987,51.7939,0.0],[-78.9994,51.786,3.2454],[-79.0,51.7873,0.0],[-79.0028,51.7836,6.8749],[-79.005,51.7839,0.0],[-79.0133,51.7778,1.2058],[-79.0256,51.7725,5.7519],[-79.0417,51.7614,1.6441],[-79.0333,51.7578,1.7886],[-79.0339,51.7517,0.4994],[-79.0322,51.7469,0.9281],[-79.0278,51.7447,0.2539],[-79.0116,51.7445,1.1702],[-79.0089,51.7422,2.8636],[-78.9989,51.7397,1.2485],[-78.9956,51.7331,11.4691],[-78.9961,51.7239,4.7913],[-78.9911,51.7211,3.9434],[-78.995,51.7173,5.1848],[-78.99,51.7103,5.4963],[-78.9939,51.7061,0.7932],[-78.9917,51.7036,0.0],[-78.9861,51.7019,0.1259],[-78.9806,51.7028,0.9077],[-78.9706,51.7014,1.3648],[-78.9672,51.6989,1.8538],[-78.9678,51.6942,2.4751],[-78.9588,51.6967,0.5856],[-78.95,51.6969,0.9637],[-78.9456,51.6961,1.548],[-78.9411,51.6928,1.1819],[-78.9367,51.6856,1.7224],[-78.9361,51.6767,1.6298],[-78.9389,51.6703,2.7474],[-78.9433,51.6661,1.4516],[-78.9444,51.6609,4.247],[-78.9406,51.6575,0.7147],[-78.9344,51.6553,2.1527],[-78.9328,51.6517,2.0037],[-78.9267,51.6458,1.5654],[-78.9022,51.6453,0.6851],[-78.8928,51.6431,1.6026],[-78.8811,51.6375,1.2472],[-78.8639,51.6275,2.1591],[-78.8595,51.6231,1.1115],[-78.8573,51.623,1.7698],[-78.8469,51.6118,1.7576],[-78.845,51.6083,2.2545],[-78.845,51.6033,1.4847],[-78.84,51.5989,1.8466],[-78.8339,51.6003,0.1994],[-78.8239,51.5992,1.8647],[-78.8051,51.6017,-0.2427],[-78.8046,51.6003,9.496],[-78.8089,51.5989,0.0],[-78.8128,51.5923,0.0],[-78.8122,51.5873,7.8137],[-78.8144,51.5833,4.3015],[-78.8229,51.5809,0.2982],[-78.8239,51.5767,1.2889],[-78.8255,51.5761,0.7353],[-78.8244,51.5747,1.438],[-78.8261,51.5741,0.8507],[-78.825,51.5719,0.9902],[-78.8261,51.5706,0.9902],[-78.8235,51.5649,1.1829],[-78.7201,51.5638,31.1841],[-78.7204,51.5063,22.8603],[-78.7196,51.501,4.5978],[-78.7083,51.5011,6.0803],[-78.71,51.4925,0.0],[-78.7039,51.4906,0.0],[-78.6981,51.4859,4.9468],[-78.6875,51.484,3.7693],[-78.6692,51.4736,3.5],[-78.6393,51.4693,5.0],[-78.6104,51.4622,6.7135],[-78.5433,51.4348,10.5],[-78.5378,51.4287,13.2688],[-78.534,51.4201,22.0983],[-78.5246,51.4153,13.5],[-78.508,51.3952,22.8503],[-78.5085,51.3909,25.7043],[-78.5,51.3827,31.8772],[-78.5,51.3556,50.8721],[-78.4922,51.2988,56.3027],[-78.6855,51.3028,36.8672],[-78.6834,51.0879,59.8356],[-78.6977,51.0925,59.908],[-78.7194,51.0924,50.2103],[-78.739,51.0972,48.0092],[-78.749,51.1015,28.625],[-78.7559,51.1071,24.0],[-78.7527,51.1081,25.5],[-78.7574,51.113,22.375],[-78.7526,51.117,44.6612],[-78.7523,51.1191,52.0098],[-78.7831,51.1288,31.5006],[-78.791,51.1327,16.7646],[-78.799,51.1455,13.125],[-78.8073,51.1506,30.5016],[-78.8506,51.1562,3.625],[-78.866,51.1671,0.0],[-78.8578,51.1712,7.7177],[-78.8585,51.1772,18.0323],[-78.8684,51.1831,0.0],[-78.8692,51.1902,0.0],[-78.8744,51.1969,0.0],[-78.8869,51.2046,23.9338],[-78.9055,51.2114,23.6319],[-78.9184,51.2193,2.0641],[-78.9222,51.226,1.7437],[-78.9287,51.2469,0.0],[-78.9285,51.254,0.0],[-78.9151,51.2774,0.0],[-78.935,51.2778,2.2983],[-78.9428,51.2842,3.8019],[-78.95,51.2958,0.8052],[-78.9517,51.3008,1.5794],[-78.9517,51.3103,1.9748],[-78.9472,51.3267,0.0],[-78.95,51.3417,0.0],[-78.9638,51.3747,7.7507],[-78.9627,51.3761,0.0],[-78.9639,51.3806,0.9652],[-78.9661,51.3825,5.448],[-78.965,51.3836,5.448],[-78.9667,51.3908,1.2395],[-78.9689,51.3947,0.0],[-78.9733,51.3975,3.5324],[-78.9739,51.4055,1.1635],[-78.9772,51.4114,2.475],[-78.9778,51.4244,3.0615],[-78.9794,51.4328,1.444],[-78.9811,51.4336,1.444],[-78.9811,51.4392,1.1816],[-78.9824,51.4397,2.6948],[-78.9794,51.4589,1.1425],[-78.9894,51.4689,0.6795],[-79.0061,51.4775,3.5058],[-79.0094,51.4808,1.6043],[-79.0122,51.4811,4.414],[-79.0478,51.5069,4.0639],[-79.0561,51.5083,4.2456],[-79.08,51.5197,2.9157],[-79.0956,51.5323,0.3748],[-79.1033,51.533,1.5848],[-79.1122,51.5297,2.4611],[-79.1244,51.5297,2.0222],[-79.1317,51.5253,3.2773],[-79.145,51.5211,1.648],[-79.1477,51.5223,0.4821],[-79.1544,51.5206,0.8568],[-79.1761,51.5203,1.3096],[-79.1822,51.5223,0.7076],[-79.1867,51.5217,1.0088],[-79.1905,51.5242,0.6908],[-79.2261,51.5337,0.8213],[-79.2328,51.5297,0.66],[-79.2322,51.5289,0.8363],[-79.24,51.5286,0.6372],[-79.2478,51.5325,0.4843],[-79.2533,51.5333,0.2893],[-79.2539,51.5369,0.3875],[-79.2504,51.5403,0.2578],[-79.2456,51.55,0.5153],[-79.2467,51.5531,0.5145],[-79.2455,51.556399999999996,0.4238],[-79.255,51.5661,0.5325],[-79.2572,51.5703,0.5588],[-79.2561,51.5803,0.7063],[-79.2444,51.6047,0.8323],[-79.2333,51.6139,1.1906],[-79.2256,51.6228,0.358],[-79.2239,51.6297,0.1411],[-79.2267,51.6431,5.8062],[-79.2256,51.6444,0.0],[-79.2272,51.6456,0.0],[-79.2483,51.6397,2.8614],[-79.2555,51.6417,6.2401],[-79.2789,51.64,3.9932],[-79.2878,51.6422,0.0],[-79.2983,51.6473,2.0226],[-79.3017,51.6469,5.7875],[-79.3067,51.6503,7.0615],[-79.3062,51.6528,0.0],[-79.3128,51.6594,9.6737],[-79.3106,51.6637,5.4612],[-79.3556,51.6575,1.2948],[-79.3594,51.655,3.7784],[-79.3633,51.645,7.624],[-79.3778,51.6431,5.9292],[-79.3789,51.6403,1.369],[-79.3728,51.6378,1.6793],[-79.3733,51.6336,1.4018],[-79.3761,51.6297,7.4551],[-79.3783,51.63,4.0538],[-79.3828,51.6275,0.2535],[-79.3828,51.6261,4.0599],[-79.3928,51.6239,0.7275],[-79.3967,51.6206,0.8786],[-79.3994,51.6203,3.1661],[-79.4011,51.618899999999996,3.1661],[-79.3995,51.6172,2.4487],[-79.4006,51.6164,2.821],[-79.4127,51.6136,4.398],[-79.4111,51.6115,6.0909],[-79.4156,51.61,1.469],[-79.4183,51.6058,1.2112],[-79.4239,51.6025,0.6472],[-79.4278,51.6017,2.0715],[-79.4294,51.5978,1.8118],[-79.4322,51.5983,1.5549],[-79.4356,51.5964,4.8077],[-79.4356,51.5933,9.5984],[-79.4383,51.5939,6.4257],[-79.4394,51.5959,1.3428],[-79.4428,51.5939,1.3309],[-79.4405,51.5925,1.7016],[-79.4433,51.59,1.6539],[-79.4539,51.5873,0.4983],[-79.4556,51.585,0.9244],[-79.4533,51.5831,1.0801],[-79.4539,51.5817,7.2724],[-79.4694,51.5806,1.7614],[-79.4728,51.5753,7.4622],[-79.4761,51.5747,0.3859],[-79.4744,51.5741,4.5716],[-79.475,51.5694,2.4665],[-79.4728,51.5686,7.2374],[-79.4794,51.5689,1.2032],[-79.4867,51.5664,7.2969],[-79.49,51.5628,4.9143],[-79.4961,51.5614,2.0346],[-79.4989,51.5581,2.6057],[-79.5056,51.5556,2.4237],[-79.5161,51.5553,6.322],[-79.5194,51.5575,1.7248],[-79.5194,51.5555,5.0503],[-79.5228,51.5536,5.92],[-79.5367,51.5539,0.8219],[-79.54,51.5514,5.6891],[-79.5361,51.5455,1.8916],[-79.5378,51.5442,2.6539],[-79.5361,51.5389,3.347],[-79.5261,51.5303,4.8005],[-79.5238,51.5233,1.2953],[-79.52,51.5197,2.9544],[-79.5211,51.5122,2.3109],[-79.5144,51.5019,2.9163],[-79.5144,51.4997,2.136],[-79.5111,51.4989,3.4063],[-79.5133,51.4967,1.4191],[-79.5078,51.4897,3.532],[-79.5067,51.4828,1.9597],[-79.5044,51.48,2.3673],[-79.5056,51.4767,2.938],[-79.4983,51.4703,1.7806],[-79.5006,51.4681,2.909],[-79.5066,51.4667,2.6128999999999998],[-79.5067,51.4631,2.3752],[-79.5094,51.4614,2.2096],[-79.5157,51.46,2.7008],[-79.5176,51.264,8.5327],[-79.5189,51.0623,13.7177],[-79.5178,49.5257,268.4244],[-79.5166,49.5047,265.4082],[-79.5177,49.5045,265.4082],[-79.5178,49.4922,259.9792],[-79.5165,49.4926,259.9792],[-79.5178,49.4908,255.8919],[-79.5179,49.1636,324.9196]],
[[-76.4676,51.6403,241.2783],[-76.4626,51.6439,239.9028],[-76.4609,51.6494,240.6024],[-76.4445,51.6561,238.2063],[-76.4409,51.6603,244.8434],[-76.442,51.6633,258.0637],[-76.4463,51.6644,246.1837],[-76.4426,51.6763,237.6624],[-76.4381,51.6832,250.848],[-76.4005,51.7101,232.9493],[-76.3967,51.7079,239.9214],[-76.3946,51.7115,240.5955],[-76.3984,51.7159,231.8019],[-76.3922,51.7193,236.4806],[-76.3779,51.7214,246.9565],[-76.3297,51.7501,291.4351],[-76.2349,51.7544,221.5045],[-76.24,51.7449,221.6182],[-76.24,51.7406,221.3602],[-76.2326,51.7353,232.9173],[-76.2263,51.7354,224.4801],[-76.2189,51.7297,221.5981],[-76.2142,51.7292,223.9395],[-76.213,51.7249,222.8622],[-76.2232,51.7139,232.9688],[-76.2184,51.7139,231.5784],[-76.2184,51.7116,227.5287],[-76.2305,51.7091,230.1599],[-76.252,51.6918,229.1635],[-76.2534,51.6888,229.3518],[-76.2497,51.6868,221.889],[-76.2541,51.682,222.2408],[-76.2615,51.6831,227.9818],[-76.2809,51.6771,226.4072],[-76.2986,51.6649,245.3038],[-76.3213,51.66,290.4481],[-76.3286,51.6567,253.5242],[-76.3277,51.6442,221.605],[-76.3229,51.6412,221.9298],[-76.3145,51.6406,221.6483],[-76.3108,51.6291,221.6467],[-76.3107,51.6225,222.2641],[-76.3085,51.6204,231.7662],[-76.3115,51.6118,230.731],[-76.3211,51.6112,230.5438],[-76.3274,51.6161,236.6165],[-76.3588,51.6124,256.6356],[-76.3773,51.6083,256.3393],[-76.3848,51.6104,257.4103],[-76.3975,51.6101,251.2168],[-76.4024,51.6081,247.6709],[-76.4159,51.6316,246.4397],[-76.4145,51.6339,250.4663],[-76.4171,51.6375,279.3288],[-76.4263,51.6423,267.4864],[-76.4472,51.6415,249.5215],[-76.4502,51.6426,240.4277],[-76.4491,51.647,245.3405],[-76.4521,51.6474,243.6169],[-76.464,51.6377,250.5892],[-76.4695,51.6368,240.5629],[-76.4676,51.6403,241.2783]],
[[-73.4053,50.7181,421.8959],[-73.3923,50.7227,410.5],[-73.3886,50.7291,410.5],[-73.3282,50.7098,456.3296],[-73.3708,50.6621,437.1935],[-73.3839,50.6565,436.4052],[-73.4163,50.648,427.6522],[-73.4332,50.6355,431.1494],[-73.4502,50.6139,425.32],[-73.4832,50.5775,430.7654],[-73.5006,50.5499,443.3326],[-73.5477,50.5139,431.27],[-73.6109,50.4469,410.791],[-73.6505,50.4222,397.7034],[-73.6569,50.4153,393.6077],[-73.6665,50.3912,400.7679],[-73.681,50.3775,399.3717],[-73.7122,50.3579,383.2201],[-73.7549,50.344,395.401],[-73.7703,50.3415,417.9888],[-73.7902,50.3427,397.5514],[-73.8187,50.3549,383.772],[-73.8227,50.3968,388.7612],[-73.8303,50.4051,394.9443],[-73.8619,50.4081,389.3594],[-73.8684,50.4119,380.1852],[-73.879,50.4141,376.7893],[-73.8788,50.4185,377.2314],[-73.8737,50.4282,373.5],[-73.8652,50.4361,373.5],[-73.8587,50.4376,373.5],[-73.8565,50.4405,373.5],[-73.8601,50.4484,373.5],[-73.8517,50.4681,373.5],[-73.848,50.4713,373.5],[-73.8423,50.4718,373.5],[-73.8402,50.4695,373.5],[-73.844,50.4643,385.6866],[-73.8393,50.4578,377.6475],[-73.8395,50.4524,381.8621],[-73.8498,50.437,380.8483],[-73.8489,50.4342,384.9467],[-73.846,50.4342,383.3722],[-73.841,50.4416,380.4527],[-73.8308,50.4513,373.5],[-73.8296,50.4595,373.5],[-73.8277,50.4613,373.5],[-73.8181,50.4611,373.5],[-73.8148,50.4634,374.2859],[-73.8182,50.4666,375.0581],[-73.8296,50.468,373.5],[-73.8309,50.4712,373.5],[-73.8282,50.4759,373.5],[-73.8253,50.4768,373.5],[-73.8255,50.4725,373.5],[-73.8199,50.4692,373.5],[-73.8141,50.47,373.5],[-73.8089,50.4662,375.7156],[-73.8063,50.4692,376.3429],[-73.8121,50.4764,373.5],[-73.8063,50.4859,373.5],[-73.7996,50.4931,373.5],[-73.799,50.4983,375.3698],[-73.8025,50.4991,393.5162],[-73.8066,50.495,386.8383],[-73.8213,50.4861,377.3651],[-73.8252,50.4871,373.5],[-73.8257,50.4933,373.5],[-73.8233,50.5061,373.5],[-73.8244,50.5139,375.5309],[-73.8217,50.5202,373.5],[-73.8176,50.5217,373.5],[-73.8135,50.5278,376.6064],[-73.8198,50.5291,375.5088],[-73.8175,50.5353,378.2251],[-73.818,50.5391,380.595],[-73.824,50.5324,373.5],[-73.8322,50.5513,373.5],[-73.8274,50.5624,373.5],[-73.8171,50.5766,373.5],[-73.8166,50.5791,373.5],[-73.8208,50.5829,373.5],[-73.8161,50.5908,374.6881],[-73.8175,50.5936,373.5],[-73.8159,50.597,373.5],[-73.8005,50.6058,387.9436],[-73.8011,50.6079,388.4113],[-73.8147,50.6081,373.5],[-73.8157,50.6102,374.6294],[-73.8072,50.616,379.8439],[-73.8052,50.6206,373.5],[-73.7966,50.6197,373.5],[-73.7857,50.6234,373.5],[-73.7838,50.6181,382.3463],[-73.7934,50.6032,379.3509],[-73.793,50.5961,393.8878],[-73.7909,50.5938,381.5073],[-73.7865,50.5974,373.5],[-73.7818,50.6057,373.5],[-73.7767,50.6237,374.3059],[-73.7772,50.6285,379.0787],[-73.7821,50.6325,373.5],[-73.7779,50.6391,373.5],[-73.7738,50.6415,373.5],[-73.7707,50.6472,373.5],[-73.7635,50.6466,373.5],[-73.7577,50.6648,373.5],[-73.7513,50.6713,373.5],[-73.7374,50.6768,373.5],[-73.7336,50.6815,373.5],[-73.7267,50.7011,373.5],[-73.7187,50.7117,373.5],[-73.7157,50.7128,373.5],[-73.7129,50.7106,373.5],[-73.7065,50.7108,373.5],[-73.7034,50.7082,373.5],[-73.695,50.7096,373.5],[-73.6882,50.718,384.0514],[-73.6796,50.7247,384.3819],[-73.6805,50.7277,386.1766],[-73.6868,50.7257,379.3893],[-73.697,50.7133,373.5],[-73.6995,50.7145,373.5],[-73.6881,50.7424,373.5],[-73.6829,50.7469,373.5],[-73.6816,50.7432,373.5],[-73.6689,50.7473,373.5],[-73.664,50.7516,373.5],[-73.6607,50.7598,374.4399],[-73.6537,50.7647,387.6357],[-73.6536,50.7665,380.0508],[-73.6615,50.7662,379.024],[-73.6727,50.7589,373.5],[-73.6762,50.7598,373.5],[-73.6698,50.7659,373.5],[-73.6633,50.7834,373.5],[-73.6525,50.7898,379.9141],[-73.6535,50.7921,385.5225],[-73.6574,50.7936,373.5],[-73.6583,50.7961,373.5],[-73.6551,50.8039,373.5],[-73.4049,50.7334,415.5936],[-73.4053,50.7248,418.4095],[-73.4085,50.72,422.8699],[-73.4053,50.7181,421.8959]],
[[-73.8708,50.4488,406.192],[-73.871,50.4435,413.3575],[-73.8801,50.4313,404.1199],[-73.8838,50.4222,391.6175],[-73.93,50.4242,377.6365],[-73.9255,50.4178,391.3452],[-73.9209,50.3793,380.7036],[-73.922,50.373,379.5706],[-73.9183,50.3681,377.5769],[-73.9231,50.3632,387.3637],[-73.9229,50.3598,383.2151],[-73.9146,50.3539,375.848],[-73.9089,50.3362,376.1639],[-73.9098,50.3314,376.4388],[-73.8974,50.3307,373.5],[-73.8868,50.353,373.5],[-73.8822,50.3531,374.5568],[-73.8884,50.3326,380.937],[-73.8879,50.3267,375.6823],[-73.8936,50.3266,375.4144],[-73.902,50.3217,380.2829],[-73.9039,50.319,379.2863],[-73.9023,50.3144,378.0686],[-73.8967,50.3202,376.3598],[-73.8925,50.3192,373.5],[-73.8931,50.3126,378.5101],[-73.8969,50.3058,382.6333],[-73.8961,50.301,378.664],[-73.8911,50.2995,374.4169],[-73.8875,50.3013,373.5],[-73.8841,50.306,373.5],[-73.8802,50.3058,373.5],[-73.8815,50.3014,373.5],[-73.8988,50.2866,389.4255],[-73.8982,50.2839,384.5289],[-73.8914,50.2838,373.5],[-73.8909,50.2801,380.5438],[-73.897,50.2781,390.9681],[-73.8982,50.2743,394.4893],[-73.8956,50.2685,377.1655],[-73.8845,50.2692,373.5],[-73.8854,50.2665,391.6841],[-73.8825,50.266,391.6841],[-73.8763,50.2705,373.5],[-73.8616,50.2622,376.8322],[-73.8596,50.2172,425.1484],[-74.017,50.2189,427.0107],[-74.1196,50.2442,435.7711],[-74.2309,50.2741,409.0202],[-74.2228,50.2849,413.1248],[-74.2076,50.2918,373.5],[-74.2038,50.2977,388.2461],[-74.1956,50.2994,373.5],[-74.1851,50.3052,373.5],[-74.1811,50.3056,373.5],[-74.1653,50.3315,373.5],[-74.1576,50.3366,373.5],[-74.1497,50.3381,373.5],[-74.1457,50.3406,373.5],[-74.1408,50.3396,373.5534],[-74.1367,50.3427,374.8245],[-74.1314,50.3426,373.5],[-74.1296,50.3444,373.5],[-74.1338,50.3466,390.4055],[-74.1452,50.346,373.5],[-74.1476,50.3486,373.5],[-74.1453,50.3515,373.5],[-74.133,50.3573,382.7106],[-74.1365,50.361,373.5],[-74.1304,50.3696,373.5],[-74.127,50.3851,373.5],[-74.1225,50.3926,373.5],[-74.1206,50.4049,375.327],[-74.1166,50.4081,373.5],[-74.1068,50.4109,373.5],[-74.1071,50.4136,373.5],[-74.1099,50.416,373.5],[-74.1076,50.4194,373.5],[-74.0896,50.4333,403.1671],[-74.0827,50.4352,373.5],[-74.0782,50.4413,378.4684],[-74.0596,50.4529,373.5],[-74.05,50.4619,373.5],[-74.0196,50.4795,373.5],[-74.0022,50.4873,373.5],[-73.9889,50.4887,373.5],[-73.9788,50.4823,373.5],[-73.9751,50.4761,377.5738],[-73.9742,50.4713,383.8523],[-73.9758,50.4663,388.9537],[-73.968,50.4646,373.5],[-73.9638,50.462,382.0946],[-73.9585,50.4619,373.5],[-73.9559,50.4653,373.5],[-73.9536,50.4602,378.1468],[-73.9555,50.4557,376.1182],[-73.9494,50.4565,373.5],[-73.9479,50.4677,373.5],[-73.9439,50.469,373.5],[-73.9413,50.4623,379.1396],[-73.9452,50.4553,379.9987],[-73.9511,50.449,381.1291],[-73.9491,50.4469,382.406],[-73.9447,50.4495,373.5],[-73.9423,50.4458,375.9255],[-73.9426,50.4399,383.5792],[-73.9358,50.4487,373.5],[-73.9327,50.4448,387.7675],[-73.9387,50.4305,382.6918],[-73.9431,50.4255,380.2499],[-73.937,50.4272,383.4816],[-73.9332,50.4235,391.2483],[-73.93,50.4246,377.6365],[-73.9285,50.4266,379.3974],[-73.9305,50.4283,373.5],[-73.9244,50.4309,375.581],[-73.9257,50.4337,373.5],[-73.9306,50.4356,373.5],[-73.9256,50.4433,373.5],[-73.9191,50.4457,373.5],[-73.9141,50.4454,374.5407],[-73.9129,50.4412,378.9908],[-73.9085,50.4437,381.8333],[-73.9104,50.4483,374.4805],[-73.9071,50.4514,388.3744],[-73.9117,50.4529,397.3766],[-73.9204,50.4494,375.9164],[-73.9246,50.4506,373.5],[-73.927,50.4543,373.5],[-73.9265,50.4566,373.5],[-73.9057,50.4683,373.5],[-73.9015,50.474,374.1716],[-73.9029,50.4758,373.5],[-73.9061,50.4761,373.5],[-73.9059,50.4798,373.5],[-73.8948,50.4894,373.5],[-73.8875,50.5019,373.5],[-73.8874,50.5053,377.5075],[-73.9055,50.4907,389.7667],[-73.9168,50.4866,382.4641],[-73.9244,50.4748,376.8682],[-73.9276,50.474,373.5],[-73.9334,50.4805,380.8899],[-73.9388,50.481,373.5],[-73.9408,50.4854,373.5],[-73.938,50.492,373.5],[-73.9308,50.5019,373.5],[-73.937,50.5077,373.5],[-73.9348,50.5102,373.5],[-73.9294,50.5094,373.5],[-73.9265,50.511,376.2529],[-73.9356,50.5155,388.869],[-73.944,50.5113,378.6888],[-73.948,50.5111,373.5],[-73.9504,50.513,373.5],[-73.9455,50.5184,373.5],[-73.9328,50.5244,373.5],[-73.9281,50.5332,373.5],[-73.9316,50.5346,373.5],[-73.9325,50.5394,373.5],[-73.9301,50.5472,373.5],[-73.9306,50.5506,378.1552],[-73.9351,50.5546,373.5],[-73.9288,50.56,373.5],[-73.9278,50.5671,373.5],[-73.9195,50.5685,373.5],[-73.9137,50.5803,373.5],[-73.9073,50.5791,375.7725],[-73.9049,50.5756,384.8991],[-73.9111,50.5654,381.5272],[-73.9101,50.5638,384.9275],[-73.9043,50.5632,373.5],[-73.8963,50.5581,373.5],[-73.8947,50.5626,373.5],[-73.896,50.5672,390.2568],[-73.9017,50.5675,374.6804],[-73.898,50.5773,373.5],[-73.8923,50.5777,373.5],[-73.8955,50.5862,387.9546],[-73.9041,50.587,373.5],[-73.9025,50.5902,373.5],[-73.8952,50.5953,373.5],[-73.8884,50.603,373.5],[-73.889,50.6058,376.5761],[-73.8954,50.6077,373.5],[-73.8898,50.6115,373.5],[-73.8823,50.629,373.5],[-73.8764,50.6332,373.5],[-73.87,50.6324,373.5],[-73.8665,50.6214,384.6784],[-73.8678,50.6148,392.4344],[-73.8639,50.6147,385.912],[-73.8621,50.6236,373.5],[-73.8578,50.6306,373.5],[-73.8624,50.6334,373.5],[-73.8592,50.6407,373.5],[-73.8551,50.6457,373.5],[-73.8481,50.6487,373.5],[-73.846,50.645,373.5],[-73.8499,50.6396,377.4118],[-73.8515,50.6334,381.2533],[-73.8486,50.6338,382.6988],[-73.8451,50.6379,385.4366],[-73.8405,50.6509,373.5],[-73.8331,50.6567,373.5],[-73.8205,50.6732,373.5],[-73.8138,50.679,373.5],[-73.8065,50.6812,373.5],[-73.8026,50.6896,373.5],[-73.7976,50.6874,373.5],[-73.796,50.6849,379.7218],[-73.7994,50.6804,378.6774],[-73.7937,50.6789,374.3479],[-73.7996,50.6767,390.7192],[-73.8024,50.6697,391.4561],[-73.7987,50.6637,382.6431],[-73.8017,50.661,381.9495],[-73.8074,50.6611,391.2653],[-73.8096,50.6591,400.9816],[-73.8027,50.6546,382.2258],[-73.8025,50.6509,387.5285],[-73.8092,50.6453,393.8989],[-73.8165,50.634,403.6474],[-73.8141,50.6299,382.3063],[-73.8134,50.6214,396.3234],[-73.8154,50.6171,396.5964],[-73.8263,50.6145,397.0994],[-73.8307,50.6105,394.8595],[-73.8321,50.6034,392.7302],[-73.8359,50.5984,391.2326],[-73.8402,50.5988,398.614],[-73.8424,50.597,422.998],[-73.8599,50.565,395.1567],[-73.87,50.5277,385.7958],[-73.8771,50.5205,406.9741],[-73.8802,50.515,411.9193],[-73.8644,50.5164,373.5],[-73.862,50.5131,383.7738],[-73.8637,50.5072,395.5094],[-73.8597,50.5003,383.9129],[-73.8619,50.4978,384.9731],[-73.867,50.4977,401.8074],[-73.8713,50.4952,399.8523],[-73.8795,50.4718,411.6464],[-73.884,50.4659,419.0145],[-73.8834,50.4634,400.8074],[-73.8773,50.4626,373.5],[-73.8733,50.4566,380.7302],[-73.8708,50.4488,406.192]],
[[-74.8387,49.9276,359.4581],[-74.8413,49.9276,358.8727],[-74.8392,49.931,360.2815],[-74.8342,49.932,362.1715],[-74.826,49.9268,362.6484],[-74.8058,49.936,372.7995],[-74.799,49.9304,372.2857],[-74.82,49.9178,353.0],[-74.8387,49.9276,359.4581]],
[[-75.9964,49.7046,276.0594],[-75.9889,49.7017,275.9403],[-75.9887,49.6956,283.7493],[-75.9718,49.6917,288.8992],[-75.9712,49.6989,298.7649],[-75.9784,49.7004,288.3711],[-75.9704,49.7141,293.2078],[-75.9665,49.718,297.9375],[-75.9729,49.7211,288.1336],[-75.971,49.7247,292.8166],[-75.9726,49.726,300.3703],[-75.9813,49.7216,295.0428],[-75.979,49.717,285.5581],[-75.9816,49.7134,286.0855],[-75.9987,49.7156,298.6241],[-76.0106,49.7154,341.8013],[-76.0165,49.7131,328.948],[-76.0422,49.7126,293.4796],[-76.0687,49.7172,322.6178],[-76.0735,49.7196,299.425],[-76.0706,49.7246,298.4097],[-76.0714,49.7275,295.7966],[-76.0758,49.7276,304.3147],[-76.0799,49.7246,293.9357],[-76.0968,49.7301,347.8672],[-76.1112,49.7322,317.7333],[-76.1254,49.722,295.8302],[-76.1326,49.7236,300.7246],[-76.1326,49.7273,307.5167],[-76.1381,49.7285,300.0288],[-76.1462,49.7248,308.1107],[-76.1535,49.7269,304.0898],[-76.1791,49.7221,305.4762],[-76.2085,49.7219,304.4515],[-76.2217,49.7258,301.5533],[-76.2269,49.7289,306.205],[-76.2365,49.7219,309.3046],[-76.2724,49.7207,312.3806],[-76.2962,49.7151,314.6984],[-76.3173,49.719,320.6494],[-76.3612,49.7212,312.6541],[-76.3954,49.7261,317.5706],[-76.4061,49.7251,307.9446],[-76.4145,49.721,309.5481],[-76.4248,49.7096,292.2693],[-76.4473,49.7084,297.2045],[-76.4425,49.7019,289.7272],[-76.4415,49.6938,287.9193],[-76.4488,49.6815,288.6759],[-76.4565,49.6831,295.246],[-76.4568,49.6887,281.8299],[-76.4505,49.6969,291.0953],[-76.4521,49.7029,305.282],[-76.4564,49.7052,301.8087],[-76.4568,49.7022,301.7911],[-76.4612,49.6965,290.2152],[-76.4721,49.687,284.1552],[-76.4728,49.6991,297.0377],[-76.482,49.7084,298.3006],[-76.4842,49.7126,288.1467],[-76.4751,49.719,295.2119],[-76.4345,49.7185,295.1584],[-76.4342,49.7365,314.1286],[-76.4293,49.7363,317.9211],[-76.4291,49.773,325.1778],[-76.0486,49.7707,369.1642],[-76.0483,49.7613,365.3415],[-76.0197,49.7618,351.4544],[-76.0191,49.7546,354.7917],[-75.9866,49.7534,344.6528],[-75.9873,49.909,365.0047],[-75.887,49.9071,344.622],[-75.6955,49.9066,350.278],[-75.6955,49.8957,342.1342],[-75.6882,49.8893,332.0],[-75.6878,49.8861,332.0],[-75.6914,49.8827,332.0],[-75.6899,49.8793,332.0],[-75.691,49.8749,332.0],[-75.6953,49.8745,332.0],[-75.6999,49.8694,332.0],[-75.7018,49.8277,372.5691],[-75.8065,49.8304,342.1984],[-75.8271,49.8176,350.5759],[-75.8309,49.806,355.3015],[-75.8363,49.802,355.1364],[-75.78,49.7513,293.4121],[-75.7859,49.7529,307.2933],[-75.8098,49.7533,318.7228],[-75.8176,49.7511,306.0071],[-75.8246,49.7463,302.7408],[-75.8306,49.7353,327.2175],[-75.8562,49.7211,293.7404],[-75.8485,49.7115,285.4615],[-75.8467,49.7067,295.9568],[-75.8512,49.6974,306.9651],[-75.8636,49.6898,289.9179],[-75.873,49.6884,286.9981],[-75.8977,49.6895,287.0854],[-75.9071,49.6907,283.22],[-75.9219,49.6966,287.9094],[-75.9318,49.6975,300.8014],[-75.9476,49.6959,296.4919],[-75.9535,49.6879,286.8683],[-75.9532,49.6753,302.2783],[-76.361,49.6739,316.6972],[-76.3963,49.6482,296.3455],[-76.4007,49.6491,290.5273],[-76.384,49.7043,302.056],[-76.3789,49.7109,273.8109],[-76.3727,49.7139,302.0447],[-76.3533,49.7133,310.2662],[-76.3424,49.7106,304.2076],[-76.3192,49.7119,290.9286],[-76.3034,49.7099,287.8461],[-76.2935,49.707,279.0977],[-76.2735,49.7098,287.3499],[-76.2475,49.7099,285.1341],[-76.2336,49.7156,298.7172],[-76.227,49.7162,302.6357],[-76.2064,49.7137,290.1648],[-76.2017,49.7106,286.0837],[-76.169,49.7136,281.7849],[-76.1633,49.7147,289.8425],[-76.1572,49.7182,294.8556],[-76.1406,49.7152,291.6367],[-76.1128,49.718,288.6952],[-76.1045,49.7167,282.368],[-76.0839,49.7096,289.036],[-76.0602,49.7081,315.4319],[-76.0395,49.7036,290.5214],[-76.0253,49.7039,327.0621],[-76.0065,49.7079,301.8939],[-75.9964,49.7046,276.0594]],
[[-74.7407,49.7641,382.6452],[-74.9257,49.7618,381.0724],[-74.9266,49.8062,386.0811],[-74.7406,49.8062,377.99],[-74.7407,49.7641,382.6452]],
[[-76.4831,49.6587,269.1852],[-76.4917,49.6588,273.0332],[-76.4959,49.6613,266.1637],[-76.4981,49.6663,270.2402],[-76.492,49.6794,268.5797],[-76.4888,49.6792,264.0],[-76.4862,49.6698,281.4598],[-76.4879,49.6657,284.0854],[-76.4865,49.6637,281.4198],[-76.4773,49.6624,267.8167],[-76.4783,49.6603,270.6594],[-76.4831,49.6587,269.1852]],
[[-77.615,49.7473,250.0],[-77.6563,49.7483,260.2051],[-77.6587,49.7319,259.4511],[-77.6704,49.732,281.932],[-77.6711,49.7165,272.4956],[-77.695,49.717,291.3133],[-77.6947,49.6956,279.8265],[-77.7153,49.6962,279.7471],[-77.7159,49.7021,289.3075],[-77.7557,49.7035,270.3257],[-77.7572,49.7459,267.044],[-77.7821,49.7459,268.2007],[-77.782,49.7523,272.2153],[-77.8027,49.7521,277.5317],[-77.8023,49.7697,272.7993],[-77.8162,49.7701,281.7247],[-77.8161,49.7852,271.5292],[-77.8344,49.7859,249.9949],[-77.8336,49.7896,252.1667],[-77.855,49.7904,255.8726],[-77.8539,49.8114,260.9755],[-77.7905,49.8105,257.8607],[-77.7914,49.7845,268.222],[-77.7692,49.7839,278.2585],[-77.77,49.7689,267.9219],[-77.7445,49.7677,262.6698],[-77.7452,49.7521,261.0652],[-77.7283,49.7521,259.6818],[-77.7291,49.7402,269.2625],[-77.7009,49.7393,263.8979],[-77.7002,49.7459,263.8829],[-77.6888,49.7458,258.9517],[-77.6891,49.7579,256.5233],[-77.6548,49.7586,270.3151],[-77.6543,49.7765,276.8221],[-77.5998,49.7749,275.2222],[-77.5982,49.7468,280.2738],[-77.615,49.7473,250.0]],
[[-77.0329,49.0152,287.6399],[-77.0399,49.0093,291.653],[-77.0482,49.0104,294.1979],[-77.0547,49.0086,289.3105],[-77.0577,49.009,268.2449],[-77.073,49.0204,267.8165],[-77.0573,49.0324,289.865],[-77.0387,49.0414,302.3332],[-77.0161,49.0495,316.3828],[-77.0363,49.0713,307.5345],[-77.0365,49.0974,317.7369],[-77.0179,49.0969,295.2817],[-77.0239,49.0877,286.0819],[-77.0224,49.084,281.4192],[-77.0174,49.08,292.6796],[-77.0102,49.0807,275.5],[-77.0034,49.0723,291.2857],[-76.9985,49.0703,275.5],[-76.9963,49.0653,290.2879],[-76.9928,49.0642,294.4631],[-76.9727,49.0649,275.5],[-76.9639,49.0593,288.6784],[-76.969,49.0563,292.8003],[-76.9821,49.0534,283.8767],[-76.9855,49.0495,286.0439],[-76.9826,49.0465,288.1896],[-76.974,49.0475,275.5],[-76.97,49.0432,275.5],[-76.96,49.0455,275.5],[-76.9168,49.0153,294.8969],[-76.9374,49.0023,292.0458],[-76.946,49.0099,288.3069],[-76.9854,49.037,283.5922],[-77.0011,49.0248,292.6248],[-77.0121,49.0197,286.5117],[-77.028,49.0179,283.4126],[-77.0329,49.0152,287.6399]]],
[[[-79.2167,53.8225,2.4953],[-79.2157,53.8235,0.0],[-79.2183,53.8239,1.6894],[-79.2198,53.8221,3.9818],[-79.2183,53.8219,0.7124],[-79.2167,53.8225,2.4953]]],
[[[-79.2039,53.8239,1.6995],[-79.205,53.8228,0.3329],[-79.1994,53.8228,0.0],[-79.2,53.8242,1.1532],[-79.2039,53.8239,1.6995]]],
[[[-79.2989,53.8265,0.0],[-79.3,53.8258,0.0],[-79.2944,53.8261,0.0],[-79.2961,53.8289,0.0],[-79.2989,53.8265,0.0]]],
[[[-79.1841,53.8247,2.4731],[-79.1841,53.8264,4.9012],[-79.1889,53.8281,3.3384],[-79.1974,53.8239,1.1532],[-79.1911,53.8236,0.0],[-79.19,53.8245,1.8695],[-79.192,53.826,2.7467],[-79.1906,53.8267,2.8346],[-79.1841,53.8247,2.4731]]],
[[[-79.2156,53.8275,1.1231],[-79.2183,53.8264,1.4994],[-79.2179,53.8258,3.0145],[-79.2137,53.8267,0.0],[-79.2156,53.8275,1.1231]]],
[[[-78.9625,53.8331,1.4662],[-78.9668,53.8346,5.5911],[-78.9779,53.8346,0.0],[-78.9778,53.8325,0.0],[-78.9587,53.8303,12.203],[-78.958,53.8314,2.1602],[-78.9625,53.8331,1.4662]]],
[[[-79.1699,53.8313,0.0],[-79.1661,53.8297,0.0],[-79.1633,53.83,0.0],[-79.1667,53.8314,0.0],[-79.1699,53.8313,0.0]]],
[[[-79.2922,53.8347,0.2863],[-79.2956,53.8328,0.5836],[-79.2956,53.8322,0.5836],[-79.2911,53.8339,0.2863],[-79.2922,53.8347,0.2863]]],
[[[-79.2133,53.8359,2.4738],[-79.2116,53.8368,2.4738],[-79.2182,53.8377,2.2939],[-79.22,53.8367,2.4745],[-79.216,53.8353,0.0],[-79.2133,53.8359,2.4738]]],
[[[-79.2044,53.8394,2.4963],[-79.2024,53.8394,0.2821],[-79.2005,53.8409,1.1987],[-79.2077,53.8418,0.991],[-79.2044,53.8394,2.4963]]],
[[[-79.2278,53.8425,3.5876],[-79.2206,53.8414,0.7615],[-79.23,53.8433,2.6713],[-79.23,53.8431,2.6713],[-79.2278,53.8425,3.5876]]],
[[[-79.13,53.8658,0.0],[-79.1372,53.8692,0.0],[-79.1433,53.8681,9.6772],[-79.1452,53.866,6.3741],[-79.1344,53.8647,3.8453],[-79.13,53.8658,0.0]]],
[[[-79.1162,53.8749,8.0469],[-79.1205,53.8741,5.7898],[-79.1274,53.8764,1.359],[-79.1375,53.8757,0.4318],[-79.1501,53.8746,1.3691],[-79.1515,53.8719,2.2839],[-79.1479,53.869,1.7551],[-79.1456,53.868899999999996,0.0],[-79.1318,53.8719,2.1833],[-79.1304,53.871,8.5112],[-79.1316,53.8705,2.1833],[-79.1256,53.8683,0.8836],[-79.112,53.8711,3.5649],[-79.1085,53.8691,0.0],[-79.0999,53.8708,0.0],[-79.1106,53.875,0.706],[-79.1162,53.8749,8.0469]]],
[[[-79.075,53.8314,0.0],[-79.0711,53.8328,0.0],[-79.0806,53.8342,0.0],[-79.0956,53.8325,4.0947],[-79.0994,53.8306,0.9018],[-79.1033,53.8325,0.6949],[-79.1044,53.8317,0.0],[-79.1028,53.8306,0.0],[-79.1033,53.8286,0.0],[-79.1011,53.8282,1.6433],[-79.1036,53.827,1.0203],[-79.099,53.8261,2.7195],[-79.0966,53.8265,2.8067],[-79.0982,53.8288,2.2795],[-79.0946,53.8305,9.0122],[-79.0922,53.8295,3.2211],[-79.0923,53.8278,1.9857],[-79.0783,53.8295,0.0],[-79.075,53.8314,0.0]]],
[[[-79.1829,53.8342,0.0],[-79.1861,53.8347,2.478],[-79.1867,53.8342,2.478],[-79.1822,53.8331,0.0],[-79.1829,53.8342,0.0]]],
[[[-79.1941,53.8336,0.0],[-79.1906,53.8336,0.0],[-79.1947,53.8369,3.3977],[-79.2016,53.8381,1.687],[-79.1967,53.8361,3.1392],[-79.1941,53.8336,0.0]]],
[[[-79.1355,53.8803,2.9552],[-79.1322,53.8789,4.2334],[-79.1261,53.8792,0.5597],[-79.1306,53.8819,0.4782],[-79.1355,53.8803,2.9552]]],
[[[-79.8839,53.9039,0.0],[-79.8972,53.9081,0.5209],[-79.8988,53.9131,0.0],[-79.9061,53.9133,1.4207],[-79.9133,53.91,2.529],[-79.9094,53.9047,2.7919],[-79.9106,53.9017,1.9132],[-79.8899,53.8931,2.2414],[-79.8856,53.8883,0.0],[-79.8778,53.8869,0.0],[-79.8678,53.8923,4.8798],[-79.8672,53.8975,0.0],[-79.8705,53.9001,7.0508],[-79.8711,53.9031,12.2306],[-79.8678,53.9044,1.0516],[-79.8839,53.9039,0.0]]],
[[[-78.9728,53.9027,5.3299],[-78.9728,53.9011,4.7063],[-78.9672,53.9014,3.5797],[-78.9689,53.9031,3.808],[-78.9728,53.9027,5.3299]]],
[[[-78.9844,53.9025,3.1633],[-78.9822,53.9011,2.5126],[-78.9769,53.9015,2.7386],[-78.9828,53.9033,3.684],[-78.9844,53.9025,3.1633]]],
[[[-79.1063,53.8911,3.9718],[-79.1083,53.8931,3.1986],[-79.1133,53.8917,1.8122],[-79.1094,53.8899,1.6329],[-79.1063,53.8911,3.9718]]],
[[[-78.9683,53.8981,3.2641],[-78.9633,53.8975,3.4951],[-78.9622,53.8987,3.2379],[-78.9644,53.8995,3.4489],[-78.9683,53.8981,3.2641]]],
[[[-79.1296,53.9172,0.0],[-79.1335,53.9176,0.8517],[-79.1344,53.9167,1.4654],[-79.1304,53.9161,0.3663],[-79.1296,53.9172,0.0]]],
[[[-79.1067,53.9336,0.2234],[-79.1033,53.9333,0.1013],[-79.1017,53.9353,0.0],[-79.1083,53.9347,2.4028],[-79.1067,53.9336,0.2234]]],
[[[-79.1283,53.9131,1.4413],[-79.1293,53.9151,1.9635],[-79.1343,53.9139,1.0111],[-79.1294,53.9108,2.2703],[-79.1311,53.9083,2.2085],[-79.1256,53.9067,0.2895],[-79.1221,53.9029,3.2654],[-79.1263,53.9011,2.2519],[-79.1251,53.8984,0.0],[-79.1158,53.9,0.1399],[-79.1148,53.8962,2.1348],[-79.1115,53.8962,0.9368],[-79.1089,53.9019,0.0],[-79.1011,53.9047,1.1451],[-79.1222,53.9075,1.0282],[-79.1286,53.9119,2.2703],[-79.1283,53.9131,1.4413]]],
[[[-79.0575,53.9076,4.8283],[-79.0633,53.9092,0.0],[-79.0683,53.9064,0.6019],[-79.0627,53.9045,0.6528],[-79.0581,53.9059,9.6337],[-79.0575,53.9076,4.8283]]],
[[[-79.0733,53.9059,1.9547],[-79.07,53.9075,0.8191],[-79.0744,53.9083,0.6101],[-79.0778,53.9067,0.0],[-79.0756,53.9056,1.1929],[-79.0733,53.9059,1.9547]]],
[[[-79.0764,53.9097,0.7517],[-79.075,53.9104,0.0],[-79.0831,53.9111,0.0],[-79.0869,53.9093,0.0],[-79.0833,53.9084,0.0],[-79.0764,53.9097,0.7517]]],
[[[-79.0765,53.8764,0.0],[-79.0755,53.8775,0.0],[-79.0783,53.8783,1.2697],[-79.0872,53.8769,0.2307],[-79.0856,53.8758,2.0285],[-79.0765,53.8764,0.0]]],
[[[-79.095,53.8758,0.0],[-79.0961,53.8775,0.0],[-79.1078,53.8782,5.9628],[-79.1077,53.8765,0.0],[-79.1039,53.8756,2.8438],[-79.096,53.8745,0.0],[-79.095,53.8758,0.0]]],
[[[-79.0711,53.8836,7.9352],[-79.0878,53.8845,1.7279],[-79.0938,53.8831,2.1292],[-79.0989,53.8797,0.0],[-79.0778,53.88,3.12],[-79.0717,53.8772,1.4676],[-79.0633,53.8778,0.7093],[-79.0661,53.8831,7.708],[-79.0711,53.8836,7.9352]]],
[[[-79.1439,53.9437,0.0],[-79.1389,53.9447,2.1938],[-79.1361,53.9433,0.0],[-79.1345,53.9457,0.5532],[-79.148,53.9513,5.1668],[-79.1515,53.9511,5.1491],[-79.1537,53.9483,4.3249],[-79.1477,53.9439,2.7175],[-79.1439,53.9437,0.0]]],
[[[-79.1121,53.9518,0.0],[-79.1096,53.9522,0.0],[-79.1095,53.9541,0.0],[-79.1205,53.9538,1.8345],[-79.1278,53.9519,0.0],[-79.1189,53.9508,0.5681],[-79.1121,53.9518,0.0]]],
[[[-79.1046,53.9535,1.7719],[-79.1072,53.9522,1.8167],[-79.1072,53.9519,0.2119],[-79.1037,53.9525,1.7719],[-79.1046,53.9535,1.7719]]],
[[[-79.045,53.9567,2.2542],[-79.0472,53.9559,0.3576],[-79.0467,53.9537,1.3885],[-79.0417,53.9544,0.1117],[-79.0417,53.9567,0.8543],[-79.045,53.9567,2.2542]]],
[[[-79.0678,53.9584,0.2462],[-79.0672,53.9594,0.0],[-79.0694,53.96,1.4059],[-79.0744,53.9589,0.0],[-79.0705,53.9573,0.164],[-79.0678,53.9584,0.2462]]],
[[[-79.0667,53.9745,3.2927],[-79.0617,53.9769,1.8596],[-79.0639,53.9778,0.0],[-79.0711,53.9753,0.0],[-79.0667,53.9745,3.2927]]],
[[[-79.0682,53.9548,0.0],[-79.0644,53.9573,0.0],[-79.075,53.9553,0.0],[-79.0739,53.9545,0.0],[-79.0682,53.9548,0.0]]],
[[[-79.2167,53.9919,0.0],[-79.2219,53.9933,0.0],[-79.2272,53.9914,0.0],[-79.2203,53.9902,0.0],[-79.2163,53.9909,0.0],[-79.2167,53.9919,0.0]]],
[[[-79.0972,53.9917,0.0],[-79.1033,53.9942,0.0],[-79.1072,53.9917,0.0],[-79.1032,53.9908,0.0],[-79.0972,53.9917,0.0]]],
[[[-79.0788,53.9953,0.5213],[-79.0861,53.9958,4.229],[-79.0861,53.9986,0.0],[-79.0906,53.9981,1.0093],[-79.0883,53.9967,2.8193],[-79.0906,53.9956,0.9799],[-79.0894,53.993899999999996,4.8181],[-79.0839,53.9919,0.7992],[-79.0783,53.9925,0.0],[-79.0811,53.9936,2.6881],[-79.0788,53.9953,0.5213]]],
[[[-79.2178,53.9869,0.0],[-79.2183,53.9858,0.0],[-79.2161,53.985,0.0],[-79.2127,53.9861,0.0],[-79.215,53.9878,0.0],[-79.2178,53.9869,0.0]]],
[[[-79.0741,53.9894,1.1692],[-79.077,53.9901,1.0297],[-79.0825,53.9874,0.0],[-79.0786,53.9852,0.0],[-79.07,53.9841,2.1046],[-79.0684,53.9854,2.7995],[-79.0741,53.9894,1.1692]]],
[[[-79.0928,53.9864,0.0],[-79.0911,53.9864,0.0],[-79.0872,53.9881,0.3126],[-79.0983,53.9873,4.4044],[-79.0928,53.9864,0.0]]],
[[[-79.2028,53.9908,0.0],[-79.1983,53.9928,0.0],[-79.2022,53.9942,0.0],[-79.2111,53.9889,0.0],[-79.2039,53.9873,0.0],[-79.2022,53.9883,0.0],[-79.2028,53.9908,0.0]]],
[[[-79.0717,53.9814,1.1299],[-79.0655,53.9822,3.2682],[-79.0706,53.9825,1.8661],[-79.0739,53.9811,1.1299],[-79.0717,53.9814,1.1299]]],
[[[-79.1039,53.9835,2.1214],[-79.105,53.9828,0.7255],[-79.1033,53.9819,0.0],[-79.0983,53.9831,0.0],[-79.1011,53.9842,1.2038],[-79.1039,53.9835,2.1214]]],
[[[-79.0777,54.0031,3.7316],[-79.0794,54.0019,0.0],[-79.0739,54.0028,0.0],[-79.075,54.0031,0.0],[-79.0777,54.0031,3.7316]]],
[[[-79.4467,54.0072,1.4438],[-79.4417,54.0083,1.992],[-79.4439,54.0094,1.6655],[-79.4506,54.0086,1.4063],[-79.4511,54.0072,1.4063],[-79.4467,54.0072,1.4438]]],
[[[-79.1178,54.0083,1.4218],[-79.1161,54.0089,1.2708],[-79.1278,54.0106,0.0],[-79.1278,54.0086,0.0],[-79.1239,54.0072,3.0717],[-79.1178,54.0083,1.4218]]],
[[[-79.4278,54.0072,2.6391],[-79.4367,54.0089,2.6812],[-79.4361,54.0119,2.3593],[-79.44,54.0125,0.9451],[-79.44,54.0111,2.7029],[-79.4433,54.01,1.6655],[-79.4383,54.0106,2.7029],[-79.4383,54.0078,1.7606],[-79.4422,54.0056,1.8364],[-79.4461,54.0056,1.7751],[-79.4406,54.0036,0.2234],[-79.4394,54.0047,0.8885],[-79.4406,54.0056,1.8364],[-79.437,54.0074,2.3082],[-79.425,54.0058,0.0],[-79.42,54.0092,2.459],[-79.4156,54.01,0.4928],[-79.4183,54.0117,3.1624],[-79.4233,54.0117,4.9764],[-79.4256,54.0094,3.5574],[-79.4228,54.0092,2.459],[-79.4278,54.0072,2.6391]]],
[[[-79.4267,54.0117,2.684],[-79.4239,54.0119,4.456],[-79.4311,54.0145,0.6658],[-79.4333,54.0133,2.375],[-79.4367,54.0142,0.489],[-79.4367,54.0125,2.5858],[-79.435,54.0119,2.2207],[-79.43,54.0128,2.375],[-79.4267,54.0117,2.684]]],
[[[-79.0389,54.0181,0.0],[-79.0378,54.0178,0.0],[-79.0383,54.0195,0.0],[-79.0435,54.0214,3.1958],[-79.0489,54.0197,0.5473],[-79.0444,54.0181,0.1956],[-79.0389,54.0181,0.0]]],
[[[-79.4939,54.0217,0.9995],[-79.4905,54.0233,0.781],[-79.4928,54.0253,1.2926],[-79.4961,54.0256,1.3039],[-79.4961,54.0222,3.3929],[-79.4939,54.0217,0.9995]]],
[[[-79.1694,54.0231,0.0],[-79.1672,54.0237,0.0],[-79.1672,54.0242,-0.0166],[-79.1717,54.0239,0.3473],[-79.1694,54.0231,0.0]]],
[[[-79.1956,54.0214,2.3623],[-79.1922,54.0225,2.0011],[-79.1994,54.0228,3.8441],[-79.1978,54.0208,1.4179],[-79.1956,54.0214,2.3623]]],
[[[-79.0964,54.0251,1.2685],[-79.1021,54.0244,2.534],[-79.0956,54.0233,0.0],[-79.0944,54.0247,1.2685],[-79.0964,54.0251,1.2685]]],
[[[-79.4972,54.0186,2.3547],[-79.4928,54.0161,0.646],[-79.49,54.0161,0.3387],[-79.495,54.0183,0.5797],[-79.4972,54.0186,2.3547]]],
[[[-79.1228,54.0167,0.0],[-79.1339,54.0181,9.9127],[-79.1378,54.0156,0.0],[-79.1328,54.0147,3.9803],[-79.1322,54.0133,0.0],[-79.1272,54.0133,0.0],[-79.1283,54.0153,2.4692],[-79.1228,54.0167,0.0]]],
[[[-79.1456,54.0172,5.7422],[-79.1355,54.0183,9.9127],[-79.1424,54.0194,4.1871],[-79.1478,54.0183,5.4337],[-79.1456,54.0172,5.7422]]],
[[[-79.4333,54.0208,1.5433],[-79.4328,54.0192,1.6504],[-79.4289,54.0189,0.5218],[-79.43,54.0209,1.5433],[-79.4339,54.0217,1.5433],[-79.4333,54.0208,1.5433]]],
[[[-79.4767,54.0303,0.8753],[-79.4728,54.0327,0.4338],[-79.4794,54.0333,2.2125],[-79.4828,54.0319,2.2137],[-79.4778,54.0311,2.4318],[-79.4767,54.0303,0.8753]]],
[[[-79.2583,54.0361,1.2518],[-79.2544,54.0358,0.4748],[-79.2528,54.0367,0.0],[-79.2605,54.0372,3.9863],[-79.2583,54.0361,1.2518]]],
[[[-79.4817,54.0363,1.0608],[-79.4811,54.0345,0.2558],[-79.4783,54.0336,2.2125],[-79.4801,54.0363,0.0],[-79.4817,54.0363,1.0608]]],
[[[-79.4875,54.0357,1.4733],[-79.4872,54.0347,0.2912],[-79.4833,54.0355,1.0608],[-79.4856,54.0364,1.4733],[-79.4875,54.0357,1.4733]]],
[[[-79.0872,54.0392,1.4198],[-79.0822,54.0405,0.7785],[-79.0867,54.0419,5.3021],[-79.0911,54.0403,0.5142],[-79.0872,54.0392,1.4198]]],
[[[-79.1744,54.0414,0.0],[-79.1683,54.0403,0.0],[-79.1721,54.0421,0.0],[-79.1772,54.0417,0.0],[-79.1744,54.0414,0.0]]],
[[[-79.0933,54.0428,1.1979],[-79.0955,54.0425,1.1979],[-79.0961,54.0419,0.4658],[-79.0922,54.0411,0.579],[-79.0933,54.0428,1.1979]]],
[[[-79.1805,54.0433,0.0],[-79.1822,54.0433,0.0],[-79.1833,54.0422,0.0],[-79.18,54.0417,0.0],[-79.1805,54.0433,0.0]]],
[[[-79.2389,54.0361,0.0],[-79.2311,54.0381,0.5116],[-79.2305,54.0397,2.5034],[-79.2361,54.0397,8.2679],[-79.2394,54.0378,4.5304],[-79.2389,54.0361,0.0]]],
[[[-79.1427,54.0386,0.0],[-79.1438,54.0395,0.0],[-79.1477,54.0389,1.4978],[-79.1467,54.0383,0.0],[-79.1427,54.0386,0.0]]],
[[[-79.2727,54.0389,3.5219],[-79.2683,54.0383,0.0],[-79.2672,54.04,0.0],[-79.2745,54.0395,1.9602],[-79.2727,54.0389,3.5219]]],
[[[-79.2933,54.0389,1.942],[-79.2917,54.0381,0.0],[-79.2889,54.0403,0.0],[-79.2944,54.0397,2.1774],[-79.2933,54.0389,1.942]]],
[[[-79.2119,54.0556,4.6471],[-79.2106,54.0553,0.0],[-79.2089,54.0569,0.0],[-79.2139,54.0567,2.7579],[-79.2119,54.0556,4.6471]]],
[[[-79.1805,54.0511,0.0],[-79.1844,54.0525,2.3722],[-79.1878,54.0506,0.4716],[-79.1817,54.0506,1.6426],[-79.1805,54.0511,0.0]]],
[[[-79.1933,54.0497,0.0],[-79.19,54.0519,0.4716],[-79.1933,54.0536,3.2082],[-79.1917,54.055,0.0],[-79.1972,54.0542,4.5731],[-79.1967,54.0522,2.8432],[-79.1933,54.0528,3.2082],[-79.1961,54.0509,3.7255],[-79.2039,54.0495,3.9054],[-79.1983,54.0486,0.0],[-79.1933,54.0497,0.0]]],
[[[-79.164,54.0535,0.252],[-79.165,54.055,0.0],[-79.1689,54.0556,1.0445],[-79.1678,54.0572,0.0],[-79.17,54.0578,0.7279],[-79.1756,54.0558,1.2061],[-79.1722,54.0522,2.8766],[-79.1672,54.0517,0.0],[-79.1633,54.0528,0.252],[-79.164,54.0535,0.252]]],
[[[-79.2139,54.0592,1.0738],[-79.2083,54.06,0.0],[-79.2083,54.0606,0.0],[-79.2161,54.0603,0.0],[-79.2139,54.0592,1.0738]]],
[[[-79.1139,54.0456,0.0],[-79.1133,54.0461,0.0],[-79.1183,54.0464,1.0446],[-79.1161,54.045,0.0],[-79.1139,54.0456,0.0]]],
[[[-79.1166,54.0439,0.0],[-79.135,54.0469,8.2008],[-79.1461,54.0464,6.618],[-79.1489,54.0447,3.337],[-79.1456,54.0414,1.8609],[-79.1411,54.0406,4.8165],[-79.1344,54.0417,0.6201],[-79.125,54.0408,0.2649],[-79.1218,54.043,0.3974],[-79.1156,54.0431,0.0],[-79.1166,54.0439,0.0]]],
[[[-79.1945,54.0464,0.0],[-79.1967,54.0472,0.0],[-79.1989,54.0472,0.0],[-79.1983,54.0453,0.0],[-79.1945,54.0464,0.0]]],
[[[-79.1122,54.0489,0.4641],[-79.11,54.0506,0.0],[-79.1111,54.0517,1.1858],[-79.1144,54.05,4.2065],[-79.1212,54.0512,0.8307],[-79.1339,54.0478,1.6827],[-79.1194,54.0464,1.0446],[-79.1122,54.0489,0.4641]]],
[[[-79.1622,54.0486,6.5227],[-79.1839,54.0495,3.5857],[-79.1917,54.0475,3.0723],[-79.1772,54.045,0.0],[-79.1739,54.0453,0.0],[-79.1767,54.0472,2.4708],[-79.1722,54.0483,1.3764],[-79.1728,54.0469,0.3526],[-79.1683,54.0456,1.7636],[-79.1594,54.0447,0.0],[-79.155,54.0459,0.1106],[-79.1561,54.0475,0.0472],[-79.1622,54.0486,6.5227]]],
[[[-79.3833,54.0725,1.1747],[-79.3872,54.0719,1.231],[-79.3839,54.0706,2.1985],[-79.3817,54.0714,0.0],[-79.3833,54.0725,1.1747]]],
[[[-79.3183,54.0756,0.0],[-79.3216,54.0753,1.9844],[-79.3222,54.0747,1.9844],[-79.3161,54.0739,0.0],[-79.3183,54.0756,0.0]]],
[[[-79.3327,54.0711,1.184],[-79.3283,54.0706,0.0],[-79.335,54.0722,1.2759],[-79.3333,54.0708,1.1484],[-79.3327,54.0711,1.184]]],
[[[-79.2989,54.0683,0.0],[-79.2956,54.0686,2.2429],[-79.3033,54.0697,2.5636],[-79.3011,54.0681,0.0],[-79.2989,54.0683,0.0]]],
[[[-79.2383,54.0697,0.0],[-79.2362,54.0706,0.0],[-79.2411,54.0703,0.0],[-79.2389,54.0694,0.0],[-79.2383,54.0697,0.0]]],
[[[-79.1861,54.0691,1.9407],[-79.1811,54.0703,1.3436],[-79.1878,54.0719,6.7801],[-79.1911,54.0703,2.3199],[-79.1861,54.0691,1.9407]]],
[[[-79.3044,54.0728,3.2284],[-79.3067,54.0722,2.4546],[-79.3011,54.0711,0.0],[-79.3022,54.0725,0.0],[-79.3044,54.0728,3.2284]]],
[[[-79.2911,54.0713,0.0],[-79.2922,54.0741,0.9204],[-79.2873,54.0753,0.0],[-79.2928,54.0758,3.8763],[-79.2944,54.0731,2.8075],[-79.2911,54.0713,0.0]]],
[[[-79.2074,54.0861,0.0],[-79.2061,54.0864,0.0],[-79.2089,54.0873,1.3077],[-79.2139,54.0856,0.8728],[-79.2089,54.0853,0.0],[-79.2074,54.0861,0.0]]],
[[[-79.31,54.09,0.0],[-79.3139,54.0906,1.4379],[-79.3156,54.09,0.52],[-79.31,54.0889,0.0],[-79.31,54.09,0.0]]],
[[[-79.3006,54.0892,1.1544],[-79.3017,54.0889,1.1544],[-79.3033,54.0878,0.945],[-79.3,54.0872,0.0],[-79.3006,54.0892,1.1544]]],
[[[-79.1933,54.0917,0.4859],[-79.1944,54.0919,0.4859],[-79.1978,54.0908,0.0],[-79.1944,54.0903,0.0],[-79.1933,54.0917,0.4859]]],
[[[-79.3289,54.0758,0.7133],[-79.3244,54.0761,0.0],[-79.3294,54.0778,0.3186],[-79.3333,54.0769,0.0],[-79.3333,54.0767,0.0],[-79.3289,54.0758,0.7133]]],
[[[-79.1461,54.0771,2.7532],[-79.1439,54.0761,0.0],[-79.1378,54.078,0.7564],[-79.1461,54.0778,2.7532],[-79.1461,54.0771,2.7532]]],
[[[-79.1517,54.0722,0.4664],[-79.1472,54.0775,2.7532],[-79.1539,54.0758,2.4908],[-79.1606,54.0769,1.9487],[-79.1644,54.075,1.2289],[-79.1561,54.0717,0.0],[-79.1517,54.0722,0.4664]]],
[[[-79.2828,54.0767,1.614],[-79.2761,54.0764,1.9669],[-79.275,54.0781,2.7181],[-79.2799,54.0789,1.5848],[-79.2828,54.0767,1.614]]],
[[[-79.1805,54.0784,0.5362],[-79.1778,54.0797,0.0],[-79.1894,54.0794,1.8507],[-79.1933,54.0828,4.8714],[-79.1933,54.0844,1.5806],[-79.1983,54.0851,2.8837],[-79.2006,54.0797,2.7188],[-79.1944,54.0792,3.005],[-79.1933,54.0772,3.2372],[-79.2033,54.0792,1.9755],[-79.2156,54.0778,4.0602],[-79.22,54.0756,6.2802],[-79.2321,54.0761,0.9777],[-79.23,54.0781,0.2569],[-79.22,54.0803,0.0],[-79.225,54.0817,1.1801],[-79.2339,54.0797,6.1892],[-79.2344,54.0783,5.0912],[-79.2472,54.0789,1.0368],[-79.2472,54.0775,3.1445],[-79.237799999999993,54.0753,5.4789],[-79.2406,54.0747,9.5284],[-79.2528,54.0764,6.4712],[-79.2556,54.0775,5.3585],[-79.255,54.0792,4.679],[-79.2566,54.0801,3.8786],[-79.265,54.0811,4.7038],[-79.2728,54.0786,3.5706],[-79.2727,54.0761,6.7203],[-79.2767,54.0758,1.9669],[-79.2733,54.0744,0.9835],[-79.2616,54.0756,6.4715],[-79.2583,54.0739,8.5947],[-79.2577,54.0717,1.7135],[-79.2522,54.0703,2.8574],[-79.2333,54.0722,6.0801],[-79.2178,54.0683,0.2289],[-79.1922,54.0714,0.9865],[-79.2094,54.0731,3.4512],[-79.2278,54.0725,4.5556],[-79.2178,54.0742,6.1158],[-79.165,54.0728,0.3692],[-79.1689,54.0744,4.3145],[-79.1672,54.0769,0.0],[-79.1683,54.0775,1.5053],[-79.1811,54.0767,4.8251],[-79.1828,54.0778,1.2832],[-79.1805,54.0784,0.5362]]],
[[[-79.1632,54.0784,0.0],[-79.1628,54.0789,1.2229],[-79.1683,54.0781,1.5053],[-79.1661,54.0769,0.8055],[-79.1632,54.0784,0.0]]],
[[[-79.2539,54.0797,4.679],[-79.2517,54.0775,4.3513],[-79.2478,54.0775,3.1445],[-79.2489,54.0792,1.1243],[-79.2539,54.0797,4.679]]],
[[[-79.3406,54.0811,1.2886],[-79.3378,54.08,0.3438],[-79.3372,54.0817,0.0],[-79.3439,54.0822,0.9002],[-79.3411,54.0814,1.2886],[-79.3406,54.0811,1.2886]]],
[[[-79.2444,54.0822,1.7137],[-79.2483,54.0808,1.2925],[-79.2467,54.0803,1.0368],[-79.237799999999993,54.0842,0.0],[-79.2416,54.0839,1.5041],[-79.2444,54.0822,1.7137]]],
[[[-79.3166,54.0853,0.0],[-79.3106,54.0844,0.8257],[-79.3094,54.0859,0.6153],[-79.3117,54.0867,2.0133],[-79.3111,54.0881,0.5956],[-79.3144,54.0881,2.7722],[-79.3178,54.0869,2.9327],[-79.3183,54.085,0.0],[-79.3166,54.0853,0.0]]],
[[[-79.1372,54.0623,2.6029],[-79.1433,54.0633,2.3966],[-79.1456,54.0619,2.2286],[-79.1422,54.0614,6.4545],[-79.1439,54.06,1.1182],[-79.1411,54.0572,1.6281],[-79.13,54.0594,2.6456],[-79.1261,54.0583,6.2695],[-79.1283,54.0569,0.8407],[-79.1267,54.0553,0.0],[-79.1178,54.0558,0.6686],[-79.1189,54.0586,3.0901],[-79.1178,54.06,1.193],[-79.1244,54.0603,9.5374],[-79.1256,54.0619,3.0516],[-79.1311,54.0628,3.0378],[-79.1372,54.0623,2.6029]]],
[[[-79.2583,54.0614,0.0],[-79.2602,54.0623,0.0],[-79.2644,54.0617,0.6321],[-79.2622,54.0608,2.0144],[-79.2583,54.0614,0.0]]],
[[[-79.1728,54.0645,0.1988],[-79.1678,54.0647,0.0],[-79.1678,54.0653,0.0],[-79.1711,54.0659,1.338],[-79.1728,54.0645,0.1988]]],
[[[-79.2283,54.0619,0.0],[-79.225,54.0625,0.0],[-79.2322,54.0631,3.0511],[-79.2333,54.0614,0.0],[-79.2289,54.0608,0.0],[-79.2283,54.0619,0.0]]],
[[[-79.1594,54.0611,1.5953],[-79.1544,54.0606,0.0],[-79.1539,54.0622,0.0],[-79.16,54.0628,2.8772],[-79.1594,54.0611,1.5953]]],
[[[-79.2911,54.0647,1.9981],[-79.2917,54.0664,0.0],[-79.29,54.0686,1.1301],[-79.2939,54.0683,1.1301],[-79.2922,54.0619,0.0],[-79.2806,54.0639,1.3502],[-79.2833,54.0661,0.285],[-79.2871,54.0659,2.6085],[-79.2867,54.0645,3.7322],[-79.2882,54.0639,1.3739],[-79.2911,54.0647,1.9981]]],
[[[-79.1867,54.0656,1.1894],[-79.1822,54.0653,0.3386],[-79.1761,54.0686,0.0],[-79.18,54.0692,2.2978],[-79.1867,54.0656,1.1894]]],
[[[-79.2461,54.065,0.3069],[-79.2478,54.0667,0.0],[-79.2445,54.0672,0.0],[-79.25,54.0697,1.5609],[-79.2528,54.0689,2.8574],[-79.2511,54.0667,3.4709],[-79.2572,54.0667,7.4289],[-79.2594,54.0642,1.9771],[-79.2472,54.0636,0.0],[-79.2461,54.065,0.3069]]],
[[[-79.4833,54.0245,1.2232],[-79.4778,54.0247,-0.0343],[-79.4761,54.03,0.8753],[-79.4811,54.0283,2.9228],[-79.4833,54.0256,4.1111],[-79.4894,54.0264,3.6001],[-79.4906,54.0283,0.0309],[-79.4928,54.0278,1.5692],[-79.4922,54.0256,3.8363],[-79.4833,54.0245,1.2232]]],
[[[-79.1848,54.0272,0.3244],[-79.1994,54.0289,0.4911],[-79.205,54.0275,3.0327],[-79.1944,54.0267,2.1872],[-79.1917,54.0253,4.0177],[-79.1933,54.0236,2.7557],[-79.1883,54.0219,0.0],[-79.1822,54.0219,0.0],[-79.1839,54.0245,2.7317],[-79.18,54.0245,4.202],[-79.1772,54.0222,0.9755],[-79.1744,54.0228,0.3904],[-79.1772,54.0256,0.7207],[-79.1848,54.0272,0.3244]]],
[[[-79.4853,54.0298,2.8762],[-79.485,54.0303,2.8762],[-79.4889,54.0317,2.5839],[-79.4883,54.0292,0.7138],[-79.4853,54.0298,2.8762]]],
[[[-79.4811,54.0309,2.4318],[-79.4856,54.0292,1.7594],[-79.4856,54.0269,3.1598],[-79.4794,54.0294,2.8314],[-79.4811,54.0309,2.4318]]],
[[[-79.4378,54.1075,1.7315],[-79.4367,54.1067,2.1914],[-79.4378,54.1047,0.1822],[-79.4339,54.1061,0.0],[-79.4344,54.1075,1.1311],[-79.4378,54.1075,1.7315]]],
[[[-79.4544,54.1067,2.8521],[-79.4639,54.1092,2.8143],[-79.4722,54.1059,2.4095],[-79.4694,54.1031,1.6234],[-79.465,54.1022,1.5493],[-79.4661,54.1047,1.8155],[-79.4628,54.1036,1.6824],[-79.4594,54.1059,3.7499],[-79.4539,54.1039,2.4587],[-79.455,54.1053,2.3684],[-79.4489,54.1078,2.7758],[-79.4544,54.1067,2.8521]]],
[[[-79.4455,54.1059,0.5735],[-79.4417,54.1089,0.2478],[-79.4489,54.1086,2.7758],[-79.4473,54.1078,2.7526],[-79.4489,54.1047,1.2233],[-79.4472,54.1064,1.4016],[-79.4455,54.1059,0.5735]]],
[[[-79.3139,54.1106,1.7336],[-79.3128,54.11,0.0],[-79.31,54.11,0.0],[-79.3111,54.1114,0.6208],[-79.3139,54.1106,1.7336]]],
[[[-79.3822,54.1094,0.0],[-79.3772,54.1114,0.0],[-79.3772,54.1122,0.0],[-79.3867,54.11,0.9263],[-79.3822,54.1094,0.0]]],
[[[-79.3022,54.1135,0.0],[-79.3044,54.1139,0.9567],[-79.3067,54.1122,1.4633],[-79.3011,54.1131,0.0],[-79.3022,54.1135,0.0]]],
[[[-79.235,54.1117,0.0],[-79.2317,54.1131,0.0],[-79.2394,54.1144,3.0958],[-79.2439,54.1109,1.9188],[-79.2428,54.1097,0.0],[-79.2406,54.1114,1.0208],[-79.235,54.1117,0.0]]],
[[[-79.095,54.1111,0.763],[-79.0883,54.1133,0.0],[-79.0899,54.1145,0.2732],[-79.1039,54.1103,3.1455],[-79.0967,54.1106,1.2952],[-79.095,54.1111,0.763]]],
[[[-79.2183,54.1103,2.005],[-79.2206,54.1097,0.7085],[-79.2206,54.1089,0.7085],[-79.2161,54.1103,0.0],[-79.2183,54.1103,2.005]]],
[[[-79.3552,54.1031,1.5708],[-79.3517,54.1033,0.0],[-79.3533,54.1047,0.0],[-79.3606,54.1036,0.3176],[-79.3594,54.1028,1.1692],[-79.3552,54.1031,1.5708]]],
[[[-79.0917,54.1031,0.6905],[-79.0889,54.1025,0.6556],[-79.0894,54.1037,0.6556],[-79.0877,54.1039,3.048],[-79.0917,54.1045,1.5286],[-79.0927,54.1039,0.6223],[-79.0917,54.1031,0.6905]]],
[[[-79.1527,54.1053,2.0957],[-79.1606,54.1044,4.5675],[-79.1622,54.105,4.5675],[-79.1606,54.1069,0.5993],[-79.1644,54.1072,0.9323],[-79.175,54.1045,0.3138],[-79.165,54.1044,6.5563],[-79.1711,54.1042,2.1759],[-79.1706,54.1022,3.5381],[-79.1672,54.1017,2.3751],[-79.1606,54.1033,2.0811],[-79.1583,54.1033,1.9894],[-79.16,54.1022,1.9894],[-79.1539,54.1025,0.5682],[-79.1472,54.1047,0.0],[-79.1527,54.1053,2.0957]]],
[[[-79.1061,54.1011,1.7849],[-79.1028,54.1017,0.0],[-79.1005,54.1031,0.0],[-79.1111,54.1014,0.7251],[-79.1061,54.1011,1.7849]]],
[[[-79.1144,54.1036,0.0],[-79.1217,54.1053,3.2453],[-79.1244,54.1042,1.6077],[-79.1228,54.1022,5.6706],[-79.1244,54.1011,2.6169],[-79.1222,54.0997,0.0],[-79.1189,54.1003,0.0],[-79.1145,54.1023,0.0],[-79.1144,54.1036,0.0]]],
[[[-79.0689,54.1047,1.1008],[-79.07,54.1067,3.6656],[-79.0727,54.1069,3.6656],[-79.0856,54.1051,7.4298],[-79.0878,54.1031,1.2898],[-79.0811,54.1036,1.0446],[-79.0661,54.1008,1.2217],[-79.0644,54.1028,1.3791],[-79.0683,54.1033,1.9215],[-79.0689,54.1047,1.1008]]],
[[[-79.391,54.1071,1.1941],[-79.3939,54.1067,3.1607],[-79.3939,54.105,0.9209],[-79.3911,54.1042,0.5704],[-79.3878,54.1061,0.0],[-79.391,54.1071,1.1941]]],
[[[-79.0771,54.1084,0.0],[-79.0917,54.1103,5.1913],[-79.0983,54.11,1.9193],[-79.0928,54.1064,0.0],[-79.0771,54.1084,0.0]]],
[[[-79.112,54.1145,0.0],[-79.1122,54.1167,0.0],[-79.1161,54.1172,0.9372],[-79.1222,54.1153,7.0087],[-79.1222,54.1139,7.0087],[-79.1272,54.1122,3.644],[-79.125,54.1109,5.3298],[-79.1272,54.11,5.0897],[-79.1272,54.1083,5.6622],[-79.1322,54.1064,1.3001],[-79.1278,54.1056,1.9875],[-79.1117,54.1078,0.9188],[-79.1044,54.1075,3.7798],[-79.1011,54.1056,1.3128],[-79.0967,54.1067,0.0],[-79.1012,54.1092,1.7523],[-79.1105,54.1111,1.2287],[-79.1106,54.1131,0.0],[-79.1161,54.1125,4.5661],[-79.112,54.1145,0.0]]],
[[[-79.1828,54.1042,1.0245],[-79.1806,54.1042,0.0],[-79.1789,54.1056,0.0],[-79.1822,54.1056,1.1264],[-79.1828,54.1042,1.0245]]],
[[[-79.1072,54.1175,2.2027],[-79.105,54.1175,2.2027],[-79.1019,54.1188,0.1934],[-79.1111,54.1183,0.6824],[-79.1072,54.1175,2.2027]]],
[[[-79.3816,54.1225,2.4563],[-79.3783,54.1219,0.0],[-79.3789,54.1231,0.4303],[-79.3766,54.1239,2.0764],[-79.3794,54.1239,1.0469],[-79.3816,54.1225,2.4563]]],
[[[-79.2483,54.1197,1.2817],[-79.2444,54.12,0.0],[-79.2461,54.1231,1.0737],[-79.2522,54.1233,5.2172],[-79.2506,54.1208,7.613],[-79.2528,54.1194,1.0316],[-79.2483,54.1197,1.2817]]],
[[[-79.18,54.1275,0.0],[-79.1811,54.1281,2.316],[-79.1844,54.1269,0.2031],[-79.18,54.1264,0.0],[-79.18,54.1275,0.0]]],
[[[-79.1894,54.1237,0.0],[-79.1878,54.1242,1.4003],[-79.1883,54.1253,1.4003],[-79.1867,54.1261,0.0],[-79.1928,54.125,4.3708],[-79.1894,54.1237,0.0]]],
[[[-79.2517,54.125,0.4372],[-79.2533,54.1261,1.262],[-79.2561,54.1258,1.8161],[-79.2539,54.1244,1.7913],[-79.2517,54.125,0.4372]]],
[[[-79.1383,54.1256,1.8924],[-79.135,54.1258,0.2086],[-79.1333,54.1269,0.0],[-79.1406,54.1256,0.7676],[-79.1383,54.1256,1.8924]]],
[[[-79.4605,54.1301,0.0],[-79.4578,54.1327,0.1639],[-79.4611,54.1328,2.191],[-79.4617,54.1306,1.1508],[-79.4605,54.1301,0.0]]],
[[[-79.1741,54.1325,2.8652],[-79.1794,54.1322,1.3157],[-79.1811,54.1342,1.1919],[-79.1844,54.1342,2.827],[-79.1867,54.1336,2.4601],[-79.1855,54.1328,2.4601],[-79.1861,54.1303,1.2427],[-79.1922,54.1319,3.579],[-79.1939,54.1295,3.4061],[-79.2028,54.1267,0.0],[-79.1883,54.1292,1.2778],[-79.1717,54.1289,0.751],[-79.1672,54.1311,0.2088],[-79.1741,54.1325,2.8652]]],
[[[-79.154,54.132,0.0],[-79.1461,54.1322,3.7773],[-79.1438,54.1339,0.0],[-79.1494,54.1356,0.0],[-79.1567,54.1325,1.5775],[-79.154,54.132,0.0]]],
[[[-79.0889,54.1519,2.2029],[-79.1043,54.1514,10.3621],[-79.1072,54.1497,4.176],[-79.105,54.1475,2.5513],[-79.1067,54.1456,1.635],[-79.0906,54.1456,1.9055],[-79.0866,54.1503,0.2711],[-79.0833,54.1517,1.0283],[-79.0889,54.1519,2.2029]]],
[[[-79.4994,54.1495,3.2932],[-79.5011,54.1475,1.4356],[-79.4955,54.1475,0.0],[-79.4972,54.1483,0.3706],[-79.4955,54.1495,1.3401],[-79.4972,54.1517,1.5593],[-79.5,54.1509,0.94],[-79.4994,54.1495,3.2932]]],
[[[-79.165,54.1592,1.9145],[-79.1672,54.1583,1.2121],[-79.1656,54.1575,0.0],[-79.1606,54.1594,0.0],[-79.1639,54.1595,1.9145],[-79.165,54.1592,1.9145]]],
[[[-79.49,54.1581,0.4499],[-79.4839,54.1595,0.3934],[-79.4894,54.1603,2.8889],[-79.4939,54.1573,2.1774],[-79.49,54.1581,0.4499]]],
[[[-79.155,54.1465,0.0],[-79.15,54.1481,0.0],[-79.1589,54.1478,3.6253],[-79.1611,54.1456,1.2727],[-79.1589,54.1456,2.3619],[-79.155,54.1465,0.0]]],
[[[-79.1693,54.1503,0.0],[-79.1678,54.1508,0.0],[-79.1689,54.1523,3.7904],[-79.1644,54.1542,0.0],[-79.1772,54.1528,2.8114],[-79.1756,54.1506,2.4091],[-79.1861,54.1456,0.4199],[-79.1772,54.1467,0.0],[-79.1693,54.1503,0.0]]],
[[[-79.4911,54.1517,0.0],[-79.495,54.1509,2.6965],[-79.495,54.1503,1.3401],[-79.4917,54.1497,0.0],[-79.4911,54.1517,0.0]]],
[[[-79.3583,54.1517,4.8354],[-79.3606,54.1517,3.644],[-79.362799999999993,54.1503,1.0234],[-79.355,54.15,0.0],[-79.3583,54.1517,4.8354]]],
[[[-79.1216,54.1551,1.5622],[-79.1194,54.1581,0.0],[-79.1228,54.1587,3.4721],[-79.1283,54.1533,2.7926],[-79.1389,54.1494,3.47],[-79.1394,54.1475,6.5806],[-79.1461,54.1464,0.3238],[-79.1344,54.1464,0.0],[-79.1344,54.1478,1.2566],[-79.1306,54.1492,0.0],[-79.1328,54.1506,0.4439],[-79.1272,54.1528,3.2858],[-79.1217,54.1525,0.0],[-79.12,54.1536,0.0],[-79.1216,54.1551,1.5622]]],
[[[-79.291,54.1514,2.4217],[-79.29,54.1528,2.4597],[-79.2917,54.1528,2.4597],[-79.2911,54.1539,3.4299],[-79.2856,54.1559,0.0],[-79.3011,54.1523,4.9619],[-79.3078,54.1545,1.1167],[-79.3111,54.1533,0.2692],[-79.3083,54.1525,6.5036],[-79.3083,54.1506,2.1671],[-79.2978,54.1517,6.0616],[-79.2933,54.1483,0.0],[-79.2889,54.1497,0.0],[-79.291,54.1514,2.4217]]],
[[[-79.1367,54.1401,0.0],[-79.1361,54.1408,0.0],[-79.1411,54.1401,0.8245],[-79.1417,54.1392,0.8245],[-79.1411,54.1394,0.8245],[-79.1367,54.1401,0.0]]],
[[[-79.25,54.1395,0.0],[-79.2583,54.1406,0.7804],[-79.2578,54.1356,4.4749],[-79.2522,54.1358,0.0],[-79.2528,54.1372,1.9998],[-79.2489,54.1378,0.0],[-79.25,54.1395,0.0]]],
[[[-79.1861,54.1369,0.0],[-79.19,54.1389,2.7381],[-79.1978,54.1386,0.0],[-79.1933,54.1367,0.0],[-79.1861,54.1369,0.0]]],
[[[-79.2206,54.1408,0.0],[-79.2323,54.1414,0.0],[-79.2333,54.1408,0.0],[-79.23,54.1381,0.0],[-79.2206,54.1408,0.0]]],
[[[-79.1244,54.1372,0.1456],[-79.13,54.1369,4.5307],[-79.1316,54.1387,1.5153],[-79.1345,54.1378,3.2184],[-79.1356,54.1364,3.9159],[-79.1339,54.1353,3.323],[-79.1361,54.1336,0.0],[-79.125,54.1342,0.0],[-79.1261,54.1353,0.6144],[-79.1244,54.1372,0.1456]]],
[[[-79.2011,54.1353,1.3456],[-79.1933,54.1336,0.6841],[-79.1933,54.1325,0.6841],[-79.1911,54.1339,0.0],[-79.1967,54.1364,2.4505],[-79.2011,54.1353,1.3456]]],
[[[-79.1844,54.1423,0.2478],[-79.1833,54.1427,0.2478],[-79.1906,54.1433,2.287],[-79.19,54.1422,2.287],[-79.1939,54.1419,0.5683],[-79.1844,54.1369,0.0],[-79.1806,54.1369,0.0],[-79.1817,54.1397,0.7064],[-79.1856,54.1411,2.164],[-79.1844,54.1423,0.2478]]],
[[[-79.1617,54.1397,5.8481],[-79.1639,54.1381,6.8284],[-79.1633,54.1361,0.7718],[-79.1539,54.1397,0.0],[-79.1544,54.1408,0.5598],[-79.1522,54.1428,5.0224],[-79.1461,54.1453,0.0],[-79.1605,54.1425,0.9495],[-79.1633,54.1411,0.8338],[-79.1617,54.1397,5.8481]]],
[[[-79.195,54.14,2.3824],[-79.2033,54.1428,1.321],[-79.2111,54.1411,1.4198],[-79.2105,54.1403,0.0],[-79.195,54.14,2.3824]]],
[[[-79.4594,54.1437,0.0],[-79.4605,54.1455,2.9662],[-79.4572,54.1444,0.2041],[-79.4566,54.1464,0.0],[-79.4667,54.1487,5.6443],[-79.4678,54.1464,4.4328],[-79.4733,54.1464,4.1649],[-79.4822,54.1431,3.9371],[-79.4833,54.1411,2.4656],[-79.4806,54.1403,0.9934],[-79.475,54.1439,5.3728],[-79.4706,54.1439,3.9397],[-79.4789,54.1401,0.9934],[-79.4683,54.1411,2.5423],[-79.4639,54.1394,0.2687],[-79.4617,54.1406,0.0],[-79.4628,54.1419,0.0],[-79.4606,54.1417,0.0],[-79.4594,54.1437,0.0]]],
[[[-79.4172,54.1767,0.3675],[-79.4233,54.1747,0.7165],[-79.4233,54.1742,0.7165],[-79.4155,54.1767,0.0],[-79.4172,54.1767,0.3675]]],
[[[-79.2503,54.1768,0.3038],[-79.2533,54.1767,1.4712],[-79.2533,54.1755,1.4712],[-79.25,54.175,0.0],[-79.2484,54.1764,0.0],[-79.2503,54.1768,0.3038]]],
[[[-79.3572,54.1755,3.5285],[-79.3539,54.1764,0.0],[-79.3611,54.1778,1.0427],[-79.3594,54.1761,2.1087],[-79.3572,54.1755,3.5285]]],
[[[-79.2483,54.1786,0.0],[-79.2444,54.1789,0.6797],[-79.2411,54.181399999999996,0.233],[-79.2494,54.1828,8.2858],[-79.2538,54.1811,2.2862],[-79.2489,54.18,1.4428],[-79.2483,54.1786,0.0]]],
[[[-79.4233,54.1797,0.0],[-79.422204014598549,54.180596715328463,1.2975],[-79.4272,54.1797,0.9544],[-79.4233,54.1797,0.0]]],
[[[-79.41,54.1783,0.9547],[-79.405,54.1775,0.3267],[-79.4044,54.1797,0.2661],[-79.4061,54.1797,1.831],[-79.41,54.1783,0.9547]]],
[[[-79.3522,54.1783,0.0],[-79.3505,54.181399999999996,2.2981],[-79.3522,54.1822,4.0881],[-79.36,54.18,0.5411],[-79.3539,54.1778,0.353],[-79.3522,54.1783,0.0]]],
[[[-79.422204014598549,54.180596715328463,1.2975],[-79.4194,54.1811,0.0],[-79.4222,54.1806,1.2975],[-79.422204014598549,54.180596715328463,1.2975]]],
[[[-79.4722,54.1911,0.0],[-79.4678,54.1928,0.0],[-79.4683,54.1953,0.0],[-79.475,54.1931,4.9438],[-79.4783,54.1931,4.3841],[-79.48,54.1953,0.0],[-79.4889,54.1944,3.1091],[-79.4928,54.1933,7.4504],[-79.4989,54.1886,0.7391],[-79.4961,54.1872,1.9366],[-79.4906,54.1897,0.3717],[-79.4772,54.1897,0.0],[-79.4722,54.1911,0.0]]],
[[[-79.3833,54.1923,0.4974],[-79.3883,54.1933,1.0211],[-79.3889,54.195,0.484],[-79.3933,54.1933,1.1133],[-79.3922,54.1917,0.2276],[-79.3833,54.1923,0.4974]]],
[[[-79.4578,54.1958,1.0075],[-79.4561,54.1939,0.6502],[-79.4544,54.195,0.0],[-79.4556,54.1961,1.0075],[-79.4578,54.1958,1.0075]]],
[[[-79.3911,54.1953,2.6693],[-79.3867,54.1956,1.0824],[-79.3806,54.1986,1.1166],[-79.3933,54.1959,1.3155],[-79.3911,54.1953,2.6693]]],
[[[-79.4117,54.1981,2.4573],[-79.4128,54.1975,2.4573],[-79.4072,54.1958,0.0],[-79.4094,54.1981,0.0],[-79.4117,54.1981,2.4573]]],
[[[-79.3744,54.1989,0.0],[-79.3778,54.1987,2.4924],[-79.3817,54.1964,0.3692],[-79.3767,54.1969,0.0],[-79.3744,54.1989,0.0]]],
[[[-79.3894,54.1875,3.4025],[-79.3911,54.1861,1.4696],[-79.3878,54.1856,0.0],[-79.385,54.1878,1.6824],[-79.3883,54.1878,1.6824],[-79.3894,54.1875,3.4025]]],
[[[-79.4256,54.1881,0.0],[-79.4272,54.1886,1.4034],[-79.4261,54.1869,0.7568],[-79.4278,54.1858,0.7568],[-79.4233,54.1869,0.3092],[-79.4256,54.1881,0.0]]],
[[[-79.475,54.1833,3.2],[-79.4789,54.1822,2.5205],[-79.4744,54.1806,0.0],[-79.4717,54.1822,0.0],[-79.475,54.1833,3.2]]],
[[[-79.4111,54.1834,0.0],[-79.4139,54.1831,1.0261],[-79.4078,54.1822,0.0],[-79.4089,54.1831,0.0],[-79.4111,54.1834,0.0]]],
[[[-79.4428,54.1828,0.0],[-79.44,54.1833,0.0],[-79.4378,54.1861,0.0],[-79.4428,54.1847,2.1377],[-79.4439,54.1828,0.0],[-79.4428,54.1828,0.0]]],
[[[-79.4037,54.1834,0.0],[-79.4,54.1839,0.0],[-79.3994,54.1858,0.6083],[-79.4056,54.1831,0.3154],[-79.4037,54.1834,0.0]]],
[[[-79.4182,54.1845,1.8867],[-79.4217,54.1836,0.3913],[-79.4217,54.1833,0.3913],[-79.4167,54.1839,0.2167],[-79.4182,54.1845,1.8867]]],
[[[-79.2616,54.1581,2.5739],[-79.265,54.1589,0.0],[-79.2622,54.1608,0.0],[-79.2678,54.1594,1.5976],[-79.2656,54.1581,2.1158],[-79.2661,54.1556,2.4385],[-79.2589,54.1556,0.0],[-79.2511,54.1589,0.0],[-79.2594,54.1575,3.964],[-79.2616,54.1581,2.5739]]],
[[[-79.2606,54.1637,0.0],[-79.2583,54.165,0.0],[-79.2633,54.1647,7.8218],[-79.2667,54.1664,1.6883],[-79.2644,54.1675,0.0],[-79.265,54.1686,0.0],[-79.2711,54.1681,5.2652],[-79.2772,54.1647,0.0],[-79.2705,54.165,6.6835],[-79.2694,54.1631,3.9065],[-79.2783,54.1619,5.8652],[-79.2817,54.1603,5.1692],[-79.2822,54.1581,3.2458],[-79.2811,54.1564,0.0],[-79.2755,54.1573,0.0],[-79.2716,54.1589,0.0],[-79.2722,54.1609,1.215],[-79.2606,54.1637,0.0]]],
[[[-79.25,54.1736,15.4067],[-79.2591,54.1745,3.8207],[-79.2628,54.1722,2.3804],[-79.2567,54.1722,4.8788],[-79.2589,54.17,5.2662],[-79.255,54.1678,5.9097],[-79.2567,54.1667,3.2322],[-79.2561,54.165,0.0],[-79.2511,54.1639,2.4214],[-79.237799999999993,54.1667,2.5026],[-79.23,54.1656,0.0],[-79.2267,54.1689,0.0],[-79.2428,54.1706,4.4838],[-79.2428,54.1728,3.2639],[-79.2444,54.1736,3.2639],[-79.25,54.1736,15.4067]]],
[[[-79.3,54.1622,6.1126],[-79.2889,54.1639,0.0],[-79.2994,54.1653,8.3616],[-79.3044,54.1636,1.3034],[-79.3,54.1622,6.1126]]],
[[[-79.5039,54.1663,2.0545],[-79.4972,54.1681,2.3565],[-79.5,54.1695,1.9921],[-79.5061,54.1677,1.2283],[-79.5039,54.1663,2.0545]]],
[[[-79.2767,54.1692,2.2032],[-79.28,54.1669,0.0],[-79.2739,54.1678,1.7402],[-79.2744,54.1697,0.0],[-79.2767,54.1692,2.2032]]],
[[[-79.3889,54.1633,0.0],[-79.3789,54.1647,0.0],[-79.3784,54.1661,0.0],[-79.3817,54.1666,3.5304],[-79.3933,54.1625,1.2214],[-79.3889,54.1633,0.0]]],
[[[-79.4461,54.1828,0.0],[-79.4555,54.1853,4.1264],[-79.4556,54.1836,5.8495],[-79.4611,54.1808,3.4613],[-79.4638,54.1811,1.9236],[-79.4667,54.1786,3.393],[-79.4744,54.1767,5.9018],[-79.4783,54.1778,1.3836],[-79.4761,54.1803,0.0],[-79.4793,54.1819,5.0548],[-79.4879,54.1798,3.7591],[-79.4978,54.1744,2.3303],[-79.4956,54.1728,2.7545],[-79.4861,54.1742,3.9134],[-79.49,54.1727,3.7426],[-79.4894,54.1717,4.6672],[-79.4961,54.1719,3.3268],[-79.4978,54.1692,3.2604],[-79.4934,54.1669,2.3822],[-79.5022,54.1659,2.0545],[-79.5022,54.1645,1.804],[-79.4994,54.1639,3.1226],[-79.5,54.1617,1.033],[-79.4972,54.1606,0.9507],[-79.4939,54.1617,0.1814],[-79.4922,54.1644,0.9665],[-79.4894,54.1647,1.7241],[-79.4878,54.1633,0.4809],[-79.4761,54.1619,0.0],[-79.4661,54.1669,0.0],[-79.4639,54.1703,0.0],[-79.4656,54.1725,1.4855],[-79.4644,54.175,0.0],[-79.4589,54.1783,0.6998],[-79.4567,54.1783,4.0759],[-79.4583,54.1759,2.1009],[-79.4556,54.175,0.0],[-79.4489,54.1764,1.775],[-79.445,54.1756,1.1048],[-79.4439,54.1769,1.1048],[-79.4433,54.1756,1.1048],[-79.435,54.1767,0.8565],[-79.4256,54.175,0.911],[-79.4306,54.1775,1.6602],[-79.4289,54.1786,0.3027],[-79.4294,54.181399999999996,0.0],[-79.4272,54.1831,0.1939],[-79.4417,54.1808,4.4664],[-79.4472,54.1817,4.1682],[-79.4461,54.1828,0.0]]],
[[[-79.3633,54.0947,0.0],[-79.362799999999993,54.095,0.0],[-79.3682,54.0948,0.7119],[-79.3667,54.0942,1.6633],[-79.3633,54.0947,0.0]]],
[[[-79.135352941176478,54.095013235294118,0.4643],[-79.1356,54.095,0.4643],[-79.1354,54.095,0.4643],[-79.135352941176478,54.095013235294118,0.4643]]],
[[[-79.1239,54.0947,0.7629],[-79.1189,54.0973,0.0],[-79.1294,54.0958,1.5561],[-79.1272,54.0953,3.9108],[-79.1272,54.0936,0.0],[-79.1239,54.0947,0.7629]]],
[[[-79.3272,54.0931,0.9205],[-79.3211,54.0945,0.0],[-79.3228,54.0959,0.0],[-79.3288,54.0961,2.6092],[-79.3344,54.0939,2.6653],[-79.33,54.0939,5.7583],[-79.3272,54.0931,0.9205]]],
[[[-79.2372,54.0945,1.7842],[-79.2344,54.0953,0.3114],[-79.2417,54.0964,4.5008],[-79.2439,54.0937,0.0],[-79.237799999999993,54.0933,0.0],[-79.2372,54.0945,1.7842]]],
[[[-79.2694,54.0935,1.7571],[-79.2655,54.0959,1.1068],[-79.2772,54.0953,4.327],[-79.2772,54.0942,4.327],[-79.2889,54.0923,4.7529],[-79.2844,54.0945,1.0749],[-79.2872,54.0945,3.1551],[-79.2917,54.0909,1.4358],[-79.2794,54.0889,0.4157],[-79.2711,54.0911,4.5663],[-79.2672,54.0894,0.0],[-79.2522,54.0917,0.0],[-79.2483,54.0939,0.0],[-79.2678,54.0919,4.5663],[-79.2733,54.0928,1.6854],[-79.2694,54.0935,1.7571]]],
[[[-79.3494,54.0922,1.6684],[-79.3417,54.0945,0.2393],[-79.3461,54.0961,2.9977],[-79.3489,54.0992,0.3707],[-79.3544,54.0978,2.353],[-79.3489,54.0951,5.0945],[-79.3522,54.0942,2.348],[-79.3561,54.0906,2.019],[-79.3533,54.09,0.0],[-79.3494,54.0922,1.6684]]],
[[[-79.4178,54.0964,1.1648],[-79.4178,54.095,0.0],[-79.4105,54.0961,0.0],[-79.4128,54.0967,0.0],[-79.4178,54.0964,1.1648]]],
[[[-79.3717,54.0985,0.5145],[-79.3683,54.0989,0.7596],[-79.3716,54.0997,2.5533],[-79.3728,54.0989,0.5804],[-79.3717,54.0985,0.5145]]],
[[[-79.1322,54.0959,1.0321],[-79.135352941176478,54.095013235294118,0.4643],[-79.13,54.0953,0.3702],[-79.1322,54.0959,1.0321]]],
[[[-79.3767,54.095,0.0],[-79.3739,54.0956,0.1848],[-79.3772,54.0967,1.9865],[-79.375,54.0981,0.0],[-79.3833,54.0981,0.7666],[-79.3806,54.0978,1.594],[-79.3767,54.095,0.0]]],
[[[-79.3856,54.0971,1.3762],[-79.3844,54.0989,0.1462],[-79.3878,54.0995,1.1921],[-79.395,54.0977,0.4789],[-79.3889,54.0967,0.0],[-79.3856,54.0971,1.3762]]],
[[[-79.0656,54.0986,2.2618],[-79.0644,54.1003,1.0615],[-79.0694,54.0995,1.3915],[-79.0689,54.0986,0.7706],[-79.0656,54.0986,2.2618]]],
[[[-79.0722,54.0967,0.4623],[-79.0711,54.0973,0.9319],[-79.0728,54.0992,0.2208],[-79.0833,54.0975,1.9176],[-79.0772,54.0958,1.8124],[-79.0722,54.0967,0.4623]]],
[[[-79.1961,54.0972,0.2104],[-79.2022,54.0978,5.4127],[-79.2067,54.0956,4.1044],[-79.1994,54.0947,0.0],[-79.1939,54.0967,0.202],[-79.1961,54.0972,0.2104]]],
[[[-79.2194,54.0975,0.8872],[-79.2144,54.0975,0.0],[-79.2167,54.0986,1.4431],[-79.2156,54.1011,0.0],[-79.2183,54.1011,1.0525],[-79.2239,54.0967,0.0],[-79.2194,54.0975,0.8872]]],
[[[-79.1867,54.1033,1.2985],[-79.1833,54.1045,2.3369],[-79.1867,54.1047,4.3096],[-79.1856,54.1061,0.8114],[-79.191,54.1053,5.6972],[-79.1911,54.1031,7.0165],[-79.2033,54.1017,5.1268],[-79.2044,54.0992,2.6864],[-79.1955,54.1005,5.6659],[-79.1961,54.0986,0.2104],[-79.1922,54.0997,5.6188],[-79.1944,54.0986,3.5766],[-79.1933,54.0969,0.202],[-79.1867,54.0961,0.0],[-79.1711,54.0992,0.0],[-79.1756,54.1009,3.4001],[-79.1856,54.1,10.2854],[-79.1844,54.1017,0.5335],[-79.1872,54.1025,7.0165],[-79.1867,54.1033,1.2985]]],
[[[-79.5011,54.2109,1.6405],[-79.5,54.2103,1.273],[-79.5017,54.2092,1.273],[-79.4989,54.2092,0.8345],[-79.4955,54.2114,0.0],[-79.4991,54.2117,4.2032],[-79.5011,54.2109,1.6405]]],
[[[-79.3439,54.2136,0.5175],[-79.3494,54.2125,2.4462],[-79.3489,54.2142,0.0],[-79.35,54.2142,1.0141],[-79.3517,54.2119,0.0],[-79.3483,54.2114,0.0],[-79.3439,54.2136,0.5175]]],
[[[-79.3817,54.2092,1.6799],[-79.385,54.2086,5.363],[-79.3894,54.2103,2.7508],[-79.3933,54.2083,0.4391],[-79.3889,54.2083,4.1733],[-79.3906,54.2067,0.5285],[-79.385,54.2067,0.3364],[-79.3772,54.2039,0.0],[-79.3767,54.2092,0.0],[-79.3817,54.2092,1.6799]]],
[[[-79.4194,54.2106,0.3668],[-79.4217,54.2105,1.0195],[-79.4178,54.2086,0.0],[-79.4206,54.2103,1.1362],[-79.4194,54.2106,0.3668]]],
[[[-79.4038,54.21,2.956],[-79.405,54.2092,2.956],[-79.3989,54.2094,0.0],[-79.3944,54.2125,0.0],[-79.3983,54.2123,3.1891],[-79.4038,54.21,2.956]]],
[[[-79.4383,54.2206,1.3683],[-79.4417,54.2186,0.0],[-79.4344,54.2211,0.8873],[-79.4372,54.2211,1.0165],[-79.4383,54.2206,1.3683]]],
[[[-79.3167,54.2186,0.8132],[-79.3111,54.2183,0.0],[-79.3061,54.2209,0.0],[-79.3078,54.2223,1.1325],[-79.3206,54.2186,0.0],[-79.3161,54.2195,3.7134],[-79.3167,54.2186,0.8132]]],
[[[-79.3215,54.2167,0.0],[-79.3211,54.2186,0.5884],[-79.3317,54.2203,5.9031],[-79.33,54.2169,0.0],[-79.3215,54.2167,0.0]]],
[[[-79.4333,54.2219,1.0894],[-79.4317,54.2208,1.0894],[-79.43,54.2222,1.1869],[-79.4317,54.2225,1.1869],[-79.4333,54.2219,1.0894]]],
[[[-79.374,54.2226,0.7858],[-79.3733,54.2236,0.7858],[-79.3822,54.2231,6.3033],[-79.3856,54.2194,0.7958],[-79.3789,54.2189,1.0211],[-79.3728,54.2214,0.5829],[-79.374,54.2226,0.7858]]],
[[[-79.3922,54.2233,1.8369],[-79.3949,54.2225,3.7689],[-79.3933,54.2197,0.0],[-79.3866,54.2217,1.1735],[-79.3867,54.2222,0.0],[-79.3922,54.2233,1.8369]]],
[[[-79.4267,54.213,0.0],[-79.425,54.2145,0.0],[-79.4283,54.2161,1.6205],[-79.4367,54.2161,2.8361],[-79.4394,54.2144,4.8088],[-79.4361,54.2147,4.9687],[-79.4378,54.2123,2.121],[-79.4328,54.2123,2.1143],[-79.4329,54.2136,2.1143],[-79.43,54.2122,2.1143],[-79.43,54.2139,3.9963],[-79.4267,54.213,0.0]]],
[[[-79.38,54.2169,3.8451],[-79.3811,54.2164,1.9688],[-79.3794,54.2142,0.7336],[-79.3767,54.215,0.0],[-79.3772,54.2161,0.0],[-79.38,54.2169,3.8451]]],
[[[-79.4111,54.2236,0.0],[-79.415,54.2225,2.9936],[-79.4183,54.2242,1.2725],[-79.4194,54.2222,3.0852],[-79.4211,54.2228,1.5436],[-79.4211,54.2194,2.8107],[-79.4156,54.2211,4.5704],[-79.42,54.2186,0.6571],[-79.4161,54.2153,0.0],[-79.3978,54.2186,0.0],[-79.4061,54.2195,2.1926],[-79.4083,54.2183,2.3417],[-79.4072,54.2206,0.2129],[-79.4106,54.2206,1.0872],[-79.4111,54.2236,0.0]]],
[[[-79.4744,54.2303,0.0],[-79.4689,54.2311,0.0],[-79.476,54.2309,1.3034],[-79.4772,54.2297,0.0],[-79.4744,54.2303,0.0]]],
[[[-79.4033,54.2294,2.1379],[-79.4039,54.2269,0.0],[-79.3983,54.2278,0.0],[-79.4016,54.2303,2.964],[-79.4033,54.2294,2.1379]]],
[[[-79.3938,54.2303,0.0],[-79.3972,54.2303,2.5462],[-79.3994,54.2294,4.0974],[-79.3961,54.2283,0.0],[-79.3938,54.2303,0.0]]],
[[[-79.322,54.2353,0.474],[-79.325,54.2339,0.3943],[-79.3178,54.2356,0.0],[-79.32,54.2356,0.3444],[-79.322,54.2353,0.474]]],
[[[-79.3828,54.24,0.2602],[-79.3861,54.2397,2.1106],[-79.39,54.2378,0.4255],[-79.3872,54.2378,0.0],[-79.3828,54.24,0.2602]]],
[[[-79.4567,54.2295,0.0],[-79.4548,54.2311,0.9479],[-79.4578,54.2308,0.9479],[-79.4583,54.2325,0.2948],[-79.4627,54.2306,3.8929],[-79.4639,54.2283,0.0],[-79.4606,54.2297,1.2629],[-79.4567,54.2295,0.0]]],
[[[-79.4441,54.2297,0.3019],[-79.4383,54.23,0.0],[-79.44,54.2325,0.0],[-79.4383,54.2328,0.0],[-79.4406,54.2333,3.1927],[-79.4467,54.2308,2.7786],[-79.4461,54.2292,0.3019],[-79.4441,54.2297,0.3019]]],
[[[-79.3533,54.2308,0.0],[-79.3517,54.2317,0.0],[-79.3578,54.2322,2.0302],[-79.3539,54.2306,1.256],[-79.3533,54.2308,0.0]]],
[[[-79.425,54.2325,2.5147],[-79.4239,54.2317,0.0],[-79.4194,54.2339,0.0],[-79.4233,54.2339,0.804],[-79.425,54.2325,2.5147]]],
[[[-79.3578,54.2331,2.0302],[-79.3567,54.2328,2.0302],[-79.3555,54.2353,0.1952],[-79.3595,54.2359,1.2748],[-79.3611,54.2342,3.3439],[-79.365,54.2342,2.3604],[-79.3595,54.2333,1.4104],[-79.3617,54.2317,0.0],[-79.3578,54.2331,2.0302]]],
[[[-79.3762,54.2367,0.0],[-79.3728,54.24,0.9132],[-79.3833,54.2364,1.9498],[-79.3806,54.2333,0.2656],[-79.3772,54.2328,0.0],[-79.3794,54.2356,1.788],[-79.3762,54.2367,0.0]]],
[[[-79.3083,54.2244,1.2299],[-79.3255,54.2267,5.769],[-79.3366,54.2247,4.6247],[-79.3389,54.2228,1.178],[-79.3333,54.2231,2.4941],[-79.3328,54.2217,1.0064],[-79.3256,54.2206,2.6334],[-79.3167,54.2209,2.4079],[-79.3106,54.2219,4.7521],[-79.3083,54.2244,1.2299]]],
[[[-79.3,54.2275,0.0],[-79.3028,54.2275,3.3383],[-79.2967,54.2306,0.0],[-79.3122,54.2272,3.3608],[-79.3072,54.2247,1.2299],[-79.3,54.2275,0.0]]],
[[[-79.32,54.2323,0.7228],[-79.3356,54.2319,6.2318],[-79.3472,54.2261,0.6425],[-79.3411,54.2283,2.9635],[-79.3394,54.2281,2.9635],[-79.34,54.2269,0.0],[-79.3294,54.2269,4.102],[-79.3161,54.2309,0.0],[-79.32,54.2323,0.7228]]],
[[[-79.4667,54.2539,0.4057],[-79.4656,54.2561,1.0437],[-79.4711,54.2556,2.0849],[-79.47,54.2578,0.0],[-79.4744,54.2564,3.3625],[-79.4722,54.2522,1.6874],[-79.4667,54.2539,0.4057]]],
[[[-79.4099,54.2575,0.2529],[-79.4117,54.2581,2.4552],[-79.4139,54.2567,1.4446],[-79.4117,54.2561,0.2855],[-79.4099,54.2575,0.2529]]],
[[[-79.425,54.2559,0.5686],[-79.4283,54.2547,1.1933],[-79.4256,54.2539,0.0],[-79.4239,54.2547,0.0],[-79.425,54.2559,0.5686]]],
[[[-79.4833,54.2608,1.6832],[-79.4789,54.2603,0.0],[-79.4822,54.2625,0.0],[-79.4856,54.2614,0.4163],[-79.4833,54.2608,1.6832]]],
[[[-79.4667,54.2608,0.7542],[-79.465,54.2614,0.7542],[-79.47,54.2614,2.4937],[-79.4711,54.2597,1.119],[-79.4694,54.2603,1.7516],[-79.4667,54.2608,0.7542]]],
[[[-79.4689,54.2586,0.0],[-79.4661,54.2581,0.0],[-79.465,54.2586,0.0],[-79.4706,54.2594,1.7516],[-79.4689,54.2586,0.0]]],
[[[-79.4922,54.2706,1.644],[-79.4928,54.2697,0.277],[-79.4889,54.27,0.0],[-79.4872,54.2717,0.0],[-79.4905,54.2711,1.3226],[-79.4922,54.2706,1.644]]],
[[[-79.4578,54.2686,0.5259],[-79.4588,54.2684,2.0306],[-79.4572,54.2661,0.0],[-79.455,54.2669,0.0],[-79.4561,54.2689,0.3467],[-79.4578,54.2686,0.5259]]],
[[[-79.445,54.2689,3.3513],[-79.4422,54.2678,0.0],[-79.4394,54.2695,1.9795],[-79.4361,54.2692,0.548],[-79.4289,54.2725,0.4328],[-79.4305,54.2734,1.9875],[-79.4289,54.2745,0.4774],[-79.4405,54.2745,4.1423],[-79.4472,54.2683,0.0],[-79.445,54.2689,3.3513]]],
[[[-79.4378,54.2759,1.0113],[-79.4344,54.2775,0.0],[-79.4339,54.28,0.0],[-79.44,54.2806,1.6549],[-79.4394,54.2789,6.0406],[-79.4422,54.2797,4.7045],[-79.4456,54.2767,2.4812],[-79.4406,54.275,4.1423],[-79.4378,54.2759,1.0113]]],
[[[-79.5294,54.2908,0.4467],[-79.5239,54.2922,0.273],[-79.5272,54.2936,1.5484],[-79.5322,54.2911,1.244],[-79.5294,54.2908,0.4467]]],
[[[-79.4339,54.2922,0.0],[-79.4311,54.2936,0.0],[-79.4356,54.295,0.663],[-79.4417,54.2922,1.797],[-79.4394,54.2917,0.0],[-79.4339,54.2922,0.0]]],
[[[-79.4666,54.2949,0.0],[-79.4678,54.2975,1.3693],[-79.4739,54.2981,1.3489],[-79.4728,54.2967,3.9626],[-79.4789,54.2936,0.9156],[-79.4789,54.2922,0.9156],[-79.4722,54.2947,0.3449],[-79.4666,54.2949,0.0]]],
[[[-79.5083,54.2881,1.1404],[-79.5111,54.2872,1.2755],[-79.5111,54.2864,0.4535],[-79.5089,54.2864,0.0],[-79.5083,54.2881,1.1404]]],
[[[-79.4978,54.2883,0.0],[-79.5,54.2887,2.0452],[-79.5017,54.2872,2.0452],[-79.4994,54.2867,0.5612],[-79.4978,54.2883,0.0]]],
[[[-79.4911,54.2822,0.0],[-79.4928,54.2833,0.0],[-79.4961,54.2817,0.745],[-79.4939,54.2811,0.4404],[-79.4911,54.2822,0.0]]],
[[[-79.4422,54.2823,3.5577],[-79.44,54.2814,1.6549],[-79.4328,54.2833,0.0],[-79.4322,54.2847,0.0],[-79.4383,54.2864,6.3753],[-79.445,54.2819,0.3443],[-79.4422,54.2823,3.5577]]],
[[[-79.4994,54.2833,0.6532],[-79.495,54.2839,0.0],[-79.495,54.2856,0.0],[-79.5011,54.2856,0.4275],[-79.5011,54.2828,0.0],[-79.4994,54.2833,0.6532]]],
[[[-79.4617,54.285,3.6757],[-79.4639,54.2833,0.2465],[-79.4578,54.2834,0.0],[-79.4594,54.2853,0.6688],[-79.4617,54.285,3.6757]]],
[[[-79.4533,54.2864,0.4249],[-79.4522,54.2869,0.0],[-79.4589,54.2853,0.6688],[-79.4544,54.2853,0.0],[-79.4533,54.2864,0.4249]]],
[[[-79.46,54.2873,0.5686],[-79.4572,54.2883,0.0],[-79.4594,54.2892,0.5301],[-79.4578,54.2899,0.0],[-79.4628,54.2892,3.6807],[-79.4661,54.2858,0.9339],[-79.4644,54.2858,0.4737],[-79.46,54.2873,0.5686]]],
[[[-79.4305,54.2644,3.5595],[-79.4322,54.2637,2.6466],[-79.4311,54.2619,0.0],[-79.4228,54.2636,0.0],[-79.425,54.2653,0.8715],[-79.4305,54.2644,3.5595]]],
[[[-79.4756,54.2633,0.0],[-79.4722,54.2628,0.0],[-79.4717,54.2639,0.0],[-79.4733,54.2653,1.6075],[-79.4777,54.2645,1.3873],[-79.4767,54.2628,0.0],[-79.4756,54.2633,0.0]]],
[[[-79.3872,54.265,0.0],[-79.3822,54.2653,0.0],[-79.3811,54.2661,0.0],[-79.3822,54.2667,0.0],[-79.3789,54.2686,0.0],[-79.3889,54.2656,1.1529],[-79.3872,54.265,0.0]]],
[[[-79.3311,54.2405,0.0],[-79.3294,54.2431,0.0],[-79.3472,54.2425,1.7231],[-79.3606,54.2392,0.8937],[-79.3483,54.2392,2.9813],[-79.3483,54.2356,1.0676],[-79.3394,54.2395,2.2107],[-79.3311,54.2405,0.0]]],
[[[-79.4122,54.2367,0.0],[-79.4044,54.2372,0.0],[-79.4023,54.2411,0.0],[-79.41,54.2411,5.7425],[-79.415,54.2378,4.6128],[-79.4144,54.2364,0.277],[-79.4122,54.2367,0.0]]],
[[[-79.4066,54.2457,1.1],[-79.405,54.2475,0.9474],[-79.4156,54.2475,1.332],[-79.4222,54.2447,5.3014],[-79.4306,54.243899999999996,1.6872],[-79.4317,54.2444,1.6872],[-79.4283,54.2464,0.0],[-79.4356,54.2464,3.5118],[-79.4334,54.2458,1.8907],[-79.4356,54.243899999999996,5.6594],[-79.4383,54.2456,1.3227],[-79.4456,54.2414,2.4869],[-79.4406,54.2403,2.9755],[-79.4433,54.2364,2.8469],[-79.4467,54.2389,0.0],[-79.4555,54.2386,2.6143],[-79.4538,54.24,0.4727],[-79.4566,54.24,1.8565],[-79.4566,54.2411,1.2091],[-79.4638,54.2406,0.4181],[-79.4666,54.2383,0.0],[-79.4611,54.2397,0.925],[-79.4544,54.2383,4.5395],[-79.465,54.2345,1.188],[-79.4628,54.2336,0.5722],[-79.4317,54.2359,0.3927],[-79.42,54.2383,0.2399],[-79.4178,54.2406,3.2378],[-79.4061,54.2445,0.3077],[-79.4066,54.2457,1.1]]],
[[[-79.3767,54.2407,1.8701],[-79.3728,54.2417,0.0],[-79.3717,54.2428,1.4873],[-79.3783,54.2414,1.8701],[-79.3767,54.2407,1.8701]]],
[[[-79.3622,54.2431,0.0],[-79.3606,54.243899999999996,0.7965],[-79.3689,54.2447,2.2703],[-79.3706,54.2417,0.4281],[-79.3661,54.2408,0.0],[-79.3622,54.2431,0.0]]],
[[[-79.3811,54.2459,1.2912],[-79.3839,54.2472,1.7031],[-79.3795,54.2486,0.0],[-79.3856,54.2514,2.8955],[-79.3972,54.2481,8.7664],[-79.4011,54.2453,1.2064],[-79.3817,54.2433,0.0],[-79.38,54.245,0.0],[-79.3811,54.2459,1.2912]]],
[[[-79.4467,54.2472,1.229],[-79.4478,54.2464,0.0],[-79.4517,54.245,0.0],[-79.4433,54.2478,0.0],[-79.4467,54.2472,1.229]]],
[[[-79.435,54.2481,0.0],[-79.4306,54.2497,0.3415],[-79.4355,54.2502,2.2465],[-79.4394,54.2489,2.4791],[-79.44,54.2472,1.5019],[-79.4372,54.2472,0.4022],[-79.435,54.2481,0.0]]],
[[[-79.4739,54.3019,2.4397],[-79.4756,54.3017,0.6808],[-79.475,54.2995,0.5],[-79.4717,54.3005,0.85],[-79.4739,54.3019,2.4397]]],
[[[-79.5,54.2997,0.3949],[-79.5022,54.3006,0.0],[-79.5022,54.3023,0.0],[-79.5061,54.3033,2.6478],[-79.5061,54.3011,0.8398],[-79.5044,54.3017,2.0041],[-79.5056,54.2992,1.2509],[-79.5,54.2997,0.3949]]],
[[[-79.4875,54.307,0.4099],[-79.485,54.3067,3.7562],[-79.485,54.3078,0.7286],[-79.4889,54.3081,1.9738],[-79.4875,54.307,0.4099]]],
[[[-79.4711,54.3233,0.0],[-79.4656,54.3236,0.0],[-79.4627,54.3256,1.6101],[-79.4694,54.3278,1.8245],[-79.4689,54.3261,2.3331],[-79.4711,54.3233,0.0]]],
[[[-79.475,54.34,0.0],[-79.4678,54.3442,0.0],[-79.4783,54.3431,2.3103],[-79.4767,54.3397,0.0],[-79.475,54.34,0.0]]],
[[[-79.4994,54.3508,2.3568],[-79.4983,54.3517,2.3568],[-79.5028,54.3514,3.4691],[-79.5039,54.3497,2.1981],[-79.5,54.3503,2.1981],[-79.4994,54.3508,2.3568]]],
[[[-79.5289,54.3661,0.7691],[-79.5255,54.3667,0.0],[-79.5299,54.3681,1.1099],[-79.5333,54.3667,1.7723],[-79.5322,54.3653,0.0],[-79.5289,54.3661,0.7691]]],
[[[-79.5111,54.3773,0.0],[-79.5138,54.3775,2.0198],[-79.5144,54.3767,0.631],[-79.5128,54.3758,0.631],[-79.5111,54.3773,0.0]]],
[[[-79.5006,54.3931,1.5721],[-79.4983,54.3922,0.7224],[-79.4972,54.3939,0.0],[-79.4983,54.3956,0.3271],[-79.5017,54.3939,3.9259],[-79.5044,54.3956,1.0946],[-79.5072,54.3939,2.6686],[-79.5072,54.3928,0.6342],[-79.5006,54.3931,1.5721]]],
[[[-79.5349,54.3975,1.7294],[-79.5317,54.3978,0.0],[-79.5361,54.3997,2.7936],[-79.5367,54.3981,1.7294],[-79.5389,54.3978,1.7294],[-79.5378,54.3969,0.4914],[-79.5349,54.3975,1.7294]]],
[[[-79.5078,54.4039,1.4331],[-79.505,54.4036,0.3301],[-79.5044,54.4053,0.2819],[-79.5094,54.4036,0.0],[-79.5078,54.4039,1.4331]]],
[[[-79.4644,54.4056,1.5331],[-79.4667,54.4028,1.2109],[-79.4639,54.4028,1.4352],[-79.4605,54.4061,2.3909],[-79.4633,54.4067,1.5331],[-79.4644,54.4056,1.5331]]],
[[[-79.5261,54.4091,1.5542],[-79.5211,54.4089,1.3157],[-79.5212,54.4103,1.3157],[-79.5261,54.4094,1.5542],[-79.5261,54.4091,1.5542]]],
[[[-79.5222,54.4131,2.8888],[-79.535,54.4153,4.4877],[-79.54,54.4145,3.619],[-79.54,54.4131,1.5758],[-79.5373,54.4125,3.5395],[-79.5378,54.41,0.0],[-79.5283,54.4089,2.5417],[-79.525,54.4114,3.5751],[-79.5206,54.4111,4.4866],[-79.5206,54.4097,1.3157],[-79.5178,54.4092,0.0],[-79.5128,54.4122,0.3287],[-79.5222,54.4131,2.8888]]],
[[[-79.5489,54.415,1.3401],[-79.545,54.4145,2.2368],[-79.5439,54.4159,0.6378],[-79.5478,54.4181,1.9591],[-79.55,54.4145,1.3401],[-79.5489,54.415,1.3401]]],
[[[-79.4782,54.4279,1.0048],[-79.4756,54.4292,1.4929],[-79.4822,54.4303,3.4912],[-79.4956,54.4244,0.4701],[-79.4828,54.4247,0.5532],[-79.48,54.4258,0.0],[-79.4804,54.4276,1.0048],[-79.4782,54.4279,1.0048]]],
[[[-79.9367,54.4336,0.0],[-79.9401,54.4353,0.0],[-79.9449,54.4345,0.0],[-79.9394,54.4317,0.0],[-79.9367,54.4336,0.0]]],
[[[-79.4917,54.4442,0.1909],[-79.4883,54.4475,0.5998],[-79.4944,54.4456,2.3865],[-79.4944,54.4439,1.8203],[-79.4917,54.4442,0.1909]]],
[[[-79.5417,54.4311,0.0],[-79.5367,54.4333,0.0],[-79.5384,54.4349,0.0],[-79.5417,54.4347,3.8636],[-79.5461,54.4344,2.769],[-79.5478,54.4328,1.329],[-79.5428,54.4322,3.206],[-79.5417,54.4311,0.0]]],
[[[-79.5283,54.4319,0.0],[-79.5256,54.4317,0.0],[-79.5244,54.435,0.291],[-79.5294,54.4342,3.4783],[-79.53,54.4319,0.0],[-79.5283,54.4319,0.0]]],
[[[-79.5022,54.4331,0.2183],[-79.4956,54.4369,0.0],[-79.4994,54.4372,1.1826],[-79.5061,54.4353,0.0],[-79.5028,54.4353,1.3886],[-79.5022,54.4331,0.2183]]],
[[[-79.5117,54.4529,5.7034],[-79.5128,54.4494,1.0494],[-79.5039,54.4494,0.0],[-79.5017,54.4509,0.0],[-79.5033,54.4533,0.0],[-79.5005,54.4556,0.4994],[-79.5089,54.455,5.8496],[-79.5117,54.4529,5.7034]]],
[[[-79.5194,54.4513,0.0],[-79.5144,54.4533,0.6309],[-79.5144,54.4547,0.0],[-79.5261,54.4528,2.4909],[-79.5267,54.4506,5.1012],[-79.5289,54.4511,2.4545],[-79.5289,54.4492,1.5861],[-79.5267,54.4492,0.9548],[-79.5194,54.4513,0.0]]],
[[[-79.565,54.4622,3.5052],[-79.5678,54.4623,1.4445],[-79.5694,54.4609,1.1024],[-79.5661,54.4608,1.1436],[-79.565,54.4622,3.5052]]],
[[[-79.5311,54.4608,2.4932],[-79.5333,54.4597,1.4181],[-79.53,54.4581,0.4434],[-79.53,54.4594,0.0],[-79.5311,54.4608,2.4932]]],
[[[-79.5011,54.4453,0.9193],[-79.5,54.4467,0.9962],[-79.5017,54.4464,0.9962],[-79.5017,54.4475,0.0],[-79.5028,54.4456,0.9962],[-79.5078,54.4472,1.1807],[-79.5139,54.4456,1.2306],[-79.5094,54.445,4.484],[-79.5072,54.4425,0.4661],[-79.5,54.4447,0.9193],[-79.5011,54.4453,0.9193]]],
[[[-79.5443,54.4509,0.6901],[-79.5467,54.4481,1.0533],[-79.5417,54.4475,0.0],[-79.5406,54.4486,0.0],[-79.5406,54.4495,1.757],[-79.5443,54.4509,0.6901]]],
[[[-79.5639,54.4203,0.7462],[-79.5594,54.4194,0.0],[-79.5617,54.4214,0.2469],[-79.57,54.42,0.0],[-79.5656,54.4206,1.9087],[-79.5639,54.4203,0.7462]]],
[[[-79.5016,54.4231,3.3992],[-79.505,54.4214,1.2622],[-79.4967,54.4214,0.0],[-79.4978,54.4227,0.0],[-79.5016,54.4231,3.3992]]],
[[[-79.5694,54.4708,0.9385],[-79.5661,54.4717,0.0],[-79.5655,54.4739,0.0],[-79.5761,54.4731,1.8718],[-79.5717,54.4709,1.1196],[-79.5694,54.4708,0.9385]]],
[[[-79.5406,54.4773,3.7457],[-79.5389,54.4772,5.375],[-79.5389,54.4786,5.375],[-79.5454,54.4789,1.7667],[-79.55,54.4769,3.3348],[-79.5467,54.4764,2.3499],[-79.5406,54.4773,3.7457]]],
[[[-79.5622,54.4849,1.5599],[-79.565,54.4833,3.4455],[-79.5644,54.4811,0.723],[-79.5589,54.4833,0.0],[-79.5622,54.4849,1.5599]]],
[[[-79.5235,54.4739,0.2996],[-79.5272,54.4728,4.8439],[-79.5278,54.4719,0.3959],[-79.5211,54.4722,0.0],[-79.5235,54.4739,0.2996]]],
[[[-79.5283,54.4756,0.0],[-79.5261,54.4783,0.0],[-79.535,54.4792,1.3072],[-79.5406,54.4747,3.4203],[-79.5533,54.4759,1.6255],[-79.5544,54.4745,1.4999],[-79.5505,54.4745,2.991],[-79.5483,54.4725,0.8053],[-79.5394,54.4733,3.0271],[-79.5406,54.4723,3.0271],[-79.5378,54.4714,0.0],[-79.5283,54.4756,0.0]]],
[[[-79.5283,54.5211,0.0],[-79.5267,54.5214,0.0],[-79.5277,54.5231,0.0],[-79.5333,54.5223,1.9938],[-79.5299,54.5208,0.8631],[-79.5283,54.5211,0.0]]],
[[[-79.6161,54.5281,0.1697],[-79.615,54.5295,0.0],[-79.6189,54.5292,2.463],[-79.6194,54.5314,0.0],[-79.6233,54.5314,3.399],[-79.6222,54.5292,6.1118],[-79.6244,54.5297,4.2436],[-79.6261,54.5253,0.0],[-79.6239,54.5267,0.453],[-79.6161,54.5281,0.1697]]],
[[[-79.5572,54.5314,0.8595],[-79.5639,54.5297,6.7004],[-79.5661,54.5306,1.0278],[-79.565,54.5325,0.0],[-79.5706,54.5306,1.6712],[-79.5805,54.5317,1.3022],[-79.5794,54.5308,5.7139],[-79.5817,54.5259,1.3725],[-79.5622,54.5273,1.6064],[-79.5556,54.5303,0.0],[-79.5572,54.5314,0.8595]]],
[[[-79.5306,54.5328,5.0049],[-79.5306,54.5347,0.5056],[-79.5406,54.5342,1.9518],[-79.5511,54.5306,4.9491],[-79.5461,54.5281,0.0],[-79.5306,54.5328,5.0049]]],
[[[-79.5372,54.5114,0.0],[-79.5306,54.5156,0.0],[-79.5461,54.5125,1.4283],[-79.5439,54.5103,1.9024],[-79.5372,54.5114,0.0]]],
[[[-79.5178,54.5161,0.0],[-79.5156,54.5167,6.4766],[-79.5194,54.5169,1.707],[-79.5205,54.5195,0.5504],[-79.5278,54.5175,5.9227],[-79.5244,54.5158,3.1847],[-79.5272,54.5133,0.0],[-79.5178,54.5161,0.0]]],
[[[-79.612799999999993,54.5392,0.4802],[-79.6156,54.5389,0.7005],[-79.6161,54.5378,1.3241],[-79.6144,54.5372,0.0],[-79.612799999999993,54.5392,0.4802]]],
[[[-79.5622,54.5401,3.0861],[-79.5728,54.5419,5.4591],[-79.5789,54.5411,1.412],[-79.5772,54.5403,6.5922],[-79.5811,54.54,3.4911],[-79.5816,54.5383,1.5398],[-79.5794,54.5372,1.339],[-79.5689,54.5395,2.2046],[-79.5678,54.5392,2.2046],[-79.57,54.5369,0.0],[-79.5667,54.5364,0.0],[-79.56,54.5392,0.0],[-79.5622,54.5401,3.0861]]],
[[[-79.6466,54.5489,2.7819],[-79.6495,54.5481,3.4589],[-79.6478,54.5453,0.0],[-79.6439,54.5469,0.0],[-79.6439,54.5489,0.0],[-79.6466,54.5489,2.7819]]],
[[[-79.6511,54.5481,1.1698],[-79.6485,54.5491,1.7647],[-79.6528,54.5486,1.0868],[-79.6527,54.5475,1.0868],[-79.6511,54.5481,1.1698]]],
[[[-79.6256,54.5506,2.2474],[-79.62,54.5519,0.0],[-79.6172,54.5544,1.9765],[-79.6239,54.555,2.1165],[-79.6228,54.5531,2.0787],[-79.6283,54.5508,1.2863],[-79.6278,54.5492,0.3545],[-79.6256,54.5506,2.2474]]],
[[[-79.6592,54.5543,0.0],[-79.6628,54.5547,1.0214],[-79.6628,54.5528,0.3446],[-79.66,54.5528,0.0],[-79.6592,54.5543,0.0]]],
[[[-79.5444,54.5625,1.2328],[-79.5478,54.5602,0.5427],[-79.545,54.5594,0.0],[-79.5428,54.5611,0.0],[-79.5428,54.5625,0.0],[-79.5444,54.5625,1.2328]]],
[[[-79.5433,54.5764,0.5461],[-79.5417,54.5778,2.8741],[-79.5389,54.5773,0.0],[-79.5329,54.5813,0.6349],[-79.5361,54.5814,4.0451],[-79.5461,54.5773,1.2895],[-79.5433,54.5764,0.5461]]],
[[[-79.5405,54.5863,0.0],[-79.54,54.5867,0.0],[-79.5456,54.5869,0.6189],[-79.545,54.5858,1.6471],[-79.5405,54.5863,0.0]]],
[[[-79.6139,54.5865,0.446],[-79.6067,54.5878,0.0],[-79.61,54.5889,0.0],[-79.6115,54.5876,2.998],[-79.6183,54.5873,1.052],[-79.6178,54.5853,0.0],[-79.6139,54.5865,0.446]]],
[[[-79.5458,54.576,1.6254],[-79.5456,54.5733,1.1946],[-79.5417,54.5747,0.0],[-79.5433,54.5758,0.5461],[-79.5458,54.576,1.6254]]],
[[[-79.535,54.5706,1.1236],[-79.5378,54.5717,1.1236],[-79.5361,54.5739,0.2391],[-79.545,54.5729,2.3156],[-79.5533,54.5669,0.0],[-79.55,54.5679,1.4166],[-79.545,54.5667,0.0],[-79.5417,54.5686,0.3104],[-79.5317,54.5689,0.0],[-79.5317,54.5708,0.0],[-79.535,54.5706,1.1236]]],
[[[-79.5891,54.5561,0.6336],[-79.5844,54.5569,2.5421],[-79.58,54.5606,0.0],[-79.5911,54.5597,5.5148],[-79.6026,54.5554,0.0],[-79.5961,54.5547,0.0],[-79.5956,54.5561,1.6877],[-79.5891,54.5561,0.6336]]],
[[[-79.5772,54.5589,2.2975],[-79.5789,54.5589,1.8591],[-79.5822,54.5567,2.5421],[-79.5761,54.5575,0.5475],[-79.5772,54.5589,2.2975]]],
[[[-79.5589,54.5677,0.6252],[-79.5594,54.5703,0.2728],[-79.5572,54.5711,0.0],[-79.569,54.5691,1.9724],[-79.5772,54.5594,2.2975],[-79.575,54.5586,0.5065],[-79.5605,54.5625,0.0],[-79.5567,54.5656,0.5598],[-79.5589,54.5677,0.6252]]],
[[[-79.5389,54.4641,4.2414],[-79.5328,54.4631,0.9381],[-79.5317,54.4647,0.8491],[-79.536,54.4661,3.8387],[-79.54,54.4644,1.865],[-79.5389,54.4641,4.2414]]],
[[[-79.5583,54.4627,4.4978],[-79.56,54.4608,2.6242],[-79.555,54.46,0.0],[-79.5478,54.4631,1.2988],[-79.5583,54.4653,5.5566],[-79.5561,54.4642,6.4084],[-79.5583,54.4627,4.4978]]],
[[[-79.5614,54.4629,4.4978],[-79.5583,54.4645,5.5566],[-79.5667,54.4644,1.1645],[-79.5656,54.4628,3.5052],[-79.5614,54.4629,4.4978]]],
[[[-79.5328,54.4675,1.2914],[-79.5306,54.4647,0.0],[-79.5278,54.4647,0.0],[-79.5261,54.4667,0.0],[-79.5278,54.4677,0.0],[-79.5328,54.4675,1.2914]]],
[[[-79.5667,54.465,1.1645],[-79.5683,54.4673,0.5092],[-79.5727,54.4683,1.9459],[-79.5706,54.4691,0.287],[-79.5728,54.47,0.287],[-79.5794,54.4692,2.8808],[-79.5822,54.4672,1.4602],[-79.5806,54.4658,1.9657],[-79.5744,54.4667,1.9858],[-79.5761,54.4647,1.0327],[-79.5711,54.4645,1.6795],[-79.5722,54.4664,2.3386],[-79.57,54.4644,1.6795],[-79.5667,54.465,1.1645]]],
[[[-79.6955,54.6023,1.4715],[-79.6983,54.6025,2.0201],[-79.7011,54.605,0.2228],[-79.6989,54.6056,0.0],[-79.7,54.6061,0.0],[-79.705,54.6045,1.8193],[-79.7023,54.6041,2.4925],[-79.7028,54.6028,6.4918],[-79.7083,54.6017,0.9018],[-79.7,54.5994,0.0],[-79.6928,54.6031,0.0],[-79.6955,54.6023,1.4715]]],
[[[-79.7694,54.6071,1.6251],[-79.7717,54.6064,3.6387],[-79.7799,54.6095,1.5732],[-79.78,54.6083,0.6946],[-79.7778,54.6081,5.439],[-79.7828,54.6064,5.0071],[-79.7811,54.6047,0.3819],[-79.7728,54.6039,0.0],[-79.7661,54.6067,1.6388],[-79.7672,54.6081,0.0],[-79.7694,54.6071,1.6251]]],
[[[-79.5783,54.6011,0.3113],[-79.5772,54.6039,3.6926],[-79.5794,54.6039,0.9801],[-79.5811,54.6011,0.7749],[-79.5783,54.6011,0.3113]]],
[[[-79.5672,54.6114,0.0],[-79.5683,54.6128,2.4006],[-79.5705,54.6103,0.0],[-79.5694,54.6103,0.0],[-79.5672,54.6114,0.0]]],
[[[-79.6144,54.6108,0.691],[-79.612799999999993,54.6113,0.2966],[-79.6217,54.6131,1.8937],[-79.625,54.6119,1.4549],[-79.6239,54.6108,1.4549],[-79.6144,54.6108,0.691]]],
[[[-79.7139,54.6147,2.1615],[-79.7089,54.6125,0.9953],[-79.7061,54.6139,0.5016],[-79.7072,54.6144,0.5016],[-79.7055,54.6181,0.0],[-79.7084,54.6159,3.638],[-79.7139,54.6147,2.1615]]],
[[[-79.7333,54.6195,1.541],[-79.7311,54.618899999999996,0.4277],[-79.7272,54.6222,0.0],[-79.7294,54.6222,1.0048],[-79.7333,54.6195,1.541]]],
[[[-79.6812,54.6208,2.5829],[-79.6778,54.6219,5.964],[-79.6772,54.6225,4.2514],[-79.6828,54.6228,3.0768],[-79.6812,54.6208,2.5829]]],
[[[-79.5739,54.6103,0.0],[-79.5783,54.61,1.6436],[-79.5789,54.6083,0.0],[-79.5733,54.6092,0.0],[-79.5739,54.6103,0.0]]],
[[[-79.605,54.6106,1.0427],[-79.6083,54.6094,0.7576],[-79.6055,54.6089,0.7576],[-79.6039,54.6103,0.2897],[-79.605,54.6106,1.0427]]],
[[[-79.6744,54.6106,2.3279],[-79.6728,54.6089,1.2367],[-79.6678,54.6119,0.0],[-79.6693,54.6119,0.455],[-79.6744,54.6106,2.3279]]],
[[[-79.5972,54.6113,4.0087],[-79.5944,54.6097,0.0],[-79.5928,54.6119,2.5572],[-79.5944,54.6128,0.7361],[-79.5972,54.6113,4.0087]]],
[[[-79.7317,54.645,1.3308],[-79.7339,54.6453,1.1317],[-79.7317,54.6431,0.0],[-79.7294,54.6442,2.0844],[-79.7294,54.6445,2.0844],[-79.7317,54.645,1.3308]]],
[[[-79.7194,54.6523,0.0],[-79.7183,54.6539,0.4253],[-79.7228,54.6545,1.8205],[-79.725,54.6503,0.0],[-79.7222,54.6497,0.0],[-79.7194,54.6523,0.0]]],
[[[-79.7078,54.6592,0.9972],[-79.7106,54.6567,0.4444],[-79.7083,54.6558,0.0],[-79.7067,54.6592,0.0],[-79.7078,54.6592,0.9972]]],
[[[-79.6822,54.6619,2.2144],[-79.6778,54.6619,3.3408],[-79.6745,54.665,1.6342],[-79.6856,54.6633,1.4855],[-79.6822,54.6619,2.2144]]],
[[[-79.7458,54.6429,0.4134],[-79.7421,54.648,0.0],[-79.7479,54.6466,3.6319],[-79.749,54.644,2.5969],[-79.7477,54.6436,0.4134],[-79.7483,54.6381,6.7155],[-79.7472,54.6378,6.7155],[-79.75,54.6369,3.0285],[-79.7489,54.6351,2.6716],[-79.7584,54.6342,2.5949],[-79.76,54.6317,2.5532],[-79.7539,54.6297,2.0915],[-79.7528,54.6272,0.0],[-79.7522,54.6294,0.6902],[-79.7439,54.6281,0.0],[-79.7378,54.6314,2.5494],[-79.7356,54.6311,7.5382],[-79.735,54.6283,0.2608],[-79.73,54.6286,0.0],[-79.7261,54.6314,0.0],[-79.7294,54.6348,2.6652],[-79.7383,54.6383,0.6267],[-79.7394,54.6414,0.0],[-79.7456,54.6403,5.0646],[-79.7458,54.6429,0.4134]]],
[[[-79.7278,54.6439,2.3581],[-79.726,54.6434,0.0],[-79.7234,54.6447,0.4239],[-79.7278,54.6461,0.0],[-79.7278,54.6439,2.3581]]],
[[[-79.6427,54.6931,1.6106],[-79.6417,54.6919,0.7477],[-79.6367,54.6944,0.0],[-79.6394,54.6933,0.8599],[-79.6427,54.6931,1.6106]]],
[[[-79.8111,54.7225,0.7109],[-79.7972,54.7272,0.0],[-79.795,54.7294,0.0],[-79.8128,54.7231,0.4671],[-79.8111,54.7225,0.7109]]],
[[[-79.5733,54.7256,0.0],[-79.5711,54.7278,0.6951],[-79.5772,54.7275,1.5105],[-79.5794,54.7289,0.2977],[-79.5783,54.7336,0.4626],[-79.5989,54.7286,8.4103],[-79.6061,54.725,3.198],[-79.6072,54.7219,1.7033],[-79.6044,54.7211,10.3299],[-79.6056,54.72,0.6265],[-79.6033,54.7186,3.9446],[-79.6033,54.7158,3.7166],[-79.6061,54.7133,3.2856],[-79.6061,54.7114,1.5367],[-79.6033,54.7108,0.3893],[-79.59,54.7169,0.0],[-79.5827,54.7234,0.9275],[-79.5767,54.7236,0.0],[-79.5733,54.7256,0.0]]],
[[[-79.7872,54.725,0.0],[-79.7867,54.7258,0.0],[-79.79,54.7258,1.3211],[-79.79,54.7247,0.0],[-79.7872,54.725,0.0]]],
[[[-79.7006,54.7269,0.2371],[-79.7044,54.7267,2.417],[-79.7028,54.7244,0.0],[-79.6978,54.7264,0.2371],[-79.7006,54.7269,0.2371]]],
[[[-79.6594,54.6241,1.8406],[-79.6639,54.625,1.8556],[-79.6633,54.6264,0.5282],[-79.6728,54.6255,0.7004],[-79.6777,54.6237,4.2514],[-79.675,54.6219,5.964],[-79.6806,54.6203,2.5333],[-79.6706,54.6147,0.0],[-79.6678,54.6147,0.0],[-79.6606,54.6169,0.0],[-79.6606,54.6197,0.6337],[-79.6572,54.6222,0.5057],[-79.6594,54.6241,1.8406]]],
[[[-79.7572,54.6253,0.8623],[-79.7578,54.6231,0.0],[-79.7539,54.625,0.0],[-79.7539,54.6253,0.0],[-79.7572,54.6253,0.8623]]],
[[[-79.7583,54.6264,3.5037],[-79.7533,54.6258,0.0],[-79.7533,54.6272,1.3698],[-79.7583,54.6275,2.7282],[-79.7583,54.6264,3.5037]]],
[[[-79.8294,54.7433,0.0],[-79.8261,54.7445,0.0],[-79.8256,54.7464,1.3442],[-79.8339,54.7442,3.7861],[-79.8344,54.7419,0.0],[-79.8322,54.7419,0.0],[-79.8294,54.7433,0.0]]],
[[[-79.5272,54.7442,0.0],[-79.5233,54.7453,0.0],[-79.5239,54.7469,0.4221],[-79.5367,54.7445,2.0313],[-79.5378,54.7422,2.5062],[-79.535,54.7417,0.0],[-79.5272,54.7442,0.0]]],
[[[-79.5392,54.7462,2.0133],[-79.5411,54.7433,0.0],[-79.535,54.7472,0.4117],[-79.5356,54.7472,0.4117],[-79.5392,54.7462,2.0133]]],
[[[-79.5172,54.7495,1.7307],[-79.5189,54.7472,0.7752],[-79.5128,54.7508,0.6356],[-79.515,54.7508,0.6356],[-79.5172,54.7495,1.7307]]],
[[[-79.7711,54.7586,0.0],[-79.7739,54.7581,3.8725],[-79.7739,54.7592,2.2786],[-79.7722,54.7589,0.0],[-79.7706,54.7611,0.0],[-79.7766,54.7601,3.2495],[-79.7794,54.7575,4.4769],[-79.786,54.7581,2.2073],[-79.7861,54.7564,3.9445],[-79.7889,54.7553,4.1245],[-79.7894,54.7522,8.1604],[-79.7878,54.7511,14.7707],[-79.7906,54.748,0.0],[-79.7861,54.7456,2.421],[-79.7722,54.7511,0.0],[-79.7683,54.755,0.0],[-79.7711,54.7586,0.0]]],
[[[-79.7077,54.7481,0.0],[-79.7,54.7508,0.0],[-79.7089,54.7511,3.357],[-79.7122,54.7491,4.2912],[-79.7077,54.7481,0.0]]],
[[[-79.6211,54.7539,2.0106],[-79.6255,54.7525,0.6526],[-79.6261,54.7517,0.0],[-79.6211,54.7528,0.0],[-79.6211,54.7539,2.0106]]],
[[[-79.4894,54.7656,0.0],[-79.4883,54.7667,0.0],[-79.495,54.765,1.724],[-79.4933,54.7675,0.0],[-79.4944,54.7687,0.6366],[-79.5011,54.7642,1.0732],[-79.4956,54.7633,0.0],[-79.4894,54.7656,0.0]]],
[[[-79.7539,54.7692,1.9099],[-79.7556,54.7686,3.5314],[-79.7517,54.7683,1.6865],[-79.7516,54.7695,1.7292],[-79.7539,54.7692,1.9099]]],
[[[-79.4856,54.7436,0.3517],[-79.4844,54.7444,0.0],[-79.4878,54.7456,1.6777],[-79.4867,54.7478,0.264],[-79.4783,54.755,0.5604],[-79.4861,54.7539,1.0723],[-79.4906,54.7514,5.9949],[-79.4944,54.7475,6.4117],[-79.4944,54.7436,5.9106],[-79.5111,54.7356,3.1411],[-79.4983,54.7367,0.0],[-79.495,54.7392,0.4726],[-79.4889,54.7406,0.2846],[-79.4856,54.7436,0.3517]]],
[[[-79.4794,54.7508,4.622],[-79.4811,54.7494,2.587],[-79.4778,54.7483,0.0],[-79.4661,54.7528,0.0],[-79.4605,54.7569,0.0],[-79.4688,54.7575,2.1086],[-79.4794,54.7508,4.622]]],
[[[-79.7039,54.7527,4.6314],[-79.7,54.7514,0.0],[-79.695,54.7547,0.4239],[-79.6972,54.755,0.837],[-79.7039,54.7527,4.6314]]],
[[[-79.6836,54.7539,4.0713],[-79.68,54.755,0.0],[-79.6856,54.7559,1.2781],[-79.6933,54.7533,2.4359],[-79.69,54.7519,0.0],[-79.6836,54.7539,4.0713]]],
[[[-79.6189,54.7539,2.0106],[-79.6167,54.7544,0.5005],[-79.6166,54.7547,0.5005],[-79.6211,54.7547,2.0106],[-79.6189,54.7539,2.0106]]],
[[[-79.6816,54.7575,4.4546],[-79.6833,54.7564,5.2536],[-79.6778,54.7553,0.0],[-79.6656,54.7608,0.0],[-79.6639,54.7641,0.2335],[-79.6722,54.7617,7.6105],[-79.6816,54.7575,4.4546]]],
[[[-79.5927,54.7621,2.9526],[-79.5794,54.7658,0.0],[-79.5805,54.7673,2.0492],[-79.5772,54.7686,0.0],[-79.6106,54.76,2.8495],[-79.6122,54.7583,4.5866],[-79.6106,54.7578,4.9926],[-79.6172,54.7556,1.6702],[-79.6144,54.7544,0.0],[-79.5927,54.7621,2.9526]]],
[[[-79.5161,54.7614,0.7476],[-79.5189,54.76,1.8118],[-79.5161,54.7594,0.8175],[-79.5117,54.7619,0.0],[-79.5139,54.7622,1.3263],[-79.5128,54.7631,1.3263],[-79.5138,54.7637,1.3263],[-79.5161,54.7614,0.7476]]],
[[[-79.7428,54.7642,5.9988],[-79.7394,54.7661,0.0],[-79.7394,54.7681,0.0],[-79.7428,54.7703,3.5058],[-79.7466,54.7695,2.8613],[-79.7494,54.7664,5.6797],[-79.7583,54.7677,3.5314],[-79.7505,54.7642,10.2921],[-79.7511,54.7606,3.0766],[-79.7467,54.7606,0.0],[-79.7461,54.7628,2.5674],[-79.7428,54.7642,5.9988]]],
[[[-79.4617,54.766,0.0],[-79.4589,54.7703,0.0],[-79.4644,54.7694,3.3999],[-79.4683,54.7628,2.7395],[-79.4706,54.7628,4.2653],[-79.4695,54.765,0.5475],[-79.4744,54.7681,0.5737],[-79.4811,54.7664,10.7953],[-79.4883,54.7597,0.9396],[-79.4833,54.7586,3.6367],[-79.4894,54.7544,0.3159],[-79.4806,54.7572,4.6773],[-79.4767,54.7564,0.0],[-79.4689,54.7614,0.5973],[-79.4656,54.7611,0.5973],[-79.4617,54.766,0.0]]],
[[[-79.545,54.7411,0.0],[-79.5433,54.7442,0.3055],[-79.5528,54.7414,6.3773],[-79.5533,54.7397,2.9359],[-79.5506,54.7383,0.0],[-79.545,54.7411,0.0]]],
[[[-79.7189,54.742,0.0],[-79.7167,54.743899999999996,0.4762],[-79.72,54.7442,2.1747],[-79.7233,54.7408,0.8347],[-79.7222,54.7408,0.8347],[-79.7189,54.742,0.0]]],
[[[-79.6772,54.7336,1.2657],[-79.6761,54.7322,1.2657],[-79.6722,54.7333,0.0],[-79.6717,54.7367,0.0],[-79.6783,54.7353,3.3787],[-79.6811,54.7331,0.2421],[-79.6772,54.7336,1.2657]]],
[[[-79.5217,54.7592,2.6482],[-79.5227,54.7603,2.0632],[-79.5211,54.7614,0.6477],[-79.5222,54.7615,0.6477],[-79.5433,54.7544,6.7855],[-79.5517,54.7533,6.3804],[-79.5528,54.7539,1.2973],[-79.5517,54.7547,1.2973],[-79.5556,54.7536,2.8111],[-79.5594,54.7547,1.1973],[-79.5594,54.7561,0.0],[-79.5633,54.7564,2.2915],[-79.575,54.7514,4.3477],[-79.5756,54.7497,0.0],[-79.5666,54.7503,9.7051],[-79.5805,54.7447,3.4844],[-79.5789,54.7436,9.3469],[-79.5861,54.7387,2.5377],[-79.5822,54.7389,3.64],[-79.58,54.7367,0.0],[-79.5561,54.7464,0.0],[-79.5611,54.7464,4.4018],[-79.5561,54.7497,3.2915],[-79.5539,54.7478,0.7516],[-79.5494,54.7481,2.4911],[-79.5489,54.7464,0.2486],[-79.5411,54.7467,0.4438],[-79.5167,54.7564,0.0],[-79.5217,54.7564,4.5586],[-79.5328,54.7531,2.7451],[-79.5183,54.7595,0.0],[-79.5217,54.7592,2.6482]]],
[[[-79.293,54.8635,0.0],[-79.2966,54.8619,0.0],[-79.295,54.8614,0.0],[-79.2906,54.8639,0.3858],[-79.2922,54.8647,0.3858],[-79.293,54.8635,0.0]]],
[[[-79.2583,54.8731,1.555],[-79.2616,54.8725,2.3722],[-79.2633,54.8706,1.2157],[-79.2589,54.8717,0.0],[-79.2583,54.8731,1.555]]],
[[[-79.2538,54.8731,0.0],[-79.2494,54.8756,0.4548],[-79.2578,54.8736,1.555],[-79.2572,54.8725,1.555],[-79.2538,54.8731,0.0]]],
[[[-79.6372,54.8419,3.2433],[-79.6367,54.8392,3.6176],[-79.6322,54.8436,4.474],[-79.6322,54.8459,1.2349],[-79.6372,54.8453,3.2456],[-79.6378,54.8444,1.3974],[-79.6355,54.8439,2.7542],[-79.6383,54.8431,1.9915],[-79.6372,54.8419,3.2433]]],
[[[-79.4256,54.8142,2.2133],[-79.4217,54.8145,0.0],[-79.4189,54.8172,0.0],[-79.4244,54.8158,1.9145],[-79.4256,54.8142,2.2133]]],
[[[-79.5061,54.81,0.0],[-79.4956,54.8142,0.0],[-79.5217,54.8081,5.1161],[-79.5239,54.8089,1.0629],[-79.5211,54.8106,0.0],[-79.5211,54.8125,0.5921],[-79.5233,54.8122,0.794],[-79.5299,54.8089,3.7046],[-79.53,54.8056,5.2507],[-79.5361,54.8017,1.0683],[-79.5317,54.8006,1.6157],[-79.5183,54.8036,0.0],[-79.5178,54.8056,1.3942],[-79.5061,54.81,0.0]]],
[[[-79.6045,54.8072,7.3328],[-79.6033,54.8042,1.4333],[-79.5994,54.8056,0.0],[-79.5927,54.8136,1.0174],[-79.5961,54.8139,0.3425],[-79.6032,54.8111,2.8175],[-79.6061,54.8089,2.9396],[-79.6045,54.8072,7.3328]]],
[[[-79.4699,54.8153,0.0],[-79.475,54.8142,4.3024],[-79.4822,54.8161,2.8101],[-79.4878,54.8105,1.5277],[-79.48,54.8083,0.0],[-79.475,54.81,0.0],[-79.475,54.8117,0.0],[-79.4689,54.8147,0.0],[-79.4699,54.8153,0.0]]],
[[[-79.5439,54.8144,0.3311],[-79.5422,54.8159,0.0],[-79.5494,54.8133,2.7884],[-79.5506,54.8108,0.0],[-79.5483,54.8114,0.0],[-79.5439,54.8144,0.3311]]],
[[[-79.71,54.8139,2.6602],[-79.7,54.8189,0.9559],[-79.7039,54.82,2.2754],[-79.7089,54.8183,2.5246],[-79.7083,54.8167,2.9884],[-79.7116,54.8172,0.8178],[-79.7139,54.8153,2.0225],[-79.71,54.8139,2.6602]]],
[[[-79.426,54.8162,2.0822],[-79.4206,54.8181,1.0489],[-79.42,54.8197,2.1845],[-79.4289,54.8175,2.9106],[-79.43,54.8153,0.0],[-79.426,54.8162,2.0822]]],
[[[-79.4576,54.8285,12.3983],[-79.4639,54.8272,2.2317],[-79.4661,54.8289,2.1859],[-79.465,54.8303,2.1859],[-79.4706,54.8314,0.2724],[-79.4839,54.8267,6.604],[-79.4928,54.8272,0.7331],[-79.4944,54.8278,0.8833],[-79.4939,54.8292,0.2576],[-79.4994,54.8289,1.0749],[-79.5028,54.8269,2.2504],[-79.5011,54.8256,2.2504],[-79.5089,54.8222,1.4948],[-79.51,54.8192,2.244],[-79.4978,54.82,4.1768],[-79.4978,54.8183,0.4332],[-79.4956,54.8178,0.0],[-79.485,54.8206,5.8839],[-79.4778,54.8194,0.3018],[-79.4639,54.8206,2.6261],[-79.46,54.8194,3.1039],[-79.46,54.8178,2.482],[-79.4567,54.8161,0.0],[-79.4428,54.8194,1.3898],[-79.4339,54.8267,0.0],[-79.4406,54.8261,2.6584],[-79.4433,54.8289,0.533],[-79.4576,54.8285,12.3983]]],
[[[-78.8828,54.8937,1.863],[-78.8839,54.8925,1.863],[-78.8794,54.8922,0.355],[-78.8811,54.8933,1.4911],[-78.8828,54.8937,1.863]]],
[[[-78.7422,54.9225,0.0],[-78.7439,54.9233,1.3569],[-78.7494,54.9236,0.2764],[-78.745,54.9211,0.0],[-78.7422,54.9225,0.0]]],
[[[-79.015,54.9292,0.6976],[-79.0122,54.9303,0.6976],[-79.0138,54.9308,1.6693],[-79.0106,54.9325,0.0],[-79.0177,54.9297,1.5663],[-79.015,54.9292,0.6976]]],
[[[-78.5783,54.9659,1.9723],[-78.5693,54.9687,0.0],[-78.5722,54.9697,1.6925],[-78.5828,54.9678,0.1373],[-78.5783,54.9659,1.9723]]],
[[[-78.5655,54.9795,0.5706],[-78.5622,54.9811,0.0],[-78.5628,54.9828,0.0],[-78.5579,54.9851,0.9192],[-78.5656,54.983,3.0332],[-78.5654,54.981,1.6737],[-78.5711,54.9808,0.2036],[-78.57,54.9795,0.1375],[-78.5655,54.9795,0.5706]]],
[[[-79.4017,54.8851,0.833],[-79.3989,54.8847,0.0],[-79.395,54.8906,1.2711],[-79.4016,54.8897,4.5137],[-79.4017,54.8851,0.833]]],
[[[-79.0778,54.9342,1.6599],[-79.0794,54.9333,1.6358],[-79.0756,54.9336,5.1886],[-79.0761,54.9342,1.6599],[-79.0778,54.9342,1.6599]]],
[[[-79.4172,54.7803,0.0],[-79.405,54.7906,0.0],[-79.4228,54.7836,3.8462],[-79.4239,54.7814,2.0476],[-79.4211,54.7817,4.6482],[-79.425,54.7795,1.5853],[-79.4228,54.78,2.1767],[-79.4222,54.7778,0.0],[-79.4172,54.7803,0.0]]],
[[[-79.6317,54.7839,2.2644],[-79.6333,54.7839,2.2644],[-79.6361,54.7814,0.0],[-79.6322,54.7814,0.0],[-79.6317,54.7839,2.2644]]],
[[[-79.7217,54.7889,0.7226],[-79.72,54.7895,2.7868],[-79.72,54.7917,0.0],[-79.7222,54.7919,3.2],[-79.725,54.7897,3.6007],[-79.7239,54.7878,0.2956],[-79.7217,54.7889,0.7226]]],
[[[-79.56,54.7839,1.2166],[-79.5544,54.7856,0.0],[-79.5522,54.7883,0.0],[-79.565,54.7842,1.3477],[-79.5622,54.7833,0.0],[-79.5633,54.7828,0.0],[-79.56,54.7839,1.2166]]],
[[[-79.6372,54.7685,1.3417],[-79.6322,54.7687,0.0],[-79.6183,54.7769,0.0],[-79.6211,54.7775,1.0936],[-79.635,54.7733,7.0361],[-79.6422,54.7692,4.4421],[-79.6539,54.7667,5.8229],[-79.6556,54.7642,2.1252],[-79.6533,54.7633,0.0],[-79.645,54.7669,5.495],[-79.6478,54.7644,1.9684],[-79.6456,54.7639,0.0],[-79.6356,54.7675,0.0],[-79.6372,54.7685,1.3417]]],
[[[-79.7528,54.7701,1.7292],[-79.7489,54.7714,1.7076],[-79.7544,54.7733,2.1017],[-79.7572,54.7723,1.867],[-79.7578,54.7689,2.6917],[-79.7561,54.7689,2.6917],[-79.7528,54.7701,1.7292]]],
[[[-79.46,54.7908,0.0],[-79.4572,54.7919,0.0],[-79.4589,54.7925,0.966],[-79.4583,54.7936,0.0],[-79.47,54.7914,4.8511],[-79.4771,54.7925,2.48],[-79.4955,54.7839,3.0205],[-79.495,54.7822,7.2506],[-79.4928,54.7828,9.5485],[-79.4944,54.7814,8.7342],[-79.4983,54.7825,1.5976],[-79.5044,54.7803,1.9596],[-79.5022,54.7827,0.2394],[-79.505,54.7839,0.2751],[-79.5128,54.7825,0.7066],[-79.51,54.7803,3.6109],[-79.5122,54.7817,4.1715],[-79.5156,54.7811,3.7206],[-79.5178,54.7778,4.3432],[-79.5156,54.7756,3.1372],[-79.5172,54.7769,3.4906],[-79.5189,54.7758,2.7189],[-79.5178,54.7731,0.0],[-79.5161,54.7731,0.0],[-79.5094,54.7772,2.0975],[-79.5072,54.7767,0.0],[-79.5011,54.7797,0.5064],[-79.4961,54.7795,3.0223],[-79.4939,54.7773,1.2486],[-79.4911,54.7783,1.0818],[-79.4906,54.7769,0.3595],[-79.4844,54.7781,0.0],[-79.4783,54.7819,0.0],[-79.4789,54.7836,1.7187],[-79.4761,54.7825,0.0],[-79.4767,54.7839,0.7586],[-79.48,54.785,1.6102],[-79.4789,54.7861,0.5178],[-79.4689,54.7883,0.0],[-79.4672,54.79,4.4639],[-79.4633,54.7889,1.8891],[-79.46,54.7908,0.0]]],
[[[-79.5272,54.7773,0.0],[-79.5317,54.7775,2.0916],[-79.5294,54.7809,0.0],[-79.5333,54.7809,1.2188],[-79.5339,54.7767,9.3151],[-79.5394,54.7775,2.3755],[-79.5406,54.7769,6.9174],[-79.5389,54.775,13.3198],[-79.5423,54.7764,5.9807],[-79.5472,54.7737,5.6271],[-79.5478,54.7717,0.443],[-79.5406,54.7689,4.6843],[-79.5356,54.7689,1.1231],[-79.5261,54.7764,0.0],[-79.5272,54.7773,0.0]]],
[[[-79.5728,54.7919,0.0],[-79.565,54.7931,0.0],[-79.5572,54.7975,0.0],[-79.5772,54.7939,1.6941],[-79.6117,54.7822,1.8577],[-79.6167,54.7783,2.2735],[-79.6156,54.7764,0.2533],[-79.612799999999993,54.7764,0.0],[-79.6016,54.7791,0.6589],[-79.5894,54.7844,0.0],[-79.5822,54.7895,4.3959],[-79.5728,54.7919,0.0]]],
[[[-79.4411,54.7922,0.8661],[-79.4455,54.7908,0.8414],[-79.4394,54.7917,0.0],[-79.4361,54.7939,0.0],[-79.4378,54.7942,0.0],[-79.4411,54.7922,0.8661]]],
[[[-79.7294,54.7994,2.8262],[-79.73,54.7978,1.6591],[-79.7278,54.7969,0.0],[-79.7256,54.8022,1.2663],[-79.7283,54.8045,1.3618],[-79.7311,54.8039,1.4768],[-79.73,54.8005,2.4897],[-79.7311,54.8,1.9798],[-79.7294,54.7994,2.8262]]],
[[[-79.4961,54.7983,4.2653],[-79.4978,54.7961,0.0],[-79.4811,54.8009,0.0],[-79.4805,54.8022,0.0],[-79.4817,54.8042,0.327],[-79.4854,54.8037,12.5054],[-79.4961,54.7983,4.2653]]],
[[[-79.045,54.9378,0.0],[-79.0417,54.9397,0.0777],[-79.05,54.94,4.4628],[-79.0517,54.9361,2.3298],[-79.055,54.9369,2.2103],[-79.0545,54.9386,0.9022],[-79.0572,54.9386,1.8193],[-79.0672,54.935,7.813],[-79.075,54.935,2.1626],[-79.075,54.9336,5.1886],[-79.0694,54.9339,3.5843],[-79.0772,54.9319,7.5524],[-79.0867,54.9339,1.0536],[-79.09,54.9311,4.8168],[-79.1111,54.9258,2.633],[-79.1267,54.9267,5.6265],[-79.1417,54.9222,1.9492],[-79.1578,54.9217,4.3724],[-79.1589,54.9197,4.1043],[-79.1644,54.9206,1.5393],[-79.1933,54.9177,1.9178],[-79.2133,54.9125,4.3804],[-79.2361,54.9092,2.1684],[-79.2528,54.9042,3.0045],[-79.2889,54.9014,2.7763],[-79.2906,54.9,5.7111],[-79.2922,54.9017,0.7413],[-79.3044,54.9003,6.0678],[-79.3078,54.8972,4.7889],[-79.3267,54.8919,4.2148],[-79.3317,54.8892,4.4658],[-79.3361,54.89,3.3121],[-79.3444,54.8872,2.7445],[-79.3561,54.8875,1.5843],[-79.3661,54.8842,5.1963],[-79.3739,54.8836,4.1866],[-79.3739,54.8825,4.1866],[-79.375,54.8825,4.1866],[-79.3744,54.8844,0.6184],[-79.3789,54.8844,2.5449],[-79.3878,54.8814,5.1674],[-79.3961,54.8806,1.4505],[-79.4027,54.8831,1.5506],[-79.405,54.8819,3.4755],[-79.4044,54.8806,3.4755],[-79.4083,54.8797,4.8757],[-79.4156,54.8833,2.3384],[-79.4311,54.8833,3.004],[-79.4339,54.8817,6.0834],[-79.4333,54.8831,3.004],[-79.4383,54.8836,4.4066],[-79.4428,54.8819,1.3998],[-79.4422,54.8797,4.7512],[-79.4622,54.8756,2.7866],[-79.4717,54.8711,3.2033],[-79.4756,54.8711,1.9722],[-79.4756,54.8694,3.9313],[-79.4783,54.8683,6.9853],[-79.4839,54.8692,1.5997],[-79.49,54.8672,4.5448],[-79.4922,54.8672,2.6294],[-79.4916,54.868899999999996,0.0],[-79.4994,54.8683,5.3755],[-79.5067,54.8625,3.7343],[-79.5089,54.8625,1.6361],[-79.5106,54.8647,2.6357],[-79.5133,54.8644,2.0668],[-79.5178,54.8619,7.954],[-79.5206,54.8622,0.8933],[-79.5206,54.8608,3.5326],[-79.5294,54.8613,2.2032],[-79.5266,54.8597,3.9946],[-79.5278,54.8589,3.8279],[-79.5339,54.8625,0.4637],[-79.5439,54.8631,2.6905],[-79.5578,54.8595,1.8711],[-79.56,54.8569,7.5539],[-79.5645,54.8587,1.6614],[-79.5783,54.8558,1.6903],[-79.5888,54.8558,2.1684],[-79.5978,54.8511,4.697],[-79.6039,54.8508,1.2915],[-79.6111,54.8453,7.7635],[-79.6122,54.8469,2.7919],[-79.63,54.8456,1.1981],[-79.6317,54.8447,3.5491],[-79.6305,54.8433,4.3005],[-79.6333,54.8397,8.0637],[-79.6389,54.8369,5.3028],[-79.64,54.8375,3.8125],[-79.6383,54.8419,3.2719],[-79.6444,54.8409,2.4013],[-79.6416,54.8433,0.3493],[-79.6461,54.8436,2.9187],[-79.6522,54.8419,1.0167],[-79.6506,54.8408,3.2503],[-79.6567,54.8389,1.9971],[-79.6578,54.8364,4.0811],[-79.6665,54.8373,0.4472],[-79.6717,54.8328,3.3635],[-79.6794,54.8314,2.7201],[-79.6833,54.8275,1.6296],[-79.6828,54.825,6.9041],[-79.6883,54.8239,0.5311],[-79.6911,54.82,7.6379],[-79.6933,54.8203,4.2822],[-79.6928,54.8189,4.2822],[-79.6955,54.8194,1.7455],[-79.6989,54.8161,2.935],[-79.7028,54.8161,2.4549],[-79.7094,54.8128,4.153],[-79.7139,54.8142,2.0225],[-79.7178,54.8094,6.023],[-79.7222,54.81,1.3179],[-79.7239,54.8069,3.625],[-79.7267,54.806399999999996,2.3899],[-79.725,54.8047,1.7557],[-79.7217,54.8053,4.6076],[-79.7233,54.8036,1.2663],[-79.7172,54.7994,0.0],[-79.7139,54.8019,0.0],[-79.6961,54.8044,0.5571],[-79.6906,54.8075,1.498],[-79.6693,54.8095,1.8782],[-79.6672,54.8081,6.2919],[-79.6672,54.8047,8.8756],[-79.6706,54.8014,7.6058],[-79.6728,54.8022,3.1259],[-79.6717,54.8067,1.1692],[-79.675,54.8073,1.832],[-79.685,54.8039,3.0595],[-79.6883,54.8014,2.786],[-79.6866,54.7997,4.4594],[-79.6883,54.7978,3.5582],[-79.6916,54.8011,0.0],[-79.6989,54.7989,1.3619],[-79.6989,54.7978,4.6058],[-79.7,54.8008,0.0],[-79.7033,54.8011,1.6386],[-79.7061,54.7994,2.8921],[-79.7061,54.7947,1.0167],[-79.6966,54.7933,3.2191],[-79.7006,54.7906,3.9207],[-79.7078,54.7883,2.8712],[-79.7061,54.7917,0.0],[-79.7111,54.7928,2.7372],[-79.7172,54.7897,10.7686],[-79.7244,54.7822,3.3651],[-79.7283,54.7839,0.4095],[-79.7283,54.7864,0.6234],[-79.7305,54.7867,3.4444],[-79.7322,54.7844,6.9625],[-79.7389,54.7823,4.9329],[-79.7394,54.78,3.475],[-79.7372,54.7783,5.725],[-79.7389,54.7775,2.3172],[-79.7367,54.7764,4.2057],[-79.7439,54.7733,2.5919],[-79.745,54.7759,2.4797],[-79.7439,54.7778,0.0],[-79.7489,54.7781,6.4763],[-79.7517,54.7772,3.5068],[-79.7533,54.7739,4.9992],[-79.7422,54.7711,0.0],[-79.7372,54.7717,0.0],[-79.7389,54.7725,2.303],[-79.7383,54.7736,0.3755],[-79.735,54.7731,0.0],[-79.7334,54.7751,0.0],[-79.7256,54.7767,2.5296],[-79.7272,54.7744,0.5196],[-79.7261,54.7739,0.0],[-79.7061,54.7828,1.6108],[-79.6816,54.7889,2.2301],[-79.6661,54.7986,14.9184],[-79.6672,54.7964,6.7103],[-79.6711,54.7942,3.6304],[-79.6711,54.7922,2.1307],[-79.665,54.7917,0.0],[-79.6606,54.7933,0.0],[-79.6549,54.7989,0.0],[-79.6556,54.8009,4.8492],[-79.6483,54.8003,0.0],[-79.6344,54.8042,0.0],[-79.6267,54.8128,1.386],[-79.6106,54.8161,0.8149],[-79.5939,54.8175,0.541],[-79.5777,54.8231,0.0],[-79.5544,54.8228,0.0],[-79.5356,54.8278,2.478],[-79.5272,54.8281,0.0],[-79.5122,54.8328,1.4351],[-79.4972,54.835,0.0],[-79.4867,54.8336,0.0],[-79.4772,54.8364,1.1763],[-79.465,54.8369,0.0],[-79.4589,54.8389,0.6942],[-79.4572,54.8417,0.0],[-79.4478,54.8425,3.5775],[-79.4472,54.8406,3.1489],[-79.4511,54.8381,1.5638],[-79.4472,54.8367,7.9376],[-79.45,54.8339,4.5655],[-79.4433,54.8328,0.7064],[-79.4361,54.8373,2.6692],[-79.4283,54.8375,1.4764],[-79.4139,54.8417,0.0],[-79.4083,54.8469,0.0],[-79.407,54.8456,2.6278],[-79.4114,54.8423,1.4491],[-79.4117,54.8397,0.0],[-79.3761,54.8453,3.919],[-79.3978,54.8406,1.5541],[-79.3994,54.8394,1.1721],[-79.395,54.8381,0.8899],[-79.395,54.8356,0.9562],[-79.4217,54.8258,1.9726],[-79.4211,54.8239,1.4583],[-79.4139,54.8233,0.0],[-79.4056,54.8278,0.9175],[-79.4061,54.8286,0.9175],[-79.3861,54.835,0.0],[-79.3811,54.8383,0.0],[-79.3839,54.8395,1.1424],[-79.38,54.8414,0.0],[-79.3277,54.8533,0.0],[-79.3299,54.8547,0.9802],[-79.3244,54.8578,0.0],[-79.3244,54.8603,0.0],[-79.315,54.8631,0.48],[-79.3178,54.8653,0.1543],[-79.3189,54.8683,0.7348],[-79.3172,54.8686,0.3419],[-79.3178,54.8695,0.1838],[-79.3006,54.8747,0.6225],[-79.3022,54.8758,2.9937],[-79.2917,54.8744,1.629],[-79.2867,54.8719,6.2566],[-79.29,54.8673,0.3567],[-79.2872,54.8667,0.0],[-79.2778,54.8714,0.0],[-79.2773,54.8741,0.0],[-79.2789,54.8756,0.8731],[-79.2778,54.8775,2.9451],[-79.2611,54.8867,0.0],[-79.2422,54.8919,0.3228],[-79.2278,54.8933,0.0],[-79.2199,54.8923,2.4553],[-79.2267,54.8861,4.5313],[-79.2361,54.8831,5.0864],[-79.25,54.8758,0.4548],[-79.2389,54.8789,2.3789],[-79.2339,54.8786,0.0],[-79.2316,54.8814,0.1292],[-79.2267,54.8836,0.0],[-79.2117,54.8872,1.9027],[-79.2028,54.8861,0.0],[-79.1689,54.8931,0.679],[-79.1544,54.8931,0.0],[-79.1456,54.8956,4.4792],[-79.1228,54.8981,0.0],[-79.1094,54.9036,0.0],[-79.0911,54.9086,0.0],[-79.0867,54.9089,3.155],[-79.0861,54.9078,0.0],[-79.0806,54.91,0.5721],[-79.0744,54.9089,0.6983],[-79.0622,54.9111,0.0],[-79.0544,54.9164,0.6553],[-79.025,54.9214,0.0],[-79.0189,54.925,0.0],[-79.0205,54.9278,0.8427],[-79.025,54.9292,0.0],[-79.0344,54.9233,5.4545],[-79.0472,54.9233,1.8706],[-79.0606,54.9169,11.2542],[-79.0678,54.9183,3.7446],[-79.0639,54.9211,0.0],[-79.0633,54.9233,0.0],[-79.055,54.9261,0.0],[-79.0533,54.9286,0.0],[-79.0406,54.9325,0.0],[-79.0406,54.9339,0.0],[-79.045,54.9328,3.2488],[-79.045,54.9378,0.0]]],
[[[-79.5772,54.5911,0.0],[-79.5756,54.5942,0.0],[-79.5767,54.5975,0.0],[-79.5894,54.5953,5.6201],[-79.5894,54.5936,9.8903],[-79.5927,54.5939,1.5539],[-79.5922,54.5925,8.2049],[-79.6078,54.5911,4.4426],[-79.6061,54.5889,1.3706],[-79.6028,54.5903,1.8402],[-79.6044,54.5886,0.0],[-79.6011,54.5881,2.8199],[-79.6006,54.5837,5.5368],[-79.61,54.5753,2.4978],[-79.6094,54.5739,2.4978],[-79.6172,54.5739,1.0109],[-79.6172,54.5725,3.3823],[-79.6233,54.57,5.3975],[-79.6239,54.5686,0.5507],[-79.6194,54.5675,5.3306],[-79.6217,54.5672,4.2421],[-79.6233,54.5633,1.1162],[-79.6194,54.5628,0.0],[-79.6043,54.5665,0.0],[-79.5989,54.57,0.0],[-79.5922,54.5703,0.0],[-79.5939,54.5722,2.1546],[-79.5822,54.5753,0.0],[-79.5667,54.5739,0.9528],[-79.5611,54.5764,0.0],[-79.56,54.5783,0.0],[-79.5639,54.5809,0.0],[-79.5767,54.58,4.0934],[-79.5755,54.5823,0.0],[-79.5772,54.5823,0.4677],[-79.5888,54.5795,2.6823],[-79.5994,54.5717,2.7477],[-79.6028,54.5722,1.2342],[-79.6032,54.5772,3.9297],[-79.5906,54.5814,0.0],[-79.5772,54.5911,0.0]]],
[[[-79.6478,54.5945,0.0],[-79.6489,54.5945,0.4745],[-79.6533,54.5931,0.7618],[-79.6506,54.5922,0.7269],[-79.6478,54.5945,0.0]]],
[[[-79.6467,54.5969,2.8787],[-79.6456,54.5947,0.0],[-79.6429,54.5964,0.0],[-79.6456,54.5978,0.0],[-79.6467,54.5969,2.8787]]],
[[[-79.6511,54.5983,1.5994],[-79.655,54.595,0.3846],[-79.6539,54.5944,0.3846],[-79.6478,54.5986,1.1636],[-79.6511,54.5983,1.5994]]],
[[[-79.4788,54.1998,4.0569],[-79.4817,54.1986,0.0],[-79.4789,54.1972,1.8798],[-79.4739,54.1981,0.0],[-79.4706,54.2023,0.0],[-79.476,54.2019,5.6289],[-79.4788,54.1998,4.0569]]],
[[[-79.4883,54.2015,0.0],[-79.4939,54.2025,1.2028],[-79.4933,54.2008,2.0595],[-79.4989,54.2014,2.0748],[-79.5006,54.2006,1.1599],[-79.5,54.1994,2.5886],[-79.505,54.1981,0.4039],[-79.4939,54.1975,0.4301],[-79.4883,54.2015,0.0]]],
[[[-79.4009,54.2015,0.0],[-79.4017,54.2008,1.1496],[-79.3928,54.2031,0.0],[-79.3972,54.2031,4.1812],[-79.4009,54.2015,0.0]]]]}}