{"type": "Feature","bbox": [-58.2436,49.2811,-55.2762,52.0169],"geometry": {"type": "MultiPolygon","coordinates": [[[[-57.9194,49.5189,1.6642],[-57.9217,49.5275,0.0],[-57.9264,49.5342,0.0],[-57.9322,49.5381,1.9784],[-57.9383,49.5394,11.0281],[-57.9447,49.5444,0.0],[-57.9539,49.5475,15.8206],[-57.9561,49.55,9.5448],[-57.9789,49.5592,5.5483],[-57.9925,49.5606,0.0],[-58.0,49.556399999999996,33.1988],[-58.0203,49.5558,0.0],[-58.0258,49.5525,0.0],[-58.0297,49.5478,1.8623],[-58.0358,49.5447,0.0],[-58.0453,49.5336,28.1371],[-58.0542,49.5325,0.0],[-58.0587,49.5283,4.7357],[-58.0681,49.5267,0.0],[-58.0806,49.5178,13.497],[-58.0986,49.5108,0.0],[-58.1019,49.5064,0.3483],[-58.1089,49.5022,0.0],[-58.1139,49.5011,0.0],[-58.1164,49.4981,3.8642],[-58.1211,49.4969,0.0],[-58.1283,49.4914,0.0],[-58.1261,49.4889,0.0],[-58.1269,49.4875,0.0],[-58.1235,49.4858,6.8261],[-58.1237,49.4832,6.8309],[-58.1288,49.4806,0.0],[-58.1312,49.481,0.0],[-58.1319,49.4831,0.0],[-58.1394,49.4828,0.0],[-58.1435,49.4767,91.4731],[-58.1481,49.4769,17.2736],[-58.1563,49.4735,4.6368],[-58.1597,49.4692,0.0],[-58.1583,49.4661,62.3053],[-58.1692,49.4629,39.1129],[-58.1744,49.4564,35.635],[-58.1781,49.4564,3.7896],[-58.1794,49.4522,20.6505],[-58.1874,49.4435,95.4641],[-58.1893,49.4437,0.0],[-58.1931,49.4389,0.0],[-58.2008,49.4356,0.0],[-58.2085,49.4292,0.0],[-58.2081,49.4267,27.0658],[-58.2189,49.4206,0.0],[-58.2226,49.4132,5.8483],[-58.2206,49.4097,157.1998],[-58.2233,49.4067,0.0],[-58.222,49.4028,225.5009],[-58.2296,49.4018,0.0],[-58.2317,49.3953,80.225],[-58.2339,49.3958,0.0],[-58.2356,49.3931,0.0],[-58.2333,49.3897,0.0],[-58.2353,49.3856,0.0],[-58.2333,49.3831,0.0],[-58.2353,49.3806,0.0],[-58.2339,49.3789,0.0],[-58.235,49.3775,0.0],[-58.2325,49.3742,14.2666],[-58.2278,49.3725,0.4959],[-58.2258,49.365,1.1296],[-58.2314,49.3467,5.9461],[-58.2408,49.3331,31.1998],[-58.2419,49.3253,4.8153],[-58.2436,49.3236,3.265],[-58.2236,49.3218,379.1241],[-58.1897,49.3267,515.3271],[-58.1567,49.3415,408.3766],[-58.1385,49.3433,505.9661],[-58.1343,49.3389,507.5292],[-58.1361,49.3358,467.1345],[-58.1495,49.3294,393.2966],[-58.1502,49.3244,408.0926],[-58.132,49.3121,448.7208],[-58.1187,49.3057,330.9265],[-58.0856,49.3096,505.6704],[-58.0651,49.317,548.8152],[-58.0336,49.3333,519.1595],[-58.0263,49.333,552.0444],[-58.0186,49.3266,471.0331],[-58.0178,49.3223,475.1443],[-58.0038,49.3144,445.1564],[-58.0016,49.3079,433.6861],[-57.9906,49.2924,516.9068],[-57.9823,49.2873,555.9067],[-57.9588,49.2886,609.3202],[-57.9464,49.2863,624.6138],[-57.9351,49.2866,417.286],[-57.9071,49.2811,358.1445],[-57.8939,49.282,339.5654],[-57.8437,49.2941,353.1586],[-57.8286,49.2923,415.1863],[-57.8194,49.2956,394.174],[-57.8165,49.2999,366.0415],[-57.8148,49.3039,406.0129],[-57.8152,49.3134,417.8752],[-57.7331,49.3179,397.8656],[-57.7332,49.3151,406.3737],[-57.7411,49.3107,390.3168],[-57.749,49.3025,379.4604],[-57.752,49.2917,354.4732],[-57.749,49.2887,369.8153],[-57.7396,49.2898,460.715],[-57.7338,49.294,436.8409],[-57.7126,49.2931,417.765],[-57.6754,49.3102,268.2387],[-57.6216,49.3117,192.1801],[-57.6263,49.308,244.9863],[-57.6229,49.3057,208.387],[-57.6056,49.3115,193.0111],[-57.5946,49.3123,198.3397],[-57.5878,49.3153,218.1067],[-57.5796,49.3117,164.5],[-57.5679,49.3214,165.8595],[-57.553,49.3265,171.2708],[-57.5465,49.3315,185.7468],[-57.5439,49.3291,164.5],[-57.5319,49.3299,168.2869],[-57.5239,49.3341,223.724],[-57.5157,49.3428,288.6931],[-57.4908,49.3498,290.1851],[-57.4437,49.3763,406.4927],[-57.4294,49.3745,398.6537],[-57.4235,49.3927,466.1415],[-57.4315,49.3947,518.2508],[-57.4563,49.3964,568.3612],[-57.4596,49.3982,598.9388],[-57.4595,49.4059,617.9351],[-57.454,49.4118,655.2697],[-57.4531,49.4162,644.3845],[-57.4571,49.4206,640.2169],[-57.4687,49.4173,597.6807],[-57.4885,49.4208,604.1384],[-57.4944,49.4188,605.3746],[-57.5057,49.4074,624.1282],[-57.5102,49.4049,638.3206],[-57.5217,49.4074,509.3015],[-57.5166,49.4153,645.7038],[-57.5265,49.4204,551.5408],[-57.5262,49.433,607.4965],[-57.529,49.4439,595.429],[-57.5246,49.4513,588.0029],[-57.5069,49.4634,561.3735],[-57.502,49.4759,532.1761],[-57.5052,49.4784,541.5413],[-57.5349,49.488,645.1663],[-57.5531,49.4914,579.0878],[-57.5599,49.4944,601.3365],[-57.5621,49.497,619.4108],[-57.5616,49.5066,679.3992],[-57.5636,49.5118,663.1177],[-57.5683,49.514,618.3838],[-57.5781,49.5149,641.4897],[-57.5873,49.5198,662.5604],[-57.5874,49.5244,632.9589],[-57.5809,49.5313,625.188],[-57.5793,49.5363,590.8805],[-57.5819,49.5415,612.5305],[-57.5892,49.5486,661.6774],[-57.5959,49.554,684.7577],[-57.6032,49.5561,675.86],[-57.6259,49.5517,714.2159],[-57.637,49.5627,681.7639],[-57.6374,49.5668,677.3546],[-57.6345,49.5748,670.6614],[-57.6361,49.5773,658.1703],[-57.6536,49.5774,695.7383],[-57.66,49.5795,700.4317],[-57.686,49.5955,636.0601],[-57.6871,49.6058,676.4053],[-57.6836,49.6184,648.7042],[-57.6788,49.6212,609.8112],[-57.6589,49.6203,671.0143],[-57.6466,49.6253,526.0587],[-57.6399,49.6297,481.4431],[-57.6347,49.636,571.7334],[-57.6318,49.6466,648.4703],[-57.6515,49.6498,676.7377],[-57.6618,49.6531,708.5214],[-57.6641,49.6552,718.7648],[-57.6603,49.6633,741.6087],[-57.6619,49.6646,733.1128],[-57.6709,49.6645,727.97],[-57.68,49.6594,725.5452],[-57.682,49.66,714.9018],[-57.6882,49.6773,757.2883],[-57.6932,49.6862,728.8001],[-57.6972,49.6882,727.6439],[-57.6986,49.6914,725.5022],[-57.6842,49.6941,689.8851],[-57.6578,49.6897,679.9421],[-57.6432,49.6904,710.7044],[-57.6285,49.6943,670.9675],[-57.622,49.6993,595.433],[-57.6159,49.7011,611.1865],[-57.6047,49.6971,626.4552],[-57.6007,49.6972,675.3422],[-57.5983,49.6988,657.9155],[-57.5982,49.7076,646.0735],[-57.5944,49.7137,674.7302],[-57.5836,49.7212,610.3346],[-57.5837,49.7237,621.4651],[-57.5896,49.7244,652.9964],[-57.6029,49.7205,640.1348],[-57.6139,49.7193,649.8414],[-57.6162,49.7358,619.9525],[-57.6152,49.7413,648.4054],[-57.6211,49.7445,707.8011],[-57.6685,49.7445,629.5669],[-57.6708,49.7558,660.2858],[-57.6595,49.7735,693.7784],[-57.651,49.7782,667.1217],[-57.6181,49.7751,601.6691],[-57.5945,49.7852,454.3547],[-57.5742,49.7875,547.0108],[-57.5484,49.7875,514.0134],[-57.5235,49.7806,525.051],[-57.5162,49.7807,637.2842],[-57.5127,49.7845,617.204],[-57.5099,49.7955,589.9277],[-57.5033,49.8046,573.2638],[-57.5065,49.8117,555.5607],[-57.5165,49.8221,602.5484],[-57.5129,49.8283,645.905],[-57.486,49.83,589.342],[-57.4689,49.8328,586.3716],[-57.4603,49.8382,557.6344],[-57.4571,49.8457,581.5486],[-57.4517,49.8487,588.3196],[-57.4259,49.8471,583.3273],[-57.4132,49.8497,566.122],[-57.4107,49.8532,563.7868],[-57.4154,49.8575,581.7737],[-57.4382,49.8562,597.2595],[-57.4502,49.8579,544.9833],[-57.4531,49.8608,550.7766],[-57.4536,49.8644,541.5559],[-57.4519,49.8671,542.4354],[-57.4418,49.8733,535.3191],[-57.4187,49.8763,504.8542],[-57.41,49.8813,565.5007],[-57.4054,49.8931,443.7082],[-57.4094,49.9019,440.2419],[-57.4269,49.9283,472.371],[-57.4393,49.9396,592.5343],[-57.454,49.943,462.9308],[-57.4579,49.9491,611.7372],[-57.4555,49.9528,598.3693],[-57.3721,49.9918,655.7216],[-57.352,49.9944,639.9651],[-57.3417,50.0001,611.693],[-57.3238,50.0001,605.0237],[-57.2994,50.004,599.6877],[-57.2847,50.0043,625.5722],[-57.2642,50.0084,632.2465],[-57.2422,50.018,604.4202],[-57.226,50.021,588.9363],[-57.1993,50.031,610.6458],[-57.1943,50.0462,618.2054],[-57.1969,50.0509,603.4979],[-57.207,50.0544,612.714],[-57.222,50.0563,629.5615],[-57.2268,50.0583,597.0768],[-57.2261,50.0609,599.7654],[-57.1991,50.078,622.6761],[-57.1915,50.0879,604.1378],[-57.1868,50.1038,616.3039],[-57.1731,50.1224,614.3432],[-57.1733,50.1271,608.2386],[-57.1826,50.1388,625.0233],[-57.1828,50.1431,615.9183],[-57.1733,50.1496,619.2684],[-57.1595,50.1642,622.4989],[-57.1291,50.1796,565.3814],[-57.1072,50.1881,570.2429],[-57.0991,50.1948,564.8854],[-57.0976,50.2001,558.2926],[-57.1137,50.2141,536.6361],[-57.1137,50.2231,565.1292],[-57.1089,50.2279,587.4193],[-57.1058,50.2287,586.0363],[-57.0958,50.2142,532.0594],[-57.0787,50.1996,501.6719],[-57.0717,50.1975,513.931],[-57.0551,50.1827,481.0],[-57.0502,50.1759,489.7535],[-57.0489,50.1701,506.9738],[-57.0577,50.1526,483.0523],[-57.049,50.1405,450.43],[-57.0491,50.1341,438.1133],[-57.0433,50.1266,413.0433],[-57.0338,50.1204,401.51369999999997],[-57.0297,50.1125,405.9264],[-57.0249,50.1101,396.421],[-57.0186,50.1094,388.6916],[-56.9963,50.1126,388.0],[-56.9906,50.099,392.1987],[-56.9918,50.0955,391.649],[-56.9889,50.091,388.0],[-56.9831,50.0863,388.0],[-56.9511,50.0711,388.0],[-56.9422,50.0724,388.0],[-56.9316,50.0772,415.2455],[-56.9209,50.0867,395.0945],[-56.9235,50.0941,348.4177],[-56.9208,50.0972,358.4411],[-56.9108,50.0983,355.3546],[-56.8999,50.1059,322.9507],[-56.8893,50.1104,332.0517],[-56.8731,50.1126,297.14],[-56.8602,50.119,286.6476],[-56.8521,50.1174,253.2119],[-56.846,50.1138,263.0668],[-56.8043,50.1067,288.3661],[-56.7973,50.1101,270.5739],[-56.7865,50.1203,221.124],[-56.7776,50.1259,371.7116],[-56.7665,50.1271,284.526],[-56.7623,50.1309,309.4596],[-56.7483,50.1344,5.0385],[-56.7239,50.1314,3.1758],[-56.7133,50.1244,0.0],[-56.6955,50.1348,0.0],[-56.6861,50.1364,8.5059],[-56.6749,50.1339,18.6797],[-56.6593,50.1341,36.5813],[-56.6507,50.1311,5.1888],[-56.6439,50.1267,0.0],[-56.6264,50.1229,1.6347],[-56.6201,50.1228,5.2036],[-56.6178,50.125,10.6512],[-56.6134,50.1259,0.0],[-56.6053,50.1349,0.0],[-56.5967,50.1404,5.5392],[-56.6031,50.1444,0.0],[-56.604,50.149,0.0],[-56.6108,50.1506,0.0],[-56.6179,50.1499,52.7704],[-56.6305,50.1583,56.8362],[-56.6163,50.154,34.3236],[-56.6075,50.1556,81.246],[-56.5905,50.1478,0.0],[-56.5882,50.1539,5.0575],[-56.5801,50.1564,0.0],[-56.5783,50.1592,12.059],[-56.5754,50.1603,0.0],[-56.575,50.1626,7.3838],[-56.5684,50.1671,37.2991],[-56.5692,50.1703,16.4505],[-56.5643,50.1719,0.0],[-56.5622,50.1738,5.2185],[-56.5617,50.1776,21.3437],[-56.5559,50.1803,0.0],[-56.5495,50.1883,7.9436],[-56.5439,50.1919,3.336],[-56.545,50.1936,10.6851],[-56.5491,50.1936,15.1484],[-56.5472,50.1981,0.0],[-56.5415,50.1994,0.0],[-56.5378,50.2039,128.4598],[-56.5309,50.2065,0.0],[-56.5261,50.2126,42.393],[-56.5222,50.2135,0.0],[-56.5192,50.2208,47.7298],[-56.5136,50.2252,4.3454],[-56.5233,50.2302,53.9142],[-56.5231,50.235,0.0],[-56.5302,50.2355,0.0],[-56.5355,50.2405,5.7516],[-56.5433,50.2432,16.5269],[-56.5441,50.2453,10.2627],[-56.5612,50.2449,4.2315],[-56.5669,50.242,37.1099],[-56.5684,50.2425,16.5023],[-56.5664,50.2437,0.0],[-56.5672,50.2454,2.133],[-56.5439,50.2506,39.9003],[-56.5361,50.2486,0.0],[-56.5268,50.2428,4.0933],[-56.5189,50.2422,92.7479],[-56.51,50.2394,5.0906],[-56.5059,50.2409,0.0],[-56.5043,50.2443,14.5553],[-56.4997,50.2473,4.5042],[-56.5006,50.2508,81.5073],[-56.499,50.2537,4.612],[-56.5045,50.2584,26.6875],[-56.5049,50.2619,0.0],[-56.5085,50.2639,0.0],[-56.5052,50.2648,5.092],[-56.5011,50.2614,0.0],[-56.489,50.2563,3.7921],[-56.4883,50.2583,17.3182],[-56.4928,50.2601,37.9254],[-56.4817,50.2667,1.5249],[-56.4704,50.2806,38.0667],[-56.4717,50.2828,18.6259],[-56.4703,50.287,34.1623],[-56.4715,50.2917,14.2162],[-56.4699,50.2954,107.1614],[-56.471,50.2973,10.5278],[-56.4643,50.2972,9.6631],[-56.4589,50.3016,3.9998],[-56.452,50.3085,0.0],[-56.4511,50.3117,27.7147],[-56.4526,50.3137,3.1161],[-56.4486,50.3194,0.0],[-56.4486,50.3222,0.0],[-56.4411,50.3253,0.0],[-56.44,50.3289,3.6776],[-56.4333,50.3319,4.6323],[-56.4348,50.3479,123.6698],[-56.431,50.3505,25.4758],[-56.4318,50.3531,11.3922],[-56.4375,50.353,3.6863],[-56.4441,50.3603,52.636],[-56.4551,50.3656,0.0],[-56.4596,50.3652,3.058],[-56.4572,50.3693,0.0],[-56.459,50.371,10.4136],[-56.4749,50.3755,0.0],[-56.4876,50.3727,13.9578],[-56.5083,50.3728,0.0],[-56.5139,50.3714,45.2843],[-56.5178,50.3731,0.0],[-56.5137,50.3755,19.5942],[-56.5136,50.3796,6.3836],[-56.5201,50.384,0.0],[-56.5218,50.3857,2.741],[-56.5211,50.3871,1.9432],[-56.5156,50.3852,0.0],[-56.5072,50.3783,0.0],[-56.4839,50.383,0.0],[-56.4795,50.3856,12.116],[-56.4794,50.3917,11.2687],[-56.4828,50.3975,0.0],[-56.4789,50.4014,15.2196],[-56.4833,50.4032,12.5311],[-56.493,50.4023,2.7366],[-56.5009,50.404,11.2403],[-56.5017,50.4056,0.0],[-56.5072,50.4072,4.9922],[-56.5069,50.4091,0.0],[-56.5094,50.4117,4.8018],[-56.5079,50.4146,1.8407],[-56.5062,50.4145,50.3436],[-56.4991,50.4063,5.1206],[-56.4789,50.4104,0.0],[-56.469,50.4059,20.7594],[-56.4721,50.3965,0.0],[-56.462,50.3928,22.0328],[-56.4623,50.3872,14.9941],[-56.4683,50.3831,0.0],[-56.4675,50.3814,0.0],[-56.4483,50.3856,49.8696],[-56.4381,50.3788,24.939],[-56.4329,50.3792,17.6714],[-56.431,50.3776,2.4144],[-56.4354,50.3725,0.0],[-56.4309,50.37,0.0],[-56.4246,50.3705,23.6387],[-56.4099,50.3775,0.0],[-56.4095,50.3825,7.5849],[-56.4059,50.3865,10.5035],[-56.4102,50.3885,21.3924],[-56.4103,50.3904,53.6325],[-56.4144,50.3947,4.8822],[-56.4087,50.3935,0.0],[-56.4011,50.3954,0.0],[-56.4001,50.4029,51.9826],[-56.3974,50.4057,0.0],[-56.4013,50.4105,5.7037],[-56.4008,50.4118,5.7037],[-56.3908,50.4094,2.9446],[-56.3849,50.4105,16.9791],[-56.3808,50.4131,0.0],[-56.3798,50.4174,20.3316],[-56.373,50.4183,3.5872],[-56.3719,50.4217,0.0],[-56.3663,50.4222,25.9741],[-56.3673,50.4293,0.0],[-56.3713,50.4328,31.2647],[-56.3732,50.4362,15.9873],[-56.3722,50.4381,2.1769],[-56.366,50.4397,13.5234],[-56.3541,50.4301,0.0],[-56.3523,50.431399999999996,0.8857],[-56.3526,50.4342,143.3527],[-56.3503,50.4373,60.5614],[-56.3377,50.4447,0.0],[-56.3376,50.4481,3.3069],[-56.3282,50.4488,69.7918],[-56.3273,50.4538,0.0],[-56.3382,50.4617,32.5503],[-56.333,50.463,25.590699999999998],[-56.3237,50.4617,0.0],[-56.3162,50.464,55.9264],[-56.3132,50.469,1.7889],[-56.3124,50.4737,0.0],[-56.3137,50.4775,60.5926],[-56.3122,50.482,0.0],[-56.3074,50.4826,58.3968],[-56.3,50.4798,1.1239],[-56.2972,50.4804,0.0],[-56.2953,50.482,5.6846],[-56.2947,50.4863,2.1256],[-56.299,50.49,20.1716],[-56.298,50.4916,0.0],[-56.2794,50.499,5.2264],[-56.2759,50.5021,0.0],[-56.2745,50.5065,0.0],[-56.2756,50.5094,0.0],[-56.2742,50.5122,1.2433],[-56.2755,50.5133,1.2433],[-56.2973,50.5103,100.4688],[-56.3156,50.5114,74.4235],[-56.3271,50.5143,8.4976],[-56.3284,50.5187,50.6768],[-56.3301,50.5197,32.2091],[-56.347,50.519,0.0],[-56.36,50.5278,2.4587],[-56.3561,50.5281,54.8149],[-56.345,50.5212,0.0],[-56.3406,50.5232,13.6231],[-56.3273,50.5238,17.1529],[-56.3226,50.5264,0.0],[-56.3217,50.5301,0.6405],[-56.3207,50.5223,49.7475],[-56.3156,50.5198,0.0],[-56.3081,50.5207,4.0898],[-56.3031,50.5252,4.5357],[-56.2919,50.5234,0.0],[-56.2845,50.5248,0.0],[-56.2765,50.5243,11.9469],[-56.2628,50.5206,64.459],[-56.2548,50.5227,8.0999],[-56.2538,50.5237,8.0999],[-56.2564,50.5259,10.7026],[-56.2515,50.53,7.4946],[-56.2491,50.5348,5.2502],[-56.2416,50.5375,22.8791],[-56.2404,50.544,0.0],[-56.2436,50.549,102.5613],[-56.2429,50.5565,0.0],[-56.2405,50.5604,0.0],[-56.2431,50.5638,1.2924],[-56.2418,50.5664,14.3462],[-56.2505,50.5732,7.0783],[-56.2511,50.5754,0.0],[-56.2486,50.5775,38.25],[-56.2447,50.5775,29.4762],[-56.2301,50.574,8.9469],[-56.2271,50.5754,0.0],[-56.2256,50.5808,41.1439],[-56.2267,50.5821,16.3088],[-56.226,50.5882,22.6357],[-56.2315,50.592,41.2813],[-56.2312,50.5939,6.4786],[-56.2224,50.5952,0.0],[-56.2228,50.5996,119.6624],[-56.219,50.6027,0.0],[-56.2617,50.6151,46.5634],[-56.2654,50.6173,9.1732],[-56.25,50.6218,0.0],[-56.2443,50.6209,27.8316],[-56.2421,50.6175,6.7748],[-56.2178,50.6135,0.0],[-56.2133,50.6187,18.0645],[-56.2074,50.6185,21.7169],[-56.2098,50.6158,17.8491],[-56.2073,50.6059,28.0014],[-56.2047,50.5976,2.1336],[-56.2008,50.5959,5.0433],[-56.1966,50.5996,6.4646],[-56.1928,50.606,14.3181],[-56.1866,50.6084,5.2079],[-56.1884,50.6122,87.9256],[-56.1866,50.6139,20.0089],[-56.1678,50.6186,0.813],[-56.167,50.6207,2.4984],[-56.1692,50.6244,51.7531],[-56.1682,50.6252,51.7531],[-56.1598,50.628,1.5145],[-56.1522,50.6337,0.0],[-56.1486,50.6315,0.0],[-56.1298,50.6377,1.4531],[-56.1317,50.6447,22.4272],[-56.13,50.6462,5.5678],[-56.1241,50.6468,0.0],[-56.1218,50.6493,5.7915],[-56.1143,50.668,4.0246],[-56.116,50.6702,22.3593],[-56.1109,50.6717,0.0],[-56.11,50.678,0.0],[-56.1116,50.6825,14.395],[-56.1102,50.6856,0.0],[-56.1137,50.6914,7.8006],[-56.1263,50.6901,0.0],[-56.1383,50.6811,10.9553],[-56.1394,50.6828,9.4054],[-56.1367,50.6844,2.6929],[-56.1357,50.6885,0.0],[-56.1383,50.6864,16.7341],[-56.1469,50.6925,0.4339],[-56.1572,50.6919,21.6167],[-56.1606,50.6965,0.3767],[-56.1671,50.6932,6.1804],[-56.1694,50.6894,7.5985],[-56.1756,50.6875,29.1288],[-56.1738,50.6922,6.8516],[-56.1789,50.7114,9.0149],[-56.1778,50.7139,21.5797],[-56.1794,50.72,9.3223],[-56.1778,50.7214,20.1623],[-56.1822,50.7311,6.0979],[-56.1817,50.7354,5.4513],[-56.1867,50.7397,5.679],[-56.1826,50.7432,0.0],[-56.1778,50.743899999999996,17.83],[-56.1782,50.7487,17.0341],[-56.1751,50.7523,0.6905],[-56.1756,50.7543,13.0479],[-56.1706,50.7558,0.0],[-56.1789,50.7619,17.0668],[-56.1782,50.7639,8.238],[-56.18,50.7647,8.238],[-56.178,50.7669,6.648],[-56.1819,50.7666,12.705],[-56.185,50.7684,2.6187],[-56.1889,50.7764,5.6113],[-56.1837,50.7779,1.7253],[-56.1766,50.7741,2.1148],[-56.1667,50.7779,3.2321],[-56.1641,50.7819,0.0],[-56.1683,50.7833,22.0612],[-56.1633,50.7869,3.634],[-56.1653,50.7973,20.5516],[-56.1638,50.7995,7.9941],[-56.1644,50.8062,4.6627],[-56.1633,50.8065,4.6627],[-56.1594,50.7992,5.0432],[-56.1558,50.7998,3.8915],[-56.1539,50.804,4.2966],[-56.1571,50.8096,2.9448],[-56.1569,50.8187,3.668],[-56.1594,50.8233,2.6719],[-56.1552,50.8327,9.2335],[-56.1535,50.8431,2.0067],[-56.164,50.8401,9.8724],[-56.1667,50.844,4.179],[-56.1614,50.8486,0.9861],[-56.1629,50.8502,1.1292],[-56.1604,50.8507,0.0],[-56.1591,50.8529,1.4543],[-56.158,50.8608,2.4188],[-56.1543,50.8631,1.5566],[-56.156,50.8663,6.3814],[-56.1583,50.8672,0.0],[-56.1661,50.8642,0.0],[-56.1722,50.8606,1.0093],[-56.1744,50.8567,7.477],[-56.1879,50.8493,5.0807],[-56.1953,50.8482,10.4692],[-56.1982,50.8512,2.4896],[-56.2,50.8509,2.4896],[-56.2021,50.8473,3.453],[-56.1994,50.8458,4.218],[-56.2024,50.8429,0.0],[-56.1982,50.8406,3.488],[-56.1985,50.8342,2.6175],[-56.2083,50.8344,1.5219],[-56.2144,50.8311,8.9322],[-56.2167,50.8322,3.1824],[-56.2173,50.8365,1.1558],[-56.2074,50.8417,0.0],[-56.2056,50.8448,0.0],[-56.2022,50.8451,0.0],[-56.2012,50.8462,3.035],[-56.2039,50.8473,12.412],[-56.2039,50.8498,6.5263],[-56.2011,50.851,5.8146],[-56.2011,50.8528,7.0269],[-56.2061,50.8573,2.0418],[-56.2148,50.8541,3.012],[-56.219,50.8629,3.8105],[-56.2258,50.8675,2.7282],[-56.2352,50.881,11.743],[-56.2478,50.8862,8.8982],[-56.2517,50.8912,6.0309],[-56.2519,50.8968,4.5699],[-56.2601,50.8983,1.9848],[-56.2694,50.8959,1.7314],[-56.2717,50.8967,3.1284],[-56.2613,50.9031,0.845],[-56.2549,50.9033,2.1356],[-56.254,50.8988,2.2616],[-56.2486,50.8993,3.5982],[-56.2477,50.8923,0.0],[-56.2444,50.8868,1.0223],[-56.2381,50.884,1.6087],[-56.2432,50.8889,3.7687],[-56.2432,50.8907,8.0561],[-56.2383,50.8872,7.9475],[-56.2411,50.8902,4.7638],[-56.2404,50.8917,9.4482],[-56.2361,50.8864,3.7022],[-56.2367,50.8836,0.0],[-56.2324,50.882,2.0712],[-56.2261,50.8761,1.7368],[-56.2248,50.8783,7.9828],[-56.2199,50.8735,0.7223],[-56.2178,50.8738,1.5],[-56.2189,50.8752,3.2677],[-56.2173,50.8759,7.1814],[-56.2139,50.8737,1.5],[-56.2123,50.8761,1.5],[-56.2151,50.8793,4.3954],[-56.21,50.8771,11.4661],[-56.2065,50.8784,2.7151],[-56.2094,50.8747,2.7282],[-56.2062,50.8713,8.346],[-56.2067,50.8678,4.0525],[-56.2094,50.8729,2.6893],[-56.2124,50.8729,1.5],[-56.215,50.8708,4.2962],[-56.2169,50.8708,2.1343],[-56.2178,50.8734,2.1022],[-56.2199,50.8723,0.7223],[-56.2155,50.8685,4.6447],[-56.2143,50.8631,1.1762],[-56.2094,50.8623,4.5147],[-56.2005,50.8556,2.8933],[-56.196,50.8553,0.0],[-56.1935,50.8536,15.3435],[-56.1938,50.851,16.9328],[-56.1902,50.8502,0.0],[-56.1861,50.8544,8.1404],[-56.1844,50.8589,0.0],[-56.1855,50.8613,0.0],[-56.1817,50.8651,1.3238],[-56.1826,50.8659,0.0],[-56.1793,50.8711,2.5627],[-56.1805,50.8732,1.4393],[-56.1861,50.8728,13.229],[-56.1842,50.8747,0.0],[-56.1873,50.8746,4.9357],[-56.1887,50.8775,8.37],[-56.1848,50.8791,7.0702],[-56.1816,50.8831,6.4373],[-56.1726,50.8841,6.3733],[-56.1681,50.8895,5.9703],[-56.1671,50.8883,0.0],[-56.1651,50.8893,5.8485],[-56.1584,50.8964,0.8267],[-56.1508,50.9006,14.2066],[-56.15,50.9022,1.5241],[-56.1517,50.905,9.9466],[-56.1506,50.9052,1.5826],[-56.1483,50.9047,17.4402],[-56.1494,50.9028,1.5241],[-56.1444,50.8967,6.3558],[-56.145,50.895,8.366],[-56.1511,50.8903,8.4995],[-56.165,50.8847,3.5681],[-56.1644,50.8833,1.0946],[-56.1606,50.8846,7.2117],[-56.1561,50.8827,2.306],[-56.1536,50.8838,10.0345],[-56.1456,50.8929,2.5144],[-56.1394,50.8934,0.0],[-56.1383,50.8998,0.0],[-56.1367,50.9007,5.8533],[-56.1341,50.8988,7.6903],[-56.1254,50.9063,1.3585],[-56.1214,50.9073,6.1098],[-56.1183,50.9115,7.5099],[-56.1233,50.8994,14.0485],[-56.1202,50.8942,0.0],[-56.1193,50.8898,0.9877],[-56.121,50.886,0.0],[-56.1188,50.8832,1.8433],[-56.1184,50.8797,2.6755],[-56.1272,50.8754,6.8403],[-56.132,50.877,4.4005],[-56.1328,50.8802,8.0835],[-56.1371,50.8803,5.8423],[-56.1361,50.8776,13.0271],[-56.1318,50.8749,0.3417],[-56.1301,50.8698,0.0],[-56.1312,50.8672,0.0],[-56.1358,50.8658,2.4812],[-56.1352,50.864,2.8117],[-56.1183,50.869,6.2268],[-56.123,50.8655,0.6795],[-56.1227,50.8631,9.1338],[-56.1267,50.8635,4.6376],[-56.1298,50.8612,2.259],[-56.124,50.8593,1.8121],[-56.1244,50.8578,4.0735],[-56.1323,50.853,4.5612],[-56.1383,50.8537,5.0335],[-56.1372,50.8504,15.3344],[-56.1383,50.8457,12.7685],[-56.1364,50.8448,0.0],[-56.1327,50.8462,3.7065],[-56.1344,50.8355,1.6455],[-56.1335,50.8333,0.0],[-56.1399,50.8205,1.7144],[-56.1406,50.816,0.0],[-56.1447,50.8106,1.8129],[-56.1444,50.8075,8.5416],[-56.1461,50.805,19.7411],[-56.1444,50.8011,8.0215],[-56.1482,50.7968,14.5602],[-56.1435,50.79,0.5285],[-56.1517,50.7777,1.1272],[-56.1501,50.7738,8.8537],[-56.1467,50.7713,2.2884],[-56.1503,50.7677,9.2954],[-56.1483,50.7638,25.2981],[-56.15,50.7593,8.5933],[-56.1481,50.7565,2.6018],[-56.1455,50.7568,9.0145],[-56.1441,50.7546,0.0],[-56.1372,50.7526,10.0151],[-56.1372,50.7498,2.0296],[-56.1355,50.7487,0.0],[-56.132,50.7489,10.1935],[-56.1298,50.7429,5.654],[-56.1276,50.7417,0.0],[-56.123,50.7428,2.1936],[-56.1218,50.7442,2.2527],[-56.1226,50.7464,0.0],[-56.121,50.7478,5.9311],[-56.122,50.7489,5.4826],[-56.1163,50.7528,7.1298],[-56.1192,50.7599,12.1969],[-56.1125,50.7734,0.0],[-56.1101,50.7833,3.217],[-56.1069,50.7871,0.0],[-56.1104,50.7898,0.0],[-56.1051,50.7935,0.0],[-56.1033,50.7981,0.0],[-56.1031,50.807,0.0],[-56.1016,50.81,3.3639],[-56.1026,50.8134,1.4848],[-56.1,50.8159,2.3642],[-56.0978,50.8125,0.0],[-56.0925,50.8119,4.9919],[-56.0923,50.8079,9.886],[-56.0974,50.8,0.0],[-56.0968,50.7955,0.0],[-56.1015,50.7877,0.0],[-56.1034,50.7798,0.0],[-56.1005,50.777,22.5367],[-56.103,50.7749,12.5628],[-56.1017,50.77,20.0271],[-56.1056,50.7667,0.0],[-56.1045,50.7615,4.9735],[-56.1066,50.7583,1.9058],[-56.1065,50.7534,2.7079],[-56.1047,50.7511,14.6536],[-56.1074,50.7468,1.3832],[-56.1025,50.7427,8.6229],[-56.1048,50.7387,3.9409],[-56.1056,50.7242,0.0],[-56.1009,50.7216,4.9597],[-56.0929,50.7222,2.3516],[-56.0873,50.7254,0.0],[-56.0877,50.7286,0.0],[-56.0799,50.7304,0.3047],[-56.071,50.7384,4.3892],[-56.0688,50.7415,7.638],[-56.0715,50.7451,19.4922],[-56.0699,50.7479,2.6167],[-56.0645,50.7476,5.1203],[-56.0623,50.7496,20.7719],[-56.0622,50.7523,27.4403],[-56.0521,50.7559,6.1607],[-56.0492,50.7553,0.0],[-56.0492,50.7578,18.3453],[-56.0306,50.7647,0.0],[-56.0286,50.7697,13.0004],[-56.0301,50.7712,1.5569],[-56.0284,50.7741,4.2841],[-56.0294,50.7779,0.0],[-56.0362,50.7851,41.9819],[-56.0274,50.7859,8.0366],[-56.0274,50.7827,0.0],[-56.0221,50.7807,7.4813],[-56.015,50.7862,23.0873],[-56.0147,50.7916,2.6477],[-56.0103,50.7926,2.5822],[-56.0067,50.7973,21.4521],[-55.9989,50.8003,0.0],[-55.9953,50.8061,0.0],[-55.9962,50.8087,0.0],[-55.9886,50.8121,9.1105],[-55.9816,50.822,3.9036],[-55.9791,50.8292,1.3168],[-55.9799,50.8305,25.0095],[-55.9753,50.8356,0.0],[-55.9783,50.8394,18.6624],[-55.9778,50.8411,0.0],[-55.9684,50.8465,6.6101],[-55.9661,50.8494,11.0574],[-55.968,50.8596,61.4661],[-55.9665,50.8612,2.3297],[-55.9565,50.863,3.713],[-55.951,50.8665,0.0],[-55.9444,50.8678,0.0],[-55.9317,50.8736,0.0],[-55.9167,50.8869,0.0],[-55.9122,50.8946,0.0],[-55.9059,50.896,1.8262],[-55.9057,50.901,0.5135],[-55.8965,50.9039,2.6324],[-55.8979,50.8994,0.0],[-55.8963,50.8972,3.696],[-55.8991,50.8932,0.7819],[-55.892,50.8889,10.7888],[-55.8911,50.8869,13.7474],[-55.8922,50.885,6.1022],[-55.8955,50.8856,0.2669],[-55.8949,50.8845,4.3887],[-55.897,50.8836,4.5225],[-55.8961,50.8819,15.8463],[-55.8985,50.8814,2.9737],[-55.8994,50.878,0.0],[-55.8964,50.8731,3.2493],[-55.8937,50.8617,0.0],[-55.8914,50.8602,0.0],[-55.8886,50.8608,21.7893],[-55.8851,50.8664,0.0],[-55.8849,50.8696,20.6669],[-55.8811,50.8733,4.1583],[-55.8776,50.8879,1.8628],[-55.8691,50.8934,2.7922],[-55.8617,50.8942,2.3139],[-55.8602,50.8988,26.9864],[-55.8578,50.8992,0.0],[-55.8519,50.9073,0.0],[-55.8581,50.9095,25.4862],[-55.8664,50.9085,4.6158],[-55.8713,50.9054,25.5748],[-55.8903,50.903,0.5293],[-55.8843,50.9109,0.0],[-55.8841,50.9145,5.8532],[-55.8876,50.9194,72.5623],[-55.8871,50.9219,1.8929],[-55.8767,50.9319,0.0],[-55.8776,50.9372,9.186],[-55.8728,50.9414,0.0],[-55.8684,50.9496,0.0],[-55.8644,50.9503,0.0],[-55.8642,50.952,0.0],[-55.8598,50.9539,12.6147],[-55.8604,50.9521,3.6644],[-55.8586,50.9497,4.2772],[-55.8623,50.9452,11.8305],[-55.8641,50.9358,3.2142],[-55.8589,50.93,0.0],[-55.8509,50.9259,0.0],[-55.8494,50.9217,0.0],[-55.8333,50.9206,0.0],[-55.829,50.9223,5.7657],[-55.8261,50.9277,44.4666],[-55.8264,50.9336,30.0681],[-55.8284,50.9376,56.3249],[-55.8243,50.9417,0.2975],[-55.825,50.95,9.5079],[-55.8232,50.9539,0.0],[-55.8251,50.9572,11.0991],[-55.8219,50.9594,0.0],[-55.8219,50.9623,0.0],[-55.8304,50.9596,7.4088],[-55.8321,50.96,7.4088],[-55.8318,50.9615,0.0],[-55.8354,50.962,26.0763],[-55.8509,50.9592,16.1881],[-55.8525,50.9619,73.9858],[-55.8519,50.9685,16.2267],[-55.8313,50.9793,7.3351],[-55.8297,50.9824,67.8497],[-55.8261,50.9844,3.0185],[-55.8241,50.9886,0.0],[-55.8255,50.9968,0.0],[-55.8215,50.9976,0.0],[-55.822,51.0009,18.1355],[-55.8179,51.0025,27.4827],[-55.8156,51.0061,13.4253],[-55.8208,51.0095,1.8026],[-55.8219,51.0146,10.3907],[-55.8083,51.02,1.1788],[-55.8039,51.0191,2.1768],[-55.794,51.0239,12.8152],[-55.7924,51.0255,0.0],[-55.7932,51.0277,23.216],[-55.7875,51.0298,2.6168],[-55.7791,51.0391,8.9398],[-55.7811,51.0408,0.0],[-55.7847,51.0399,30.0569],[-55.7977,51.0339,0.2332],[-55.7983,51.0317,47.8421],[-55.8023,51.0308,1.6106],[-55.8028,51.0339,0.2658],[-55.8001,51.0383,0.0],[-55.8008,51.0439,0.0],[-55.8106,51.0448,10.0089],[-55.8097,51.0473,0.7842],[-55.8123,51.0485,0.0],[-55.8138,51.0528,23.4233],[-55.8122,51.0546,0.0],[-55.8156,51.0592,3.9597],[-55.8261,51.0556,4.2075],[-55.8367,51.0572,13.1754],[-55.8272,51.0572,5.817],[-55.8231,51.0592,0.0],[-55.8172,51.0667,0.0],[-55.8206,51.0694,4.31],[-55.8194,51.0703,4.31],[-55.8139,51.0675,6.3628],[-55.8077,51.0565,14.026],[-55.8006,51.0522,7.2361],[-55.7949,51.052,0.0],[-55.7858,51.0547,4.0741],[-55.7831,51.0535,0.9286],[-55.7857,51.0527,0.9286],[-55.7799,51.0513,0.0],[-55.7661,51.0589,22.4925],[-55.7617,51.0644,7.0564],[-55.7579,51.0651,0.0],[-55.7461,51.0792,11.4942],[-55.7472,51.0811,3.255],[-55.7461,51.0831,5.2329],[-55.7342,51.0871,17.2723],[-55.7309,51.0911,2.4362],[-55.7338,51.0917,12.5622],[-55.7288,51.0938,0.0],[-55.7307,51.0953,3.1642],[-55.7315,51.1,5.3076],[-55.7376,51.0957,1.8279],[-55.7372,51.092,12.6666],[-55.7415,51.0909,1.162],[-55.7401,51.0941,0.0],[-55.7415,51.0956,1.4752],[-55.7375,51.0989,0.0],[-55.7435,51.0963,5.3718],[-55.7408,51.0997,0.2078],[-55.7422,51.1006,1.7933],[-55.7408,51.1022,0.0],[-55.7472,51.1014,0.0],[-55.7374,51.1126,3.4221],[-55.7381,51.1175,1.098],[-55.7331,51.1191,14.189],[-55.731,51.1208,3.6669],[-55.7309,51.1231,1.8406],[-55.7272,51.1247,1.0221],[-55.7294,51.1284,8.8367],[-55.7268,51.1309,4.9251],[-55.7279,51.1321,0.0],[-55.7332,51.1326,3.1286],[-55.7336,51.1359,2.6247],[-55.7417,51.1361,3.684],[-55.7311,51.1381,2.2806],[-55.7311,51.1403,7.4957],[-55.7328,51.1408,0.7191],[-55.7395,51.1406,4.2384],[-55.7343,51.1444,0.7496],[-55.7392,51.1456,7.4154],[-55.7356,51.1475,13.9565],[-55.7394,51.1497,3.6794],[-55.7372,51.1517,0.2368],[-55.7447,51.1517,6.0714],[-55.7472,51.1544,0.0],[-55.7495,51.1526,4.5998],[-55.7528,51.1528,0.0],[-55.7577,51.155,27.0666],[-55.7589,51.1584,10.8696],[-55.7629,51.1596,5.2948],[-55.7639,51.1618,6.7964],[-55.7712,51.1587,4.1509],[-55.7684,51.1615,2.6132],[-55.763,51.1633,0.0],[-55.7587,51.1681,1.1915],[-55.751,51.1657,5.2778],[-55.7448,51.1689,2.5668],[-55.7386,51.1697,10.8297],[-55.7375,51.1695,10.8297],[-55.7386,51.1683,4.5974],[-55.7344,51.1667,0.0],[-55.7278,51.1719,8.2887],[-55.7273,51.169,5.8976],[-55.7252,51.1698,5.8976],[-55.7237,51.1678,2.4129],[-55.7146,51.1685,0.0],[-55.7141,51.1704,5.0276],[-55.7175,51.1707,1.7945],[-55.7185,51.174,0.0],[-55.7231,51.1705,2.4517],[-55.7239,51.1737,4.1068],[-55.7208,51.175,0.9615],[-55.7287,51.1758,0.0],[-55.7267,51.1791,0.0],[-55.7316,51.1788,0.2446],[-55.735,51.1767,22.0401],[-55.7322,51.1797,0.2446],[-55.7333,51.1811,5.2542],[-55.7294,51.1827,3.6305],[-55.723,51.1812,1.7248],[-55.7212,51.1883,5.1337],[-55.7233,51.1897,3.4202],[-55.7304,51.1883,5.3304],[-55.7335,51.1917,0.3643],[-55.738,51.1904,9.8167],[-55.7364,51.1952,16.9585],[-55.7383,51.1987,0.0],[-55.7454,51.1977,5.1725],[-55.7472,51.2008,0.0],[-55.7565,51.2,8.1937],[-55.7593,51.2018,9.4008],[-55.7665,51.2017,2.3219],[-55.7638,51.205,0.0],[-55.7668,51.2047,5.3296],[-55.768,51.2074,0.0],[-55.7703,51.2044,3.4025],[-55.7756,51.204,2.5713],[-55.7767,51.2019,17.7957],[-55.7829,51.2006,0.0],[-55.7948,51.2036,13.5327],[-55.7947,51.2053,3.8439],[-55.7872,51.2058,0.3769],[-55.7918,51.2073,4.1278],[-55.7889,51.2095,0.5894],[-55.7856,51.2094,12.581],[-55.7867,51.2078,1.8832],[-55.7778,51.2086,6.558],[-55.7839,51.2031,0.0],[-55.7711,51.2086,0.0],[-55.7722,51.21,2.0027],[-55.778,51.2107,0.0],[-55.7756,51.2142,0.0],[-55.77,51.2156,10.5854],[-55.7695,51.2176,0.0],[-55.7736,51.2185,5.4734],[-55.785,51.2142,8.3867],[-55.7881,51.2151,3.7317],[-55.7896,51.2127,3.343],[-55.7915,51.214,1.0002],[-55.8033,51.2125,0.0],[-55.8041,51.2105,0.6023],[-55.8061,51.2109,5.2842],[-55.806,51.2135,8.4385],[-55.8151,51.2119,23.9016],[-55.8179,51.2154,19.7784],[-55.8262,51.2173,0.0],[-55.8318,51.2111,3.5249],[-55.8365,51.2105,0.0],[-55.8391,51.2083,3.1839],[-55.8389,51.2058,2.438],[-55.8464,51.2026,2.364],[-55.8395,51.2101,0.6277],[-55.8461,51.2072,1.067],[-55.8452,51.2097,0.0],[-55.8478,51.211,0.3734],[-55.8444,51.2128,1.6393],[-55.8442,51.2144,1.8951],[-55.8485,51.2179,1.7269],[-55.8538,51.2154,11.3366],[-55.8554,51.2173,2.6598],[-55.8524,51.2191,6.2576],[-55.8524,51.2222,5.0799],[-55.8593,51.2249,8.811],[-55.8563,51.2285,0.0],[-55.8625,51.2308,1.3034],[-55.8655,51.2299,0.0],[-55.8651,51.2282,1.4568],[-55.868,51.2272,1.4568],[-55.8672,51.2258,6.0369],[-55.868899999999996,51.2244,2.9154],[-55.8844,51.2231,4.1187],[-55.8922,51.2202,8.0103],[-55.895,51.2164,8.0719],[-55.9011,51.2164,1.2184],[-55.9062,51.2131,4.3137],[-55.9137,51.2135,5.5937],[-55.9202,51.2076,0.0],[-55.9188,51.2001,1.2913],[-55.923,51.1966,0.9662],[-55.9279,51.1952,2.6295],[-55.9402,51.1928,1.1477],[-55.9505,51.1976,0.3977],[-55.9509,51.2012,0.0],[-55.9524,51.202,2.2611],[-55.9779,51.1977,0.0],[-55.9788,51.1968,0.0],[-55.977,51.194,3.7468],[-55.9815,51.193,4.4776],[-55.9841,51.1903,0.0],[-55.9821,51.1898,0.0],[-55.9712,51.1939,5.1769],[-55.9693,51.1939,5.1769],[-55.969,51.1924,2.9955],[-55.9739,51.1882,1.642],[-55.973,51.1825,6.4822],[-55.9857,51.1794,1.2851],[-55.9877,51.1761,6.4464],[-55.9872,51.1734,1.1727],[-55.9692,51.1779,3.0903],[-55.957,51.1847,1.5023],[-55.9545,51.1827,5.3781],[-55.9603,51.1756,2.156],[-55.9753,51.171,6.3761],[-55.9771,51.1687,0.0],[-55.9744,51.1667,1.4725],[-55.9778,51.1617,0.0],[-55.9717,51.1664,3.0692],[-55.9661,51.1658,4.1607],[-55.9629,51.1634,10.5098],[-55.9659,51.159,0.0],[-55.9621,51.1544,2.4344],[-55.9534,51.1584,3.6853],[-55.9469,51.1649,0.0],[-55.9411,51.1672,13.3602],[-55.9389,51.1664,1.6376],[-55.9648,51.1481,5.5358],[-55.9683,51.1488,7.1785],[-55.9683,51.1536,8.4958],[-55.9749,51.1514,5.7409],[-55.9779,51.1533,0.0],[-55.9817,51.1519,7.077],[-55.98,51.1553,13.9007],[-55.9811,51.1574,1.7565],[-55.9833,51.1575,1.7565],[-55.9876,51.1543,6.1972],[-55.9883,51.1553,11.1212],[-55.9858,51.1586,0.0],[-55.9889,51.1586,10.2507],[-55.9848,51.1652,0.6582],[-55.9933,51.1624,0.0],[-55.9989,51.1636,6.2335],[-55.999,51.1685,0.0],[-55.9973,51.1707,0.0],[-55.9985,51.1716,6.262],[-55.993899999999996,51.1742,4.2922],[-55.9917,51.1761,1.447],[-55.9925,51.1767,8.6581],[-56.0,51.1742,0.7971],[-56.0038,51.1745,3.4115],[-56.0039,51.176,0.0],[-56.0151,51.1755,0.0],[-56.0217,51.1732,0.0],[-56.0206,51.1682,9.3825],[-56.0251,51.1641,0.5512],[-56.0451,51.1527,2.8007],[-56.0489,51.153,1.1942],[-56.0478,51.1499,1.7545],[-56.0489,51.1494,1.7545],[-56.0689,51.1421,1.0],[-56.0856,51.1419,1.0],[-56.0967,51.1341,1.7426],[-56.0995,51.1344,1.7209],[-56.0911,51.1414,1.1946],[-56.0933,51.1428,5.5281],[-56.0873,51.1485,1.3458],[-56.0834,51.1491,7.2463],[-56.0812,51.1469,1.0],[-56.0639,51.1477,3.3822],[-56.0562,51.1563,3.7368],[-56.0478,51.1557,5.8151],[-56.0478,51.1541,1.0],[-56.0456,51.1538,2.9558],[-56.0417,51.1571,11.2581],[-56.0256,51.1646,1.9574],[-56.0223,51.1699,0.0],[-56.0267,51.1727,2.3767],[-56.0228,51.1741,0.8805],[-56.0195,51.1782,1.1568],[-56.0151,51.1771,0.6236],[-56.0151,51.183,10.8175],[-56.0045,51.1894,0.6425],[-56.0051,51.1913,0.0],[-56.0078,51.1921,0.0],[-56.0101,51.198,0.0],[-56.0083,51.2,0.0],[-56.01,51.2006,0.0],[-56.0178,51.2002,3.8094],[-56.0312,51.1941,0.0],[-56.0256,51.2007,0.1695],[-56.0311,51.2,5.8058],[-56.0339,51.2014,0.8757],[-56.0333,51.2031,0.0],[-56.0267,51.2088,0.0],[-56.0284,51.2094,8.729],[-56.0278,51.2107,16.4407],[-56.02,51.2155,0.0],[-56.0239,51.2171,0.0],[-56.0334,51.2174,2.3518],[-56.035,51.2189,2.6784],[-56.0289,51.2233,0.0],[-56.0445,51.2191,0.2829],[-56.0556,51.2207,0.0],[-56.0578,51.223,0.0],[-56.0656,51.2204,2.5915],[-56.0823,51.2216,0.1237],[-56.0806,51.2235,0.0],[-56.0701,51.2257,0.0],[-56.0701,51.2282,0.0],[-56.0523,51.2302,0.0712],[-56.0467,51.2282,0.7367],[-56.0417,51.2319,1.0948],[-56.0273,51.2371,4.1364],[-56.0217,51.241,0.7828],[-56.0267,51.2444,1.8727],[-56.0251,51.2452,0.0],[-56.0262,51.2474,0.0],[-56.0373,51.2466,0.3672],[-56.0384,51.248,0.0574],[-56.0428,51.248,0.034],[-56.0473,51.2505,0.0],[-56.0473,51.2521,0.0],[-56.0573,51.2557,1.0792],[-56.0417,51.263,0.2729],[-56.0334,51.2644,1.5262],[-56.0312,51.2641,1.8449],[-56.0289,51.2602,0.0],[-56.0194,51.2589,1.4151],[-56.0162,51.2657,0.7272],[-56.0267,51.2652,2.692],[-56.0217,51.2688,1.5846],[-56.0234,51.271,6.1541],[-56.0217,51.2716,1.2597],[-56.0217,51.2738,0.0],[-56.0295,51.276,1.47],[-56.0256,51.2769,0.0],[-56.0239,51.283,1.9851],[-56.0323,51.2874,4.4848],[-56.0312,51.2896,0.8121],[-56.0273,51.2907,12.1527],[-56.0262,51.2941,2.8357],[-56.0334,51.303,5.3591],[-56.0395,51.3066,2.5614],[-56.0417,51.3071,0.0],[-56.0423,51.3057,3.8291],[-56.0467,51.3049,1.3051],[-56.0456,51.3007,3.715],[-56.0473,51.3005,0.0],[-56.0556,51.301,0.0],[-56.0673,51.3044,1.2716],[-56.0701,51.3066,0.0],[-56.0828,51.3049,4.7279],[-56.0828,51.308,2.5426],[-56.0801,51.3096,0.0],[-56.0784,51.3132,0.0],[-56.0845,51.3152,4.1735],[-56.0844,51.3172,0.0],[-56.0928,51.3157,0.0],[-56.0928,51.3171,0.0],[-56.0967,51.3194,0.0],[-56.1095,51.3171,0.0],[-56.1117,51.3185,7.995],[-56.1123,51.3202,3.2965],[-56.1084,51.323,2.0232],[-56.0978,51.3255,6.6388],[-56.0978,51.3288,14.083],[-56.0928,51.3332,0.0],[-56.0973,51.3366,8.1531],[-56.095,51.3382,0.0],[-56.0967,51.3399,1.1194],[-56.1012,51.3374,4.643],[-56.1034,51.338,3.8955],[-56.0945,51.3457,8.4213],[-56.0901,51.3454,0.0],[-56.0856,51.3488,5.2718],[-56.0851,51.353,12.1047],[-56.0817,51.356,0.6377],[-56.0862,51.363,5.2141],[-56.0856,51.3646,4.8184],[-56.0817,51.3616,0.0],[-56.0767,51.361,3.1978],[-56.0717,51.3663,6.0834],[-56.0589,51.3694,4.9455],[-56.0551,51.3588,4.222],[-56.0501,51.3569,0.0],[-56.0456,51.358,3.1485],[-56.0434,51.3563,3.1288],[-56.0428,51.3535,0.0],[-56.0412,51.3535,0.0],[-56.0395,51.3546,0.0],[-56.0406,51.3555,2.3291],[-56.0362,51.358,1.178],[-56.0395,51.3585,2.8011],[-56.0384,51.361,2.8273],[-56.0417,51.3685,6.6474],[-56.0401,51.3699,0.0],[-56.0412,51.376,3.782],[-56.0367,51.3738,0.0],[-56.0367,51.3757,4.2119],[-56.0301,51.3774,5.1396],[-56.0214,51.373,1.1454],[-56.0212,51.3688,0.0],[-56.0156,51.3694,0.2463],[-56.0128,51.3571,0.0],[-56.0051,51.3485,1.7249],[-55.9847,51.339,25.1049],[-55.9833,51.3361,9.2649],[-55.9707,51.3367,1.7733],[-55.9556,51.3333,0.0],[-55.9526,51.3343,0.5757],[-55.953,51.3381,0.0],[-55.9505,51.3398,0.0],[-55.9358,51.3389,30.2451],[-55.9264,51.3413,0.8778],[-55.9332,51.3431,19.5006],[-55.9356,51.3455,7.208],[-55.9445,51.3493,0.8427],[-55.9462,51.3511,8.8069],[-55.9456,51.3528,4.5525],[-55.9499,51.355,5.1176],[-55.9571,51.3565,0.0],[-55.9555,51.3599,8.9311],[-55.9559,51.3655,3.451],[-55.9349,51.3593,0.7128],[-55.9201,51.3476,10.017],[-55.9151,51.342,5.7619],[-55.9169,51.3386,1.4494],[-55.9148,51.3369,0.0],[-55.8911,51.3309,20.3393],[-55.8829,51.3314,0.7153],[-55.8773,51.3381,3.2091],[-55.8728,51.3403,0.0],[-55.846,51.3418,0.0],[-55.8125,51.3486,0.0],[-55.8007,51.3472,36.9289],[-55.7951,51.345,0.0],[-55.7798,51.3452,0.0],[-55.7717,51.3431,0.0],[-55.7578,51.3442,0.0],[-55.755,51.335,19.919],[-55.7555,51.3302,0.0],[-55.745,51.325,0.0],[-55.7336,51.3238,22.0295],[-55.7192,51.3259,9.1021],[-55.6893,51.3232,3.2122],[-55.6764,51.3204,0.0],[-55.6642,51.3254,0.423],[-55.6545,51.3194,1.5105],[-55.6528,51.3147,0.0],[-55.6561,51.3125,0.0],[-55.6522,51.31,0.0],[-55.6444,51.3086,0.0],[-55.6428,51.3111,6.5379],[-55.6378,51.3103,0.0],[-55.6389,51.3119,2.7907],[-55.6378,51.3128,16.3888],[-55.6344,51.3117,0.0],[-55.6311,51.3131,3.0933],[-55.6278,51.3114,4.7388],[-55.6289,51.3097,0.0],[-55.6278,51.3081,9.257],[-55.6294,51.3072,0.0],[-55.6417,51.306399999999996,1.7631],[-55.6423,51.3044,0.0],[-55.6391,51.3023,4.1637],[-55.6311,51.2995,0.0],[-55.6095,51.2989,29.0427],[-55.5994,51.3003,0.0],[-55.592,51.3042,0.0],[-55.5925,51.3058,0.0],[-55.605,51.3067,8.1679],[-55.6167,51.3106,7.5538],[-55.6106,51.3114,0.0],[-55.6128,51.3131,0.0],[-55.6167,51.3131,4.2445],[-55.6144,51.315,0.0],[-55.6046,51.315,0.0],[-55.6057,51.3172,41.0319],[-55.6043,51.3181,4.0011],[-55.6064,51.3223,21.7371],[-55.602,51.3239,11.8707],[-55.6015,51.3288,0.0],[-55.6065,51.3341,0.6059],[-55.6142,51.338,6.8662],[-55.618899999999996,51.3384,13.9538],[-55.6239,51.3433,2.6361],[-55.616,51.3451,0.0],[-55.6039,51.3447,0.0],[-55.5994,51.3417,0.0],[-55.591,51.3399,0.0],[-55.5918,51.3367,6.9751],[-55.5967,51.3364,0.8112],[-55.5967,51.3353,0.0],[-55.5862,51.3327,1.4828],[-55.585,51.3335,1.4828],[-55.5868,51.3355,10.9117],[-55.5817,51.3385,8.5916],[-55.5619,51.3449,5.3224],[-55.5612,51.3529,22.3857],[-55.5538,51.3557,0.0],[-55.5562,51.3574,4.1926],[-55.5561,51.3594,0.6272],[-55.5617,51.3569,14.5305],[-55.5696,51.3565,30.4474],[-55.5783,51.3603,4.0663],[-55.5767,51.3617,0.252],[-55.5783,51.3625,0.0],[-55.5808,51.3618,11.0598],[-55.5883,51.3651,4.0735],[-55.5934,51.3697,3.9589],[-55.5883,51.3733,1.2917],[-55.5834,51.369,2.1159],[-55.5765,51.3703,10.9288],[-55.5756,51.3684,11.907],[-55.5777,51.3667,0.975],[-55.5728,51.3613,0.0],[-55.5652,51.3605,15.4289],[-55.5619,51.3616,2.5301],[-55.5601,51.3652,18.2318],[-55.5678,51.3708,0.0],[-55.5725,51.3713,19.0978],[-55.5751,51.3755,0.0],[-55.5819,51.3796,4.2388],[-55.5833,51.3843,3.9867],[-55.5733,51.3871,17.2074],[-55.5691,51.3934,0.0],[-55.5607,51.3925,0.2465],[-55.556,51.3822,0.847],[-55.5464,51.3813,0.3465],[-55.5303,51.366,7.2889],[-55.5228,51.3599,1.3631],[-55.5177,51.3578,1.0682],[-55.5118,51.3649,0.0],[-55.5117,51.3756,17.861],[-55.5004,51.3742,19.7132],[-55.4994,51.3697,0.0],[-55.4953,51.3727,1.2301],[-55.4918,51.3797,5.1448],[-55.495,51.3797,18.112],[-55.4962,51.3818,0.0],[-55.4933,51.3853,4.7048],[-55.4944,51.3894,7.5822],[-55.4906,51.3914,12.8072],[-55.4899,51.3936,2.4595],[-55.4906,51.3957,16.8449],[-55.4948,51.3965,12.9511],[-55.4959,51.3984,0.0],[-55.4846,51.4026,6.2004],[-55.4844,51.4051,9.924],[-55.4883,51.4058,32.1626],[-55.4885,51.4081,26.5308],[-55.4839,51.4133,0.0],[-55.4835,51.4197,0.0],[-55.4856,51.4194,3.3673],[-55.4883,51.4236,10.4791],[-55.493899999999996,51.4228,6.0714],[-55.4956,51.4249,2.9153],[-55.4994,51.4242,1.7194],[-55.4949,51.4271,2.9076],[-55.4917,51.4253,0.0],[-55.4884,51.4264,2.5832],[-55.4879,51.4276,0.0],[-55.4906,51.4292,5.2141],[-55.48,51.4344,28.2843],[-55.4777,51.4332,0.5404],[-55.4708,51.4382,0.0555],[-55.4722,51.44,8.3641],[-55.4702,51.445,0.0],[-55.4739,51.4447,6.3937],[-55.4761,51.4472,10.3846],[-55.475,51.4492,1.5678],[-55.4783,51.4514,14.4996],[-55.4761,51.4533,1.9431],[-55.4722,51.4508,3.6023],[-55.47,51.4522,2.8239],[-55.4689,51.4575,0.6621],[-55.4704,51.4598,0.0],[-55.4679,51.4645,25.7669],[-55.47,51.4703,0.348],[-55.4739,51.4703,4.3796],[-55.4761,51.472,9.1161],[-55.4683,51.4719,0.0],[-55.4638,51.4739,0.3804],[-55.4695,51.4772,0.6727],[-55.4688,51.4785,0.6727],[-55.4644,51.479,0.2776],[-55.469,51.4804,3.8911],[-55.464,51.4812,2.1751],[-55.4647,51.4829,1.3492],[-55.4772,51.4847,1.9364],[-55.479,51.4826,0.0],[-55.4778,51.4797,0.0],[-55.4828,51.4767,0.0],[-55.4783,51.4775,2.0715],[-55.4761,51.4747,0.0],[-55.48,51.4725,5.847],[-55.4833,51.4728,5.847],[-55.485,51.4708,11.9947],[-55.4806,51.4678,1.1526],[-55.48,51.4644,0.0],[-55.4856,51.4644,6.6352],[-55.4872,51.4586,7.4488],[-55.4906,51.4572,5.7962],[-55.4917,51.4603,4.2329],[-55.4872,51.4678,0.0],[-55.4889,51.4689,0.0],[-55.4933,51.4669,12.1685],[-55.4954,51.4679,1.152],[-55.4867,51.4742,2.8623],[-55.4929,51.4746,1.1906],[-55.4983,51.4789,0.0],[-55.5085,51.4797,5.8815],[-55.5103,51.4833,0.1161],[-55.5092,51.4866,8.8493],[-55.5136,51.4888,1.157],[-55.5311,51.4903,5.6341],[-55.5287,51.4916,2.0327],[-55.5274,51.4951,13.7583],[-55.5333,51.4994,0.0],[-55.5417,51.5014,0.1684],[-55.5372,51.5025,6.523],[-55.5306,51.5,0.0],[-55.5254,51.5002,0.0],[-55.5179,51.4959,7.4227],[-55.5046,51.496,5.2923],[-55.4992,51.4973,14.0501],[-55.4932,51.5013,7.7079],[-55.4956,51.5023,0.0],[-55.494,51.5038,7.0721],[-55.4878,51.5043,4.801],[-55.4867,51.5031,2.3228],[-55.4878,51.5014,1.4047],[-55.485,51.4994,2.6963],[-55.4756,51.5016,2.7688],[-55.4729,51.4991,35.4277],[-55.4728,51.4962,12.6034],[-55.4593,51.4901,0.0],[-55.4563,51.4901,0.0],[-55.4558,51.4927,11.9778],[-55.4525,51.4936,0.0],[-55.4517,51.4958,10.8463],[-55.4561,51.4983,3.5644],[-55.4556,51.5025,23.6922],[-55.4481,51.5039,1.0218],[-55.4449,51.5083,34.5404],[-55.4498,51.5096,9.3856],[-55.4602,51.509,0.0],[-55.4642,51.5139,5.0812],[-55.4533,51.5259,10.4424],[-55.4564,51.5278,12.0815],[-55.445,51.5358,29.9808],[-55.4489,51.54,0.0],[-55.4533,51.5378,7.852],[-55.4597,51.5399,7.0338],[-55.4617,51.5367,0.0],[-55.4589,51.5308,0.0],[-55.4614,51.5247,6.1033],[-55.4739,51.5292,3.8686],[-55.4711,51.5308,4.4974],[-55.4639,51.5272,3.7901],[-55.4617,51.5317,4.7133],[-55.4637,51.5362,6.3123],[-55.4728,51.5437,0.0],[-55.4735,51.5481,0.0],[-55.4781,51.5523,7.8499],[-55.4847,51.5542,0.6587],[-55.4831,51.5558,0.0],[-55.4852,51.5578,2.947],[-55.4675,51.5636,0.0],[-55.4613,51.5609,11.7446],[-55.4693,51.5555,0.4186],[-55.4697,51.5527,4.3674],[-55.4637,51.5478,3.4792],[-55.465,51.5461,4.0311],[-55.4639,51.5451,0.7361],[-55.4599,51.5475,16.6779],[-55.4562,51.5447,1.1976],[-55.4516,51.5501,3.9114],[-55.4461,51.5523,2.4092],[-55.442,51.5493,3.7824],[-55.4423,51.5446,2.1635],[-55.4329,51.5468,0.7922],[-55.4278,51.552,0.0],[-55.4297,51.5559,5.117],[-55.4263,51.5579,0.0],[-55.4249,51.5621,0.8228],[-55.4295,51.564,2.8376],[-55.4264,51.5698,8.3846],[-55.4278,51.572,4.3564],[-55.4265,51.5739,1.9016],[-55.4282,51.5753,1.9016],[-55.4236,51.5802,3.3944],[-55.4193,51.5821,0.0],[-55.4237,51.585,6.8202],[-55.4355,51.5829,3.1298],[-55.44,51.5783,7.4899],[-55.4439,51.5817,5.7318],[-55.4528,51.5807,0.5051],[-55.4549,51.5824,0.0],[-55.455,51.5878,0.0],[-55.4583,51.5894,0.0],[-55.4665,51.588,4.3025],[-55.4656,51.5931,21.7827],[-55.4688,51.5997,6.6171],[-55.4704,51.5999,6.6171],[-55.4779,51.5926,0.0],[-55.4754,51.587,15.0585],[-55.4802,51.5806,0.0],[-55.4781,51.5767,1.3009],[-55.4842,51.575,3.6408],[-55.4895,51.5759,1.1483],[-55.491,51.5769,9.0223],[-55.4891,51.5795,1.4231],[-55.4851,51.5812,1.2814],[-55.4864,51.5852,14.8432],[-55.4922,51.5854,3.9029],[-55.4941,51.5874,19.8724],[-55.4872,51.5894,0.0],[-55.4886,51.5918,15.4657],[-55.4871,51.597,4.614],[-55.4883,51.5985,21.1482],[-55.498,51.5978,30.7631],[-55.5028,51.5954,33.6067],[-55.5071,51.5963,2.3545],[-55.5205,51.5945,2.6719],[-55.5204,51.5969,0.0],[-55.5166,51.5987,0.5895],[-55.5171,51.6003,1.8068],[-55.5122,51.6045,1.5825],[-55.5117,51.6061,3.8534],[-55.5141,51.6071,0.0],[-55.5311,51.5986,5.5662],[-55.5378,51.6012,0.0],[-55.5326,51.5967,5.2668],[-55.5345,51.5949,3.3113],[-55.5423,51.5945,4.7891],[-55.5455,51.5904,5.9216],[-55.5487,51.5903,5.5175],[-55.5494,51.5928,2.4572],[-55.5612,51.5888,0.1966],[-55.5661,51.5894,0.2109],[-55.5724,51.5861,2.6942],[-55.5739,51.587,3.2243],[-55.5723,51.5892,1.215],[-55.5744,51.5894,1.3254],[-55.5827,51.5832,1.6578],[-55.579,51.5798,1.8145],[-55.5825,51.5775,1.5542],[-55.5842,51.5794,3.5196],[-55.5899,51.5781,2.0337],[-55.5926,51.58,1.2569],[-55.5931,51.5782,1.2575],[-55.5954,51.5775,1.319],[-55.5979,51.58,3.8476],[-55.6086,51.5798,3.294],[-55.609,51.581,2.6704],[-55.6039,51.5835,1.0027],[-55.6006,51.5886,0.0],[-55.6065,51.5885,0.6792],[-55.6058,51.5839,0.0],[-55.6157,51.5784,0.0],[-55.6121,51.5777,3.061],[-55.6133,51.5743,6.9634],[-55.6058,51.5745,1.822],[-55.6049,51.572,0.0],[-55.5965,51.5738,3.7754],[-55.5921,51.5732,3.1036],[-55.5923,51.5683,1.1191],[-55.5878,51.5685,2.5614],[-55.5868,51.5671,2.5614],[-55.591,51.565,3.4321],[-55.6021,51.5647,3.9686],[-55.5983,51.5618,0.0],[-55.5978,51.5594,0.0],[-55.6004,51.5574,3.3925],[-55.6076,51.5578,6.6503],[-55.6131,51.5632,1.1121],[-55.6366,51.5629,2.0723],[-55.6414,51.5646,3.4385],[-55.6411,51.5672,0.0],[-55.6435,51.5669,5.9492],[-55.6467,51.5694,2.0928],[-55.6412,51.5722,1.9274],[-55.6356,51.5719,0.0],[-55.6405,51.5763,2.2527],[-55.6395,51.5787,1.7016],[-55.6439,51.5772,0.0],[-55.6458,51.5739,1.8298],[-55.6486,51.5777,4.9699],[-55.6469,51.5811,1.128],[-55.6482,51.5842,0.0],[-55.6525,51.5843,1.1173],[-55.6516,51.5864,1.0233],[-55.6622,51.589,0.0],[-55.6614,51.5939,8.3811],[-55.6548,51.599,12.2328],[-55.6455,51.6013,0.7942],[-55.6395,51.6003,1.8523],[-55.6374,51.5978,5.8635],[-55.6347,51.5981,2.2048],[-55.6329,51.6014,15.5824],[-55.6243,51.6032,0.8907],[-55.6181,51.6092,8.9559],[-55.6253,51.6104,14.2676],[-55.6276,51.6153,10.3344],[-55.635,51.6124,3.4266],[-55.6442,51.6144,0.0],[-55.6517,51.6097,7.7929],[-55.6529,51.6042,0.0],[-55.6598,51.603,12.7929],[-55.676,51.5938,0.0777],[-55.6871,51.59,10.8997],[-55.6916,51.5857,1.3612],[-55.6972,51.5841,2.7861],[-55.6993,51.5859,1.7062],[-55.7024,51.5855,2.7758],[-55.7093,51.5745,1.9426],[-55.7078,51.568,13.2852],[-55.7132,51.5661,1.3824],[-55.7186,51.5616,6.987],[-55.726,51.563,2.7915],[-55.7311,51.5667,4.4133],[-55.7316,51.5652,0.743],[-55.7271,51.5608,2.5209],[-55.7325,51.5548,4.5298],[-55.7418,51.5526,1.3135],[-55.7457,51.5553,10.5219],[-55.7433,51.5572,5.5185],[-55.7434,51.5622,14.5454],[-55.7406,51.5681,0.0],[-55.7317,51.5822,3.2116],[-55.7329,51.5872,0.0],[-55.7368,51.5891,0.0],[-55.7521,51.5799,11.6246],[-55.755,51.5717,17.0594],[-55.7619,51.5612,1.0348],[-55.7561,51.5572,1.952],[-55.7544,51.5511,0.7291],[-55.7462,51.5525,5.2614],[-55.7398,51.5487,1.5125],[-55.7395,51.5464,1.099],[-55.7369,51.5452,2.5939],[-55.7357,51.5396,0.252],[-55.7317,51.5368,0.0],[-55.7249,51.5361,2.5374],[-55.7167,51.5382,0.0],[-55.7128,51.5358,2.1344],[-55.7133,51.5322,0.0],[-55.7085,51.5274,0.9509],[-55.7097,51.5219,3.1705],[-55.7039,51.5183,7.4731],[-55.7105,51.5136,0.0],[-55.7095,51.5074,1.4443],[-55.7129,51.5052,0.0],[-55.7093,51.5018,0.3799],[-55.7013,51.5004,0.0],[-55.6864,51.5028,2.7289],[-55.6775,51.5023,2.2855],[-55.6781,51.4997,0.7451],[-55.6699,51.4955,4.6749],[-55.6794,51.4935,9.5532],[-55.6835,51.4949,1.5192],[-55.6857,51.4927,0.0299],[-55.6813,51.4888,14.5788],[-55.6741,51.4858,1.0369],[-55.6739,51.4839,0.5255],[-55.671,51.482,0.0],[-55.6587,51.4845,3.5486],[-55.6306,51.4859,4.6454],[-55.6242,51.485,0.223],[-55.6252,51.4824,2.5668],[-55.6387,51.4793,2.2498],[-55.6451,51.4804,12.4629],[-55.6474,51.4772,0.9082],[-55.6563,51.4768,7.9379],[-55.6609,51.474,6.6846],[-55.6753,51.4742,2.6294],[-55.6794,51.4756,1.2841],[-55.6786,51.4804,3.7483],[-55.6841,51.4833,12.028],[-55.6856,51.4858,0.0],[-55.6893,51.4841,0.0],[-55.7162,51.4873,0.0],[-55.727,51.4936,4.8958],[-55.7276,51.4969,0.0],[-55.733,51.4995,0.2018],[-55.7412,51.4984,21.1529],[-55.7551,51.4997,7.0336],[-55.7668,51.4976,1.7597],[-55.7877,51.5001,4.1036],[-55.7996,51.4955,0.3027],[-55.803,51.4925,0.3441],[-55.81,51.4919,2.4303],[-55.8112,51.4942,0.9838],[-55.8175,51.4949,3.2971],[-55.82,51.505,0.0445],[-55.8222,51.5067,1.0434],[-55.8339,51.4967,0.1948],[-55.84,51.4978,3.2493],[-55.8417,51.4997,0.9304],[-55.8406,51.5014,1.1806],[-55.8428,51.5025,0.0742],[-55.8478,51.5007,0.6592],[-55.8574,51.5015,0.7814],[-55.868899999999996,51.4944,0.8226],[-55.8722,51.4964,0.0239],[-55.8767,51.4933,1.4164],[-55.8806,51.4956,0.5795],[-55.8789,51.4983,-0.0672],[-55.8744,51.5008,0.0],[-55.8761,51.5018,0.3868],[-55.8803,51.5014,1.4279],[-55.8922,51.496,0.3039],[-55.8964,51.4976,0.5031],[-55.901,51.5018,0.8428],[-55.8986,51.5071,1.8881],[-55.899,51.5112,1.7769],[-55.8938,51.5146,1.6961],[-55.8864,51.5152,0.0],[-55.8831,51.5184,0.0],[-55.8717,51.5214,0.0],[-55.8774,51.5247,0.311],[-55.875,51.5306,7.0966],[-55.8792,51.5334,2.0228],[-55.8771,51.5367,0.0],[-55.8637,51.5453,1.5432],[-55.862,51.5488,0.8972],[-55.8656,51.5511,0.0],[-55.8745,51.5446,0.8437],[-55.8803,51.547,1.3423],[-55.8872,51.5436,0.6424],[-55.8917,51.5458,0.0],[-55.8967,51.5431,0.0],[-55.8994,51.5433,0.6496],[-55.8999,51.5472,3.8165],[-55.9018,51.5483,3.8165],[-55.8988,51.5501,0.4989],[-55.8969,51.5538,0.516],[-55.9034,51.557,0.0],[-55.8983,51.5605,5.7039],[-55.8956,51.5593,0.4538],[-55.894,51.5602,0.0],[-55.8937,51.5625,1.1712],[-55.8951,51.5633,1.1712],[-55.8847,51.5723,1.4851],[-55.8803,51.5799,0.0],[-55.8809,51.5814,0.0],[-55.8777,51.5828,0.2023],[-55.8789,51.5844,0.0],[-55.8761,51.5867,0.94],[-55.8772,51.5875,0.4317],[-55.8872,51.5833,4.3779],[-55.8894,51.5842,1.2923],[-55.8839,51.5878,1.7742],[-55.8837,51.5922,4.1808],[-55.8783,51.595,0.5002],[-55.8756,51.5947,0.5002],[-55.8809,51.5907,3.3574],[-55.8816,51.5877,0.8449],[-55.8784,51.5877,0.4317],[-55.8681,51.5983,0.0],[-55.868899999999996,51.6034,0.0],[-55.8647,51.6064,2.9923],[-55.8513,51.6101,0.5015],[-55.8442,51.6167,1.0902],[-55.8552,51.6155,0.0],[-55.86,51.6175,0.2448],[-55.8661,51.6155,0.0],[-55.8663,51.6131,3.4746],[-55.868899999999996,51.6139,0.0],[-55.8783,51.6098,5.6279],[-55.8893,51.6092,1.1186],[-55.8865,51.6119,0.9512],[-55.8973,51.6086,3.7189],[-55.8991,51.6101,0.376],[-55.8926,51.6148,0.0],[-55.8947,51.6199,0.0],[-55.8864,51.6214,0.7516],[-55.8836,51.6233,0.7081],[-55.8927,51.6221,0.47],[-55.8951,51.6251,0.0],[-55.8945,51.6266,0.8467],[-55.8973,51.628,2.4822],[-55.8955,51.629,0.0],[-55.8978,51.6304,8.0426],[-55.9094,51.6286,10.9132],[-55.9194,51.6239,1.1852],[-55.9306,51.6161,0.0],[-55.9483,51.6117,9.3826],[-55.9544,51.6072,0.6629],[-55.9649,51.6045,1.5894],[-55.9744,51.5944,0.8774],[-55.9844,51.5908,0.0],[-55.9878,51.5911,0.1844],[-55.9883,51.5934,2.1487],[-55.985,51.5974,0.6823],[-55.9925,51.5974,0.0],[-55.9978,51.5942,3.4836],[-56.0017,51.5883,5.1279],[-56.0072,51.5842,1.7144],[-55.9965,51.5852,0.2533],[-55.9954,51.5839,1.361],[-56.0,51.5783,3.6197],[-56.0172,51.5717,8.363],[-56.0222,51.5717,2.6992],[-56.0217,51.5731,0.0],[-56.0317,51.5725,0.0],[-56.0439,51.5625,1.5148],[-56.0611,51.5542,0.0],[-56.0756,51.5447,1.9023],[-56.0843,51.5443,3.1061],[-56.0967,51.5372,1.5115],[-56.1078,51.5339,0.0],[-56.1106,51.5317,7.3638],[-56.1378,51.5272,0.3761],[-56.1483,51.52,8.9498],[-56.1517,51.5211,2.5918],[-56.1494,51.5247,1.4003],[-56.1539,51.5236,6.3883],[-56.155,51.5242,1.6152],[-56.1539,51.5253,0.4874],[-56.1606,51.525,5.7363],[-56.1661,51.5222,2.0822],[-56.1733,51.5214,2.9127],[-56.1939,51.515,10.775],[-56.2033,51.5142,0.0],[-56.2367,51.4981,0.0],[-56.243899999999996,51.4922,0.6599],[-56.2556,51.4886,10.8951],[-56.2689,51.4814,1.1248],[-56.2896,51.4741,0.0],[-56.2922,51.4717,7.546],[-56.3172,51.4647,8.1483],[-56.3283,51.4642,0.0],[-56.3478,51.4575,0.0],[-56.3811,51.4392,12.67],[-56.4089,51.4269,6.8709],[-56.4339,51.4128,2.5262],[-56.44,51.4117,3.217],[-56.455,51.4156,0.0],[-56.4628,51.4158,0.9325],[-56.4711,51.4189,0.0],[-56.4956,51.4144,1.4184],[-56.5117,51.4072,0.0],[-56.5106,51.4061,11.3047],[-56.5172,51.4039,0.0],[-56.5172,51.4014,4.3971],[-56.5211,51.3992,0.0],[-56.5239,51.3986,4.2678],[-56.5267,51.4006,0.0],[-56.5378,51.3956,1.1161],[-56.5539,51.3944,2.2039],[-56.57,51.3886,8.0599],[-56.5772,51.3839,0.6244],[-56.5867,51.3833,4.6778],[-56.5967,51.3786,7.9567],[-56.6028,51.3775,2.7191],[-56.6039,51.3758,1.3223],[-56.6017,51.3744,2.2273],[-56.6028,51.3736,5.2399],[-56.6122,51.3736,4.4742],[-56.6278,51.3678,6.7822],[-56.6411,51.3658,0.8179],[-56.6456,51.3594,10.8582],[-56.655,51.3556,1.3193],[-56.6583,51.3575,0.0387],[-56.6617,51.355,5.0665],[-56.6667,51.3447,5.3272],[-56.6711,51.3417,2.0282],[-56.6756,51.3411,2.4656],[-56.6811,51.3433,8.8919],[-56.6906,51.3397,5.388],[-56.6989,51.3392,1.5367],[-56.7022,51.3358,0.2898],[-56.7022,51.3333,0.0],[-56.6911,51.3319,1.025],[-56.69,51.3286,0.9695],[-56.6911,51.3275,0.9695],[-56.7011,51.3253,5.5491],[-56.7061,51.3283,0.0],[-56.7089,51.3283,6.3915],[-56.7217,51.3256,0.7505],[-56.7222,51.3194,3.9764],[-56.7211,51.3181,0.3331],[-56.7094,51.3131,2.4682],[-56.715,51.3119,5.592],[-56.7233,51.3136,3.8002],[-56.7244,51.3158,0.0],[-56.7261,51.3158,1.1247],[-56.7311,51.3131,2.133],[-56.7422,51.3119,-0.0245],[-56.7361,51.3108,0.1299],[-56.7328,51.3122,2.133],[-56.72,51.31,4.7023],[-56.7233,51.3067,2.1911],[-56.7283,51.306399999999996,2.0083],[-56.7333,51.3031,2.3109],[-56.743899999999996,51.3014,2.3432],[-56.7494,51.2989,0.6997],[-56.745,51.2967,0.0],[-56.7306,51.3014,1.0571],[-56.7272,51.3011,7.7837],[-56.7311,51.2972,1.6339],[-56.7361,51.2958,0.0],[-56.7444,51.2894,0.4529],[-56.7484,51.2911,0.1863],[-56.7483,51.2894,0.7436],[-56.7506,51.2886,1.4123],[-56.75,51.2858,3.6519],[-56.7528,51.2836,2.368],[-56.7567,51.2833,0.6516],[-56.7517,51.2803,2.7179],[-56.7533,51.2761,1.9498],[-56.7506,51.2753,4.7334],[-56.7511,51.2711,8.864],[-56.7672,51.2611,0.8952],[-56.7828,51.2597,3.1026],[-56.785,51.2569,3.241],[-56.7833,51.2556,3.241],[-56.7878,51.2517,5.7833],[-56.7878,51.2494,9.6692],[-56.8006,51.2431,4.1465],[-56.7983,51.2402,10.7428],[-56.7983,51.2361,10.3131],[-56.8,51.2347,4.4082],[-56.7989,51.2331,0.327],[-56.7894,51.235,1.2222],[-56.7867,51.2303,1.7596],[-56.7906,51.2281,0.7724],[-56.7828,51.2272,1.6874],[-56.7867,51.2233,0.0],[-56.7717,51.2219,2.7099],[-56.7717,51.2206,2.7099],[-56.7678,51.2197,0.3875],[-56.7633,51.2217,2.2403],[-56.76,51.2189,0.0],[-56.7511,51.2192,13.6921],[-56.755,51.2169,11.2423],[-56.7656,51.2167,5.0204],[-56.7678,51.2117,1.5279],[-56.7661,51.2097,1.2566],[-56.7689,51.2078,0.0],[-56.7689,51.2061,0.0],[-56.7561,51.2064,1.3572],[-56.7433,51.2094,2.5551],[-56.7389,51.2083,9.6037],[-56.7474,51.2066,9.2187],[-56.7561,51.2025,6.4957],[-56.7589,51.2033,4.0729],[-56.765,51.2011,1.7691],[-56.7672,51.1992,1.7995],[-56.765,51.1967,8.0374],[-56.7689,51.1936,0.0],[-56.7661,51.1911,1.2835],[-56.7683,51.1897,5.5988],[-56.7718,51.1911,0.7181],[-56.7739,51.1903,4.7213],[-56.7756,51.1919,0.0],[-56.77,51.1947,0.0],[-56.7711,51.2003,9.9957],[-56.7744,51.2028,0.0],[-56.7733,51.2042,1.5087],[-56.7772,51.2061,1.0589],[-56.7822,51.2036,2.7233],[-56.7856,51.2039,0.6595],[-56.7875,51.2066,1.0963],[-56.7921,51.2039,1.2092],[-56.7944,51.1972,4.544],[-56.8061,51.1886,3.9813],[-56.8056,51.1842,3.314],[-56.81,51.1836,2.7648],[-56.8071,51.1864,2.261],[-56.8089,51.1875,3.9813],[-56.8084,51.1897,1.8597],[-56.8006,51.1953,4.7385],[-56.8,51.1975,0.0],[-56.8044,51.1958,1.8202],[-56.8144,51.1867,0.348],[-56.8128,51.1858,3.0801],[-56.8133,51.1822,0.5502],[-56.8028,51.1794,9.0862],[-56.8022,51.1731,0.3719],[-56.7983,51.1708,5.8365],[-56.8,51.1689,4.785],[-56.795,51.1692,1.6066],[-56.7967,51.1664,4.2232],[-56.8017,51.1661,1.9719],[-56.8,51.1628,5.2938],[-56.8017,51.1608,1.0655],[-56.7938,51.1583,0.6673],[-56.7903,51.1508,3.6273],[-56.7917,51.1478,1.3165],[-56.7956,51.1464,0.9917],[-56.7939,51.1431,5.6196],[-56.7961,51.1428,2.6598],[-56.7989,51.1394,1.5263],[-56.7989,51.1372,1.7373],[-56.7956,51.1367,1.2651],[-56.7961,51.1344,3.1537],[-56.8067,51.1342,0.9604],[-56.8156,51.1289,0.0],[-56.8272,51.1264,1.4457],[-56.8283,51.1258,0.5044],[-56.8278,51.1225,0.0748],[-56.8328,51.118899999999996,2.7817],[-56.8361,51.1203,2.8878],[-56.8359,51.1272,0.7063],[-56.8344,51.1303,1.3098],[-56.8306,51.1317,0.1548],[-56.8322,51.1333,1.0536],[-56.83,51.1356,1.6988],[-56.8344,51.1356,0.9629],[-56.8381,51.1293,0.0],[-56.8389,51.1239,1.4962],[-56.8456,51.1222,1.2192],[-56.845,51.118899999999996,4.7907],[-56.85,51.1175,0.537],[-56.8517,51.1183,9.2285],[-56.8511,51.1206,6.4134],[-56.8544,51.1242,2.652],[-56.8544,51.1267,0.0],[-56.8583,51.1283,0.6804],[-56.8561,51.13,0.0],[-56.8567,51.1311,0.0],[-56.8644,51.1303,1.0053],[-56.8661,51.1264,2.8941],[-56.8744,51.1197,0.0],[-56.8628,51.1211,0.7918],[-56.8572,51.1236,0.5249],[-56.855,51.1222,6.1455],[-56.8594,51.1203,1.7122],[-56.8622,51.1139,6.5375],[-56.87,51.1117,3.1179],[-56.8739,51.1081,1.7675],[-56.8711,51.1039,4.0799],[-56.8711,51.0983,0.0],[-56.8694,51.0981,5.8337],[-56.8733,51.0942,0.0],[-56.8722,51.0856,3.1101],[-56.8844,51.0794,0.5537],[-56.8817,51.0786,7.4613],[-56.8878,51.0778,0.2993],[-56.8878,51.0764,0.0],[-56.8833,51.0758,2.3694],[-56.8878,51.0725,0.2714],[-56.8894,51.0689,2.6583],[-56.8861,51.0703,2.8223],[-56.885,51.0703,6.1399],[-56.8861,51.0692,2.8223],[-56.8828,51.0692,14.3173],[-56.8867,51.0675,4.7554],[-56.8867,51.0619,4.4609],[-56.8928,51.0639,0.4394],[-56.89,51.0675,0.3987],[-56.8915,51.0684,0.7657],[-56.8989,51.0672,0.3487],[-56.9,51.0633,0.0],[-56.8961,51.0614,3.8027],[-56.9106,51.0594,5.2316],[-56.9118,51.0615,1.9265],[-56.9107,51.0636,3.1589],[-56.9078,51.0639,0.0],[-56.9078,51.0658,0.0],[-56.9128,51.0661,1.0819],[-56.9217,51.0614,4.2026],[-56.9233,51.0556,2.6995],[-56.9306,51.0553,1.4711],[-56.9339,51.0517,1.1407],[-56.9333,51.0472,1.3892],[-56.9367,51.0433,0.5026],[-56.935,51.0425,0.5026],[-56.935,51.0406,0.0],[-56.9322,51.0397,3.9132],[-56.9333,51.0347,0.0],[-56.9294,51.0342,3.7313],[-56.9256,51.0314,0.0],[-56.9183,51.0325,0.4946],[-56.9189,51.0336,0.4946],[-56.9156,51.0344,0.0],[-56.9172,51.0356,0.9667],[-56.9156,51.0367,1.7672],[-56.9256,51.0383,2.9737],[-56.9244,51.0419,1.2436],[-56.9267,51.0433,4.8622],[-56.9228,51.0431,2.5687],[-56.9228,51.0447,3.4142],[-56.9256,51.0478,1.5743],[-56.925,51.0489,1.2307],[-56.9289,51.0492,2.2049],[-56.9272,51.0522,2.3548],[-56.92,51.0544,8.049],[-56.9228,51.0522,1.4346],[-56.9217,51.0489,4.9523],[-56.9228,51.0467,1.3935],[-56.92,51.045,6.5602],[-56.9189,51.0394,2.633],[-56.9094,51.0342,4.0986],[-56.9083,51.0317,2.0874],[-56.9111,51.0306,0.0],[-56.9107,51.0292,0.5045],[-56.8983,51.0269,1.621],[-56.8989,51.0253,7.5085],[-56.9089,51.0242,0.8414],[-56.9089,51.0228,3.4203],[-56.9128,51.0214,2.3463],[-56.905,51.0178,4.8172],[-56.9028,51.015,11.5906],[-56.9117,51.0156,0.0],[-56.9211,51.0139,0.6289],[-56.9244,51.0167,0.0],[-56.9272,51.0158,2.5654],[-56.9278,51.0142,2.6427],[-56.9222,51.0125,1.3908],[-56.9228,51.0103,0.356],[-56.9211,51.0092,3.436],[-56.9261,51.0086,6.0648],[-56.9283,51.0061,3.7567],[-56.9261,51.0053,5.4932],[-56.9367,51.0,0.0],[-56.9362,50.9984,4.2964],[-56.9399,50.9965,2.6261],[-56.9378,50.9933,10.0987],[-56.9417,50.9917,8.8008],[-56.9478,50.9923,0.0],[-56.9554,50.9971,0.8465],[-56.9621,50.9991,0.0],[-56.9628,51.0008,0.0],[-56.9683,51.0019,0.7851],[-56.9678,51.0,7.8233],[-56.9739,50.9994,0.8806],[-56.9756,50.9978,4.6055],[-56.9726,50.9965,5.8194],[-56.9739,50.9949,0.7783],[-56.9711,50.9913,2.5934],[-56.9737,50.9899,2.6592],[-56.9711,50.9889,2.6592],[-56.9881,50.9861,2.1019],[-57.0006,51.0008,2.5896],[-57.0105,51.0066,0.0],[-57.0109,51.0092,4.636],[-57.0082,51.0103,0.0],[-57.0103,51.0154,0.0],[-57.0075,51.0204,0.7634],[-57.0083,51.0224,0.0],[-57.0168,51.0273,0.0],[-57.023,51.0256,1.1246],[-57.0222,51.0237,2.7664],[-57.0261,51.0219,3.7542],[-57.0309,51.0232,1.9912],[-57.0417,51.0213,6.4095],[-57.0454,51.0244,0.0],[-57.0548,51.0196,2.049],[-57.0621,51.0201,1.3306],[-57.0618,51.0233,0.3503],[-57.0635,51.0248,4.7001],[-57.0567,51.0328,1.1854],[-57.0604,51.035,3.4383],[-57.0712,51.0298,3.501],[-57.0779,51.0303,7.35],[-57.0907,51.0259,0.7749],[-57.101,51.0204,0.8986],[-57.1042,51.0164,0.0],[-57.0918,51.0188,3.4939],[-57.0793,51.0169,0.3802],[-57.0701,51.0205,1.7708],[-57.0688,51.0196,0.5647],[-57.0706,51.0174,0.0],[-57.0643,51.0167,1.4464],[-57.063,51.0144,0.1477],[-57.0535,51.0134,5.4729],[-57.0523,51.0089,2.4861],[-57.0442,51.0088,1.1263],[-57.0442,51.003,1.0499],[-57.0411,51.0021,4.277],[-57.0445,51.0011,1.0302],[-57.0457,50.9978,4.0085],[-57.0392,50.997,0.7665],[-57.0381,50.9943,0.1174],[-57.034,50.9925,1.7562],[-57.0339,50.9904,0.5181],[-57.0364,50.9875,0.5622],[-57.035,50.9836,5.4252],[-57.0389,50.9744,0.5608],[-57.0356,50.9728,0.5341],[-57.0329,50.9733,4.4716],[-57.0301,50.9705,3.4683],[-57.0125,50.9746,1.9232],[-57.0127,50.973,0.9279],[-57.0096,50.9715,4.2747],[-57.0103,50.9678,2.1093],[-57.0011,50.9627,1.2348],[-57.0006,50.9586,0.1732],[-57.0027,50.9541,0.0],[-57.0008,50.9523,0.7353],[-57.0023,50.9507,2.1371],[-57.0018,50.9462,1.5911],[-56.9956,50.9458,3.9284],[-56.9943,50.9441,2.0413],[-56.9953,50.9425,2.5792],[-56.993899999999996,50.9419,0.0],[-56.9844,50.943,1.8042],[-56.9883,50.9389,0.0],[-56.9928,50.9372,0.0],[-56.9917,50.9367,6.6911],[-56.9971,50.9357,1.4147],[-56.9981,50.9335,5.7224],[-56.9968,50.932,0.5639],[-56.9845,50.9315,0.595],[-56.9681,50.9333,1.0336],[-56.9624,50.931,0.6626],[-56.9563,50.9361,7.3718],[-56.9521,50.9364,0.0],[-56.9505,50.9382,7.7826],[-56.9484,50.9373,18.3765],[-56.9492,50.9359,7.0057],[-56.9566,50.9331,0.0],[-56.9559,50.931399999999996,0.0],[-56.95,50.9297,1.1037],[-56.9436,50.9319,0.8645],[-56.9472,50.9337,5.4166],[-56.9405,50.9385,16.5115],[-56.945,50.9408,22.2192],[-56.9417,50.9419,0.0],[-56.9372,50.9396,29.7305],[-56.9428,50.935,11.0923],[-56.9406,50.9319,52.7992],[-56.952,50.9242,1.0648],[-56.9528,50.9229,3.2725],[-56.9514,50.9203,3.8646],[-56.9556,50.918,0.0],[-56.956,50.9156,0.0],[-56.9598,50.9174,1.8139],[-56.9593,50.9205,0.8594],[-56.9633,50.9239,0.0],[-56.9667,50.9231,1.3376],[-56.9672,50.9214,2.7055],[-56.9826,50.9175,2.1834],[-56.9843,50.9137,2.4097],[-56.9871,50.9118,6.8384],[-56.9896,50.914,0.9982],[-56.9884,50.9158,0.0],[-56.9927,50.9147,0.0],[-56.9922,50.9115,3.2542],[-56.9957,50.9078,5.4457],[-56.993899999999996,50.9058,1.2537],[-56.9973,50.9039,1.3944],[-56.9961,50.9022,9.9366],[-56.9974,50.9019,2.8223],[-56.9973,50.8998,1.1939],[-56.9891,50.8993,2.7549],[-56.9872,50.8983,3.5992],[-56.9889,50.896,0.8155],[-56.9855,50.895,0.0],[-56.9773,50.8979,1.9304],[-56.9694,50.8981,1.915],[-56.9672,50.8947,3.7],[-56.9695,50.8905,2.8091],[-56.9906,50.8778,0.0],[-56.9994,50.8658,2.7989],[-57.0033,50.8647,0.4435],[-57.007,50.8603,13.8113],[-57.0213,50.8501,4.9699],[-57.051,50.8324,0.6019],[-57.0561,50.8272,0.0],[-57.055,50.8261,6.9421],[-57.0572,50.8225,5.0385],[-57.0633,50.8161,0.8927],[-57.0714,50.8133,0.4751],[-57.0744,50.805,1.8846],[-57.0727,50.803,1.0939],[-57.0761,50.8008,5.3354],[-57.0749,50.7989,3.6636],[-57.0759,50.7965,10.5634],[-57.0984,50.7821,0.0],[-57.11,50.7792,0.9549],[-57.1128,50.7761,2.6072],[-57.1172,50.7757,2.1965],[-57.1235,50.7793,0.0],[-57.1322,50.7772,0.1239],[-57.1378,50.7706,2.6188],[-57.1379,50.7668,8.5455],[-57.1436,50.7658,2.5523],[-57.152,50.7677,1.4829],[-57.1611,50.761,0.0751],[-57.162,50.758,7.9632],[-57.1688,50.7547,0.7213],[-57.1711,50.7499,10.2767],[-57.1819,50.7527,2.4611],[-57.2017,50.7536,8.2167],[-57.2082,50.7574,0.0],[-57.2239,50.7558,0.0358],[-57.2183,50.7522,6.0491],[-57.2217,50.7508,0.6013],[-57.22,50.7497,0.0],[-57.215,50.7508,1.6829],[-57.2161,50.7453,7.2608],[-57.2202,50.742,0.9573],[-57.2203,50.7408,0.9573],[-57.216,50.7385,6.6726],[-57.2172,50.7379,6.8705],[-57.2289,50.7369,6.2006],[-57.2383,50.7324,0.0],[-57.2533,50.7314,4.3398],[-57.26,50.7289,1.7384],[-57.2783,50.7328,0.0],[-57.2972,50.7295,1.3807],[-57.2989,50.7275,0.5018],[-57.2967,50.7253,10.6543],[-57.3006,50.7254,6.9239],[-57.3122,50.7201,9.2544],[-57.3237,50.7188,0.0],[-57.3294,50.7161,1.5474],[-57.3414,50.7137,9.7123],[-57.3513,50.7046,1.8609],[-57.3562,50.7067,0.7241],[-57.3613,50.7108,4.1497],[-57.3611,50.7123,5.3856],[-57.3546,50.7152,0.2185],[-57.3416,50.7177,3.3793],[-57.3381,50.722,5.3517],[-57.344,50.7297,2.0429],[-57.3529,50.7305,0.0],[-57.3577,50.7278,6.9958],[-57.3582,50.7242,8.0525],[-57.3619,50.7268,4.0032],[-57.3699,50.7235,5.1635],[-57.3702,50.7205,4.0059],[-57.3643,50.7188,9.1639],[-57.3631,50.7142,1.4138],[-57.3678,50.7165,2.3585],[-57.3778,50.7178,1.3927],[-57.3924,50.7158,0.0],[-57.3942,50.7135,19.5752],[-57.3994,50.7114,6.5498],[-57.411,50.6996,1.0676],[-57.4116,50.6971,3.2173],[-57.4101,50.6969,0.2003],[-57.4096,50.695,1.2751],[-57.3967,50.6925,6.3711],[-57.3754,50.6954,0.0],[-57.3558,50.7035,2.0074],[-57.3532,50.701,0.5636],[-57.3594,50.6989,0.1652],[-57.3594,50.6973,2.5673],[-57.3544,50.6967,1.4364],[-57.345,50.6919,2.2843],[-57.3394,50.6853,0.2151],[-57.3292,50.6811,3.4112],[-57.3283,50.6787,0.0],[-57.3217,50.6752,0.2556],[-57.3211,50.6719,1.7691],[-57.3122,50.6697,2.9069],[-57.3067,50.6614,2.8669],[-57.3117,50.6558,1.0865],[-57.3085,50.653,0.3369],[-57.3111,50.6503,1.9984],[-57.3088,50.648,3.9509],[-57.3144,50.6463,0.9307],[-57.3117,50.6406,2.6721],[-57.3087,50.6393,3.0685],[-57.3003,50.6415,0.0],[-57.2989,50.6436,2.432],[-57.2928,50.6461,10.3342],[-57.2809,50.6481,0.6967],[-57.2605,50.6439,1.787],[-57.2477,50.6457,11.5443],[-57.2422,50.6447,1.502],[-57.2409,50.6434,6.185],[-57.2431,50.64,6.4301],[-57.2559,50.6393,1.6854],[-57.2593,50.6378,1.4522],[-57.2606,50.6352,10.3718],[-57.2628,50.6364,0.8337],[-57.2699,50.6355,0.0],[-57.2707,50.6381,3.6131],[-57.2765,50.6374,2.2887],[-57.2837,50.6395,3.487],[-57.3021,50.6363,6.6166],[-57.301,50.6333,0.0],[-57.2961,50.6352,1.7719],[-57.2869,50.6334,0.5564],[-57.2839,50.6283,0.0],[-57.2639,50.6197,7.5976],[-57.2646,50.6185,6.4432],[-57.2711,50.6191,1.2705],[-57.2879,50.6249,1.5593],[-57.2909,50.6235,0.3783],[-57.2883,50.6193,6.5167],[-57.272,50.6082,0.0],[-57.2662,50.6077,2.1289],[-57.262,50.61,0.0],[-57.2606,50.6117,4.3911],[-57.2615,50.6158,7.1514],[-57.2458,50.6133,0.0],[-57.2341,50.618899999999996,10.574],[-57.2201,50.6215,0.0],[-57.2109,50.6258,10.2807],[-57.2002,50.625,0.0],[-57.1897,50.6268,0.0],[-57.1742,50.6337,0.5135],[-57.1572,50.6314,2.8526],[-57.1561,50.6275,1.3722],[-57.1582,50.6263,6.3186],[-57.1586,50.6216,3.1142],[-57.1684,50.6161,0.1062],[-57.1664,50.615,3.0862],[-57.1698,50.6112,4.5588],[-57.173,50.6101,6.8844],[-57.1787,50.6005,0.5897],[-57.1812,50.6005,0.5897],[-57.1844,50.6038,0.4048],[-57.1899,50.6023,8.1493],[-57.1893,50.604,0.0],[-57.1906,50.6048,3.2245],[-57.1933,50.6042,3.2245],[-57.1939,50.6015,9.4616],[-57.1961,50.601,4.2703],[-57.2,50.6028,0.0],[-57.2024,50.6017,0.0],[-57.2029,50.598,0.0],[-57.2058,50.5943,6.2957],[-57.2094,50.5928,1.6714],[-57.2124,50.595,2.4791],[-57.2189,50.5942,2.3414],[-57.2297,50.5973,0.0],[-57.2436,50.5985,5.6758],[-57.259,50.5959,1.7179],[-57.2653,50.5967,3.763],[-57.2779,50.6024,0.0],[-57.2814,50.6065,5.1482],[-57.3044,50.6089,0.0],[-57.3056,50.61,7.0625],[-57.3041,50.6112,0.0],[-57.3087,50.6126,4.4741],[-57.308,50.6158,1.6551],[-57.3181,50.6195,2.2126],[-57.3324,50.6161,5.6187],[-57.3383,50.6175,0.0],[-57.3389,50.6158,0.3405],[-57.3339,50.6156,5.8803],[-57.3385,50.6106,0.0],[-57.3433,50.6099,4.473],[-57.3434,50.6117,5.2759],[-57.3467,50.6131,1.8965],[-57.3517,50.6112,0.8588],[-57.3568,50.6058,0.7357],[-57.367,50.6033,3.0577],[-57.368899999999996,50.6044,0.0],[-57.375,50.5992,5.8834],[-57.378,50.5906,16.8622],[-57.3945,50.5739,1.7738],[-57.394,50.5711,2.6453],[-57.3956,50.5694,0.0],[-57.3911,50.5583,13.5839],[-57.3922,50.5453,2.0145],[-57.3878,50.5419,0.0],[-57.3868,50.534,2.1584],[-57.3938,50.5283,6.1387],[-57.4077,50.5251,10.8635],[-57.427,50.511,11.5359],[-57.4494,50.4975,0.6462],[-57.4756,50.4763,5.683],[-57.4772,50.4694,2.617],[-57.4769,50.4562,1.7734],[-57.481,50.4494,1.5452],[-57.4843,50.4474,0.0249],[-57.4833,50.4447,22.8706],[-57.4871,50.4386,7.997],[-57.4978,50.4293,6.7256],[-57.5083,50.4106,16.8551],[-57.5194,50.3972,0.0],[-57.5227,50.3895,6.0166],[-57.5281,50.3831,0.0],[-57.5277,50.3807,0.1777],[-57.53,50.3772,3.3075],[-57.5289,50.3731,1.0505],[-57.5381,50.3638,0.0],[-57.5382,50.3593,0.0],[-57.5311,50.3486,15.9744],[-57.5315,50.345,1.6542],[-57.5354,50.3404,7.1295],[-57.5354,50.3351,9.7588],[-57.5444,50.3253,4.845],[-57.5485,50.315,3.3102],[-57.5572,50.3019,1.7212],[-57.5602,50.2843,8.0011],[-57.5663,50.2742,12.7682],[-57.5741,50.2543,2.9667],[-57.5831,50.2427,0.0],[-57.5913,50.2407,0.0],[-57.5882,50.2321,7.0916],[-57.5892,50.23,6.2591],[-57.6029,50.2157,10.0601],[-57.6064,50.2141,0.0],[-57.6068,50.2095,3.8345],[-57.6112,50.2068,0.0],[-57.607,50.2018,4.1166],[-57.614,50.1878,2.6297],[-57.6202,50.1829,0.0],[-57.6166,50.1807,4.9008],[-57.6087,50.182,0.0],[-57.6058,50.1778,0.0],[-57.6059,50.1739,0.0],[-57.615,50.1653,5.5612],[-57.6368,50.1536,2.5488],[-57.6466,50.1467,7.4805],[-57.6466,50.1428,8.478],[-57.651,50.1406,0.0],[-57.6556,50.1328,0.0],[-57.663,50.1249,6.4116],[-57.6637,50.1161,0.437],[-57.6691,50.1073,0.4378],[-57.685,50.0914,2.3643],[-57.6859,50.0881,1.296],[-57.6971,50.0753,6.4116],[-57.7011,50.0681,0.0],[-57.7044,50.0565,9.087],[-57.7086,50.05,0.0],[-57.71,50.0454,5.0179],[-57.7092,50.042,0.7421],[-57.7105,50.0406,0.0],[-57.7097,50.0376,1.3878],[-57.7137,50.0314,0.9119],[-57.7223,50.0281,4.3034],[-57.7247,50.0224,4.0067],[-57.7291,50.0189,0.0],[-57.7287,50.0166,8.2984],[-57.7316,50.0151,0.8009],[-57.7349,50.01,17.7621],[-57.7382,50.009,0.0],[-57.7444,50.0,4.9457],[-57.76,49.9856,0.0],[-57.7667,49.9764,4.0693],[-57.7717,49.9669,4.3091],[-57.7714,49.965,0.0],[-57.7694,49.9656,8.0988],[-57.7692,49.9642,5.0403],[-57.7717,49.9597,0.1929],[-57.7664,49.9606,4.5043],[-57.7578,49.9567,0.0],[-57.7561,49.9519,0.5098],[-57.7578,49.9431,0.0],[-57.7678,49.9364,2.8702],[-57.7811,49.9356,0.0],[-57.7778,49.9311,2.4634],[-57.7769,49.9233,0.0],[-57.7789,49.9203,1.5975],[-57.7867,49.9158,0.0],[-57.7981,49.9144,0.8562],[-57.8053,49.9203,0.9252],[-57.8033,49.9225,0.0],[-57.8053,49.9222,0.18],[-57.8081,49.9247,0.0277],[-57.8106,49.9222,4.1281],[-57.8239,49.9228,0.0],[-57.8328,49.9153,0.0],[-57.8297,49.9147,0.0],[-57.8258,49.9167,0.985],[-57.8242,49.9136,0.0],[-57.805,49.9192,0.4712],[-57.7986,49.9117,3.3895],[-57.8017,49.9081,5.2021],[-57.81,49.9056,0.0],[-57.8261,49.8967,4.3053],[-57.8347,49.8872,0.7851],[-57.8356,49.8817,6.5978],[-57.8317,49.8739,0.9881],[-57.8267,49.8753,0.0],[-57.8283,49.8769,0.7429],[-57.8286,49.8808,0.0753],[-57.8211,49.8814,0.1275],[-57.8161,49.8803,0.1383],[-57.8117,49.8767,0.0],[-57.8056,49.8772,0.0807],[-57.8028,49.8744,0.0098],[-57.7972,49.8778,0.1252],[-57.7947,49.8758,0.6483],[-57.7892,49.8756,2.5847],[-57.7875,49.8742,0.6582],[-57.7917,49.8711,0.0517],[-57.7867,49.8681,0.0],[-57.7867,49.8664,0.2578],[-57.798,49.8584,2.0673],[-57.7958,49.8564,2.5088],[-57.7917,49.8575,1.711],[-57.7844,49.8628,0.6528],[-57.7803,49.8636,0.0],[-57.78,49.8658,1.2335],[-57.7764,49.8681,2.8546],[-57.775,49.8672,1.0703],[-57.7756,49.865,1.2318],[-57.7728,49.8642,1.7778],[-57.7708,49.8672,0.0],[-57.7733,49.8681,0.3343],[-57.7703,49.8708,1.7589],[-57.76,49.8714,0.0],[-57.7586,49.868899999999996,0.0],[-57.7594,49.8669,3.9173],[-57.7803,49.8489,1.185],[-57.7783,49.8481,0.0],[-57.7728,49.8508,2.2532],[-57.7711,49.8542,2.7513],[-57.7611,49.8547,0.0],[-57.76,49.8589,0.5412],[-57.7631,49.8606,2.7966],[-57.7608,49.8619,0.4523],[-57.7528,49.8614,2.2544],[-57.7469,49.8589,2.2603],[-57.7464,49.8572,0.574],[-57.7478,49.8564,1.0959],[-57.7542,49.8589,0.0],[-57.7558,49.8575,0.1886],[-57.7575,49.8528,2.3634],[-57.7506,49.8522,0.9084],[-57.7511,49.85,3.319],[-57.7542,49.8486,0.0],[-57.7519,49.8472,0.6505],[-57.7436,49.8522,6.1732],[-57.7372,49.85,0.0],[-57.7306,49.8444,2.2422],[-57.7261,49.8436,0.0],[-57.7194,49.8389,6.4719],[-57.7106,49.8392,7.3675],[-57.7067,49.8375,2.0146],[-57.7058,49.8392,0.0],[-57.7075,49.8411,7.5669],[-57.7019,49.8417,0.8255],[-57.6961,49.8381,2.9947],[-57.6983,49.8342,0.0],[-57.6933,49.8275,12.682],[-57.6858,49.8264,1.7076],[-57.6783,49.8292,17.3439],[-57.675,49.8283,0.0],[-57.6711,49.8297,14.9174],[-57.6633,49.8286,0.0],[-57.6619,49.8275,12.568],[-57.6647,49.8228,1.6062],[-57.6683,49.8206,0.0],[-57.6853,49.8172,0.0],[-57.6961,49.8178,6.9243],[-57.7097,49.8214,1.9963],[-57.7569,49.8145,4.8307],[-57.7633,49.8161,1.8603],[-57.7694,49.8144,2.4585],[-57.7881,49.8139,0.0],[-57.7917,49.8172,0.5445],[-57.7894,49.8236,0.844],[-57.7936,49.8267,5.1433],[-57.7908,49.8317,0.502],[-57.7958,49.8367,1.8702],[-57.8006,49.8381,0.0],[-57.7978,49.8439,2.7418],[-57.7989,49.8511,0.0],[-57.7978,49.8556,0.0],[-57.8006,49.8569,2.6577],[-57.8044,49.8553,6.616],[-57.8117,49.8581,0.1672],[-57.8128,49.8589,0.045],[-57.8119,49.8622,0.0],[-57.8156,49.8636,0.6156],[-57.815,49.8667,0.204],[-57.8186,49.8653,-0.0115],[-57.8244,49.8669,0.5651],[-57.825,49.8572,1.0955],[-57.8286,49.855,0.0],[-57.8317,49.8478,3.6454],[-57.8394,49.8447,2.4693],[-57.8494,49.8433,0.6297],[-57.8503,49.8417,11.3977],[-57.8536,49.8428,0.0],[-57.8572,49.8408,4.663],[-57.8622,49.8414,2.279],[-57.8681,49.8381,1.9637],[-57.8675,49.8356,3.9575],[-57.8647,49.835,19.4016],[-57.8664,49.8317,1.0138],[-57.8628,49.8322,14.8103],[-57.8586,49.8292,1.3882],[-57.8594,49.8228,4.751],[-57.8681,49.8181,6.7134],[-57.8728,49.8097,12.1356],[-57.8711,49.8067,14.2051],[-57.8733,49.8019,0.0],[-57.8714,49.7914,10.8357],[-57.8947,49.7783,3.0661],[-57.9036,49.7686,23.7099],[-57.9114,49.7697,6.6554],[-57.9172,49.7581,0.663],[-57.9189,49.7461,1.9609],[-57.9244,49.7425,4.5479],[-57.9317,49.7325,3.4041],[-57.9353,49.7319,1.7434],[-57.9436,49.7269,0.4201],[-57.9481,49.7181,6.8905],[-57.9506,49.6983,27.9814],[-57.9586,49.6869,25.606],[-57.9653,49.6833,4.7859],[-57.9594,49.6808,20.8601],[-57.9592,49.6792,18.3345],[-57.96,49.6764,0.3052],[-57.9647,49.6742,0.0],[-57.9669,49.6706,1.3812],[-57.9653,49.6622,1.9337],[-57.9631,49.6611,3.7392],[-57.96,49.6544,0.0],[-57.9611,49.6536,0.0],[-57.9603,49.6506,0.0],[-57.9625,49.6492,0.1086],[-57.9619,49.6456,0.0],[-57.9647,49.6419,0.5113],[-57.9592,49.6353,16.3608],[-57.9561,49.6272,4.7444],[-57.9575,49.6258,0.0528],[-57.9556,49.6236,2.8],[-57.9558,49.6114,0.0],[-57.95,49.6078,5.9885],[-57.9517,49.6058,0.0],[-57.9567,49.605,8.0992],[-57.9569,49.6031,12.0533],[-57.9528,49.6014,5.1356],[-57.9458,49.6025,7.7086],[-57.9383,49.5994,10.5254],[-57.9297,49.6017,9.4112],[-57.9192,49.5939,5.5701],[-57.9172,49.5908,2.068],[-57.9181,49.5897,2.4064],[-57.9247,49.5878,3.4133],[-57.9381,49.5872,0.0],[-57.9414,49.5828,0.3894],[-57.9294,49.5775,23.5842],[-57.925,49.5736,1.1374],[-57.9264,49.5725,1.1374],[-57.9247,49.57,0.0],[-57.9083,49.5586,0.0],[-57.9029,49.5498,47.3447],[-57.905,49.5464,3.4862],[-57.8953,49.5403,22.3625],[-57.8933,49.5344,5.6641],[-57.8858,49.5325,4.5817],[-57.8872,49.5283,22.322],[-57.8928,49.5269,0.0],[-57.8861,49.5242,6.8044],[-57.8864,49.5206,5.2567],[-57.8828,49.52,2.0561],[-57.8775,49.5153,0.0],[-57.8764,49.5169,0.297],[-57.8703,49.5181,0.0],[-57.8697,49.5203,0.0],[-57.8728,49.5233,0.0],[-57.8758,49.5239,0.0],[-57.8786,49.5233,11.3722],[-57.8803,49.5211,9.1969],[-57.8844,49.5247,3.4614],[-57.8703,49.5286,2.7878],[-57.8672,49.5239,2.3826],[-57.8619,49.5236,0.0],[-57.8514,49.5275,1.3231],[-57.845,49.5369,0.0],[-57.8456,49.5489,2.1915],[-57.8414,49.5556,14.2678],[-57.8369,49.5561,0.0],[-57.8378,49.5575,0.0],[-57.835,49.5617,0.0],[-57.8358,49.565,1.7722],[-57.8317,49.5622,9.8455],[-57.8381,49.5464,0.0],[-57.8375,49.5436,18.2323],[-57.835,49.5414,22.9162],[-57.8339,49.5367,0.0],[-57.8322,49.535,0.548],[-57.8294,49.5356,18.3793],[-57.8233,49.5258,24.6439],[-57.8219,49.5156,0.0],[-57.8181,49.5144,5.8893],[-57.8156,49.5111,0.0],[-57.8097,49.5106,5.2106],[-57.8058,49.5036,0.0],[-57.8,49.5058,21.1437],[-57.7928,49.5042,0.0],[-57.7908,49.5003,0.0],[-57.7853,49.4989,10.0567],[-57.7828,49.4961,3.3898],[-57.7822,49.4919,14.421],[-57.7786,49.4875,4.4703],[-57.7733,49.4879,13.3514],[-57.7686,49.485,0.0],[-57.7642,49.4861,25.6964],[-57.7558,49.4842,4.7746],[-57.7508,49.4847,3.2966],[-57.7478,49.4825,3.9396],[-57.7381,49.4831,12.8773],[-57.7322,49.4764,2.2115],[-57.7242,49.4764,2.7851],[-57.7292,49.4714,3.111],[-57.7289,49.47,7.2815],[-57.7206,49.4692,0.0],[-57.7186,49.4703,1.8866],[-57.7067,49.4636,0.0],[-57.7081,49.4578,2.2832],[-57.7042,49.4542,2.5931],[-57.7058,49.4531,12.0136],[-57.7089,49.4569,19.3899],[-57.7253,49.4606,9.113],[-57.7281,49.4664,6.9449],[-57.7328,49.4653,86.6054],[-57.7358,49.4594,4.1396],[-57.7428,49.4556,0.0],[-57.7444,49.4517,0.0],[-57.7419,49.4497,0.0],[-57.743,49.4479,5.0374],[-57.7419,49.4464,0.0],[-57.7367,49.4414,13.214],[-57.7361,49.4353,0.0],[-57.7328,49.4319,10.1992],[-57.7369,49.4306,1.2121],[-57.7394,49.4325,7.631],[-57.7389,49.4375,0.0],[-57.7444,49.4442,2.7812],[-57.7436,49.4472,0.3038],[-57.7497,49.4503,26.0858],[-57.7494,49.4536,0.0],[-57.7556,49.4578,0.0],[-57.7564,49.4608,0.0],[-57.7606,49.4619,14.6262],[-57.7619,49.4658,22.6399],[-57.7653,49.4686,5.5696],[-57.7736,49.4689,0.0],[-57.7775,49.4672,0.0],[-57.7819,49.4692,0.0],[-57.7928,49.4689,4.158],[-57.8014,49.4727,4.7607],[-57.8053,49.48,17.0679],[-57.8144,49.4864,1.0384],[-57.8181,49.4867,16.8853],[-57.8211,49.4897,16.8478],[-57.8233,49.4892,18.9591],[-57.8247,49.4931,0.0],[-57.8292,49.4967,22.5174],[-57.8331,49.4969,11.3856],[-57.835,49.4947,15.1703],[-57.8392,49.4969,16.4413],[-57.8375,49.5003,0.0],[-57.8411,49.5067,3.6126],[-57.8481,49.5136,11.5183],[-57.8514,49.5114,3.2327],[-57.855,49.5133,47.2068],[-57.8594,49.5131,19.1293],[-57.8625,49.5103,77.755],[-57.87,49.5075,3.0123],[-57.8747,49.5086,20.6749],[-57.8728,49.5111,0.0],[-57.8747,49.5122,0.0],[-57.8858,49.505,32.4355],[-57.89,49.5048,0.0],[-57.9031,49.4925,0.0],[-57.9022,49.4906,0.0],[-57.9142,49.4858,0.0],[-57.9139,49.4828,16.348],[-57.9014,49.4781,9.259],[-57.9014,49.4744,4.5414],[-57.8892,49.4633,35.5758],[-57.8861,49.4583,4.5209],[-57.8878,49.4536,21.699],[-57.8922,49.4503,0.0],[-57.8903,49.4481,0.0],[-57.8906,49.4456,0.0],[-57.885,49.4411,7.9902],[-57.8758,49.4381,0.5755],[-57.8786,49.4342,0.2297],[-57.8889,49.4361,0.1431],[-57.8928,49.4389,0.0],[-57.9003,49.4403,37.0104],[-57.9047,49.4483,6.3505],[-57.9036,49.4517,0.0],[-57.9008,49.4536,0.0],[-57.9008,49.4564,8.9048],[-57.9178,49.4703,10.584],[-57.9231,49.4767,8.2212],[-57.9217,49.4786,0.0],[-57.9275,49.4825,4.834],[-57.9283,49.485,2.11],[-57.9244,49.4869,0.0],[-57.9244,49.49,0.0],[-57.9125,49.5028,1.6819],[-57.9131,49.5053,5.5221],[-57.9183,49.51,25.7896],[-57.9194,49.5189,1.6642]]],
[[[-57.9025,49.524,0.0],[-57.9017,49.5249,0.0],[-57.9037,49.5257,0.0],[-57.905,49.5235,0.0],[-57.9031,49.5235,0.0],[-57.9025,49.524,0.0]]],
[[[-57.8281,49.9358,1.9253],[-57.825,49.9378,0.0],[-57.8278,49.9378,0.0],[-57.8325,49.9347,0.0859],[-57.83,49.9347,0.6874],[-57.8281,49.9358,1.9253]]],
[[[-57.7964,49.9307,0.0],[-57.7901,49.9327,0.0],[-57.7845,49.9366,0.0],[-57.7849,49.939,0.2826],[-57.7824,49.9439,0.0],[-57.7907,49.9333,0.0],[-57.7964,49.9307,0.0]]],
[[[-57.2633,50.6028,0.0],[-57.2662,50.6036,1.5927],[-57.2678,50.6017,0.0],[-57.2661,50.6017,0.0],[-57.2633,50.6028,0.0]]],
[[[-57.312,50.6331,10.1655],[-57.3159,50.6349,6.547],[-57.3221,50.6346,4.1727],[-57.3264,50.6284,0.209],[-57.3197,50.6269,0.0],[-57.3034,50.6296,3.1587],[-57.312,50.6331,10.1655]]],
[[[-57.3172,50.7317,2.4823],[-57.3148,50.7294,0.3276],[-57.3117,50.7322,0.0],[-57.3145,50.7336,3.9673],[-57.3172,50.7317,2.4823]]],
[[[-57.2964,50.8344,3.6249],[-57.2952,50.8392,3.178],[-57.2979,50.8409,0.0],[-57.302,50.8416,2.2243],[-57.3134,50.8388,0.0],[-57.3158,50.8312,0.1747],[-57.3122,50.8262,2.2152],[-57.3119,50.8222,1.6906],[-57.3039,50.8205,1.7708],[-57.3017,50.8214,0.3839],[-57.3027,50.8258,1.7439],[-57.2993,50.8272,0.9585],[-57.3003,50.8298,0.8237],[-57.2942,50.8323,0.7768],[-57.2937,50.8336,0.7768],[-57.2964,50.8344,3.6249]]],
[[[-57.2405,50.792,0.0],[-57.2391,50.7932,0.0],[-57.2425,50.7919,0.0],[-57.2421,50.7915,0.0],[-57.2405,50.792,0.0]]],
[[[-57.2256,50.8001,0.5948],[-57.2236,50.8011,0.1684],[-57.2281,50.7999,0.5948],[-57.2278,50.7993,0.5948],[-57.2256,50.8001,0.5948]]],
[[[-57.1893,50.8038,5.4636],[-57.1808,50.8093,0.0],[-57.1818,50.8111,2.0423],[-57.1854,50.8123,0.0],[-57.1917,50.8114,6.6296],[-57.2073,50.806399999999996,7.599],[-57.2112,50.8028,0.0],[-57.2083,50.8022,0.6693],[-57.2047,50.8055,19.4748],[-57.2022,50.8044,0.0],[-57.2078,50.8017,0.7483],[-57.2072,50.8006,0.7483],[-57.2039,50.8021,4.3027],[-57.1976,50.8012,0.0],[-57.1893,50.8038,5.4636]]],
[[[-57.1992,50.8295,3.6848],[-57.2034,50.8314,7.0011],[-57.2008,50.8336,1.1251],[-57.207,50.8367,1.2755],[-57.2126,50.8426,0.3265],[-57.2246,50.8378,1.96],[-57.2238,50.8342,3.0091],[-57.2249,50.8336,4.2133],[-57.2298,50.835,0.721],[-57.235,50.8421,0.0],[-57.2398,50.8408,1.1695],[-57.2361,50.8397,0.8186],[-57.2389,50.8383,6.0019],[-57.2528,50.84,4.6019],[-57.264,50.8354,2.3392],[-57.2682,50.8317,0.0],[-57.2717,50.8236,6.285],[-57.2761,50.8189,5.7629],[-57.2761,50.8167,6.7366],[-57.2681,50.8091,0.5286],[-57.2477,50.808,0.9819],[-57.2431,50.809,0.7744],[-57.2415,50.8114,2.9103],[-57.2378,50.8128,6.5219],[-57.2315,50.8124,5.0117],[-57.2303,50.8109,7.9149],[-57.2388,50.8097,3.7512],[-57.2395,50.8063,10.3177],[-57.2422,50.8047,6.7052],[-57.2489,50.8051,1.7946],[-57.2533,50.8018,17.9418],[-57.2587,50.8018,3.3782],[-57.261,50.8,0.0],[-57.2578,50.7981,0.0],[-57.2523,50.7976,4.7725],[-57.255,50.7961,0.7312],[-57.2372,50.7961,5.242],[-57.2205,50.8044,0.0],[-57.2195,50.8062,0.1289],[-57.222,50.8086,1.3769],[-57.2047,50.815,0.0],[-57.1961,50.8208,2.0176],[-57.1951,50.8239,6.2291],[-57.1882,50.8196,0.0],[-57.1858,50.821,1.999],[-57.1858,50.8246,2.287],[-57.1883,50.8242,1.9699],[-57.1931,50.8274,0.0],[-57.1906,50.8283,0.0],[-57.1939,50.8294,0.0],[-57.1961,50.8278,2.4195],[-57.1966,50.8296,0.4078],[-57.1992,50.8295,3.6848]]],
[[[-56.1065,50.7225,6.9973],[-56.1097,50.7239,8.8592],[-56.1078,50.7247,8.8592],[-56.1095,50.7271,7.6047],[-56.1077,50.7321,15.0763],[-56.1105,50.7343,0.4383],[-56.1143,50.7336,10.9148],[-56.1167,50.7275,0.0],[-56.1143,50.7218,8.9917],[-56.1151,50.7201,0.7643],[-56.1128,50.7198,0.0],[-56.1104,50.7226,7.3257],[-56.1075,50.7207,1.8343],[-56.1065,50.7225,6.9973]]],
[[[-56.2063,50.8394,1.618],[-56.2102,50.8386,3.6599],[-56.2111,50.8369,0.0],[-56.2075,50.8379,0.0],[-56.2063,50.8394,1.618]]],
[[[-56.1594,50.8769,6.0872],[-56.1591,50.8742,2.954],[-56.1557,50.8755,9.106],[-56.1539,50.8781,3.6832],[-56.155,50.8797,0.0],[-56.1594,50.8769,6.0872]]],
[[[-56.1678,50.8787,4.6351],[-56.1697,50.8789,1.1734],[-56.1706,50.8766,0.0],[-56.1693,50.8763,0.0],[-56.1678,50.8787,4.6351]]],
[[[-56.8794,51.1014,0.0],[-56.875,51.1014,0.0],[-56.875,51.1019,0.0],[-56.8817,51.1022,0.9119],[-56.8794,51.1014,0.0]]],
[[[-56.0822,51.1436,1.0],[-56.0839,51.1456,1.0],[-56.085,51.1431,1.0],[-56.0833,51.1431,1.0],[-56.0822,51.1436,1.0]]],
[[[-57.1628,50.8161,1.7427],[-57.1576,50.816,0.4622],[-57.1498,50.8197,0.0],[-57.1468,50.8229,0.0],[-57.1473,50.8248,0.0],[-57.1517,50.8267,1.6672],[-57.1539,50.8258,0.5421],[-57.1579,50.8205,6.9206],[-57.1629,50.8176,4.727],[-57.1628,50.8161,1.7427]]],
[[[-57.1072,50.8353,5.9505],[-57.11,50.8325,3.0536],[-57.1023,50.8333,0.0],[-57.1025,50.8342,0.0],[-57.1072,50.8353,5.9505]]],
[[[-57.0967,50.8358,0.41],[-57.0969,50.8353,1.1498],[-57.0991,50.8341,0.0],[-57.0951,50.8344,0.0],[-57.0967,50.8358,0.41]]],
[[[-57.1544,50.8806,0.1588],[-57.1469,50.8803,0.0],[-57.1431,50.8828,3.2513],[-57.1453,50.8842,0.1965],[-57.1546,50.8817,0.1588],[-57.1544,50.8806,0.1588]]],
[[[-57.1361,50.8811,0.4177],[-57.1295,50.8838,0.8456],[-57.1295,50.885,0.8456],[-57.1349,50.8846,2.0067],[-57.1369,50.8828,1.0473],[-57.1361,50.8811,0.4177]]],
[[[-57.2896,50.8902,0.3021],[-57.2914,50.8888,0.0],[-57.2862,50.8877,0.0],[-57.2818,50.8911,0.3808],[-57.2839,50.8928,0.0],[-57.2896,50.8902,0.3021]]],
[[[-57.2789,50.8953,0.0],[-57.2789,50.8928,0.0],[-57.2767,50.8928,0.1135],[-57.2771,50.8981,0.2838],[-57.2757,50.9007,0.0],[-57.2784,50.9023,0.0],[-57.2829,50.8989,0.0],[-57.2789,50.8953,0.0]]],
[[[-57.1128,50.9184,0.0],[-57.1061,50.9207,2.8371],[-57.1046,50.9227,0.0],[-57.1083,50.9238,0.448],[-57.1187,50.9217,1.0245],[-57.1177,50.9199,0.9754],[-57.1128,50.9184,0.0]]],
[[[-57.1782,50.9228,6.6943],[-57.1767,50.9231,0.0],[-57.1761,50.9261,1.0064],[-57.1817,50.925,3.466],[-57.1842,50.9229,0.4096],[-57.1833,50.9208,6.1625],[-57.1843,50.92,1.1841],[-57.1811,50.9199,0.0],[-57.1782,50.9228,6.6943]]],
[[[-57.13,50.9253,7.977],[-57.1311,50.9236,0.0895],[-57.1296,50.9222,2.9999],[-57.1238,50.9237,0.0],[-57.1256,50.9272,0.0],[-57.13,50.9253,7.977]]],
[[[-56.9617,51.0267,0.0],[-56.9594,51.0275,0.0],[-56.9667,51.0286,0.1928],[-56.9639,51.0269,0.0],[-56.9617,51.0267,0.0]]],
[[[-56.958,51.0299,0.3536],[-56.9552,51.0291,4.8061],[-56.9568,51.0282,0.0],[-56.9546,51.0263,0.0],[-56.9518,51.031,0.0],[-56.9568,51.0319,1.6592],[-56.9591,51.0305,0.0],[-56.958,51.0299,0.3536]]],
[[[-56.9322,51.0326,0.4803],[-56.9304,51.0298,0.0],[-56.9288,51.0303,0.0],[-56.929,51.0321,0.0],[-56.9322,51.0326,0.4803]]],
[[[-56.9389,51.0533,1.8094],[-56.9444,51.0522,1.3012],[-56.9472,51.0536,4.7346],[-56.9494,51.0578,1.7879],[-56.9544,51.0561,0.5932],[-56.9544,51.0531,2.4478],[-56.9567,51.0519,6.7187],[-56.9699,51.0497,3.0334],[-56.9711,51.0514,3.5831],[-56.97,51.0525,1.2552],[-56.9772,51.0536,9.221],[-56.9783,51.0556,0.0],[-56.9872,51.0522,0.2521],[-56.9878,51.0489,8.1946],[-56.9839,51.0472,3.3721],[-56.9733,51.0486,1.3417],[-56.97,51.0469,0.0],[-56.9607,51.0489,3.2743],[-56.9594,51.0461,3.3963],[-56.9644,51.0433,0.6441],[-56.9633,51.0394,4.0309],[-56.9644,51.0378,0.5762],[-56.9606,51.0367,0.0],[-56.955,51.0378,1.7772],[-56.9533,51.0361,0.0],[-56.9494,51.0408,2.7358],[-56.9483,51.0386,0.3458],[-56.9456,51.0389,5.886],[-56.9428,51.0419,0.0],[-56.9439,51.0436,2.5565],[-56.9367,51.0486,1.3033],[-56.94,51.0503,0.6496],[-56.9389,51.0533,1.8094]]],
[[[-56.8772,51.0933,0.6818],[-56.8839,51.0975,0.0],[-56.8856,51.0967,0.0],[-56.8846,51.0911,4.2332],[-56.893,51.0845,8.1606],[-56.9011,51.0806,0.0],[-56.9024,51.0778,2.6178],[-56.8991,51.0778,0.9467],[-56.8946,51.082,0.0],[-56.8878,51.0833,1.9153],[-56.8767,51.0922,0.6818],[-56.8772,51.0933,0.6818]]],
[[[-56.8394,51.1517,0.0],[-56.8367,51.1514,0.0],[-56.8367,51.1531,0.0],[-56.8417,51.1525,0.4053],[-56.8394,51.1517,0.0]]],
[[[-56.8412,51.1563,0.792],[-56.8423,51.1546,1.0048],[-56.8412,51.1538,1.0048],[-56.8385,51.1543,2.1757],[-56.8334,51.1602,0.0],[-56.8273,51.1627,0.0],[-56.8346,51.1635,0.8988],[-56.8373,51.1588,2.7512],[-56.8412,51.1563,0.792]]],
[[[-56.8115,51.1665,0.6118],[-56.8143,51.1665,1.2613],[-56.8149,51.1643,0.6698],[-56.8115,51.1646,0.0],[-56.8115,51.1665,0.6118]]],
[[[-55.9983,51.1833,0.0],[-55.995,51.1858,0.0],[-56.0028,51.1849,0.0],[-56.0039,51.1827,0.0],[-56.0,51.1822,1.8723],[-55.9983,51.1833,0.0]]],
[[[-55.9444,51.2047,1.0361],[-55.9411,51.2078,0.5162],[-55.9518,51.2077,0.8492],[-55.9544,51.2032,1.1244],[-55.9514,51.203,0.0],[-55.9444,51.2047,1.0361]]],
[[[-55.9738,51.2036,0.0],[-55.969,51.2017,0.6596],[-55.9641,51.2093,0.9779],[-55.968,51.211,0.6368],[-55.9705,51.2101,12.7102],[-55.9738,51.2036,0.0]]],
[[[-56.8171,51.1745,1.0716],[-56.8193,51.1739,0.0],[-56.8143,51.1717,0.0],[-56.8121,51.1736,0.0],[-56.8143,51.1748,2.3969],[-56.8171,51.1745,1.0716]]],
[[[-56.819,51.1779,1.898],[-56.819,51.1799,1.4029],[-56.8218,51.1802,7.9766],[-56.8212,51.1832,0.1829],[-56.8234,51.1829,1.3364],[-56.8257,51.1793,1.7973],[-56.8329,51.1821,0.0],[-56.8368,51.1799,0.8979],[-56.8368,51.1785,3.0935],[-56.8429,51.176,3.0229],[-56.8451,51.1727,2.6578],[-56.8418,51.171,0.5819],[-56.8379,51.1715,0.0],[-56.8328,51.1778,0.4512],[-56.8268,51.1757,1.0004],[-56.8229,51.1768,1.6451],[-56.8257,51.1743,0.0],[-56.8223,51.1735,0.0],[-56.8223,51.1752,0.0],[-56.819,51.1779,1.898]]],
[[[-56.7544,51.2886,0.0],[-56.7594,51.2897,0.7428],[-56.7622,51.2875,0.5811],[-56.7589,51.2881,0.7277],[-56.7589,51.2864,0.2061],[-56.7561,51.2864,0.0],[-56.7544,51.2886,0.0]]],
[[[-55.9189,51.2358,0.6512],[-55.9178,51.2361,0.0],[-55.9222,51.2378,0.1134],[-55.9256,51.2352,1.3299],[-55.9243,51.2336,0.0],[-55.9222,51.2359,1.0615],[-55.9222,51.2342,1.4419],[-55.9206,51.2339,1.4419],[-55.9189,51.2358,0.6512]]],
[[[-55.9337,51.2385,0.0],[-55.9315,51.2386,0.0],[-55.9296,51.2383,0.0],[-55.9316,51.2394,1.1947],[-55.9337,51.2385,0.0]]],
[[[-55.9478,51.2567,0.0],[-55.9461,51.2583,1.1023],[-55.9522,51.2611,1.6637],[-55.964,51.2556,0.7357],[-55.9685,51.2578,2.2372],[-55.9756,51.2572,0.3081],[-55.9783,51.2539,0.5124],[-55.9747,51.2526,4.5602],[-55.968,51.2531,0.0],[-55.9658,51.2511,0.0],[-55.9678,51.2473,0.0],[-55.9632,51.246,1.2821],[-55.9539,51.2541,7.5741],[-55.9478,51.2567,0.0]]],
[[[-56.009,51.2551,1.1458],[-56.0078,51.2574,0.0],[-56.0098,51.2585,2.3798],[-56.0103,51.2611,0.0],[-56.0122,51.2622,0.0],[-56.0157,51.2611,0.0],[-56.0164,51.2574,0.2257],[-56.0117,51.2548,1.194],[-56.009,51.2551,1.1458]]],
[[[-55.9701,51.2589,1.3515],[-55.9684,51.2617,0.3916],[-55.9723,51.2614,0.2625],[-55.9723,51.2592,2.618],[-55.9701,51.2589,1.3515]]],
[[[-55.9317,51.2592,3.1146],[-55.9283,51.2614,0.0],[-55.9283,51.2653,0.0],[-55.9339,51.2689,6.2949],[-55.931399999999996,51.2714,0.572],[-55.9411,51.276,3.4214],[-55.9578,51.2675,0.0],[-55.9533,51.2625,2.2919],[-55.945,51.2653,0.7305],[-55.9416,51.2619,3.1307],[-55.943,51.2587,0.0],[-55.9373,51.2572,9.5161],[-55.9358,51.2553,0.0],[-55.9322,51.2562,1.2637],[-55.9317,51.2592,3.1146]]],
[[[-55.9498,51.3345,2.2581],[-55.9472,51.334,4.0763],[-55.9445,51.334,1.1657],[-55.9473,51.3352,4.0763],[-55.9498,51.3345,2.2581]]],
[[[-56.0328,51.3479,0.0],[-56.0283,51.3571,0.0],[-56.0372,51.3546,0.2423],[-56.0394,51.3502,0.785],[-56.0389,51.3465,1.0638],[-56.0411,51.3452,8.8059],[-56.0417,51.3415,0.0],[-56.035,51.3418,0.0],[-56.0339,51.3446,7.8597],[-56.0355,51.3463,10.5778],[-56.0328,51.3479,0.0]]],
[[[-56.7472,51.3067,0.0],[-56.7422,51.3075,0.0],[-56.7428,51.3086,0.0],[-56.7489,51.3081,0.5098],[-56.7472,51.3067,0.0]]],
[[[-56.7078,51.33,0.7079],[-56.7039,51.3292,0.0],[-56.7028,51.3303,0.0],[-56.7089,51.3303,0.264],[-56.7078,51.33,0.7079]]],
[[[-56.5799,51.3994,0.0],[-56.5679,51.4054,0.0],[-56.5768,51.4029,0.2582],[-56.5807,51.4004,0.0],[-56.5799,51.3994,0.0]]],
[[[-55.6106,50.6875,0.0],[-55.6067,50.6908,0.0],[-55.6117,50.6914,1.2743],[-55.6161,50.6892,0.0737],[-55.6161,50.6872,0.0],[-55.6106,50.6875,0.0]]],
[[[-55.6289,50.7067,0.6909],[-55.6312,50.7054,0.0],[-55.6294,50.7039,0.642],[-55.6272,50.7066,0.0],[-55.6289,50.7067,0.6909]]],
[[[-55.6572,50.7331,0.0],[-55.6606,50.7328,4.1219],[-55.6606,50.7311,0.0],[-55.6583,50.7311,0.0],[-55.6572,50.7331,0.0]]],
[[[-55.6233,50.7944,3.5753],[-55.6238,50.7923,2.7883],[-55.62,50.7931,2.7883],[-55.6206,50.7944,3.5753],[-55.6233,50.7944,3.5753]]],
[[[-55.765,50.8989,0.0],[-55.7661,50.9011,0.149],[-55.7683,50.9013,0.0],[-55.7683,50.8961,0.0],[-55.765,50.8967,0.0],[-55.765,50.8989,0.0]]],
[[[-55.7345,51.1078,0.3233],[-55.7345,51.1095,1.2293],[-55.7406,51.1058,7.4818],[-55.7406,51.1044,1.7577],[-55.7359,51.1061,8.8666],[-55.7345,51.1078,0.3233]]],
[[[-55.7585,51.1665,2.9364],[-55.7606,51.1649,0.0],[-55.7602,51.1638,0.0],[-55.7561,51.1651,1.8511],[-55.7585,51.1665,2.9364]]],
[[[-55.7139,51.1769,2.6071],[-55.7161,51.1751,2.8684],[-55.7143,51.1738,2.8684],[-55.7124,51.1758,2.6071],[-55.7139,51.1769,2.6071]]],
[[[-55.6782,51.1807,2.4019],[-55.6855,51.1783,4.5902],[-55.6858,51.1861,0.9612],[-55.6846,51.187,0.0],[-55.6863,51.1887,2.422],[-55.6891,51.1879,0.7546],[-55.6884,51.1863,0.6825],[-55.6914,51.1849,1.0047],[-55.6916,51.1826,5.731],[-55.6944,51.1846,4.0988],[-55.6972,51.1837,6.0841],[-55.6989,51.1763,0.0],[-55.6961,51.1683,0.0],[-55.6939,51.1683,0.4515],[-55.6936,51.1703,0.0],[-55.6889,51.1744,1.5097],[-55.6756,51.1753,1.0763],[-55.6742,51.1775,2.4515],[-55.6782,51.1807,2.4019]]],
[[[-55.6789,51.1829,0.7655],[-55.6749,51.182,0.3098],[-55.6718,51.1846,3.027],[-55.6716,51.1864,8.7119],[-55.6746,51.1877,1.2264],[-55.6712,51.1898,0.0],[-55.6706,51.1933,0.0],[-55.675,51.1922,4.6069],[-55.6793,51.1871,2.1273],[-55.6777,51.1856,1.1318],[-55.6789,51.1853,0.5456],[-55.6789,51.1829,0.7655]]],
[[[-55.6806,51.1881,2.1273],[-55.6783,51.19,3.8015],[-55.6856,51.1897,1.4767],[-55.6839,51.1886,0.0],[-55.6806,51.1881,2.1273]]],
[[[-55.7417,51.1661,1.1576],[-55.7433,51.1631,0.0],[-55.7372,51.1653,0.0],[-55.7388,51.1673,4.5974],[-55.7417,51.1661,1.1576]]],
[[[-55.7645,51.2098,3.6142],[-55.7672,51.2087,0.8441],[-55.7674,51.2078,0.8441],[-55.7623,51.2098,0.0],[-55.7645,51.2098,3.6142]]],
[[[-55.758,51.2114,0.0],[-55.7563,51.2112,0.9072],[-55.7551,51.212,0.0],[-55.7592,51.2124,0.0],[-55.758,51.2114,0.0]]],
[[[-55.7704,51.2137,0.0],[-55.7669,51.2131,0.0],[-55.7658,51.2136,0.0],[-55.7672,51.2149,1.97],[-55.7704,51.2137,0.0]]],
[[[-55.5374,50.9778,0.0],[-55.5411,50.9772,0.8851],[-55.5416,50.9792,0.0],[-55.5452,50.9806,0.0],[-55.5506,50.9868,32.1222],[-55.5717,50.9824,3.4952],[-55.577,50.9853,6.1319],[-55.588,50.981,8.122],[-55.5905,50.9766,80.2994],[-55.5982,50.9755,0.0],[-55.6028,50.9696,56.8746],[-55.6161,50.9653,9.1852],[-55.6379,50.9658,9.2284],[-55.6353,50.9597,35.3781],[-55.6377,50.9582,2.8965],[-55.6358,50.9542,30.5905],[-55.6351,50.9468,36.0949],[-55.6363,50.9432,4.3816],[-55.6344,50.9356,11.0409],[-55.6322,50.9333,0.0],[-55.6285,50.9327,0.0],[-55.626,50.9278,0.0],[-55.6214,50.9258,4.7381],[-55.6215,50.9239,3.8407],[-55.6256,50.9227,8.5627],[-55.6278,50.919,19.8659],[-55.6319,50.9182,15.9164],[-55.633,50.9144,0.0],[-55.6198,50.9042,0.0],[-55.6218,50.8972,8.7386],[-55.61,50.8981,0.0],[-55.599,50.8948,0.0],[-55.5969,50.8924,9.0433],[-55.5933,50.8808,0.0],[-55.5883,50.8828,0.7844],[-55.5806,50.8825,0.0],[-55.5722,50.8886,0.0],[-55.5717,50.8931,0.0],[-55.5683,50.8964,0.0],[-55.573,50.9008,3.4298],[-55.5786,50.9138,0.0],[-55.5871,50.9131,59.1282],[-55.5922,50.9147,3.7347],[-55.5894,50.9178,0.0],[-55.5833,50.9203,0.0],[-55.5885,50.9252,0.0],[-55.5828,50.9272,2.0482],[-55.5772,50.9344,0.0],[-55.5572,50.9425,0.0],[-55.555,50.9472,0.0],[-55.5467,50.9492,0.3985],[-55.545,50.9542,2.7131],[-55.5344,50.9572,0.0],[-55.535,50.9636,0.0],[-55.5406,50.9681,0.0],[-55.54,50.9733,0.0],[-55.5374,50.9749,0.0],[-55.5374,50.9778,0.0]]],
[[[-55.63,50.9728,0.0],[-55.6293,50.9742,0.0],[-55.6334,50.9734,0.0],[-55.6327,50.9723,0.0],[-55.63,50.9728,0.0]]],
[[[-55.6301,50.9839,0.0],[-55.633,50.9812,0.0],[-55.6335,50.9778,0.0],[-55.6306,50.9774,1.7055],[-55.6262,50.9798,0.0],[-55.6301,50.9839,0.0]]],
[[[-55.7206,51.1003,5.6197],[-55.7137,51.1036,1.0839],[-55.7125,51.1092,20.962],[-55.7108,51.1108,1.6308],[-55.7189,51.1078,0.0],[-55.7194,51.1047,12.5052],[-55.7239,51.1022,0.0],[-55.7257,51.099,0.0],[-55.7237,51.0976,1.9665],[-55.7206,51.1003,5.6197]]],
[[[-55.4816,50.8,0.0],[-55.4809,50.8029,19.4804],[-55.4833,50.8025,19.4804],[-55.4835,50.805,0.0],[-55.4868,50.805,7.1124],[-55.4902,50.8015,5.1873],[-55.4947,50.8005,0.0],[-55.4981,50.7966,74.227],[-55.5068,50.794,0.0],[-55.5094,50.7915,60.0693],[-55.5112,50.7925,3.9336],[-55.5089,50.7992,0.0],[-55.5101,50.8002,0.0],[-55.5052,50.8032,0.0],[-55.5112,50.8044,5.7447],[-55.5152,50.8008,0.0],[-55.5224,50.7999,4.6586],[-55.5375,50.7921,0.0],[-55.5358,50.7908,0.0],[-55.5367,50.7819,22.5185],[-55.5461,50.7786,27.0691],[-55.5502,50.7799,4.0591],[-55.5526,50.778,51.8928],[-55.5573,50.7776,4.6595],[-55.5604,50.7713,7.9539],[-55.565,50.7709,2.9231],[-55.5678,50.7736,0.0],[-55.5744,50.774,0.0],[-55.5766,50.7722,18.1359],[-55.5821,50.7717,33.4384],[-55.5855,50.7682,10.5583],[-55.5963,50.7663,4.6661],[-55.6014,50.7622,0.0],[-55.6076,50.7602,53.1068],[-55.6106,50.7622,0.0],[-55.6022,50.7769,0.0],[-55.6022,50.7817,0.0],[-55.6061,50.7833,31.8681],[-55.6178,50.7809,0.0],[-55.6262,50.7811,7.1],[-55.6267,50.7861,0.0],[-55.6244,50.7908,0.0],[-55.63,50.7919,19.7143],[-55.6354,50.7906,2.7509],[-55.6449,50.7796,16.106],[-55.645,50.7711,11.9035],[-55.6394,50.7675,9.3333],[-55.6467,50.7583,0.0],[-55.6439,50.7564,0.0],[-55.6361,50.7561,12.4808],[-55.6381,50.7517,25.3594],[-55.6375,50.7481,0.0],[-55.6309,50.7481,2.5432],[-55.6364,50.7425,2.6794],[-55.6467,50.7361,8.2869],[-55.6528,50.7344,1.1855],[-55.6534,50.7304,8.1237],[-55.6604,50.7228,16.9765],[-55.6635,50.7155,0.0],[-55.6513,50.7146,0.0],[-55.6475,50.7163,22.2779],[-55.6455,50.7137,0.0],[-55.6398,50.7136,10.4479],[-55.6395,50.7114,2.3009],[-55.6333,50.7078,1.129],[-55.618899999999996,50.7092,0.0],[-55.6146,50.7117,0.0],[-55.612,50.71,0.0],[-55.6067,50.7106,0.0],[-55.6051,50.71,0.8242],[-55.6044,50.7068,-0.0049],[-55.6019,50.7065,1.2874],[-55.6111,50.7011,0.9778],[-55.6083,50.6977,0.0],[-55.6022,50.6985,0.4993],[-55.5987,50.6965,0.0],[-55.5962,50.6973,1.1497],[-55.5963,50.7009,0.0],[-55.5938,50.7007,2.3289],[-55.5878,50.6969,8.3189],[-55.5894,50.6954,8.9511],[-55.5889,50.6933,0.8491],[-55.5767,50.6914,0.0],[-55.5711,50.6947,0.8947],[-55.5644,50.6914,0.0],[-55.5611,50.6967,32.3722],[-55.5661,50.6989,0.2411],[-55.5591,50.7043,9.8224],[-55.5545,50.7044,47.5629],[-55.5491,50.701,21.37],[-55.5423,50.7038,0.0],[-55.5435,50.708,0.0],[-55.5425,50.7087,0.0],[-55.5386,50.709,98.1361],[-55.5328,50.7067,0.0],[-55.5327,50.7105,7.0289],[-55.5243,50.7137,0.0],[-55.5217,50.7156,0.0],[-55.5234,50.7175,24.8292],[-55.5161,50.7194,0.0],[-55.5166,50.7205,7.378],[-55.515,50.7211,7.378],[-55.5155,50.7238,1.5875],[-55.5197,50.725,25.8841],[-55.5365,50.7244,72.0838],[-55.5333,50.7278,0.0],[-55.5171,50.7342,0.0],[-55.5178,50.7375,0.0],[-55.5117,50.7386,0.0],[-55.5113,50.7427,0.0],[-55.4994,50.7414,0.0],[-55.5001,50.7443,0.0],[-55.4983,50.7467,0.0],[-55.4928,50.7473,24.4915],[-55.4867,50.7453,0.0],[-55.4807,50.7511,5.3788],[-55.4763,50.7517,0.0],[-55.4762,50.7541,7.1916],[-55.4728,50.7581,0.0],[-55.4818,50.7598,14.731],[-55.4917,50.7544,15.4493],[-55.4942,50.7551,27.6161],[-55.4947,50.7573,0.0],[-55.5006,50.7586,107.3238],[-55.4889,50.7656,0.0],[-55.496,50.7682,0.0],[-55.4917,50.7733,0.0],[-55.4806,50.7734,0.0],[-55.4747,50.7764,3.5443],[-55.475,50.778,17.795],[-55.4625,50.7802,0.0],[-55.4621,50.784,23.1916],[-55.4561,50.7866,1.0633],[-55.4539,50.7922,0.0],[-55.4628,50.7906,12.6049],[-55.4567,50.7942,0.0],[-55.4604,50.7961,0.0],[-55.467,50.7925,21.578],[-55.4733,50.7917,46.7119],[-55.4692,50.7965,0.0],[-55.4737,50.7954,5.9374],[-55.4767,50.7972,2.8832],[-55.4678,50.8017,0.0],[-55.4672,50.8039,0.0],[-55.4817,50.7986,52.1367],[-55.4816,50.8,0.0]]],
[[[-55.5228,50.9855,0.0],[-55.5226,50.9869,0.0],[-55.5265,50.9863,0.0],[-55.5248,50.9832,0.1689],[-55.5228,50.9855,0.0]]],
[[[-55.491,51.4893,1.5782],[-55.4983,51.4886,14.2797],[-55.5021,51.4903,9.418],[-55.5081,51.4872,11.4069],[-55.4997,51.484,4.0597],[-55.4919,51.4871,9.4347],[-55.491,51.4893,1.5782]]],
[[[-55.4833,51.4968,0.0],[-55.4842,51.4978,0.0],[-55.4865,51.4959,0.0],[-55.4848,51.4949,0.0],[-55.4833,51.4968,0.0]]],
[[[-55.5956,51.3097,0.0],[-55.5877,51.309,5.1436],[-55.5833,51.3119,2.2752],[-55.5922,51.3131,9.0997],[-55.5972,51.3106,0.0],[-55.5956,51.3097,0.0]]],
[[[-55.6265,51.5731,1.3126],[-55.6253,51.5737,0.0],[-55.6298,51.5726,0.0],[-55.6281,51.572,0.0],[-55.6265,51.5731,1.3126]]],
[[[-55.4486,51.5181,0.3307],[-55.4454,51.5239,12.9713],[-55.4472,51.5262,1.788],[-55.4514,51.5231,15.508],[-55.4541,51.5238,2.3182],[-55.4539,51.5194,3.0776],[-55.4578,51.5175,0.0],[-55.4578,51.5133,0.0],[-55.4556,51.5119,0.0],[-55.4528,51.5128,3.2937],[-55.4486,51.5181,0.3307]]],
[[[-55.4441,51.5334,5.988],[-55.4492,51.529,1.2734],[-55.4498,51.528,1.2771],[-55.4437,51.53,1.598],[-55.4441,51.5334,5.988]]],
[[[-55.3617,51.5823,4.1288],[-55.3633,51.5804,0.8797],[-55.3626,51.5787,0.0],[-55.3587,51.5774,11.6463],[-55.3573,51.5839,0.0],[-55.3604,51.5847,10.8437],[-55.3617,51.5823,4.1288]]],
[[[-55.6695,51.1989,0.0],[-55.6735,51.1994,0.0],[-55.6715,51.1968,0.0],[-55.6693,51.1974,2.0764],[-55.6695,51.1989,0.0]]],
[[[-55.6738,51.2025,2.5325],[-55.6683,51.2036,0.0],[-55.6728,51.2064,4.4061],[-55.6756,51.2033,0.0],[-55.6738,51.2025,2.5325]]],
[[[-55.6587,51.2204,0.0],[-55.6578,51.2236,0.0],[-55.6685,51.2212,9.5279],[-55.6744,51.2172,1.1132],[-55.6645,51.2162,8.0199],[-55.6587,51.2204,0.0]]],
[[[-55.6725,51.224,0.7561],[-55.6739,51.2247,2.8153],[-55.6759,51.2223,0.0],[-55.6741,51.2224,9.256],[-55.6725,51.224,0.7561]]],
[[[-55.975,51.2272,3.8494],[-55.9706,51.2297,0.0],[-55.9765,51.2303,6.1516],[-55.9839,51.2266,5.6157],[-55.9926,51.2192,0.0],[-55.9923,51.2166,0.6389],[-56.0,51.2117,16.1948],[-56.0084,51.2099,4.0005],[-56.0078,51.2035,2.041],[-56.0049,51.2013,0.0],[-55.9943,51.204,3.7315],[-55.9881,51.2146,0.0],[-55.9822,51.2187,0.0],[-55.9829,51.2217,0.392],[-55.9814,51.2242,3.6707],[-55.975,51.2272,3.8494]]],
[[[-55.9172,51.2151,0.0],[-55.9178,51.2173,0.7406],[-55.911,51.223,3.199],[-55.9264,51.2197,1.9341],[-55.9407,51.2186,5.2972],[-55.9403,51.2166,6.0272],[-55.9496,51.2115,2.4297],[-55.9466,51.2104,0.0787],[-55.9433,51.2133,2.6797],[-55.9398,51.2139,4.1634],[-55.9388,51.2112,1.1996],[-55.9334,51.209,2.8132],[-55.9289,51.209,4.2969],[-55.923,51.2106,11.388],[-55.9172,51.2151,0.0]]],
[[[-56.0147,51.2217,7.0528],[-56.017,51.2209,0.0],[-56.0175,51.2195,2.1246],[-56.012,51.2209,1.4685],[-56.0147,51.2217,7.0528]]],
[[[-55.9451,51.2227,1.812],[-55.949,51.2246,0.0],[-55.9528,51.2235,3.5119],[-55.9501,51.221,0.6403],[-55.944,51.2229,0.0],[-55.9451,51.2227,1.812]]],
[[[-55.9185,51.2286,3.8402],[-55.9203,51.2276,0.6587],[-55.9202,51.2264,0.4635],[-55.9176,51.2271,0.4629],[-55.9185,51.2286,3.8402]]],
[[[-55.9117,51.2308,5.5779],[-55.9116,51.2349,2.4978],[-55.9178,51.2344,2.915],[-55.916,51.2289,3.5017],[-55.9117,51.2308,5.5779]]],
[[[-55.9399,51.2337,0.0],[-55.941,51.2347,0.4],[-55.9429,51.2327,0.0],[-55.9414,51.2325,2.4802],[-55.9399,51.2337,0.0]]],
[[[-55.9872,51.2353,0.0],[-55.9919,51.2344,1.778],[-55.9928,51.2333,0.0],[-55.9906,51.2333,0.0],[-55.9872,51.2353,0.0]]],
[[[-55.8369,51.2247,1.7879],[-55.8342,51.2266,1.7154],[-55.8377,51.2277,0.9239],[-55.8413,51.2262,0.0],[-55.8402,51.2245,0.0],[-55.8429,51.22,5.7749],[-55.8422,51.2142,5.3035],[-55.8383,51.2153,2.3749],[-55.8387,51.2229,7.318],[-55.8369,51.2247,1.7879]]],
[[[-55.9094,51.2308,1.2808],[-55.9096,51.2289,2.8249],[-55.9076,51.2288,0.4982],[-55.9072,51.2317,1.5497],[-55.9094,51.2308,1.2808]]],
[[[-55.8313,51.2401,0.0],[-55.825,51.2398,0.9927],[-55.8226,51.2411,0.77],[-55.8272,51.2431,0.5388],[-55.8344,51.2423,3.0066],[-55.8344,51.2411,2.1759],[-55.8313,51.2401,0.0]]],
[[[-55.8191,51.5077,0.2062],[-55.8193,51.5051,0.0445],[-55.8165,51.5062,0.2396],[-55.8176,51.5079,0.2062],[-55.8191,51.5077,0.2062]]],
[[[-55.8619,51.5067,0.0],[-55.8585,51.5078,1.3189],[-55.858,51.5086,0.0],[-55.8602,51.5092,0.0],[-55.8619,51.5067,0.0]]],
[[[-55.8205,51.5079,0.2062],[-55.8177,51.5096,0.9745],[-55.8188,51.514,0.095],[-55.8205,51.514,0.095],[-55.8205,51.5079,0.2062]]],
[[[-55.8632,51.5541,0.0],[-55.8643,51.5519,0.4949],[-55.8598,51.5547,0.0],[-55.8621,51.555,0.3354],[-55.8632,51.5541,0.0]]],
[[[-55.8539,51.5533,0.4097],[-55.8512,51.555,0.2658],[-55.8567,51.5553,2.0561],[-55.8556,51.5545,2.6183],[-55.8578,51.5547,2.0561],[-55.8595,51.5528,0.5486],[-55.8567,51.552,0.0],[-55.8539,51.5533,0.4097]]],
[[[-55.8487,51.5609,0.6733],[-55.8475,51.5637,0.0],[-55.8464,51.5629,0.0],[-55.8481,51.5659,0.0],[-55.852,51.5612,1.1028],[-55.8487,51.5609,0.6733]]],
[[[-55.8453,51.5904,2.111],[-55.8417,51.5883,0.0],[-55.84,51.5913,2.5897],[-55.8422,51.5933,0.1062],[-55.8456,51.5919,4.3411],[-55.8453,51.5904,2.111]]],
[[[-55.8307,51.6017,4.2742],[-55.8304,51.6034,4.3638],[-55.8338,51.6057,0.5475],[-55.8315,51.6071,0.0354],[-55.8332,51.6084,0.0354],[-55.8506,51.6032,1.0707],[-55.8527,51.6019,0.0],[-55.8565,51.5922,1.3643],[-55.8544,51.5912,1.2666],[-55.8519,51.5922,3.3959],[-55.84,51.6003,0.1757],[-55.8428,51.5965,5.1257],[-55.8472,51.5942,0.7209],[-55.8419,51.5945,0.716],[-55.8325,51.5985,0.0],[-55.8307,51.6017,4.2742]]],
[[[-55.862,51.6002,0.0],[-55.8587,51.6007,0.1599],[-55.8559,51.6032,0.0],[-55.8614,51.6016,0.5598],[-55.862,51.6002,0.0]]],
[[[-55.8212,51.6112,0.0],[-55.8254,51.6081,2.6674],[-55.8226,51.6082,0.0],[-55.8199,51.6105,0.0],[-55.8212,51.6112,0.0]]],
[[[-55.3544,51.5864,0.1086],[-55.3556,51.5836,0.1715],[-55.3539,51.5814,0.1134],[-55.3528,51.5853,0.7224],[-55.3544,51.5864,0.1086]]],
[[[-55.3606,51.5894,0.0],[-55.3576,51.5905,1.4077],[-55.3567,51.5933,3.0185],[-55.3606,51.5939,0.0],[-55.3606,51.5894,0.0]]],
[[[-55.4606,51.5969,10.0808],[-55.4628,51.5906,0.7106],[-55.4611,51.59,0.0],[-55.4544,51.5997,0.0],[-55.4578,51.6003,0.0],[-55.4606,51.5969,10.0808]]],
[[[-55.5778,51.5978,0.0],[-55.5817,51.5992,0.0],[-55.585,51.5972,0.0],[-55.5833,51.5964,0.0],[-55.5778,51.5978,0.0]]],
[[[-55.6373,51.5806,1.411],[-55.6362,51.5789,0.0],[-55.6351,51.5795,0.0],[-55.6362,51.5814,0.0],[-55.6373,51.5806,1.411]]],
[[[-55.5939,51.59,0.0],[-55.5961,51.5914,0.0],[-55.5989,51.5886,0.0],[-55.5972,51.5881,0.0],[-55.5939,51.59,0.0]]],
[[[-55.6467,51.5997,2.7547],[-55.6489,51.5983,0.0],[-55.6444,51.5983,0.0],[-55.6456,51.5989,0.0],[-55.6467,51.5997,2.7547]]],
[[[-55.6128,51.6081,0.5074],[-55.6094,51.6069,0.0],[-55.6072,51.6086,0.2],[-55.6078,51.6089,0.0],[-55.6128,51.6081,0.5074]]],
[[[-55.5394,51.6086,0.0],[-55.5372,51.6069,0.0],[-55.5356,51.6081,1.5408],[-55.5378,51.6128,4.2931],[-55.542,51.6115,0.1394],[-55.5394,51.6086,0.0]]],
[[[-55.419,51.6367,23.594],[-55.4249,51.6359,0.4144],[-55.4249,51.6412,0.8105],[-55.4278,51.6411,8.781],[-55.4398,51.6325,4.1989],[-55.4461,51.6253,0.0],[-55.4454,51.6238,0.0],[-55.4527,51.6172,0.0],[-55.4561,51.6097,0.0],[-55.456,51.6078,0.0],[-55.4511,51.6058,7.5431],[-55.4474,51.6017,3.105],[-55.4496,51.5999,0.6174],[-55.4457,51.5997,1.6181],[-55.4478,51.5969,1.6818],[-55.4446,51.5939,3.5672],[-55.4459,51.5901,0.0],[-55.4423,51.5871,4.8258],[-55.4417,51.583,0.0],[-55.4394,51.5825,2.1516],[-55.4344,51.585,0.0],[-55.4283,51.5897,0.0],[-55.4264,51.5935,6.3327],[-55.4324,51.5939,0.0],[-55.4328,51.5953,9.2167],[-55.4317,51.5986,8.836],[-55.4289,51.6008,11.3911],[-55.4215,51.6031,2.365],[-55.4192,51.6011,0.0],[-55.4162,51.6011,6.4107],[-55.4115,51.6044,22.4028],[-55.4108,51.61,12.0585],[-55.4145,51.6152,0.0],[-55.4218,51.6176,0.0],[-55.4285,51.6161,3.3812],[-55.4299,51.6199,0.6964],[-55.4289,51.6231,4.48],[-55.4238,51.6258,1.7968],[-55.4296,51.6283,0.0],[-55.4233,51.6287,0.0],[-55.4183,51.6317,4.2916],[-55.4117,51.6331,0.622],[-55.4154,51.6342,0.9719],[-55.4128,51.6356,0.0],[-55.4139,51.6369,0.0],[-55.419,51.6367,23.594]]],
[[[-55.4221,51.62,2.5714],[-55.4226,51.6196,0.8316],[-55.4182,51.6198,1.446],[-55.4201,51.6206,0.6063],[-55.4221,51.62,2.5714]]],
[[[-55.428,51.621,5.5507],[-55.4265,51.6191,4.6],[-55.4247,51.6205,0.0],[-55.4253,51.6214,0.0],[-55.428,51.621,5.5507]]],
[[[-55.5408,51.6242,16.8086],[-55.536,51.6257,10.8871],[-55.5401,51.6311,0.0],[-55.5434,51.6313,11.387],[-55.5451,51.6268,13.737],[-55.5408,51.6242,16.8086]]],
[[[-55.5656,51.6374,0.0],[-55.5707,51.6379,28.1367],[-55.5722,51.6395,2.8524],[-55.5706,51.6442,0.0],[-55.5727,51.6441,0.0],[-55.58,51.6367,0.0],[-55.5811,51.6303,0.0],[-55.57,51.6281,0.0],[-55.5681,51.6329,0.0],[-55.5701,51.6342,2.2891],[-55.5656,51.6356,0.0],[-55.5656,51.6374,0.0]]],
[[[-55.2766,52.0038,18.8611],[-55.2762,52.0071,17.4852],[-55.2799,52.013,21.0918],[-55.2777,52.0135,0.0],[-55.2805,52.0169,0.3727],[-55.2934,52.0098,27.683],[-55.2965,52.0119,18.3857],[-55.2999,52.011,8.2297],[-55.306,52.0055,0.0],[-55.3099,52.0046,4.0882],[-55.3164,51.9984,0.0],[-55.3176,51.9944,0.0],[-55.3297,51.986,0.0],[-55.3309,51.9825,0.0],[-55.3407,51.979,0.0],[-55.3445,51.9733,48.2912],[-55.3555,51.9662,59.595],[-55.3606,51.9646,0.0],[-55.3635,51.9653,66.7309],[-55.3659,51.9718,5.6772],[-55.3806,51.9678,11.4218],[-55.3841,51.9654,53.3651],[-55.391,51.9657,2.5829],[-55.3956,51.9603,0.0],[-55.3951,51.9581,41.0573],[-55.3976,51.9577,0.0],[-55.3998,51.9535,5.141],[-55.399,51.9481,0.0],[-55.4024,51.944,0.0],[-55.4039,51.9387,0.0],[-55.4017,51.9367,0.0],[-55.4115,51.9284,61.7928],[-55.4202,51.9247,0.0],[-55.4216,51.921,0.0],[-55.4191,51.916,0.0],[-55.4228,51.9115,0.0],[-55.4306,51.9064,0.0],[-55.4304,51.8983,2.6458],[-55.4286,51.8961,6.3401],[-55.4333,51.8944,0.0],[-55.4301,51.8936,2.51],[-55.4233,51.8872,0.0],[-55.4158,51.8863,0.0],[-55.4111,51.8881,4.1533],[-55.4061,51.8864,0.0],[-55.3967,51.8867,1.402],[-55.3933,51.8844,15.5851],[-55.3927,51.8812,4.7964],[-55.3878,51.8806,4.1621],[-55.3846,51.8763,0.0],[-55.3728,51.8828,14.6861],[-55.3637,51.8823,27.7545],[-55.3544,51.8872,0.0],[-55.3541,51.8901,16.5479],[-55.3563,51.8925,0.0],[-55.3537,51.8938,40.8764],[-55.3528,51.9019,78.2402],[-55.3482,51.9071,68.3421],[-55.3445,51.9071,1.7804],[-55.3441,51.9115,19.3329],[-55.336,51.9213,50.4932],[-55.3317,51.9219,0.0],[-55.3311,51.9247,0.0],[-55.3233,51.9256,0.0],[-55.3224,51.9296,2.8836],[-55.3161,51.9375,4.927],[-55.3194,51.9492,26.4368],[-55.3087,51.9563,0.0],[-55.3097,51.9631,0.0],[-55.3072,51.9671,37.5569],[-55.3,51.9733,13.5377],[-55.2979,51.9718,0.0],[-55.2922,51.9767,0.0],[-55.2919,51.9793,31.7532],[-55.2878,51.9819,0.0],[-55.2839,51.9908,23.5137],[-55.2772,52.0,0.0],[-55.2783,52.0016,46.9961],[-55.2766,52.0038,18.8611]]],
[[[-55.384,51.9727,0.0],[-55.3877,51.9694,0.0],[-55.3822,51.9697,0.0],[-55.3817,51.9714,0.0],[-55.384,51.9727,0.0]]]]}
,"properties": {"GID_2": "CAN.5.11_1","GID_0": "CAN","country": "Canada","GID_1": "CAN.5_1","province": "NewfoundlandandLabrador","NL_NAME_1": "NA","county": "DivisionNo.9","VARNAME_2": "NA","NL_NAME_2": "NA","TYPE_2": "CensusDivision","ENGTYPE_2": "CensusDivision","CC_2": "09","HASC_2": "CA.NF.NI","name": "Division_No.9.county","area_km2": 14717.6,"hist_schema_id": "Elevation0-9000","hist_area_km2": {"0": 727.68,"25": 1752.18,"50": 1543.6,"75": 1390.85,"100": 952.93,"125": 567.25,"150": 436.67,"175": 426.12,"200": 403.72,"225": 382.55,"250": 412.41,"275": 481.82,"300": 524.03,"325": 531.92,"350": 569.76,"375": 536.64,"400": 478.26,"425": 424.59,"450": 343.66,"475": 313.99,"500": 248.26,"525": 274.75,"550": 230.95,"575": 194.51,"600": 172.5,"625": 131.63,"650": 96.43,"675": 70.25,"700": 53.51,"725": 21.65,"750": 14.47,"775": 7.39,"800": 0.67}}}