{"type": "Feature","bbox": [-132.5961,51.9079,-130.935,53.2615],"geometry": {"type": "MultiPolygon","coordinates": [[[[-130.9786,51.9099,0.6682],[-130.9822,51.9123,0.0],[-130.9872,51.9125,0.0],[-130.9849,51.9098,0.0],[-130.9801,51.9079,0.0],[-130.9755,51.909,0.0],[-130.9773,51.9107,0.0],[-130.9786,51.9099,0.6682]]],
[[[-131.0066,51.9223,0.0],[-131.0039,51.9205,0.0],[-131.0011,51.9225,0.4595],[-131.005,51.9239,0.0],[-131.0066,51.9223,0.0]]],
[[[-130.9989,51.9286,0.0],[-131.0028,51.9311,0.0],[-131.0094,51.931399999999996,0.0],[-131.0,51.925,0.0],[-130.9978,51.9261,0.0],[-130.9989,51.9286,0.0]]],
[[[-131.0128,51.9328,0.0],[-131.0089,51.9336,0.0],[-131.0161,51.9397,1.7244],[-131.0189,51.9411,0.0],[-131.0233,51.9389,0.0],[-131.0206,51.9349,0.4854],[-131.015,51.9345,3.0374],[-131.0128,51.9328,0.0]]],
[[[-131.0898,52.1498,3.4542],[-131.1032,52.1537,18.4587],[-131.1184,52.1506,0.0],[-131.121,52.1446,0.0],[-131.1199,52.1434,36.9237],[-131.1241,52.1383,0.0],[-131.1224,52.1335,16.8048],[-131.1265,52.1253,35.2099],[-131.1262,52.1219,41.383],[-131.1314,52.1191,1.3953],[-131.1322,52.1153,9.6198],[-131.1312,52.1103,6.1277],[-131.1333,52.0997,0.0],[-131.12,52.0945,4.8853],[-131.1194,52.0925,0.1328],[-131.1137,52.0892,0.3346],[-131.113,52.0861,0.0],[-131.1136,52.0783,1.1936],[-131.1178,52.0758,12.2427],[-131.116,52.073,39.5518],[-131.1298,52.0768,3.4178],[-131.13,52.0737,1.3331],[-131.1228,52.0667,1.2324],[-131.125,52.0653,0.0],[-131.1223,52.0641,2.1533],[-131.1194,52.0645,1.2341],[-131.1189,52.0664,2.3821],[-131.1128,52.0695,17.5581],[-131.1106,52.0686,0.4505],[-131.1161,52.0544,15.0152],[-131.11,52.0508,1.0169],[-131.1042,52.044,0.6664],[-131.1039,52.0388,27.0083],[-131.1022,52.0371,13.7973],[-131.0917,52.0351,0.0],[-131.0885,52.0361,4.5884],[-131.0862,52.0401,4.461],[-131.0819,52.0393,2.4705],[-131.0837,52.0351,0.0],[-131.0839,52.0259,0.0],[-131.0776,52.0232,0.0],[-131.0841,52.0211,0.0],[-131.0798,52.0173,8.5307],[-131.0808,52.0137,18.9263],[-131.0896,52.0111,0.0],[-131.0962,52.0071,0.0],[-131.1106,52.0041,0.0],[-131.1095,52.0023,1.7119],[-131.1106,52.0,0.0],[-131.1061,51.9978,0.0],[-131.1056,51.9953,0.0],[-131.0922,51.9947,0.0],[-131.0922,51.9917,0.0],[-131.0888,51.9889,0.1828],[-131.0888,51.9847,0.0],[-131.0922,51.9822,0.0],[-131.0828,51.9753,0.0],[-131.0783,51.9697,0.0],[-131.0644,51.9622,0.0],[-131.0533,51.9586,0.0],[-131.055,51.9553,0.0],[-131.0517,51.9528,0.0],[-131.0378,51.9514,5.0455],[-131.0311,51.9478,0.0],[-131.0344,51.9453,0.0],[-131.0322,51.9425,0.0],[-131.0235,51.9415,0.0],[-131.0211,51.9436,0.0],[-131.015,51.9436,0.0],[-131.0116,51.9458,0.0],[-131.0167,51.9478,1.6263],[-131.0206,51.9508,0.0],[-131.02,51.952,0.0],[-131.03,51.9581,11.6435],[-131.0389,51.9617,9.8368],[-131.0411,51.965,3.9255],[-131.0411,51.9697,12.6241],[-131.0333,51.9744,7.6964],[-131.0261,51.9722,1.2541],[-131.0172,51.9721,0.6598],[-131.0139,51.9703,0.0],[-131.0121,51.971,0.0],[-131.0148,51.9725,0.0],[-131.0122,51.9742,3.6217],[-131.0039,51.9749,0.3278],[-131.0094,51.9795,3.5662],[-131.0094,51.9842,0.0],[-131.0183,51.9917,11.8702],[-131.0333,52.0,0.0],[-131.0394,52.0106,0.0],[-131.055,52.0175,1.3736],[-131.0567,52.0195,12.5599],[-131.0567,52.0228,8.7844],[-131.0506,52.0268,2.4282],[-131.039,52.0255,24.0361],[-131.0201,52.0194,10.1349],[-131.0122,52.0137,0.0],[-130.9956,52.0056,16.9196],[-130.9892,52.0076,8.7114],[-130.9825,52.0044,0.0],[-130.9803,52.008,0.0],[-130.9755,52.0101,0.0],[-130.9794,52.0131,2.0674],[-130.9922,52.0175,0.0],[-130.9939,52.0203,12.5864],[-131.0018,52.0235,9.8763],[-131.0028,52.0253,0.0],[-131.0099,52.0255,0.0],[-131.035,52.035,5.0946],[-131.0539,52.0386,29.2351],[-131.0575,52.042,7.8754],[-131.0596,52.0503,4.7302],[-131.067,52.0552,37.5729],[-131.0681,52.0566,3.588],[-131.0672,52.0589,0.0],[-131.0717,52.0631,5.553],[-131.0728,52.075,0.0],[-131.0712,52.0769,4.9697],[-131.0656,52.0783,2.1259],[-131.0627,52.0775,8.9561],[-131.0567,52.0743,4.7226],[-131.0522,52.0661,10.9164],[-131.0444,52.0595,6.7623],[-131.0439,52.0567,0.0],[-131.025,52.0514,0.0],[-131.0283,52.0643,14.4657],[-131.0202,52.0689,19.2332],[-131.0117,52.0672,16.9035],[-130.9928,52.0583,0.0],[-130.98,52.0628,0.0],[-130.9794,52.0669,0.0],[-130.9772,52.0681,0.0],[-130.9744,52.0686,0.0],[-130.9677,52.0661,0.0],[-130.9622,52.0697,0.0],[-130.95,52.0731,9.8205],[-130.9492,52.0768,0.1316],[-130.945,52.0781,1.1337],[-130.9389,52.0751,0.0],[-130.9372,52.0758,0.0],[-130.9378,52.0811,32.1467],[-130.9356,52.0833,8.7797],[-130.9367,52.0858,19.2084],[-130.9355,52.0875,2.5634],[-130.9372,52.0894,1.1924],[-130.935,52.0934,0.0],[-130.9405,52.0967,2.2413],[-130.945,52.0969,8.1237],[-130.9444,52.1003,0.0],[-130.9511,52.1056,0.0],[-130.9566,52.1042,0.0],[-130.9639,52.0964,23.293],[-130.9672,52.0958,0.0],[-130.9728,52.1011,11.976],[-130.9672,52.1039,0.0],[-130.9722,52.1078,0.0],[-130.9733,52.1109,0.0],[-130.9911,52.1025,3.7211],[-131.0,52.1033,19.9569],[-131.0,52.1053,0.0],[-130.9959,52.1097,1.1088],[-130.9958,52.1125,0.0],[-131.0035,52.1107,0.0],[-131.0043,52.1048,0.0],[-131.0033,52.0968,0.0],[-130.9974,52.0925,69.4182],[-130.9984,52.0909,41.1688],[-131.0,52.0906,0.0],[-131.0044,52.0939,4.7823],[-131.0083,52.1011,0.0],[-131.0183,52.0989,0.0],[-131.0211,52.0965,30.4877],[-131.0211,52.1003,0.0],[-131.0144,52.1039,4.8744],[-131.0169,52.1078,11.4875],[-131.0162,52.1109,13.0271],[-131.0178,52.1144,19.0203],[-131.0332,52.1192,0.0],[-131.0461,52.1184,19.2146],[-131.0511,52.1224,11.868],[-131.0506,52.1255,0.0],[-131.0556,52.1249,12.3264],[-131.0567,52.1233,12.3119],[-131.0617,52.1247,5.5339],[-131.0517,52.1267,0.0],[-131.05,52.1306,13.6694],[-131.0456,52.1261,3.9996],[-131.0414,52.1265,2.2706],[-131.0314,52.123,2.1585],[-131.0217,52.1233,2.8551],[-131.0228,52.1253,4.8518],[-131.0292,52.1264,3.7608],[-131.0483,52.1394,0.0],[-131.0469,52.1447,0.5579],[-131.0514,52.1461,13.8338],[-131.0517,52.1495,5.3758],[-131.06,52.1503,10.3746],[-131.0622,52.1492,6.797],[-131.069,52.1522,0.0],[-131.0722,52.1514,19.562],[-131.0744,52.1528,6.9861],[-131.0876,52.1483,39.1418],[-131.0898,52.1498,3.4542]]],
[[[-131.1394,52.0906,8.5124],[-131.1378,52.0914,0.0],[-131.1389,52.0934,0.0],[-131.1459,52.097,1.4634],[-131.1494,52.1028,0.0],[-131.1561,52.0989,1.2669],[-131.1522,52.0956,1.6767],[-131.1502,52.0969,0.2839],[-131.146,52.0946,0.0],[-131.1458,52.0929,0.0],[-131.1394,52.0906,8.5124]]],
[[[-131.0094,52.1292,0.0],[-131.0144,52.1319,11.7439],[-131.0167,52.1306,0.0],[-131.0172,52.1267,4.4579],[-131.0114,52.1238,26.0424],[-131.0056,52.1244,28.6335],[-131.005,52.1264,0.0],[-131.0094,52.1292,0.0]]],
[[[-131.085,52.1511,2.0532],[-131.0822,52.1506,3.7022],[-131.0816,52.1531,2.6796],[-131.0839,52.1531,0.0],[-131.085,52.1511,2.0532]]],
[[[-131.2278,52.1061,0.0],[-131.2294,52.1072,0.0],[-131.2311,52.1067,0.0],[-131.2289,52.105,0.0],[-131.2278,52.1061,0.0]]],
[[[-131.1683,52.1059,1.7351],[-131.1672,52.1072,0.0],[-131.1689,52.1086,5.99],[-131.1728,52.1078,0.7115],[-131.1717,52.1069,0.0],[-131.1683,52.1059,1.7351]]],
[[[-131.2279,52.1158,0.1471],[-131.2306,52.115,0.8881],[-131.2272,52.1131,0.0],[-131.2267,52.115,1.6113],[-131.2279,52.1158,0.1471]]],
[[[-131.2326,52.12,0.2386],[-131.2339,52.12,0.0],[-131.2293,52.1181,0.0],[-131.2312,52.118899999999996,0.0],[-131.2326,52.12,0.2386]]],
[[[-131.0639,52.1561,0.0],[-131.065,52.155,0.0],[-131.0618,52.1533,0.8488],[-131.0626,52.1559,0.28],[-131.0639,52.1561,0.0]]],
[[[-131.1,52.1553,0.0],[-131.0941,52.1529,0.0],[-131.0914,52.1542,0.0],[-131.091,52.1569,0.0],[-131.0972,52.1573,0.0],[-131.1,52.1553,0.0]]],
[[[-131.0739,52.1569,0.0],[-131.0751,52.1575,0.0],[-131.0757,52.1563,0.0],[-131.0737,52.1555,0.0],[-131.0739,52.1569,0.0]]],
[[[-131.1158,52.1611,0.0],[-131.1228,52.1647,4.4561],[-131.1255,52.1636,13.201],[-131.1217,52.1606,12.8564],[-131.1194,52.1607,11.1685],[-131.119,52.1588,13.2028],[-131.1159,52.1591,0.0],[-131.1158,52.1611,0.0]]],
[[[-131.2122,52.0815,4.9443],[-131.2117,52.0797,0.0],[-131.2089,52.0806,0.0],[-131.2111,52.0822,0.0],[-131.2122,52.0815,4.9443]]],
[[[-131.2178,52.0829,0.8616],[-131.2196,52.0824,0.8616],[-131.2192,52.0811,1.9835],[-131.215,52.0822,0.0],[-131.2161,52.0829,3.8111],[-131.2178,52.0829,0.8616]]],
[[[-131.2172,52.1039,2.4886],[-131.2189,52.1059,0.0],[-131.2255,52.1067,0.0],[-131.2239,52.1044,0.0],[-131.2273,52.1036,0.0],[-131.2251,52.1022,4.3931],[-131.2278,52.1008,0.0],[-131.2276,52.0973,0.0],[-131.2327,52.0972,0.2774],[-131.2345,52.0953,0.0],[-131.23,52.0919,0.0],[-131.2252,52.0922,2.0667],[-131.2236,52.094,22.1761],[-131.2146,52.0861,3.1231],[-131.2105,52.0845,0.0],[-131.2083,52.0867,0.0],[-131.2097,52.0881,1.1962],[-131.2094,52.0911,0.0],[-131.2146,52.0967,0.9375],[-131.2115,52.0977,0.2318],[-131.2167,52.1008,6.3691],[-131.2172,52.1039,2.4886]]],
[[[-131.2294,52.1019,0.0],[-131.2394,52.11,0.6026],[-131.2414,52.1079,0.0],[-131.239,52.1064,0.0],[-131.2389,52.1045,0.0],[-131.2433,52.1061,0.0],[-131.2461,52.1053,0.0],[-131.2406,52.1014,0.0],[-131.2367,52.104,3.2118],[-131.2322,52.1009,2.632],[-131.2294,52.1019,0.0]]],
[[[-131.282,52.1337,0.9469],[-131.2822,52.1314,1.4011],[-131.2794,52.13,0.0],[-131.2772,52.1294,0.0],[-131.2756,52.1314,2.9889],[-131.2766,52.1347,4.2631],[-131.2788,52.1361,0.0],[-131.282,52.1337,0.9469]]],
[[[-131.2204,52.1695,10.7664],[-131.2195,52.1678,6.3828],[-131.2156,52.1683,5.7892],[-131.2157,52.1698,7.1772],[-131.2186,52.1707,0.0],[-131.2204,52.1695,10.7664]]],
[[[-131.2367,52.1944,19.2511],[-131.2428,52.1953,11.4817],[-131.2415,52.1901,0.0],[-131.2402,52.1895,0.0],[-131.2394,52.1911,7.23],[-131.2328,52.1886,0.0],[-131.2333,52.1906,0.0],[-131.2367,52.1944,19.2511]]],
[[[-131.1763,52.2293,5.3381],[-131.1776,52.2277,8.7145],[-131.1738,52.2277,0.0],[-131.1752,52.2292,0.0],[-131.1763,52.2293,5.3381]]],
[[[-131.2889,52.2847,0.0],[-131.286,52.2839,3.3853],[-131.2839,52.2861,8.4041],[-131.2867,52.2867,8.4735],[-131.2889,52.2847,0.0]]],
[[[-131.2983,52.2925,0.0],[-131.2976,52.2886,0.0],[-131.2939,52.2933,2.8335],[-131.2956,52.2939,0.0],[-131.2983,52.2925,0.0]]],
[[[-131.3367,52.3134,1.0199],[-131.3372,52.3116,0.0],[-131.3359,52.3112,0.0],[-131.3351,52.3132,0.0],[-131.3367,52.3134,1.0199]]],
[[[-131.3468,52.3246,0.0],[-131.3455,52.3232,7.5542],[-131.3437,52.3233,0.0],[-131.345,52.3243,0.0],[-131.3468,52.3246,0.0]]],
[[[-131.2655,52.3225,8.2363],[-131.2598,52.3223,16.1747],[-131.2566,52.3244,0.9888],[-131.265,52.3239,0.0],[-131.2655,52.3225,8.2363]]],
[[[-131.2464,52.3237,0.0],[-131.2417,52.325,0.0],[-131.2522,52.3253,0.0],[-131.2544,52.3239,0.0],[-131.2479,52.3231,0.0],[-131.2464,52.3237,0.0]]],
[[[-131.2361,52.3417,0.0],[-131.2328,52.3403,0.0],[-131.2311,52.3417,0.0],[-131.234,52.3431,0.0],[-131.2361,52.3417,0.0]]],
[[[-131.2387,52.3458,0.0],[-131.2394,52.3443,0.0],[-131.2365,52.3429,0.0],[-131.2368,52.3451,5.9736],[-131.2387,52.3458,0.0]]],
[[[-131.0083,52.2321,0.0],[-131.0089,52.2305,0.0],[-131.0061,52.2294,0.0],[-131.0056,52.2322,0.0],[-131.0083,52.2321,0.0]]],
[[[-131.1578,52.2336,0.0],[-131.1595,52.2331,0.0],[-131.1589,52.2303,0.0],[-131.155,52.2322,0.0],[-131.1578,52.2336,0.0]]],
[[[-131.0637,52.2543,8.1398],[-131.0577,52.2543,2.2691],[-131.0538,52.2585,2.7442],[-131.0616,52.2622,0.0],[-131.0676,52.2575,10.3875],[-131.0637,52.2543,8.1398]]],
[[[-131.0472,52.2603,3.1588],[-131.0478,52.2578,1.1894],[-131.0466,52.2575,1.1894],[-131.0433,52.2595,5.213],[-131.0437,52.2625,0.1952],[-131.0453,52.263,0.1952],[-131.0472,52.2603,3.1588]]],
[[[-131.1717,52.2297,0.2606],[-131.1682,52.2287,0.0],[-131.1661,52.2306,8.5887],[-131.1667,52.2319,8.5887],[-131.1694,52.2319,4.9477],[-131.1717,52.2297,0.2606]]],
[[[-131.2722,52.2931,7.0902],[-131.2727,52.2917,0.0],[-131.2703,52.2897,2.0988],[-131.2644,52.2931,0.0],[-131.2706,52.2947,13.8157],[-131.2722,52.2931,7.0902]]],
[[[-131.2707,52.2983,13.7392],[-131.2736,52.2993,25.1988],[-131.2744,52.3022,0.0],[-131.2778,52.3004,8.1633],[-131.2728,52.2955,5.5883],[-131.2694,52.2973,0.0],[-131.2707,52.2983,13.7392]]],
[[[-131.23,52.3042,0.0],[-131.2272,52.301,0.0],[-131.2253,52.3016,0.0],[-131.2272,52.3053,0.0],[-131.23,52.3042,0.0]]],
[[[-131.1484,52.2835,0.0],[-131.1499,52.2829,0.0],[-131.1493,52.282,0.0],[-131.1472,52.2828,0.0],[-131.1484,52.2835,0.0]]],
[[[-131.136,52.2907,2.4194],[-131.1367,52.2894,0.0],[-131.1352,52.2894,0.0],[-131.1317,52.2912,5.5493],[-131.1331,52.2929,1.7345],[-131.136,52.2907,2.4194]]],
[[[-131.2255,52.3458,1.3752],[-131.22,52.3475,0.2961],[-131.2262,52.3495,0.0],[-131.23,52.3475,0.0],[-131.2255,52.3458,1.3752]]],
[[[-131.2038,52.3501,22.5458],[-131.2034,52.3522,0.0],[-131.2088,52.3539,0.0],[-131.2144,52.3517,3.2987],[-131.2159,52.3489,0.0],[-131.2061,52.347,0.0],[-131.2028,52.3485,10.3795],[-131.2038,52.3501,22.5458]]],
[[[-131.1766,52.3595,1.8462],[-131.1833,52.36,1.9148],[-131.1873,52.3575,2.7915],[-131.1922,52.3583,15.1776],[-131.195,52.3569,2.4093],[-131.1939,52.3556,2.4093],[-131.1823,52.3563,3.2587],[-131.1783,52.3544,1.8208],[-131.1717,52.3564,0.0139],[-131.1766,52.3595,1.8462]]],
[[[-131.2713,52.3886,0.0],[-131.2722,52.3869,0.0],[-131.27,52.3864,0.0],[-131.255,52.3909,5.9799],[-131.2534,52.3927,10.9729],[-131.2589,52.3928,4.3317],[-131.2713,52.3886,0.0]]],
[[[-131.2753,52.3237,32.4714],[-131.2769,52.3252,9.567],[-131.275,52.3264,9.7809],[-131.2761,52.3273,0.0],[-131.2856,52.3255,0.0],[-131.2885,52.3267,0.0],[-131.2933,52.3244,0.0],[-131.2907,52.3208,17.0631],[-131.2868,52.3207,10.7932],[-131.285,52.3222,22.9824],[-131.2811,52.321,4.1857],[-131.27,52.3222,0.0],[-131.2753,52.3237,32.4714]]],
[[[-131.3072,52.3338,0.0],[-131.308,52.3313,0.0],[-131.3044,52.3311,0.0],[-131.3051,52.3339,0.0],[-131.3072,52.3338,0.0]]],
[[[-131.2974,52.3366,15.9681],[-131.3011,52.3375,0.0],[-131.3006,52.3353,28.8209],[-131.3033,52.3331,1.4672],[-131.2972,52.3322,10.8835],[-131.2935,52.3336,0.0],[-131.2974,52.3366,15.9681]]],
[[[-131.3814,52.3675,0.0],[-131.3797,52.3666,0.0],[-131.3784,52.3671,0.0],[-131.3793,52.3684,0.0],[-131.3814,52.3675,0.0]]],
[[[-131.3828,52.3713,0.0],[-131.3831,52.3704,0.0],[-131.3806,52.3703,0.0],[-131.3821,52.3716,0.0],[-131.3828,52.3713,0.0]]],
[[[-131.3706,52.3731,0.0],[-131.3689,52.3739,7.3362],[-131.3694,52.3758,0.0],[-131.3761,52.3755,0.0],[-131.3739,52.3742,0.0],[-131.3706,52.3731,0.0]]],
[[[-131.3856,52.3794,5.4049],[-131.3822,52.3772,6.6871],[-131.3795,52.3795,0.0],[-131.3811,52.3808,0.0],[-131.3856,52.3794,5.4049]]],
[[[-131.375,52.3897,4.7217],[-131.3877,52.3908,0.0],[-131.3794,52.3825,2.3877],[-131.3733,52.3817,0.0],[-131.3706,52.3886,0.0],[-131.375,52.3897,4.7217]]],
[[[-131.2545,52.449,0.0],[-131.279,52.4483,12.259],[-131.2833,52.4497,0.5666],[-131.2956,52.4467,3.2533],[-131.3053,52.4411,6.4976],[-131.3129,52.4399,19.7211],[-131.3142,52.4375,2.3898],[-131.3251,52.4368,27.1407],[-131.3414,52.4269,24.2242],[-131.3517,52.429,0.0],[-131.3565,52.4258,0.0],[-131.3556,52.4237,0.0],[-131.3572,52.4189,11.98],[-131.3615,52.4171,0.0],[-131.367,52.4199,15.0928],[-131.3705,52.4197,9.4578],[-131.3689,52.4057,0.0],[-131.3555,52.3906,0.0],[-131.35,52.3614,23.8999],[-131.3517,52.36,0.0],[-131.352,52.3543,9.3502],[-131.35,52.3528,2.3807],[-131.3441,52.3531,6.0619],[-131.3383,52.3439,21.6772],[-131.3344,52.3414,17.6435],[-131.3341,52.3311,2.2184],[-131.3306,52.3267,0.0],[-131.3261,52.325,0.0],[-131.3161,52.3258,7.7706],[-131.3168,52.3278,5.1184],[-131.3127,52.3297,0.0],[-131.3129,52.3318,0.0],[-131.3106,52.3333,8.5589],[-131.3078,52.3393,36.8321],[-131.3072,52.3445,7.5983],[-131.3088,52.3479,25.3072],[-131.3069,52.3501,4.1881],[-131.2939,52.3453,0.0],[-131.284,52.3461,17.9825],[-131.2775,52.3447,0.0],[-131.2723,52.3463,7.899],[-131.2679,52.3443,19.6498],[-131.2611,52.3446,4.8856],[-131.2621,52.3463,6.5107],[-131.2586,52.3495,2.3595],[-131.263,52.3494,4.049],[-131.2618,52.3521,3.0069],[-131.2651,52.3548,10.5223],[-131.2646,52.3572,25.5615],[-131.2583,52.3579,8.0766],[-131.2578,52.3589,0.0],[-131.2605,52.3604,46.2474],[-131.2597,52.3628,0.0],[-131.2439,52.3723,1.4963],[-131.2517,52.3728,0.0],[-131.2833,52.3641,9.0235],[-131.2834,52.3673,28.2844],[-131.28,52.3694,0.0],[-131.283,52.3707,42.6626],[-131.2772,52.3731,3.433],[-131.2757,52.3761,19.4721],[-131.2821,52.3793,0.0],[-131.289,52.3795,11.0555],[-131.2939,52.3769,0.0],[-131.295,52.3733,7.1083],[-131.2902,52.3699,11.3668],[-131.2884,52.3657,0.0],[-131.2939,52.3644,0.0],[-131.295,52.3606,32.1654],[-131.3044,52.3597,5.4108],[-131.3098,52.3553,20.6025],[-131.3166,52.3559,0.0],[-131.3239,52.352,22.6765],[-131.3267,52.3528,3.7438],[-131.3266,52.3551,5.9847],[-131.3219,52.3578,37.4474],[-131.3122,52.36,0.0],[-131.3061,52.3653,13.012],[-131.3072,52.3686,7.7267],[-131.3022,52.3703,0.0],[-131.3041,52.3717,8.3318],[-131.3032,52.3733,0.0],[-131.3051,52.3766,9.4732],[-131.3038,52.3828,27.4948],[-131.2899,52.3964,5.2239],[-131.2655,52.4064,0.0],[-131.2639,52.4081,4.6486],[-131.264,52.4113,3.8105],[-131.2681,52.4142,12.1328],[-131.2556,52.4169,0.0],[-131.2428,52.4239,0.0],[-131.2439,52.4267,6.3724],[-131.2389,52.4319,0.1519],[-131.2352,52.4391,0.1131],[-131.2354,52.4433,0.0],[-131.2372,52.4445,0.2273],[-131.2364,52.4461,0.3605],[-131.2545,52.449,0.0]]],
[[[-131.3716,52.4201,1.7545],[-131.37,52.4227,0.0],[-131.3745,52.4247,0.0],[-131.3761,52.4239,0.0],[-131.3739,52.4192,0.0],[-131.3716,52.4201,1.7545]]],
[[[-131.3816,52.4313,0.0],[-131.382,52.4296,0.0],[-131.3788,52.4284,0.0],[-131.3789,52.4294,0.0],[-131.3816,52.4313,0.0]]],
[[[-131.3561,52.4339,0.1443],[-131.3539,52.4325,1.3229],[-131.3522,52.433,0.0],[-131.3544,52.4342,0.0],[-131.3561,52.4339,0.1443]]],
[[[-131.4073,52.3555,5.4242],[-131.4059,52.3545,0.0],[-131.4037,52.3547,0.0],[-131.4047,52.3573,0.0],[-131.4073,52.3555,5.4242]]],
[[[-131.3994,52.3575,0.0],[-131.4006,52.3564,0.0],[-131.3977,52.3561,0.0],[-131.395,52.3586,0.0],[-131.3961,52.3592,0.0],[-131.3994,52.3575,0.0]]],
[[[-131.411,52.4103,0.0],[-131.4089,52.4078,2.8028],[-131.4065,52.4095,15.8386],[-131.4077,52.4117,9.401],[-131.411,52.4103,0.0]]],
[[[-131.408,52.4157,22.21],[-131.4083,52.4131,0.0],[-131.4071,52.4127,0.0],[-131.3989,52.4174,29.3815],[-131.3994,52.4281,4.0441],[-131.4022,52.4289,0.0],[-131.4077,52.4264,13.3757],[-131.4101,52.4197,11.3777],[-131.408,52.4157,22.21]]],
[[[-131.3172,52.4494,0.0],[-131.3211,52.4551,0.8991],[-131.3228,52.455,0.8991],[-131.3247,52.4544,1.5721],[-131.3228,52.4523,1.3593],[-131.3267,52.4526,0.0],[-131.3272,52.4489,0.0],[-131.3245,52.4472,18.0604],[-131.325,52.4447,8.6395],[-131.32,52.4417,0.0],[-131.3139,52.445,2.0108],[-131.3172,52.4494,0.0]]],
[[[-131.355,52.4659,0.0],[-131.3634,52.4678,0.0],[-131.3778,52.4614,30.5277],[-131.3872,52.4603,0.0],[-131.3867,52.4578,0.0],[-131.3889,52.4557,0.0],[-131.3874,52.455,20.9538],[-131.3881,52.4529,0.0],[-131.3931,52.4518,40.3512],[-131.3924,52.4491,48.1307],[-131.3884,52.4464,0.0],[-131.39,52.4431,0.0],[-131.3789,52.4339,21.2092],[-131.3739,52.4345,44.6552],[-131.365,52.4319,0.0],[-131.3578,52.4347,0.1443],[-131.3622,52.4375,16.0844],[-131.3633,52.4394,61.8354],[-131.3617,52.4414,5.5691],[-131.3661,52.4447,42.8138],[-131.3661,52.4472,41.7844],[-131.3622,52.4514,0.0],[-131.3622,52.4537,0.1698],[-131.3539,52.4608,22.2319],[-131.355,52.4659,0.0]]],
[[[-131.2933,52.4505,0.0],[-131.2903,52.4491,0.0],[-131.289,52.4515,0.0],[-131.2914,52.4523,0.0],[-131.2933,52.4505,0.0]]],
[[[-131.3427,52.4697,0.0],[-131.3422,52.4681,0.0],[-131.3389,52.4675,0.0],[-131.34,52.4692,0.0],[-131.3383,52.4719,0.0],[-131.3419,52.4745,0.0],[-131.345,52.4733,0.0],[-131.3427,52.4697,0.0]]],
[[[-131.3684,52.5836,0.842],[-131.3717,52.5861,0.0],[-131.3803,52.5837,9.4385],[-131.383,52.5822,9.4385],[-131.3832,52.5801,72.6113],[-131.3879,52.5765,22.4016],[-131.388,52.5749,0.0],[-131.3944,52.5706,3.1398],[-131.3983,52.57,26.9149],[-131.3994,52.5725,0.0],[-131.403,52.5737,1.9682],[-131.4044,52.5714,0.0],[-131.4017,52.5692,0.0],[-131.4091,52.5663,15.0898],[-131.4144,52.5683,15.0695],[-131.4194,52.5656,4.623],[-131.4222,52.5678,1.9756],[-131.4278,52.568,2.4179],[-131.4268,52.5671,2.4179],[-131.4331,52.5639,7.5845],[-131.4395,52.5639,0.0],[-131.4405,52.5591,24.3223],[-131.4317,52.5528,4.3395],[-131.4239,52.5506,13.6661],[-131.3997,52.549,25.6358],[-131.3954,52.5456,43.3583],[-131.3944,52.5409,0.0],[-131.3928,52.54,0.0],[-131.3885,52.5431,20.1296],[-131.381,52.5442,26.8892],[-131.3752,52.5431,0.0],[-131.3615,52.5458,0.7248],[-131.3614,52.5479,6.4353],[-131.3501,52.5515,0.0],[-131.3502,52.5532,0.0],[-131.3467,52.5555,0.0],[-131.3495,52.5579,2.0427],[-131.3472,52.5617,1.2514],[-131.3478,52.5678,0.0],[-131.3539,52.5739,0.0],[-131.3646,52.5775,0.0],[-131.3644,52.5792,0.0],[-131.3667,52.5798,11.5758],[-131.3661,52.5811,0.0],[-131.3684,52.582,20.3335],[-131.3684,52.5836,0.842]]],
[[[-131.3961,52.5739,0.0],[-131.395,52.5725,0.0],[-131.3928,52.5731,0.0],[-131.3977,52.5747,0.0],[-131.3961,52.5739,0.0]]],
[[[-131.3707,52.5874,0.0],[-131.3688,52.5872,0.0],[-131.3728,52.5884,0.0],[-131.3717,52.5875,0.0],[-131.3707,52.5874,0.0]]],
[[[-131.3911,52.6887,0.0],[-131.3889,52.6883,0.0],[-131.3905,52.6917,0.0],[-131.3922,52.6909,0.0],[-131.3911,52.6887,0.0]]],
[[[-131.4061,52.645,0.0],[-131.4122,52.6464,3.0088],[-131.415,52.6437,0.0],[-131.4146,52.6415,-0.0228],[-131.4182,52.6412,0.0],[-131.4206,52.6392,7.1194],[-131.415,52.6378,0.0],[-131.4128,52.6392,1.8226],[-131.4139,52.6405,-0.0228],[-131.4123,52.644,6.4563],[-131.4061,52.645,0.0]]],
[[[-131.4219,52.6589,6.7269],[-131.4182,52.6587,0.0],[-131.4183,52.6622,0.0],[-131.4222,52.6622,0.0],[-131.4219,52.6589,6.7269]]],
[[[-131.4122,52.6672,0.0],[-131.4122,52.6689,0.0],[-131.4184,52.6678,1.0593],[-131.4206,52.6647,1.3132],[-131.4167,52.6642,0.0],[-131.4122,52.6672,0.0]]],
[[[-131.4172,52.6731,0.0],[-131.415,52.6722,0.0],[-131.4122,52.673,0.0],[-131.415,52.675,0.0],[-131.4172,52.6731,0.0]]],
[[[-131.5796,52.3434,75.2718],[-131.5813,52.3425,75.2718],[-131.5769,52.3393,8.2602],[-131.5778,52.3429,75.2718],[-131.5796,52.3434,75.2718]]],
[[[-131.5673,52.3436,6.1706],[-131.5689,52.3431,6.1706],[-131.5689,52.3408,1.6785],[-131.5672,52.3401,0.0],[-131.5655,52.3425,6.1706],[-131.5673,52.3436,6.1706]]],
[[[-131.5966,52.4122,11.1299],[-131.5945,52.4144,0.0],[-131.5973,52.4153,24.3391],[-131.599,52.4138,4.331],[-131.5966,52.4122,11.1299]]],
[[[-131.5887,52.4194,0.0],[-131.5882,52.4177,0.0],[-131.5862,52.4178,0.0],[-131.5866,52.4194,1.4173],[-131.5887,52.4194,0.0]]],
[[[-131.6033,52.3942,2.7804],[-131.6009,52.3936,0.0],[-131.5992,52.3952,0.0],[-131.6019,52.3965,0.0],[-131.6033,52.3942,2.7804]]],
[[[-131.6072,52.4075,0.0],[-131.6089,52.4095,13.7463],[-131.6108,52.4089,18.2778],[-131.6083,52.4063,44.5141],[-131.6072,52.4075,0.0]]],
[[[-131.6137,52.4133,0.5959],[-131.6133,52.4114,0.0],[-131.6087,52.4108,3.4278],[-131.6111,52.4135,12.0934],[-131.6137,52.4133,0.5959]]],
[[[-131.6667,52.4747,0.0],[-131.6706,52.4733,0.0],[-131.6661,52.4703,0.0],[-131.665,52.4739,0.0],[-131.6667,52.4747,0.0]]],
[[[-131.4132,52.4253,0.0377],[-131.415,52.4245,0.0],[-131.4144,52.4233,0.0],[-131.4111,52.4233,0.0],[-131.4111,52.4247,0.0],[-131.4132,52.4253,0.0377]]],
[[[-131.41,52.4392,0.0],[-131.4117,52.4353,0.0],[-131.4089,52.4345,0.0],[-131.4067,52.4359,0.0],[-131.41,52.4392,0.0]]],
[[[-131.3994,52.4833,0.0],[-131.3973,52.4839,0.0],[-131.4028,52.4847,0.0],[-131.4005,52.4831,0.0],[-131.3994,52.4833,0.0]]],
[[[-131.5,52.5179,0.0],[-131.5044,52.5211,10.363],[-131.505,52.5242,0.0],[-131.5081,52.524,0.0],[-131.5089,52.5224,0.0],[-131.5162,52.5225,0.0],[-131.5141,52.5209,7.7868],[-131.5,52.5179,0.0]]],
[[[-131.5236,52.5173,0.0],[-131.5245,52.5164,4.2809],[-131.5225,52.5161,3.8291],[-131.5225,52.5169,3.8291],[-131.5236,52.5173,0.0]]],
[[[-131.5311,52.5178,7.215],[-131.53,52.52,31.1142],[-131.5322,52.5209,0.0],[-131.5383,52.5189,0.0],[-131.535,52.5169,0.0],[-131.5311,52.5178,7.215]]],
[[[-131.5182,52.5209,0.0],[-131.5193,52.5196,0.0],[-131.517,52.5197,0.0],[-131.5168,52.5207,0.0],[-131.5182,52.5209,0.0]]],
[[[-131.5455,52.5363,0.0],[-131.5472,52.5378,0.0],[-131.5494,52.5372,0.0],[-131.5467,52.5356,0.0],[-131.5455,52.5363,0.0]]],
[[[-131.5948,52.5368,4.8916],[-131.5922,52.535,0.0],[-131.5883,52.5372,13.1601],[-131.5906,52.5392,0.0],[-131.5948,52.5368,4.8916]]],
[[[-131.5517,52.541,0.0],[-131.5517,52.5389,2.9033],[-131.5483,52.5392,0.0],[-131.5483,52.5403,0.0],[-131.5517,52.541,0.0]]],
[[[-131.555,52.5731,18.4254],[-131.5517,52.5753,0.0],[-131.5528,52.5775,0.0],[-131.5572,52.5769,13.7765],[-131.5589,52.5753,0.0],[-131.5572,52.5739,5.441],[-131.5639,52.5719,0.0],[-131.5556,52.5686,0.0],[-131.5506,52.5717,1.2782],[-131.5522,52.5728,0.3779],[-131.5544,52.5717,9.1506],[-131.555,52.5731,18.4254]]],
[[[-131.5589,52.5781,0.0],[-131.5578,52.5803,4.7893],[-131.5661,52.5833,5.0237],[-131.5733,52.5781,0.0],[-131.5739,52.5753,0.0],[-131.5633,52.5753,0.0],[-131.5589,52.5781,0.0]]],
[[[-131.4371,52.575,0.0],[-131.4378,52.5783,19.0409],[-131.4318,52.5807,2.9476],[-131.4302,52.5843,0.0],[-131.4328,52.5844,0.6684],[-131.436,52.5799,0.0],[-131.4457,52.5758,0.0],[-131.4371,52.575,0.0]]],
[[[-131.4136,52.5809,2.0295],[-131.419,52.5809,12.5131],[-131.4203,52.5831,0.0],[-131.4236,52.5838,0.0],[-131.4298,52.5791,1.6967],[-131.4263,52.5773,0.0],[-131.4212,52.5774,16.828],[-131.4182,52.5785,0.0],[-131.4186,52.58,0.0],[-131.4136,52.5809,2.0295]]],
[[[-131.4239,52.5973,0.0],[-131.4267,52.5964,0.0734],[-131.4272,52.595,0.0],[-131.425,52.5957,0.0734],[-131.4239,52.5973,0.0]]],
[[[-131.4706,52.5956,0.0],[-131.4687,52.5948,0.0],[-131.4652,52.5961,0.0],[-131.4642,52.5983,8.9411],[-131.4724,52.5966,0.0],[-131.4706,52.5956,0.0]]],
[[[-131.4356,52.6137,0.0],[-131.4377,52.6147,27.8073],[-131.4373,52.6171,0.0],[-131.4389,52.6181,0.0],[-131.4403,52.615,27.8073],[-131.4444,52.6144,2.9647],[-131.4489,52.6108,0.0],[-131.4479,52.6077,0.0],[-131.4527,52.6003,86.6776],[-131.4682,52.5913,39.7765],[-131.4756,52.5952,5.2277],[-131.4755,52.5934,30.2014],[-131.4839,52.5879,4.6966],[-131.4831,52.5855,2.3965],[-131.4753,52.5806,45.9975],[-131.4747,52.5786,2.1009],[-131.4688,52.5768,0.0],[-131.4629,52.5812,13.0199],[-131.4572,52.5817,0.0],[-131.4633,52.5842,0.0],[-131.4633,52.5853,0.0],[-131.4611,52.5875,22.0902],[-131.4572,52.5867,0.0],[-131.4572,52.5894,2.4596],[-131.4555,52.5911,0.0],[-131.4486,52.5921,11.5911],[-131.4445,52.5949,0.0],[-131.4427,52.5931,0.0],[-131.4383,52.5985,9.6345],[-131.4363,52.5968,0.0],[-131.4308,52.5973,0.0],[-131.4311,52.605,0.0],[-131.4328,52.6061,0.0],[-131.435,52.6008,5.7544],[-131.4367,52.6011,16.6936],[-131.4405,52.6094,0.0],[-131.4444,52.6114,20.5492],[-131.4394,52.6114,0.0],[-131.4356,52.6137,0.0]]],
[[[-131.4678,52.6106,0.0],[-131.4733,52.6136,18.3268],[-131.48,52.6109,5.2054],[-131.4936,52.612,8.0897],[-131.4989,52.6092,24.4682],[-131.5111,52.6073,14.6203],[-131.5122,52.6055,13.7609],[-131.5025,52.5993,5.2703],[-131.48,52.5989,9.8112],[-131.4721,52.6009,0.0],[-131.4733,52.6017,14.8065],[-131.4727,52.6036,31.6751],[-131.4683,52.6063,7.3829],[-131.4678,52.6106,0.0]]],
[[[-131.4633,52.6137,0.0],[-131.4656,52.6139,1.4862],[-131.4672,52.6122,0.0],[-131.4644,52.6128,3.037],[-131.4633,52.6137,0.0]]],
[[[-131.418,52.6221,0.0],[-131.4172,52.6236,0.0],[-131.4199,52.6244,0.0],[-131.4226,52.6308,0.0],[-131.4209,52.6325,0.0],[-131.4222,52.6332,0.0],[-131.4248,52.6318,27.4794],[-131.426,52.6284,0.0],[-131.42,52.6211,0.8427],[-131.4189,52.6205,0.8427],[-131.418,52.6221,0.0]]],
[[[-131.59,52.6383,0.2414],[-131.5877,52.6367,0.0],[-131.5828,52.6353,0.0],[-131.5828,52.6364,0.0],[-131.59,52.6383,0.2414]]],
[[[-131.4804,52.736,14.7788],[-131.4831,52.735,55.6276],[-131.4883,52.7395,0.0],[-131.4966,52.7379,7.9829],[-131.5014,52.7353,7.6077],[-131.5042,52.7365,1.6791],[-131.5065,52.733,14.2607],[-131.5122,52.7329,8.5001],[-131.5266,52.7255,0.0],[-131.5348,52.7235,14.2224],[-131.5343,52.7196,44.9326],[-131.5451,52.7129,18.1039],[-131.5453,52.7103,39.348],[-131.5501,52.7061,24.275],[-131.5513,52.702,26.4331],[-131.5559,52.7003,0.0],[-131.5522,52.6926,33.46],[-131.5515,52.6845,6.708],[-131.5606,52.6815,7.2976],[-131.5628,52.6827,0.0],[-131.5607,52.6863,0.0],[-131.5611,52.6891,5.5233],[-131.5683,52.6986,0.0],[-131.5795,52.7007,0.0],[-131.5894,52.7063,33.4283],[-131.605,52.7033,40.7377],[-131.6165,52.6965,4.8585],[-131.6222,52.6901,31.7025],[-131.632,52.6875,0.0],[-131.6385,52.6877,0.0],[-131.6438,52.6931,0.0],[-131.6276,52.7038,0.0],[-131.6322,52.707,24.1694],[-131.6652,52.7061,0.0],[-131.6817,52.6989,0.0],[-131.6854,52.7009,0.0],[-131.6815,52.7059,15.7204],[-131.6763,52.7076,0.0],[-131.6777,52.7088,0.0],[-131.6767,52.7133,0.0],[-131.6695,52.7149,0.0],[-131.6316,52.7165,10.0338],[-131.5761,52.7137,0.0],[-131.5796,52.7209,13.5882],[-131.5752,52.7227,19.1809],[-131.5751,52.7242,0.0],[-131.5788,52.7257,17.1687],[-131.5782,52.7271,0.0],[-131.585,52.7259,14.1457],[-131.5869,52.7273,0.0],[-131.5979,52.7273,16.8669],[-131.61,52.73,10.9463],[-131.6111,52.7339,0.0],[-131.6128,52.7339,0.0],[-131.6133,52.7301,6.3696],[-131.6164,52.728,0.0],[-131.6276,52.7259,4.9186],[-131.6342,52.7287,14.8477],[-131.6455,52.7277,11.0153],[-131.6539,52.7288,0.0],[-131.6643,52.7325,0.0],[-131.6766,52.7338,0.0],[-131.6838,52.7317,19.2178],[-131.6869,52.7332,0.0],[-131.6915,52.7326,7.5568],[-131.7005,52.7267,64.3658],[-131.7061,52.7193,0.0],[-131.7145,52.7175,2.3589],[-131.7178,52.7156,0.0],[-131.7219,52.7091,3.7689],[-131.7281,52.7091,0.0],[-131.7294,52.7075,8.4379],[-131.7187,52.6973,16.542],[-131.6808,52.6709,2.2291],[-131.6724,52.6693,12.3817],[-131.6701,52.6662,0.0],[-131.6591,52.6622,21.4399],[-131.6529,52.6547,8.0644],[-131.6413,52.6509,5.6275],[-131.641,52.6477,19.4946],[-131.6454,52.6469,51.7292],[-131.6518,52.6503,29.392],[-131.6622,52.6522,0.0],[-131.6639,52.6514,0.0],[-131.665,52.6473,14.2831],[-131.6638,52.6414,0.0],[-131.6533,52.6279,62.0663],[-131.6336,52.611,0.0],[-131.6172,52.5908,36.912],[-131.6103,52.5851,0.0],[-131.6016,52.5822,14.554],[-131.5945,52.5823,14.17],[-131.5909,52.5802,0.0],[-131.5828,52.5801,0.0],[-131.5778,52.5823,9.9186],[-131.5788,52.5834,9.9186],[-131.5772,52.5842,3.6218],[-131.5767,52.5958,0.0],[-131.584,52.6047,6.8483],[-131.5661,52.5927,4.1175],[-131.5595,52.5929,2.3196],[-131.5616,52.5936,15.0825],[-131.5614,52.5949,8.1767],[-131.5503,52.5955,30.4473],[-131.5467,52.5992,16.4421],[-131.5605,52.6139,0.0],[-131.5802,52.6245,0.0],[-131.5835,52.6279,13.4749],[-131.6008,52.6288,0.0],[-131.6075,52.6308,4.5556],[-131.5994,52.6328,3.34],[-131.5989,52.635,4.3776],[-131.6151,52.6399,0.0],[-131.615,52.642,0.0],[-131.6127,52.6428,8.8747],[-131.6044,52.6381,0.0],[-131.6039,52.6403,0.0],[-131.6095,52.6421,0.0],[-131.6099,52.6439,22.1214],[-131.596,52.6413,6.0225],[-131.5907,52.6409,0.0],[-131.59,52.6422,0.0],[-131.5903,52.646,0.0],[-131.5996,52.6547,0.0],[-131.5985,52.6567,0.0],[-131.587,52.651,12.4273],[-131.5777,52.6505,18.0789],[-131.5634,52.6461,0.0],[-131.5594,52.6425,11.2775],[-131.555,52.6409,0.0],[-131.5517,52.6361,0.0],[-131.5399,52.6317,16.7677],[-131.5344,52.6245,6.9942],[-131.5189,52.6161,7.7635],[-131.4909,52.6207,38.4666],[-131.475,52.6193,0.0],[-131.4696,52.6226,9.6974],[-131.4639,52.6239,0.0],[-131.4627,52.6256,0.0],[-131.464,52.6297,0.0],[-131.4578,52.6407,0.0],[-131.4583,52.6453,27.7441],[-131.4556,52.6505,0.0],[-131.4555,52.6542,0.0],[-131.4584,52.6572,12.3011],[-131.4576,52.6602,0.0],[-131.4642,52.6629,16.0547],[-131.4618,52.6671,3.76],[-131.4641,52.6737,13.0996],[-131.4545,52.6773,13.7312],[-131.4522,52.6767,0.0],[-131.4511,52.6786,1.5142],[-131.4487,52.6776,0.0],[-131.45,52.6795,17.0161],[-131.4489,52.6801,4.1333],[-131.445,52.6783,0.0],[-131.4435,52.6792,3.566],[-131.4447,52.6828,3.4296],[-131.4389,52.6853,0.0],[-131.4395,52.6878,0.0],[-131.4441,52.6897,0.0],[-131.4508,52.6885,18.7196],[-131.4533,52.6915,3.2049],[-131.4456,52.6916,2.9193],[-131.4483,52.6931,11.4899],[-131.446,52.6952,3.5537],[-131.4462,52.6981,11.1097],[-131.4417,52.7003,0.0],[-131.4423,52.7022,2.176],[-131.4408,52.7041,0.0],[-131.4444,52.7114,0.0],[-131.4487,52.715,42.8549],[-131.4538,52.7173,0.0],[-131.4628,52.7185,47.5693],[-131.4802,52.7304,4.1128],[-131.4767,52.7345,0.0],[-131.4804,52.736,14.7788]]],
[[[-131.5518,52.7717,7.8397],[-131.56,52.7719,22.8375],[-131.5699,52.7763,0.0],[-131.5751,52.7758,4.256],[-131.5833,52.7697,21.0166],[-131.59,52.7595,23.0243],[-131.595,52.755,0.0],[-131.5917,52.7508,5.5039],[-131.5678,52.7523,0.0],[-131.5692,52.7557,42.8423],[-131.5628,52.7572,0.0],[-131.5606,52.7606,0.0],[-131.5533,52.7631,0.9778],[-131.5528,52.765,18.3348],[-131.5489,52.7669,0.0],[-131.5494,52.7711,0.0],[-131.5518,52.7717,7.8397]]],
[[[-131.5778,52.7841,0.0],[-131.5761,52.7803,0.0],[-131.5714,52.7791,0.0],[-131.5762,52.7847,1.186],[-131.5778,52.7841,0.0]]],
[[[-131.7411,52.4903,0.0],[-131.7383,52.49,0.0],[-131.7394,52.4931,2.3597],[-131.7439,52.4922,13.8058],[-131.7433,52.4911,4.5633],[-131.7411,52.4903,0.0]]],
[[[-131.6072,52.5312,0.0],[-131.6093,52.5301,6.0132],[-131.6092,52.5293,6.0132],[-131.6077,52.529,0.0],[-131.6072,52.5312,0.0]]],
[[[-131.6239,52.5408,0.0],[-131.6278,52.54,9.472],[-131.6317,52.5428,0.0],[-131.6361,52.5397,0.0],[-131.62,52.5364,0.0],[-131.6217,52.5375,17.5963],[-131.6205,52.5395,13.4655],[-131.6239,52.5408,0.0]]],
[[[-131.6933,52.6439,3.7639],[-131.69,52.6414,0.0],[-131.6887,52.6446,1.6326],[-131.6832,52.6463,3.9008],[-131.6864,52.6544,2.1868],[-131.7,52.6647,0.0],[-131.7144,52.6721,0.0],[-131.7156,52.6753,22.3997],[-131.7211,52.6764,17.3417],[-131.7174,52.6697,0.0],[-131.7176,52.6671,0.0],[-131.7056,52.6616,0.0],[-131.7044,52.6561,9.1418],[-131.6933,52.6439,3.7639]]],
[[[-131.8033,53.255,0.0],[-131.822,53.2615,1.3224],[-131.8261,53.2589,2.0128],[-131.8227,53.2558,0.0],[-131.8235,53.2542,0.0],[-131.8217,53.2525,2.0309],[-131.8234,53.2478,0.6248],[-131.8349,53.2405,0.0],[-131.8459,53.237,6.3962],[-131.86,53.2367,4.9583],[-131.8692,53.2395,0.0],[-131.8714,53.2383,11.5942],[-131.8792,53.2389,0.0],[-131.8817,53.2364,3.3168],[-131.8888,53.2359,1.7886],[-131.8966,53.2381,1.0427],[-131.9094,53.2375,4.3927],[-131.9221,53.2407,0.0],[-131.9228,53.2367,9.3453],[-131.9261,53.2331,2.2659],[-131.9383,53.2261,3.8973],[-131.945,53.2245,5.2732],[-131.9466,53.2217,36.9646],[-131.9627,53.2125,2.168],[-131.9744,53.215,29.4977],[-131.98,53.2142,1.7874],[-131.9833,53.2161,0.6594],[-131.9862,53.215,14.464],[-131.9856,53.2178,3.7259],[-131.9939,53.2181,0.0],[-131.995,53.2169,0.0],[-131.9878,53.2106,17.9505],[-131.9883,53.2072,3.2589],[-131.9817,53.2028,4.7252],[-131.9828,53.2014,0.0],[-131.9861,53.1997,8.0679],[-131.99,53.2009,0.0],[-131.9978,53.1992,0.0],[-132.0161,53.1986,14.4927],[-132.0172,53.1989,0.0],[-132.0166,53.2011,17.8551],[-132.0122,53.2037,0.0],[-132.0122,53.2059,0.0],[-132.015,53.2067,39.7397],[-132.0238,53.1998,0.0],[-132.0217,53.1967,0.0],[-132.0161,53.1956,0.0],[-132.0228,53.1942,6.7637],[-132.0201,53.1921,0.0],[-132.025,53.1892,15.7092],[-132.0244,53.1861,13.7011],[-132.03,53.1839,0.0],[-132.0317,53.1806,0.0],[-132.0367,53.1778,6.999],[-132.0444,53.1697,6.3273],[-132.0595,53.1675,5.3362],[-132.0608,53.1656,21.981],[-132.0556,53.1644,0.9463],[-132.0627,53.1614,24.7299],[-132.0683,53.1611,0.7007],[-132.0689,53.1592,11.1891],[-132.0803,53.1528,12.1426],[-132.0806,53.15,21.8311],[-132.0827,53.1484,19.331],[-132.0911,53.1492,5.9262],[-132.0944,53.1517,14.3238],[-132.0978,53.1517,18.4623],[-132.1192,53.1493,2.8144],[-132.1283,53.145,45.4792],[-132.1333,53.145,10.3028],[-132.135,53.1461,30.0113],[-132.1278,53.1495,10.014099999999999],[-132.1133,53.1517,9.0494],[-132.1167,53.1533,27.0683],[-132.113,53.1562,5.3615],[-132.1194,53.1553,20.2545],[-132.1203,53.1573,0.0],[-132.1235,53.1563,26.0925],[-132.1272,53.1592,0.0],[-132.1349,53.1604,23.0221],[-132.1394,53.1592,7.4047],[-132.1456,53.1601,4.5159],[-132.1599,53.1569,41.1332],[-132.1717,53.1519,44.6175],[-132.177,53.1514,17.5418],[-132.1828,53.1481,7.8105],[-132.2016,53.1475,0.0],[-132.2144,53.1422,0.0],[-132.23,53.1397,16.7693],[-132.2354,53.1415,0.0],[-132.235,53.1436,0.0],[-132.2372,53.1445,0.0],[-132.2411,53.1447,0.0],[-132.2439,53.1428,23.9192],[-132.2502,53.1459,8.8873],[-132.2634,53.1465,38.2584],[-132.2653,53.1478,0.0],[-132.2711,53.1469,47.4137],[-132.2747,53.1495,0.0],[-132.2833,53.1517,22.4066],[-132.3001,53.1535,14.6252],[-132.3327,53.1464,20.378],[-132.3567,53.1497,2.754],[-132.3649,53.1459,0.0],[-132.3649,53.1439,0.0],[-132.3621,53.1428,0.0],[-132.3561,53.1447,6.691],[-132.3533,53.1433,0.0],[-132.3556,53.1386,0.0],[-132.3511,53.1369,11.9651],[-132.3528,53.1347,7.2101],[-132.3506,53.1336,12.9084],[-132.3561,53.1308,25.6385],[-132.3594,53.1331,7.244],[-132.37,53.1333,14.3413],[-132.3789,53.13,23.9354],[-132.3928,53.1278,0.0],[-132.3944,53.1261,3.4493],[-132.3889,53.118899999999996,22.5177],[-132.3905,53.1175,0.0],[-132.3889,53.1144,22.2389],[-132.3905,53.1131,0.0],[-132.3894,53.1097,12.2606],[-132.3911,53.1086,0.0],[-132.3939,53.1103,45.6103],[-132.395,53.1192,0.0],[-132.3983,53.1222,58.8013],[-132.3985,53.1249,27.8846],[-132.4016,53.1275,0.0],[-132.4089,53.1295,0.0],[-132.4156,53.1281,23.7211],[-132.4272,53.1295,0.0],[-132.4433,53.1289,0.0],[-132.4616,53.1253,60.0152],[-132.4744,53.1248,2.4955],[-132.4755,53.1233,45.0171],[-132.4839,53.1264,14.0338],[-132.4917,53.1247,22.2992],[-132.5022,53.1292,0.0],[-132.505,53.1286,90.7859],[-132.5078,53.1311,45.5642],[-132.5158,53.1323,35.7219],[-132.5227,53.1361,0.0],[-132.5278,53.1364,11.5571],[-132.5312,53.1345,25.7228],[-132.5494,53.1394,8.475],[-132.555,53.1414,102.6356],[-132.5594,53.1464,29.4483],[-132.575,53.1519,13.4484],[-132.5777,53.1511,6.7654],[-132.5755,53.1497,54.8698],[-132.5772,53.1489,54.8698],[-132.5843,53.1523,0.0],[-132.5893,53.1509,0.0],[-132.5888,53.1492,0.0],[-132.5843,53.1486,13.2501],[-132.5854,53.1473,13.2501],[-132.5899,53.1475,0.0],[-132.5861,53.1425,0.0],[-132.5861,53.1394,0.0],[-132.5927,53.1375,0.0],[-132.5945,53.135,0.0],[-132.5928,53.1328,6.5838],[-132.596,53.1309,0.0],[-132.5961,53.1264,0.0],[-132.5906,53.1219,0.0],[-132.5871,53.1227,4.9667],[-132.5738,53.1194,1.7746],[-132.5633,53.1191,29.8732],[-132.5594,53.1155,18.9355],[-132.5489,53.1106,30.3106],[-132.5511,53.1073,0.0],[-132.5438,53.1047,0.0],[-132.5349,53.1059,39.49],[-132.5271,53.1045,4.0245],[-132.5189,53.1064,19.5345],[-132.4602,53.1031,4.3888],[-132.4389,53.1056,19.5941],[-132.4217,53.1031,0.0],[-132.4011,53.1039,22.3744],[-132.3944,53.1061,6.8378],[-132.3922,53.1047,0.0],[-132.4089,53.1025,0.0],[-132.4161,53.0997,7.3806],[-132.4305,53.0994,6.444],[-132.4355,53.097,14.4241],[-132.4433,53.0981,7.7501],[-132.4533,53.0959,14.8093],[-132.4857,53.0992,0.0],[-132.4911,53.0973,56.4413],[-132.4928,53.0987,56.4413],[-132.4995,53.0983,37.645],[-132.5039,53.0969,0.0],[-132.5033,53.0947,44.0229],[-132.5087,53.0975,0.0],[-132.5183,53.0961,24.1443],[-132.5233,53.0983,21.4254],[-132.5418,53.1003,37.8769],[-132.5577,53.097,92.1306],[-132.5648,53.0985,53.9908],[-132.5702,53.0967,65.4521],[-132.5755,53.0975,0.0],[-132.5761,53.0953,0.0],[-132.5716,53.0911,0.9829],[-132.5767,53.09,0.0],[-132.5739,53.0878,48.4167],[-132.5779,53.0884,8.4118],[-132.5806,53.0867,8.9686],[-132.5772,53.0864,7.3468],[-132.5767,53.0831,0.0],[-132.5739,53.0837,0.0],[-132.5622,53.0803,53.5557],[-132.5667,53.0797,0.0],[-132.5656,53.0767,0.0],[-132.55,53.0678,1.6594],[-132.5358,53.0672,14.9903],[-132.5244,53.0697,47.0173],[-132.5155,53.0689,4.7312],[-132.5061,53.0722,44.3996],[-132.5028,53.0714,7.4709],[-132.5011,53.0689,35.5337],[-132.5061,53.0675,21.5346],[-132.5255,53.0669,1.194],[-132.525,53.0653,0.0],[-132.5189,53.0641,7.5374],[-132.5239,53.0619,1.2412],[-132.5217,53.0592,6.6749],[-132.5261,53.0517,0.0],[-132.5228,53.0494,94.5715],[-132.5305,53.0503,0.0],[-132.5311,53.0478,3.7448],[-132.5339,53.0461,18.7527],[-132.5244,53.0417,0.0],[-132.5233,53.0406,14.9213],[-132.5244,53.0397,0.0],[-132.5206,53.0369,0.0],[-132.5155,53.035,0.0],[-132.5133,53.0359,13.2443],[-132.5117,53.0336,0.0],[-132.5061,53.0344,0.9718],[-132.505,53.0339,10.2906],[-132.5064,53.0322,0.0],[-132.5056,53.0308,0.0],[-132.4972,53.0272,0.8143],[-132.4849,53.0284,0.0],[-132.4772,53.0328,3.1451],[-132.4644,53.0356,31.2824],[-132.4578,53.0353,13.8907],[-132.4578,53.0328,4.4921],[-132.4544,53.0323,0.0],[-132.4511,53.0356,87.4871],[-132.4406,53.0386,7.8128],[-132.4422,53.0405,24.6395],[-132.4388,53.0417,0.0],[-132.4361,53.04,5.7652],[-132.44,53.0375,7.8128],[-132.4383,53.0361,0.0],[-132.43,53.0389,0.0],[-132.43,53.0409,19.6701],[-132.4261,53.0405,50.6641],[-132.4255,53.0369,0.0],[-132.4283,53.0353,0.0],[-132.4222,53.0331,108.0854],[-132.4228,53.0311,37.0393],[-132.4178,53.028,22.5409],[-132.4044,53.0247,0.0],[-132.3967,53.0269,0.0],[-132.39,53.0261,0.0],[-132.3778,53.0306,112.3284],[-132.3683,53.03,0.0],[-132.3678,53.0322,96.7261],[-132.3656,53.0333,28.5902],[-132.3522,53.0353,0.0],[-132.3506,53.0389,6.6198],[-132.3455,53.0411,37.8028],[-132.3442,53.0444,29.6434],[-132.3372,53.0473,28.7869],[-132.3344,53.0453,5.0314],[-132.3344,53.0431,24.7947],[-132.3487,53.0348,19.762],[-132.3438,53.0334,0.0],[-132.3241,53.0444,50.7589],[-132.3155,53.0445,0.0],[-132.304,53.0469,3.8499],[-132.2961,53.0503,14.8854],[-132.2927,53.055,6.5153],[-132.2872,53.0578,28.9942],[-132.277,53.0601,0.0],[-132.2638,53.0599,4.5702],[-132.2676,53.0545,0.0],[-132.2889,53.0531,6.1737],[-132.2922,53.0475,11.3938],[-132.3022,53.0431,54.755],[-132.3256,53.0397,31.6783],[-132.3283,53.035,63.5118],[-132.3339,53.0328,13.6081],[-132.3383,53.0314,92.7425],[-132.3472,53.0323,0.0],[-132.3611,53.0264,11.9576],[-132.3561,53.0231,0.0],[-132.3583,53.0206,0.0],[-132.3539,53.0183,0.0],[-132.33,53.0247,6.1082],[-132.3261,53.0239,0.0],[-132.3217,53.0264,3.6925],[-132.3167,53.025,1.6601],[-132.3161,53.0219,0.0],[-132.3106,53.0189,4.8821],[-132.2985,53.0201,10.0328],[-132.284,53.0186,0.0],[-132.2729,53.0203,0.0],[-132.2569,53.0181,13.9424],[-132.2467,53.0139,24.3659],[-132.2478,53.0122,0.0],[-132.2511,53.0139,0.0],[-132.2528,53.0114,0.0],[-132.2517,53.01,5.2093],[-132.237,53.0064,0.0],[-132.23,53.0081,7.3849],[-132.2276,53.0049,0.0],[-132.2202,53.0005,39.2429],[-132.2024,52.9947,0.0],[-132.1635,52.9933,0.0],[-132.1399,52.9985,0.0],[-132.1248,52.9955,22.2504],[-132.1168,52.9922,25.6395],[-132.1196,52.9905,2.5061],[-132.1186,52.9899,0.0],[-132.1007,52.9828,6.6065],[-132.1007,52.9805,0.0],[-132.1029,52.9791,14.9957],[-132.1013,52.9779,6.1036],[-132.0783,52.9677,4.2168],[-132.0804,52.9656,0.0],[-132.084,52.9656,7.5034],[-132.1043,52.9763,40.467],[-132.1065,52.9789,51.7667],[-132.107,52.9827,2.6823],[-132.112,52.9856,-0.0554],[-132.1208,52.9866,53.5926],[-132.1264,52.9893,29.7541],[-132.1265,52.9911,0.0],[-132.1369,52.993899999999996,0.0],[-132.1416,52.9901,32.1728],[-132.1541,52.9886,2.273],[-132.1524,52.9842,18.5833],[-132.1563,52.9778,6.859],[-132.1463,52.9731,4.0295],[-132.1393,52.9647,2.6437],[-132.1327,52.9607,32.9343],[-132.1237,52.9602,0.0],[-132.1141,52.9622,5.1731],[-132.1136,52.9601,0.0],[-132.1163,52.9572,15.1048],[-132.1259,52.9549,19.6486],[-132.1385,52.9564,7.3147],[-132.1464,52.9612,77.3501],[-132.1575,52.9726,3.6419],[-132.1667,52.9769,13.3855],[-132.1757,52.9748,12.8771],[-132.1785,52.9703,12.2539],[-132.1908,52.9668,0.0],[-132.1748,52.9613,21.9747],[-132.1583,52.9533,0.0],[-132.1478,52.9414,0.0],[-132.135,52.9375,5.54],[-132.1344,52.9353,0.0],[-132.1361,52.9347,4.3122],[-132.1463,52.9364,28.0371],[-132.1613,52.9453,21.5663],[-132.1685,52.9447,31.8871],[-132.1756,52.9506,0.0],[-132.1788,52.9557,7.527],[-132.2015,52.9623,17.8666],[-132.2037,52.9652,49.2825],[-132.2135,52.9695,0.0],[-132.2201,52.9653,124.993],[-132.2265,52.9649,5.1674],[-132.2307,52.9609,14.7112],[-132.2007,52.9445,99.9066],[-132.2018,52.9417,8.3902],[-132.1934,52.9359,0.0],[-132.1883,52.9341,42.1296],[-132.1751,52.9331,15.6594],[-132.1712,52.931399999999996,3.6792],[-132.1715,52.9293,0.0],[-132.1775,52.9274,0.0],[-132.1936,52.9301,6.8404],[-132.1995,52.9295,16.4873],[-132.2131,52.9455,10.9449],[-132.2168,52.9475,0.0],[-132.225,52.9477,0.0],[-132.2541,52.9586,18.0136],[-132.2625,52.9595,3.0306],[-132.2704,52.9574,5.8831],[-132.2881,52.9591,0.0],[-132.2898,52.9583,0.0],[-132.2872,52.9557,0.0],[-132.2883,52.9545,7.5024],[-132.2985,52.9552,10.189],[-132.3013,52.9522,29.2643],[-132.3118,52.953,36.1532],[-132.3165,52.9552,30.4809],[-132.3235,52.9537,39.9473],[-132.3268,52.9544,0.0],[-132.3304,52.9519,0.0],[-132.3353,52.9536,2.1805],[-132.3363,52.9514,17.6401],[-132.3454,52.9517,0.0],[-132.3515,52.9491,0.0],[-132.3485,52.9469,19.8503],[-132.3554,52.948,0.0],[-132.364,52.9466,0.8069],[-132.3644,52.9451,0.0],[-132.3582,52.943,0.0],[-132.3568,52.9386,10.3652],[-132.3604,52.9374,0.0],[-132.3618,52.9342,0.0],[-132.3652,52.9319,19.7215],[-132.3668,52.9269,0.0],[-132.3632,52.9258,4.0768],[-132.3581,52.9275,18.9896],[-132.3563,52.9233,0.0],[-132.3509,52.9227,27.7865],[-132.3503,52.9205,0.0],[-132.3396,52.9259,4.8008],[-132.3391,52.9228,68.7035],[-132.3448,52.9197,0.0],[-132.3445,52.9151,0.0],[-132.3374,52.9156,73.0063],[-132.3391,52.9136,0.0],[-132.3341,52.9139,4.8341],[-132.3289,52.9108,18.3286],[-132.3328,52.9072,0.0],[-132.3272,52.9085,2.0636],[-132.3247,52.9055,2.9461],[-132.3213,52.9061,1.248],[-132.3173,52.9035,0.0],[-132.3121,52.9039,17.7267],[-132.3093,52.9093,27.6455],[-132.3032,52.9116,0.0],[-132.2932,52.9094,27.1949],[-132.2792,52.9119,0.0],[-132.2643,52.9185,0.0],[-132.2626,52.9177,0.0],[-132.2654,52.9133,6.3326],[-132.2755,52.9069,15.5965],[-132.2947,52.9047,140.568],[-132.3043,52.9072,0.0],[-132.3074,52.9056,0.0],[-132.3084,52.901,60.9872],[-132.3178,52.9019,29.1671],[-132.3206,52.8995,18.8341],[-132.3283,52.8997,0.0],[-132.3294,52.8975,0.0],[-132.3268,52.8961,0.0],[-132.3245,52.8916,0.0],[-132.3204,52.8899,0.0],[-132.315,52.8905,18.5667],[-132.3161,52.8883,0.0],[-132.3133,52.8864,0.0],[-132.3094,52.8867,0.0],[-132.3039,52.8831,0.0],[-132.3033,52.88,0.0],[-132.3006,52.8806,16.3736],[-132.2961,52.8767,0.0],[-132.287,52.8747,0.0],[-132.2776,52.8702,0.0],[-132.2715,52.8711,0.0],[-132.2665,52.8674,16.3947],[-132.2608,52.8663,1.6342],[-132.2604,52.863,0.0],[-132.2552,52.8656,6.6605],[-132.2503,52.8619,0.0],[-132.2454,52.8658,20.5487],[-132.2322,52.8648,0.0],[-132.2272,52.8667,0.0],[-132.2242,52.866,0.0],[-132.2246,52.8614,5.2761],[-132.2268,52.8581,0.0],[-132.2315,52.8608,0.0],[-132.2406,52.8604,68.96],[-132.2428,52.8618,12.1909],[-132.2453,52.86,7.1357],[-132.2452,52.8547,19.2888],[-132.2498,52.8555,0.0],[-132.252,52.8511,0.0],[-132.2544,52.85,40.8175],[-132.2594,52.8514,0.0],[-132.2667,52.8487,0.0],[-132.2646,52.8467,0.0],[-132.2591,52.8472,13.5691],[-132.2585,52.8456,9.5692],[-132.2607,52.8445,0.0],[-132.2602,52.8414,189.6135],[-132.267,52.8394,0.0],[-132.262,52.8377,12.3041],[-132.2607,52.8303,0.0],[-132.2567,52.8287,2.35],[-132.2591,52.8264,0.0],[-132.2535,52.8247,0.0],[-132.253,52.8208,0.0],[-132.2474,52.8197,3.7982],[-132.2466,52.8165,0.0],[-132.2407,52.8161,8.282],[-132.2505,52.8142,0.0],[-132.2433,52.8105,15.1959],[-132.239,52.8048,0.0],[-132.24,52.8036,0.0],[-132.2361,52.8014,0.0],[-132.2376,52.7997,0.0],[-132.2218,52.7972,4.7149],[-132.2168,52.7978,0.0],[-132.2126,52.7958,2.5409],[-132.2091,52.7962,0.0],[-132.2046,52.7931,0.0],[-132.1952,52.7928,1.2514],[-132.1936,52.7946,30.0663],[-132.1863,52.7964,14.2329],[-132.183,52.7936,0.0],[-132.1841,52.7909,2.2659],[-132.1906,52.7872,0.0],[-132.1922,52.7842,0.0],[-132.1856,52.7814,0.0],[-132.1832,52.7833,11.2139],[-132.1787,52.7838,17.8934],[-132.1746,52.7803,31.0262],[-132.176,52.7782,1.9699],[-132.1679,52.7767,0.0],[-132.1716,52.7726,0.0],[-132.1657,52.7731,10.1154],[-132.1624,52.7713,105.1098],[-132.1674,52.7687,0.0],[-132.1579,52.7637,0.0],[-132.1535,52.7597,0.0],[-132.1535,52.7564,0.0],[-132.1502,52.7553,1.3671],[-132.1491,52.7517,0.0],[-132.1393,52.7444,0.0],[-132.1343,52.743,0.0],[-132.1304,52.7453,0.0],[-132.1231,52.7461,0.0],[-132.1209,52.7444,0.0],[-132.113,52.7433,3.1065],[-132.1155,52.7411,3.4947],[-132.1145,52.7405,3.4947],[-132.1081,52.7431,0.0],[-132.1048,52.7483,0.0],[-132.1059,52.7516,0.0],[-132.1023,52.7572,6.9601],[-132.103,52.7638,0.0],[-132.1013,52.7657,6.4648],[-132.1055,52.7701,6.216],[-132.1059,52.7743,0.0],[-132.1031,52.7766,0.0],[-132.1043,52.7788,14.5696],[-132.1015,52.7802,0.0],[-132.0985,52.7861,20.947],[-132.0833,52.7892,40.8678],[-132.0759,52.7891,22.987],[-132.0694,52.7861,4.9986],[-132.0606,52.7919,0.0],[-132.0661,52.7953,2.2669],[-132.0667,52.7999,5.8405],[-132.0652,52.8023,30.6201],[-132.0599,52.8045,0.0],[-132.0631,52.8107,57.2034],[-132.0593,52.8147,10.0006],[-132.0626,52.8166,7.7519],[-132.0626,52.8191,0.0],[-132.0653,52.8195,53.4661],[-132.0765,52.8277,18.4325],[-132.0909,52.8445,15.0281],[-132.0891,52.8484,4.2061],[-132.0821,52.8487,0.0],[-132.0822,52.8531,0.0],[-132.08,52.8553,0.0],[-132.0735,52.8525,5.6527],[-132.0709,52.8455,13.3712],[-132.0674,52.8442,14.6543],[-132.0639,52.8375,4.6885],[-132.0567,52.8336,10.7613],[-132.0533,52.8269,0.0],[-132.0494,52.8242,2.2504],[-132.0506,52.8211,0.0],[-132.0494,52.8183,7.2117],[-132.0511,52.8175,0.0],[-132.0461,52.8161,28.4402],[-132.0394,52.8103,0.0],[-132.0383,52.8039,0.0],[-132.0287,52.7988,5.0951],[-132.0209,52.7991,35.5615],[-132.0188,52.7972,0.0],[-131.9987,52.7941,25.7451],[-131.9944,52.7892,10.9632],[-131.9917,52.7908,0.0],[-131.995,52.7947,25.7451],[-132.0078,52.7981,28.4428],[-132.0,52.8,0.0],[-131.9944,52.7981,0.0],[-131.9921,52.7938,4.0625],[-131.9895,52.7926,8.0399],[-131.9839,52.7936,0.0],[-131.9804,52.792,0.0],[-131.971,52.7943,0.0],[-131.9693,52.7904,0.0],[-131.9649,52.7887,0.0],[-131.9633,52.7842,21.1319],[-131.9494,52.7717,18.8541],[-131.9472,52.7617,0.0],[-131.9398,52.7583,6.1221],[-131.939,52.7565,3.5366],[-131.9433,52.7539,0.0],[-131.9483,52.7536,18.3237],[-131.9589,52.7589,0.0],[-131.9567,52.7564,0.0],[-131.9644,52.7559,0.0],[-131.9661,52.7578,0.0],[-131.9638,52.7611,0.0],[-131.9673,52.7645,7.6632999999999996],[-131.9705,52.7659,0.0],[-131.9739,52.7644,5.3389],[-131.9856,52.7711,4.4432],[-131.9878,52.7697,11.0726],[-131.9817,52.7658,20.7413],[-131.9793,52.7617,0.0],[-131.9739,52.7589,37.9564],[-131.9744,52.7554,5.6416],[-131.9661,52.7531,0.0],[-131.9617,52.7544,6.694],[-131.955,52.7486,23.495],[-131.9555,52.7461,3.4236],[-131.9417,52.74,9.4163],[-131.94,52.7358,13.4809],[-131.9367,52.7342,17.6838],[-131.9361,52.7303,0.0],[-131.9211,52.7222,28.1771],[-131.9172,52.7169,2.5876],[-131.9222,52.7161,0.0],[-131.9433,52.7317,0.0],[-131.9444,52.735,7.6709],[-131.9582,52.74,67.5154],[-131.9845,52.7638,0.0],[-131.9955,52.7695,16.2508],[-131.9979,52.7735,0.0],[-132.0037,52.7775,12.5319],[-132.0154,52.7833,14.6255],[-132.0176,52.7822,0.0],[-132.017,52.7785,9.4844],[-132.0251,52.7718,25.9913],[-132.0254,52.7694,24.4886],[-132.0198,52.7619,0.0],[-132.0031,52.7533,48.1572],[-131.985,52.7387,0.0],[-131.9816,52.7313,0.0],[-131.9838,52.7285,0.0],[-131.9828,52.724,0.0],[-131.9845,52.7209,2.0817],[-131.9883,52.7235,0.0],[-131.9936,52.721,0.0],[-131.9963,52.7218,0.0],[-131.99,52.7317,0.0],[-131.9905,52.7339,0.0],[-131.9957,52.7374,9.7278],[-132.0028,52.7383,2.7212],[-132.0039,52.7431,19.4172],[-132.0078,52.7456,35.9329],[-132.0094,52.7497,3.9867],[-132.015,52.7514,0.0],[-132.0156,52.7541,0.0],[-132.024,52.7525,0.0],[-132.0376,52.7594,5.4483],[-132.0393,52.7619,32.2521],[-132.03809999999999,52.7627,14.7927],[-132.0304,52.7594,0.0],[-132.025,52.7625,0.0],[-132.0406,52.7681,0.0],[-132.0422,52.7675,0.0],[-132.0426,52.7646,24.7086],[-132.0467,52.766,1.4105],[-132.0539,52.763,15.761],[-132.0565,52.7641,0.0],[-132.0565,52.768,10.1474],[-132.0598,52.7683,0.0],[-132.0604,52.7649,3.4306],[-132.0589,52.7624,0.0],[-132.0714,52.7561,2.8348],[-132.0739,52.7517,17.8024],[-132.0777,52.7497,6.1404],[-132.0833,52.7503,37.8535],[-132.0889,52.7475,0.0],[-132.0937,52.7499,0.0],[-132.0981,52.7485,0.0],[-132.0974,52.7447,131.7555],[-132.1065,52.7397,0.0],[-132.1107,52.7347,0.0],[-132.1084,52.7333,0.0],[-132.11,52.7323,0.0],[-132.1083,52.7314,0.0],[-132.1089,52.73,0.0],[-132.0987,52.723,0.0],[-132.0993,52.7208,0.0],[-132.082,52.7138,2.8283],[-132.0768,52.7139,0.0],[-132.0757,52.7125,8.3996],[-132.0794,52.7117,0.0],[-132.0728,52.7081,11.6457],[-132.075,52.7053,0.0],[-132.0706,52.6992,3.3768],[-132.0666,52.6961,0.0],[-132.0626,52.6965,0.0],[-132.0606,52.691,2.4728],[-132.0513,52.6894,0.0],[-132.0465,52.6835,0.0],[-132.0383,52.6839,10.4539],[-132.0356,52.681399999999996,0.0],[-132.0322,52.6828,0.0],[-132.0305,52.6864,30.2872],[-132.0263,52.6864,0.0],[-132.0246,52.6839,38.1611],[-132.0295,52.6809,0.0],[-132.0305,52.6775,0.0],[-132.0278,52.675,0.0],[-132.0231,52.6741,21.0562],[-132.0215,52.6719,0.0],[-132.0135,52.6694,0.0],[-132.0107,52.6695,0.0],[-132.0025,52.6752,0.0],[-131.9978,52.675,9.6127],[-131.9972,52.6731,6.9845],[-132.0013,52.6714,0.0],[-132.0018,52.6669,0.0],[-132.0,52.6664,5.3617],[-131.9967,52.6592,0.0],[-131.9939,52.6567,0.0],[-131.9905,52.6573,7.9829],[-131.9834,52.654,0.0],[-131.9764,52.6462,2.2549],[-131.9722,52.6456,1.3338],[-131.9646,52.6494,1.6342],[-131.9602,52.6481,0.0],[-131.9522,52.6509,0.0],[-131.9528,52.6569,0.0],[-131.956,52.6595,131.4021],[-131.9533,52.6631,0.0],[-131.9496,52.6648,0.0],[-131.9453,52.6646,50.7368],[-131.9449,52.6589,76.2983],[-131.9467,52.6556,3.1279],[-131.9441,52.6543,76.7298],[-131.9458,52.6515,0.0],[-131.9397,52.6493,16.1992],[-131.9382,52.6473,5.1814],[-131.9289,52.6531,0.0],[-131.9172,52.6539,6.0705],[-131.9169,52.652,0.0],[-131.9157,52.6536,0.0],[-131.9178,52.6555,9.8368],[-131.9139,52.6569,0.0],[-131.9049,52.6555,123.1399],[-131.905,52.6515,0.0],[-131.8936,52.656,24.9941],[-131.8794,52.6522,50.2205],[-131.8806,52.6503,29.0123],[-131.8872,52.6475,0.0],[-131.8957,52.6515,27.6296],[-131.9035,52.6484,43.356],[-131.9121,52.6479,12.1984],[-131.9167,52.6509,0.0],[-131.9222,52.6469,72.6799],[-131.9344,52.6428,2.3932],[-131.9406,52.6436,44.5047],[-131.9422,52.6419,12.4172],[-131.9417,52.6367,0.0],[-131.9294,52.6331,15.1612],[-131.9253,52.6296,0.0],[-131.9269,52.6286,55.4453],[-131.9367,52.6319,1.0223],[-131.9383,52.6311,0.0],[-131.9361,52.6291,1.0849],[-131.9389,52.6255,0.0],[-131.9317,52.6181,3.8696],[-131.9333,52.6153,0.0],[-131.9244,52.6181,1.9559],[-131.9195,52.6177,9.7073],[-131.915,52.6128,0.0],[-131.9067,52.61,0.0],[-131.8903,52.6142,12.1622],[-131.885,52.6117,17.1512],[-131.8856,52.6097,5.0407],[-131.8822,52.6086,0.0],[-131.8667,52.6159,28.5733],[-131.86,52.6133,29.3173],[-131.875,52.605,73.8482],[-131.8933,52.6053,25.3379],[-131.9,52.6089,3.3119],[-131.907,52.6057,16.5988],[-131.9079,52.6043,36.5035],[-131.9027,52.6011,0.0],[-131.9105,52.6008,0.0],[-131.9122,52.5994,5.1464],[-131.9122,52.595,4.1528],[-131.9067,52.5901,8.9165],[-131.9061,52.5869,0.0],[-131.9001,52.5864,0.0],[-131.893,52.5887,0.0],[-131.8889,52.5864,4.7075],[-131.88,52.5861,18.8263],[-131.8789,52.5853,44.019],[-131.8961,52.5829,14.7805],[-131.8942,52.5808,13.0498],[-131.8944,52.5786,2.3263],[-131.8914,52.5761,1.0578],[-131.8896,52.5778,22.4655],[-131.8793,52.5753,0.0],[-131.8705,52.5771,69.6964],[-131.8628,52.5761,38.6535],[-131.8592,52.5733,122.1815],[-131.8642,52.5718,1.9788],[-131.8614,52.5702,21.8277],[-131.8638,52.568,0.0],[-131.8579,52.5634,0.0],[-131.8478,52.5586,0.0],[-131.845,52.5619,9.2808],[-131.8461,52.5656,55.5859],[-131.8411,52.57,21.8449],[-131.8333,52.5719,0.0],[-131.8174,52.5724,15.6134],[-131.7909,52.5826,9.212],[-131.7843,52.5819,0.0],[-131.7855,52.5783,2.279],[-131.7979,52.5747,3.5839],[-131.8057,52.57,11.0845],[-131.8156,52.568,18.7849],[-131.8294,52.5679,38.7714],[-131.8387,52.5654,2.8939],[-131.8392,52.5641,2.8939],[-131.8343,52.5606,18.8961],[-131.8341,52.5567,51.8915],[-131.8394,52.555,1.5068],[-131.8344,52.5533,5.8474],[-131.835,52.5469,0.0],[-131.8266,52.5461,1.8311],[-131.8187,52.5478,23.4586],[-131.8156,52.5439,8.914],[-131.8112,52.5443,2.3145],[-131.8106,52.5428,0.0],[-131.8155,52.5394,8.5612],[-131.8152,52.5359,4.8463],[-131.8055,52.529,10.0771],[-131.7938,52.5292,3.5983],[-131.7923,52.533,0.0],[-131.7881,52.5339,58.9946],[-131.7771,52.5339,26.5099],[-131.7705,52.5323,14.1459],[-131.765,52.5342,25.2072],[-131.7488,52.5341,29.4939],[-131.7493,52.5319,26.6309],[-131.7522,52.5308,0.0],[-131.7628,52.5295,19.7285],[-131.7733,52.5311,0.0],[-131.773,52.5294,4.5412],[-131.7762,52.5282,45.114],[-131.7848,52.5287,33.6292],[-131.7928,52.5236,24.0097],[-131.7883,52.5204,0.2993],[-131.7867,52.5159,6.0201],[-131.7884,52.5147,0.0],[-131.7839,52.5114,0.0],[-131.7727,52.5097,24.4515],[-131.7672,52.505,4.4471],[-131.7611,52.5042,17.6598],[-131.7567,52.5014,1.8741],[-131.7528,52.5018,0.0],[-131.7413,52.4962,26.9201],[-131.7422,52.4941,4.5007],[-131.7317,52.4988,24.0929],[-131.7249,52.493,0.0],[-131.7177,52.4912,0.811],[-131.7176,52.4882,0.0],[-131.712,52.4891,23.7463],[-131.7067,52.4878,6.6531],[-131.7025,52.4847,0.0],[-131.699,52.4846,0.0],[-131.6939,52.4803,0.0],[-131.6815,52.4798,4.681],[-131.6789,52.4769,0.0],[-131.6768,52.4783,0.1987],[-131.6704,52.4771,9.0069],[-131.6689,52.4825,32.0257],[-131.6655,52.4811,0.0],[-131.6628,52.4828,7.4544],[-131.6598,52.4821,20.6276],[-131.6647,52.4778,3.0672],[-131.656,52.4726,3.0023],[-131.6539,52.4693,0.225],[-131.6555,52.4678,0.0],[-131.6514,52.4665,1.6915],[-131.6524,52.4648,0.3974],[-131.6502,52.4641,18.9747],[-131.6499,52.4622,4.4639],[-131.6533,52.4619,3.4851],[-131.6577,52.4544,0.0],[-131.6505,52.4559,21.5323],[-131.6478,52.4542,0.0],[-131.6488,52.4509,0.0],[-131.64,52.4475,1.9792],[-131.635,52.4486,0.0],[-131.6357,52.4504,31.9411],[-131.6337,52.453,16.164],[-131.6311,52.4522,1.179],[-131.6303,52.4543,8.9222],[-131.6267,52.4555,28.9272],[-131.6232,52.4542,4.0281],[-131.6198,52.4503,15.5122],[-131.6206,52.4485,0.0],[-131.6333,52.4428,0.0],[-131.6264,52.4299,58.4906],[-131.6153,52.4234,2.9653],[-131.6109,52.4138,1.4735],[-131.6081,52.4134,0.0],[-131.6025,52.4205,16.4248],[-131.5984,52.4205,15.453],[-131.5944,52.4181,4.0191],[-131.5926,52.4206,27.6334],[-131.586,52.4202,1.4173],[-131.5868,52.4211,7.6702],[-131.5831,52.4263,4.5566],[-131.5743,52.426,10.6245],[-131.5711,52.4295,9.6549],[-131.5723,52.4323,6.7547],[-131.5705,52.4345,6.501],[-131.5607,52.433,3.2529],[-131.5594,52.4309,0.7848],[-131.5561,52.4364,13.1726],[-131.5489,52.4389,12.1983],[-131.5472,52.4372,14.7988],[-131.5486,52.4323,0.0],[-131.5536,52.4257,0.0],[-131.5537,52.4231,0.9316],[-131.5516,52.4213,5.1492],[-131.536,52.4158,27.9695],[-131.5165,52.4149,1.8605],[-131.5042,52.4037,10.1116],[-131.5074,52.3934,28.9661],[-131.5278,52.4014,7.2411],[-131.5406,52.4086,18.693],[-131.5451,52.4095,0.0],[-131.5457,52.4067,7.1941],[-131.553,52.4047,7.8946],[-131.5666,52.4099,4.7436],[-131.5716,52.4065,9.6084],[-131.5825,52.4051,17.4401],[-131.5849,52.4023,2.2735],[-131.5907,52.4,22.9097],[-131.591,52.3966,28.0069],[-131.5866,52.3939,6.8183],[-131.602,52.392,2.097],[-131.5972,52.3867,4.1935],[-131.6011,52.3825,0.0],[-131.5989,52.3756,2.7073],[-131.6019,52.3758,2.2084],[-131.6055,52.3803,0.0],[-131.6072,52.38,0.0],[-131.6072,52.3783,0.0],[-131.6006,52.3728,0.0],[-131.5967,52.3739,0.4398],[-131.5978,52.3767,0.5707],[-131.5961,52.3772,16.2798],[-131.5933,52.3756,23.6518],[-131.5956,52.3714,0.4919],[-131.5854,52.3701,8.1213],[-131.5836,52.367,0.0],[-131.5807,52.3659,16.902],[-131.5789,52.362,1.058],[-131.5857,52.3588,0.0],[-131.5794,52.3509,6.2277],[-131.5798,52.3485,0.876],[-131.5764,52.3465,0.5427],[-131.5756,52.3431,16.6938],[-131.5706,52.3454,0.0],[-131.5634,52.344,1.6168],[-131.5584,52.35,4.8197],[-131.5521,52.3483,4.3572],[-131.5522,52.3466,4.1705],[-131.5493,52.3452,1.5876999999999999],[-131.5512,52.3433,3.7302],[-131.555,52.3431,0.0],[-131.5512,52.3411,0.0],[-131.5461,52.3442,0.0],[-131.5452,52.3479,0.0],[-131.5433,52.3489,17.0755],[-131.5317,52.3486,0.0],[-131.5338,52.344,26.1796],[-131.537,52.3431,12.5785],[-131.5393,52.3394,12.8779],[-131.5455,52.3374,4.7444],[-131.5511,52.3384,0.3351],[-131.5518,52.3365,0.6116],[-131.5476,52.3335,19.2943],[-131.5573,52.3308,1.2278],[-131.56,52.3257,12.8205],[-131.5455,52.3215,4.7628],[-131.545,52.3199,0.0],[-131.5376,52.3193,12.3973],[-131.5344,52.3161,0.0],[-131.5272,52.3158,0.8953],[-131.5262,52.3177,10.0484],[-131.5275,52.3192,28.9883],[-131.52,52.3217,13.6573],[-131.5163,52.3221,10.9591],[-131.5095,52.3193,18.803],[-131.5091,52.3154,1.2213],[-131.5135,52.3135,0.0],[-131.5119,52.3086,15.1029],[-131.5139,52.3075,0.0],[-131.5154,52.3021,16.0205],[-131.5135,52.3003,0.0],[-131.5055,52.2995,3.1052],[-131.5078,52.2982,0.0],[-131.5064,52.2958,6.8808],[-131.5099,52.295,4.8702],[-131.5094,52.2939,4.8702],[-131.5017,52.2878,0.0],[-131.4924,52.2883,8.4026],[-131.4816,52.2779,7.3819],[-131.4826,52.2749,0.0],[-131.4791,52.2743,4.9947],[-131.4782,52.2726,2.4744],[-131.4761,52.2733,0.0],[-131.4786,52.2773,31.5509],[-131.4768,52.2781,11.0388],[-131.4719,52.2771,22.7538],[-131.4703,52.2749,0.0],[-131.4693,52.2769,5.3115],[-131.4668,52.2739,11.8228],[-131.4605,52.2715,0.0],[-131.4611,52.2678,0.0],[-131.4528,52.2645,17.9582],[-131.4533,52.263,12.188],[-131.4435,52.2556,5.1348],[-131.4431,52.2505,21.0615],[-131.4456,52.2486,0.0],[-131.4409,52.2444,3.5552],[-131.4388,52.2404,2.1629],[-131.4398,52.2385,0.0],[-131.4283,52.2312,25.7245],[-131.4303,52.2283,9.628],[-131.4287,52.2247,16.9949],[-131.4299,52.2219,4.2007],[-131.4281,52.2192,10.1397],[-131.4239,52.2197,6.3737],[-131.4214,52.2168,0.3657],[-131.4243,52.2151,0.0],[-131.4187,52.2144,38.1713],[-131.4156,52.2123,1.5453],[-131.4107,52.2131,0.3891],[-131.4072,52.2089,4.5598],[-131.4034,52.2084,0.8504],[-131.4043,52.2065,0.0],[-131.3984,52.2051,0.0],[-131.3974,52.1976,0.4083],[-131.3932,52.1974,35.9606],[-131.3885,52.194,0.0],[-131.3854,52.1965,0.0],[-131.3745,52.1956,7.8968],[-131.3668,52.1896,0.0],[-131.3706,52.1858,4.3819],[-131.3661,52.1817,0.0],[-131.3617,52.1828,0.0],[-131.3639,52.1847,11.9964],[-131.36,52.1864,0.0],[-131.3617,52.1875,3.4887],[-131.3583,52.1903,0.0],[-131.3629,52.1999,0.0],[-131.3593,52.2038,0.0],[-131.3644,52.2169,11.7386],[-131.36,52.2197,0.0],[-131.3617,52.2225,6.5288],[-131.3611,52.2253,0.0],[-131.3655,52.2342,22.4511],[-131.375,52.2464,0.0],[-131.3727,52.2503,0.0],[-131.3793,52.2701,9.6078],[-131.3783,52.2723,19.7033],[-131.3753,52.2727,3.473],[-131.3733,52.2721,30.5855],[-131.3661,52.2625,0.0],[-131.3633,52.2614,0.0],[-131.351,52.2375,0.0],[-131.3567,52.2383,8.5753],[-131.3611,52.2353,17.526],[-131.3587,52.2298,60.2657],[-131.3541,52.2247,9.7408],[-131.3561,52.2186,0.0],[-131.3518,52.216,12.6616],[-131.3499,52.2166,0.0],[-131.3498,52.2189,2.0445],[-131.3475,52.2198,0.0],[-131.3513,52.2213,15.1601],[-131.3484,52.2235,3.8151],[-131.3421,52.218,11.1346],[-131.3522,52.2124,0.0],[-131.3476,52.2097,31.2275],[-131.3503,52.2074,12.7829],[-131.3458,52.2038,2.4827],[-131.3469,52.2003,0.0],[-131.345,52.1989,0.0],[-131.3426,52.2,0.0],[-131.3438,52.205,27.8233],[-131.3421,52.2063,6.574],[-131.3401,52.2043,15.1818],[-131.3422,52.1974,3.6815],[-131.3412,52.1965,0.0],[-131.3356,52.1934,0.0],[-131.3266,52.195,0.0],[-131.3259,52.1944,16.8986],[-131.3301,52.1914,4.1942],[-131.326,52.1857,5.6785],[-131.3229,52.1841,12.1336],[-131.3284,52.184,0.0],[-131.3266,52.1802,0.0],[-131.3224,52.1803,0.7217],[-131.3175,52.1764,1.3915],[-131.3075,52.1726,6.3704],[-131.3053,52.1706,27.0036],[-131.3042,52.1632,0.0],[-131.2975,52.1571,0.0],[-131.3001,52.1549,1.889],[-131.3125,52.1533,0.0],[-131.3132,52.1482,2.0568],[-131.3111,52.1467,0.0],[-131.3083,52.1473,4.6346],[-131.3057,52.1502,3.8495],[-131.3023,52.1444,3.5457],[-131.2978,52.1431,0.0],[-131.2967,52.1439,0.7842],[-131.2978,52.1456,3.5336],[-131.295,52.1461,5.2335],[-131.2939,52.1425,0.0],[-131.2917,52.1428,0.0],[-131.2922,52.1464,2.8461],[-131.2878,52.1453,0.0],[-131.2844,52.1468,0.0],[-131.2722,52.135,7.6942],[-131.2739,52.1336,0.0],[-131.2728,52.1283,0.0],[-131.2617,52.1187,0.0],[-131.2594,52.1188,0.4897],[-131.2569,52.1247,0.0],[-131.2589,52.1272,5.2497],[-131.2554,52.1266,0.0],[-131.2522,52.128,0.4519],[-131.2479,52.1236,0.0],[-131.2441,52.1239,13.1719],[-131.2417,52.1222,6.0693],[-131.2384,52.1231,2.7098],[-131.2378,52.1245,11.8672],[-131.2401,52.1263,33.8541],[-131.2374,52.1285,0.0],[-131.2345,52.1264,0.0],[-131.2317,52.1283,0.0],[-131.2397,52.1345,3.0417],[-131.2388,52.1377,0.0],[-131.2426,52.1417,5.9447],[-131.2442,52.1469,3.3701],[-131.2384,52.1486,1.5697],[-131.2424,52.152,3.2744],[-131.2348,52.1535,0.0],[-131.2324,52.1581,0.0],[-131.245,52.175,0.0],[-131.2464,52.1815,13.7072],[-131.2499,52.1841,2.1125],[-131.2533,52.1911,17.0153],[-131.2621,52.1989,0.0],[-131.2669,52.2011,5.5441],[-131.2664,52.2026,0.0],[-131.2697,52.2041,1.2516],[-131.2688,52.2063,8.5864],[-131.2718,52.2096,5.1621],[-131.2715,52.2113,0.0],[-131.2767,52.2142,0.0],[-131.2783,52.2186,0.0],[-131.2811,52.2198,12.874],[-131.2817,52.2285,12.0339],[-131.2889,52.2367,18.289],[-131.2872,52.238,2.9247],[-131.2773,52.2325,11.5748],[-131.2737,52.2234,0.0],[-131.2687,52.2224,14.0286],[-131.2643,52.2167,0.0],[-131.2467,52.2084,0.0],[-131.2385,52.1975,0.0],[-131.2294,52.1906,18.105],[-131.2281,52.1867,0.0],[-131.221,52.1835,28.076],[-131.2189,52.1801,1.7797],[-131.2225,52.1806,0.0],[-131.2209,52.1776,14.0983],[-131.2217,52.1756,0.0],[-131.2121,52.168,7.8006],[-131.212,52.1662,2.8221],[-131.2179,52.1665,0.0],[-131.2214,52.1644,0.0],[-131.2194,52.1625,1.2445],[-131.2173,52.1644,7.1579],[-131.2127,52.1646,15.2801],[-131.2193,52.1567,0.0],[-131.2174,52.1545,0.0],[-131.2095,52.1537,4.2717],[-131.2106,52.1508,11.6001],[-131.2087,52.1495,40.2235],[-131.2103,52.1476,8.5053],[-131.209,52.1455,0.0],[-131.2127,52.1455,0.0],[-131.2036,52.1397,0.0],[-131.2055,52.1385,22.5479],[-131.2108,52.1409,3.1743],[-131.2122,52.1386,0.0],[-131.2053,52.135,2.2575],[-131.2084,52.1342,2.2575],[-131.2069,52.1313,0.642],[-131.2,52.1323,14.7143],[-131.1941,52.1219,0.0],[-131.1834,52.1184,0.0],[-131.1785,52.1185,5.2481],[-131.1721,52.1238,8.6886],[-131.1628,52.1233,0.0],[-131.1639,52.1274,24.7692],[-131.1539,52.1267,0.6045],[-131.1439,52.1385,0.0],[-131.1417,52.1389,8.6568],[-131.1416,52.1453,14.1237],[-131.1394,52.1505,11.8704],[-131.1422,52.1594,5.4142],[-131.1405,52.1661,0.0],[-131.1449,52.1687,12.8138],[-131.1383,52.1745,0.0],[-131.1377,52.1825,0.0],[-131.1395,52.1867,2.7051],[-131.1372,52.19,0.0],[-131.1405,52.1939,0.0],[-131.1445,52.1951,9.0663],[-131.1456,52.2011,6.8118],[-131.1531,52.2023,0.0],[-131.1511,52.2051,0.0],[-131.1407,52.2052,6.7929],[-131.136,52.2031,0.0],[-131.1363,52.1988,0.0],[-131.132,52.1954,0.0],[-131.1228,52.195,0.0],[-131.1198,52.1931,7.7656],[-131.1191,52.1809,8.9469],[-131.1207,52.1789,0.0],[-131.1194,52.1739,6.9578],[-131.1212,52.1734,0.0],[-131.12,52.1723,11.1199],[-131.1211,52.1659,0.0],[-131.1117,52.1631,0.0],[-131.112,52.1613,0.0],[-131.1072,52.1625,4.7494],[-131.1077,52.166,0.0],[-131.1059,52.1673,9.5798],[-131.0992,52.1681,0.0],[-131.0857,52.1664,2.3416],[-131.0751,52.1671,22.0584],[-131.0711,52.1647,0.0],[-131.0693,52.1615,0.0],[-131.0594,52.1642,0.0],[-131.0578,52.1674,35.244],[-131.0455,52.1629,0.0],[-131.0416,52.1649,1.571],[-131.0387,52.1703,1.9063],[-131.03,52.172,1.5315],[-131.0194,52.1801,0.0],[-131.0151,52.1807,0.239],[-131.0135,52.1901,15.3073],[-131.0115,52.1921,9.431],[-131.0105,52.1969,0.0],[-131.0126,52.2044,2.2438],[-131.0116,52.2101,7.3233],[-131.0071,52.214,8.2768],[-131.0039,52.2097,0.0],[-131.0022,52.2097,0.0],[-130.9983,52.2114,0.0],[-130.9978,52.2139,0.0],[-131.0045,52.2175,0.3097],[-131.0106,52.2173,0.0],[-131.0151,52.2234,0.3702],[-131.0179,52.2239,13.5618],[-131.0206,52.227,0.8223],[-131.0201,52.2287,0.0],[-131.025,52.2314,0.9396],[-131.0345,52.2319,2.4818],[-131.046,52.2223,19.5559],[-131.0547,52.2219,34.399],[-131.0565,52.225,0.0],[-131.0617,52.22,20.0143],[-131.0691,52.2183,15.1407],[-131.0728,52.2192,0.0],[-131.0755,52.2175,8.9178],[-131.0778,52.2186,0.0],[-131.0803,52.215,11.2524],[-131.0855,52.2169,57.5391],[-131.0855,52.2197,41.5051],[-131.0922,52.225,18.5419],[-131.0983,52.2256,0.0],[-131.1064,52.2191,0.0],[-131.1148,52.2183,11.1515],[-131.1219,52.2133,12.2179],[-131.1236,52.2153,20.0094],[-131.1238,52.2255,3.0769],[-131.1322,52.2302,17.6622],[-131.1402,52.2318,13.3638],[-131.1393,52.2356,0.0],[-131.1433,52.2328,0.0],[-131.1627,52.2273,0.0],[-131.1679,52.2279,0.0],[-131.1777,52.2243,3.3],[-131.1894,52.2253,4.9468],[-131.1878,52.228,2.557],[-131.1833,52.2281,3.2742],[-131.1812,52.231,9.4885],[-131.1655,52.2361,0.0],[-131.16,52.2408,16.4328],[-131.1568,52.2392,3.1068],[-131.1535,52.2413,18.0046],[-131.1452,52.2419,0.0],[-131.1423,52.2445,17.0789],[-131.1257,52.2444,0.0],[-131.1209,52.246,15.8061],[-131.1151,52.2447,8.372],[-131.0956,52.2463,15.7905],[-131.0894,52.2453,0.0],[-131.085,52.2481,0.0],[-131.0889,52.2533,12.6184],[-131.0872,52.2563,0.0],[-131.095,52.2577,6.6052],[-131.0828,52.2658,0.0],[-131.0861,52.2778,17.8935],[-131.0855,52.2803,16.0395],[-131.0894,52.2833,0.0],[-131.0894,52.2867,0.0],[-131.0917,52.2892,0.0],[-131.1094,52.2889,0.0],[-131.1127,52.2862,0.0],[-131.1258,52.283,7.8593],[-131.1272,52.2806,0.0],[-131.135,52.2817,31.0956],[-131.1344,52.2833,0.0],[-131.1371,52.2854,12.3333],[-131.1408,52.2825,15.143],[-131.145,52.2819,26.9546],[-131.1517,52.275,32.215],[-131.157,52.2786,17.1539],[-131.1524,52.2835,4.3393],[-131.1463,52.2847,5.1141],[-131.145,52.2881,5.2774],[-131.1401,52.2889,10.555],[-131.1346,52.2955,6.1811],[-131.1375,52.3049,4.6355],[-131.1361,52.3084,11.7875],[-131.1371,52.3107,0.7407],[-131.1405,52.3081,19.7571],[-131.145,52.3075,8.6515],[-131.1494,52.3036,7.6054],[-131.1522,52.3003,2.9606],[-131.1526,52.296,14.5209],[-131.1585,52.2942,3.0616],[-131.1644,52.2956,0.2485],[-131.1633,52.2974,9.6994],[-131.1578,52.2994,21.6721],[-131.1578,52.3017,36.2278],[-131.1542,52.3043,30.4194],[-131.1369,52.3145,5.0102],[-131.1432,52.3172,0.2706],[-131.1681,52.3185,27.1309],[-131.1742,52.3211,20.8417],[-131.1732,52.3234,0.0],[-131.175,52.3257,0.4154],[-131.1972,52.3154,52.0591],[-131.2072,52.3156,0.0],[-131.2144,52.3136,16.328],[-131.2244,52.3053,0.0],[-131.2183,52.3011,0.0],[-131.2192,52.2943,0.0],[-131.2174,52.2925,0.0],[-131.2193,52.2913,10.201],[-131.22559999999999,52.2935,65.1342],[-131.2344,52.3031,10.1479],[-131.239,52.3047,27.1317],[-131.2462,52.3038,0.0],[-131.2514,52.2999,19.1618],[-131.2564,52.2992,0.0],[-131.2575,52.2983,7.8971],[-131.2552,52.2943,25.3644],[-131.2594,52.2928,0.0],[-131.2547,52.2879,10.1198],[-131.2585,52.2866,14.3437],[-131.2621,52.2898,9.5115],[-131.2682,52.2889,10.3175],[-131.2655,52.285,3.0185],[-131.2593,52.2822,15.4365],[-131.2506,52.2734,0.0],[-131.2451,52.2724,37.9048],[-131.2429,52.27,2.5179],[-131.2279,52.2656,13.1772],[-131.225,52.2633,0.0],[-131.2177,52.2625,2.4171],[-131.2317,52.2586,1.2708],[-131.2317,52.2533,5.7302],[-131.2389,52.2506,0.0],[-131.2395,52.2456,2.1503],[-131.247,52.2453,11.8639],[-131.2563,52.2604,28.4822],[-131.262,52.2634,9.9978],[-131.2674,52.2688,0.0],[-131.2746,52.2711,15.612],[-131.2795,52.2765,10.8595],[-131.29,52.2831,3.4426],[-131.2989,52.2858,6.1544],[-131.3051,52.2944,3.9443],[-131.3065,52.3025,0.0],[-131.315,52.3005,0.0],[-131.3212,52.2956,0.0],[-131.3203,52.2905,0.0],[-131.3228,52.2869,9.5864],[-131.3209,52.2841,0.0],[-131.3235,52.2811,19.9985],[-131.3216,52.2781,0.0],[-131.3223,52.2758,0.0],[-131.3254,52.2792,2.9842],[-131.3259,52.2833,0.0],[-131.3247,52.294,0.0],[-131.3322,52.2971,7.0809],[-131.3336,52.3039,0.0],[-131.3384,52.304,0.0],[-131.337,52.3077,0.0],[-131.3409,52.3052,13.6183],[-131.3447,52.3073,0.0],[-131.3434,52.3086,0.0],[-131.3391,52.3085,0.0],[-131.3408,52.3107,15.7057],[-131.3377,52.3139,0.0],[-131.3406,52.3205,17.5125],[-131.3521,52.3243,5.0908],[-131.3471,52.3264,0.0],[-131.3476,52.3284,0.0],[-131.3452,52.3285,0.0],[-131.3444,52.3389,4.1275],[-131.3551,52.3477,0.0],[-131.3655,52.344,0.0],[-131.3698,52.3447,9.9863],[-131.3695,52.349,17.2052],[-131.3517,52.35,3.7586],[-131.3551,52.3521,15.8319],[-131.3537,52.3558,8.297],[-131.3556,52.3592,28.4092],[-131.3531,52.3605,17.1902],[-131.3531,52.364,23.189],[-131.3561,52.3695,11.7148],[-131.3624,52.3759,0.0],[-131.364,52.3763,0.0],[-131.3678,52.3711,0.0],[-131.3748,52.3691,0.0],[-131.3758,52.3649,1.8478],[-131.3827,52.3606,3.2898],[-131.3852,52.3569,15.9646],[-131.3911,52.3578,0.0],[-131.4064,52.3508,3.2715],[-131.4122,52.3552,3.4709],[-131.4115,52.3579,12.6725],[-131.405,52.3608,0.0],[-131.407,52.3616,3.1709],[-131.4056,52.3643,0.0],[-131.3922,52.3683,0.0],[-131.3839,52.3729,17.3714],[-131.3921,52.3889,13.9071],[-131.392,52.3994,3.6423],[-131.3969,52.4017,8.9484],[-131.4016,52.4003,26.602],[-131.3994,52.4053,0.0],[-131.4049,52.4042,0.0],[-131.4048,52.4063,0.0],[-131.4099,52.4058,0.0],[-131.411,52.4084,4.8212],[-131.4129,52.4089,0.0],[-131.4123,52.407,10.8116],[-131.4154,52.3997,0.0],[-131.4236,52.3944,0.0],[-131.4278,52.3956,3.4843],[-131.43,52.3925,7.2671],[-131.4357,52.3906,0.0],[-131.4384,52.3815,4.7444],[-131.4422,52.3819,3.2024],[-131.4498,52.3903,50.0377],[-131.445,52.3972,29.5744],[-131.4366,52.4019,1.8039],[-131.4366,52.4048,12.6809],[-131.4268,52.4083,10.4046],[-131.4289,52.4114,0.0],[-131.4278,52.4142,0.0],[-131.43,52.4159,4.6757],[-131.429,52.4234,0.0],[-131.4277,52.4274,9.3889],[-131.4181,52.4391,0.0],[-131.4189,52.4514,45.1359],[-131.4161,52.4545,25.6332],[-131.4159,52.458,11.4311],[-131.4244,52.4661,1.8311],[-131.4318,52.4691,0.0],[-131.4365,52.4681,5.8318],[-131.4396,52.4639,0.0],[-131.4461,52.4633,4.5822],[-131.4477,52.4613,13.3235],[-131.4524,52.4645,4.3517],[-131.4503,52.468,28.2878],[-131.4564,52.4699,0.0],[-131.4561,52.4678,0.0],[-131.4611,52.4673,0.0],[-131.46,52.4661,0.0],[-131.4624,52.4637,14.0507],[-131.4683,52.4623,0.0],[-131.4661,52.4578,29.0715],[-131.4694,52.4564,4.4181],[-131.4654,52.4524,10.7684],[-131.4739,52.4481,0.0],[-131.4728,52.4447,1.8398],[-131.4756,52.4442,1.8398],[-131.4801,52.4467,5.6778],[-131.4814,52.4493,9.9852],[-131.4775,52.4537,0.0],[-131.4748,52.4538,0.0],[-131.4744,52.4564,0.0],[-131.4711,52.4586,3.7719],[-131.4726,52.4629,49.7435],[-131.4689,52.4659,15.5652],[-131.4688,52.4698,31.0949],[-131.4644,52.4717,5.0256],[-131.4644,52.4745,1.5555],[-131.4842,52.4713,14.159],[-131.5069,52.4654,46.1135],[-131.5128,52.4656,0.0],[-131.5135,52.467,17.8542],[-131.5128,52.4693,9.8736],[-131.5024,52.469,10.0644],[-131.5006,52.4717,0.0],[-131.4916,52.4737,0.0],[-131.4844,52.4773,13.7281],[-131.4724,52.4775,22.0141],[-131.4747,52.48,8.1653],[-131.4722,52.4817,0.0],[-131.4748,52.4839,0.0],[-131.4813,52.4839,6.1521],[-131.4824,52.4861,3.6883],[-131.4773,52.4875,0.0],[-131.4794,52.4894,3.7143],[-131.4777,52.4925,0.0],[-131.4787,52.4955,28.2634],[-131.4707,52.4969,0.0],[-131.4661,52.5005,0.0],[-131.4715,52.5007,11.8527],[-131.4711,52.5027,13.2301],[-131.4811,52.5069,28.2089],[-131.4866,52.507,65.8296],[-131.4955,52.5103,4.0074],[-131.4986,52.5088,4.0074],[-131.5028,52.5098,16.8412],[-131.5037,52.5114,16.928],[-131.5002,52.5121,0.0],[-131.4995,52.5137,0.0],[-131.5031,52.5151,1.7431],[-131.5037,52.5169,16.7367],[-131.5161,52.5178,6.1819],[-131.5253,52.5135,35.3203],[-131.5349,52.5143,8.5592],[-131.5449,52.5074,0.0],[-131.545,52.5055,8.454],[-131.5539,52.5039,0.0],[-131.5555,52.5008,0.0],[-131.568,52.4985,16.218],[-131.5791,52.492,9.594],[-131.5801,52.4932,0.0],[-131.5771,52.4969,1.1302],[-131.5738,52.4979,7.6187],[-131.571,52.5017,0.0],[-131.5639,52.5056,48.2563],[-131.544,52.5118,3.9795],[-131.5422,52.515,0.0],[-131.5473,52.5163,4.3529],[-131.55,52.5191,4.3468],[-131.5385,52.5239,22.0645],[-131.5384,52.527,65.6395],[-131.5417,52.5289,0.0],[-131.5545,52.5309,4.3848],[-131.5657,52.5348,9.8124],[-131.5696,52.5344,7.2432],[-131.5712,52.5365,21.1148],[-131.5755,52.5369,0.0],[-131.5776,52.5355,0.0],[-131.5774,52.5308,0.0],[-131.582,52.5253,20.8301],[-131.5953,52.5206,26.9842],[-131.6021,52.5203,32.3952],[-131.606,52.5125,48.4496],[-131.6089,52.5105,0.0],[-131.6139,52.5103,0.0],[-131.6137,52.5088,0.0],[-131.6175,52.5072,4.0468],[-131.6201,52.5088,2.0691],[-131.6178,52.5111,0.0],[-131.6183,52.5127,0.3961],[-131.6115,52.514,24.8477],[-131.6084,52.5164,21.0324],[-131.6122,52.5209,13.4919],[-131.6122,52.5239,0.0],[-131.6142,52.5249,12.8814],[-131.6127,52.5269,17.6393],[-131.6132,52.5295,7.405],[-131.6098,52.5309,1.2698],[-131.61,52.5328,0.0],[-131.6291,52.5303,29.1543],[-131.6328,52.5319,75.9068],[-131.6339,52.5369,8.0159],[-131.6411,52.5395,3.3526],[-131.6581,52.5357,14.1284],[-131.6661,52.5403,16.1963],[-131.67,52.5386,0.0],[-131.6728,52.5323,41.6438],[-131.6765,52.5315,17.9882],[-131.6778,52.5339,7.7711],[-131.6728,52.5381,0.0],[-131.6758,52.5393,0.0],[-131.6744,52.5412,12.441],[-131.6717,52.5413,2.6914],[-131.6854,52.5443,0.0],[-131.6878,52.5467,0.0],[-131.6839,52.5486,0.0],[-131.6911,52.5507,16.4942],[-131.6909,52.553,10.0755],[-131.6844,52.5511,2.3474],[-131.68,52.5464,6.1357],[-131.6756,52.5478,52.732],[-131.6522,52.5405,0.0],[-131.6512,52.5422,0.0],[-131.6536,52.5453,18.7096],[-131.6498,52.5463,9.2127],[-131.6449,52.5448,0.0],[-131.6441,52.5459,5.0174],[-131.6468,52.5469,24.8944],[-131.6458,52.5483,0.0],[-131.6361,52.5478,0.0],[-131.6385,52.5505,15.4777],[-131.6372,52.5513,15.4777],[-131.6284,52.5493,0.0],[-131.6346,52.5519,34.7855],[-131.6361,52.555,37.761],[-131.6328,52.5581,12.5697],[-131.6283,52.5575,0.0],[-131.6189,52.5619,0.0],[-131.6222,52.5652,8.6577],[-131.6189,52.5675,16.2954],[-131.6217,52.5706,1.5473],[-131.6283,52.5725,2.1636],[-131.6267,52.5742,0.0],[-131.632,52.5761,3.6646],[-131.642,52.5763,22.0098],[-131.6442,52.5751,8.7726],[-131.6454,52.5705,7.1309],[-131.6512,52.5734,0.0],[-131.6544,52.5772,0.0],[-131.6656,52.5806,0.0],[-131.665,52.5828,0.0],[-131.6667,52.5841,0.0],[-131.6706,52.5806,2.3661],[-131.675,52.5813,2.5433],[-131.6771,52.5835,35.2084],[-131.677,52.5857,0.0],[-131.68,52.586,0.0],[-131.6826,52.5885,12.45],[-131.688,52.5873,2.4454],[-131.6917,52.5847,4.1106],[-131.6932,52.5873,39.9101],[-131.6888,52.5908,80.0339],[-131.6799,52.5911,0.0],[-131.6776,52.5945,2.2426],[-131.6839,52.5992,17.1669],[-131.6833,52.6017,24.1273],[-131.6856,52.6036,3.1399],[-131.6975,52.605,8.6424],[-131.6991,52.6064,21.2168],[-131.6936,52.6076,8.2294],[-131.6944,52.6089,7.3735],[-131.699,52.6098,27.7924],[-131.71,52.6158,0.0],[-131.7598,52.6301,12.9308],[-131.7632,52.6344,49.9626],[-131.7617,52.6373,44.8194],[-131.7538,52.6359,40.6551],[-131.754,52.6348,0.0],[-131.7469,52.6327,5.7622],[-131.74,52.6323,35.9487],[-131.7211,52.625,0.0],[-131.715,52.625,12.721],[-131.7061,52.6214,0.0],[-131.7011,52.6222,29.9298],[-131.6956,52.618899999999996,9.0853],[-131.6878,52.6219,0.0],[-131.6955,52.6343,0.0],[-131.7007,52.6367,11.5838],[-131.6978,52.6384,0.0],[-131.71,52.6453,24.4991],[-131.7139,52.6575,0.0],[-131.7224,52.6612,0.0],[-131.7235,52.6653,23.7335],[-131.7297,52.6658,2.933],[-131.7262,52.6689,12.178],[-131.7285,52.6717,19.6409],[-131.7265,52.6734,3.3602],[-131.7299,52.6753,7.7045],[-131.732,52.6842,0.0],[-131.7387,52.689,9.976],[-131.7406,52.6928,17.2487],[-131.7513,52.694,0.0],[-131.7611,52.6997,12.1717],[-131.7669,52.6989,0.0],[-131.7682,52.7013,0.0],[-131.7668,52.7056,0.0],[-131.7782,52.7101,4.3683],[-131.7764,52.7124,0.9353],[-131.7776,52.7131,0.9353],[-131.7806,52.7119,8.6571],[-131.7936,52.715,15.4626],[-131.8004,52.714,0.0],[-131.8025,52.7147,20.5165],[-131.8024,52.7178,0.0],[-131.8056,52.7183,18.1976],[-131.8081,52.7029,18.6963],[-131.815,52.7061,0.9944],[-131.8168,52.7128,9.1282],[-131.8306,52.7153,7.2769],[-131.8293,52.7196,0.0],[-131.8234,52.7231,12.1082],[-131.8235,52.7271,56.8999],[-131.8106,52.7346,23.0013],[-131.8028,52.7425,0.0],[-131.8125,52.7486,26.2379],[-131.8221,52.7577,0.0],[-131.8276,52.7605,0.0],[-131.8368,52.7601,22.3159],[-131.8506,52.7627,0.0],[-131.8633,52.76,0.0],[-131.8682,52.7557,0.0],[-131.8755,52.7561,0.0],[-131.8844,52.7514,6.8489],[-131.875,52.7453,26.8756],[-131.8741,52.7408,1.0632],[-131.8783,52.7419,24.4189],[-131.8833,52.7464,0.0],[-131.883,52.7479,0.0],[-131.8859,52.7486,8.4339],[-131.8894,52.7528,26.053],[-131.8886,52.7555,31.6691],[-131.8843,52.7566,0.0],[-131.8816,52.7605,38.9038],[-131.8689,52.7597,0.0],[-131.8667,52.7609,4.1112],[-131.8678,52.7631,53.3884],[-131.8667,52.7645,24.9741],[-131.8557,52.7665,13.6593],[-131.848,52.7701,0.0],[-131.8326,52.7696,0.0],[-131.8289,52.7675,0.0],[-131.8189,52.7667,0.0],[-131.8133,52.7639,156.1908],[-131.8079,52.7565,0.0],[-131.7978,52.7565,25.9022],[-131.7963,52.7575,10.4696],[-131.7972,52.76,0.0],[-131.7929,52.7621,0.0],[-131.7895,52.7741,8.2171],[-131.7755,52.7769,0.0],[-131.7714,52.7819,7.2211],[-131.7589,52.7874,32.6234],[-131.7526,52.789,88.0535],[-131.7339,52.7883,0.0],[-131.7156,52.785,0.0],[-131.7008,52.7843,10.5705],[-131.6923,52.789,29.4548],[-131.6745,52.7944,0.0],[-131.66,52.7956,3.5506],[-131.6555,52.7978,13.3675],[-131.6539,52.8055,0.0],[-131.6567,52.8095,6.4213],[-131.6639,52.8111,0.0],[-131.6778,52.8031,36.0059],[-131.6892,52.7999,42.9409],[-131.7038,52.7973,0.0],[-131.718,52.7977,0.0],[-131.7312,52.794,8.1202],[-131.7561,52.7975,0.0],[-131.7745,52.8022,0.0],[-131.8125,52.7963,4.8474],[-131.8244,52.8041,0.0],[-131.8326,52.8078,4.8148],[-131.8354,52.8075,4.8148],[-131.8383,52.8131,0.0],[-131.8351,52.8184,0.0],[-131.838,52.8226,0.0],[-131.8502,52.8332,0.0],[-131.8606,52.8347,16.0799],[-131.8794,52.8312,17.9879],[-131.8816,52.8316,6.4559],[-131.8862,52.8364,0.0],[-131.8797,52.8404,0.0],[-131.8683,52.8433,6.958],[-131.8639,52.8505,16.5509],[-131.8645,52.8547,5.5479],[-131.873,52.8583,7.5876],[-131.8761,52.8617,6.3685],[-131.8722,52.8628,13.0017],[-131.8575,52.8577,6.4165],[-131.8467,52.8617,4.1041],[-131.8467,52.8636,11.8188],[-131.8522,52.8678,0.0],[-131.8522,52.8705,0.0],[-131.8572,52.8736,11.5506],[-131.873,52.8781,18.0279],[-131.8778,52.8822,0.0],[-131.8818,52.8829,0.0],[-131.8876,52.8808,0.0],[-131.8871,52.8837,0.0],[-131.8811,52.8861,0.0],[-131.8861,52.8889,5.1089],[-131.8878,52.8917,0.0],[-131.8983,52.895,49.8253],[-131.9083,52.8961,0.0],[-131.9245,52.8914,9.0051],[-131.9452,52.8791,5.64],[-131.9507,52.8795,0.0],[-131.9572,52.8772,0.0],[-131.9729,52.8791,0.0],[-131.9844,52.8763,4.9242],[-131.9916,52.8783,6.5145],[-131.9981,52.8777,0.0],[-131.9969,52.8791,0.0],[-131.9986,52.8809,0.0],[-131.9967,52.8818,0.0],[-131.982,52.8823,3.3067],[-131.9775,52.8868,0.0],[-131.9665,52.8876,14.0009],[-131.9368,52.8948,11.9691],[-131.9322,52.8975,3.6809],[-131.9287,52.9031,0.0],[-131.9238,52.9037,0.0],[-131.9162,52.9079,8.9186],[-131.9086,52.9091,17.4675],[-131.898,52.9071,12.2657],[-131.8943,52.9084,0.0],[-131.8935,52.9124,0.0],[-131.9,52.9172,8.6217],[-131.8996,52.9208,0.0],[-131.9133,52.9239,0.0],[-131.9244,52.9225,0.0],[-131.9395,52.9231,35.7953],[-131.9493,52.9292,3.4323],[-131.9454,52.931399999999996,0.0],[-131.9471,52.9334,8.1653],[-131.9464,52.9349,1.3842],[-131.9269,52.9309,13.3205],[-131.9116,52.9341,24.9888],[-131.9039,52.9392,28.1259],[-131.9037,52.9449,40.3865],[-131.9006,52.9456,2.0197],[-131.8989,52.9447,0.0],[-131.8989,52.9364,0.0],[-131.8873,52.9275,49.1645],[-131.8863,52.9228,0.0],[-131.8812,52.9194,6.2152],[-131.8785,52.9151,0.0],[-131.8696,52.9121,32.7763],[-131.8642,52.9054,0.0],[-131.855,52.9039,50.4],[-131.849,52.9012,4.8835],[-131.8445,52.8969,13.2727],[-131.8487,52.8909,21.8572],[-131.848,52.8884,4.3553],[-131.8423,52.8879,3.2413],[-131.8381,52.883,39.8026],[-131.8294,52.8781,9.5416],[-131.8267,52.8753,26.569],[-131.8272,52.8736,5.567],[-131.825,52.8703,8.7221],[-131.8206,52.8669,0.0],[-131.8133,52.8675,0.0],[-131.8124,52.8695,9.6254],[-131.805,52.8733,1.2583],[-131.7946,52.874,0.0],[-131.7925,52.8771,18.823],[-131.7823,52.8795,2.9379],[-131.7883,52.8817,24.5553],[-131.821,52.881,5.6576],[-131.8208,52.8828,13.7235],[-131.8178,52.8845,4.4971],[-131.7939,52.8858,9.4464],[-131.7422,52.8792,67.5561],[-131.735,52.8764,0.0],[-131.7244,52.8763,12.1212],[-131.7139,52.8742,14.8965],[-131.705,52.8761,11.3608],[-131.6939,52.865,0.0],[-131.6917,52.8672,15.5036],[-131.6884,52.8671,0.0],[-131.6907,52.8693,27.6041],[-131.69,52.8714,0.0],[-131.6947,52.8739,9.9845],[-131.6928,52.8761,32.0714],[-131.6883,52.8761,0.0],[-131.6889,52.8783,24.326],[-131.6856,52.8806,34.0433],[-131.6678,52.8778,0.9747],[-131.6725,52.8813,3.1988],[-131.6737,52.8848,0.0],[-131.6597,52.8891,8.7648],[-131.6584,52.8932,18.8139],[-131.6544,52.8945,0.0],[-131.6517,52.8986,0.0],[-131.6511,52.9006,0.0],[-131.6551,52.9018,23.657],[-131.6545,52.9026,0.0],[-131.6467,52.9053,0.0],[-131.6374,52.9037,0.0],[-131.6322,52.9047,1.0055],[-131.6317,52.9014,0.0],[-131.6206,52.8997,0.0],[-131.6225,52.9026,0.0],[-131.64,52.9111,0.0],[-131.6221,52.9165,0.0],[-131.6235,52.9205,10.064],[-131.6258,52.9217,10.064],[-131.6188,52.9229,2.1408],[-131.6166,52.9294,0.0],[-131.6218,52.93,34.7318],[-131.6317,52.9378,21.132],[-131.6422,52.9433,9.943],[-131.6422,52.9448,3.894],[-131.638,52.9504,0.0],[-131.6222,52.9528,0.0],[-131.6156,52.9564,0.0],[-131.6117,52.9606,34.0456],[-131.6022,52.9639,0.0],[-131.6072,52.9658,2.2364],[-131.6062,52.9672,4.2893],[-131.6094,52.9695,9.148],[-131.6128,52.9753,14.8616],[-131.6356,52.9858,2.6746],[-131.6422,52.9872,0.0],[-131.6628,52.9995,1.8886],[-131.6627,53.0007,0.0],[-131.6767,52.9987,30.7769],[-131.6889,53.0014,9.5685],[-131.6944,53.0044,0.0],[-131.7183,53.0083,16.3449],[-131.7539,53.0103,13.2191],[-131.7589,53.0133,0.0],[-131.767,53.015,10.5474],[-131.7667,53.0181,0.0],[-131.7778,53.0239,0.0],[-131.78,53.0286,3.9097],[-131.7961,53.0342,0.0],[-131.8361,53.04,2.652],[-131.8761,53.0389,0.0],[-131.88,53.0373,0.0],[-131.8827,53.0334,46.6769],[-131.8916,53.0322,0.0],[-131.895,53.0269,19.1071],[-131.9006,53.0249,0.0],[-131.9033,53.0211,2.0776],[-131.9123,53.0223,0.0],[-131.9178,53.0163,26.9067],[-131.9333,53.015,0.0],[-131.9258,53.0048,0.0],[-131.9267,53.0022,0.0],[-131.9239,53.0006,3.04],[-131.9289,52.9981,26.5894],[-131.93,52.9914,30.7998],[-131.9183,52.9811,13.2158],[-131.9094,52.9764,23.5163],[-131.9083,52.9697,11.6597],[-131.9055,52.9667,26.1247],[-131.9061,52.9618,0.0],[-131.9106,52.9661,23.8221],[-131.9116,52.9681,4.565],[-131.9106,52.9689,0.0],[-131.9133,52.97,25.1954],[-131.9144,52.9731,0.0],[-131.9183,52.9756,0.0],[-131.925,52.9839,8.5677],[-131.9328,52.9861,0.0],[-131.9378,52.9897,18.5301],[-131.9386,52.993,8.3356],[-131.945,52.9981,7.8359],[-131.9446,53.0005,0.0],[-131.9482,53.0078,10.8647],[-131.9566,53.0103,12.9892],[-131.9601,53.013,21.6259],[-131.9626,53.0206,3.1909],[-131.9573,53.0275,16.8126],[-131.955,53.0372,0.0],[-131.9647,53.0413,5.645],[-131.971,53.0417,18.1058],[-131.9839,53.0389,11.5554],[-131.9933,53.0429,63.6503],[-131.9978,53.042,130.6174],[-132.0167,53.0463,6.3049],[-132.0209,53.0449,0.0],[-132.0238,53.0406,0.0],[-132.0311,53.0406,18.6844],[-132.0239,53.0456,6.1579],[-132.0317,53.0508,21.3294],[-132.0233,53.0519,0.0],[-132.0289,53.055,12.5549],[-132.0139,53.0528,0.0],[-132.0094,53.0539,0.0],[-132.015,53.0558,0.0],[-132.0144,53.0575,18.5021],[-131.9923,53.0567,0.0],[-131.9843,53.0527,2.0832],[-131.9661,53.0516,0.0],[-131.959,53.0489,19.9714],[-131.9427,53.0473,22.2603],[-131.9204,53.0479,3.1404],[-131.9143,53.0493,12.9274],[-131.915,53.0528,48.6838],[-131.9125,53.054,15.3325],[-131.9061,53.0553,4.2363],[-131.8977,53.0539,2.4044],[-131.8961,53.0561,0.0],[-131.8989,53.0575,19.2648],[-131.8844,53.0639,16.7198],[-131.87,53.0636,3.7748],[-131.8595,53.0585,0.0],[-131.855,53.0597,0.0],[-131.8582,53.0612,0.0],[-131.8533,53.0617,0.0],[-131.8478,53.0589,3.3806],[-131.8443,53.0613,0.0],[-131.8383,53.0619,0.0],[-131.8422,53.065,0.0],[-131.8354,53.0677,0.0],[-131.8128,53.0648,0.0],[-131.8039,53.0675,11.7711],[-131.7883,53.0606,3.596],[-131.7833,53.0559,3.4694],[-131.7732,53.0549,0.0],[-131.77,53.0525,18.1748],[-131.7639,53.0517,0.0],[-131.7583,53.0489,4.1847],[-131.75,53.0522,18.0236],[-131.7439,53.0503,21.6932],[-131.7394,53.0461,0.7144],[-131.735,53.0492,12.4776],[-131.7271,53.0459,15.7506],[-131.695,53.0411,5.3291],[-131.6796,53.0421,19.4383],[-131.6672,53.0407,11.9661],[-131.6561,53.0439,13.2917],[-131.6539,53.0419,0.0],[-131.6557,53.0331,0.0],[-131.6511,53.0306,2.3244],[-131.6378,53.0319,14.8404],[-131.6377,53.0303,1.4398],[-131.6322,53.0286,0.0],[-131.61,53.0281,0.0],[-131.6111,53.0297,6.2689],[-131.6061,53.0325,0.0],[-131.6072,53.0359,4.1502],[-131.605,53.0389,0.0],[-131.6122,53.0439,0.0],[-131.6217,53.0421,3.2998],[-131.6303,53.0445,1.5828],[-131.6306,53.0461,0.0],[-131.6239,53.0503,2.7696],[-131.6311,53.0509,30.1204],[-131.6289,53.0527,8.2493],[-131.6311,53.0553,21.0898],[-131.6244,53.0589,0.0],[-131.634,53.065,5.2579],[-131.6377,53.0639,3.8831],[-131.64,53.0653,11.6772],[-131.6356,53.0709,34.133],[-131.6356,53.0731,14.2179],[-131.6389,53.0775,0.0],[-131.6389,53.0803,0.0],[-131.6444,53.0842,6.6408],[-131.6377,53.0947,0.0],[-131.6383,53.0989,0.0],[-131.64,53.1,6.0208],[-131.6395,53.1033,0.0],[-131.6439,53.1083,4.1127],[-131.6598,53.1128,0.0],[-131.6672,53.1081,10.8391],[-131.6903,53.1107,0.0],[-131.7022,53.12,4.8219],[-131.7067,53.1272,8.6058],[-131.7059,53.1309,7.0169],[-131.7,53.1303,0.0],[-131.6983,53.1317,0.0],[-131.7011,53.1334,11.726],[-131.7055,53.1334,41.5422],[-131.7055,53.1375,0.0],[-131.7106,53.1417,0.0],[-131.7103,53.1437,0.0],[-131.7055,53.1483,0.4151],[-131.7072,53.1497,0.0],[-131.7156,53.1514,0.0],[-131.7183,53.1497,9.9305],[-131.7211,53.1508,0.0],[-131.7195,53.1519,0.0],[-131.7206,53.1528,0.0],[-131.7271,53.1531,0.0],[-131.7314,53.1514,8.4625],[-131.7344,53.1531,3.7665],[-131.7439,53.1537,13.9333],[-131.7508,53.1532,0.0],[-131.7561,53.1503,2.2867],[-131.7578,53.1508,0.0],[-131.7583,53.1545,0.0],[-131.7609,53.1553,57.9548],[-131.7629,53.1601,54.9733],[-131.7661,53.1611,0.0],[-131.7728,53.1592,0.0],[-131.7799,53.1594,4.0845],[-131.7827,53.1619,0.0],[-131.7794,53.1677,0.0],[-131.7822,53.1686,0.0],[-131.7889,53.1669,0.0],[-131.7922,53.1689,6.5879],[-131.7833,53.1703,0.0],[-131.7766,53.1733,0.0],[-131.7744,53.1839,0.0],[-131.7772,53.1891,5.9607],[-131.775,53.1947,26.6894],[-131.7717,53.1968,0.0],[-131.7811,53.2014,4.3789],[-131.7839,53.2067,0.0],[-131.7867,53.2083,13.1656],[-131.7878,53.2111,20.8245],[-131.7861,53.2153,7.4716],[-131.7889,53.22,21.4713],[-131.7883,53.2244,6.1679],[-131.7899,53.2269,0.0],[-131.8028,53.2312,0.7853],[-131.8066,53.2347,3.545],[-131.8077,53.2423,1.9102],[-131.8039,53.2497,0.6888],[-131.8044,53.2514,2.3602],[-131.7962,53.2551,0.0],[-131.8033,53.255,0.0]]],
[[[-131.8111,52.7083,0.0],[-131.8117,52.7067,0.0],[-131.8083,52.7061,0.0],[-131.8083,52.7081,0.0],[-131.8111,52.7083,0.0]]],
[[[-131.75,52.7537,16.2521],[-131.7572,52.7571,0.0],[-131.7615,52.7622,0.0],[-131.7705,52.7603,39.3319],[-131.7717,52.7545,0.0],[-131.7674,52.7327,0.0],[-131.7648,52.7294,6.7538],[-131.7479,52.7201,9.7255],[-131.735,52.7106,18.2323],[-131.7326,52.7106,5.5418],[-131.7301,52.7119,0.0],[-131.7305,52.7173,0.0],[-131.7201,52.7271,0.0],[-131.7235,52.7319,22.998],[-131.7272,52.7338,0.0],[-131.7284,52.7367,17.5969],[-131.7442,52.7507,0.0],[-131.75,52.7537,16.2521]]],
[[[-131.9624,52.7636,0.0],[-131.9628,52.7623,0.0],[-131.96,52.7623,0.0],[-131.9602,52.7637,0.0],[-131.9624,52.7636,0.0]]],
[[[-131.6816,52.663,6.933],[-131.6806,52.6586,0.0],[-131.6756,52.6625,0.0],[-131.6783,52.6639,0.0],[-131.6816,52.663,6.933]]],
[[[-131.6685,52.6631,14.2752],[-131.6695,52.6637,14.2752],[-131.6709,52.6636,0.0],[-131.6674,52.6614,0.0],[-131.6685,52.6631,14.2752]]],
[[[-131.688,52.6729,0.0],[-131.69,52.6728,4.3432],[-131.6878,52.6708,2.5221],[-131.6861,52.6717,0.0],[-131.6863,52.672,2.5221],[-131.688,52.6729,0.0]]],
[[[-131.6029,52.7361,0.0],[-131.6051,52.7363,0.0],[-131.6057,52.7361,0.0],[-131.6034,52.7345,0.0],[-131.6029,52.7361,0.0]]],
[[[-131.6305,52.7372,43.0175],[-131.6308,52.7351,0.0],[-131.6235,52.7349,0.0],[-131.6246,52.737,11.6676],[-131.629,52.7385,43.0175],[-131.6305,52.7372,43.0175]]],
[[[-131.6295,52.7743,2.5654],[-131.6411,52.7785,51.744],[-131.648,52.7787,19.7499],[-131.6718,52.7745,0.0],[-131.6837,52.7745,0.0],[-131.6877,52.7701,26.5408],[-131.6928,52.7687,22.1988],[-131.7091,52.7685,132.1929],[-131.7268,52.7725,0.0],[-131.748,52.7721,0.0],[-131.7569,52.7684,12.4287],[-131.753,52.7661,7.7118],[-131.7528,52.7636,0.0],[-131.7489,52.7619,0.0],[-131.7472,52.7625,0.0],[-131.7489,52.7643,7.1553],[-131.748,52.7668,9.7714],[-131.7378,52.7579,0.0],[-131.7288,52.7526,2.9325],[-131.7105,52.745,0.0],[-131.6936,52.75,4.1752],[-131.6839,52.749,16.2828],[-131.6689,52.7509,34.294],[-131.6599,52.7489,23.0911],[-131.6487,52.7507,33.3699],[-131.6371,52.7475,0.0],[-131.6285,52.75,0.0],[-131.6154,52.749,25.3441],[-131.6089,52.7517,0.0],[-131.6139,52.7619,29.2278],[-131.6123,52.7631,23.0843],[-131.6129,52.7648,6.1434],[-131.6295,52.7743,2.5654]]],
[[[-131.6874,52.774,0.0],[-131.6878,52.7751,0.0],[-131.691,52.7751,0.0],[-131.6893,52.7742,0.0],[-131.6874,52.774,0.0]]],
[[[-131.6502,52.7838,0.0],[-131.6511,52.7853,0.0],[-131.6533,52.785,3.2681],[-131.6517,52.7828,0.0],[-131.6502,52.7838,0.0]]],
[[[-131.413,52.6775,0.0],[-131.4139,52.6764,0.0],[-131.4117,52.6756,3.5291],[-131.4094,52.6781,0.0],[-131.4106,52.6786,4.0622],[-131.413,52.6775,0.0]]],
[[[-131.4123,52.703,2.3436],[-131.4144,52.701,0.0],[-131.4134,52.6993,0.0],[-131.4099,52.7038,0.0],[-131.4123,52.703,2.3436]]],
[[[-131.4808,52.8027,1.4933],[-131.4851,52.8034,15.9221],[-131.488,52.8061,0.0],[-131.492,52.8047,0.0],[-131.4857,52.8011,2.2265],[-131.4808,52.8027,1.4933]]],
[[[-131.5026,52.8655,0.3823],[-131.5006,52.8673,0.0],[-131.5022,52.868899999999996,0.0],[-131.505,52.8675,3.4382],[-131.5026,52.8655,0.3823]]],
[[[-131.4901,52.8755,0.234],[-131.4894,52.8772,0.0],[-131.4917,52.8781,24.1979],[-131.5069,52.8775,0.0],[-131.5161,52.8753,83.4445],[-131.5217,52.877,17.0832],[-131.5344,52.8705,5.1231],[-131.5444,52.8703,20.0875],[-131.5467,52.868899999999996,0.0],[-131.5372,52.8664,2.1055],[-131.5344,52.8636,0.0],[-131.5317,52.865,3.3999],[-131.5222,52.8645,2.1344],[-131.5155,52.8611,0.0],[-131.5111,52.8625,0.0],[-131.5144,52.8664,3.0022],[-131.5189,52.8681,32.6133],[-131.5166,52.868899999999996,34.3328],[-131.5096,52.8674,1.5859],[-131.5094,52.87,2.5053],[-131.5044,52.8709,2.3714],[-131.5005,52.8739,4.29],[-131.4939,52.8736,0.0],[-131.4901,52.8755,0.234]]],
[[[-131.57,52.8944,0.0],[-131.575,52.8956,0.0],[-131.5772,52.8936,0.0],[-131.5694,52.8911,0.0],[-131.5683,52.8917,0.0],[-131.5706,52.8931,0.0],[-131.57,52.8944,0.0]]],
[[[-131.5322,52.9067,1.0156],[-131.5328,52.9089,0.0],[-131.5394,52.9125,0.0],[-131.5411,52.9117,0.0],[-131.5356,52.9069,0.0],[-131.5322,52.9067,1.0156]]],
[[[-131.5667,52.9514,0.0],[-131.5639,52.9527,0.0],[-131.5694,52.9533,14.8905],[-131.5739,52.9519,0.0],[-131.5706,52.9506,10.0859],[-131.5667,52.9514,0.0]]],
[[[-131.5511,52.9537,1.6398],[-131.5533,52.9553,3.3239],[-131.5617,52.9558,2.6592],[-131.5572,52.9533,0.0],[-131.5522,52.9525,1.6398],[-131.5511,52.9537,1.6398]]],
[[[-131.5784,52.9587,8.303],[-131.5839,52.9578,0.2058],[-131.575,52.9533,0.0],[-131.5767,52.9586,2.7458],[-131.5784,52.9587,8.303]]],
[[[-131.6014,52.96,2.5529],[-131.6022,52.9582,0.0],[-131.5996,52.9577,0.0],[-131.5996,52.959,0.0],[-131.6014,52.96,2.5529]]],
[[[-131.5639,52.9603,1.3587],[-131.565,52.9609,0.0],[-131.5694,52.9603,0.0],[-131.565,52.9592,10.1078],[-131.5639,52.9603,1.3587]]],
[[[-131.6644,52.8154,0.0],[-131.6582,52.8153,0.0],[-131.6578,52.8179,34.799],[-131.6613,52.8187,34.799],[-131.6644,52.8154,0.0]]],
[[[-131.6846,52.861,3.539],[-131.6854,52.8628,5.2496],[-131.6922,52.8631,0.0],[-131.6877,52.86,0.0],[-131.6846,52.861,3.539]]],
[[[-131.6065,52.9057,9.8109],[-131.6087,52.9072,8.8957],[-131.6078,52.9097,0.0],[-131.6144,52.9125,0.0],[-131.6193,52.9075,5.8579],[-131.6186,52.9057,6.811],[-131.6111,52.9032,0.0],[-131.6065,52.9057,9.8109]]],
[[[-131.6245,52.9119,28.7437],[-131.6255,52.91,5.4897],[-131.6233,52.9089,5.4897],[-131.6195,52.9114,0.0],[-131.6222,52.9139,0.0],[-131.6245,52.9119,28.7437]]],
[[[-131.7322,52.855,3.8397],[-131.7472,52.8583,19.4299],[-131.75,52.8603,6.0731],[-131.7608,52.8601,1.6208],[-131.7758,52.8528,0.0],[-131.8018,52.845,9.6032],[-131.83,52.8475,0.0],[-131.8409,52.8467,12.8553],[-131.8467,52.843,8.7226],[-131.8488,52.8385,81.7579],[-131.8439,52.8319,0.0],[-131.8372,52.8267,24.5512],[-131.8367,52.8236,0.0],[-131.8324,52.8217,0.0],[-131.8311,52.8187,0.0],[-131.8153,52.8141,7.3759],[-131.7958,52.8129,0.0],[-131.7893,52.8147,6.1519],[-131.7712,52.8147,14.39],[-131.7599,52.8136,4.4377],[-131.7456,52.8086,0.0],[-131.736,52.8072,31.6586],[-131.6961,52.8161,0.0],[-131.6624,52.83,0.0],[-131.649,52.8294,0.0],[-131.6443,52.8329,0.0],[-131.6499,52.8397,9.7299],[-131.6535,52.8408,2.1534],[-131.6785,52.841,28.5274],[-131.6964,52.8433,24.1851],[-131.7033,52.8423,0.0],[-131.7171,52.8359,5.093],[-131.7233,52.835,42.504],[-131.735,52.8361,16.8831],[-131.7389,52.8387,20.2805],[-131.7466,52.8386,28.6088],[-131.7518,52.8418,24.2974],[-131.7572,52.8425,0.0],[-131.7542,52.8442,18.8506],[-131.7251,52.8401,0.0],[-131.7216,52.8429,1.744],[-131.7208,52.8461,0.0],[-131.7267,52.8533,8.7593],[-131.7322,52.855,3.8397]]],
[[[-132.3516,52.9677,2.1883],[-132.3545,52.9689,1.9263],[-132.3589,52.9683,0.0],[-132.3539,52.9657,1.1796],[-132.3516,52.9677,2.1883]]],
[[[-132.3539,52.9706,0.8222],[-132.3579,52.9722,0.0],[-132.3595,52.9714,0.0],[-132.3578,52.9703,0.0],[-132.3539,52.9706,0.8222]]],
[[[-132.331,52.9757,1.2821],[-132.3346,52.9773,8.8082],[-132.34,52.9767,7.4733],[-132.3332,52.9745,0.0],[-132.331,52.9757,1.2821]]],
[[[-131.6303,52.9401,0.0],[-131.6321,52.941,1.4506],[-131.6356,52.9412,2.6911],[-131.6345,52.94,7.9008],[-131.6303,52.9401,0.0]]],
[[[-131.614,52.9557,0.0],[-131.6156,52.9545,1.4713],[-131.6166,52.9527,0.0],[-131.6115,52.9539,0.0],[-131.614,52.9557,0.0]]],
[[[-131.6274,53.0251,2.8507],[-131.6319,53.0266,3.8359],[-131.6331,53.0245,0.0],[-131.6283,53.0231,0.0],[-131.625,53.0239,0.0],[-131.6274,53.0251,2.8507]]],
[[[-131.6844,53.0392,0.0],[-131.6863,53.0403,2.2185],[-131.6889,53.0389,0.0],[-131.685,53.0381,0.0],[-131.6844,53.0392,0.0]]],
[[[-132.3556,52.9775,0.0],[-132.3514,52.9766,0.0],[-132.3459,52.9771,13.467],[-132.3524,52.9802,4.2832],[-132.3556,52.9775,0.0]]],
[[[-132.3235,53.0067,44.7126],[-132.3339,53.0083,6.0383],[-132.3378,53.0056,0.0],[-132.3639,53.0081,9.7376],[-132.3685,53.0061,45.0152],[-132.3745,53.0066,43.9776],[-132.3872,53.0042,0.0],[-132.3811,53.0017,0.0],[-132.3767,53.0022,22.0554],[-132.3709,52.9977,2.178],[-132.3643,52.996,0.0],[-132.3643,52.9938,0.0],[-132.3537,52.9883,0.0],[-132.3392,52.9896,2.0722],[-132.342,52.9877,0.0],[-132.3365,52.9875,21.146],[-132.3226,52.9769,3.1291],[-132.3273,52.9758,0.0],[-132.3254,52.9721,9.3877],[-132.3332,52.9722,0.0],[-132.3316,52.9681,10.6798],[-132.3363,52.9706,0.0],[-132.3398,52.9749,1.8358],[-132.3459,52.9705,0.0],[-132.342,52.9677,0.0],[-132.3359,52.9671,4.9803],[-132.3242,52.9621,9.4977],[-132.2947,52.9687,0.0],[-132.2741,52.9684,0.0],[-132.2618,52.9708,49.3298],[-132.2417,52.972,0.0],[-132.2338,52.9741,51.184],[-132.2264,52.9732,0.0],[-132.2195,52.9758,41.8011],[-132.1959,52.9769,0.0],[-132.1899,52.9791,8.3188],[-132.1916,52.9815,64.8432],[-132.2027,52.9846,28.5767],[-132.2175,52.9936,59.1577],[-132.2338,52.9966,12.0007],[-132.2657,52.999,0.0],[-132.2917,53.005,36.0845],[-132.2994,53.0056,0.0],[-132.305,53.0036,43.8246],[-132.3235,53.0067,44.7126]]],
[[[-132.4283,53.0094,0.0],[-132.4344,53.0089,0.0],[-132.43,53.0047,0.0],[-132.4178,53.0025,1.5687],[-132.4015,53.0065,2.1873],[-132.41,53.0095,0.0],[-132.4161,53.0083,35.7209],[-132.4283,53.0094,0.0]]],
[[[-132.4606,53.0187,0.0],[-132.4611,53.0203,3.7318],[-132.4689,53.0206,0.0],[-132.4661,53.0187,0.0],[-132.4606,53.0187,0.0]]],
[[[-132.4194,53.0222,45.4889],[-132.4244,53.0239,0.0],[-132.4266,53.0213,0.0],[-132.4234,53.019,3.8552],[-132.4161,53.0225,6.8094],[-132.4194,53.0222,45.4889]]],
[[[-132.3244,53.0231,0.1393],[-132.325,53.0208,0.5764],[-132.321,53.0234,1.0993],[-132.3222,53.0237,0.1393],[-132.3244,53.0231,0.1393]]],
[[[-131.945,53.0269,0.0],[-131.9488,53.0283,0.0],[-131.9506,53.0272,0.0],[-131.9439,53.0253,0.0],[-131.945,53.0269,0.0]]],
[[[-132.4576,53.0291,0.0],[-132.4567,53.0308,0.0],[-132.4594,53.0323,0.0],[-132.4754,53.029,0.0],[-132.4759,53.0275,82.5829],[-132.4733,53.0266,33.0101],[-132.475,53.0251,0.0],[-132.4733,53.0245,0.0],[-132.4661,53.0278,24.9676],[-132.4628,53.0264,18.3687],[-132.465,53.0247,0.0],[-132.4611,53.0226,0.0],[-132.458,53.0264,11.7445],[-132.4596,53.028,26.3634],[-132.4576,53.0291,0.0]]],
[[[-132.4395,53.0322,0.0],[-132.4422,53.0342,0.0],[-132.4511,53.0328,0.0],[-132.449,53.0299,0.0],[-132.4422,53.0281,3.5761],[-132.44,53.025,0.0],[-132.4361,53.0237,0.0],[-132.4367,53.0225,0.0],[-132.4322,53.0219,0.0],[-132.4305,53.0253,0.0],[-132.44,53.0306,0.0],[-132.4395,53.0322,0.0]]],
[[[-132.4375,53.0312,0.0],[-132.4355,53.0295,3.9365],[-132.4328,53.0297,0.0],[-132.4344,53.0311,0.0],[-132.4375,53.0312,0.0]]],
[[[-131.938,53.0381,0.0],[-131.9377,53.0373,0.0],[-131.9331,53.0372,0.0],[-131.9333,53.0378,0.0],[-131.938,53.0381,0.0]]],
[[[-131.7428,53.0445,0.0],[-131.7428,53.0467,0.0],[-131.7483,53.0489,2.3022],[-131.755,53.0458,5.7906],[-131.75,53.0431,0.5807],[-131.7428,53.0445,0.0]]],
[[[-131.9939,53.0547,20.2967],[-131.9911,53.0553,8.3983],[-132.0014,53.0559,0.0],[-131.9983,53.0547,14.3043],[-131.9939,53.0547,20.2967]]],
[[[-132.5549,53.1049,0.0],[-132.5516,53.1047,0.0],[-132.55,53.1055,0.0],[-132.5539,53.1067,0.0],[-132.5549,53.1049,0.0]]],
[[[-132.0683,53.1637,0.0],[-132.0669,53.1624,0.0],[-132.064,53.1634,0.0],[-132.0665,53.1648,0.0],[-132.0683,53.1637,0.0]]],
[[[-132.0063,53.2158,0.0],[-132.0078,53.2153,0.0],[-132.0061,53.2136,0.0],[-132.005,53.2153,0.0],[-132.0063,53.2158,0.0]]]]}
,"properties": {"GID_3": "CAN.2.24.12_1","GID_0": "CAN","country": "Canada","GID_1": "CAN.2_1","province": "BritishColumbia","NL_NAME_1": "NA","GID_2": "CAN.2.24_1","county": "Skeena-QueenCharlotte","NL_NAME_2": "NA","city": "Skeena-QueenCharlotteE","VARNAME_3": "NA","NL_NAME_3": "NA","TYPE_3": "RegionalDistrictElectoralArea","ENGTYPE_3": "RegionalDistrictElectoralArea","CC_3": "NA","HASC_3": "NA","name": "Skeena-Queen_Charlotte_E.city","area_km2": 3515.207,"hist_schema_id": "Elevation0-9000","hist_area_km2": {"0": 129.027,"25": 225.768,"50": 254.898,"75": 237.863,"100": 222.422,"125": 207.315,"150": 194.892,"175": 179.376,"200": 162.918,"225": 154.311,"250": 146.306,"275": 138.221,"300": 130.903,"325": 124.465,"350": 117.527,"375": 108.834,"400": 99.195,"425": 88.124,"450": 78.985,"475": 69.926,"500": 62.384,"525": 55.094,"550": 49.827,"575": 43.053,"600": 38.671,"625": 33.615,"650": 28.047,"675": 26.105,"700": 22.864,"725": 19.396,"750": 16.12,"775": 13.687,"800": 10.203,"825": 7.221,"850": 5.159,"875": 4.033,"900": 2.766,"925": 2.266,"950": 1.459,"975": 0.717,"1000": 0.742,"1025": 0.268,"1050": 0.115,"1075": 0.077,"1100": 0.038}}}