{"type":"Feature","properties":{"GID_2":"CAN.8.2_1","GID_0":"CAN","country":"Canada","GID_1":"CAN.8_1","province":"Nunavut","NL_NAME_1":"NA","county":"Keewatin","VARNAME_2":"Kivalliq","NL_NAME_2":"NA","TYPE_2":"Region","ENGTYPE_2":"Region","CC_2":"05","HASC_2":"CA.NU.KV","name":"Keewatin.county"},
"geometry":{"type": "MultiPolygon","coordinates": [[[[-94.7943,60.0245,1.6566],[-94.7958,60.025,2.1433],[-94.7974,60.0234,1.7685],[-94.7958,60.0229,1.5692],[-94.7943,60.0245,1.6566]]],
[[[-94.7359,60.1161,2.9263],[-94.7391,60.1161,2.9736],[-94.7391,60.1151,3.0954],[-94.7375,60.1146,3.0954],[-94.7359,60.1161,2.9263]]],
[[[-94.7234,60.1307,0.0],[-94.725,60.1312,0.0],[-94.7266,60.1297,0.0],[-94.7234,60.1297,0.0],[-94.7234,60.1307,0.0]]],
[[[-94.7484,60.1682,2.7846],[-94.75,60.1688,2.3002],[-94.7516,60.1672,2.5062],[-94.75,60.1667,2.7273],[-94.7484,60.1682,2.7846]]],
[[[-94.7526,60.1724,2.0265],[-94.7542,60.1729,2.4785],[-94.7557,60.1714,2.5478],[-94.7542,60.1708,2.911],[-94.7526,60.1724,2.0265]]],
[[[-94.6401,60.5099,2.5206],[-94.6432,60.5099,3.2584],[-94.6432,60.5089,2.2652],[-94.6401,60.5089,1.9595],[-94.6401,60.5099,2.5206]]],
[[[-94.6609,60.5182,2.725],[-94.6641,60.5182,4.2431],[-94.6641,60.5172,4.0251],[-94.6609,60.5172,3.9042],[-94.6609,60.5182,2.725]]],
[[[-94.2245,60.9026,4.0797],[-94.2229,60.9021,3.1185],[-94.2214,60.9036,3.146],[-94.2245,60.9036,3.6864],[-94.2245,60.9026,4.0797]]],
[[[-94.0,61.0833,0.0],[-93.9984,61.0849,0.0],[-94.0099,61.0849,4.7853],[-94.0083,61.0833,3.7576],[-94.0,61.0833,0.0]]],
[[[-94.1276,61.1224,13.8171],[-94.1307,61.1224,13.5876],[-94.1307,61.1214,13.7875],[-94.1292,61.1208,13.7853],[-94.1276,61.1224,13.8171]]],
[[[-94.038,61.1286,2.3245],[-94.0333,61.125,1.9514],[-94.0276,61.1255,3.0863],[-94.0375,61.1312,2.7428],[-94.0391,61.1307,4.4795],[-94.038,61.1286,2.3245]]],
[[[-93.9771,61.1375,5.0745],[-93.9833,61.1396,0.0],[-93.9958,61.1396,4.4191],[-94.0,61.1417,2.2932],[-94.0099,61.1411,8.6281],[-94.0062,61.1375,0.0],[-93.9958,61.1375,0.0],[-93.9812,61.1333,0.0],[-93.9714,61.1339,3.3319],[-93.9714,61.137,7.2811],[-93.9771,61.1375,5.0745]]],
[[[-93.8729,61.1625,4.1875],[-93.8854,61.1625,8.0025],[-93.8958,61.1667,0.0],[-93.9016,61.1641,4.8497],[-93.8938,61.1604,0.0],[-93.8771,61.1604,2.8952],[-93.8729,61.1583,0.0],[-93.8588,61.1589,0.0],[-93.8604,61.1604,0.0],[-93.8667,61.1604,11.5601],[-93.8729,61.1625,4.1875]]],
[[[-94.0151,61.1651,2.7973],[-94.0167,61.1667,2.8535],[-94.0229,61.1667,1.5876],[-94.0266,61.163,2.5429],[-94.0208,61.1625,2.1848],[-94.0151,61.1651,2.7973]]],
[[[-94.0495,61.1703,5.0691],[-94.0474,61.1672,0.0],[-94.038,61.1651,0.0],[-94.0422,61.1703,4.1641],[-94.0495,61.1703,5.0691]]],
[[[-94.037,61.1953,1.6723],[-94.0359,61.1974,3.8062],[-94.0432,61.1974,3.8024],[-94.0396,61.1937,2.6282],[-94.037,61.1953,1.6723]]],
[[[-94.0776,61.2953,2.6358],[-94.0807,61.2953,1.0],[-94.0807,61.2943,2.3041],[-94.0776,61.2943,1.0],[-94.0776,61.2953,2.6358]]],
[[[-94.0713,61.3922,6.3545],[-94.075,61.3958,6.0639],[-94.0854,61.3958,5.6048],[-94.0896,61.3979,5.8607],[-94.0937,61.3958,5.9825],[-94.1125,61.3958,6.7049],[-94.1167,61.3979,3.5],[-94.1208,61.3958,5.9647],[-94.1328,61.3953,6.5561],[-94.1312,61.3937,6.5285],[-94.1208,61.3937,6.6344],[-94.1167,61.3917,6.1265],[-94.1125,61.3917,6.3632],[-94.1083,61.3937,6.7511],[-94.1042,61.3937,7.3219],[-94.1,61.3917,6.3618],[-94.0958,61.3937,6.6539],[-94.0771,61.3937,6.3905],[-94.0713,61.3922,6.3545]]],
[[[-94.1371,61.3952,6.3812],[-94.1359,61.3974,5.7845],[-94.1375,61.3979,5.1532],[-94.15,61.3979,3.5],[-94.15,61.3958,6.9465],[-94.1458,61.3937,5.5],[-94.1396,61.3937,5.0],[-94.1371,61.3952,6.3812]]],
[[[-94.0479,61.4,3.0163],[-94.0495,61.3995,3.9305],[-94.05,61.3979,3.0503],[-94.0463,61.3984,3.559],[-94.0479,61.4,3.0163]]],
[[[-94.162,61.4068,3.5],[-94.1568,61.4089,7.0469],[-94.1547,61.412,7.4653],[-94.1599,61.413,7.2531],[-94.1646,61.4167,8.3091],[-94.1693,61.413,8.4604],[-94.1745,61.412,8.12],[-94.1693,61.4089,7.865],[-94.1745,61.4047,7.1243],[-94.1625,61.4042,6.0244],[-94.1609,61.4047,6.3806],[-94.162,61.4068,3.5]]],
[[[-94.1776,61.4141,8.475],[-94.1792,61.4146,8.5412],[-94.1807,61.413,8.3854],[-94.1792,61.4125,8.1949],[-94.1776,61.4141,8.475]]],
[[[-93.862,61.5401,0.0],[-93.8588,61.5401,0.0],[-93.8588,61.5411,0.0],[-93.862,61.5411,0.0],[-93.862,61.5401,0.0]]],
[[[-93.762,61.555,1.3509],[-93.7604,61.5542,0.7461],[-93.7588,61.5557,1.2396],[-93.7604,61.5563,1.0224],[-93.762,61.555,1.3509]]],
[[[-93.5474,61.7161,6.1329],[-93.5458,61.7146,6.8296],[-93.5422,61.7151,7.1561],[-93.5437,61.7167,7.0021],[-93.5474,61.7161,6.1329]]],
[[[-93.5292,61.725,7.0174],[-93.5255,61.7266,7.2893],[-93.5292,61.7292,4.52],[-93.5312,61.7271,7.5756],[-93.5292,61.725,7.0174]]],
[[[-93.6312,61.7354,5.9881],[-93.6276,61.737,6.242],[-93.637,61.737,6.7563],[-93.6354,61.7354,5.8573],[-93.6312,61.7354,5.9881]]],
[[[-93.6182,61.7453,6.3123],[-93.6151,61.7464,6.3782],[-93.6172,61.7495,5.8147],[-93.6208,61.75,7.3897],[-93.625,61.7479,8.0683],[-93.6312,61.7521,8.2597],[-93.6396,61.7521,7.8192],[-93.6432,61.7495,7.7051],[-93.6412,61.7464,5.9454],[-93.6297,61.7432,7.0241],[-93.6307,61.7401,5.8451],[-93.6229,61.7375,6.6152],[-93.6172,61.738,7.1436],[-93.6182,61.7453,6.3123]]],
[[[-93.4917,61.7188,6.9771],[-93.4792,61.7188,7.539],[-93.4776,61.7203,7.1978],[-93.4854,61.7229,7.6125],[-93.4896,61.7208,7.48],[-93.4938,61.7229,7.6845],[-93.5078,61.7224,7.8648],[-93.5062,61.7208,8.0262],[-93.4917,61.7188,6.9771]]],
[[[-93.4589,61.7349,4.3188],[-93.4604,61.7354,3.5],[-93.462,61.7339,4.7021],[-93.4604,61.7333,4.7389],[-93.4589,61.7349,4.3188]]],
[[[-93.2854,61.7479,3.6569],[-93.2839,61.7495,0.0],[-93.2859,61.7516,2.1552],[-93.2891,61.7516,2.0],[-93.2891,61.7505,3.2372],[-93.2854,61.7479,3.6569]]],
[[[-93.2911,61.7589,4.7185],[-93.288,61.7589,3.5],[-93.288,61.7599,3.5],[-93.2911,61.7599,4.4182],[-93.2911,61.7589,4.7185]]],
[[[-93.2161,61.7682,2.0016],[-93.2151,61.7703,2.0067],[-93.2167,61.7708,0.4175],[-93.2203,61.7672,1.3537],[-93.2187,61.7667,0.0],[-93.2161,61.7682,2.0016]]],
[[[-93.3026,61.7703,2.0],[-93.3042,61.7708,2.0],[-93.3057,61.7693,3.0],[-93.3042,61.7687,3.0],[-93.3026,61.7703,2.0]]],
[[[-93.2724,61.7766,6.1218],[-93.2714,61.7734,8.1515],[-93.2729,61.7729,10.5169],[-93.2828,61.7734,6.6155],[-93.2849,61.7766,5.5658],[-93.2818,61.7807,5.9699],[-93.2854,61.7833,2.6387],[-93.2932,61.7807,3.9995],[-93.2963,61.7776,1.3181],[-93.3063,61.7771,1.3301],[-93.3078,61.7755,2.0],[-93.3026,61.7745,3.2194],[-93.3005,61.7724,2.8645],[-93.2984,61.7703,2.0],[-93.2995,61.7672,3.6172],[-93.2818,61.762,2.5],[-93.2828,61.7589,4.294],[-93.2812,61.7583,2.2567],[-93.275,61.7625,1.5634],[-93.2625,61.7625,1.9972],[-93.2609,61.763,1.5],[-93.262,61.7661,1.5],[-93.2526,61.7672,1.3159],[-93.2588,61.7745,2.2472],[-93.2667,61.7771,1.481],[-93.2724,61.7766,6.1218]]],
[[[-93.4557,61.7984,1.0895],[-93.462,61.8005,8.92],[-93.4651,61.8036,0.0],[-93.4729,61.8063,0.6516],[-93.4792,61.8063,2.6593],[-93.4807,61.8047,3.4807],[-93.4776,61.8005,3.8578],[-93.4849,61.7964,5.638],[-93.4797,61.7953,7.6988],[-93.4766,61.7922,2.5217],[-93.4687,61.7896,2.4391],[-93.4625,61.7896,3.7642],[-93.4609,61.788,4.2952],[-93.4708,61.7875,2.3958],[-93.4812,61.7917,3.2158],[-93.487,61.788,9.7042],[-93.4818,61.787,8.3822],[-93.4771,61.7833,2.0939],[-93.4646,61.7833,4.2221],[-93.4604,61.7813,3.1096],[-93.4547,61.7818,3.6711],[-93.4578,61.787,6.0159],[-93.4505,61.787,4.1354],[-93.4516,61.7839,4.3698],[-93.438,61.7786,5.3009],[-93.4359,61.7755,4.2056],[-93.4521,61.775,6.4364],[-93.4641,61.7786,6.1351],[-93.4589,61.7724,4.3146],[-93.4599,61.7693,2.8879],[-93.4557,61.7651,0.5612],[-93.4479,61.7646,3.8158],[-93.4276,61.7578,0.888],[-93.4224,61.7526,1.2287],[-93.4146,61.7521,8.1425],[-93.4083,61.7479,0.0],[-93.3979,61.7479,1.2399],[-93.3917,61.7438,-0.5],[-93.3854,61.7438,2.6768],[-93.3708,61.7396,2.3632],[-93.3625,61.7396,8.3904],[-93.3583,61.7375,0.0],[-93.3542,61.7375,1.0208],[-93.35,61.7396,3.116],[-93.3292,61.7396,3.4996],[-93.325,61.7375,4.0273],[-93.3187,61.7375,2.7876],[-93.3125,61.7417,0.0],[-93.3042,61.7417,0.4204],[-93.3,61.7396,0.0],[-93.2958,61.7396,0.0],[-93.2917,61.7417,4.2387],[-93.2818,61.7422,0.0],[-93.2854,61.7458,3.4491],[-93.2974,61.7464,4.7444],[-93.2995,61.7495,4.7328],[-93.2943,61.7516,3.8161],[-93.2995,61.7526,4.2495],[-93.3016,61.7547,3.2865],[-93.2984,61.7589,4.2069],[-93.2984,61.762,4.4508],[-93.3005,61.7641,2.5],[-93.3104,61.7646,6.1592],[-93.313,61.7682,3.0],[-93.3266,61.7714,6.2605],[-93.3255,61.7766,0.6578],[-93.3271,61.7771,0.0],[-93.3333,61.7771,8.1462],[-93.3375,61.7792,6.7047],[-93.3479,61.7792,5.3762],[-93.3521,61.7771,7.7481],[-93.3536,61.7776,7.2774],[-93.3526,61.7807,4.6817],[-93.3583,61.7792,5.9345],[-93.3661,61.7818,4.9743],[-93.3651,61.7849,2.8426],[-93.3693,61.7891,3.3852],[-93.375,61.7896,2.8969],[-93.3786,61.7859,0.0],[-93.3734,61.7839,0.0],[-93.3812,61.7813,4.3038],[-93.3912,61.7807,6.4128],[-93.3901,61.7776,1.1265],[-93.3938,61.775,5.9221],[-93.3979,61.7771,0.0],[-93.4021,61.775,4.5575],[-93.4099,61.7776,1.519],[-93.4141,61.7818,0.0],[-93.4089,61.7839,1.5334],[-93.4109,61.787,3.5455],[-93.4187,61.7896,1.4399],[-93.4292,61.7896,8.3599],[-93.4339,61.7932,0.0],[-93.4401,61.7953,0.9107],[-93.4479,61.7979,6.4101],[-93.4557,61.7984,1.0895]]],
[[[-93.5568,61.7495,6.734],[-93.5599,61.7495,6.6954],[-93.5599,61.7484,7.0722],[-93.5583,61.7479,6.8398],[-93.5568,61.7495,6.734]]],
[[[-93.5417,61.8042,6.3188],[-93.5625,61.8042,15.6751],[-93.5667,61.8063,7.8724],[-93.5724,61.8057,13.2993],[-93.5703,61.8026,9.0625],[-93.5625,61.8,9.0656],[-93.5542,61.8,8.365],[-93.55,61.8021,11.3539],[-93.5401,61.7995,9.8682],[-93.5417,61.7979,8.9861],[-93.5516,61.7974,10.0434],[-93.5463,61.7953,11.1616],[-93.5443,61.7922,11.0189],[-93.5521,61.7896,10.0749],[-93.5589,61.7953,13.1022],[-93.5661,61.7943,12.0971],[-93.5651,61.7974,10.0258],[-93.5667,61.7979,13.2657],[-93.5708,61.7958,12.0908],[-93.5792,61.7958,10.5331],[-93.5807,61.7943,8.2282],[-93.5729,61.7917,8.5513],[-93.5651,61.7911,11.0837],[-93.5604,61.7875,11.6525],[-93.5463,61.787,8.2842],[-93.5422,61.7797,8.7397],[-93.5516,61.7818,17.8558],[-93.5563,61.7854,8.3633],[-93.5578,61.7839,10.3362],[-93.5536,61.7797,8.8049],[-93.5396,61.775,8.8284],[-93.5318,61.7745,11.4065],[-93.5255,61.7672,9.4347],[-93.5292,61.7646,19.9359],[-93.5349,61.7661,7.5999],[-93.5339,61.763,11.1781],[-93.5417,61.7583,8.7665],[-93.5526,61.7682,9.2342],[-93.5667,61.7729,12.5213],[-93.5813,61.775,15.6672],[-93.5828,61.7745,10.4361],[-93.5818,61.7714,9.6712],[-93.5828,61.7693,13.0441],[-93.5797,61.7651,10.5519],[-93.5828,61.763,6.8223],[-93.5687,61.7625,7.8326],[-93.5646,61.7604,5.6866],[-93.55,61.7604,8.605],[-93.5417,61.7542,5.3379],[-93.5375,61.7562,6.6506],[-93.5333,61.7542,4.8692],[-93.5276,61.7557,6.988],[-93.5286,61.7526,7.2861],[-93.5245,61.7484,5.4292],[-93.5068,61.7432,6.303],[-93.5036,61.7401,6.3172],[-93.4922,61.737,4.874],[-93.4901,61.7349,6.0111],[-93.4911,61.7318,4.5],[-93.4891,61.7297,5.6941],[-93.4838,61.7286,6.5665],[-93.4771,61.7229,5.4159],[-93.4734,61.7255,7.0891],[-93.4745,61.7286,4.6785],[-93.4734,61.7307,4.5056],[-93.4786,61.737,2.5],[-93.4687,61.7438,5.0731],[-93.4651,61.7411,4.9505],[-93.4682,61.7359,4.633],[-93.4625,61.7375,4.7826],[-93.4568,61.737,4.851],[-93.4505,61.7349,4.6021],[-93.4516,61.7318,4.7811],[-93.4495,61.7297,3.724],[-93.4401,61.7286,3.1235],[-93.4354,61.725,4.2875],[-93.4313,61.725,1.9283],[-93.4276,61.7276,1.0998],[-93.4391,61.7318,4.7195],[-93.4422,61.7349,1.1436],[-93.4474,61.7359,5.4065],[-93.4505,61.7391,0.0],[-93.462,61.7422,4.8278],[-93.4651,61.7453,2.9397],[-93.4703,61.7464,4.5775],[-93.4755,61.7516,0.8417],[-93.4807,61.7526,10.343],[-93.4776,61.7557,0.0],[-93.4807,61.7589,0.7889],[-93.4797,61.762,0.0],[-93.4807,61.7641,1.2509],[-93.4734,61.7703,2.641],[-93.4776,61.7745,2.6128],[-93.4953,61.7797,2.1176],[-93.4943,61.7828,2.4695],[-93.4964,61.7849,2.3803],[-93.5016,61.7859,6.3935],[-93.5047,61.7891,2.2724],[-93.5099,61.7901,6.7037],[-93.512,61.7922,2.7966],[-93.5068,61.7953,4.7527],[-93.5208,61.8,2.987],[-93.525,61.7979,2.9974],[-93.5417,61.8042,6.3188]]],
[[[-93.5859,61.7661,10.5632],[-93.5875,61.7667,11.1671],[-93.5891,61.7651,9.6197],[-93.5875,61.7646,9.6197],[-93.5859,61.7661,10.5632]]],
[[[-93.5411,61.838,0.0],[-93.5333,61.8375,3.2434],[-93.5292,61.8354,1.3258],[-93.5255,61.8391,1.8786],[-93.5292,61.8417,0.0],[-93.5375,61.8417,1.0393],[-93.5411,61.838,0.0]]],
[[[-93.3151,61.7745,3.9319],[-93.3167,61.775,5.5777],[-93.3182,61.7734,4.2963],[-93.3167,61.7729,3.9142],[-93.3151,61.7745,3.9319]]],
[[[-93.2375,61.775,1.6332],[-93.2338,61.7755,3.7274],[-93.2338,61.7766,2.6518],[-93.2411,61.7766,5.7532],[-93.2375,61.775,1.6332]]],
[[[-93.2963,61.7828,2.4102],[-93.2979,61.7833,1.4025],[-93.2995,61.7818,2.3818],[-93.2963,61.7818,5.9812],[-93.2963,61.7828,2.4102]]],
[[[-93.362,61.7924,2.7093],[-93.3604,61.7917,1.0125],[-93.3588,61.7932,1.4497],[-93.3604,61.7938,0.0],[-93.362,61.7924,2.7093]]],
[[[-93.3703,61.7931,3.5261],[-93.3688,61.7917,0.8323],[-93.3672,61.7922,1.1266],[-93.3688,61.7938,5.1017],[-93.3703,61.7931,3.5261]]],
[[[-93.3901,61.7932,1.4435],[-93.3917,61.7938,2.8259],[-93.3932,61.7922,0.0],[-93.3917,61.7917,0.0],[-93.3901,61.7932,1.4435]]],
[[[-93.4078,61.7953,7.8437],[-93.4099,61.7922,4.3287],[-93.4021,61.7896,0.9144],[-93.3943,61.7974,0.0],[-93.4,61.7979,9.6502],[-93.4078,61.7953,7.8437]]],
[[[-92.9234,61.7995,0.0],[-92.9417,61.8,14.7374],[-92.9458,61.8021,0.0],[-92.95,61.8021,5.1755],[-92.9516,61.8016,8.8615],[-92.9505,61.7984,14.0365],[-92.9537,61.7943,0.0],[-92.9437,61.7896,0.0],[-92.9255,61.7943,0.0],[-92.9234,61.7995,0.0]]],
[[[-93.3562,61.8104,3.4448],[-93.3599,61.8089,6.353],[-93.3505,61.8068,0.0],[-93.3526,61.8099,0.7824],[-93.3562,61.8104,3.4448]]],
[[[-93.4745,61.8286,4.8261],[-93.4771,61.8271,2.1893],[-93.4938,61.8333,6.0016],[-93.5057,61.8328,0.6361],[-93.4958,61.8271,0.0],[-93.4875,61.8271,3.9527],[-93.4833,61.825,0.0],[-93.4729,61.825,2.8159],[-93.4687,61.8229,0.0],[-93.4625,61.8229,2.9097],[-93.4547,61.8203,4.9319],[-93.4516,61.8172,0.8924],[-93.4463,61.8161,3.3235],[-93.4417,61.8125,0.0],[-93.4167,61.8125,8.5406],[-93.4062,61.8083,0.3761],[-93.4021,61.8104,1.3324],[-93.3938,61.8104,1.8083],[-93.3833,61.8063,2.4388],[-93.363,61.8068,0.3051],[-93.3641,61.8099,5.6753],[-93.363,61.812,6.1254],[-93.3708,61.8146,0.8496],[-93.3771,61.8146,6.9172],[-93.3917,61.8187,3.3987],[-93.3979,61.8167,9.9322],[-93.4021,61.8187,0.0],[-93.4062,61.8167,2.5365],[-93.413,61.8224,0.7367],[-93.4333,61.8292,2.0391],[-93.4375,61.8292,6.0505],[-93.4411,61.8266,6.5108],[-93.438,61.8224,6.5481],[-93.4396,61.8208,0.3771],[-93.45,61.8208,9.1542],[-93.4563,61.825,0.0],[-93.4625,61.825,13.0323],[-93.4745,61.8286,4.8261]]],
[[[-93.1245,61.8453,0.0],[-93.1229,61.8438,0.0],[-93.1193,61.8443,9.067],[-93.1208,61.8458,0.3839],[-93.1245,61.8453,0.0]]],
[[[-93.2224,61.8578,-0.1041],[-93.2214,61.8599,5.8341],[-93.2245,61.863,0.1708],[-93.2234,61.8661,1.8763],[-93.2286,61.8672,4.1193],[-93.2276,61.8703,1.7974],[-93.2307,61.8703,1.2755],[-93.2328,61.8672,4.1377],[-93.2297,61.863,4.7989],[-93.237,61.862,5.673],[-93.2359,61.8547,5.9629],[-93.237,61.8526,2.1196],[-93.2297,61.8526,1.2804],[-93.2224,61.8578,-0.1041]]],
[[[-93.0505,61.9224,1.1572],[-93.0599,61.9234,2.6049],[-93.063,61.9266,0.0],[-93.0682,61.9276,1.4192],[-93.0609,61.9307,1.4601],[-93.0687,61.9313,0.0],[-93.0755,61.9255,0.0],[-93.0807,61.9245,3.4914],[-93.0755,61.9224,5.2643],[-93.0776,61.9193,3.8659],[-93.0833,61.9167,4.1393],[-93.0953,61.9161,3.4957],[-93.0943,61.913,5.0103],[-93.0958,61.9125,0.9806],[-93.1,61.9146,0.0],[-93.1099,61.9151,0.0],[-93.113,61.9182,0.0],[-93.1271,61.9229,0.6982],[-93.1333,61.9188,1.9266],[-93.1521,61.9208,4.7932],[-93.1583,61.9167,2.1991],[-93.1625,61.9188,0.0],[-93.1703,61.9193,6.5607],[-93.175,61.9229,1.7173],[-93.1792,61.9229,3.8291],[-93.1854,61.9188,7.1284],[-93.1932,61.9203,0.0],[-93.1922,61.9172,4.6228],[-93.1932,61.9151,2.1034],[-93.1755,61.9099,2.3298],[-93.1734,61.9078,2.4924],[-93.1755,61.9047,5.8263],[-93.1875,61.9,4.1759],[-93.1974,61.9005,5.2551],[-93.1943,61.9057,1.804],[-93.1995,61.9068,5.596],[-93.2026,61.9099,5.915],[-93.2229,61.9104,3.5923],[-93.2307,61.913,1.2182],[-93.2338,61.9161,2.9731],[-93.2391,61.9172,2.557],[-93.238,61.9203,0.0],[-93.2438,61.9208,1.9125],[-93.2474,61.9172,2.0883],[-93.2359,61.913,5.6105],[-93.238,61.9109,5.2187],[-93.2453,61.9099,0.7425],[-93.2443,61.9068,8.3687],[-93.2625,61.9125,0.7747],[-93.2662,61.9099,3.5432],[-93.2682,61.9057,1.0239],[-93.2672,61.8984,2.116],[-93.2729,61.8979,1.148],[-93.2771,61.9,0.0],[-93.2786,61.8984,0.6345],[-93.2766,61.8964,1.6252],[-93.2651,61.8932,1.0],[-93.262,61.8901,0.0],[-93.2505,61.887,2.9712],[-93.2547,61.8839,0.0],[-93.2625,61.8833,0.3178],[-93.2641,61.8818,1.2809],[-93.2588,61.8807,5.365],[-93.2568,61.8786,4.7213],[-93.2578,61.8755,3.9056],[-93.2557,61.8734,0.7948],[-93.2505,61.8724,0.7581],[-93.2458,61.8688,3.6317],[-93.2443,61.8693,1.6785],[-93.2453,61.8724,4.8783],[-93.2422,61.8755,2.042],[-93.2432,61.8786,1.0462],[-93.2271,61.8792,1.4411],[-93.2203,61.8734,1.102],[-93.2151,61.8724,6.3401],[-93.2182,61.8693,0.1705],[-93.2083,61.8667,4.1784],[-93.2,61.8667,0.0],[-93.1937,61.8708,0.0],[-93.1896,61.8708,13.0312],[-93.1854,61.8688,8.3946],[-93.1839,61.8693,8.3946],[-93.1839,61.8724,0.0],[-93.1891,61.8734,0.7854],[-93.1932,61.8786,2.7821],[-93.1896,61.8812,5.287],[-93.1839,61.8797,3.0973],[-93.187,61.8839,2.0962],[-93.1854,61.8854,1.411],[-93.175,61.8854,0.8393],[-93.1583,61.8792,1.5046],[-93.1521,61.8792,3.6815],[-93.1375,61.8708,5.3424],[-93.1338,61.8734,11.4353],[-93.1391,61.8797,13.7804],[-93.1359,61.8818,14.8556],[-93.137,61.8849,8.7723],[-93.1349,61.887,8.9035],[-93.1292,61.8875,9.7283],[-93.1214,61.8849,10.7716],[-93.1224,61.8818,8.6822],[-93.1203,61.8797,13.0139],[-93.1068,61.8786,14.0267],[-93.0984,61.8703,14.6654],[-93.1083,61.8667,14.5034],[-93.1182,61.8672,11.1979],[-93.113,61.8693,12.8815],[-93.1146,61.8708,16.2206],[-93.1203,61.8703,11.1553],[-93.125,61.8667,11.7445],[-93.1292,61.8688,13.1842],[-93.1349,61.8682,7.8547],[-93.1328,61.863,2.3105],[-93.1276,61.862,1.6063],[-93.1255,61.8599,2.6562],[-93.1276,61.8568,1.6552],[-93.1328,61.8547,2.4204],[-93.1307,61.8526,0.0],[-93.1255,61.8516,3.4777],[-93.1224,61.8484,0.0],[-93.1172,61.8474,5.0419],[-93.113,61.8432,5.989],[-93.1203,61.8359,0.0],[-93.1125,61.8333,5.8421],[-93.0937,61.8354,0.1283],[-93.0833,61.8312,0.0],[-93.0667,61.8292,0.5108],[-93.0604,61.825,0.8664],[-93.0521,61.825,2.63],[-93.0479,61.8271,1.4594],[-93.0354,61.8271,0.8282],[-93.0312,61.8292,2.6681],[-93.025,61.8292,1.9104],[-93.0203,61.8328,0.9567],[-93.0068,61.8359,0.0],[-93.0047,61.838,0.0],[-93.0057,61.8411,1.9405],[-92.9984,61.8422,0.0],[-92.9818,61.8568,0.0],[-92.9838,61.8599,2.4308],[-92.9891,61.8609,6.8707],[-92.9953,61.8672,2.5171],[-92.9922,61.8703,0.0],[-92.9953,61.8745,0.8157],[-92.9875,61.8771,1.8297],[-92.9792,61.8771,0.0],[-92.9714,61.8807,1.4227],[-92.975,61.8833,4.0184],[-92.9792,61.8833,3.5362],[-92.9833,61.8812,4.4115],[-92.9938,61.8812,1.8798],[-93.0042,61.8854,2.7327],[-93.0083,61.8833,1.2866],[-93.0125,61.8833,1.309],[-93.0182,61.888,2.6243],[-93.013,61.8932,0.0],[-93.0229,61.8937,6.1407],[-93.0271,61.8958,0.0],[-93.0286,61.8953,1.7163],[-93.0276,61.8922,7.4965],[-93.0411,61.8911,7.0267],[-93.0359,61.8891,9.2917],[-93.0318,61.8849,3.2701],[-93.0333,61.8833,7.5412],[-93.0437,61.8833,6.7955],[-93.0479,61.8854,7.6513],[-93.0583,61.8854,7.091],[-93.0661,61.888,4.4625],[-93.0609,61.8901,2.9008],[-93.062,61.8932,4.5703],[-93.0604,61.8937,2.6269],[-93.0463,61.8943,2.3405],[-93.0505,61.8995,1.3187],[-93.0557,61.9005,2.0142],[-93.0505,61.9036,2.1522],[-93.0557,61.912,1.4503],[-93.0463,61.9099,5.2941],[-93.0474,61.9047,1.1617],[-93.0437,61.9042,1.0075],[-93.0401,61.9068,1.5066],[-93.0411,61.9141,2.2788],[-93.0401,61.9161,5.1686],[-93.0495,61.9172,5.1505],[-93.0484,61.9203,5.5613],[-93.0505,61.9224,1.1572]]],
[[[-93.4463,61.9203,4.6774],[-93.4484,61.9224,3.4917],[-93.4516,61.9224,3.4288],[-93.4505,61.9193,6.6635],[-93.4516,61.9172,1.6539],[-93.4443,61.9172,3.1843],[-93.4463,61.9203,4.6774]]],
[[[-93.0188,61.9229,0.0],[-93.0125,61.9229,0.0],[-93.0109,61.9245,0.0],[-93.0208,61.9292,1.8694],[-93.0312,61.9292,0.0],[-93.0349,61.9266,5.9827],[-93.0333,61.925,0.6468],[-93.0188,61.9229,0.0]]],
[[[-93.1776,61.9318,0.9398],[-93.1813,61.9354,0.0],[-93.1849,61.9349,1.6469],[-93.187,61.9328,2.3097],[-93.1854,61.9313,2.9639],[-93.1776,61.9318,0.9398]]],
[[[-93.5208,61.8563,0.0],[-93.5245,61.8568,0.3273],[-93.5297,61.8641,0.9012],[-93.5396,61.8667,1.5849],[-93.5432,61.863,1.2576],[-93.538,61.862,4.0746],[-93.5339,61.8568,1.2526],[-93.5437,61.8563,1.2749],[-93.5479,61.8583,1.0535],[-93.5521,61.8583,2.8009],[-93.5646,61.8542,1.1141],[-93.5687,61.8563,0.0],[-93.5792,61.8563,3.9157],[-93.5833,61.8583,3.5008],[-93.587,61.8547,5.4999],[-93.5708,61.8542,0.0],[-93.5667,61.8521,0.8894],[-93.5625,61.8521,2.6366],[-93.5583,61.8542,-0.5],[-93.5479,61.8542,5.8636],[-93.5437,61.8521,0.968],[-93.5396,61.8542,5.5728],[-93.525,61.85,1.8168],[-93.5208,61.85,0.0],[-93.5167,61.8521,3.2987],[-93.5062,61.8521,0.0],[-93.5021,61.85,0.0],[-93.4984,61.8526,0.0],[-93.5057,61.8568,0.6348],[-93.5047,61.8599,0.0],[-93.5068,61.862,1.7677],[-93.5146,61.8646,6.1352],[-93.5162,61.863,5.5755],[-93.513,61.8589,6.2176],[-93.5151,61.8568,5.8511],[-93.5208,61.8563,0.0]]],
[[[-93.5193,61.8661,1.722],[-93.5224,61.8661,0.0],[-93.5224,61.8651,0.0],[-93.5208,61.8646,0.0],[-93.5193,61.8661,1.722]]],
[[[-93.5661,61.9255,2.2927],[-93.563,61.9266,0.7],[-93.5672,61.9307,2.4693],[-93.5724,61.9318,1.0361],[-93.5771,61.9354,1.2992],[-93.5828,61.9349,0.0],[-93.5807,61.9318,0.0],[-93.5693,61.9286,1.7067],[-93.5661,61.9255,2.2927]]],
[[[-93.5932,61.9359,4.7076],[-93.5917,61.9354,0.7913],[-93.5901,61.937,7.0718],[-93.5932,61.937,9.7355],[-93.5932,61.9359,4.7076]]],
[[[-93.1687,61.9333,1.0676],[-93.1672,61.9349,1.3889],[-93.1693,61.937,3.3123],[-93.1724,61.937,2.4987],[-93.1724,61.9359,2.6753999999999998],[-93.1687,61.9333,1.0676]]],
[[[-93.0682,61.9391,1.6166],[-93.0672,61.9411,1.54],[-93.0693,61.9432,0.5505],[-93.0828,61.9453,8.3087],[-93.0776,61.9391,9.5999],[-93.0787,61.9359,0.0],[-93.0651,61.9339,1.8699],[-93.0682,61.9391,1.6166]]],
[[[-93.3224,61.9411,5.6785],[-93.3213,61.9432,3.4617],[-93.3287,61.9432,1.6103],[-93.3266,61.9401,5.0476],[-93.3224,61.9411,5.6785]]],
[[[-93.2078,61.9453,1.1069],[-93.2063,61.9437,1.9475],[-93.2026,61.9443,2.2564],[-93.2042,61.9458,1.1775],[-93.2078,61.9453,1.1069]]],
[[[-92.6979,61.8146,0.0],[-92.6901,61.8182,11.1324],[-92.7,61.8229,5.4592],[-92.7083,61.8229,10.2876],[-92.7161,61.8203,12.9535],[-92.7109,61.8182,14.2617],[-92.7141,61.8161,0.0],[-92.7125,61.8146,0.0],[-92.6979,61.8146,0.0]]],
[[[-92.6495,61.8464,1.7928],[-92.6521,61.85,0.0],[-92.6646,61.85,15.5061],[-92.6687,61.8521,3.0835],[-92.687,61.8516,6.6214],[-92.6849,61.8484,0.0],[-92.6797,61.8474,8.6434],[-92.6766,61.8422,0.0],[-92.6651,61.8391,2.8036],[-92.6661,61.8359,1.7737],[-92.6646,61.8354,1.3595],[-92.6484,61.8401,0.0],[-92.6464,61.8432,0.0],[-92.6495,61.8464,1.7928]]],
[[[-92.7604,61.9229,0.0],[-92.7588,61.9245,1.5302],[-92.7609,61.9266,0.0],[-92.7641,61.9266,0.0],[-92.762,61.9234,0.0],[-92.7604,61.9229,0.0]]],
[[[-92.7785,61.9316,1.2337],[-92.7839,61.937,0.0],[-92.7891,61.938,0.0],[-92.7943,61.9432,0.0],[-92.7974,61.9432,0.0],[-92.7995,61.9411,4.0713],[-92.7943,61.9391,3.3881],[-92.788,61.9328,0.0],[-92.787,61.9297,0.0],[-92.7792,61.9292,0.0],[-92.7776,61.9297,0.0],[-92.7785,61.9316,1.2337]]],
[[[-92.7755,61.937,0.0],[-92.7786,61.937,0.0],[-92.7786,61.9359,0.0],[-92.7771,61.9354,0.0],[-92.7755,61.937,0.0]]],
[[[-92.8187,61.9437,1.7266],[-92.8271,61.9437,0.0],[-92.8313,61.9417,5.3661],[-92.8375,61.9458,0.0],[-92.8417,61.9437,5.7984],[-92.8458,61.9458,0.0],[-92.8526,61.9422,1.0777],[-92.8604,61.9417,2.2066],[-92.862,61.9401,4.0236],[-92.8536,61.9318,2.0786],[-92.8484,61.9307,3.0769],[-92.8437,61.9271,2.8221],[-92.8391,61.9307,1.7434],[-92.8313,61.9333,2.68],[-92.8193,61.9318,2.2833],[-92.8172,61.9339,2.2358],[-92.8182,61.9411,2.6014],[-92.8172,61.9432,1.3488],[-92.8187,61.9437,1.7266]]],
[[[-92.8005,61.9453,0.0],[-92.8021,61.9458,0.0],[-92.8036,61.9443,0.0],[-92.8021,61.9437,0.0],[-92.8005,61.9453,0.0]]],
[[[-92.8297,61.962,1.2921],[-92.8313,61.9625,1.7231],[-92.8328,61.9609,1.9938],[-92.8313,61.9604,0.0],[-92.8297,61.962,1.2921]]],
[[[-93.2068,61.9495,1.6947],[-93.2083,61.95,1.6205],[-93.2099,61.9484,2.7411],[-93.2083,61.9479,2.7761],[-93.2068,61.9495,1.6947]]],
[[[-92.8401,61.9599,5.9023],[-92.8359,61.9589,1.9473],[-92.837,61.962,2.8068],[-92.8359,61.9641,2.3113],[-92.8437,61.9667,2.8947],[-92.8479,61.9646,2.2028],[-92.862,61.9661,2.6523],[-92.8599,61.963,3.2523],[-92.8547,61.962,0.0],[-92.85,61.9583,0.0],[-92.8401,61.9599,5.9023]]],
[[[-93.1578,61.9786,1.5763],[-93.1568,61.9807,1.0024],[-93.1625,61.9854,1.5919],[-93.1687,61.9854,3.0005],[-93.1729,61.9875,3.6037],[-93.1807,61.9849,3.1122],[-93.1693,61.9807,1.9884],[-93.1708,61.9792,2.8114],[-93.1766,61.9786,1.0179],[-93.1786,61.9755,0.9329],[-93.1734,61.9745,2.9146],[-93.1687,61.9708,0.6844],[-93.1646,61.9708,0.6737],[-93.1589,61.9734,4.7457],[-93.1568,61.9755,5.8687],[-93.1578,61.9786,1.5763]]],
[[[-93.1245,61.9839,1.9515],[-93.1088,61.9818,1.4833],[-93.1125,61.9854,0.8586],[-93.1229,61.9854,2.8346],[-93.1245,61.9839,1.9515]]],
[[[-92.4714,61.963,0.3888],[-92.4734,61.9661,1.466],[-92.4891,61.9703,11.332],[-92.4849,61.963,0.0],[-92.475,61.9604,1.7951],[-92.4714,61.963,0.3888]]],
[[[-92.6583,62.0479,2.7382],[-92.6667,62.0479,10.6309],[-92.6708,62.05,6.2454],[-92.6786,62.0505,6.2845],[-92.6875,62.0583,5.8159],[-92.6953,62.0536,1.8612],[-92.687,62.0443,2.4104],[-92.6792,62.0417,0.0],[-92.6713,62.0411,11.3102],[-92.663,62.0328,15.1468],[-92.6641,62.0297,0.0],[-92.6583,62.0292,4.4539],[-92.6521,62.0333,0.0],[-92.6458,62.0333,1.9711],[-92.6354,62.0292,6.6023],[-92.6318,62.0318,1.2392],[-92.6401,62.0411,0.0],[-92.6453,62.0422,3.3194],[-92.6484,62.0453,3.9985],[-92.6583,62.0479,2.7382]]],
[[[-92.6625,62.0521,3.9635],[-92.6547,62.0526,3.6767],[-92.6526,62.0557,0.0],[-92.6578,62.0568,5.2286],[-92.6599,62.0589,4.3398],[-92.6589,62.062,2.2704],[-92.6604,62.0625,1.7302],[-92.6661,62.062,4.0069],[-92.6724,62.0578,1.6486],[-92.6703,62.0547,5.4055],[-92.6625,62.0521,3.9635]]],
[[[-92.6755,62.0661,2.3767],[-92.6854,62.0708,0.0],[-92.6917,62.0708,2.5514],[-92.6958,62.0729,0.0],[-92.7037,62.0682,2.1874],[-92.7,62.0646,0.0],[-92.6896,62.0646,3.8914],[-92.6771,62.0604,1.6127],[-92.6713,62.0609,4.1976],[-92.6755,62.0661,2.3767]]],
[[[-93.0818,61.987,0.8245],[-93.0849,61.987,1.7653],[-93.0849,61.9859,1.3781],[-93.0818,61.9859,1.2719],[-93.0818,61.987,0.8245]]],
[[[-93.1193,61.9891,0.3283],[-93.1224,61.9891,1.3617],[-93.1224,61.988,1.3341],[-93.1208,61.9875,1.9733],[-93.1193,61.9891,0.3283]]],
[[[-92.9391,61.9911,4.3035],[-92.9354,61.9875,4.1892],[-92.9297,61.988,1.9398],[-92.9359,61.9911,2.735],[-92.9391,61.9911,4.3035]]],
[[[-93.0734,61.9911,1.5191],[-93.0755,61.9932,2.2529],[-93.0787,61.9932,2.7749],[-93.0766,61.9901,0.0],[-93.0734,61.9911,1.5191]]],
[[[-92.9213,61.9953,2.1247],[-92.9245,61.9953,2.0425],[-92.9245,61.9943,0.0],[-92.9213,61.9943,0.0],[-92.9213,61.9953,2.1247]]],
[[[-92.9021,62.0042,2.9363],[-92.9057,62.0026,1.2247],[-92.8964,62.0005,1.9252],[-92.8984,62.0036,3.1177],[-92.9021,62.0042,2.9363]]],
[[[-93.1172,62.0099,0.0],[-93.1203,62.0099,0.0],[-93.1203,62.0089,0.9879],[-93.1172,62.0089,2.098],[-93.1172,62.0099,0.0]]],
[[[-93.3771,62.0292,5.7102],[-93.3729,62.0292,1.0],[-93.3714,62.0307,1.0],[-93.3786,62.0307,4.5491],[-93.3771,62.0292,5.7102]]],
[[[-93.1333,62.0875,8.4973],[-93.1349,62.0859,7.7055],[-93.1312,62.0854,7.4555],[-93.1312,62.0875,8.2789],[-93.1333,62.0875,8.4973]]],
[[[-93.1917,62.0917,17.6995],[-93.1875,62.0917,9.7134],[-93.1859,62.0932,8.5655],[-93.1932,62.0932,20.4838],[-93.1917,62.0917,17.6995]]],
[[[-92.9271,62.1063,2.9775],[-92.9307,62.1036,5.3413],[-92.9307,62.1005,6.4435],[-92.9271,62.0979,0.0],[-92.9234,62.0984,2.412],[-92.9213,62.1005,1.6589],[-92.9224,62.1036,1.3597],[-92.9213,62.1057,1.244],[-92.9271,62.1063,2.9775]]],
[[[-93.2125,62.1042,11.5509],[-93.2083,62.1042,11.0468],[-93.2068,62.1057,9.8936],[-93.2141,62.1057,11.2671],[-93.2125,62.1042,11.5509]]],
[[[-93.1062,62.1083,7.8602],[-93.1026,62.1099,2.8958],[-93.112,62.1099,9.2381],[-93.1104,62.1083,3.0204],[-93.1062,62.1083,7.8602]]],
[[[-93.1318,62.1203,1.2998],[-93.1349,62.1203,2.8724],[-93.1349,62.1193,1.6636],[-93.1333,62.1188,4.5454],[-93.1318,62.1203,1.2998]]],
[[[-93.0833,62.1437,5.2257],[-93.1021,62.1437,5.7671],[-93.1062,62.1458,3.555],[-93.1104,62.1458,10.387],[-93.1161,62.1422,1.9774],[-93.1104,62.1375,0.0],[-93.1,62.1375,1.1674],[-93.0958,62.1396,5.496],[-93.0917,62.1375,0.7527],[-93.0875,62.1375,2.1737],[-93.0818,62.1422,5.5063],[-93.0833,62.1437,5.2257]]],
[[[-93.1375,62.1437,0.0],[-93.1338,62.1432,7.7499],[-93.1307,62.1401,2.5402],[-93.1276,62.1401,4.704],[-93.1286,62.1432,4.1384],[-93.1276,62.1453,0.5],[-93.1391,62.1453,2.1683],[-93.1375,62.1437,0.0]]],
[[[-92.7458,62.1146,1.6014],[-92.7443,62.1161,2.4777],[-92.7464,62.1182,2.607],[-92.7495,62.1182,5.5653],[-92.7474,62.1151,1.6014],[-92.7458,62.1146,1.6014]]],
[[[-92.4568,62.1578,4.6618],[-92.4667,62.1583,0.6872],[-92.4682,62.1568,3.0313],[-92.4646,62.1542,0.0],[-92.4568,62.1578,4.6618]]],
[[[-92.7797,62.1734,1.8821],[-92.7839,62.1786,1.2137],[-92.7917,62.1792,4.8628],[-92.7958,62.1813,2.7387],[-92.8016,62.1807,4.9754],[-92.7995,62.1776,0.6709],[-92.7943,62.1766,12.1095],[-92.7922,62.1724,0.9191],[-92.7932,62.1693,3.5506],[-92.7833,62.1708,0.811],[-92.7797,62.1734,1.8821]]],
[[[-92.4625,62.2167,4.6056],[-92.4641,62.2151,5.7757],[-92.4578,62.2089,0.0],[-92.4463,62.2089,5.1997],[-92.4526,62.2161,1.3618],[-92.4625,62.2167,4.6056]]],
[[[-92.8651,62.1995,2.0655],[-92.8667,62.2,5.2312],[-92.8682,62.1984,1.4441],[-92.8667,62.1979,1.7787],[-92.8651,62.1995,2.0655]]],
[[[-93.0474,62.1995,6.5104],[-93.0458,62.1979,5.3375],[-93.0443,62.1984,6.1342],[-93.0458,62.2,2.5163],[-93.0474,62.1995,6.5104]]],
[[[-92.8755,62.2141,2.2651],[-92.8786,62.2141,2.5501],[-92.8786,62.213,2.6625],[-92.8771,62.2125,2.7902],[-92.8755,62.2141,2.2651]]],
[[[-92.8922,62.2516,8.6838],[-92.8938,62.2521,7.4575],[-92.8953,62.2505,6.0597],[-92.8922,62.2505,8.8296],[-92.8922,62.2516,8.6838]]],
[[[-92.838,62.2182,5.291],[-92.8411,62.2182,9.4631],[-92.8411,62.2172,10.1443],[-92.8396,62.2167,9.4815],[-92.838,62.2182,5.291]]],
[[[-92.65,62.225,2.4836],[-92.6484,62.2266,0.0],[-92.6625,62.2271,3.953],[-92.6667,62.2292,0.0],[-92.6724,62.2286,4.7716],[-92.6646,62.2208,2.0702],[-92.6604,62.2229,6.0872],[-92.6562,62.2229,3.3709],[-92.6521,62.2208,3.8346],[-92.6505,62.2214,3.4599],[-92.6516,62.2245,3.7779],[-92.65,62.225,2.4836]]],
[[[-92.8078,62.2297,3.8093],[-92.8109,62.2328,3.1422],[-92.8141,62.2328,3.9302],[-92.8141,62.2297,4.0811],[-92.812,62.2276,4.2925],[-92.8068,62.2276,2.4158],[-92.8078,62.2297,3.8093]]],
[[[-92.5536,62.2348,2.7661],[-92.5521,62.2333,2.0864],[-92.5505,62.2339,3.0607],[-92.5521,62.2354,2.701],[-92.5536,62.2348,2.7661]]],
[[[-92.6401,62.2453,3.5735],[-92.6432,62.2453,0.8579],[-92.6432,62.2443,0.0],[-92.6401,62.2443,1.28],[-92.6401,62.2453,3.5735]]],
[[[-92.8625,62.2792,4.0617],[-92.8833,62.2854,0.0],[-92.8953,62.2849,2.6738],[-92.8901,62.2828,8.673],[-92.8859,62.2786,3.4854],[-92.8891,62.2734,3.9145],[-92.8838,62.2724,4.1188],[-92.8849,62.2693,5.4853],[-92.8797,62.2682,8.7454],[-92.8828,62.2651,4.0339],[-92.8755,62.2641,4.2945],[-92.8729,62.2604,3.8405],[-92.8672,62.2599,4.8563],[-92.863,62.2536,4.2298],[-92.8646,62.2521,4.3869],[-92.8766,62.2516,3.9988],[-92.8714,62.2495,4.4785],[-92.8724,62.2464,3.9711],[-92.863,62.2453,4.3148],[-92.8599,62.2422,4.9557],[-92.8521,62.2396,3.7353],[-92.8505,62.2401,4.238],[-92.8516,62.2432,3.8409],[-92.8495,62.2453,2.7983],[-92.8437,62.2438,2.6428],[-92.8375,62.2458,2.9588],[-92.8297,62.2432,3.7442],[-92.8208,62.2333,3.7423],[-92.8172,62.2339,3.7081],[-92.813,62.238,2.8449],[-92.8172,62.2432,2.6486],[-92.8432,62.2526,4.0335],[-92.8417,62.2542,2.4596],[-92.8333,62.2542,3.6186],[-92.8229,62.25,3.4297],[-92.8172,62.2495,3.8217],[-92.8161,62.2464,2.4885],[-92.8089,62.2453,3.4849],[-92.812,62.2422,2.2858],[-92.8068,62.2411,2.6924],[-92.8016,62.2359,2.9104],[-92.7963,62.2349,3.275],[-92.7849,62.2234,3.4885],[-92.7797,62.2224,3.5165],[-92.7766,62.2193,2.9437],[-92.7688,62.2167,1.1217],[-92.7646,62.2167,2.0899],[-92.763,62.2182,2.1223],[-92.7745,62.2214,3.0974],[-92.7734,62.2245,0.0],[-92.7745,62.2266,2.1068],[-92.7708,62.2271,2.2629],[-92.7667,62.225,0.0],[-92.7521,62.225,0.0],[-92.7479,62.2229,0.0],[-92.7422,62.2255,0.0],[-92.7443,62.2286,0.0],[-92.7516,62.2297,1.6052],[-92.7526,62.2328,0.8908],[-92.762,62.2422,2.092],[-92.7609,62.2453,0.0],[-92.7662,62.2464,8.4466],[-92.7651,62.2495,0.0],[-92.7917,62.2583,0.0],[-92.7958,62.2583,3.0141],[-92.8,62.2562,20.5821],[-92.8099,62.2589,25.8344],[-92.8068,62.262,0.0],[-92.8266,62.2672,16.5131],[-92.8297,62.2724,0.0],[-92.837,62.2734,7.195],[-92.8396,62.2771,0.0],[-92.8625,62.2792,4.0617]]],
[[[-92.7125,62.2625,4.5249],[-92.7042,62.2625,0.0],[-92.7026,62.2641,0.0],[-92.7146,62.2708,3.1497],[-92.7161,62.2703,11.6006],[-92.7151,62.2672,12.922],[-92.7172,62.2651,9.1443],[-92.7245,62.2661,9.1411],[-92.7208,62.2625,4.8617],[-92.7125,62.2625,4.5249]]],
[[[-92.6568,62.2682,3.3292],[-92.6599,62.2682,10.0892],[-92.6599,62.2672,9.1186],[-92.6568,62.2672,4.5931],[-92.6568,62.2682,3.3292]]],
[[[-92.5443,62.2682,2.1251],[-92.5474,62.2682,4.259],[-92.5474,62.2672,4.752],[-92.5443,62.2672,2.3303],[-92.5443,62.2682,2.1251]]],
[[[-92.5964,62.2703,9.6696],[-92.5979,62.2708,10.3053],[-92.5995,62.2693,11.099],[-92.5979,62.2687,8.3],[-92.5964,62.2703,9.6696]]],
[[[-92.7297,62.2703,9.5384],[-92.7271,62.2687,8.3778],[-92.7193,62.2724,2.6534],[-92.7271,62.275,9.5143],[-92.7328,62.2745,11.9778],[-92.7297,62.2703,9.5384]]],
[[[-92.5682,62.2745,5.2225],[-92.5667,62.2729,4.5812],[-92.563,62.2734,5.5884],[-92.5646,62.275,6.9449],[-92.5682,62.2745,5.2225]]],
[[[-92.5568,62.2724,5.2551],[-92.5542,62.2708,4.394],[-92.5484,62.2714,4.1487],[-92.5536,62.2734,5.2394],[-92.5505,62.2786,1.0091],[-92.5599,62.2766,7.7285],[-92.5568,62.2724,5.2551]]],
[[[-92.6443,62.2786,11.4356],[-92.6474,62.2786,10.0178],[-92.6474,62.2776,8.2329],[-92.6458,62.2771,9.4155],[-92.6443,62.2786,11.4356]]],
[[[-92.5542,62.2958,8.2584],[-92.562,62.2922,8.5663],[-92.5583,62.2896,4.0233],[-92.5526,62.2901,1.752],[-92.5505,62.2932,5.3997],[-92.5542,62.2958,8.2584]]],
[[[-92.5437,62.2917,2.5],[-92.5401,62.2932,2.1525],[-92.5437,62.2958,3.8812],[-92.5458,62.2938,4.8765],[-92.5437,62.2917,2.5]]],
[[[-92.1963,62.3036,3.9974],[-92.1979,62.3021,6.9328],[-92.212,62.3068,3.6053],[-92.2141,62.3089,1.6154],[-92.2109,62.313,3.1173],[-92.2125,62.3146,2.7863],[-92.2245,62.3099,5.7566],[-92.2193,62.3036,1.6408],[-92.2203,62.3005,0.2764],[-92.2151,62.2995,4.7901],[-92.212,62.2964,2.3666],[-92.2042,62.2938,4.4216],[-92.2,62.2958,2.1008],[-92.1813,62.2958,7.1486],[-92.175,62.2917,2.7192],[-92.1547,62.287,4.5983],[-92.15,62.2833,0.6753],[-92.1464,62.2859,0.7756],[-92.1464,62.2891,0.6935],[-92.1625,62.2917,4.0622],[-92.1687,62.2958,1.9865],[-92.1766,62.2964,2.246],[-92.1745,62.2995,1.5308],[-92.1713,62.3005,2.9818],[-92.1755,62.3057,1.8907],[-92.1849,62.3078,2.7793],[-92.1818,62.3016,4.8867],[-92.1833,62.3,6.1541],[-92.1891,62.3005,6.1213],[-92.1911,62.3026,4.2401],[-92.1901,62.3057,4.7059],[-92.1917,62.3063,4.1988],[-92.1974,62.3057,4.3897],[-92.1963,62.3036,3.9974]]],
[[[-92.1937,62.3229,1.2978],[-92.1896,62.3208,0.0],[-92.1818,62.3214,2.1617],[-92.1896,62.325,8.2155],[-92.1974,62.3245,2.9044],[-92.1937,62.3229,1.2978]]],
[[[-92.0984,62.4109,0.0],[-92.1,62.4125,1.9438],[-92.1146,62.4125,3.7359],[-92.1188,62.4146,0.0],[-92.1292,62.4146,0.0],[-92.1307,62.4141,0.0],[-92.1297,62.4109,11.9149],[-92.1312,62.4104,15.0952],[-92.1354,62.4125,6.1232],[-92.15,62.4125,2.5475],[-92.1578,62.4099,1.9058],[-92.1641,62.4057,7.6529],[-92.163,62.4026,0.5],[-92.1646,62.4021,4.615],[-92.1766,62.4047,2.0581],[-92.1755,62.4078,1.4083],[-92.1792,62.4104,4.3111],[-92.1807,62.4099,3.301],[-92.1797,62.4068,1.4046],[-92.1839,62.4026,8.3478],[-92.1896,62.4021,2.4894],[-92.2,62.3979,9.4035],[-92.2063,62.4,1.1292],[-92.2104,62.3979,8.1775],[-92.2146,62.4,1.6686],[-92.2161,62.3995,3.605],[-92.2151,62.3964,7.9995],[-92.2167,62.3958,11.9776],[-92.2208,62.3979,7.1428],[-92.2333,62.3979,10.2663],[-92.2438,62.4021,2.1831],[-92.2479,62.4,9.8483],[-92.2578,62.4047,4.2582],[-92.2562,62.4063,6.6648],[-92.2458,62.4063,7.4117],[-92.2338,62.4026,0.4009],[-92.238,62.4078,2.1765],[-92.2458,62.4104,2.653],[-92.2604,62.4083,10.9043],[-92.275,62.4125,6.5108],[-92.2766,62.4109,2.3024],[-92.2745,62.4089,2.4751],[-92.2667,62.4083,6.095],[-92.2651,62.4068,6.3143],[-92.2688,62.4042,2.0126],[-92.2792,62.4042,4.7691],[-92.2833,62.4063,3.5822],[-92.2917,62.4063,1.0],[-92.2932,62.4047,8.0174],[-92.2792,62.4,1.6703],[-92.2729,62.4,1.8696],[-92.2651,62.3974,7.3823],[-92.263,62.3943,1.7208],[-92.2651,62.3922,4.2871],[-92.2708,62.3917,7.1457],[-92.2771,62.3958,1.8042],[-92.2854,62.3958,12.5672],[-92.2896,62.3979,8.1037],[-92.2979,62.3979,3.1365],[-92.3021,62.3958,3.1205],[-92.3063,62.3979,3.5412],[-92.312,62.3974,12.3347],[-92.3141,62.3922,0.948],[-92.3068,62.3839,1.6654],[-92.3167,62.3833,12.3799],[-92.3271,62.3792,-1.0],[-92.337,62.3786,5.2823],[-92.3349,62.3755,0.0],[-92.3229,62.3729,1.9453],[-92.3213,62.3714,1.8269],[-92.3245,62.3703,0.0],[-92.3234,62.3672,5.725],[-92.3255,62.3651,11.3134],[-92.3354,62.3646,0.0],[-92.3432,62.3609,0.0],[-92.3313,62.3604,0.0],[-92.3271,62.3583,0.0],[-92.3146,62.3583,3.1338],[-92.3104,62.3563,0.0],[-92.3063,62.3583,0.3338],[-92.2937,62.3583,5.0501],[-92.2896,62.3604,1.7478],[-92.2854,62.3583,1.8209],[-92.2792,62.3583,3.6924],[-92.2646,62.3542,2.8866],[-92.2542,62.3542,5.9666],[-92.2479,62.3583,4.9971],[-92.238,62.3589,0.0],[-92.2391,62.3661,0.5081],[-92.2349,62.3703,0.0],[-92.2276,62.3714,1.7704],[-92.2286,62.3745,2.0012],[-92.225,62.3771,6.5947],[-92.2193,62.3766,2.4312],[-92.2172,62.3734,3.9597],[-92.2286,62.3672,1.4191],[-92.2266,62.3651,2.1823],[-92.2214,62.3641,0.0],[-92.2146,62.3583,0.0],[-92.2104,62.3604,6.0578],[-92.2,62.3583,0.64],[-92.1958,62.3604,5.1296],[-92.1896,62.3604,0.6573],[-92.1818,62.3651,1.6855],[-92.1828,62.3682,0.0],[-92.1813,62.3688,1.0798],[-92.1724,62.3609,4.0709],[-92.1646,62.3583,5.3215],[-92.1609,62.3609,0.8491],[-92.1589,62.3651,0.0],[-92.1599,62.3682,1.6527],[-92.1583,62.3688,0.0],[-92.1526,62.3682,3.6582],[-92.1506,62.3662,5.7021],[-92.1516,62.363,0.0],[-92.1375,62.3583,2.9765],[-92.1338,62.3609,4.2292],[-92.1354,62.3646,1.2897],[-92.1333,62.3667,1.9595],[-92.1271,62.3625,0.0],[-92.1125,62.3667,0.0],[-92.1021,62.3667,0.0],[-92.0979,62.3646,0.0],[-92.0932,62.3682,1.5258],[-92.0797,62.3714,0.0],[-92.0776,62.3745,0.0],[-92.0807,62.3786,2.5841],[-92.0776,62.3807,4.7882999999999996],[-92.0854,62.3833,2.8593],[-92.0917,62.3833,0.0],[-92.0958,62.3812,8.9042],[-92.1,62.3833,3.265],[-92.1042,62.3812,11.0853],[-92.1167,62.3812,5.5772],[-92.1208,62.3792,0.0],[-92.1354,62.3833,0.0],[-92.137,62.3828,0.0],[-92.1359,62.3797,4.2596],[-92.1432,62.3786,0.0],[-92.1464,62.3755,7.2696],[-92.1542,62.3729,0.0],[-92.1625,62.3729,8.1858],[-92.1687,62.3688,5.5224],[-92.1766,62.3693,2.3382],[-92.1734,62.3714,0.0],[-92.1745,62.3745,3.1923],[-92.1682,62.3807,0.1744],[-92.1589,62.3839,2.3394],[-92.1604,62.3854,4.8754],[-92.1724,62.3859,0.0],[-92.1745,62.3891,0.0],[-92.1687,62.3896,0.0],[-92.1646,62.3875,0.0],[-92.163,62.388,0.0],[-92.1641,62.3911,0.0],[-92.1599,62.3932,1.3214],[-92.1521,62.3937,0.0],[-92.1479,62.3958,0.0],[-92.1396,62.3958,0.0],[-92.1333,62.4,2.4947],[-92.1292,62.3979,0.0],[-92.125,62.3979,0.0],[-92.1193,62.4005,0.0],[-92.1125,62.4063,2.3369],[-92.1083,62.4042,1.7705],[-92.1021,62.4042,1.3851],[-92.1005,62.4047,0.0],[-92.1016,62.4078,2.6243],[-92.0984,62.4109,0.0]]],
[[[-92.1307,62.3891,1.2162],[-92.1292,62.3875,0.0],[-92.1255,62.388,0.0],[-92.1271,62.3896,0.0],[-92.1307,62.3891,1.2162]]],
[[[-92.3693,62.3693,3.5414],[-92.3708,62.3708,0.0],[-92.3828,62.3703,4.6524],[-92.3812,62.3688,3.5377],[-92.3693,62.3693,3.5414]]],
[[[-92.3547,62.3932,3.4823],[-92.3505,62.3922,2.8892],[-92.3484,62.3953,0.0],[-92.3583,62.4,0.0],[-92.362,62.3974,6.5745],[-92.362,62.3964,4.7779],[-92.3568,62.3953,2.1762],[-92.3547,62.3932,3.4823]]],
[[[-92.3422,62.3995,4.853],[-92.3437,62.4,2.8114],[-92.3453,62.3984,3.8527],[-92.3437,62.3979,1.299],[-92.3422,62.3995,4.853]]],
[[[-92.3255,62.4047,5.5297],[-92.3276,62.4078,1.5711],[-92.3417,62.4083,10.5471],[-92.3479,62.4125,2.4118],[-92.3599,62.4026,3.8311],[-92.35,62.4,5.4523],[-92.3417,62.4063,7.2521],[-92.3375,62.4042,1.0],[-92.3255,62.4047,5.5297]]],
[[[-92.6214,62.4141,0.0],[-92.6229,62.4146,0.0],[-92.6245,62.413,2.9661],[-92.6229,62.4125,2.1088],[-92.6214,62.4141,0.0]]],
[[[-92.2792,62.4208,2.3858],[-92.2708,62.4208,5.3955],[-92.2693,62.4224,1.9627],[-92.2771,62.4229,1.5167],[-92.2812,62.425,1.2899],[-92.3,62.425,2.0638],[-92.3016,62.4234,6.6729],[-92.2963,62.4214,4.059],[-92.3021,62.4208,6.5431],[-92.3083,62.425,7.721],[-92.3187,62.425,7.2516],[-92.3229,62.4229,5.21],[-92.3578,62.4224,0.0],[-92.35,62.4188,0.0],[-92.3437,62.4188,5.0459],[-92.3359,62.4161,3.0057],[-92.3307,62.4109,1.0],[-92.3229,62.4083,1.0],[-92.3047,62.4109,3.02],[-92.312,62.4151,0.9829],[-92.3104,62.4167,5.6226],[-92.3063,62.4167,5.6914],[-92.2958,62.4125,1.6532],[-92.2875,62.4125,3.5441],[-92.2833,62.4104,0.9835],[-92.2818,62.412,2.5777],[-92.2859,62.4161,0.3954],[-92.2911,62.4172,0.0],[-92.2932,62.4203,0.0],[-92.2854,62.4229,5.8759],[-92.2792,62.4208,2.3858]]],
[[[-92.5025,62.4411,4.726],[-92.5104,62.4396,3.8521],[-92.5182,62.4422,1.359],[-92.5229,62.4458,3.7475],[-92.5245,62.4453,2.5],[-92.5234,62.4422,2.5],[-92.5276,62.438,3.5066],[-92.5391,62.437,0.8246],[-92.538,62.4339,1.0187],[-92.5396,62.4333,1.0439],[-92.5437,62.4333,4.3336],[-92.5479,62.4354,0.8706],[-92.5557,62.4349,9.2089],[-92.5542,62.4333,0.0],[-92.5484,62.4328,15.3568],[-92.5463,62.4307,6.0172],[-92.5495,62.4276,0.0],[-92.5443,62.4214,8.2516],[-92.5516,62.4224,0.0],[-92.5547,62.4172,2.8415],[-92.5583,62.4146,1.2464],[-92.5625,62.4146,0.6564],[-92.5729,62.4188,0.6631],[-92.587,62.4193,7.2466],[-92.5839,62.4224,0.7155],[-92.5891,62.4234,0.0],[-92.588,62.4266,0.0],[-92.6021,62.4313,0.0],[-92.6208,62.4313,5.4639],[-92.625,62.4292,3.655],[-92.6312,62.4313,0.0],[-92.6391,62.4276,1.7336],[-92.6359,62.4245,9.2416],[-92.637,62.4214,0.9486],[-92.6292,62.4188,1.9253],[-92.6234,62.4193,0.0],[-92.6214,62.4214,10.5423],[-92.6224,62.4245,1.9852],[-92.6208,62.425,0.7814],[-92.6146,62.425,0.0],[-92.6005,62.4203,11.5068],[-92.5943,62.413,3.0321],[-92.5964,62.4109,2.3597],[-92.6036,62.4099,0.8922],[-92.6005,62.4057,8.6324],[-92.6016,62.4026,0.0],[-92.6005,62.4005,8.4963],[-92.6036,62.3984,0.0],[-92.5958,62.3917,0.0],[-92.5797,62.3922,0.0],[-92.5828,62.3964,0.6553],[-92.5813,62.3979,0.7286],[-92.5667,62.3937,0.0],[-92.5604,62.3937,0.0],[-92.5589,62.3953,6.2904],[-92.5641,62.3964,6.0921],[-92.5661,62.3995,9.8507],[-92.5563,62.4,10.6796],[-92.5484,62.3974,9.697],[-92.5495,62.3943,9.814],[-92.5437,62.3896,0.0],[-92.5359,62.3943,6.378],[-92.5411,62.4016,9.7907],[-92.5333,62.4042,10.0853],[-92.5292,62.4021,7.4591],[-92.5193,62.4016,5.2215],[-92.5208,62.4,5.2866],[-92.5307,62.3995,8.089],[-92.5328,62.3964,7.285],[-92.5307,62.3943,5.8738],[-92.5255,62.3932,8.2452],[-92.5224,62.3901,4.8623],[-92.5167,62.3896,0.3036],[-92.5151,62.3911,0.9337],[-92.5182,62.3953,4.1043],[-92.5104,62.4,0.0],[-92.5062,62.4,0.0],[-92.4958,62.3958,2.4326],[-92.4901,62.3964,4.5423],[-92.4953,62.3984,8.8129],[-92.4995,62.4026,7.3813],[-92.4938,62.4063,6.2487],[-92.4896,62.4042,0.0],[-92.4792,62.4042,1.0421],[-92.4646,62.4,4.5057],[-92.45,62.4021,0.0],[-92.4396,62.3979,0.0],[-92.4333,62.3979,0.0],[-92.4286,62.4016,8.7857],[-92.4229,62.4021,8.0],[-92.4213,62.4005,8.0],[-92.4266,62.3984,2.8589],[-92.4208,62.3979,4.9003],[-92.4167,62.4,6.5111],[-92.4151,62.3995,4.8236],[-92.4161,62.3964,5.0964],[-92.4146,62.3958,2.5094],[-92.3958,62.4021,0.0],[-92.3922,62.3984,0.0],[-92.3974,62.3943,0.0],[-92.3875,62.3896,0.0],[-92.3688,62.3896,0.0],[-92.3672,62.3901,0.0],[-92.3682,62.3932,4.6561],[-92.3651,62.3943,2.3607],[-92.3812,62.4,2.742],[-92.3891,62.4005,8.7717],[-92.3943,62.4057,0.0],[-92.3995,62.4068,4.3705],[-92.3974,62.412,0.0],[-92.3917,62.4104,0.0],[-92.388,62.413,7.7202],[-92.3943,62.4203,1.8502],[-92.4083,62.4208,7.1333],[-92.4099,62.4203,11.4213],[-92.4089,62.4172,8.3433],[-92.4125,62.4167,10.4814],[-92.4328,62.4234,3.4016],[-92.4396,62.4292,2.1243],[-92.4792,62.4313,-1.5],[-92.4833,62.4333,0.0],[-92.4911,62.4339,0.0],[-92.5025,62.4411,4.726]]],
[[[-92.3688,62.4229,4.8454],[-92.3651,62.4245,0.0],[-92.3828,62.4286,4.7457],[-92.3807,62.4255,1.7298],[-92.3688,62.4229,4.8454]]],
[[[-92.425,62.4292,2.6458],[-92.4208,62.4292,6.5817],[-92.4167,62.4271,0.0],[-92.4109,62.4276,0.0],[-92.4167,62.4333,3.6116],[-92.4307,62.4328,7.0608],[-92.4286,62.4297,0.6447],[-92.425,62.4292,2.6458]]],
[[[-92.6557,62.437,4.779],[-92.6578,62.4339,2.4629],[-92.6484,62.4318,0.52],[-92.6495,62.4349,1.8813],[-92.6484,62.437,2.9236],[-92.6557,62.437,4.779]]],
[[[-92.5312,62.4396,2.452],[-92.5276,62.4432,4.0912],[-92.5307,62.4432,4.7277],[-92.5328,62.4411,3.484],[-92.5312,62.4396,2.452]]],
[[[-92.5651,62.4453,1.1795],[-92.5667,62.4458,3.8769],[-92.5682,62.4443,1.2515],[-92.5667,62.4437,0.0],[-92.5651,62.4453,1.1795]]],
[[[-92.5354,62.4437,1.6599],[-92.5276,62.4464,1.9481],[-92.5276,62.4474,1.0095],[-92.5411,62.4495,2.3991],[-92.5354,62.4437,1.6599]]],
[[[-92.5896,62.4417,2.0493],[-92.5854,62.4396,1.1183],[-92.5797,62.4401,8.4606],[-92.5849,62.4422,4.4678],[-92.587,62.4453,0.5412],[-92.5776,62.4484,1.164],[-92.5787,62.4516,1.4294],[-92.5776,62.4536,3.8139],[-92.5797,62.4557,4.4668],[-92.5917,62.4562,3.4349],[-92.5953,62.4536,2.491],[-92.5943,62.4505,-1.0],[-92.5953,62.4484,3.396],[-92.5922,62.4453,0.0],[-92.5932,62.4422,1.0],[-92.5896,62.4417,2.0493]]],
[[[-92.5479,62.45,2.6964],[-92.5443,62.4505,5.9965],[-92.5443,62.4516,3.2509],[-92.5516,62.4516,3.0124],[-92.5479,62.45,2.6964]]],
[[[-92.5453,62.4672,5.6396],[-92.5625,62.475,4.4387],[-92.5745,62.4703,6.2014],[-92.5693,62.4682,7.0174],[-92.5703,62.4651,0.0],[-92.5651,62.463,5.2036],[-92.575,62.4625,5.7334],[-92.5813,62.4646,0.0],[-92.5828,62.463,2.6888],[-92.5792,62.4604,0.0],[-92.5625,62.4604,0.9046],[-92.5458,62.4542,0.0],[-92.5354,62.4542,0.0],[-92.5312,62.4562,0.0],[-92.5271,62.4542,0.0],[-92.5214,62.4547,2.8423],[-92.5234,62.4578,4.5134],[-92.5349,62.4609,5.6866],[-92.5401,62.4661,0.0],[-92.5453,62.4672,5.6396]]],
[[[-92.2037,62.4099,3.9059],[-92.2016,62.4068,2.1891],[-92.1922,62.4047,3.4188],[-92.1922,62.4078,2.3558],[-92.1963,62.412,0.0],[-92.2037,62.4099,3.9059]]],
[[[-92.1109,62.5286,7.2866],[-92.1141,62.5286,6.481],[-92.1141,62.5276,6.5749],[-92.1125,62.5271,7.5225],[-92.1109,62.5286,7.2866]]],
[[[-92.1182,62.5286,6.319],[-92.1172,62.5307,0.0],[-92.1245,62.5307,0.0],[-92.1208,62.5271,4.3359],[-92.1182,62.5286,6.319]]],
[[[-92.0521,62.5292,1.3682],[-92.0484,62.5307,4.7192],[-92.0578,62.5307,3.0157],[-92.0563,62.5292,0.7056],[-92.0521,62.5292,1.3682]]],
[[[-92.4437,62.475,0.0],[-92.4521,62.475,0.0],[-92.4563,62.4771,2.8892],[-92.4703,62.4786,2.935],[-92.462,62.4693,0.0],[-92.4479,62.4646,2.9079],[-92.4417,62.4646,4.3465],[-92.4354,62.4688,6.2398],[-92.425,62.4646,3.4279],[-92.4208,62.4667,3.5498],[-92.413,62.4651,3.5555],[-92.4151,62.4682,1.3473],[-92.4203,62.4693,3.3246],[-92.425,62.4729,1.7554],[-92.4375,62.4729,6.6951],[-92.4437,62.475,0.0]]],
[[[-92.6568,62.4745,6.0764],[-92.6583,62.475,3.2367],[-92.6599,62.4734,15.6533],[-92.6568,62.4734,12.511],[-92.6568,62.4745,6.0764]]],
[[[-92.4078,62.4839,0.1189],[-92.425,62.4917,0.0],[-92.4396,62.4917,8.1641],[-92.4432,62.4891,8.197],[-92.4328,62.4776,0.0],[-92.425,62.475,0.0],[-92.4104,62.475,0.0],[-92.4062,62.4771,1.8311],[-92.4005,62.4755,1.48],[-92.4078,62.4839,0.1189]]],
[[[-92.5526,62.4891,0.0],[-92.5542,62.4896,0.0],[-92.5557,62.488,0.0],[-92.5542,62.4875,0.0],[-92.5526,62.4891,0.0]]],
[[[-92.4146,62.4979,4.0142],[-92.4193,62.5016,0.0],[-92.4333,62.5062,4.6955],[-92.4453,62.5057,0.0753],[-92.4391,62.4984,0.0],[-92.4026,62.4891,3.3645],[-92.3979,62.4833,0.0],[-92.3901,62.4839,0.7773],[-92.3964,62.4911,0.7484],[-92.4016,62.4922,1.5634],[-92.4047,62.4953,0.3016],[-92.4146,62.4979,4.0142]]],
[[[-92.5693,62.5016,5.2541],[-92.5708,62.5021,4.4635],[-92.5724,62.5005,3.0566],[-92.5693,62.5005,3.149],[-92.5693,62.5016,5.2541]]],
[[[-92.5609,62.5224,8.5386],[-92.5641,62.5224,14.1097],[-92.5641,62.5214,14.9646],[-92.5625,62.5208,9.7505],[-92.5609,62.5224,8.5386]]],
[[[-92.3682,62.5297,0.0],[-92.3729,62.5313,0.0],[-92.3807,62.5276,0.8],[-92.3688,62.5271,2.8769],[-92.3672,62.5276,2.8769],[-92.3682,62.5297,0.0]]],
[[[-92.075,62.5271,0.0],[-92.0693,62.5276,0.6076],[-92.0672,62.5307,3.2151],[-92.0854,62.5333,4.9762],[-92.0891,62.5307,0.0],[-92.0875,62.5292,0.0],[-92.0813,62.5292,1.6129],[-92.075,62.5271,0.0]]],
[[[-91.9838,62.5474,7.7035],[-91.9854,62.5479,9.8518],[-91.987,62.5464,9.8138],[-91.9854,62.5458,6.9666],[-91.9838,62.5474,7.7035]]],
[[[-91.9339,62.562,7.0691],[-91.937,62.562,5.747],[-91.937,62.5609,4.7548],[-91.9354,62.5604,3.4496],[-91.9339,62.562,7.0691]]],
[[[-92.2318,62.5661,2.809],[-92.2333,62.5667,4.5087],[-92.2349,62.5651,1.6446],[-92.2318,62.5651,6.8858],[-92.2318,62.5661,2.809]]],
[[[-92.3172,62.537,2.7681],[-92.3187,62.5375,0.9427],[-92.3203,62.5359,1.3261],[-92.3172,62.5359,2.1182],[-92.3172,62.537,2.7681]]],
[[[-92.3557,62.5339,0.0],[-92.3505,62.5339,0.0],[-92.3464,62.5391,0.0],[-92.3542,62.5417,4.395],[-92.3661,62.5411,0.0],[-92.3651,62.538,0.0],[-92.3661,62.5359,0.0],[-92.3583,62.5354,0.0],[-92.3557,62.5339,0.0]]],
[[[-92.2588,62.562,6.0669],[-92.262,62.562,10.4214],[-92.262,62.5609,7.3502],[-92.2604,62.5604,3.1982],[-92.2588,62.562,6.0669]]],
[[[-92.5641,62.5661,0.0],[-92.5609,62.5703,0.0],[-92.5807,62.5724,4.9112],[-92.5766,62.5672,2.7095],[-92.5687,62.5646,2.8153],[-92.5641,62.5661,0.0]]],
[[[-91.9297,62.5828,4.5141],[-91.9328,62.5828,8.1025],[-91.9328,62.5818,8.6448],[-91.9313,62.5812,7.2586],[-91.9297,62.5828,4.5141]]],
[[[-92.175,62.5896,19.548],[-92.1786,62.5922,8.8748],[-92.1776,62.5953,12.6144],[-92.1854,62.5958,16.3569],[-92.1896,62.5979,10.3748],[-92.1953,62.5974,24.3682],[-92.1932,62.5943,4.8516],[-92.188,62.5932,7.73],[-92.1859,62.5911,6.3379],[-92.1891,62.5891,7.1399],[-92.1875,62.5875,4.8802],[-92.1792,62.5875,13.9195],[-92.1745,62.5839,4.7532],[-92.1667,62.5833,10.5172],[-92.1625,62.5812,6.6769],[-92.1547,62.5839,7.6671],[-92.1625,62.5875,12.3244],[-92.1687,62.5875,18.6118],[-92.175,62.5896,19.548]]],
[[[-91.937,62.5953,9.4875],[-91.9354,62.5938,7.5215],[-91.9318,62.5943,9.9796],[-91.9333,62.5958,10.4685],[-91.937,62.5953,9.4875]]],
[[[-91.9458,62.5958,4.6381],[-91.9417,62.5958,9.2567],[-91.9401,62.5974,10.3253],[-91.9474,62.5974,5.4715],[-91.9458,62.5958,4.6381]]],
[[[-92.1526,62.6766,5.7075],[-92.1542,62.6771,4.1545],[-92.1557,62.6755,0.0],[-92.1542,62.675,0.0],[-92.1526,62.6766,5.7075]]],
[[[-92.1412,62.6786,0.0],[-92.1396,62.6771,0.0],[-92.1359,62.6776,0.0],[-92.1375,62.6792,2.7147],[-92.1412,62.6786,0.0]]],
[[[-92.2286,62.6901,16.9706],[-92.2312,62.6917,3.7053],[-92.2479,62.6917,5.9543],[-92.2536,62.6932,5.0124],[-92.2474,62.6859,12.5868],[-92.2333,62.6813,5.4654],[-92.2292,62.6813,10.1953],[-92.225,62.6833,4.7698],[-92.2146,62.6833,11.2254],[-92.2068,62.6807,6.6067],[-92.2078,62.6776,2.7326],[-92.2063,62.6771,4.3634],[-92.1792,62.6771,0.0],[-92.175,62.6792,7.4048],[-92.1708,62.6771,0.0],[-92.1589,62.6776,8.6372],[-92.1667,62.6813,0.0],[-92.1786,62.6839,5.6758],[-92.1839,62.6891,7.8956],[-92.1896,62.6875,16.5303],[-92.1958,62.6917,6.6197],[-92.1995,62.688,0.0],[-92.1943,62.687,0.0],[-92.1901,62.6818,3.3486],[-92.1979,62.6833,0.0],[-92.2021,62.6813,6.8116],[-92.2099,62.6839,2.2593],[-92.2167,62.6896,0.0],[-92.2286,62.6901,16.9706]]],
[[[-91.9109,62.6891,0.0],[-91.9125,62.6896,0.0],[-91.9141,62.688,0.0],[-91.9109,62.688,0.0],[-91.9109,62.6891,0.0]]],
[[[-92.1667,62.6875,0.0],[-92.1625,62.6875,0.0],[-92.1609,62.6891,0.0],[-92.1682,62.6891,0.0],[-92.1667,62.6875,0.0]]],
[[[-91.8859,62.6974,0.0],[-91.8891,62.6943,0.0],[-91.8854,62.6937,0.0],[-91.8818,62.6964,0.0],[-91.8828,62.6995,0.0],[-91.8818,62.7016,0.0],[-91.8854,62.7042,0.0],[-91.8912,62.6995,0.0],[-91.8859,62.6974,0.0]]],
[[[-91.8755,62.7099,0.0],[-91.8786,62.7099,0.0],[-91.8786,62.7089,0.0],[-91.8755,62.7089,0.0],[-91.8755,62.7099,0.0]]],
[[[-91.8505,62.7224,0.0],[-91.8521,62.7229,0.0],[-91.8536,62.7214,0.0],[-91.8505,62.7214,0.0],[-91.8505,62.7224,0.0]]],
[[[-92.2963,62.7036,1.9721],[-92.2979,62.7042,2.307],[-92.2995,62.7026,4.9271],[-92.2979,62.7021,5.3287],[-92.2963,62.7036,1.9721]]],
[[[-92.3109,62.7182,8.6836],[-92.313,62.7203,0.0],[-92.3161,62.7203,6.2413],[-92.3141,62.7172,3.8598],[-92.3109,62.7182,8.6836]]],
[[[-92.3026,62.7245,0.0],[-92.3078,62.7297,5.1087],[-92.3068,62.7328,0.0],[-92.3187,62.7354,6.4047],[-92.3224,62.7328,1.8001],[-92.3161,62.7234,0.0],[-92.3063,62.7208,2.2006],[-92.3026,62.7245,0.0]]],
[[[-92.3375,62.7333,1.8341],[-92.3313,62.7333,0.0],[-92.3297,62.7349,0.6023],[-92.3396,62.7375,1.4022],[-92.3432,62.7349,2.3824],[-92.3417,62.7333,0.0],[-92.3375,62.7333,1.8341]]],
[[[-92.1464,62.7411,0.0],[-92.1547,62.7453,0.0],[-92.1625,62.7458,0.0],[-92.1667,62.7479,7.2715],[-92.1708,62.7479,5.9523],[-92.1766,62.7453,17.5264],[-92.1729,62.7417,0.0],[-92.1604,62.7417,5.7574],[-92.1562,62.7396,0.0],[-92.1479,62.7396,0.0],[-92.1464,62.7411,0.0]]],
[[[-91.8943,62.7536,0.0],[-91.8958,62.7542,0.0],[-91.8974,62.7526,0.0],[-91.8943,62.7526,0.0],[-91.8943,62.7536,0.0]]],
[[[-91.9542,62.7521,0.0],[-91.9526,62.7536,0.0],[-91.9563,62.7562,0.0],[-91.9599,62.7536,0.0],[-91.9583,62.7521,0.0],[-91.9542,62.7521,0.0]]],
[[[-91.9745,62.7578,0.0],[-91.9729,62.7562,0.0],[-91.9693,62.7568,0.0],[-91.9708,62.7583,0.0],[-91.9745,62.7578,0.0]]],
[[[-91.9542,62.7625,0.0],[-91.9526,62.7641,0.0],[-91.9547,62.7661,0.0],[-91.9578,62.7661,0.0],[-91.9557,62.763,0.0],[-91.9542,62.7625,0.0]]],
[[[-92.0312,62.7667,0.0],[-92.025,62.7646,0.0],[-92.0214,62.7682,0.0],[-92.0292,62.7708,0.0],[-92.037,62.7682,0.0],[-92.0354,62.7667,0.0],[-92.0312,62.7667,0.0]]],
[[[-92.1172,62.7703,0.0],[-92.1271,62.7708,8.248],[-92.1391,62.7745,0.0],[-92.1312,62.7667,0.0],[-92.1229,62.7667,7.5117],[-92.1172,62.7703,0.0]]],
[[[-91.9458,62.7729,0.0],[-91.9422,62.7766,0.0],[-91.9453,62.7766,0.0],[-91.9474,62.7745,0.0],[-91.9458,62.7729,0.0]]],
[[[-92.2818,62.7641,0.0],[-92.2849,62.7641,0.0],[-92.2849,62.763,0.0],[-92.2818,62.763,0.0],[-92.2818,62.7641,0.0]]],
[[[-92.3297,62.7682,0.0],[-92.3328,62.7682,0.0],[-92.3328,62.7672,0.0],[-92.3297,62.7672,0.0],[-92.3297,62.7682,0.0]]],
[[[-92.425,62.7729,16.3115],[-92.4234,62.7745,16.0679],[-92.4271,62.7771,17.1393],[-92.4307,62.7745,16.7714],[-92.4292,62.7729,17.1596],[-92.425,62.7729,16.3115]]],
[[[-92.2542,62.7979,0.0],[-92.2599,62.7953,0.0],[-92.2641,62.7901,0.0],[-92.2542,62.7896,0.0],[-92.2484,62.7922,0.0],[-92.2495,62.7953,0.0],[-92.2484,62.7974,0.0],[-92.2542,62.7979,0.0]]],
[[[-92.1813,62.7792,0.0],[-92.1891,62.7786,0.0],[-92.188,62.7755,0.0],[-92.1891,62.7734,0.0],[-92.1859,62.7734,0.0],[-92.1797,62.7776,0.0],[-92.1813,62.7792,0.0]]],
[[[-92.1974,62.7786,0.0],[-92.1963,62.7807,0.0],[-92.2037,62.7807,0.0],[-92.2,62.7771,0.0],[-92.1974,62.7786,0.0]]],
[[[-92.2172,62.7828,0.0],[-92.2187,62.7833,0.0],[-92.2203,62.7818,0.0],[-92.2172,62.7818,0.0],[-92.2172,62.7828,0.0]]],
[[[-92.2375,62.7958,0.0],[-92.2411,62.7953,0.0],[-92.2401,62.7922,0.0],[-92.2432,62.788,0.0],[-92.2318,62.788,0.0],[-92.2328,62.7911,0.0],[-92.2318,62.7932,0.0],[-92.2338,62.7953,0.0],[-92.2375,62.7958,0.0]]],
[[[-91.5724,62.5974,2.0269],[-91.5708,62.5958,0.0],[-91.5672,62.5964,1.6317],[-91.5687,62.5979,1.7353],[-91.5724,62.5974,2.0269]]],
[[[-91.6693,62.5932,2.1586],[-91.6745,62.5943,2.2865],[-91.6776,62.5995,1.755],[-91.6875,62.6021,2.4361],[-91.6932,62.6016,1.972],[-91.6911,62.5984,1.6443],[-91.6859,62.5974,1.7498],[-91.6828,62.5943,2.1636],[-91.675,62.5917,2.148],[-91.6708,62.5917,1.8911],[-91.6693,62.5932,2.1586]]],
[[[-91.6729,62.6,1.3735],[-91.6687,62.6,1.9767],[-91.6672,62.6016,1.9752],[-91.6745,62.6016,1.7441],[-91.6729,62.6,1.3735]]],
[[[-91.575,62.6021,1.5171],[-91.5708,62.6021,3.1947],[-91.5693,62.6036,2.5201],[-91.5766,62.6036,2.0914],[-91.575,62.6021,1.5171]]],
[[[-91.6818,62.6036,0.0],[-91.6849,62.6036,0.0],[-91.6849,62.6026,2.209],[-91.6818,62.6026,2.6928],[-91.6818,62.6036,0.0]]],
[[[-91.6896,62.6083,2.4117],[-91.6854,62.6083,2.0622],[-91.6839,62.6099,2.2657],[-91.6911,62.6099,2.2942],[-91.6896,62.6083,2.4117]]],
[[[-91.7583,62.6208,3.6023],[-91.7667,62.6208,3.0987],[-91.7682,62.6193,1.8671],[-91.7646,62.6146,0.0],[-91.7583,62.6146,0.0],[-91.7505,62.6172,3.2281],[-91.7526,62.6203,4.9631],[-91.7583,62.6208,3.6023]]],
[[[-91.6766,62.6141,0.0],[-91.6755,62.6161,0.0],[-91.6818,62.6224,3.0977],[-91.6911,62.6245,0.0],[-91.6839,62.6161,2.6007],[-91.687,62.613,2.0292],[-91.6771,62.6104,0.0],[-91.6755,62.6109,0.0],[-91.6766,62.6141,0.0]]],
[[[-91.7167,62.6146,1.7808],[-91.7125,62.6146,2.5623],[-91.7109,62.6161,2.0253],[-91.7151,62.6203,0.0],[-91.7203,62.6214,0.0],[-91.7193,62.6245,0.955],[-91.7349,62.6224,1.5253],[-91.7312,62.6188,3.1564],[-91.7271,62.6208,8.0224],[-91.7193,62.6182,2.4698],[-91.7245,62.6151,0.0],[-91.7167,62.6146,1.7808]]],
[[[-91.7089,62.6224,1.0305],[-91.712,62.6224,0.0],[-91.712,62.6214,3.3303],[-91.7104,62.6208,2.8342],[-91.7089,62.6224,1.0305]]],
[[[-91.7292,62.6354,1.3162],[-91.7255,62.637,2.0545],[-91.7349,62.637,2.8854],[-91.7333,62.6354,1.7975],[-91.7292,62.6354,1.3162]]],
[[[-91.8734,62.6391,6.8085],[-91.8755,62.6411,0.0],[-91.8786,62.6411,0.0],[-91.8745,62.6359,0.0],[-91.8714,62.6359,0.0],[-91.8734,62.6391,6.8085]]],
[[[-91.575,62.6063,2.2105],[-91.5708,62.6063,2.5292],[-91.5693,62.6078,3.5772],[-91.5766,62.6078,2.612],[-91.575,62.6063,2.2105]]],
[[[-91.6068,62.6307,0.0],[-91.6266,62.6318,0.0],[-91.6396,62.6458,0.0],[-91.6432,62.6453,0.0],[-91.6422,62.6422,1.1156],[-91.6474,62.6411,0.0],[-91.6495,62.6391,1.0705],[-91.6464,62.6318,2.6595],[-91.6495,62.6276,14.9309],[-91.6474,62.6255,1.8742],[-91.6422,62.6245,7.265],[-91.6432,62.6214,0.0],[-91.625,62.6167,0.0],[-91.6188,62.6167,4.7758],[-91.6141,62.613,0.0],[-91.6062,62.6104,0.0],[-91.6,62.6125,2.6001],[-91.5896,62.6083,0.0],[-91.5797,62.6089,5.5196],[-91.5849,62.6109,2.9233],[-91.5839,62.6141,0.0],[-91.5911,62.613,1.9543],[-91.5953,62.6172,3.5714],[-91.5943,62.6203,1.8143],[-91.6016,62.6193,2.6797],[-91.6057,62.6234,3.208],[-91.6026,62.6266,1.2995],[-91.6099,62.6276,2.7272],[-91.6068,62.6307,0.0]]],
[[[-91.6596,62.6377,3.8916],[-91.6641,62.6391,1.4832],[-91.6599,62.6339,0.0],[-91.6568,62.6339,1.7944],[-91.6568,62.6349,2.0942],[-91.6596,62.6377,3.8916]]],
[[[-91.6557,62.6495,3.7341],[-91.6479,62.6458,0.0],[-91.6443,62.6464,0.0],[-91.6479,62.65,0.0],[-91.6557,62.6495,3.7341]]],
[[[-91.7312,62.6396,0.0],[-91.7297,62.6411,0.0],[-91.7318,62.6432,0.0],[-91.7458,62.6479,1.1894],[-91.7599,62.6453,2.3429],[-91.7521,62.6417,0.0],[-91.7458,62.6417,0.0],[-91.7417,62.6396,0.0],[-91.7312,62.6396,0.0]]],
[[[-91.9146,62.6479,1.7738],[-91.9161,62.6464,1.7188],[-91.913,62.6464,2.6096],[-91.913,62.6474,2.6108],[-91.9146,62.6479,1.7738]]],
[[[-91.8859,62.6432,0.0],[-91.887,62.6453,0.0],[-91.8838,62.6495,3.4656],[-91.8917,62.65,4.1569],[-91.8979,62.6542,1.7232],[-91.9036,62.6536,3.2857],[-91.9099,62.6495,4.7649],[-91.9026,62.6453,3.2363],[-91.9036,62.6422,4.3455],[-91.8958,62.6396,4.2958],[-91.8859,62.6432,0.0]]],
[[[-92.0359,62.6536,0.0],[-92.0391,62.6536,0.0],[-92.0396,62.6521,1.1892],[-92.0359,62.6526,0.0],[-92.0359,62.6536,0.0]]],
[[[-91.7525,62.6548,12.3562],[-91.7536,62.6526,2.785],[-91.7443,62.6505,0.0],[-91.7484,62.6557,3.2147],[-91.7525,62.6548,12.3562]]],
[[[-91.9516,62.6599,1.1286],[-91.95,62.6583,2.208],[-91.9463,62.6589,0.0],[-91.9479,62.6604,0.0],[-91.9516,62.6599,1.1286]]],
[[[-91.9563,62.6604,2.0485],[-91.9526,62.6609,0.0],[-91.9526,62.662,0.0],[-91.9578,62.662,0.0],[-91.9563,62.6604,2.0485]]],
[[[-91.9714,62.6661,0.0],[-91.9745,62.6661,3.3631],[-91.9745,62.6651,4.0075],[-91.9714,62.6651,1.5196],[-91.9714,62.6661,0.0]]],
[[[-91.1505,62.6964,0.0],[-91.1687,62.7021,0.0],[-91.1979,62.7021,1.8447],[-91.2021,62.7,0.0],[-91.2063,62.7,0.0],[-91.2104,62.7021,0.0],[-91.2146,62.7021,0.0],[-91.2208,62.7,0.0],[-91.225,62.7021,0.0],[-91.2266,62.7005,1.6896],[-91.2234,62.6974,0.0],[-91.2245,62.6943,0.0],[-91.2193,62.6922,0.0],[-91.2271,62.6917,2.7061],[-91.2312,62.6937,0.0],[-91.2354,62.6917,6.4145],[-91.2396,62.6917,8.0763],[-91.2438,62.6937,0.0],[-91.2479,62.6937,0.0],[-91.2536,62.6911,13.262],[-91.2557,62.6891,7.1416],[-91.2547,62.6859,2.1729],[-91.2599,62.6818,0.0],[-91.2557,62.6776,0.0],[-91.2417,62.6729,0.0],[-91.2271,62.6729,0.0],[-91.2229,62.675,4.2824],[-91.2187,62.6729,0.0],[-91.2146,62.6771,0.0],[-91.2042,62.6729,0.0],[-91.2026,62.6745,2.6527],[-91.2057,62.6776,0.0],[-91.2042,62.6792,0.0],[-91.1995,62.6755,0.0],[-91.1792,62.6688,0.0],[-91.1646,62.6667,0.0],[-91.1604,62.6646,0.0],[-91.1542,62.6646,0.0],[-91.15,62.6625,0.0],[-91.1396,62.6625,0.0],[-91.1271,62.6583,0.0],[-91.1208,62.6583,0.0],[-91.0917,62.6479,0.0],[-91.0875,62.65,0.0],[-91.0813,62.65,0.0],[-91.0771,62.6479,0.0],[-91.0729,62.65,3.4384],[-91.0646,62.65,6.7778],[-91.0583,62.6479,0.0],[-91.0542,62.65,0.0],[-91.0312,62.65,0.0],[-91.0271,62.6479,0.0],[-91.0125,62.6542,0.0],[-91.0083,62.6542,0.0],[-91.0042,62.6521,0.0],[-90.9938,62.6521,8.5351],[-90.9896,62.65,0.0],[-90.9854,62.6521,5.412],[-90.9708,62.65,0.0],[-90.9667,62.6521,0.0],[-90.9563,62.6521,8.8605],[-90.9521,62.65,0.0],[-90.9479,62.65,0.0],[-90.9443,62.6526,0.0],[-90.9495,62.6547,12.8192],[-90.9463,62.6568,0.0],[-90.9479,62.6583,0.0],[-90.9646,62.6583,0.0],[-90.9687,62.6604,0.0],[-90.9729,62.6583,7.6092],[-90.9792,62.6583,7.2997],[-90.9818,62.662,0.0],[-90.9891,62.663,0.0],[-90.9917,62.6667,0.0],[-91.0099,62.6672,0.0],[-91.012,62.6693,0.0],[-91.0109,62.6724,0.0],[-91.0162,62.6734,0.0],[-91.0214,62.6786,0.0],[-91.0292,62.6813,6.0085],[-91.0333,62.6813,5.2246],[-91.0349,62.6797,0.0],[-91.0307,62.6755,0.0],[-91.0255,62.6734,0.0],[-91.0312,62.6729,9.9488],[-91.0437,62.6771,0.0],[-91.0479,62.675,0.0],[-91.0516,62.6776,4.0368],[-91.0484,62.6807,0.0],[-91.0583,62.6833,0.0],[-91.0687,62.6833,11.5416],[-91.0833,62.6875,0.0],[-91.0875,62.6854,12.1842],[-91.0979,62.6854,11.7264],[-91.1021,62.6875,0.0],[-91.1062,62.6854,11.0767],[-91.1099,62.6891,0.0],[-91.1021,62.6896,0.0],[-91.1,62.6917,0.0],[-91.1062,62.6979,0.0],[-91.1193,62.6922,3.8967],[-91.1266,62.6911,0.0],[-91.1255,62.688,0.0],[-91.1333,62.6854,0.0],[-91.1412,62.6859,0.0],[-91.1359,62.6901,0.0],[-91.138,62.6932,0.0],[-91.1432,62.6943,5.3985],[-91.1479,62.6979,0.0],[-91.1505,62.6964,0.0]]],
[[[-91.2297,62.7141,0.0],[-91.2328,62.7141,0.0],[-91.2328,62.713,0.0],[-91.2312,62.7125,0.0],[-91.2297,62.7141,0.0]]],
[[[-91.2526,62.7141,0.0],[-91.2557,62.7141,0.0],[-91.2557,62.713,0.0],[-91.2542,62.7125,0.0],[-91.2526,62.7141,0.0]]],
[[[-91.2417,62.8,0.0],[-91.2333,62.8,9.7185],[-91.2318,62.8016,7.7415],[-91.2417,62.8063,11.4806],[-91.2474,62.8057,17.3632],[-91.2417,62.8,0.0]]],
[[[-91.3505,62.8078,2.5586],[-91.3536,62.8078,2.9259],[-91.3536,62.8068,0.0],[-91.3521,62.8063,2.4619],[-91.3505,62.8078,2.5586]]],
[[[-91.2609,62.8432,2.209],[-91.2641,62.8432,0.0],[-91.2641,62.8422,0.0],[-91.2625,62.8417,0.0],[-91.2609,62.8432,2.209]]],
[[[-91.1026,62.8453,0.0],[-91.1042,62.8458,0.0],[-91.1057,62.8443,0.0],[-91.1026,62.8443,0.0],[-91.1026,62.8453,0.0]]],
[[[-91.1797,62.8703,0.0],[-91.1828,62.8703,5.2905],[-91.1828,62.8693,5.3761],[-91.1813,62.8688,0.0],[-91.1797,62.8703,0.0]]],
[[[-90.8172,62.9036,0.0],[-90.8208,62.9063,0.0],[-90.8245,62.9026,1.9246],[-90.8208,62.9,0.0],[-90.8172,62.9036,0.0]]],
[[[-91.0672,62.9078,4.9189],[-91.0729,62.9083,5.3414],[-91.0729,62.9063,5.5746],[-91.0687,62.9063,2.4763],[-91.0672,62.9078,4.9189]]],
[[[-90.8328,62.9224,3.4487],[-90.8313,62.9208,1.8269],[-90.8297,62.9214,2.1273],[-90.8302,62.9226,3.4267],[-90.8328,62.9224,3.4487]]],
[[[-90.8229,62.9271,3.3164],[-90.8354,62.9271,6.3122],[-90.837,62.9255,3.7309],[-90.8193,62.9255,2.5201],[-90.8229,62.9271,3.3164]]],
[[[-90.8818,62.9349,5.9482],[-90.8849,62.9349,6.0866],[-90.8849,62.9339,6.2162],[-90.8833,62.9333,5.7266],[-90.8818,62.9349,5.9482]]],
[[[-90.7922,62.9411,5.2592],[-90.7937,62.9417,4.2623],[-90.7953,62.9401,4.1183],[-90.7922,62.9401,4.5884],[-90.7922,62.9411,5.2592]]],
[[[-90.6943,63.0057,1.5],[-90.6958,63.0062,1.5],[-90.6974,63.0047,1.5],[-90.6958,63.0042,2.3846],[-90.6943,63.0057,1.5]]],
[[[-90.6599,63.0877,9.5192],[-90.6521,63.0896,4.0749],[-90.6479,63.0875,2.0],[-90.6458,63.0896,5.2141],[-90.6484,63.0932,2.6506],[-90.6562,63.0938,5.975],[-90.662,63.0891,8.0],[-90.6599,63.0877,9.5192]]],
[[[-90.6651,63.1005,5.5],[-90.6672,63.1036,3.74],[-90.6724,63.1036,10.2219],[-90.6703,63.1005,8.0],[-90.6651,63.1005,5.5]]],
[[[-90.6734,63.1297,0.0],[-90.6771,63.1312,0.0],[-90.6807,63.1276,6.205],[-90.6771,63.125,3.5],[-90.6755,63.1255,3.7634],[-90.6766,63.1286,0.0],[-90.6734,63.1297,0.0]]],
[[[-90.6359,63.1599,0.0],[-90.6375,63.1604,2.1309],[-90.6391,63.1589,3.5],[-90.6359,63.1589,2.453],[-90.6359,63.1599,0.0]]],
[[[-90.663,63.1682,4.8042],[-90.6646,63.1688,6.0],[-90.6661,63.1672,4.5],[-90.6646,63.1667,4.7657],[-90.663,63.1682,4.8042]]],
[[[-90.6484,63.1786,0.0],[-90.6604,63.1792,3.1472],[-90.662,63.1776,4.6798],[-90.65,63.1771,0.0],[-90.6484,63.1786,0.0]]],
[[[-90.7,63.1958,2.9389],[-90.6958,63.1958,0.0],[-90.6943,63.1974,2.7093],[-90.7016,63.1974,4.5],[-90.7,63.1958,2.9389]]],
[[[-90.5516,63.2443,2.3464],[-90.5536,63.2474,1.9739],[-90.5484,63.2505,0.0],[-90.5495,63.2536,0.0],[-90.5443,63.2568,1.117],[-90.5401,63.262,0.0],[-90.5536,63.262,0.0],[-90.5526,63.2589,0.0],[-90.5578,63.2578,0.0],[-90.5625,63.2542,0.0],[-90.5703,63.2557,0.0],[-90.5589,63.2432,3.7454],[-90.562,63.2401,0.0],[-90.5516,63.2297,0.0],[-90.5396,63.2292,3.081],[-90.5359,63.2318,0.8589],[-90.5411,63.2339,1.616],[-90.5516,63.2443,2.3464]]],
[[[-90.6443,63.2734,0.0],[-90.6422,63.2755,0.0],[-90.6422,63.2786,0.0],[-90.6464,63.2828,3.0733],[-90.6542,63.2854,3.3509],[-90.6703,63.2786,1.9458],[-90.6625,63.275,0.0],[-90.65,63.275,1.4065],[-90.6443,63.2734,0.0]]],
[[[-90.7255,63.2776,0.0],[-90.7276,63.2807,3.0547],[-90.7328,63.2807,7.6601],[-90.7307,63.2776,0.0],[-90.7255,63.2776,0.0]]],
[[[-90.6734,63.2797,4.1104],[-90.6776,63.287,0.0],[-90.6875,63.2896,0.0],[-90.6932,63.2891,0.0],[-90.6953,63.287,0.0],[-90.6943,63.2839,5.3893],[-90.6974,63.2828,8.3111],[-90.6896,63.2792,0.0],[-90.6813,63.2792,5.0447],[-90.6771,63.2771,0.0],[-90.6734,63.2797,4.1104]]],
[[[-90.7,63.2979,0.0],[-90.6943,63.2984,0.0],[-90.6953,63.3057,0.0],[-90.6922,63.3078,0.0],[-90.7083,63.3063,6.3249],[-90.7125,63.3083,0.0],[-90.7161,63.3078,0.0],[-90.7078,63.2984,0.0],[-90.7,63.2979,0.0]]],
[[[-90.7271,63.3021,3.0525],[-90.7193,63.3005,4.3261],[-90.7214,63.3036,1.654],[-90.7292,63.3063,0.0],[-90.7354,63.3063,4.5],[-90.7391,63.3036,0.0],[-90.7375,63.3021,0.0],[-90.7271,63.3021,3.0525]]],
[[[-90.7396,63.3604,0.0],[-90.738,63.362,0.0],[-90.7417,63.3625,0.0],[-90.7417,63.3604,2.9779],[-90.7396,63.3604,0.0]]],
[[[-90.5292,63.3542,1.5309],[-90.5208,63.3542,2.3553],[-90.5172,63.3578,3.1662],[-90.5224,63.3589,2.6701],[-90.5297,63.3682,0.7844],[-90.5349,63.3682,1.3829],[-90.5453,63.3599,5.7809],[-90.5432,63.3568,0.0],[-90.5354,63.3542,0.0],[-90.5292,63.3542,1.5309]]],
[[[-90.6188,63.3937,4.465],[-90.6245,63.3943,5.4402],[-90.6297,63.3995,3.3851],[-90.6391,63.4016,7.1306],[-90.6349,63.3964,3.6459],[-90.6297,63.3953,2.2741],[-90.6307,63.3922,0.0],[-90.6286,63.388,0.0],[-90.6208,63.3875,2.2423],[-90.6167,63.3896,9.0224],[-90.6068,63.3901,0.0],[-90.6104,63.3937,1.7224],[-90.6188,63.3937,4.465]]],
[[[-90.5833,63.45,1.7821],[-90.5937,63.45,2.3314],[-90.5953,63.4484,0.0],[-90.5917,63.4458,1.9228],[-90.5797,63.4464,0.0],[-90.5833,63.45,1.7821]]],
[[[-91.0505,63.4661,0.0],[-91.0536,63.4661,0.0],[-91.0536,63.4651,0.0],[-91.0521,63.4646,0.0],[-91.0505,63.4661,0.0]]],
[[[-90.6234,63.4786,4.2093],[-90.6266,63.4786,6.2676],[-90.6266,63.4776,2.1836],[-90.6234,63.4776,1.5422],[-90.6234,63.4786,4.2093]]],
[[[-91.3609,63.4891,0.0],[-91.3625,63.4896,0.0],[-91.3641,63.488,1.8824],[-91.3625,63.4875,5.3635],[-91.3609,63.4891,0.0]]],
[[[-91.0167,63.5021,4.2607],[-91.0208,63.5042,1.6564],[-91.0333,63.5042,6.4595],[-91.0375,63.5062,0.0],[-91.0391,63.5057,1.9602],[-91.038,63.5026,2.3574],[-91.0437,63.5,0.0],[-91.0542,63.5042,0.0],[-91.0604,63.5042,0.0],[-91.0667,63.5,10.0769],[-91.0771,63.5021,0.0],[-91.0813,63.5,1.5658],[-91.0937,63.5,0.0],[-91.0974,63.4964,0.0],[-91.0859,63.4932,0.0],[-91.0839,63.4911,2.8985],[-91.0849,63.488,13.362],[-91.0807,63.4839,0.0],[-91.0729,63.4813,0.0],[-91.063,63.4807,8.167],[-91.0661,63.4786,0.0],[-91.0646,63.4771,0.0],[-91.0583,63.4792,3.1912],[-91.0479,63.475,0.0],[-91.0437,63.4771,4.5677],[-91.0312,63.4729,0.0],[-91.0271,63.475,2.7546],[-91.0229,63.4729,0.0],[-91.0167,63.475,13.5343],[-91.0125,63.4729,0.0],[-91.0083,63.475,0.0],[-91.0,63.475,0.0],[-90.9958,63.4771,4.5952],[-90.9818,63.4776,0.0],[-90.988,63.4849,1.8884],[-90.9932,63.487,1.2855],[-90.9838,63.488,4.9434],[-90.9849,63.4911,0.0],[-90.9818,63.4932,4.277],[-90.987,63.4932,5.5042],[-90.9917,63.4896,4.8353],[-90.9964,63.4932,1.2152],[-91.0016,63.4943,0.8792],[-91.0057,63.4984,0.0],[-91.0047,63.5016,0.0],[-91.0167,63.5021,4.2607]]],
[[[-90.5651,63.4911,2.3732],[-90.5672,63.4932,1.8378],[-90.5703,63.4932,3.8792],[-90.5693,63.4901,4.0263],[-90.5703,63.488,2.1833],[-90.563,63.488,1.6534],[-90.5651,63.4911,2.3732]]],
[[[-90.663,63.5057,0.0],[-90.6646,63.5062,0.0],[-90.6661,63.5047,0.0],[-90.663,63.5047,0.0],[-90.663,63.5057,0.0]]],
[[[-91.2854,63.5083,0.0],[-91.2797,63.512,2.6063],[-91.2896,63.5125,3.8343],[-91.2963,63.5182,5.4456],[-91.2995,63.5182,0.0],[-91.2984,63.5109,12.313],[-91.3016,63.5089,2.9513],[-91.2854,63.5083,0.0]]],
[[[-91.4042,63.5271,6.0264],[-91.4083,63.5271,6.3236],[-91.4099,63.5255,3.2184],[-91.4042,63.5208,0.0],[-91.4026,63.5214,0.0],[-91.4036,63.5245,0.0],[-91.4026,63.5266,2.944],[-91.4042,63.5271,6.0264]]],
[[[-91.9745,62.7932,0.0],[-91.9734,62.7953,0.0],[-91.9807,62.7953,0.0],[-91.9771,62.7917,0.0],[-91.9745,62.7932,0.0]]],
[[[-91.85,62.8125,4.2928],[-91.8437,62.8104,0.0],[-91.838,62.8109,0.0],[-91.8458,62.8146,0.0],[-91.8536,62.8141,24.0336],[-91.85,62.8125,4.2928]]],
[[[-91.8625,62.8146,10.0636],[-91.8583,62.8146,18.6508],[-91.8568,62.8161,15.4349],[-91.8641,62.8161,3.1418],[-91.8625,62.8146,10.0636]]],
[[[-91.9396,62.8271,2.8237],[-91.9583,62.8292,32.6619],[-91.9646,62.8333,0.0],[-91.9661,62.8328,0.0],[-91.9651,62.8297,45.9179],[-91.9667,62.8292,49.2528],[-91.9771,62.8292,40.6325],[-91.9812,62.8312,0.0],[-92.0062,62.8333,5.7883],[-92.0078,62.8328,2.4028],[-92.0068,62.8297,3.5402],[-92.0109,62.8255,1.0172],[-92.0167,62.825,4.7673],[-92.0182,62.8234,1.0149],[-92.013,62.8224,1.8959],[-92.0099,62.8193,3.9946],[-91.9938,62.8146,0.0],[-91.975,62.8146,2.0234],[-91.9708,62.8167,3.5305],[-91.9667,62.8167,4.7636],[-91.9625,62.8146,1.2626],[-91.9542,62.8146,1.8526],[-91.9479,62.8167,2.087],[-91.9437,62.8146,2.431],[-91.9396,62.8167,0.0],[-91.9271,62.8167,4.2714],[-91.9229,62.8187,0.0],[-91.9187,62.8187,0.0],[-91.9146,62.8167,0.0],[-91.8984,62.8172,3.3468],[-91.9021,62.8208,10.7569],[-91.9083,62.8208,11.488],[-91.9125,62.8229,10.201],[-91.9208,62.8229,18.9778],[-91.925,62.825,28.2998],[-91.9396,62.8271,2.8237]]],
[[[-92.2417,62.8083,0.0],[-92.2474,62.8078,0.0],[-92.2464,62.8047,0.0],[-92.2495,62.8026,0.0],[-92.2417,62.8021,0.0],[-92.2359,62.8068,0.0],[-92.2375,62.8083,0.0],[-92.2417,62.8083,0.0]]],
[[[-92.2625,62.8125,0.0],[-92.2662,62.8109,0.0],[-92.2599,62.8047,0.0],[-92.2568,62.8047,0.0],[-92.2578,62.8078,0.0],[-92.2568,62.812,0.0],[-92.2625,62.8125,0.0]]],
[[[-92.4792,62.8146,14.0415],[-92.4755,62.8161,13.2874],[-92.4849,62.8161,21.4691],[-92.4833,62.8146,22.3172],[-92.4792,62.8146,14.0415]]],
[[[-92.363,62.8307,3.7693],[-92.3661,62.8307,0.0],[-92.3661,62.8297,0.0],[-92.363,62.8297,1.784],[-92.363,62.8307,3.7693]]],
[[[-92.3557,62.838,0.0],[-92.3479,62.8375,6.0561],[-92.3464,62.8391,2.615],[-92.3578,62.8411,0.0],[-92.3557,62.838,0.0]]],
[[[-92.4708,63.5313,1.3752],[-92.4693,63.5328,2.1132],[-92.4714,63.5349,2.1166],[-92.4745,63.5349,5.0969],[-92.4724,63.5318,1.3725],[-92.4708,63.5313,1.3752]]],
[[[-92.4047,63.5849,6.1507],[-92.4078,63.5849,6.7446],[-92.4078,63.5839,6.8694],[-92.4047,63.5839,5.6409],[-92.4047,63.5849,6.1507]]],
[[[-92.2338,63.5745,1.3764],[-92.2354,63.575,1.3056],[-92.237,63.5734,0.0],[-92.2354,63.5729,0.0],[-92.2338,63.5745,1.3764]]],
[[[-92.0922,63.6349,2.8354],[-92.0953,63.6349,1.3358],[-92.0953,63.6339,0.0],[-92.0922,63.6339,3.5925],[-92.0922,63.6349,2.8354]]],
[[[-92.1516,63.6422,5.1247],[-92.1578,63.6443,4.3418],[-92.1609,63.6474,0.0],[-92.1661,63.6484,3.5735],[-92.1713,63.6536,0.8679],[-92.1875,63.6542,1.7434],[-92.1953,63.6495,2.2698],[-92.1943,63.6464,0.0],[-92.1953,63.6443,0.0],[-92.1901,63.6432,2.9685],[-92.188,63.6401,5.0574],[-92.1953,63.6391,1.7039],[-92.1974,63.637,2.3112],[-92.1963,63.6339,2.8165],[-92.1974,63.6318,2.8792],[-92.1937,63.6292,0.0],[-92.1792,63.6292,0.0],[-92.1646,63.6354,3.1781],[-92.15,63.6312,0.0],[-92.1438,63.6312,0.0],[-92.1396,63.6333,5.0481],[-92.1271,63.6333,0.0],[-92.1234,63.6359,0.0],[-92.1286,63.6422,2.3075],[-92.1255,63.6443,0.0],[-92.1271,63.6458,1.3812],[-92.1375,63.6458,3.7393],[-92.1438,63.6417,2.9385],[-92.1516,63.6422,5.1247]]],
[[[-92.0422,63.6453,0.0],[-92.0437,63.6458,0.0],[-92.0453,63.6443,0.0],[-92.0437,63.6437,0.0],[-92.0422,63.6453,0.0]]],
[[[-93.1078,62.1526,9.0108],[-93.1229,62.1583,2.8679],[-93.1286,62.1578,1.0],[-93.1188,62.1521,5.0849],[-93.1125,62.1521,3.1542],[-93.1083,62.15,0.0],[-93.1068,62.1505,3.5442],[-93.1078,62.1526,9.0108]]],
[[[-93.0922,62.1641,2.5],[-93.0937,62.1646,4.9502],[-93.0953,62.163,1.35],[-93.0937,62.1625,0.0],[-93.0922,62.1641,2.5]]],
[[[-93.0172,62.1661,1.8474],[-93.0203,62.1661,2.213],[-93.0203,62.1651,2.2653],[-93.0172,62.1651,1.8488],[-93.0172,62.1661,1.8474]]],
[[[-93.0479,62.1667,5.6849],[-93.0521,62.1688,2.0581],[-93.0563,62.1667,1.2315],[-93.0641,62.1693,0.0],[-93.0661,62.1714,0.0],[-93.0651,62.1745,4.3254],[-93.0667,62.175,10.001],[-93.0854,62.175,1.6526],[-93.0896,62.1729,3.4309],[-93.0974,62.1724,3.8233],[-93.0953,62.1693,2.5],[-93.0875,62.1688,4.5058],[-93.0797,62.1661,6.6928],[-93.0807,62.163,1.7414],[-93.0792,62.1625,0.0],[-93.0646,62.1625,1.8035],[-93.0604,62.1604,1.6744],[-93.0401,62.1609,4.8447],[-93.0411,62.1641,3.2821],[-93.0401,62.1661,0.0],[-93.0479,62.1667,5.6849]]],
[[[-93.2063,62.1646,1.1493],[-93.2005,62.1651,1.6408],[-93.1984,62.1682,0.0],[-93.2063,62.1688,2.606],[-93.2104,62.1708,2.6085],[-93.2266,62.1703,5.7469],[-93.225,62.1688,1.4703],[-93.2104,62.1667,4.2447],[-93.2063,62.1646,1.1493]]],
[[[-93.1062,62.1813,3.1666],[-93.1047,62.1828,0.0],[-93.1161,62.1828,2.734],[-93.1146,62.1813,2.3552],[-93.1062,62.1813,3.1666]]],
[[[-92.912,62.1964,4.5786],[-92.9161,62.1974,5.1333],[-92.912,62.1922,1.0687],[-92.9089,62.1922,3.9541],[-92.9089,62.1932,4.9777],[-92.912,62.1964,4.5786]]],
[[[-92.862,62.1974,6.0195],[-92.8542,62.1937,2.2615],[-92.8484,62.1943,4.3678],[-92.8521,62.1979,3.746],[-92.862,62.1974,6.0195]]],
[[[-94.8578,60.0,8.1004],[-94.8213,60.0,1.5],[-94.8227,60.0016,1.8568],[-94.8193,60.0047,1.5133],[-94.8203,60.012,1.8643],[-94.8182,60.0141,1.7153],[-94.8109,60.0151,1.6015],[-94.812,60.0182,1.9938],[-94.8099,60.0203,1.6917],[-94.8026,60.0193,1.635],[-94.8036,60.0224,1.9943],[-94.7995,60.0266,2.0227],[-94.7937,60.0271,2.2106],[-94.788,60.0255,1.4846],[-94.7917,60.0313,1.9035],[-94.7901,60.0339,1.5597],[-94.7911,60.037,1.9249],[-94.7859,60.038,1.3915],[-94.7839,60.0401,1.9106],[-94.787,60.0453,2.0973],[-94.7807,60.0495,1.6093],[-94.7755,60.0505,2.088],[-94.7807,60.0578,1.872],[-94.7755,60.0589,0.0],[-94.7766,60.0641,2.0736],[-94.7641,60.0766,2.2825],[-94.7609,60.0776,2.1028],[-94.7521,60.0854,1.9775],[-94.7458,60.0812,0.0],[-94.7396,60.0854,1.7278],[-94.7255,60.0839,0.0],[-94.7266,60.087,3.009],[-94.7224,60.0911,2.2648],[-94.7167,60.0917,1.0042],[-94.713,60.0943,2.6741],[-94.7146,60.0958,0.0],[-94.7187,60.0958,2.5769],[-94.7229,60.0938,2.6115],[-94.7307,60.0932,3.1763],[-94.7375,60.0896,3.2441],[-94.7453,60.0922,2.8368],[-94.7422,60.0943,2.7201],[-94.7432,60.1016,3.027],[-94.7401,60.1047,3.1053],[-94.7432,60.1109,3.0345],[-94.7422,60.1141,2.8381],[-94.7432,60.1161,2.8611],[-94.7411,60.1182,2.9923],[-94.7354,60.1188,2.9078],[-94.7214,60.1141,2.5117],[-94.7224,60.1109,2.8855],[-94.7172,60.1078,2.7425],[-94.7182,60.1047,2.678],[-94.7109,60.1047,2.4989],[-94.713,60.1099,0.0],[-94.7182,60.1151,1.9773],[-94.7172,60.1182,2.0218],[-94.7286,60.1214,1.8679],[-94.7297,60.1245,1.3641],[-94.7349,60.1255,1.6108],[-94.7297,60.1328,0.0],[-94.7318,60.1349,0.0],[-94.737,60.1359,1.8325],[-94.7354,60.1396,1.7255],[-94.7391,60.1453,1.8321],[-94.7297,60.1464,0.0],[-94.7349,60.1536,1.6693],[-94.7297,60.1568,1.7767],[-94.7307,60.1599,1.4955],[-94.7297,60.162,1.8071],[-94.7333,60.1646,2.0059],[-94.7396,60.1646,2.3257],[-94.7438,60.1667,2.831],[-94.7479,60.1646,2.6997],[-94.7562,60.1646,2.7853],[-94.7578,60.1651,2.7853],[-94.7568,60.1682,3.1333],[-94.7583,60.1688,3.5687],[-94.7625,60.1667,3.4991],[-94.7667,60.1667,4.0413],[-94.7708,60.1688,3.7717],[-94.7812,60.1688,5.2749],[-94.7849,60.1724,4.3794],[-94.7818,60.1734,4.9486],[-94.7797,60.1766,5.5559],[-94.787,60.1755,6.5475],[-94.7911,60.1807,7.0857],[-94.7812,60.1792,5.2541],[-94.7771,60.1813,5.2249],[-94.7729,60.1792,4.287],[-94.7646,60.1792,3.2334],[-94.7604,60.1813,3.8157],[-94.7588,60.1797,3.3099],[-94.762,60.1755,3.9607],[-94.7479,60.175,2.6161],[-94.7401,60.1776,2.0985],[-94.7411,60.1807,2.1594],[-94.738,60.1849,2.3968],[-94.7458,60.1875,2.9979],[-94.75,60.1854,3.0342],[-94.7516,60.1859,2.67],[-94.7516,60.1891,2.8391],[-94.7417,60.1896,2.5423],[-94.7375,60.1875,2.2116],[-94.7234,60.1922,2.1744],[-94.7286,60.1984,2.2683],[-94.7271,60.2,2.1059],[-94.7214,60.1984,2.1973],[-94.7245,60.2047,2.1707],[-94.7234,60.2161,2.1565],[-94.7245,60.2182,2.0005],[-94.7214,60.2203,2.204],[-94.7245,60.2245,2.1686],[-94.7193,60.2255,2.088],[-94.7203,60.2286,2.1898],[-94.7182,60.2307,2.2237],[-94.713,60.2318,1.8526],[-94.7068,60.2359,0.0],[-94.7089,60.2391,0.0],[-94.7141,60.2401,0.0],[-94.7203,60.2464,1.6444],[-94.7182,60.2495,0.0],[-94.713,60.2526,0.0],[-94.7161,60.2578,0.0],[-94.713,60.262,0.0],[-94.7187,60.2625,0.0],[-94.7245,60.2609,1.9969],[-94.7203,60.2661,1.9272],[-94.7172,60.2672,1.7756],[-94.7182,60.2703,2.0044],[-94.7151,60.2745,1.9395],[-94.7182,60.2786,2.2762],[-94.7109,60.2776,1.1861],[-94.712,60.2807,1.66],[-94.7047,60.2859,0.0],[-94.7057,60.2932,1.882],[-94.6984,60.2984,1.9135],[-94.6995,60.3016,2.2557],[-94.6943,60.3026,1.6222],[-94.6849,60.312,1.9391],[-94.6797,60.3151,1.5173],[-94.6807,60.3182,2.1773],[-94.6734,60.3255,1.9593],[-94.6745,60.3307,2.3344],[-94.6693,60.3318,1.8131],[-94.6703,60.3349,2.1128],[-94.6672,60.3391,1.923],[-94.6724,60.3411,2.3098],[-94.6672,60.3443,2.023],[-94.6682,60.3474,2.2965],[-94.663,60.3484,1.9324],[-94.6641,60.3516,2.1887],[-94.6589,60.3526,1.8801],[-94.6599,60.3557,1.9259],[-94.6505,60.3589,0.0],[-94.6484,60.3609,0.0],[-94.6495,60.3641,1.9037],[-94.6453,60.3682,1.7639],[-94.6401,60.3693,0.0],[-94.6422,60.3724,0.0],[-94.6474,60.3734,2.1459],[-94.6479,60.375,2.0262],[-94.6443,60.3797,1.8531],[-94.6474,60.3839,2.266],[-94.6464,60.387,2.0168],[-94.6474,60.3891,1.9521],[-94.6422,60.3922,0.0],[-94.6432,60.3953,0.0],[-94.6422,60.3974,0.0],[-94.6516,60.3984,2.243],[-94.6536,60.4005,2.0699],[-94.6526,60.4036,2.0245],[-94.6578,60.4047,2.2299],[-94.6599,60.4068,2.2566],[-94.662,60.412,2.1883],[-94.6589,60.4161,0.0],[-94.6609,60.4182,0.0],[-94.6724,60.4214,2.2626],[-94.6713,60.4245,0.0],[-94.6766,60.4255,2.3422],[-94.6807,60.4318,2.116],[-94.6755,60.4349,0.0],[-94.6797,60.4391,0.0],[-94.6911,60.4422,2.2762],[-94.6974,60.4505,2.1207],[-94.6958,60.4521,2.1478],[-94.6901,60.4505,0.0],[-94.6932,60.4547,1.6759],[-94.6922,60.4578,1.611],[-94.6963,60.4641,1.6829],[-94.7078,60.4672,1.6617],[-94.7047,60.4714,2.1208],[-94.7057,60.4745,0.8775],[-94.7047,60.4766,2.2699],[-94.7078,60.4797,3.678],[-94.7078,60.4828,4.3976],[-94.7021,60.4813,3.5836],[-94.6979,60.4833,3.5793],[-94.6943,60.4807,2.7343],[-94.6932,60.4776,1.8776],[-94.6854,60.4792,2.2105],[-94.6813,60.4771,1.6825],[-94.6734,60.4839,1.7418],[-94.6755,60.487,1.4458],[-94.6807,60.488,2.631],[-94.6755,60.4901,1.9096],[-94.6786,60.4964,2.3879],[-94.6776,60.4995,1.3754],[-94.6828,60.5005,3.3648],[-94.6849,60.5026,2.8751],[-94.687,60.5047,2.5906],[-94.6859,60.5078,3.1698],[-94.6901,60.512,3.392],[-94.6958,60.5146,2.9653],[-94.7037,60.5151,5.6837],[-94.7026,60.5182,2.2738],[-94.7083,60.5187,4.6891],[-94.7125,60.5167,6.5499],[-94.7167,60.5187,6.6882],[-94.725,60.5187,7.3442],[-94.7292,60.5167,7.6049],[-94.7328,60.5203,2.8415],[-94.7234,60.5214,2.6236],[-94.7276,60.5266,4.8039],[-94.7375,60.525,5.7609],[-94.7422,60.5286,4.5852],[-94.75,60.5292,5.8041],[-94.7516,60.5307,2.7152],[-94.7333,60.5313,2.7502],[-94.7187,60.5271,5.5906],[-94.7104,60.5271,2.9739],[-94.7042,60.5313,4.9025],[-94.7,60.5292,2.1824],[-94.6922,60.5286,2.898],[-94.6932,60.5255,6.2173],[-94.6896,60.5229,4.642],[-94.6771,60.525,3.2797],[-94.6729,60.5229,2.7882],[-94.6583,60.5229,2.3686],[-94.6568,60.5224,3.443],[-94.6578,60.5193,1.8748],[-94.6557,60.5172,1.6825],[-94.6359,60.5141,1.828],[-94.637,60.5109,2.9551],[-94.6354,60.5104,2.3583],[-94.6312,60.5125,2.7312],[-94.6271,60.5104,0.0],[-94.6229,60.5125,2.3765],[-94.6188,60.5125,2.5576],[-94.6146,60.5104,0.0],[-94.6104,60.5104,0.0],[-94.6057,60.5141,2.2813],[-94.5964,60.5151,1.7983],[-94.5953,60.5182,2.6991],[-94.5896,60.5167,0.0],[-94.5849,60.5203,0.0],[-94.5771,60.5208,0.0],[-94.5526,60.5297,0.0],[-94.5536,60.537,2.5371],[-94.5484,60.5432,0.0],[-94.5557,60.5484,1.5461],[-94.5547,60.5516,0.0],[-94.5578,60.5547,0.0],[-94.5568,60.5578,1.505],[-94.5578,60.5599,2.2189],[-94.5505,60.5693,0.0],[-94.5536,60.5734,2.3229],[-94.5505,60.5797,1.7125],[-94.5516,60.5828,2.1678],[-94.5411,60.5932,0.0],[-94.5359,60.5964,0.0],[-94.5391,60.6005,0.0],[-94.538,60.6036,0.0],[-94.5432,60.6057,2.0486],[-94.5339,60.6068,0.0],[-94.5312,60.6104,0.0],[-94.5255,60.6089,0.0],[-94.5276,60.612,0.0],[-94.5328,60.6141,2.5323],[-94.5307,60.6161,2.419],[-94.5255,60.6172,0.0],[-94.5266,60.6266,2.3465],[-94.5214,60.6276,0.0],[-94.5193,60.6297,0.0],[-94.5172,60.6318,0.0],[-94.5182,60.6349,1.1989],[-94.513,60.6359,0.0],[-94.5182,60.6391,2.6256],[-94.5109,60.6401,0.0],[-94.5078,60.6432,1.2211],[-94.4943,60.6484,0.0],[-94.4661,60.6724,3.1483],[-94.4609,60.6734,0.0],[-94.4589,60.6755,0.0],[-94.4599,60.6786,3.4199],[-94.4526,60.6797,1.3098],[-94.4495,60.6828,0.0],[-94.4443,60.6839,0.0],[-94.4453,60.687,3.0058],[-94.4391,60.6932,3.9603],[-94.4318,60.6943,0.0],[-94.4328,60.6974,1.3546],[-94.4307,60.6995,1.0988],[-94.4255,60.7005,0.0],[-94.4266,60.7036,0.0],[-94.4255,60.7057,0.0],[-94.4286,60.7109,2.7155],[-94.4276,60.7141,1.9569],[-94.4307,60.7172,2.4199],[-94.4297,60.7203,1.9655],[-94.4333,60.725,2.3315],[-94.4318,60.7286,0.0],[-94.4349,60.7328,0.0],[-94.4297,60.738,0.0],[-94.4307,60.7411,0.0],[-94.4255,60.7443,0.0],[-94.4276,60.7474,2.1008],[-94.4328,60.7495,2.3711],[-94.4292,60.7521,2.3197],[-94.4213,60.7526,0.0],[-94.4172,60.7589,0.0],[-94.4245,60.7682,2.4453],[-94.412,60.7745,2.4273],[-94.4042,60.7771,2.3457],[-94.3979,60.7771,0.0],[-94.3901,60.7797,0.0],[-94.387,60.7828,0.0],[-94.3797,60.7839,0.0],[-94.3807,60.787,0.0],[-94.3786,60.7891,0.0],[-94.3734,60.7901,0.0],[-94.3833,60.7958,2.483],[-94.3953,60.7964,3.2001],[-94.3943,60.7995,3.5316],[-94.3958,60.8,3.4613],[-94.4078,60.8005,3.8644],[-94.4099,60.8036,4.2995],[-94.4068,60.8047,4.3513],[-94.4047,60.8078,4.3024],[-94.4161,60.812,4.7176],[-94.4083,60.8146,5.5977],[-94.4042,60.8125,4.5994],[-94.3896,60.8125,4.0153],[-94.3812,60.8063,2.7399],[-94.3646,60.8063,2.5311],[-94.3568,60.8089,2.0812],[-94.3526,60.8109,0.0],[-94.3536,60.8141,0.0],[-94.3484,60.8193,0.0],[-94.3495,60.8224,1.1595],[-94.3484,60.8245,1.965],[-94.3526,60.8307,2.7856],[-94.3578,60.8318,3.1252],[-94.3547,60.8359,3.4044],[-94.3557,60.8391,3.7991],[-94.3547,60.8411,3.6183],[-94.3661,60.8443,4.7492],[-94.3682,60.8474,4.9173],[-94.35,60.8458,3.6701],[-94.3458,60.8438,2.9992],[-94.3271,60.8458,0.0],[-94.3234,60.8484,0.0],[-94.3245,60.8557,0.0],[-94.3078,60.8661,0.0],[-94.2963,60.8672,0.0],[-94.2932,60.8703,0.0],[-94.288,60.8714,0.0],[-94.2833,60.875,4.5],[-94.2771,60.875,0.0],[-94.2729,60.8771,4.2323],[-94.2688,60.875,0.0],[-94.25,60.8812,0.0],[-94.2396,60.8812,0.0],[-94.2318,60.8839,0.0],[-94.2255,60.888,3.4472],[-94.2266,60.8911,3.4428],[-94.2234,60.8943,3.6502],[-94.2245,60.8974,3.5594],[-94.2234,60.8995,3.6853],[-94.2266,60.8995,3.5006],[-94.2286,60.8974,3.7673],[-94.2276,60.8943,3.3895],[-94.2297,60.8922,3.3049],[-94.2354,60.8937,3.6271],[-94.2396,60.8917,3.6314],[-94.2474,60.8943,3.5928],[-94.2443,60.8984,3.7643],[-94.2453,60.9016,3.6093],[-94.2432,60.9057,3.5726],[-94.2354,60.9125,3.7566],[-94.2297,60.912,3.4668],[-94.2245,60.9068,3.6413],[-94.2214,60.9068,2.9504],[-94.2224,60.9099,3.1404],[-94.2193,60.913,2.2413],[-94.2203,60.9161,1.8361],[-94.2172,60.9172,0.0],[-94.2203,60.9214,1.5938],[-94.2193,60.9286,1.9645],[-94.2203,60.9307,1.7579],[-94.2172,60.9359,1.5209],[-94.2182,60.9474,2.2444],[-94.2109,60.9484,0.0],[-94.212,60.9516,0.0],[-94.2089,60.9547,1.0594],[-94.2099,60.962,2.245],[-94.2068,60.963,2.0883],[-94.1963,60.9734,2.2002],[-94.1974,60.9766,2.2499],[-94.1901,60.9776,0.0],[-94.1911,60.9807,2.121],[-94.188,60.9839,1.0741],[-94.1891,60.987,2.3344],[-94.1813,60.9875,0.0],[-94.1734,60.9922,0.0],[-94.1745,60.9953,1.8948],[-94.1693,61.0005,0.8983],[-94.1703,61.0036,2.2491],[-94.1672,61.0057,0.8148],[-94.1745,61.013,2.6539],[-94.1734,61.0203,1.5892],[-94.1745,61.0224,1.8582],[-94.1672,61.0276,1.6542],[-94.1682,61.0307,1.7399],[-94.1589,61.038,2.0635],[-94.1599,61.0411,2.2224],[-94.1557,61.0453,2.428],[-94.1505,61.0464,2.1574],[-94.1589,61.0516,2.6988],[-94.1646,61.05,3.0094],[-94.1693,61.0536,3.0552],[-94.1745,61.0547,2.9777],[-94.1693,61.0589,3.1425],[-94.1745,61.0609,3.1998],[-94.1703,61.0661,3.596],[-94.1521,61.0667,3.3708],[-94.1479,61.0646,3.0851],[-94.1375,61.0646,2.9229],[-94.1333,61.0667,2.8746],[-94.1292,61.0646,2.6972],[-94.1255,61.0672,2.2981],[-94.1266,61.0703,2.6938],[-94.125,61.0708,2.7218],[-94.1188,61.0708,2.1951],[-94.1146,61.0729,2.3014],[-94.1021,61.0729,2.1195],[-94.0943,61.0755,2.0892],[-94.0974,61.0797,2.981],[-94.0958,61.0812,3.0697],[-94.0917,61.0792,2.0797],[-94.0792,61.0792,1.8723],[-94.0667,61.0833,2.2966],[-94.0625,61.0812,0.0],[-94.0583,61.0812,0.0],[-94.0542,61.0833,4.3943],[-94.0437,61.0833,0.0],[-94.0396,61.0854,0.0],[-94.0172,61.0859,3.289],[-94.0188,61.0875,1.0],[-94.0354,61.0896,5.5113],[-94.0391,61.0922,1.5],[-94.0333,61.0979,4.165],[-94.0193,61.0984,2.5],[-94.0266,61.1026,4.4627],[-94.0255,61.1057,1.0058],[-94.0417,61.1063,2.6174],[-94.0458,61.1083,2.0728],[-94.0563,61.1083,8.7344],[-94.0604,61.1104,6.4035],[-94.0729,61.1104,8.266],[-94.0771,61.1125,0.0],[-94.0828,61.1109,8.6303],[-94.087,61.1161,3.9953],[-94.0797,61.1172,0.0],[-94.075,61.1208,2.8665],[-94.0672,61.1214,3.1034],[-94.0813,61.1271,2.0911],[-94.0901,61.1193,7.2955],[-94.1,61.1167,10.3835],[-94.1375,61.1167,12.1507],[-94.1417,61.1188,13.7872],[-94.1495,61.1193,13.799],[-94.1547,61.1245,13.6748],[-94.1625,61.125,17.0975],[-94.1672,61.1286,13.4089],[-94.1849,61.1339,14.492],[-94.1776,61.138,13.4087],[-94.1786,61.1411,13.4127],[-94.1713,61.1422,13.4726],[-94.1828,61.1464,11.9663],[-94.1818,61.1495,11.4388],[-94.1828,61.1516,11.2545],[-94.1729,61.1521,11.1788],[-94.15,61.1437,12.3023],[-94.1422,61.1432,13.0268],[-94.1391,61.1401,13.1224],[-94.1338,61.1391,11.8672],[-94.1318,61.1359,13.1884],[-94.1375,61.1354,9.703],[-94.1417,61.1375,13.2113],[-94.1495,61.1328,12.7969],[-94.1412,61.1234,13.8657],[-94.138,61.1234,13.9574],[-94.1292,61.1333,6.9464],[-94.1224,61.1276,5.1898],[-94.1172,61.1266,7.0287],[-94.1245,61.1234,14.0521],[-94.1062,61.1208,12.4434],[-94.1021,61.1188,12.1064],[-94.0964,61.1224,3.5041],[-94.1005,61.1266,3.8921],[-94.1062,61.125,3.6808],[-94.1078,61.1266,4.4525],[-94.1057,61.1286,3.1078],[-94.0979,61.1292,2.6949],[-94.0964,61.1307,5.4562],[-94.1141,61.1359,3.4982],[-94.112,61.1391,1.974],[-94.1021,61.1417,2.7901],[-94.0979,61.1417,3.282],[-94.0937,61.1396,3.0016],[-94.0625,61.1396,2.5902],[-94.0583,61.1375,0.0],[-94.0458,61.1417,4.0132],[-94.0417,61.1417,4.2428],[-94.0375,61.1396,0.0],[-94.0276,61.1401,1.0075],[-94.0286,61.1432,1.7565],[-94.0276,61.1453,2.1741],[-94.0354,61.1479,3.689],[-94.0401,61.1443,5.2711],[-94.0458,61.1437,5.2414],[-94.0474,61.1443,4.9166],[-94.0463,61.1474,6.1711],[-94.0479,61.1479,6.1711],[-94.0625,61.1479,9.1011],[-94.0667,61.15,10.3833],[-94.0745,61.1505,10.8349],[-94.0792,61.1542,6.7506],[-94.0875,61.1542,5.4394],[-94.0917,61.1521,4.1918],[-94.0958,61.1521,5.0435],[-94.1036,61.1495,5.4105],[-94.1083,61.1458,7.0509],[-94.1292,61.1458,7.7391],[-94.1333,61.1479,8.7832],[-94.1458,61.1479,10.0188],[-94.1536,61.1505,4.5323],[-94.1505,61.1536,4.121],[-94.1557,61.1547,4.3408],[-94.1578,61.1568,4.6354],[-94.1562,61.1583,5.0436],[-94.1458,61.1542,4.0527],[-94.1412,61.1578,4.1509],[-94.1333,61.1604,3.9922],[-94.125,61.1604,4.1159],[-94.1188,61.1583,3.3088],[-94.1146,61.1604,3.6772],[-94.1042,61.1563,3.1566],[-94.1,61.1563,3.0238],[-94.0984,61.1578,1.5723],[-94.1036,61.1589,0.947],[-94.1057,61.162,1.2556],[-94.0875,61.1646,0.0],[-94.0833,61.1667,1.8107],[-94.075,61.1667,0.0],[-94.0703,61.1703,0.0],[-94.0609,61.1714,4.9875],[-94.0589,61.1745,2.1399],[-94.0682,61.1755,2.5647],[-94.0651,61.1786,0.0],[-94.0682,61.1828,1.3513],[-94.063,61.1839,1.192],[-94.0568,61.1901,4.1363],[-94.0583,61.1917,4.5637],[-94.0661,61.1922,4.7894],[-94.0589,61.1984,4.9629],[-94.0641,61.2057,5.7118],[-94.0547,61.2089,4.7272],[-94.0557,61.212,5.1341],[-94.0521,61.2146,4.7794],[-94.0458,61.2104,4.8323],[-94.0312,61.2083,1.8901],[-94.0297,61.2099,2.0953],[-94.0349,61.212,2.6821],[-94.0255,61.213,2.3677],[-94.0214,61.2193,1.867],[-94.0234,61.2224,1.4298],[-94.0286,61.2234,1.8822],[-94.0328,61.2276,1.4182],[-94.0297,61.2328,1.5571],[-94.0349,61.2339,1.7546],[-94.0391,61.2401,0.0],[-94.0339,61.2464,0.0],[-94.038,61.2516,2.052],[-94.05,61.2521,3.3235],[-94.0542,61.2542,4.027],[-94.0583,61.2521,4.0791],[-94.0641,61.2568,4.0229],[-94.062,61.2599,4.0044],[-94.0542,61.2604,4.3315],[-94.0318,61.2547,3.5272],[-94.0339,61.2578,2.5038],[-94.0391,61.2589,2.759],[-94.038,61.262,0.0],[-94.0401,61.2641,3.2426],[-94.0437,61.2667,1.6571],[-94.0495,61.2661,2.1244],[-94.0484,61.263,1.8404],[-94.05,61.2625,2.1226],[-94.0578,61.2651,1.7611],[-94.0641,61.2714,1.9466],[-94.0625,61.2729,1.8859],[-94.0568,61.2714,1.5841],[-94.062,61.2776,1.5762],[-94.0589,61.2807,0.0],[-94.0641,61.2818,1.5483],[-94.063,61.2849,0.0],[-94.0687,61.2833,2.1377],[-94.0734,61.287,1.8816],[-94.0859,61.2911,2.6271],[-94.0953,61.2922,2.608],[-94.0995,61.2974,3.1977],[-94.0896,61.2958,2.7889],[-94.0854,61.2979,1.5],[-94.0792,61.2979,2.7799],[-94.0776,61.2984,1.5],[-94.0792,61.3021,3.9125],[-94.0771,61.3042,4.1375],[-94.0693,61.3016,3.6197],[-94.0724,61.2984,1.0],[-94.0583,61.2938,2.4061],[-94.05,61.2938,2.1742],[-94.0458,61.2917,1.0415],[-94.0417,61.2938,2.159],[-94.0271,61.2896,0.0],[-94.0229,61.2917,1.7171],[-94.0125,61.2875,0.0],[-93.9917,61.2875,0.0],[-93.9875,61.2896,1.8299],[-93.9812,61.2896,1.6663],[-93.9771,61.2875,1.3331],[-93.9604,61.2875,0.0],[-93.9589,61.288,0.0],[-93.9599,61.2911,0.7308],[-93.9526,61.2901,0.0],[-93.9495,61.2932,1.7125],[-93.9422,61.2943,2.1978],[-93.9432,61.2974,2.1724],[-93.9417,61.2979,2.0894],[-93.9333,61.2979,2.549],[-93.9292,61.2958,2.6857],[-93.9213,61.2984,2.6452],[-93.9292,61.3021,2.794],[-93.937,61.3026,2.7981],[-93.9297,61.3057,3.9049],[-93.9349,61.3068,3.7387],[-93.9411,61.3141,4.035],[-93.9333,61.3167,4.4224],[-93.9208,61.3146,4.0079],[-93.9167,61.3167,4.3103],[-93.9109,61.312,4.0599],[-93.912,61.3089,4.1398],[-93.9089,61.3057,4.3877],[-93.9141,61.3036,3.9733],[-93.9125,61.3,3.1201],[-93.9161,61.2943,1.7154],[-93.9062,61.2938,0.0],[-93.9021,61.2958,2.6944],[-93.8958,61.2938,0.0],[-93.8891,61.2995,0.0],[-93.8776,61.3026,0.0],[-93.8786,61.3057,2.0424],[-93.8688,61.3083,1.6899],[-93.8646,61.3063,0.0],[-93.8604,61.3083,1.3705],[-93.8526,61.3089,2.3927],[-93.8599,61.3193,1.6824],[-93.8536,61.3266,1.6837],[-93.8458,61.3292,0.0],[-93.8359,61.3297,0.0],[-93.8318,61.3339,0.0],[-93.8328,61.337,0.0],[-93.8187,61.3375,1.4436],[-93.8151,61.3401,0.0],[-93.8213,61.3474,0.0],[-93.8391,61.3484,13.2948],[-93.8453,61.3547,2.4599],[-93.8443,61.3578,0.0],[-93.8453,61.3599,0.0],[-93.8422,61.362,1.3758],[-93.8443,61.3641,0.0],[-93.8495,61.3651,1.1733],[-93.8474,61.3682,0.0],[-93.8422,61.3703,0.0],[-93.8484,61.3766,0.0],[-93.8688,61.3833,2.2256],[-93.8807,61.3807,3.2461],[-93.8854,61.3771,8.572],[-93.8896,61.3771,8.7424],[-93.8938,61.3792,7.3831],[-93.9042,61.3792,5.7793],[-93.9083,61.3771,4.8618],[-93.9161,61.3797,3.8729],[-93.9141,61.3828,5.1926],[-93.9109,61.3839,3.2755],[-93.9146,61.3854,3.8925],[-93.9193,61.3818,2.2543],[-93.9245,61.3807,2.4787],[-93.9234,61.3776,9.2084],[-93.925,61.3771,10.0747],[-93.9313,61.3771,2.9309],[-93.9354,61.375,3.1315],[-93.95,61.375,4.125],[-93.9542,61.3771,2.198],[-93.9583,61.375,2.8354],[-93.9661,61.3745,2.9985],[-93.9708,61.3708,3.0334],[-93.9812,61.3708,3.4585],[-93.9828,61.3724,3.1377],[-93.9797,61.3745,2.4618],[-93.9875,61.3771,2.6443],[-93.9958,61.3771,3.1881],[-94.0062,61.3812,3.6158],[-94.0162,61.3807,3.9174],[-94.0182,61.3786,4.8633],[-94.0172,61.3755,5.224],[-94.025,61.3729,6.0576],[-94.0292,61.375,5.594],[-94.0354,61.375,5.5181],[-94.0396,61.3729,5.7198],[-94.0521,61.3729,8.2011],[-94.0563,61.375,5.9178],[-94.0604,61.3729,8.0994],[-94.075,61.3771,6.727],[-94.0813,61.3771,6.9621],[-94.0859,61.3807,6.3899],[-94.1104,61.3875,6.486],[-94.1208,61.3875,6.9879],[-94.1271,61.3833,7.0472],[-94.1417,61.3875,7.2003],[-94.1542,61.3854,8.3757],[-94.1557,61.387,7.7636],[-94.1505,61.3891,7.586],[-94.162,61.3922,6.0],[-94.1619,61.3933,6.0],[-94.1599,61.3953,7.5929],[-94.15,61.3979,3.5],[-94.15,61.4,6.3419],[-94.1542,61.4,6.387],[-94.1583,61.3979,6.5649],[-94.1687,61.4021,6.8115],[-94.1766,61.4026,7.7411],[-94.1786,61.4047,7.4974],[-94.1776,61.4078,7.2957],[-94.1792,61.4083,7.422],[-94.1854,61.4083,8.2771],[-94.1896,61.4104,8.0791],[-94.2,61.4104,8.4911],[-94.2042,61.4125,8.6931],[-94.2078,61.4099,9.3652],[-94.2068,61.4068,9.724],[-94.2167,61.4042,9.2772],[-94.2182,61.4047,9.3344],[-94.2182,61.4078,9.5408],[-94.2161,61.4099,9.6308],[-94.2109,61.4109,8.5062],[-94.2141,61.4161,7.8329],[-94.2104,61.4188,9.3573],[-94.2063,61.4167,7.4128],[-94.1937,61.4167,8.595],[-94.1896,61.4146,7.9808],[-94.1854,61.4146,8.3714],[-94.1708,61.4188,8.2752],[-94.1625,61.4188,8.2228],[-94.1547,61.4161,7.4536],[-94.1484,61.4099,7.31],[-94.1495,61.4068,6.8367],[-94.1443,61.4057,7.3137],[-94.1422,61.4036,6.178],[-94.1432,61.4005,5.4091],[-94.1375,61.4021,6.1094],[-94.1271,61.3979,3.5],[-94.1214,61.3984,3.5],[-94.1224,61.4016,3.5],[-94.1208,61.4021,6.5298],[-94.1088,61.3984,5.5477],[-94.1099,61.4016,6.3826],[-94.1026,61.4026,6.5272],[-94.1078,61.4057,6.62],[-94.1047,61.4089,6.5421],[-94.1057,61.412,6.8543],[-94.1021,61.4146,7.0094],[-94.0953,61.4089,6.5641],[-94.0896,61.4104,6.5655],[-94.0818,61.4078,6.6218],[-94.0839,61.4047,6.5448],[-94.0917,61.4042,6.4895],[-94.0932,61.4026,6.3243],[-94.0854,61.4021,6.21],[-94.0813,61.4,5.958],[-94.0667,61.4,3.5],[-94.0589,61.3974,6.0141],[-94.0599,61.3943,6.9463],[-94.0526,61.387,5.7509],[-94.0536,61.3839,6.0973],[-94.05,61.3792,6.1758],[-94.0396,61.3812,5.8307],[-94.0354,61.3792,5.6043],[-94.0271,61.3792,4.7457],[-94.0255,61.3807,4.8291],[-94.0307,61.3828,4.5576],[-94.0208,61.3875,4.1038],[-94.0146,61.3875,4.0068],[-94.0104,61.3854,3.5686],[-93.9979,61.3854,2.9664],[-93.9964,61.387,2.7081],[-94.0083,61.3875,3.4691],[-94.0099,61.3891,3.5605],[-93.9792,61.3896,2.5162],[-93.9714,61.3922,2.6921],[-93.9792,61.3958,2.754],[-93.9938,61.3958,1.9783],[-93.9979,61.3937,4.7968],[-94.0021,61.3958,0.0],[-94.0312,61.3958,2.3599],[-94.0354,61.3937,5.2856],[-94.0417,61.3937,4.4032],[-94.0495,61.3964,3.4025],[-94.05,61.3979,3.0503],[-94.062,61.4005,4.2349],[-94.0641,61.4057,3.9146],[-94.0604,61.4083,5.5029],[-94.0542,61.4042,3.74],[-94.0312,61.4042,3.449],[-94.0271,61.4021,0.7391],[-94.0167,61.4021,3.3493],[-94.0125,61.4,1.2387],[-93.9979,61.4,1.4562],[-93.9938,61.4021,2.8788],[-93.9896,61.4,0.0],[-93.9854,61.4,0.0],[-93.9812,61.4021,2.6268],[-93.9714,61.4005,0.0],[-93.9693,61.4036,2.4411],[-93.9745,61.4047,2.2063],[-93.9745,61.4078,1.9144],[-93.9672,61.412,2.3777],[-93.9786,61.4151,2.0782],[-93.9828,61.4193,1.9521],[-93.9818,61.4224,1.0539],[-93.9828,61.4245,1.3105],[-93.9755,61.4297,0.0],[-93.9766,61.4328,1.4561],[-93.9714,61.438,0.9734],[-93.9729,61.4396,1.3771],[-93.9786,61.438,2.0526],[-93.9734,61.4432,1.8848],[-93.9776,61.4474,1.2841],[-93.9828,61.4484,1.6063],[-93.9776,61.4547,0.0],[-93.9786,61.4578,1.5905],[-93.9755,61.4589,0.0],[-93.9661,61.4682,2.2824],[-93.9547,61.4693,1.3951],[-93.9484,61.4755,1.7758],[-93.9537,61.4776,2.4499],[-93.9495,61.4828,2.4344],[-93.9396,61.4833,1.7374],[-93.9349,61.487,1.6587],[-93.9151,61.4922,1.5214],[-93.913,61.4943,1.466],[-93.9141,61.4974,1.4292],[-93.912,61.4995,1.3177],[-93.8922,61.5047,1.603],[-93.8891,61.5078,1.7932],[-93.8833,61.5062,0.0],[-93.8776,61.5089,0.0],[-93.8797,61.512,0.0],[-93.8849,61.513,0.0],[-93.8818,61.5172,0.0],[-93.8828,61.5203,0.0],[-93.8818,61.5224,0.0],[-93.8912,61.5234,1.7153],[-93.887,61.5286,0.0],[-93.8838,61.5297,0.0],[-93.8849,61.5328,0.0],[-93.8828,61.5349,0.0],[-93.8776,61.5359,0.0],[-93.8729,61.5396,0.0],[-93.8672,61.5401,0.0],[-93.8625,61.5438,0.0],[-93.8562,61.5438,0.0],[-93.8458,61.5479,1.508],[-93.8359,61.5484,1.2278],[-93.837,61.5516,2.1454],[-93.8354,61.5521,2.3835],[-93.8313,61.55,0.9522],[-93.8271,61.5521,1.512],[-93.8229,61.5521,1.6863],[-93.8063,61.5458,1.6084],[-93.7776,61.5464,1.0664],[-93.7745,61.5495,1.6441],[-93.7693,61.5505,1.7554],[-93.7703,61.5536,1.3249],[-93.7641,61.5578,1.6132],[-93.7588,61.5589,1.0498],[-93.7641,61.5661,0.0],[-93.7609,61.5672,0.0],[-93.762,61.5745,1.3626],[-93.7568,61.5797,0.0],[-93.7578,61.5828,1.2512],[-93.7271,61.5917,1.3383],[-93.6875,61.5979,1.0721],[-93.6755,61.6026,1.3231],[-93.6786,61.6078,0.7931],[-93.6734,61.6089,0.0],[-93.6693,61.613,0.0],[-93.6703,61.6161,1.2567],[-93.6672,61.6182,2.1437],[-93.6813,61.6188,1.8883],[-93.6828,61.6203,1.7991],[-93.6646,61.6208,1.177],[-93.6604,61.6229,0.9307],[-93.6542,61.6229,0.0],[-93.6458,61.6271,1.5596],[-93.6396,61.6271,0.0],[-93.6318,61.6297,0.0],[-93.6328,61.6328,1.2781],[-93.6286,61.6349,1.9648],[-93.6104,61.6375,1.4272],[-93.6021,61.6417,1.0452],[-93.5937,61.6417,1.473],[-93.5896,61.6396,0.5515],[-93.5839,61.6401,0.0],[-93.5849,61.6432,0.7873],[-93.5807,61.6474,1.3949],[-93.5687,61.6521,2.2675],[-93.5526,61.6547,1.5585],[-93.5536,61.6578,1.3539],[-93.5443,61.6589,0.5065],[-93.538,61.663,0.0],[-93.5391,61.6661,0.4899],[-93.538,61.6682,1.068],[-93.5411,61.6724,1.2599],[-93.5188,61.6792,1.6556],[-93.5146,61.6771,1.0789],[-93.5104,61.6771,1.2681],[-93.5062,61.6792,1.494],[-93.5021,61.6771,1.7365],[-93.4833,61.6771,0.0],[-93.4792,61.6792,0.0],[-93.4583,61.6792,1.6236],[-93.4521,61.6771,0.4737],[-93.4458,61.6813,2.2669],[-93.438,61.6818,0.0],[-93.4391,61.6849,2.0335],[-93.4375,61.6854,2.0337],[-93.4333,61.6833,0.0],[-93.4271,61.6833,0.0],[-93.4125,61.6917,1.6561],[-93.3958,61.6917,0.0],[-93.3917,61.6937,1.0907],[-93.3838,61.6943,1.0319],[-93.3849,61.6974,1.797],[-93.3792,61.7,1.2413],[-93.3729,61.7,0.7569],[-93.3583,61.7042,0.0],[-93.3458,61.7042,1.8359],[-93.3391,61.7099,4.1737],[-93.3318,61.7109,0.0],[-93.3297,61.713,0.0],[-93.3307,61.7161,2.0626],[-93.3146,61.7167,0.0],[-93.3089,61.7193,0.0],[-93.3187,61.725,3.4385],[-93.3333,61.725,2.3679],[-93.3375,61.7229,1.1514],[-93.3458,61.7229,0.4049],[-93.35,61.725,0.6046],[-93.3708,61.725,3.2289],[-93.375,61.7271,0.8808],[-93.3792,61.725,2.6347],[-93.3958,61.725,8.9205],[-93.4062,61.7292,5.0058],[-93.4167,61.7292,0.8973],[-93.4182,61.7276,0.6245],[-93.4151,61.7234,1.7594],[-93.4208,61.7188,3.0734],[-93.4417,61.7208,11.5108],[-93.4563,61.725,5.5978],[-93.462,61.7245,8.5685],[-93.4609,61.7172,8.0794],[-93.462,61.7151,6.2341],[-93.4568,61.7141,9.0476],[-93.4547,61.7099,9.3067],[-93.4604,61.7042,7.2613],[-93.4687,61.7042,7.9771],[-93.4792,61.7083,5.1581],[-93.4896,61.7083,9.3673],[-93.4911,61.7068,9.3395],[-93.4818,61.7057,9.1681],[-93.4797,61.7026,10.4167],[-93.4854,61.7042,9.6103],[-93.4896,61.7021,9.0831],[-93.4979,61.7021,9.129],[-93.5036,61.7078,8.8783],[-93.5,61.7104,8.67],[-93.4943,61.7089,8.8448],[-93.4964,61.712,6.0364],[-93.5083,61.7125,8.3117],[-93.5125,61.7146,5.4356],[-93.5167,61.7125,7.1254],[-93.5208,61.7125,7.1787],[-93.5312,61.7167,4.2471],[-93.5328,61.7151,7.1177],[-93.5255,61.7109,6.2492],[-93.5276,61.7089,6.7986],[-93.5349,61.7078,6.7229],[-93.5339,61.7047,7.0931],[-93.5349,61.7026,5.8561],[-93.5297,61.7005,6.4073],[-93.5354,61.7,6.0519],[-93.5391,61.7026,5.3797],[-93.538,61.7057,6.1531],[-93.5396,61.7062,6.1531],[-93.5646,61.7062,7.4565],[-93.5687,61.7083,4.348],[-93.5833,61.7083,8.2949],[-93.5875,61.7104,7.4131],[-93.6021,61.7062,8.8675],[-93.6083,61.7083,5.399],[-93.6125,61.7062,10.6386],[-93.6167,61.7062,9.689],[-93.6214,61.7099,7.1621],[-93.6266,61.7109,8.2212],[-93.6328,61.7182,7.776],[-93.625,61.7188,7.34],[-93.6208,61.7167,6.8218],[-93.6125,61.7167,7.9091],[-93.6109,61.7182,6.5605],[-93.6188,61.7188,7.5417],[-93.6229,61.7208,7.3534],[-93.6375,61.7208,6.5278],[-93.6417,61.7188,7.1937],[-93.6458,61.7208,7.956],[-93.6536,61.7214,7.4771],[-93.6557,61.7245,7.441],[-93.6505,61.7255,6.2728],[-93.6464,61.7286,5.3379],[-93.6536,61.7328,5.7903],[-93.6516,61.7349,6.6951],[-93.6464,61.7359,8.0744],[-93.6443,61.7391,7.6199],[-93.6479,61.7417,7.7822],[-93.6542,61.7417,6.9626],[-93.662,61.7443,7.7148],[-93.6609,61.7474,5.2742],[-93.662,61.7495,5.3806],[-93.6479,61.75,8.5904],[-93.6464,61.7516,6.0879],[-93.6557,61.7526,10.2524],[-93.6641,61.7578,7.4606],[-93.6583,61.7583,6.0874],[-93.6526,61.7568,7.5527],[-93.6464,61.7609,5.9168],[-93.6516,61.7641,8.9134],[-93.6396,61.7667,6.1429],[-93.6318,61.7641,8.0118],[-93.6266,61.7589,6.3334],[-93.6104,61.7562,6.9747],[-93.5964,61.7641,6.467],[-93.6005,61.7682,9.7338],[-93.6083,61.7708,10.4591],[-93.6203,61.7714,15.1531],[-93.6266,61.7786,9.6364],[-93.6062,61.7771,8.2158],[-93.5984,61.7797,8.093],[-93.5937,61.7833,10.4731],[-93.5839,61.7839,8.7701],[-93.5849,61.787,9.4738],[-93.5839,61.7891,8.6569],[-93.5979,61.7938,8.2584],[-93.6057,61.7943,13.5507],[-93.5979,61.7979,10.3972],[-93.5937,61.7958,8.9184],[-93.5854,61.7958,8.4887],[-93.5839,61.7974,11.579],[-93.5917,61.8,11.6174],[-93.5995,61.8005,14.2476],[-93.5953,61.8057,9.8464],[-93.5859,61.8099,9.8084],[-93.5922,61.8161,5.5269],[-93.6016,61.8172,7.1609],[-93.6057,61.8224,6.1725],[-93.5979,61.825,6.5013],[-93.5917,61.8229,5.0592],[-93.5875,61.825,8.928],[-93.5833,61.825,8.7463],[-93.5766,61.8193,6.1381],[-93.5687,61.8187,7.9289],[-93.5609,61.8161,4.9452],[-93.5484,61.812,5.4783],[-93.5453,61.8089,5.285],[-93.5375,61.8063,4.9581],[-93.5318,61.8068,5.152],[-93.5328,61.8099,4.5634],[-93.5297,61.8109,2.5319],[-93.5307,61.8141,2.2982],[-93.5292,61.8146,2.5108],[-93.5208,61.8146,4.3111],[-93.5167,61.8125,3.0278],[-93.5125,61.8125,3.8417],[-93.5083,61.8146,6.2349],[-93.5042,61.8146,5.0948],[-93.4979,61.8104,2.2169],[-93.4917,61.8125,3.3123],[-93.4875,61.8104,2.7966],[-93.4687,61.8104,3.7399],[-93.4646,61.8083,1.5263],[-93.4589,61.8089,3.6359],[-93.4828,61.8172,9.8835],[-93.4859,61.8203,0.0],[-93.5078,61.8255,13.1418],[-93.5068,61.8286,0.0],[-93.5188,61.8292,14.9997],[-93.525,61.8333,0.0],[-93.5417,61.8354,5.0439],[-93.5479,61.8396,0.0],[-93.5641,61.8422,12.9242],[-93.5667,61.8458,2.4415],[-93.5729,61.8458,6.329],[-93.5766,61.8432,1.9729],[-93.5724,61.838,0.7571],[-93.5646,61.8375,5.1077],[-93.5609,61.8349,1.4973],[-93.563,61.8318,4.4642],[-93.5708,61.8292,2.4588],[-93.5813,61.8292,5.3245],[-93.5854,61.8312,5.589],[-93.5896,61.8292,6.4354],[-93.5911,61.8297,3.904],[-93.5901,61.8328,1.9481],[-93.5922,61.8349,1.3169],[-93.6047,61.8391,2.1845],[-93.6125,61.8417,3.6251],[-93.6167,61.8396,8.4046],[-93.6224,61.8401,12.0792],[-93.6172,61.8474,0.0],[-93.6224,61.8484,4.5263],[-93.6266,61.8526,2.2617],[-93.625,61.8542,0.0],[-93.6193,61.8547,1.7164],[-93.6234,61.8599,1.0286],[-93.6286,61.8609,5.1001],[-93.6318,61.8641,0.0],[-93.6432,61.8672,3.9012],[-93.6464,61.8703,0.0],[-93.6578,61.8734,5.446],[-93.6599,61.8755,0.7339],[-93.6589,61.8786,1.7408],[-93.6641,61.8797,2.049],[-93.6703,61.887,2.9634],[-93.6609,61.8849,2.8405],[-93.6495,61.8776,0.0],[-93.6417,61.8771,5.651],[-93.6375,61.875,3.865],[-93.6292,61.8792,4.3102],[-93.6276,61.8776,4.9999],[-93.6328,61.8734,0.0],[-93.6229,61.8729,0.0],[-93.6188,61.8708,2.8351],[-93.6109,61.8734,0.0],[-93.6161,61.8807,0.0],[-93.6005,61.8818,0.0],[-93.6057,61.8839,0.8671],[-93.6042,61.8854,1.1649],[-93.5943,61.8849,1.8132],[-93.5953,61.8818,0.7859],[-93.5937,61.8812,0.9119],[-93.5896,61.8812,0.8177],[-93.5854,61.8833,1.9987],[-93.5813,61.8812,0.0],[-93.5667,61.8812,0.6016],[-93.5651,61.8818,4.3727],[-93.5661,61.8849,1.5018],[-93.5521,61.8833,1.1316],[-93.5505,61.8849,2.4321],[-93.5557,61.887,5.4078],[-93.55,61.8875,2.0546],[-93.5437,61.8833,1.0408],[-93.5339,61.8828,0.9589],[-93.5411,61.8797,3.9353],[-93.5333,61.8771,0.6917],[-93.5271,61.8771,0.0],[-93.5234,61.8797,1.0332],[-93.5276,61.8849,0.7783],[-93.5391,61.888,5.4624],[-93.5411,61.8901,2.3852],[-93.5396,61.8917,4.9236],[-93.5354,61.8896,3.2344],[-93.5312,61.8917,3.9842],[-93.5245,61.8859,0.9402],[-93.5062,61.8812,0.0],[-93.5,61.8812,1.1656],[-93.4958,61.8792,0.5747],[-93.4922,61.8797,0.6428],[-93.4901,61.8828,0.343],[-93.5016,61.8859,2.6492],[-93.5062,61.8896,0.0],[-93.5188,61.8896,3.7815],[-93.5266,61.8922,5.196],[-93.5307,61.8995,4.0716],[-93.525,61.9,5.9392],[-93.5188,61.8958,0.0],[-93.5151,61.8995,0.0],[-93.5266,61.9026,3.61],[-93.5359,61.912,2.564],[-93.5474,61.9151,1.927],[-93.5505,61.9182,2.6499],[-93.5583,61.9208,2.7707],[-93.5661,61.9214,0.9328],[-93.5713,61.9266,0.0],[-93.5792,61.9292,3.1793],[-93.6021,61.9271,8.1574],[-93.6083,61.9313,0.0],[-93.6161,61.9318,2.1835],[-93.6151,61.9349,0.4887],[-93.6292,61.9396,9.3321],[-93.637,61.9401,10.2852],[-93.6359,61.9432,1.1617],[-93.637,61.9453,6.1998],[-93.6312,61.9458,1.6015],[-93.6297,61.9474,4.1574],[-93.637,61.9484,2.2437],[-93.6412,61.9547,2.4154],[-93.6359,61.9568,1.4284],[-93.6391,61.9609,3.1726],[-93.637,61.9641,4.2385],[-93.6338,61.9641,5.4094],[-93.6271,61.9583,0.7047],[-93.6083,61.9562,2.2112],[-93.5979,61.9521,7.7153],[-93.5937,61.9542,1.1171],[-93.5896,61.9521,1.497],[-93.5792,61.9521,2.365],[-93.5713,61.9495,0.783],[-93.5682,61.9464,0.0],[-93.5479,61.9396,3.3892],[-93.5443,61.9401,4.8184],[-93.5495,61.9464,0.0],[-93.5479,61.9479,1.1234],[-93.5188,61.9375,0.8381],[-93.5109,61.937,2.688],[-93.5036,61.9297,8.6745],[-93.4958,61.9271,8.0461],[-93.4943,61.9276,8.3946],[-93.4953,61.9307,0.0],[-93.488,61.9318,0.0],[-93.4901,61.9349,0.0],[-93.4953,61.9359,1.9654],[-93.4938,61.9375,0.0],[-93.488,61.937,8.3476],[-93.4833,61.9333,0.0],[-93.4792,61.9354,1.9659],[-93.4734,61.9349,3.7714],[-93.4646,61.9271,2.1777],[-93.45,61.9292,6.378],[-93.4453,61.9255,2.1063],[-93.4339,61.9224,7.6918],[-93.437,61.9193,3.5406],[-93.4313,61.9188,6.0754],[-93.4297,61.9172,7.0129],[-93.4354,61.9167,3.5118],[-93.437,61.9151,1.9701],[-93.4292,61.9083,3.4914],[-93.4146,61.9083,2.6601],[-93.4083,61.9063,0.0],[-93.4021,61.9104,2.9216],[-93.3984,61.9078,1.9836],[-93.3995,61.9047,5.5654],[-93.3974,61.9026,0.3267],[-93.3812,61.9,0.0],[-93.3797,61.9016,3.3312],[-93.3849,61.9026,2.445],[-93.387,61.9047,2.6523],[-93.3859,61.9078,5.356],[-93.387,61.9099,4.3711],[-93.375,61.9104,2.7381],[-93.3734,61.9089,3.1228],[-93.3766,61.9068,2.9084],[-93.3734,61.9036,2.4418],[-93.3745,61.9005,2.2635],[-93.3724,61.8984,0.8679],[-93.3646,61.8979,1.1461],[-93.3542,61.8937,0.0],[-93.3464,61.8932,3.1256],[-93.3495,61.888,0.0],[-93.3474,61.8859,2.8347],[-93.3422,61.8849,9.8725],[-93.3401,61.8828,1.7558],[-93.3411,61.8797,0.1629],[-93.325,61.8771,0.2669],[-93.3213,61.8797,0.7082],[-93.3224,61.8828,2.473],[-93.3193,61.8839,1.322],[-93.3203,61.8911,1.3236],[-93.3182,61.8932,0.4656],[-93.3026,61.8943,5.5061],[-93.3036,61.8974,4.3284],[-93.3,61.9,5.6469],[-93.2984,61.8995,5.2313],[-93.2995,61.8922,1.0076],[-93.2917,61.8896,0.7037],[-93.2833,61.8896,0.9995],[-93.2818,61.8911,0.0],[-93.287,61.8964,1.6639],[-93.2859,61.8995,1.1261],[-93.2995,61.9047,3.0526],[-93.2963,61.9078,1.9227],[-93.2984,61.9099,2.922],[-93.3036,61.9109,4.2135],[-93.3026,61.9141,0.0],[-93.3245,61.9172,6.2237],[-93.3255,61.9203,0.0],[-93.3313,61.925,1.0],[-93.3557,61.9276,4.8285],[-93.3484,61.9307,4.5781],[-93.362,61.9339,1.7295],[-93.3604,61.9354,0.3463],[-93.3547,61.9359,4.3742],[-93.3568,61.9391,0.0],[-93.3646,61.9417,1.1291],[-93.3708,61.9417,6.4767],[-93.3745,61.9443,0.0],[-93.3729,61.9458,0.0],[-93.3651,61.9464,2.7349],[-93.363,61.9484,2.3577],[-93.3641,61.9516,0.7279],[-93.3562,61.9562,4.6315],[-93.3547,61.9557,4.6315],[-93.3557,61.9526,2.7868],[-93.3547,61.9505,6.1835],[-93.3578,61.9484,0.3517],[-93.35,61.9458,2.585],[-93.3464,61.9464,0.0],[-93.3474,61.9495,0.0],[-93.3458,61.95,2.4794],[-93.3391,61.9443,1.6115],[-93.3333,61.9437,1.497],[-93.3318,61.9443,1.6077],[-93.3328,61.9474,2.8522],[-93.3276,61.9484,4.0018],[-93.3318,61.9536,4.4068],[-93.3396,61.9562,5.0737],[-93.3516,61.9568,10.2366],[-93.362,61.9672,8.3344],[-93.3588,61.9693,5.8613],[-93.3599,61.9724,6.3302],[-93.3417,61.9667,6.1919],[-93.3401,61.9672,6.8698],[-93.3411,61.9703,9.5654],[-93.3401,61.9724,5.9298],[-93.3474,61.9714,8.5882],[-93.3526,61.9766,7.8196],[-93.3578,61.9776,8.0672],[-93.3568,61.9807,9.1424],[-93.3641,61.9849,8.9935],[-93.3547,61.9849,9.2781],[-93.3516,61.9818,8.8828],[-93.3464,61.9807,7.9598],[-93.3417,61.975,6.3499],[-93.3276,61.9745,11.7094],[-93.3287,61.9714,11.31],[-93.3276,61.9693,10.6338],[-93.3307,61.9672,8.4658],[-93.3255,61.9661,6.7856],[-93.3266,61.9589,5.9572],[-93.3186,61.955,4.4515],[-93.3172,61.9536,2.8237],[-93.3182,61.9505,0.0],[-93.3021,61.95,1.5794],[-93.2917,61.9458,0.0],[-93.275,61.9437,2.7746],[-93.2693,61.9391,1.4865],[-93.2708,61.9375,7.9542],[-93.275,61.9375,8.1911],[-93.2807,61.9391,0.658],[-93.2771,61.9354,0.0],[-93.2688,61.9354,0.0],[-93.2646,61.9375,1.6484],[-93.2521,61.9375,2.2507],[-93.2417,61.9417,0.5],[-93.238,61.9391,1.5017],[-93.2391,61.9359,0.0],[-93.2349,61.9318,1.6487],[-93.2208,61.9313,3.3177],[-93.2193,61.9328,2.4299],[-93.2245,61.9339,1.5303],[-93.2297,61.9391,2.1866],[-93.2349,61.9401,2.7331],[-93.2401,61.9474,1.6278],[-93.2516,61.9505,4.1736],[-93.2536,61.9536,2.5],[-93.2438,61.9542,4.1743],[-93.2354,61.9479,0.6737],[-93.2312,61.95,2.4404],[-93.2146,61.95,2.2578],[-93.213,61.9516,3.1],[-93.2266,61.9568,1.2831],[-93.2255,61.9599,1.3392],[-93.2307,61.9609,2.3236],[-93.2338,61.9641,0.3139],[-93.2542,61.9708,0.7802],[-93.2625,61.9708,9.5962],[-93.2667,61.9729,7.3803],[-93.2682,61.9714,10.5739],[-93.2662,61.9693,10.4862],[-93.2588,61.9651,12.9493],[-93.2667,61.9625,10.8769],[-93.2771,61.9667,10.2494],[-93.2875,61.9667,11.1196],[-93.2891,61.9651,12.7645],[-93.2776,61.9641,11.7683],[-93.287,61.9589,12.2962],[-93.2755,61.9557,9.7318],[-93.2766,61.9526,10.1288],[-93.2562,61.9458,5.7035],[-93.2505,61.9474,8.0505],[-93.2536,61.9432,4.8605],[-93.2526,61.9401,2.735],[-93.2583,61.9396,2.183],[-93.2599,61.9401,2.183],[-93.2588,61.9432,6.3447],[-93.2667,61.9437,6.0308],[-93.2714,61.9474,7.9664],[-93.2807,61.9484,10.399],[-93.2828,61.9505,10.1663],[-93.2818,61.9536,10.8491],[-93.2896,61.9562,13.0828],[-93.2958,61.9562,11.8459],[-93.2974,61.9578,12.0352],[-93.2953,61.9599,12.5041],[-93.2901,61.9609,13.0824],[-93.2932,61.9651,13.5261],[-93.2911,61.9682,10.9162],[-93.2812,61.9688,8.6625],[-93.2734,61.9714,8.6069],[-93.2714,61.9734,9.1268],[-93.2714,61.9766,1.9269],[-93.2771,61.9771,0.9076],[-93.2875,61.9813,11.3597],[-93.2917,61.9792,11.6244],[-93.2974,61.9797,13.9609],[-93.2943,61.9839,13.642],[-93.2963,61.987,6.927],[-93.3203,61.9943,5.7292],[-93.337,62.013,0.6869],[-93.3318,62.0203,0.6852],[-93.35,62.0229,10.7338],[-93.3542,62.025,1.0],[-93.3688,62.0229,10.2279],[-93.3729,62.025,1.0],[-93.3771,62.025,6.0696],[-93.3812,62.0229,11.94],[-93.3859,62.0266,1.0],[-93.3938,62.0271,3.1702],[-93.4016,62.0297,1.9611],[-93.4062,62.0333,4.5897],[-93.4125,62.0333,4.1235],[-93.4354,62.0417,1.0],[-93.4411,62.0422,3.7255],[-93.4422,62.0453,1.0],[-93.4495,62.0464,2.4348],[-93.4495,62.0495,1.0],[-93.4292,62.0479,1.0],[-93.4208,62.0417,1.0],[-93.4042,62.0396,5.2829],[-93.4,62.0375,1.0],[-93.3833,62.0375,11.7482],[-93.3729,62.0333,1.8828],[-93.3583,62.0333,1.0],[-93.3479,62.0292,0.2308],[-93.3208,62.0292,0.6217],[-93.3193,62.0297,3.4768],[-93.3203,62.0328,2.0381],[-93.3187,62.0333,4.2194],[-93.3125,62.0333,6.9671],[-93.3083,62.0313,1.7855],[-93.3026,62.0318,2.7856],[-93.3047,62.0349,0.0],[-93.3099,62.0359,1.6404],[-93.3141,62.0401,1.802],[-93.313,62.0432,0.0],[-93.3172,62.0495,0.0],[-93.3208,62.05,0.0],[-93.325,62.0479,9.8778],[-93.3391,62.0526,3.3121],[-93.3411,62.0547,0.0],[-93.3396,62.0563,0.0],[-93.3354,62.0542,0.0],[-93.3271,62.0542,1.3351],[-93.3229,62.0521,0.0],[-93.3125,62.0521,3.3784],[-93.3083,62.05,0.7692],[-93.3021,62.05,8.8559],[-93.2953,62.0443,0.6401],[-93.2771,62.0417,0.516],[-93.2729,62.0396,0.2911],[-93.2667,62.0417,2.2224],[-93.2562,62.0375,0.7546],[-93.2479,62.0375,1.027],[-93.2438,62.0396,8.9786],[-93.2401,62.0359,1.882],[-93.2453,62.0349,3.0796],[-93.2536,62.0276,2.7411],[-93.2443,62.0224,5.5376],[-93.2453,62.0193,0.0],[-93.2411,62.0151,8.3777],[-93.2359,62.0141,7.6336],[-93.237,62.0109,5.2871],[-93.2359,62.0089,2.8061],[-93.2432,62.0078,5.0718],[-93.2411,62.0047,9.0539],[-93.2063,62.0,1.7831],[-93.2047,61.9984,6.505],[-93.2099,61.9964,1.4294],[-93.2021,61.9938,0.0],[-93.1854,61.9938,3.7716],[-93.1813,61.9958,3.6404],[-93.1771,61.9938,2.8484],[-93.1708,61.9938,5.7562],[-93.1667,61.9958,8.2933],[-93.1651,61.9953,8.1911],[-93.1661,61.9901,2.7093],[-93.1589,61.9891,3.6876],[-93.1557,61.9839,1.0334],[-93.1396,61.9833,0.9358],[-93.1354,61.9854,3.0119],[-93.1312,61.9833,0.9014],[-93.1276,61.9859,2.4504],[-93.1286,61.9891,2.488],[-93.1255,61.9901,1.8655],[-93.1266,61.9932,3.8561],[-93.1234,61.9974,0.3628],[-93.137,62.0026,4.4862],[-93.1401,62.0057,0.0],[-93.1516,62.0089,5.7841],[-93.1505,62.012,0.0],[-93.1557,62.013,5.8903],[-93.1609,62.0182,0.0],[-93.1724,62.0214,4.3518],[-93.1713,62.0245,2.7947],[-93.1724,62.0266,6.6282],[-93.1708,62.0271,6.1877],[-93.1583,62.0229,2.9667],[-93.1568,62.0245,0.0],[-93.1589,62.0266,2.7497],[-93.1641,62.0276,3.8885],[-93.1693,62.0328,0.0],[-93.1745,62.0339,3.4356],[-93.1797,62.0391,0.0],[-93.1849,62.0401,9.7857],[-93.1818,62.0453,2.187],[-93.1891,62.0443,2.3268],[-93.188,62.0474,5.9389],[-93.1891,62.0495,3.2007],[-93.1792,62.0521,1.0694],[-93.1521,62.05,0.0],[-93.1474,62.0536,5.9363],[-93.138,62.0547,11.9436],[-93.1396,62.0563,11.479],[-93.1474,62.0568,7.6778],[-93.1495,62.0599,7.3773],[-93.1474,62.062,6.7362],[-93.1417,62.0646,8.7562],[-93.1292,62.0646,7.4534],[-93.1193,62.0599,7.3746],[-93.1214,62.0568,7.2687],[-93.1266,62.0557,6.531],[-93.1255,62.0526,6.0141],[-93.1349,62.0536,9.9406],[-93.1338,62.0505,3.0389],[-93.1349,62.0484,0.0],[-93.1297,62.0474,0.0],[-93.1266,62.0443,0.0],[-93.1146,62.0438,0.8876],[-93.1104,62.0417,0.0],[-93.1042,62.0417,3.5294],[-93.0979,62.0396,0.5],[-93.0901,62.0422,4.9053],[-93.0953,62.0443,5.2616],[-93.0974,62.0464,5.0658],[-93.0958,62.0479,4.8995],[-93.0901,62.0474,4.9571],[-93.0854,62.0438,4.4319],[-93.0797,62.0443,1.7056],[-93.0755,62.0474,3.296],[-93.0828,62.0547,0.0],[-93.0818,62.0578,1.669],[-93.088,62.0641,0.0],[-93.0958,62.0646,2.7862],[-93.1036,62.0672,0.0],[-93.0995,62.0724,2.4121],[-93.0937,62.0729,0.0],[-93.0901,62.0755,2.5425],[-93.0922,62.0786,0.7435],[-93.1,62.0812,2.1602],[-93.1078,62.0786,6.1697],[-93.1068,62.0734,4.2909],[-93.1146,62.0708,6.7714],[-93.1245,62.0714,11.0804],[-93.1276,62.0745,7.2621],[-93.1328,62.0755,9.9844],[-93.1396,62.0812,9.0812],[-93.1453,62.0807,10.1755],[-93.1464,62.0776,9.9314],[-93.15,62.075,11.4528],[-93.1516,62.0755,11.0207],[-93.1505,62.0786,8.4246],[-93.1557,62.0797,12.5965],[-93.1651,62.0911,9.8768],[-93.1703,62.0922,9.3822],[-93.1797,62.1016,7.8575],[-93.1917,62.1021,9.9987],[-93.1932,62.1005,9.4109],[-93.1891,62.0964,10.595],[-93.1839,62.0953,10.0813],[-93.1807,62.0922,9.5523],[-93.1693,62.0891,9.8215],[-93.1703,62.0859,10.9933],[-93.1651,62.0797,12.2373],[-93.1724,62.0797,12.3475],[-93.1745,62.0818,12.5386],[-93.1734,62.0849,10.597],[-93.175,62.0854,11.3468],[-93.1813,62.0812,10.5005],[-93.1854,62.0833,9.5274],[-93.1917,62.0833,13.5584],[-93.1953,62.0807,12.8949],[-93.1943,62.0776,11.7913],[-93.1963,62.0755,10.8806],[-93.2021,62.075,11.1426],[-93.2083,62.0792,13.3692],[-93.2167,62.0792,12.1133],[-93.2208,62.0812,11.4565],[-93.2245,62.0776,11.4183],[-93.2109,62.0766,13.4793],[-93.212,62.0734,11.2429],[-93.2109,62.0714,12.2981],[-93.213,62.0693,12.1115],[-93.225,62.0729,11.589],[-93.2292,62.0708,12.8983],[-93.2479,62.0708,16.3461],[-93.2557,62.0734,18.759],[-93.2547,62.0766,10.1202],[-93.2688,62.0812,19.7621],[-93.2792,62.0812,12.7303],[-93.2854,62.0833,11.5495],[-93.2896,62.0812,13.8324],[-93.2974,62.0839,11.2206],[-93.3016,62.088,9.2404],[-93.2984,62.0901,9.35],[-93.2995,62.0932,11.5612],[-93.2984,62.0953,9.3704],[-93.3016,62.0995,11.3557],[-93.2958,62.1042,16.0458],[-93.2833,62.1042,10.7908],[-93.2792,62.1063,9.9398],[-93.2729,62.1063,9.6449],[-93.2667,62.1083,10.5846],[-93.2484,62.1036,14.0134],[-93.2432,62.0984,14.4809],[-93.238,62.0974,13.9496],[-93.2349,62.0943,10.5409],[-93.2271,62.0938,10.5258],[-93.2042,62.0854,11.3046],[-93.2026,62.087,10.6994],[-93.2047,62.0891,8.5419],[-93.2224,62.0943,11.1125],[-93.2266,62.0984,10.5382],[-93.2245,62.1036,9.9123],[-93.2193,62.1047,10.7892],[-93.2203,62.1078,11.5922],[-93.2187,62.1083,10.9613],[-93.2047,62.1089,9.0484],[-93.2026,62.1109,11.1147],[-93.2037,62.1141,10.9872],[-93.2,62.1167,10.3815],[-93.1813,62.1167,11.4892],[-93.1771,62.1146,8.7322],[-93.1693,62.1141,9.6482],[-93.1641,62.1089,9.6501],[-93.1589,62.1078,11.6122],[-93.1547,62.1036,10.938],[-93.1578,62.1005,9.3946],[-93.1438,62.0875,8.1288],[-93.138,62.088,8.1623],[-93.1432,62.0901,8.6717],[-93.1401,62.0932,8.6043],[-93.1422,62.0953,9.8955],[-93.1479,62.0958,9.3614],[-93.1495,62.0974,9.8326],[-93.1396,62.0979,10.1742],[-93.1354,62.1,10.917],[-93.1312,62.1,11.3145],[-93.1271,62.0979,11.0787],[-93.1208,62.1,10.6591],[-93.113,62.0964,10.8018],[-93.1245,62.0953,12.7602],[-93.1312,62.0896,8.6],[-93.1312,62.0875,8.2789],[-93.1167,62.0854,3.814],[-93.1104,62.0812,7.3599],[-93.1036,62.087,1.5586],[-93.0958,62.0875,4.7774],[-93.0854,62.0833,1.3888],[-93.0792,62.0833,1.7339],[-93.0687,62.0792,0.0],[-93.0609,62.0786,5.02],[-93.0557,62.0734,1.3525],[-93.0479,62.0708,1.6389],[-93.038,62.0714,5.7156],[-93.0391,62.0745,5.4773],[-93.0375,62.075,4.7537],[-93.0312,62.075,3.5848],[-93.0271,62.0729,2.2126],[-93.0229,62.075,1.581],[-93.0146,62.075,1.9755],[-93.0104,62.0729,1.3162],[-93.0062,62.075,2.8029],[-93.0,62.075,5.4239],[-92.9984,62.0734,5.0043],[-93.0016,62.0714,0.0],[-92.9896,62.0708,2.1468],[-92.9859,62.0734,2.5778],[-92.9891,62.0786,2.1393],[-92.9838,62.0818,1.3382],[-92.9849,62.0849,2.1924],[-92.9807,62.0891,2.9089],[-92.9755,62.0901,2.037],[-92.9703,62.0974,1.8393],[-92.9651,62.0984,1.8627],[-92.9589,62.1026,1.4227],[-92.963,62.1078,2.233],[-92.9708,62.1083,11.1004],[-92.975,62.1104,3.7454],[-92.9854,62.1104,10.0492],[-92.9896,62.1083,5.2105],[-93.0042,62.1125,1.4224],[-93.0104,62.1125,4.6614],[-93.0146,62.1146,2.0161],[-93.0312,62.1167,4.6568],[-93.0328,62.1161,1.7796],[-93.0318,62.113,3.2735],[-93.0396,62.1104,3.2746],[-93.0536,62.1099,2.1347],[-93.0557,62.1078,6.2867],[-93.0526,62.1036,6.9259],[-93.0542,62.1021,6.2258],[-93.0625,62.1021,0.0],[-93.0667,62.1,11.3946],[-93.0734,62.1057,0.5889],[-93.0813,62.1063,10.963],[-93.0854,62.1083,2.9411],[-93.087,62.1078,9.8827],[-93.0859,62.1047,7.3497],[-93.0901,62.1005,1.5],[-93.1,62.0979,4.6002],[-93.1078,62.1005,5.9348],[-93.1109,62.1036,1.5],[-93.1224,62.1068,3.6295],[-93.1255,62.1099,0.9968],[-93.1307,62.1109,4.4893],[-93.1338,62.1141,1.9858],[-93.1391,62.1151,2.7312],[-93.1412,62.1172,2.4689],[-93.1401,62.1203,2.4063],[-93.1453,62.1266,1.2527],[-93.138,62.1276,0.9235],[-93.1432,62.1339,0.5],[-93.1401,62.1391,0.734],[-93.1443,62.1432,1.7723],[-93.1521,62.1437,4.3113],[-93.1557,62.1464,0.6342],[-93.1542,62.1479,4.0939],[-93.15,62.1458,0.0],[-93.1464,62.1464,0.0],[-93.1422,62.1516,6.5087],[-93.1646,62.1521,0.0],[-93.1661,62.1536,1.2714],[-93.163,62.1557,0.0],[-93.1729,62.1583,6.0485],[-93.1771,62.1563,13.3478],[-93.1917,62.1542,8.644],[-93.2078,62.1589,8.8887],[-93.2125,62.1625,0.0],[-93.2271,62.1646,0.0],[-93.2312,62.1625,16.1583],[-93.2417,62.1667,3.6631],[-93.2495,62.1661,1.3817],[-93.2484,62.163,4.7543],[-93.25,62.1625,6.1552],[-93.2583,62.1625,1.0942],[-93.263,62.1661,1.0046],[-93.2745,62.1693,4.7949],[-93.2786,62.1745,2.1471],[-93.2708,62.1771,1.7306],[-93.2625,62.1771,0.0],[-93.2583,62.1792,1.6269],[-93.2542,62.1771,0.0],[-93.25,62.1771,1.5114],[-93.2438,62.1813,5.1533],[-93.2333,62.1813,6.5502],[-93.2271,62.1771,0.7984],[-93.2229,62.1792,6.4249],[-93.2187,62.1792,4.6834],[-93.2083,62.175,0.8422],[-93.2042,62.1771,2.1331],[-93.1979,62.175,1.0962],[-93.1896,62.175,2.2914],[-93.1854,62.1771,2.7658],[-93.1813,62.1771,6.3143],[-93.175,62.1729,0.6919],[-93.1667,62.1771,1.0],[-93.1542,62.175,2.2446],[-93.1417,62.1792,7.3274],[-93.1229,62.1708,0.0],[-93.1167,62.1708,2.3098],[-93.0984,62.1651,2.1301],[-93.1026,62.1703,3.5224],[-93.1104,62.1708,5.6697],[-93.1151,62.1745,0.0],[-93.1203,62.1755,3.8069],[-93.1224,62.1776,0.0],[-93.1214,62.1807,4.9099],[-93.1292,62.1813,3.0212],[-93.137,62.1839,4.8089],[-93.1438,62.1896,0.0],[-93.1479,62.1875,8.2686],[-93.1646,62.1937,7.8599],[-93.1687,62.1917,5.8062],[-93.175,62.1917,5.7025],[-93.1792,62.1937,5.268],[-93.187,62.1943,5.5037],[-93.1859,62.1974,4.1012],[-93.188,62.1995,4.7599],[-93.1932,62.2005,4.8348],[-93.1974,62.2047,0.0],[-93.1974,62.2078,0.0],[-93.1937,62.2104,1.4226],[-93.1667,62.2104,7.6131],[-93.1625,62.2083,3.4069],[-93.1521,62.2083,6.5344],[-93.1474,62.2047,0.0],[-93.1333,62.2,0.0],[-93.1271,62.2,11.0736],[-93.1224,62.1964,0.0],[-93.1088,62.1932,7.8236],[-93.1057,62.188,4.0331],[-93.1005,62.187,0.0],[-93.0984,62.1849,0.0],[-93.0995,62.1818,1.5502],[-93.0979,62.1813,1.5502],[-93.075,62.1813,5.1504],[-93.0734,62.1818,0.0],[-93.0745,62.1849,2.7567],[-93.0729,62.1854,2.7567],[-93.0583,62.1854,2.6929],[-93.0505,62.1828,2.7971],[-93.0484,62.1807,3.8745],[-93.0495,62.1776,4.201],[-93.0417,62.175,2.0074],[-93.0375,62.1771,2.5565],[-93.0333,62.175,2.2214],[-93.0229,62.175,2.2601],[-93.0188,62.1729,0.0],[-93.0146,62.175,0.0],[-93.0083,62.175,0.0],[-92.9901,62.1703,4.3074],[-92.9911,62.1672,0.0],[-92.9771,62.1625,1.6587],[-92.9755,62.1641,1.8867],[-92.9786,62.1672,2.3626],[-92.9776,62.1703,1.7732],[-92.9891,62.1734,4.3318],[-93.0005,62.1807,1.2708],[-93.0083,62.1833,2.059],[-93.0146,62.1833,8.2617],[-93.025,62.1875,2.7695],[-93.0312,62.1875,2.6098],[-93.0328,62.188,5.4336],[-93.0318,62.1911,1.757],[-93.0411,62.1922,5.8207],[-93.0474,62.1943,9.4188],[-93.0521,62.1979,8.4516],[-93.0563,62.1937,10.0016],[-93.0641,62.1964,7.2586],[-93.0682,62.2016,6.5895],[-93.0625,62.2042,6.6521],[-93.0583,62.2042,6.7836],[-93.0542,62.2021,9.0421],[-93.0333,62.2021,4.5729],[-93.0292,62.2,1.4233],[-93.0188,62.2,5.8426],[-93.0146,62.1979,2.7232],[-93.013,62.1984,3.3627],[-93.0141,62.2016,1.2181],[-93.0083,62.2021,2.1183],[-93.0042,62.2,0.7796],[-92.9958,62.2,2.0846],[-92.9917,62.1979,0.5299],[-92.9875,62.1979,2.7222],[-92.9859,62.1984,5.0981],[-92.987,62.2016,1.789],[-92.9854,62.2021,1.9395],[-92.9812,62.2,0.0],[-92.9708,62.2,1.3828],[-92.9505,62.1943,2.5868],[-92.9641,62.2089,4.5551],[-92.9625,62.2104,3.5454],[-92.9557,62.2047,2.5559],[-92.9417,62.2,1.8922],[-92.9292,62.2,7.3223],[-92.9229,62.1958,1.7029],[-92.9193,62.1995,6.958],[-92.9396,62.2042,8.8499],[-92.9458,62.2083,7.2143],[-92.9537,62.2089,5.2284],[-92.9557,62.212,4.1026],[-92.9458,62.2125,4.1675],[-92.9411,62.2089,3.066],[-92.9333,62.2083,4.484],[-92.9292,62.2062,1.4423],[-92.9234,62.2068,1.2357],[-92.9286,62.2099,5.7727],[-92.9229,62.2125,1.8409],[-92.9146,62.2125,2.2178],[-92.9104,62.2104,0.0],[-92.9062,62.2125,1.8796],[-92.8938,62.2083,3.4106],[-92.8922,62.2089,3.5953],[-92.8932,62.212,1.6426],[-92.8922,62.2141,4.4052],[-92.8995,62.2182,1.6076],[-92.8917,62.2208,0.0],[-92.8833,62.2146,1.8249],[-92.8729,62.2208,5.8497],[-92.862,62.2109,5.4767],[-92.8542,62.2083,1.4459],[-92.8422,62.2078,3.5575],[-92.8297,62.1953,7.1798],[-92.8349,62.1911,4.7297],[-92.8328,62.188,2.7164],[-92.8187,62.1875,2.5002],[-92.8146,62.1854,1.2873],[-92.8109,62.188,4.3084],[-92.812,62.1953,7.235],[-92.8042,62.1958,7.2442],[-92.8026,62.1943,7.3055],[-92.8057,62.1932,7.0746],[-92.8047,62.1901,4.9232],[-92.8057,62.188,3.8767],[-92.8021,62.1854,2.2666],[-92.7979,62.1854,2.9125],[-92.7943,62.188,2.1271],[-92.7932,62.1911,1.883],[-92.788,62.1922,0.0],[-92.7911,62.1974,1.6441],[-92.7859,62.2047,0.0],[-92.787,62.2078,1.8433],[-92.7859,62.2099,1.4625],[-92.7891,62.213,5.2275],[-92.788,62.2161,2.769],[-92.7901,62.2182,3.0974],[-92.7932,62.2182,1.5967],[-92.7922,62.2151,4.8437],[-92.7963,62.2109,9.9445],[-92.8063,62.2083,4.5162],[-92.8125,62.2125,2.5441],[-92.8182,62.212,11.4247],[-92.8229,62.2083,9.0065],[-92.8391,62.2089,7.9629],[-92.8359,62.212,4.0211],[-92.8417,62.2125,6.9814],[-92.8495,62.2161,11.0928],[-92.8432,62.2203,8.1521],[-92.838,62.2214,3.4933],[-92.8391,62.2245,4.0792],[-92.837,62.2286,2.4531],[-92.8318,62.2307,4.5012],[-92.8396,62.2333,3.7933],[-92.8437,62.2313,3.9343],[-92.85,62.2313,10.0564],[-92.8542,62.2333,8.7923],[-92.8599,62.2328,6.0751],[-92.8547,62.2307,7.1771],[-92.8562,62.2292,6.3393],[-92.8724,62.2318,5.9326],[-92.8838,62.2391,4.4855],[-92.8974,62.2443,4.5178],[-92.9036,62.2505,4.5007],[-92.8984,62.2536,9.0286],[-92.9099,62.2568,4.0649],[-92.9089,62.2599,3.9845],[-92.9182,62.2609,4.3033],[-92.9172,62.2641,4.005],[-92.9286,62.2672,4.6494],[-92.9349,62.2734,3.9419],[-92.9339,62.2766,4.1533],[-92.9349,62.2786,5.4083],[-92.9271,62.2833,3.783],[-92.9229,62.2813,3.811],[-92.913,62.2818,4.0036],[-92.9203,62.2859,2.8918],[-92.9172,62.2891,1.8316],[-92.9286,62.2922,1.6933],[-92.9318,62.2953,0.0],[-92.9453,62.2984,12.4089],[-92.95,62.3021,0.0],[-92.9646,62.2979,14.1446],[-92.9729,62.2979,1.7013],[-92.9771,62.2958,2.6984],[-92.9812,62.2979,1.6919],[-92.9854,62.2958,3.567],[-92.9932,62.2984,2.4607],[-92.9922,62.3016,1.4601],[-92.9974,62.3026,2.6083],[-93.0005,62.3057,0.0],[-93.0083,62.3063,2.2017],[-93.0146,62.3104,1.8003],[-93.0188,62.3083,2.1347],[-93.0292,62.3083,2.2831],[-93.0396,62.3167,0.9708],[-93.0411,62.3151,3.1087],[-93.038,62.312,3.1171],[-93.0396,62.3104,2.7952],[-93.0484,62.3182,1.797],[-93.0536,62.3193,1.9931],[-93.0589,62.3245,3.5359],[-93.0641,62.3255,1.3306],[-93.0661,62.3276,1.3187],[-93.0646,62.3292,1.5269],[-93.0604,62.3271,1.71],[-93.0479,62.3271,3.7389],[-93.0437,62.325,0.5831],[-93.0333,62.325,1.7248],[-93.0292,62.3229,0.0],[-93.0188,62.3229,3.6563],[-93.0125,62.3187,0.0],[-93.0047,62.3193,2.2782],[-93.0026,62.3214,2.3138],[-93.0036,62.3245,2.0758],[-93.0,62.3271,2.1316],[-92.9896,62.3271,2.6888],[-92.9854,62.325,1.4296],[-92.9812,62.3271,7.7605],[-92.9771,62.325,1.4203],[-92.9625,62.325,4.7019],[-92.9583,62.3229,1.6838],[-92.9484,62.3224,2.7397],[-92.9437,62.3187,2.6747],[-92.9333,62.3187,1.0478],[-92.9292,62.3167,2.7647],[-92.9229,62.3167,2.1665],[-92.8979,62.3083,0.0],[-92.8896,62.3146,2.2037],[-92.8792,62.3146,5.8938],[-92.875,62.3104,3.4416],[-92.8625,62.3104,2.0801],[-92.8521,62.3063,1.7697],[-92.8458,62.3104,1.539],[-92.8354,62.3104,2.4479],[-92.8276,62.3078,6.6551],[-92.8229,62.3042,3.6239],[-92.8187,62.3042,0.0],[-92.8146,62.3063,2.6716],[-92.8089,62.3057,2.4878],[-92.7953,62.2922,0.0],[-92.7875,62.2896,2.193],[-92.7833,62.2896,1.7793],[-92.7792,62.2917,1.9822],[-92.7651,62.2922,0.0],[-92.7662,62.2953,1.4035],[-92.7588,62.2964,0.0],[-92.7568,62.2984,0.0],[-92.7578,62.3016,1.636],[-92.7458,62.3042,2.0115],[-92.736,62.3016,6.1873],[-92.7391,62.2984,0.0],[-92.7312,62.2958,3.691],[-92.7229,62.2958,1.3108],[-92.7089,62.2911,2.8711],[-92.7057,62.288,1.5556],[-92.7005,62.287,3.0161],[-92.6896,62.2771,0.0],[-92.6797,62.2776,3.4875],[-92.6849,62.2797,5.6745],[-92.6813,62.2833,3.7482],[-92.6667,62.2833,8.9396],[-92.6651,62.2818,10.7536],[-92.6708,62.2813,5.4258],[-92.6724,62.2797,3.5294],[-92.6672,62.2786,6.9495],[-92.6625,62.275,2.0735],[-92.6521,62.275,7.445],[-92.6505,62.2755,7.0312],[-92.6516,62.2786,9.5625],[-92.6458,62.2833,12.7737],[-92.6401,62.2786,11.3764],[-92.6412,62.2714,6.3144],[-92.6359,62.2703,5.3694],[-92.637,62.2672,3.3836],[-92.6359,62.2651,5.4446],[-92.6453,62.2661,3.173],[-92.6505,62.2609,4.6612],[-92.6578,62.2599,6.8142],[-92.6599,62.2568,0.0],[-92.6578,62.2547,2.5239],[-92.65,62.2521,2.9492],[-92.6417,62.2562,5.9499],[-92.6312,62.2521,7.9489],[-92.6271,62.2521,10.3255],[-92.6167,62.2583,5.1837],[-92.6083,62.2583,5.7891],[-92.6005,62.2547,7.3593],[-92.6167,62.25,10.1514],[-92.6208,62.2521,9.6947],[-92.6276,62.2464,8.6529],[-92.6396,62.2417,7.6927],[-92.6536,62.2411,1.1161],[-92.6484,62.2339,4.5635],[-92.6536,62.2328,2.5745],[-92.6557,62.2297,2.1891],[-92.6479,62.2292,0.0],[-92.6271,62.2229,0.6374],[-92.6208,62.2229,1.6105],[-92.6161,62.2193,0.762],[-92.6068,62.2182,9.4199],[-92.6021,62.2146,0.0],[-92.5937,62.2146,1.1468],[-92.5859,62.212,1.6125],[-92.5776,62.2016,7.6218],[-92.5787,62.1943,1.1215],[-92.5776,62.1922,8.0021],[-92.5807,62.1911,6.8264],[-92.5797,62.188,3.7338],[-92.5807,62.1859,14.263],[-92.5776,62.1818,20.7112],[-92.5813,62.1792,15.1999],[-92.5932,62.1766,5.6957],[-92.5953,62.1745,2.6197],[-92.5943,62.1714,16.3489],[-92.6016,62.1661,5.2192],[-92.6078,62.1578,4.384],[-92.6057,62.1547,0.0],[-92.6005,62.1536,2.9753],[-92.6016,62.1505,1.1146],[-92.5995,62.1484,5.4404],[-92.5917,62.1458,4.0197],[-92.5839,62.1505,0.0],[-92.5849,62.1536,3.0473],[-92.5797,62.1547,1.2459],[-92.5828,62.1599,0.0],[-92.5755,62.1651,0.0],[-92.5766,62.1682,0.0],[-92.5745,62.1703,1.312],[-92.5625,62.1688,5.954],[-92.5583,62.1708,1.5486],[-92.5542,62.1708,0.0],[-92.5505,62.1682,0.0],[-92.5521,62.1646,4.144],[-92.55,62.1625,6.8978],[-92.5396,62.1625,0.0],[-92.538,62.163,1.4646],[-92.5391,62.1661,0.0],[-92.5318,62.1661,0.0],[-92.5328,62.163,0.0],[-92.5307,62.1609,0.0],[-92.5255,62.1599,7.174],[-92.5234,62.1578,4.6288],[-92.5286,62.1526,0.0],[-92.5214,62.1516,2.7385],[-92.5182,62.1464,0.0],[-92.5104,62.1437,0.0],[-92.4833,62.1417,0.0],[-92.4756,62.1391,4.5636],[-92.4703,62.1339,0.0],[-92.463,62.1339,4.3152],[-92.4599,62.1391,3.3183],[-92.4547,62.1411,4.6937],[-92.4568,62.1432,3.2797],[-92.462,62.1443,2.7896],[-92.4651,62.1474,3.9623],[-92.4703,62.1484,9.0634],[-92.4724,62.1505,9.2242],[-92.4714,62.1536,0.0],[-92.4755,62.1599,0.0],[-92.4833,62.1604,1.6874],[-92.488,62.1568,5.7775],[-92.4938,62.1563,16.3242],[-92.4984,62.1599,0.0],[-92.5036,62.1609,8.9299],[-92.5099,62.1672,0.0],[-92.5068,62.1682,0.0],[-92.5,62.1625,0.0],[-92.4917,62.1625,2.4681],[-92.4854,62.1646,3.8754],[-92.4812,62.1625,0.0],[-92.4797,62.1641,0.0],[-92.4828,62.1682,0.6481],[-92.475,62.1688,1.4304],[-92.4693,62.1714,0.0],[-92.4714,62.1745,0.0],[-92.4896,62.175,6.7097],[-92.4943,62.1786,0.0],[-92.5057,62.1818,1.457],[-92.4984,62.1849,0.9838],[-92.5182,62.1859,1.8335],[-92.5203,62.188,1.6251],[-92.5193,62.1911,2.6926],[-92.5203,62.1932,0.0],[-92.5188,62.1937,0.0],[-92.5047,62.1901,1.4024],[-92.5088,62.1953,0.9335],[-92.5167,62.1979,2.2229],[-92.5266,62.1953,2.4082],[-92.5255,62.1922,0.7828],[-92.5266,62.1901,1.2643],[-92.5193,62.1828,0.0],[-92.5203,62.1797,3.636],[-92.5151,62.1776,3.5455],[-92.5245,62.1776,0.0],[-92.5297,62.1849,0.0],[-92.5349,62.1859,7.668],[-92.5432,62.1943,1.0147],[-92.5411,62.1974,1.1842],[-92.5359,62.1984,1.1245],[-92.5339,62.2026,1.623],[-92.537,62.2068,0.4604],[-92.5359,62.2161,3.9868],[-92.538,62.2182,1.8491],[-92.5433,62.2193,6.3168],[-92.5484,62.2245,1.2384],[-92.5536,62.2255,2.4707],[-92.5599,62.2318,2.1299],[-92.5589,62.2349,3.8535],[-92.5682,62.2359,4.2992],[-92.5724,62.2401,3.7863],[-92.5672,62.2422,3.6271],[-92.5693,62.2453,2.1102],[-92.575,62.2438,3.3423],[-92.5932,62.2443,2.1131],[-92.5974,62.2495,1.5],[-92.5859,62.2557,3.7007],[-92.5932,62.2568,4.0739],[-92.5974,62.263,3.1699],[-92.5964,62.2661,7.2953],[-92.6078,62.2693,10.3513],[-92.6,62.2729,10.9868],[-92.5896,62.2729,10.0913],[-92.5854,62.2708,8.4076],[-92.5818,62.2734,6.4432],[-92.5828,62.2766,5.4229],[-92.5687,62.2771,5.6425],[-92.5672,62.2776,6.2948],[-92.5682,62.2807,7.6931],[-92.5667,62.2813,7.1945],[-92.5625,62.2792,6.8163],[-92.5583,62.2792,4.81],[-92.5547,62.2828,2.097],[-92.5604,62.2813,4.4451],[-92.5646,62.2833,4.4279],[-92.5724,62.2839,5.274],[-92.5693,62.2891,7.6955],[-92.5745,62.2901,8.1097],[-92.5797,62.2953,8.9423],[-92.5849,62.2964,9.0131],[-92.587,62.2995,12.0155],[-92.5839,62.3016,9.6755],[-92.5891,62.3026,12.6102],[-92.5911,62.3047,9.1077],[-92.5932,62.3068,9.2581],[-92.5922,62.3099,7.5715],[-92.6016,62.3109,15.1035],[-92.6005,62.3141,18.7472],[-92.6026,62.3161,19.9823],[-92.612,62.3172,18.1966],[-92.6109,62.3203,12.6587],[-92.612,62.3224,14.9266],[-92.5964,62.3203,11.2232],[-92.5953,62.3172,9.3473],[-92.588,62.3161,11.2726],[-92.5891,62.3109,13.4662],[-92.5813,62.3083,7.7541],[-92.5729,62.3083,12.1645],[-92.5703,62.3047,7.7798],[-92.563,62.3036,12.8638],[-92.5661,62.3005,7.68],[-92.5563,62.3,10.6817],[-92.5521,62.2979,7.1472],[-92.5422,62.2984,6.1333],[-92.5474,62.3005,9.5302],[-92.5443,62.3057,2.7066],[-92.5505,62.3141,3.224],[-92.562,62.3172,0.8547],[-92.5651,62.3203,0.0],[-92.5729,62.3229,0.4779],[-92.5828,62.3234,4.9091],[-92.5813,62.325,2.2647],[-92.5755,62.3255,0.7472],[-92.5771,62.3271,0.5691],[-92.5854,62.3271,9.9424],[-92.6,62.3312,1.012],[-92.6104,62.3312,8.7408],[-92.6146,62.3333,5.927],[-92.6161,62.3328,2.7896],[-92.6151,62.3276,3.2058],[-92.6167,62.3271,2.711],[-92.6234,62.3328,3.6048],[-92.6349,62.3359,5.9298],[-92.6381,62.3391,8.645],[-92.6432,62.3401,11.9464],[-92.6464,62.3432,1.9971],[-92.6578,62.3464,2.3741],[-92.6625,62.35,0.0],[-92.6729,62.35,8.9843],[-92.6771,62.3521,3.5509],[-92.6833,62.3521,5.1928],[-92.6937,62.3563,3.9192],[-92.7083,62.3583,4.2517],[-92.7187,62.3625,1.6682],[-92.7333,62.3625,19.5904],[-92.7396,62.3667,4.9741],[-92.7474,62.3661,0.0],[-92.7464,62.363,11.0657],[-92.7479,62.3625,16.7535],[-92.7646,62.3688,0.0],[-92.7792,62.3688,3.7632],[-92.7833,62.3667,5.9142],[-92.8,62.3667,3.5656],[-92.8042,62.3646,7.6708],[-92.8333,62.3646,3.5564],[-92.8396,62.3604,9.8711],[-92.8437,62.3625,4.3273],[-92.85,62.3604,10.157],[-92.8578,62.363,5.2785],[-92.862,62.3672,4.1137],[-92.862,62.3703,3.4346],[-92.8562,62.375,5.4338],[-92.8521,62.375,5.3959],[-92.8479,62.3729,3.4086],[-92.8229,62.3729,5.22],[-92.8187,62.3708,3.5796],[-92.8146,62.3729,4.4005],[-92.7917,62.3729,3.8831],[-92.7875,62.3708,4.0874],[-92.7812,62.3708,4.2083],[-92.775,62.375,5.1894],[-92.7708,62.3729,1.6698],[-92.7604,62.3729,2.4237],[-92.7562,62.3708,0.6242],[-92.7417,62.3729,1.2116],[-92.7375,62.3708,0.0],[-92.7292,62.3708,1.5572],[-92.7266,62.3745,2.4165],[-92.7125,62.3792,1.1846],[-92.7026,62.3797,1.1418],[-92.7037,62.3828,1.6421],[-92.7021,62.3833,3.7883],[-92.6979,62.3812,0.0],[-92.6854,62.3854,5.0414],[-92.6813,62.3833,1.6676],[-92.6713,62.3839,3.0316],[-92.6724,62.387,2.6281],[-92.6672,62.3911,1.5512],[-92.6854,62.3917,6.6807],[-92.6958,62.4,0.6907],[-92.7083,62.4,3.8178],[-92.7099,62.3995,1.9319],[-92.7089,62.3964,5.13],[-92.7104,62.3958,4.6062],[-92.7333,62.3958,7.1915],[-92.7349,62.3964,2.9394],[-92.7338,62.3995,3.037],[-92.7432,62.4005,1.8469],[-92.7422,62.4036,1.7939],[-92.7474,62.4047,3.5438],[-92.7536,62.4109,3.6069],[-92.7521,62.4125,3.6663],[-92.7474,62.4089,3.5772],[-92.7396,62.4083,6.6942],[-92.7292,62.4042,1.7627],[-92.7214,62.4047,2.3402],[-92.7224,62.4078,2.3623],[-92.7208,62.4083,2.1437],[-92.7167,62.4083,5.1542],[-92.7125,62.4063,1.0153],[-92.7089,62.4089,2.8925],[-92.7089,62.412,1.8224],[-92.713,62.4161,1.9443],[-92.7182,62.4172,0.0],[-92.7224,62.4214,2.4638],[-92.7214,62.4245,0.5492],[-92.7255,62.4286,7.6975],[-92.737,62.4318,5.1922],[-92.7391,62.4339,1.5396],[-92.738,62.437,0.0],[-92.7432,62.4432,0.0],[-92.7401,62.4443,1.9329],[-92.738,62.4474,2.1438],[-92.7458,62.45,0.0],[-92.7557,62.4505,0.0],[-92.7542,62.4521,0.0],[-92.7484,62.4526,3.6762],[-92.7464,62.4547,3.5115],[-92.7536,62.4641,1.9958],[-92.75,62.4667,3.9329],[-92.7359,62.4672,0.0],[-92.7338,62.4693,0.0],[-92.7349,62.4724,6.8161],[-92.7276,62.4734,0.0],[-92.7307,62.4786,0.0488],[-92.7276,62.4786,0.6598],[-92.7229,62.475,0.0],[-92.7125,62.475,0.0],[-92.7083,62.4771,2.9231],[-92.6833,62.4771,7.5642],[-92.6792,62.4792,1.4242],[-92.6562,62.4792,1.5551],[-92.6521,62.4771,0.0],[-92.6438,62.4771,1.2643],[-92.6396,62.4792,7.7607],[-92.6292,62.4792,2.5747],[-92.625,62.4771,0.0],[-92.6208,62.4792,1.9753],[-92.6193,62.4786,7.702],[-92.6203,62.4755,0.0],[-92.6125,62.4729,1.312],[-92.6109,62.4734,0.0],[-92.612,62.4766,6.6135],[-92.6099,62.4786,1.5064],[-92.6042,62.4813,0.0],[-92.5984,62.4807,3.9962],[-92.5932,62.4755,7.1415],[-92.5875,62.475,8.5148],[-92.5813,62.4792,2.0],[-92.5604,62.4792,1.4405],[-92.5542,62.4813,6.3589],[-92.55,62.4792,2.6293],[-92.5422,62.4786,0.0],[-92.5391,62.4755,0.9988],[-92.525,62.4708,2.912],[-92.5234,62.4714,1.8951],[-92.5245,62.4745,2.9964],[-92.5146,62.475,0.0],[-92.5109,62.4786,0.0],[-92.5203,62.4797,7.5487],[-92.5193,62.4828,1.7236],[-92.5214,62.4849,0.0],[-92.5292,62.4854,8.6915],[-92.5396,62.4896,0.0],[-92.5474,62.4891,7.9886],[-92.5521,62.4854,2.4256],[-92.5667,62.4854,13.3207],[-92.5766,62.4911,0.6344],[-92.5693,62.4922,2.3536],[-92.5646,62.4958,2.5564],[-92.5604,62.4958,1.5],[-92.5563,62.4938,0.275],[-92.5396,62.4938,17.4929],[-92.5354,62.4917,2.9944],[-92.525,62.4917,4.6927],[-92.5208,62.4896,2.7712],[-92.5042,62.4896,7.9086],[-92.4984,62.488,2.9953],[-92.4995,62.4911,11.4183],[-92.4984,62.4932,3.695],[-92.5005,62.4974,0.0],[-92.5208,62.5,0.0],[-92.5276,62.5057,1.6468],[-92.537,62.5068,2.197],[-92.5359,62.5099,0.9292],[-92.537,62.512,-1.0],[-92.5312,62.5104,2.437],[-92.5214,62.513,5.9845],[-92.5193,62.5151,5.7291],[-92.5203,62.5182,7.0407],[-92.5193,62.5203,0.0],[-92.5271,62.5229,7.7981],[-92.5312,62.5208,1.5],[-92.5354,62.5208,7.6195],[-92.5396,62.5229,0.0],[-92.5557,62.5224,2.9905],[-92.5443,62.5182,2.6786],[-92.5422,62.5161,5.5269],[-92.5437,62.5146,4.1711],[-92.5516,62.5141,3.5],[-92.5463,62.5068,11.0495],[-92.5521,62.5062,8.2771],[-92.5536,62.5047,6.1878],[-92.5443,62.5036,4.8526],[-92.5359,62.4984,3.5],[-92.55,62.4979,3.5],[-92.5542,62.5,3.5],[-92.5646,62.5,4.8986],[-92.5687,62.4979,5.0272],[-92.5729,62.4979,4.149],[-92.5776,62.5016,5.5145],[-92.5828,62.5026,3.5],[-92.5849,62.5057,4.5659],[-92.5797,62.5068,3.5],[-92.5755,62.5099,3.5],[-92.5828,62.5109,13.9634],[-92.5849,62.5161,5.6691],[-92.5818,62.5193,5.1719],[-92.5828,62.5224,9.4939],[-92.5771,62.5229,4.377],[-92.5755,62.5245,7.7536],[-92.5854,62.5271,3.2278],[-92.5958,62.5271,6.3538],[-92.5995,62.5307,4.4926],[-92.5937,62.5313,4.5001],[-92.5896,62.5292,3.7531],[-92.5833,62.5292,3.3835],[-92.5792,62.5313,6.4624],[-92.5646,62.5271,3.968],[-92.5604,62.5292,2.0606],[-92.5521,62.5292,0.6747],[-92.5479,62.5313,0.9663],[-92.5354,62.5313,8.2778],[-92.5339,62.5328,7.7449],[-92.5359,62.5349,0.6209],[-92.5521,62.5396,0.0],[-92.5766,62.5401,6.195],[-92.5787,62.5432,2.2958],[-92.5708,62.5438,0.0],[-92.5667,62.5458,0.0],[-92.5583,62.5458,2.073],[-92.5568,62.5474,1.3803],[-92.5708,62.5479,11.2889],[-92.5787,62.5505,11.3223],[-92.5776,62.5536,1.1503],[-92.5828,62.5547,4.4951],[-92.5813,62.5583,2.0519],[-92.5839,62.562,3.2353],[-92.5896,62.5625,8.5832],[-92.5922,62.5661,0.0],[-92.6057,62.5693,2.4203],[-92.6016,62.5724,0.0],[-92.5901,62.5755,0.0],[-92.5911,62.5786,5.9977],[-92.588,62.5807,1.1489],[-92.5917,62.5812,0.5],[-92.5958,62.5792,13.9064],[-92.6021,62.5833,2.0528],[-92.6062,62.5833,7.2352],[-92.6104,62.5812,10.8769],[-92.6151,62.5849,6.0772],[-92.6203,62.5859,5.5682],[-92.6286,62.5943,1.8931],[-92.6234,62.5974,3.433],[-92.6292,62.5979,8.3526],[-92.6349,62.5964,1.6627],[-92.6338,62.5995,2.6313],[-92.637,62.6036,2.6953],[-92.6292,62.6042,2.2377],[-92.6234,62.6026,2.8276],[-92.6193,62.6078,3.8697],[-92.6245,62.6099,5.7886],[-92.6188,62.6104,3.444],[-92.6088,62.6078,4.5876],[-92.612,62.6047,3.1857],[-92.6068,62.6026,1.8103],[-92.6203,62.6016,2.6565],[-92.6125,62.5979,0.8586],[-92.5896,62.6,4.5989],[-92.5849,62.5964,6.786],[-92.5755,62.5953,7.4232],[-92.5766,62.5922,2.9518],[-92.5687,62.5896,1.8834],[-92.5568,62.5891,20.5828],[-92.5526,62.5839,6.4446],[-92.5583,62.5833,14.5815],[-92.5687,62.5875,1.9433],[-92.575,62.5854,12.8837],[-92.5792,62.5875,5.2136],[-92.5875,62.5875,2.5433],[-92.5911,62.5839,0.5],[-92.5713,62.5807,3.0576],[-92.5661,62.5755,1.2407],[-92.5609,62.5745,1.382],[-92.5542,62.5687,2.1183],[-92.5479,62.5687,1.5529],[-92.5437,62.5667,0.0],[-92.5312,62.5667,9.5976],[-92.5234,62.5641,7.1003],[-92.5266,62.5589,1.9691],[-92.5214,62.5578,12.2985],[-92.5167,62.5542,0.0],[-92.5088,62.5536,3.7354],[-92.5099,62.5505,6.9088],[-92.5078,62.5484,0.0],[-92.4984,62.5474,13.828],[-92.4995,62.5443,0.0],[-92.4917,62.5417,0.0],[-92.4838,62.5411,5.7246],[-92.4807,62.538,1.1907],[-92.4729,62.5354,0.0],[-92.4667,62.5354,0.5],[-92.4604,62.5313,0.0],[-92.45,62.5313,1.9717],[-92.4453,62.5349,0.3109],[-92.4396,62.5354,0.5433],[-92.4318,62.5328,0.0],[-92.4286,62.5297,1.5566],[-92.4187,62.5271,0.0],[-92.3958,62.5271,0.6988],[-92.3943,62.5266,0.0],[-92.3953,62.5234,0.9734],[-92.3938,62.5229,0.0],[-92.3859,62.5276,0.7786],[-92.387,62.5307,1.0],[-92.3838,62.5339,4.2868],[-92.3849,62.537,-0.0144],[-92.3792,62.5396,0.0],[-92.3714,62.5401,1.2189],[-92.3682,62.5432,0.0],[-92.3583,62.5458,0.0],[-92.338,62.5391,2.6975],[-92.3432,62.5359,1.7202],[-92.3354,62.5354,3.3865],[-92.3313,62.5333,0.9781],[-92.3234,62.5339,0.9968],[-92.3255,62.537,0.0],[-92.3307,62.538,2.609],[-92.3297,62.5411,0.0],[-92.338,62.5495,0.0],[-92.3458,62.55,5.6685],[-92.3495,62.5526,2.979],[-92.3417,62.5563,6.206],[-92.3359,62.5568,1.5961],[-92.3375,62.5583,2.0075],[-92.3474,62.5589,2.9312],[-92.3417,62.5625,2.6582],[-92.3375,62.5625,1.5],[-92.3333,62.5604,2.6749],[-92.3234,62.5609,0.9358],[-92.3234,62.5641,0.9779],[-92.3432,62.5693,0.2475],[-92.3417,62.5708,0.7794],[-92.3375,62.5708,0.5109],[-92.3333,62.5729,1.1722],[-92.3125,62.5729,1.5269],[-92.3083,62.575,3.9561],[-92.3,62.575,10.4458],[-92.2984,62.5745,12.5386],[-92.2995,62.5714,3.0798],[-92.2917,62.5687,0.0],[-92.285,62.5686,1.3115],[-92.2792,62.5646,5.5099],[-92.2708,62.5646,15.4431],[-92.2667,62.5625,14.7534],[-92.2583,62.5687,3.5769],[-92.2542,62.5667,0.0],[-92.2479,62.5687,2.5963],[-92.2438,62.5667,0.0],[-92.238,62.5672,7.5959],[-92.2484,62.5786,3.6386],[-92.2604,62.5792,5.2286],[-92.2682,62.5818,6.801],[-92.2667,62.5833,0.0],[-92.2588,62.5839,2.7208],[-92.2641,62.5859,5.3929],[-92.2682,62.5901,4.8444],[-92.2682,62.5932,9.8942],[-92.2646,62.5958,1.8129],[-92.2562,62.5896,4.2675],[-92.2505,62.5901,1.0],[-92.2516,62.5932,3.9911],[-92.25,62.5938,5.2876],[-92.2438,62.5896,1.9123],[-92.2354,62.5896,3.0596],[-92.2312,62.5875,0.0],[-92.2271,62.5896,0.0],[-92.2214,62.5891,8.959],[-92.2151,62.5818,6.8292],[-92.2208,62.5833,0.0],[-92.2266,62.5807,9.9395],[-92.2229,62.5771,3.9949],[-92.2125,62.5771,0.0],[-92.2083,62.5792,2.6427],[-92.2,62.5792,1.4026],[-92.1958,62.5771,0.8603],[-92.1839,62.5776,5.3141],[-92.1953,62.5818,10.3843],[-92.2005,62.587,7.6574],[-92.2104,62.5875,16.5692],[-92.213,62.5911,5.9337],[-92.2203,62.5922,7.6283],[-92.2146,62.5958,4.9814],[-92.2068,62.5964,7.4176],[-92.2078,62.5995,8.0599],[-92.2047,62.6005,7.9875],[-92.2026,62.6036,8.3595],[-92.2047,62.6057,9.7164],[-92.2099,62.6068,12.3349],[-92.2083,62.6083,11.3995],[-92.1984,62.6078,10.2938],[-92.1963,62.6057,10.0508],[-92.1974,62.6026,12.2586],[-92.1937,62.6,6.9253],[-92.1833,62.6,8.8212],[-92.1792,62.5979,7.0829],[-92.1729,62.5979,7.0878],[-92.1687,62.6,15.0337],[-92.1609,62.5974,10.9576],[-92.1625,62.5958,6.9685],[-92.1724,62.5953,14.1298],[-92.1625,62.5917,7.9474],[-92.1578,62.5953,7.8979],[-92.1547,62.5953,8.319],[-92.1464,62.587,9.6356],[-92.1474,62.5839,8.8878],[-92.1453,62.5818,8.3806],[-92.1338,62.5786,9.4355],[-92.1318,62.5766,16.6109],[-92.1359,62.5734,6.8453],[-92.1412,62.5724,7.3577],[-92.138,62.5672,7.0677],[-92.1401,62.5651,7.4349],[-92.1438,62.5646,7.2735],[-92.15,62.5687,6.7906],[-92.1604,62.5687,18.1762],[-92.1651,62.5724,7.7952],[-92.1807,62.5766,5.5381],[-92.1797,62.5734,3.6237],[-92.1828,62.5714,0.0],[-92.1693,62.5682,1.7376],[-92.1672,62.5651,2.7244],[-92.1771,62.5646,1.2374],[-92.1807,62.562,0.0],[-92.1755,62.5599,1.2305],[-92.1766,62.5568,1.4085],[-92.1755,62.5547,9.9954],[-92.1786,62.5536,3.9077],[-92.1807,62.5505,0.0],[-92.1708,62.5521,3.75],[-92.1542,62.5583,10.0873],[-92.1505,62.5578,9.2322],[-92.1484,62.5547,9.4066],[-92.1604,62.55,5.3965],[-92.1729,62.55,3.9636],[-92.1776,62.5464,4.5195],[-92.1833,62.5458,1.8987],[-92.1849,62.5443,0.0],[-92.175,62.5417,0.0],[-92.1708,62.5438,4.0987],[-92.1562,62.5396,0.0],[-92.15,62.5396,0.0],[-92.1458,62.5417,5.2852],[-92.1271,62.5333,0.0],[-92.1255,62.5349,0.0],[-92.1276,62.537,2.0689],[-92.1328,62.5391,0.0],[-92.1104,62.5417,5.4558],[-92.1026,62.5391,3.1458],[-92.1036,62.5359,0.7941],[-92.0958,62.5333,0.0],[-92.0922,62.537,4.599],[-92.0995,62.5411,3.1432],[-92.0833,62.5417,4.139],[-92.0776,62.5401,3.1203],[-92.0797,62.5432,7.0014],[-92.0849,62.5443,6.0468],[-92.0833,62.5479,11.9187],[-92.0849,62.5516,11.6566],[-92.0818,62.5557,14.9688],[-92.087,62.5568,13.7363],[-92.0891,62.5589,13.8352],[-92.0875,62.5604,14.663],[-92.0833,62.5604,13.5704],[-92.0708,62.5563,14.3942],[-92.0667,62.5583,16.2135],[-92.0609,62.5578,17.9013],[-92.0568,62.5526,20.2218],[-92.0604,62.55,17.3102],[-92.0661,62.5495,12.6784],[-92.0651,62.5464,12.0877],[-92.0729,62.5458,11.2221],[-92.0745,62.5443,6.4961],[-92.0609,62.5432,8.5112],[-92.062,62.5401,9.6599],[-92.0568,62.5391,8.5058],[-92.05,62.5333,6.0212],[-92.0396,62.5333,5.86],[-92.025,62.5292,1.5028],[-92.0188,62.5292,1.9881],[-92.0146,62.5313,11.6076],[-92.0104,62.5292,4.6792],[-91.9958,62.5292,0.0],[-91.988,62.5318,3.5545],[-91.9917,62.5354,4.8815],[-92.0021,62.5354,7.6608],[-92.0099,62.538,9.1098],[-92.0088,62.5411,11.2002],[-92.0099,62.5432,5.6972],[-92.0078,62.5453,10.0062],[-91.9984,62.5484,7.2464],[-91.9995,62.5516,5.7761],[-91.9938,62.5563,9.8099],[-91.9891,62.5526,5.7288],[-91.9838,62.5516,6.1168],[-91.9797,62.5474,5.0405],[-91.9807,62.5443,4.6717],[-91.9755,62.5432,6.0451],[-91.9734,62.5411,7.9229],[-91.9755,62.538,5.6557],[-91.9828,62.537,6.172],[-91.9812,62.5354,4.4997],[-91.9755,62.5349,3.6851],[-91.9786,62.5318,4.5013],[-91.9646,62.5313,2.1614],[-91.9604,62.5292,0.0],[-91.9505,62.5297,3.2354],[-91.9568,62.537,0.0],[-91.962,62.538,3.613],[-91.9661,62.5453,0.0],[-91.9521,62.5438,0.0],[-91.9505,62.5453,1.915],[-91.9557,62.5474,0.0],[-91.9495,62.5516,4.0435],[-91.9375,62.5542,4.2937],[-91.9313,62.55,0.9587],[-91.925,62.55,0.0],[-91.9109,62.5578,3.4441],[-91.9167,62.5625,3.0394],[-91.9229,62.5604,3.6838],[-91.9271,62.5625,6.5196],[-91.9307,62.5599,3.2402],[-91.9276,62.5557,2.8466],[-91.9292,62.5542,5.1555],[-91.9396,62.5583,7.4416],[-91.9432,62.5578,7.2961],[-91.9479,62.5542,4.4722],[-91.962,62.5547,9.1769],[-91.9557,62.562,8.5531],[-91.9484,62.563,7.356],[-91.9537,62.5651,11.9037],[-91.9526,62.5682,9.1216],[-91.9537,62.5703,7.9126],[-91.9521,62.5708,5.7976],[-91.9437,62.5708,9.4593],[-91.9396,62.5687,4.87],[-91.9271,62.5687,6.5713],[-91.9208,62.5646,5.1846],[-91.9193,62.5661,3.7656],[-91.9276,62.5745,8.9088],[-91.9396,62.575,7.5464],[-91.9474,62.5776,7.4488],[-91.9453,62.5807,5.3842],[-91.9401,62.5818,9.9147],[-91.9516,62.5859,10.1292],[-91.95,62.5875,6.1047],[-91.9443,62.588,4.6624],[-91.9463,62.5911,10.3075],[-91.9563,62.5917,13.09],[-91.9708,62.5958,5.9816],[-91.9766,62.5943,6.7002],[-91.9745,62.5974,7.4776],[-91.9672,62.5984,6.4062],[-91.9625,62.6021,10.0738],[-91.9583,62.6,7.3081],[-91.9526,62.6005,11.1609],[-91.9604,62.6042,10.2569],[-91.9682,62.6047,10.7708],[-91.9724,62.6089,10.6847],[-91.9708,62.6104,10.8859],[-91.9604,62.6063,10.6628],[-91.9521,62.6063,15.8551],[-91.9417,62.6021,11.6721],[-91.9375,62.6042,12.745],[-91.9292,62.6042,12.9691],[-91.9255,62.6005,12.9166],[-91.9307,62.5984,9.9499],[-91.9172,62.5974,10.9377],[-91.9151,62.5943,12.1642],[-91.9208,62.5958,10.9043],[-91.9245,62.5932,12.2941],[-91.9224,62.588,8.5361],[-91.9109,62.587,10.7533],[-91.912,62.5818,6.8256],[-91.9021,62.5812,7.1969],[-91.8984,62.5786,9.111],[-91.9021,62.5771,10.6156],[-91.9078,62.5786,8.0387],[-91.912,62.5745,5.7958],[-91.9084,62.5708,3.1774],[-91.8958,62.5708,1.6727],[-91.8875,62.575,2.5718],[-91.8833,62.5729,0.0],[-91.8734,62.5734,0.8959],[-91.863,62.5776,2.4056],[-91.8641,62.5807,1.7716],[-91.863,62.5828,1.8458],[-91.8708,62.5833,4.2987],[-91.8786,62.5859,2.661],[-91.8807,62.5891,3.3242],[-91.8693,62.5901,2.2146],[-91.8745,62.5922,0.0],[-91.8708,62.5958,0.0],[-91.8667,62.5938,0.0],[-91.8547,62.5922,2.8037],[-91.8568,62.5953,4.3475],[-91.862,62.5964,6.0511],[-91.8641,62.5984,1.7292],[-91.8609,62.6005,1.7186],[-91.863,62.6036,3.1438],[-91.8682,62.6047,1.6753],[-91.8604,62.6083,2.2131],[-91.8547,62.6089,3.3434],[-91.8588,62.6141,1.4587],[-91.8641,62.6151,3.674],[-91.8625,62.6167,0.0],[-91.8547,62.6172,6.8555],[-91.8568,62.6203,1.5931],[-91.8646,62.6229,5.2463],[-91.8688,62.6229,5.764],[-91.8729,62.6208,7.7957],[-91.8807,62.6234,2.0883],[-91.8755,62.6266,4.7276],[-91.8891,62.6318,2.8249],[-91.8838,62.6349,0.0],[-91.8917,62.6354,5.1091],[-91.8958,62.6375,0.0],[-91.9062,62.6375,5.2496],[-91.9167,62.6417,2.1928],[-91.9224,62.6422,2.049],[-91.9193,62.6443,1.9502],[-91.9203,62.6474,1.6811],[-91.9193,62.6495,2.0439],[-91.9208,62.65,1.8781],[-91.9354,62.65,0.0],[-91.9432,62.6474,1.781],[-91.9479,62.6437,6.5272],[-91.9542,62.6458,0.0],[-91.9625,62.6396,0.0],[-91.9729,62.6396,2.8778],[-91.9776,62.6432,0.0],[-91.9854,62.6458,1.7885],[-91.9938,62.6458,12.2099],[-91.9953,62.6453,0.0],[-91.9943,62.6422,0.0],[-92.0021,62.6417,12.5659],[-92.0188,62.6479,1.3935],[-92.0292,62.6479,4.5333],[-92.0542,62.6563,0.0],[-92.0583,62.6542,7.0103],[-92.0687,62.6583,1.9125],[-92.0896,62.6583,4.9102],[-92.1,62.6625,1.5],[-92.1104,62.6625,5.1445],[-92.1146,62.6604,1.5],[-92.1188,62.6604,1.5],[-92.1203,62.662,5.1298],[-92.1172,62.6661,0.0],[-92.1188,62.6667,0.0],[-92.125,62.6625,6.7605],[-92.1458,62.6625,2.7436],[-92.15,62.6604,4.341],[-92.1542,62.6625,3.1776],[-92.1708,62.6625,5.3029],[-92.1776,62.6682,0.8961],[-92.1896,62.6688,6.6673],[-92.2,62.6729,3.6015],[-92.2208,62.6729,6.0779],[-92.2255,62.6766,3.3232],[-92.2333,62.6792,5.8991],[-92.2375,62.6771,5.2513],[-92.2438,62.6771,8.6501],[-92.2479,62.6792,7.1905],[-92.2521,62.6792,7.4829],[-92.2562,62.6771,10.906],[-92.2724,62.6776,12.5972],[-92.2651,62.6807,9.7977],[-92.2682,62.6839,9.9986],[-92.2672,62.687,9.4315],[-92.2745,62.6911,8.9283],[-92.2693,62.6922,6.5449],[-92.2703,62.6953,11.1666],[-92.2688,62.6958,11.008],[-92.2568,62.6943,5.3516],[-92.262,62.7005,3.3565],[-92.2609,62.7036,5.6414],[-92.262,62.7057,0.0],[-92.2588,62.7078,0.0],[-92.2667,62.7083,5.6103],[-92.2729,62.7042,10.2062],[-92.2771,62.7062,0.0],[-92.2812,62.7042,12.7183],[-92.2854,62.7042,0.0],[-92.2932,62.7016,4.3976],[-92.2922,62.6984,7.1725],[-92.2937,62.6979,5.7861],[-92.3,62.6979,5.6279],[-92.3078,62.7005,7.3965],[-92.312,62.7057,5.2678],[-92.3026,62.7047,3.1281],[-92.3047,62.7078,0.0],[-92.3099,62.7089,3.2194],[-92.3151,62.7141,2.2082],[-92.3266,62.7172,3.6093],[-92.3255,62.7203,5.067],[-92.3297,62.7245,0.0],[-92.3432,62.7297,2.2162],[-92.3536,62.7401,4.1082],[-92.3526,62.7432,1.3534],[-92.363,62.7557,1.4865],[-92.3828,62.7609,3.1688],[-92.3849,62.7641,3.5666],[-92.3818,62.7703,0.0],[-92.387,62.7714,0.6624],[-92.3922,62.7766,1.519],[-92.4021,62.775,8.368],[-92.4036,62.7734,9.4437],[-92.4016,62.7714,8.9888],[-92.3964,62.7703,8.6314],[-92.3974,62.7672,8.6452],[-92.3922,62.7661,8.5085],[-92.3932,62.763,10.9312],[-92.3901,62.7589,8.0411],[-92.4042,62.7604,13.2291],[-92.4083,62.7625,14.7208],[-92.4125,62.7604,19.3272],[-92.4224,62.7661,15.1249],[-92.413,62.7672,13.7149],[-92.4089,62.7693,12.2379],[-92.4068,62.7724,9.3383],[-92.4146,62.775,11.6115],[-92.4161,62.7745,12.0679],[-92.4151,62.7693,14.2576],[-92.4208,62.7708,15.7747],[-92.4313,62.7667,18.5665],[-92.4375,62.7667,22.6182],[-92.4443,62.7724,18.3679],[-92.462,62.7776,25.8501],[-92.4672,62.7828,16.7998],[-92.475,62.7833,24.7256],[-92.4792,62.7854,17.2148],[-92.4958,62.7854,18.0826],[-92.5005,62.7891,17.6253],[-92.5057,62.7901,21.1304],[-92.5078,62.7932,16.3635],[-92.4958,62.7917,17.8554],[-92.4943,62.7932,18.18],[-92.4979,62.7958,17.2926],[-92.5078,62.7964,29.6704],[-92.513,62.8016,20.6343],[-92.5182,62.8026,21.6362],[-92.5203,62.8057,17.2531],[-92.5172,62.8078,17.8419],[-92.5203,62.812,17.3061],[-92.513,62.812,17.1958],[-92.5141,62.8089,22.1351],[-92.512,62.8068,17.1214],[-92.5062,62.8063,21.4128],[-92.5047,62.8078,20.2083],[-92.5078,62.812,14.0305],[-92.5042,62.8146,14.6362],[-92.4943,62.8151,14.8887],[-92.4953,62.8182,15.0552],[-92.4943,62.8203,15.1604],[-92.5078,62.8214,13.9111],[-92.5099,62.8245,16.2506],[-92.5068,62.8286,14.2418],[-92.5099,62.8328,13.9129],[-92.4938,62.8333,14.2226],[-92.4833,62.8292,17.3809],[-92.4771,62.8292,16.04],[-92.4729,62.8312,15.4758],[-92.4672,62.8266,14.6067],[-92.4682,62.8234,12.1008],[-92.4604,62.8229,11.3933],[-92.4557,62.8193,11.1029],[-92.4479,62.8187,11.3011],[-92.4443,62.8161,11.8132],[-92.4453,62.813,9.8566],[-92.4443,62.8109,6.9892],[-92.4542,62.8083,9.002],[-92.4599,62.8089,11.7183],[-92.4646,62.8125,11.3004],[-92.4661,62.812,11.1651],[-92.4651,62.8089,12.4064],[-92.4667,62.8083,12.4778],[-92.4729,62.8104,14.026],[-92.4875,62.8063,15.3255],[-92.4917,62.8083,14.4722],[-92.4953,62.8078,18.0237],[-92.4995,62.8026,18.5747],[-92.4953,62.7984,21.347],[-92.4922,62.7984,20.022],[-92.4875,62.8021,16.9009],[-92.4708,62.8,23.1278],[-92.4641,62.7943,18.2896],[-92.4526,62.7911,17.4863],[-92.4453,62.7839,16.2027],[-92.4375,62.7833,16.3966],[-92.4313,62.7792,16.7837],[-92.4229,62.7792,14.7655],[-92.4187,62.7771,12.5734],[-92.4146,62.7771,10.6964],[-92.413,62.7776,9.3195],[-92.4141,62.7807,8.9189],[-92.4125,62.7813,8.0598],[-92.4021,62.7813,6.3119],[-92.3979,62.7792,5.3357],[-92.3964,62.7807,10.2028],[-92.4047,62.7891,2.4059],[-92.4161,62.7922,0.0],[-92.4193,62.7953,0.5975],[-92.4245,62.7964,0.5703],[-92.4234,62.7995,1.2118],[-92.4276,62.8036,2.7222],[-92.4458,62.8042,8.6286],[-92.4474,62.8057,7.9041],[-92.4375,62.8083,4.4174],[-92.4234,62.8089,0.8061],[-92.4213,62.812,0.0697],[-92.4266,62.8141,3.3497],[-92.4172,62.8151,0.3161],[-92.4182,62.8182,0.0],[-92.4151,62.8193,0.0],[-92.4161,62.8224,0.0],[-92.413,62.8266,0.378],[-92.4167,62.8292,4.0125],[-92.4245,62.8297,5.3936],[-92.4292,62.8333,10.2338],[-92.4307,62.8328,10.1399],[-92.4297,62.8297,8.794],[-92.4313,62.8292,9.4319],[-92.4375,62.8292,10.9515],[-92.4453,62.8328,12.666],[-92.4401,62.8339,10.4718],[-92.4375,62.8375,10.5653],[-92.4297,62.838,11.0776],[-92.4276,62.8401,8.5646],[-92.4286,62.8432,8.7701],[-92.425,62.8438,9.6225],[-92.4213,62.8411,8.5598],[-92.4245,62.838,8.3604],[-92.4193,62.837,12.7038],[-92.4203,62.8339,8.278],[-92.4125,62.8312,4.144],[-92.3958,62.8312,0.4823],[-92.3917,62.8292,0.0],[-92.375,62.8271,2.6827],[-92.3734,62.8286,1.4445],[-92.3776,62.8328,0.0],[-92.387,62.8339,1.3985],[-92.3891,62.837,0.0],[-92.3792,62.8375,3.1094],[-92.3708,62.8312,0.0],[-92.3609,62.8339,1.2434],[-92.3661,62.8359,4.7247],[-92.3651,62.8391,0.0],[-92.3661,62.8411,0.0],[-92.3583,62.8438,0.0],[-92.3479,62.8438,5.42],[-92.3417,62.8396,0.0],[-92.3292,62.8438,0.0],[-92.3193,62.8391,4.7875],[-92.3224,62.8359,0.0],[-92.3151,62.8286,0.0],[-92.3161,62.8255,0.0],[-92.3141,62.8234,1.1604],[-92.3063,62.8229,0.0],[-92.3026,62.8203,8.5035],[-92.3078,62.8182,0.0],[-92.3068,62.8151,0.0],[-92.3083,62.8146,0.0],[-92.3125,62.8167,0.0],[-92.3203,62.8161,0.0],[-92.3172,62.8109,6.4462],[-92.3203,62.8078,13.1423],[-92.3193,62.8047,31.628],[-92.3245,62.8016,0.0],[-92.3234,62.7984,8.2706],[-92.3245,62.7964,0.0],[-92.3151,62.787,9.4435],[-92.3141,62.7839,0.0],[-92.3099,62.7797,0.0],[-92.3047,62.7786,0.0],[-92.3016,62.7755,0.0],[-92.2943,62.7745,6.3691],[-92.2891,62.7672,0.0],[-92.2792,62.7667,20.7631],[-92.2714,62.7641,0.0],[-92.2682,62.7609,0.0],[-92.2479,62.7542,0.0],[-92.2401,62.7547,0.0],[-92.238,62.7578,0.0],[-92.2422,62.762,0.0],[-92.2625,62.7687,0.0],[-92.2667,62.7687,5.2164],[-92.2708,62.7708,0.0],[-92.2828,62.7714,1.7102],[-92.2797,62.7766,5.2877],[-92.2859,62.7849,0.0],[-92.288,62.787,0.0],[-92.2932,62.788,0.0],[-92.2963,62.7911,0.0],[-92.3036,62.7922,11.3488],[-92.3005,62.7953,0.0],[-92.3036,62.7984,2.1582],[-92.3026,62.8016,0.0],[-92.3078,62.8026,8.5648],[-92.3047,62.8078,10.6129],[-92.3078,62.812,8.1903],[-92.3021,62.8125,0.0],[-92.2943,62.8161,0.0],[-92.2995,62.8214,3.5885],[-92.2963,62.8245,0.0],[-92.3036,62.8318,12.7225],[-92.3026,62.8349,0.0],[-92.3063,62.8375,0.0],[-92.3141,62.838,1.5859],[-92.3109,62.8422,0.0],[-92.312,62.8453,0.0],[-92.3042,62.8458,0.0],[-92.2839,62.8391,0.0],[-92.2786,62.8339,0.0],[-92.2734,62.8328,15.7475],[-92.2662,62.8255,0.0],[-92.2609,62.8245,3.0272],[-92.2588,62.8224,0.0],[-92.2599,62.8193,17.5145],[-92.2578,62.8172,0.0],[-92.25,62.8146,0.0],[-92.2484,62.8151,0.0],[-92.2495,62.8182,0.0],[-92.2443,62.8214,0.0],[-92.2453,62.8245,0.0],[-92.2375,62.825,0.0],[-92.2292,62.8292,0.0],[-92.2193,62.8286,0.0],[-92.2203,62.8255,0.0],[-92.2109,62.8245,2.1397],[-92.2068,62.8203,0.0],[-92.2078,62.8172,0.0],[-92.2068,62.8151,0.0],[-92.2187,62.8146,18.827],[-92.2229,62.8167,0.0],[-92.2271,62.8146,0.0],[-92.2286,62.8151,0.0],[-92.2276,62.8182,0.0],[-92.2292,62.8187,0.0],[-92.2349,62.8172,27.7905],[-92.2338,62.8203,0.0],[-92.2354,62.8208,0.0],[-92.2432,62.8151,0.0],[-92.2396,62.8125,0.0],[-92.2214,62.812,20.5609],[-92.2193,62.8099,0.0],[-92.2203,62.8068,0.0],[-92.2151,62.8057,26.6043],[-92.2161,62.8026,0.0],[-92.2141,62.8005,0.0],[-92.2089,62.7995,0.0],[-92.2037,62.7943,0.0],[-92.1896,62.7896,0.0],[-92.1833,62.7896,0.0],[-92.1771,62.7854,0.0],[-92.1646,62.7854,0.0],[-92.1604,62.7833,0.0],[-92.1417,62.7833,0.0],[-92.1375,62.7854,0.0],[-92.1333,62.7854,0.0],[-92.125,62.7792,0.0],[-92.1234,62.7797,0.0],[-92.1245,62.7828,4.5937],[-92.1229,62.7833,6.0191],[-92.1109,62.7818,0.0],[-92.112,62.7891,0.0],[-92.1104,62.7896,0.0],[-92.0937,62.7833,0.0],[-92.0813,62.7833,2.9191],[-92.0667,62.7792,0.0],[-92.0604,62.7792,0.0],[-92.0589,62.7807,0.0],[-92.063,62.7849,8.3712],[-92.0682,62.7859,0.0],[-92.0672,62.7891,0.0],[-92.075,62.7917,0.0],[-92.0833,62.7875,0.0],[-92.0875,62.7875,0.0],[-92.0958,62.7938,0.0],[-92.1,62.7917,10.8862],[-92.1188,62.7917,0.0],[-92.1266,62.7943,0.0],[-92.1297,62.7974,0.0],[-92.1412,62.8005,0.0],[-92.1464,62.8057,1.0193],[-92.1516,62.8078,0.0],[-92.1417,62.8083,0.0],[-92.125,62.8021,0.0],[-92.1062,62.8,0.0],[-92.1,62.7958,0.0],[-92.0854,62.7979,0.0],[-92.0839,62.7964,7.5854],[-92.087,62.7943,0.0],[-92.0729,62.7938,0.0],[-92.0687,62.7917,0.0],[-92.0609,62.7964,0.0],[-92.062,62.7995,0.0],[-92.0599,62.8016,0.0],[-92.0505,62.8047,0.0],[-92.0583,62.8083,0.0],[-92.0667,62.8083,17.1447],[-92.0745,62.8109,0.0],[-92.0734,62.8141,1.7674],[-92.0755,62.8161,1.6724],[-92.0807,62.8172,0.0],[-92.0828,62.8193,0.0],[-92.0776,62.8245,0.0],[-92.1057,62.8297,3.0445],[-92.1005,62.8349,0.0],[-92.1245,62.8401,0.9811],[-92.1328,62.8484,0.0],[-92.1229,62.8521,0.0],[-92.1188,62.85,0.0],[-92.1146,62.8521,3.2804],[-92.113,62.8516,2.1389],[-92.1141,62.8484,0.0],[-92.1104,62.8458,1.5986],[-92.1062,62.8479,0.0],[-92.1021,62.8479,0.0],[-92.0979,62.8458,0.0],[-92.0854,62.8438,0.0],[-92.0818,62.8464,0.0],[-92.0839,62.8495,0.0],[-92.0917,62.8521,11.1435],[-92.1021,62.8521,2.6992],[-92.112,62.8547,0.0],[-92.1109,62.8599,1.6363],[-92.112,62.862,3.8639],[-92.1104,62.8625,3.668],[-92.0958,62.8583,0.0],[-92.0833,62.8583,3.338],[-92.0625,62.8521,0.0],[-92.0458,62.8521,0.0],[-92.0417,62.85,1.5422],[-92.0375,62.8521,1.8094],[-92.0312,62.8521,6.9771],[-92.0271,62.85,0.0],[-92.0104,62.8479,0.0],[-92.0062,62.8458,0.0],[-91.9979,62.8458,2.2948],[-91.9938,62.8438,1.9585],[-91.9833,62.8438,3.6222],[-91.9792,62.8417,0.0],[-91.975,62.8438,8.5677],[-91.9687,62.8438,2.0185],[-91.9542,62.8396,2.6257],[-91.9333,62.8396,7.1356],[-91.9125,62.8333,0.0],[-91.9042,62.8333,7.3167],[-91.8979,62.8292,0.0],[-91.8812,62.8271,13.1366],[-91.875,62.8229,0.0],[-91.8625,62.8229,1.014],[-91.8583,62.8208,0.0],[-91.8464,62.8234,1.8883],[-91.8359,62.8276,0.0],[-91.8313,62.8312,1.1778],[-91.825,62.8312,0.0],[-91.8208,62.8292,0.0],[-91.8063,62.8292,0.0],[-91.8021,62.8312,0.0],[-91.7917,62.8312,0.0],[-91.7875,62.8333,1.3676],[-91.7729,62.8333,1.9398],[-91.7688,62.8312,0.0],[-91.7542,62.8292,2.3969],[-91.7438,62.825,0.0],[-91.7375,62.825,4.0585],[-91.7359,62.8245,3.7627],[-91.737,62.8214,0.0],[-91.7292,62.8187,0.0],[-91.725,62.8208,0.0],[-91.7146,62.8208,3.1002],[-91.7083,62.8167,0.0],[-91.6979,62.8167,2.6309],[-91.6937,62.8146,0.0],[-91.6859,62.8141,1.4788],[-91.6828,62.8109,0.0],[-91.6776,62.8099,0.0],[-91.6729,62.8063,2.5612],[-91.6604,62.8063,2.8233],[-91.6562,62.8042,0.0],[-91.6396,62.8042,1.9468],[-91.6229,62.7979,2.5477],[-91.6146,62.7979,0.0],[-91.6104,62.8,0.0],[-91.6042,62.7979,0.0],[-91.6,62.8,2.2143],[-91.5958,62.8,0.0],[-91.5917,62.7979,1.3255],[-91.5901,62.7984,0.0],[-91.5911,62.8016,1.9586],[-91.5896,62.8021,1.9152],[-91.5797,62.7995,0.0],[-91.5766,62.7964,0.0],[-91.5687,62.7938,0.0],[-91.5542,62.7917,0.0],[-91.5458,62.7958,0.0],[-91.538,62.7964,2.0103],[-91.5333,62.8,2.5382],[-91.5271,62.7979,0.0],[-91.5167,62.8021,2.108],[-91.5104,62.8021,0.0],[-91.5062,62.8,0.0],[-91.5021,62.8021,2.4737],[-91.4938,62.8021,2.6331],[-91.4896,62.8,0.0],[-91.4708,62.7979,5.6632],[-91.4604,62.7938,0.0],[-91.4292,62.7917,8.5119],[-91.425,62.7896,0.0],[-91.4208,62.7917,4.2571],[-91.4146,62.7917,5.9728],[-91.4104,62.7896,0.0],[-91.4062,62.7896,0.0],[-91.4016,62.7932,4.5864],[-91.3943,62.7943,0.0],[-91.3974,62.7995,0.0],[-91.3901,62.8005,0.0],[-91.3854,62.8042,0.0],[-91.3797,62.8036,0.0],[-91.3745,62.7984,0.0],[-91.3651,62.7964,5.5975],[-91.3661,62.8016,0.0],[-91.3547,62.8109,0.0],[-91.3557,62.8141,2.374],[-91.3547,62.8161,3.84],[-91.3599,62.8172,3.9474],[-91.363,62.8203,2.2598],[-91.3708,62.8208,4.922],[-91.375,62.8229,2.3141],[-91.3875,62.8229,4.3477],[-91.3953,62.8255,4.0483],[-91.3938,62.8271,5.4646],[-91.388,62.8276,0.0],[-91.3891,62.8307,0.0],[-91.387,62.8328,0.0],[-91.3812,62.8333,0.0],[-91.3708,62.8375,0.0],[-91.3651,62.837,0.0],[-91.362,62.8339,0.0],[-91.3542,62.8312,0.0],[-91.3479,62.8333,2.2363],[-91.3437,62.8312,0.0],[-91.3354,62.8312,0.0],[-91.3313,62.8333,2.5336],[-91.3213,62.8339,2.8295],[-91.3234,62.837,4.6758],[-91.3287,62.838,4.8284],[-91.3271,62.8396,5.12],[-91.3213,62.8391,4.9981],[-91.3146,62.8333,0.0],[-91.3063,62.8375,4.4895],[-91.3021,62.8375,4.2419],[-91.2979,62.8354,4.2945],[-91.2859,62.8401,0.0],[-91.2766,62.8474,2.2611],[-91.2688,62.85,2.3757],[-91.2568,62.8495,2.2986],[-91.2526,62.8453,2.1475],[-91.2557,62.8432,3.5277],[-91.2547,62.8401,16.1891],[-91.2557,62.838,3.9869],[-91.25,62.8375,9.8727],[-91.2474,62.8411,0.0],[-91.2422,62.8422,5.0418],[-91.2432,62.8495,0.0],[-91.237,62.8536,2.6109],[-91.2312,62.8521,0.0],[-91.2234,62.8526,3.3943],[-91.2286,62.8547,4.0973],[-91.2276,62.8578,3.417],[-91.2286,62.8599,4.0184],[-91.2266,62.862,4.5376],[-91.2187,62.8604,4.0344],[-91.2146,62.8625,4.3847],[-91.2042,62.8625,3.2218],[-91.188,62.8672,5.1887],[-91.1891,62.8703,4.6896],[-91.1859,62.8714,4.5306],[-91.187,62.8745,0.0],[-91.1859,62.8766,0.0],[-91.1911,62.8786,3.3461],[-91.1859,62.8828,0.0],[-91.188,62.8849,0.0],[-91.1932,62.8859,8.8642],[-91.1953,62.8891,0.0],[-91.1901,62.8901,0.0],[-91.187,62.8932,2.2672],[-91.1771,62.8937,0.0],[-91.1755,62.8943,0.0],[-91.1766,62.8974,7.9089],[-91.1667,62.8979,2.3524],[-91.1625,62.9,2.5077],[-91.1542,62.9,5.9145],[-91.15,62.8979,3.0734],[-91.1354,62.8979,0.0],[-91.1312,62.9,5.6812],[-91.125,62.9,3.1903],[-91.1208,62.8979,0.0],[-91.1167,62.8979,0.0],[-91.1104,62.9021,0.0],[-91.0979,62.8979,0.0],[-91.0964,62.8995,4.975],[-91.0995,62.9036,0.0],[-91.0953,62.9078,2.2578],[-91.0854,62.9104,0.0],[-91.0729,62.9083,5.3414],[-91.0729,62.9104,5.3013],[-91.0745,62.9109,6.1812],[-91.0734,62.9141,5.9872],[-91.0787,62.9161,12.1007],[-91.0609,62.9151,0.0],[-91.0578,62.9182,2.2731],[-91.0526,62.9193,2.4808],[-91.0536,62.9224,0.0],[-91.0458,62.9271,7.6512],[-91.0396,62.9229,0.0],[-91.0339,62.9234,5.4852],[-91.0339,62.9266,2.981],[-91.037,62.9307,0.0],[-91.0312,62.9354,0.0],[-91.025,62.9354,7.4191],[-91.0208,62.9333,2.3449],[-91.0193,62.9339,0.0],[-91.0203,62.937,2.4593],[-91.0188,62.9375,4.234],[-91.0146,62.9354,0.0],[-91.0104,62.9375,0.0],[-91.0042,62.9375,0.0],[-91.0,62.9354,0.0],[-90.9958,62.9354,0.0],[-90.9917,62.9375,5.6968],[-90.9833,62.9375,0.0],[-90.9708,62.9417,7.4856],[-90.9693,62.9401,7.8242],[-90.9724,62.938,5.5633],[-90.9687,62.9354,0.0],[-90.9583,62.9354,0.0],[-90.9542,62.9375,5.0925],[-90.9463,62.9349,4.1496],[-90.9432,62.9318,4.3551],[-90.9375,62.9313,2.4823],[-90.9318,62.9339,0.0],[-90.9266,62.9391,2.3212],[-90.9193,62.9401,0.0],[-90.9203,62.9432,5.7742],[-90.9182,62.9453,5.5082],[-90.9062,62.9458,6.8578],[-90.9047,62.9443,6.5594],[-90.9078,62.9432,5.9242],[-90.9099,62.9401,0.0],[-90.9021,62.9417,0.0],[-90.8979,62.9396,0.0],[-90.8812,62.9375,6.099],[-90.8771,62.9354,5.46],[-90.8708,62.9375,8.2462],[-90.8693,62.937,5.7618],[-90.8693,62.9339,5.6492],[-90.8745,62.9318,5.1209],[-90.8625,62.9313,2.7406],[-90.8464,62.9266,2.0765],[-90.8417,62.9208,2.317],[-90.838,62.9214,2.1421],[-90.8411,62.9266,3.8706],[-90.8292,62.9354,4.6663],[-90.8255,62.9328,4.4011],[-90.8266,62.9297,4.1198],[-90.8187,62.9292,3.2454],[-90.8151,62.9266,0.0],[-90.8161,62.9234,2.6188],[-90.8151,62.9214,2.614],[-90.8203,62.9182,2.6292],[-90.8182,62.9151,0.0],[-90.8125,62.9146,0.0],[-90.8026,62.9172,4.1296],[-90.8078,62.9193,4.7722],[-90.812,62.9245,1.7224],[-90.7922,62.9255,0.0],[-90.7932,62.9286,0.0],[-90.7818,62.9297,2.0073],[-90.7828,62.9328,0.0],[-90.7734,62.9359,0.0],[-90.7714,62.9391,6.0991],[-90.7854,62.9417,5.5312],[-90.7891,62.9391,5.3296],[-90.788,62.9359,0.0],[-90.8021,62.9354,4.7572],[-90.8063,62.9333,4.5623],[-90.812,62.9391,4.5198],[-90.8,62.9375,4.8213],[-90.7984,62.938,4.9213],[-90.7995,62.9411,4.4104],[-90.7974,62.9432,4.5938],[-90.7901,62.9443,5.1291],[-90.7854,62.9479,5.2429],[-90.7797,62.9464,5.3376],[-90.7807,62.9495,5.6271],[-90.7771,62.95,5.4027],[-90.7693,62.9474,5.475],[-90.7641,62.9422,5.4663],[-90.7484,62.938,0.0],[-90.7516,62.9422,0.0],[-90.7505,62.9453,5.2787],[-90.7557,62.9464,5.5604],[-90.7578,62.9484,5.4713],[-90.7505,62.9557,0.0],[-90.7562,62.9562,5.8623],[-90.7688,62.9521,5.7109],[-90.7766,62.9547,6.8504],[-90.7755,62.9578,6.9744],[-90.7807,62.9589,11.3147],[-90.7776,62.962,5.6624],[-90.7828,62.963,6.4279],[-90.7849,62.9661,6.8674],[-90.7792,62.9667,5.9808],[-90.7688,62.9625,5.6724],[-90.7562,62.9625,6.2319],[-90.7484,62.9599,3.6396],[-90.7438,62.9562,0.0],[-90.7422,62.9578,0.0],[-90.7453,62.962,1.8874],[-90.7396,62.9625,0.0],[-90.738,62.9641,5.6226],[-90.7516,62.9672,5.9621],[-90.7562,62.9708,3.0],[-90.7578,62.9703,8.9506],[-90.7568,62.9672,8.2507],[-90.7583,62.9667,7.0777],[-90.7625,62.9667,6.7085],[-90.7667,62.9688,5.1408],[-90.775,62.9688,7.5987],[-90.7766,62.9703,8.2778],[-90.763,62.9734,6.2244],[-90.7604,62.9771,3.0],[-90.7479,62.9771,10.2311],[-90.7464,62.9766,9.6165],[-90.7474,62.9734,3.0],[-90.7338,62.9682,3.0],[-90.7349,62.9651,3.9054],[-90.7307,62.9609,3.0661],[-90.7255,62.9599,2.1504],[-90.7286,62.9578,2.2171],[-90.7271,62.9562,1.7067],[-90.7234,62.9568,2.6608],[-90.7151,62.9641,2.0],[-90.7208,62.9646,4.0],[-90.7286,62.9682,5.1344],[-90.7208,62.9688,4.7509],[-90.7104,62.9646,0.0],[-90.7089,62.9651,0.0],[-90.7099,62.9682,4.1089],[-90.7083,62.9688,7.4598],[-90.6963,62.9672,0.0],[-90.6984,62.9703,0.0],[-90.7037,62.9714,3.4325],[-90.7083,62.975,0.0],[-90.7146,62.9729,13.4395],[-90.7224,62.9755,5.5533],[-90.7271,62.9813,0.0],[-90.7333,62.9792,0.0],[-90.7375,62.9813,0.0],[-90.7453,62.9818,3.0276],[-90.7474,62.9849,0.0],[-90.7422,62.9859,0.0],[-90.7438,62.9896,3.4414],[-90.7401,62.9943,4.377],[-90.7411,62.9974,0.0],[-90.7276,62.9974,0.0],[-90.7245,62.9943,3.0793],[-90.7193,62.9932,0.0],[-90.7203,62.9901,4.2368],[-90.7182,62.988,3.4114],[-90.7151,62.988,4.3439],[-90.7161,62.9911,0.0],[-90.7109,62.9922,5.1393],[-90.7068,62.9953,0.0],[-90.7167,63.0,0.0],[-90.7229,62.9979,0.0],[-90.7266,63.0016,0.0],[-90.7167,63.0042,2.3588],[-90.7026,63.0047,4.4159],[-90.7037,63.012,3.5],[-90.7021,63.0125,5.5172],[-90.6958,63.0083,3.9662],[-90.688,63.0089,1.2843],[-90.6932,63.0109,0.0],[-90.6953,63.013,0.0],[-90.6943,63.0161,0.0],[-90.6995,63.0172,1.9605],[-90.7016,63.0203,2.1122],[-90.6937,63.0229,0.0],[-90.6833,63.0229,0.0],[-90.6792,63.0208,0.0],[-90.6734,63.0234,2.3311],[-90.6745,63.0266,0.0],[-90.6526,63.0297,2.9853],[-90.6536,63.0328,2.3437],[-90.6516,63.037,3.2857],[-90.6464,63.038,0.0],[-90.6443,63.0411,2.2291],[-90.6464,63.0432,4.2396],[-90.6542,63.0438,9.7892],[-90.6682,63.0495,14.0631],[-90.6625,63.05,11.4848],[-90.6521,63.0458,7.3207],[-90.6484,63.0464,2.8342],[-90.6495,63.0495,0.0],[-90.6338,63.0547,3.0],[-90.6391,63.0568,4.4982],[-90.638,63.0599,0.0],[-90.6438,63.0583,4.7955],[-90.6474,63.062,0.0],[-90.6412,63.0661,3.3814],[-90.6318,63.0672,0.0],[-90.6255,63.0714,0.0],[-90.6333,63.075,4.164],[-90.6417,63.075,7.0607],[-90.6583,63.0812,6.275],[-90.6703,63.0818,10.5127],[-90.6745,63.0859,6.5],[-90.6693,63.088,8.7665],[-90.6713,63.0911,8.0],[-90.6766,63.0922,13.5627],[-90.6813,63.0958,10.5],[-90.6891,63.0964,16.4619],[-90.6859,63.1026,9.0],[-90.687,63.1057,9.0],[-90.6849,63.1078,9.0],[-90.675,63.1083,7.1668],[-90.6713,63.1109,2.259],[-90.6766,63.113,9.7119],[-90.6786,63.1161,5.4018],[-90.6729,63.1167,0.0],[-90.6713,63.1182,0.0],[-90.6813,63.1188,2.0184],[-90.6891,63.1214,2.1373],[-90.6818,63.1245,4.4412],[-90.688,63.1307,0.0],[-90.6932,63.1318,0.0],[-90.6818,63.1422,3.4192],[-90.6833,63.1458,4.517],[-90.6797,63.1516,3.0],[-90.6828,63.1557,5.3277],[-90.675,63.1563,5.1617],[-90.6708,63.1542,3.0],[-90.6672,63.1568,2.0],[-90.6786,63.1609,4.5],[-90.6807,63.1641,5.2232],[-90.6734,63.1651,4.5],[-90.6766,63.1703,7.5],[-90.6729,63.1729,7.0],[-90.6625,63.1729,7.0],[-90.6578,63.1693,5.0682],[-90.65,63.1667,4.1653],[-90.6484,63.1672,5.9628],[-90.6495,63.1703,6.4978],[-90.6484,63.1724,2.8669],[-90.6562,63.1729,5.5],[-90.6771,63.1792,2.4378],[-90.6833,63.1771,6.3793],[-90.687,63.1797,6.5],[-90.6839,63.1818,2.5098],[-90.6854,63.1833,0.0],[-90.6891,63.1828,4.4392],[-90.6911,63.1807,9.0],[-90.688,63.1755,9.4767],[-90.6911,63.1755,13.1871],[-90.6974,63.1818,9.0],[-90.6963,63.1849,6.253],[-90.6974,63.187,1.8328],[-90.6943,63.1891,0.0],[-90.7016,63.1901,3.2322],[-90.7026,63.1932,4.497],[-90.7161,63.1964,9.0],[-90.7182,63.1984,12.1013],[-90.7151,63.2016,16.1169],[-90.7203,63.2036,14.0],[-90.7125,63.2062,15.8872],[-90.7063,63.2021,9.6004],[-90.6979,63.2021,5.943],[-90.6937,63.2,4.6585],[-90.6922,63.2005,4.1512],[-90.6932,63.2036,6.7107],[-90.6813,63.2062,0.0],[-90.6797,63.2078,1.459],[-90.6849,63.213,3.4614],[-90.6839,63.2182,0.0],[-90.6896,63.2188,0.0],[-90.6943,63.2224,3.4225],[-90.712,63.2276,8.0],[-90.7109,63.2307,10.3787],[-90.713,63.2349,4.6271],[-90.7151,63.237,2.8641],[-90.7224,63.238,6.3936],[-90.7255,63.2432,1.8927],[-90.7417,63.2458,3.3799],[-90.7432,63.2474,3.2512],[-90.737,63.2557,3.0319],[-90.7276,63.2547,0.0],[-90.7255,63.2568,0.0],[-90.7286,63.2609,0.0],[-90.7271,63.2625,0.0],[-90.7193,63.2599,0.0],[-90.7125,63.2542,0.0],[-90.7005,63.2547,4.2163],[-90.6922,63.262,0.0],[-90.6974,63.263,0.0],[-90.7042,63.2687,0.0],[-90.712,63.2682,2.5525],[-90.7109,63.2651,15.831],[-90.7125,63.2646,15.831],[-90.7182,63.2651,6.1976],[-90.7292,63.275,5.8008],[-90.7411,63.2734,4.9437],[-90.7443,63.2786,2.1296],[-90.7495,63.2797,3.1141],[-90.7474,63.2828,2.4078],[-90.7422,63.2849,0.0],[-90.7443,63.287,2.879],[-90.7495,63.288,2.3849],[-90.7464,63.2911,0.0],[-90.7516,63.2964,0.0],[-90.7422,63.3016,0.0],[-90.7458,63.3042,4.8154],[-90.7557,63.3047,8.7093],[-90.7542,63.3063,8.5807],[-90.7484,63.3068,6.9828],[-90.7495,63.3099,4.5],[-90.7479,63.3104,4.5],[-90.7438,63.3104,6.0901],[-90.7396,63.3083,4.5],[-90.7359,63.3099,0.0],[-90.7396,63.3125,0.0],[-90.7495,63.313,0.0],[-90.7536,63.3172,0.0],[-90.7557,63.3224,2.0],[-90.7521,63.325,4.5032],[-90.7458,63.3208,0.0],[-90.7396,63.3208,0.0],[-90.738,63.3224,0.0],[-90.7453,63.3234,3.0762],[-90.7484,63.3266,2.5],[-90.7536,63.3276,3.5344],[-90.7557,63.3307,3.7962],[-90.7354,63.3333,10.0],[-90.7318,63.3297,9.5403],[-90.7411,63.3307,11.0227],[-90.7432,63.3276,5.2881],[-90.7411,63.3255,0.0],[-90.7292,63.325,3.9647],[-90.725,63.3229,0.0],[-90.7063,63.3229,0.0],[-90.7047,63.3245,0.0],[-90.7099,63.3255,3.5631],[-90.712,63.3286,0.0],[-90.6979,63.3375,0.0],[-90.6896,63.3375,1.0425],[-90.6833,63.3333,0.0],[-90.6729,63.3333,0.0],[-90.6651,63.3359,0.0],[-90.6672,63.3391,0.0],[-90.6724,63.3401,0.0],[-90.6693,63.3432,0.0],[-90.6766,63.3443,0.0],[-90.6755,63.3495,6.2136],[-90.6766,63.3516,4.8118],[-90.6713,63.3536,0.0],[-90.6833,63.3542,5.3749],[-90.6875,63.3563,0.0],[-90.7,63.3563,2.4335],[-90.7146,63.3604,0.0],[-90.7187,63.3583,0.0],[-90.7417,63.3583,9.6339],[-90.7417,63.3604,2.9779],[-90.7474,63.3609,9.3472],[-90.7443,63.3641,0.0],[-90.7479,63.3646,0.0],[-90.7578,63.3578,2.4448],[-90.7547,63.3526,3.8848],[-90.7625,63.35,3.9858],[-90.7688,63.3542,1.5],[-90.7786,63.3547,10.0798],[-90.7818,63.3578,1.5],[-90.787,63.3589,5.1264],[-90.7891,63.3609,3.2142],[-90.7875,63.3625,3.2057],[-90.7708,63.3625,1.5],[-90.7651,63.3661,0.0],[-90.7729,63.3688,0.0],[-90.7807,63.3682,0.0],[-90.7797,63.3651,5.5547],[-90.7812,63.3646,5.3532],[-90.7854,63.3646,0.0],[-90.7896,63.3667,0.0],[-90.7979,63.3667,5.2139],[-90.8021,63.3688,0.0],[-90.8167,63.3667,5.0957],[-90.8287,63.3734,0.0],[-90.8255,63.3755,0.0],[-90.8276,63.3786,0.0],[-90.8349,63.3797,2.193],[-90.8339,63.3849,0.0],[-90.8354,63.3854,0.0],[-90.8474,63.3849,2.9967],[-90.8464,63.3818,6.8507],[-90.8479,63.3812,9.4964],[-90.8521,63.3833,6.0687],[-90.8625,63.3833,0.0],[-90.8667,63.3812,8.7116],[-90.8734,63.387,0.0],[-90.8812,63.3896,0.0],[-90.887,63.387,4.2227],[-90.8818,63.3797,0.0],[-90.8875,63.3792,0.0],[-90.8917,63.3812,0.0],[-90.9042,63.3812,4.443],[-90.9271,63.3875,0.0],[-90.9349,63.388,1.7127],[-90.938,63.3911,0.0],[-90.9432,63.3922,3.5811],[-90.9474,63.3964,0.0],[-90.9463,63.3995,0.0],[-90.9479,63.4021,0.0],[-90.9463,63.4057,0.0],[-90.9484,63.4078,0.0],[-90.9537,63.4089,1.7901],[-90.9578,63.4141,0.0],[-90.9422,63.4099,0.0],[-90.937,63.4047,0.0],[-90.9234,63.4016,7.1455],[-90.9203,63.3984,0.0],[-90.9151,63.3974,6.1017],[-90.9083,63.3917,0.0],[-90.8646,63.3917,0.0],[-90.8604,63.3896,0.0],[-90.85,63.3896,0.0],[-90.8458,63.3917,0.0],[-90.8229,63.3917,0.0],[-90.7792,63.3771,0.0],[-90.7667,63.3771,0.0],[-90.7625,63.375,0.0],[-90.7588,63.3776,0.0],[-90.762,63.3828,0.0],[-90.7588,63.3849,0.0],[-90.7688,63.3854,0.0],[-90.7766,63.388,0.0],[-90.7693,63.3911,0.0],[-90.7807,63.3922,0.0],[-90.7828,63.3943,0.0],[-90.7797,63.3964,0.0],[-90.7812,63.3979,0.0],[-90.7896,63.3979,0.0],[-90.7937,63.4,0.0],[-90.7979,63.4,0.0],[-90.8057,63.3953,0.0],[-90.8047,63.3922,6.1005],[-90.8167,63.3917,4.2706],[-90.8234,63.3974,0.0],[-90.8313,63.4,0.0],[-90.837,63.3984,3.1947],[-90.8422,63.4036,4.1739],[-90.8474,63.4047,0.0],[-90.8495,63.4068,0.0],[-90.8458,63.4104,0.0],[-90.8339,63.4089,0.0],[-90.8297,63.413,0.0],[-90.8313,63.4146,0.0],[-90.8458,63.4146,7.8433],[-90.8521,63.4188,0.0],[-90.8771,63.4188,0.0],[-90.8812,63.4167,9.0823],[-90.8917,63.4208,0.0],[-90.9,63.4208,5.3704],[-90.9062,63.425,0.0],[-90.9104,63.425,0.0],[-90.9146,63.4229,1.6547],[-90.925,63.4229,7.1461],[-90.9297,63.4266,4.2517],[-90.9391,63.4276,1.5719],[-90.9411,63.4307,2.0305],[-90.9391,63.4328,0.0],[-90.9354,63.4333,0.0],[-90.9313,63.4313,0.0],[-90.9276,63.4339,2.1041],[-90.9359,63.4432,0.0],[-90.9411,63.4443,5.523],[-90.9443,63.4474,1.3933],[-90.9557,63.4505,1.5584],[-90.963,63.4578,0.0],[-90.9708,63.4604,0.0],[-90.9807,63.4609,4.8062],[-90.9828,63.4641,4.8307],[-90.9797,63.4661,0.0],[-90.9875,63.4688,0.0],[-91.0146,63.4708,6.7185],[-91.0245,63.4641,0.0],[-91.0266,63.462,2.3583],[-91.0255,63.4589,1.1693],[-91.0271,63.4583,2.1364],[-91.0318,63.462,1.3324],[-91.0396,63.4646,3.1104],[-91.0474,63.4641,10.0346],[-91.0443,63.4599,0.0],[-91.0453,63.4568,0.0],[-91.0401,63.4557,4.0111],[-91.038,63.4536,1.9861],[-91.0396,63.4521,0.0],[-91.0437,63.4542,0.0],[-91.0521,63.4542,10.7779],[-91.0625,63.4583,2.5513],[-91.0667,63.4583,2.8418],[-91.0724,63.4547,0.0],[-91.0589,63.4516,2.558],[-91.062,63.4484,0.0],[-91.0547,63.4474,11.1067],[-91.0589,63.4443,0.0],[-91.0646,63.4437,5.2266],[-91.0693,63.4474,1.2483],[-91.0771,63.45,0.0],[-91.087,63.4505,3.7614],[-91.0859,63.4557,2.2678],[-91.0958,63.4583,19.0608],[-91.1078,63.4589,11.6721],[-91.112,63.463,6.4747],[-91.1109,63.4661,1.4442],[-91.1141,63.4703,0.0],[-91.1068,63.4714,3.8376],[-91.1047,63.4745,0.0],[-91.1104,63.4792,0.0],[-91.1229,63.4792,2.1321],[-91.1271,63.4813,0.0],[-91.1312,63.4813,0.0],[-91.1328,63.4807,0.0],[-91.1318,63.4776,11.5613],[-91.1333,63.4771,13.46],[-91.1396,63.4771,10.0245],[-91.1438,63.4792,2.1309],[-91.1479,63.4771,0.0],[-91.1542,63.4813,1.3859],[-91.1729,63.4833,5.6482],[-91.1833,63.4875,5.2963],[-91.1953,63.4859,16.0713],[-91.1922,63.4891,0.0],[-91.2021,63.4896,0.0],[-91.2057,63.4932,11.4094],[-91.2037,63.4953,0.0],[-91.1963,63.4964,0.0],[-91.1943,63.4995,3.5668],[-91.1979,63.5021,4.1604],[-91.2078,63.5005,0.0],[-91.212,63.5047,0.0],[-91.2099,63.5078,0.0],[-91.2042,63.5062,0.0],[-91.1917,63.5062,0.0],[-91.1813,63.5021,0.0],[-91.175,63.5042,3.27],[-91.1708,63.5021,0.0],[-91.1667,63.5042,1.6996],[-91.1625,63.5021,0.0],[-91.1438,63.5021,0.0],[-91.1359,63.5068,0.0],[-91.137,63.5099,0.0],[-91.1359,63.512,0.0],[-91.138,63.5141,0.0],[-91.1495,63.5172,1.1593],[-91.1484,63.5203,0.0],[-91.1562,63.5229,0.0],[-91.1578,63.5224,0.0],[-91.1568,63.5193,2.3096],[-91.1604,63.5187,3.7772],[-91.1682,63.5214,3.8015],[-91.1729,63.525,5.3962],[-91.1786,63.5234,2.7222],[-91.1828,63.5286,0.9187],[-91.1771,63.5292,1.6846],[-91.1729,63.5271,1.7538],[-91.1687,63.5271,2.9075],[-91.1625,63.5229,0.0],[-91.1589,63.5266,2.3596],[-91.163,63.5307,3.2394],[-91.1745,63.5339,3.1416],[-91.1813,63.5396,4.3254],[-91.1854,63.5375,9.0043],[-91.1953,63.537,2.4223],[-91.2042,63.5313,10.4193],[-91.2083,63.5313,0.0],[-91.2125,63.5333,0.0],[-91.2229,63.5271,6.0807],[-91.2276,63.5307,0.0],[-91.2354,63.5333,0.0],[-91.2432,63.5318,0.0],[-91.2547,63.5391,6.4315],[-91.2578,63.5391,5.4111],[-91.2547,63.5349,0.0],[-91.2578,63.5328,0.0],[-91.2568,63.5297,3.3086],[-91.2641,63.5307,0.0],[-91.263,63.5276,5.2183],[-91.2662,63.5266,2.9067],[-91.2682,63.5234,1.6807],[-91.2547,63.5203,5.4611],[-91.2578,63.5172,0.0],[-91.2464,63.5161,2.5948],[-91.2495,63.513,0.0],[-91.2411,63.5047,0.0],[-91.2359,63.5036,0.0],[-91.237,63.5005,4.8392],[-91.2276,63.4901,0.0],[-91.2417,63.4917,1.9103],[-91.2464,63.4953,3.2712],[-91.2604,63.5,4.1031],[-91.2703,63.5005,0.0],[-91.2734,63.5057,0.0],[-91.2812,63.5062,3.2144],[-91.287,63.5016,2.5991],[-91.2901,63.4964,13.8582],[-91.3016,63.4953,0.0],[-91.3036,63.4922,1.6338],[-91.2984,63.4911,2.6835],[-91.3005,63.488,3.9085],[-91.3078,63.488,9.1596],[-91.3068,63.4911,0.0],[-91.3104,63.4938,0.0],[-91.3229,63.4938,3.615],[-91.3271,63.4958,0.0],[-91.3313,63.4938,2.0061],[-91.3375,63.4958,2.2668],[-91.3422,63.4922,7.2564],[-91.3474,63.4911,4.9257],[-91.3464,63.488,6.6988],[-91.3521,63.4854,30.7241],[-91.3562,63.4875,0.0],[-91.3604,63.4854,0.0],[-91.3703,63.4849,3.5478],[-91.363,63.4755,3.9841],[-91.3729,63.4729,0.0],[-91.3786,63.4734,0.0],[-91.3807,63.4755,2.9195],[-91.3797,63.4786,3.3965],[-91.3838,63.4828,3.2748],[-91.3859,63.4849,5.2762],[-91.3912,63.4859,2.7071],[-91.3953,63.4901,2.9802],[-91.3938,63.4917,2.2412],[-91.3875,63.4917,2.7646],[-91.3833,63.4896,0.0],[-91.3792,63.4917,2.6659],[-91.3693,63.4922,2.5095],[-91.3714,63.4953,2.7173],[-91.3766,63.4964,4.7871],[-91.3755,63.4995,2.6064],[-91.3807,63.5005,3.6523],[-91.3828,63.5026,5.6697],[-91.3818,63.5057,2.8532],[-91.3849,63.5089,2.4525],[-91.3838,63.512,4.1501],[-91.3859,63.5141,4.1868],[-91.3912,63.5151,7.548],[-91.3958,63.5187,8.395],[-91.4146,63.5167,0.0],[-91.4182,63.5193,0.0],[-91.4172,63.5224,0.0],[-91.425,63.525,7.8336],[-91.4458,63.525,4.9981],[-91.4599,63.5297,3.0894],[-91.4672,63.537,2.8461],[-91.4807,63.5401,3.362],[-91.4854,63.5438,3.8328],[-91.4917,63.5438,2.8598],[-91.4995,63.5464,0.0],[-91.4984,63.5495,1.5295],[-91.5016,63.5536,2.1892],[-91.4964,63.5578,0.0],[-91.5057,63.5568,9.105],[-91.5047,63.5599,0.0],[-91.5078,63.5641,2.1127],[-91.5047,63.5651,0.0],[-91.5057,63.5682,0.0],[-91.5021,63.5708,0.0],[-91.4917,63.5625,3.4725],[-91.4771,63.5646,13.217],[-91.4714,63.5599,16.8825],[-91.4745,63.5547,0.0],[-91.4505,63.5474,4.2601],[-91.4458,63.5438,0.0],[-91.4375,63.5438,10.6169],[-91.4333,63.5417,0.0],[-91.4292,63.5438,3.98],[-91.4234,63.5422,5.1472],[-91.4193,63.5443,0.0],[-91.4203,63.5474,0.0],[-91.4187,63.5479,0.0],[-91.4141,63.5443,4.2646],[-91.4062,63.5438,16.156],[-91.4021,63.5417,4.6639],[-91.3958,63.5417,3.2649],[-91.388,63.5443,0.0],[-91.388,63.5474,0.0],[-91.3953,63.5484,4.4149],[-91.3922,63.5516,0.0],[-91.4057,63.5547,0.0],[-91.4109,63.5599,0.0],[-91.4203,63.5609,7.3677],[-91.4167,63.5646,8.8152],[-91.4104,63.5646,0.0],[-91.4026,63.562,0.0],[-91.3995,63.5589,0.0],[-91.3625,63.5458,0.0],[-91.3609,63.5464,0.0],[-91.362,63.5495,0.0],[-91.3604,63.55,0.0],[-91.3479,63.55,0.0],[-91.3437,63.5521,1.9046],[-91.3271,63.5521,0.0],[-91.3213,63.5547,0.0],[-91.3193,63.5568,0.0],[-91.3203,63.5599,3.7857],[-91.3182,63.562,0.0],[-91.3146,63.5625,2.2923],[-91.313,63.5662,4.0965],[-91.3151,63.5682,0.0],[-91.3182,63.5682,1.688],[-91.3172,63.5651,4.1706],[-91.3229,63.5625,5.0243],[-91.3266,63.5651,0.0],[-91.3255,63.5682,0.0],[-91.337,63.5714,4.2325],[-91.3318,63.5766,0.0],[-91.3375,63.5771,3.9904],[-91.3391,63.5786,3.3035],[-91.3333,63.5792,0.0],[-91.3318,63.5807,0.0],[-91.3417,63.5812,2.966],[-91.3495,63.5839,6.492],[-91.3484,63.587,0.0],[-91.3495,63.5891,0.0],[-91.3443,63.5922,4.8898],[-91.3464,63.5953,11.2108],[-91.3542,63.5979,13.3673],[-91.3641,63.5953,0.0],[-91.3688,63.5917,5.681],[-91.3729,63.5917,7.3561],[-91.3771,63.5896,0.0],[-91.3854,63.5896,0.0],[-91.387,63.5901,4.6344],[-91.3859,63.5932,0.0],[-91.3938,63.5917,7.4434],[-91.4026,63.5995,6.8051],[-91.4208,63.6042,2.8768],[-91.4333,63.6042,0.0],[-91.4375,63.6063,0.0],[-91.4437,63.6021,0.0],[-91.45,63.6042,0.0],[-91.4542,63.6021,4.7946],[-91.4646,63.6021,0.0],[-91.475,63.6063,0.0],[-91.4958,63.6063,4.5123],[-91.5062,63.6104,4.2424],[-91.5167,63.6104,4.7375],[-91.5271,63.6042,0.0],[-91.5349,63.6068,11.5597],[-91.5396,63.6104,3.21],[-91.5479,63.6104,10.0606],[-91.5521,63.6125,0.0],[-91.5563,63.6104,0.0],[-91.5604,63.6104,0.0],[-91.5667,63.6125,0.0],[-91.5745,63.6099,2.9478],[-91.5734,63.6068,2.5573],[-91.5745,63.6047,2.8868],[-91.5724,63.6026,0.0],[-91.5646,63.6021,5.4222],[-91.5599,63.5984,0.0],[-91.5521,63.5958,0.0],[-91.5437,63.5958,0.0],[-91.5333,63.5917,0.0],[-91.5271,63.5917,3.1209],[-91.5109,63.587,6.6639],[-91.5078,63.5839,2.0584],[-91.4964,63.5807,9.0549],[-91.4974,63.5776,0.0],[-91.4964,63.5755,7.1628],[-91.5,63.5729,2.5745],[-91.5062,63.5729,0.0],[-91.5078,63.5734,10.665],[-91.5068,63.5766,0.0],[-91.5083,63.5771,0.0],[-91.5125,63.575,16.9056],[-91.5229,63.575,9.5355],[-91.5271,63.5771,2.8688],[-91.5375,63.5771,8.9147],[-91.5417,63.5792,0.0],[-91.5479,63.5792,5.9351],[-91.5521,63.5771,12.6038],[-91.5625,63.5812,7.4918],[-91.5708,63.5812,4.9765],[-91.575,63.5833,3.0767],[-91.5917,63.5833,0.0],[-91.5958,63.5854,1.9268],[-91.6,63.5833,7.4141],[-91.6208,63.5833,0.0],[-91.625,63.5792,0.0],[-91.6307,63.5849,10.6898],[-91.6214,63.588,4.2462],[-91.6167,63.5917,5.0048],[-91.6068,63.5922,0.0],[-91.5984,63.5995,2.924],[-91.6021,63.6021,1.3248],[-91.625,63.6,0.0],[-91.6266,63.5984,3.7781],[-91.6234,63.5943,14.1097],[-91.6255,63.5922,6.7118],[-91.6354,63.5896,0.0],[-91.6432,63.5964,3.0915],[-91.6401,63.5995,0.0],[-91.6453,63.6047,0.0],[-91.6432,63.6078,0.0],[-91.6375,63.6083,0.0],[-91.6359,63.6099,0.0],[-91.6432,63.6109,0.0],[-91.6453,63.6141,0.0],[-91.6417,63.6146,2.3861],[-91.6375,63.6125,0.0],[-91.6318,63.6141,0.0],[-91.6328,63.6109,6.4853],[-91.6271,63.6063,0.0],[-91.6229,63.6063,0.0],[-91.6104,63.6104,0.0],[-91.6062,63.6083,0.0],[-91.6047,63.6089,0.0],[-91.6057,63.612,0.0],[-91.5984,63.613,0.0],[-91.6047,63.6203,0.0],[-91.6141,63.6214,2.2875],[-91.6161,63.6245,0.0],[-91.6062,63.6229,2.3529],[-91.5984,63.6276,2.1761],[-91.5995,63.6307,2.5251],[-91.5901,63.6391,0.0],[-91.5922,63.6411,0.0],[-91.5974,63.6422,1.7632],[-91.5964,63.6453,0.0],[-91.5995,63.6495,0.0],[-91.5917,63.6479,0.0],[-91.588,63.6505,0.0],[-91.5891,63.6536,1.1361],[-91.5818,63.6526,0.0],[-91.5839,63.6578,0.0],[-91.6021,63.6604,2.3299],[-91.6088,63.6568,3.3549],[-91.6188,63.6542,0.0],[-91.6203,63.6557,2.8807],[-91.6172,63.6568,0.0],[-91.6151,63.6599,0.0],[-91.6349,63.6651,0.0],[-91.6401,63.6703,0.0],[-91.6521,63.6667,14.614],[-91.6557,63.6672,6.5697],[-91.662,63.6734,0.0],[-91.6589,63.6755,0.0],[-91.6609,63.6786,0.0],[-91.6682,63.6797,2.5444],[-91.6651,63.6818,0.0],[-91.6672,63.6849,0.0],[-91.675,63.6875,0.0],[-91.6849,63.688,8.2972],[-91.688,63.6911,4.9128],[-91.6932,63.6922,0.0],[-91.6974,63.6964,0.0],[-91.6963,63.6995,0.0],[-91.6984,63.7016,0.0],[-91.7063,63.7042,0.0],[-91.7146,63.7042,1.4411],[-91.7182,63.7068,0.0],[-91.7167,63.7083,0.0],[-91.7109,63.7089,0.0],[-91.7125,63.7104,0.0],[-91.725,63.7104,2.0722],[-91.7292,63.7125,0.0],[-91.7333,63.7104,2.3841],[-91.738,63.7141,0.0],[-91.7417,63.7146,0.0],[-91.7479,63.7104,2.8115],[-91.7557,63.713,0.0],[-91.7547,63.7161,0.0],[-91.7625,63.7188,0.0],[-91.7771,63.7208,0.0],[-91.7812,63.7229,0.0],[-91.7875,63.7229,0.0],[-91.7937,63.7188,11.7936],[-91.7979,63.7208,0.0],[-91.8042,63.7208,0.0],[-91.812,63.7182,0.0],[-91.8109,63.7151,13.8001],[-91.8146,63.7125,4.0027],[-91.8292,63.7146,0.0],[-91.8307,63.7141,0.0],[-91.8297,63.7109,3.8998],[-91.8375,63.7104,5.3148],[-91.8417,63.7125,0.0],[-91.8562,63.7125,2.518],[-91.8599,63.7099,0.0],[-91.8568,63.7057,5.3785],[-91.8583,63.7042,4.0262],[-91.8646,63.7062,0.0],[-91.8708,63.7062,1.5026],[-91.875,63.7083,0.0],[-91.8833,63.7083,0.0],[-91.8875,63.7104,2.2097],[-91.8917,63.7083,0.0],[-91.8979,63.7125,0.0],[-91.9057,63.712,2.8881],[-91.9146,63.7042,0.0],[-91.9208,63.7062,6.4159],[-91.9271,63.7062,0.0],[-91.9313,63.7083,0.0],[-91.937,63.7057,0.0],[-91.9359,63.7026,0.0],[-91.937,63.7005,0.0],[-91.9339,63.6974,5.3926],[-91.9349,63.6943,0.0],[-91.9297,63.6922,0.0],[-91.9396,63.6896,0.0],[-91.9583,63.6917,0.0],[-91.9599,63.6911,0.0],[-91.9589,63.688,0.0],[-91.9682,63.6849,1.5064],[-91.9672,63.6818,6.3266],[-91.9687,63.6813,4.9387],[-91.9724,63.6839,0.9796],[-91.9714,63.687,0.0],[-91.9729,63.6875,0.0],[-91.9812,63.6813,3.8921],[-91.9875,63.6833,0.0],[-91.9958,63.6771,6.8648],[-92.0036,63.6786,0.0],[-92.0026,63.6755,1.271],[-92.0036,63.6734,2.6793],[-91.9995,63.6693,0.0],[-91.9943,63.6682,6.2461],[-91.9901,63.663,0.0],[-92.0042,63.6646,2.3543],[-92.0083,63.6667,1.8832],[-92.0188,63.6667,3.8572],[-92.0229,63.6646,6.7652],[-92.0312,63.6646,0.0],[-92.0354,63.6667,0.0],[-92.0432,63.6661,2.9946],[-92.0453,63.663,3.3537],[-92.0432,63.6609,1.9216],[-92.038,63.6599,5.0482],[-92.0391,63.6568,3.61],[-92.0359,63.6536,0.0],[-92.037,63.6505,2.2125],[-92.0318,63.6495,2.7027],[-92.0333,63.6479,1.491],[-92.0391,63.6474,0.0],[-92.0359,63.6422,9.109],[-92.0391,63.638,0.0],[-92.037,63.6359,0.0],[-92.0255,63.6328,0.0],[-92.0234,63.6297,0.0],[-92.0255,63.6276,0.0],[-92.0396,63.6292,2.3319],[-92.0437,63.6312,1.97],[-92.0479,63.6292,14.8032],[-92.0536,63.6297,1.859],[-92.0557,63.6328,0.0],[-92.0526,63.637,2.3778],[-92.0578,63.638,2.3761],[-92.0625,63.6417,0.0],[-92.0641,63.6411,2.8622],[-92.063,63.638,2.5375],[-92.0646,63.6375,3.0991],[-92.0771,63.6375,0.0],[-92.0813,63.6354,9.0202],[-92.0891,63.637,0.0],[-92.088,63.6339,11.8],[-92.0901,63.6318,13.9433],[-92.0974,63.6307,0.0],[-92.0964,63.6276,5.0077],[-92.0979,63.6271,7.0669],[-92.1078,63.6266,0.0],[-92.112,63.6224,0.0],[-92.1109,63.6193,3.9659],[-92.1125,63.6188,4.1788],[-92.1354,63.6167,11.9875],[-92.1396,63.6188,0.0],[-92.1458,63.6146,3.1992],[-92.1604,63.6146,1.8513],[-92.1646,63.6167,0.0],[-92.175,63.6167,6.6967],[-92.1766,63.6161,9.0187],[-92.1755,63.613,13.2648],[-92.1833,63.6104,2.0838],[-92.1974,63.6099,2.6169],[-92.2078,63.6016,2.787],[-92.2068,63.5984,7.9062],[-92.212,63.5953,2.4829],[-92.2109,63.5922,6.3029],[-92.212,63.5901,2.3332],[-92.2078,63.5859,8.1334],[-92.2026,63.5849,7.7183],[-92.2057,63.5797,0.0],[-92.2005,63.5786,3.5781],[-92.2078,63.5755,0.0],[-92.2042,63.5729,2.4219],[-92.1979,63.575,8.6585],[-92.1963,63.5734,9.7819],[-92.2037,63.5682,7.7485],[-92.2026,63.5651,4.8757],[-92.2141,63.5557,0.3168],[-92.213,63.5526,3.3586],[-92.2187,63.55,2.7389],[-92.2245,63.5505,3.3025],[-92.2292,63.5542,1.5553],[-92.2307,63.5536,1.8745],[-92.2297,63.5505,5.6571],[-92.2391,63.5505,1.7223],[-92.238,63.5536,3.2303],[-92.2391,63.5557,3.7494],[-92.2359,63.5568,2.3892],[-92.2318,63.562,1.3551],[-92.2359,63.5661,0.0],[-92.2411,63.5672,3.8869],[-92.2432,63.5693,2.003],[-92.2422,63.5724,0.0],[-92.2438,63.5729,3.7894],[-92.2495,63.5724,7.8653],[-92.2526,63.5693,1.9572],[-92.2625,63.5667,8.5951],[-92.2667,63.5687,0.0],[-92.2724,63.5661,0.0],[-92.2708,63.5646,0.0],[-92.2651,63.5641,4.529],[-92.2682,63.5609,0.0],[-92.2609,63.5599,7.783],[-92.2557,63.5547,0.5638],[-92.2505,63.5536,0.7988],[-92.2474,63.5505,3.8192],[-92.2333,63.5458,0.6395],[-92.2234,63.5453,7.5585],[-92.2266,63.5432,1.2929],[-92.2255,63.5401,1.4323],[-92.2266,63.538,1.4305],[-92.2214,63.537,3.1937],[-92.2224,63.5339,5.4854],[-92.2214,63.5318,3.5508],[-92.2271,63.5313,0.4564],[-92.2495,63.538,2.8935],[-92.2547,63.5432,3.028],[-92.2599,63.5443,1.856],[-92.262,63.5464,4.6034],[-92.2609,63.5495,0.0],[-92.2662,63.5505,5.823],[-92.2714,63.5557,0.0],[-92.2766,63.5568,2.6325],[-92.2797,63.5599,0.0],[-92.2995,63.5651,9.6111],[-92.2984,63.5682,0.0],[-92.3042,63.5667,3.7167],[-92.3187,63.5667,4.2862],[-92.3229,63.5687,5.3445],[-92.3287,63.5651,7.1616],[-92.3245,63.5609,3.7091],[-92.3187,63.5604,5.8098],[-92.3172,63.5589,4.6168],[-92.3313,63.5583,5.7898],[-92.337,63.5557,0.0],[-92.3333,63.5542,2.1674],[-92.3276,63.5557,1.608],[-92.3287,63.5526,2.8219],[-92.3255,63.5495,6.0506],[-92.3359,63.5401,5.4651],[-92.3562,63.5396,3.824],[-92.3604,63.5375,6.5106],[-92.3646,63.5396,0.5617],[-92.3688,63.5375,3.8487],[-92.3729,63.5396,2.9284],[-92.3833,63.5396,3.7584],[-92.3849,63.538,4.9627],[-92.3818,63.5339,4.699],[-92.3896,63.5333,8.1768],[-92.3974,63.5359,5.1499],[-92.3958,63.5375,5.1538],[-92.3901,63.538,5.0488],[-92.3938,63.5417,0.0],[-92.4042,63.5417,0.3537],[-92.4089,63.538,1.8911],[-92.4125,63.5375,7.781],[-92.4187,63.5417,3.4693],[-92.4375,63.5417,0.3792],[-92.4411,63.5391,0.6689],[-92.4359,63.5328,0.7835],[-92.438,63.5297,2.3813],[-92.4437,63.5271,1.87],[-92.4479,63.5292,1.3909],[-92.4521,63.5271,2.2196],[-92.4563,63.5292,1.9126],[-92.4599,63.5286,3.1563],[-92.4578,63.5255,1.7764],[-92.4505,63.5245,6.2953],[-92.4463,63.5193,5.7375],[-92.4526,63.5151,4.4367],[-92.4646,63.5104,5.5548],[-92.4755,63.5203,3.0458],[-92.4979,63.525,4.5177],[-92.5167,63.5333,1.8346],[-92.5266,63.5339,4.8161],[-92.5234,63.5359,4.102],[-92.5245,63.5432,2.6159],[-92.5146,63.5438,1.9715],[-92.5104,63.5458,2.2131],[-92.5062,63.5438,0.8078],[-92.4979,63.5438,1.3029],[-92.4964,63.5443,-0.0811],[-92.4974,63.5474,3.4353],[-92.4958,63.5479,1.0494],[-92.4896,63.5479,1.8611],[-92.4849,63.5443,1.3926],[-92.4792,63.5438,0.9815],[-92.4734,63.5464,1.7392],[-92.4667,63.5521,1.8523],[-92.4542,63.5479,0.1063],[-92.45,63.5479,0.3834],[-92.4484,63.5484,1.553],[-92.4495,63.5516,2.0778],[-92.4479,63.5521,3.8529],[-92.4339,63.5526,0.0],[-92.4318,63.5557,0.1407],[-92.4349,63.5599,5.1904],[-92.4255,63.563,4.9817],[-92.4234,63.5661,0.0],[-92.4328,63.5672,4.7688],[-92.4318,63.5745,6.974],[-92.437,63.5755,5.5924],[-92.4432,63.5828,1.9954],[-92.4313,63.5833,2.6119],[-92.4271,63.5812,1.6711],[-92.4229,63.5833,2.7619],[-92.4146,63.5833,3.2369],[-92.413,63.5849,3.3754],[-92.4182,63.587,2.4343],[-92.4146,63.5896,3.0543],[-92.4062,63.5896,5.8339],[-92.4021,63.5917,4.4292],[-92.3979,63.5917,3.5808],[-92.3964,63.5911,4.2666],[-92.3974,63.588,5.2187],[-92.3922,63.5859,5.8365],[-92.3943,63.5839,3.7],[-92.4016,63.5828,5.0624],[-92.4068,63.5776,10.2548],[-92.4203,63.5745,3.8393],[-92.4172,63.5703,2.95],[-92.4182,63.5672,0.4294],[-92.4167,63.5667,0.1055],[-92.3938,63.5667,1.6134],[-92.3922,63.5682,0.0],[-92.3974,63.5703,0.5508],[-92.3755,63.5734,2.8136],[-92.3693,63.5776,0.0],[-92.3703,63.5807,1.2399],[-92.3688,63.5812,0.4534],[-92.3583,63.5792,1.2415],[-92.3479,63.5833,4.3393],[-92.3437,63.5812,0.0],[-92.3401,63.5818,0.0],[-92.3411,63.5849,1.0048],[-92.3359,63.5859,0.0],[-92.337,63.5891,0.0],[-92.3359,63.5911,0.0],[-92.3401,63.5953,1.9776],[-92.3453,63.5964,1.0465],[-92.3443,63.5995,0.0],[-92.3453,63.6016,1.8509],[-92.3422,63.6036,0.0],[-92.3453,63.6068,0.0],[-92.3443,63.6099,0.0],[-92.3516,63.6172,0.0],[-92.3505,63.6203,0.0],[-92.3516,63.6224,2.5933],[-92.35,63.6229,0.0],[-92.3422,63.6224,1.1828],[-92.3349,63.6151,0.0],[-92.3208,63.6104,0.0],[-92.3104,63.6104,0.0],[-92.3068,63.613,2.7628],[-92.3078,63.6161,0.0],[-92.3063,63.6167,0.3951],[-92.2979,63.6167,0.0],[-92.2937,63.6188,3.959],[-92.2854,63.6188,0.0],[-92.2812,63.6208,0.0],[-92.263,63.6214,0.0],[-92.2682,63.6234,5.9059],[-92.2667,63.625,0.0],[-92.2521,63.625,2.0971],[-92.2479,63.6229,0.0],[-92.2396,63.6229,0.0],[-92.238,63.6234,0.7527],[-92.2391,63.6266,4.0862],[-92.2375,63.6271,5.703],[-92.2292,63.6271,0.0],[-92.225,63.6292,1.6205],[-92.2187,63.6271,0.0],[-92.2146,63.6292,0.0],[-92.2083,63.6292,0.0],[-92.2026,63.6318,1.5344],[-92.2005,63.6349,2.337],[-92.2057,63.6359,1.6648],[-92.2099,63.6401,0.0],[-92.2089,63.6432,0.9995],[-92.2161,63.6516,3.1027],[-92.2089,63.6526,0.0],[-92.2047,63.6568,0.0],[-92.2099,63.663,1.4222],[-92.2078,63.6661,0.0],[-92.1875,63.6708,0.0],[-92.1813,63.675,0.9928],[-92.1479,63.675,2.3506],[-92.1438,63.6729,0.0],[-92.1292,63.6729,0.0],[-92.125,63.675,0.0],[-92.1125,63.675,0.0],[-92.1062,63.6792,0.0],[-92.0917,63.6771,0.0],[-92.0901,63.6776,0.0],[-92.0911,63.6807,0.0],[-92.088,63.6828,0.0],[-92.0937,63.6875,0.0],[-92.1016,63.6859,3.7498],[-92.0964,63.6911,0.0],[-92.1062,63.6917,0.0],[-92.1125,63.6958,0.0],[-92.1203,63.6964,0.0],[-92.125,63.7,0.0],[-92.1328,63.6984,0.0],[-92.1401,63.7057,0.0],[-92.1453,63.7068,2.6911],[-92.1505,63.712,0.0],[-92.1583,63.7146,3.5758],[-92.1625,63.7146,7.8914],[-92.1667,63.7167,0.0],[-92.2104,63.7167,0.0],[-92.2146,63.7188,0.0],[-92.2208,63.7167,4.462],[-92.225,63.7188,0.653],[-92.2328,63.7193,1.5109],[-92.2318,63.7224,0.0],[-92.2411,63.7234,1.4695],[-92.2453,63.7276,0.8262],[-92.2417,63.7313,3.0747],[-92.2276,63.7318,1.1231],[-92.2286,63.7349,1.755],[-92.2276,63.737,0.0],[-92.2375,63.7458,0.0],[-92.2521,63.7438,5.7878],[-92.2562,63.7458,0.0],[-92.275,63.7396,5.8133],[-92.2979,63.7396,0.0],[-92.2995,63.7391,0.0],[-92.2984,63.7359,12.3628],[-92.3,63.7354,13.5812],[-92.3146,63.7354,2.7765],[-92.325,63.7396,0.0],[-92.3313,63.7396,0.0],[-92.3375,63.7354,4.6208],[-92.3474,63.7349,3.3481],[-92.3516,63.7307,1.3795],[-92.3505,63.7276,10.2631],[-92.3521,63.7271,10.2631],[-92.3562,63.7292,3.6946],[-92.3682,63.7286,3.2591],[-92.3651,63.7234,4.4986],[-92.3672,63.7214,6.2096],[-92.3708,63.7208,1.6463],[-92.3849,63.7255,4.1306],[-92.3943,63.7349,0.0],[-92.3995,63.7359,0.0],[-92.4089,63.7432,0.0],[-92.4167,63.7438,7.9101],[-92.4245,63.7464,0.0],[-92.4234,63.7495,1.0892],[-92.4266,63.7526,0.0],[-92.4255,63.7599,0.0],[-92.4339,63.7682,0.0],[-92.4391,63.7693,3.1759],[-92.4432,63.7734,1.393],[-92.4422,63.7766,0.0],[-92.462,63.7964,12.1627],[-92.4609,63.7995,0.0],[-92.4687,63.8021,0.0],[-92.475,63.8021,11.8142],[-92.4797,63.8057,0.0],[-92.4854,63.8063,0.0],[-92.5104,63.8146,0.0],[-92.5292,63.8146,0.0],[-92.5339,63.8109,6.7003],[-92.5411,63.8099,7.6942],[-92.5463,63.8047,7.441],[-92.562,63.8036,4.7803],[-92.5589,63.7984,11.0713],[-92.5625,63.7958,18.8637],[-92.5682,63.7953,6.8086],[-92.5713,63.7922,5.2209],[-92.5771,63.7938,0.0],[-92.5849,63.7932,2.6844],[-92.5818,63.7891,0.0],[-92.5849,63.7849,7.176],[-92.5839,63.7818,15.0699],[-92.5911,63.7807,12.184],[-92.5932,63.7776,6.4751],[-92.5901,63.7734,6.3513],[-92.5922,63.7714,6.3012],[-92.5995,63.7703,0.0],[-92.5984,63.7672,3.7879],[-92.6021,63.7646,4.9357],[-92.6078,63.7641,0.0],[-92.6068,63.7609,0.0],[-92.6083,63.7604,0.0],[-92.6161,63.763,5.9033],[-92.6182,63.7651,1.9062],[-92.6172,63.7682,0.0],[-92.6224,63.7693,5.8064],[-92.6276,63.7745,0.0],[-92.6375,63.775,4.6776],[-92.6417,63.7771,2.2017],[-92.6557,63.7776,5.7984],[-92.663,63.7849,0.0],[-92.6766,63.7901,12.8592],[-92.6755,63.7932,0.0],[-92.6891,63.7964,6.6472],[-92.6943,63.8016,6.4015],[-92.7021,63.8021,3.0388],[-92.7125,63.8063,0.0],[-92.7208,63.8063,0.84],[-92.7354,63.8146,0.0],[-92.7417,63.8125,4.569],[-92.7521,63.8167,3.7175],[-92.7604,63.8167,6.393],[-92.7708,63.825,3.6232],[-92.775,63.8229,1.0116],[-92.7792,63.825,0.0],[-92.7917,63.825,1.7931],[-92.7932,63.8255,4.0111],[-92.7922,63.8286,1.3075],[-92.8,63.8312,2.9116],[-92.8208,63.8312,3.1891],[-92.8313,63.8271,1.6061],[-92.8375,63.8271,0.0],[-92.8417,63.8292,3.0288],[-92.8458,63.8271,6.8178],[-92.8521,63.8312,2.9245],[-92.8562,63.8292,2.826],[-92.8625,63.8292,1.8307],[-92.8771,63.8417,0.0],[-92.8786,63.8411,2.9487],[-92.8776,63.838,8.0663],[-92.8792,63.8375,8.8411],[-92.887,63.8391,0.7885],[-92.8891,63.837,2.033],[-92.888,63.8339,0.0],[-92.8896,63.8333,0.0],[-92.9026,63.8453,7.4104],[-92.9099,63.8464,2.2505],[-92.9151,63.8516,0.0],[-92.9292,63.8521,2.6279],[-92.9333,63.8542,0.0],[-92.937,63.8505,8.7558],[-92.9318,63.8453,0.0],[-92.9333,63.8438,0.0],[-92.9375,63.8458,0.0],[-92.9599,63.8484,9.5785],[-92.9651,63.8536,0.0],[-92.9766,63.8578,0.0],[-92.9708,63.8583,0.0],[-92.9583,63.8542,0.0],[-92.95,63.8542,0.0],[-92.9297,63.8609,0.0],[-92.9307,63.8641,3.6201],[-92.9266,63.8682,0.0],[-92.9208,63.8688,4.7919],[-92.9193,63.8703,6.6844],[-92.9229,63.8729,19.7706],[-92.937,63.8734,8.3825],[-92.9443,63.8807,0.0],[-92.9516,63.8818,11.629],[-92.9484,63.8839,0.0],[-92.9505,63.887,0.0],[-92.9578,63.888,1.8129],[-92.9599,63.8901,2.5596],[-92.9589,63.8932,0.0],[-92.963,63.8974,0.0],[-92.9682,63.8984,11.1979],[-92.9729,63.9021,5.3182],[-92.9812,63.9021,10.8644],[-92.9958,63.9063,2.9469],[-93.0208,63.9063,3.954],[-93.0354,63.9,4.6503],[-93.0667,63.9042,0.0],[-93.0708,63.9021,9.7568],[-93.0787,63.9016,17.1338],[-93.0849,63.8974,0.0],[-93.0839,63.8943,13.7709],[-93.0849,63.8922,10.2313],[-93.0745,63.8818,0.0],[-93.0583,63.8792,18.958],[-93.0536,63.8755,0.0],[-93.0463,63.8745,0.0],[-93.0417,63.8708,0.0],[-93.025,63.8708,15.5212],[-93.0208,63.8688,8.0216],[-93.0083,63.8688,25.8416],[-93.0047,63.8661,4.5036],[-93.0104,63.8625,21.9085],[-93.0146,63.8646,0.0],[-93.0312,63.8646,0.0],[-93.0354,63.8667,0.0],[-93.0396,63.8646,8.6179],[-93.05,63.8646,8.9508],[-93.0542,63.8667,0.0],[-93.0667,63.8667,18.4987],[-93.0729,63.8708,0.0],[-93.0854,63.8708,5.0851],[-93.0896,63.8729,1.8476],[-93.0937,63.8708,0.0],[-93.0984,63.8745,0.0],[-93.1057,63.8755,32.3171],[-93.1047,63.8786,3.7683],[-93.1141,63.8797,0.0],[-93.1318,63.8974,6.9399],[-93.1359,63.8995,16.7577],[-93.1458,63.9,5.3868],[-93.15,63.8979,8.4678],[-93.1583,63.8979,3.2011],[-93.1625,63.8958,5.5174],[-93.1687,63.9,0.0],[-93.175,63.8979,4.6441],[-93.1792,63.9,0.0],[-93.1807,63.8995,3.2961],[-93.1797,63.8964,3.8038],[-93.1813,63.8958,0.0],[-93.1896,63.9,0.0],[-93.1937,63.9,0.8287],[-93.1979,63.8979,4.1875],[-93.2021,63.9,4.0915],[-93.2104,63.9,0.0],[-93.212,63.9005,0.0],[-93.2109,63.9036,0.0],[-93.2182,63.9026,0.0],[-93.213,63.9099,8.1282],[-93.2182,63.9109,9.2428],[-93.2229,63.9146,0.0],[-93.2328,63.9151,18.0286],[-93.2297,63.9182,0.0],[-93.2354,63.9188,8.943],[-93.2401,63.9224,2.6715],[-93.2562,63.925,4.0175],[-93.2667,63.9292,0.0],[-93.2766,63.9297,4.0244],[-93.2839,63.937,4.1341],[-93.2891,63.938,5.137],[-93.288,63.9411,5.3888],[-93.2901,63.9432,7.5045],[-93.3042,63.9437,16.3878],[-93.3083,63.9458,2.7382],[-93.3208,63.9458,31.3426],[-93.3245,63.9484,21.8702],[-93.3213,63.9516,0.0],[-93.3313,63.9542,1.9062],[-93.3437,63.9542,5.5704],[-93.3526,63.962,3.2767],[-93.3604,63.9625,5.312],[-93.3646,63.9646,6.564],[-93.3771,63.9646,20.8394],[-93.3812,63.9667,0.0],[-93.3875,63.9667,5.6284],[-93.4125,63.9583,2.6821],[-93.4187,63.9604,5.9828],[-93.4333,63.9604,5.599],[-93.4422,63.9526,3.8457],[-93.4479,63.95,1.1429],[-93.4521,63.9521,12.2772],[-93.4583,63.9521,0.0],[-93.4646,63.9479,0.0],[-93.4708,63.9521,0.0],[-93.4812,63.9521,21.5754],[-93.4849,63.9495,0.0],[-93.4838,63.9464,0.0],[-93.4849,63.9443,1.4401],[-93.4766,63.9359,0.0],[-93.4604,63.9313,10.0063],[-93.4563,63.9313,6.2492],[-93.4547,63.9328,5.6009],[-93.463,63.9411,8.8281],[-93.4682,63.9422,17.0938],[-93.4661,63.9453,0.0],[-93.4484,63.9411,0.0],[-93.4463,63.9391,0.0],[-93.4474,63.9359,0.0],[-93.4422,63.9349,4.7774],[-93.4391,63.9318,0.0],[-93.4276,63.9307,4.7347],[-93.4255,63.9276,0.0],[-93.4458,63.9271,0.0],[-93.4474,63.9255,0.0],[-93.4339,63.9224,1.9681],[-93.4292,63.9188,0.0],[-93.4208,63.9188,4.9478],[-93.4193,63.9172,0.0],[-93.4354,63.9167,15.1784],[-93.4396,63.9188,5.9903],[-93.4458,63.9188,0.0],[-93.4474,63.9172,0.0],[-93.4411,63.9109,0.0],[-93.4354,63.9104,0.0],[-93.4307,63.9068,8.8659],[-93.4255,63.9057,6.8116],[-93.4234,63.9036,1.6468],[-93.4245,63.9005,2.7194],[-93.4187,63.9021,2.2351],[-93.4089,63.8995,0.0],[-93.4141,63.8953,1.6783],[-93.413,63.8922,6.9706],[-93.4187,63.8937,3.4827],[-93.4224,63.8911,4.3055],[-93.4162,63.8839,2.6771],[-93.4083,63.8812,0.0],[-93.4021,63.8833,7.3389],[-93.3984,63.8807,4.5984],[-93.4016,63.8776,0.0],[-93.3854,63.875,7.9719],[-93.3729,63.8708,0.0],[-93.3651,63.8703,0.0],[-93.3703,63.8672,3.568],[-93.3651,63.8661,5.4664],[-93.3661,63.863,0.0],[-93.3609,63.862,1.9433],[-93.362,63.8589,0.0],[-93.3588,63.8557,1.9947],[-93.3599,63.8526,0.0],[-93.3401,63.8474,8.2491],[-93.3354,63.8438,0.0],[-93.3229,63.8438,11.9182],[-93.3182,63.8401,0.0],[-93.3104,63.8375,2.3041],[-93.2984,63.838,3.0102],[-93.2963,63.8401,0.0],[-93.2974,63.8432,0.0],[-93.2896,63.8458,2.5395],[-93.2833,63.8438,3.8493],[-93.2792,63.8458,1.5602],[-93.2672,63.8453,0.0],[-93.2609,63.838,0.0],[-93.2703,63.8391,7.6551],[-93.2724,63.837,2.4885],[-93.2714,63.8339,0.0],[-93.2745,63.8297,0.0],[-93.2703,63.8255,0.0],[-93.2651,63.8245,0.0],[-93.263,63.8224,0.0],[-93.2651,63.8193,0.0],[-93.2854,63.8187,10.3476],[-93.2896,63.8208,0.0],[-93.2937,63.8208,0.0],[-93.2995,63.8255,0.0],[-93.2963,63.8286,0.0],[-93.3005,63.8307,0.0],[-93.3063,63.8292,0.0],[-93.3104,63.8312,0.0],[-93.3167,63.8312,8.0603],[-93.3208,63.8292,20.5049],[-93.3287,63.8318,3.3173],[-93.3339,63.837,0.0],[-93.3474,63.8401,4.7407],[-93.3521,63.8438,0.0],[-93.3604,63.8438,2.4367],[-93.3646,63.8458,2.5338],[-93.3688,63.8438,0.0],[-93.3786,63.8432,0.0],[-93.3776,63.8401,28.9246],[-93.3828,63.8391,16.051],[-93.3766,63.8318,0.0],[-93.3714,63.8307,1.2656],[-93.375,63.8271,0.0],[-93.3833,63.8333,0.0],[-93.3974,63.8297,0.0],[-93.4026,63.8349,0.0],[-93.4099,63.8359,12.9785],[-93.4068,63.8391,0.0],[-93.4109,63.8432,0.0],[-93.4313,63.8438,2.0025],[-93.4458,63.8521,2.8057],[-93.4537,63.8516,0.0],[-93.4599,63.8453,2.0561],[-93.4589,63.838,5.6264],[-93.4646,63.8354,10.9768],[-93.4729,63.8354,9.6536],[-93.4771,63.8375,1.2958],[-93.487,63.838,10.8838],[-93.4859,63.8411,2.827],[-93.488,63.8432,0.0],[-93.4932,63.8443,5.9055],[-93.4984,63.8495,10.7879],[-93.5062,63.8521,0.0],[-93.5099,63.8516,0.0],[-93.5167,63.8458,17.4988],[-93.5328,63.8505,3.3876],[-93.5318,63.8536,0.0],[-93.5333,63.8542,0.0],[-93.5458,63.8542,1.7943],[-93.5505,63.8578,1.2617],[-93.5583,63.8583,1.2181],[-93.5646,63.8625,0.0],[-93.5729,63.8625,16.0589],[-93.5917,63.8688,3.3295],[-93.6146,63.8688,3.7154],[-93.6161,63.8682,2.4541],[-93.6151,63.8651,26.2785],[-93.6167,63.8646,30.6904],[-93.6229,63.8667,0.0],[-93.6292,63.8667,1.2213],[-93.637,63.8693,3.3552],[-93.6359,63.8766,1.7555],[-93.6412,63.8776,1.6114],[-93.6401,63.8807,0.0],[-93.6412,63.8828,0.0],[-93.6354,63.8812,1.9429],[-93.6312,63.8833,0.0],[-93.6271,63.8812,0.0],[-93.6167,63.8812,0.0],[-93.6151,63.8828,7.2457],[-93.6172,63.8849,0.0],[-93.6224,63.8859,6.7513],[-93.6214,63.8891,0.0],[-93.6234,63.8911,1.7933],[-93.6349,63.8922,7.5784],[-93.637,63.8953,7.0226],[-93.6338,63.8974,0.0],[-93.6359,63.8995,1.5072],[-93.6432,63.9005,4.2975],[-93.6359,63.9036,4.1163],[-93.6396,63.9063,0.0],[-93.6474,63.9047,0.0],[-93.6495,63.9068,0.0],[-93.6484,63.9099,4.8824],[-93.6547,63.9161,0.0],[-93.6568,63.9182,1.9356],[-93.662,63.9193,6.5026],[-93.6589,63.9245,2.2211],[-93.6661,63.9234,2.1479],[-93.6651,63.9307,0.0],[-93.6771,63.9354,5.405],[-93.6813,63.9333,0.0],[-93.6854,63.9333,3.8152],[-93.6932,63.938,3.9027],[-93.6953,63.9411,1.9239],[-93.6922,63.9432,0.0],[-93.6995,63.9443,9.5509],[-93.6979,63.9458,2.3101],[-93.6922,63.9464,1.2548],[-93.6901,63.9484,0.0],[-93.6932,63.9526,0.0],[-93.6922,63.9557,14.4852],[-93.6937,63.9562,14.4852],[-93.7063,63.9521,7.9878],[-93.7104,63.9542,0.0],[-93.7146,63.9521,0.0],[-93.725,63.9521,10.971],[-93.7292,63.9542,8.2617],[-93.7479,63.9542,0.0],[-93.7495,63.9536,2.274],[-93.7484,63.9505,15.2676],[-93.7542,63.9479,9.5261],[-93.7583,63.95,0.0],[-93.7646,63.9458,5.8271],[-93.7833,63.95,2.6866],[-93.7911,63.9474,0.0],[-93.7901,63.9443,0.0],[-93.7917,63.9437,14.3533],[-93.8063,63.9458,0.0],[-93.8109,63.9422,11.1849],[-93.8245,63.9391,0.0],[-93.8266,63.937,6.4722],[-93.8255,63.9339,1.863],[-93.8328,63.9328,28.6505],[-93.8318,63.9297,2.4134],[-93.8333,63.9292,0.0],[-93.8417,63.9292,6.3622],[-93.8458,63.9271,15.2645],[-93.85,63.9292,0.0],[-93.8542,63.9292,0.0],[-93.8583,63.9271,0.0],[-93.8875,63.925,0.0],[-93.8917,63.9229,25.4796],[-93.9,63.9229,3.1419],[-93.9042,63.9208,20.8221],[-93.9083,63.9208,0.0],[-93.9125,63.9188,24.5632],[-93.9167,63.9208,0.0],[-93.9271,63.9208,0.0],[-93.9313,63.9188,7.1503],[-93.9391,63.9182,0.0],[-93.9495,63.9141,30.7574],[-93.9542,63.9104,0.0],[-93.9729,63.9125,22.1457],[-93.9792,63.9167,0.0],[-93.9854,63.9125,16.7589],[-93.9917,63.9125,3.6942],[-93.9958,63.9146,0.0],[-93.9974,63.9141,0.0],[-93.9964,63.9109,14.9236],[-94.0083,63.9104,4.9037],[-94.0125,63.9125,0.0],[-94.0203,63.913,0.0],[-94.0224,63.9161,3.1613],[-94.0167,63.9146,1.8162],[-94.0021,63.9146,0.0],[-94.0005,63.9151,0.0],[-94.0016,63.9182,0.0],[-93.9995,63.9203,1.3433],[-93.9922,63.9214,0.0],[-93.9901,63.9245,0.0],[-94.0099,63.9297,1.4657],[-94.013,63.9328,0.0],[-94.0203,63.9339,2.25],[-94.0255,63.9391,1.1835],[-94.0516,63.9464,0.0],[-94.0563,63.95,0.0],[-94.062,63.9505,8.3736],[-94.0724,63.9609,1.2034],[-94.0713,63.9641,0.0],[-94.0766,63.9693,20.2735],[-94.0755,63.9724,0.0],[-94.0917,63.9771,0.0],[-94.0995,63.9776,0.0],[-94.1088,63.9849,-0.8311],[-94.1203,63.9891,0.4058],[-94.1146,63.9896,23.3992],[-94.1021,63.9854,-0.7122],[-94.0964,63.9859,0.0],[-94.0943,63.9891,9.1936],[-94.1036,63.9943,11.7928],[-94.1026,63.9974,-1.969],[-94.1036,63.9995,1.2359],[-94.1005,63.9995,-1.6887],[-94.0974,63.9964,-1.1926],[-94.0901,63.9953,5.6564],[-94.0932,63.9922,-1.9901],[-94.0818,63.9911,11.8984],[-94.0828,63.988,8.7045],[-94.0807,63.9859,0.0],[-94.0755,63.9849,0.0],[-94.0734,63.9828,0.0],[-94.0766,63.9776,0.0],[-94.0713,63.9766,6.7748],[-94.0667,63.9729,0.0],[-94.0609,63.9724,0.0],[-94.062,63.9693,13.6507],[-94.0589,63.9661,2.3373],[-94.0599,63.963,0.0],[-94.0547,63.962,6.2824],[-94.0495,63.9568,5.5878],[-94.0359,63.9536,0.6195],[-94.0328,63.9505,2.1168],[-94.025,63.9479,0.0],[-94.0193,63.9474,12.4216],[-94.0151,63.9432,2.1365],[-94.0162,63.9401,0.0],[-94.0083,63.9375,0.0],[-94.0,63.9375,8.0996],[-93.9854,63.9333,0.0],[-93.9755,63.9328,2.6265],[-93.9766,63.9255,1.3646],[-93.9708,63.925,1.1583],[-93.9667,63.9271,0.0],[-93.9604,63.9271,2.1448],[-93.9542,63.9229,0.0],[-93.95,63.9229,0.0],[-93.9375,63.9271,3.0501],[-93.9333,63.925,0.0],[-93.9187,63.9313,4.4736],[-93.9125,63.9292,0.0],[-93.9021,63.9375,2.5292],[-93.8854,63.9375,0.7618],[-93.8812,63.9396,22.4887],[-93.8729,63.9396,0.0],[-93.8714,63.9411,0.0],[-93.8766,63.9432,9.7953],[-93.8646,63.9479,0.0],[-93.8604,63.9458,0.0],[-93.85,63.9458,0.0],[-93.8458,63.9479,0.0],[-93.8396,63.9437,0.0],[-93.8333,63.9437,0.0],[-93.8297,63.9464,0.0],[-93.8307,63.9495,0.0],[-93.8229,63.9521,2.939],[-93.8146,63.9521,0.0],[-93.8042,63.9562,3.7322],[-93.7958,63.9562,0.0],[-93.7917,63.9583,2.8834],[-93.7792,63.9583,0.0],[-93.7755,63.9609,0.0],[-93.787,63.9651,1.3873],[-93.7891,63.9672,2.6127],[-93.7875,63.9688,2.059],[-93.7792,63.9688,1.0268],[-93.7667,63.9646,1.7628],[-93.7438,63.9646,6.1609],[-93.738,63.9672,3.0562],[-93.7318,63.9734,1.475],[-93.7338,63.9766,1.3316],[-93.75,63.9792,6.9906],[-93.7604,63.9833,1.8555],[-93.7667,63.9813,3.6843],[-93.7708,63.9833,3.0203],[-93.7786,63.9839,1.0051],[-93.7818,63.987,0.847],[-93.7891,63.988,3.6664],[-93.7963,63.9953,0.0],[-93.8016,63.9964,0.0],[-93.8036,63.9984,0.0],[-93.8021,64.0,0.0],[-93.7917,63.9958,0.0],[-93.7854,63.9979,1.9448],[-93.7812,63.9958,0.0],[-93.775,63.9958,2.5483],[-93.7667,63.9917,1.6017],[-93.7604,63.9917,5.6241],[-93.7562,63.9896,1.1541],[-93.75,63.9896,2.0464],[-93.7484,63.9911,3.1209],[-93.7521,63.9938,1.1718],[-93.762,63.9943,6.6164],[-93.7662,63.9995,0.0],[-93.7604,63.9979,0.0],[-93.7479,63.9979,6.1821],[-93.7401,63.9953,1.0649],[-93.7338,63.9911,0.0],[-93.7411,63.988,3.2271],[-93.7333,63.9854,0.0],[-93.7255,63.9859,0.0],[-93.7266,63.9891,0.0],[-93.725,63.9896,0.0],[-93.7146,63.9875,0.0],[-93.7104,63.9896,6.6878],[-93.7063,63.9896,11.4241],[-93.7,63.9854,0.0],[-93.6937,63.9875,8.4679],[-93.6896,63.9854,0.0],[-93.6833,63.9875,7.9814],[-93.6792,63.9854,0.0],[-93.675,63.9875,0.7876],[-93.6708,63.9875,0.8745],[-93.6583,63.9833,0.6332],[-93.6542,63.9854,1.4959],[-93.6505,63.9828,2.7481],[-93.6521,63.9813,1.5848],[-93.6599,63.9807,1.5804],[-93.6583,63.9792,2.2604],[-93.6438,63.9792,0.0],[-93.6396,63.9813,13.2426],[-93.6354,63.9792,0.0],[-93.6167,63.9771,6.0181],[-93.6125,63.975,0.0],[-93.6047,63.9755,0.0],[-93.5979,63.9813,9.8814],[-93.5854,63.9771,0.0],[-93.5708,63.9792,3.7083],[-93.5667,63.9771,0.0],[-93.5417,63.9771,1.1858],[-93.5375,63.9792,4.9464],[-93.5297,63.9797,1.6277],[-93.5214,63.9859,0.0],[-93.5245,63.9901,11.1804],[-93.5234,63.9932,7.8638],[-93.5266,63.9964,3.7434],[-93.5234,64.0016,5.9255],[-93.5286,64.0026,2.4595],[-93.5276,64.0057,0.7967],[-93.5328,64.0068,14.7432],[-93.5297,64.012,0.0],[-93.5349,64.013,4.4263],[-93.5339,64.0203,0.0],[-93.5391,64.0214,10.9883],[-93.5411,64.0234,18.0558],[-93.5401,64.0266,0.0],[-93.5453,64.0276,13.0443],[-93.5505,64.0328,0.0],[-93.5578,64.0339,5.3411],[-93.5547,64.037,0.0],[-93.5646,64.0375,6.4337],[-93.5693,64.0411,0.0],[-93.575,64.0417,15.9408],[-93.5917,64.0479,5.5532],[-93.6016,64.0484,15.918],[-93.6047,64.0516,0.0],[-93.6099,64.0526,3.261],[-93.6151,64.0578,1.1383],[-93.6286,64.0609,5.4602],[-93.6338,64.0661,1.5303],[-93.6412,64.0672,4.4287],[-93.6484,64.0745,3.123],[-93.6536,64.0755,3.4936],[-93.6609,64.0828,1.7334],[-93.6672,64.087,0.0],[-93.6724,64.088,1.5624],[-93.6745,64.0911,2.1156],[-93.6609,64.0943,0.0],[-93.662,64.0974,0.7274],[-93.6589,64.1005,0.7684],[-93.6599,64.1036,6.3974],[-93.6547,64.1068,0.0],[-93.6682,64.1193,7.7743],[-93.663,64.1245,0.0],[-93.6703,64.1255,0.8906],[-93.6771,64.1312,9.0702],[-93.6813,64.1292,0.0],[-93.6932,64.1297,7.1904],[-93.6922,64.1328,0.0],[-93.6974,64.1339,1.3333],[-93.7026,64.1391,1.1224],[-93.712,64.1422,5.6263],[-93.7214,64.1516,0.0],[-93.7286,64.1526,8.6798],[-93.7255,64.1557,0.0],[-93.7328,64.1568,6.1037],[-93.7318,64.1599,0.0],[-93.737,64.1609,13.2605],[-93.7359,64.1641,0.0],[-93.7411,64.1651,7.8982],[-93.7464,64.1703,0.0],[-93.7562,64.1729,0.0],[-93.7688,64.1729,3.6792],[-93.7766,64.1755,2.3778],[-93.7786,64.1787,0.0],[-93.7651,64.1901,0.0],[-93.7672,64.1932,0.0],[-93.7724,64.1943,51.9292],[-93.7766,64.1984,1.8548],[-93.775,64.2,2.0319],[-93.7672,64.1974,1.7486],[-93.7495,64.1818,0.0],[-93.7443,64.1807,7.2582],[-93.7391,64.1755,0.0],[-93.7318,64.1745,19.0003],[-93.7297,64.1724,15.0878],[-93.7307,64.1693,0.0],[-93.7255,64.1682,0.0],[-93.7266,64.1651,3.64],[-93.7182,64.1568,0.0],[-93.7109,64.1557,14.3893],[-93.7141,64.1526,0.0],[-93.7068,64.1516,0.0],[-93.7016,64.1464,1.74],[-93.6958,64.1458,1.2409],[-93.6833,64.15,0.0],[-93.6729,64.15,11.0248],[-93.6641,64.1422,1.0964],[-93.6505,64.1391,1.3052],[-93.6516,64.1359,2.3997],[-93.6484,64.1328,8.5782],[-93.6495,64.1297,0.0],[-93.6401,64.1286,0.0],[-93.6432,64.1245,24.5633],[-93.6422,64.1214,31.8438],[-93.6474,64.1172,0.0],[-93.638,64.1099,6.7834],[-93.6391,64.1068,0.5917],[-93.637,64.1047,0.9726],[-93.6318,64.1036,1.8204],[-93.6297,64.1016,0.0],[-93.6307,64.0984,0.0],[-93.6255,64.0974,2.418],[-93.6234,64.0953,3.0185],[-93.6245,64.0922,0.0],[-93.6224,64.0901,0.0],[-93.6068,64.0849,4.0756],[-93.6036,64.0818,0.0],[-93.5974,64.0797,0.0],[-93.5875,64.0792,1.6069],[-93.5771,64.075,0.9283],[-93.5729,64.075,6.8961],[-93.5521,64.0667,4.4532],[-93.5401,64.0651,0.0],[-93.5443,64.0703,5.2923],[-93.5516,64.0693,0.0],[-93.5536,64.0724,1.7846],[-93.5516,64.0745,0.0],[-93.5359,64.0724,0.0],[-93.5297,64.0661,0.0],[-93.5391,64.062,9.14],[-93.5349,64.0568,0.0],[-93.5255,64.0537,0.0],[-93.5224,64.0505,0.0],[-93.5172,64.0495,0.0],[-93.5099,64.0422,0.0],[-93.5057,64.0401,0.0],[-93.4943,64.037,6.2966],[-93.4922,64.0349,2.2476],[-93.4932,64.0318,0.0],[-93.4891,64.0276,0.0],[-93.4812,64.0271,6.4184],[-93.4771,64.0292,0.0],[-93.4693,64.0266,13.6966],[-93.4703,64.0234,0.0],[-93.4589,64.0224,0.0],[-93.4526,64.0151,3.7192],[-93.4563,64.0125,0.0],[-93.4625,64.0125,0.0],[-93.4667,64.0146,7.0685],[-93.4703,64.0109,0.0],[-93.4651,64.0099,6.2576],[-93.462,64.0068,0.0],[-93.4547,64.0057,15.0618],[-93.4437,63.9958,0.0],[-93.4396,63.9979,0.0],[-93.425,63.9979,0.0],[-93.4234,63.9974,0.0],[-93.4245,63.9943,0.0],[-93.4167,63.9938,0.0],[-93.4125,63.9958,3.0118],[-93.4047,63.9964,0.0],[-93.412,64.0005,6.5675],[-93.4104,64.0021,0.0],[-93.4062,64.0021,0.0],[-93.3964,63.9995,0.0],[-93.3917,63.9958,0.0],[-93.3792,63.9958,9.9103],[-93.3714,63.9932,7.3094],[-93.3672,63.9891,0.0],[-93.3682,63.9859,4.3309],[-93.3672,63.9839,3.9497],[-93.3724,63.9818,0.0],[-93.3562,63.9813,0.0],[-93.3547,63.9818,0.0],[-93.3557,63.9849,0.0],[-93.3542,63.9854,1.8838],[-93.3464,63.9828,2.1453],[-93.3474,63.9797,6.0395],[-93.3432,63.9755,0.0],[-93.3354,63.9729,0.0],[-93.3318,63.9734,0.0],[-93.3328,63.9766,4.5763],[-93.3271,63.9771,0.0],[-93.3234,63.9745,3.1926],[-93.3245,63.9714,0.0],[-93.3229,63.9708,0.0],[-93.3167,63.9708,0.0],[-93.3125,63.9729,0.0],[-93.3083,63.9708,0.0],[-93.2875,63.9708,3.9084],[-93.2812,63.9688,0.0],[-93.2771,63.9708,7.5067],[-93.2646,63.9708,0.0],[-93.2542,63.975,0.0],[-93.25,63.9729,0.0],[-93.2417,63.9729,6.9904],[-93.2312,63.9688,0.0],[-93.2229,63.9688,3.3506],[-93.2151,63.9661,0.0],[-93.2083,63.9604,0.0],[-93.1896,63.9604,3.1541],[-93.1854,63.9583,0.0],[-93.1813,63.9604,0.0],[-93.1687,63.9562,0.0],[-93.1521,63.9562,2.4564],[-93.1479,63.9542,0.0],[-93.1354,63.9542,1.6506],[-93.1276,63.9516,4.2316],[-93.1229,63.9479,0.0],[-93.113,63.9474,8.4664],[-93.1088,63.9432,4.2378],[-93.112,63.9401,0.0],[-93.0974,63.9276,0.0],[-93.0922,63.9266,12.4181],[-93.0953,63.9214,0.0],[-93.0875,63.9208,6.7072],[-93.0833,63.9188,0.0],[-93.0729,63.9188,0.0],[-93.0687,63.9208,3.2805],[-93.0437,63.9208,7.6555],[-93.0396,63.9188,0.0],[-93.0333,63.9229,0.5317],[-93.0234,63.9234,0.0],[-93.0245,63.9266,4.2198],[-93.0167,63.9292,0.0],[-92.9979,63.9292,0.0],[-92.9938,63.9313,10.3625],[-92.9896,63.9292,0.0],[-92.9849,63.9328,0.0],[-92.9776,63.9339,0.0],[-92.9755,63.9359,0.0],[-92.9766,63.9391,0.0],[-92.9667,63.9417,3.3312],[-92.9625,63.9396,0.0],[-92.95,63.9396,1.1439],[-92.9443,63.9349,7.8232],[-92.9453,63.9318,0.0],[-92.9443,63.9297,1.7302],[-92.9557,63.9234,0.0],[-92.9505,63.9224,17.2345],[-92.9516,63.9193,0.0],[-92.9463,63.9182,4.6712],[-92.9443,63.9161,6.9721],[-92.938,63.9099,4.6951],[-92.9391,63.9068,1.1531],[-92.9349,63.9026,0.0],[-92.9297,63.9016,1.8042],[-92.9307,63.8984,23.0171],[-92.9266,63.8943,2.2343],[-92.9062,63.8896,0.745],[-92.8943,63.8943,3.7596],[-92.8896,63.8979,0.0],[-92.8792,63.8979,0.0],[-92.8703,63.8901,0.0],[-92.8604,63.8875,0.0],[-92.8562,63.8875,0.0],[-92.8521,63.8896,2.6893],[-92.8505,63.8891,0.0],[-92.8516,63.8859,0.0],[-92.85,63.8854,0.0],[-92.8464,63.8859,0.0],[-92.8417,63.8896,0.0],[-92.8359,63.888,1.547],[-92.8318,63.8901,0.0],[-92.8328,63.8932,0.0],[-92.8313,63.8937,0.0],[-92.8208,63.8896,0.0],[-92.7937,63.8896,10.4529],[-92.787,63.8839,0.0],[-92.7792,63.8812,0.0],[-92.7729,63.8833,2.3752],[-92.7625,63.8792,0.0],[-92.75,63.8792,0.0],[-92.7458,63.8771,0.0],[-92.7396,63.8771,0.0],[-92.738,63.8755,0.0],[-92.7411,63.8724,0.0],[-92.7401,63.8651,23.2182],[-92.7495,63.862,5.46],[-92.7516,63.8599,9.2378],[-92.7453,63.8526,0.0],[-92.7359,63.8516,11.0733],[-92.7307,63.8464,0.0],[-92.725,63.8458,0.0],[-92.7203,63.8422,0.0],[-92.7005,63.837,3.0442],[-92.6958,63.8333,3.1673],[-92.6917,63.8333,2.7245],[-92.6875,63.8354,1.3591],[-92.6771,63.8354,1.3169],[-92.6693,63.8328,0.0],[-92.6641,63.8276,0.0],[-92.6505,63.8245,0.7009],[-92.6458,63.8208,0.0],[-92.6417,63.8208,0.0],[-92.6375,63.8229,0.0],[-92.6146,63.8229,0.0],[-92.6104,63.825,3.5039],[-92.6042,63.8229,0.0],[-92.6,63.825,1.9715],[-92.5875,63.825,1.1512],[-92.5813,63.8292,0.0],[-92.5771,63.8271,0.0],[-92.5687,63.8271,8.354],[-92.5641,63.8234,0.0],[-92.5583,63.8229,0.0],[-92.5484,63.8255,0.0],[-92.5432,63.8307,0.5917],[-92.5312,63.8354,1.9],[-92.5271,63.8333,1.7458],[-92.5146,63.8333,8.4603],[-92.5062,63.8271,0.0],[-92.4896,63.8271,1.9942],[-92.4854,63.825,0.0],[-92.4771,63.825,6.8342],[-92.4703,63.8193,0.0],[-92.4651,63.8182,3.3489],[-92.4599,63.813,0.0],[-92.45,63.8125,2.5842],[-92.4422,63.8099,12.223],[-92.4391,63.8068,0.0],[-92.4339,63.8057,10.8046],[-92.4349,63.8026,0.0],[-92.4307,63.7984,0.0],[-92.4255,63.7974,0.0],[-92.4203,63.7922,0.0],[-92.413,63.7911,0.0],[-92.4099,63.788,1.8134],[-92.4047,63.787,1.3097],[-92.3974,63.7797,0.0],[-92.388,63.7786,5.911],[-92.3891,63.7755,4.0005],[-92.3859,63.7724,0.8732],[-92.387,63.7693,0.0],[-92.3854,63.7687,0.0],[-92.3688,63.7687,0.0],[-92.3583,63.7646,0.0],[-92.3521,63.7646,0.0],[-92.3375,63.7708,3.2712],[-92.3359,63.7703,2.8412],[-92.337,63.7672,2.2163],[-92.3354,63.7667,1.2507],[-92.3208,63.7729,0.0],[-92.3021,63.7729,1.7383],[-92.2958,63.7687,0.0],[-92.2792,63.7687,0.0],[-92.2745,63.7651,0.0],[-92.2646,63.7625,0.0],[-92.25,63.7687,0.0],[-92.2333,63.7625,0.0],[-92.225,63.7625,1.8722],[-92.2208,63.7604,0.0],[-92.213,63.7599,4.088],[-92.2063,63.7542,0.0],[-92.1979,63.7542,5.6326],[-92.1813,63.7479,0.0],[-92.1729,63.7479,0.0],[-92.1625,63.7438,0.0],[-92.1542,63.7438,4.3429],[-92.1505,63.7411,0.0],[-92.1536,63.738,0.0],[-92.1438,63.7354,0.0],[-92.1375,63.7354,0.0],[-92.1333,63.7333,0.0],[-92.1271,63.7354,0.0],[-92.1229,63.7333,0.0],[-92.1188,63.7354,0.0],[-92.1146,63.7354,0.0],[-92.1109,63.7328,0.0],[-92.112,63.7297,0.0],[-92.1104,63.7292,0.0],[-92.1042,63.7292,0.0],[-92.1,63.7313,7.1329],[-92.0937,63.7271,0.0],[-92.0922,63.7276,0.0],[-92.0932,63.7307,0.0],[-92.0833,63.7313,0.0],[-92.0771,63.7354,0.0],[-92.063,63.7318,0.0],[-92.0661,63.737,0.0],[-92.0589,63.7359,0.0],[-92.0516,63.7411,0.0],[-92.0443,63.7422,0.0],[-92.0401,63.7474,0.0],[-92.0453,63.7484,0.0],[-92.0484,63.7516,0.0],[-92.0563,63.7542,0.0],[-92.0682,63.7568,9.654],[-92.0703,63.7599,0.0],[-92.0625,63.7604,2.1834],[-92.0583,63.7583,0.0],[-92.0521,63.7583,7.0381],[-92.0505,63.7578,0.0],[-92.0516,63.7547,0.0],[-92.05,63.7542,0.0],[-92.0463,63.7568,0.0],[-92.0474,63.7599,0.0],[-92.0443,63.7609,0.0],[-92.0453,63.7641,0.0],[-92.038,63.763,1.3492],[-92.0359,63.7651,6.2359],[-92.037,63.7682,0.0],[-92.0312,63.7708,0.0],[-92.0203,63.7609,0.0],[-92.0068,63.7557,0.0],[-92.0047,63.7526,5.7907],[-92.0104,63.7542,0.0],[-92.012,63.7526,0.0],[-92.0057,63.7464,0.0],[-91.9964,63.7453,0.0],[-91.9875,63.7375,0.0],[-91.9776,63.737,0.0],[-91.9786,63.7339,1.731],[-91.975,63.7313,1.3964],[-91.9693,63.7318,0.0],[-91.9703,63.7349,0.0],[-91.9687,63.7354,0.0],[-91.9646,63.7333,0.0],[-91.9563,63.7333,0.0],[-91.9521,63.7313,0.0],[-91.9463,63.7318,0.0],[-91.9474,63.7349,0.0],[-91.9437,63.7354,0.0],[-91.9396,63.7333,0.0],[-91.9229,63.7333,0.0],[-91.9187,63.7313,0.0],[-91.9172,63.7318,0.0],[-91.9182,63.7349,0.0],[-91.9083,63.7375,0.0],[-91.9042,63.7354,0.0],[-91.9,63.7375,0.0],[-91.8896,63.7375,0.0],[-91.8854,63.7354,0.0],[-91.8792,63.7354,0.0],[-91.8729,63.7333,0.0],[-91.8625,63.7375,0.0],[-91.8583,63.7354,0.0],[-91.85,63.7354,0.0],[-91.8458,63.7333,0.0],[-91.8417,63.7354,0.0],[-91.8354,63.7313,0.0],[-91.8292,63.7333,0.0],[-91.825,63.7313,0.0],[-91.8213,63.7339,0.0],[-91.8224,63.737,0.0],[-91.8083,63.7458,2.0394],[-91.8021,63.7417,0.0],[-91.8005,63.7422,0.0],[-91.8016,63.7453,0.0],[-91.8,63.7458,0.0],[-91.7937,63.7458,0.0],[-91.7896,63.7438,0.0],[-91.7792,63.7438,0.0],[-91.7776,63.7422,0.0],[-91.7807,63.738,0.0],[-91.7729,63.7354,0.0],[-91.7542,63.7333,0.0],[-91.75,63.7313,0.0],[-91.7401,63.7339,0.0],[-91.7354,63.7375,0.0],[-91.7167,63.7375,4.4624],[-91.7104,63.7354,0.0],[-91.7089,63.7359,0.0],[-91.7099,63.7391,3.7729],[-91.7089,63.7411,2.4937],[-91.7141,63.7422,5.1088],[-91.7203,63.7484,3.1304],[-91.713,63.7557,0.0],[-91.7187,63.7562,2.9726],[-91.7266,63.7599,0.0],[-91.7187,63.7646,0.0],[-91.7021,63.7646,0.0],[-91.6979,63.7667,0.0],[-91.6875,63.7667,0.0],[-91.6839,63.7641,0.0],[-91.6849,63.7609,0.0],[-91.6839,63.7589,0.0],[-91.6911,63.7578,0.0],[-91.6859,63.7557,0.0],[-91.6891,63.7505,0.0],[-91.6813,63.75,12.7329],[-91.6771,63.7479,0.0],[-91.6687,63.7479,0.0],[-91.6672,63.7464,0.0],[-91.6703,63.7453,4.1987],[-91.6693,63.7422,16.0256],[-91.6786,63.7411,0.0],[-91.6911,63.7328,0.0],[-91.6932,63.7297,0.0],[-91.6911,63.7276,0.0],[-91.6859,63.7266,0.0],[-91.6813,63.7229,0.0],[-91.6547,63.7203,3.0764],[-91.6526,63.7182,4.4775],[-91.6557,63.7161,0.0],[-91.6536,63.713,0.0],[-91.6318,63.7099,0.0],[-91.6276,63.7047,2.9772],[-91.6328,63.7026,1.8441],[-91.6188,63.6979,0.0],[-91.5984,63.7005,0.0],[-91.5964,63.7026,0.0],[-91.5974,63.7057,0.0],[-91.5932,63.7099,4.6613],[-91.5875,63.7125,0.0],[-91.5792,63.7125,0.0],[-91.5776,63.712,0.0],[-91.5787,63.7089,0.0],[-91.5646,63.7083,0.0],[-91.5604,63.7062,0.0],[-91.5547,63.7068,0.0],[-91.5458,63.7125,2.6616],[-91.5396,63.7104,0.0],[-91.538,63.712,0.0],[-91.5401,63.7141,4.6659],[-91.5458,63.7146,3.3302],[-91.5474,63.7161,3.3526],[-91.5422,63.7193,0.0],[-91.5432,63.7224,0.0],[-91.5312,63.7229,12.5412],[-91.5297,63.7214,3.8249],[-91.5328,63.7193,0.0],[-91.5229,63.7188,6.5935],[-91.5182,63.7151,0.0],[-91.5104,63.7125,0.0],[-91.5021,63.7125,3.0467],[-91.4943,63.7099,0.0],[-91.4891,63.7047,0.0],[-91.4812,63.7021,0.0],[-91.4734,63.7016,0.0],[-91.4687,63.6979,0.0],[-91.4589,63.6974,2.72],[-91.4599,63.6943,0.0],[-91.4521,63.6917,0.0],[-91.4458,63.6917,0.0],[-91.4417,63.6896,0.0],[-91.4292,63.6896,0.0],[-91.425,63.6875,0.0],[-91.4234,63.6891,0.0],[-91.4266,63.6932,3.6874],[-91.4213,63.6932,0.0],[-91.4172,63.6891,0.0],[-91.4203,63.687,0.0],[-91.4193,63.6839,0.0],[-91.4203,63.6818,0.0],[-91.4182,63.6797,0.0],[-91.4068,63.6766,7.8077],[-91.412,63.6734,0.0],[-91.4068,63.6724,0.0],[-91.4047,63.6703,3.9547],[-91.4057,63.6672,2.106],[-91.4005,63.6661,3.3285],[-91.3891,63.6547,16.2777],[-91.3838,63.6536,0.0],[-91.3786,63.6484,3.2513],[-91.3708,63.6458,0.0],[-91.3583,63.6458,0.0],[-91.3521,63.6417,0.0],[-91.3479,63.6437,0.0],[-91.3401,63.6432,5.0759],[-91.3417,63.6417,0.0],[-91.3536,63.6391,4.095],[-91.3458,63.6354,0.0],[-91.3292,63.6333,2.7702],[-91.3172,63.638,3.2563],[-91.3151,63.6401,0.0],[-91.3161,63.6432,5.0113],[-91.3146,63.6437,3.917],[-91.3,63.6437,2.874],[-91.2958,63.6417,0.0],[-91.2901,63.6453,0.0],[-91.2974,63.6464,0.0],[-91.2995,63.6495,3.107],[-91.2937,63.6521,2.8848],[-91.2854,63.6521,0.0],[-91.2839,63.6516,0.0],[-91.2849,63.6484,0.0],[-91.2797,63.6474,6.4499],[-91.2807,63.6401,1.4418],[-91.2755,63.6391,4.9971],[-91.2641,63.6276,0.0],[-91.2583,63.6292,0.0],[-91.2536,63.6255,0.0],[-91.2276,63.6182,14.4974],[-91.2229,63.6146,3.2933],[-91.2167,63.6146,2.888],[-91.2125,63.6125,4.1238],[-91.2089,63.613,4.0467],[-91.2099,63.6161,0.0],[-91.2057,63.6203,0.0],[-91.1984,63.6214,2.7605],[-91.2037,63.6234,2.58],[-91.2,63.6271,6.613],[-91.1922,63.6245,0.0],[-91.1875,63.6208,0.0],[-91.175,63.6208,5.445],[-91.1708,63.6188,0.0],[-91.1312,63.6188,3.6996],[-91.1167,63.6104,0.0],[-91.0937,63.6104,0.0],[-91.087,63.6047,7.1953],[-91.0792,63.6021,0.6465],[-91.0646,63.6021,0.0],[-91.0568,63.6047,0.0],[-91.0599,63.6089,15.4002],[-91.0583,63.6104,9.3519],[-91.0417,63.6083,21.6939],[-91.0401,63.6078,24.1372],[-91.0411,63.6047,13.7519],[-91.0297,63.6016,0.0],[-91.025,63.5979,0.0],[-91.0188,63.6,0.0],[-91.013,63.5995,3.8523],[-91.0162,63.5943,11.6358],[-91.0083,63.5917,0.0],[-91.0042,63.5938,0.0],[-90.9922,63.5932,4.7234],[-90.9859,63.587,1.7365],[-90.987,63.5818,0.0],[-90.9818,63.5807,3.0731],[-90.9771,63.5771,0.0],[-90.9542,63.575,0.0],[-90.95,63.5771,15.6527],[-90.9458,63.575,0.0],[-90.938,63.5745,5.4945],[-90.9432,63.5724,0.0],[-90.9401,63.5672,6.1469],[-90.9557,63.5641,0.0],[-90.9547,63.5568,0.0],[-90.9599,63.5557,2.0745],[-90.9604,63.5542,5.3737],[-90.9568,63.5495,3.1048],[-90.9599,63.5443,0.0],[-90.9557,63.5401,1.5922],[-90.9505,63.5391,3.3879],[-90.9458,63.5354,0.0],[-90.9417,63.5375,5.4183],[-90.9339,63.537,10.0893],[-90.9349,63.5318,0.0],[-90.9328,63.5297,3.6539],[-90.9276,63.5286,13.3463],[-90.9245,63.5255,0.0],[-90.9213,63.5255,0.0],[-90.9151,63.5297,3.5707],[-90.9161,63.5328,2.4159],[-90.9151,63.5349,0.0],[-90.9203,63.5359,7.3727],[-90.9224,63.538,8.9993],[-90.9167,63.5417,10.7091],[-90.9151,63.5411,12.5409],[-90.9161,63.538,0.0],[-90.9021,63.5333,0.0],[-90.8943,63.5328,3.6287],[-90.8953,63.5297,0.0],[-90.8792,63.5271,12.3118],[-90.8745,63.5234,0.0],[-90.8651,63.5224,0.0],[-90.8588,63.5203,0.0],[-90.8542,63.5167,3.7686],[-90.8458,63.5167,3.3731],[-90.8411,63.513,4.4626],[-90.8318,63.512,1.9404],[-90.8208,63.5021,9.6198],[-90.8146,63.5021,5.1964],[-90.8104,63.5,0.0],[-90.7958,63.5,0.0],[-90.7917,63.5021,1.5116],[-90.7729,63.5021,3.8054],[-90.7667,63.5,1.9884],[-90.7625,63.5021,1.0],[-90.7542,63.5021,1.0],[-90.7526,63.5005,1.0],[-90.7557,63.4974,2.9776],[-90.7547,63.4943,7.03],[-90.7583,63.4938,7.1351],[-90.7625,63.4958,1.0],[-90.7703,63.4901,0.0],[-90.7578,63.4776,0.0],[-90.7526,63.4766,3.6815],[-90.7536,63.4734,0.0],[-90.7422,63.4703,0.0],[-90.7224,63.4505,3.4618],[-90.7042,63.4458,1.8851],[-90.6854,63.4479,0.0],[-90.6813,63.45,3.2717],[-90.6646,63.4437,0.0],[-90.65,63.4458,1.9564],[-90.6458,63.4437,0.0],[-90.6396,63.4458,4.4691],[-90.625,63.4417,1.6601],[-90.6234,63.4422,2.109],[-90.6245,63.4453,5.4108],[-90.6193,63.4484,1.8585],[-90.6203,63.4516,1.0156],[-90.6193,63.4536,0.0],[-90.6245,63.4589,2.2059],[-90.6214,63.462,0.0],[-90.6307,63.4714,3.8152],[-90.6297,63.4745,4.9572],[-90.6318,63.4766,3.025],[-90.6412,63.4776,9.2653],[-90.6453,63.4818,8.0271],[-90.6422,63.4849,0.0],[-90.6484,63.4911,0.0],[-90.6562,63.4917,4.3487],[-90.6604,63.4896,6.525],[-90.6646,63.4896,9.9385],[-90.6687,63.4917,4.2226],[-90.675,63.4917,6.5165],[-90.6792,63.4896,0.0],[-90.6979,63.4896,3.4601],[-90.7057,63.4922,3.6456],[-90.7125,63.4979,1.0853],[-90.7167,63.4958,5.5153],[-90.7266,63.4984,2.5296],[-90.7312,63.5021,3.2651],[-90.7354,63.5,8.2176],[-90.7458,63.5042,7.4799],[-90.7667,63.5042,0.0],[-90.7703,63.5078,0.0],[-90.7667,63.5104,3.7433],[-90.7547,63.5089,0.0],[-90.7484,63.5109,0.0],[-90.7495,63.5141,1.4365],[-90.7438,63.5167,1.2582],[-90.7208,63.5083,0.0],[-90.7125,63.5083,6.6636],[-90.6984,63.5036,2.5242],[-90.7037,63.5016,2.7989],[-90.6995,63.4964,1.779],[-90.6917,63.4938,0.0],[-90.6875,63.4958,0.0],[-90.6813,63.4917,0.7581],[-90.6797,63.4922,1.078],[-90.6807,63.4953,0.0],[-90.6708,63.4958,1.1393],[-90.6651,63.4984,0.0],[-90.6693,63.5036,2.0061],[-90.675,63.5042,0.0],[-90.6766,63.5057,0.0],[-90.6708,63.5062,0.0],[-90.6661,63.5099,2.0665],[-90.6625,63.5104,2.5087],[-90.6583,63.5083,0.0],[-90.6505,63.5078,1.6265],[-90.6516,63.5047,0.0],[-90.6505,63.5026,7.1911],[-90.6536,63.5005,0.0],[-90.6479,63.4958,0.0],[-90.638,63.4953,5.938],[-90.6359,63.4922,3.5934],[-90.6391,63.4901,0.0],[-90.6271,63.4896,0.0],[-90.6234,63.4922,0.8643],[-90.6245,63.4953,6.8934],[-90.6167,63.5,7.4717],[-90.6125,63.4979,1.3088],[-90.5917,63.4958,1.1252],[-90.5797,63.5005,1.6083],[-90.5776,63.5036,2.6132],[-90.5911,63.5089,0.0],[-90.5896,63.5104,0.0],[-90.5839,63.5109,1.1952],[-90.5849,63.5141,1.2274],[-90.5771,63.5167,2.3764],[-90.5526,63.5172,2.1946],[-90.5547,63.5203,3.2759],[-90.5661,63.5234,2.6277],[-90.5682,63.5255,1.8608],[-90.5651,63.5297,2.1847],[-90.5672,63.5328,1.8997],[-90.5703,63.5328,2.7852],[-90.5693,63.5297,2.1815],[-90.5708,63.5292,2.9209],[-90.5755,63.5328,2.9927],[-90.5833,63.5354,3.4704],[-90.5958,63.5354,6.6494],[-90.6,63.5375,4.0241],[-90.6016,63.5359,6.5465],[-90.5984,63.5328,10.8427],[-90.6,63.5313,10.934],[-90.6036,63.5318,8.3777],[-90.6062,63.5354,1.6907],[-90.6125,63.5333,5.5622],[-90.6208,63.5333,4.2031],[-90.625,63.5354,2.1104],[-90.6312,63.5354,2.5983],[-90.6354,63.5333,2.0687],[-90.6521,63.5333,5.0635],[-90.6562,63.5313,7.6453],[-90.6724,63.5359,6.4593],[-90.6745,63.5391,0.0],[-90.6713,63.5401,0.0],[-90.6693,63.5432,2.4755],[-90.6745,63.5443,4.4306],[-90.6786,63.5484,3.5774],[-90.6776,63.5516,2.0046],[-90.6818,63.5557,2.7437],[-90.687,63.5568,4.6867],[-90.6901,63.5599,0.0],[-90.6953,63.5609,1.9964],[-90.7,63.5646,4.5318],[-90.7042,63.5625,12.316],[-90.7141,63.562,0.0],[-90.7047,63.5589,1.941],[-90.7089,63.5547,5.1673],[-90.7146,63.5521,1.0003],[-90.7229,63.5521,8.0951],[-90.7333,63.5563,0.0],[-90.7396,63.5563,6.8539],[-90.7438,63.5542,6.3493],[-90.7542,63.5583,4.0235],[-90.7604,63.5583,4.2754],[-90.7646,63.5563,8.5065],[-90.7688,63.5583,3.4835],[-90.7729,63.5563,4.1613],[-90.7828,63.5557,0.0],[-90.7875,63.55,9.0047],[-90.7917,63.5521,0.0],[-90.7958,63.55,8.7264],[-90.8057,63.5495,0.0],[-90.7979,63.5458,1.0884],[-90.7922,63.5453,5.3902],[-90.7953,63.5422,9.5477],[-90.7911,63.538,2.9111],[-90.7859,63.537,2.683],[-90.7828,63.5339,0.0],[-90.7729,63.5333,5.5364],[-90.763,63.5286,0.0],[-90.7672,63.5255,1.5105],[-90.7729,63.525,6.6599],[-90.787,63.5297,1.4904],[-90.7917,63.5333,0.0],[-90.7979,63.5313,1.9511],[-90.8063,63.5375,8.1912],[-90.8182,63.538,2.5758],[-90.8203,63.5401,5.3619],[-90.8193,63.5432,0.0],[-90.8287,63.5443,6.6035],[-90.8276,63.5474,0.9401],[-90.8292,63.5479,4.9032],[-90.8354,63.5479,13.2288],[-90.8396,63.5458,14.4954],[-90.8437,63.5479,16.5919],[-90.8583,63.5479,0.0],[-90.8625,63.5458,12.1192],[-90.8714,63.5536,0.0],[-90.8792,63.5563,0.0],[-90.8932,63.5568,0.0],[-90.8917,63.5583,0.0],[-90.8859,63.5589,0.0],[-90.8838,63.5609,0.0],[-90.8849,63.5641,6.8303],[-90.8838,63.5661,0.7598],[-90.8891,63.5682,0.0],[-90.8792,63.5708,3.9844],[-90.8714,63.5682,2.6382],[-90.8625,63.5604,0.5987],[-90.8562,63.5583,0.0],[-90.85,63.5604,9.8059],[-90.8458,63.5583,0.0],[-90.8417,63.5583,0.0],[-90.8313,63.5646,2.774],[-90.8271,63.5646,3.7508],[-90.8146,63.5604,0.0],[-90.8083,63.5646,3.5288],[-90.8,63.5646,0.0],[-90.7958,63.5667,2.8142],[-90.7729,63.5646,0.0],[-90.7688,63.5667,2.5263],[-90.7562,63.5667,0.0],[-90.7438,63.5708,2.0533],[-90.7167,63.5708,1.8671],[-90.7063,63.575,1.675],[-90.7005,63.5755,1.411],[-90.6984,63.5776,1.1324],[-90.6995,63.5807,1.0901],[-90.6979,63.5812,0.9259],[-90.6937,63.5792,0.0],[-90.6875,63.5792,0.0],[-90.6833,63.5812,0.9785],[-90.6646,63.5812,5.7146],[-90.6604,63.5792,5.1634],[-90.6458,63.5854,7.2475],[-90.638,63.5839,0.0],[-90.6412,63.588,4.3549],[-90.6396,63.5896,1.687],[-90.6292,63.5854,0.0],[-90.6125,63.5854,3.3549],[-90.6083,63.5833,0.0],[-90.5984,63.5859,0.0],[-90.5937,63.5896,6.5865],[-90.5604,63.5896,4.3152],[-90.5542,63.5875,0.0],[-90.5463,63.5901,1.9343],[-90.5474,63.5932,4.8056],[-90.5458,63.5938,3.8118],[-90.5354,63.5917,1.5176],[-90.5318,63.5943,2.1617],[-90.5339,63.5974,3.005],[-90.5453,63.6005,1.7689],[-90.5432,63.6036,1.5565],[-90.5339,63.6068,2.8342],[-90.5354,63.6083,0.0],[-90.5432,63.6089,2.1792],[-90.538,63.6109,0.0],[-90.5391,63.6141,0.0],[-90.5375,63.6146,2.1998],[-90.5312,63.6125,2.4674],[-90.5208,63.6125,1.2639],[-90.5167,63.6104,2.3542],[-90.5125,63.6104,3.6979],[-90.5109,63.6089,3.5731],[-90.5141,63.6068,1.0654],[-90.5062,63.6042,0.0],[-90.5,63.6042,0.9049],[-90.4922,63.6068,3.3661],[-90.4911,63.6099,1.5295],[-90.4875,63.6125,1.8703],[-90.4797,63.6099,7.1291],[-90.4745,63.6047,1.4876],[-90.4583,63.6,2.7625],[-90.4437,63.6,0.0],[-90.4401,63.6026,2.4877],[-90.4411,63.6057,3.661],[-90.4333,63.6083,0.0],[-90.4187,63.6083,0.0],[-90.4146,63.6104,4.5479],[-90.4104,63.6083,2.605],[-90.3729,63.6083,3.1544],[-90.3693,63.6109,7.521],[-90.3703,63.6141,4.6927],[-90.3688,63.6146,4.2191],[-90.3625,63.6125,0.0],[-90.3609,63.613,3.2272],[-90.362,63.6161,4.2372],[-90.3604,63.6167,2.8461],[-90.3542,63.6125,0.0],[-90.3484,63.6151,0.0],[-90.3516,63.6193,2.3211],[-90.35,63.6208,0.0],[-90.3458,63.6188,0.0],[-90.338,63.6193,0.0],[-90.3396,63.6208,0.0],[-90.3453,63.6214,0.0],[-90.3437,63.6229,0.0],[-90.3375,63.6229,1.8797],[-90.3297,63.6203,2.2584],[-90.325,63.6167,0.0],[-90.3146,63.6167,1.3394],[-90.3068,63.6193,0.0],[-90.3078,63.6224,11.0002],[-90.3047,63.6245,0.0],[-90.3068,63.6266,0.0],[-90.312,63.6276,5.654],[-90.3109,63.6307,3.3508],[-90.3151,63.6349,0.0],[-90.3208,63.6333,6.0348],[-90.3313,63.6333,1.7299],[-90.3354,63.6354,2.3291],[-90.3479,63.6354,4.6129],[-90.35,63.6375,0.0],[-90.3479,63.6396,3.8851],[-90.3292,63.6396,4.3077],[-90.3229,63.6354,0.0],[-90.3193,63.638,5.0712],[-90.3245,63.6401,3.2893],[-90.3224,63.6432,4.0379],[-90.3125,63.6458,3.2627],[-90.3063,63.6458,2.73],[-90.2963,63.6411,2.6032],[-90.2979,63.6396,5.0386],[-90.3036,63.6391,3.571],[-90.3021,63.6375,4.1135],[-90.2875,63.6375,3.004],[-90.2828,63.6411,4.7434],[-90.2792,63.6417,4.4201],[-90.2755,63.6391,4.404],[-90.2786,63.637,4.0125],[-90.2766,63.6339,2.9453],[-90.2688,63.6312,3.2267],[-90.2583,63.6312,2.2788],[-90.2542,63.6333,2.8541],[-90.2479,63.6333,5.5875],[-90.2438,63.6312,2.9597],[-90.2359,63.6307,4.6869],[-90.2396,63.6271,8.549],[-90.2458,63.6292,3.2185],[-90.2516,63.6276,7.7624],[-90.2505,63.6307,3.4221],[-90.2521,63.6312,4.0579],[-90.2562,63.6292,5.5253],[-90.2854,63.6292,9.3732],[-90.2896,63.6312,3.9519],[-90.2979,63.6312,11.852],[-90.3036,63.6286,10.6231],[-90.2984,63.6266,6.323],[-90.2995,63.6234,4.0734],[-90.2953,63.6193,3.6054],[-90.2875,63.6167,4.5855],[-90.2797,63.6172,2.9097],[-90.2729,63.6229,2.9665],[-90.2609,63.6224,4.2534],[-90.2588,63.6193,7.3452],[-90.2682,63.612,4.0399],[-90.2672,63.6089,7.9993],[-90.2703,63.6068,1.3874],[-90.2667,63.6042,3.355],[-90.2604,63.6042,2.2278],[-90.2568,63.6068,2.8873],[-90.2599,63.612,5.2528],[-90.2542,63.6125,3.2583],[-90.2438,63.6167,5.8391],[-90.2401,63.6161,4.7219],[-90.2391,63.613,3.8124],[-90.2354,63.6125,3.4191],[-90.2338,63.6141,5.2959],[-90.237,63.6182,5.4095],[-90.225,63.6229,6.0535],[-90.213,63.6224,3.3182],[-90.213,63.6193,5.1669],[-90.2224,63.6182,3.4079],[-90.2146,63.6146,1.9401],[-90.2047,63.6172,0.0],[-90.2026,63.6193,7.4635],[-90.2141,63.6318,4.3477],[-90.2125,63.6333,3.598],[-90.2068,63.6339,3.4135],[-90.2047,63.637,5.4502],[-90.2104,63.6375,8.4478],[-90.2146,63.6354,4.7154],[-90.2245,63.6391,4.1624],[-90.2146,63.6417,4.7755],[-90.2063,63.6417,3.7073],[-90.2021,63.6437,3.057],[-90.1979,63.6417,2.9697],[-90.1917,63.6417,3.4041],[-90.1813,63.6458,3.7351],[-90.1755,63.6464,4.0921],[-90.1792,63.65,4.5752],[-90.1979,63.65,8.8689],[-90.2042,63.6479,5.6845],[-90.2057,63.6495,5.208],[-90.2026,63.6516,6.6596],[-90.2104,63.6521,6.9865],[-90.212,63.6505,7.5491],[-90.2089,63.6464,5.7961],[-90.2125,63.6437,6.7478],[-90.2161,63.6443,6.6745],[-90.213,63.6464,5.0139],[-90.2151,63.6495,7.5202],[-90.2229,63.65,6.9779],[-90.2266,63.6474,11.6125],[-90.2255,63.6443,8.4045],[-90.2375,63.6437,8.8673],[-90.2432,63.6484,5.9935],[-90.2401,63.6516,7.35],[-90.25,63.6521,9.7495],[-90.2536,63.6557,6.3674],[-90.2479,63.6542,5.5026],[-90.2318,63.6547,7.2077],[-90.2297,63.6599,7.2453],[-90.2328,63.6641,6.0162],[-90.2255,63.6651,7.0105],[-90.2208,63.6688,7.91],[-90.2193,63.6682,7.7651],[-90.2203,63.6651,7.8651],[-90.2182,63.663,6.1218],[-90.213,63.662,8.0083],[-90.2141,63.6589,6.4255],[-90.2083,63.6583,5.9343],[-90.2042,63.6604,6.2941],[-90.1917,63.6563,6.6492],[-90.1776,63.6589,4.341],[-90.1729,63.6625,2.6749],[-90.1687,63.6604,4.8328],[-90.1646,63.6646,3.0302],[-90.1604,63.6646,6.5094],[-90.1562,63.6625,2.1174],[-90.1484,63.663,2.8955],[-90.15,63.6646,4.5187],[-90.1557,63.6651,5.8639],[-90.1578,63.6682,6.415],[-90.1443,63.6672,4.4923],[-90.1474,63.6724,2.8281],[-90.1401,63.6734,0.0],[-90.1432,63.6786,6.4807],[-90.1375,63.6792,2.9756],[-90.1338,63.6818,0.8089],[-90.1359,63.6849,1.1009],[-90.1412,63.6859,4.4626],[-90.1391,63.6891,3.6147],[-90.1338,63.6922,2.1166],[-90.1391,63.6953,4.2661],[-90.137,63.6974,3.9025],[-90.1234,63.7005,5.0366],[-90.1245,63.7036,4.174],[-90.1229,63.7042,3.9233],[-90.113,63.7016,9.2106],[-90.1182,63.6964,2.4901],[-90.1042,63.6958,1.1906],[-90.1005,63.6932,3.08],[-90.1021,63.6917,3.1001],[-90.1078,63.6911,9.9756],[-90.1099,63.6891,5.5795],[-90.1057,63.6839,4.9933],[-90.0937,63.6833,2.1176],[-90.0896,63.6813,2.5185],[-90.0776,63.6818,0.8144],[-90.0797,63.6849,7.3175],[-90.0849,63.6859,7.6888],[-90.0891,63.6901,2.1668],[-90.0818,63.6932,1.7028],[-90.0917,63.6937,11.0199],[-90.0995,63.6964,2.9217],[-90.0979,63.6979,3.801],[-90.0917,63.6979,2.3108],[-90.0875,63.6958,2.2593],[-90.0839,63.6995,1.7209],[-90.0891,63.7005,8.9388],[-90.088,63.7036,0.9552],[-90.0901,63.7057,0.0],[-90.0953,63.7068,8.9482],[-90.0995,63.7109,8.2101],[-90.1016,63.7161,0.0],[-90.0958,63.7146,3.6252],[-90.0839,63.7151,0.0],[-90.088,63.7203,2.3508],[-90.0932,63.7214,3.0779],[-90.0917,63.7229,2.0293],[-90.0833,63.7229,2.854],[-90.0792,63.7208,2.5151],[-90.0667,63.7188,3.3943],[-90.0651,63.7193,2.8014],[-90.0661,63.7224,3.555],[-90.0646,63.7229,3.555],[-90.0604,63.7208,0.0],[-90.05,63.7208,4.8818],[-90.0458,63.7229,0.0],[-90.0396,63.7208,0.0],[-90.0318,63.7234,3.5151],[-90.0396,63.7271,2.7006],[-90.0437,63.7271,0.0],[-90.0521,63.7229,3.1395],[-90.0703,63.7255,2.9092],[-90.0687,63.7271,1.1866],[-90.063,63.7276,0.0],[-90.0661,63.7318,5.3912],[-90.0651,63.7349,0.0],[-90.0661,63.737,0.0],[-90.063,63.738,0.0],[-90.0641,63.7453,6.1108],[-90.0568,63.7464,2.7189],[-90.062,63.7484,4.782],[-90.0568,63.7505,0.9242],[-90.0599,63.7557,3.7467],[-90.05,63.7583,4.9377],[-90.0437,63.7562,0.0],[-90.0401,63.7599,0.0],[-90.0437,63.7625,0.0],[-90.05,63.7604,0.0],[-90.0641,63.7651,4.1304],[-90.0672,63.7682,0.0],[-90.0724,63.7693,1.6139],[-90.0713,63.7724,2.9052],[-90.0729,63.7729,3.4126],[-90.0771,63.7708,3.0498],[-90.0818,63.7745,3.4564],[-90.0896,63.7771,2.2757],[-90.0979,63.7771,5.0042],[-90.1125,63.7813,2.0676],[-90.125,63.7813,4.1761],[-90.1286,63.7849,2.0824],[-90.1229,63.7833,2.1395],[-90.1104,63.7833,1.6879],[-90.0958,63.7792,1.9738],[-90.0833,63.7792,5.4959],[-90.0792,63.7771,3.2126],[-90.075,63.7792,1.5668],[-90.0687,63.7792,8.3695],[-90.0646,63.7771,0.5306],[-90.0521,63.7771,6.2375],[-90.0479,63.775,0.0],[-90.0437,63.775,0.0],[-90.0396,63.7771,2.797],[-90.0333,63.775,0.0],[-90.0286,63.7786,0.0],[-90.0188,63.7792,2.6785],[-90.0151,63.7818,0.0],[-90.0162,63.7849,0.0],[-90.013,63.7859,0.0],[-90.0141,63.7891,3.6153],[-90.0068,63.7953,3.023],[-90.0088,63.7974,3.6203],[-90.0208,63.8,3.518],[-90.0224,63.8016,2.7583],[-90.0104,63.8021,3.4523],[-90.0005,63.7932,5.2862],[-90.0016,63.7901,0.0],[-90.0005,63.788,5.0012],[-90.012,63.7807,3.1741],[-90.0057,63.7734,3.7213],[-89.9979,63.7708,1.4954],[-89.9917,63.7729,2.875],[-89.9875,63.7708,0.0],[-89.9833,63.7708,0.0],[-89.9818,63.7714,0.0],[-89.9828,63.7745,2.8432],[-89.9812,63.775,3.2617],[-89.9708,63.7729,2.7319],[-89.9693,63.7745,0.0],[-89.9745,63.7755,0.0],[-89.9734,63.7786,0.9599],[-89.9745,63.7807,0.0],[-89.9714,63.7828,0.0],[-89.9745,63.787,2.3533],[-89.9589,63.788,0.0],[-89.9599,63.7911,0.0],[-89.9547,63.7943,0.0],[-89.9599,63.8005,0.0],[-89.9589,63.8036,1.2066],[-89.9703,63.8068,2.69],[-89.9651,63.8099,0.0],[-89.9703,63.812,0.0],[-89.9672,63.813,0.5848],[-89.9682,63.8161,1.032],[-89.9641,63.8203,2.549],[-89.9604,63.8208,2.2089],[-89.9563,63.8187,0.0],[-89.9526,63.8224,2.6001],[-89.9646,63.825,2.3003],[-89.9703,63.8224,5.5582],[-89.9693,63.8193,4.1864],[-89.9714,63.8172,1.1883],[-89.9849,63.8172,2.6575],[-89.987,63.8203,1.9978],[-89.9818,63.8234,0.0],[-89.9797,63.8266,0.0],[-89.9849,63.8276,0.0],[-89.9838,63.8307,0.0],[-89.988,63.8349,0.8082],[-89.9932,63.8359,3.349],[-89.9922,63.8391,0.0],[-89.9974,63.8401,1.5953],[-90.0026,63.8453,1.1313],[-90.0188,63.8458,0.0],[-90.0229,63.8438,4.7597],[-90.0307,63.8464,0.0],[-90.0297,63.8495,0.0],[-90.0307,63.8498,0.0],[-90.037,63.8484,3.3031],[-90.0339,63.8536,0.0],[-90.0391,63.8547,3.3749],[-90.0443,63.8599,0.0],[-90.0521,63.8604,5.3456],[-90.0625,63.8646,3.8493],[-90.0667,63.8646,4.1124],[-90.0807,63.8693,4.799],[-90.0797,63.8724,0.0],[-90.0875,63.8729,16.976],[-90.0922,63.8766,0.0],[-90.0974,63.8776,6.0794],[-90.0964,63.8807,0.0],[-90.1016,63.8818,4.5249],[-90.1005,63.8849,1.0075],[-90.1057,63.8859,5.5527],[-90.1078,63.888,0.4188],[-90.1068,63.8911,1.7605],[-90.1078,63.8932,1.5574],[-90.0979,63.8937,0.0],[-90.0797,63.8984,0.0],[-90.0813,63.9,0.0],[-90.087,63.9005,8.7889],[-90.0839,63.9036,4.8199],[-90.0953,63.9151,3.7087],[-90.0943,63.9182,0.0],[-90.0995,63.9193,2.6199],[-90.0964,63.9224,0.0],[-90.1141,63.9255,1.7506],[-90.1161,63.9276,4.5023],[-90.1151,63.9307,0.0],[-90.1172,63.9328,0.0],[-90.1266,63.9339,10.0812],[-90.1338,63.9411,0.0],[-90.1479,63.9458,0.0],[-90.1542,63.9437,5.7097],[-90.1625,63.95,0.0],[-90.1766,63.9505,12.8602],[-90.1786,63.9536,6.3837],[-90.1755,63.9557,0.0],[-90.1828,63.9568,5.1779],[-90.1813,63.9583,0.0],[-90.1755,63.9589,0.0],[-90.1828,63.963,8.5971],[-90.1818,63.9661,0.0],[-90.1911,63.9672,2.268],[-90.1943,63.9703,3.838],[-90.1995,63.9714,0.8085],[-90.2016,63.9734,0.3542],[-90.2,63.975,1.6752],[-90.1958,63.975,2.8034],[-90.1917,63.9729,0.3073],[-90.1797,63.9786,0.0],[-90.1875,63.9813,0.0],[-90.1953,63.9818,13.2857],[-90.2068,63.9891,0.0],[-90.2203,63.9922,1.4827],[-90.2224,63.9943,0.5318],[-90.2208,63.9958,3.3273],[-90.2167,63.9938,0.2347],[-90.2104,63.9938,0.0],[-90.2057,63.9974,2.5783],[-90.2021,63.9979,5.5451],[-90.1953,63.9922,0.0],[-90.1901,63.9911,0.0],[-90.1854,63.9875,2.5685],[-90.175,63.9875,0.0],[-90.1734,63.988,0.8424],[-90.1745,63.9911,0.0],[-90.1724,63.9932,2.9106],[-90.1651,63.9932,2.9938],[-90.163,63.9911,3.2203],[-90.1641,63.988,0.7519],[-90.1542,63.9875,7.0075],[-90.1505,63.9849,6.1388],[-90.1599,63.9797,1.8185],[-90.1505,63.9786,2.7584],[-90.1443,63.9724,0.0],[-90.1453,63.9693,0.0],[-90.1443,63.9672,9.9024],[-90.1495,63.9641,6.9792],[-90.1484,63.9609,1.3203],[-90.1516,63.9589,0.0],[-90.1479,63.9583,0.0],[-90.1438,63.9604,0.0],[-90.1354,63.9542,0.0],[-90.1229,63.9542,0.0],[-90.1188,63.9521,0.0],[-90.1083,63.9521,5.5151],[-90.1021,63.95,0.0],[-90.0974,63.9536,0.0],[-90.0901,63.9547,0.0],[-90.088,63.9568,2.8278],[-90.0901,63.9599,5.774],[-90.0953,63.9609,12.6278],[-90.0943,63.9641,0.0],[-90.0974,63.9682,2.415],[-90.0917,63.9708,0.0],[-90.0859,63.9703,0.0],[-90.0839,63.9682,0.0],[-90.0849,63.9651,2.8116],[-90.0755,63.9641,2.1529],[-90.0703,63.9589,0.0],[-90.0651,63.9578,0.8057],[-90.063,63.9557,0.0],[-90.0641,63.9526,0.0],[-90.063,63.9505,5.0422],[-90.0745,63.9495,5.5977],[-90.0724,63.9464,5.8028],[-90.0672,63.9453,0.0],[-90.0651,63.9432,0.0],[-90.0661,63.9401,8.6803],[-90.0651,63.938,8.0263],[-90.0682,63.937,9.5066],[-90.0703,63.9339,7.6813],[-90.0682,63.9318,0.0],[-90.063,63.9307,0.0],[-90.0599,63.9276,0.0],[-90.0521,63.925,0.0],[-90.0484,63.9255,1.9893],[-90.0443,63.9297,1.0567],[-90.0474,63.9339,3.0678],[-90.0443,63.9359,3.0607],[-90.0453,63.9391,2.1683],[-90.0443,63.9411,0.0],[-90.0474,63.9453,0.0],[-90.0417,63.9479,1.6893],[-90.0375,63.9479,0.0],[-90.0333,63.9458,2.9734],[-90.0214,63.9505,0.0],[-90.0266,63.9526,4.3523],[-90.0328,63.9589,2.7171],[-90.0297,63.962,0.9907],[-90.0328,63.9661,2.2426],[-90.0255,63.9714,1.3076],[-90.0286,63.9755,3.9109],[-90.0276,63.9786,5.7425],[-90.0375,63.9833,5.646],[-90.0453,63.9839,0.0],[-90.0432,63.987,0.0],[-90.0339,63.987,0.0],[-90.0307,63.9839,0.0],[-90.0193,63.9807,0.0],[-90.0162,63.9776,0.0],[-90.0083,63.975,0.0],[-90.0021,63.975,0.0],[-89.9974,63.9786,0.0],[-89.9943,63.9786,0.0],[-89.9922,63.9755,0.0],[-89.9974,63.9745,4.4612],[-89.9964,63.9714,15.449],[-89.9995,63.9693,3.2254],[-89.9943,63.9682,8.4435],[-89.9922,63.9661,6.2477],[-89.9932,63.963,1.4468],[-89.987,63.9568,0.0],[-89.9776,63.9557,6.3151],[-89.9729,63.9521,0.0],[-89.9667,63.9521,1.597],[-89.9625,63.9542,3.1412],[-89.9547,63.9505,3.5791],[-89.9625,63.9479,3.573],[-89.9703,63.9495,5.7455],[-89.9682,63.9464,1.8326],[-89.963,63.9453,0.0],[-89.9672,63.9401,2.8365],[-89.9708,63.9396,4.5247],[-89.975,63.9417,0.0],[-89.9797,63.938,8.9438],[-89.9896,63.9354,2.0777],[-89.9911,63.937,0.0],[-89.9776,63.9474,3.0222],[-89.9812,63.9479,4.133],[-89.9854,63.9458,2.164],[-89.9896,63.9479,8.7732],[-89.9979,63.9479,2.9785],[-89.9995,63.9484,4.8844],[-89.9984,63.9536,0.0],[-90.0005,63.9557,2.6628],[-90.0083,63.9562,6.2403],[-90.0099,63.9557,2.5135],[-90.0088,63.9484,0.0],[-90.0141,63.9453,4.1151],[-90.013,63.9422,3.4799],[-90.025,63.9437,0.0],[-90.0307,63.9391,0.0],[-90.0286,63.9359,0.0],[-90.0208,63.9333,4.106],[-90.0068,63.9328,2.5895],[-90.0125,63.9292,9.3858],[-90.0224,63.9286,0.0],[-90.0214,63.9255,0.0],[-90.0224,63.9234,2.7618],[-90.0172,63.9224,3.091],[-90.0141,63.9193,0.0],[-90.0109,63.9193,0.0],[-90.0125,63.9229,3.8791],[-90.0104,63.925,0.0],[-90.0042,63.9208,1.8587],[-89.9979,63.9208,6.0737],[-89.9938,63.9188,1.4385],[-89.9875,63.9208,4.1237],[-89.9838,63.9182,2.8318],[-89.9854,63.9167,7.1805],[-89.9958,63.9167,2.943],[-90.0,63.9188,2.0885],[-90.0078,63.9141,4.9784],[-90.0068,63.9109,6.0984],[-90.0162,63.912,1.4138],[-90.0151,63.9089,4.5608],[-90.0162,63.9068,2.4629],[-90.0109,63.9057,4.2975],[-90.012,63.9026,2.0865],[-90.0036,63.8922,0.0],[-89.9922,63.8911,1.9308],[-89.988,63.887,2.5941],[-89.9896,63.8854,10.8873],[-89.9938,63.8875,2.3173],[-90.0016,63.8859,3.7364],[-90.0068,63.8911,4.5945],[-90.012,63.8922,3.1956],[-90.0141,63.8943,3.5938],[-90.013,63.8974,3.1721],[-90.0172,63.9016,1.8666],[-90.0224,63.9026,3.9714],[-90.0271,63.9063,2.1778],[-90.0307,63.9036,4.6743],[-90.0286,63.9005,0.7363],[-90.0234,63.8995,1.0598],[-90.0193,63.8953,1.4542],[-90.0224,63.8922,2.659],[-90.0172,63.887,7.8256],[-90.0266,63.8818,2.1516],[-90.0214,63.8807,2.1743],[-90.0146,63.875,0.0],[-90.0042,63.8771,2.1644],[-89.9938,63.8729,0.0],[-89.9875,63.8729,4.3488],[-89.9833,63.875,3.5811],[-89.9792,63.8729,0.8089],[-89.9776,63.8745,1.0303],[-89.9807,63.8786,0.0],[-89.9687,63.8792,1.48],[-89.9583,63.8708,0.0],[-89.95,63.875,0.0],[-89.9401,63.8755,0.0],[-89.9443,63.8807,5.6234],[-89.9495,63.8818,7.3287],[-89.9458,63.8854,1.2626],[-89.9401,63.8839,0.0],[-89.9432,63.8901,0.0],[-89.9422,63.8974,0.0],[-89.95,63.8979,3.4688],[-89.9516,63.8995,0.0],[-89.9401,63.9005,0.4787],[-89.9411,63.9036,1.4162],[-89.9396,63.9042,2.1503],[-89.9339,63.9026,0.0],[-89.9349,63.9057,2.658],[-89.9271,63.9104,1.859],[-89.9213,63.9057,1.9724],[-89.9224,63.9026,0.0],[-89.9193,63.8995,1.9707],[-89.9245,63.8943,2.4235],[-89.9224,63.8922,0.0],[-89.9109,63.8891,3.0314],[-89.912,63.8859,2.2768],[-89.9036,63.8776,0.0],[-89.9005,63.8776,0.0],[-89.9016,63.8807,0.0],[-89.9,63.8812,0.0],[-89.8938,63.8812,0.0],[-89.8896,63.8792,0.0],[-89.8797,63.8818,0.0],[-89.8838,63.887,0.0],[-89.8953,63.888,2.7575],[-89.8938,63.8896,1.5638],[-89.8797,63.8901,1.3049],[-89.8755,63.8964,0.0],[-89.8771,63.8979,0.0],[-89.8828,63.8964,0.0],[-89.8818,63.9036,0.0],[-89.8838,63.9057,2.1553],[-89.8891,63.9068,0.8893],[-89.8859,63.9099,0.0],[-89.8896,63.9125,1.6372],[-89.9036,63.913,4.9672],[-89.9068,63.9161,2.39],[-89.912,63.9172,0.0],[-89.9182,63.9234,0.0],[-89.9167,63.925,2.6123],[-89.9125,63.9229,0.0],[-89.9089,63.9234,0.0],[-89.9068,63.9255,0.0],[-89.9078,63.9286,0.0],[-89.9042,63.9313,2.1874],[-89.8979,63.9292,0.0],[-89.8797,63.9286,0.0],[-89.8766,63.9234,0.0],[-89.8729,63.9208,0.0],[-89.8547,63.9224,2.2648],[-89.8599,63.9182,1.3719],[-89.8588,63.9151,3.4164],[-89.862,63.913,2.3048],[-89.8583,63.9125,1.5663],[-89.8542,63.9146,2.123],[-89.8464,63.912,0.0],[-89.8417,63.9083,1.9115],[-89.8375,63.9104,1.2043],[-89.8297,63.9089,0.0],[-89.8307,63.912,0.0],[-89.8287,63.9141,0.0],[-89.8213,63.9151,0.0],[-89.8224,63.9182,1.6941],[-89.8208,63.9188,1.8088],[-89.8167,63.9167,0.0],[-89.8104,63.9167,0.0],[-89.8068,63.9193,2.3459],[-89.8083,63.9208,4.3998],[-89.8141,63.9193,0.0],[-89.813,63.9224,0.0],[-89.8146,63.9229,1.2622],[-89.8208,63.9208,0.0],[-89.8229,63.9229,3.6786],[-89.8182,63.9286,0.0],[-89.8151,63.9297,0.0],[-89.8161,63.9328,0.0],[-89.8151,63.9349,0.0],[-89.8203,63.9359,0.0],[-89.8224,63.9391,1.2155],[-89.8203,63.9411,0.894],[-89.8167,63.9417,0.0],[-89.8182,63.9453,1.4722],[-89.8125,63.9437,0.0],[-89.8047,63.9484,0.0],[-89.812,63.9578,0.0],[-89.8063,63.9583,0.0],[-89.8047,63.9599,0.0],[-89.8125,63.9604,2.3663],[-89.8193,63.9547,0.0],[-89.8245,63.9547,3.172],[-89.8161,63.962,0.0],[-89.8089,63.963,0.0],[-89.8141,63.9651,0.9916],[-89.813,63.9682,0.0],[-89.8182,63.9693,1.1609],[-89.8203,63.9714,0.0],[-89.8182,63.9745,0.0],[-89.8151,63.9755,0.0],[-89.8172,63.9786,0.0],[-89.8266,63.9776,3.1063],[-89.8245,63.9807,2.6656],[-89.8213,63.9818,0.0],[-89.8234,63.9849,0.0],[-89.8437,63.9875,1.486],[-89.8542,63.9917,0.0],[-89.8688,63.9875,1.8201],[-89.8828,63.9932,4.6149],[-89.8792,63.9958,3.1121],[-89.8714,63.9943,2.3442],[-89.8651,63.9984,0.0],[-89.8672,64.0016,0.0],[-89.8891,64.0047,5.379],[-89.888,64.0078,0.5866],[-89.8958,64.0146,2.6445],[-89.9,64.0125,5.2017],[-89.9042,64.0146,0.0],[-89.9167,64.0146,6.0389],[-89.9271,64.0188,2.4656],[-89.9328,64.0193,5.9583],[-89.9271,64.0229,0.0],[-89.9229,64.0208,0.0],[-89.9042,64.0188,4.9493],[-89.9,64.0167,0.0],[-89.8875,64.0167,2.4687],[-89.8708,64.0104,0.0],[-89.8646,64.0104,2.1992],[-89.8604,64.0125,2.7168],[-89.8588,64.0109,0.0],[-89.8661,64.0057,0.0],[-89.8625,64.0021,0.0],[-89.8583,64.0042,1.9031],[-89.8505,64.0026,0.0],[-89.8516,64.0057,0.0],[-89.8505,64.0078,3.9776],[-89.8557,64.0099,0.0],[-89.8458,64.0125,2.2329],[-89.8443,64.012,1.989],[-89.8453,64.0089,0.0],[-89.8432,64.0068,0.0],[-89.8354,64.0042,0.0],[-89.8187,64.0042,0.0],[-89.8146,64.0021,0.0],[-89.8104,64.0021,1.4472],[-89.8047,64.0047,0.0],[-89.8026,64.0078,6.5524],[-89.8047,64.0099,2.0786],[-89.8104,64.0104,0.0],[-89.8167,64.0083,2.2732],[-89.8182,64.0099,0.0],[-89.8151,64.012,0.0],[-89.8266,64.013,2.4587],[-89.8307,64.0172,0.0],[-89.8292,64.0188,0.0],[-89.813,64.0193,0.0],[-89.8141,64.0224,0.0],[-89.813,64.0245,0.0],[-89.8182,64.0255,0.0],[-89.8276,64.0349,2.0511],[-89.8307,64.0349,3.1722],[-89.8297,64.0318,9.8864],[-89.8339,64.0297,1.0868],[-89.8396,64.0292,2.1676],[-89.8474,64.0318,3.0215],[-89.8495,64.0339,2.8609],[-89.8484,64.037,0.0],[-89.8536,64.038,2.8303],[-89.8588,64.0432,2.0918],[-89.8688,64.0437,6.7453],[-89.8766,64.0463,6.5362],[-89.8729,64.05,0.0],[-89.8667,64.05,2.5575],[-89.8625,64.0479,1.8711],[-89.85,64.0521,4.5536],[-89.838,64.0505,2.1899],[-89.8401,64.0537,5.3748],[-89.8479,64.0563,4.5495],[-89.8583,64.0542,2.9546],[-89.8625,64.0563,1.3292],[-89.8708,64.0563,4.9201],[-89.8786,64.063,0.0],[-89.8807,64.0672,0.0],[-89.8792,64.0687,0.0],[-89.8708,64.0625,2.0191],[-89.8667,64.0646,2.1921],[-89.8547,64.063,0.0],[-89.8526,64.0661,5.353],[-89.8578,64.0672,14.187],[-89.8568,64.0703,2.2695],[-89.8588,64.0724,0.0],[-89.8609,64.0745,0.0],[-89.8661,64.0755,2.585],[-89.8568,64.0807,0.0],[-89.8646,64.0833,6.5811],[-89.8729,64.0833,18.396],[-89.8875,64.0875,8.6066],[-89.8938,64.0875,2.6184],[-89.8953,64.0859,4.5025],[-89.8838,64.0745,0.0],[-89.8854,64.0729,3.4423],[-89.8896,64.075,2.1226],[-89.9016,64.0745,3.3935],[-89.8995,64.0714,9.986],[-89.8943,64.0703,4.1025],[-89.8922,64.0672,2.3756],[-89.9,64.0667,8.7023],[-89.9146,64.0708,2.9881],[-89.9208,64.0708,4.0864],[-89.9276,64.0651,3.2202],[-89.9349,64.063,6.4059],[-89.937,64.0651,1.3224],[-89.9359,64.0682,0.0],[-89.937,64.0703,2.2089],[-89.9318,64.0734,0.9496],[-89.9349,64.0787,2.3865],[-89.9318,64.0807,0.0],[-89.9391,64.0818,8.4909],[-89.9359,64.0849,0.0],[-89.9391,64.0891,3.5314],[-89.9318,64.0891,0.0],[-89.9297,64.087,2.151],[-89.9307,64.0839,0.0],[-89.9292,64.0833,0.0],[-89.9193,64.0859,5.493],[-89.9146,64.0896,1.7091],[-89.9047,64.0901,7.1913],[-89.9151,64.1036,1.8322],[-89.9224,64.1047,1.9435],[-89.9245,64.1078,3.35],[-89.9208,64.1083,2.5336],[-89.9042,64.1021,3.1323],[-89.8979,64.1021,0.0],[-89.8964,64.1026,0.0],[-89.8974,64.1057,2.874],[-89.8953,64.1078,0.0],[-89.8896,64.1083,0.0],[-89.888,64.1099,0.0],[-89.8922,64.1141,3.8212],[-89.9,64.1167,4.2695],[-89.9125,64.1167,3.1514],[-89.9167,64.1188,0.0],[-89.9229,64.1188,0.0],[-89.9292,64.1146,4.0326],[-89.9333,64.1167,0.0],[-89.9432,64.1172,3.2872],[-89.9453,64.1203,3.5487],[-89.9401,64.1245,0.0],[-89.9453,64.1255,4.175],[-89.9542,64.1333,0.0],[-89.9578,64.1328,1.5178],[-89.9547,64.1276,5.3018],[-89.9583,64.125,0.0],[-89.9661,64.1255,0.0],[-89.9687,64.1292,2.0389],[-89.9672,64.1328,2.0535],[-89.9771,64.1333,7.0511],[-89.9812,64.1354,2.5617],[-89.9932,64.1349,4.1139],[-89.9922,64.1318,1.6507],[-89.9943,64.1297,5.313],[-89.9974,64.1297,2.9719],[-89.9964,64.1328,2.53],[-90.0016,64.1349,2.259],[-89.9995,64.137,3.6005],[-89.9922,64.138,1.264],[-89.9901,64.1412,0.0],[-90.0042,64.1417,0.0],[-90.0078,64.1443,6.2418],[-89.9979,64.1542,0.0],[-89.9938,64.1542,0.0],[-89.9896,64.1521,0.0],[-89.9771,64.1521,0.0],[-89.9729,64.15,0.0],[-89.9714,64.1505,0.0],[-89.9724,64.1536,0.0],[-89.9708,64.1542,0.0],[-89.9646,64.1542,0.0],[-89.9604,64.1521,0.0],[-89.9458,64.1521,0.0],[-89.9417,64.1542,1.8777],[-89.937,64.1505,0.0],[-89.9271,64.1479,0.0],[-89.9229,64.15,0.0],[-89.9187,64.15,7.8291],[-89.9125,64.1479,0.0],[-89.9083,64.15,0.0],[-89.8979,64.1458,1.2201],[-89.8896,64.1458,4.2752],[-89.8854,64.1438,0.0],[-89.8667,64.1417,1.7559],[-89.8625,64.1396,0.0],[-89.8583,64.1417,0.0],[-89.8521,64.1417,0.0],[-89.8458,64.1375,0.0],[-89.8354,64.1396,7.9463],[-89.8339,64.138,4.861],[-89.837,64.1359,1.66],[-89.8349,64.1339,3.2642],[-89.8151,64.1328,3.0913],[-89.8161,64.1297,0.0],[-89.8151,64.1276,2.565],[-89.8182,64.1266,2.3677],[-89.8203,64.1234,0.0],[-89.8151,64.1224,2.3317],[-89.813,64.1203,0.0],[-89.8182,64.1172,0.0],[-89.8141,64.113,0.0],[-89.8089,64.112,1.9966],[-89.812,64.1099,0.0],[-89.8099,64.1068,0.0],[-89.8005,64.1078,5.7578],[-89.8057,64.1026,0.0],[-89.7922,64.0995,22.1163],[-89.7953,64.0964,0.0],[-89.788,64.0953,20.6824],[-89.787,64.0922,0.0],[-89.7797,64.0911,1.6094],[-89.7828,64.088,0.0],[-89.7672,64.087,3.3393],[-89.762,64.0818,0.0],[-89.7568,64.0807,0.0],[-89.7526,64.0766,0.0],[-89.7536,64.0734,0.0],[-89.7484,64.0714,0.0],[-89.7578,64.0714,0.0],[-89.7609,64.0766,0.0],[-89.7745,64.0797,6.2375],[-89.7776,64.0828,0.0],[-89.7953,64.088,0.0],[-89.8,64.0917,0.0],[-89.8099,64.0922,5.9595],[-89.8151,64.0974,0.0],[-89.8229,64.1,1.9752],[-89.8271,64.0979,1.233],[-89.8307,64.0984,5.7397],[-89.8276,64.1016,0.0],[-89.8313,64.1042,0.0],[-89.8417,64.1042,7.9338],[-89.8458,64.1021,7.6731],[-89.8521,64.1021,1.9674],[-89.8562,64.1042,4.1051],[-89.8625,64.1042,3.726],[-89.8641,64.1057,2.5027],[-89.8542,64.1062,2.0164],[-89.8526,64.1078,3.2566],[-89.8578,64.1088,2.176],[-89.8625,64.1125,4.3548],[-89.8771,64.1104,5.526],[-89.8807,64.1068,1.1399],[-89.8771,64.1042,0.0],[-89.8729,64.1062,5.0967],[-89.8693,64.1057,9.3425],[-89.8724,64.1036,0.0],[-89.8708,64.1021,5.0466],[-89.8568,64.1016,3.2834],[-89.8526,64.0964,2.9142],[-89.8578,64.0932,0.0],[-89.8568,64.0901,4.5346],[-89.8578,64.088,1.4924],[-89.8557,64.0859,0.0],[-89.8505,64.0849,3.7601],[-89.8516,64.0818,0.0],[-89.8401,64.0787,1.4775],[-89.8411,64.0755,0.0],[-89.8359,64.0745,0.0],[-89.8276,64.0661,23.2491],[-89.8307,64.063,0.0],[-89.8234,64.062,1.8469],[-89.8245,64.0568,0.0],[-89.8146,64.0563,3.9799],[-89.8104,64.0542,0.0],[-89.8047,64.0547,0.0],[-89.7979,64.0583,0.0],[-89.7937,64.0563,0.0],[-89.7891,64.0599,0.0],[-89.7818,64.0609,0.0],[-89.7755,64.0651,5.9139],[-89.7734,64.0672,11.6248],[-89.7745,64.0703,0.0],[-89.7729,64.0708,0.0],[-89.7651,64.0703,0.0],[-89.7682,64.0682,0.0],[-89.7672,64.0651,7.2077],[-89.7703,64.0609,0.0],[-89.7651,64.0599,7.409],[-89.7662,64.0568,0.0],[-89.7568,64.0557,2.8387],[-89.7578,64.0526,0.0],[-89.7562,64.0521,0.0],[-89.7521,64.0521,0.0],[-89.7464,64.0547,0.0],[-89.7443,64.0568,1.3976],[-89.7453,64.0599,0.0],[-89.7438,64.0604,0.0],[-89.7333,64.0604,0.0],[-89.7292,64.0583,0.0],[-89.725,64.0604,0.0],[-89.7151,64.0609,0.0],[-89.7161,64.0641,0.0],[-89.7146,64.0646,0.0],[-89.7109,64.062,0.0],[-89.712,64.0589,0.0],[-89.7109,64.0568,5.5831],[-89.7161,64.0526,4.1488],[-89.7083,64.0521,0.0],[-89.7068,64.0526,0.0],[-89.7078,64.0557,0.0],[-89.7047,64.0557,0.0],[-89.7026,64.0526,0.0],[-89.7078,64.0484,0.0],[-89.7057,64.0463,2.9934],[-89.6984,64.0453,0.0],[-89.6922,64.0359,3.6491],[-89.6953,64.0359,4.1921],[-89.7,64.0396,7.1936],[-89.7146,64.0375,6.1496],[-89.7187,64.0396,1.9863],[-89.7203,64.038,2.0253],[-89.7182,64.0359,1.9339],[-89.713,64.0339,6.767],[-89.7187,64.0313,3.1953],[-89.7266,64.0307,3.4856],[-89.7266,64.0276,0.0],[-89.7187,64.0271,0.0],[-89.7141,64.0307,0.0],[-89.7104,64.0313,2.2912],[-89.7063,64.0292,0.0],[-89.6958,64.0292,3.8766],[-89.6917,64.0271,2.4625],[-89.6833,64.0271,2.8968],[-89.6792,64.025,0.0],[-89.6713,64.0255,0.0],[-89.6766,64.0328,2.6379],[-89.6724,64.0391,2.2218],[-89.6672,64.0411,0.0],[-89.6693,64.0432,0.0],[-89.6745,64.0443,8.3377],[-89.6734,64.0474,4.2791],[-89.6786,64.0484,0.0],[-89.6807,64.0505,0.0],[-89.6755,64.0557,0.0],[-89.6849,64.0609,1.7258],[-89.6839,64.0641,0.0],[-89.6891,64.0693,0.0],[-89.6859,64.0724,0.0],[-89.688,64.0745,0.0],[-89.6932,64.0755,3.8776],[-89.6953,64.0776,1.4618],[-89.6943,64.0807,0.0],[-89.6995,64.0818,2.7736],[-89.6984,64.0849,0.0],[-89.7047,64.0911,5.288],[-89.7099,64.0922,11.3385],[-89.7141,64.0974,3.3221],[-89.7104,64.0979,2.2844],[-89.6963,64.0932,4.0511],[-89.6974,64.0901,2.7556],[-89.6953,64.088,2.8716],[-89.6859,64.087,0.0],[-89.6828,64.0839,1.946],[-89.6776,64.0828,2.1053],[-89.6734,64.0787,5.1377],[-89.675,64.0771,8.269],[-89.6807,64.0766,0.0],[-89.6792,64.075,0.0],[-89.6734,64.0745,11.1446],[-89.6807,64.0682,0.0],[-89.6786,64.063,0.0],[-89.6713,64.062,3.5518],[-89.6745,64.0589,0.0],[-89.6708,64.0583,0.0],[-89.6667,64.0604,9.4497],[-89.6651,64.0599,24.3855],[-89.6661,64.0568,0.0],[-89.6583,64.0563,6.7039],[-89.6542,64.0542,1.9916],[-89.6526,64.0547,1.7289],[-89.6536,64.0578,6.6409],[-89.6521,64.0583,0.0],[-89.6484,64.0578,0.0],[-89.6438,64.0542,0.0],[-89.6422,64.0547,0.0],[-89.6432,64.0578,0.0],[-89.6354,64.0583,4.1243],[-89.6333,64.0563,8.456],[-89.6349,64.0537,0.0],[-89.6338,64.0505,2.8502],[-89.6349,64.0484,2.3831],[-89.6297,64.0474,8.7372],[-89.6307,64.0422,0.0],[-89.6234,64.0411,6.8304],[-89.6266,64.038,0.0],[-89.6104,64.0354,1.3082],[-89.6062,64.0333,0.0],[-89.5937,64.0333,0.0],[-89.5859,64.0307,0.0],[-89.587,64.0276,0.0],[-89.5859,64.0255,0.0],[-89.5911,64.0224,0.0],[-89.5901,64.0193,1.9972],[-89.5932,64.0172,0.0],[-89.5859,64.0162,0.0],[-89.5766,64.0047,1.5547],[-89.5693,64.0036,2.0031],[-89.5724,64.0005,0.0],[-89.5672,63.9995,0.0],[-89.5682,63.9964,0.0],[-89.5661,63.9943,1.8211],[-89.5583,63.9917,0.0],[-89.55,63.9917,1.4061],[-89.5401,63.987,2.5333],[-89.5453,63.9828,4.125],[-89.5443,63.9797,3.3641],[-89.55,63.9792,1.5815],[-89.5516,63.9776,0.0],[-89.5375,63.975,0.0],[-89.5359,63.9755,0.0],[-89.537,63.9786,0.0],[-89.5292,63.9792,6.1364],[-89.5214,63.9766,5.5719],[-89.5193,63.9734,0.0],[-89.5224,63.9714,2.1347],[-89.5203,63.9693,2.279],[-89.513,63.9682,1.9616],[-89.5172,63.9651,2.2125],[-89.5224,63.9641,1.7938],[-89.5182,63.9568,1.3431],[-89.5062,63.9583,2.3817],[-89.5016,63.9547,0.0],[-89.4964,63.9536,2.2021],[-89.4891,63.9464,2.088],[-89.4812,63.9437,2.6951],[-89.475,63.9437,0.0],[-89.4734,63.9453,0.0],[-89.4766,63.9484,3.479],[-89.4755,63.9516,0.0],[-89.4766,63.9536,0.0],[-89.4734,63.9557,0.0],[-89.4786,63.9568,0.0],[-89.4776,63.9599,0.0],[-89.4797,63.962,0.0],[-89.4891,63.963,4.3727],[-89.4838,63.9661,0.0],[-89.4917,63.9688,0.0],[-89.5016,63.9693,4.0704],[-89.5036,63.9734,3.7196],[-89.5026,63.9766,0.0],[-89.5162,63.9818,0.0],[-89.5146,63.9833,0.0],[-89.5104,63.9833,0.0],[-89.5062,63.9813,0.0],[-89.5026,63.9818,0.0],[-89.5047,63.9849,0.0],[-89.5266,63.988,7.8077],[-89.5151,63.9943,0.0],[-89.5224,63.9984,0.0],[-89.5214,64.0016,0.0],[-89.5328,64.0047,0.0],[-89.537,64.0089,0.0],[-89.5359,64.012,0.0],[-89.5417,64.0104,6.734],[-89.5458,64.0125,0.0],[-89.5557,64.013,4.7663],[-89.5482,64.0187,2.8576],[-89.5437,64.0167,0.0],[-89.5401,64.0182,4.1701],[-89.5474,64.0255,0.0],[-89.5463,64.0286,0.0],[-89.5516,64.0339,0.0],[-89.5484,64.0359,0.0],[-89.5495,64.0391,0.0],[-89.5484,64.0411,0.0],[-89.5536,64.0474,0.0],[-89.5505,64.0484,0.0],[-89.5484,64.0516,0.0],[-89.5557,64.0589,0.0],[-89.5578,64.063,0.0],[-89.5547,64.0682,0.0],[-89.5568,64.0703,0.0],[-89.562,64.0714,9.4373],[-89.5589,64.0734,0.0],[-89.5599,64.0766,0.0],[-89.5589,64.0787,0.0],[-89.562,64.0818,2.7309],[-89.5599,64.087,0.0],[-89.5568,64.087,0.0],[-89.5505,64.0807,9.2672],[-89.5536,64.0787,3.4347],[-89.5505,64.0745,2.7852],[-89.5516,64.0714,0.0],[-89.5359,64.0703,2.4025],[-89.5359,64.0672,0.0],[-89.5417,64.0667,13.3913],[-89.5458,64.0687,7.3286],[-89.5536,64.0641,0.0],[-89.5495,64.0589,0.0],[-89.5443,64.0578,0.0],[-89.5422,64.0557,2.0665],[-89.5432,64.0526,0.0],[-89.538,64.0516,3.535],[-89.5411,64.0484,0.0],[-89.5339,64.0474,6.5966],[-89.537,64.0443,0.0],[-89.5318,64.0443,2.289],[-89.5266,64.0495,0.0],[-89.5214,64.0495,3.0603],[-89.5214,64.0463,0.0],[-89.5245,64.0432,0.0],[-89.5224,64.0401,0.0],[-89.5109,64.037,0.0],[-89.5078,64.0339,0.0],[-89.5026,64.0328,13.0458],[-89.5042,64.0313,9.4434],[-89.5083,64.0313,1.5794],[-89.513,64.0349,0.0],[-89.5167,64.0354,3.9728],[-89.5208,64.0333,2.6554],[-89.5286,64.0328,2.1327],[-89.5214,64.0286,4.1885],[-89.5245,64.0255,0.0],[-89.4958,64.0229,14.3839],[-89.4943,64.0245,5.0568],[-89.4995,64.0307,11.3833],[-89.4958,64.0313,0.0],[-89.4958,64.0333,0.0],[-89.5057,64.0359,12.4991],[-89.5005,64.0411,0.0],[-89.5057,64.0432,0.0],[-89.4984,64.0443,2.1607],[-89.4964,64.0463,0.0],[-89.5016,64.0484,6.4482],[-89.4984,64.0537,0.0],[-89.5036,64.0547,11.832],[-89.5182,64.0714,4.4134],[-89.5062,64.0771,1.0],[-89.5047,64.0755,1.0],[-89.5099,64.0724,11.2493],[-89.512,64.0693,2.0654],[-89.5099,64.0672,5.1322],[-89.4984,64.0641,28.8604],[-89.4901,64.0557,0.0],[-89.4911,64.0526,0.0],[-89.4891,64.0505,0.0],[-89.4838,64.0495,7.9472],[-89.4891,64.0443,0.0],[-89.4734,64.0432,4.0495],[-89.4807,64.0401,0.0],[-89.4755,64.0391,7.2619],[-89.4734,64.037,14.5465],[-89.4745,64.0339,0.0],[-89.4724,64.0318,0.0],[-89.4667,64.0333,11.0983],[-89.4625,64.0313,3.2208],[-89.4583,64.0313,0.0],[-89.4516,64.0255,1.8829],[-89.4401,64.0224,2.366],[-89.4474,64.0193,6.9285],[-89.4297,64.0151,8.7992],[-89.4307,64.0182,10.2505],[-89.4286,64.0203,0.0],[-89.4151,64.0255,0.0],[-89.4182,64.0307,3.2101],[-89.4104,64.0292,3.6949],[-89.3984,64.0339,0.0],[-89.3932,64.0391,1.4596],[-89.3896,64.0396,0.0],[-89.3828,64.0318,12.9756],[-89.3714,64.0307,16.5932],[-89.3693,64.0276,0.0],[-89.3724,64.0255,6.4607],[-89.3651,64.0245,17.169],[-89.3641,64.0214,11.7268],[-89.3588,64.0214,17.207],[-89.3568,64.0245,0.0],[-89.3599,64.0286,0.0],[-89.3562,64.0292,10.9172],[-89.3484,64.0266,1.2459],[-89.3411,64.0193,12.0575],[-89.3276,64.0141,0.0],[-89.3255,64.011,13.2061],[-89.3287,64.0089,0.0],[-89.313,64.0078,2.7386],[-89.3089,64.0036,3.4369],[-89.3099,64.0005,12.2588],[-89.3047,63.9995,6.7622],[-89.3005,63.9953,8.0627],[-89.3057,63.9911,0.0],[-89.3036,63.988,0.0],[-89.3005,63.988,0.0],[-89.3016,63.9911,0.0],[-89.3,63.9917,1.5119],[-89.2901,63.9922,3.0578],[-89.2953,63.9943,4.3294],[-89.2937,63.9958,3.1187],[-89.2797,63.9932,2.0208],[-89.2776,63.9901,7.3102],[-89.2812,63.9896,7.4456],[-89.2854,63.9917,2.6909],[-89.287,63.9901,1.933],[-89.2849,63.988,2.2188],[-89.2797,63.987,3.2544],[-89.2672,63.9734,8.3146],[-89.2724,63.9734,6.1355],[-89.2797,63.9828,12.6038],[-89.2896,63.9854,9.8417],[-89.2958,63.9813,12.4203],[-89.3021,63.9833,2.9637],[-89.3063,63.9813,1.4189],[-89.3141,63.9839,12.3242],[-89.3224,63.9922,9.9762],[-89.3193,63.9943,0.0],[-89.3208,63.9958,0.0],[-89.3271,63.9958,13.4297],[-89.3307,63.9932,10.1884],[-89.3287,63.988,13.2555],[-89.3245,63.9839,3.9773],[-89.3193,63.9828,16.2264],[-89.3287,63.9776,0.0],[-89.325,63.975,1.716],[-89.3193,63.9745,9.841],[-89.3224,63.9714,0.0],[-89.3172,63.9703,3.3113],[-89.312,63.9651,6.9171],[-89.3021,63.9646,2.7525],[-89.2974,63.9609,1.0],[-89.2922,63.9599,0.0],[-89.2901,63.9568,10.1625],[-89.2932,63.9557,11.421],[-89.2953,63.9526,5.6774],[-89.2917,63.95,1.5006],[-89.2839,63.9495,4.1571],[-89.2891,63.9464,0.0],[-89.2812,63.9458,0.0],[-89.2734,63.9432,0.0],[-89.2745,63.9401,0.0],[-89.2667,63.9375,1.4718],[-89.2568,63.937,4.104],[-89.2599,63.9339,3.8287],[-89.25,63.9333,0.0],[-89.2453,63.9297,2.3403],[-89.2396,63.9292,0.0],[-89.2338,63.9328,0.0],[-89.2411,63.9339,0.0],[-89.2432,63.937,1.5594],[-89.2396,63.9375,0.0],[-89.2354,63.9354,1.2685],[-89.2338,63.937,7.0353],[-89.2359,63.9391,4.3676],[-89.2536,63.9443,10.5204],[-89.2578,63.9484,0.0],[-89.2484,63.9536,0.0],[-89.2583,63.9562,1.7338],[-89.2599,63.9557,0.0],[-89.2588,63.9526,0.0],[-89.262,63.9526,4.2232],[-89.2641,63.9547,0.0],[-89.263,63.9578,0.0],[-89.2651,63.9599,0.0],[-89.2729,63.9625,12.1268],[-89.2807,63.963,7.4255],[-89.2828,63.9661,0.0],[-89.2771,63.9646,0.0],[-89.2562,63.9646,0.0],[-89.2547,63.9641,0.0],[-89.2557,63.9609,3.5412],[-89.2516,63.9568,2.7895],[-89.2401,63.9536,2.3864],[-89.2328,63.9464,3.9905],[-89.225,63.9458,5.3686],[-89.2208,63.9479,3.172],[-89.2146,63.9437,0.0],[-89.2109,63.9474,0.0],[-89.2161,63.9495,1.9529],[-89.2089,63.9547,0.0],[-89.2099,63.9578,3.9953],[-89.2068,63.9599,0.0],[-89.2167,63.9604,0.0],[-89.2182,63.962,2.1733],[-89.2151,63.9641,0.0],[-89.2224,63.9651,3.4704],[-89.2214,63.9703,0.0],[-89.2266,63.9714,0.0],[-89.2234,63.9766,3.8319],[-89.2286,63.9776,0.0],[-89.2328,63.9818,0.0],[-89.2271,63.9854,0.0],[-89.2151,63.9849,3.9122],[-89.2203,63.9797,0.0],[-89.2151,63.9786,0.0],[-89.2099,63.9734,7.2682],[-89.2047,63.9724,13.1805],[-89.2057,63.9693,4.0239],[-89.2,63.9625,6.9046],[-89.2016,63.9589,0.0],[-89.1937,63.9562,0.0],[-89.1901,63.9568,0.0],[-89.1859,63.9609,2.4861],[-89.1932,63.9724,4.7797],[-89.1901,63.9724,4.5822],[-89.1854,63.9688,0.0],[-89.1839,63.9693,0.0],[-89.1849,63.9724,1.7913],[-89.1755,63.9724,5.2481],[-89.1786,63.9703,2.6575],[-89.1776,63.9672,0.0],[-89.1786,63.9651,1.997],[-89.1734,63.9641,0.0],[-89.1713,63.9609,1.3562],[-89.1771,63.9625,0.0],[-89.1786,63.962,0.0],[-89.1786,63.9589,0.0],[-89.1672,63.9578,1.671],[-89.163,63.9536,3.2582],[-89.1661,63.9516,0.0],[-89.1646,63.95,0.0],[-89.1609,63.9505,0.0],[-89.1542,63.9562,3.7796],[-89.1417,63.9521,5.0126],[-89.1312,63.9521,0.0],[-89.1229,63.9583,4.5309],[-89.1125,63.9562,0.0],[-89.1042,63.9604,0.0],[-89.0964,63.9578,6.762],[-89.0932,63.9547,0.0],[-89.0854,63.9542,2.111],[-89.0818,63.9578,0.0],[-89.0953,63.963,10.4017],[-89.0974,63.9661,7.4306],[-89.0839,63.9693,0.0],[-89.0792,63.9729,3.4857],[-89.0734,63.9734,5.7464],[-89.0693,63.9797,0.0],[-89.0745,63.9818,0.0],[-89.0797,63.987,0.0],[-89.0932,63.9922,0.0],[-89.0964,63.9953,0.0],[-89.1078,63.9964,1.4315],[-89.1099,63.9995,0.0],[-89.1068,64.0016,0.0],[-89.1266,64.0068,5.6334],[-89.1234,64.0099,0.0],[-89.1307,64.0109,10.1103],[-89.1328,64.013,4.5348],[-89.1338,64.0162,0.0],[-89.1391,64.0214,12.7732],[-89.138,64.0245,0.0],[-89.1417,64.0271,0.0],[-89.1495,64.0276,9.8332],[-89.1651,64.0432,12.8522],[-89.1703,64.0443,7.4207],[-89.1672,64.0474,0.0],[-89.1693,64.0495,0.0],[-89.1766,64.0505,0.0],[-89.1734,64.0537,0.0],[-89.1776,64.0578,0.0],[-89.1828,64.0589,24.8144],[-89.1875,64.0625,2.6828],[-89.1974,64.063,28.0837],[-89.1943,64.0661,0.0],[-89.1995,64.0672,5.1278],[-89.2016,64.0693,19.3947],[-89.2005,64.0724,0.0],[-89.2057,64.0734,3.2719],[-89.2047,64.0766,0.0],[-89.2068,64.0787,0.0],[-89.212,64.0797,5.7665],[-89.2099,64.0828,0.0],[-89.2026,64.0839,0.0],[-89.1979,64.0875,0.0],[-89.188,64.0849,4.6076],[-89.1859,64.0818,7.2312],[-89.1911,64.0776,0.0],[-89.1859,64.0766,0.0],[-89.1786,64.0693,0.0],[-89.1734,64.0682,9.152],[-89.1745,64.0651,0.0],[-89.1724,64.063,0.0],[-89.1672,64.062,19.8869],[-89.1599,64.0547,0.0],[-89.1542,64.0563,3.7475],[-89.1443,64.0537,22.7499],[-89.1432,64.0505,8.0097],[-89.1328,64.0401,1.0714],[-89.1151,64.037,0.0],[-89.1099,64.0297,0.0],[-89.1,64.0292,8.5823],[-89.0922,64.0266,5.8012],[-89.0891,64.0234,4.2481],[-89.0839,64.0224,8.2313],[-89.0891,64.0172,0.0],[-89.0687,64.0146,0.0],[-89.0672,64.013,9.968],[-89.0724,64.0109,0.0],[-89.0646,64.0104,0.0],[-89.0604,64.0083,0.0],[-89.0563,64.0104,0.0],[-89.05,64.0104,0.0],[-89.0411,64.0026,0.0],[-89.0292,64.0021,0.0],[-89.0245,63.9984,0.0],[-89.0146,63.9958,0.0],[-89.013,63.9974,0.0],[-89.0151,63.9995,1.0933],[-89.0203,64.0005,0.0],[-89.0224,64.0036,0.0],[-89.0151,64.0036,0.0],[-89.0083,63.9979,0.0],[-88.9984,63.9974,3.3727],[-89.0016,63.9953,0.0],[-89.0,63.9938,0.0],[-88.9896,63.9938,0.0],[-88.9797,63.9964,0.0],[-88.9849,64.0026,1.9327],[-88.9833,64.0042,2.4511],[-88.9672,63.9995,1.6405],[-88.9703,63.9964,0.0],[-88.9667,63.9958,0.0],[-88.963,63.9995,2.7973],[-88.9672,64.0036,0.0],[-88.975,64.0042,0.0],[-88.9766,64.0057,0.0],[-88.9646,64.0062,1.744],[-88.9583,64.0021,0.0],[-88.9568,64.0026,0.0],[-88.9578,64.0057,0.0],[-88.9563,64.0062,0.0],[-88.9458,64.0042,0.0],[-88.9417,64.0062,5.6683],[-88.9349,64.0005,0.0],[-88.9292,64.0021,2.7599],[-88.9229,63.9979,0.0],[-88.9109,63.9984,0.0],[-88.9161,64.0005,0.0],[-88.9146,64.0021,2.6824],[-88.8979,64.0,0.0],[-88.8901,63.9974,0.0],[-88.887,63.9943,0.0],[-88.8818,63.9932,8.4737],[-88.8786,63.9901,0.0],[-88.8734,63.9891,2.5878],[-88.8745,63.9859,2.7173],[-88.8667,63.9833,0.0],[-88.8583,63.9875,1.645],[-88.8437,63.9875,4.453],[-88.8396,63.9854,0.0],[-88.8292,63.9854,0.0],[-88.8276,63.987,3.1328],[-88.8349,63.9911,0.5],[-88.8146,63.9917,2.6396],[-88.8042,63.9875,2.5036],[-88.7958,63.9875,8.2914],[-88.7917,63.9854,0.5],[-88.7542,63.9833,6.7316],[-88.75,63.9813,0.0],[-88.7464,63.9839,0.0],[-88.7453,63.987,0.0],[-88.7401,63.988,0.0],[-88.7411,63.9911,1.0],[-88.7312,63.9938,2.0698],[-88.7187,63.9938,2.0942],[-88.7146,63.9958,3.2013],[-88.7083,63.9917,0.0],[-88.6917,63.9917,1.8543],[-88.6875,63.9896,0.0],[-88.6839,63.9901,0.0],[-88.6859,63.9932,2.1239],[-88.6958,63.9938,2.7625],[-88.6974,63.9953,1.5],[-88.688,63.9984,1.2957],[-88.6891,64.0016,2.4875],[-88.6849,64.0036,1.8587],[-88.675,64.0062,5.0863],[-88.6682,64.0005,3.424],[-88.6609,64.0005,0.0],[-88.6682,64.0047,1.7204],[-88.6661,64.0078,2.0472],[-88.663,64.0089,0.0],[-88.6641,64.012,3.1392],[-88.6625,64.0125,2.5557],[-88.6521,64.0125,7.0077],[-88.6458,64.0083,1.1506],[-88.6417,64.0104,0.0],[-88.6318,64.0109,0.0],[-88.6271,64.0146,0.0],[-88.6167,64.0146,0.0],[-88.6109,64.013,2.1494],[-88.6109,64.0162,5.581],[-88.6182,64.0172,2.5533],[-88.6193,64.0203,0.0],[-88.6266,64.0214,2.3632],[-88.6234,64.0245,0.0],[-88.6312,64.0271,2.0],[-88.6412,64.0276,6.7292],[-88.6443,64.0307,2.0],[-88.6495,64.0318,5.1661],[-88.6479,64.0333,3.2812],[-88.6417,64.0333,2.0],[-88.6375,64.0313,0.0],[-88.6167,64.0313,2.1005],[-88.6151,64.0307,2.6725],[-88.6161,64.0276,0.0],[-88.6068,64.0266,4.051],[-88.6021,64.0229,0.0],[-88.5979,64.025,1.5435],[-88.5917,64.025,3.6262],[-88.5854,64.0208,0.0],[-88.5734,64.0203,2.2918],[-88.5745,64.0172,1.6661],[-88.5729,64.0167,0.0],[-88.5667,64.0167,5.1982],[-88.5625,64.0146,2.6701],[-88.5547,64.0151,1.0057],[-88.5599,64.0172,2.1307],[-88.5589,64.0203,4.2246],[-88.5625,64.025,2.9113],[-88.5609,64.0286,1.7376],[-88.5661,64.0307,2.6445],[-88.5563,64.0313,2.5872],[-88.5484,64.0349,3.1275],[-88.5599,64.038,3.0398],[-88.5667,64.0437,0.0],[-88.587,64.0463,5.8871],[-88.5901,64.0495,3.5039],[-88.6141,64.0568,2.6886],[-88.6125,64.0583,2.5743],[-88.5813,64.0563,5.037],[-88.5776,64.0537,4.0609],[-88.5807,64.0516,1.6882],[-88.5792,64.05,0.0],[-88.5729,64.05,1.4799],[-88.5687,64.0521,1.5985],[-88.5646,64.05,1.9232],[-88.5563,64.05,2.1745],[-88.5563,64.0521,2.5222],[-88.5521,64.0542,2.8108],[-88.5458,64.05,1.546],[-88.5417,64.0521,1.5245],[-88.538,64.0516,6.0118],[-88.5411,64.0495,0.0],[-88.5391,64.0463,0.0],[-88.5292,64.0458,3.749],[-88.525,64.0437,0.0],[-88.5193,64.0443,0.0],[-88.5203,64.0474,5.1412],[-88.5188,64.0479,3.6814],[-88.5083,64.0458,0.0],[-88.5042,64.0479,0.0],[-88.4979,64.0437,1.4654],[-88.4917,64.0437,0.0],[-88.4875,64.0458,1.6717],[-88.4812,64.0417,1.8393],[-88.4708,64.0417,2.7668],[-88.4661,64.0453,1.3507],[-88.4589,64.0463,0.78],[-88.4568,64.0495,0.9313],[-88.4687,64.05,2.0589],[-88.4766,64.0526,1.7492],[-88.4797,64.0557,0.0],[-88.487,64.0568,4.4011],[-88.487,64.0599,1.8613],[-88.4818,64.0609,4.0424],[-88.4828,64.0641,3.0464],[-88.4771,64.0667,1.9734],[-88.4667,64.0667,1.4746],[-88.4625,64.0646,0.0],[-88.4609,64.0661,0.0],[-88.4641,64.0703,1.6604],[-88.4542,64.0729,2.8885],[-88.45,64.0708,2.8467],[-88.4354,64.0708,0.0],[-88.4339,64.0714,2.4318],[-88.4349,64.0745,2.3677],[-88.4286,64.0787,2.0236],[-88.4187,64.0813,2.5848],[-88.4146,64.0813,2.7643],[-88.4104,64.0792,1.3478],[-88.4,64.0792,0.0],[-88.3943,64.0818,0.0],[-88.4104,64.0875,2.3974],[-88.4292,64.0875,9.3089],[-88.4333,64.0854,6.1213],[-88.4479,64.0854,9.4506],[-88.4542,64.0875,0.0],[-88.4583,64.0854,6.7417],[-88.4667,64.0854,8.3494],[-88.4729,64.0896,3.6202],[-88.4792,64.0896,6.806],[-88.4833,64.0875,1.885],[-88.4911,64.0901,0.0],[-88.4958,64.0938,0.0],[-88.5099,64.0943,0.0],[-88.512,64.0964,0.0],[-88.5104,64.0979,0.0],[-88.4958,64.0979,0.0],[-88.4917,64.0958,0.0],[-88.4646,64.0958,0.0],[-88.4604,64.0938,0.0],[-88.4547,64.0974,5.1117],[-88.4646,64.0979,0.0],[-88.4687,64.1,0.0],[-88.475,64.1,4.7787],[-88.4766,64.1016,0.0],[-88.4729,64.1042,0.0],[-88.4604,64.1042,0.0],[-88.4563,64.1062,0.0],[-88.4417,64.1062,0.0],[-88.4354,64.1042,0.0],[-88.4313,64.1062,0.0],[-88.4167,64.1062,0.0],[-88.4125,64.1042,0.0],[-88.4083,64.1062,9.5674],[-88.4042,64.1042,0.0],[-88.3979,64.1042,0.0],[-88.3938,64.1062,5.9626],[-88.3875,64.1062,2.6101],[-88.3833,64.1042,0.0],[-88.3729,64.1042,4.8848],[-88.3688,64.1021,0.0],[-88.3562,64.1021,4.8374],[-88.3521,64.1,0.0],[-88.3401,64.1005,5.0338],[-88.3411,64.1036,1.745],[-88.3396,64.1042,4.3117],[-88.3292,64.1042,5.1615],[-88.325,64.1021,0.0],[-88.3187,64.1042,2.402],[-88.3146,64.1,0.0],[-88.3083,64.1021,2.7953],[-88.3,64.1021,1.0491],[-88.2984,64.1036,0.0],[-88.3083,64.1042,2.995],[-88.312,64.1068,2.4011],[-88.3104,64.1083,2.9079],[-88.3026,64.1068,0.0],[-88.3068,64.112,1.8088],[-88.312,64.113,1.3778],[-88.3104,64.1146,2.6321],[-88.3047,64.1151,1.8293],[-88.3026,64.1172,0.0],[-88.3036,64.1203,0.0],[-88.2958,64.1208,1.9757],[-88.2812,64.1167,1.6846],[-88.2734,64.1172,1.8247],[-88.2662,64.1224,2.156],[-88.2609,64.1234,2.3933],[-88.2609,64.1266,0.0],[-88.2641,64.1297,0.0],[-88.263,64.1328,0.0],[-88.2641,64.1349,0.0],[-88.2609,64.1359,0.0],[-88.262,64.1391,0.0],[-88.2458,64.1396,4.495],[-88.2417,64.1375,0.0],[-88.2401,64.1391,0.0],[-88.2432,64.1432,4.9322],[-88.2375,64.1458,0.0],[-88.2318,64.1464,1.3776],[-88.2286,64.1495,3.1261],[-88.2255,64.1495,2.5817],[-88.2261,64.1462,1.8656],[-88.2193,64.1464,1.7326],[-88.2203,64.1516,0.9357],[-88.2151,64.1547,0.0],[-88.2161,64.1578,0.0],[-88.2141,64.1599,2.5254],[-88.2042,64.1625,8.229],[-88.2,64.1604,0.0],[-88.1922,64.1609,0.0],[-88.1953,64.1661,0.0],[-88.1917,64.1687,5.1764],[-88.1583,64.1708,5.8837],[-88.1526,64.1651,6.5617],[-88.1599,64.1641,3.923],[-88.1589,64.1609,3.5306],[-88.1661,64.1599,5.6993],[-88.1682,64.1578,4.964],[-88.1682,64.1547,0.0],[-88.1641,64.1505,0.0],[-88.1542,64.15,10.8275],[-88.1396,64.1458,0.0],[-88.1333,64.1479,6.3198],[-88.1292,64.1458,0.0],[-88.1146,64.1458,5.1565],[-88.113,64.1474,2.1429],[-88.1203,64.1557,2.3469],[-88.1151,64.1557,3.1834],[-88.1104,64.1521,2.5091],[-88.1068,64.1557,2.1338],[-88.112,64.1578,2.5678],[-88.0979,64.1583,0.0],[-88.0958,64.1604,0.9209],[-88.0964,64.162,0.0],[-88.1036,64.163,3.402],[-88.112,64.1682,7.4138],[-88.1021,64.1708,0.0],[-88.0979,64.1687,0.0],[-88.0896,64.1687,0.0],[-88.0854,64.1667,0.0],[-88.0839,64.1672,0.0],[-88.0849,64.1703,0.0],[-88.0833,64.1708,2.0382],[-88.0792,64.1687,0.0],[-88.0755,64.1693,1.2611],[-88.0734,64.1713,2.8104],[-88.0745,64.1745,2.5567],[-88.0687,64.1771,2.3697],[-88.0568,64.1755,0.0],[-88.0599,64.1797,2.9364],[-88.0583,64.1813,5.4631],[-88.0526,64.1807,2.2466],[-88.0479,64.1771,0.0],[-88.0401,64.1776,2.9852],[-88.0432,64.1828,2.6132],[-88.0401,64.1849,4.1998],[-88.0474,64.1859,3.298],[-88.0443,64.188,0.0],[-88.0463,64.1911,6.2887],[-88.05,64.1937,2.115],[-88.0578,64.1943,2.9316],[-88.0599,64.1974,0.0],[-88.0479,64.1979,2.4665],[-88.0437,64.1958,0.0],[-88.0255,64.1943,4.254],[-88.0286,64.1995,2.6683],[-88.0214,64.2005,0.0],[-88.0245,64.2057,2.588],[-88.013,64.2068,0.0],[-88.0182,64.2089,3.5219],[-88.0224,64.2141,0.0],[-88.0151,64.2151,2.4149],[-88.013,64.2172,0.0],[-88.0141,64.2203,0.0],[-88.0109,64.2224,2.7782],[-88.0182,64.2234,6.3256],[-88.0193,64.2266,2.9339],[-88.0276,64.2349,0.0],[-88.0411,64.2401,0.0],[-88.0401,64.2432,0.0],[-88.0516,64.2464,0.0],[-88.0599,64.2516,0.0],[-88.0542,64.2521,3.8646],[-88.05,64.25,0.0],[-88.0417,64.25,3.012],[-88.0375,64.2479,0.0],[-88.0318,64.2505,0.0],[-88.0297,64.2536,0.0],[-88.0349,64.2547,2.4303],[-88.0339,64.2578,0.0],[-88.0349,64.2599,0.0],[-88.0276,64.2609,0.0],[-88.0286,64.2641,0.0],[-88.0255,64.2651,0.0],[-88.0266,64.2724,5.3104],[-88.0193,64.2734,0.0],[-88.0172,64.2755,3.1948],[-88.0182,64.2786,0.0],[-88.0109,64.2797,0.0],[-88.0026,64.2859,0.0],[-88.0036,64.2953,4.9061],[-87.9875,64.2958,0.0],[-87.9812,64.3,4.1326],[-87.9729,64.3,5.2421],[-87.963,64.3026,0.0],[-87.9516,64.312,2.9215],[-87.9458,64.3146,1.77],[-87.9339,64.313,0.0],[-87.9318,64.3151,0.0],[-87.9328,64.3182,5.5945],[-87.9276,64.3214,0.0],[-87.9286,64.3245,4.7153],[-87.9229,64.3271,7.6987],[-87.9187,64.325,0.0],[-87.9062,64.3292,5.3836],[-87.9021,64.3271,1.251],[-87.8943,64.3276,0.0],[-87.8953,64.3307,0.0],[-87.8943,64.3328,0.0],[-87.8995,64.3349,0.0],[-87.8938,64.3354,0.0],[-87.8922,64.337,0.0],[-87.8974,64.3432,0.0],[-87.8917,64.3458,0.0],[-87.8859,64.3443,0.0],[-87.887,64.3495,0.0],[-87.8849,64.3516,0.0],[-87.8792,64.3542,5.7948],[-87.8693,64.3547,0.0],[-87.8599,64.3662,0.0],[-87.8536,64.3703,0.0],[-87.8464,64.3714,0.0],[-87.8495,64.3766,0.0],[-87.8443,64.3797,0.0],[-87.8453,64.3828,3.8428],[-87.8422,64.3839,0.0],[-87.8453,64.388,0.0],[-87.8443,64.3912,0.0],[-87.8516,64.4005,0.0],[-87.8505,64.4036,0.0],[-87.8526,64.4078,0.0],[-87.862,64.4182,0.0],[-87.8521,64.4208,0.0],[-87.8437,64.4208,0.0],[-87.8359,64.4255,0.0],[-87.838,64.4287,0.0],[-87.8432,64.4297,0.0],[-87.8495,64.4359,3.5225],[-87.8479,64.4375,0.0],[-87.8422,64.438,0.0],[-87.8443,64.4411,0.0],[-87.8495,64.4422,3.2658],[-87.8484,64.4453,0.0],[-87.8495,64.4474,2.1306],[-87.8443,64.4505,0.0],[-87.8474,64.4557,3.445],[-87.8422,64.4589,4.032],[-87.8474,64.4609,0.0],[-87.8453,64.4641,0.0],[-87.8328,64.4724,0.0],[-87.8255,64.4734,0.0],[-87.8266,64.4766,0.0],[-87.8234,64.4766,0.0],[-87.8187,64.4729,0.0],[-87.812,64.4807,0.0],[-87.8078,64.4828,0.0],[-87.8021,64.4812,0.0],[-87.7943,64.4818,0.0],[-87.7984,64.487,0.0],[-87.8063,64.4875,0.0],[-87.8099,64.4901,0.0],[-87.8005,64.5047,1.1511],[-87.8016,64.5078,4.2045],[-87.7937,64.5083,2.5136],[-87.7896,64.5062,1.4719],[-87.7854,64.5083,2.8949],[-87.7729,64.5083,0.0],[-87.7708,64.5104,0.0],[-87.7724,64.5141,2.9591],[-87.7662,64.5182,0.0],[-87.75,64.5229,3.3892],[-87.7417,64.5229,0.0],[-87.7375,64.525,5.6268],[-87.7312,64.5229,0.0],[-87.7229,64.5229,0.0],[-87.7167,64.525,4.8441],[-87.7125,64.5229,1.401],[-87.7083,64.525,2.8119],[-87.7021,64.5229,0.0],[-87.6979,64.525,1.4736],[-87.6896,64.525,0.0],[-87.6854,64.5271,7.2795],[-87.6792,64.525,0.0],[-87.6713,64.5276,0.0],[-87.6766,64.5307,3.9831],[-87.6708,64.5333,0.0],[-87.6625,64.5333,0.0],[-87.6589,64.5359,0.0],[-87.6641,64.5432,2.8596],[-87.6578,64.5474,2.5736],[-87.6458,64.5479,3.5777],[-87.6417,64.5458,0.0],[-87.6208,64.5458,0.0],[-87.6167,64.5479,5.5038],[-87.6125,64.5458,0.0],[-87.6062,64.5458,3.5603],[-87.6047,64.5474,0.0],[-87.6078,64.5516,0.0],[-87.5875,64.5521,0.0],[-87.5776,64.5547,0.0],[-87.5745,64.5578,0.0],[-87.5672,64.5589,0.0],[-87.5682,64.562,0.0],[-87.5609,64.563,0.0],[-87.5589,64.5651,0.0],[-87.5599,64.5682,11.6809],[-87.5526,64.5693,5.3933],[-87.5495,64.5724,2.3939],[-87.5437,64.5729,0.0],[-87.538,64.5755,0.0],[-87.5417,64.5792,0.0],[-87.5599,64.5797,3.0605],[-87.5641,64.5849,2.6673],[-87.5568,64.5839,0.0],[-87.5547,64.5891,1.431],[-87.5599,64.5953,2.7528],[-87.5536,64.5995,0.0],[-87.5375,64.6,0.0],[-87.5333,64.6021,0.0],[-87.5234,64.6026,0.0],[-87.5151,64.6088,0.0],[-87.5162,64.612,0.0],[-87.513,64.613,2.8723],[-87.5146,64.6146,3.3532],[-87.525,64.6146,4.6737],[-87.5292,64.6125,11.05],[-87.5354,64.6125,10.2174],[-87.5391,64.6162,6.5103],[-87.5292,64.6188,8.7686],[-87.525,64.6167,4.2592],[-87.5188,64.6188,4.2091],[-87.5146,64.6167,0.0],[-87.5005,64.6214,0.0],[-87.5021,64.6229,0.0],[-87.5078,64.6234,3.2923],[-87.5047,64.6255,3.853],[-87.5062,64.6271,0.0],[-87.5141,64.6266,2.8579],[-87.5188,64.6229,4.7335],[-87.5354,64.6229,3.3012],[-87.537,64.6245,4.3124],[-87.5193,64.6255,2.5496],[-87.5203,64.6286,0.0],[-87.5182,64.6307,0.0],[-87.5068,64.638,5.2994],[-87.5141,64.6422,0.0],[-87.5109,64.6495,0.0],[-87.5162,64.6557,0.0],[-87.5104,64.6563,0.0],[-87.5047,64.6589,0.0],[-87.4984,64.6672,0.0],[-87.4995,64.6703,0.0],[-87.4964,64.6713,0.0],[-87.4974,64.6745,3.1242],[-87.4922,64.6787,0.0],[-87.4995,64.6859,0.0],[-87.4984,64.6911,8.1409],[-87.5047,64.6974,0.0],[-87.5099,64.6984,9.3242],[-87.5047,64.7037,0.0],[-87.5068,64.7057,0.0],[-87.5141,64.7068,9.4221],[-87.5203,64.7161,0.0],[-87.5167,64.7188,4.837],[-87.5088,64.7172,0.0],[-87.5099,64.7203,4.2821],[-87.5021,64.725,12.4452],[-87.4979,64.7229,0.0],[-87.4943,64.7234,0.0],[-87.4953,64.7266,0.0],[-87.488,64.7276,0.0],[-87.4891,64.7307,0.0],[-87.4776,64.7318,0.0],[-87.4818,64.737,0.0],[-87.4953,64.7422,4.8725],[-87.4932,64.7453,2.6299],[-87.4891,64.7474,3.1117],[-87.4859,64.7474,3.3639],[-87.4812,64.7438,3.1256],[-87.475,64.7438,4.0866],[-87.4708,64.7417,0.0],[-87.4672,64.7422,0.0],[-87.4625,64.7458,1.9848],[-87.4547,64.7453,9.9621],[-87.4578,64.7432,0.0],[-87.4568,64.7401,8.8457],[-87.462,64.737,0.0],[-87.4589,64.7328,21.1249],[-87.4599,64.7297,11.1183],[-87.4589,64.7276,6.6527],[-87.462,64.7266,2.156],[-87.4609,64.7234,6.2766],[-87.462,64.7214,7.8112],[-87.4589,64.7151,3.4094],[-87.4624,64.7125,8.0482],[-87.4724,64.712,0.0],[-87.4703,64.7089,0.0],[-87.4651,64.7078,4.8085],[-87.463,64.7057,7.0164],[-87.4661,64.7026,6.1876],[-87.4604,64.6979,0.0],[-87.4578,64.7016,2.4833],[-87.4437,64.7021,4.733],[-87.4391,64.7057,0.0],[-87.4292,64.7083,4.0978],[-87.4172,64.7078,0.0],[-87.4193,64.7047,3.5975],[-87.4224,64.7037,0.0],[-87.4208,64.7021,0.0],[-87.4047,64.7047,4.1086],[-87.4057,64.7078,0.0],[-87.4036,64.7099,0.0],[-87.3979,64.7125,0.0],[-87.3922,64.713,0.0],[-87.3953,64.7182,4.2336],[-87.388,64.7193,0.0],[-87.3859,64.7214,0.0],[-87.387,64.7245,0.0],[-87.3838,64.7255,0.0],[-87.3818,64.7286,0.0],[-87.387,64.7349,3.2963],[-87.3792,64.7396,6.3553],[-87.3755,64.7391,6.1544],[-87.3786,64.737,4.6611],[-87.3771,64.7354,2.7034],[-87.3708,64.7354,2.792],[-87.3667,64.7375,6.8987],[-87.3521,64.7375,2.5885],[-87.3505,64.7359,2.7422],[-87.3557,64.7318,0.0],[-87.3443,64.7297,2.308],[-87.3422,64.7328,0.0],[-87.3474,64.7349,3.0141],[-87.3417,64.7354,0.0],[-87.3401,64.737,0.0],[-87.3453,64.7432,2.5596],[-87.3422,64.7443,0.0],[-87.3432,64.7474,3.5409],[-87.338,64.7505,0.0],[-87.3391,64.7536,1.942],[-87.3339,64.7568,0.0],[-87.3391,64.7641,0.0],[-87.3271,64.7688,0.0],[-87.3213,64.7693,6.0659],[-87.3146,64.7729,9.572],[-87.3089,64.7672,11.6611],[-87.3161,64.7662,9.4593],[-87.3224,64.762,9.5446],[-87.3213,64.7589,13.2677],[-87.3287,64.7578,4.5403],[-87.3307,64.7557,3.7404],[-87.3266,64.7505,3.9531],[-87.3213,64.7495,5.9765],[-87.3245,64.7464,1.9727],[-87.3146,64.7438,1.8957],[-87.313,64.7443,0.0],[-87.3141,64.7474,4.9216],[-87.3063,64.7479,3.7464],[-87.3,64.7438,2.9657],[-87.2911,64.7495,0.0],[-87.2839,64.7505,0.0],[-87.2849,64.7536,0.0],[-87.2839,64.7557,0.0],[-87.2891,64.763,3.3747],[-87.288,64.7662,0.0],[-87.2891,64.7682,2.5046],[-87.2859,64.7703,0.0],[-87.2932,64.7714,8.7389],[-87.2901,64.7745,0.0],[-87.2995,64.7839,0.0],[-87.3016,64.788,0.0],[-87.3,64.7896,0.0],[-87.2917,64.7896,0.0],[-87.2901,64.7911,0.0],[-87.3021,64.7917,0.0],[-87.3083,64.7896,4.141],[-87.3104,64.7917,3.7615],[-87.3057,64.7995,4.143],[-87.2963,64.7974,4.2092],[-87.2974,64.7943,0.0],[-87.2958,64.7937,0.0],[-87.2901,64.7963,5.0647],[-87.2859,64.8005,0.0],[-87.2859,64.8037,4.3473],[-87.2932,64.8047,10.2434],[-87.2901,64.8078,4.5331],[-87.2953,64.8089,7.8632],[-87.3005,64.8141,7.9049],[-87.3057,64.8151,10.4587],[-87.3047,64.8182,9.9355],[-87.3068,64.8203,9.9514],[-87.312,64.8214,13.3421],[-87.3109,64.8245,10.1509],[-87.312,64.8266,10.0086],[-87.3042,64.8271,9.6608],[-87.3,64.825,9.932],[-87.2896,64.8313,10.7886],[-87.2818,64.8307,10.0177],[-87.2828,64.8276,6.1466],[-87.2776,64.8255,6.6133],[-87.2849,64.8245,5.7069],[-87.2932,64.8182,7.1288],[-87.2911,64.813,7.8899],[-87.2833,64.8063,0.0],[-87.2755,64.8068,0.0],[-87.2734,64.8089,0.0],[-87.2745,64.812,1.7956],[-87.2688,64.8125,0.0],[-87.263,64.8151,0.0],[-87.2703,64.8182,0.0],[-87.2646,64.8208,0.0],[-87.2588,64.8214,0.0],[-87.2599,64.8287,5.4188],[-87.2568,64.8307,0.0],[-87.262,64.8318,0.0],[-87.2609,64.8349,0.0],[-87.262,64.837,1.8935],[-87.2526,64.8401,0.0],[-87.2505,64.8443,1.5276],[-87.2516,64.8474,0.0],[-87.2484,64.8484,0.0],[-87.25,64.85,0.0],[-87.2557,64.8505,5.3619],[-87.2505,64.8557,0.0],[-87.2557,64.8578,4.0296],[-87.238,64.8588,1.0],[-87.2411,64.863,1.8205],[-87.2401,64.8662,1.9647],[-87.2432,64.8703,3.8553],[-87.2359,64.8714,2.7001],[-87.237,64.8745,3.3371],[-87.2354,64.875,2.1391],[-87.2276,64.8734,0.0],[-87.2193,64.8797,0.5],[-87.2182,64.8828,0.5],[-87.2089,64.8859,1.7028],[-87.2167,64.8896,6.3087],[-87.2229,64.8875,7.734],[-87.2307,64.8901,8.3439],[-87.2328,64.8932,8.1083],[-87.2292,64.8958,8.2273],[-87.2229,64.8958,8.1985],[-87.2167,64.8917,6.3317],[-87.2047,64.8922,3.0064],[-87.213,64.8974,4.238],[-87.2208,64.9,6.6486],[-87.2292,64.9,6.7959],[-87.237,64.9026,7.5015],[-87.2359,64.9057,7.2168],[-87.237,64.9078,7.3878],[-87.2167,64.9146,7.0801],[-87.1958,64.9146,4.1942],[-87.1917,64.9125,3.5915],[-87.1875,64.9125,2.2733],[-87.1875,64.9146,2.2034],[-87.1839,64.9172,2.2914],[-87.1828,64.9203,3.2884],[-87.1771,64.9187,0.5],[-87.1672,64.9213,1.6699],[-87.1682,64.9245,3.3536],[-87.1609,64.9255,2.4523],[-87.163,64.9287,1.8181],[-87.1682,64.9297,1.8927],[-87.1703,64.9328,2.4542],[-87.1625,64.9333,2.774],[-87.1583,64.9313,1.9842],[-87.1526,64.9339,2.2081],[-87.1536,64.937,3.1573],[-87.1521,64.9375,3.0448],[-87.1464,64.937,2.8772],[-87.1474,64.9339,1.9256],[-87.1432,64.9297,0.0],[-87.1354,64.9271,2.0242],[-87.1276,64.9276,0.0],[-87.1318,64.9328,2.2336],[-87.137,64.9339,2.3437],[-87.1391,64.9359,3.2912],[-87.138,64.9391,1.0],[-87.1391,64.9411,1.9552],[-87.1354,64.9417,4.6834],[-87.1276,64.9391,1.0],[-87.1245,64.9359,2.2289],[-87.1214,64.9359,2.0049],[-87.1271,64.9437,2.9433],[-87.1245,64.9474,2.899],[-87.1182,64.9516,3.2847],[-87.1083,64.9542,3.0304],[-87.1016,64.9484,2.8225],[-87.0922,64.9484,1.0],[-87.0901,64.9516,4.3569],[-87.0953,64.9526,6.3765],[-87.0932,64.9578,5.3109],[-87.0854,64.9604,4.3282],[-87.0792,64.9604,4.6832],[-87.0755,64.9578,3.7117],[-87.0839,64.9505,5.036],[-87.087,64.9495,3.251],[-87.0792,64.9458,1.842],[-87.0713,64.9464,0.0],[-87.0724,64.9495,0.5],[-87.0708,64.95,0.5],[-87.0672,64.9495,2.762],[-87.0646,64.9458,0.0],[-87.0568,64.9464,0.0],[-87.0526,64.9484,0.0],[-87.0557,64.9537,0.0],[-87.0521,64.9563,1.5118],[-87.0458,64.9563,2.9905],[-87.0417,64.9542,0.0],[-87.0312,64.9542,0.0],[-87.0271,64.9563,0.0],[-87.0229,64.9542,0.0],[-87.0151,64.9547,0.0],[-87.0193,64.962,0.0],[-87.0266,64.963,0.0],[-87.0312,64.9667,4.9819],[-87.037,64.9661,2.0809],[-87.0318,64.9641,2.0129],[-87.0333,64.9625,3.4374],[-87.0375,64.9625,2.8754],[-87.0417,64.9604,4.7776],[-87.0536,64.9609,5.9811],[-87.062,64.9693,3.7778],[-87.0589,64.9724,3.3546],[-87.063,64.9766,0.0],[-87.0682,64.9776,0.0],[-87.0672,64.9807,0.0],[-87.0766,64.9818,4.779],[-87.0807,64.9859,5.5386],[-87.0792,64.9875,3.3117],[-87.0693,64.988,0.0],[-87.0713,64.9912,3.4154],[-87.0937,64.9917,3.3592],[-87.0979,64.9938,5.7848],[-87.1042,64.9938,1.6527],[-87.1057,64.9922,2.2623],[-87.1005,64.9912,3.4158],[-87.1016,64.988,4.8257],[-87.1,64.9875,4.537],[-87.0958,64.9896,4.4635],[-87.0859,64.987,5.4605],[-87.0839,64.9828,5.4132],[-87.0891,64.9807,5.6556],[-87.0901,64.9776,7.1566],[-87.0937,64.975,5.2308],[-87.1,64.975,6.2702],[-87.1047,64.9786,5.4836],[-87.1099,64.9797,7.2909],[-87.1005,64.9849,5.0851],[-87.1146,64.9854,7.5343],[-87.1188,64.9875,5.5045],[-87.1245,64.987,4.7107],[-87.1224,64.9818,4.0884],[-87.1141,64.9734,3.5453],[-87.1042,64.9729,4.8729],[-87.1005,64.9703,3.8379],[-87.112,64.9661,4.0258],[-87.1088,64.9609,3.3564],[-87.1167,64.9604,4.0172],[-87.1224,64.9651,10.8422],[-87.1214,64.9703,3.6457],[-87.1266,64.9714,4.0884],[-87.1255,64.9745,4.0335],[-87.1276,64.9766,4.0316],[-87.1328,64.9776,4.2946],[-87.1297,64.9797,3.9399],[-87.1307,64.9828,4.1862],[-87.1297,64.9849,3.7767],[-87.1349,64.9912,4.1561],[-87.1292,64.9938,4.9124],[-87.1172,64.9922,3.3253],[-87.1224,64.9984,4.6108],[-87.1193,65.0016,0.0],[-87.1245,65.0026,3.3607],[-87.1229,65.0042,2.1464],[-87.1146,65.0042,0.0],[-87.1104,65.0062,4.9253],[-87.1062,65.0042,1.5149],[-87.0958,65.0042,3.1506],[-87.0917,65.0062,0.0],[-87.0854,65.0062,2.383],[-87.0729,65.0021,0.0],[-87.0713,65.0036,0.0],[-87.0766,65.0099,9.4647],[-87.0651,65.0109,0.0],[-87.0672,65.0141,0.0],[-87.0724,65.0151,4.2409],[-87.0745,65.0172,4.4078],[-87.0682,65.0224,2.891],[-87.0563,65.0229,6.4991],[-87.05,65.0188,3.8926],[-87.0479,65.0208,5.4335],[-87.0495,65.0245,0.0],[-87.0401,65.0276,0.0],[-87.0411,65.0307,2.8448],[-87.0312,65.0333,0.0],[-87.0229,65.0333,0.0],[-87.0188,65.0354,0.0],[-87.0104,65.0354,0.0],[-87.0088,65.0359,0.0],[-87.0099,65.0391,1.6278],[-87.0083,65.0396,1.748],[-87.0021,65.0396,1.4201],[-86.9917,65.0354,0.0],[-86.9854,65.0354,0.0],[-86.9797,65.0391,0.0],[-86.9854,65.0396,1.6012],[-86.987,65.0411,1.7877],[-86.9729,65.0437,0.0],[-86.9672,65.0463,0.0],[-86.9703,65.0505,3.1744],[-86.9693,65.0537,2.2214],[-86.9766,65.0578,2.2974],[-86.9672,65.0641,0.0],[-86.9854,65.0625,4.7697],[-86.9891,65.0651,3.3871],[-86.9833,65.0687,3.7103],[-86.9714,65.0672,0.0],[-86.9693,65.0703,0.0],[-86.9724,65.0745,3.787],[-86.9693,65.0766,2.1005],[-86.9771,65.0771,2.7982],[-86.9812,65.075,7.0591],[-86.9875,65.0771,2.6126],[-86.9979,65.0729,5.5608],[-87.0036,65.0724,4.8097],[-87.0078,65.0703,6.1945],[-87.0099,65.0672,4.5032],[-87.0026,65.063,4.551],[-87.0083,65.0604,3.6641],[-87.0125,65.0604,3.7515],[-87.0182,65.0651,5.2235],[-87.0167,65.0687,4.8972],[-87.0203,65.0734,4.6418],[-87.0188,65.075,6.0316],[-87.013,65.0755,3.5641],[-87.0162,65.0807,5.468],[-87.0083,65.0813,5.9424],[-87.0057,65.0776,4.9776],[-87.0021,65.0771,8.6622],[-86.9922,65.0807,6.3324],[-87.0083,65.0833,7.0087],[-87.0146,65.0875,6.5589],[-87.0245,65.088,3.7143],[-87.0214,65.0901,4.027],[-87.0224,65.0932,5.7723],[-87.0146,65.0938,8.8722],[-87.0104,65.0896,4.914],[-87.0062,65.0896,5.2644],[-87.0021,65.0875,3.0807],[-86.9964,65.088,3.3529],[-86.9974,65.0932,0.9306],[-86.9964,65.0953,1.1325],[-86.9995,65.0995,2.7685],[-86.9917,65.1,5.9937],[-86.9875,65.0979,1.5458],[-86.9812,65.1,1.9447],[-86.9755,65.0984,2.2676],[-86.9797,65.1036,5.8773],[-86.9849,65.1047,3.2289],[-86.987,65.1068,1.5],[-86.9854,65.1083,1.5],[-86.9797,65.1088,0.5184],[-86.9828,65.1141,1.457],[-86.9646,65.1146,6.2591],[-86.9589,65.113,0.0],[-86.962,65.1182,4.8175],[-86.9547,65.1193,3.4931],[-86.9495,65.1224,1.5956],[-86.9422,65.1234,2.2398],[-86.9401,65.1255,4.722],[-86.9417,65.1271,0.0],[-86.9542,65.1271,1.8916],[-86.9557,65.1286,6.982],[-86.95,65.1312,3.5393],[-86.9458,65.1292,0.0],[-86.9354,65.1292,0.0],[-86.9339,65.1297,0.0],[-86.9349,65.1328,2.0277],[-86.9307,65.1349,3.9027],[-86.925,65.1333,1.8618],[-86.9193,65.1359,0.0],[-86.9213,65.1391,2.8944],[-86.9411,65.1443,2.1483],[-86.937,65.1474,2.7579],[-86.9297,65.1484,0.0],[-86.9276,65.1516,0.0],[-86.9297,65.1536,6.0643],[-86.9375,65.1563,0.0],[-86.9474,65.1568,0.0],[-86.9458,65.1583,0.0],[-86.9318,65.1609,2.1221],[-86.9297,65.1641,4.4402],[-86.9349,65.1661,2.8908],[-86.9318,65.1682,8.3974],[-86.9458,65.1687,4.5814],[-86.95,65.1708,5.9951],[-86.9599,65.1713,3.4117],[-86.9589,65.1745,0.9609],[-86.9609,65.1787,1.2926],[-86.9682,65.1797,6.5989],[-86.9714,65.1828,0.0],[-87.0,65.1833,0.9325],[-87.0042,65.1854,0.0],[-87.0104,65.1854,0.8841],[-87.0146,65.1833,14.6645],[-87.0182,65.187,2.4207],[-87.0109,65.188,3.0348],[-87.0146,65.1917,2.0751],[-87.0203,65.1891,5.0322],[-87.0224,65.187,3.8532],[-87.0214,65.1839,0.0],[-87.0229,65.1833,3.6519],[-87.0271,65.1833,4.4795],[-87.0312,65.1813,6.5495],[-87.0375,65.1833,5.0672],[-87.0417,65.1813,8.7388],[-87.0495,65.1818,7.2715],[-87.0463,65.1839,6.7209],[-87.0495,65.188,6.848],[-87.0474,65.1911,6.431],[-87.0437,65.1917,6.9998],[-87.0396,65.1896,6.6695],[-87.0328,65.1932,5.3132],[-87.0255,65.1943,3.9749],[-87.0271,65.1958,3.6762],[-87.0328,65.1964,2.1347],[-87.0349,65.1984,2.8335],[-87.0297,65.2037,0.0],[-87.0349,65.2047,0.0],[-87.037,65.2078,1.9153],[-87.0312,65.2104,5.1775],[-87.0271,65.2083,0.0],[-87.0229,65.2104,0.0],[-87.0026,65.2109,1.2267],[-87.0068,65.2182,5.7281],[-87.0182,65.2193,4.043],[-87.0224,65.2234,2.7257],[-87.013,65.2297,0.0],[-87.0141,65.2328,0.0],[-87.0068,65.2338,0.0],[-87.0088,65.237,3.6337],[-87.0271,65.2375,6.8461],[-87.0312,65.2354,9.9759],[-87.0375,65.2354,10.2945],[-87.0521,65.2396,0.0],[-87.0604,65.2396,1.5782],[-87.0646,65.2417,1.1442],[-87.0687,65.2396,1.8586],[-87.0807,65.2391,1.8431],[-87.0828,65.237,0.0],[-87.0818,65.2338,4.8456],[-87.0896,65.2333,2.3578],[-87.0974,65.2401,4.241],[-87.0943,65.2422,0.0],[-87.0958,65.2438,0.0],[-87.1188,65.2438,3.3183],[-87.1229,65.2458,2.4024],[-87.1312,65.2458,12.149],[-87.1354,65.2479,0.0],[-87.1396,65.2458,0.0],[-87.1458,65.2458,1.6516],[-87.1474,65.2474,1.85],[-87.1443,65.2495,0.0],[-87.1464,65.2516,6.1503],[-87.1562,65.2521,0.0],[-87.1604,65.2542,0.0],[-87.1687,65.25,28.742],[-87.1729,65.2521,11.0886],[-87.1813,65.2521,12.209],[-87.1854,65.2542,0.0],[-87.1917,65.2521,10.9482],[-87.1979,65.2562,0.0],[-87.2208,65.2562,12.1712],[-87.2224,65.2578,0.0],[-87.2193,65.2599,0.0],[-87.2208,65.2604,0.0],[-87.2333,65.2604,18.2458],[-87.2375,65.2625,26.057],[-87.2458,65.2625,23.3647],[-87.25,65.2646,3.3925],[-87.2583,65.2646,6.163],[-87.2625,65.2667,0.0],[-87.2833,65.2667,10.5666],[-87.2875,65.2688,1.7398],[-87.3042,65.2688,0.0],[-87.3083,65.2667,25.0607],[-87.3099,65.2672,20.1729],[-87.3089,65.2703,0.0],[-87.3104,65.2708,0.0],[-87.3146,65.2688,3.1014],[-87.3208,65.2708,0.0],[-87.325,65.2688,33.8199],[-87.3354,65.2688,40.0688],[-87.3417,65.2708,0.0],[-87.3458,65.2688,31.9435],[-87.35,65.2688,29.4865],[-87.3562,65.2708,11.9483],[-87.3604,65.2688,34.6611],[-87.3708,65.2688,23.0033],[-87.3812,65.2729,6.0827],[-87.3896,65.2729,1.1339],[-87.3938,65.275,1.5656],[-87.4167,65.275,32.0475],[-87.4208,65.2771,6.3473],[-87.4333,65.2771,20.142],[-87.4375,65.2792,0.0],[-87.4417,65.2771,24.5414],[-87.4521,65.2771,16.276],[-87.4563,65.275,48.9029],[-87.4833,65.2771,38.7068],[-87.4875,65.2792,0.0],[-87.4958,65.275,46.4636],[-87.5,65.2771,0.0],[-87.5062,65.275,60.6672],[-87.5167,65.275,71.2346],[-87.5208,65.2771,6.167],[-87.525,65.275,73.9442],[-87.5292,65.2771,0.0],[-87.5354,65.2771,0.0],[-87.5396,65.275,54.8412],[-87.55,65.275,34.4216],[-87.5542,65.2771,0.0],[-87.5604,65.275,0.0],[-87.5682,65.2755,0.0],[-87.5667,65.2771,0.0],[-87.5526,65.2797,0.0],[-87.5604,65.2833,1.9151],[-87.5661,65.2839,11.9868],[-87.5646,65.2854,5.604],[-87.5484,65.2859,0.0],[-87.5542,65.2917,14.1355],[-87.5687,65.2917,26.3741],[-87.5729,65.2896,29.7247],[-87.5833,65.2917,12.9073],[-87.5875,65.2896,20.8009],[-87.6042,65.2896,19.7401],[-87.6167,65.2937,0.0],[-87.6208,65.2917,14.0649],[-87.65,65.2917,19.1291],[-87.6542,65.2896,46.2083],[-87.6583,65.2917,0.0],[-87.6646,65.2917,0.0],[-87.6708,65.2875,51.7268],[-87.6771,65.2896,28.4944],[-87.6896,65.2854,0.0],[-87.6937,65.2875,0.0],[-87.7063,65.2875,48.0021],[-87.7104,65.2896,0.0],[-87.7271,65.2875,55.7875],[-87.7312,65.2896,0.0],[-87.7375,65.2875,45.3451],[-87.7417,65.2896,0.0],[-87.7536,65.2849,0.0],[-87.7516,65.2797,12.8395],[-87.7474,65.2755,0.0],[-87.7375,65.275,11.3817],[-87.7271,65.2708,0.0],[-87.7187,65.2708,6.3338],[-87.7109,65.2682,0.0],[-87.712,65.2651,0.0],[-87.7104,65.2646,0.0],[-87.7042,65.2667,3.9778],[-87.6963,65.2641,0.0],[-87.6974,65.2609,0.0],[-87.6922,65.2599,0.0],[-87.6901,65.2578,0.0],[-87.6937,65.2562,0.0],[-87.6979,65.2583,0.0],[-87.7104,65.2583,56.6352],[-87.725,65.2625,0.0],[-87.7458,65.2646,12.4709],[-87.7562,65.2688,0.0],[-87.7604,65.2667,43.5352],[-87.7667,65.2667,39.9904],[-87.7708,65.2688,9.0149],[-87.7896,65.2688,44.7949],[-87.7943,65.2724,0.0],[-87.7995,65.2734,0.0],[-87.8083,65.2813,16.8215],[-87.8146,65.2813,0.0],[-87.8187,65.2792,25.9097],[-87.8229,65.2813,0.0],[-87.8245,65.2807,0.0],[-87.8234,65.2776,23.2547],[-87.8354,65.275,20.5755],[-87.8401,65.2786,2.1425],[-87.8479,65.2813,0.0],[-87.8646,65.2813,2.3054],[-87.8708,65.2833,0.0],[-87.875,65.2813,41.4618],[-87.8812,65.2833,21.8772],[-87.8828,65.2828,46.6964],[-87.8818,65.2797,79.3698],[-87.8833,65.2792,73.0004],[-87.8938,65.2833,30.187],[-87.9,65.2833,5.4883],[-87.9182,65.2786,0.0],[-87.9229,65.275,48.7359],[-87.9292,65.2771,0.0],[-87.9354,65.275,22.55],[-87.9396,65.2771,0.0],[-87.9437,65.275,53.6665],[-87.9563,65.2792,5.3852],[-87.9641,65.2797,29.5221],[-87.9687,65.2833,0.0],[-87.975,65.2813,31.6038],[-87.9792,65.2833,6.7404],[-87.9854,65.2833,21.3058],[-87.9953,65.2807,21.9299],[-87.9988,65.2775,15.5153],[-88.0057,65.2766,0.0],[-88.0047,65.2734,2.5361],[-88.0068,65.2714,7.5648],[-88.0141,65.2703,0.0],[-88.013,65.2672,0.0],[-88.0182,65.2641,17.3554],[-88.0162,65.2609,0.0],[-88.0109,65.2599,0.0],[-88.0016,65.2505,0.0],[-87.9964,65.2495,0.0],[-87.9974,65.2464,0.0],[-87.9922,65.2453,0.0],[-87.9932,65.2401,0.0],[-87.9859,65.2391,9.5098],[-87.9838,65.237,0.0],[-87.987,65.2349,0.0],[-87.9859,65.2318,3.2467],[-87.9979,65.2312,18.5165],[-88.0078,65.2359,3.3712],[-88.0026,65.2412,0.0],[-88.0162,65.2443,8.0088],[-88.013,65.2464,0.0],[-88.0146,65.2479,0.0],[-88.0224,65.2464,10.0765],[-88.0245,65.2484,2.3324],[-88.0234,65.2516,0.0],[-88.0328,65.2526,1.7166],[-88.0443,65.2641,0.0],[-88.0578,65.2672,0.0],[-88.0651,65.2745,0.0],[-88.0792,65.275,27.1906],[-88.0833,65.2771,15.8293],[-88.1,65.2771,28.8664],[-88.1042,65.2792,5.7339],[-88.1104,65.2771,40.8106],[-88.1146,65.2792,23.9378],[-88.125,65.2792,17.9404],[-88.1292,65.2771,64.1107],[-88.1354,65.2771,62.8302],[-88.1396,65.2792,56.4279],[-88.15,65.2792,41.6247],[-88.1562,65.2771,43.2001],[-88.1604,65.2792,12.5621],[-88.1729,65.2792,26.3764],[-88.1771,65.2813,15.6615],[-88.2042,65.2813,29.1863],[-88.2083,65.2833,0.0],[-88.225,65.2833,0.0],[-88.2292,65.2813,20.7121],[-88.2333,65.2833,3.3333],[-88.2646,65.2833,0.0],[-88.2662,65.2828,0.0],[-88.2651,65.2797,7.0543],[-88.2667,65.2792,10.9251],[-88.2875,65.2792,22.3329],[-88.2917,65.2813,0.0],[-88.3063,65.2813,0.0],[-88.3078,65.2807,0.0],[-88.3068,65.2776,4.95],[-88.3083,65.2771,1.0206],[-88.3292,65.2771,2.4259],[-88.3328,65.2797,1.9309],[-88.3318,65.2828,0.0],[-88.3333,65.2833,0.0],[-88.3396,65.2813,4.3852],[-88.3437,65.2833,3.0897],[-88.3562,65.2833,24.7805],[-88.3604,65.2854,0.0],[-88.3875,65.2854,35.4357],[-88.3917,65.2875,11.6648],[-88.4042,65.2875,43.6273],[-88.4083,65.2896,8.31],[-88.4167,65.2896,35.3394],[-88.4208,65.2917,19.1166],[-88.425,65.2896,39.2445],[-88.4375,65.2896,63.0323],[-88.4521,65.2937,17.2513],[-88.4854,65.2937,67.1571],[-88.4896,65.2958,0.0],[-88.4938,65.2937,78.4908],[-88.5,65.2937,69.715],[-88.5042,65.2958,10.074],[-88.5167,65.2958,9.6633],[-88.5208,65.2979,0.0],[-88.5271,65.2958,25.7107],[-88.5396,65.2958,27.6938],[-88.5458,65.2937,47.5131],[-88.5604,65.2979,18.969],[-88.5703,65.2984,21.1838],[-88.5724,65.3005,0.0],[-88.5713,65.3037,0.0],[-88.5766,65.3047,41.044],[-88.5755,65.3078,0.0],[-88.5833,65.3104,12.3409],[-88.5917,65.3104,50.9792],[-88.5979,65.3146,0.0],[-88.6438,65.3146,7.5692],[-88.6479,65.3125,107.8978],[-88.6542,65.3125,94.6066],[-88.6583,65.3146,14.0315],[-88.6687,65.3146,27.189],[-88.6729,65.3125,93.8197],[-88.6792,65.3146,31.4857],[-88.6833,65.3125,102.7804],[-88.6875,65.3146,33.607],[-88.6958,65.3146,52.3922],[-88.7,65.3167,18.6137],[-88.7146,65.3167,25.9414],[-88.7187,65.3146,85.8109],[-88.725,65.3146,60.8894],[-88.7292,65.3167,17.9117],[-88.7375,65.3167,54.6427],[-88.7417,65.3187,20.0455],[-88.75,65.3187,26.0019],[-88.7542,65.3208,0.0],[-88.7599,65.3203,4.815],[-88.7588,65.3172,67.6758],[-88.7625,65.3167,71.8372],[-88.7667,65.3187,31.5244],[-88.775,65.3187,58.9997],[-88.7792,65.3208,5.0989],[-88.7937,65.3208,17.2316],[-88.7979,65.3187,76.9566],[-88.8042,65.3187,84.7862],[-88.8083,65.3208,41.0561],[-88.8292,65.3208,71.9181],[-88.8333,65.3187,119.2913],[-88.8375,65.3208,61.2922],[-88.8479,65.3208,39.1465],[-88.8542,65.3187,126.7949],[-88.8583,65.3208,31.2098],[-88.8667,65.3208,25.535],[-88.8708,65.3229,0.0],[-88.8755,65.3193,65.5566],[-88.8792,65.3187,92.6963],[-88.8833,65.3208,8.8005],[-88.8958,65.3208,12.995],[-88.9,65.3229,1.5698],[-88.9203,65.3234,14.5517],[-88.9286,65.3287,4.0649],[-88.9104,65.3292,8.0776],[-88.9062,65.3271,2.0724],[-88.9047,65.3287,1.7675],[-88.9146,65.3333,5.3619],[-88.9229,65.3333,10.1405],[-88.9271,65.3354,8.0614],[-88.9417,65.3333,8.646],[-88.9479,65.3292,12.7723],[-88.9542,65.3292,16.9838],[-88.9583,65.3313,11.7093],[-88.9812,65.3313,0.0],[-88.9854,65.3333,0.0],[-88.987,65.3328,0.0],[-88.9859,65.3297,0.0],[-88.9958,65.3292,0.0],[-89.0042,65.325,15.8737],[-89.0104,65.3271,0.0],[-89.0208,65.3229,3.7235],[-89.0271,65.325,0.0],[-89.0333,65.3229,6.7887],[-89.0437,65.3271,0.0],[-89.0536,65.3276,9.3507],[-89.0505,65.3297,0.0],[-89.0526,65.3328,0.0],[-89.0625,65.3354,1.1234],[-89.0708,65.3354,13.4627],[-89.0787,65.338,11.1499],[-89.0776,65.3411,0.8327],[-89.0828,65.3432,6.0038],[-89.0771,65.3438,0.0],[-89.0755,65.3453,0.0],[-89.088,65.3578,0.0],[-89.0932,65.3589,0.0],[-89.0953,65.3609,6.258],[-89.0943,65.3641,0.0],[-89.0995,65.3651,13.1721],[-89.1016,65.3672,17.4573],[-89.1005,65.3703,0.0],[-89.1104,65.3708,30.6743],[-89.1146,65.3729,30.7306],[-89.1286,65.3734,86.9186],[-89.1276,65.3766,6.716],[-89.1349,65.3839,8.0044],[-89.1318,65.3859,0.0],[-89.1328,65.3891,1.9906],[-89.1276,65.3922,0.0],[-89.1307,65.3974,0.4959],[-89.1276,65.4016,0.0],[-89.1297,65.4036,0.0],[-89.1349,65.4047,3.6018],[-89.1318,65.412,1.3623],[-89.137,65.413,1.3427],[-89.1422,65.4182,2.2716],[-89.1536,65.4193,0.0],[-89.1484,65.4245,1.1999],[-89.1557,65.4255,21.4632],[-89.1599,65.4297,10.5664],[-89.1568,65.4328,0.0],[-89.1641,65.4339,26.961],[-89.1609,65.4359,0.0],[-89.163,65.4391,0.0],[-89.1729,65.4417,24.9147],[-89.1813,65.4417,161.8123],[-89.1854,65.4437,56.7999],[-89.2,65.4437,207.908],[-89.2042,65.4417,268.8647],[-89.2104,65.4417,235.2039],[-89.2151,65.4453,79.026],[-89.2224,65.4464,12.2111],[-89.2193,65.4484,0.0],[-89.2203,65.4516,16.6473],[-89.2193,65.4537,1.6597],[-89.2271,65.4521,7.4026],[-89.2333,65.4563,15.1548],[-89.2521,65.4583,76.0291],[-89.2609,65.4661,0.0],[-89.2708,65.4667,128.9533],[-89.2755,65.4703,54.4532],[-89.2891,65.4734,0.0],[-89.2937,65.4771,103.7704],[-89.3063,65.4771,213.6028],[-89.313,65.4828,17.2213],[-89.3391,65.488,16.2514],[-89.3411,65.4912,13.6898],[-89.338,65.4932,0.0],[-89.3495,65.4943,8.2202],[-89.3422,65.4974,0.0],[-89.3458,65.5,0.0],[-89.3557,65.5005,7.0275],[-89.362,65.5068,6.5053],[-89.3609,65.5099,5.6077],[-89.3661,65.5109,10.673],[-89.3724,65.5172,0.0],[-89.3714,65.5203,0.0],[-89.3734,65.5224,0.0],[-89.3974,65.5255,267.5647],[-89.3995,65.5286,34.1325],[-89.3901,65.5276,17.0246],[-89.3953,65.5349,36.9226],[-89.3838,65.5432,0.0],[-89.3938,65.5458,43.9944],[-89.3979,65.5437,257.5564],[-89.4016,65.5443,271.2043],[-89.4068,65.5495,97.4066],[-89.412,65.5505,116.2709],[-89.4234,65.5578,0.0],[-89.4307,65.5589,23.5214],[-89.4255,65.5641,0.0],[-89.4276,65.5661,0.0],[-89.4349,65.5672,27.738],[-89.4307,65.5703,0.0],[-89.4234,65.5714,0.0],[-89.4182,65.5766,0.0],[-89.4151,65.5776,0.0],[-89.4167,65.5792,0.0],[-89.4224,65.5797,64.4773],[-89.4172,65.5849,0.0],[-89.4224,65.5859,81.715],[-89.4213,65.5891,8.6736],[-89.4266,65.5943,72.871],[-89.4234,65.5964,0.0],[-89.4255,65.5995,0.0],[-89.4563,65.6042,67.3677],[-89.4609,65.6078,37.5505],[-89.4687,65.6104,27.1384],[-89.4812,65.6104,100.1252],[-89.4854,65.6125,8.607],[-89.4938,65.6125,69.3367],[-89.4974,65.6151,0.0],[-89.4964,65.6224,22.6233],[-89.5104,65.6229,30.7191],[-89.5151,65.6266,16.154],[-89.5286,65.6297,38.0726],[-89.5318,65.6328,12.6819],[-89.5396,65.6354,0.0],[-89.5583,65.6354,4.4067],[-89.5687,65.6396,0.0],[-89.5745,65.6401,5.6825],[-89.5787,65.6443,2.5707],[-89.5755,65.6474,0.8426],[-89.5911,65.6526,75.1594],[-89.588,65.6578,0.0],[-89.5953,65.6651,23.8904],[-89.5922,65.6682,0.0],[-89.5964,65.6724,0.0],[-89.6062,65.675,18.3753],[-89.6146,65.675,12.7811],[-89.6203,65.6797,0.0],[-89.6151,65.6849,0.0],[-89.6172,65.687,0.0],[-89.6245,65.688,59.6576],[-89.6214,65.6911,0.0],[-89.6312,65.6937,26.9091],[-89.6396,65.6937,134.3854],[-89.6443,65.6974,0.0],[-89.6521,65.7,32.3039],[-89.6604,65.7,160.4995],[-89.6682,65.7026,82.3403],[-89.6672,65.7057,10.338],[-89.675,65.7083,0.0],[-89.6849,65.7089,112.5316],[-89.6839,65.712,16.1847],[-89.6896,65.7167,31.8646],[-89.6979,65.7167,22.5052],[-89.7026,65.7203,18.9511],[-89.7104,65.7229,0.0],[-89.7328,65.7255,44.3601],[-89.7438,65.7354,52.9857],[-89.7479,65.7354,52.8417],[-89.7583,65.7396,0.0],[-89.7875,65.7396,5.5038],[-89.7953,65.7422,0.0],[-89.7943,65.7453,0.0],[-89.8016,65.7464,0.0],[-89.8036,65.7484,0.0],[-89.8005,65.7516,0.0],[-89.8078,65.7526,0.0],[-89.8047,65.7557,0.0],[-89.8083,65.7583,0.0],[-89.8125,65.7583,4.4553],[-89.8167,65.7604,0.0],[-89.8292,65.7604,2.4945],[-89.8333,65.7625,0.0],[-89.8396,65.7604,0.0],[-89.85,65.7604,6.6976],[-89.8578,65.763,2.117],[-89.8568,65.7662,0.0],[-89.8583,65.7667,0.0],[-89.8667,65.7667,0.0],[-89.8854,65.7729,0.0],[-89.8917,65.7708,20.8671],[-89.8979,65.775,0.0],[-89.9062,65.775,2.989],[-89.9141,65.7776,0.0],[-89.9193,65.7828,0.0],[-89.9307,65.7839,8.7496],[-89.9396,65.7917,0.0],[-89.9437,65.7917,6.2297],[-89.9479,65.7937,3.4327],[-89.9563,65.7937,4.8641],[-89.9667,65.7979,0.0],[-89.975,65.7979,2.8639],[-89.9938,65.8042,2.3993],[-89.9995,65.8047,11.1588],[-89.9964,65.8068,0.0],[-89.9979,65.8083,0.0],[-90.0188,65.8104,37.9541],[-90.0229,65.8125,0.0],[-90.0312,65.8125,22.1553],[-90.0354,65.8146,0.0],[-90.0417,65.8146,0.0],[-90.0458,65.8125,56.7796],[-90.0563,65.8125,114.7517],[-90.0604,65.8146,27.3911],[-90.0813,65.8167,17.6398],[-90.0854,65.8187,0.0],[-90.1146,65.8187,0.0],[-90.1333,65.825,0.0],[-90.1417,65.825,0.0],[-90.1547,65.8307,0.0],[-90.1771,65.8375,0.0],[-90.1958,65.8375,1.7666],[-90.2146,65.8438,0.0],[-90.2271,65.8438,0.0],[-90.2286,65.8443,0.0],[-90.2276,65.8474,0.0],[-90.2292,65.8479,0.0],[-90.2375,65.8479,3.1535],[-90.2417,65.85,0.0],[-90.2542,65.85,9.4301],[-90.2604,65.8542,0.0],[-90.2667,65.8521,0.0],[-90.2708,65.8542,0.0],[-90.2896,65.8542,31.7007],[-90.2937,65.8562,21.0561],[-90.3063,65.8562,68.7872],[-90.3104,65.8583,0.0],[-90.3167,65.8562,88.3292],[-90.3229,65.8562,98.4807],[-90.3271,65.8583,5.0727],[-90.3354,65.8583,43.334],[-90.3396,65.8604,0.0],[-90.3708,65.8625,13.6818],[-90.375,65.8646,0.0],[-90.3875,65.8646,7.4653],[-90.3917,65.8667,0.0],[-90.4,65.8667,2.5528],[-90.4042,65.8688,0.0],[-90.4104,65.8688,7.0839],[-90.4146,65.8667,2.3087],[-90.4417,65.8667,74.2309],[-90.4505,65.8745,0.0],[-90.462,65.8755,29.1524],[-90.4589,65.8776,0.0],[-90.4599,65.8807,10.3502],[-90.4583,65.8812,17.7071],[-90.4542,65.8792,0.0],[-90.4463,65.8797,0.0],[-90.4505,65.8849,3.8619],[-90.4604,65.8875,2.9276],[-90.4667,65.8854,2.5333],[-90.4708,65.8875,10.9925],[-90.4938,65.8875,6.9272],[-90.4979,65.8896,0.0],[-90.5021,65.8875,38.6705],[-90.5146,65.8875,87.2432],[-90.5188,65.8896,0.0],[-90.5375,65.8896,41.4727],[-90.5417,65.8917,0.0],[-90.55,65.8875,63.5611],[-90.5625,65.8875,15.7754],[-90.5667,65.8854,18.4037],[-90.5979,65.8854,92.1098],[-90.6021,65.8875,0.0],[-90.6104,65.8875,10.8066],[-90.6146,65.8896,0.0],[-90.6188,65.8896,4.2396],[-90.6229,65.8917,0.0],[-90.6333,65.8917,0.0],[-90.6396,65.8896,51.168],[-90.6438,65.8917,8.3295],[-90.65,65.8896,102.7431],[-90.6542,65.8917,59.0582],[-90.6583,65.8896,75.954],[-90.6646,65.8896,52.4232],[-90.6687,65.8917,11.8614],[-90.675,65.8917,11.8396],[-90.6792,65.8896,90.2672],[-90.6854,65.8917,48.2217],[-90.6896,65.8896,99.8939],[-90.6958,65.8917,6.5993],[-90.7,65.8896,69.8599],[-90.7042,65.8917,0.0],[-90.7146,65.8917,0.0],[-90.7208,65.8896,20.1461],[-90.725,65.8917,1.3232],[-90.7312,65.8917,0.0],[-90.7354,65.8896,23.8608],[-90.7417,65.8896,32.5948],[-90.7604,65.8958,0.0],[-90.7688,65.8958,1.7217],[-90.7729,65.8979,0.0],[-90.7812,65.8979,9.3774],[-90.7854,65.9,0.0],[-90.7979,65.9,8.8379],[-90.8021,65.9021,0.0],[-90.8354,65.9021,32.7038],[-90.8396,65.9042,0.0],[-90.8583,65.9042,17.9155],[-90.8708,65.9083,0.0],[-90.8896,65.9083,32.9585],[-90.9,65.9125,0.0],[-90.9057,65.913,2.4911],[-90.9089,65.9161,0.0],[-90.9167,65.9187,0.0],[-90.9266,65.9193,5.0672],[-90.9255,65.9224,1.2565],[-90.9286,65.9266,-0.485],[-90.8958,65.9229,0.0],[-90.8896,65.9187,0.0],[-90.8583,65.9167,7.463],[-90.8542,65.9146,0.0],[-90.8417,65.9146,10.9782],[-90.8375,65.9125,0.0],[-90.8313,65.9125,0.0],[-90.8271,65.9146,24.1927],[-90.8229,65.9125,0.0],[-90.8167,65.9125,0.0],[-90.8021,65.9167,0.0],[-90.7937,65.9104,0.0],[-90.7896,65.9125,0.0],[-90.7583,65.9125,21.4597],[-90.7396,65.9063,0.0],[-90.7042,65.9042,0.0],[-90.7,65.9063,2.8997],[-90.6896,65.9063,15.2171],[-90.6854,65.9042,0.0],[-90.6667,65.9042,0.0],[-90.6625,65.9021,0.0],[-90.6562,65.9042,7.9578],[-90.65,65.9,0.0],[-90.6417,65.9042,0.0],[-90.6354,65.9042,0.0],[-90.6312,65.9021,0.0],[-90.6208,65.9021,0.0],[-90.6167,65.9042,22.4504],[-90.6042,65.9,0.0],[-90.5729,65.9,0.0],[-90.5667,65.9042,3.9308],[-90.5521,65.9042,0.0],[-90.5479,65.9063,6.5306],[-90.5396,65.9063,0.0],[-90.538,65.9068,0.0],[-90.5391,65.9099,0.0],[-90.5375,65.9104,0.0],[-90.5125,65.9104,0.0],[-90.5083,65.9125,41.7555],[-90.5042,65.9104,0.0],[-90.4958,65.9104,0.0],[-90.4917,65.9083,0.0],[-90.4771,65.9083,3.6355],[-90.4729,65.9063,0.0],[-90.4646,65.9063,4.4449],[-90.4604,65.9042,1.1363],[-90.4479,65.9042,2.9326],[-90.4437,65.9021,0.0],[-90.4375,65.9021,0.0],[-90.4333,65.9042,7.407],[-90.425,65.9042,0.0],[-90.4151,65.9068,0.0],[-90.4109,65.9099,8.7795],[-90.4167,65.9104,9.0212],[-90.4182,65.912,3.859],[-90.4083,65.9146,5.2376],[-90.4021,65.9146,4.2494],[-90.3979,65.9125,0.0],[-90.3771,65.9125,0.0],[-90.3729,65.9146,5.3427],[-90.3646,65.9104,0.0],[-90.3521,65.9104,0.0],[-90.3479,65.9083,0.0],[-90.3354,65.9125,0.0],[-90.3167,65.9125,0.0],[-90.3151,65.913,0.0],[-90.3161,65.9161,0.0],[-90.3083,65.9208,0.0],[-90.2812,65.9208,0.0],[-90.2771,65.9187,0.0],[-90.2708,65.9187,0.0],[-90.2667,65.9208,10.1404],[-90.2625,65.9187,0.0],[-90.2542,65.9187,0.0],[-90.2526,65.9172,0.0],[-90.2562,65.9146,0.0],[-90.2625,65.9167,0.0],[-90.2682,65.9141,0.0],[-90.2667,65.9125,0.0],[-90.2609,65.912,0.0],[-90.2625,65.9104,0.0],[-90.2688,65.9104,0.0],[-90.2766,65.913,0.0],[-90.2755,65.9161,0.0],[-90.2833,65.9167,0.0],[-90.2937,65.9104,0.0],[-90.2979,65.9125,0.0],[-90.3016,65.912,0.0],[-90.3068,65.9068,0.0],[-90.3099,65.9057,0.0],[-90.3083,65.9042,0.0],[-90.2984,65.9036,0.0],[-90.3,65.9021,0.0],[-90.3229,65.9,21.2595],[-90.3245,65.9005,0.0],[-90.3234,65.9036,0.0],[-90.325,65.9042,0.0],[-90.3349,65.9016,0.0],[-90.3417,65.8979,86.932],[-90.3458,65.9,0.0],[-90.3562,65.9,0.0],[-90.3646,65.8958,55.3463],[-90.3688,65.8979,67.7568],[-90.3812,65.8979,4.8559],[-90.3854,65.8958,16.3035],[-90.4042,65.8958,17.2559],[-90.4083,65.8938,11.3866],[-90.4182,65.8932,13.5719],[-90.4229,65.8896,50.7152],[-90.4292,65.8917,0.0],[-90.4333,65.8896,10.3677],[-90.4375,65.8896,6.7361],[-90.4453,65.8839,8.6461],[-90.4417,65.8833,0.0],[-90.4375,65.8854,0.0],[-90.4333,65.8833,0.0],[-90.425,65.8833,0.0],[-90.4203,65.8797,0.0],[-90.413,65.8786,7.7022],[-90.4161,65.8766,0.0],[-90.4146,65.875,0.0],[-90.4021,65.875,0.0],[-90.3917,65.8792,0.0],[-90.375,65.8792,12.9955],[-90.3682,65.8734,0.0],[-90.3583,65.8708,0.0],[-90.3521,65.8729,4.5707],[-90.3479,65.8708,0.0],[-90.3375,65.8708,0.0],[-90.3339,65.8734,0.0],[-90.3349,65.8766,2.4483],[-90.3307,65.8786,2.6785],[-90.3125,65.8792,4.7095],[-90.3078,65.8755,0.0],[-90.3,65.8729,0.0],[-90.2792,65.8708,0.0],[-90.2604,65.8646,0.0],[-90.25,65.8646,3.731],[-90.2438,65.8667,12.8104],[-90.2396,65.8646,4.2361],[-90.2312,65.8646,4.2319],[-90.2271,65.8625,0.0],[-90.2229,65.8646,4.3933],[-90.2167,65.8646,3.8642],[-90.2104,65.8625,0.0],[-90.2063,65.8646,4.359],[-90.2,65.8646,6.7896],[-90.1958,65.8625,0.0],[-90.1917,65.8646,15.7447],[-90.1875,65.8625,0.0],[-90.1813,65.8625,0.0],[-90.1687,65.8667,3.8786],[-90.1604,65.8667,0.0],[-90.1562,65.8688,3.6232],[-90.1521,65.8688,0.0],[-90.1432,65.8745,0.0],[-90.125,65.8771,4.6738],[-90.1188,65.8812,4.633],[-90.1125,65.8792,0.0],[-90.1005,65.8859,0.0],[-90.1036,65.8891,0.0],[-90.0917,65.8917,0.0],[-90.0839,65.8849,3.1916],[-90.0849,65.8818,0.0],[-90.0833,65.8812,0.0],[-90.0776,65.8818,12.2593],[-90.0708,65.8854,2.1893],[-90.0583,65.8812,0.0],[-90.05,65.8812,0.0],[-90.0458,65.8792,0.0],[-90.0339,65.8797,0.0],[-90.0391,65.8859,0.0],[-90.0375,65.8875,0.0],[-90.0333,65.8854,0.0],[-90.0125,65.8833,4.2011],[-90.0083,65.8812,0.0],[-90.0,65.8812,0.0],[-89.9958,65.8792,0.0],[-89.9771,65.8792,0.0],[-89.9672,65.8766,4.1887],[-89.9651,65.8734,0.0],[-89.9786,65.8724,5.9005],[-89.9729,65.8667,0.0],[-89.9563,65.8688,0.0],[-89.9437,65.8646,6.55],[-89.9167,65.8646,0.0],[-89.9062,65.8583,0.0],[-89.9005,65.8599,0.0],[-89.8922,65.8536,3.9323],[-89.8979,65.85,12.0037],[-89.912,65.8495,0.0],[-89.9042,65.8458,0.0],[-89.8964,65.8464,0.0],[-89.8875,65.8521,7.6399],[-89.8859,65.8516,9.6244],[-89.887,65.8484,0.0],[-89.8776,65.8484,0.0],[-89.8734,65.8526,13.6871],[-89.8755,65.8557,2.8975],[-89.8807,65.8568,17.1441],[-89.8771,65.8604,0.0],[-89.8588,65.8557,0.0],[-89.8542,65.8521,0.0],[-89.85,65.8542,0.0],[-89.8437,65.8542,5.867],[-89.8422,65.8536,2.1504],[-89.8432,65.8505,0.0],[-89.8422,65.8484,0.0],[-89.8453,65.8464,0.0],[-89.8432,65.8443,0.0],[-89.8297,65.8411,0.0],[-89.8276,65.8391,0.0],[-89.8287,65.8359,0.0],[-89.8187,65.8354,0.0],[-89.8146,65.8333,0.0],[-89.8021,65.8333,0.0],[-89.7937,65.8271,0.0],[-89.7875,65.8292,0.0],[-89.7771,65.8292,8.0043],[-89.7729,65.8271,0.0],[-89.7562,65.8271,0.0],[-89.7521,65.8292,7.0007],[-89.7438,65.825,0.0],[-89.7292,65.825,3.1732],[-89.7234,65.8276,0.0],[-89.7245,65.8307,2.1706],[-89.7224,65.8328,4.1684],[-89.713,65.8318,0.0],[-89.7068,65.8359,0.0],[-89.7083,65.8375,0.0],[-89.7141,65.838,34.2373],[-89.7109,65.8411,0.0],[-89.7245,65.8443,10.2217],[-89.7234,65.8474,0.0],[-89.7286,65.8484,0.0],[-89.7276,65.8516,0.0],[-89.737,65.8505,0.0],[-89.7495,65.8641,0.0],[-89.7401,65.8641,0.0],[-89.7432,65.8609,0.0],[-89.7391,65.8568,0.0],[-89.7109,65.8495,13.4537],[-89.712,65.8464,0.0],[-89.7104,65.8458,0.0],[-89.7042,65.8458,0.0],[-89.7005,65.8495,0.0],[-89.7068,65.8557,0.0],[-89.712,65.8568,2.456],[-89.7214,65.8641,0.0],[-89.7266,65.8662,0.0],[-89.7229,65.8688,0.0],[-89.7167,65.8688,0.0],[-89.7068,65.8662,0.0],[-89.7021,65.8625,0.0],[-89.6958,65.8625,0.0],[-89.6943,65.863,6.0291],[-89.6953,65.8662,0.0],[-89.6937,65.8667,0.0],[-89.6797,65.8672,4.8313],[-89.6839,65.8724,0.0],[-89.6917,65.875,0.0],[-89.6979,65.875,0.0],[-89.6995,65.8745,6.9593],[-89.6984,65.8714,0.0],[-89.7005,65.8693,0.0],[-89.7042,65.8688,0.0],[-89.7057,65.8693,0.0],[-89.7047,65.8724,0.0],[-89.7182,65.8755,22.2959],[-89.7255,65.8828,0.0],[-89.7453,65.888,12.5634],[-89.7443,65.8912,0.0],[-89.7641,65.8964,9.5444],[-89.763,65.8995,0.0],[-89.7854,65.9063,0.0],[-89.7937,65.9063,8.9497],[-89.8,65.9104,0.0],[-89.8083,65.9104,5.6539],[-89.8146,65.9146,0.0],[-89.8187,65.9146,0.0],[-89.8229,65.9167,0.0],[-89.8313,65.9167,0.0],[-89.8375,65.9208,0.0],[-89.8417,65.9187,0.0],[-89.8479,65.9187,20.4557],[-89.8521,65.9208,0.0],[-89.862,65.9213,6.5408],[-89.8667,65.925,0.0],[-89.875,65.925,0.0],[-89.8792,65.9271,0.0],[-89.8875,65.9271,0.0],[-89.8917,65.9292,0.0],[-89.9062,65.9292,0.0],[-89.9104,65.9313,0.0],[-89.9187,65.9313,9.1945],[-89.925,65.9354,0.0],[-89.9349,65.9359,8.7581],[-89.9396,65.9396,0.0],[-89.9661,65.938,2.4563],[-89.9651,65.9411,0.0],[-89.9661,65.9432,0.0],[-89.9589,65.9443,0.0],[-89.9599,65.9474,0.0],[-89.9583,65.9479,0.0],[-89.9375,65.9479,0.0],[-89.9333,65.9458,0.0],[-89.9271,65.9479,6.7113],[-89.9229,65.9458,0.0],[-89.9167,65.9479,0.0],[-89.9125,65.9458,0.0],[-89.8979,65.9521,0.0],[-89.8812,65.9521,4.0562],[-89.8745,65.9464,0.0],[-89.8688,65.9458,0.0],[-89.8583,65.9417,0.0],[-89.8521,65.9437,0.0],[-89.8437,65.9437,0.0],[-89.8396,65.9458,22.9283],[-89.8333,65.9437,0.0],[-89.825,65.9437,0.0],[-89.8208,65.9417,0.0],[-89.8167,65.9437,0.0],[-89.8,65.9417,0.0],[-89.7958,65.9437,2.7965],[-89.7917,65.9417,0.0],[-89.7833,65.9417,5.0278],[-89.7792,65.9396,0.0],[-89.775,65.9396,0.0],[-89.7703,65.9359,0.0],[-89.7625,65.9333,0.0],[-89.7542,65.9333,0.0],[-89.75,65.9313,0.0],[-89.7354,65.9313,0.0],[-89.7312,65.9292,0.0],[-89.7229,65.9333,0.0],[-89.7125,65.9333,20.0661],[-89.7068,65.9318,0.0],[-89.7109,65.937,0.0],[-89.7161,65.938,0.0],[-89.7193,65.9411,3.3119],[-89.7328,65.9443,9.9983],[-89.7396,65.95,0.0],[-89.7438,65.95,0.0],[-89.7542,65.9542,5.4388],[-89.7729,65.9542,12.7165],[-89.7828,65.9568,3.7142],[-89.788,65.962,0.0],[-89.8016,65.9651,6.752],[-89.8036,65.9682,5.3853],[-89.7984,65.9724,0.0],[-89.8266,65.9797,0.0],[-89.8307,65.9849,0.0],[-89.8187,65.9854,0.0],[-89.8146,65.9833,0.0],[-89.8063,65.9833,31.5428],[-89.8016,65.9797,4.0375],[-89.7937,65.9771,0.0],[-89.7792,65.9771,12.0718],[-89.7714,65.9745,0.0],[-89.7625,65.9688,0.0],[-89.7542,65.9688,6.5351],[-89.7438,65.9646,0.0],[-89.7193,65.9599,0.0],[-89.713,65.9537,6.0188],[-89.7141,65.9505,0.0],[-89.7005,65.9474,10.1746],[-89.6958,65.9437,0.0],[-89.6854,65.9437,0.0],[-89.6813,65.9458,0.0],[-89.6734,65.9453,0.0],[-89.6682,65.9401,0.0],[-89.6583,65.9396,6.8337],[-89.6536,65.9359,0.0],[-89.6464,65.9349,3.1273],[-89.6432,65.9318,0.0],[-89.638,65.9307,0.0],[-89.6307,65.9234,0.0],[-89.6234,65.9224,0.0],[-89.6182,65.9172,0.0],[-89.6109,65.9161,10.4242],[-89.6141,65.913,0.0],[-89.6005,65.9099,0.0],[-89.5958,65.9063,0.0],[-89.5813,65.9063,4.0008],[-89.5771,65.9042,0.0],[-89.5687,65.9042,0.0],[-89.5646,65.9021,0.0],[-89.5568,65.9016,3.3663],[-89.5604,65.8979,3.9719],[-89.5703,65.8974,0.0],[-89.5646,65.8917,4.6603],[-89.5557,65.8974,0.0],[-89.5479,65.8979,0.0],[-89.5255,65.8912,5.2031],[-89.5125,65.8854,0.0],[-89.5,65.8854,4.3527],[-89.4901,65.8828,0.0],[-89.488,65.8797,6.615],[-89.5104,65.875,0.7383],[-89.512,65.8734,0.6797],[-89.5057,65.8672,1.5518],[-89.5,65.8667,2.8802],[-89.4953,65.863,0.0],[-89.4672,65.8557,6.1226],[-89.4641,65.8526,0.0],[-89.4563,65.85,0.0],[-89.4437,65.85,4.8784],[-89.4359,65.8547,0.0],[-89.4375,65.8562,0.0],[-89.4432,65.8568,0.0],[-89.438,65.862,0.0],[-89.4411,65.8651,0.0],[-89.4401,65.8682,0.0],[-89.4432,65.8724,1.9428],[-89.4375,65.875,0.0],[-89.4333,65.8729,0.0],[-89.4208,65.8729,0.0],[-89.3901,65.8641,0.7515],[-89.3859,65.8599,0.3018],[-89.387,65.8568,0.0],[-89.3771,65.8562,6.0575],[-89.3724,65.8526,0.0],[-89.3646,65.85,0.0],[-89.3583,65.8521,2.2394],[-89.3542,65.85,0.6516],[-89.3443,65.8495,5.4987],[-89.3453,65.8464,0.0],[-89.3401,65.8453,1.0986],[-89.3349,65.8401,0.0],[-89.3276,65.8391,8.0709],[-89.3245,65.8359,0.6345],[-89.3193,65.8349,1.935],[-89.3203,65.8318,0.0],[-89.3104,65.8313,1.5912],[-89.3068,65.8287,0.0],[-89.3089,65.8255,1.0732],[-89.3146,65.8229,2.882],[-89.3307,65.8224,9.6138],[-89.3245,65.8151,0.0],[-89.3208,65.8146,0.0],[-89.3161,65.8182,0.0],[-89.3125,65.8187,0.0],[-89.3063,65.8146,0.0],[-89.3021,65.8167,0.3844],[-89.2958,65.8167,5.9599],[-89.2833,65.8125,0.3441],[-89.2755,65.812,0.0],[-89.2849,65.8078,2.2241],[-89.2833,65.8063,0.0],[-89.2771,65.8063,0.0],[-89.2688,65.8104,0.0],[-89.2583,65.8063,4.8562],[-89.238,65.8016,26.916],[-89.2328,65.7963,5.6622],[-89.213,65.7911,0.0],[-89.2141,65.788,1.1794],[-89.2125,65.7875,0.0],[-89.2083,65.7896,3.3908],[-89.2021,65.7896,2.3322],[-89.1979,65.7875,2.1142],[-89.1937,65.7875,5.8194],[-89.1922,65.7859,10.919],[-89.1953,65.7839,2.8098],[-89.175,65.7792,4.6156],[-89.1646,65.775,6.2519],[-89.1604,65.775,3.3417],[-89.1526,65.7724,4.0949],[-89.1479,65.7688,0.0],[-89.1396,65.7688,3.2962],[-89.1318,65.7662,0.0],[-89.1234,65.7578,5.4235],[-89.1245,65.7505,0.0],[-89.1224,65.7484,0.0],[-89.1172,65.7474,2.3179],[-89.112,65.7422,0.0],[-89.1047,65.7412,6.9646],[-89.1026,65.738,38.6606],[-89.1057,65.7359,0.0],[-89.0958,65.7354,0.0],[-89.0917,65.7333,0.0],[-89.0792,65.7333,0.5856],[-89.075,65.7312,0.0],[-89.0687,65.7312,0.9612],[-89.062,65.7349,0.1569],[-89.0589,65.7349,0.0],[-89.0547,65.7307,1.3953],[-89.0557,65.7276,0.0],[-89.0505,65.7266,0.0],[-89.0474,65.7234,6.6928],[-89.0339,65.7203,2.5432],[-89.0318,65.7182,2.0744],[-89.0339,65.7151,3.1198],[-89.0391,65.712,15.3209],[-89.0349,65.7068,0.0],[-89.0125,65.7,0.0],[-89.0026,65.6995,0.0],[-88.9995,65.6964,0.0],[-88.9943,65.6953,2.4497],[-88.9896,65.6917,0.0],[-88.9771,65.6917,1.5759],[-88.9729,65.6937,0.0],[-88.9521,65.6937,0.0],[-88.9417,65.6896,0.0],[-88.9359,65.6891,1.5801],[-88.9292,65.6833,4.7583],[-88.9229,65.6833,5.7329],[-88.9187,65.6854,0.0],[-88.9083,65.6854,0.0],[-88.9042,65.6833,0.0],[-88.9026,65.6839,0.0],[-88.9036,65.687,0.0],[-88.9005,65.688,0.0],[-88.9016,65.6911,0.0],[-88.8943,65.6922,0.0],[-88.8984,65.6974,0.0],[-88.9057,65.6984,15.762],[-88.8979,65.7042,1.3357],[-88.875,65.7021,3.4943],[-88.8562,65.6958,1.2303],[-88.8479,65.6958,4.2756],[-88.8437,65.6937,0.0],[-88.8229,65.7021,0.0],[-88.8141,65.6943,0.0],[-88.8026,65.6911,3.6414],[-88.7995,65.688,0.0],[-88.7922,65.687,3.1425],[-88.7891,65.6839,0.0],[-88.7839,65.6828,0.0],[-88.7792,65.6792,0.0],[-88.7583,65.6771,1.2861],[-88.7542,65.675,0.0],[-88.7417,65.675,2.0397],[-88.7375,65.6729,0.0],[-88.7229,65.6729,1.4129],[-88.7083,65.6687,0.0],[-88.7021,65.6708,3.2849],[-88.6979,65.6687,0.0],[-88.6896,65.6687,3.3551],[-88.6792,65.6646,3.4748],[-88.6708,65.6646,39.2146],[-88.6646,65.6604,0.0],[-88.6583,65.6625,0.0],[-88.6479,65.6625,0.0],[-88.6438,65.6604,0.0],[-88.6104,65.6604,3.7454],[-88.6042,65.6563,0.0],[-88.6,65.6583,1.1032],[-88.5937,65.6563,0.0],[-88.5875,65.6583,15.9446],[-88.5813,65.6542,0.0],[-88.5646,65.6542,8.8995],[-88.5521,65.65,0.0],[-88.5188,65.65,15.3588],[-88.5146,65.6479,0.0],[-88.5062,65.6479,5.9474],[-88.5021,65.6458,0.0],[-88.4854,65.6458,9.3414],[-88.4755,65.6432,1.9295],[-88.4724,65.6401,0.0],[-88.4646,65.6375,0.0],[-88.4563,65.6375,1.2453],[-88.4521,65.6354,0.0],[-88.4333,65.6354,2.8921],[-88.4229,65.6312,0.0],[-88.4167,65.6333,34.1127],[-88.4062,65.6292,0.8622],[-88.3979,65.6292,0.7429],[-88.388,65.6266,3.5193],[-88.3979,65.6229,28.055],[-88.4083,65.6229,11.3922],[-88.4125,65.6208,24.8799],[-88.4229,65.625,1.0228],[-88.4375,65.625,14.8153],[-88.4417,65.6271,0.0],[-88.4479,65.6271,0.0],[-88.4521,65.625,14.0422],[-88.4563,65.6271,5.1251],[-88.4687,65.6271,9.2779],[-88.4849,65.6318,10.5754],[-88.4896,65.6354,0.0],[-88.4958,65.6354,3.8227],[-88.5,65.6333,13.0426],[-88.5188,65.6396,0.0],[-88.5521,65.6396,14.1533],[-88.5563,65.6417,0.0],[-88.5792,65.6417,8.7907],[-88.5833,65.6438,1.1884],[-88.5896,65.6438,3.06],[-88.5932,65.6412,5.403],[-88.5922,65.638,23.1489],[-88.5958,65.6375,3.5021],[-88.6,65.6396,0.0],[-88.6083,65.6396,4.7684],[-88.6188,65.6438,0.7477],[-88.625,65.6438,0.0],[-88.6266,65.6432,0.0],[-88.6255,65.6401,13.5364],[-88.6292,65.6375,3.7684],[-88.6562,65.6375,14.1945],[-88.6604,65.6396,2.3152],[-88.6703,65.6401,7.8122],[-88.675,65.6438,0.0],[-88.7021,65.6438,1.6391],[-88.7063,65.6458,0.7688],[-88.7146,65.6458,7.4906],[-88.7187,65.6479,4.5708],[-88.7312,65.6479,9.0763],[-88.7354,65.65,0.9553],[-88.7417,65.6479,9.6676],[-88.7479,65.6479,8.4434],[-88.7521,65.65,0.0],[-88.7646,65.6458,7.4383],[-88.7812,65.6458,8.1923],[-88.7854,65.6479,2.4092],[-88.7937,65.6479,6.1277],[-88.7979,65.65,0.0],[-88.8021,65.65,0.0],[-88.8104,65.6458,12.4343],[-88.8146,65.6458,10.5683],[-88.8187,65.6438,0.0],[-88.8271,65.6438,8.4246],[-88.8307,65.6412,1.4694],[-88.8292,65.6396,5.02],[-88.8229,65.6396,17.5408],[-88.8187,65.6375,0.0],[-88.8125,65.6396,5.6195],[-88.7792,65.6292,0.0],[-88.7625,65.6312,0.0],[-88.7583,65.6292,0.0],[-88.7458,65.6292,6.8511],[-88.7354,65.625,0.0],[-88.7271,65.625,0.0],[-88.7146,65.6208,3.0545],[-88.7042,65.6229,0.0],[-88.6963,65.6162,3.7991],[-88.6995,65.6141,4.2276],[-88.6979,65.6125,6.0833],[-88.6771,65.6104,9.9024],[-88.6667,65.6062,0.0],[-88.6521,65.6062,4.1883],[-88.6443,65.6036,0.0],[-88.6396,65.6,0.0],[-88.6208,65.6,9.961],[-88.6104,65.5958,0.0],[-88.5979,65.5958,1.2619],[-88.5917,65.5938,4.7329],[-88.5875,65.5958,9.9147],[-88.5771,65.5958,5.1874],[-88.5708,65.5917,1.4048],[-88.5625,65.5917,1.9417],[-88.5547,65.5891,0.6942],[-88.5557,65.5859,0.0],[-88.5536,65.5839,0.0],[-88.5484,65.5828,0.0],[-88.537,65.5714,0.0],[-88.5333,65.5708,0.0],[-88.5292,65.5729,7.2537],[-88.5214,65.5703,1.8516],[-88.5167,65.5667,0.0],[-88.5068,65.5661,0.0],[-88.5,65.5604,0.0],[-88.4792,65.5583,7.1758],[-88.4687,65.5542,0.0],[-88.4526,65.5516,9.7689],[-88.4557,65.5474,0.0],[-88.4542,65.5458,0.0],[-88.45,65.5479,0.0],[-88.4437,65.5437,0.0],[-88.4255,65.5411,0.5637],[-88.4224,65.538,0.0],[-88.4172,65.537,2.2255],[-88.413,65.5318,6.8051],[-88.4229,65.5313,4.5632],[-88.4286,65.5276,0.0],[-88.4187,65.5271,24.3135],[-88.4172,65.5266,20.2758],[-88.4182,65.5234,0.0],[-88.4167,65.5229,0.0],[-88.4042,65.5229,6.207],[-88.3995,65.5193,0.0],[-88.3917,65.5167,0.0],[-88.3833,65.5167,0.0],[-88.3755,65.5141,3.5358],[-88.3734,65.512,7.6658],[-88.3745,65.5089,4.7804],[-88.3693,65.5036,3.0024],[-88.3724,65.5005,1.0635],[-88.3651,65.4995,18.0052],[-88.3536,65.4922,0.0],[-88.3401,65.4891,1.3863],[-88.3432,65.4859,0.0],[-88.3359,65.4849,2.3693],[-88.3391,65.4818,0.0],[-88.3255,65.4786,1.4882],[-88.3224,65.4755,0.0],[-88.3172,65.4745,0.0],[-88.3125,65.4708,0.0],[-88.3026,65.4703,4.3934],[-88.3036,65.4672,0.0],[-88.2974,65.4651,0.0],[-88.2797,65.462,5.1552],[-88.2776,65.4599,1.2349],[-88.2786,65.4568,6.4351],[-88.2745,65.4526,0.0],[-88.2583,65.4479,0.0],[-88.2443,65.4474,2.5891],[-88.2391,65.4422,8.8946],[-88.2338,65.4411,21.661],[-88.2349,65.438,12.6916],[-88.2338,65.4359,13.8887],[-88.237,65.4339,0.0],[-88.2318,65.4328,1.2232],[-88.2297,65.4307,1.8103],[-88.2328,65.4266,0.0],[-88.2312,65.4229,0.0],[-88.2255,65.4224,3.8439],[-88.2286,65.4203,0.0],[-88.2276,65.4172,2.1791],[-88.2286,65.4151,0.0],[-88.2151,65.412,0.0],[-88.2109,65.4078,2.3895],[-88.2141,65.4057,9.6998],[-88.212,65.4026,10.8687],[-88.2063,65.4021,18.1637],[-88.1896,65.3958,0.0],[-88.1797,65.3953,2.1397],[-88.1776,65.3932,12.5992],[-88.1786,65.3901,0.0],[-88.1771,65.3896,0.0],[-88.1625,65.3896,1.0637],[-88.1562,65.3917,3.2095],[-88.1521,65.3896,0.0],[-88.1479,65.3896,0.0],[-88.1417,65.3917,0.0],[-88.1312,65.3875,0.0],[-88.1229,65.3875,2.4809],[-88.1188,65.3854,0.0],[-88.1125,65.3875,0.0],[-88.1047,65.3849,0.0],[-88.0974,65.3776,0.0],[-88.0922,65.3766,4.6506],[-88.0891,65.3734,0.0],[-88.0792,65.3729,7.336],[-88.0745,65.3693,0.0],[-88.0693,65.3682,22.4857],[-88.0672,65.3662,13.8242],[-88.0682,65.363,0.0],[-88.063,65.362,0.0],[-88.0516,65.3547,0.0],[-88.0292,65.3521,0.0],[-88.025,65.35,0.0],[-88.0167,65.35,1.5227],[-88.013,65.3474,2.7069],[-88.0162,65.3443,0.0],[-88.0083,65.3417,0.0],[-87.9896,65.3417,2.7072],[-87.9854,65.3396,0.4003],[-87.9771,65.3396,4.6039],[-87.9729,65.3375,0.0],[-87.9542,65.3354,19.3529],[-87.95,65.3333,2.9747],[-87.9313,65.3333,2.1859],[-87.9271,65.3313,0.9708],[-87.9042,65.3313,12.9107],[-87.8995,65.3276,0.0],[-87.8917,65.3271,2.3221],[-87.8875,65.325,0.0],[-87.8646,65.325,1.4091],[-87.8604,65.3229,0.0],[-87.8542,65.325,5.9672],[-87.85,65.3229,1.064],[-87.8083,65.3229,0.0],[-87.7958,65.3271,12.7631],[-87.7917,65.325,2.1222],[-87.7833,65.325,2.5156],[-87.7792,65.3229,0.0],[-87.775,65.325,2.6384],[-87.7688,65.3229,0.0],[-87.7646,65.325,2.8445],[-87.7604,65.3229,0.0],[-87.7187,65.3229,0.0],[-87.7125,65.3271,3.5895],[-87.7047,65.3255,0.0],[-87.7,65.3292,8.5717],[-87.6937,65.3271,0.0],[-87.6896,65.3292,0.0],[-87.675,65.3292,0.0],[-87.6708,65.3313,8.7996],[-87.6354,65.3313,2.8953],[-87.6312,65.3292,6.2675],[-87.6229,65.3292,9.1234],[-87.6188,65.3271,0.0],[-87.6021,65.3271,4.2721],[-87.5979,65.325,0.0],[-87.5943,65.3255,0.0],[-87.5896,65.3292,0.8547],[-87.5729,65.3271,0.0],[-87.5687,65.3292,6.3403],[-87.5646,65.3271,0.0],[-87.5583,65.3271,0.0],[-87.5542,65.3292,7.9576],[-87.5479,65.3271,3.5349],[-87.5437,65.3292,8.748],[-87.537,65.3234,0.5093],[-87.5271,65.3229,13.7514],[-87.5167,65.3187,0.0],[-87.5083,65.3229,0.0],[-87.4875,65.3229,5.6855],[-87.4812,65.3187,0.0],[-87.4667,65.3208,11.1002],[-87.4625,65.3187,0.0],[-87.4563,65.3187,1.4287],[-87.4479,65.3229,2.2081],[-87.4422,65.3214,0.0],[-87.4432,65.3245,1.2724],[-87.4417,65.325,3.8635],[-87.438,65.3245,0.0],[-87.4333,65.3208,0.0],[-87.4234,65.3234,7.6616],[-87.4286,65.3255,5.0502],[-87.4307,65.3287,6.155],[-87.4271,65.3313,10.1655],[-87.4193,65.3297,5.1265],[-87.4203,65.3328,12.1601],[-87.4167,65.3333,10.274],[-87.413,65.3287,3.9809],[-87.4141,65.3255,3.9955],[-87.4042,65.3208,11.2301],[-87.3979,65.3208,0.0],[-87.3938,65.3229,1.6529],[-87.3875,65.3208,0.0],[-87.375,65.325,3.2464],[-87.3646,65.325,2.0496],[-87.363,65.3234,0.0],[-87.3661,65.3214,0.0],[-87.3646,65.3208,0.0],[-87.3583,65.3208,0.6398],[-87.3542,65.3229,4.9116],[-87.3479,65.3208,2.6121],[-87.3464,65.3214,2.7653],[-87.3474,65.3245,9.4633],[-87.3464,65.3266,2.0257],[-87.3516,65.3276,0.0],[-87.3547,65.3307,0.0],[-87.3599,65.3328,0.0],[-87.3521,65.3333,8.0965],[-87.3375,65.3292,7.8848],[-87.3292,65.3292,6.6877],[-87.325,65.3271,0.0],[-87.3187,65.3292,1.0],[-87.3146,65.3271,1.3092],[-87.3083,65.3271,0.0],[-87.3005,65.3328,0.0],[-87.3078,65.3339,4.6742],[-87.3047,65.337,0.0],[-87.3068,65.3391,6.0854],[-87.312,65.3401,5.4689],[-87.3141,65.3432,0.0],[-87.3021,65.3438,4.7684],[-87.2979,65.3417,0.0],[-87.2896,65.3417,2.657],[-87.2854,65.3396,0.0],[-87.2812,65.3396,0.0],[-87.2771,65.3417,4.4813],[-87.2667,65.3417,0.0],[-87.2562,65.3458,0.0],[-87.2417,65.3458,4.5517],[-87.2255,65.3526,0.0],[-87.2266,65.3557,0.0],[-87.2234,65.3568,0.0],[-87.2245,65.3599,0.0],[-87.2234,65.362,1.633],[-87.2266,65.3662,1.0],[-87.2234,65.3672,1.0],[-87.2245,65.3703,2.1174],[-87.2229,65.3708,2.1675],[-87.2151,65.3703,3.8119],[-87.2057,65.3589,0.0],[-87.1984,65.3578,0.0],[-87.1995,65.3526,0.0],[-87.1917,65.35,0.0],[-87.1839,65.3505,0.0],[-87.1859,65.3536,4.0573],[-87.1911,65.3547,0.0],[-87.1932,65.3578,0.0],[-87.1839,65.3568,0.0],[-87.1818,65.3589,0.0],[-87.1828,65.362,0.0],[-87.1792,65.3625,0.0],[-87.175,65.3604,0.0],[-87.1734,65.3609,0.0],[-87.1745,65.3641,3.4536],[-87.1729,65.3646,1.6856],[-87.1667,65.3625,0.0],[-87.1609,65.363,0.0],[-87.162,65.3682,2.5543],[-87.1526,65.3714,0.0],[-87.1505,65.3734,0.0],[-87.1516,65.3766,0.0],[-87.1458,65.3792,0.0],[-87.1417,65.3771,0.0],[-87.138,65.3776,0.0],[-87.1401,65.3807,0.0],[-87.1458,65.3812,0.0],[-87.1474,65.3828,0.0],[-87.1443,65.3839,0.0],[-87.1412,65.3891,1.418],[-87.1359,65.3901,0.0],[-87.1318,65.3932,2.0562],[-87.1338,65.3953,0.0],[-87.1391,65.3964,7.2025],[-87.1443,65.4016,2.0],[-87.15,65.4021,2.3376],[-87.1516,65.4036,2.0],[-87.1443,65.4047,3.9585],[-87.1375,65.4083,3.2113],[-87.1276,65.4057,2.6323],[-87.1266,65.4026,6.6745],[-87.1193,65.4016,6.271],[-87.1172,65.3995,7.405],[-87.1208,65.3979,1.6833],[-87.125,65.4,5.9824],[-87.1292,65.4,2.8639],[-87.1307,65.3984,2.6158],[-87.1255,65.3974,2.8231],[-87.1224,65.3943,0.0],[-87.1146,65.3938,8.7919],[-87.1099,65.3901,0.0],[-87.1,65.3875,0.0],[-87.0984,65.388,1.644],[-87.0995,65.3912,2.585],[-87.0964,65.3922,2.8701],[-87.0974,65.3953,2.3402],[-87.0937,65.3979,8.8642],[-87.0901,65.3974,9.5077],[-87.0854,65.3938,3.0666],[-87.0687,65.3917,0.0],[-87.063,65.3943,0.9784],[-87.0641,65.3974,0.6914],[-87.062,65.3995,0.0],[-87.0484,65.3984,0.0],[-87.0516,65.4057,0.0],[-87.0458,65.4063,0.0],[-87.0443,65.4078,1.7412],[-87.0516,65.4151,2.7886],[-87.0505,65.4182,0.0],[-87.0568,65.4266,0.0],[-87.0667,65.4292,0.0],[-87.0813,65.4292,14.9495],[-87.0875,65.4271,3.6352],[-87.0953,65.4307,2.7911],[-87.0776,65.4318,1.2265],[-87.0797,65.4349,2.1296],[-87.0932,65.438,0.0],[-87.088,65.4422,0.9311],[-87.0911,65.4474,3.107],[-87.088,65.4484,0.0],[-87.0891,65.4516,0.0],[-87.0875,65.4521,2.9953],[-87.0734,65.4484,0.0],[-87.0755,65.4516,2.1589],[-87.0807,65.4526,3.4023],[-87.0797,65.4557,3.9198],[-87.0807,65.4578,1.855],[-87.0776,65.4599,0.0],[-87.0849,65.4641,0.0],[-87.0734,65.4651,0.0],[-87.0745,65.4682,0.0],[-87.0693,65.4714,0.0],[-87.0703,65.4745,0.0],[-87.0687,65.4771,0.0],[-87.0703,65.4807,0.0],[-87.0651,65.4818,0.0],[-87.062,65.487,3.5755],[-87.0437,65.4875,2.8629],[-87.0422,65.4859,2.8198],[-87.0542,65.4854,3.8659],[-87.0557,65.4838,2.6834],[-87.0417,65.4833,1.3137],[-87.0375,65.4854,1.0554],[-87.0297,65.4828,0.0],[-87.025,65.4792,0.0],[-87.0151,65.4786,3.3789],[-87.0162,65.4755,3.9682],[-87.0146,65.475,0.7023],[-87.0047,65.4776,0.9647],[-87.0057,65.4807,0.0],[-86.9984,65.4818,0.0],[-86.9922,65.4859,0.0],[-86.9932,65.4891,0.0],[-86.9922,65.4912,0.0],[-86.9943,65.4932,0.0],[-86.9974,65.4932,0.0],[-86.9964,65.4901,1.9152],[-86.9979,65.4896,1.9152],[-87.0078,65.4922,4.2529],[-87.0005,65.4953,0.0],[-87.0047,65.4995,2.0482],[-87.0099,65.5005,1.4269],[-87.0162,65.5068,5.9349],[-87.013,65.5099,3.3755],[-87.0182,65.5162,3.5079],[-87.013,65.5203,7.2947],[-87.0208,65.5208,7.5207],[-87.025,65.5188,7.9376],[-87.0312,65.5188,14.4379],[-87.0349,65.5214,14.0303],[-87.0318,65.5234,12.588],[-87.0349,65.5276,8.3971],[-87.0328,65.5307,8.6896],[-87.0188,65.5313,10.7104],[-87.0125,65.5271,6.5862],[-87.0068,65.5276,5.8345],[-87.0,65.5313,6.8792],[-86.9818,65.5286,5.6965],[-86.9958,65.5208,7.3167],[-87.0036,65.5224,6.2023],[-87.0005,65.5182,4.3119],[-87.0036,65.5151,6.1241],[-87.0005,65.5109,6.1381],[-87.0036,65.5089,7.0736],[-86.9979,65.5083,11.3334],[-86.9964,65.5068,2.7494],[-87.0021,65.5062,2.4273],[-87.0036,65.5047,1.8797],[-86.9943,65.5047,3.1949],[-86.9922,65.5068,3.1882],[-86.9932,65.5099,5.7652],[-86.9896,65.5104,3.6557],[-86.9859,65.5078,3.2383],[-86.9911,65.5036,0.0],[-86.9875,65.5,0.0],[-86.9859,65.5005,0.0],[-86.987,65.5036,0.0],[-86.9854,65.5042,3.5545],[-86.9812,65.5021,0.0],[-86.9734,65.5026,0.0],[-86.9693,65.5047,0.0],[-86.9703,65.5078,3.5502],[-86.9667,65.5104,0.6834],[-86.9521,65.5104,6.9892],[-86.9463,65.513,0.0],[-86.9479,65.5146,3.9822],[-86.9599,65.5172,4.1715],[-86.9526,65.5203,3.2513],[-86.9661,65.5234,0.9483],[-86.9703,65.5276,2.2759],[-86.9651,65.5328,1.2914],[-86.9703,65.5339,2.267],[-86.9724,65.5359,3.2646],[-86.9693,65.5391,1.06],[-86.9724,65.5432,1.6574],[-86.9693,65.5432,4.2299],[-86.9661,65.5401,1.5153],[-86.9583,65.5375,0.0],[-86.925,65.5375,10.3787],[-86.9208,65.5354,0.0],[-86.9026,65.5401,1.1415],[-86.9078,65.5422,2.0178],[-86.913,65.5474,7.1605],[-86.9208,65.55,8.399],[-86.9297,65.5443,10.677],[-86.9396,65.5417,15.5934],[-86.9495,65.5443,9.7537],[-86.9422,65.5474,7.9446],[-86.9443,65.5495,9.2274],[-86.9495,65.5505,10.5516],[-86.9484,65.5537,11.295],[-86.9505,65.5557,9.0112],[-86.9557,65.5568,13.3227],[-86.9547,65.5599,7.8512],[-86.9557,65.562,11.2665],[-86.9526,65.5641,8.704],[-86.9547,65.5661,10.8274],[-86.9599,65.5672,11.1923],[-86.963,65.5703,14.7245],[-86.9703,65.5714,13.5816],[-86.9625,65.5771,14.1476],[-86.9547,65.5755,13.1162],[-86.9557,65.5787,13.9873],[-86.9526,65.5797,15.0323],[-86.9537,65.5828,15.464],[-86.9516,65.5849,15.4069],[-86.9359,65.5849,16.1777],[-86.9328,65.5797,11.5166],[-86.9255,65.5787,14.0029],[-86.9187,65.5729,10.6314],[-86.9146,65.575,12.1403],[-86.8984,65.5766,12.9413],[-86.9036,65.5724,14.8329],[-86.8984,65.5693,13.0107],[-86.9057,65.5641,8.9831],[-86.9078,65.5599,8.3016],[-86.9062,65.5583,7.4686],[-86.9,65.5583,6.9811],[-86.8958,65.5604,10.1132],[-86.8896,65.5563,5.2467],[-86.8792,65.5563,3.8762],[-86.875,65.5583,2.2684],[-86.8542,65.5583,2.7391],[-86.85,65.5563,4.6048],[-86.8437,65.5563,5.4612],[-86.8375,65.5583,4.434],[-86.8333,65.5563,2.2023],[-86.8187,65.5563,4.5172],[-86.8172,65.5578,6.121],[-86.8203,65.5641,4.9741],[-86.8083,65.5625,9.6697],[-86.8005,65.5682,7.9303],[-86.8026,65.5703,4.896],[-86.8057,65.5703,8.1261],[-86.8099,65.5682,8.431],[-86.8089,65.5651,10.027],[-86.8104,65.5646,9.5553],[-86.8146,65.5667,10.2363],[-86.8292,65.5667,10.3138],[-86.8396,65.5708,12.3571],[-86.8495,65.5714,14.6307],[-86.8464,65.5745,12.2757],[-86.8495,65.5776,12.165],[-86.8479,65.5813,13.3687],[-86.8495,65.5849,15.1569],[-86.8437,65.5833,13.294],[-86.8318,65.5839,12.2312],[-86.837,65.5859,14.997],[-86.8391,65.5891,10.5784],[-86.8333,65.5917,14.6113],[-86.8292,65.5917,14.316],[-86.8245,65.588,8.1371],[-86.8083,65.5854,4.5973],[-86.8042,65.5833,4.6786],[-86.7979,65.5833,4.5243],[-86.7917,65.5854,4.3219],[-86.7901,65.5839,7.7585],[-86.7932,65.5818,3.183],[-86.7896,65.5813,2.9581],[-86.7583,65.5917,2.0374],[-86.7438,65.5917,3.1798],[-86.7338,65.5943,2.2536],[-86.7354,65.5958,3.0426],[-86.7411,65.5964,3.1464],[-86.7396,65.5979,3.3421],[-86.7146,65.5979,2.9297],[-86.713,65.5995,3.6257],[-86.7161,65.6036,3.1482],[-86.7146,65.6042,9.4683],[-86.7104,65.6021,2.8734],[-86.6963,65.6026,3.3154],[-86.6901,65.6068,0.0],[-86.6911,65.6099,0.0],[-86.6901,65.612,0.0],[-86.6953,65.613,2.6535],[-86.6937,65.6167,2.5936],[-86.6953,65.6193,2.6054],[-86.6943,65.6224,2.223],[-86.6995,65.6286,4.1705],[-86.6901,65.6349,2.0964],[-86.6943,65.6391,10.1258],[-86.6995,65.6401,7.6696],[-86.6984,65.6432,7.4374],[-86.6995,65.6453,13.2923],[-86.6937,65.6479,8.0753],[-86.6839,65.6484,7.8783],[-86.687,65.6536,8.624],[-86.6813,65.6542,7.6443],[-86.6755,65.6568,14.0849],[-86.6766,65.6599,14.3054],[-86.6687,65.6646,17.9218],[-86.663,65.6599,13.5109],[-86.6641,65.6568,13.1405],[-86.663,65.6547,8.9409],[-86.6703,65.6536,10.9756],[-86.6745,65.6505,7.4892],[-86.6667,65.6479,3.0535],[-86.6542,65.6479,2.0959],[-86.6417,65.6521,2.3914],[-86.6297,65.6505,1.8346],[-86.6318,65.6536,2.567],[-86.637,65.6547,2.4513],[-86.6391,65.6568,6.4873],[-86.6375,65.6583,4.4094],[-86.6229,65.6583,2.751],[-86.6083,65.6646,2.0509],[-86.5979,65.6646,2.0512],[-86.5937,65.6625,3.9804],[-86.5859,65.663,2.445],[-86.5797,65.6672,2.3247],[-86.5828,65.6713,5.3077],[-86.5813,65.6729,6.0793],[-86.5708,65.6729,3.4669],[-86.5667,65.675,4.5611],[-86.5589,65.6724,3.2062],[-86.5641,65.6703,3.1029],[-86.5641,65.6672,4.0796],[-86.5625,65.6667,3.2667],[-86.5563,65.6667,3.8995],[-86.5505,65.6693,5.8396],[-86.5443,65.6745,3.6873],[-86.5557,65.6755,2.7643],[-86.5578,65.6787,3.4923],[-86.5547,65.6797,3.2474],[-86.5557,65.6828,3.6747],[-86.5484,65.6839,3.6612],[-86.5463,65.6859,4.3879],[-86.5474,65.6891,5.1453],[-86.5318,65.6922,2.3998],[-86.5359,65.6974,6.8373],[-86.5437,65.6979,8.0575],[-86.5453,65.6974,8.0575],[-86.5443,65.6943,6.7036],[-86.5516,65.6932,10.8174],[-86.5536,65.6911,11.9583],[-86.5505,65.687,4.7706],[-86.5521,65.6854,3.7645],[-86.5661,65.688,10.6799],[-86.5708,65.6917,13.7527],[-86.5771,65.6917,14.8168],[-86.5839,65.688,15.8659],[-86.5911,65.687,13.7046],[-86.5896,65.6854,15.1114],[-86.5693,65.6849,12.615],[-86.5734,65.6818,12.2583],[-86.5792,65.6813,11.4664],[-86.5833,65.6833,11.2444],[-86.5917,65.6833,14.5765],[-86.5958,65.6854,13.4357],[-86.6042,65.6854,14.3736],[-86.6083,65.6875,13.247],[-86.6125,65.6854,15.0945],[-86.6188,65.6854,16.1875],[-86.625,65.6896,18.0319],[-86.6349,65.6901,20.8732],[-86.637,65.6932,20.635],[-86.6338,65.6953,20.373],[-86.6396,65.6958,21.5828],[-86.6412,65.6974,24.7773],[-86.6338,65.6984,21.5633],[-86.6349,65.7016,23.6909],[-86.625,65.7042,20.1348],[-86.6083,65.7042,20.5431],[-86.6047,65.7005,19.7487],[-86.6104,65.7,19.3259],[-86.612,65.6984,17.7616],[-86.6021,65.6979,16.6211],[-86.5974,65.6943,16.2851],[-86.5943,65.6943,12.7047],[-86.5901,65.6964,13.3201],[-86.5911,65.6995,16.9668],[-86.5839,65.7005,14.3877],[-86.5818,65.7037,14.3666],[-86.5896,65.7021,19.05],[-86.5974,65.7047,21.524],[-86.6005,65.7078,20.9152],[-86.6125,65.7104,21.877],[-86.6141,65.712,22.4881],[-86.6062,65.7125,22.2029],[-86.6,65.7104,19.3721],[-86.5984,65.7109,19.0548],[-86.5995,65.7141,22.8421],[-86.5979,65.7146,23.6456],[-86.5937,65.7125,20.5311],[-86.5875,65.7125,17.182],[-86.5859,65.7141,18.224],[-86.5891,65.7182,18.9587],[-86.5875,65.7188,19.7685],[-86.5755,65.7141,19.6947],[-86.5797,65.7109,17.7912],[-86.587,65.7099,20.6812],[-86.5849,65.7068,18.2962],[-86.5708,65.7083,15.0929],[-86.5693,65.7068,17.5511],[-86.5724,65.7047,13.8786],[-86.5583,65.7042,13.4102],[-86.5521,65.7,8.5623],[-86.5484,65.7005,8.1294],[-86.5495,65.7037,7.9626],[-86.538,65.7047,9.0727],[-86.5391,65.7078,15.4397],[-86.5375,65.7083,11.9852],[-86.525,65.7083,7.1469],[-86.5307,65.7151,11.1847],[-86.5297,65.7182,9.0857],[-86.5318,65.7224,9.5346],[-86.5354,65.725,11.1689],[-86.5396,65.725,13.2878],[-86.5437,65.7271,13.654],[-86.5542,65.7271,17.1538],[-86.5583,65.725,18.3671],[-86.5708,65.7292,18.9805],[-86.5771,65.7271,22.0876],[-86.5787,65.7286,22.1175],[-86.5755,65.7297,19.446],[-86.5771,65.7312,21.5959],[-86.5875,65.7292,22.6231],[-86.5937,65.7312,21.0638],[-86.5984,65.7276,23.0972],[-86.6062,65.7271,22.9228],[-86.612,65.7318,22.4699],[-86.6083,65.7354,21.8362],[-86.5958,65.7354,21.6997],[-86.5917,65.7333,20.1227],[-86.5875,65.7354,19.8196],[-86.5687,65.7375,18.3393],[-86.5625,65.7333,17.7875],[-86.5563,65.7354,15.2989],[-86.5417,65.7354,10.6936],[-86.5354,65.7333,10.4415],[-86.5312,65.7354,9.525],[-86.5188,65.725,8.8309],[-86.5172,65.7255,8.9773],[-86.5182,65.7286,5.8031],[-86.5151,65.7297,6.5286],[-86.5182,65.7349,5.8682],[-86.5125,65.7375,8.3736],[-86.5062,65.7375,8.2588],[-86.4984,65.7349,5.4182],[-86.4943,65.7307,5.9891],[-86.4974,65.7286,5.1217],[-86.4964,65.7255,5.5583],[-86.5021,65.725,5.5252],[-86.5036,65.7234,5.9033],[-86.5,65.7208,2.8858],[-86.4896,65.7208,2.2997],[-86.488,65.7214,2.6161],[-86.4891,65.7266,3.2393],[-86.4792,65.7271,2.1878],[-86.4755,65.7297,2.3979],[-86.4755,65.7328,1.7417],[-86.4807,65.7391,2.3906],[-86.4734,65.7401,1.537],[-86.475,65.7417,2.0743],[-86.4792,65.7417,2.2719],[-86.4932,65.7464,7.7347],[-86.4917,65.7479,7.9052],[-86.4859,65.7484,4.5616],[-86.4875,65.75,4.3025],[-86.4932,65.7505,8.2132],[-86.488,65.7547,7.1245],[-86.4891,65.7578,6.9073],[-86.4828,65.762,7.3597],[-86.4729,65.7646,5.4978],[-86.463,65.762,4.5369],[-86.4542,65.7542,5.1],[-86.4443,65.7568,1.8308],[-86.4453,65.7599,1.84],[-86.438,65.7609,1.0552],[-86.4474,65.7641,5.1692],[-86.4453,65.7662,3.2632],[-86.4396,65.7667,1.726],[-86.4339,65.7693,1.1782],[-86.4411,65.7724,3.1133],[-86.4354,65.7729,1.2908],[-86.4297,65.7755,1.7572],[-86.4333,65.7792,0.0],[-86.4396,65.7771,1.6167],[-86.4521,65.7771,3.0283],[-86.4604,65.7729,8.2761],[-86.4667,65.775,3.279],[-86.4792,65.7667,9.1662],[-86.4828,65.7672,7.9831],[-86.4797,65.7693,7.4906],[-86.4818,65.7724,5.1419],[-86.4891,65.7734,6.6055],[-86.4938,65.7771,1.7466],[-86.4953,65.7766,4.6744],[-86.4943,65.7734,5.3605],[-86.4974,65.7714,15.4152],[-86.4917,65.7708,6.1432],[-86.4901,65.7693,6.864],[-86.4974,65.7682,6.0851],[-86.4922,65.7662,6.4011],[-86.4932,65.763,5.8748],[-86.4922,65.7609,8.5863],[-86.4953,65.7599,6.9023],[-86.4943,65.7568,8.4522],[-86.5,65.7542,8.8735],[-86.5042,65.7562,7.2542],[-86.5099,65.7536,7.8428],[-86.5021,65.75,9.6085],[-86.4964,65.7495,8.5724],[-86.5005,65.7464,9.8625],[-86.5036,65.7464,10.1129],[-86.5083,65.75,9.8124],[-86.525,65.7479,12.0093],[-86.5292,65.75,15.9268],[-86.5458,65.75,15.3887],[-86.55,65.7521,12.3605],[-86.5661,65.7526,13.3456],[-86.563,65.7547,11.6514],[-86.5661,65.7589,9.784],[-86.5641,65.762,10.3475],[-86.5568,65.763,7.0502],[-86.5396,65.7729,7.3832],[-86.5354,65.7708,5.6708],[-86.5276,65.7714,6.7408],[-86.5349,65.7745,8.7956],[-86.5292,65.775,8.9573],[-86.5234,65.7776,6.5155],[-86.5245,65.7807,9.2457],[-86.5146,65.7813,5.829],[-86.5104,65.7833,5.809],[-86.5042,65.7813,5.6146],[-86.4896,65.7896,3.2936],[-86.4734,65.7901,2.8124],[-86.4797,65.7974,2.8769],[-86.4896,65.7979,6.5041],[-86.4932,65.8016,8.2143],[-86.4771,65.8,2.6809],[-86.4849,65.8089,8.3083],[-86.4828,65.812,8.1337],[-86.4755,65.813,7.9153],[-86.4687,65.8167,6.6657],[-86.4651,65.8141,6.1184],[-86.4661,65.8109,4.3982],[-86.4625,65.8083,0.0],[-86.4609,65.8089,0.0],[-86.462,65.812,2.5522],[-86.4589,65.813,4.1696],[-86.462,65.8182,3.5763],[-86.4563,65.8187,3.2721],[-86.4547,65.8203,2.5562],[-86.4583,65.8229,3.3385],[-86.4687,65.8229,6.0564],[-86.4755,65.8193,8.3684],[-86.4786,65.8193,9.7867],[-86.4828,65.8234,9.9232],[-86.4818,65.8266,12.0522],[-86.4859,65.8307,14.3517],[-86.4911,65.8318,17.2849],[-86.4974,65.8391,15.3025],[-86.4896,65.8396,14.9995],[-86.4797,65.837,12.7314],[-86.4807,65.8318,14.7571],[-86.4755,65.8266,9.8978],[-86.4786,65.8245,9.6975],[-86.4771,65.8229,9.8487],[-86.4734,65.8234,9.6932],[-86.4687,65.8271,10.1785],[-86.4568,65.8255,4.8764],[-86.4568,65.8287,3.7065],[-86.4599,65.8328,3.835],[-86.4542,65.8333,2.4086],[-86.4526,65.8349,2.1401],[-86.4641,65.8359,4.1885],[-86.4682,65.8401,5.1327],[-86.4651,65.8422,3.741],[-86.4667,65.8438,3.92],[-86.487,65.8443,12.4358],[-86.4911,65.8495,11.8217],[-86.4859,65.8526,11.8618],[-86.487,65.8557,11.9935],[-86.4812,65.8583,12.0667],[-86.475,65.8583,11.5358],[-86.4609,65.8536,7.5707],[-86.4625,65.8521,6.3107],[-86.4682,65.8516,10.1701],[-86.4672,65.8484,5.3804],[-86.4682,65.8464,4.9388],[-86.4667,65.8458,4.201],[-86.4604,65.8479,4.4675],[-86.4563,65.8458,4.1491],[-86.4495,65.8495,4.8359],[-86.4437,65.85,4.8765],[-86.4313,65.8458,2.9198],[-86.425,65.8458,2.087],[-86.4208,65.8479,2.053],[-86.4146,65.8458,1.9826],[-86.413,65.8464,1.5312],[-86.4141,65.8536,2.88],[-86.4083,65.8542,3.0826],[-86.4026,65.8568,2.1571],[-86.4047,65.8599,2.03],[-86.412,65.8609,3.818],[-86.4141,65.8651,2.1559],[-86.412,65.8682,1.6202],[-86.4068,65.8714,0.0],[-86.4078,65.8745,0.0],[-86.4026,65.8776,0.0],[-86.4047,65.8807,1.9227],[-86.4099,65.8828,2.2983],[-86.3974,65.8912,2.035],[-86.3917,65.8917,0.0],[-86.3901,65.8932,0.0],[-86.3953,65.8943,1.9314],[-86.3974,65.8964,1.2474],[-86.3964,65.8995,1.9588],[-86.4099,65.9047,2.0529],[-86.4141,65.9099,1.2687],[-86.4026,65.9078,0.9331],[-86.3995,65.9047,0.0],[-86.388,65.9016,4.3915],[-86.3833,65.8979,0.0],[-86.375,65.8979,9.9252],[-86.3708,65.8958,-0.0703],[-86.3437,65.8958,0.0],[-86.3396,65.8979,2.6719],[-86.3333,65.8958,1.9228],[-86.3287,65.8995,2.1099],[-86.3146,65.9021,0.7073],[-86.3089,65.9047,0.0],[-86.3099,65.9078,0.6727],[-86.3036,65.912,0.0],[-86.2922,65.913,1.263],[-86.2932,65.9161,1.9964],[-86.2839,65.9151,0.389],[-86.2797,65.9172,0.4221],[-86.2807,65.9203,6.2193],[-86.2792,65.9208,2.2715],[-86.2729,65.9187,0.0],[-86.2641,65.9245,2.5231],[-86.2458,65.9292,1.7565],[-86.238,65.9287,0.0],[-86.2333,65.925,1.9633],[-86.2187,65.925,0.0],[-86.2172,65.9266,2.0498],[-86.2224,65.9276,1.8098],[-86.2245,65.9297,1.1903],[-86.2214,65.9328,0.0],[-86.2286,65.9411,1.8593],[-86.2208,65.9396,0.0],[-86.212,65.9453,0.0],[-86.2021,65.9458,2.1399],[-86.1963,65.9484,2.9211],[-86.2016,65.9547,1.9728],[-86.1984,65.9568,1.1591],[-86.1995,65.9599,1.6257],[-86.1922,65.9609,1.7268],[-86.1932,65.9641,3.4954],[-86.1859,65.9651,0.0],[-86.187,65.9682,4.294],[-86.1828,65.9703,0.9999],[-86.1755,65.9714,0.0],[-86.1771,65.9729,0.0],[-86.1828,65.9734,0.0],[-86.1849,65.9755,1.9853],[-86.1807,65.9786,0.0],[-86.1687,65.9792,1.8492],[-86.1625,65.9771,2.1944],[-86.1583,65.9792,5.1526],[-86.1542,65.9792,3.1397],[-86.15,65.9771,0.0],[-86.1438,65.9771,0.0],[-86.1422,65.9776,0.0],[-86.1432,65.9807,6.4507],[-86.1333,65.9833,2.2765],[-86.1271,65.9812,2.684],[-86.1208,65.9813,1.0422],[-86.1109,65.9838,0.0],[-86.1047,65.988,7.3509],[-86.1057,65.9912,3.4183],[-86.0979,65.9896,0.0],[-86.088,65.9922,0.9782],[-86.0828,65.9995,0.5586],[-86.075,66.0042,3.5834],[-86.0687,66.0021,1.1455],[-86.0625,66.0021,1.5749],[-86.0609,66.0026,0.7515],[-86.062,66.0057,2.0276],[-86.0505,66.0068,0.0],[-86.0516,66.0099,0.2342],[-86.0474,66.012,0.9491],[-86.0375,66.0146,4.9584],[-86.0292,66.0146,1.4963],[-86.025,66.0167,2.0818],[-86.0188,66.0146,0.2849],[-86.0125,66.0146,0.3947],[-86.0078,66.0182,0.2695],[-85.9938,66.0208,4.7717],[-85.988,66.0234,0.0],[-85.9891,66.0307,0.0],[-85.9875,66.0313,0.0],[-85.9729,66.0313,0.0],[-85.9687,66.0333,8.7193],[-85.9609,66.0318,0.0],[-85.9568,66.0349,2.1689],[-85.9641,66.0359,4.1578],[-85.9651,66.0391,0.0],[-85.9724,66.0401,10.6971],[-85.9766,66.0443,2.3167],[-85.9734,66.0474,0.4266],[-85.9786,66.0495,1.5373],[-85.963,66.0505,0.0],[-85.9589,66.0526,0.0],[-85.9599,66.0557,7.7844],[-85.9583,66.0563,6.6716],[-85.9547,66.0557,10.7779],[-85.9537,66.0526,0.0],[-85.95,66.0521,0.0],[-85.9463,66.0547,0.0],[-85.9463,66.0578,0.0],[-85.9505,66.062,0.0],[-85.9578,66.063,2.5688],[-85.9547,66.0661,0.0],[-85.9651,66.0766,0.0],[-85.9703,66.0776,0.0],[-85.9693,66.0828,1.1965],[-85.9776,66.0911,0.8373],[-85.9828,66.0922,2.1891],[-85.9818,66.0953,0.4592],[-85.987,66.0964,1.2287],[-85.9891,66.0995,0.783],[-85.9854,66.1021,0.3033],[-85.9734,66.1026,0.0],[-85.975,66.1042,1.4371],[-85.9807,66.1047,3.6541],[-85.9776,66.1068,0.7275],[-85.9786,66.1099,0.6757],[-85.975,66.1104,0.7534],[-85.9708,66.1083,0.0],[-85.9651,66.1109,0.6811],[-85.963,66.1141,1.2169],[-85.9708,66.1125,0.8135],[-85.9724,66.1141,1.6754],[-85.9661,66.1182,2.3317],[-85.9589,66.1193,1.6576],[-85.9516,66.1245,1.6199],[-85.9463,66.1245,1.3441],[-85.9417,66.1208,0.2232],[-85.9234,66.1214,0.4873],[-85.9213,66.1245,1.1417],[-85.9245,66.1286,1.4919],[-85.9213,66.1297,1.7738],[-85.9161,66.137,0.2946],[-85.913,66.138,0.0],[-85.9141,66.1412,1.1258],[-85.912,66.1432,1.5149],[-85.8964,66.1464,2.8564],[-85.8974,66.1495,3.596],[-85.8818,66.1547,2.1312],[-85.8828,66.1578,1.1454],[-85.875,66.1583,1.3207],[-85.8708,66.1563,2.479],[-85.8609,66.1589,1.8573],[-85.8651,66.1641,0.6723],[-85.8786,66.1672,3.377],[-85.8755,66.1703,0.5282],[-85.8786,66.1745,0.6884],[-85.8755,66.1766,0.0],[-85.8807,66.1818,6.2785],[-85.8776,66.1839,1.2095],[-85.8797,66.187,1.7437],[-85.8932,66.1901,18.4823],[-85.8953,66.1922,13.2104],[-85.8943,66.1953,0.2821],[-85.9021,66.1979,2.9915],[-85.9083,66.1979,3.0509],[-85.913,66.1943,10.0387],[-85.9167,66.1937,15.0737],[-85.9208,66.1958,7.3381],[-85.9417,66.1979,29.1928],[-85.9458,66.2,9.1798],[-85.9542,66.2,20.2898],[-85.9583,66.2021,0.0],[-85.9708,66.2021,5.373],[-85.975,66.2042,1.9182],[-85.9812,66.2042,0.0],[-85.9859,66.2005,0.0],[-85.9896,66.2,5.3702],[-86.0,66.2042,2.1512],[-86.0188,66.2042,3.9629],[-86.0229,66.2063,0.0],[-86.0354,66.2063,10.1784],[-86.0401,66.2099,0.0],[-86.0474,66.2109,5.6424],[-86.0568,66.2203,0.0],[-86.062,66.2214,0.0],[-86.0672,66.2266,0.0],[-86.0724,66.2276,29.1466],[-86.0771,66.2312,0.0],[-86.0813,66.2312,34.0977],[-86.0917,66.2354,0.0],[-86.1125,66.2375,0.0],[-86.1167,66.2396,0.0],[-86.125,66.2396,0.0],[-86.1354,66.2438,0.0],[-86.1438,66.2438,41.5805],[-86.1479,66.2458,29.9043],[-86.1604,66.2458,30.0317],[-86.1646,66.2479,4.7858],[-86.1729,66.2479,23.4259],[-86.1771,66.25,0.0],[-86.1854,66.25,3.0952],[-86.1896,66.2521,0.0],[-86.2042,66.2521,12.6158],[-86.2146,66.2562,5.716],[-86.2229,66.2562,36.6713],[-86.2333,66.2604,3.4246],[-86.2391,66.2609,17.4581],[-86.2458,66.2667,0.0],[-86.2662,66.2693,6.0521],[-86.2693,66.2724,0.0],[-86.275,66.2729,5.0211],[-86.2828,66.2755,7.8763],[-86.2859,66.2786,0.0],[-86.2932,66.2797,7.1093],[-86.2958,66.2833,0.0],[-86.3042,66.2833,0.0],[-86.3167,66.2875,0.0],[-86.3229,66.2875,0.0],[-86.3271,66.2854,44.145],[-86.3396,66.2896,0.0],[-86.3521,66.2896,4.5456],[-86.3562,66.2917,0.0],[-86.3729,66.2896,5.3612],[-86.3771,66.2917,0.0],[-86.3896,66.2917,0.0],[-86.4021,66.2875,4.4045],[-86.4083,66.2896,0.0],[-86.413,66.2859,3.8778],[-86.4208,66.2854,6.3304],[-86.425,66.2875,4.2288],[-86.4333,66.2875,5.0293],[-86.4437,66.2917,0.0],[-86.4479,66.2917,2.8796],[-86.4557,66.2943,10.0884],[-86.4589,66.2974,0.0],[-86.4807,66.3026,4.8106],[-86.4838,66.3078,0.0],[-86.4938,66.3083,3.5504],[-86.4979,66.3104,0.0],[-86.5016,66.3099,0.0],[-86.5005,66.3068,9.4971],[-86.5021,66.3063,9.4971],[-86.5062,66.3083,3.4645],[-86.5229,66.3083,0.0],[-86.5271,66.3063,2.3448],[-86.5375,66.3063,0.0],[-86.5417,66.3042,5.217],[-86.5479,66.3063,0.0],[-86.5521,66.3042,5.7602],[-86.5583,66.3042,5.3833],[-86.5625,66.3063,0.0],[-86.575,66.3063,1.3522],[-86.5792,66.3083,0.0],[-86.5875,66.3083,0.0],[-86.5937,66.3125,0.0],[-86.6083,66.3125,6.2594],[-86.6161,66.3151,7.4089],[-86.6193,66.3182,0.0],[-86.6245,66.3193,3.4122],[-86.6276,66.3224,0.0],[-86.6349,66.3234,2.746],[-86.637,66.3255,2.426],[-86.6318,66.3297,0.0],[-86.6328,66.3328,9.2488],[-86.6297,66.3349,0.0],[-86.6432,66.338,5.2484],[-86.6484,66.3432,0.0],[-86.6536,66.3443,4.6141],[-86.6526,66.3474,0.0],[-86.6547,66.3495,0.0],[-86.6599,66.3505,0.0],[-86.6703,66.3609,0.0],[-86.6651,66.3662,0.0],[-86.6713,66.3724,0.0],[-86.6813,66.3729,2.9135],[-86.6891,66.3755,2.397],[-86.6958,66.3812,0.0],[-86.7182,66.3839,0.8227],[-86.7245,66.3912,0.8415],[-86.713,66.3984,0.0],[-86.7172,66.4036,0.5133],[-86.7266,66.4026,0.0],[-86.738,66.4099,0.0],[-86.7453,66.4109,8.4205],[-86.7422,66.4141,0.0],[-86.7495,66.4151,8.5603],[-86.7547,66.4203,0.0],[-86.7599,66.4213,2.3207],[-86.763,66.4245,2.3948],[-86.7703,66.4255,5.1737],[-86.7693,66.4307,0.0],[-86.7828,66.4453,2.6369],[-86.7792,66.4458,1.6101],[-86.775,66.4437,2.6024],[-86.7625,66.4479,0.0],[-86.7458,66.4479,0.0],[-86.7333,66.4375,0.0],[-86.7255,66.438,0.6273],[-86.7286,66.4432,2.6784],[-86.7229,66.4458,5.3497],[-86.6958,66.4458,6.618],[-86.6854,66.4417,2.1709],[-86.6797,66.4411,10.5264],[-86.675,66.4375,0.0],[-86.6562,66.4375,13.3763],[-86.6521,66.4354,0.0],[-86.6229,66.4354,15.4508],[-86.6188,66.4333,0.0],[-86.6083,66.4333,0.0],[-86.6026,66.437,0.0],[-86.6062,66.4396,0.0],[-86.6141,66.438,13.8249],[-86.6182,66.4422,3.7751],[-86.6172,66.4453,0.0],[-86.6224,66.4464,10.232],[-86.6255,66.4495,0.0],[-86.6328,66.4505,0.0],[-86.6443,66.4578,0.0],[-86.6557,66.4589,4.2005],[-86.6505,66.4641,0.0],[-86.6641,66.4672,5.5953],[-86.6687,66.4708,0.0],[-86.6828,66.4714,0.0],[-86.6896,66.4771,0.0],[-86.7104,66.4792,1.2424],[-86.7151,66.4828,0.0],[-86.7224,66.4838,7.0339],[-86.7266,66.4891,0.0],[-86.7234,66.4901,0.0],[-86.7245,66.4932,1.7761],[-86.7214,66.4995,0.0],[-86.7234,66.5016,0.0],[-86.7286,66.5026,3.1291],[-86.7276,66.5057,1.614],[-86.7297,66.5078,0.4923],[-86.7349,66.5089,3.9829],[-86.7411,66.5151,2.3095],[-86.7401,66.5182,0.0],[-86.7411,66.5203,0.0],[-86.725,66.5208,0.0],[-86.7234,66.5224,0.0],[-86.7276,66.5266,0.0],[-86.7391,66.5276,24.458],[-86.7411,66.5307,0.0],[-86.738,66.5328,0.0],[-86.7557,66.5339,14.9106],[-86.7542,66.5354,0.5669],[-86.7312,66.5354,0.0],[-86.725,66.5333,0.0],[-86.7208,66.5354,2.1286],[-86.7167,66.5333,0.0],[-86.7083,66.5333,0.6638],[-86.7068,66.5328,10.3858],[-86.7078,66.5276,0.0],[-86.6917,66.5271,0.0],[-86.6813,66.5229,0.0],[-86.6755,66.5224,0.9361],[-86.6625,66.5104,0.0],[-86.6583,66.5125,1.5399],[-86.6479,66.5125,0.0],[-86.6432,66.5162,0.0],[-86.6396,66.5167,0.0],[-86.6286,66.5068,0.0],[-86.6234,66.5057,0.0],[-86.6214,66.5036,1.3806],[-86.6224,66.5005,0.0],[-86.6125,66.4979,0.0],[-86.6109,66.4995,0.0],[-86.6161,66.5047,0.0],[-86.6151,66.5078,0.0],[-86.6161,66.5099,0.0],[-86.6104,66.5125,0.0],[-86.6062,66.5125,0.0],[-86.6021,66.5146,1.8177],[-86.5958,66.5104,0.0],[-86.5896,66.5125,0.0],[-86.5854,66.5104,0.0],[-86.5792,66.5104,0.0],[-86.575,66.5125,2.2407],[-86.5672,66.513,0.0],[-86.5641,66.5162,0.0],[-86.5542,66.5188,0.0],[-86.5479,66.5167,0.2824],[-86.5422,66.5193,0.0],[-86.5516,66.5297,0.0],[-86.5495,66.5328,0.0],[-86.5443,66.5359,0.0],[-86.5443,66.5391,0.0],[-86.5516,66.5401,0.0],[-86.5589,66.5474,0.0],[-86.5641,66.5484,2.6556],[-86.5661,66.5505,2.8503],[-86.5651,66.5537,2.5906],[-86.5703,66.5547,2.703],[-86.5745,66.5589,2.7544],[-86.5646,66.5625,8.9068],[-86.5547,66.5599,2.1234],[-86.55,66.5563,0.0],[-86.5401,66.5557,11.0909],[-86.5359,66.5516,3.0958],[-86.5391,66.5484,0.0],[-86.5276,66.5474,2.5723],[-86.5286,66.5443,4.61],[-86.5208,66.5375,4.6174],[-86.513,66.538,2.5375],[-86.5146,66.5396,0.0],[-86.5203,66.5401,5.2575],[-86.5224,66.5422,5.0149],[-86.5167,66.5458,0.0],[-86.5068,66.5432,0.0],[-86.5036,66.5401,0.0],[-86.4974,66.538,0.0],[-86.4901,66.537,0.0],[-86.487,66.5339,0.0],[-86.4771,66.5333,0.0],[-86.4667,66.5292,0.0],[-86.4604,66.5313,0.4853],[-86.4542,66.5313,1.8533],[-86.45,66.5292,0.0],[-86.4375,66.5292,0.0],[-86.4333,66.5271,0.0],[-86.425,66.5271,1.4884],[-86.4125,66.5229,0.0],[-86.4062,66.5229,4.8397],[-86.3875,66.5167,0.0],[-86.3792,66.5167,0.7846],[-86.3734,66.512,0.0],[-86.3745,66.5089,0.0],[-86.3729,66.5083,0.0],[-86.3651,66.5089,0.0],[-86.3661,66.512,1.6717],[-86.3646,66.5125,4.306],[-86.3604,66.5104,0.0],[-86.3568,66.5109,0.0],[-86.3578,66.5141,0.0],[-86.3542,66.5167,1.7559],[-86.3479,66.5146,3.568],[-86.3396,66.5146,7.8525],[-86.3333,66.5104,0.0],[-86.3193,66.5089,3.5114],[-86.3151,66.512,0.0],[-86.3193,66.5162,0.5161],[-86.3328,66.5193,6.7987],[-86.3349,66.5224,2.8636],[-86.3318,66.5245,0.0],[-86.3375,66.525,2.2323],[-86.3391,66.5266,0.0],[-86.3287,66.5328,0.0],[-86.3187,66.5333,2.201],[-86.3104,66.5375,0.0],[-86.3057,66.5339,0.0],[-86.3,66.5333,7.8866],[-86.2896,66.5292,0.0],[-86.2812,66.5292,0.0],[-86.2771,66.5271,0.0],[-86.2708,66.5292,8.8051],[-86.263,66.5286,1.8191],[-86.2588,66.5245,0.0],[-86.262,66.5214,0.0],[-86.2583,66.5188,0.0],[-86.2547,66.5193,0.0],[-86.2557,66.5224,0.0],[-86.2542,66.5229,0.0],[-86.2422,66.5224,0.0],[-86.238,66.5182,2.1989],[-86.2391,66.5151,6.6837],[-86.2354,66.5125,0.0],[-86.2338,66.513,0.0],[-86.2349,66.5162,2.1322],[-86.2312,66.5167,0.0],[-86.225,66.5125,0.0],[-86.2125,66.5125,1.6203],[-86.2063,66.5104,0.0],[-86.1937,66.5146,1.2694],[-86.1891,66.5109,0.0],[-86.1854,66.5104,0.0],[-86.1755,66.5141,0.0],[-86.1828,66.5151,24.7968],[-86.1875,66.5188,0.0],[-86.1958,66.5188,0.0],[-86.1974,66.5203,0.0],[-86.1875,66.5229,0.766],[-86.175,66.5229,49.6549],[-86.1734,66.5214,42.9406],[-86.1766,66.5193,0.0],[-86.1708,66.5146,0.0],[-86.1625,66.5146,0.0],[-86.1578,66.5109,0.0],[-86.1479,66.5104,3.6402],[-86.1417,66.5062,0.0],[-86.1354,66.5083,2.2522],[-86.1292,66.5042,1.6441],[-86.1229,66.5042,13.5222],[-86.1167,66.5062,6.327],[-86.1099,66.5005,0.0],[-86.0958,66.5,0.0],[-86.0854,66.4958,0.0],[-86.0818,66.4974,0.0],[-86.0891,66.5016,2.3252],[-86.0854,66.5042,0.918],[-86.0818,66.5036,2.6788],[-86.0766,66.4984,4.8573],[-86.0687,66.4958,0.0],[-86.0625,66.4958,0.5042],[-86.0583,66.4979,0.0],[-86.0459,66.4938,5.2323],[-86.0292,66.4938,1.2614],[-86.0276,66.4943,0.0],[-86.0286,66.4974,0.0],[-86.0255,66.4995,0.0],[-86.0328,66.5005,0.7341],[-86.0349,66.5026,2.4173],[-86.0318,66.5047,1.1231],[-86.0328,66.5078,0.676],[-86.0312,66.5083,0.5379],[-86.0234,66.5078,5.154],[-86.0188,66.5042,1.6707],[-86.0088,66.5036,0.6438],[-86.0104,66.5021,0.1716],[-86.0162,66.5016,4.5389],[-86.0125,66.4979,0.0],[-86.0047,66.4984,2.4038],[-86.0026,66.5005,0.0],[-86.0036,66.5036,3.2248],[-86.0021,66.5042,7.3808],[-85.9958,66.5021,0.0],[-85.9812,66.5062,1.0002],[-85.9729,66.5,0.0],[-85.9589,66.4995,2.8803],[-85.9568,66.4974,1.4698],[-85.9578,66.4943,0.0],[-85.9547,66.4891,1.0331],[-85.9557,66.4859,0.0],[-85.9479,66.4875,4.172],[-85.9417,66.4833,2.2312],[-85.9187,66.4812,1.4573],[-85.9172,66.4828,0.0],[-85.9245,66.4901,2.2168],[-85.9255,66.4932,0.0],[-85.9349,66.4922,6.4664],[-85.9339,66.4953,1.5821],[-85.9359,66.4974,0.0],[-85.9411,66.4984,2.2717],[-85.9401,66.5016,0.0],[-85.9411,66.5036,0.0],[-85.9359,66.5036,6.6155],[-85.9271,66.4958,2.9425],[-85.9213,66.4984,0.0],[-85.9224,66.5016,0.0],[-85.9151,66.5026,0.0],[-85.9161,66.5057,0.0],[-85.9104,66.5083,1.309],[-85.9042,66.5042,0.0],[-85.8859,66.5047,0.8056],[-85.8818,66.5078,1.6146],[-85.887,66.5141,0.0],[-85.8771,66.5167,0.0],[-85.8672,66.5141,5.2256],[-85.863,66.5099,1.9583],[-85.8661,66.5068,0.0],[-85.8562,66.5062,3.7097],[-85.8521,66.5042,3.9671],[-85.8484,66.5057,0.0],[-85.8536,66.512,0.0],[-85.8516,66.5141,1.7785],[-85.8479,66.5146,2.85],[-85.837,66.5047,5.1936],[-85.8292,66.5021,5.2594],[-85.8208,66.5021,2.1975],[-85.8167,66.5,0.0],[-85.8042,66.5062,0.7568],[-85.7943,66.5036,3.0966],[-85.7974,66.5005,0.0],[-85.7896,66.4979,0.0],[-85.7859,66.4984,0.0],[-85.787,66.5016,0.0],[-85.7854,66.5021,0.6541],[-85.7729,66.5021,0.0],[-85.7688,66.5,0.0],[-85.7672,66.5005,0.0],[-85.7682,66.5036,0.0],[-85.7651,66.5057,0.0],[-85.7708,66.5062,2.2137],[-85.7724,66.5078,0.0],[-85.7568,66.5109,2.2485],[-85.7604,66.5146,1.7472],[-85.7646,66.5125,3.641],[-85.7682,66.5141,2.6958],[-85.7625,66.5167,4.4954],[-85.7479,66.5146,3.4805],[-85.7479,66.5167,3.0288],[-85.7464,66.5172,0.0],[-85.7474,66.5203,0.0],[-85.7338,66.5214,0.0],[-85.7354,66.5229,0.0],[-85.7453,66.5234,0.0],[-85.7438,66.525,0.0],[-85.7104,66.5271,0.0],[-85.7063,66.5292,0.4682],[-85.6917,66.5292,0.0],[-85.6875,66.5313,6.4666],[-85.6839,66.5307,6.3089],[-85.6792,66.5271,1.9977],[-85.6776,66.5286,0.0],[-85.6807,66.5328,0.0],[-85.675,66.5354,0.0],[-85.6708,66.5354,0.0],[-85.6667,66.5375,0.0],[-85.6458,66.5375,0.0],[-85.6443,66.538,0.0],[-85.6453,66.5411,0.0],[-85.6354,66.5417,0.0],[-85.6312,66.5437,0.0],[-85.6234,66.5422,3.9228],[-85.6193,66.5443,0.0],[-85.6203,66.5474,0.0],[-85.613,66.5484,0.0],[-85.6068,66.5526,1.8151],[-85.612,66.5557,1.226],[-85.6005,66.5568,0.0],[-85.5964,66.5589,0.0],[-85.5917,66.5646,3.7448],[-85.5854,66.5646,0.0],[-85.5813,66.5625,0.0],[-85.575,66.5625,0.0],[-85.5708,66.5646,2.4036],[-85.5667,66.5625,0.0],[-85.5542,66.5625,0.0],[-85.5479,66.5667,2.8104],[-85.5375,66.5667,0.0],[-85.5328,66.5703,0.0],[-85.5208,66.5708,0.0],[-85.5125,66.575,1.7056],[-85.4958,66.575,1.5509],[-85.4917,66.5729,0.0],[-85.4875,66.575,0.0],[-85.4771,66.575,0.0],[-85.4708,66.5792,0.0],[-85.4646,66.5771,0.0],[-85.4604,66.5813,1.9328],[-85.4526,66.5807,3.9308],[-85.4516,66.5776,0.0],[-85.4479,66.5771,1.4224],[-85.4463,66.5776,3.6135],[-85.4474,66.5807,4.3948],[-85.4443,66.5818,0.9946],[-85.4453,66.5849,0.9168],[-85.4443,66.587,0.8643],[-85.4474,66.5911,8.4057],[-85.4333,66.5958,-0.5],[-85.4271,66.5958,-0.5],[-85.4234,66.5922,16.5789],[-85.4286,66.5891,0.9313],[-85.4276,66.5859,21.376],[-85.437,66.5797,0.8909],[-85.4297,66.5787,0.8829],[-85.4271,66.575,0.7224],[-85.4172,66.5745,4.762],[-85.4089,66.5661,1.4431],[-85.4161,66.563,0.0],[-85.4083,66.5604,0.0],[-85.4005,66.562,54.6043],[-85.4016,66.5589,4.2547],[-85.3922,66.5495,56.0907],[-85.3953,66.5463,0.0],[-85.3901,66.5453,43.8087],[-85.3912,66.5422,0.0],[-85.3859,66.537,1.043],[-85.387,66.5318,2.2674],[-85.3724,66.5151,0.0],[-85.3625,66.5146,64.3803],[-85.3557,66.5089,3.0333],[-85.3359,66.5036,56.0854],[-85.337,66.5005,26.3163],[-85.3318,66.4995,17.1566],[-85.3224,66.4901,3.3206],[-85.3172,66.4891,16.7737],[-85.3151,66.487,29.0339],[-85.3182,66.4797,0.0],[-85.313,66.4786,0.6097],[-85.3109,66.4766,5.3994],[-85.312,66.4734,0.98],[-85.3068,66.4724,0.0],[-85.3026,66.4682,44.7293],[-85.3078,66.4641,47.4361],[-85.3047,66.4578,8.3068],[-85.3057,66.4547,6.3092],[-85.3047,66.4526,3.6611],[-85.3078,66.4516,1.3253],[-85.3068,66.4484,23.7804],[-85.3099,66.4474,1.4858],[-85.3068,66.4432,14.7885],[-85.3078,66.4401,24.8636],[-85.3068,66.438,70.8065],[-85.3141,66.4349,2.7513],[-85.312,66.4318,0.0],[-85.3047,66.4307,14.124],[-85.3078,66.4287,1.5089],[-85.3068,66.4255,15.4453],[-85.3083,66.4229,1.4083],[-85.3078,66.4213,1.5198],[-85.3005,66.4203,46.7809],[-85.3057,66.4151,11.2827],[-85.3005,66.4141,37.1045],[-85.2984,66.412,14.9776],[-85.3016,66.4089,1.5901],[-85.2984,66.4057,31.2096],[-85.2995,66.4026,1.991],[-85.2974,66.3984,0.8563],[-85.2943,66.3953,19.0401],[-85.2958,66.3938,17.5594],[-85.3016,66.3932,1.2516],[-85.3036,66.3912,1.4536],[-85.2984,66.388,5.0062],[-85.3016,66.387,2.7387],[-85.3036,66.3839,3.215],[-85.2984,66.3786,2.6849],[-85.2974,66.3755,0.0],[-85.2901,66.3745,2.7542],[-85.2849,66.3693,1.0804],[-85.2797,66.3682,13.6116],[-85.2828,66.3651,1.0679],[-85.2786,66.3609,5.963],[-85.2714,66.3599,20.7147],[-85.2807,66.3526,0.0],[-85.2755,66.3516,2.3561],[-85.2766,66.3484,0.0],[-85.2714,66.3474,10.8833],[-85.2693,66.3453,9.4058],[-85.2708,66.3438,7.3316],[-85.2766,66.3432,0.0],[-85.2714,66.3411,2.1188],[-85.2724,66.338,2.4575],[-85.2714,66.3359,12.8751],[-85.275,66.3354,4.3978],[-85.2792,66.3375,0.0],[-85.2807,66.3359,0.0],[-85.2755,66.3287,11.0451],[-85.2766,66.3255,1.2099],[-85.2651,66.3245,15.8792],[-85.2667,66.3229,13.9053],[-85.2724,66.3224,0.0],[-85.2714,66.3172,2.7927],[-85.2724,66.3151,1.62],[-85.2672,66.3141,4.9905],[-85.2568,66.3037,9.6332],[-85.2641,66.3005,0.0],[-85.2588,66.2995,11.4659],[-85.262,66.2963,0.0],[-85.2578,66.2922,0.0],[-85.2505,66.2911,12.8951],[-85.2536,66.2891,0.6576],[-85.2505,66.2839,10.1705],[-85.2536,66.2818,0.0],[-85.2474,66.2755,1.2605],[-85.2318,66.2745,0.855],[-85.2297,66.2714,2.9565],[-85.237,66.2703,1.4453],[-85.2349,66.2672,0.0],[-85.225,66.2667,0.0],[-85.2208,66.2646,0.0],[-85.2167,66.2667,13.5408],[-85.213,66.2662,1.9547],[-85.2109,66.2641,3.457],[-85.2141,66.262,0.0],[-85.2125,66.2604,5.3244],[-85.1984,66.2609,1.1281],[-85.1995,66.2641,0.0],[-85.1917,66.2688,0.0],[-85.1818,66.2662,1.998],[-85.1776,66.262,0.0],[-85.1807,66.2589,0.0],[-85.1687,66.2521,8.0002],[-85.1562,66.2521,0.0],[-85.138,66.2568,0.0],[-85.1396,66.2583,0.0],[-85.1453,66.2589,2.3206],[-85.1422,66.262,0.0],[-85.1443,66.2641,0.0],[-85.1495,66.2651,9.903],[-85.1536,66.2703,0.864],[-85.1438,66.2708,0.0],[-85.1354,66.275,0.0],[-85.1338,66.2745,0.0],[-85.1349,66.2714,6.7761],[-85.1328,66.2693,0.0],[-85.125,66.2688,0.0],[-85.1172,66.2734,0.0],[-85.1182,66.2766,2.8379],[-85.113,66.2797,0.0],[-85.1141,66.2828,6.0728],[-85.1021,66.2896,1.613],[-85.0901,66.2901,0.0],[-85.0911,66.2932,0.0],[-85.0901,66.2953,0.0],[-85.0953,66.2963,3.7079],[-85.0974,66.2984,5.8821],[-85.0922,66.3037,0.0],[-85.1016,66.3089,0.0],[-85.0964,66.3141,0.0],[-85.1016,66.3161,3.2015],[-85.0958,66.3187,0.0],[-85.0859,66.3099,5.4225],[-85.0891,66.3068,0.0],[-85.087,66.3047,0.0],[-85.0818,66.3037,7.3404],[-85.087,66.2984,0.0],[-85.0797,66.2911,12.1318],[-85.0828,66.288,0.0],[-85.0724,66.2776,0.0],[-85.0672,66.2766,5.9282],[-85.0625,66.2729,0.0],[-85.0521,66.2729,0.0],[-85.0458,66.275,21.297],[-85.0417,66.2729,0.0],[-85.0229,66.2708,3.6686],[-85.0188,66.2688,0.0],[-85.0068,66.2724,-0.1536],[-84.9995,66.2651,0.4727],[-84.9917,66.2667,0.0],[-84.9838,66.2641,8.1881],[-84.9797,66.2599,0.0],[-84.9828,66.2568,0.0],[-84.9714,66.2557,0.0],[-84.9599,66.2443,0.0],[-84.9547,66.2432,1.5886],[-84.9578,66.2412,0.0],[-84.9557,66.238,0.0],[-84.938,66.237,2.5317],[-84.938,66.2338,1.2567],[-84.9453,66.2328,2.0862],[-84.9437,66.2312,3.64],[-84.9292,66.2312,0.7213],[-84.925,66.2292,0.0],[-84.9234,66.2307,0.0],[-84.9266,66.2349,20.6897],[-84.9208,66.2354,1.7639],[-84.9125,66.2396,1.597],[-84.9062,66.2396,0.0],[-84.9021,66.2375,0.0],[-84.8943,66.238,0.0],[-84.8901,66.2412,0.0],[-84.8958,66.2417,13.8141],[-84.8974,66.2432,17.668],[-84.8917,66.2438,0.0],[-84.8859,66.2464,1.8821],[-84.8891,66.2516,0.0],[-84.8849,66.2536,0.0],[-84.8755,66.2526,0.0],[-84.8766,66.2599,0.0],[-84.875,66.2604,0.0],[-84.8714,66.2599,0.8061],[-84.8667,66.2562,0.0],[-84.8625,66.2583,2.241],[-84.8562,66.2583,2.813],[-84.85,66.2562,0.0],[-84.8453,66.2599,1.9089],[-84.8417,66.2604,0.3823],[-84.8313,66.2562,0.0],[-84.8255,66.2557,2.6329],[-84.8234,66.2536,4.6022],[-84.8266,66.2516,0.0],[-84.8245,66.2484,0.0],[-84.8167,66.2458,0.0],[-84.8042,66.2458,0.0],[-84.7943,66.2432,1.8365],[-84.7974,66.2401,0.0],[-84.7953,66.238,0.0],[-84.7901,66.237,0.0],[-84.7828,66.2297,0.0],[-84.7776,66.2286,9.6838],[-84.7755,66.2266,6.7348],[-84.7766,66.2234,0.0],[-84.7714,66.2224,0.0],[-84.7641,66.2151,0.0],[-84.7547,66.2161,11.7544],[-84.7516,66.213,0.0],[-84.7464,66.212,0.0],[-84.7422,66.2078,1.9038],[-84.7438,66.2063,0.0],[-84.7542,66.2042,1.9227],[-84.7631,66.212,0.0],[-84.7708,66.2146,0.0],[-84.7833,66.2146,0.0],[-84.7875,66.2167,0.0],[-84.8016,66.2161,0.849],[-84.7995,66.213,0.0],[-84.7937,66.2125,10.6229],[-84.7922,66.2109,5.0096],[-84.8078,66.2057,1.827],[-84.8099,66.2026,0.0],[-84.8047,66.2005,9.4931],[-84.8078,66.1984,0.0],[-84.8005,66.1974,11.161],[-84.7953,66.1922,0.0],[-84.7875,66.1896,1.3606],[-84.7646,66.1875,0.0],[-84.763,66.188,0.0],[-84.7641,66.1911,0.0],[-84.7604,66.1917,0.0],[-84.7521,66.1833,0.0],[-84.7292,66.1833,0.0],[-84.7276,66.1839,0.0],[-84.7286,66.187,0.0],[-84.7271,66.1875,0.0],[-84.7083,66.1875,0.0],[-84.7,66.1917,0.0],[-84.6937,66.1896,0.0],[-84.6896,66.1917,0.0],[-84.6771,66.1917,0.0],[-84.6797,66.1953,0.0],[-84.6896,66.1958,0.0],[-84.6974,66.1984,0.0],[-84.6963,66.2016,0.0],[-84.7016,66.2026,0.0],[-84.7037,66.2057,9.0966],[-84.6958,66.2042,7.8397],[-84.6917,66.2063,0.0],[-84.6854,66.2063,8.4277],[-84.6813,66.2042,0.0],[-84.675,66.2042,0.0],[-84.6713,66.2068,0.0],[-84.6682,66.212,2.4196],[-84.6625,66.2125,0.0],[-84.6568,66.2151,0.0],[-84.6578,66.2182,21.2516],[-84.6526,66.2214,0.0],[-84.6536,66.2245,0.0],[-84.6396,66.225,16.6582],[-84.6354,66.2229,0.0],[-84.6292,66.225,2.4079],[-84.625,66.2229,0.0],[-84.6151,66.2224,11.0203],[-84.6141,66.2193,1.4142],[-84.6078,66.213,0.0],[-84.5964,66.212,2.2872],[-84.5995,66.2089,0.0],[-84.5833,66.2083,3.1166],[-84.5693,66.2037,3.1551],[-84.5646,66.2,0.0],[-84.5609,66.2005,0.0],[-84.562,66.2037,1.3933],[-84.5568,66.2068,0.0],[-84.5578,66.2099,0.0],[-84.5547,66.2109,0.0],[-84.5557,66.2141,3.3841],[-84.5521,66.2167,0.0],[-84.5484,66.2161,4.441],[-84.5422,66.2078,0.0],[-84.5432,66.2047,0.0],[-84.5318,66.2037,0.0],[-84.5286,66.1984,0.0],[-84.5188,66.1979,3.6872],[-84.512,66.1922,0.0],[-84.4922,66.187,2.8046],[-84.488,66.1828,0.0],[-84.4891,66.1776,0.0],[-84.4734,66.1766,45.2423],[-84.4682,66.1713,4.8506],[-84.4547,66.1682,2.1331],[-84.4578,66.1651,2.674],[-84.4537,66.1609,0.0],[-84.4318,66.1578,0.0],[-84.4297,66.1557,0.0],[-84.4307,66.1526,0.0],[-84.4292,66.1521,0.0],[-84.425,66.1542,0.0],[-84.4208,66.1521,0.0],[-84.4172,66.1526,0.0],[-84.4182,66.1557,0.0],[-84.4109,66.1568,0.0],[-84.4161,66.1589,2.2714],[-84.4125,66.1625,0.0],[-84.4089,66.162,0.0],[-84.4042,66.1583,0.0],[-84.3979,66.1583,0.0],[-84.3938,66.1604,0.0],[-84.3875,66.1583,0.0],[-84.3812,66.1625,6.2436],[-84.3688,66.1625,3.4545],[-84.3651,66.1599,0.4012],[-84.363,66.1557,3.2029],[-84.3641,66.1526,0.0],[-84.3625,66.1521,0.0],[-84.3458,66.1521,3.6052],[-84.3443,66.1526,3.6052],[-84.3453,66.1557,2.9088],[-84.3437,66.1563,7.8491],[-84.3396,66.1542,0.0],[-84.3359,66.1547,5.88],[-84.3297,66.1599,0.0],[-84.3396,66.1625,21.0954],[-84.3479,66.1583,6.8504],[-84.3557,66.1609,7.1547],[-84.3536,66.1641,12.7594],[-84.3479,66.1646,39.928],[-84.3422,66.1672,0.0],[-84.3432,66.1703,0.0],[-84.3401,66.1724,0.0],[-84.3458,66.1729,0.0],[-84.3474,66.1745,0.0],[-84.338,66.1755,0.0],[-84.3396,66.1771,0.0],[-84.3453,66.1776,0.0],[-84.3422,66.1797,2.4163],[-84.3432,66.1828,11.5293],[-84.3401,66.1849,0.0],[-84.3474,66.1859,19.9571],[-84.3536,66.1943,0.9164],[-84.3484,66.1995,3.3055],[-84.3536,66.2047,0.0],[-84.3526,66.2099,0.0],[-84.3547,66.212,2.8372],[-84.3661,66.2151,34.351],[-84.3682,66.2172,16.6711],[-84.3672,66.2203,1.4245],[-84.3724,66.2214,2.1193],[-84.3776,66.2266,19.8052],[-84.3828,66.2276,8.716],[-84.3901,66.2349,11.7032],[-84.3979,66.2375,11.5339],[-84.4104,66.2375,56.856],[-84.4151,66.2412,3.0274],[-84.4286,66.2443,40.1445],[-84.4339,66.2495,1.0304],[-84.4391,66.2505,49.0526],[-84.4443,66.2578,0.0],[-84.4578,66.2609,74.4671],[-84.463,66.2662,0.0],[-84.4682,66.2672,0.0],[-84.4672,66.2703,0.0],[-84.4807,66.2755,26.8402],[-84.4797,66.2786,0.0],[-84.4849,66.2797,2.4729],[-84.4964,66.2932,0.0],[-84.5078,66.2943,90.8025],[-84.5047,66.2963,15.7595],[-84.5068,66.2995,0.0],[-84.5141,66.3005,0.0],[-84.5172,66.3037,7.7317],[-84.5224,66.3047,9.1411],[-84.5172,66.3099,11.3998],[-84.525,66.3125,0.0],[-84.5312,66.3104,11.7427],[-84.5521,66.3104,14.749],[-84.5557,66.313,0.0],[-84.5521,66.3146,6.0253],[-84.5479,66.3125,0.0],[-84.5417,66.3125,0.0],[-84.5328,66.3182,12.9462],[-84.525,66.3187,0.0],[-84.5182,66.313,0.0],[-84.5151,66.313,0.0],[-84.5088,66.3172,0.0],[-84.512,66.3245,4.1805],[-84.5068,66.3276,0.0],[-84.5078,66.3307,1.091],[-84.5047,66.3328,0.0],[-84.512,66.3339,7.2074],[-84.5151,66.337,0.0],[-84.5203,66.338,10.876],[-84.5151,66.3422,2.3333],[-84.5172,66.3474,0.0],[-84.5396,66.35,0.0],[-84.5411,66.3505,0.0],[-84.5401,66.3536,3.059],[-84.5479,66.3562,18.3403],[-84.5563,66.3562,1.0344],[-84.5604,66.3583,1.9639],[-84.5729,66.3583,0.0],[-84.5766,66.362,0.0],[-84.5708,66.3646,0.0],[-84.5667,66.3625,0.0],[-84.563,66.363,0.0],[-84.5599,66.3662,0.0],[-84.5526,66.3672,0.0],[-84.5536,66.3703,15.6742],[-84.5479,66.3729,0.0],[-84.5359,66.3734,0.0],[-84.537,66.3766,0.0],[-84.5349,66.3807,0.0],[-84.5276,66.3818,0.0],[-84.5214,66.3859,0.0],[-84.5162,66.3932,0.0],[-84.5104,66.3958,0.4782],[-84.5047,66.3964,0.0],[-84.4979,66.4,15.8918],[-84.488,66.4005,0.0],[-84.4807,66.4057,3.0139],[-84.4771,66.4063,8.0936],[-84.4714,66.4005,4.474],[-84.4786,66.3964,0.0],[-84.4766,66.3943,0.7723],[-84.468,66.392,4.0419],[-84.4667,66.3896,1.7335],[-84.4682,66.3859,1.6403],[-84.4583,66.3854,1.9456],[-84.4521,66.3812,0.0],[-84.4437,66.3854,0.0],[-84.4359,66.3849,0.7706],[-84.4318,66.3786,4.8132],[-84.4328,66.3755,2.3623],[-84.4276,66.3745,5.6668],[-84.4307,66.3714,2.2177],[-84.4234,66.3641,0.0],[-84.4266,66.362,0.0],[-84.4245,66.3588,0.0],[-84.4172,66.3578,8.0381],[-84.4146,66.3542,5.8449],[-84.4083,66.3562,0.0],[-84.4021,66.3562,0.0],[-84.3974,66.3526,0.0],[-84.3922,66.3516,4.0272],[-84.3938,66.35,2.1769],[-84.4036,66.3495,0.9799],[-84.4078,66.3464,3.781],[-84.4042,66.3438,0.0],[-84.3958,66.3479,0.0],[-84.388,66.3411,2.0695],[-84.3912,66.3391,0.0],[-84.3901,66.3359,1.6431],[-84.3912,66.3318,0.0],[-84.3838,66.3307,2.8771],[-84.3797,66.3255,9.2826],[-84.3828,66.3245,3.0287],[-84.3818,66.3214,2.1977],[-84.3849,66.3203,2.7156],[-84.388,66.3151,13.3584],[-84.3932,66.3109,0.0],[-84.3849,66.3026,1.4157],[-84.3734,66.2995,3.6054],[-84.3682,66.2943,7.3995],[-84.363,66.2932,17.0091],[-84.3641,66.2901,7.7101],[-84.363,66.288,5.2919],[-84.3661,66.2859,6.8133],[-84.3609,66.2807,10.3312],[-84.3641,66.2786,0.0],[-84.3625,66.2771,0.0],[-84.3562,66.2771,0.0],[-84.3547,66.2776,0.0],[-84.3557,66.2807,0.0],[-84.3479,66.2813,11.0395],[-84.338,66.2786,9.7547],[-84.3354,66.275,1.977],[-84.3271,66.275,9.8142],[-84.3083,66.2688,19.302],[-84.3,66.2688,6.7536],[-84.2958,66.2667,0.0],[-84.2875,66.2708,20.555],[-84.2812,66.2688,0.0],[-84.2776,66.2714,0.0],[-84.2755,66.2755,0.0],[-84.2797,66.2828,0.0],[-84.2979,66.2813,14.7464],[-84.3016,66.2839,0.0],[-84.2995,66.287,3.5198],[-84.2922,66.2901,1.5469],[-84.2995,66.2995,0.4417],[-84.2937,66.3021,12.5752],[-84.2839,66.2995,15.6276],[-84.2792,66.2958,0.0],[-84.2729,66.2958,0.0],[-84.2688,66.2979,0.0],[-84.2604,66.2979,0.0],[-84.2562,66.3,7.1238],[-84.25,66.3,6.9123],[-84.2438,66.2979,0.0],[-84.2396,66.3,0.0],[-84.2333,66.2979,0.0],[-84.2234,66.3005,1.7379],[-84.2214,66.3026,0.0],[-84.2286,66.3068,24.2981],[-84.2255,66.3099,0.0],[-84.2354,66.3104,24.7898],[-84.2396,66.3125,7.2259],[-84.2432,66.312,19.7055],[-84.2479,66.3083,31.8461],[-84.2557,66.3099,5.9512],[-84.2688,66.3021,35.9983],[-84.2891,66.3047,19.2511],[-84.2859,66.3068,7.1667],[-84.287,66.3099,4.2582],[-84.2849,66.3141,21.249],[-84.2776,66.3151,4.2305],[-84.2786,66.3182,31.8932],[-84.2776,66.3203,7.0742],[-84.2833,66.3187,23.4634],[-84.3,66.3187,12.9294],[-84.3089,66.3266,10.9456],[-84.3141,66.3276,14.1399],[-84.3,66.3333,5.4345],[-84.2958,66.3313,9.2088],[-84.2797,66.3307,7.6864],[-84.2828,66.3276,6.3365],[-84.2714,66.3266,21.2718],[-84.2745,66.3245,5.3026],[-84.2724,66.3214,5.5979],[-84.2625,66.3208,5.3944],[-84.2521,66.3167,5.4308],[-84.2396,66.3167,0.0],[-84.2354,66.3187,0.0],[-84.2271,66.3187,0.0],[-84.2208,66.3208,0.0],[-84.2167,66.3187,0.0],[-84.2083,66.3187,9.8469],[-84.2005,66.3161,6.491],[-84.1943,66.3141,12.8019],[-84.1896,66.3104,0.0],[-84.1833,66.3104,0.0],[-84.1771,66.3125,8.8717],[-84.1729,66.3104,0.8866],[-84.1646,66.3104,7.8394],[-84.1604,66.3083,0.0],[-84.1542,66.3083,0.0],[-84.15,66.3104,0.0],[-84.1312,66.3104,0.0],[-84.125,66.3125,2.843],[-84.1229,66.3104,0.0],[-84.1245,66.3078,0.0],[-84.1234,66.3047,0.0],[-84.1396,66.3042,15.0019],[-84.1412,66.3037,0.0],[-84.1412,66.3005,13.717],[-84.1338,66.2995,14.6846],[-84.1286,66.2943,3.6359],[-84.1208,66.2917,7.1078],[-84.113,66.2922,3.949],[-84.1099,66.2953,7.2823],[-84.1021,66.2979,5.0715],[-84.1005,66.2963,3.3135],[-84.1036,66.2943,0.0],[-84.0984,66.2932,0.0],[-84.0995,66.2901,8.7931],[-84.0943,66.2891,35.3887],[-84.0922,66.287,65.5092],[-84.1036,66.2828,23.9418],[-84.1099,66.2786,3.4561],[-84.1088,66.2755,8.2195],[-84.1161,66.2724,14.0896],[-84.1151,66.2693,30.8734],[-84.1203,66.2651,0.0],[-84.1182,66.263,2.1359],[-84.113,66.262,23.1328],[-84.1141,66.2589,0.0],[-84.1062,66.2583,5.5662],[-84.0937,66.2542,0.0],[-84.0839,66.2536,27.6149],[-84.0849,66.2484,0.0],[-84.0828,66.2464,0.0],[-84.0776,66.2453,7.8664],[-84.0807,66.2432,1.2424],[-84.0792,66.2417,1.1357],[-84.0708,66.2417,15.6029],[-84.0479,66.2354,0.0],[-84.0417,66.2354,0.0],[-84.0375,66.2375,3.0439],[-84.0208,66.2375,16.9843],[-84.0083,66.2333,2.7176],[-84.0005,66.2328,15.4403],[-83.9984,66.2297,18.2839],[-84.0036,66.2255,0.0],[-83.9984,66.2245,0.0],[-83.9953,66.2214,0.0],[-83.9792,66.2167,0.0],[-83.9526,66.2141,0.0],[-83.9505,66.2109,2.2059],[-83.9537,66.2089,2.2509],[-83.9505,66.2047,25.9929],[-83.9537,66.2037,36.142],[-83.9557,66.2005,13.4622],[-83.9505,66.1995,14.385],[-83.9453,66.1943,0.0],[-83.9375,66.1917,0.0],[-83.9313,66.1917,0.0],[-83.9271,66.1937,34.636],[-83.9208,66.1917,0.0],[-83.9167,66.1937,5.3702],[-83.9104,66.1917,0.0],[-83.9005,66.1943,0.0],[-83.8958,66.1979,0.0],[-83.8896,66.1958,0.0],[-83.8833,66.1958,0.0],[-83.8792,66.1979,19.7927],[-83.8667,66.1937,0.0],[-83.8604,66.1958,10.6574],[-83.8562,66.1937,0.0],[-83.838,66.1984,0.0],[-83.8354,66.2021,19.3687],[-83.8313,66.2,0.0],[-83.8271,66.2021,5.9649],[-83.8234,66.2016,0.0],[-83.8161,66.1922,0.0],[-83.8089,66.1911,0.0],[-83.8078,66.188,0.0],[-83.8005,66.1807,0.0],[-83.8036,66.1787,0.0],[-83.8026,66.1755,6.7271],[-83.8057,66.1734,0.0],[-83.7922,66.1703,8.421],[-83.7963,66.1672,6.4975],[-83.8063,66.1667,13.8017],[-83.8146,66.1625,16.2235],[-83.8187,66.1646,0.0],[-83.8224,66.1641,0.0],[-83.8213,66.1609,7.1642],[-83.8266,66.1578,0.0],[-83.8245,66.1547,2.1528],[-83.8193,66.1536,12.5287],[-83.8245,66.1484,0.0],[-83.8104,66.1479,10.171],[-83.8063,66.1458,0.0],[-83.7963,66.1484,0.0],[-83.7953,66.1516,7.6971],[-83.7917,66.1542,2.134],[-83.7818,66.1516,0.0],[-83.7849,66.1495,0.0],[-83.7828,66.1464,0.0],[-83.7734,66.1464,0.0],[-83.7693,66.1495,0.0],[-83.7766,66.1505,0.0],[-83.7771,66.1521,0.0],[-83.7745,66.1557,0.0],[-83.7714,66.1568,0.0],[-83.7724,66.1599,5.5711],[-83.7708,66.1604,4.2792],[-83.7464,66.1516,2.7583],[-83.7474,66.1484,10.6255],[-83.7453,66.1464,0.0],[-83.7318,66.1464,1.532],[-83.7349,66.1516,0.0],[-83.7318,66.1536,0.0],[-83.7516,66.1589,0.0],[-83.7578,66.1661,2.969],[-83.7526,66.1661,4.6274],[-83.7479,66.1625,0.0],[-83.7375,66.1625,0.0],[-83.7333,66.1646,13.7505],[-83.7271,66.1625,4.5776],[-83.7193,66.163,0.0],[-83.7172,66.1661,0.0],[-83.7266,66.1672,4.8762],[-83.7255,66.1703,1.7813],[-83.7266,66.1724,18.9948],[-83.713,66.1734,0.0],[-83.7182,66.1755,7.2839],[-83.7172,66.1787,16.8221],[-83.7182,66.1807,20.1184],[-83.7151,66.1818,5.4285],[-83.7187,66.1875,0.0],[-83.7167,66.1896,9.202],[-83.7078,66.1818,0.0],[-83.7026,66.1807,1.3773],[-83.7057,66.1787,0.0],[-83.7042,66.1771,0.0],[-83.6813,66.1771,0.0],[-83.663,66.1818,0.0],[-83.6682,66.1839,11.475],[-83.6672,66.187,27.9956],[-83.6703,66.1911,24.1372],[-83.663,66.1943,0.0],[-83.6661,66.1995,20.7731],[-83.663,66.2005,0.0],[-83.6605,66.204,0.0],[-83.7035,66.229,22.9627],[-83.7203,66.2318,28.0299],[-83.7245,66.238,1.9883],[-83.7218,66.2396,6.1551],[-83.8342,66.3046,100.8229],[-83.8578,66.3089,0.0],[-83.8562,66.3104,24.4725],[-83.8484,66.311,0.0],[-83.8571,66.3106,59.9866],[-83.8547,66.3139,118.1468],[-83.8516,66.3146,116.2854],[-84.3164,66.5791,164.5551],[-84.5929,66.7331,137.6756],[-84.8783,66.8892,0.0],[-84.8776,66.8859,16.9594],[-84.8792,66.8854,27.8339],[-84.8833,66.8875,0.0],[-84.9083,66.8875,6.072],[-84.9146,66.8917,0.0],[-84.9182,66.8912,0.0],[-84.9203,66.888,0.0],[-84.9151,66.887,7.2245],[-84.9104,66.8833,0.0],[-84.8901,66.8828,0.0],[-84.8922,66.8797,0.0],[-84.8995,66.8755,1.9466],[-84.887,66.863,0.0],[-84.8755,66.862,0.0],[-84.8734,66.8599,0.0],[-84.875,66.8583,28.0792],[-84.8812,66.8604,3.0832],[-84.8896,66.8604,23.0797],[-84.8938,66.8625,3.1635],[-84.9021,66.8625,21.2158],[-84.9068,66.8662,0.0],[-84.9146,66.8688,0.0],[-84.9208,66.8667,8.0876],[-84.9271,66.8688,0.0],[-84.937,66.8662,0.0],[-84.9359,66.863,25.5427],[-84.9396,66.8604,8.4287],[-84.95,66.8604,5.1492],[-84.9583,66.8562,26.292],[-84.9745,66.8557,0.0],[-84.9703,66.8505,8.2304],[-84.9589,66.8495,0.0],[-84.9604,66.8479,10.7863],[-84.9708,66.8458,26.536],[-84.975,66.8479,3.0258],[-84.9833,66.8479,52.5535],[-84.9875,66.85,11.3691],[-85.0,66.85,28.8586],[-85.0042,66.8521,6.5884],[-85.0125,66.8521,5.3702],[-85.0193,66.8578,0.0],[-85.0229,66.8583,0.0],[-85.0245,66.8568,0.0],[-85.0214,66.8526,7.0285],[-85.025,66.8521,15.6762],[-85.0292,66.8542,0.0],[-85.0349,66.8516,0.0],[-85.0339,66.8484,4.6332],[-85.0458,66.8479,10.1022],[-85.0536,66.8432,0.0],[-85.0521,66.8417,0.0],[-85.0463,66.8411,0.0],[-85.0443,66.8391,0.0],[-85.0458,66.8375,0.0],[-85.0521,66.8375,9.0674],[-85.0646,66.8417,0.0],[-85.0813,66.8417,24.4263],[-85.0958,66.8375,0.0],[-85.1036,66.8443,39.0293],[-85.1047,66.8474,0.0],[-85.1167,66.8479,52.0313],[-85.1333,66.8542,0.0],[-85.1417,66.8542,10.0279],[-85.1542,66.8583,0.0],[-85.1625,66.8583,52.4761],[-85.1703,66.8609,27.3434],[-85.1755,66.8662,0.0],[-85.1828,66.8672,1.5909],[-85.1859,66.8703,0.0],[-85.1911,66.8714,0.0],[-85.1932,66.8734,0.0],[-85.1917,66.875,3.0593],[-85.1813,66.875,9.3909],[-85.1766,66.8714,0.0],[-85.1667,66.8688,0.0],[-85.1542,66.8688,0.0],[-85.1526,66.8703,0.0],[-85.1599,66.8714,6.9134],[-85.1568,66.8734,4.4616],[-85.1589,66.8766,0.9721],[-85.1646,66.8771,0.0],[-85.1661,66.8786,0.0],[-85.1438,66.8792,0.0],[-85.1354,66.8833,0.0],[-85.1312,66.8812,0.0],[-85.1276,66.8818,0.0],[-85.1286,66.8849,0.0],[-85.1234,66.8891,0.0],[-85.1286,66.8912,0.9862],[-85.1224,66.8953,1.2746],[-85.1151,66.8964,1.1755],[-85.1161,66.8995,2.983],[-85.113,66.9005,0.0],[-85.1141,66.9036,0.0],[-85.113,66.9057,0.0],[-85.1182,66.9068,26.5142],[-85.1229,66.9104,4.6209],[-85.1516,66.913,0.0],[-85.1474,66.9161,0.0],[-85.1333,66.9167,0.0],[-85.1292,66.9146,0.0],[-85.1224,66.9182,0.0],[-85.1125,66.9208,4.6156],[-85.1062,66.9187,0.0],[-85.0979,66.9229,3.5836],[-85.0917,66.9208,0.0],[-85.0901,66.9213,0.0],[-85.0911,66.9245,0.0],[-85.0891,66.9266,0.0],[-85.0797,66.9276,0.0],[-85.075,66.9313,0.0],[-85.0687,66.9292,0.0],[-85.0646,66.9313,0.0],[-85.0542,66.9313,0.0],[-85.0417,66.9354,0.0],[-85.0271,66.9354,0.0],[-85.0234,66.9401,0.0],[-85.0245,66.9432,0.0],[-85.0188,66.9437,0.0],[-85.013,66.9464,1.2516],[-85.0167,66.95,12.668],[-85.0292,66.95,0.0],[-85.0333,66.9479,4.813],[-85.0418,66.9542,0.0],[-85.0365,66.9579,14.773],[-85.0393,66.9603,19.9781],[-85.0192,66.9678,27.8037],[-85.0024,66.9659,39.0262],[-85.0572,67.0,114.3088],[-95.2042,67.0,18.8186],[-95.1917,66.9917,1.1619],[-95.1771,66.9917,2.2913],[-95.1729,66.9896,4.7261],[-95.15,66.9896,2.2243],[-95.1458,66.9917,4.589],[-95.1401,66.9891,1.4426],[-95.138,66.9859,3.1667],[-95.1542,66.9854,2.1681],[-95.1583,66.9833,2.8834],[-95.1646,66.9854,2.2736],[-95.1693,66.9818,2.7718],[-95.1849,66.9786,1.7095],[-95.1818,66.9755,1.7951],[-95.1937,66.975,2.7608],[-95.2005,66.9693,5.4541],[-95.2078,66.9682,1.2216],[-95.2047,66.9651,5.6714],[-95.212,66.9599,2.8409],[-95.2109,66.9568,4.2235],[-95.2266,66.9516,13.1678],[-95.2224,66.9464,2.9197],[-95.2172,66.9432,6.4912],[-95.2182,66.9401,3.9069],[-95.2125,66.9396,16.8126],[-95.2109,66.938,13.0154],[-95.2208,66.9313,5.2058],[-95.2292,66.9313,1.5364],[-95.2354,66.9271,1.2376],[-95.2474,66.9266,1.1135],[-95.2495,66.9234,7.7506],[-95.2464,66.9213,4.2955],[-95.2495,66.9203,1.0174],[-95.2516,66.9172,1.807],[-95.2464,66.913,2.4536],[-95.2604,66.9146,1.6106],[-95.262,66.913,2.2623],[-95.2588,66.912,2.8062],[-95.2568,66.9089,3.0132],[-95.2667,66.9083,3.7988],[-95.2766,66.9057,1.3973],[-95.2786,66.9036,3.5211],[-95.2766,66.9005,1.2575],[-95.2693,66.8995,7.4891],[-95.2708,66.8979,1.1901],[-95.2937,66.8979,4.0242],[-95.2979,66.9,1.8116],[-95.3063,66.9,7.7219],[-95.3104,66.9021,1.0207],[-95.3146,66.9021,5.9878],[-95.3213,66.9057,0.2082],[-95.3375,66.9104,1.1802],[-95.3495,66.9109,5.043],[-95.3484,66.9141,-1.441],[-95.3495,66.9161,-1.6022],[-95.3464,66.9203,-1.1668],[-95.3495,66.9245,-1.1806],[-95.3401,66.9276,-0.9395],[-95.3417,66.9292,-1.0582],[-95.3562,66.9271,-1.2534],[-95.3578,66.9266,-0.9958],[-95.3568,66.9234,-1.1853],[-95.3641,66.9224,-1.3881],[-95.3599,66.9193,-1.5171],[-95.3542,66.9187,-1.5819],[-95.3526,66.9172,-1.6464],[-95.3583,66.9146,4.1294],[-95.3688,66.9146,1.5446],[-95.3745,66.9172,8.1578],[-95.3693,66.9224,-1.3714],[-95.3849,66.9255,1.3236],[-95.3818,66.9307,-1.1905],[-95.3938,66.9354,3.9659],[-95.4,66.9333,14.6095],[-95.4042,66.9354,9.1167],[-95.4104,66.9354,4.7328],[-95.4172,66.9297,4.0792],[-95.4245,66.9287,10.7994],[-95.4339,66.9213,5.0996],[-95.4437,66.9208,0.9984],[-95.4646,66.9146,0.8595],[-95.4854,66.9125,3.825],[-95.487,66.912,2.5238],[-95.4859,66.9089,10.3911],[-95.4958,66.9063,7.7727],[-95.512,66.9089,10.0168],[-95.5088,66.912,0.1848],[-95.5146,66.9146,7.5914],[-95.5557,66.9151,3.8063],[-95.5599,66.9182,1.5638],[-95.5484,66.9193,1.9926],[-95.5443,66.9213,-0.0123],[-95.5422,66.9245,-0.7655],[-95.5583,66.9271,0.3434],[-95.562,66.9245,6.2943],[-95.5609,66.9213,-1.3762],[-95.5713,66.913,4.7783],[-95.5917,66.9125,2.3333],[-95.5979,66.9083,2.1108],[-95.6083,66.9083,6.691],[-95.6125,66.9063,1.9649],[-95.6188,66.9083,0.4723],[-95.6229,66.9063,3.7501],[-95.6318,66.912,0.3713],[-95.6474,66.9151,5.2465],[-95.6562,66.9208,2.0166],[-95.6625,66.9167,9.6761],[-95.6687,66.9187,4.2115],[-95.6766,66.9182,0.6153],[-95.6807,66.9141,1.9976],[-95.6797,66.9109,2.5926],[-95.6818,66.9089,2.3651],[-95.6891,66.9078,2.8169],[-95.6937,66.9042,3.989],[-95.7,66.9063,2.1307],[-95.7125,66.9021,6.8211],[-95.7187,66.9042,0.5221],[-95.7229,66.9021,4.3124],[-95.7292,66.9021,5.9705],[-95.7333,66.9042,2.4836],[-95.7453,66.9047,4.268],[-95.7422,66.9078,0.5165],[-95.7479,66.9104,-0.0151],[-95.7536,66.9109,0.3811],[-95.7557,66.9141,1.3182],[-95.7484,66.9203,-0.1452],[-95.7662,66.9318,-0.2217],[-95.7588,66.9391,-1.6583],[-95.7646,66.9396,5.4372],[-95.7693,66.9432,-0.7182],[-95.7766,66.9443,4.1981],[-95.7755,66.9474,-1.1153],[-95.7812,66.95,4.5554],[-95.7875,66.95,2.686],[-95.8083,66.9417,2.5958],[-95.8187,66.9417,13.9133],[-95.8266,66.9391,11.6568],[-95.8307,66.937,8.5595],[-95.8276,66.9349,3.0236],[-95.8297,66.9318,11.5298],[-95.8521,66.9271,2.7669],[-95.8667,66.9208,14.4911],[-95.8682,66.9213,6.7165],[-95.8672,66.9245,3.9212],[-95.8682,66.9266,3.905],[-95.8661,66.9287,2.6255],[-95.8625,66.9292,7.325],[-95.8583,66.9271,2.7832],[-95.8484,66.9307,4.4067],[-95.8557,66.9318,17.7104],[-95.8604,66.9354,10.2397],[-95.8667,66.9333,11.8731],[-95.8729,66.9354,3.8607],[-95.8771,66.9333,14.0353],[-95.8833,66.9333,12.6593],[-95.8901,66.937,5.646],[-95.8974,66.938,2.3506],[-95.8901,66.9453,3.4036],[-95.9083,66.9479,8.4292],[-95.9167,66.9521,3.5043],[-95.925,66.9521,3.32],[-95.9266,66.9526,3.32],[-95.9255,66.9557,3.1039],[-95.9375,66.9604,13.9736],[-95.9432,66.9609,12.4012],[-95.95,66.9646,15.1176],[-95.9578,66.9641,17.684],[-95.962,66.9599,20.4731],[-95.9599,66.9568,11.439],[-95.9542,66.9563,16.1453],[-95.9526,66.9547,16.2091],[-95.9708,66.9542,18.6187],[-95.9771,66.9583,18.6892],[-95.9854,66.9583,15.3736],[-95.9896,66.9563,15.3082],[-95.9938,66.9583,11.4509],[-95.9979,66.9583,10.8957],[-96.0088,66.9661,15.8818],[-96.0125,66.9667,11.261],[-96.0141,66.9651,12.6433],[-96.0109,66.963,17.1409],[-96.0141,66.9609,20.1199],[-96.0109,66.9599,21.4139],[-96.012,66.9568,13.7631],[-96.0109,66.9547,12.5538],[-96.0151,66.9505,17.598],[-96.0224,66.9495,11.508],[-96.0271,66.9458,14.9573],[-96.0375,66.9458,14.5048],[-96.0453,66.9432,14.6107],[-96.0568,66.9339,14.2696],[-96.0641,66.9328,12.4754],[-96.0599,66.9297,16.6987],[-96.0458,66.9271,17.1516],[-96.0443,66.9255,13.6033],[-96.0505,66.9213,13.3683],[-96.0583,66.9187,10.9171],[-96.0646,66.9208,16.1702],[-96.0682,66.9193,15.1143],[-96.0625,66.9167,10.8859],[-96.0563,66.9167,10.9197],[-96.0521,66.9187,11.1485],[-96.0443,66.9182,14.9107],[-96.0422,66.9151,11.5342],[-96.0443,66.913,10.9063],[-96.0536,66.9099,10.8973],[-96.0505,66.9078,10.7741],[-96.0516,66.9047,10.8398],[-96.0458,66.9042,11.5359],[-96.0339,66.8995,15.6125],[-96.0318,66.8974,10.8033],[-96.0328,66.8943,12.1],[-96.0276,66.8912,11.9929],[-96.0286,66.888,10.739],[-96.0214,66.887,10.8859],[-96.0167,66.8833,10.9421],[-96.0109,66.8828,12.3655],[-96.012,66.8797,11.4316],[-96.0088,66.8766,19.8789],[-96.0099,66.8734,11.0721],[-96.0,66.8708,11.4927],[-95.9922,66.8724,17.599],[-95.9953,66.8682,11.66],[-95.9943,66.8651,11.7345],[-95.9974,66.8609,11.2685],[-95.9891,66.8547,11.2472],[-95.9687,66.8479,11.8898],[-95.9583,66.8479,33.3225],[-95.9542,66.8458,14.0747],[-95.9417,66.8438,24.1885],[-95.9349,66.838,13.9014],[-95.925,66.8354,11.1674],[-95.9187,66.8375,13.9956],[-95.9109,66.837,18.8996],[-95.912,66.8339,11.3634],[-95.9099,66.8318,19.598],[-95.9026,66.8307,14.9148],[-95.8979,66.8271,11.2846],[-95.8922,66.8266,11.6527],[-95.8932,66.8234,11.817],[-95.8859,66.8224,24.8974],[-95.8891,66.8182,13.3951],[-95.887,66.8151,11.6302],[-95.8797,66.8141,22.6893],[-95.8724,66.8089,11.3413],[-95.8651,66.8078,32.9668],[-95.863,66.8057,34.5257],[-95.8641,66.8026,11.0352],[-95.8536,66.7943,11.3926],[-95.8474,66.7901,11.0186],[-95.8401,66.7891,32.8155],[-95.8339,66.7849,15.9732],[-95.8318,66.7828,12.4945],[-95.8328,66.7797,15.5755],[-95.8307,66.7776,10.957],[-95.8213,66.7745,18.4228],[-95.8224,66.7714,11.583],[-95.8151,66.7703,14.9638],[-95.8078,66.7651,17.0344],[-95.8005,66.7641,20.6328],[-95.7974,66.7609,13.6771],[-95.788,66.7578,33.8854],[-95.7891,66.7547,11.875],[-95.7859,66.7536,25.9409],[-95.7807,66.7484,11.1549],[-95.7734,66.7474,41.7973],[-95.7745,66.7443,12.0222],[-95.7609,66.7349,22.3076],[-95.762,66.7318,11.0666],[-95.7547,66.7266,27.0094],[-95.7526,66.7245,18.8748],[-95.7536,66.7214,11.975],[-95.7464,66.7161,14.6934],[-95.7479,66.7146,14.5527],[-95.7536,66.7141,28.3352],[-95.7599,66.7078,24.1284],[-95.7588,66.7047,31.5342],[-95.762,66.7016,11.6475],[-95.7604,66.7,10.9905],[-95.7547,66.6995,25.9346],[-95.7599,66.6953,15.0644],[-95.7568,66.6922,13.5891],[-95.7599,66.6901,10.8207],[-95.7542,66.6875,11.2721],[-95.7484,66.687,22.8556],[-95.7542,66.6833,15.5858],[-95.7703,66.6943,27.0888],[-95.7693,66.6974,16.846],[-95.7766,66.7026,21.2337],[-95.7755,66.7057,16.1924],[-95.787,66.7068,18.2989],[-95.812,66.7255,14.0581],[-95.8109,66.7286,15.0121],[-95.8161,66.7328,15.3109],[-95.8089,66.7339,14.2857],[-95.8099,66.737,14.4742],[-95.8068,66.7412,14.1709],[-95.812,66.7453,16.6614],[-95.8068,66.7495,20.5668],[-95.8182,66.7568,18.9313],[-95.8203,66.7589,24.7198],[-95.8193,66.762,15.5929],[-95.8349,66.7651,19.7172],[-95.837,66.7682,13.9542],[-95.8318,66.7745,38.232],[-95.8417,66.775,38.0099],[-95.8458,66.7771,10.8094],[-95.8604,66.7771,32.5745],[-95.8651,66.7807,17.0034],[-95.8724,66.7818,22.1331],[-95.8792,66.7854,14.9581],[-95.887,66.7849,20.9226],[-95.8938,66.7792,23.4279],[-95.9062,66.7792,13.6878],[-95.9161,66.7818,21.5125],[-95.9182,66.7839,20.3607],[-95.9172,66.787,17.6726],[-95.9193,66.7891,21.0042],[-95.9292,66.7917,16.7571],[-95.9391,66.7922,24.6837],[-95.9432,66.7943,13.685],[-95.9422,66.7974,11.2062],[-95.9437,66.7979,15.3728],[-95.9521,66.7979,24.4295],[-95.962,66.8005,13.5904],[-95.9641,66.8026,13.3461],[-95.963,66.8057,13.1791],[-95.9687,66.8083,15.8921],[-95.9766,66.8078,10.9375],[-95.9812,66.8042,13.315],[-95.9891,66.8047,20.0505],[-96.0005,66.8141,11.2316],[-96.0078,66.8151,19.6451],[-96.0068,66.8182,10.9312],[-96.0162,66.8214,13.3346],[-96.0151,66.8245,10.9687],[-96.0208,66.8271,11.5492],[-96.0266,66.8276,15.9637],[-96.0286,66.8297,12.2761],[-96.0276,66.8328,11.9983],[-96.0396,66.8313,19.524],[-96.0411,66.8318,20.83],[-96.0401,66.8349,11.0456],[-96.0474,66.8359,12.6434],[-96.0542,66.8396,10.8589],[-96.0641,66.8401,17.2082],[-96.063,66.8432,17.7068],[-96.0651,66.8453,19.4872],[-96.0724,66.8464,14.2015],[-96.0713,66.8495,12.9148],[-96.0734,66.8516,13.7347],[-96.0911,66.8526,11.9957],[-96.088,66.8568,18.3969],[-96.0891,66.8599,11.219],[-96.0859,66.8641,18.1971],[-96.0911,66.8682,17.1702],[-96.0813,66.8688,11.2772],[-96.0797,66.8703,11.8001],[-96.0839,66.8745,19.0202],[-96.0911,66.8755,20.1365],[-96.0901,66.8786,10.9408],[-96.0922,66.8807,11.0006],[-96.1036,66.8797,29.9261],[-96.0984,66.8849,11.26],[-96.1042,66.8875,11.4462],[-96.1099,66.888,14.6146],[-96.112,66.8912,16.5549],[-96.1088,66.8953,11.1143],[-96.1109,66.8974,16.765],[-96.1208,66.8979,12.4175],[-96.1333,66.9021,10.7315],[-96.1438,66.9021,11.7245],[-96.1562,66.9104,13.0663],[-96.1599,66.9099,13.0615],[-96.1646,66.9063,12.5718],[-96.175,66.9063,13.3885],[-96.1807,66.9089,17.4173],[-96.1797,66.912,11.5667],[-96.1896,66.9125,15.2267],[-96.1995,66.9151,12.9499],[-96.1984,66.9182,12.7608],[-96.1995,66.9203,11.1962],[-96.1979,66.9208,11.0394],[-96.1937,66.9187,10.9605],[-96.1859,66.9193,10.9722],[-96.1875,66.9208,10.8836],[-96.1932,66.9213,10.7744],[-96.1963,66.9245,11.0214],[-96.2042,66.925,11.1403],[-96.2104,66.9229,14.9758],[-96.2172,66.9287,11.3896],[-96.2229,66.9313,11.0516],[-96.2271,66.9292,17.3939],[-96.2349,66.9297,11.3127],[-96.2453,66.937,18.6202],[-96.2333,66.9375,10.8582],[-96.2297,66.9411,11.0579],[-96.2474,66.9464,16.7674],[-96.2542,66.95,18.9245],[-96.2641,66.9505,13.2867],[-96.2609,66.9547,11.2408],[-96.262,66.9578,22.2536],[-96.2588,66.962,11.155],[-96.2682,66.9609,23.2214],[-96.2672,66.9641,17.6749],[-96.2745,66.9651,15.9608],[-96.2766,66.9672,13.2072],[-96.2755,66.9703,12.9471],[-96.2786,66.9714,13.8408],[-96.2776,66.9745,20.6012],[-96.2828,66.9755,18.9357],[-96.2943,66.9828,10.907],[-96.3042,66.9833,21.8248],[-96.3099,66.9859,22.1726],[-96.3068,66.9891,10.9695],[-96.3125,66.9896,11.8747],[-96.3182,66.9922,19.473],[-96.3172,66.9953,10.9031],[-96.3271,66.9958,24.2995],[-96.3313,66.9979,18.8479],[-96.3417,66.9979,23.5106],[-96.3458,67.0,12.7299],[-96.3562,67.0,27.7635],[-96.3547,66.9984,24.1966],[-96.3583,66.9958,20.467],[-96.3854,66.9958,14.4649],[-96.387,66.9964,14.0017],[-96.3859,66.9995,13.6748],[-96.3875,67.0,13.0056],[-104.9919,67.0,206.2239],[-104.9885,66.9092,209.5762],[-104.992,66.0072,280.1069],[-105.0014,65.4967,304.5455],[-105.0083,64.9387,255.5927],[-105.0178,64.4774,369.1552],[-104.2906,64.4147,260.5],[-103.518,64.343,163.143],[-102.7668,64.269,117.5],[-102.0,64.189,168.222],[-102.0,60.0,351.4044],[-94.8578,60.0,8.1004]]],
[[[-93.5432,63.8786,0.0],[-93.5422,63.8807,0.0],[-93.5479,63.8812,0.0],[-93.5516,63.8776,0.0],[-93.5458,63.8771,0.0],[-93.5432,63.8786,0.0]]],
[[[-93.5042,63.9042,0.0],[-93.4979,63.9042,0.0],[-93.4964,63.9057,0.0],[-93.4984,63.9078,0.0],[-93.5083,63.9104,0.0],[-93.5245,63.9099,0.0],[-93.5208,63.9063,0.0],[-93.5125,63.9063,0.0],[-93.5083,63.9042,0.0],[-93.5042,63.9042,0.0]]],
[[[-93.5943,63.9078,0.0],[-93.5979,63.9104,0.0],[-93.6016,63.9068,0.0],[-93.5979,63.9042,0.0],[-93.5943,63.9078,0.0]]],
[[[-93.4682,63.8474,0.0],[-93.4667,63.8458,0.0],[-93.463,63.8464,0.0],[-93.4646,63.8479,0.0],[-93.4682,63.8474,0.0]]],
[[[-93.4391,63.8516,6.3772],[-93.4375,63.85,3.3585],[-93.4339,63.8505,1.0379],[-93.4354,63.8521,0.5725],[-93.4391,63.8516,6.3772]]],
[[[-92.8229,63.8667,2.8974],[-92.8437,63.8667,6.9157],[-92.85,63.8688,5.6637],[-92.8542,63.8667,16.5535],[-92.8583,63.8688,0.0],[-92.8688,63.8688,14.5932],[-92.8734,63.8651,0.0],[-92.8828,63.862,0.0],[-92.8818,63.8589,0.0],[-92.8828,63.8568,1.5886],[-92.8766,63.8505,0.0],[-92.8693,63.8495,2.9353],[-92.8724,63.8464,0.0],[-92.8651,63.8453,0.0],[-92.862,63.8422,0.0],[-92.8542,63.8417,2.3851],[-92.85,63.8396,0.0],[-92.8375,63.8396,3.2767],[-92.8333,63.8375,0.0],[-92.8276,63.8401,0.0],[-92.8328,63.8474,2.5753],[-92.8276,63.8484,0.0],[-92.8224,63.8536,2.2051],[-92.8109,63.8547,0.0],[-92.8026,63.8609,2.3519],[-92.8083,63.8667,1.6254],[-92.8229,63.8667,2.8974]]],
[[[-93.4766,63.8599,3.2972],[-93.475,63.8583,4.6122],[-93.4714,63.8589,4.1849],[-93.4729,63.8604,1.8001],[-93.4766,63.8599,3.2972]]],
[[[-92.1375,63.6479,0.0],[-92.1359,63.6495,0.0],[-92.1432,63.6495,0.0],[-92.1417,63.6479,0.0],[-92.1375,63.6479,0.0]]],
[[[-92.1479,63.6521,2.1553],[-92.1495,63.6516,0.0],[-92.1495,63.6505,1.1266],[-92.1464,63.6505,4.7198],[-92.1479,63.6521,2.1553]]],
[[[-92.1792,63.6563,3.3907],[-92.1755,63.6568,0.0],[-92.1755,63.6578,0.0],[-92.1807,63.6578,1.2794],[-92.1792,63.6563,3.3907]]],
[[[-91.9661,63.6922,0.0],[-91.963,63.6922,0.0],[-91.963,63.6932,0.0],[-91.9646,63.6937,0.0],[-91.9661,63.6922,0.0]]],
[[[-92.0578,63.6995,0.0],[-92.0547,63.7016,0.0],[-92.0604,63.7021,0.0],[-92.0708,63.7062,8.4076],[-92.0807,63.7036,0.0],[-92.0828,63.7016,0.0],[-92.0813,63.7,0.0],[-92.075,63.7021,0.0],[-92.0672,63.6995,0.0],[-92.0682,63.6964,2.8576],[-92.0526,63.6922,0.0],[-92.0578,63.6995,0.0]]],
[[[-92.038,63.7078,0.0],[-92.0396,63.7083,0.0],[-92.0411,63.7068,0.0],[-92.0396,63.7062,0.0],[-92.038,63.7078,0.0]]],
[[[-92.1005,63.713,0.0],[-92.1021,63.7146,0.0],[-92.1099,63.7141,0.0],[-92.1062,63.7104,0.0],[-92.1026,63.7109,0.0],[-92.1005,63.713,0.0]]],
[[[-92.0057,63.7182,0.0],[-92.0042,63.7167,0.0],[-92.0005,63.7172,0.0],[-92.0021,63.7188,0.0],[-92.0057,63.7182,0.0]]],
[[[-92.1214,63.7203,0.0],[-92.1229,63.7208,0.0],[-92.1245,63.7193,0.0],[-92.1214,63.7193,0.0],[-92.1214,63.7203,0.0]]],
[[[-91.8714,63.7203,0.0],[-91.8729,63.7208,0.0],[-91.8745,63.7193,0.0],[-91.8714,63.7193,0.0],[-91.8714,63.7203,0.0]]],
[[[-92.0792,63.7229,0.0],[-92.0807,63.7214,0.0],[-92.0693,63.7193,0.0],[-92.0713,63.7224,0.0],[-92.0792,63.7229,0.0]]],
[[[-92.1276,63.7307,0.0],[-92.1292,63.7313,0.0],[-92.1307,63.7297,0.0],[-92.1292,63.7292,0.0],[-92.1276,63.7307,0.0]]],
[[[-91.7187,63.7313,0.0],[-91.7151,63.7318,0.0],[-91.7151,63.7328,0.0],[-91.7224,63.7328,1.3962],[-91.7187,63.7313,0.0]]],
[[[-92.1583,63.7417,0.0],[-92.1641,63.7411,3.4349],[-92.163,63.738,2.4279],[-92.1641,63.7359,0.0],[-92.1609,63.7359,0.0],[-92.1568,63.7401,0.0],[-92.1583,63.7417,0.0]]],
[[[-92.0255,63.7516,1.7745],[-92.0271,63.7521,0.0],[-92.0286,63.7505,0.0],[-92.0255,63.7505,1.5977],[-92.0255,63.7516,1.7745]]],
[[[-93.4729,63.8688,3.0785],[-93.4693,63.8703,0.0],[-93.4833,63.8708,7.8753],[-93.4875,63.8729,0.0],[-93.4911,63.8703,1.4274],[-93.4875,63.8667,1.8943],[-93.4771,63.8667,2.139],[-93.4729,63.8688,3.0785]]],
[[[-93.4687,63.8896,0.0],[-93.4651,63.8932,0.0],[-93.4682,63.8932,0.0],[-93.4703,63.8911,0.0],[-93.4687,63.8896,0.0]]],
[[[-93.4714,63.8953,0.0],[-93.4729,63.8958,0.0],[-93.4745,63.8943,0.0],[-93.4729,63.8937,0.0],[-93.4714,63.8953,0.0]]],
[[[-93.4599,63.9026,0.0],[-93.4641,63.9036,0.0],[-93.463,63.9005,0.0],[-93.4661,63.8984,0.0],[-93.4568,63.8984,0.0],[-93.4599,63.9026,0.0]]],
[[[-93.4771,63.9083,0.0],[-93.4828,63.9078,0.0],[-93.487,63.9047,0.0],[-93.4833,63.9021,0.0],[-93.4755,63.9026,0.0],[-93.4734,63.9057,0.0],[-93.4771,63.9083,0.0]]],
[[[-93.1401,63.9182,8.7102],[-93.1417,63.9188,1.4765],[-93.1432,63.9172,6.2796],[-93.1417,63.9167,2.8594],[-93.1401,63.9182,8.7102]]],
[[[-93.1672,63.9391,0.0],[-93.1833,63.9437,11.9259],[-93.1911,63.9411,1.8906],[-93.1953,63.938,2.9348],[-93.188,63.937,0.0],[-93.1891,63.9339,0.0],[-93.1839,63.9328,0.0],[-93.1786,63.9276,0.0],[-93.1604,63.9271,0.0],[-93.1521,63.9208,0.0],[-93.1375,63.9208,5.28],[-93.1359,63.9214,4.0347],[-93.137,63.9245,0.0],[-93.1338,63.9255,0.0],[-93.1391,63.9297,15.2329],[-93.1359,63.9318,1.5974],[-93.138,63.9349,0.0],[-93.1458,63.9354,13.1808],[-93.15,63.9333,11.2779],[-93.1672,63.9391,0.0]]],
[[[-93.2349,63.9366,6.4594],[-93.2333,63.9354,0.0],[-93.2318,63.9359,4.7426],[-93.2333,63.9375,0.0],[-93.2349,63.9366,6.4594]]],
[[[-93.5536,63.9286,0.66],[-93.5526,63.9307,1.103],[-93.5568,63.9349,0.0],[-93.5646,63.9354,17.1912],[-93.5687,63.9375,1.0202],[-93.5807,63.9328,7.2143],[-93.5755,63.9266,0.0],[-93.5766,63.9193,0.0],[-93.5687,63.9167,0.0],[-93.5563,63.9167,2.1558],[-93.5521,63.9146,2.0982],[-93.5484,63.9172,0.0],[-93.5495,63.9203,0.0],[-93.5484,63.9224,0.0],[-93.5578,63.9234,0.0],[-93.5536,63.9286,0.66]]],
[[[-93.6604,63.9437,0.0],[-93.6568,63.9453,0.0],[-93.6661,63.9453,0.0],[-93.6646,63.9437,0.0],[-93.6604,63.9437,0.0]]],
[[[-93.4964,63.949,0.0],[-93.5125,63.9562,4.919],[-93.5229,63.9562,3.6241],[-93.5276,63.9526,3.2891],[-93.5375,63.9521,2.9314],[-93.5422,63.9484,10.1607],[-93.5479,63.9479,14.2314],[-93.5495,63.9464,2.3391],[-93.5443,63.9453,6.5501],[-93.5453,63.9422,0.0],[-93.5339,63.9411,1.2492],[-93.5286,63.9359,0.0],[-93.5208,63.9333,0.8875],[-93.4896,63.9354,0.0],[-93.4838,63.938,0.0],[-93.4854,63.9396,0.0],[-93.4911,63.9401,8.369],[-93.488,63.9432,0.0],[-93.4974,63.9464,12.9538],[-93.4964,63.949,0.0]]],
[[[-93.5984,63.9474,0.0],[-93.6016,63.9474,0.0],[-93.6016,63.9464,0.0],[-93.5984,63.9464,0.0],[-93.5984,63.9474,0.0]]],
[[[-93.6859,63.9495,3.686],[-93.6813,63.9479,3.7981],[-93.6776,63.9516,0.0],[-93.6891,63.9536,3.2948],[-93.6859,63.9495,3.686]]],
[[[-93.5474,63.9536,0.0],[-93.5458,63.9521,0.0],[-93.5422,63.9526,0.0],[-93.5437,63.9542,0.0],[-93.5474,63.9536,0.0]]],
[[[-93.6458,63.9542,2.4316],[-93.6417,63.9542,8.2945],[-93.6401,63.9557,6.5768],[-93.6474,63.9557,1.8599],[-93.6458,63.9542,2.4316]]],
[[[-93.6708,63.9688,6.7826],[-93.6667,63.9688,9.5401],[-93.6651,63.9703,2.051],[-93.6724,63.9703,5.5323],[-93.6708,63.9688,6.7826]]],
[[[-90.5583,63.525,1.9383],[-90.5568,63.5255,1.0234],[-90.5568,63.5286,1.9675],[-90.562,63.5286,1.7829],[-90.5599,63.5255,2.656],[-90.5583,63.525,1.9383]]],
[[[-91.413,63.5286,3.945],[-91.4161,63.5286,5.5193],[-91.4161,63.5276,10.7264],[-91.4146,63.5271,10.7264],[-91.413,63.5286,3.945]]],
[[[-91.3078,63.537,2.3941],[-91.3068,63.5391,0.0],[-91.3125,63.5396,3.1931],[-91.3161,63.5359,3.3977],[-91.3104,63.5354,2.7477],[-91.3078,63.537,2.3941]]],
[[[-91.0953,63.5443,2.9529],[-91.1125,63.55,0.0],[-91.1172,63.5464,8.9567],[-91.1245,63.5453,3.4037],[-91.1214,63.5401,2.5047],[-91.1271,63.5396,4.4764],[-91.1333,63.5417,0.0],[-91.137,63.538,4.9766],[-91.1349,63.5359,0.0],[-91.1297,63.5349,3.6603],[-91.1307,63.5318,2.0253],[-91.125,63.5271,0.0],[-91.1208,63.5292,2.0424],[-91.1167,63.5271,0.0],[-91.1104,63.5271,0.0],[-91.0958,63.5333,1.5237],[-91.088,63.5339,0.0],[-91.0891,63.537,12.2685],[-91.0875,63.5375,7.4132999999999996],[-91.0797,63.5359,0.0],[-91.0818,63.5391,0.0],[-91.0932,63.5422,0.0],[-91.0953,63.5443,2.9529]]],
[[[-91.4005,63.5391,0.0],[-91.4021,63.5396,0.0],[-91.4036,63.538,0.0],[-91.4021,63.5375,0.0],[-91.4005,63.5391,0.0]]],
[[[-91.4068,63.5411,0.0],[-91.4099,63.5411,0.0],[-91.4099,63.5401,0.0],[-91.4068,63.5401,0.0],[-91.4068,63.5411,0.0]]],
[[[-90.638,63.5536,6.5212],[-90.6562,63.5563,5.5144],[-90.6604,63.5583,3.6063],[-90.6667,63.5563,3.0233],[-90.6766,63.5557,2.6919],[-90.675,63.5542,0.0],[-90.6693,63.5536,6.5548],[-90.6646,63.55,12.8633],[-90.6568,63.5495,4.6366],[-90.6536,63.5464,1.3384],[-90.6458,63.5438,4.3863],[-90.638,63.5484,0.0],[-90.6391,63.5516,3.9429],[-90.638,63.5536,6.5212]]],
[[[-90.6318,63.5578,0.0],[-90.6349,63.5578,0.0],[-90.6349,63.5568,0.0],[-90.6333,63.5563,0.0],[-90.6318,63.5578,0.0]]],
[[[-90.4521,63.5375,5.3212],[-90.4505,63.5391,2.9002],[-90.4526,63.5411,2.1812],[-90.4557,63.5411,2.3792],[-90.4537,63.538,4.003],[-90.4521,63.5375,5.3212]]],
[[[-90.4687,63.55,2.2815],[-90.4651,63.5536,2.762],[-90.4682,63.5536,2.8409],[-90.4703,63.5516,3.657],[-90.4687,63.55,2.2815]]],
[[[-90.5057,63.5536,3.0967],[-90.5026,63.5557,2.1581],[-90.5078,63.5557,5.4087],[-90.5099,63.5526,3.213],[-90.5083,63.5521,3.8101],[-90.5057,63.5536,3.0967]]],
[[[-90.4453,63.5641,2.557],[-90.4437,63.5625,2.4166],[-90.4401,63.563,2.3648],[-90.4417,63.5646,2.5795],[-90.4453,63.5641,2.557]]],
[[[-90.6526,63.5599,3.1049],[-90.6557,63.5599,4.6079],[-90.6557,63.5589,6.4961],[-90.6542,63.5583,1.8968],[-90.6526,63.5599,3.1049]]],
[[[-90.6417,63.5604,8.8218],[-90.6375,63.5604,3.1358],[-90.6359,63.562,6.0912],[-90.6432,63.562,2.6189],[-90.6417,63.5604,8.8218]]],
[[[-91.3005,63.5682,0.0],[-91.3057,63.5682,4.0993],[-91.3109,63.563,4.0077],[-91.3146,63.5625,2.2923],[-91.3146,63.5604,0.0],[-91.3021,63.5563,4.4967],[-91.2963,63.5568,0.0],[-91.2995,63.562,3.1793],[-91.2943,63.5661,2.4439],[-91.3005,63.5682,0.0]]],
[[[-90.5813,63.5646,3.0094],[-90.5755,63.5682,3.3329],[-90.5979,63.5708,7.8552],[-90.6036,63.5682,7.5946],[-90.5937,63.5625,0.0],[-90.5875,63.5625,0.0],[-90.5813,63.5646,3.0094]]],
[[[-90.4589,63.563,3.5975],[-90.4609,63.5661,3.4538],[-90.4661,63.5661,2.1566],[-90.4641,63.563,2.1025],[-90.4589,63.563,3.5975]]],
[[[-90.4547,63.5682,3.4712],[-90.4563,63.5687,3.9241],[-90.4578,63.5672,3.5726],[-90.4547,63.5672,3.1806],[-90.4547,63.5682,3.4712]]],
[[[-90.4599,63.5745,2.3954],[-90.4583,63.5729,2.2027],[-90.4547,63.5734,2.0991],[-90.4563,63.575,2.0929],[-90.4599,63.5745,2.3954]]],
[[[-90.4682,63.5776,5.3937],[-90.4646,63.575,2.8189],[-90.4589,63.5786,2.6326],[-90.4667,63.5812,2.2003],[-90.4703,63.5807,3.1814],[-90.4682,63.5776,5.3937]]],
[[[-91.1516,63.5693,7.3523],[-91.1547,63.5724,0.0],[-91.1646,63.5729,6.9737],[-91.1687,63.575,5.6007999999999996],[-91.1724,63.5724,4.8774],[-91.1651,63.5682,8.0079],[-91.1682,63.5651,4.5906],[-91.1646,63.5625,2.6369],[-91.15,63.5604,2.2036],[-91.1458,63.5583,0.0],[-91.1255,63.5589,0.0],[-91.1276,63.562,3.0569],[-91.137,63.563,8.244],[-91.1422,63.5682,0.0],[-91.1516,63.5693,7.3523]]],
[[[-90.5682,63.5703,4.0706],[-90.5667,63.5687,3.866],[-90.563,63.5693,1.938],[-90.5646,63.5708,2.3445],[-90.5682,63.5703,4.0706]]],
[[[-90.6068,63.5693,6.2163],[-90.6104,63.5729,7.14],[-90.6141,63.5703,2.8163],[-90.6125,63.5687,1.7667],[-90.6068,63.5693,6.2163]]],
[[[-91.2104,63.5938,0.0],[-91.2229,63.5917,0.0],[-91.2245,63.5901,0.0],[-91.2125,63.5896,0.0],[-91.2089,63.5922,0.0],[-91.2104,63.5938,0.0]]],
[[[-90.2401,63.5953,3.3588],[-90.2375,63.5938,2.4264],[-90.2318,63.5943,2.7464],[-90.2338,63.5974,3.159],[-90.2432,63.5995,5.0738],[-90.2401,63.5953,3.3588]]],
[[[-90.3661,63.5995,3.7093],[-90.3646,63.5979,2.7679],[-90.3609,63.5984,4.8424],[-90.3625,63.6,5.179],[-90.3661,63.5995,3.7093]]],
[[[-90.2484,63.6036,2.0278],[-90.2516,63.6036,3.6482],[-90.2516,63.6026,3.1418],[-90.2484,63.6026,4.2017],[-90.2484,63.6036,2.0278]]],
[[[-90.4818,63.6078,1.3548],[-90.4849,63.6078,1.6782],[-90.4849,63.6068,1.4316],[-90.4818,63.6068,1.073],[-90.4818,63.6078,1.3548]]],
[[[-91.038,63.6016,0.0],[-91.0396,63.6021,3.4955],[-91.0411,63.6005,0.0],[-91.0396,63.6,0.0],[-91.038,63.6016,0.0]]],
[[[-91.5896,63.6,1.9649],[-91.5859,63.6016,0.0],[-91.5953,63.6016,2.3753],[-91.5937,63.6,0.0],[-91.5896,63.6,1.9649]]],
[[[-91.5813,63.6021,0.0],[-91.5797,63.6036,0.0],[-91.5818,63.6057,0.0],[-91.5849,63.6057,0.0],[-91.5828,63.6026,0.0],[-91.5813,63.6021,0.0]]],
[[[-91.4463,63.6266,2.0159],[-91.4646,63.6271,3.0506],[-91.4687,63.6292,0.0],[-91.4792,63.6292,0.0],[-91.4833,63.6271,3.1014],[-91.4875,63.6292,0.0],[-91.5021,63.6229,16.5872],[-91.5062,63.625,0.0],[-91.5099,63.6245,0.0],[-91.5088,63.6214,9.536],[-91.5141,63.6203,6.5534],[-91.513,63.6172,0.0],[-91.5162,63.6151,0.0],[-91.4917,63.6125,0.0],[-91.4901,63.613,0.0],[-91.4911,63.6161,0.0],[-91.4854,63.6167,0.0],[-91.475,63.6125,0.0],[-91.4604,63.6125,0.0],[-91.4547,63.6151,0.0],[-91.4479,63.6208,3.1352],[-91.4443,63.6203,0.0],[-91.4432,63.6172,0.0],[-91.438,63.6172,0.0],[-91.4463,63.6266,2.0159]]],
[[[-90.2187,63.6063,3.9235],[-90.2083,63.6083,2.9263],[-90.2068,63.6099,2.9361],[-90.2146,63.6125,5.3906],[-90.2266,63.612,3.6452],[-90.2214,63.6099,2.229],[-90.2224,63.6068,4.1599],[-90.2187,63.6063,3.9235]]],
[[[-90.2812,63.6063,2.0191],[-90.2734,63.6099,3.0047],[-90.2828,63.6109,3.8389],[-90.2875,63.6146,6.4353],[-90.2958,63.6104,4.0448],[-90.3016,63.612,0.8941],[-90.2995,63.6089,4.9605],[-90.2917,63.6063,2.3342],[-90.2875,63.6083,3.577],[-90.2812,63.6063,2.0191]]],
[[[-90.0005,63.6141,0.0],[-90.0021,63.6146,0.0],[-90.0036,63.613,0.0],[-90.0021,63.6125,0.0],[-90.0005,63.6141,0.0]]],
[[[-90.1771,63.6229,0.0],[-90.1734,63.6245,6.0675],[-90.1828,63.6245,2.3747],[-90.1813,63.6229,0.0],[-90.1771,63.6229,0.0]]],
[[[-90.1859,63.6266,3.7994],[-90.1875,63.6271,4.7906],[-90.1891,63.6255,2.988],[-90.1859,63.6255,3.4572],[-90.1859,63.6266,3.7994]]],
[[[-90.1672,63.6276,4.1836],[-90.1651,63.6307,4.4289],[-90.1724,63.6286,5.9839],[-90.1708,63.6271,4.3705],[-90.1672,63.6276,4.1836]]],
[[[-90.1521,63.6292,3.2728],[-90.1505,63.6297,2.7155],[-90.1516,63.6328,2.5785],[-90.1484,63.637,2.4627],[-90.1562,63.6396,3.1897],[-90.1641,63.6349,5.1371],[-90.1557,63.6297,3.1551],[-90.1521,63.6292,3.2728]]],
[[[-90.1651,63.6443,3.1965],[-90.1687,63.6479,4.2274],[-90.1724,63.6453,3.6814],[-90.1708,63.6437,3.0422],[-90.1651,63.6443,3.1965]]],
[[[-91.5932,63.6245,0.0],[-91.5922,63.6266,0.0],[-91.5937,63.6271,0.0],[-91.5974,63.6234,0.0],[-91.5937,63.6208,0.0],[-91.5922,63.6214,0.0],[-91.5932,63.6245,0.0]]],
[[[-91.5505,63.6328,2.7896],[-91.5641,63.6359,4.5491],[-91.5687,63.6396,0.0],[-91.5771,63.6396,0.0],[-91.5792,63.6375,0.0],[-91.5734,63.6307,0.0],[-91.5766,63.6266,0.0],[-91.5755,63.6234,0.0],[-91.5766,63.6214,0.0],[-91.5708,63.6229,0.0],[-91.5667,63.6208,0.0],[-91.5583,63.6208,0.0],[-91.5542,63.6188,1.7202],[-91.5396,63.6208,0.0],[-91.5354,63.6188,0.0],[-91.5318,63.6214,0.0],[-91.5401,63.6307,0.0],[-91.5479,63.6312,0.0],[-91.5505,63.6328,2.7896]]],
[[[-91.4005,63.6516,8.2004],[-91.3964,63.6505,2.6345],[-91.4005,63.6557,8.5236],[-91.4083,63.6583,3.6502],[-91.412,63.6557,4.6309],[-91.4099,63.6526,10.5036],[-91.4005,63.6516,8.2004]]],
[[[-91.4792,63.6771,0.0],[-91.4958,63.6792,5.4278],[-91.5,63.6813,2.2512],[-91.5208,63.6813,0.0],[-91.525,63.6792,2.1954],[-91.5307,63.6807,3.1361],[-91.5297,63.6734,5.8411],[-91.5354,63.6729,2.5877],[-91.537,63.6714,0.0],[-91.5318,63.6703,0.0],[-91.5328,63.6672,0.0],[-91.5297,63.663,2.3371],[-91.5349,63.6589,0.0],[-91.5297,63.6536,0.0],[-91.5307,63.6505,2.9123],[-91.5276,63.6464,5.1304],[-91.5354,63.6479,0.0],[-91.537,63.6464,0.0],[-91.5333,63.6437,0.0],[-91.5276,63.6432,3.8002],[-91.5224,63.638,0.0],[-91.5083,63.6333,0.0],[-91.488,63.6339,0.0],[-91.4891,63.637,0.0],[-91.4797,63.6401,0.0],[-91.4776,63.6422,3.1301],[-91.4786,63.6453,2.9074],[-91.4755,63.6464,0.0],[-91.4828,63.6495,3.4949],[-91.4771,63.65,0.0],[-91.4724,63.6536,0.0],[-91.4589,63.6568,0.0],[-91.4604,63.6583,0.0],[-91.4646,63.6583,0.0],[-91.4703,63.6568,3.8247],[-91.4693,63.6599,2.8059],[-91.4724,63.6641,0.0],[-91.4672,63.6724,0.0],[-91.4693,63.6745,0.0],[-91.4792,63.6771,0.0]]],
[[[-90.0292,63.7292,1.175],[-90.0255,63.7318,4.3697],[-90.0276,63.737,4.753],[-90.0375,63.7396,0.0],[-90.0411,63.737,3.5461],[-90.0391,63.7339,8.5075],[-90.0339,63.7328,3.2221],[-90.037,63.7297,2.403],[-90.0292,63.7292,1.175]]],
[[[-90.0463,63.7411,0.0],[-90.0495,63.7411,0.0],[-90.0495,63.7401,0.0],[-90.0463,63.7401,0.0],[-90.0463,63.7411,0.0]]],
[[[-90.0255,63.7589,3.0244],[-90.0292,63.7604,3.4657],[-90.0328,63.7568,3.27],[-90.0292,63.7542,0.0],[-90.0276,63.7547,0.0],[-90.0286,63.7578,0.0],[-90.0255,63.7589,3.0244]]],
[[[-90.0,63.7583,0.0],[-89.9984,63.7599,0.0],[-90.0005,63.762,0.0],[-90.0146,63.7667,0.0],[-90.0266,63.7661,4.1644],[-90.0229,63.7625,0.7435],[-90.0188,63.7646,0.0],[-90.0151,63.7641,1.7003],[-90.0182,63.762,0.0],[-90.0167,63.7604,0.0],[-90.0083,63.7604,3.0742],[-90.0042,63.7583,0.0],[-90.0,63.7583,0.0]]],
[[[-90.0479,63.7646,3.1096],[-90.0463,63.7661,0.0],[-90.0484,63.7682,0.0],[-90.0516,63.7682,0.5635],[-90.0516,63.7672,2.959],[-90.0479,63.7646,3.1096]]],
[[[-90.0214,63.7703,0.0],[-90.0229,63.7708,0.0],[-90.0245,63.7693,0.0],[-90.0229,63.7687,2.2093],[-90.0214,63.7703,0.0]]],
[[[-90.0661,63.7724,1.6978],[-90.0646,63.7708,0.789],[-90.0609,63.7714,0.0],[-90.0625,63.7729,0.0],[-90.0661,63.7724,1.6978]]],
[[[-89.888,63.7891,3.5596],[-89.8912,63.7891,6.2559],[-89.8912,63.788,5.4973],[-89.8896,63.7875,3.3037],[-89.888,63.7891,3.5596]]],
[[[-89.9557,63.8266,0.0],[-89.9542,63.825,4.3831],[-89.9505,63.8255,0.0],[-89.9521,63.8271,0.0],[-89.9557,63.8266,0.0]]],
[[[-89.8812,63.8583,1.3257],[-89.8776,63.8599,2.8736],[-89.8812,63.8625,0.0],[-89.8833,63.8604,0.0],[-89.8812,63.8583,1.3257]]],
[[[-89.9057,63.8734,2.3889],[-89.9099,63.8745,2.844],[-89.9161,63.8693,0.0],[-89.9026,63.8693,0.0],[-89.9057,63.8734,2.3889]]],
[[[-89.8464,63.8755,1.8877],[-89.8521,63.875,2.1898],[-89.8536,63.8734,1.6637],[-89.8479,63.8688,0.0],[-89.8375,63.8688,1.3833],[-89.8297,63.8734,0.0],[-89.8276,63.8766,0.0],[-89.8437,63.8771,1.5055],[-89.8464,63.8755,1.8877]]],
[[[-89.9193,63.8828,2.0002],[-89.9208,63.8833,0.9235],[-89.9224,63.8818,0.0],[-89.9208,63.8812,0.0],[-89.9193,63.8828,2.0002]]],
[[[-89.8339,63.8828,4.9652],[-89.8375,63.8854,4.2314],[-89.8479,63.8854,1.8857],[-89.8542,63.8896,1.5239],[-89.8604,63.8875,7.916],[-89.8646,63.8896,0.0],[-89.8703,63.8891,0.0],[-89.8651,63.887,2.417],[-89.8682,63.8849,0.0],[-89.8661,63.8818,0.0],[-89.8562,63.8792,0.0],[-89.8521,63.8792,1.1262],[-89.8437,63.8833,4.0579],[-89.8375,63.8792,1.8893],[-89.8318,63.8797,2.6651],[-89.8339,63.8828,4.9652]]],
[[[-89.8255,63.8849,0.0],[-89.8287,63.8849,0.0],[-89.8287,63.8839,0.0],[-89.8255,63.8839,0.0],[-89.8255,63.8849,0.0]]],
[[[-90.0922,63.8911,0.0],[-90.0937,63.8917,0.0],[-90.0953,63.8901,0.0],[-90.0937,63.8896,0.0],[-90.0922,63.8911,0.0]]],
[[[-89.8474,63.9036,2.1895],[-89.8458,63.9021,1.4955],[-89.8422,63.9026,0.8159],[-89.8437,63.9042,0.0],[-89.8474,63.9036,2.1895]]],
[[[-89.8287,63.9036,0.0],[-89.8271,63.9021,0.0],[-89.8234,63.9026,3.3637],[-89.825,63.9042,3.8715],[-89.8287,63.9036,0.0]]],
[[[-90.0797,63.9078,0.0],[-90.0813,63.9083,0.0],[-90.0828,63.9068,0.0],[-90.0797,63.9068,0.0],[-90.0797,63.9078,0.0]]],
[[[-89.9016,63.9161,1.0067],[-89.9,63.9146,0.0],[-89.8964,63.9151,0.0],[-89.8979,63.9167,0.0],[-89.9016,63.9161,1.0067]]],
[[[-89.8521,63.8937,0.0],[-89.8557,63.8922,0.0],[-89.8479,63.8896,2.0917],[-89.8422,63.8922,0.0],[-89.8437,63.8937,0.0],[-89.8521,63.8937,0.0]]],
[[[-89.9276,63.8932,1.7992],[-89.9307,63.8932,0.0],[-89.9307,63.8922,0.0],[-89.9276,63.8922,1.4065],[-89.9276,63.8932,1.7992]]],
[[[-89.8255,63.8953,2.4205],[-89.8271,63.8958,5.1924],[-89.8287,63.8943,4.9755],[-89.8271,63.8937,2.5843],[-89.8255,63.8953,2.4205]]],
[[[-89.8229,63.8979,2.725],[-89.8193,63.8995,0.0],[-89.8287,63.8995,1.5028],[-89.8271,63.8979,0.0],[-89.8229,63.8979,2.725]]],
[[[-86.5943,63.6516,1.7226],[-86.5974,63.6516,1.6685],[-86.5974,63.6505,1.6411],[-86.5958,63.65,0.0],[-86.5943,63.6516,1.7226]]],
[[[-86.9422,63.8953,0.0],[-86.9437,63.8958,0.0],[-86.9453,63.8943,0.0],[-86.9437,63.8937,0.0],[-86.9422,63.8953,0.0]]],
[[[-88.1807,64.1536,0.0],[-88.1792,64.1521,0.0],[-88.1755,64.1526,0.0],[-88.1771,64.1542,0.0],[-88.1807,64.1536,0.0]]],
[[[-88.0797,64.1641,0.0],[-88.0828,64.1641,0.0],[-88.0828,64.163,0.0],[-88.0797,64.163,0.0],[-88.0797,64.1641,0.0]]],
[[[-89.2708,63.9188,2.6496],[-89.2651,63.9172,0.0],[-89.263,63.9224,3.9546],[-89.2714,63.9307,0.0],[-89.2771,63.9313,0.0],[-89.2828,63.9286,2.1345],[-89.2818,63.9255,1.4461],[-89.2828,63.9234,0.0],[-89.2771,63.925,0.0],[-89.2672,63.9224,3.1064],[-89.2688,63.9208,0.0],[-89.2745,63.9203,3.2081],[-89.2708,63.9188,2.6496]]],
[[[-89.2193,63.9266,4.9088],[-89.2208,63.9271,7.6739],[-89.2224,63.9255,2.6387],[-89.2208,63.925,0.0],[-89.2193,63.9266,4.9088]]],
[[[-89.2958,63.9313,1.5235],[-89.2974,63.9297,0.9391],[-89.288,63.9276,1.3631],[-89.2901,63.9307,2.2203],[-89.2958,63.9313,1.5235]]],
[[[-89.2208,63.9292,0.0],[-89.2193,63.9307,0.0],[-89.2214,63.9328,0.0],[-89.2245,63.9328,0.0],[-89.2224,63.9297,0.0],[-89.2208,63.9292,0.0]]],
[[[-89.2276,63.9349,0.0],[-89.2307,63.9349,0.0],[-89.2307,63.9339,0.0],[-89.2292,63.9333,0.0],[-89.2276,63.9349,0.0]]],
[[[-89.1172,63.9432,0.0],[-89.1188,63.9437,0.0],[-89.1203,63.9422,0.0],[-89.1172,63.9422,0.0],[-89.1172,63.9432,0.0]]],
[[[-89.0375,63.9417,0.0],[-89.0333,63.9417,0.0],[-89.0318,63.9432,0.0],[-89.0391,63.9432,0.0],[-89.0375,63.9417,0.0]]],
[[[-89.3005,63.9422,0.0],[-89.3042,63.9458,0.0],[-89.3078,63.9453,4.4814],[-89.3099,63.9432,4.1475],[-89.3083,63.9417,0.0],[-89.3005,63.9422,0.0]]],
[[[-89.137,63.9453,0.0],[-89.1354,63.9437,0.0],[-89.1318,63.9443,0.0],[-89.1333,63.9458,0.0],[-89.137,63.9453,0.0]]],
[[[-89.0276,63.9453,0.0],[-89.0292,63.9458,1.2326],[-89.0307,63.9443,0.0],[-89.0292,63.9437,0.0],[-89.0276,63.9453,0.0]]],
[[[-88.9422,63.9495,0.0],[-88.9458,63.9521,0.0],[-88.9495,63.9484,0.0],[-88.9458,63.9458,0.0],[-88.9401,63.9464,1.8607],[-88.9422,63.9495,0.0]]],
[[[-89.463,63.9495,0.0],[-89.4646,63.95,0.0],[-89.4661,63.9484,0.0],[-89.4646,63.9479,0.0],[-89.463,63.9495,0.0]]],
[[[-89.3203,63.9495,0.0],[-89.3187,63.9479,0.0],[-89.3172,63.9484,4.5515],[-89.3187,63.95,0.0],[-89.3203,63.9495,0.0]]],
[[[-89.3891,63.9568,7.2036],[-89.3917,63.9583,0.0],[-89.3979,63.9583,4.7456],[-89.4021,63.9562,0.0],[-89.4062,63.9562,0.0],[-89.4078,63.9568,0.0],[-89.4068,63.9599,0.0],[-89.4083,63.9604,3.943],[-89.4141,63.9599,5.5039],[-89.4146,63.9583,9.7455],[-89.4099,63.9526,0.0],[-89.4021,63.95,0.0],[-89.3984,63.9505,0.0],[-89.3995,63.9536,0.0],[-89.3979,63.9542,0.0],[-89.3901,63.9516,12.7065],[-89.387,63.9484,1.5851],[-89.3818,63.9474,4.2284],[-89.3797,63.9453,2.5041],[-89.3807,63.9422,3.0318],[-89.3729,63.9396,0.0],[-89.3672,63.9422,0.0],[-89.3724,63.9443,0.0],[-89.3766,63.9484,0.0],[-89.3714,63.9536,0.0],[-89.3812,63.9542,4.9197],[-89.3891,63.9568,7.2036]]],
[[[-88.9938,63.9521,2.3053],[-88.9953,63.9505,0.0],[-88.9875,63.9479,0.0],[-88.9838,63.9484,0.0],[-88.9818,63.9505,0.0],[-88.9854,63.9542,0.0],[-88.9896,63.9542,2.6168],[-88.9938,63.9521,2.3053]]],
[[[-89.3047,63.9516,1.6173],[-89.3078,63.9516,0.0],[-89.3078,63.9505,0.0],[-89.3047,63.9505,0.0],[-89.3047,63.9516,1.6173]]],
[[[-89.3109,63.9536,1.9217],[-89.3125,63.9542,5.0039],[-89.3141,63.9526,4.9661],[-89.3125,63.9521,2.0729],[-89.3109,63.9536,1.9217]]],
[[[-89.2995,63.9574,0.0],[-89.2979,63.9562,0.0],[-89.2963,63.9568,7.741],[-89.2979,63.9583,0.0],[-89.2995,63.9574,0.0]]],
[[[-88.988,63.9578,0.0],[-88.9911,63.9578,0.0],[-88.9911,63.9568,0.0],[-88.9896,63.9562,0.0],[-88.988,63.9578,0.0]]],
[[[-89.3359,63.9599,0.0],[-89.3391,63.9599,2.3432],[-89.3391,63.9589,2.7901],[-89.3359,63.9589,0.0],[-89.3359,63.9599,0.0]]],
[[[-89.0245,63.9734,0.0],[-89.0292,63.9771,0.0],[-89.0354,63.975,0.0],[-89.0417,63.9792,1.4739],[-89.0458,63.9771,0.0],[-89.0563,63.9771,1.8144],[-89.0604,63.9792,0.0],[-89.062,63.9786,0.0],[-89.0609,63.9755,10.3638],[-89.0682,63.9745,0.0],[-89.0651,63.9693,3.2228],[-89.0672,63.9672,4.8542],[-89.0729,63.9667,0.0],[-89.0745,63.9651,0.0],[-89.0682,63.9589,3.6402],[-89.0589,63.9578,2.5],[-89.0568,63.9547,1.4426],[-89.0708,63.9562,1.956],[-89.075,63.9583,4.0707],[-89.0766,63.9568,4.5059],[-89.0724,63.9526,0.0],[-89.0646,63.95,0.0],[-89.0521,63.9542,3.4775],[-89.0479,63.9521,2.6639],[-89.0437,63.9521,2.0218],[-89.0422,63.9505,2.1215],[-89.0453,63.9484,0.0],[-89.0375,63.9458,0.0],[-89.0339,63.9464,3.3041],[-89.0286,63.9516,5.2273],[-89.025,63.9521,4.1478],[-89.0234,63.9505,2.5],[-89.0266,63.9484,0.0],[-89.0208,63.9437,0.0],[-89.0109,63.9464,3.1998],[-89.0162,63.9484,4.9168],[-89.0151,63.9516,2.3458],[-89.0162,63.9536,2.5],[-89.0125,63.9542,0.0],[-89.0099,63.9505,0.0],[-89.0047,63.9505,0.0],[-89.0026,63.9526,0.0],[-89.0036,63.9557,0.0],[-89.0005,63.9578,2.1505],[-89.0078,63.9589,2.6243],[-89.0068,63.9641,0.0],[-89.0088,63.9661,0.9338],[-89.0167,63.9688,0.0],[-89.0229,63.9667,0.0],[-89.0328,63.9714,1.9675],[-89.0312,63.9729,0.6993],[-89.0271,63.9708,0.0],[-89.0193,63.9714,0.0],[-89.0245,63.9734,0.0]]],
[[[-89.3958,63.9646,0.0],[-89.3938,63.9667,3.6492],[-89.3958,63.9688,2.328],[-89.3995,63.9682,0.0],[-89.4016,63.9661,3.5574],[-89.4,63.9646,6.6965],[-89.3958,63.9646,0.0]]],
[[[-89.3484,63.9672,0.0],[-89.3443,63.9703,0.0],[-89.3484,63.9745,0.0],[-89.3562,63.9771,0.0],[-89.3682,63.9766,1.7165],[-89.3651,63.9714,1.7974],[-89.3682,63.9693,0.0],[-89.363,63.9682,0.0],[-89.3609,63.9661,0.0],[-89.362,63.963,0.0],[-89.3542,63.9604,0.0],[-89.3479,63.9604,0.0],[-89.3464,63.962,0.0],[-89.3516,63.963,0.0],[-89.3484,63.9672,0.0]]],
[[[-89.4359,63.9766,0.0],[-89.4375,63.9771,0.0],[-89.4391,63.9755,0.0],[-89.4375,63.975,0.0],[-89.4359,63.9766,0.0]]],
[[[-88.788,63.9786,0.0],[-88.7911,63.9786,1.1334],[-88.7911,63.9776,0.0],[-88.788,63.9776,0.0],[-88.788,63.9786,0.0]]],
[[[-88.9651,63.9807,0.0],[-88.9667,63.9813,0.0],[-88.9682,63.9797,0.0],[-88.9667,63.9792,0.0],[-88.9651,63.9807,0.0]]],
[[[-88.8213,63.9849,4.0494],[-88.8229,63.9854,3.7992],[-88.8245,63.9839,0.0],[-88.8229,63.9833,0.0],[-88.8213,63.9849,4.0494]]],
[[[-89.4328,63.9776,6.9027],[-89.4276,63.9776,0.0],[-89.4255,63.9807,0.0],[-89.4276,63.9828,0.0],[-89.4328,63.9839,0.0],[-89.4318,63.987,0.0],[-89.4328,63.9891,0.0],[-89.4297,63.9911,0.0],[-89.4318,63.9932,0.0],[-89.4354,63.9938,0.0],[-89.437,63.9932,0.0],[-89.4359,63.9901,0.0],[-89.4411,63.9891,19.5598],[-89.4401,63.9859,11.3349],[-89.4432,63.9849,3.2839],[-89.4453,63.9818,0.0],[-89.4328,63.9776,6.9027]]],
[[[-90.007,63.9706,9.9808],[-90.0078,63.9693,3.9761],[-90.0047,63.9693,2.7146],[-90.0047,63.9703,1.7539],[-90.007,63.9706,9.9808]]],
[[[-89.7974,63.9724,3.4188],[-89.7943,63.9745,0.0],[-89.812,63.9786,0.0],[-89.8057,63.9714,2.1365],[-89.8,63.9708,2.4371],[-89.7974,63.9724,3.4188]]],
[[[-89.7359,63.9974,2.1327],[-89.7391,63.9974,2.1341],[-89.7391,63.9964,1.9355],[-89.7375,63.9958,1.944],[-89.7359,63.9974,2.1327]]],
[[[-89.7255,64.0016,0.0],[-89.7292,64.0042,2.7477],[-89.7516,64.0057,2.0744],[-89.7432,64.0005,5.5561],[-89.7333,64.0,2.5829],[-89.7292,63.9979,1.9574],[-89.7255,64.0016,0.0]]],
[[[-88.7255,63.988,1.2425],[-88.7271,63.9896,0.8974],[-88.7349,63.9891,2.0624],[-88.7312,63.9854,0.0],[-88.7276,63.9859,0.0],[-88.7255,63.988,1.2425]]],
[[[-89.2953,63.9891,12.5689],[-89.2937,63.9875,9.9123],[-89.2901,63.988,2.1779],[-89.2917,63.9896,2.3176],[-89.2953,63.9891,12.5689]]],
[[[-89.4401,63.9943,1.4199],[-89.4417,63.9958,0.0],[-89.4495,63.9932,0.0],[-89.4495,63.9901,0.0],[-89.4443,63.9901,18.8486],[-89.4401,63.9943,1.4199]]],
[[[-89.3458,63.9938,0.0],[-89.3417,63.9938,0.0],[-89.3401,63.9953,0.0],[-89.3474,63.9953,0.0],[-89.3458,63.9938,0.0]]],
[[[-89.3729,63.9958,0.0],[-89.3693,63.9974,0.0],[-89.3786,63.9974,12.7262],[-89.3771,63.9958,4.2541],[-89.3729,63.9958,0.0]]],
[[[-89.3599,63.9974,0.0],[-89.3583,63.9958,0.0],[-89.3547,63.9964,1.6217],[-89.3562,63.9979,2.2043],[-89.3599,63.9974,0.0]]],
[[[-89.4359,63.9974,0.0],[-89.4391,63.9974,0.0],[-89.4391,63.9964,0.0],[-89.4375,63.9958,0.0],[-89.4359,63.9974,0.0]]],
[[[-89.4484,63.9995,0.0],[-89.4516,63.9995,11.3558],[-89.4516,63.9984,9.3804],[-89.45,63.9979,13.3118],[-89.4484,63.9995,0.0]]],
[[[-89.3401,64.0016,0.0],[-89.3432,64.0016,0.0],[-89.3432,64.0005,0.0],[-89.3401,64.0005,0.0],[-89.3401,64.0016,0.0]]],
[[[-88.6505,64.0016,2.5043],[-88.6474,63.9984,0.0],[-88.6443,63.9984,0.0],[-88.6505,64.0057,1.295],[-88.6578,64.0057,2.6675],[-88.6557,64.0026,0.0],[-88.6505,64.0016,2.5043]]],
[[[-89.4818,64.0057,0.0],[-89.4849,64.0057,0.0],[-89.4849,64.0047,0.0],[-89.4818,64.0047,0.0],[-89.4818,64.0057,0.0]]],
[[[-89.4224,64.0026,0.0],[-89.4172,64.0026,0.0],[-89.4151,64.0057,0.0],[-89.4229,64.0083,18.8533],[-89.4266,64.0078,2.125],[-89.4224,64.0026,0.0]]],
[[[-89.8422,64.0036,0.0],[-89.8453,64.0036,0.0],[-89.8453,64.0026,0.0],[-89.8422,64.0026,0.0],[-89.8422,64.0036,0.0]]],
[[[-89.5005,64.0057,0.0],[-89.5036,64.0057,0.0],[-89.5036,64.0047,0.0],[-89.5005,64.0047,2.6228],[-89.5005,64.0057,0.0]]],
[[[-89.7703,64.0047,14.7896],[-89.7583,64.0042,0.0],[-89.7568,64.0057,0.0],[-89.762,64.0109,12.5348],[-89.7609,64.0141,0.0],[-89.7745,64.0141,0.0],[-89.7734,64.0109,27.1569],[-89.7766,64.0068,5.0044],[-89.7703,64.0047,14.7896]]],
[[[-89.4984,64.0078,3.1057],[-89.4958,64.0062,2.0609],[-89.4938,64.0083,2.8741],[-89.4964,64.012,3.3172],[-89.5036,64.013,2.8251],[-89.5005,64.0162,1.8741],[-89.5057,64.0162,7.5813],[-89.5099,64.012,0.0],[-89.5083,64.0104,0.0],[-89.5005,64.0099,3.5805],[-89.4984,64.0078,3.1057]]],
[[[-88.6578,64.0089,0.0],[-88.6547,64.0089,2.4552],[-88.6547,64.0099,2.6665],[-88.6578,64.0099,1.8973],[-88.6578,64.0089,0.0]]],
[[[-89.3807,64.0099,0.0],[-89.3792,64.0083,0.0],[-89.3755,64.0089,0.0],[-89.3771,64.0104,0.0],[-89.3807,64.0099,0.0]]],
[[[-89.3474,64.0089,0.0],[-89.3437,64.0083,1.7503],[-89.3422,64.0099,3.0961],[-89.3458,64.0104,0.0],[-89.3474,64.0089,0.0]]],
[[[-88.6021,64.0083,3.6683],[-88.5979,64.0062,0.0],[-88.5901,64.0068,0.0],[-88.5911,64.0099,2.7145],[-88.5901,64.0141,2.5856],[-88.5953,64.0141,2.4034],[-88.6,64.0104,4.5687],[-88.6042,64.0125,2.8771],[-88.6078,64.012,0.0],[-88.6057,64.0089,1.6208],[-88.6021,64.0083,3.6683]]],
[[[-89.3974,64.0078,0.0],[-89.3896,64.0042,10.4082],[-89.3859,64.0047,1.6579],[-89.3838,64.0068,6.2037],[-89.3849,64.0099,0.0],[-89.3797,64.0141,0.0],[-89.3833,64.0167,15.4324],[-89.3912,64.0162,6.601],[-89.3901,64.013,15.6249],[-89.3974,64.0078,0.0]]],
[[[-89.4349,64.012,13.4398],[-89.4333,64.0104,10.7321],[-89.4297,64.0109,6.1311],[-89.4313,64.0125,2.7197],[-89.4349,64.012,13.4398]]],
[[[-89.4109,64.0162,5.2743],[-89.412,64.013,5.1748],[-89.4047,64.013,0.0],[-89.4104,64.0188,0.0],[-89.4187,64.0188,0.0],[-89.4245,64.0151,0.0],[-89.4187,64.0104,0.0],[-89.4172,64.0109,6.7321],[-89.4182,64.0141,10.9312],[-89.4109,64.0162,5.2743]]],
[[[-89.4859,64.0203,0.0],[-89.4891,64.0203,1.6963],[-89.4891,64.0193,2.3274],[-89.4859,64.0193,0.0],[-89.4859,64.0203,0.0]]],
[[[-89.6839,64.0234,0.0],[-89.6854,64.025,2.4058],[-89.6974,64.0245,0.0],[-89.6958,64.0229,0.0],[-89.6839,64.0234,0.0]]],
[[[-89.4901,64.0307,0.0],[-89.4958,64.0313,0.0],[-89.4958,64.0292,0.0],[-89.4917,64.0292,0.0],[-89.4901,64.0307,0.0]]],
[[[-89.7422,64.0349,0.0],[-89.7453,64.0349,0.0],[-89.7453,64.0339,1.3682],[-89.7422,64.0339,0.0],[-89.7422,64.0349,0.0]]],
[[[-89.813,64.0349,3.7267],[-89.8089,64.0339,0.0],[-89.813,64.0391,8.2425],[-89.8208,64.0417,2.271],[-89.8266,64.0391,2.3854],[-89.825,64.0375,0.9552],[-89.813,64.0349,3.7267]]],
[[[-89.7115,64.042,0.0],[-89.7109,64.0432,0.0],[-89.7167,64.0437,3.5933],[-89.7271,64.0479,6.7811],[-89.7328,64.0474,3.0005],[-89.7271,64.0417,0.0],[-89.7115,64.042,0.0]]],
[[[-89.8099,64.0474,0.0],[-89.8089,64.0495,0.0],[-89.8161,64.0495,1.9719],[-89.8141,64.0463,1.603],[-89.8099,64.0474,0.0]]],
[[[-89.8193,64.0516,0.0],[-89.8224,64.0516,6.1075],[-89.8224,64.0505,6.9753],[-89.8193,64.0505,2.1118],[-89.8193,64.0516,0.0]]],
[[[-89.8297,64.0516,0.0],[-89.8328,64.0516,2.4975],[-89.8328,64.0505,3.077],[-89.8297,64.0505,0.0],[-89.8297,64.0516,0.0]]],
[[[-89.4099,64.0255,5.3425],[-89.4068,64.0255,5.6631],[-89.4068,64.0266,10.1684],[-89.4099,64.0266,11.6582],[-89.4099,64.0255,5.3425]]],
[[[-88.5547,64.0474,0.0],[-88.5521,64.0458,0.0],[-88.5484,64.0463,2.2765],[-88.5505,64.0495,3.2909],[-88.5563,64.05,2.1745],[-88.5563,64.0479,0.0],[-88.5547,64.0474,0.0]]],
[[[-88.4479,64.0687,3.0927],[-88.4516,64.0682,2.6706],[-88.4557,64.0651,0.0],[-88.4521,64.0625,1.7635],[-88.4443,64.063,0.0],[-88.4453,64.0661,4.0764],[-88.4443,64.0682,1.3294],[-88.4479,64.0687,3.0927]]],
[[[-88.3542,64.0938,3.3895],[-88.3604,64.0958,1.9755],[-88.3729,64.0958,6.545],[-88.3771,64.0979,7.7349],[-88.3854,64.0979,4.0521],[-88.3912,64.0953,0.0],[-88.3833,64.0917,0.0],[-88.3734,64.0911,2.1777],[-88.375,64.0896,0.0],[-88.3891,64.0891,2.8265],[-88.3891,64.0859,1.8613],[-88.3833,64.0813,0.0],[-88.3755,64.0818,0.0],[-88.3766,64.0849,1.23],[-88.3667,64.0854,0.0],[-88.3604,64.0896,0.0],[-88.35,64.0896,3.1326],[-88.3458,64.0875,0.0],[-88.3401,64.0901,5.895],[-88.3479,64.0938,2.762],[-88.3542,64.0938,3.3895]]],
[[[-88.0193,64.1974,2.9703],[-88.0224,64.1974,4.9891],[-88.0224,64.1964,7.5596],[-88.0193,64.1964,3.0776],[-88.0193,64.1974,2.9703]]],
[[[-87.9849,64.2026,3.3916],[-87.9771,64.2,2.5025],[-87.9708,64.2,3.2128],[-87.9672,64.2037,3.4537],[-87.9708,64.2063,0.0],[-87.9792,64.2063,3.4057],[-87.9849,64.2026,3.3916]]],
[[[-87.9651,64.2078,0.0],[-87.9682,64.2109,0.0],[-87.9672,64.2141,3.7301],[-87.975,64.2146,0.0],[-87.9792,64.2167,0.0],[-87.987,64.212,6.1171],[-87.9833,64.2083,0.0],[-87.9708,64.2083,3.5267],[-87.9667,64.2063,0.0],[-87.9651,64.2078,0.0]]],
[[[-87.988,64.2932,0.0],[-87.9911,64.2932,0.0],[-87.9911,64.2922,0.0],[-87.988,64.2922,0.0],[-87.988,64.2932,0.0]]],
[[[-87.8354,64.4604,0.0],[-87.8339,64.462,0.0],[-87.8359,64.4641,3.1602],[-87.8391,64.4641,2.2703],[-87.837,64.4609,0.0],[-87.8354,64.4604,0.0]]],
[[[-87.7818,64.4953,0.0],[-87.7849,64.4953,0.0],[-87.7849,64.4943,0.0],[-87.7818,64.4943,0.0],[-87.7818,64.4953,0.0]]],
[[[-87.5255,64.5995,0.0],[-87.5286,64.5995,0.0],[-87.5286,64.5984,0.0],[-87.5255,64.5984,0.0],[-87.5255,64.5995,0.0]]],
[[[-87.4339,64.6932,0.0],[-87.437,64.6932,0.0],[-87.437,64.6922,0.0],[-87.4339,64.6922,0.0],[-87.4339,64.6932,0.0]]],
[[[-87.4271,64.6979,0.0],[-87.4234,64.6995,0.0],[-87.4328,64.6995,0.0],[-87.4313,64.6979,0.0],[-87.4271,64.6979,0.0]]],
[[[-87.4958,64.7083,0.0],[-87.5021,64.7083,0.0],[-87.5036,64.7068,0.0],[-87.4979,64.7021,6.0852],[-87.4901,64.7026,0.0],[-87.4901,64.7037,0.0],[-87.4958,64.7083,0.0]]],
[[[-87.4812,64.7104,0.0],[-87.4797,64.712,0.0],[-87.4818,64.7141,0.0],[-87.4849,64.7141,0.0],[-87.4849,64.713,0.0],[-87.4812,64.7104,0.0]]],
[[[-87.3875,64.7167,0.0],[-87.3891,64.7161,3.7514],[-87.3891,64.7151,0.0],[-87.3859,64.7151,0.0],[-87.3875,64.7167,0.0]]],
[[[-88.3995,64.0953,0.0],[-88.3964,64.0995,2.634],[-88.4042,64.1,5.1395],[-88.4083,64.1021,0.0],[-88.4187,64.1021,0.0],[-88.4229,64.1,6.9538],[-88.4328,64.0995,4.6491],[-88.4391,64.0943,4.2583],[-88.4292,64.0917,0.0],[-88.4276,64.0922,1.9369],[-88.4286,64.0953,0.0],[-88.425,64.0979,0.0],[-88.4187,64.0979,0.0],[-88.4083,64.0938,3.1174],[-88.4021,64.0938,3.5696],[-88.3995,64.0953,0.0]]],
[[[-88.8339,65.3318,5.1203],[-88.8354,65.3333,2.7561],[-88.8432,65.3328,9.725],[-88.8396,65.3292,0.0],[-88.8359,65.3297,3.4147],[-88.8339,65.3318,5.1203]]],
[[[-89.012,65.4078,4.063],[-89.0088,65.4089,0.0],[-89.0109,65.412,0.4804],[-89.0208,65.4125,7.0072],[-89.0271,65.4146,2.0992],[-89.0349,65.412,3.0531],[-89.0339,65.4089,12.5621],[-89.037,65.4078,25.5946],[-89.0339,65.4036,0.0],[-89.0354,65.4021,0.0],[-89.0396,65.4042,0.0],[-89.0495,65.4047,7.5285],[-89.0484,65.4078,0.0],[-89.0521,65.4104,8.3073],[-89.0578,65.4099,12.8915],[-89.0646,65.4063,14.6701],[-89.075,65.4063,0.0],[-89.0937,65.4125,6.2939],[-89.0995,65.4099,0.0],[-89.0984,65.4068,5.6531],[-89.1036,65.4057,0.0],[-89.1026,65.4026,0.8333],[-89.1057,65.4005,0.0],[-89.0943,65.3995,26.3612],[-89.0974,65.3964,1.6787],[-89.0937,65.3938,0.0],[-89.0875,65.3938,0.6491],[-89.0813,65.3958,2.7591],[-89.0771,65.3938,0.0],[-89.0729,65.3938,7.9197],[-89.0661,65.3974,0.0],[-89.0589,65.3984,0.8535],[-89.0599,65.4016,1.3072],[-89.0521,65.4021,8.7128],[-89.0443,65.3995,1.3975],[-89.0333,65.3896,2.3012],[-89.0292,65.3917,1.2454],[-89.0172,65.3912,5.706],[-89.0151,65.3891,0.0],[-89.0162,65.3859,9.0015],[-89.0146,65.3854,6.3815],[-89.0083,65.3854,11.5328],[-88.9958,65.3896,6.097],[-88.9943,65.3891,6.7768],[-88.9953,65.3859,0.0],[-88.9812,65.3854,0.0],[-88.9771,65.3833,2.0487],[-88.9755,65.3839,4.2746],[-88.9766,65.387,0.0],[-88.9693,65.388,0.0],[-88.9729,65.3917,6.4528],[-88.9854,65.3917,0.0],[-88.9917,65.3958,0.0],[-89.0042,65.3958,2.6638],[-89.0088,65.3995,4.8845],[-89.0224,65.4026,11.9929],[-89.0208,65.4042,3.6386],[-89.0109,65.4047,3.5643],[-89.012,65.4078,4.063]]],
[[[-88.3151,65.4255,7.576],[-88.3229,65.4292,0.0],[-88.3313,65.4292,16.0344],[-88.3354,65.4313,0.0],[-88.3411,65.4287,7.9808],[-88.3391,65.4255,12.201],[-88.3339,65.4245,0.0],[-88.3318,65.4224,0.0],[-88.3328,65.4193,16.3417],[-88.3276,65.4141,0.0],[-88.3307,65.4109,0.0],[-88.3234,65.4099,24.4983],[-88.3167,65.4042,0.0],[-88.3026,65.4036,6.0449],[-88.3057,65.4016,0.0],[-88.3047,65.3984,9.5528],[-88.3057,65.3964,0.0],[-88.2979,65.3958,0.0],[-88.2854,65.4,2.9792],[-88.2708,65.4,0.0],[-88.2693,65.3984,0.0],[-88.275,65.3979,0.0],[-88.2766,65.3964,0.0],[-88.2703,65.3901,0.0],[-88.2604,65.3896,11.8912],[-88.2562,65.3875,3.0095],[-88.2484,65.388,0.0],[-88.2401,65.3943,0.0],[-88.2562,65.4,0.0],[-88.2604,65.3979,11.0862],[-88.262,65.3984,0.0],[-88.2609,65.4016,4.2854],[-88.2708,65.4021,11.5428],[-88.2807,65.4068,0.0],[-88.2792,65.4083,0.0],[-88.2734,65.4089,7.7273],[-88.2714,65.4109,2.1922],[-88.2729,65.4125,0.0],[-88.2854,65.4125,14.7201],[-88.2896,65.4146,0.0],[-88.3063,65.4146,2.515],[-88.3104,65.4167,0.0],[-88.3187,65.4167,2.62],[-88.3245,65.4213,0.0],[-88.3229,65.4229,0.0],[-88.3187,65.4208,0.0],[-88.3151,65.4213,0.0],[-88.3161,65.4245,3.789],[-88.3151,65.4255,7.576]]],
[[[-87.337,64.7286,0.0],[-87.3354,64.7271,0.0],[-87.3318,64.7276,0.0],[-87.3333,64.7292,0.0],[-87.337,64.7286,0.0]]],
[[[-87.3016,64.8203,9.5736],[-87.3,64.8187,9.762],[-87.2963,64.8193,7.8445],[-87.2979,64.8208,8.9276],[-87.3016,64.8203,9.5736]]],
[[[-87.2276,64.8578,2.3962],[-87.2307,64.8578,2.628],[-87.2307,64.8568,0.0],[-87.2276,64.8568,0.0],[-87.2276,64.8578,2.3962]]],
[[[-87.1917,64.8792,0.0],[-87.188,64.8807,0.0],[-87.1974,64.8807,3.9036],[-87.1958,64.8792,1.3942],[-87.1917,64.8792,0.0]]],
[[[-89.8099,63.9245,1.7798],[-89.8083,63.9229,4.4765],[-89.8047,63.9234,0.0],[-89.8063,63.925,3.0063],[-89.8099,63.9245,1.7798]]],
[[[-89.8109,63.9411,0.0],[-89.8167,63.9417,0.0],[-89.8167,63.9396,0.0],[-89.8125,63.9396,0.0],[-89.8109,63.9411,0.0]]],
[[[-89.6062,63.95,3.5928],[-89.6068,63.9516,10.2988],[-89.6104,63.9521,0.0],[-89.6141,63.9484,5.6178],[-89.612,63.9464,6.1476],[-89.6062,63.9458,5.027],[-89.6047,63.9474,7.1504],[-89.6062,63.95,3.5928]]],
[[[-90.1458,63.9542,3.7583],[-90.1422,63.9557,0.0],[-90.1516,63.9557,0.0],[-90.15,63.9542,0.0],[-90.1458,63.9542,3.7583]]],
[[[-91.5854,63.6604,2.3774],[-91.5839,63.662,0.0],[-91.5932,63.662,2.402],[-91.5917,63.6604,3.9204],[-91.5854,63.6604,2.3774]]],
[[[-90.6963,65.9036,0.0],[-90.6995,65.9036,0.0],[-90.6995,65.9026,0.0],[-90.6963,65.9026,0.0],[-90.6963,65.9036,0.0]]],
[[[-90.7891,65.9099,0.0],[-90.7875,65.9083,0.0],[-90.7839,65.9089,0.0],[-90.7854,65.9104,0.0],[-90.7891,65.9099,0.0]]],
[[[-89.9026,64.0995,0.0],[-89.9057,64.0995,0.0],[-89.9057,64.0984,0.0],[-89.9026,64.0984,0.0],[-89.9026,64.0995,0.0]]],
[[[-89.8912,64.1182,0.0],[-89.8896,64.1167,0.0],[-89.8859,64.1172,2.6223],[-89.8875,64.1188,0.0],[-89.8912,64.1182,0.0]]],
[[[-89.9125,64.1229,0.0],[-89.9068,64.1234,0.0],[-89.9047,64.1266,9.0596],[-89.9146,64.1312,0.0],[-89.9224,64.1266,0.0],[-89.9203,64.1234,0.0],[-89.9125,64.1229,0.0]]],
[[[-89.9354,65.8417,10.1459],[-89.9396,65.8438,0.0],[-89.9599,65.8453,5.9124],[-89.9557,65.8401,0.0],[-89.95,65.8396,11.3028],[-89.9313,65.8333,0.0],[-89.9213,65.8359,16.5292],[-89.9229,65.8375,0.0],[-89.9328,65.838,41.5196],[-89.9297,65.8411,0.0],[-89.9354,65.8417,10.1459]]],
[[[-89.6484,65.8495,0.0],[-89.6505,65.8516,0.0],[-89.6562,65.8521,8.5001],[-89.6667,65.8562,5.3241],[-89.6745,65.8557,0.0],[-89.6521,65.8479,0.0],[-89.6484,65.8495,0.0]]],
[[[-90.387,65.8734,5.5239],[-90.3714,65.8714,0.0],[-90.3771,65.8771,0.0],[-90.3849,65.8766,21.5778],[-90.387,65.8734,5.5239]]],
[[[-90.0214,65.8734,15.7719],[-90.025,65.8771,0.0],[-90.0286,65.8766,0.0],[-90.0307,65.8745,4.7135],[-90.0292,65.8729,0.0],[-90.0214,65.8734,15.7719]]],
[[[-89.5333,65.875,0.0],[-89.5297,65.8755,0.0],[-89.5318,65.8786,2.4847],[-89.5474,65.8807,0.9702],[-89.5432,65.8755,0.0],[-89.5333,65.875,0.0]]],
[[[-87.188,64.8849,3.9807],[-87.1911,64.8849,5.6884],[-87.1911,64.8839,5.2113],[-87.188,64.8839,4.4769],[-87.188,64.8849,3.9807]]],
[[[-87.1776,64.8849,0.0],[-87.1807,64.8849,0.0],[-87.1807,64.8839,0.0],[-87.1776,64.8839,0.0],[-87.1776,64.8849,0.0]]],
[[[-87.1818,64.9057,0.0],[-87.1828,64.9078,0.0],[-87.1797,64.9099,0.0],[-87.1818,64.912,0.0],[-87.1875,64.9125,2.2733],[-87.1859,64.9089,2.158],[-87.188,64.9068,2.9983],[-87.1974,64.9078,3.5538],[-87.1963,64.9047,3.7401],[-87.1984,64.9026,4.1137],[-87.2042,64.9021,5.7747],[-87.2057,64.9005,5.6063],[-87.2021,64.8979,2.9181],[-87.1922,64.9005,2.7689],[-87.1932,64.9036,1.854],[-87.1833,64.9042,1.4357],[-87.1818,64.9057,0.0]]],
[[[-87.1,64.9375,1.9553],[-87.1057,64.937,2.3569],[-87.112,64.9318,1.9228],[-87.1,64.9313,3.4386],[-87.0901,64.9339,3.5906],[-87.0922,64.937,3.836],[-87.1,64.9375,1.9553]]],
[[[-87.0042,64.9625,4.4334],[-87.0,64.9625,2.4459],[-86.9984,64.9641,3.8199],[-87.0057,64.9641,2.7014],[-87.0042,64.9625,4.4334]]],
[[[-86.9771,65.0792,0.0],[-86.9734,65.0807,1.2967],[-86.9828,65.0807,3.8456],[-86.9812,65.0792,5.1575],[-86.9771,65.0792,0.0]]],
[[[-86.9932,65.087,3.0677],[-86.9917,65.0854,3.4875],[-86.988,65.0859,2.2676],[-86.9896,65.0875,1.647],[-86.9932,65.087,3.0677]]],
[[[-86.913,65.1672,0.0],[-86.9089,65.1693,1.633],[-86.9125,65.1729,0.0],[-86.9167,65.1729,3.7157],[-86.9208,65.175,8.2087],[-86.9307,65.1724,0.0],[-86.9208,65.1667,0.0],[-86.913,65.1672,0.0]]],
[[[-87.0042,65.1937,0.0],[-87.0026,65.1953,1.2884],[-87.0099,65.1953,1.7008],[-87.0083,65.1937,0.0],[-87.0042,65.1937,0.0]]],
[[[-87.0693,65.2432,2.0066],[-87.0713,65.2453,2.7383],[-87.075,65.2458,1.5597],[-87.0787,65.2422,1.7924],[-87.0708,65.2417,1.5918],[-87.0693,65.2432,2.0066]]],
[[[-87.3729,65.3229,2.822],[-87.3745,65.3214,4.6517],[-87.3714,65.3214,3.6312],[-87.3714,65.3224,2.9583],[-87.3729,65.3229,2.822]]],
[[[-87.1776,65.3557,0.0],[-87.1807,65.3557,0.0],[-87.1807,65.3547,0.0],[-87.1776,65.3547,0.0],[-87.1776,65.3557,0.0]]],
[[[-88.2333,65.4229,0.0],[-88.2349,65.4213,0.0],[-88.2312,65.4208,0.0],[-88.2312,65.4229,0.0],[-88.2333,65.4229,0.0]]],
[[[-89.1224,65.4276,8.283],[-89.1266,65.4287,3.0334],[-89.1255,65.4255,7.2282],[-89.1286,65.4234,0.0],[-89.1234,65.4234,11.1546],[-89.1214,65.4255,4.7525],[-89.1224,65.4276,8.283]]],
[[[-88.3896,65.4396,0.0],[-88.3797,65.4401,0.0],[-88.3828,65.4453,0.0],[-88.3797,65.4474,14.6852],[-88.3833,65.45,11.6499],[-88.4,65.45,1.614],[-88.4042,65.4479,4.8905],[-88.4167,65.4479,17.0151],[-88.4224,65.4453,7.5828],[-88.4146,65.4417,0.0],[-88.3958,65.4417,10.5706],[-88.3896,65.4396,0.0]]],
[[[-88.3672,65.4599,0.0],[-88.3703,65.4599,0.0],[-88.3703,65.4589,0.0],[-88.3672,65.4589,0.0],[-88.3672,65.4599,0.0]]],
[[[-93.4542,63.9813,0.0],[-93.4599,63.9776,0.0],[-93.4547,63.9776,0.0],[-93.4526,63.9797,0.0],[-93.4542,63.9813,0.0]]],
[[[-93.387,63.9859,9.1467],[-93.3838,63.9859,7.9427],[-93.3838,63.987,10.4718],[-93.387,63.987,11.806],[-93.387,63.9859,9.1467]]],
[[[-93.4995,64.0339,0.0],[-93.4964,64.0339,0.0],[-93.4964,64.0349,1.2385],[-93.4995,64.0349,0.0],[-93.4995,64.0339,0.0]]],
[[[-93.6922,63.9745,0.0],[-93.6974,63.9745,0.0],[-93.6995,63.9714,0.0],[-93.6963,63.9714,0.0],[-93.6922,63.9745,0.0]]],
[[[-93.5042,64.0313,0.0],[-93.5026,64.0328,0.0],[-93.5068,64.0349,1.1093],[-93.5146,64.0375,0.0],[-93.5203,64.037,3.526],[-93.5141,64.0297,0.0],[-93.5083,64.0292,3.1416],[-93.5042,64.0313,0.0]]],
[[[-93.6083,64.0792,7.0729],[-93.6068,64.0807,0.0],[-93.6104,64.0833,0.0],[-93.6146,64.0833,1.9123],[-93.6188,64.0854,2.9445],[-93.6224,64.0828,7.4452],[-93.6146,64.0792,1.3521],[-93.6083,64.0792,7.0729]]],
[[[-95.8688,66.7917,11.6689],[-95.8672,66.7932,11.5755],[-95.8724,66.7932,27.5089],[-95.8724,66.7922,25.2541],[-95.8688,66.7917,11.6689]]],
[[[-95.9,66.8167,17.3851],[-95.9036,66.8151,18.8603],[-95.8979,66.8125,11.6205],[-95.8922,66.8151,12.0514],[-95.8938,66.8167,13.964],[-95.9,66.8167,17.3851]]],
[[[-96.062,66.8547,10.9835],[-96.0589,66.8547,10.7947],[-96.0589,66.8557,10.8951],[-96.062,66.8557,10.6833],[-96.062,66.8547,10.9835]]],
[[[-96.0297,66.8807,11.0979],[-96.0328,66.8807,11.163],[-96.037,66.8776,11.154],[-96.0318,66.8776,11.0156],[-96.0297,66.8807,11.0979]]],
[[[-96.0818,66.8995,10.8057],[-96.087,66.8995,10.8105],[-96.0891,66.8964,11.0542],[-96.0839,66.8964,10.9352],[-96.0818,66.8995,10.8057]]],
[[[-95.2745,66.9109,0.6163],[-95.2714,66.9109,0.7443],[-95.2714,66.912,0.6332],[-95.2745,66.912,0.5709],[-95.2745,66.9109,0.6163]]],
[[[-95.6125,66.9146,-1.5185],[-95.6109,66.9161,-1.6221],[-95.6161,66.9161,-1.8026],[-95.6161,66.9151,-1.5316],[-95.6125,66.9146,-1.5185]]],
[[[-95.4896,66.9146,-1.4139],[-95.488,66.9161,-1.3598],[-95.4932,66.9161,-1.4004],[-95.4932,66.9151,-1.3324],[-95.4896,66.9146,-1.4139]]],
[[[-96.1807,66.9172,10.96],[-96.1776,66.9172,10.8997],[-96.1776,66.9182,10.908],[-96.1807,66.9182,10.9652],[-96.1807,66.9172,10.96]]],
[[[-95.5734,66.9203,-1.8057],[-95.5813,66.9208,-1.7421],[-95.5828,66.9193,-1.8557],[-95.575,66.9187,-1.3748],[-95.5734,66.9203,-1.8057]]],
[[[-95.3287,66.9245,-1.1745],[-95.3266,66.9213,-1.1245],[-95.3208,66.9187,-1.2958],[-95.313,66.9234,-1.1624],[-95.3146,66.925,-1.1578],[-95.3287,66.9245,-1.1745]]],
[[[-95.5828,66.9307,-1.4334],[-95.5849,66.9276,-1.402],[-95.5807,66.9255,-1.5802],[-95.5776,66.9255,-1.4285],[-95.5755,66.9276,-1.5046],[-95.5776,66.9307,-1.2858],[-95.5828,66.9307,-1.4334]]],
[[[-95.6,66.9292,-1.3384],[-95.5984,66.9307,-1.5823],[-95.6036,66.9307,-1.5594],[-95.6036,66.9297,-1.3762],[-95.6,66.9292,-1.3384]]],
[[[-95.6026,66.937,-1.4901],[-95.6104,66.9375,-1.29],[-95.612,66.9359,-1.3491],[-95.6042,66.9354,-1.5807],[-95.6026,66.937,-1.4901]]],
[[[-95.2495,66.9359,2.2221],[-95.2464,66.9359,2.3382],[-95.2464,66.937,2.6296],[-95.2495,66.937,1.248],[-95.2495,66.9359,2.2221]]],
[[[-95.8141,66.9443,9.985],[-95.8109,66.9443,5.3441],[-95.8109,66.9453,5.8032],[-95.8141,66.9453,5.6274],[-95.8141,66.9443,9.985]]],
[[[-95.6271,66.9625,4.8475],[-95.6417,66.9625,2.1517],[-95.6464,66.9661,4.8459],[-95.65,66.9667,4.7882],[-95.6609,66.9589,2.0322],[-95.6724,66.9578,-0.3152],[-95.6776,66.9526,8.0833],[-95.6849,66.9516,-1.0277],[-95.6896,66.9479,7.6957],[-95.6953,66.9474,-1.3001],[-95.7016,66.9401,2.4231],[-95.6958,66.9354,-0.2826],[-95.6833,66.9354,-1.5822],[-95.6792,66.9375,3.2785],[-95.6708,66.9375,-1.7558],[-95.6661,66.9411,4.5831],[-95.6562,66.9437,4.9425],[-95.6417,66.9437,-1.5802],[-95.6375,66.9458,-1.5143],[-95.6333,66.9458,-1.4442],[-95.6255,66.9526,-1.0283],[-95.6266,66.9557,1.3326],[-95.6234,66.9599,2.4895],[-95.6271,66.9625,4.8475]]],
[[[-95.3807,66.9516,-0.9608],[-95.3755,66.9537,-1.4851],[-95.3917,66.9563,8.1208],[-95.3953,66.9537,4.0159],[-95.3896,66.95,-1.1664],[-95.3833,66.95,-1.5036],[-95.3807,66.9516,-0.9608]]],
[[[-96.2542,66.9563,10.9671],[-96.2526,66.9578,11.1864],[-96.2578,66.9578,11.1961],[-96.2578,66.9568,11.0869],[-96.2542,66.9563,10.9671]]],
[[[-95.875,67.0,41.443],[-95.9281,67.0,12.7555],[-95.9276,66.9984,24.0073],[-95.9349,66.9922,10.4899],[-95.9255,66.987,12.2709],[-95.9286,66.9838,14.1341],[-95.9255,66.9828,14.8786],[-95.9266,66.9797,13.6226],[-95.9255,66.9776,17.404],[-95.9349,66.9693,15.4533],[-95.9318,66.9682,14.83],[-95.9266,66.963,11.0088],[-95.9193,66.962,8.0733],[-95.9203,66.9589,6.3933],[-95.9187,66.9583,4.3552],[-95.9125,66.9583,2.8528],[-95.9062,66.9604,9.696],[-95.9047,66.9599,9.696],[-95.9057,66.9568,3.0923],[-95.8979,66.9583,9.3633],[-95.8932,66.9547,2.2864],[-95.8859,66.9537,2.1399],[-95.8797,66.9495,11.5649],[-95.8807,66.9464,9.5984],[-95.8792,66.9458,11.0124],[-95.8521,66.9542,11.9127],[-95.8458,66.9521,8.8124],[-95.8396,66.9521,5.623],[-95.8354,66.9542,2.8661],[-95.8187,66.9542,4.9945],[-95.8125,66.9521,0.0885],[-95.8083,66.9542,0.1966],[-95.7958,66.9542,2.9414],[-95.7917,66.9521,0.0535],[-95.7854,66.9542,14.9057],[-95.7812,66.9521,-1.0683],[-95.7771,66.9542,4.1892],[-95.7667,66.9542,2.6884],[-95.7625,66.9563,5.7669],[-95.7526,66.9568,16.8326],[-95.7438,66.9646,25.9594],[-95.7292,66.9604,0.1433],[-95.7104,66.9583,-1.904],[-95.7089,66.9589,0.9678],[-95.7099,66.962,-0.5876],[-95.7078,66.9641,0.7288],[-95.7005,66.9651,-1.6389],[-95.6958,66.9688,2.2277],[-95.663,66.9693,-1.6665],[-95.6661,66.9714,-0.9694],[-95.6641,66.9745,0.6763],[-95.6583,66.9771,1.8975],[-95.65,66.9771,-1.478],[-95.6453,66.9807,-1.3801],[-95.638,66.9818,-1.5339],[-95.6359,66.9838,-1.443],[-95.637,66.987,0.2439],[-95.6349,66.9891,0.1059],[-95.6276,66.9901,3.5282],[-95.6307,66.9922,1.7947],[-95.6292,66.9938,2.4912],[-95.6167,66.9938,2.5843],[-95.612,66.9901,1.8187],[-95.6042,66.9896,0.5228],[-95.5943,66.9922,0.6245],[-95.5896,66.9958,1.389],[-95.575,66.9958,1.3537],[-95.5687,66.9979,1.8634],[-95.5672,66.9964,1.8498],[-95.5693,66.9943,2.0852],[-95.5766,66.9932,0.3216],[-95.5755,66.9859,0.4585],[-95.5776,66.9838,0.3457],[-95.5849,66.9828,-1.259],[-95.5943,66.9734,0.3733],[-95.6016,66.9724,-1.5382],[-95.6036,66.9703,-0.2649],[-95.6026,66.9672,2.8471],[-95.6036,66.9651,1.0897],[-95.5964,66.9641,8.4538],[-95.5974,66.9609,12.1419],[-95.5917,66.9563,-1.5586],[-95.5854,66.9583,9.6249],[-95.5687,66.9583,-0.9936],[-95.5646,66.9563,-0.659],[-95.5583,66.9563,0.2951],[-95.5542,66.9583,0.8041],[-95.5354,66.9583,1.7462],[-95.5339,66.9568,0.8599],[-95.5411,66.9516,1.7829],[-95.5391,66.9484,1.2108],[-95.5271,66.9479,-1.2967],[-95.5208,66.9437,-1.5876999999999999],[-95.4958,66.9437,-1.4904],[-95.4896,66.9417,-1.523],[-95.4797,66.9443,-1.4882],[-95.4849,66.9484,0.1252],[-95.4833,66.95,3.1087],[-95.4792,66.9479,-0.4958],[-95.4729,66.95,4.397],[-95.4667,66.9479,0.4065],[-95.4625,66.95,-0.1718],[-95.4563,66.95,2.6282],[-95.4521,66.9479,-0.7635],[-95.4458,66.9479,-1.3312],[-95.4333,66.9521,15.8243],[-95.4271,66.95,-1.351],[-95.4229,66.9521,5.8263],[-95.4187,66.9521,3.4129],[-95.4104,66.9583,0.899],[-95.3854,66.9583,0.4191],[-95.3838,66.9599,3.0881],[-95.3859,66.962,0.0105],[-95.3917,66.9625,0.2282],[-95.3932,66.9641,1.9543],[-95.3859,66.9651,-0.9579],[-95.3891,66.9682,0.49],[-95.3833,66.9708,4.1696],[-95.3792,66.9688,-1.1788],[-95.3755,66.9693,-1.2655],[-95.3786,66.9724,2.3367],[-95.3755,66.9745,0.2477],[-95.3812,66.975,1.0629],[-95.3828,66.9766,2.22],[-95.375,66.9792,8.2649],[-95.3688,66.9771,0.1532],[-95.3646,66.9792,5.618],[-95.3458,66.9792,1.7069],[-95.3359,66.9766,3.8689],[-95.3307,66.9714,3.6243],[-95.3271,66.9708,3.87],[-95.3213,66.9755,0.4239],[-95.3245,66.9807,0.6024],[-95.3203,66.9849,2.0277],[-95.313,66.9859,2.5494],[-95.3089,66.9901,0.1855],[-95.3099,66.9932,1.7645],[-95.3068,66.9964,0.8045],[-95.3073,67.0,3.2312],[-95.875,67.0,41.443]]],
[[[-96.1542,66.975,10.9077],[-96.1443,66.9734,13.6002],[-96.15,66.9792,10.9788],[-96.1536,66.9786,11.1755],[-96.1557,66.9766,12.4416],[-96.1542,66.975,10.9077]]],
[[[-96.184,67.0,45.6346],[-96.2219,67.0,15.734],[-96.2146,66.9958,24.5128],[-96.1963,66.9932,22.5431],[-96.2016,66.9859,10.8973],[-96.1974,66.9818,27.5432],[-96.1917,66.9792,14.7471],[-96.1813,66.9792,11.1362],[-96.175,66.9812,13.0509],[-96.1708,66.9792,11.1621],[-96.1583,66.9792,11.1372],[-96.1568,66.9807,11.0348],[-96.1599,66.9828,14.1223],[-96.1583,66.9833,11.3015],[-96.1438,66.9833,11.0049],[-96.1229,66.9896,31.3327],[-96.1151,66.9891,13.6826],[-96.1099,66.9838,14.969],[-96.1068,66.9828,18.6044],[-96.1141,66.9797,13.2361],[-96.1109,66.9786,13.7981],[-96.1068,66.9734,16.7143],[-96.1292,66.9729,15.6618],[-96.1354,66.975,13.65],[-96.1422,66.9693,18.8347],[-96.1458,66.9688,11.7885],[-96.15,66.9708,10.847],[-96.1516,66.9693,10.9187],[-96.1495,66.9672,10.8835],[-96.1422,66.9661,14.4194],[-96.1333,66.9604,14.6105],[-96.1208,66.9583,19.9418],[-96.1167,66.9563,15.6152],[-96.1083,66.9563,11.62],[-96.1042,66.9542,10.8515],[-96.1005,66.9547,10.9846],[-96.1036,66.9578,10.9688],[-96.0937,66.9604,11.9837],[-96.087,66.9568,25.6896],[-96.0839,66.9568,23.4551],[-96.0708,66.9667,14.1581],[-96.0479,66.9667,13.359],[-96.0437,66.9646,16.0199],[-96.0312,66.9646,12.6368],[-96.0266,66.9682,13.6541],[-96.0188,66.9667,16.0353],[-96.0125,66.9708,14.9331],[-96.0062,66.9708,25.6951],[-96.0,66.9688,13.5738],[-95.988,66.9797,25.3326],[-95.9891,66.9828,32.8479],[-95.9818,66.988,12.1462],[-95.987,66.9922,17.5646],[-95.9859,66.9953,12.716],[-95.9958,66.9979,14.9519],[-96.0042,66.9938,17.6564],[-96.012,66.9943,12.6887],[-96.0141,66.9974,13.3015],[-96.0115,67.0,13.5177],[-96.184,67.0,45.6346]]],
[[[-95.6188,66.9917,1.0258],[-95.6224,66.9901,0.346],[-95.6151,66.988,-1.5271],[-95.6151,66.9891,-1.6001],[-95.6188,66.9917,1.0258]]],
[[[-96.2375,66.9958,10.9711],[-96.2338,66.9964,11.7361],[-96.2349,66.9995,11.2386],[-96.2333,67.0,11.2167],[-96.2406,67.0,21.0665],[-96.2432,66.9974,22.0109],[-96.2417,66.9958,10.7629],[-96.2375,66.9958,10.9711]]],
[[[-85.3083,64.1188,50.2724],[-85.3068,64.1203,49.7939],[-85.3089,64.1224,49.6136],[-85.312,64.1224,49.5436],[-85.3099,64.1193,50.4072],[-85.3083,64.1188,50.2724]]],
[[[-85.3068,64.1266,50.0442],[-85.3099,64.1266,50.4027],[-85.3099,64.1255,50.1573],[-85.3068,64.1255,49.9505],[-85.3068,64.1266,50.0442]]],
[[[-85.3026,64.1578,51.4073],[-85.3047,64.1599,51.0946],[-85.3078,64.1599,51.1151],[-85.3036,64.1547,50.7762],[-85.3005,64.1547,51.0661],[-85.3026,64.1578,51.4073]]],
[[[-85.2792,64.1646,51.5601],[-85.2755,64.1661,51.4243],[-85.2849,64.1661,51.3908],[-85.2833,64.1646,51.3743],[-85.2792,64.1646,51.5601]]],
[[[-85.1911,64.1745,52.8863],[-85.1896,64.1729,52.6796],[-85.1859,64.1734,53.0204],[-85.1875,64.175,52.8158],[-85.1911,64.1745,52.8863]]],
[[[-84.9755,65.387,0.0],[-84.9786,65.387,0.0],[-84.9786,65.3859,0.0],[-84.9755,65.3859,0.0],[-84.9755,65.387,0.0]]],
[[[-84.9734,65.4078,0.0],[-84.9766,65.4078,0.0],[-84.9766,65.4068,0.0],[-84.9734,65.4068,0.0],[-84.9734,65.4078,0.0]]],
[[[-84.9911,65.4182,0.0],[-84.9896,65.4167,0.0],[-84.9859,65.4172,0.0],[-84.9875,65.4187,0.0],[-84.9911,65.4182,0.0]]],
[[[-85.3234,64.1474,50.998],[-85.3266,64.1474,51.0526],[-85.3266,64.1464,50.9268],[-85.3234,64.1464,50.8884],[-85.3234,64.1474,50.998]]],
[[[-85.4661,65.887,5.7578],[-85.4646,65.8854,0.0],[-85.4609,65.8859,0.0],[-85.4625,65.8875,0.0],[-85.4661,65.887,5.7578]]],
[[[-85.3182,66.2974,0.0],[-85.3167,66.2958,0.0],[-85.313,66.2963,0.0],[-85.3146,66.2979,0.0],[-85.3182,66.2974,0.0]]],
[[[-85.3187,66.3354,15.8077],[-85.3245,66.3328,9.697],[-85.3266,66.3297,0.0],[-85.3208,66.3292,12.0627],[-85.3151,66.3318,18.4065],[-85.3187,66.3354,15.8077]]],
[[[-84.9859,65.6911,0.0],[-84.9891,65.6911,0.0],[-84.9891,65.6901,0.0],[-84.9859,65.6901,0.0],[-84.9859,65.6911,0.0]]],
[[[-85.0042,65.6896,0.0],[-85.0005,65.6901,1.816],[-84.9943,65.6953,0.0],[-85.0021,65.6979,0.0],[-85.0188,65.6979,2.8612],[-85.0245,65.6953,0.0],[-85.0224,65.6922,0.0],[-85.0188,65.6917,0.0],[-85.0141,65.6953,0.0],[-85.0104,65.6958,2.8934],[-85.0083,65.6937,0.0],[-85.0099,65.6901,0.0],[-85.0042,65.6896,0.0]]],
[[[-85.0333,65.6937,0.0],[-85.0297,65.6943,0.0],[-85.0297,65.6953,1.9796],[-85.0349,65.6953,0.0],[-85.0333,65.6937,0.0]]],
[[[-85.063,65.6964,0.0],[-85.0646,65.6979,0.0],[-85.0687,65.6958,0.0],[-85.0729,65.6979,0.0],[-85.0771,65.6979,0.0],[-85.0833,65.7021,0.0],[-85.0932,65.6995,0.0],[-85.0911,65.6964,0.0],[-85.0859,65.6953,0.0],[-85.0807,65.6901,0.0],[-85.0708,65.6896,0.0],[-85.0667,65.6875,0.0],[-85.0609,65.688,0.0],[-85.0589,65.6922,0.0],[-85.0641,65.6943,0.0],[-85.063,65.6964,0.0]]],
[[[-86.9042,65.5521,6.6112],[-86.9057,65.5505,8.1059],[-86.8958,65.5479,5.0341],[-86.8943,65.5484,4.6636],[-86.8953,65.5516,5.4324],[-86.8896,65.5521,4.1929],[-86.888,65.5537,3.7082],[-86.8958,65.5542,5.9955],[-86.9,65.5521,6.3067],[-86.9042,65.5521,6.6112]]],
[[[-86.9099,65.5557,7.9829],[-86.9083,65.5542,6.7956],[-86.9047,65.5547,10.3417],[-86.9062,65.5563,7.6462],[-86.9099,65.5557,7.9829]]],
[[[-86.9255,65.5557,8.6516],[-86.9286,65.5557,8.4204],[-86.9286,65.5547,8.4911],[-86.9255,65.5547,9.5227],[-86.9255,65.5557,8.6516]]],
[[[-86.7917,65.5667,2.7585],[-86.7958,65.5667,2.7603],[-86.7974,65.5651,2.7933],[-86.7917,65.5604,2.0475],[-86.7859,65.563,1.8178],[-86.788,65.5661,2.5622],[-86.7917,65.5667,2.7585]]],
[[[-86.8026,65.5807,6.0608],[-86.8057,65.5807,6.8371],[-86.8057,65.5797,6.0036],[-86.8026,65.5797,5.5261],[-86.8026,65.5807,6.0608]]],
[[[-86.6776,65.6432,2.074],[-86.6854,65.6438,8.4323],[-86.6891,65.6401,4.5762],[-86.6792,65.6417,2.6739],[-86.6776,65.6432,2.074]]],
[[[-86.6745,65.6443,2.2661],[-86.6724,65.6422,2.7001],[-86.6687,65.6417,3.5223],[-86.6651,65.6453,2.6689],[-86.6729,65.6479,3.9168],[-86.6745,65.6474,4.1636],[-86.6745,65.6443,2.2661]]],
[[[-86.5271,65.6521,0.0],[-86.5234,65.6557,1.7963],[-86.5266,65.6557,5.8178],[-86.5286,65.6536,0.0],[-86.5271,65.6521,0.0]]],
[[[-86.5417,65.6625,3.4291],[-86.5271,65.6625,4.5583],[-86.5214,65.6661,1.6048],[-86.5516,65.6661,0.0],[-86.5417,65.6625,3.4291]]],
[[[-86.5391,65.6745,2.8583],[-86.5375,65.6729,2.3546],[-86.5339,65.6734,2.5542],[-86.5354,65.675,2.8531],[-86.5391,65.6745,2.8583]]],
[[[-86.6109,65.6911,15.991],[-86.6141,65.6911,15.7976],[-86.6141,65.6901,15.7228],[-86.6109,65.6901,14.8877],[-86.6109,65.6911,15.991]]],
[[[-86.4734,65.7005,2.2542],[-86.475,65.7021,2.1059],[-86.4812,65.7021,5.6026],[-86.4849,65.6984,1.7348],[-86.4771,65.6979,0.8884],[-86.4734,65.7005,2.2542]]],
[[[-86.5339,65.7016,8.3415],[-86.537,65.7016,8.8929],[-86.537,65.7005,7.7647],[-86.5339,65.7005,8.5639],[-86.5339,65.7016,8.3415]]],
[[[-86.5203,65.7026,9.64],[-86.5151,65.7078,3.0348],[-86.525,65.7083,7.1469],[-86.5276,65.7047,9.8333],[-86.5307,65.7037,8.741],[-86.5297,65.7005,6.1881],[-86.5307,65.6984,6.6844],[-86.5271,65.6958,5.8806],[-86.5193,65.6964,3.2001],[-86.5203,65.7026,9.64]]],
[[[-86.4911,65.7109,3.4829],[-86.4833,65.7104,2.1168],[-86.4818,65.712,2.1657],[-86.4932,65.7141,2.8103],[-86.4911,65.7109,3.4829]]],
[[[-86.5162,65.7161,8.3179],[-86.5146,65.7146,8.0325],[-86.5109,65.7151,7.3844],[-86.5125,65.7167,7.3083],[-86.5162,65.7161,8.3179]]],
[[[-86.4687,65.7167,2.5916],[-86.4745,65.7161,2.0923],[-86.4745,65.713,4.6252],[-86.4724,65.7109,4.3732],[-86.4687,65.7104,3.6202],[-86.4609,65.7151,1.0275],[-86.4625,65.7167,0.9937],[-86.4687,65.7167,2.5916]]],
[[[-86.4333,65.7396,0.8068],[-86.4396,65.7396,2.0249],[-86.4411,65.738,2.3146],[-86.4391,65.7359,1.0747],[-86.4354,65.7354,1.6927],[-86.4318,65.738,0.0],[-86.4333,65.7396,0.8068]]],
[[[-86.4651,65.7474,3.4673],[-86.4682,65.7474,2.6422],[-86.4682,65.7464,2.3317],[-86.4651,65.7464,2.8809],[-86.4651,65.7474,3.4673]]],
[[[-86.4682,65.7516,4.259],[-86.4667,65.75,4.1601],[-86.463,65.7505,4.6869],[-86.4646,65.7521,4.6299],[-86.4682,65.7516,4.259]]],
[[[-86.5208,65.75,8.8111],[-86.5193,65.7516,8.9316],[-86.5214,65.7536,9.6045],[-86.5245,65.7536,10.4377],[-86.5245,65.7526,8.9514],[-86.5208,65.75,8.8111]]],
[[[-86.5417,65.7542,14.2961],[-86.538,65.7557,11.6226],[-86.5474,65.7557,14.763],[-86.5458,65.7542,15.2536],[-86.5417,65.7542,14.2961]]],
[[[-86.5516,65.7599,8.5543],[-86.55,65.7583,10.6799],[-86.5463,65.7589,9.1015],[-86.5479,65.7604,8.5629],[-86.5516,65.7599,8.5543]]],
[[[-86.4984,65.7786,4.0455],[-86.5016,65.7786,4.776],[-86.5016,65.7776,5.7488],[-86.4984,65.7776,5.3398],[-86.4984,65.7786,4.0455]]],
[[[-86.4318,65.7505,1.1726],[-86.4297,65.7536,1.3648],[-86.437,65.7516,1.6824],[-86.4354,65.75,1.8307],[-86.4318,65.7505,1.1726]]],
[[[-86.4609,65.787,1.1257],[-86.4641,65.787,2.0211],[-86.4641,65.7859,1.7498],[-86.4609,65.7859,1.8873],[-86.4609,65.787,1.1257]]],
[[[-86.4745,65.7963,2.1018],[-86.4708,65.7958,1.5907],[-86.4693,65.7974,0.0],[-86.4714,65.7995,1.6913],[-86.4771,65.8,2.6809],[-86.4745,65.7963,2.1018]]],
[[[-86.4495,65.8089,1.9811],[-86.4458,65.8063,0.0],[-86.4396,65.8063,0.0],[-86.4318,65.812,0.0],[-86.4339,65.8141,4.9154],[-86.4375,65.8146,3.8824],[-86.4391,65.8141,2.9493],[-86.438,65.8109,0.0],[-86.4458,65.8125,3.731],[-86.4495,65.8089,1.9811]]],
[[[-86.4495,65.8203,3.0176],[-86.4479,65.8187,3.586],[-86.4443,65.8193,2.2709],[-86.4458,65.8208,1.5537],[-86.4495,65.8203,3.0176]]],
[[[-86.4339,65.8245,0.0],[-86.437,65.8245,1.9757],[-86.437,65.8234,1.4501],[-86.4339,65.8234,0.0],[-86.4339,65.8245,0.0]]],
[[[-86.4463,65.8391,0.0],[-86.45,65.8396,2.9436],[-86.4516,65.838,3.3818],[-86.4474,65.8339,1.8615],[-86.4422,65.8339,0.0],[-86.4422,65.8349,0.0],[-86.4463,65.8391,0.0]]],
[[[-86.4047,65.8474,0.0],[-86.4078,65.8474,4.0631],[-86.4078,65.8464,0.0],[-86.4047,65.8464,0.0],[-86.4047,65.8474,0.0]]],
[[[-85.1255,65.6995,0.0],[-85.1286,65.6995,0.0],[-85.1286,65.6984,0.0],[-85.1255,65.6984,0.0],[-85.1255,65.6995,0.0]]],
[[[-85.0713,65.7016,0.0],[-85.0745,65.7016,0.0],[-85.0745,65.7005,0.0],[-85.0713,65.7005,0.0],[-85.0713,65.7016,0.0]]],
[[[-85.0266,65.6984,1.2146],[-85.0234,65.6995,3.3732],[-85.0271,65.7021,0.0],[-85.0354,65.7021,0.0],[-85.0396,65.7042,0.0],[-85.0453,65.7016,1.9697],[-85.0417,65.6979,0.0],[-85.0354,65.7,2.9396],[-85.0292,65.7,0.0],[-85.0266,65.6984,1.2146]]],
[[[-85.0911,65.7026,0.0],[-85.088,65.7026,0.0],[-85.0839,65.7057,0.0],[-85.0937,65.7104,0.0],[-85.1016,65.7099,0.0],[-85.0995,65.7047,0.0],[-85.0911,65.7026,0.0]]],
[[[-84.9828,66.0411,0.0],[-84.9812,66.0396,0.0],[-84.9776,66.0401,0.0],[-84.9792,66.0417,5.7046],[-84.9828,66.0411,0.0]]],
[[[-85.0599,66.0411,0.0],[-85.0583,66.0396,3.1602],[-85.0547,66.0401,8.0394],[-85.0563,66.0417,17.2229],[-85.0599,66.0411,0.0]]],
[[[-85.1234,66.0495,29.7395],[-85.1208,66.0479,6.6928],[-85.1151,66.0516,17.6164],[-85.1229,66.0542,9.9659],[-85.1266,66.0537,8.3563],[-85.1234,66.0495,29.7395]]],
[[[-84.9922,66.0568,9.7785],[-84.9901,66.0599,13.6047],[-84.9974,66.0578,10.735],[-84.9958,66.0563,8.9004],[-84.9922,66.0568,9.7785]]],
[[[-85.5708,66.5417,0.0],[-85.5724,66.5401,0.0],[-85.5693,66.5401,0.0],[-85.5693,66.5411,0.0],[-85.5708,66.5417,0.0]]],
[[[-85.5307,66.5463,0.0],[-85.5333,66.5479,0.0],[-85.537,66.5474,0.0],[-85.5312,66.5417,0.0],[-85.5292,66.5437,0.0],[-85.5307,66.5463,0.0]]],
[[[-85.4703,66.5599,0.0],[-85.4687,66.5583,0.0],[-85.4651,66.5589,0.0],[-85.4667,66.5604,0.0],[-85.4703,66.5599,0.0]]],
[[[-85.3047,66.3786,1.3438],[-85.3078,66.3786,4.6199],[-85.3078,66.3776,6.9363],[-85.3047,66.3776,0.8838],[-85.3047,66.3786,1.3438]]],
[[[-85.0937,66.8521,35.6956],[-85.0901,66.8526,14.3017],[-85.0901,66.8536,17.0557],[-85.0953,66.8536,14.7014],[-85.0937,66.8521,35.6956]]],
[[[-85.0401,66.8912,5.741],[-85.0422,66.8932,0.0],[-85.0479,66.8938,22.6784],[-85.0583,66.8979,4.1564],[-85.0708,66.8979,3.9457],[-85.0807,66.8953,0.0],[-85.0896,66.8896,19.859],[-85.1016,66.8891,0.0],[-85.1036,66.8859,3.0491],[-85.0958,66.8833,2.9524],[-85.0833,66.8833,0.0],[-85.0792,66.8854,0.0],[-85.075,66.8833,0.0],[-85.0563,66.8812,0.0],[-85.0547,66.8818,0.0],[-85.0557,66.8849,3.3551],[-85.0474,66.8891,0.0],[-85.0333,66.8854,0.0],[-85.0318,66.8859,0.0],[-85.0328,66.8891,2.6396],[-85.0297,66.8901,0.0],[-85.0312,66.8917,0.0],[-85.0375,66.8896,8.0547],[-85.0401,66.8912,5.741]]],
[[[-85.0151,66.8974,0.0],[-85.0182,66.8974,0.0],[-85.0182,66.8964,0.0],[-85.0151,66.8964,0.0],[-85.0151,66.8974,0.0]]],
[[[-88.4229,65.4833,0.0],[-88.4396,65.4833,13.4122],[-88.4437,65.4854,0.0],[-88.45,65.4854,0.0],[-88.4604,65.4812,30.0301],[-88.4667,65.4833,2.725],[-88.4729,65.4812,16.8359],[-88.4771,65.4833,0.0],[-88.4812,65.4833,0.0],[-88.4828,65.4828,0.0],[-88.4849,65.4776,20.0299],[-88.4786,65.4714,0.0],[-88.4687,65.4708,0.0],[-88.4651,65.4672,9.4716],[-88.4771,65.4667,0.0],[-88.4849,65.463,0.0],[-88.4708,65.4583,0.0],[-88.4563,65.4583,13.8799],[-88.4495,65.4526,0.0],[-88.4417,65.45,0.0],[-88.4354,65.45,0.0],[-88.4167,65.4563,17.8298],[-88.4104,65.4542,0.0],[-88.4062,65.4563,2.1653],[-88.3958,65.4563,5.49],[-88.3917,65.4583,0.0],[-88.3833,65.4583,0.0],[-88.3792,65.4604,1.9493],[-88.375,65.4604,0.5332],[-88.3688,65.4667,0.0],[-88.3693,65.4682,0.9074],[-88.3766,65.4693,20.6887],[-88.3797,65.4724,0.0],[-88.3849,65.4734,4.5444],[-88.3896,65.4771,0.0],[-88.4229,65.4833,0.0]]],
[[[-88.4286,65.4859,0.0],[-88.425,65.4854,0.0],[-88.4234,65.487,25.2701],[-88.4271,65.4875,26.9939],[-88.4286,65.4859,0.0]]],
[[[-88.5375,65.4875,0.0],[-88.5333,65.4875,0.0],[-88.5318,65.4891,0.0],[-88.5432,65.4901,0.0],[-88.5422,65.4953,0.0],[-88.5437,65.4958,2.276],[-88.55,65.4958,0.0],[-88.5536,65.4932,0.0],[-88.5495,65.488,0.0],[-88.5375,65.4875,0.0]]],
[[[-88.5276,65.4953,0.0],[-88.5354,65.4958,0.0],[-88.537,65.4943,0.0],[-88.5333,65.4917,0.0],[-88.5255,65.4922,0.0],[-88.5276,65.4953,0.0]]],
[[[-88.4396,65.4958,0.0],[-88.438,65.4974,0.0],[-88.4474,65.4974,0.0],[-88.4458,65.4958,0.0],[-88.4396,65.4958,0.0]]],
[[[-88.5547,65.5068,7.0731],[-88.5557,65.5047,3.664],[-88.5463,65.5026,0.0],[-88.5505,65.5078,0.6473],[-88.5547,65.5068,7.0731]]],
[[[-88.4437,65.5083,3.4114],[-88.4625,65.5083,4.0593],[-88.4687,65.5104,0.0],[-88.4786,65.5068,2.766],[-88.475,65.5042,0.0],[-88.4667,65.5042,12.7152],[-88.4625,65.5021,1.5351],[-88.45,65.5021,29.1091],[-88.4458,65.5,2.4963],[-88.438,65.5005,3.6946],[-88.4359,65.5026,0.0],[-88.4359,65.5057,1.6655],[-88.438,65.5078,2.0982],[-88.4437,65.5083,3.4114]]],
[[[-88.4792,65.5104,0.0],[-88.4776,65.512,0.0],[-88.487,65.512,0.0],[-88.4854,65.5104,0.0],[-88.4792,65.5104,0.0]]],
[[[-86.9708,65.5,0.0],[-86.9724,65.4984,1.0006],[-86.9693,65.4984,0.0],[-86.9693,65.4995,0.0],[-86.9708,65.5,0.0]]],
[[[-86.9563,65.5,3.1149],[-86.9578,65.4995,1.9266],[-86.9578,65.4984,0.0],[-86.9547,65.4984,1.6396],[-86.9563,65.5,3.1149]]],
[[[-86.8964,65.5078,2.9163],[-86.8995,65.5078,4.8642],[-86.9036,65.5047,1.1569],[-86.9,65.5021,0.9667],[-86.8922,65.5026,1.2859],[-86.8964,65.5078,2.9163]]],
[[[-86.9422,65.5078,2.268],[-86.9458,65.5104,4.5087],[-86.95,65.5062,0.0],[-86.9495,65.5047,3.4697],[-86.9458,65.5042,0.0],[-86.9422,65.5078,2.268]]],
[[[-86.9495,65.5224,1.8874],[-86.9479,65.5208,3.2437],[-86.938,65.5193,2.6798],[-86.9417,65.5229,0.8747],[-86.9495,65.5224,1.8874]]],
[[[-86.888,65.5432,1.0832],[-86.8917,65.5458,3.0881],[-86.8953,65.5453,2.2098],[-86.8917,65.5417,0.0],[-86.888,65.5432,1.0832]]],
[[[-86.8854,65.55,3.9806],[-86.8891,65.5484,3.0187],[-86.8849,65.5443,0.0],[-86.8797,65.5443,0.0],[-86.8807,65.5474,3.0366],[-86.8797,65.5495,4.8682],[-86.8854,65.55,3.9806]]],
[[[-86.9307,65.5505,9.177],[-86.9271,65.55,8.2809],[-86.9255,65.5516,8.5801],[-86.9292,65.5521,8.6905],[-86.9307,65.5505,9.177]]],
[[[-86.9151,65.562,9.5994],[-86.9172,65.5641,11.4699],[-86.9307,65.5672,14.3718],[-86.9276,65.5693,12.3961],[-86.9292,65.5708,14.2454],[-86.937,65.5703,9.9005],[-86.9359,65.5672,16.5765],[-86.9411,65.5641,16.4305],[-86.9271,65.5583,9.655],[-86.9208,65.5583,11.3371],[-86.9151,65.562,9.5994]]],
[[[-86.8104,65.5771,5.2367],[-86.812,65.5755,7.0674],[-86.8089,65.5755,5.7609],[-86.8089,65.5766,5.2301],[-86.8104,65.5771,5.2367]]],
[[[-86.8276,65.5766,11.2583],[-86.8313,65.5792,11.6018],[-86.8349,65.5787,11.9235],[-86.8313,65.575,11.6313],[-86.8276,65.5766,11.2583]]],
[[[-86.8151,65.5787,5.4418],[-86.8187,65.5813,9.8652],[-86.8245,65.5776,11.4935],[-86.8167,65.5771,6.6041],[-86.8151,65.5787,5.4418]]],
[[[-88.4771,65.5208,0.0],[-88.4812,65.5208,4.4409],[-88.4854,65.5229,0.0],[-88.4938,65.5229,13.6122],[-88.4979,65.525,2.0869],[-88.5021,65.5229,6.0912],[-88.5062,65.525,0.0],[-88.5125,65.525,0.0],[-88.5167,65.5229,0.0],[-88.5333,65.5229,14.2691],[-88.5375,65.525,0.0],[-88.5432,65.5224,15.0945],[-88.5453,65.5193,0.0],[-88.5417,65.5167,0.0],[-88.5354,65.5188,2.958],[-88.525,65.5146,0.0],[-88.5068,65.5151,0.0],[-88.5083,65.5167,0.0],[-88.5141,65.5172,1.4124],[-88.5162,65.5193,0.0],[-88.5146,65.5208,0.0],[-88.5,65.5188,7.9182],[-88.4896,65.5146,2.164],[-88.463,65.5151,4.2784],[-88.4651,65.5182,0.0],[-88.4729,65.5188,0.0],[-88.4771,65.5208,0.0]]],
[[[-88.5255,65.5286,0.0],[-88.5229,65.5271,0.0],[-88.5151,65.5276,0.0],[-88.5162,65.5307,0.0],[-88.513,65.5328,0.0],[-88.5271,65.5313,0.0],[-88.5312,65.5333,0.0],[-88.5349,65.5307,0.0],[-88.5333,65.5292,0.0],[-88.5255,65.5286,0.0]]],
[[[-88.9672,65.688,1.4229],[-88.9693,65.6911,0.0],[-88.9724,65.6911,18.8486],[-88.9703,65.688,8.0562],[-88.9672,65.688,1.4229]]],
[[[-89.2167,65.7521,47.6133],[-89.2234,65.7578,1.8132],[-89.2307,65.7589,6.1799],[-89.2354,65.7625,0.0],[-89.2453,65.7599,15.1051],[-89.2474,65.7578,0.0],[-89.2359,65.7536,0.7579],[-89.2312,65.75,0.0],[-89.213,65.7505,1.596],[-89.2167,65.7521,47.6133]]],
[[[-89.225,65.7771,1.5632],[-89.2167,65.7771,1.8641],[-89.2151,65.7786,0.0],[-89.2203,65.7797,4.5807],[-89.225,65.7833,1.4969],[-89.2328,65.7828,12.726],[-89.2286,65.7776,0.0],[-89.225,65.7771,1.5632]]],
[[[-89.2521,65.7833,0.0],[-89.2536,65.7818,0.8432],[-89.2505,65.7818,0.0],[-89.2505,65.7828,0.0],[-89.2521,65.7833,0.0]]],
[[[-89.2568,65.7839,6.5946],[-89.2547,65.787,0.7915],[-89.2588,65.7911,0.3962],[-89.2667,65.7937,2.8646],[-89.2745,65.7932,12.3392],[-89.2724,65.7901,6.8594],[-89.263,65.787,4.3611],[-89.2662,65.7839,3.3038],[-89.2568,65.7839,6.5946]]],
[[[-89.525,65.8771,0.0],[-89.5214,65.8776,0.0],[-89.5214,65.8786,0.0],[-89.5266,65.8786,0.0],[-89.525,65.8771,0.0]]],
[[[-89.6651,65.9078,1.491],[-89.6703,65.9089,0.9962],[-89.6734,65.912,0.9774],[-89.6833,65.9146,0.8301],[-89.6891,65.912,0.0],[-89.687,65.9089,0.0],[-89.6792,65.9042,8.0433],[-89.6708,65.9042,37.882],[-89.6667,65.9021,12.8662],[-89.6625,65.9021,33.552],[-89.6568,65.9047,0.0],[-89.6651,65.9078,1.491]]],
[[[-89.7187,65.9146,0.0],[-89.7203,65.9141,0.0],[-89.7203,65.913,0.0],[-89.7172,65.913,0.0],[-89.7187,65.9146,0.0]]],
[[[-83.7026,66.062,0.0],[-83.7057,66.062,0.0],[-83.7057,66.0609,0.0],[-83.7026,66.0609,0.0],[-83.7026,66.062,0.0]]],
[[[-83.5724,66.0797,7.2825],[-83.5745,66.0828,17.5011],[-83.5713,66.0849,3.7236],[-83.5813,66.0875,0.0],[-83.5828,66.087,0.0],[-83.5818,66.0839,8.3665],[-83.5891,66.0807,0.0],[-83.588,66.0776,12.5857],[-83.5953,66.0766,0.0],[-83.5943,66.0734,17.1283],[-83.6021,66.0729,2.0502],[-83.6068,66.0766,0.0],[-83.6099,66.0766,0.0],[-83.6088,66.0714,0.7437],[-83.6141,66.0672,0.0],[-83.612,66.0651,0.6255],[-83.6068,66.0641,0.0],[-83.6026,66.0589,6.6382],[-83.612,66.0599,0.0],[-83.6109,66.0568,11.9364],[-83.6182,66.0537,5.5092],[-83.6203,66.0516,4.5555],[-83.6193,66.0484,21.7258],[-83.625,66.0458,25.5762],[-83.6297,66.0495,0.0],[-83.6349,66.0495,0.0],[-83.6391,66.0422,0.0],[-83.6354,66.0396,0.0],[-83.6167,66.0375,4.9504],[-83.6125,66.0354,0.0],[-83.6062,66.0354,0.0],[-83.6021,66.0375,9.9619],[-83.5958,66.0354,0.0],[-83.5917,66.0375,0.0],[-83.5875,66.0354,0.0],[-83.5813,66.0354,4.0036],[-83.5797,66.037,8.6458],[-83.5849,66.0391,0.0],[-83.5713,66.0401,0.0],[-83.5724,66.0432,6.3848],[-83.5703,66.0453,8.5467],[-83.5542,66.0458,0.0],[-83.5484,66.0484,0.0],[-83.55,66.05,0.0],[-83.5583,66.05,6.2882],[-83.5661,66.0526,12.0495],[-83.563,66.0557,0.0],[-83.5672,66.0599,3.5766],[-83.5724,66.062,8.8836],[-83.5563,66.0625,0.0],[-83.5526,66.0661,0.0],[-83.5667,66.0667,0.0],[-83.5745,66.0693,22.9091],[-83.5713,66.0714,16.2762],[-83.5745,66.0755,0.0],[-83.5713,66.0776,0.0],[-83.5724,66.0797,7.2825]]],
[[[-83.7495,66.063,0.0],[-83.7521,66.0646,0.0],[-83.7599,66.0641,0.0],[-83.7562,66.0604,0.0],[-83.7484,66.0609,0.0],[-83.7495,66.063,0.0]]],
[[[-83.6911,66.0682,0.0],[-83.6896,66.0667,0.0],[-83.6859,66.0672,0.0],[-83.6875,66.0687,0.0],[-83.6911,66.0682,0.0]]],
[[[-83.9078,66.0318,6.4964],[-83.8922,66.0297,0.0],[-83.8943,66.0349,9.3005],[-83.9,66.0396,0.0],[-83.9062,66.0396,13.1452],[-83.912,66.037,6.8111],[-83.9078,66.0318,6.4964]]],
[[[-84.0589,66.0641,0.0],[-84.062,66.0641,0.0],[-84.062,66.063,0.0],[-84.0589,66.063,0.0],[-84.0589,66.0641,0.0]]],
[[[-84.1839,66.1099,0.0],[-84.1875,66.1104,0.0],[-84.1911,66.1078,0.0],[-84.1891,66.1026,0.0],[-84.1839,66.1026,0.0],[-84.1849,66.1057,0.0],[-84.1818,66.1078,0.0],[-84.1839,66.1099,0.0]]],
[[[-83.8672,66.1245,0.0],[-83.8703,66.1245,0.0],[-83.8703,66.1234,0.0],[-83.8672,66.1234,0.0],[-83.8672,66.1245,0.0]]],
[[[-83.7292,66.0687,0.0],[-83.725,66.0667,0.0],[-83.7146,66.0667,0.0],[-83.713,66.0672,0.0],[-83.7141,66.0703,0.0],[-83.7109,66.0724,0.0],[-83.7146,66.075,0.0],[-83.7328,66.0745,0.0],[-83.7318,66.0714,0.0],[-83.7328,66.0693,0.0],[-83.7292,66.0687,0.0]]],
[[[-83.6813,66.0771,0.0],[-83.687,66.0766,0.0],[-83.6859,66.0734,0.0],[-83.6891,66.0714,0.0],[-83.6797,66.0714,0.0],[-83.6807,66.0745,0.0],[-83.6776,66.0766,0.0],[-83.6813,66.0771,0.0]]],
[[[-83.6979,66.0813,0.0],[-83.6943,66.0828,0.0],[-83.7037,66.0828,0.0],[-83.7021,66.0813,0.0],[-83.6979,66.0813,0.0]]],
[[[-83.7109,66.1026,0.0],[-83.7146,66.1062,0.0],[-83.7203,66.1036,0.0],[-83.7187,66.1021,0.0],[-83.7109,66.1026,0.0]]],
[[[-83.6842,66.1438,0.0],[-83.6917,66.1479,5.165],[-83.7,66.1479,9.6082],[-83.7063,66.15,3.1791],[-83.7109,66.1464,9.3076],[-83.7182,66.1453,5.3388],[-83.7172,66.1422,13.7772],[-83.7203,66.1412,0.0],[-83.7193,66.138,0.0],[-83.7208,66.1375,0.0],[-83.7271,66.1375,6.1811],[-83.7396,66.1417,0.0],[-83.7438,66.1396,32.7775],[-83.75,66.1417,0.0],[-83.7557,66.1391,7.5498],[-83.7547,66.1359,64.4061],[-83.7562,66.1354,69.6618],[-83.7604,66.1375,37.4263],[-83.7771,66.1375,0.0],[-83.7786,66.137,3.0649],[-83.7776,66.1339,49.7521],[-83.7833,66.1312,40.5881],[-83.7917,66.1375,0.0],[-83.7953,66.137,0.0],[-83.8,66.1333,0.0],[-83.8417,66.1333,0.0],[-83.8479,66.1354,0.0],[-83.8495,66.1349,0.0],[-83.8484,66.1318,0.0],[-83.8578,66.1266,0.0],[-83.8568,66.1234,0.0],[-83.8599,66.1214,0.0],[-83.8521,66.1208,0.0],[-83.8417,66.1271,0.0],[-83.8208,66.1208,0.0],[-83.8125,66.125,0.0],[-83.8063,66.1229,0.0],[-83.8021,66.125,0.0],[-83.7958,66.125,6.18],[-83.7943,66.1234,14.0279],[-83.7974,66.1214,0.8656],[-83.7917,66.1146,8.0876],[-83.7875,66.1146,42.6887],[-83.7771,66.1104,0.0],[-83.7604,66.1104,0.0],[-83.7562,66.1125,0.0],[-83.75,66.1104,0.0],[-83.7276,66.1234,0.0],[-83.7286,66.1266,0.0],[-83.7266,66.1286,0.0],[-83.7125,66.1292,8.6977],[-83.7109,66.1276,0.0],[-83.7141,66.1266,0.0],[-83.7161,66.1234,0.0],[-83.7042,66.1229,5.7888],[-83.7026,66.1245,9.6179],[-83.7057,66.1286,2.6655],[-83.6979,66.1292,0.0],[-83.6932,66.1255,0.0],[-83.688,66.1245,0.0],[-83.6849,66.1214,0.0],[-83.6713,66.1182,0.0],[-83.6599,66.1109,1.4391],[-83.6547,66.1099,2.1912],[-83.6526,66.1068,6.9986],[-83.662,66.1016,0.0],[-83.6578,66.0964,3.1817],[-83.6526,66.0953,9.8485],[-83.6578,66.0911,4.7036],[-83.6557,66.088,0.0],[-83.65,66.0875,0.0],[-83.6438,66.0896,11.5374],[-83.6333,66.0854,17.6687],[-83.6234,66.0849,14.8723],[-83.625,66.0833,5.5756],[-83.6412,66.0828,0.0],[-83.638,66.0776,0.105],[-83.6536,66.0724,0.7769],[-83.6589,66.0651,2.8548],[-83.6625,66.0646,2.8228],[-83.6667,66.0667,3.898],[-83.6745,66.0661,0.0],[-83.6708,66.0625,2.2323],[-83.6583,66.0625,0.0],[-83.6542,66.0604,0.0],[-83.6505,66.0609,0.0],[-83.6453,66.0682,3.149],[-83.638,66.0714,0.6724],[-83.6391,66.0745,-0.0996],[-83.6333,66.0729,0.0],[-83.6208,66.0729,0.0],[-83.6193,66.0734,0.0],[-83.6203,66.0766,8.4353],[-83.6182,66.0787,8.4096],[-83.6088,66.0797,0.0],[-83.612,66.0849,3.3133],[-83.6,66.0833,0.0],[-83.5901,66.088,0.0],[-83.588,66.0901,6.2774],[-83.5911,66.0964,8.0056],[-83.5891,66.1016,0.0],[-83.5771,66.1,1.8195],[-83.5713,66.1026,3.4851],[-83.5787,66.1057,14.7228],[-83.5713,66.1068,17.4835],[-83.5693,66.112,14.6303],[-83.5771,66.1125,0.0],[-83.5813,66.1104,11.1891],[-83.588,66.1162,19.2254],[-83.5979,66.1167,19.6887],[-83.6005,66.1203,0.0],[-83.6078,66.1214,3.2933],[-83.6068,66.1266,6.7187],[-83.6099,66.1297,1.8987],[-83.6099,66.1328,14.2193],[-83.6078,66.1349,0.0],[-83.6005,66.1359,11.5258],[-83.6005,66.1391,0.0],[-83.6083,66.1396,0.0],[-83.6167,66.1354,28.4185],[-83.6354,66.1417,27.7318],[-83.6417,66.1417,5.0305],[-83.6474,66.1391,12.2352],[-83.6464,66.1359,16.62],[-83.6536,66.1349,1.509],[-83.6516,66.1318,0.0],[-83.6375,66.1271,0.0],[-83.6333,66.1271,9.1539],[-83.6292,66.125,0.0],[-83.6208,66.125,0.0],[-83.613,66.1224,2.2359],[-83.6109,66.1193,3.337],[-83.6141,66.1182,1.0406],[-83.613,66.1151,9.0972],[-83.6167,66.1146,0.0],[-83.6208,66.1167,4.9961],[-83.637,66.1193,10.0483],[-83.6396,66.1229,0.0],[-83.6542,66.1229,6.5007],[-83.6604,66.1271,0.0],[-83.6667,66.1271,0.0],[-83.6708,66.125,0.0],[-83.6766,66.1255,0.0],[-83.6786,66.1276,0.0],[-83.6776,66.1328,0.0],[-83.6797,66.1349,0.0],[-83.687,66.1359,0.1529],[-83.6797,66.1401,0.0],[-83.6818,66.1432,0.0],[-83.6842,66.1438,0.0]]],
[[[-83.7875,66.1396,0.0],[-83.7839,66.1412,0.0],[-83.7932,66.1412,0.0],[-83.7917,66.1396,0.0],[-83.7875,66.1396,0.0]]],
[[[-83.8208,66.1438,0.0],[-83.8172,66.1453,0.0],[-83.8266,66.1453,0.0],[-83.825,66.1438,0.0],[-83.8208,66.1438,0.0]]],
[[[-83.6766,66.1495,0.0],[-83.675,66.1479,0.0],[-83.6713,66.1484,0.0],[-83.6729,66.15,0.0],[-83.6766,66.1495,0.0]]],
[[[-84.4521,66.15,0.0],[-84.4599,66.1495,0.0],[-84.462,66.1464,0.0],[-84.4583,66.1438,0.0],[-84.4484,66.1464,0.0],[-84.4521,66.15,0.0]]],
[[[-84.4297,66.1495,0.0],[-84.4328,66.1495,0.0],[-84.4328,66.1484,0.0],[-84.4297,66.1484,0.0],[-84.4297,66.1495,0.0]]],
[[[-84.388,66.1495,0.0],[-84.3912,66.1495,0.0],[-84.3912,66.1484,0.0],[-84.388,66.1484,0.0],[-84.388,66.1495,0.0]]],
[[[-84.4776,66.1516,5.2875],[-84.4854,66.1542,0.0],[-84.4938,66.1542,17.5667],[-84.4979,66.1563,0.0],[-84.5057,66.1557,0.0],[-84.5005,66.1495,0.0],[-84.5036,66.1464,0.0],[-84.4938,66.1458,4.4927],[-84.4896,66.1438,0.0],[-84.4854,66.1458,0.0],[-84.4734,66.1464,0.0],[-84.4776,66.1516,5.2875]]],
[[[-84.2359,66.1516,0.0],[-84.2391,66.1516,0.0],[-84.2391,66.1505,0.0],[-84.2359,66.1505,0.0],[-84.2359,66.1516,0.0]]],
[[[-84.2245,66.1516,0.0],[-84.2214,66.1536,0.0],[-84.2266,66.1536,0.0],[-84.2286,66.1505,0.0],[-84.2271,66.15,0.0],[-84.2245,66.1516,0.0]]],
[[[-84.4047,66.1516,0.0],[-84.4021,66.15,0.0],[-84.3943,66.1505,0.0],[-84.4042,66.1542,0.0],[-84.4057,66.1536,0.0],[-84.4047,66.1516,0.0]]],
[[[-84.4521,66.1521,0.0],[-84.4484,66.1536,0.0],[-84.4578,66.1536,0.0],[-84.4563,66.1521,0.0],[-84.4521,66.1521,0.0]]],
[[[-84.4391,66.1557,0.0],[-84.4375,66.1542,0.0],[-84.4339,66.1547,0.0],[-84.4354,66.1563,0.0],[-84.4391,66.1557,0.0]]],
[[[-84.4646,66.1542,0.0],[-84.4609,66.1557,0.0],[-84.4703,66.1557,0.0],[-84.4687,66.1542,0.0],[-84.4646,66.1542,0.0]]],
[[[-84.6016,66.1755,20.1668],[-84.5943,66.1787,0.0],[-84.5995,66.1797,1.4245],[-84.6042,66.1833,0.0],[-84.6266,66.1828,4.3112],[-84.6255,66.1797,4.0017],[-84.6286,66.1776,1.0582],[-84.6188,66.1771,10.8534],[-84.6151,66.1745,0.0],[-84.6188,66.1729,33.1156],[-84.6229,66.175,0.0],[-84.6312,66.175,1.5302],[-84.6417,66.1792,0.0],[-84.6521,66.1792,22.9094],[-84.6583,66.1771,39.3079],[-84.6646,66.1813,0.0],[-84.6703,66.1787,0.9318],[-84.6641,66.1713,4.9938],[-84.6589,66.1703,1.0554],[-84.6495,66.1609,0.0],[-84.6359,66.1557,0.0],[-84.6338,66.1526,0.0],[-84.637,66.1516,0.0],[-84.6391,66.1484,0.0],[-84.637,66.1464,0.0],[-84.6318,66.1453,5.5633],[-84.6349,66.1422,0.0],[-84.6276,66.1412,13.1404],[-84.6208,66.1354,0.0],[-84.6146,66.1354,0.0],[-84.6083,66.1333,0.0],[-84.5984,66.1359,0.0],[-84.6036,66.1391,11.1143],[-84.5937,66.1396,3.123],[-84.5875,66.1417,3.8105],[-84.5734,66.137,0.0],[-84.5667,66.1312,0.0],[-84.5625,66.1354,5.1994],[-84.5583,66.1333,0.0],[-84.5547,66.1339,0.0],[-84.5422,66.1422,0.0],[-84.5432,66.1453,1.7786],[-84.5359,66.1464,0.0],[-84.5474,66.1505,5.7752],[-84.5463,66.1536,6.5175],[-84.5474,66.1557,0.0],[-84.5443,66.1578,0.0],[-84.5557,66.1589,10.4914],[-84.5589,66.162,2.4105],[-84.5641,66.163,6.8758],[-84.5687,66.1667,6.1567],[-84.5896,66.1687,55.2163],[-84.5974,66.1713,0.0],[-84.5943,66.1745,3.969],[-84.6016,66.1755,20.1668]]],
[[[-84.3812,66.1563,0.0],[-84.3771,66.1563,0.0],[-84.3755,66.1578,0.0],[-84.3828,66.1578,0.0],[-84.3812,66.1563,0.0]]],
[[[-84.7396,66.1542,0.0],[-84.7495,66.1505,0.0],[-84.7458,66.1479,0.0],[-84.738,66.1484,0.0],[-84.7391,66.1516,0.0],[-84.7359,66.1536,0.0],[-84.7396,66.1542,0.0]]],
[[[-84.675,66.1542,13.0173],[-84.6713,66.1557,0.0],[-84.6807,66.1557,1.7281],[-84.6792,66.1542,0.0],[-84.675,66.1542,13.0173]]],
[[[-84.687,66.1682,0.0],[-84.6854,66.1667,0.0],[-84.6818,66.1672,0.0],[-84.6833,66.1687,0.0],[-84.687,66.1682,0.0]]],
[[[-84.7984,66.1703,0.0],[-84.8016,66.1703,0.0],[-84.8016,66.1693,0.0],[-84.7984,66.1693,0.0],[-84.7984,66.1703,0.0]]],
[[[-83.7234,66.1495,0.0],[-83.7266,66.1495,0.0],[-83.7266,66.1484,0.0],[-83.7234,66.1484,0.0],[-83.7234,66.1495,0.0]]],
[[[-83.6505,66.1484,0.0],[-83.6484,66.1516,0.0],[-83.6557,66.1495,0.0],[-83.6542,66.1479,0.0],[-83.6505,66.1484,0.0]]],
[[[-83.6568,66.1557,0.0],[-83.6599,66.1557,0.0],[-83.6599,66.1547,0.0],[-83.6568,66.1547,0.0],[-83.6568,66.1557,0.0]]],
[[[-83.713,66.1557,5.5101],[-83.7161,66.1557,7.3624],[-83.7161,66.1547,0.0],[-83.713,66.1547,2.9731],[-83.713,66.1557,5.5101]]],
[[[-83.8688,66.1354,0.0],[-83.8703,66.1339,0.0],[-83.8672,66.1297,0.0],[-83.8703,66.1276,0.0],[-83.8651,66.1276,0.0],[-83.8588,66.1318,0.0],[-83.8609,66.1349,0.0],[-83.8688,66.1354,0.0]]],
[[[-84.1271,66.1542,0.0],[-84.1349,66.1484,0.0],[-84.1312,66.1458,0.0],[-84.125,66.1458,0.0],[-84.1193,66.1484,0.0],[-84.1234,66.1536,0.0],[-84.1271,66.1542,0.0]]],
[[[-84.0208,66.1813,0.0],[-84.0224,66.1797,0.0],[-84.0125,66.1771,0.0],[-84.0068,66.1797,0.0],[-84.0104,66.1833,37.5446],[-84.0167,66.1833,11.3191],[-84.0208,66.1813,0.0]]],
[[[-83.9125,66.1792,0.0],[-83.9089,66.1797,0.0],[-83.9026,66.1849,0.0],[-83.9078,66.1859,0.0],[-83.9125,66.1896,0.0],[-83.9161,66.1891,0.0],[-83.9151,66.1859,0.0],[-83.9203,66.1818,0.0],[-83.9182,66.1797,0.0],[-83.9125,66.1792,0.0]]],
[[[-83.7063,66.1542,0.0],[-83.7026,66.1547,0.0],[-83.6984,66.1578,0.0],[-83.7099,66.1599,0.0],[-83.7078,66.1547,1.8251],[-83.7063,66.1542,0.0]]],
[[[-83.6401,66.1724,0.0],[-83.6432,66.1724,0.0],[-83.6432,66.1713,0.0],[-83.6401,66.1713,0.0],[-83.6401,66.1724,0.0]]],
[[[-83.7016,66.1734,8.2266],[-83.7042,66.175,2.0422],[-83.7078,66.1745,1.1026],[-83.7037,66.1693,1.2307],[-83.6984,66.1693,0.0],[-83.7016,66.1734,8.2266]]],
[[[-84.1359,66.2224,0.0],[-84.1391,66.2224,0.0],[-84.1391,66.2214,0.0],[-84.1359,66.2214,0.0],[-84.1359,66.2224,0.0]]],
[[[-84.1474,66.2245,0.0],[-84.1458,66.2229,0.0],[-84.1422,66.2234,0.0],[-84.1438,66.225,0.0],[-84.1474,66.2245,0.0]]],
[[[-84.1276,66.2234,0.0],[-84.1193,66.2255,0.0],[-84.1182,66.2286,0.0],[-84.113,66.2328,0.0],[-84.1208,66.2333,9.1692],[-84.125,66.2312,14.2799],[-84.1312,66.2312,12.1754],[-84.1354,66.2333,0.0],[-84.1417,66.2333,0.0],[-84.1495,66.2286,0.0],[-84.1479,66.2271,9.4552],[-84.1417,66.2271,19.9869],[-84.1276,66.2234,0.0]]],
[[[-84.0203,66.2328,0.0],[-84.0188,66.2312,0.0],[-84.0151,66.2318,0.0],[-84.0167,66.2333,0.0],[-84.0203,66.2328,0.0]]],
[[[-84.3234,66.1578,0.0],[-84.3266,66.1578,0.0],[-84.3266,66.1568,0.0],[-84.3234,66.1568,0.0],[-84.3234,66.1578,0.0]]],
[[[-84.5182,66.1568,0.0],[-84.513,66.1568,0.0],[-84.5109,66.1599,0.0],[-84.5266,66.162,0.0],[-84.5245,66.1589,0.0],[-84.5182,66.1568,0.0]]],
[[[-84.5318,66.1609,0.0],[-84.5354,66.1646,0.0],[-84.5391,66.1641,0.0],[-84.5411,66.162,0.0],[-84.5396,66.1604,0.0],[-84.5318,66.1609,0.0]]],
[[[-84.312,66.1766,6.5098],[-84.3161,66.1734,3.0988],[-84.3104,66.1687,0.0],[-84.3005,66.1734,13.291],[-84.3042,66.1771,0.6281],[-84.312,66.1766,6.5098]]],
[[[-84.8047,66.1724,0.0],[-84.8078,66.1724,0.0],[-84.8078,66.1713,0.0],[-84.8047,66.1713,0.0],[-84.8047,66.1724,0.0]]],
[[[-84.8089,66.1766,0.0],[-84.812,66.1766,0.0],[-84.812,66.1755,0.0],[-84.8089,66.1755,0.0],[-84.8089,66.1766,0.0]]],
[[[-84.8187,66.1771,0.0],[-84.8151,66.1787,0.0],[-84.8245,66.1787,0.0],[-84.8229,66.1771,0.0],[-84.8187,66.1771,0.0]]],
[[[-84.8375,66.1813,0.0],[-84.8339,66.1828,0.0],[-84.8432,66.1828,0.0],[-84.8417,66.1813,0.0],[-84.8375,66.1813,0.0]]],
[[[-84.8401,66.1891,0.0],[-84.8432,66.1891,0.0],[-84.8432,66.188,0.0],[-84.8401,66.188,0.0],[-84.8401,66.1891,0.0]]],
[[[-84.8599,66.1891,0.0],[-84.8568,66.1911,0.0],[-84.8745,66.1953,0.0],[-84.8745,66.1922,0.0],[-84.8672,66.1911,0.0],[-84.8703,66.1891,0.0],[-84.8682,66.1859,0.0],[-84.863,66.1859,0.0],[-84.8599,66.1891,0.0]]],
[[[-84.6713,66.1911,0.0],[-84.6729,66.1917,0.0],[-84.6771,66.1917,0.0],[-84.675,66.1896,0.0],[-84.6713,66.1911,0.0]]],
[[[-84.6609,66.1974,0.0],[-84.6687,66.1979,0.0],[-84.6745,66.1943,0.0],[-84.6667,66.1937,0.0],[-84.6609,66.1974,0.0]]],
[[[-84.5568,66.1828,0.0],[-84.5599,66.1828,0.0],[-84.5599,66.1818,0.0],[-84.5568,66.1818,0.0],[-84.5568,66.1828,0.0]]],
[[[-84.588,66.1891,0.0],[-84.5911,66.1891,0.0],[-84.5911,66.188,0.0],[-84.588,66.188,0.0],[-84.588,66.1891,0.0]]],
[[[-84.238,66.1911,0.0],[-84.2411,66.1911,0.0],[-84.2411,66.1901,0.0],[-84.238,66.1901,0.0],[-84.238,66.1911,0.0]]],
[[[-84.3193,66.2141,55.1536],[-84.3229,66.2146,43.849],[-84.337,66.2109,31.3525],[-84.3318,66.2161,37.7942],[-84.3375,66.2208,24.6527],[-84.3495,66.2141,0.0],[-84.3464,66.2089,0.0],[-84.3495,66.2068,0.0],[-84.3443,66.2057,4.8832],[-84.3453,66.2026,0.0],[-84.3417,66.1979,0.7251],[-84.3432,66.1943,0.0],[-84.338,66.1932,0.6531],[-84.3333,66.1896,3.674],[-84.3234,66.1891,15.9831],[-84.3187,66.1833,0.0],[-84.3146,66.1833,0.0],[-84.3104,66.1813,1.0508],[-84.2963,66.1807,0.0],[-84.2995,66.1787,2.6679],[-84.2979,66.1771,10.4049],[-84.2937,66.1771,6.2876],[-84.2896,66.175,2.4333],[-84.2833,66.1771,4.2576],[-84.2755,66.1745,9.6858],[-84.2703,66.1693,0.0],[-84.2625,66.1667,0.0],[-84.2588,66.1672,0.0],[-84.2557,66.1703,0.0],[-84.2484,66.1713,0.0],[-84.2495,66.1745,5.1188],[-84.2375,66.175,0.0],[-84.2297,66.1797,0.0],[-84.2312,66.1813,0.0],[-84.2375,66.1813,1.8426],[-84.2432,66.1797,2.6394],[-84.238,66.1849,3.476],[-84.2432,66.1859,18.047],[-84.2422,66.1891,4.325],[-84.2474,66.1901,15.5417],[-84.2526,66.1953,0.0],[-84.2641,66.1984,11.1893],[-84.263,66.2016,0.0],[-84.2651,66.2037,0.0],[-84.2708,66.2021,7.0454],[-84.2812,66.2021,24.0838],[-84.2875,66.2063,25.763],[-84.2937,66.2042,38.175],[-84.2953,66.2057,40.413],[-84.2901,66.2089,19.3387],[-84.2922,66.212,9.3961],[-84.3083,66.2167,0.0],[-84.3167,66.2125,58.0104],[-84.3193,66.2141,55.1536]]],
[[[-86.0417,66.2146,0.0],[-86.0432,66.213,0.0],[-86.0401,66.213,0.0],[-86.0401,66.2141,0.0],[-86.0417,66.2146,0.0]]],
[[[-86.1708,66.2604,0.0],[-86.1745,66.2599,0.0],[-86.1786,66.2568,0.0],[-86.175,66.2542,0.0],[-86.1713,66.2547,0.0],[-86.1724,66.2578,0.0],[-86.1693,66.2589,0.0],[-86.1708,66.2604,0.0]]],
[[[-86.4104,66.2958,0.0],[-86.4068,66.2963,0.0],[-86.4047,66.2984,0.0],[-86.4068,66.3016,0.0],[-86.4167,66.3042,0.0],[-86.4203,66.3016,0.0],[-86.4182,66.2984,0.0],[-86.4104,66.2958,0.0]]],
[[[-86.4354,66.3104,0.0],[-86.4318,66.312,0.0],[-86.4359,66.3161,0.0],[-86.4411,66.3172,0.0],[-86.4458,66.3208,0.0],[-86.4495,66.3203,0.0],[-86.4557,66.3161,0.0],[-86.4396,66.3104,0.0],[-86.4354,66.3104,0.0]]],
[[[-86.5208,66.3333,0.0],[-86.5224,66.3318,0.0],[-86.5193,66.3318,0.0],[-86.5193,66.3328,0.0],[-86.5208,66.3333,0.0]]],
[[[-86.6271,66.3792,0.0],[-86.6286,66.3776,0.0],[-86.6255,66.3776,0.0],[-86.6255,66.3786,0.0],[-86.6271,66.3792,0.0]]],
[[[-86.6641,66.3964,0.0],[-86.6604,66.3958,0.0],[-86.6589,66.3974,0.0],[-86.6625,66.3979,0.0],[-86.6641,66.3964,0.0]]],
[[[-86.7229,66.4187,0.0],[-86.7245,66.4182,0.0],[-86.7245,66.4172,0.0],[-86.7214,66.4172,0.0],[-86.7229,66.4187,0.0]]],
[[[-86.4224,66.3641,0.0],[-86.4146,66.3604,0.0],[-86.4109,66.3609,0.0],[-86.412,66.3641,0.0],[-86.4109,66.3662,0.0],[-86.4125,66.3667,0.0],[-86.4187,66.3667,0.0],[-86.4224,66.3641,0.0]]],
[[[-86.3276,66.4328,0.0],[-86.3313,66.4354,0.0],[-86.3349,66.4349,0.0],[-86.3313,66.4313,0.0],[-86.3276,66.4328,0.0]]],
[[[-85.9036,66.437,0.0],[-85.9026,66.4391,0.0],[-85.9036,66.4411,0.0],[-85.9005,66.4432,1.2771],[-85.9057,66.4443,3.3419],[-85.9089,66.4474,0.0],[-85.925,66.4458,0.0],[-85.9307,66.4432,0.0],[-85.9297,66.4401,0.0],[-85.9328,66.4391,0.0],[-85.9318,66.4318,0.0],[-85.9349,66.4297,0.0],[-85.9271,66.4292,0.0],[-85.9167,66.4354,0.0],[-85.9104,66.4333,0.0],[-85.9042,66.4333,0.0],[-85.9026,66.4339,0.0],[-85.9036,66.437,0.0]]],
[[[-85.9036,66.4464,0.0],[-85.9,66.4458,4.2062],[-85.8984,66.4474,2.6743],[-85.9021,66.4479,2.0202],[-85.9036,66.4464,0.0]]],
[[[-85.9484,66.4443,0.0],[-85.9401,66.4474,0.0],[-85.9474,66.4484,1.3909],[-85.9521,66.4521,0.0],[-85.9537,66.4505,12.4996],[-85.9505,66.4474,6.5887],[-85.9521,66.4458,0.0],[-85.9583,66.4479,0.4951],[-85.9687,66.4479,8.0987],[-85.9745,66.4453,0.0],[-85.9646,66.4417,2.268],[-85.9542,66.4417,3.2674],[-85.9484,66.4443,0.0]]],
[[[-85.9062,66.4625,0.0],[-85.9229,66.4625,15.8108],[-85.9271,66.4646,5.494],[-85.9375,66.4646,10.7333],[-85.9437,66.4625,0.0],[-85.9479,66.4646,0.0],[-85.9521,66.4625,0.0],[-85.9625,66.4625,0.3751],[-85.9641,66.4609,0.0],[-85.962,66.4589,5.4],[-85.9568,66.4578,8.9488],[-85.9578,66.4547,1.7711],[-85.9563,66.4542,0.0],[-85.9354,66.4542,0.8603],[-85.9292,66.4563,4.1904],[-85.9104,66.45,0.0],[-85.8943,66.4526,0.0],[-85.8984,66.4578,0.0],[-85.9036,66.4589,8.1723],[-85.9026,66.462,0.0],[-85.9062,66.4625,0.0]]],
[[[-85.9578,66.4651,0.0],[-85.9542,66.4646,0.0],[-85.9526,66.4661,0.0],[-85.9563,66.4667,0.0],[-85.9578,66.4651,0.0]]],
[[[-85.9495,66.4672,0.0],[-85.9458,66.4667,0.0],[-85.9443,66.4682,0.0],[-85.9479,66.4688,0.0],[-85.9495,66.4672,0.0]]],
[[[-86.7245,66.4213,0.0],[-86.7208,66.4208,0.0],[-86.7193,66.4224,0.0],[-86.7229,66.4229,0.0],[-86.7245,66.4213,0.0]]],
[[[-86.5208,66.4917,0.0],[-86.5172,66.4922,0.0],[-86.513,66.4953,0.0],[-86.5229,66.4979,0.0],[-86.5307,66.4974,0.0],[-86.5297,66.4943,0.0],[-86.5307,66.4922,0.0],[-86.5286,66.4901,0.0],[-86.5208,66.4917,0.0]]],
[[[-86.4854,66.4958,0.0],[-86.4838,66.4974,0.0],[-86.4875,66.4979,0.0],[-86.4911,66.4943,0.0],[-86.4896,66.4938,0.0],[-86.4854,66.4958,0.0]]],
[[[-86.6776,66.4968,0.0],[-86.6813,66.5,0.0],[-86.6953,66.5016,0.0],[-86.6932,66.4984,0.0],[-86.6854,66.4958,9.8988],[-86.6776,66.4968,0.0]]],
[[[-86.1188,66.4938,2.6358],[-86.1172,66.4953,0.4564],[-86.1266,66.4953,3.0311],[-86.125,66.4938,3.5564],[-86.1188,66.4938,2.6358]]],
[[[-86.4708,66.4979,0.0],[-86.4724,66.4964,0.0],[-86.4693,66.4964,0.0],[-86.4693,66.4974,0.0],[-86.4708,66.4979,0.0]]],
[[[-86.4437,66.5083,0.0],[-86.4453,66.5078,0.0],[-86.4453,66.5068,0.0],[-86.4422,66.5068,0.0],[-86.4437,66.5083,0.0]]],
[[[-86.4328,66.5089,0.0],[-86.4292,66.5083,0.0],[-86.4276,66.5099,0.0],[-86.4313,66.5104,0.0],[-86.4328,66.5089,0.0]]],
[[[-86.5354,66.5062,0.0],[-86.5417,66.5062,0.0],[-86.5432,66.5047,0.0],[-86.5396,66.5021,0.0],[-86.5333,66.5021,0.0],[-86.5297,66.5047,0.0],[-86.5312,66.5062,0.0],[-86.5354,66.5062,0.0]]],
[[[-86.5599,66.5047,0.0],[-86.5563,66.5042,0.0],[-86.5547,66.5057,0.0],[-86.5583,66.5062,0.0],[-86.5599,66.5047,0.0]]],
[[[-86.4979,66.5292,0.0],[-86.4964,66.5307,0.0],[-86.5057,66.5307,0.0],[-86.5042,66.5292,0.7748],[-86.4979,66.5292,0.0]]],
[[[-86.2375,66.5083,0.5154],[-86.2338,66.5089,0.0],[-86.2338,66.5099,0.0],[-86.2391,66.5099,0.0],[-86.2375,66.5083,0.5154]]],
[[[-86.4432,66.5255,0.0],[-86.4396,66.525,0.0],[-86.438,66.5266,0.0],[-86.4417,66.5271,0.0],[-86.4432,66.5255,0.0]]],
[[[-86.3224,66.5297,0.0],[-86.3187,66.5292,0.0],[-86.3172,66.5307,0.0],[-86.3208,66.5313,0.0],[-86.3224,66.5297,0.0]]],
[[[-83.1349,62.1891,4.6136],[-83.1333,62.1875,4.7523],[-83.1297,62.188,4.9473],[-83.1312,62.1896,5.6992],[-83.1349,62.1891,4.6136]]],
[[[-83.1214,62.1891,9.0878],[-83.1229,62.1896,6.9871],[-83.1245,62.188,5.7795],[-83.1214,62.188,10.0128],[-83.1214,62.1891,9.0878]]],
[[[-83.1458,62.2,2.0118],[-83.1438,62.1979,2.3542],[-83.1417,62.2,2.3574],[-83.1438,62.2021,3.6985],[-83.1458,62.2,2.0118]]],
[[[-83.1125,62.2083,10.6615],[-83.1224,62.2047,8.0981],[-83.1203,62.2026,8.165],[-83.1172,62.2026,9.063],[-83.1109,62.2068,10.2014],[-83.1125,62.2083,10.6615]]],
[[[-82.9057,62.2536,5.6971],[-82.9042,62.2521,2.5332],[-82.9005,62.2526,1.8208],[-82.9021,62.2542,2.64],[-82.9057,62.2536,5.6971]]],
[[[-82.225,62.9833,0.0],[-82.2411,62.9859,2.9068],[-82.2458,62.9917,0.0],[-82.2521,62.9917,0.0],[-82.2562,62.9896,2.927],[-82.2688,62.9896,0.0],[-82.2729,62.9875,7.2598],[-82.2771,62.9875,3.8155],[-82.2812,62.9896,0.0],[-82.2854,62.9875,0.0],[-82.2937,62.9875,0.0],[-82.3063,62.9833,5.2365],[-82.3125,62.9854,0.0],[-82.3245,62.9807,6.0006],[-82.3276,62.9776,4.2448],[-82.3349,62.9766,0.6803],[-82.3505,62.9672,2.2205],[-82.3562,62.9688,0.0],[-82.3661,62.9661,0.0],[-82.3734,62.9609,4.3401],[-82.3807,62.9599,0.0],[-82.3854,62.9521,0.0],[-82.3849,62.9505,0.0],[-82.3797,62.9495,0.0],[-82.3776,62.9474,0.0],[-82.3776,62.9443,1.8601],[-82.3828,62.9432,0.0],[-82.3958,62.9354,2.4085],[-82.4099,62.9349,0.0],[-82.4109,62.9318,3.0127],[-82.4229,62.9271,2.6677],[-82.4271,62.9271,2.5528],[-82.4313,62.9292,0.0],[-82.45,62.9292,0.6031],[-82.4542,62.9271,1.8912],[-82.4792,62.9271,1.7605],[-82.4875,62.9313,0.0],[-82.4938,62.9313,0.0],[-82.5,62.9271,2.5997],[-82.5062,62.9271,2.5968],[-82.5104,62.9292,0.0],[-82.5146,62.9271,1.736],[-82.5188,62.9292,0.0],[-82.525,62.9292,0.0],[-82.5292,62.9271,3.5283],[-82.537,62.9297,2.206],[-82.5458,62.9354,0.0],[-82.55,62.9354,0.0],[-82.5583,62.9313,0.9562],[-82.5625,62.9313,0.7318],[-82.5833,62.9375,0.0],[-82.5937,62.9375,0.8821],[-82.5979,62.9396,0.0],[-82.6188,62.9396,1.318],[-82.6229,62.9417,0.4862],[-82.6333,62.9417,2.0579],[-82.6375,62.9437,0.0],[-82.6458,62.9396,0.8299],[-82.6646,62.9396,3.7674],[-82.6687,62.9417,0.0],[-82.6729,62.9396,2.7159],[-82.6792,62.9396,2.7279],[-82.6833,62.9417,0.0],[-82.6875,62.9396,1.5009],[-82.6917,62.9417,0.0],[-82.7021,62.9417,0.0],[-82.7063,62.9396,1.6387],[-82.7146,62.9396,1.2433],[-82.7187,62.9417,0.0],[-82.7396,62.9354,1.786],[-82.7562,62.9354,0.0],[-82.7578,62.9339,0.0],[-82.7547,62.9328,0.0],[-82.7557,62.9297,1.9134],[-82.7547,62.9276,6.2339],[-82.7771,62.925,0.0],[-82.7839,62.9214,1.6879],[-82.7896,62.9208,1.2754],[-82.8,62.9167,3.6632],[-82.8104,62.9188,0.0],[-82.8203,62.9161,0.0],[-82.8193,62.9109,4.9279],[-82.8229,62.9083,7.3277],[-82.8354,62.9083,0.0],[-82.8396,62.9063,0.0],[-82.8479,62.9063,0.0],[-82.8495,62.9047,0.0],[-82.8443,62.9026,4.8363],[-82.8542,62.9021,0.0],[-82.8667,62.8979,3.5674],[-82.8729,62.9,0.0],[-82.8833,62.8937,4.4447],[-82.8932,62.8932,0.0],[-82.8958,62.8896,0.0],[-82.8943,62.8859,7.1508],[-82.9099,62.8849,0.0],[-82.9089,62.8818,3.1257],[-82.912,62.8807,1.3847],[-82.9109,62.8776,2.5],[-82.9167,62.8771,-0.5],[-82.9224,62.8745,-0.5],[-82.9213,62.8714,3.2676],[-82.9396,62.8688,-0.5],[-82.9411,62.8682,-0.5],[-82.9401,62.8651,2.85],[-82.95,62.8625,4.0021],[-82.9542,62.8646,0.6],[-82.9583,62.8604,2.6484],[-82.9641,62.862,0.0],[-82.963,62.8589,3.7375],[-82.9703,62.8578,1.6634],[-82.9792,62.8521,4.1843],[-82.9833,62.8542,1.7285],[-82.9938,62.8542,0.2237],[-82.9953,62.8536,0.2192],[-82.9943,62.8505,1.1415],[-83.0062,62.8438,0.8261],[-83.0104,62.8458,0.0],[-83.025,62.8438,1.3619],[-83.0292,62.8458,0.7363],[-83.0396,62.8458,0.1167],[-83.0437,62.8438,1.042],[-83.0625,62.8438,2.4609],[-83.0651,62.8474,0.7567],[-83.0729,62.8479,0.751],[-83.0771,62.85,0.3511],[-83.0813,62.8479,1.665],[-83.0937,62.8479,1.7145],[-83.1021,62.8438,1.9096],[-83.1062,62.8458,1.758],[-83.1104,62.8417,3.2829],[-83.125,62.8417,3.9706],[-83.1292,62.8438,4.7046],[-83.1417,62.8396,6.2843],[-83.1432,62.8411,6.2779],[-83.1401,62.8422,6.2349],[-83.1412,62.8453,5.1355],[-83.1312,62.8479,3.0181],[-83.1167,62.8458,3.1532],[-83.1151,62.8464,2.4813],[-83.1161,62.8495,1.8613],[-83.1104,62.85,1.6444],[-83.1088,62.8516,1.5188],[-83.1125,62.8542,1.1243],[-83.1354,62.8521,1.2421],[-83.1432,62.8547,0.5],[-83.1443,62.8578,0.5],[-83.1479,62.8604,0.5],[-83.1562,62.8563,3.2061],[-83.1604,62.8583,2.5426],[-83.1667,62.8583,3.0801],[-83.1713,62.862,3.1183],[-83.1807,62.863,3.0524],[-83.1818,62.8661,3.4474],[-83.1896,62.8688,4.1378],[-83.1911,62.8682,4.5502],[-83.1911,62.8651,5.5419],[-83.1859,62.8641,4.9372],[-83.1818,62.8578,6.6214],[-83.1839,62.8547,8.227],[-83.2021,62.8563,8.0265],[-83.2063,62.8583,7.3083],[-83.2146,62.8583,11.0265],[-83.2208,62.8563,11.3576],[-83.225,62.8604,11.7621],[-83.2328,62.8599,13.281],[-83.2318,62.8568,12.6188],[-83.2333,62.8563,12.788],[-83.2396,62.8604,12.7593],[-83.2438,62.8583,13.3246],[-83.2453,62.8589,17.4102],[-83.2443,62.862,12.5401],[-83.2495,62.863,12.5631],[-83.2536,62.8714,11.8315],[-83.2526,62.8766,11.4484],[-83.2578,62.8776,11.4243],[-83.2641,62.8859,12.3623],[-83.2609,62.8891,12.3261],[-83.2641,62.8953,13.2494],[-83.2568,62.8964,14.18],[-83.2578,62.8995,13.0175],[-83.2547,62.9005,10.578],[-83.2578,62.9057,8.9188],[-83.2542,62.9063,8.3928],[-83.25,62.9042,8.528],[-83.2484,62.9057,8.1766],[-83.2505,62.9078,6.3627],[-83.2557,62.9089,6.0075],[-83.2542,62.9146,4.843],[-83.2568,62.9182,0.5858],[-83.2646,62.9188,1.7815],[-83.2724,62.9214,1.6113],[-83.2755,62.9266,0.0],[-83.2807,62.9276,3.4814],[-83.2854,62.9313,0.0],[-83.2896,62.9292,1.4252],[-83.3063,62.9292,0.0],[-83.3089,62.9255,1.2204],[-83.3187,62.925,0.8739],[-83.3333,62.9188,2.7095],[-83.3375,62.9208,0.7066],[-83.3521,62.9125,0.2415],[-83.3604,62.9125,0.0],[-83.3703,62.9099,0.0],[-83.3693,62.9068,2.5045],[-83.3708,62.9063,1.6753],[-83.3917,62.9042,0.0],[-83.3995,62.8995,0.0],[-83.3984,62.8964,2.6788],[-83.4016,62.8953,1.5301],[-83.4005,62.8922,3.2475],[-83.4036,62.8911,2.5402],[-83.4026,62.888,3.4606],[-83.4182,62.887,0.0],[-83.4193,62.8839,2.1662],[-83.4245,62.8807,1.0402],[-83.4276,62.8755,1.8705],[-83.438,62.8714,2.1276],[-83.4521,62.8708,1.9384],[-83.4609,62.8651,3.5552],[-83.4724,62.8641,0.8509],[-83.4766,62.862,0.0],[-83.4755,62.8589,0.93],[-83.4776,62.8568,2.4579],[-83.4833,62.8542,3.7931],[-83.4891,62.8536,1.5196],[-83.4979,62.8479,2.5318],[-83.5078,62.8474,0.0],[-83.5141,62.8432,0.646],[-83.513,62.8401,3.6275],[-83.5224,62.8411,0.0],[-83.5214,62.838,2.457],[-83.5286,62.837,0.0],[-83.5432,62.8266,2.5399],[-83.5453,62.8214,1.0501],[-83.5375,62.8187,2.8254],[-83.5359,62.8193,3.5524],[-83.537,62.8224,3.2599],[-83.5312,62.825,2.5],[-83.5234,62.8224,5.9363],[-83.5307,62.8193,4.1474],[-83.5286,62.8172,4.1923],[-83.5234,62.8161,4.7876],[-83.5214,62.8109,4.2523],[-83.5292,62.8063,3.6723],[-83.5432,62.8036,2.2656],[-83.5495,62.7995,0.9252],[-83.5484,62.7964,0.9738],[-83.5516,62.7953,0.0],[-83.5568,62.788,1.0243],[-83.5703,62.7828,0.0],[-83.5693,62.7797,1.8961],[-83.5724,62.7776,1.0516],[-83.5703,62.7755,0.5],[-83.5625,62.775,2.335],[-83.5583,62.7729,3.4585],[-83.5458,62.7771,4.0],[-83.5417,62.775,6.2253],[-83.5375,62.7771,6.1332],[-83.5229,62.7771,9.5527],[-83.5151,62.7714,12.0927],[-83.5208,62.7708,10.4947],[-83.5312,62.775,7.1734],[-83.5328,62.7745,7.429],[-83.5318,62.7714,7.8418],[-83.5375,62.7687,8.6276],[-83.5422,62.7724,7.5568],[-83.5479,62.7729,4.7284],[-83.5536,62.7703,5.7087],[-83.5484,62.7609,6.4889],[-83.5583,62.7604,4.946],[-83.5625,62.7583,4.743],[-83.5771,62.7625,2.0],[-83.5828,62.7599,0.0],[-83.5818,62.7568,1.5084],[-83.5849,62.7547,0.0],[-83.5818,62.7505,1.5099],[-83.5875,62.75,1.5539],[-83.5891,62.7484,0.0],[-83.5797,62.7474,2.8889],[-83.5787,62.7443,1.5552],[-83.5708,62.7417,0.0],[-83.563,62.7411,0.0],[-83.5589,62.737,0.8976],[-83.5604,62.7313,1.4842],[-83.5589,62.7276,1.3428],[-83.5641,62.7172,1.7121],[-83.5609,62.7172,2.2118],[-83.5578,62.7224,2.0551],[-83.5443,62.7255,4.6545],[-83.5495,62.7286,3.9762],[-83.5437,62.7292,4.5976],[-83.538,62.7318,5.0536],[-83.5396,62.7333,4.9383],[-83.5474,62.7339,3.801],[-83.5516,62.738,3.2819],[-83.55,62.7396,3.6634],[-83.5463,62.7391,3.7173],[-83.5453,62.7359,3.9717],[-83.5375,62.7354,5.0066],[-83.5359,62.7359,5.4544],[-83.537,62.7391,6.1479],[-83.5349,62.7411,6.2328],[-83.5276,62.7432,8.4477],[-83.5255,62.7401,7.5288],[-83.5307,62.737,6.9007],[-83.5307,62.7339,5.72],[-83.5255,62.7328,6.237],[-83.5208,62.7292,5.9523],[-83.5193,62.7297,6.932],[-83.5203,62.7349,7.6552],[-83.5188,62.7354,7.6552],[-83.5062,62.7333,7.9809],[-83.5021,62.7354,7.7316],[-83.4958,62.7354,7.8117],[-83.4917,62.7333,8.0208],[-83.4901,62.7339,8.0099],[-83.4911,62.737,7.861],[-83.4771,62.7396,8.4858],[-83.4708,62.7438,9.051],[-83.4667,62.7438,8.8259],[-83.4625,62.7458,9.6168],[-83.4583,62.7438,8.9796],[-83.4521,62.7438,9.3364],[-83.4417,62.7479,9.9941],[-83.4333,62.7479,10.4619],[-83.4208,62.7521,11.6342],[-83.4172,62.7495,11.2633],[-83.4203,62.7464,10.6883],[-83.4151,62.7453,11.0487],[-83.4161,62.7422,10.8678],[-83.4146,62.7417,10.7334],[-83.4104,62.7438,10.9817],[-83.3896,62.7438,11.6508],[-83.388,62.7453,11.8376],[-83.3932,62.7464,11.9855],[-83.3953,62.7516,12.4145],[-83.3792,62.7583,13.3353],[-83.3708,62.7583,13.523],[-83.3583,62.7625,14.4018],[-83.3542,62.7625,14.4297],[-83.35,62.7604,14.5098],[-83.3417,62.7646,15.0974],[-83.3333,62.7646,15.3253],[-83.3318,62.7651,15.3253],[-83.3328,62.7682,15.5981],[-83.3307,62.7703,15.8696],[-83.325,62.7729,16.3477],[-83.3193,62.7714,16.2892],[-83.3167,62.775,16.6371],[-83.2896,62.7729,16.7005],[-83.288,62.7745,16.9182],[-83.2932,62.7786,17.252],[-83.2854,62.7792,16.4432],[-83.2812,62.7813,18.67],[-83.275,62.7792,16.5205],[-83.2708,62.7813,17.0554],[-83.2625,62.7813,16.4816],[-83.2521,62.7875,17.3736],[-83.2484,62.7849,17.1461],[-83.2495,62.7797,16.8213],[-83.2479,62.7792,16.7746],[-83.2438,62.7813,16.8366],[-83.2354,62.7813,16.6613],[-83.2312,62.7833,16.6569],[-83.2266,62.7797,16.6668],[-83.2214,62.7786,16.6109],[-83.2286,62.7734,16.5638],[-83.2266,62.7714,15.5],[-83.2214,62.7703,16.4113],[-83.2193,62.7682,15.5],[-83.2193,62.7651,16.6378],[-83.2229,62.7625,16.8236],[-83.2312,62.7625,16.756],[-83.2438,62.7583,16.9137],[-83.2604,62.7583,16.8596],[-83.2646,62.7562,17.0371],[-83.2688,62.7583,15.5],[-83.3021,62.7583,16.616],[-83.3063,62.7562,16.6514],[-83.3078,62.7578,16.441],[-83.3026,62.7609,16.4911],[-83.3005,62.7641,16.6689],[-83.3083,62.7667,16.2999],[-83.312,62.7641,15.9367],[-83.3109,62.7609,15.9911],[-83.3182,62.7599,15.7628],[-83.3187,62.7583,15.7189],[-83.3182,62.7568,15.8513],[-83.313,62.7557,16.1174],[-83.3089,62.7505,17.0838],[-83.3146,62.7479,17.7936],[-83.3287,62.7526,15.7629],[-83.3297,62.7557,15.3964],[-83.3333,62.7562,15.2963],[-83.3411,62.7516,14.5346],[-83.3458,62.7458,14.5746],[-83.35,62.7458,13.9491],[-83.3542,62.7479,13.7408],[-83.3583,62.7458,13.6167],[-83.3682,62.7453,12.8199],[-83.3818,62.7359,12.0588],[-83.3891,62.7349,11.6998],[-83.3917,62.7313,11.7289],[-83.3901,62.7255,12.4067],[-83.3953,62.7245,12.2865],[-83.3964,62.7214,13.4061],[-83.4,62.7188,13.4144],[-83.4068,62.7245,12.0784],[-83.4161,62.7255,11.5619],[-83.413,62.7276,11.478],[-83.4146,62.7292,11.1371],[-83.4203,62.7286,11.0473],[-83.4234,62.7234,11.2804],[-83.4271,62.7229,11.5872],[-83.4328,62.7255,10.7422],[-83.438,62.7307,10.367],[-83.4432,62.7318,9.8424],[-83.4401,62.7349,9.8192],[-83.4458,62.7354,9.4627],[-83.4557,62.7328,8.7509],[-83.4505,62.7297,8.9531],[-83.4599,62.7266,8.7236],[-83.4609,62.7234,9.3543],[-83.4667,62.7229,8.603],[-83.4682,62.7214,8.9116],[-83.4521,62.7208,10.5805],[-83.4458,62.7271,9.6449],[-83.4443,62.7266,10.4047],[-83.4458,62.7229,10.6068],[-83.4432,62.7193,11.8143],[-83.4375,62.7208,11.5551],[-83.4297,62.7203,11.8093],[-83.437,62.7151,12.6739],[-83.4333,62.7146,12.8338],[-83.4292,62.7167,12.9389],[-83.425,62.7146,13.5925],[-83.4208,62.7167,13.5079],[-83.4167,62.7167,13.4643],[-83.4151,62.7161,14.0303],[-83.4167,62.7125,14.3604],[-83.4146,62.7104,15.1322],[-83.4,62.7125,16.4941],[-83.3958,62.7104,17.1612],[-83.3932,62.7141,16.9148],[-83.3812,62.7188,16.5857],[-83.3714,62.7141,18.2592],[-83.3729,62.7083,18.84],[-83.3708,62.7062,19.2513],[-83.3672,62.7068,19.8297],[-83.3682,62.7099,19.8016],[-83.3661,62.7141,19.242],[-83.3588,62.7151,20.5581],[-83.3542,62.7188,18.7376],[-83.35,62.7188,20.046],[-83.3422,62.7161,20.9069],[-83.3349,62.7068,22.0991],[-83.3292,62.7083,22.1186],[-83.3276,62.7068,22.6823],[-83.3318,62.7005,22.9272],[-83.3417,62.6979,22.8674],[-83.35,62.6979,22.5144],[-83.3542,62.6958,23.1452],[-83.3604,62.7,20.3421],[-83.3708,62.7,19.974],[-83.3786,62.7026,19.1242],[-83.3797,62.7057,18.606],[-83.3875,62.7083,17.9271],[-83.3938,62.7083,17.9983],[-83.4167,62.7021,15.0598],[-83.4354,62.7021,14.1577],[-83.4396,62.7042,13.607],[-83.4542,62.7042,12.2979],[-83.4557,62.7026,12.0824],[-83.4526,62.6984,12.5621],[-83.4583,62.6958,12.5112],[-83.4661,62.6984,11.2981],[-83.4589,62.7016,12.1127],[-83.4714,62.712,10.3955],[-83.4828,62.7099,7.8763],[-83.4818,62.7068,8.02],[-83.4833,62.7062,8.0491],[-83.4891,62.7078,7.8243],[-83.4891,62.7047,7.7243],[-83.4838,62.7026,8.6309],[-83.4896,62.7021,8.3614],[-83.4938,62.7042,7.9514],[-83.4995,62.7016,6.6472],[-83.4979,62.7,6.982],[-83.4901,62.6995,7.6573],[-83.4922,62.6964,7.681],[-83.4953,62.6953,7.8003],[-83.4943,62.6922,8.1412],[-83.5,62.6896,8.618],[-83.5062,62.6937,7.7616],[-83.5078,62.6932,7.535],[-83.5068,62.6901,7.9193],[-83.5083,62.6896,7.9193],[-83.5125,62.6917,7.421],[-83.5203,62.6911,6.2429],[-83.5193,62.688,6.456],[-83.5224,62.687,6.1308],[-83.5214,62.6839,6.4801],[-83.5266,62.6807,6.6888],[-83.5255,62.6776,7.4807],[-83.5307,62.6776,7.5053],[-83.5333,62.6813,6.0247],[-83.5391,62.6786,5.9631],[-83.538,62.6755,6.2721],[-83.5396,62.675,6.6458],[-83.55,62.6771,5.7181],[-83.5547,62.6734,4.828],[-83.5703,62.6703,4.0149],[-83.5693,62.6672,4.6218],[-83.5807,62.6661,3.7935],[-83.5797,62.663,4.2135],[-83.587,62.6599,4.3502],[-83.5859,62.6568,5.6614],[-83.5953,62.6599,3.9598],[-83.5932,62.6547,5.075],[-83.5917,62.6542,5.2909],[-83.5854,62.6542,5.9732],[-83.5813,62.6563,5.7984],[-83.5771,62.6542,6.8398],[-83.5693,62.6536,7.3695],[-83.5667,62.65,7.8425],[-83.5672,62.6484,7.8008],[-83.5724,62.6474,7.0705],[-83.5693,62.6453,7.9629],[-83.5724,62.6391,8.1447],[-83.5713,62.6359,8.4658],[-83.5792,62.6354,8.702],[-83.587,62.638,7.8867],[-83.587,62.6411,7.4177],[-83.5818,62.6422,7.7433],[-83.5849,62.6453,6.9508],[-83.5797,62.6495,6.8388],[-83.5917,62.65,5.3419],[-83.5964,62.6464,5.201],[-83.6036,62.6453,4.2797],[-83.6,62.6375,4.8502],[-83.6016,62.6349,4.9212],[-83.6005,62.6297,5.7759],[-83.6062,62.6292,5.4689],[-83.6104,62.6312,4.8548],[-83.6167,62.6312,4.371],[-83.6271,62.6354,2.9949],[-83.6328,62.6349,2.8141],[-83.6328,62.6318,2.9103],[-83.6255,62.6266,3.3181],[-83.6307,62.6245,3.3644],[-83.6312,62.6229,3.5716],[-83.6276,62.6172,4.2754],[-83.6307,62.6172,3.8616],[-83.6354,62.6208,3.3381],[-83.638,62.6172,3.8959],[-83.65,62.6146,2.6566],[-83.6646,62.6083,2.4086],[-83.6786,62.6078,1.5365],[-83.6911,62.5995,4.002],[-83.6896,62.5979,3.8897],[-83.6854,62.6,3.0865],[-83.6813,62.6,3.7502],[-83.6771,62.5979,3.3585],[-83.6687,62.6021,5.5678],[-83.6646,62.6,6.9027],[-83.6542,62.6063,7.1834],[-83.6443,62.6068,7.1315],[-83.6453,62.612,5.8608],[-83.6354,62.6104,7.0683],[-83.6286,62.6141,7.1905],[-83.6255,62.6141,7.4337],[-83.6234,62.612,8.0061],[-83.6234,62.6089,8.3495],[-83.6255,62.6068,10.8007],[-83.6312,62.6063,8.7883],[-83.6328,62.6047,8.9809],[-83.6292,62.6021,9.0387],[-83.6193,62.6036,11.3419],[-83.6172,62.6016,12.1386],[-83.6172,62.5984,13.8038],[-83.6224,62.5974,12.6172],[-83.625,62.5938,12.215],[-83.6328,62.5964,11.3476],[-83.6338,62.5995,9.1819],[-83.6391,62.6005,8.4818],[-83.6422,62.6036,8.266],[-83.6453,62.6036,7.982],[-83.6443,62.6005,8.1108],[-83.6474,62.5995,7.4109],[-83.6464,62.5964,7.3673],[-83.6526,62.5922,7.5249],[-83.6599,62.5911,7.1655],[-83.6547,62.588,7.4501],[-83.6682,62.5849,7.1744],[-83.6682,62.5818,11.5392],[-83.6667,62.5812,10.4238],[-83.6599,62.5849,10.567],[-83.6526,62.5859,12.0174],[-83.6479,62.5896,11.17],[-83.6422,62.5849,14.2182],[-83.6484,62.5797,15.0412],[-83.6557,62.5786,12.5594],[-83.6568,62.5755,14.121],[-83.6599,62.5755,13.9026],[-83.6625,62.5792,11.2112],[-83.6854,62.5792,8.3796],[-83.6917,62.5771,6.3914],[-83.6943,62.5807,7.2654],[-83.7021,62.5833,2.3846],[-83.7125,62.5771,3.5096],[-83.7187,62.5792,1.6904],[-83.7229,62.5771,2.0759],[-83.7292,62.5771,1.0647],[-83.7307,62.5755,1.3309],[-83.7276,62.5745,1.3557],[-83.7286,62.5714,1.1596],[-83.7234,62.5682,4.0345],[-83.7255,62.5651,4.9737],[-83.7312,62.5625,4.7769],[-83.7438,62.5625,2.5732],[-83.7479,62.5604,2.2836],[-83.7521,62.5625,0.7809],[-83.7536,62.562,0.0],[-83.7526,62.5568,4.1389],[-83.7604,62.5542,2.9919],[-83.7688,62.5542,1.1776],[-83.7771,62.55,3.0375],[-83.7828,62.5495,1.8814],[-83.7818,62.5464,3.5635],[-83.7828,62.5443,2.8215],[-83.7693,62.5432,7.908],[-83.7734,62.5401,12.3211],[-83.7792,62.5396,7.4009],[-83.7896,62.5438,3.0532],[-83.8021,62.5417,1.9535],[-83.8125,62.5354,9.6708],[-83.8208,62.5354,4.2893],[-83.825,62.5333,5.1803],[-83.8292,62.5333,0.0],[-83.8396,62.5271,3.6875],[-83.8479,62.5271,0.0],[-83.8557,62.5245,1.5119],[-83.8599,62.5224,0.0],[-83.8588,62.5193,1.5977],[-83.8661,62.5182,1.5442],[-83.8651,62.5151,3.7022],[-83.8724,62.5141,1.7578],[-83.8854,62.5083,1.8533],[-83.8953,62.5078,0.0],[-83.9016,62.5036,0.0],[-83.9047,62.4984,2.5097],[-83.9161,62.4974,0.0],[-83.9151,62.4943,2.0626],[-83.9172,62.4922,2.5745],[-83.9229,62.4917,1.2406],[-83.9286,62.4891,0.0],[-83.9411,62.4797,1.4714],[-83.9354,62.475,4.1114],[-83.9313,62.475,3.9656],[-83.9271,62.4771,5.6372],[-83.9255,62.4766,5.83],[-83.9266,62.4734,6.1421],[-83.925,62.4729,6.1442],[-83.9208,62.475,6.1373],[-83.9151,62.4745,7.2298],[-83.913,62.4724,7.1559],[-83.9161,62.4703,6.8965],[-83.9141,62.4651,8.6449],[-83.9047,62.4641,9.8611],[-83.9057,62.4609,9.8449],[-83.9036,62.4568,8.7184],[-83.8984,62.4557,8.5286],[-83.9016,62.4536,8.21],[-83.9005,62.4505,8.1853],[-83.9062,62.45,8.2588],[-83.9167,62.4542,9.4836],[-83.9224,62.4516,8.5879],[-83.9245,62.4484,8.3874],[-83.9193,62.4474,7.7175],[-83.9167,62.4437,7.0823],[-83.9125,62.4458,7.2307],[-83.9062,62.4458,6.821],[-83.9047,62.4453,7.1203],[-83.9047,62.4422,7.4221],[-83.9083,62.4396,6.9702],[-83.9292,62.4458,6.9745],[-83.937,62.4464,5.6153],[-83.9349,62.4495,5.5958],[-83.9318,62.4505,7.3474],[-83.9328,62.4536,5.464],[-83.9271,62.4562,7.191],[-83.9213,62.4547,7.9359],[-83.9224,62.4599,8.4164],[-83.9213,62.462,8.6953],[-83.9328,62.462,5.9318],[-83.9318,62.4589,6.1474],[-83.9375,62.4562,5.2245],[-83.9437,62.4604,5.352],[-83.9563,62.4604,1.3717],[-83.9578,62.4599,1.418],[-83.9604,62.4542,0.0],[-83.9557,62.4484,1.5853],[-83.9505,62.4453,1.8499],[-83.9557,62.4401,0.0],[-83.9505,62.4391,3.0306],[-83.9484,62.4359,3.4977],[-83.9537,62.4328,1.1436],[-83.9563,62.4271,0.0],[-83.9557,62.4255,2.0288],[-83.9479,62.4229,0.0],[-83.9401,62.4224,1.6397],[-83.9411,62.4193,0.0],[-83.9359,62.4161,1.3121],[-83.9286,62.4068,0.0],[-83.9255,62.4057,1.8495],[-83.9266,62.4026,1.7195],[-83.9203,62.3984,0.0],[-83.9151,62.3974,2.5971],[-83.9057,62.3839,0.0],[-83.8979,62.3812,0.0],[-83.8901,62.3807,2.7896],[-83.8891,62.3776,0.0],[-83.8776,62.3745,1.4144],[-83.8682,62.3672,1.8195],[-83.863,62.3661,1.4589],[-83.862,62.363,1.3105],[-83.8568,62.362,1.9806],[-83.8516,62.3547,0.8086],[-83.8401,62.3516,1.4222],[-83.837,62.3464,0.0],[-83.8255,62.3432,1.2258],[-83.8224,62.338,1.3386],[-83.8146,62.3375,1.9919],[-83.8016,62.3318,0.8112],[-83.7839,62.3266,2.7748],[-83.7766,62.3151,1.6184],[-83.7625,62.3104,0.8474],[-83.7464,62.3099,2.7959],[-83.7474,62.3047,1.5347],[-83.7464,62.3026,1.9839],[-83.7536,62.2984,0.0],[-83.7458,62.2979,0.0],[-83.7411,62.2943,0.9137],[-83.7359,62.2932,1.2086],[-83.7391,62.2901,0.0],[-83.737,62.288,0.0],[-83.7318,62.287,2.3634],[-83.7349,62.2849,0.0],[-83.7333,62.2813,2.0973],[-83.7349,62.2776,0.0],[-83.7276,62.2786,3.1681],[-83.7307,62.2714,0.8966],[-83.7255,62.2703,4.7366],[-83.7286,62.2682,0.0],[-83.7276,62.2651,3.8843],[-83.7328,62.262,1.9679],[-83.7354,62.2562,1.3628],[-83.7338,62.2536,2.514],[-83.7349,62.2505,0.9085],[-83.7318,62.2484,2.587],[-83.7338,62.2443,3.8776],[-83.7391,62.2411,0.0],[-83.7338,62.2391,1.4682],[-83.7354,62.2354,1.9467],[-83.7318,62.2307,3.8431],[-83.7349,62.2286,1.7993],[-83.7333,62.225,1.5673],[-83.7349,62.2193,0.0],[-83.7297,62.2182,2.2038],[-83.7307,62.213,1.7781],[-83.7286,62.2109,2.9847],[-83.7234,62.2099,4.9132999999999996],[-83.725,62.2083,4.3538],[-83.7307,62.2078,1.7639],[-83.7255,62.1984,4.3856],[-83.7307,62.1953,0.8906],[-83.7328,62.1901,0.0],[-83.7297,62.1891,1.159],[-83.7255,62.1839,3.1724],[-83.7307,62.1807,0.0],[-83.7307,62.1776,0.9684],[-83.7276,62.1734,2.9422],[-83.7307,62.1724,1.0865],[-83.7297,62.1693,1.942],[-83.7328,62.1682,0.877],[-83.7318,62.1651,1.8962],[-83.7349,62.1641,0.0],[-83.7375,62.1604,0.0],[-83.7349,62.1568,0.0],[-83.7297,62.1557,2.4957],[-83.7349,62.1505,0.0],[-83.7255,62.1474,0.0],[-83.7224,62.1422,0.0],[-83.7146,62.1396,6.0075],[-83.7042,62.1396,0.0],[-83.7,62.1417,0.0],[-83.6792,62.1417,0.0],[-83.675,62.1437,0.0],[-83.6708,62.1437,0.0],[-83.6672,62.1464,1.7699],[-83.6682,62.1495,6.9998],[-83.6646,62.15,5.533],[-83.6604,62.1479,0.0],[-83.6557,62.1516,4.2468],[-83.6401,62.1547,0.0],[-83.6412,62.1578,2.9831],[-83.6338,62.1589,0.0],[-83.6349,62.162,2.3318],[-83.6328,62.1641,3.925],[-83.6271,62.1667,1.234],[-83.6214,62.1672,1.0894],[-83.6182,62.1724,7.6898],[-83.6125,62.1708,0.9464],[-83.6083,62.1729,1.1593],[-83.6042,62.1708,1.4735],[-83.6,62.1708,1.0254],[-83.5901,62.1734,0.0],[-83.5854,62.1771,2.3477],[-83.5797,62.1776,0.0],[-83.5755,62.1797,0.0],[-83.5724,62.1849,5.8662],[-83.563,62.188,0.0],[-83.5641,62.1911,2.395],[-83.5547,62.1964,0.0],[-83.5516,62.2016,6.9456],[-83.5463,62.2026,0.0],[-83.5432,62.2078,0.0],[-83.5307,62.2161,5.6301],[-83.5188,62.2208,3.5228],[-83.513,62.2214,0.0],[-83.5016,62.2286,1.4254],[-83.488,62.2318,0.0],[-83.475,62.2375,2.0578],[-83.4667,62.2375,1.2626],[-83.4625,62.2396,1.7653],[-83.4583,62.2396,1.9591],[-83.4568,62.2401,1.5818],[-83.4578,62.2432,1.95],[-83.4563,62.2438,2.6819],[-83.4521,62.2417,1.1065],[-83.4167,62.2521,2.0361],[-83.4125,62.25,0.0],[-83.4083,62.2521,2.0877],[-83.3958,62.2521,0.7976],[-83.3917,62.2542,2.6455],[-83.375,62.2542,0.0],[-83.3708,62.2562,2.4415],[-83.3646,62.2542,0.0],[-83.3604,62.2562,1.2725],[-83.3562,62.2542,0.0],[-83.3479,62.2542,1.2273],[-83.3437,62.2562,1.5939],[-83.3271,62.2562,1.0401],[-83.3229,62.2583,1.987],[-83.3042,62.2583,0.9579],[-83.2995,62.2547,0.6604],[-83.2901,62.2536,1.7128],[-83.2932,62.2516,0.9606],[-83.2917,62.25,0.7122],[-83.2854,62.25,0.8541],[-83.275,62.2458,0.9067],[-83.263,62.2453,1.6116],[-83.2609,62.2432,1.5455],[-83.2641,62.2411,0.9966],[-83.2625,62.2396,0.8823],[-83.2479,62.2375,1.2556],[-83.2438,62.2417,3.1142],[-83.2375,62.2354,2.1692],[-83.2271,62.2354,0.8757],[-83.2229,62.2333,0.6254],[-83.2151,62.2328,5.0013],[-83.2099,62.2255,1.6464],[-83.2021,62.225,2.1797],[-83.1963,62.2224,1.215],[-83.1943,62.2193,2.4551],[-83.1974,62.2172,0.7592],[-83.1833,62.2125,0.0],[-83.1771,62.2125,0.7537],[-83.1693,62.2099,0.9958],[-83.1604,62.2042,2.4185],[-83.1521,62.2042,2.0151],[-83.1422,62.2068,4.9601],[-83.1422,62.2099,7.5159],[-83.15,62.2104,6.4613],[-83.1516,62.212,5.9255],[-83.1479,62.2146,6.4905],[-83.1422,62.213,7.0699],[-83.1432,62.2182,8.9789],[-83.1417,62.2188,8.7507],[-83.1354,62.2188,8.9832],[-83.1328,62.2151,9.3344],[-83.1172,62.2109,10.4572],[-83.1151,62.213,12.7943],[-83.1151,62.2161,13.1763],[-83.1266,62.2193,11.5106],[-83.1266,62.2224,13.8679],[-83.125,62.2229,13.4264],[-83.1026,62.2182,14.0071],[-83.1057,62.2151,12.978],[-83.1005,62.212,12.5433],[-83.0984,62.2089,12.5493],[-83.1036,62.2057,10.701599999999999],[-83.1021,62.2021,10.0082],[-83.1036,62.1984,8.8778],[-83.1005,62.1974,8.9875],[-83.1026,62.1943,10.458],[-83.1146,62.1937,8.1358],[-83.1188,62.1979,8.0519],[-83.1307,62.1974,5.2031],[-83.1286,62.1943,6.0317],[-83.1193,62.1932,7.1519],[-83.1172,62.1891,10.0567],[-83.1182,62.1859,8.4703],[-83.1083,62.1875,9.8709],[-83.1047,62.1839,10.0004],[-83.1104,62.1813,9.0316],[-83.125,62.1833,9.1888],[-83.1292,62.1854,8.7072],[-83.1396,62.1833,4.74],[-83.1417,62.1854,4.9389],[-83.138,62.1932,4.6316],[-83.1521,62.1937,2.2431],[-83.1578,62.1911,2.5014],[-83.1604,62.1875,1.7009],[-83.1568,62.1807,0.9488],[-83.1578,62.1755,1.9412],[-83.1542,62.1729,0.0],[-83.1438,62.1729,3.1289],[-83.1333,62.1688,0.0],[-83.1292,62.1688,1.2408],[-83.1276,62.1693,0.0],[-83.1286,62.1724,1.9899],[-83.1146,62.1729,0.0],[-83.1062,62.1771,3.7045],[-83.0979,62.1771,0.0],[-83.0875,62.1833,3.2393],[-83.0813,62.1833,0.0],[-83.0771,62.1854,0.0],[-83.0646,62.1854,0.0],[-83.063,62.187,0.0],[-83.0661,62.1891,1.6852],[-83.0526,62.1922,1.5854],[-83.0453,62.1974,5.4926],[-83.0312,62.1979,0.0],[-83.0255,62.2005,0.0],[-83.0224,62.2057,3.1761],[-83.0146,62.2083,3.5197],[-83.0104,62.2062,0.0],[-83.0062,62.2104,2.5998],[-83.0021,62.2083,0.0],[-82.9859,62.2151,0.0],[-82.9786,62.2203,1.6389],[-82.9568,62.2255,1.3786],[-82.9578,62.2286,2.9367],[-82.9505,62.2297,0.6579],[-82.9557,62.2318,3.2805],[-82.9516,62.2349,4.3315],[-82.9458,62.2354,2.1469],[-82.9417,62.2333,1.2186],[-82.9318,62.2359,0.0],[-82.9229,62.2417,1.8892],[-82.913,62.2422,0.0],[-82.9089,62.2443,0.0],[-82.9062,62.2479,2.8274],[-82.9068,62.2495,2.3186],[-82.912,62.2505,5.367],[-82.9141,62.2526,5.2221],[-82.9109,62.2547,4.5425],[-82.912,62.2578,5.1961],[-82.9021,62.2604,4.8781],[-82.8964,62.2599,4.6942],[-82.8917,62.2562,1.5325],[-82.8792,62.2562,1.5235],[-82.875,62.2583,2.0825],[-82.8667,62.2583,0.703],[-82.8599,62.262,1.2557],[-82.8422,62.2672,2.2096],[-82.8437,62.2687,2.3823],[-82.8557,62.2693,3.8201],[-82.8474,62.2766,3.9579],[-82.825,62.2813,4.1834],[-82.8213,62.2786,3.9223],[-82.8245,62.2755,1.2535],[-82.8146,62.275,0.0],[-82.8099,62.2807,2.6193],[-82.8042,62.2813,1.5567],[-82.7984,62.2839,0.0],[-82.7995,62.287,1.46],[-82.7922,62.288,1.6201],[-82.7724,62.3016,3.3496],[-82.7604,62.3042,0.448],[-82.7521,62.3083,0.0],[-82.7464,62.3089,0.0],[-82.7474,62.312,0.9576],[-82.7401,62.313,0.0],[-82.7411,62.3161,0.0],[-82.738,62.3172,1.5031],[-82.7391,62.3203,3.109],[-82.7297,62.3255,2.2305],[-82.7276,62.3276,1.4271],[-82.7276,62.3307,3.3849],[-82.737,62.3307,6.0173],[-82.7401,62.3255,4.1416],[-82.7453,62.3245,6.3106],[-82.7479,62.3208,6.4126],[-82.7599,62.3234,8.8343],[-82.7557,62.3266,7.4834],[-82.7484,62.3276,6.6762],[-82.7443,62.3349,8.2857],[-82.75,62.3333,9.6796],[-82.762,62.3339,11.5372],[-82.7547,62.3391,10.0908],[-82.7599,62.3401,12.5155],[-82.7588,62.3432,12.4788],[-82.762,62.3443,14.6181],[-82.7641,62.3474,15.3434],[-82.7568,62.3464,12.5027],[-82.7526,62.3484,11.4373],[-82.7536,62.3516,13.5947],[-82.7464,62.3536,11.7432],[-82.7359,62.3453,9.0818],[-82.7417,62.3417,9.8289],[-82.7474,62.3432,11.0725],[-82.7474,62.3401,10.5241],[-82.7453,62.338,10.6061],[-82.7375,62.3354,5.5893],[-82.7312,62.3354,3.1872],[-82.7245,62.3318,2.987],[-82.7214,62.3318,1.0982],[-82.713,62.3359,0.0],[-82.7068,62.3411,0.0],[-82.7109,62.3453,2.9649],[-82.7167,62.3479,3.2756],[-82.7208,62.3458,5.4873],[-82.7245,62.3464,5.6217],[-82.7245,62.3495,5.3779],[-82.7167,62.3521,5.5745],[-82.7083,62.3521,3.0772],[-82.7,62.3563,2.4993],[-82.6943,62.3568,2.073],[-82.6786,62.3682,1.2007],[-82.6609,62.3755,1.8324],[-82.662,62.3786,2.4255],[-82.6562,62.3812,1.5913],[-82.6505,62.3797,1.3948],[-82.6516,62.3828,1.3124],[-82.6484,62.3839,1.2292],[-82.6495,62.387,1.6975],[-82.6438,62.3896,2.7778],[-82.638,62.3901,0.0],[-82.6391,62.3932,1.2377],[-82.6292,62.3937,0.0],[-82.625,62.3958,1.4267],[-82.6109,62.3964,0.0],[-82.612,62.3995,1.5821],[-82.5964,62.4026,0.0],[-82.5974,62.4057,2.7365],[-82.5745,62.4203,1.1858],[-82.5589,62.4234,0.0],[-82.5542,62.4271,1.9467],[-82.5458,62.4271,1.2454],[-82.5375,62.4313,1.9757],[-82.5312,62.4313,0.0],[-82.5245,62.4349,2.3477],[-82.5146,62.4375,2.3252],[-82.5021,62.4375,0.0],[-82.4974,62.4411,2.0897],[-82.4901,62.4422,0.0],[-82.4875,62.4458,1.2809],[-82.4734,62.4464,0.0],[-82.4672,62.4505,0.0],[-82.4682,62.4536,3.9174],[-82.462,62.4578,0.0],[-82.4563,62.4604,0.0],[-82.4505,62.4609,0.0],[-82.4484,62.463,0.0],[-82.4495,62.4661,0.0],[-82.4463,62.4672,0.0],[-82.4474,62.4703,2.7965],[-82.4443,62.4714,0.0],[-82.4453,62.4745,2.999],[-82.4359,62.4734,0.0],[-82.438,62.4766,0.0],[-82.4432,62.4776,1.7706],[-82.4401,62.4797,0.0],[-82.4411,62.4828,2.0264],[-82.4172,62.488,0.0],[-82.412,62.4953,1.687],[-82.4089,62.4964,0.6592],[-82.4099,62.4995,1.9661],[-82.4068,62.5005,1.4253],[-82.4078,62.5036,1.8838],[-82.4047,62.5047,1.319],[-82.4057,62.5078,1.457],[-82.4005,62.5109,0.0],[-82.4057,62.513,0.5952],[-82.4026,62.5151,0.0],[-82.4036,62.5203,0.0],[-82.3964,62.5193,0.0],[-82.3974,62.5224,0.0],[-82.3943,62.5234,0.0],[-82.3953,62.5266,1.0889],[-82.388,62.5276,0.0],[-82.3849,62.5328,1.4276],[-82.3776,62.5339,0.0],[-82.3724,62.5411,0.0],[-82.3693,62.5422,0.0],[-82.3703,62.5453,0.4162],[-82.363,62.5464,0.0],[-82.3599,62.5516,0.0],[-82.3474,62.5599,0.0],[-82.338,62.5589,0.0],[-82.3328,62.5661,0.0],[-82.3271,62.5667,0.0],[-82.3213,62.5693,0.0],[-82.3224,62.5724,0.0],[-82.3167,62.5708,0.0],[-82.3068,62.5734,0.0],[-82.3026,62.5755,1.5458],[-82.3036,62.5786,2.0105],[-82.2974,62.5828,0.0],[-82.2833,62.5875,0.9624],[-82.2792,62.5854,0.0],[-82.2708,62.5854,0.0],[-82.2641,62.5891,1.6124],[-82.2583,62.5896,1.2604],[-82.2479,62.5938,0.0],[-82.2417,62.5917,0.0],[-82.2401,62.5932,0.0],[-82.2432,62.5974,0.6222],[-82.2333,62.6,0.0],[-82.225,62.6,0.0],[-82.2208,62.6021,1.1313],[-82.2167,62.6021,1.199],[-82.212,62.5984,0.0],[-82.2063,62.5979,0.0],[-82.2021,62.6,1.5987],[-82.1875,62.6,0.0],[-82.1833,62.6021,2.2637],[-82.1792,62.6021,3.8238],[-82.175,62.6,0.0],[-82.1708,62.6021,1.331],[-82.1583,62.6021,0.0],[-82.1542,62.6042,0.7442],[-82.1401,62.6047,0.0],[-82.1359,62.6068,0.0],[-82.137,62.6099,7.2605],[-82.1297,62.6109,0.0],[-82.1193,62.6172,0.0],[-82.1141,62.6266,22.1351],[-82.1088,62.6276,0.0],[-82.1057,62.6328,5.695],[-82.0984,62.6339,0.0],[-82.0932,62.6432,2.9591],[-82.0839,62.6422,0.0],[-82.0787,62.6516,4.4596],[-82.0734,62.6526,0.0],[-82.0661,62.6578,2.6629],[-82.0589,62.6589,0.0],[-82.0516,62.6641,34.8217],[-82.0417,62.6646,0.0],[-82.0333,62.6688,0.0],[-82.0276,62.6672,0.0],[-82.0286,62.6724,17.6945],[-82.0214,62.6714,1.417],[-82.013,62.6755,4.6203],[-82.0036,62.6828,0.0],[-81.9964,62.6839,0.0],[-81.9828,62.6932,1.4521],[-81.9755,62.6964,0.0],[-81.9766,62.6995,8.9764],[-81.9651,62.7005,0.0],[-81.9661,62.7036,0.0],[-81.963,62.7047,0.0],[-81.9641,62.7078,3.8949],[-81.9583,62.7083,0.0],[-81.9526,62.7109,0.0],[-81.9537,62.7141,0.0],[-81.9505,62.7151,0.0],[-81.9516,62.7182,1.8269],[-81.9458,62.7208,0.0],[-81.9401,62.7214,0.0],[-81.9411,62.7245,0.0],[-81.938,62.7266,0.0],[-81.9516,62.7318,3.0413],[-81.9443,62.7359,0.0],[-81.9495,62.738,1.5],[-81.9463,62.7453,0.0],[-81.9495,62.7474,2.5],[-81.9443,62.7505,0.0],[-81.9453,62.7536,0.0],[-81.9422,62.7547,0.0],[-81.9437,62.7583,0.0],[-81.9417,62.7625,0.0],[-81.9495,62.7703,2.0],[-81.9443,62.7724,0.0],[-81.9474,62.7734,0.0],[-81.9526,62.7807,0.0],[-81.962,62.788,0.0],[-81.9661,62.7974,0.0],[-81.9589,62.7984,0.0],[-81.9599,62.8016,0.0],[-81.9547,62.8047,0.0],[-81.9537,62.8078,0.0],[-81.9401,62.813,0.0],[-81.9411,62.8161,2.6535],[-81.938,62.8172,0.0],[-81.9359,62.8203,0.0],[-81.9411,62.8224,2.1167],[-81.9354,62.825,0.0],[-81.9297,62.8255,0.0],[-81.9307,62.8286,4.5117],[-81.9276,62.8297,0.0],[-81.9292,62.8312,0.3621],[-81.9396,62.8312,0.0],[-81.9437,62.8292,0.0],[-81.9479,62.8292,0.0],[-81.9495,62.8307,0.0],[-81.9474,62.8328,0.0],[-81.9417,62.8333,0.0],[-81.9359,62.8359,0.0],[-81.937,62.8411,0.0],[-81.9318,62.8453,1.7872],[-81.937,62.8474,5.8089],[-81.9213,62.8505,0.0],[-81.9224,62.8536,3.039],[-81.9208,62.8542,2.947],[-81.9151,62.8526,0.0],[-81.9151,62.8557,0.0],[-81.9203,62.8568,1.0612],[-81.9172,62.8589,0.0],[-81.9182,62.862,4.5885],[-81.9151,62.8641,0.2339],[-81.9203,62.8724,4.6691],[-81.9146,62.8729,0.0],[-81.9089,62.8755,0.0],[-81.9099,62.8786,0.0],[-81.9068,62.8807,0.0],[-81.9099,62.8849,4.1742],[-81.9026,62.8859,0.0],[-81.9078,62.8891,7.0322],[-81.8964,62.8901,0.0],[-81.9016,62.8953,0.0],[-81.8958,62.8979,0.0],[-81.8901,62.8964,0.0],[-81.8859,62.8984,0.0],[-81.887,62.9016,17.3898],[-81.8797,62.9026,0.0],[-81.8807,62.9057,8.6317],[-81.875,62.9083,0.0],[-81.8693,62.9089,0.0],[-81.8667,62.9125,0.0],[-81.8714,62.9182,0.0],[-81.8776,62.9224,8.1222],[-81.8828,62.9234,21.0938],[-81.8859,62.9286,0.0],[-81.8938,62.9313,0.0],[-81.9016,62.9318,1.0414],[-81.9036,62.937,0.0],[-81.9005,62.9391,0.0],[-81.9026,62.9411,13.8009],[-81.9208,62.9437,19.4085],[-81.925,62.9458,0.0],[-81.9292,62.9437,96.1083],[-81.9437,62.9437,127.9626],[-81.9479,62.9458,87.0178],[-81.9583,62.9458,0.0],[-81.9599,62.9453,0.0],[-81.9589,62.9422,47.934],[-81.9604,62.9417,79.3492],[-81.975,62.9417,8.713],[-81.9776,62.9453,0.0],[-81.9828,62.9464,111.3248],[-81.9875,62.95,24.2143],[-81.9917,62.9479,125.7324],[-82.0042,62.9479,0.0],[-82.0125,62.9437,120.3793],[-82.0188,62.9479,21.8603],[-82.0292,62.9479,2.6327],[-82.0333,62.95,0.0],[-82.0479,62.95,37.3535],[-82.0583,62.9542,33.1123],[-82.0729,62.9542,35.759],[-82.0771,62.9562,1.6248],[-82.0833,62.9562,18.2985],[-82.1062,62.9646,0.0],[-82.1125,62.9646,21.8139],[-82.1167,62.9667,15.7687],[-82.1312,62.9667,46.8296],[-82.1328,62.9672,29.9354],[-82.1318,62.9703,0.0],[-82.1438,62.9708,32.2123],[-82.1557,62.9755,0.0],[-82.1589,62.9786,9.6584],[-82.1729,62.9833,0.0],[-82.1833,62.9833,21.2331],[-82.1875,62.9854,19.7665],[-82.2146,62.9854,0.0],[-82.2187,62.9833,0.0],[-82.225,62.9833,0.0]]],
[[[-83.4089,62.7078,15.5916],[-83.4104,62.7083,15.8619],[-83.412,62.7068,15.1204],[-83.4104,62.7062,15.2368],[-83.4089,62.7078,15.5916]]],
[[[-83.3625,62.7042,20.0172],[-83.3542,62.7042,21.7705],[-83.3526,62.7057,22.1823],[-83.3625,62.7104,20.3116],[-83.3641,62.7099,20.3116],[-83.363,62.7068,20.0835],[-83.3661,62.7047,20.1516],[-83.3625,62.7042,20.0172]]],
[[[-83.4172,62.7411,10.9908],[-83.4203,62.7411,10.6102],[-83.4203,62.7401,10.671],[-83.4187,62.7396,10.9335],[-83.4172,62.7411,10.9908]]],
[[[-83.3693,62.7516,13.176],[-83.3708,62.7521,13.089],[-83.3724,62.7505,12.7412],[-83.3693,62.7505,12.6946],[-83.3693,62.7516,13.176]]],
[[[-83.3213,62.762,15.3946],[-83.3229,62.7625,15.4951],[-83.3245,62.7609,15.4589],[-83.3229,62.7604,15.6026],[-83.3213,62.762,15.3946]]],
[[[-83.2505,62.7786,16.6862],[-83.2536,62.7786,17.0025],[-83.2536,62.7776,16.8813],[-83.2521,62.7771,16.7367],[-83.2505,62.7786,16.6862]]],
[[[-83.2526,62.7828,16.9875],[-83.2542,62.7833,16.4345],[-83.2557,62.7818,16.3466],[-83.2526,62.7818,16.8972],[-83.2526,62.7828,16.9875]]],
[[[-83.1057,62.8536,1.0571],[-83.1042,62.8521,0.6771],[-83.1005,62.8526,0.4978],[-83.1021,62.8542,0.5983],[-83.1057,62.8536,1.0571]]],
[[[-83.2141,62.8651,7.6315],[-83.2167,62.8667,8.2009],[-83.2224,62.8661,10.3778],[-83.2203,62.8609,11.3763],[-83.2187,62.8604,11.6998],[-83.2109,62.8609,7.5064],[-83.2141,62.8651,7.6315]]],
[[[-83.1443,62.8641,0.5537],[-83.1474,62.8641,0.9838],[-83.1474,62.863,0.9532],[-83.1458,62.8625,0.8493],[-83.1443,62.8641,0.5537]]],
[[[-83.1651,62.8661,2.4363],[-83.1682,62.8661,2.769],[-83.1682,62.8651,2.6396],[-83.1651,62.8651,2.493],[-83.1651,62.8661,2.4363]]],
[[[-83.1658,62.868899999999996,1.3882],[-83.1625,62.8667,1.6532],[-83.1568,62.8672,1.9396],[-83.162,62.8693,1.2299],[-83.1646,62.8729,0.4357],[-83.1667,62.8708,1.4942],[-83.1658,62.868899999999996,1.3882]]],
[[[-83.4604,62.8729,0.9669],[-83.4583,62.8708,0.6369],[-83.4563,62.8729,1.2753],[-83.4583,62.875,1.2092],[-83.4604,62.8729,0.9669]]],
[[[-83.1776,62.8714,2.6231],[-83.1734,62.8745,2.0658],[-83.1755,62.8766,1.3667],[-83.1807,62.8776,1.4793],[-83.1776,62.8797,1.3408],[-83.1797,62.8828,1.6127],[-83.1958,62.8833,4.0656],[-83.1995,62.8807,5.0655],[-83.1917,62.8771,3.3725],[-83.1839,62.8766,2.7101],[-83.1807,62.8714,2.9957],[-83.1776,62.8714,2.6231]]],
[[[-83.2495,62.8786,11.2259],[-83.2479,62.8771,10.0],[-83.2443,62.8776,10.0],[-83.2458,62.8792,10.0],[-83.2495,62.8786,11.2259]]],
[[[-83.1755,62.8901,1.2489],[-83.1771,62.8917,1.6417],[-83.1813,62.8917,2.3195],[-83.1833,62.8896,2.4368],[-83.1792,62.8854,2.1656],[-83.1776,62.8859,2.0526],[-83.1786,62.8891,1.7445],[-83.1755,62.8901,1.2489]]],
[[[-83.1995,62.9078,5.2836],[-83.2021,62.9063,5.4728],[-83.2083,62.9104,5.4491],[-83.2161,62.9109,6.6583],[-83.2187,62.9146,3.8095],[-83.2292,62.9146,3.9193],[-83.2411,62.9078,7.4305],[-83.2401,62.9047,9.88],[-83.2411,62.9026,9.771],[-83.2318,62.9016,10.8215],[-83.2297,62.8964,9.9863],[-83.2458,62.8958,13.1826],[-83.25,62.8979,10.7154],[-83.2516,62.8964,12.5558],[-83.2495,62.8922,12.6461],[-83.2443,62.8911,11.9663],[-83.2411,62.888,11.1532],[-83.2276,62.887,10.1867],[-83.2307,62.8839,11.4063],[-83.2276,62.8797,11.7465],[-83.2375,62.8792,10.0],[-83.2391,62.8776,10.0],[-83.2312,62.875,10.1026],[-83.2234,62.8745,9.2941],[-83.2266,62.8714,10.7983],[-83.2229,62.8688,8.0227],[-83.2187,62.8688,7.728],[-83.213,62.8714,6.6602],[-83.2099,62.8766,5.5977],[-83.2047,62.8776,5.4728],[-83.2042,62.8792,5.6335],[-83.2089,62.887,6.6423],[-83.2141,62.888,6.7385],[-83.213,62.8911,6.6618],[-83.2161,62.8932,7.5144],[-83.2104,62.8937,6.4942],[-83.2063,62.8917,6.3015],[-83.2021,62.8917,6.3982],[-83.2,62.8937,5.7029],[-83.2005,62.8953,3.2562],[-83.212,62.8984,6.8837],[-83.2141,62.9016,6.5],[-83.2083,62.9042,7.081],[-83.2047,62.9016,6.5],[-83.2037,62.8984,5.1971],[-83.2,62.8979,4.2457],[-83.1963,62.9005,3.8905],[-83.1953,62.9036,3.6489],[-83.1901,62.9047,3.2713],[-83.1995,62.9078,5.2836]]],
[[[-83.1776,62.9099,2.787],[-83.1828,62.9099,2.219],[-83.1849,62.9078,2.7331],[-83.1849,62.9047,3.2949],[-83.1755,62.9047,2.1978],[-83.1776,62.9099,2.787]]],
[[[-83.1882,62.9122,1.7094],[-83.1917,62.9146,2.3619],[-83.1967,62.9143,4.1989],[-83.1979,62.9125,4.9031],[-83.1958,62.9104,3.6568],[-83.1896,62.9104,3.3361],[-83.1882,62.9122,1.7094]]],
[[[-83.201,62.9167,3.6562],[-83.1984,62.9182,1.2399],[-83.2057,62.9182,3.5683],[-83.2042,62.9167,4.2619],[-83.201,62.9167,3.6562]]],
[[[-82.5276,62.9432,0.0],[-82.5292,62.9437,0.0],[-82.5307,62.9422,0.0],[-82.5292,62.9417,0.0],[-82.5276,62.9432,0.0]]],
[[[-82.6475,62.9439,0.0],[-82.6464,62.9453,0.0],[-82.6479,62.9458,0.0],[-82.6557,62.9453,0.0],[-82.6542,62.9437,0.0],[-82.6475,62.9439,0.0]]],
[[[-82.4339,62.9703,0.0],[-82.4354,62.9708,0.0],[-82.437,62.9693,0.0],[-82.4339,62.9693,0.0],[-82.4339,62.9703,0.0]]],
[[[-82.4213,62.9891,0.0],[-82.4266,62.9891,0.0],[-82.4255,62.9859,0.0],[-82.4286,62.9839,0.0],[-82.4193,62.9839,0.0],[-82.4213,62.9891,0.0]]],
[[[-82.4651,62.9911,0.0],[-82.4682,62.9911,0.0],[-82.4682,62.9901,0.0],[-82.4651,62.9901,0.0],[-82.4651,62.9911,0.0]]],
[[[-82.4609,62.9932,0.0],[-82.4625,62.9938,0.0],[-82.4641,62.9922,0.0],[-82.4625,62.9917,0.0],[-82.4609,62.9932,0.0]]],
[[[-81.938,62.7391,0.0],[-81.9396,62.7396,0.0],[-81.9411,62.738,0.0],[-81.9396,62.7375,0.0],[-81.938,62.7391,0.0]]],
[[[-81.9354,62.7521,0.0],[-81.9333,62.75,0.0],[-81.9313,62.7521,0.0],[-81.9333,62.7542,0.0],[-81.9354,62.7521,0.0]]],
[[[-81.6359,63.5661,0.0],[-81.6375,63.5667,3.5845],[-81.6391,63.5651,0.0],[-81.6359,63.5651,0.0],[-81.6359,63.5661,0.0]]],
[[[-81.8609,63.6266,3.5336],[-81.8625,63.6271,2.9734],[-81.8641,63.6255,2.9638],[-81.8609,63.6255,2.8725],[-81.8609,63.6266,3.5336]]],
[[[-80.9755,63.4464,0.0],[-80.9771,63.4479,2.7703],[-80.9812,63.4479,4.3384],[-80.987,63.4443,0.0],[-80.9812,63.4437,0.0],[-80.9755,63.4464,0.0]]],
[[[-81.0536,63.4464,0.3866],[-81.0458,63.4458,1.8148],[-81.0443,63.4474,1.0],[-81.0495,63.4484,2.0515],[-81.0484,63.4516,1.0],[-81.05,63.4521,1.0],[-81.0599,63.4516,1.0403],[-81.0547,63.4495,1.1926],[-81.0536,63.4464,0.3866]]],
[[[-80.9609,63.4526,6.3281],[-80.9646,63.45,3.1382],[-80.9729,63.45,5.9441],[-80.9745,63.4484,4.0218],[-80.9604,63.4479,0.0],[-80.9422,63.4557,3.4078],[-80.9458,63.4583,7.9319],[-80.95,63.4583,9.8449],[-80.9609,63.4526,6.3281]]],
[[[-80.9901,63.4568,16.1056],[-80.9917,63.4583,16.3735],[-81.0036,63.4578,13.4163],[-81.0021,63.4562,10.0],[-80.9901,63.4568,16.1056]]],
[[[-81.1713,63.4641,0.0],[-81.1745,63.4641,0.0],[-81.1745,63.463,0.0],[-81.1713,63.463,0.0],[-81.1713,63.4641,0.0]]],
[[[-80.8896,63.5229,0.0],[-80.8833,63.525,0.0],[-80.8792,63.5229,0.0],[-80.8755,63.5245,0.0],[-80.8792,63.5292,4.1265],[-80.8896,63.5292,8.9117],[-80.8953,63.5266,5.3112],[-80.8932,63.5234,0.0],[-80.8896,63.5229,0.0]]],
[[[-80.8583,63.5271,4.2992],[-80.8562,63.525,0.0],[-80.8542,63.5271,3.9368],[-80.8562,63.5292,9.739],[-80.8583,63.5271,4.2992]]],
[[[-80.8422,63.5286,2.7104],[-80.8453,63.5286,3.5764],[-80.8453,63.5276,1.5354],[-80.8437,63.5271,1.5354],[-80.8422,63.5286,2.7104]]],
[[[-80.8818,63.5349,11.7337],[-80.8833,63.5354,12.7831],[-80.8849,63.5339,11.5934],[-80.8818,63.5339,11.3046],[-80.8818,63.5349,11.7337]]],
[[[-80.8005,63.5536,0.0],[-80.8036,63.5536,0.0],[-80.8036,63.5526,0.0],[-80.8005,63.5526,0.0],[-80.8005,63.5536,0.0]]],
[[[-80.7047,63.5911,0.0],[-80.7078,63.5911,0.0],[-80.7078,63.5901,0.0],[-80.7063,63.5896,0.0],[-80.7047,63.5911,0.0]]],
[[[-80.6979,63.5917,0.0],[-80.6963,63.5932,0.0],[-80.6984,63.5953,4.7457],[-80.7016,63.5953,7.7628],[-80.7016,63.5943,5.7763],[-80.6979,63.5917,0.0]]],
[[[-82.7266,62.9724,2.1242],[-82.7349,62.9703,1.75],[-82.7391,62.9672,0.7477],[-82.7312,62.9667,0.8603],[-82.7187,62.9708,1.5279],[-82.7089,62.9714,0.0],[-82.6995,62.9786,0.0],[-82.6922,62.9797,0.0],[-82.6932,62.9828,5.3597],[-82.6859,62.9839,0.0],[-82.6745,62.9911,0.0],[-82.6672,62.9922,0.0],[-82.6578,62.9995,6.3136],[-82.6495,63.0036,0.0],[-82.6443,63.0047,0.0],[-82.637,63.0099,4.7747],[-82.6312,63.0104,0.0],[-82.6255,63.013,0.0],[-82.6266,63.0161,5.194],[-82.6193,63.0172,0.0],[-82.6203,63.0203,2.2928],[-82.6141,63.0245,1.2424],[-82.6068,63.0255,0.0],[-82.6057,63.0286,3.7402],[-82.6005,63.0307,1.7264],[-82.6062,63.0333,10.439],[-82.6125,63.0333,4.7488],[-82.6229,63.0271,1.8625],[-82.6328,63.0266,0.0],[-82.6401,63.0214,8.0725],[-82.6495,63.0182,5.8613],[-82.6505,63.0151,10.0195],[-82.6578,63.0141,4.5061],[-82.6609,63.0109,5.6731],[-82.6667,63.0104,4.7273],[-82.6786,63.0057,0.0],[-82.6828,63.0036,0.0],[-82.688,62.9964,5.0315],[-82.7021,62.9938,0.0],[-82.7078,62.9911,0.3771],[-82.7068,62.988,5.18],[-82.7104,62.9854,6.0603],[-82.7161,62.9849,2.6876],[-82.7172,62.9818,5.948],[-82.7224,62.9807,2.3091],[-82.7266,62.9724,2.1242]]],
[[[-82.4255,63.6724,0.0],[-82.4271,63.6729,2.8098],[-82.4286,63.6714,3.1727],[-82.4271,63.6708,2.1156],[-82.4255,63.6724,0.0]]],
[[[-82.4708,63.6958,0.0],[-82.4667,63.6958,1.5036],[-82.4651,63.6974,1.4745],[-82.4724,63.6974,0.0],[-82.4708,63.6958,0.0]]],
[[[-82.4458,63.7083,3.4085],[-82.4417,63.7062,1.5],[-82.4339,63.7068,5.4833],[-82.4437,63.7125,6.7731],[-82.4479,63.7125,5.7269],[-82.4537,63.7099,4.1902],[-82.4521,63.7083,3.9357],[-82.4458,63.7083,3.4085]]],
[[[-82.2963,63.6682,2.66],[-82.2979,63.6688,3.3952],[-82.2995,63.6672,3.1473],[-82.2979,63.6667,0.0],[-82.2963,63.6682,2.66]]],
[[[-82.2797,63.6724,2.7914],[-82.2812,63.6729,2.6979],[-82.2828,63.6714,2.7141],[-82.2812,63.6708,2.0275],[-82.2797,63.6724,2.7914]]],
[[[-82.2255,63.6745,0.0],[-82.2286,63.6745,1.4689],[-82.2286,63.6734,0.0],[-82.2255,63.6734,0.0],[-82.2255,63.6745,0.0]]],
[[[-82.2214,63.6766,2.4765],[-82.2229,63.6771,1.0],[-82.2245,63.6755,2.9511],[-82.2229,63.675,0.0],[-82.2214,63.6766,2.4765]]],
[[[-82.4589,63.7182,3.5],[-82.463,63.7224,6.9165],[-82.4708,63.7229,4.1547],[-82.4755,63.7266,6.8029],[-82.4812,63.7271,5.3532],[-82.4828,63.7255,2.5],[-82.4776,63.7245,2.5],[-82.4755,63.7193,2.5],[-82.4828,63.7182,2.5],[-82.4818,63.7151,2.0],[-82.4875,63.7146,2.0],[-82.4891,63.713,1.0],[-82.4812,63.7125,2.3227],[-82.4771,63.7104,0.0],[-82.463,63.7099,4.2146],[-82.462,63.7068,3.0665],[-82.4563,63.7021,1.5],[-82.4547,63.7036,3.3879],[-82.4599,63.7109,5.0084],[-82.4568,63.7141,3.5],[-82.462,63.7151,5.3561],[-82.4589,63.7182,3.5]]],
[[[-82.4922,63.7151,4.2164],[-82.4922,63.7182,2.5],[-82.4943,63.7203,2.5],[-82.5099,63.7245,1.5],[-82.5078,63.7193,2.3022],[-82.5036,63.7151,2.4471],[-82.4984,63.7141,3.5409],[-82.4974,63.7109,0.0],[-82.4943,63.7109,0.0],[-82.4922,63.7151,4.2164]]],
[[[-82.4318,63.7182,8.0019],[-82.4349,63.7182,7.6245],[-82.4349,63.7172,7.316],[-82.4333,63.7167,7.2175],[-82.4318,63.7182,8.0019]]],
[[[-82.5109,63.7516,1.5],[-82.5125,63.7521,2.3413],[-82.5141,63.7505,0.7838],[-82.5109,63.7505,1.5],[-82.5109,63.7516,1.5]]],
[[[-82.2495,63.6776,1.5],[-82.2458,63.675,1.9477],[-82.2401,63.6755,1.3242],[-82.2479,63.6792,2.0],[-82.2495,63.6776,1.5]]],
[[[-82.3026,63.8453,1.0],[-82.3042,63.8458,1.0],[-82.3057,63.8443,1.2257],[-82.3026,63.8443,1.9981],[-82.3026,63.8453,1.0]]],
[[[-82.2662,63.8474,6.3258],[-82.2646,63.8458,6.9819],[-82.2609,63.8464,7.2829],[-82.2625,63.8479,7.4939],[-82.2662,63.8474,6.3258]]],
[[[-82.1901,63.8536,10.7745],[-82.1932,63.8536,10.8994],[-82.1932,63.8526,10.7805],[-82.1901,63.8526,10.9757],[-82.1901,63.8536,10.7745]]],
[[[-83.6937,62.5854,5.6434],[-83.6875,62.5854,6.4784],[-83.6859,62.587,6.2728],[-83.6953,62.5901,3.4044],[-83.6943,62.5932,4.3848],[-83.6958,62.5938,1.0677],[-83.7037,62.5891,2.3932],[-83.7037,62.588,2.6181],[-83.6937,62.5854,5.6434]]],
[[[-83.6833,62.5917,5.0084],[-83.6797,62.5932,5.7064],[-83.6891,62.5932,4.6523],[-83.6875,62.5917,5.019],[-83.6833,62.5917,5.0084]]],
[[[-83.6901,62.5953,3.703],[-83.6917,62.5958,2.3897],[-83.6932,62.5943,4.761],[-83.6901,62.5943,3.9303],[-83.6901,62.5953,3.703]]],
[[[-83.6609,62.5974,7.0868],[-83.6625,62.5979,7.0868],[-83.6641,62.5964,6.1755],[-83.6609,62.5964,7.3969],[-83.6609,62.5974,7.0868]]],
[[[-83.6568,62.6141,2.2116],[-83.6583,62.6146,2.0973],[-83.6599,62.613,2.1736],[-83.6583,62.6125,2.534],[-83.6568,62.6141,2.2116]]],
[[[-83.6729,62.6125,2.2524],[-83.6687,62.6125,2.4992],[-83.6672,62.6141,2.3154],[-83.6745,62.6141,2.142],[-83.6729,62.6125,2.2524]]],
[[[-83.6521,62.6458,2.3996],[-83.6505,62.6474,0.0],[-83.6557,62.6474,0.0],[-83.6578,62.6453,0.0],[-83.6578,62.6422,0.0],[-83.6526,62.6422,1.0],[-83.6536,62.6453,2.1246],[-83.6521,62.6458,2.3996]]],
[[[-83.6417,62.65,1.8736],[-83.6401,62.6516,1.56],[-83.6422,62.6536,1.802],[-83.6453,62.6536,2.385],[-83.6432,62.6505,1.3671],[-83.6417,62.65,1.8736]]],
[[[-83.6245,62.6641,2.4358],[-83.6229,62.6625,1.0],[-83.6109,62.6609,3.0801],[-83.613,62.6661,2.145],[-83.6146,62.6667,2.5475],[-83.6245,62.6641,2.4358]]],
[[[-83.6036,62.6776,1.9646],[-83.5958,62.675,2.5028],[-83.588,62.6755,2.0],[-83.5917,62.6792,1.3534],[-83.6021,62.6792,1.148],[-83.6036,62.6776,1.9646]]],
[[[-83.5609,62.6818,3.8879],[-83.5641,62.6797,3.6167],[-83.5563,62.6771,4.2641],[-83.5505,62.6797,5.6878],[-83.5516,62.6828,5.1119],[-83.5484,62.6849,5.0],[-83.5521,62.6875,2.8305],[-83.5609,62.6818,3.8879]]],
[[[-83.5193,62.6953,6.3911],[-83.5208,62.6958,6.307],[-83.5224,62.6943,6.3545],[-83.5208,62.6937,6.3112],[-83.5193,62.6953,6.3911]]],
[[[-83.5286,62.7109,4.7537],[-83.5271,62.7125,5.0969],[-83.5188,62.7125,4.0],[-83.5172,62.7141,5.1849],[-83.525,62.7167,4.8232],[-83.5411,62.7161,3.669],[-83.5474,62.712,3.2735],[-83.55,62.7083,3.2634],[-83.5479,62.7062,2.9077],[-83.5401,62.7057,3.4421],[-83.5422,62.7026,3.3969],[-83.5495,62.7016,2.759],[-83.5526,62.6984,2.6681],[-83.5661,62.6932,1.0926],[-83.5703,62.6901,1.1782],[-83.5661,62.6859,2.9627],[-83.5604,62.6854,2.0],[-83.5589,62.6859,2.0],[-83.5599,62.6891,3.0545],[-83.5568,62.6901,3.5092],[-83.5578,62.6932,2.863],[-83.5458,62.6937,3.6325],[-83.5443,62.6922,3.2413],[-83.5474,62.6911,3.3464],[-83.5495,62.688,3.2733],[-83.5437,62.6875,5.7885],[-83.5349,62.6932,5.6477],[-83.5276,62.6943,6.049],[-83.5203,62.6995,6.1274],[-83.5088,62.7005,6.5368],[-83.5109,62.7036,5.9038],[-83.5188,62.7042,4.6786],[-83.5229,62.7062,4.5473],[-83.5328,62.7047,4.0654],[-83.5307,62.7078,4.3232],[-83.5276,62.7089,4.47],[-83.5286,62.7109,4.7537]]],
[[[-83.5109,62.7099,5.443],[-83.5141,62.7099,5.2858],[-83.5141,62.7089,5.2326],[-83.5109,62.7089,5.3685],[-83.5109,62.7099,5.443]]],
[[[-83.563,62.7047,2.1792],[-83.562,62.7078,2.3315],[-83.5526,62.7109,2.9585],[-83.5536,62.7161,2.8396],[-83.5484,62.7172,3.474],[-83.5443,62.7203,4.2518],[-83.5516,62.7203,3.026],[-83.5604,62.7146,2.4298],[-83.5724,62.7161,1.2038],[-83.5651,62.7089,1.8388],[-83.5708,62.7104,0.8968],[-83.5724,62.7099,0.0],[-83.5724,62.7068,0.0],[-83.5667,62.7021,1.3791],[-83.563,62.7047,2.1792]]],
[[[-83.5068,62.712,6.0396],[-83.5083,62.7125,6.0793],[-83.5099,62.7109,5.8079],[-83.5083,62.7104,5.4953],[-83.5068,62.712,6.0396]]],
[[[-83.3828,62.7099,17.9722],[-83.3812,62.7083,18.7854],[-83.3776,62.7089,18.398],[-83.3792,62.7104,18.0574],[-83.3828,62.7099,17.9722]]],
[[[-83.4453,62.7151,12.2571],[-83.4479,62.7167,11.3865],[-83.4578,62.713,11.6452],[-83.4458,62.7125,12.449],[-83.4443,62.713,12.6155],[-83.4453,62.7151,12.2571]]],
[[[-83.4854,62.7146,7.1003],[-83.4818,62.7151,7.5975],[-83.4755,62.7203,8.8333],[-83.4833,62.7229,8.1321],[-83.4875,62.7208,7.5877],[-83.4958,62.7208,7.141],[-83.4974,62.7193,6.0],[-83.4922,62.7172,6.8607],[-83.4995,62.7161,6.7293],[-83.5036,62.713,5.5],[-83.4917,62.7125,6.5646],[-83.4854,62.7146,7.1003]]],
[[[-83.4234,62.7307,11.0157],[-83.425,62.7313,10.8249],[-83.4266,62.7297,10.7238],[-83.425,62.7292,10.8956],[-83.4234,62.7307,11.0157]]],
[[[-83.5151,62.7182,6.0753],[-83.5047,62.7151,6.7408],[-83.5088,62.7224,6.0],[-83.5125,62.725,7.1145],[-83.5203,62.7203,5.7401],[-83.5151,62.7182,6.0753]]],
[[[-83.5005,62.7224,6.0],[-83.5021,62.7229,6.0],[-83.5036,62.7214,6.0],[-83.5005,62.7214,6.0],[-83.5005,62.7224,6.0]]],
[[[-83.4964,62.7245,7.2264],[-83.4979,62.725,7.2363],[-83.4995,62.7234,6.0],[-83.4979,62.7229,7.2923],[-83.4964,62.7245,7.2264]]],
[[[-83.5687,62.7687,2.0],[-83.5604,62.7687,3.5],[-83.5589,62.7703,4.742],[-83.5724,62.7724,0.6138],[-83.5687,62.7687,2.0]]],
[[[-83.9172,62.4641,8.8081],[-83.9203,62.4641,7.1736],[-83.9203,62.463,7.1883],[-83.9187,62.4625,8.905],[-83.9172,62.4641,8.8081]]],
[[[-83.9245,62.4682,5.3316],[-83.9229,62.4667,6.1484],[-83.9193,62.4672,6.6849],[-83.9208,62.4688,6.0394],[-83.9245,62.4682,5.3316]]],
[[[-83.9271,62.4688,5.3912],[-83.9255,62.4703,6.0384],[-83.9391,62.4714,3.8022],[-83.9458,62.4771,1.4595],[-83.9495,62.4734,1.1651],[-83.9443,62.4714,3.0],[-83.9516,62.4672,1.6465],[-83.9458,62.4625,2.3111],[-83.9443,62.463,2.5464],[-83.9453,62.4661,2.6368],[-83.9271,62.4688,5.3912]]],
[[[-84.1839,63.5547,0.0],[-84.1839,63.5578,0.0],[-84.1875,63.5583,0.0],[-84.1917,63.5542,0.0],[-84.1911,63.5526,0.0],[-84.1875,63.5521,0.0],[-84.1839,63.5547,0.0]]],
[[[-83.5479,62.8042,1.3193],[-83.5443,62.8057,2.6361],[-83.5479,62.8083,1.8093],[-83.55,62.8063,2.6928],[-83.5479,62.8042,1.3193]]],
[[[-83.5526,62.8099,0.0],[-83.5557,62.8099,0.0],[-83.5557,62.8089,0.0],[-83.5542,62.8083,0.0],[-83.5526,62.8099,0.0]]],
[[[-83.6839,63.2714,0.0],[-83.6818,63.2745,25.6675],[-83.6891,63.2724,22.6241],[-83.6875,63.2708,0.0],[-83.6839,63.2714,0.0]]],
[[[-83.8479,63.6479,0.0],[-83.8536,63.6474,0.0],[-83.8599,63.6422,0.0],[-83.8505,63.6422,0.0],[-83.8443,63.6464,0.0],[-83.8479,63.6479,0.0]]],
[[[-84.6271,63.2854,0.0],[-84.6229,63.2854,0.0],[-84.6214,63.287,0.0],[-84.6286,63.287,0.0],[-84.6271,63.2854,0.0]]],
[[[-84.4245,63.3755,0.0],[-84.4286,63.3766,0.0],[-84.4276,63.3734,0.0],[-84.4307,63.3714,0.0],[-84.4213,63.3714,0.0],[-84.4245,63.3755,0.0]]],
[[[-84.4229,63.3771,0.0],[-84.4213,63.3786,0.0],[-84.4234,63.3807,0.0],[-84.4266,63.3807,0.0],[-84.4245,63.3776,0.0],[-84.4229,63.3771,0.0]]],
[[[-84.4589,63.3849,1.9309],[-84.4609,63.387,2.0394],[-84.4641,63.387,1.9062],[-84.462,63.3839,2.0959],[-84.4589,63.3849,1.9309]]],
[[[-84.3542,63.4479,0.0],[-84.3505,63.4495,0.0],[-84.3599,63.4495,0.0],[-84.3583,63.4479,0.0],[-84.3542,63.4479,0.0]]],
[[[-84.3672,63.4526,0.0],[-84.3651,63.4557,0.0],[-84.3724,63.4557,0.0],[-84.3724,63.4526,0.0],[-84.3672,63.4526,0.0]]],
[[[-84.4234,63.4661,0.0],[-84.4266,63.4661,0.0],[-84.4266,63.4651,0.0],[-84.425,63.4646,0.0],[-84.4234,63.4661,0.0]]],
[[[-84.2521,63.5563,0.0],[-84.2505,63.5578,0.0],[-84.2526,63.5599,0.0],[-84.2557,63.5599,0.0],[-84.2536,63.5568,0.0],[-84.2521,63.5563,0.0]]],
[[[-84.25,63.5604,0.0],[-84.2464,63.5641,0.0],[-84.2495,63.5641,0.0],[-84.2516,63.562,0.0],[-84.25,63.5604,0.0]]],
[[[-84.312,63.5661,0.0],[-84.3104,63.5646,0.0],[-84.3068,63.5651,0.0],[-84.3083,63.5667,0.0],[-84.312,63.5661,0.0]]],
[[[-84.2411,63.5661,0.0],[-84.238,63.5682,0.0],[-84.2432,63.5682,0.0],[-84.2453,63.5651,0.0],[-84.2438,63.5646,0.0],[-84.2411,63.5661,0.0]]],
[[[-84.2625,63.5646,0.0],[-84.2609,63.5661,0.0],[-84.2646,63.5687,0.0],[-84.2682,63.5661,0.0],[-84.2667,63.5646,0.0],[-84.2625,63.5646,0.0]]],
[[[-84.1396,63.5625,0.0],[-84.138,63.5641,0.0],[-84.1401,63.5661,0.0],[-84.1432,63.5661,0.0],[-84.1412,63.563,0.0],[-84.1396,63.5625,0.0]]],
[[[-84.1271,63.5771,0.0],[-84.1307,63.5766,0.0],[-84.1349,63.5672,0.0],[-84.1276,63.5693,0.0],[-84.1286,63.5724,0.0],[-84.1234,63.5755,0.0],[-84.1271,63.5771,0.0]]],
[[[-84.2245,63.5745,0.0],[-84.2229,63.5729,0.0],[-84.2193,63.5734,0.0],[-84.2208,63.575,0.0],[-84.2245,63.5745,0.0]]],
[[[-84.1401,63.5745,0.0],[-84.1417,63.575,0.0],[-84.1432,63.5734,0.0],[-84.1417,63.5729,0.0],[-84.1401,63.5745,0.0]]],
[[[-84.0505,63.5797,0.0],[-84.0521,63.5812,0.0],[-84.0583,63.5812,0.0],[-84.062,63.5776,0.0],[-84.0604,63.5771,0.0],[-84.0505,63.5797,0.0]]],
[[[-84.1167,63.5771,0.0],[-84.1151,63.5786,0.0],[-84.1172,63.5807,0.0],[-84.1203,63.5807,0.0],[-84.1203,63.5797,0.0],[-84.1167,63.5771,0.0]]],
[[[-84.1349,63.5807,0.0],[-84.1234,63.5849,0.0],[-84.1286,63.5859,0.0],[-84.1333,63.5896,0.0],[-84.1412,63.5849,0.0],[-84.1438,63.5792,0.0],[-84.1432,63.5776,0.0],[-84.1396,63.5771,0.0],[-84.1349,63.5807,0.0]]],
[[[-84.0328,63.5818,0.0],[-84.0297,63.5818,0.0],[-84.0255,63.5849,0.0],[-84.0437,63.5875,0.0],[-84.0495,63.5849,0.0],[-84.0458,63.5812,0.0],[-84.0417,63.5833,0.0],[-84.0354,63.5833,0.0],[-84.0328,63.5818,0.0]]],
[[[-84.1818,63.587,0.0],[-84.1833,63.5875,0.0],[-84.1849,63.5859,0.0],[-84.1833,63.5854,0.0],[-84.1818,63.587,0.0]]],
[[[-84.2208,63.5854,0.0],[-84.2193,63.587,0.0],[-84.2214,63.5891,0.0],[-84.2245,63.5891,0.0],[-84.2224,63.5859,0.0],[-84.2208,63.5854,0.0]]],
[[[-84.1609,63.5901,0.0],[-84.1589,63.5932,0.0],[-84.1661,63.5932,0.0],[-84.1661,63.5901,0.0],[-84.1609,63.5901,0.0]]],
[[[-84.0172,63.5974,0.0],[-84.0188,63.5979,0.0],[-84.0203,63.5964,0.0],[-84.0172,63.5964,0.0],[-84.0172,63.5974,0.0]]],
[[[-83.9901,63.5995,0.0],[-83.9917,63.6,0.0],[-83.9932,63.5984,0.0],[-83.9917,63.5979,0.0],[-83.9901,63.5995,0.0]]],
[[[-84.0214,63.5901,0.0],[-84.0172,63.5932,0.0],[-84.0286,63.5964,0.0],[-84.0307,63.5995,0.0],[-84.0193,63.6068,0.0],[-84.0193,63.6099,0.0],[-84.0208,63.6104,0.0],[-84.0328,63.6078,0.0],[-84.0318,63.6047,0.0],[-84.0391,63.6036,0.0],[-84.038,63.6005,0.0],[-84.0432,63.5974,0.0],[-84.0229,63.5896,0.0],[-84.0214,63.5901,0.0]]],
[[[-83.9875,63.6,0.0],[-83.9859,63.6016,0.0],[-83.988,63.6036,0.0],[-83.9911,63.6036,0.0],[-83.9911,63.6026,0.0],[-83.9875,63.6,0.0]]],
[[[-83.8776,63.6057,0.0],[-83.8792,63.6063,0.0],[-83.8807,63.6047,0.0],[-83.8792,63.6042,0.0],[-83.8776,63.6057,0.0]]],
[[[-84.0021,63.6042,0.0],[-84.0016,63.6057,0.0],[-83.9964,63.6068,0.0],[-83.9943,63.612,0.0],[-84.0021,63.6146,0.0],[-84.0078,63.6141,0.0],[-84.0068,63.6109,0.0],[-84.0141,63.6078,0.0],[-84.0088,63.6047,0.0],[-84.0141,63.6016,0.0],[-84.0162,63.5984,0.0],[-84.0026,63.6026,0.0],[-84.0021,63.6042,0.0]]],
[[[-84.1896,63.6125,0.0],[-84.1974,63.6099,0.0],[-84.1953,63.6047,0.0],[-84.1901,63.6047,0.0],[-84.1839,63.6089,0.0],[-84.1859,63.612,0.0],[-84.1896,63.6125,0.0]]],
[[[-83.8833,63.6125,0.0],[-83.8891,63.612,0.0],[-83.888,63.6089,0.0],[-83.8912,63.6068,0.0],[-83.8838,63.6068,0.0],[-83.8818,63.6109,0.0],[-83.8833,63.6125,0.0]]],
[[[-83.9495,63.6161,0.0],[-83.9479,63.6146,0.0],[-83.9443,63.6151,0.0],[-83.9458,63.6167,0.0],[-83.9495,63.6161,0.0]]],
[[[-80.6932,63.5943,0.0],[-80.6854,63.5938,0.0],[-80.6839,63.5953,0.0],[-80.6891,63.5964,0.0],[-80.6859,63.5995,0.0],[-80.6896,63.6021,8.058],[-80.6953,63.5995,6.2885],[-80.6932,63.5943,0.0]]],
[[[-80.6734,63.6068,0.0],[-80.6766,63.6078,3.5633],[-80.6828,63.6026,0.0],[-80.6755,63.6026,0.0],[-80.6734,63.6068,0.0]]],
[[[-80.5255,63.6057,0.0],[-80.5271,63.6063,0.0],[-80.5286,63.6047,0.0],[-80.5271,63.6042,0.0],[-80.5255,63.6057,0.0]]],
[[[-80.6693,63.6099,1.939],[-80.6708,63.6104,4.4691],[-80.6724,63.6089,2.9252],[-80.6708,63.6083,0.0],[-80.6693,63.6099,1.939]]],
[[[-80.6599,63.612,0.0],[-80.6526,63.613,0.0],[-80.6484,63.6161,0.0],[-80.6542,63.6208,14.2196],[-80.6583,63.6188,8.2489],[-80.6625,63.6188,11.8861],[-80.6667,63.6208,15.3724],[-80.6729,63.6188,14.1862],[-80.6771,63.6208,21.4462],[-80.6813,63.6188,17.3815],[-80.6854,63.6208,23.9891],[-80.6891,63.6203,20.2054],[-80.6833,63.6146,11.6044],[-80.6687,63.6146,8.6059],[-80.6672,63.6141,8.8531],[-80.6682,63.6109,2.6837],[-80.6667,63.6104,1.0233],[-80.6599,63.612,0.0]]],
[[[-80.6453,63.6172,0.0],[-80.6375,63.6188,0.0],[-80.6333,63.6167,0.0],[-80.6245,63.6224,0.0],[-80.6146,63.6229,0.0],[-80.613,63.6245,0.0],[-80.6188,63.6271,5.2899],[-80.6292,63.6271,12.2655],[-80.6333,63.6229,2.5752],[-80.6432,63.6224,9.5677],[-80.6453,63.6203,6.4807],[-80.6453,63.6172,0.0]]],
[[[-80.6479,63.625,27.5],[-80.6438,63.625,28.6314],[-80.6422,63.6266,28.5208],[-80.6495,63.6266,30.7445],[-80.6479,63.625,27.5]]],
[[[-80.587,63.6328,3.6892],[-80.587,63.6297,0.0],[-80.5776,63.6297,0.0],[-80.5854,63.6333,4.2005],[-80.587,63.6328,3.6892]]],
[[[-80.5193,63.6661,0.0],[-80.5224,63.6661,0.0],[-80.5224,63.6651,0.0],[-80.5193,63.6651,0.0],[-80.5193,63.6661,0.0]]],
[[[-80.5047,63.6734,0.0],[-80.5083,63.6771,2.3583],[-80.5141,63.6745,11.2405],[-80.5125,63.6729,8.4242],[-80.5047,63.6734,0.0]]],
[[[-80.4651,63.6766,0.0],[-80.4667,63.6771,0.0],[-80.4682,63.6755,0.0],[-80.4667,63.675,0.0],[-80.4651,63.6766,0.0]]],
[[[-80.512,63.6797,4.6581],[-80.5104,63.6792,5.1029],[-80.5088,63.6807,0.0],[-80.5104,63.6813,2.6709],[-80.512,63.6797,4.6581]]],
[[[-80.4979,63.6979,0.0],[-80.4938,63.6979,0.0],[-80.4922,63.6995,1.9342],[-80.4995,63.6995,0.0],[-80.4979,63.6979,0.0]]],
[[[-80.1375,63.775,0.0],[-80.1333,63.775,0.0],[-80.1318,63.7766,5.2437],[-80.1391,63.7766,13.8507],[-80.1375,63.775,0.0]]],
[[[-80.8912,64.112,0.0],[-80.8938,64.1104,0.745],[-80.8984,64.1141,0.0],[-80.9062,64.1146,7.9696],[-80.9104,64.1167,1.6746],[-80.9333,64.1146,3.1968],[-80.9375,64.1167,0.0],[-80.9479,64.1167,4.5065],[-80.9537,64.1141,4.2468],[-80.9516,64.1109,7.7069],[-80.9474,64.1088,0.0],[-80.9359,64.1078,5.8939],[-80.9318,64.1016,7.143],[-80.9349,64.0984,0.0],[-80.9255,64.0974,22.6915],[-80.9234,64.0953,25.1053],[-80.9266,64.0932,9.7351],[-80.9245,64.088,0.0],[-80.9193,64.087,0.0],[-80.9109,64.0818,4.5045],[-80.9245,64.0807,0.0],[-80.9276,64.0755,0.0],[-80.9349,64.0745,0.0],[-80.9396,64.0708,1.2683],[-80.9458,64.0729,0.0],[-80.9516,64.0724,0.0],[-80.9578,64.0682,1.2054],[-80.9609,64.063,0.0],[-80.9641,64.062,1.7685],[-80.9651,64.0589,2.5478],[-80.975,64.0604,0.0],[-80.9771,64.0583,0.0],[-80.975,64.0542,0.0],[-80.9766,64.0484,2.233],[-80.963,64.0432,17.2354],[-80.962,64.0401,13.3342],[-80.9568,64.0391,16.5597],[-80.9526,64.0349,16.8934],[-80.9557,64.0318,11.6512],[-80.9474,64.0255,13.8782],[-80.938,64.0245,16.8192],[-80.9391,64.0193,11.2865],[-80.9339,64.0182,13.5353],[-80.9286,64.0109,3.53],[-80.9234,64.0099,8.2771],[-80.9266,64.0068,0.0],[-80.9151,64.0036,5.9865],[-80.9182,64.0005,0.0],[-80.9141,63.9943,0.0],[-80.9089,63.9932,1.9774],[-80.9068,63.9911,2.1108],[-80.9099,63.9891,1.6016],[-80.9068,63.9828,0.0],[-80.9099,63.9807,0.0],[-80.9089,63.9776,3.1325],[-80.9146,63.975,0.0],[-80.9203,63.9745,0.0],[-80.925,63.9708,0.0],[-80.9328,63.9714,0.0],[-80.9375,63.975,0.0],[-80.9432,63.9734,6.019],[-80.9417,63.9771,0.0],[-80.9437,63.9792,0.0],[-80.95,63.9771,0.0],[-80.9542,63.9792,0.0],[-80.9646,63.9792,0.0],[-80.9682,63.9818,0.0],[-80.9693,63.9849,0.0],[-80.9771,63.9875,0.0],[-80.9875,63.9875,0.0],[-80.9901,63.9839,0.0],[-80.9958,63.9833,4.0637],[-80.9974,63.9849,0.0],[-80.9943,63.987,0.0],[-80.9964,63.9891,0.0],[-81.0162,63.9922,2.0433],[-81.0182,63.9953,0.0],[-81.0151,63.9974,0.0],[-81.025,64.0,0.0],[-81.0266,63.9995,0.0],[-81.0255,63.9964,0.0],[-81.0271,63.9958,0.6179],[-81.0349,63.9984,0.0],[-81.038,64.0036,0.0],[-81.0458,64.0062,0.0],[-81.0521,64.0042,0.0],[-81.0563,64.0062,0.0],[-81.0641,64.0068,5.9542],[-81.0672,64.0099,0.0],[-81.0724,64.0109,5.4422],[-81.0693,64.0141,0.0],[-81.0745,64.0151,-0.271],[-81.0672,64.0203,0.0],[-81.075,64.0229,0.0],[-81.0813,64.0208,7.2527],[-81.0896,64.0208,19.7001],[-81.0937,64.0229,9.2132],[-81.1021,64.0229,11.4386],[-81.1125,64.0271,0.0],[-81.1141,64.0266,0.0],[-81.113,64.0214,8.146],[-81.1188,64.0208,10.5173],[-81.125,64.025,0.0],[-81.1349,64.0224,5.3128],[-81.1297,64.0203,13.7774],[-81.1276,64.0172,22.3308],[-81.1312,64.0167,26.7757],[-81.1354,64.0188,24.7648],[-81.1396,64.0167,32.5017],[-81.1438,64.0188,27.9497],[-81.1646,64.0188,31.8806],[-81.1687,64.0208,28.9173],[-81.1771,64.0208,38.3977],[-81.1786,64.0224,25.2771],[-81.1755,64.0245,12.5036],[-81.1792,64.0271,0.0],[-81.1833,64.025,12.2492],[-81.1875,64.025,18.0486],[-81.1917,64.0271,10.898],[-81.2016,64.0276,43.278],[-81.1922,64.0339,0.0],[-81.1937,64.0354,0.0],[-81.2167,64.0354,67.9136],[-81.2229,64.0333,105.5299],[-81.225,64.0354,85.9823],[-81.2234,64.0411,0.0],[-81.2375,64.0458,0.0],[-81.2438,64.0437,3.9474],[-81.2479,64.0458,1.2163],[-81.2521,64.0437,13.8442],[-81.2562,64.0458,0.0],[-81.2641,64.0463,0.0],[-81.2662,64.0495,0.0],[-81.2568,64.0547,0.0],[-81.2578,64.0578,8.2265],[-81.2547,64.0589,0.0],[-81.2568,64.062,1.4146],[-81.262,64.063,16.1812],[-81.263,64.0661,0.0],[-81.2708,64.0667,3.5052],[-81.275,64.0646,25.7572],[-81.2917,64.0708,65.9315],[-81.3021,64.0687,22.7699],[-81.3063,64.0708,0.0542],[-81.3146,64.0667,2.8582],[-81.3245,64.0661,1.761],[-81.3234,64.063,4.3517],[-81.325,64.0625,6.0464],[-81.3313,64.0625,1.222],[-81.3354,64.0646,1.4495],[-81.3542,64.0646,1.9781],[-81.3583,64.0625,3.2964],[-81.3646,64.0625,2.2463],[-81.3688,64.0646,-0.7085],[-81.3729,64.0646,0.1786],[-81.3755,64.0609,1.5401],[-81.3854,64.0583,1.4711],[-81.3896,64.0604,0.4995],[-81.4,64.0604,1.115],[-81.4099,64.0578,4.1446],[-81.412,64.0547,3.8557],[-81.4062,64.0563,4.0566],[-81.3958,64.0563,2.2164],[-81.3812,64.0521,4.4857],[-81.3667,64.0521,7.1539],[-81.3583,64.0563,4.6369],[-81.3542,64.0542,6.4503],[-81.3479,64.0563,4.971],[-81.3437,64.0542,8.4674],[-81.3333,64.0542,7.3788],[-81.3297,64.0505,9.475],[-81.3396,64.0479,8.8005],[-81.3542,64.0479,7.79],[-81.3583,64.0458,7.5986],[-81.3625,64.0458,6.8655],[-81.3745,64.0391,7.1139],[-81.3734,64.0359,9.4856],[-81.3792,64.0333,9.8732],[-81.3849,64.0328,9.2909],[-81.3838,64.0297,11.9901],[-81.3938,64.0271,12.6411],[-81.3979,64.0292,9.22],[-81.4021,64.025,13.585],[-81.4062,64.0271,8.776],[-81.4125,64.025,10.5412],[-81.4141,64.0266,9.2535],[-81.4109,64.0286,9.0906],[-81.4161,64.0307,6.0461],[-81.4104,64.0333,5.9346],[-81.3979,64.0333,7.603],[-81.3964,64.0349,6.6158],[-81.4057,64.0359,5.767],[-81.4026,64.0391,5.1785],[-81.412,64.0443,3.6235],[-81.4089,64.0463,4.1662],[-81.4109,64.0495,3.7452],[-81.4182,64.0484,3.5014],[-81.4234,64.0557,3.6678],[-81.4328,64.0568,1.1786],[-81.4349,64.0599,1.1062],[-81.4297,64.063,2.5132],[-81.4286,64.0661,2.1754],[-81.4213,64.0672,1.917],[-81.4266,64.0693,2.7766],[-81.4229,64.0729,3.567],[-81.4167,64.0729,9.3538],[-81.4125,64.0708,2.2289],[-81.3917,64.0708,0.0],[-81.3901,64.0724,0.0],[-81.3922,64.0745,-0.8122],[-81.3974,64.0755,1.9415],[-81.3922,64.0797,0.1159],[-81.3938,64.0813,2.604],[-81.4042,64.0813,0.6995],[-81.4083,64.0792,4.5163],[-81.4125,64.0792,2.1481],[-81.4167,64.0813,0.4158],[-81.4229,64.0813,5.5947],[-81.4359,64.0734,1.5452],[-81.4474,64.0724,0.5368],[-81.4463,64.0693,2.512],[-81.4495,64.0682,-0.0005],[-81.4474,64.0651,-0.0044],[-81.4422,64.0641,1.6397],[-81.4453,64.062,0.5356],[-81.4432,64.0589,0.0],[-81.438,64.0578,0.4876],[-81.437,64.0547,0.0],[-81.4318,64.0537,0.0],[-81.4255,64.0453,1.8191],[-81.4443,64.0339,1.7781],[-81.4542,64.0333,0.7024],[-81.4599,64.0307,0.0],[-81.4583,64.0292,1.5637],[-81.45,64.0292,3.0275],[-81.4484,64.0276,3.5297],[-81.4646,64.0271,1.6693],[-81.4708,64.0292,0.0],[-81.4771,64.025,2.0779],[-81.4875,64.025,1.7213],[-81.4917,64.0229,2.1405],[-81.4958,64.025,1.0363],[-81.5104,64.025,0.9711],[-81.5146,64.0229,3.1004],[-81.5229,64.0229,0.5],[-81.5271,64.0208,2.5237],[-81.5312,64.0229,1.6998],[-81.5583,64.0229,1.4202],[-81.5625,64.025,0.4685],[-81.5667,64.0229,1.2932],[-81.5729,64.025,0.0],[-81.5771,64.0229,1.554],[-81.5813,64.0229,0.5777],[-81.5875,64.025,0.0],[-81.5922,64.0214,0.0],[-81.5995,64.0203,0.8496],[-81.5943,64.0182,0.5],[-81.5958,64.0167,2.0258],[-81.6062,64.0167,2.1049],[-81.6104,64.0188,1.6614],[-81.6167,64.0188,1.373],[-81.6229,64.0208,0.0],[-81.6307,64.0182,0.0],[-81.6297,64.013,2.4319],[-81.6312,64.0125,2.2169],[-81.6438,64.0167,0.0],[-81.6542,64.0104,2.342],[-81.6583,64.0125,0.0],[-81.6646,64.0125,0.0],[-81.6693,64.0089,1.8006],[-81.6729,64.0083,1.9597],[-81.6771,64.0104,0.0],[-81.6828,64.0078,0.0],[-81.6818,64.0047,1.5004],[-81.6875,64.0042,0.0],[-81.6932,64.0016,1.4604],[-81.6896,63.9958,3.1595],[-81.6937,63.9917,4.8987],[-81.7016,63.9922,3.4856],[-81.6943,63.9953,3.3077],[-81.7026,64.0016,0.9661],[-81.712,64.0016,0.571],[-81.7089,63.9964,2.0373],[-81.7146,63.9958,2.3093],[-81.7161,63.9943,3.0764],[-81.7109,63.9932,3.291],[-81.7099,63.9901,4.2255],[-81.7021,63.9896,4.3788],[-81.7005,63.988,5.4535],[-81.7187,63.9854,6.3822],[-81.7203,63.9839,6.1102],[-81.7172,63.9797,8.3531],[-81.7333,63.9792,5.5515],[-81.7464,63.9714,9.5375],[-81.7536,63.9703,8.8762],[-81.7505,63.9651,11.2661],[-81.7562,63.9625,11.4083],[-81.7646,63.9625,11.0355],[-81.7688,63.9604,11.3743],[-81.7729,63.9625,10.6784],[-81.7812,63.9625,10.9744],[-81.7953,63.9672,9.886],[-81.7979,63.9708,7.5],[-81.8078,63.9651,9.1181],[-81.7922,63.9641,10.2028],[-81.7953,63.962,9.0],[-81.7943,63.9589,10.465],[-81.8187,63.9583,10.6572],[-81.825,63.9562,11.308],[-81.8292,63.9604,10.1319],[-81.8313,63.9583,10.3923],[-81.8297,63.9547,10.0],[-81.8354,63.9521,11.9859],[-81.8417,63.9583,8.5],[-81.8521,63.9562,9.846],[-81.8583,63.9604,8.1039],[-81.8729,63.9604,6.0],[-81.8745,63.9599,6.0],[-81.8734,63.9568,8.4393],[-81.8771,63.9562,8.9421],[-81.8875,63.9604,7.407],[-81.8891,63.9599,7.3021],[-81.888,63.9568,8.4921],[-81.8912,63.9557,8.81],[-81.8901,63.9526,9.7644],[-81.9125,63.95,9.642],[-81.9208,63.9458,10.2582],[-81.9292,63.9458,10.2892],[-81.9354,63.9437,11.0467],[-81.9396,63.9458,9.6142],[-81.9437,63.9437,10.6388],[-81.9484,63.9474,9.6504],[-81.9516,63.9474,8.5],[-81.9495,63.9422,10.8356],[-81.9443,63.9411,10.8379],[-81.9458,63.9396,10.661],[-81.9578,63.9401,11.0939],[-81.9547,63.9432,10.0805],[-81.9599,63.9443,10.0733],[-81.9646,63.9479,9.3686],[-81.9708,63.9479,9.2751],[-81.975,63.95,8.1493],[-81.9766,63.9495,8.5652],[-81.9755,63.9464,8.8392],[-81.9833,63.9458,9.2992],[-82.0021,63.9562,7.9746],[-82.0062,63.9521,8.3428],[-82.0141,63.9547,8.1578],[-82.0109,63.9578,7.3925],[-82.0188,63.9604,6.0],[-82.0292,63.9604,7.7093],[-82.0349,63.9578,8.5433],[-82.0339,63.9547,8.9749],[-82.0396,63.9542,9.9042],[-82.0411,63.9526,10.116],[-82.0375,63.95,9.0],[-82.0333,63.9521,8.5],[-82.0125,63.9458,9.9959],[-81.9958,63.9458,8.5],[-81.9896,63.9417,10.4925],[-81.9854,63.9437,9.8759],[-81.9792,63.9437,10.3688],[-81.9771,63.9417,10.714],[-81.9786,63.9359,12.1676],[-81.9646,63.9354,12.4237],[-81.9604,63.9333,12.0],[-81.9542,63.9333,12.69],[-81.9526,63.9318,12.7949],[-81.9599,63.9307,11.5],[-81.9589,63.9276,13.489],[-81.9604,63.9271,13.489],[-81.9667,63.9292,13.0681],[-81.9724,63.9286,13.068],[-81.9672,63.9266,13.6437],[-81.9651,63.9224,14.4641],[-81.9667,63.9208,15.3201],[-81.9714,63.9245,14.2135],[-81.9792,63.925,13.613],[-81.9833,63.9271,12.7515],[-81.9958,63.9271,12.0],[-82.0,63.9292,12.7025],[-82.0083,63.9292,12.68],[-82.0109,63.9255,13.4455],[-82.0182,63.9245,13.4854],[-82.0172,63.9214,14.2384],[-82.0188,63.9208,14.5246],[-82.0286,63.9276,13.2386],[-82.0271,63.9313,12.4186],[-82.0297,63.9349,11.8525],[-82.0453,63.9359,12.3074],[-82.0422,63.938,10.8588],[-82.0437,63.9396,11.8736],[-82.0542,63.9396,12.011],[-82.0583,63.9417,11.5924],[-82.0646,63.9417,11.9788],[-82.0703,63.9391,12.8191],[-82.0693,63.9359,12.8147],[-82.0766,63.9349,11.5],[-82.075,63.9333,11.5],[-82.0687,63.9333,13.0529],[-82.063,63.9349,13.026],[-82.0599,63.9318,13.0348],[-82.0547,63.9307,12.5135],[-82.0536,63.9276,12.0],[-82.0484,63.9266,12.0],[-82.0453,63.9214,13.9535],[-82.0417,63.9188,14.5049],[-82.0333,63.9229,14.0944],[-82.0271,63.9229,13.873],[-82.0245,63.9193,14.708],[-82.0104,63.9167,15.2418],[-82.0088,63.9172,14.8949],[-82.0099,63.9203,14.5833],[-82.0021,63.9208,14.4257],[-81.9979,63.9188,14.0],[-81.9901,63.9182,14.0],[-81.9891,63.9151,15.5597],[-81.9838,63.9141,15.7443],[-81.9818,63.912,16.191],[-81.9833,63.9104,16.41],[-81.9891,63.9099,16.3095],[-81.988,63.9068,16.7859],[-81.9953,63.9036,16.9382],[-81.9943,63.9005,16.9402],[-82.0036,63.8953,17.3161],[-82.0026,63.8922,17.747],[-82.0141,63.8911,17.7786],[-82.0151,63.888,17.9787],[-82.0203,63.8849,18.2252],[-82.0193,63.8818,18.6899],[-82.025,63.8792,18.6338],[-82.0307,63.8797,18.5619],[-82.0328,63.8828,18.5855],[-82.0234,63.887,18.0003],[-82.0354,63.8875,17.7256],[-82.0391,63.8901,17.6572],[-82.0375,63.8917,17.6025],[-82.0271,63.8917,17.6149],[-82.0255,63.8932,17.2276],[-82.0432,63.8984,16.8363],[-82.0417,63.9,16.6841],[-82.0359,63.9005,16.5816],[-82.0411,63.9036,15.7124],[-82.0339,63.9047,15.8661],[-82.0359,63.9078,15.734],[-82.05,63.9083,15.5559],[-82.0516,63.9089,15.3805],[-82.0547,63.9161,14.6225],[-82.0646,63.9167,14.4101],[-82.075,63.9208,13.5456],[-82.0854,63.9208,13.6506],[-82.0958,63.925,13.6804],[-82.1,63.9229,13.3242],[-82.1083,63.9229,13.5199],[-82.1182,63.9182,13.4217],[-82.1151,63.9141,13.763],[-82.1151,63.9109,13.882],[-82.1208,63.9104,13.7062],[-82.1255,63.9141,13.6367],[-82.1286,63.9141,13.3968],[-82.1276,63.9089,13.7935],[-82.1328,63.9057,13.4715],[-82.1318,63.9026,13.3009],[-82.1458,63.9,13.4421],[-82.1542,63.8958,13.0111],[-82.1599,63.8953,12.5378],[-82.1568,63.8911,12.622],[-82.1583,63.8896,12.6746],[-82.162,63.8901,12.5994],[-82.1646,63.8937,12.7071],[-82.1724,63.8932,12.1227],[-82.1651,63.8891,12.4617],[-82.1667,63.8875,12.3607],[-82.1792,63.8917,12.0156],[-82.187,63.8922,11.606],[-82.1828,63.8953,11.9546],[-82.1771,63.8958,12.3288],[-82.1755,63.8974,12.4141],[-82.1896,63.9021,12.3166],[-82.1995,63.8974,11.6413],[-82.1963,63.8932,11.6695],[-82.1963,63.8901,11.5382],[-82.1995,63.8901,11.5052],[-82.2042,63.8937,11.3225],[-82.2078,63.8911,11.4364],[-82.1937,63.8833,10.5],[-82.1917,63.8854,11.5836],[-82.1932,63.8891,11.7808],[-82.1839,63.887,11.9668],[-82.1854,63.8833,11.6483],[-82.1839,63.8797,11.424],[-82.187,63.8786,10.994],[-82.1854,63.8771,10.9979],[-82.1792,63.8771,11.5891],[-82.1755,63.8797,11.6163],[-82.1755,63.8828,11.8641],[-82.1807,63.8839,11.7611],[-82.1792,63.8854,11.8075],[-82.1672,63.8849,12.0627],[-82.1703,63.8818,11.6106],[-82.1667,63.8771,11.7422],[-82.1589,63.8776,11.7717],[-82.1599,63.8807,12.055],[-82.1583,63.8812,12.0367],[-82.1438,63.8812,11.5325],[-82.1422,63.8818,12.1302],[-82.1432,63.8849,12.7081],[-82.1401,63.8859,12.594],[-82.1412,63.8891,12.9081],[-82.1396,63.8896,13.0579],[-82.1318,63.8891,12.868],[-82.1349,63.8859,12.4286],[-82.1271,63.8854,12.653],[-82.1229,63.8833,12.8866],[-82.1188,63.8854,13.3418],[-82.1125,63.8833,14.0059],[-82.1083,63.8854,14.0613],[-82.1042,63.8833,13.8469],[-82.0979,63.8833,14.242],[-82.0943,63.8807,14.5945],[-82.0974,63.8786,14.5028],[-82.0958,63.8771,14.5777],[-82.0833,63.8771,15.1519],[-82.0729,63.8729,15.956],[-82.0625,63.8729,15.7871],[-82.0609,63.8724,16.5479],[-82.062,63.8693,16.1822],[-82.0604,63.8688,16.0829],[-82.0443,63.8703,17.5947],[-82.0443,63.8672,17.6339],[-82.0547,63.863,16.6039],[-82.0661,63.862,16.2517],[-82.0583,63.8583,16.9178],[-82.0484,63.8599,16.9207],[-82.0505,63.8547,17.6512],[-82.0583,63.8521,17.2781],[-82.0646,63.8521,17.1104],[-82.0687,63.8542,16.9488],[-82.0807,63.8547,15.812],[-82.0828,63.8578,15.7112],[-82.0797,63.8589,15.8847],[-82.0807,63.862,15.8193],[-82.0729,63.8667,15.7777],[-82.0687,63.8646,15.8681],[-82.0651,63.8651,15.95],[-82.0672,63.8682,15.9679],[-82.075,63.8688,15.6108],[-82.0792,63.8708,15.4878],[-82.0875,63.8667,14.8803],[-82.0917,63.8688,14.3481],[-82.0953,63.8682,14.3096],[-82.0943,63.8651,14.584],[-82.0958,63.8646,14.5047],[-82.1005,63.8682,14.1017],[-82.1036,63.8682,13.9452],[-82.1078,63.8651,13.6714],[-82.1057,63.863,13.9226],[-82.0943,63.8599,14.4456],[-82.0943,63.8568,14.8322],[-82.0979,63.8542,14.7437],[-82.1125,63.8542,14.1249],[-82.1161,63.8578,13.893],[-82.1083,63.8583,14.0363],[-82.1042,63.8563,14.093],[-82.1026,63.8578,14.3453],[-82.1125,63.8625,13.5827],[-82.1182,63.862,13.2561],[-82.1193,63.8589,13.3563],[-82.1224,63.8589,13.469],[-82.125,63.8625,13.2209],[-82.1234,63.8682,13.169],[-82.1312,63.8688,12.7565],[-82.1328,63.8682,12.1685],[-82.1318,63.8651,12.5597],[-82.1391,63.8641,12.11],[-82.1338,63.8609,12.9137],[-82.1396,63.8604,12.6185],[-82.1412,63.8589,12.158],[-82.1391,63.8547,12.7304],[-82.125,63.8542,13.1222],[-82.1234,63.8536,13.5321],[-82.1234,63.8505,13.7951],[-82.1292,63.85,13.6072],[-82.1333,63.8521,13.1585],[-82.1396,63.8521,13.2286],[-82.1443,63.8557,12.4185],[-82.1521,63.8583,12.2412],[-82.1625,63.8583,11.5588],[-82.1667,63.8563,11.5065],[-82.1729,63.8604,11.134],[-82.1745,63.8599,11.134],[-82.1734,63.8568,11.3855],[-82.1766,63.8547,11.2804],[-82.1745,63.8526,11.1888],[-82.1693,63.8516,11.5531],[-82.1693,63.8484,11.6178],[-82.1729,63.8438,11.6714],[-82.1771,63.8458,11.52],[-82.1828,63.8453,11.2199],[-82.1828,63.8422,11.4377],[-82.1776,63.8411,11.7445],[-82.1797,63.8359,11.9153],[-82.1813,63.8354,11.8626],[-82.1958,63.8396,10.6087],[-82.2104,63.8396,9.6024],[-82.2146,63.8375,9.9617],[-82.225,63.8375,9.3668],[-82.2396,63.8417,7.6423],[-82.2458,63.8396,7.9721],[-82.25,63.8417,7.5601],[-82.2542,63.8396,7.7394],[-82.2604,63.8438,7.3928],[-82.2625,63.8417,6.719],[-82.2609,63.838,7.2675],[-82.2708,63.8354,6.2836],[-82.2812,63.8354,6.4822],[-82.2891,63.838,3.4108],[-82.2901,63.8411,3.1291],[-82.2937,63.8438,2.3486],[-82.2995,63.8411,2.096],[-82.3026,63.8359,1.965],[-82.3083,63.8354,0.8523],[-82.3187,63.8312,1.1831],[-82.3292,63.8312,0.0],[-82.3339,63.8276,3.1455],[-82.3437,63.825,3.0938],[-82.3479,63.8271,0.0],[-82.3542,63.8271,-0.5],[-82.3667,63.8229,4.5777],[-82.375,63.8229,1.0],[-82.3792,63.8208,1.0],[-82.3833,63.8208,1.0],[-82.388,63.8172,2.7877],[-82.3979,63.8146,2.5507],[-82.4062,63.8146,0.0],[-82.4146,63.8104,3.9143],[-82.4286,63.8099,0.0],[-82.4297,63.8068,3.5483],[-82.437,63.8057,2.2598],[-82.4333,63.8,2.3446],[-82.4354,63.7958,4.2628],[-82.4339,63.7922,3.9664],[-82.4396,63.7896,6.745],[-82.4437,63.7917,2.0],[-82.4599,63.7911,3.833],[-82.4589,63.788,3.0],[-82.4786,63.7828,3.6964],[-82.4812,63.7792,0.0],[-82.4797,63.7755,0.0],[-82.4849,63.7724,0.0],[-82.4838,63.7693,0.0],[-82.4911,63.7682,0.0],[-82.4938,63.7646,3.6482],[-82.4979,63.7646,0.0],[-82.5021,63.7667,0.0],[-82.5088,63.763,0.0],[-82.5162,63.762,0.0],[-82.5151,63.7589,3.1836],[-82.5182,63.7568,0.0],[-82.5162,63.7547,2.7835],[-82.5047,63.7505,2.5],[-82.5182,63.7432,0.0],[-82.5203,63.7401,0.0],[-82.5151,63.7391,1.2949],[-82.5141,63.7359,1.5],[-82.5,63.7313,4.1757],[-82.4875,63.7375,5.0],[-82.4833,63.7354,5.0],[-82.4687,63.7354,9.5781],[-82.4646,63.7375,9.8165],[-82.4604,63.7354,8.3648],[-82.45,63.7354,8.7637],[-82.4458,63.7375,9.0],[-82.4339,63.737,10.6486],[-82.4318,63.7318,10.4504],[-82.4396,63.7333,9.5565],[-82.4458,63.7292,8.9781],[-82.4474,63.7297,8.4955],[-82.4463,63.7328,8.5],[-82.4479,63.7333,8.0],[-82.4724,63.7328,6.3476],[-82.4708,63.7313,6.5324],[-82.4646,63.7313,8.2407],[-82.4568,63.7286,6.6333],[-82.4547,63.7234,6.4542],[-82.4578,63.7214,6.2718],[-82.45,63.7188,7.289],[-82.4422,63.7193,6.7482],[-82.4474,63.7224,7.9587],[-82.4417,63.725,7.0],[-82.4375,63.7229,6.5],[-82.4297,63.7224,8.6411],[-82.4276,63.7203,8.4823],[-82.4276,63.7172,8.1483],[-82.4328,63.713,5.5],[-82.4276,63.712,7.1284],[-82.4245,63.7068,5.0],[-82.413,63.7036,6.6644],[-82.4172,63.6943,6.6093],[-82.4229,63.6937,5.0],[-82.4292,63.6979,5.6179],[-82.4307,63.6974,4.9741],[-82.4297,63.6943,5.431],[-82.4417,63.6875,3.5],[-82.4599,63.6901,1.5],[-82.4568,63.6932,2.5],[-82.4589,63.6953,1.0],[-82.462,63.6953,1.0],[-82.4641,63.688,1.5403],[-82.4589,63.687,0.5],[-82.4547,63.6818,3.5615],[-82.4646,63.6813,1.8003],[-82.4703,63.6776,1.2355],[-82.4667,63.675,0.0],[-82.4589,63.6745,0.5],[-82.462,63.6724,0.5],[-82.4604,63.6708,2.0463],[-82.45,63.6708,0.0],[-82.4484,63.6714,2.6304],[-82.4495,63.6745,3.869],[-82.4354,63.6792,3.1092],[-82.4255,63.6786,1.0],[-82.4266,63.6755,2.5423],[-82.425,63.675,2.5003],[-82.4193,63.6776,2.7041],[-82.4203,63.6807,2.6075],[-82.4187,63.6813,3.0486],[-82.413,63.6766,2.5921],[-82.4161,63.6734,0.0],[-82.4125,63.6708,3.3217],[-82.4,63.675,2.1509],[-82.3958,63.675,2.4731],[-82.3854,63.6708,0.0],[-82.3729,63.6708,2.4186],[-82.3688,63.6688,1.8857],[-82.3672,63.6693,2.6001],[-82.3682,63.6724,1.5694],[-82.3641,63.6745,0.0],[-82.3521,63.675,3.5346],[-82.3458,63.6688,3.0393],[-82.3229,63.6688,3.8433],[-82.3167,63.6708,3.6116],[-82.3125,63.6688,3.3604],[-82.3042,63.6688,3.2047],[-82.3026,63.6703,3.5359],[-82.3208,63.6729,4.1195],[-82.3224,63.6745,4.4389],[-82.3063,63.675,1.5],[-82.3021,63.6771,4.2044],[-82.2979,63.675,2.0],[-82.2854,63.6792,3.3749],[-82.2771,63.6792,3.1064],[-82.2729,63.6813,4.1003],[-82.2688,63.6792,2.5],[-82.2542,63.6792,2.3094],[-82.25,63.6813,3.3365],[-82.2396,63.6813,3.1151],[-82.2292,63.6771,1.0],[-82.225,63.6792,1.0],[-82.2187,63.6792,1.0],[-82.2146,63.6771,0.0],[-82.2104,63.6792,1.0],[-82.2063,63.6792,0.0],[-82.2021,63.6771,0.0],[-82.1958,63.6771,0.0],[-82.1833,63.6813,2.842],[-82.1792,63.6792,0.0],[-82.1734,63.6818,0.0],[-82.175,63.6833,2.1671],[-82.1828,63.6839,2.1125],[-82.1818,63.6891,4.6181],[-82.187,63.6901,5.2356],[-82.1849,63.6932,5.8501],[-82.1729,63.6937,5.3307],[-82.1687,63.6917,3.15],[-82.1625,63.6917,3.8529],[-82.1562,63.6875,2.2109],[-82.1464,63.6922,3.7647],[-82.1516,63.6953,4.5508],[-82.1495,63.6974,4.9662],[-82.1458,63.6979,4.9491],[-82.1417,63.6958,4.3937],[-82.1338,63.6953,3.4168],[-82.1318,63.6911,1.9792],[-82.1359,63.688,1.4876],[-82.1432,63.687,1.4821],[-82.1422,63.6839,1.3394],[-82.1453,63.6828,0.0],[-82.1438,63.6813,0.0],[-82.1276,63.6839,1.6278],[-82.1229,63.6896,2.7184],[-82.1042,63.6896,1.5901],[-82.0979,63.6854,0.0],[-82.0646,63.6854,0.0317],[-82.0604,63.6833,0.0],[-82.0521,63.6833,0.0],[-82.0443,63.6807,1.3784],[-82.0432,63.6776,0.0],[-82.038,63.6766,1.4728],[-82.0349,63.6734,1.1453],[-82.0297,63.6724,0.0],[-82.0266,63.6672,0.5351],[-82.0188,63.6646,0.0],[-82.0172,63.6651,0.0],[-82.0182,63.6703,0.0],[-82.0151,63.6703,0.0],[-82.0125,63.6667,0.0],[-82.0146,63.6625,0.0],[-82.012,63.6589,0.0],[-81.9979,63.6542,0.0],[-81.9875,63.6542,0.5],[-81.9729,63.65,0.0],[-81.9667,63.65,1.5034],[-81.9625,63.6479,0.0],[-81.95,63.6479,2.2738],[-81.9458,63.6458,0.0],[-81.938,63.6453,2.2137],[-81.9333,63.6417,0.0],[-81.9292,63.6437,1.3286],[-81.925,63.6437,0.0],[-81.9208,63.6417,0.0],[-81.9083,63.6417,0.0],[-81.9057,63.638,0.0],[-81.9005,63.637,2.7926],[-81.8964,63.6307,3.9068],[-81.8979,63.6292,2.2427],[-81.9036,63.6286,0.0],[-81.9016,63.6234,0.0],[-81.9,63.6229,0.0],[-81.875,63.6229,0.0],[-81.8646,63.6292,2.5],[-81.8396,63.6271,3.284],[-81.8313,63.6354,7.2323],[-81.8167,63.6333,4.2879],[-81.8109,63.6359,4.1197],[-81.813,63.6391,7.9438],[-81.8182,63.6411,10.4229],[-81.8104,63.6417,8.2885],[-81.8063,63.6396,8.2974],[-81.7937,63.6437,6.1565],[-81.7901,63.6401,3.5608],[-81.7958,63.6375,6.0371],[-81.8057,63.637,5.2315],[-81.8047,63.6339,3.9497],[-81.812,63.6328,3.5675],[-81.8109,63.6297,2.6661],[-81.8151,63.6276,3.0492],[-81.825,63.6271,3.3232],[-81.8354,63.6208,0.6637],[-81.8391,63.6214,1.3136],[-81.8401,63.6245,1.8016],[-81.8437,63.625,2.0764],[-81.8474,63.6214,1.8398],[-81.8437,63.6188,0.0],[-81.8292,63.6188,0.0],[-81.825,63.6208,1.2212],[-81.8167,63.6208,0.0],[-81.8125,63.6229,0.0],[-81.8083,63.6229,0.0],[-81.8047,63.6255,1.8487],[-81.8036,63.6286,1.277],[-81.7901,63.6318,0.0],[-81.7891,63.6349,2.6059],[-81.7854,63.6375,3.3387],[-81.7807,63.6339,1.2636],[-81.7729,63.6312,0.0],[-81.7667,63.6312,0.0],[-81.7625,63.6333,1.1691],[-81.7547,63.6307,0.6191],[-81.7536,63.6276,1.2641],[-81.7453,63.6214,0.0],[-81.7417,63.6208,0.0],[-81.7375,63.6229,0.0],[-81.7333,63.6208,0.765],[-81.7255,63.6203,2.6126],[-81.7234,63.6172,4.8599],[-81.7354,63.6188,2.2265],[-81.737,63.6182,1.0704],[-81.7359,63.6151,2.0276],[-81.7391,63.6141,1.3768],[-81.7276,63.6099,0.0],[-81.7266,63.6068,0.0],[-81.7047,63.6016,9.3435],[-81.7057,63.5984,0.0],[-81.7,63.5958,0.0],[-81.6917,63.5958,0.0],[-81.6875,63.5938,0.0],[-81.6833,63.5958,2.772],[-81.6792,63.5938,0.0],[-81.6672,63.5932,0.0],[-81.6568,63.5849,2.4676],[-81.662,63.5807,1.8162],[-81.6651,63.5755,2.9781],[-81.6724,63.5745,0.0],[-81.6713,63.5714,1.7388],[-81.6745,63.5703,1.9885],[-81.6724,63.5672,0.0],[-81.6667,63.5646,0.0],[-81.6583,63.5646,2.6726],[-81.6542,63.5625,0.0],[-81.6443,63.5651,0.0],[-81.6412,63.5703,2.1953],[-81.6375,63.5729,3.4237],[-81.6167,63.5729,4.3081],[-81.6109,63.5703,3.503],[-81.6088,63.5672,3.5293],[-81.6146,63.5646,1.1095],[-81.6188,63.5667,3.5848],[-81.6245,63.563,0.0],[-81.6104,63.5583,0.0],[-81.6042,63.5583,0.0],[-81.6,63.5604,0.0],[-81.5901,63.5609,0.0],[-81.5911,63.5641,2.4277],[-81.5896,63.5646,1.4391],[-81.5854,63.5625,0.0],[-81.5734,63.563,0.0],[-81.5766,63.5693,1.6907],[-81.575,63.5708,5.622],[-81.5708,63.5687,1.7507],[-81.55,63.5687,0.0],[-81.5437,63.5729,0.0],[-81.5375,63.5708,0.0],[-81.5333,63.5729,2.0006],[-81.5193,63.5682,0.0],[-81.5182,63.5651,0.0],[-81.513,63.5641,0.0],[-81.5146,63.5604,0.0],[-81.5125,63.5583,0.0],[-81.4958,63.5583,3.0862],[-81.4917,63.5542,0.0],[-81.4672,63.5516,8.2036],[-81.462,63.5443,0.0],[-81.4526,63.5432,5.9961],[-81.4557,63.5401,0.0],[-81.4521,63.5375,0.0],[-81.4458,63.5375,0.0],[-81.425,63.5313,0.0],[-81.4187,63.5313,7.1143],[-81.4125,63.525,0.0],[-81.4062,63.525,0.0],[-81.4021,63.5229,0.0],[-81.3854,63.5229,1.9111],[-81.3828,63.5193,0.0],[-81.3688,63.5146,0.0],[-81.3417,63.5125,0.0],[-81.3375,63.5104,0.0],[-81.3229,63.5104,0.0],[-81.3125,63.5062,0.0],[-81.3063,63.5062,0.0],[-81.3016,63.5026,0.0],[-81.2937,63.5021,0.0],[-81.2859,63.4995,0.0],[-81.2891,63.4964,0.0],[-81.2792,63.4917,0.0],[-81.2688,63.4917,0.0],[-81.2646,63.4896,0.0],[-81.2604,63.4917,0.0],[-81.2542,63.4917,0.0],[-81.2396,63.4875,0.0],[-81.2229,63.4854,0.0],[-81.2125,63.4792,0.0],[-81.1937,63.4771,1.6713],[-81.1896,63.475,0.0],[-81.175,63.475,0.0],[-81.1672,63.4724,0.0],[-81.1703,63.4693,0.0],[-81.15,63.4625,0.0],[-81.1354,63.4625,0.0],[-81.1312,63.4646,0.0],[-81.1167,63.4604,0.0],[-81.1104,63.4604,0.0],[-81.0937,63.4542,0.0],[-81.0771,63.4521,1.3977],[-81.0729,63.45,0.0],[-81.063,63.4526,1.4934],[-81.0641,63.4557,1.7205],[-81.0604,63.4562,1.0],[-81.0396,63.45,1.0],[-81.0292,63.45,1.0],[-81.0125,63.4437,0.0],[-81.0109,63.4443,0.0],[-81.012,63.4474,3.1865],[-81.0104,63.4479,3.1865],[-80.9979,63.4437,0.0],[-80.9964,63.4443,0.0],[-80.9974,63.4474,5.0167],[-80.9875,63.4479,6.1928],[-80.975,63.4521,9.5168],[-80.9708,63.4521,10.1033],[-80.9693,63.4536,12.2623],[-80.9771,63.4542,10.385],[-80.9812,63.4521,8.641],[-80.9854,63.4521,9.6208],[-80.9896,63.4542,11.7377],[-80.9938,63.45,4.0],[-80.9979,63.45,4.0],[-81.0021,63.4521,8.5462],[-81.0083,63.45,2.0],[-81.0266,63.4547,7.3303],[-81.0266,63.4578,8.0406],[-81.0083,63.4583,13.7075],[-81.0042,63.4604,16.761],[-80.9938,63.4604,18.3734],[-80.9896,63.4625,22.7874],[-80.9771,63.4625,25.1127],[-80.9667,63.4688,26.8638],[-80.9604,63.4667,25.707],[-80.9589,63.4672,26.306],[-80.9599,63.4703,26.9126],[-80.9568,63.4724,26.0048],[-80.962,63.4734,28.6115],[-80.9641,63.4766,30.5391],[-80.9583,63.4792,28.5943],[-80.9463,63.4786,17.1974],[-80.9443,63.4734,17.2138],[-80.95,63.4729,21.3754],[-80.9516,63.4714,22.0141],[-80.9463,63.4703,17.3753],[-80.9495,63.4682,23.7263],[-80.9443,63.4661,16.628],[-80.9474,63.463,16.2207],[-80.9422,63.462,8.4082],[-80.937,63.4547,0.0],[-80.9339,63.4547,0.0],[-80.9328,63.4578,0.0],[-80.9276,63.4589,0.0],[-80.9266,63.462,0.0],[-80.9234,63.463,0.0],[-80.9245,63.4661,2.0189],[-80.9213,63.4672,0.0],[-80.9193,63.4703,0.0],[-80.925,63.4708,1.9356],[-80.9375,63.4646,9.946],[-80.9391,63.4651,12.1587],[-80.9391,63.4682,15.222],[-80.9328,63.4724,8.7951],[-80.9255,63.4734,0.0],[-80.9234,63.4766,0.0],[-80.9266,63.4786,2.3871],[-80.9245,63.4807,0.0],[-80.9187,63.4813,0.0],[-80.9172,63.4828,0.0],[-80.9224,63.4839,0.0],[-80.9255,63.4891,0.0],[-80.9307,63.4901,1.4112],[-80.9276,63.4932,0.0],[-80.9328,63.4943,1.5624],[-80.937,63.5005,1.5173],[-80.9339,63.5036,0.0],[-80.9391,63.5047,1.6964],[-80.9391,63.5078,1.2648],[-80.9318,63.5068,0.0],[-80.9328,63.512,2.6812],[-80.925,63.5167,1.5982],[-80.9203,63.513,0.0],[-80.9172,63.513,0.0],[-80.9172,63.5161,0.0],[-80.9203,63.5203,0.2554],[-80.9161,63.5224,1.205],[-80.9068,63.5193,0.0],[-80.9057,63.5224,0.0],[-80.9005,63.5266,5.1955],[-80.912,63.5307,14.0554],[-80.9047,63.5318,14.7318],[-80.9016,63.537,17.7193],[-80.8896,63.5354,11.2304],[-80.888,63.5359,9.9225],[-80.8891,63.5391,15.6649],[-80.8833,63.5417,19.5223],[-80.8797,63.5391,19.2014],[-80.8776,63.5349,11.7421],[-80.8807,63.5318,4.3734],[-80.8729,63.5292,3.9312],[-80.8625,63.5292,8.647],[-80.8542,63.5333,10.0882],[-80.85,63.5313,9.8949],[-80.8484,63.5328,10.7076],[-80.8521,63.5375,15.1363],[-80.8646,63.5333,6.6793],[-80.8708,63.5333,10.5201],[-80.8724,63.5349,15.2643],[-80.8625,63.5396,20.2773],[-80.8479,63.5396,15.8947],[-80.8339,63.5307,4.3068],[-80.8349,63.5276,0.0],[-80.8234,63.5297,0.0],[-80.8193,63.5328,0.0],[-80.8266,63.537,1.7949],[-80.8213,63.5401,0.0],[-80.8182,63.5453,0.0],[-80.8109,63.5464,0.0],[-80.8057,63.5578,1.7197],[-80.7984,63.5589,0.0],[-80.7953,63.5641,0.0],[-80.7896,63.5667,0.0],[-80.7797,63.5651,0.0],[-80.7786,63.5682,0.0],[-80.7714,63.5693,0.0],[-80.7682,63.5745,1.2423],[-80.7646,63.5771,3.0985],[-80.7521,63.5792,0.0],[-80.7438,63.5833,2.3527],[-80.7271,63.5833,0.0],[-80.7187,63.5875,0.0],[-80.713,63.588,0.0],[-80.7182,63.5911,14.7248],[-80.7109,63.5922,16.311],[-80.712,63.5974,17.8324],[-80.7047,63.5984,15.3828],[-80.7016,63.6016,15.2102],[-80.6943,63.6047,13.7638],[-80.6911,63.6099,12.6874],[-80.688,63.6109,12.6502],[-80.6937,63.6167,18.7516],[-80.7037,63.6151,18.8022],[-80.7026,63.6203,22.259],[-80.7167,63.6208,31.209],[-80.7182,63.6224,34.6723],[-80.7021,63.6229,27.9528],[-80.6958,63.6208,21.5175],[-80.6911,63.6245,24.0472],[-80.6813,63.625,32.0731],[-80.6729,63.6292,36.0436],[-80.6682,63.6255,34.1271],[-80.6562,63.6229,29.2296],[-80.6547,63.6245,35.3843],[-80.6641,63.6276,36.5801],[-80.663,63.6328,36.9201],[-80.6682,63.6339,37.2235],[-80.6667,63.6354,37.6361],[-80.6609,63.6359,38.1796],[-80.662,63.6391,38.4926],[-80.6604,63.6396,38.5055],[-80.6562,63.6396,38.3881],[-80.6521,63.6417,34.8224],[-80.6458,63.6375,32.7073],[-80.6417,63.6396,29.8487],[-80.6354,63.6396,28.8684],[-80.6312,63.6354,22.4904],[-80.625,63.6354,20.0604],[-80.6208,63.6375,22.1387],[-80.6167,63.6354,19.0747],[-80.6104,63.6354,14.7464],[-80.6088,63.6339,12.9236],[-80.6203,63.6297,11.5458],[-80.6151,63.6286,4.8295],[-80.6104,63.625,0.0],[-80.6062,63.6271,1.5098],[-80.5901,63.6276,0.0],[-80.5953,63.6297,2.0951],[-80.5979,63.6333,8.6129],[-80.5974,63.6349,12.5305],[-80.5896,63.6375,14.1164],[-80.5792,63.6396,10.7201],[-80.5708,63.6354,0.0],[-80.5672,63.6359,0.0],[-80.5682,63.6391,0.0],[-80.5651,63.6401,0.0],[-80.562,63.6453,4.1007],[-80.5589,63.6464,0.0],[-80.5599,63.6495,3.7538],[-80.5526,63.6505,0.0],[-80.5578,63.6536,2.8046],[-80.5516,63.6578,1.891],[-80.5443,63.6589,0.0],[-80.5453,63.6641,7.5915],[-80.5396,63.6625,0.0],[-80.5318,63.663,0.0],[-80.5276,63.6651,0.0],[-80.5286,63.6682,5.5658],[-80.5193,63.6734,11.4361],[-80.5271,63.6771,14.1459],[-80.5349,63.6776,13.4765],[-80.5411,63.6828,23.7222],[-80.5354,63.6833,24.9019],[-80.5312,63.6813,18.1213],[-80.5245,63.6849,12.0117],[-80.5146,63.6875,8.13],[-80.513,63.687,5.0802],[-80.5141,63.6839,3.4265],[-80.5125,63.6833,3.3121],[-80.5083,63.6833,0.0],[-80.5026,63.6859,0.0],[-80.5036,63.6911,0.0],[-80.4984,63.6953,0.0],[-80.5062,63.6979,2.3794],[-80.5088,63.6943,6.0213],[-80.512,63.6943,6.2336],[-80.5141,63.6995,8.3632],[-80.5109,63.7005,13.071],[-80.512,63.7057,27.5985],[-80.5083,63.7083,20.6828],[-80.5,63.7021,8.5452],[-80.4943,63.7047,0.0],[-80.4964,63.7078,0.0],[-80.5016,63.7099,1.2198],[-80.4984,63.7109,0.0],[-80.4953,63.7161,0.0],[-80.4797,63.7193,0.0],[-80.4807,63.7224,6.2924],[-80.475,63.7208,0.0],[-80.4646,63.7229,2.5891],[-80.4604,63.7208,0.0],[-80.4458,63.7208,0.0],[-80.4417,63.7229,24.95],[-80.4354,63.7208,0.0],[-80.4229,63.725,29.5341],[-80.4187,63.7229,0.0],[-80.4146,63.725,11.1095],[-80.3958,63.725,0.0],[-80.3917,63.7271,27.8552],[-80.3875,63.725,0.0],[-80.3833,63.7271,15.3913],[-80.3771,63.7271,6.4348],[-80.35,63.7188,1.2969],[-80.3484,63.7193,0.8677],[-80.3495,63.7224,6.8905],[-80.3464,63.7245,0.0],[-80.3516,63.7255,3.1908],[-80.3516,63.7286,0.0],[-80.3443,63.7297,0.0],[-80.3396,63.7333,2.6731],[-80.3292,63.7292,0.0],[-80.3042,63.7292,0.0],[-80.2958,63.7333,4.8048],[-80.2875,63.7333,0.0],[-80.2833,63.7354,0.6205],[-80.2688,63.7354,9.2133],[-80.2646,63.7333,0.0],[-80.2604,63.7333,1.4563],[-80.2562,63.7354,9.4793],[-80.2417,63.7354,0.0],[-80.2354,63.7396,17.3634],[-80.2292,63.7375,0.0],[-80.225,63.7396,8.3239],[-80.2047,63.7391,0.0],[-80.2026,63.737,0.0],[-80.2026,63.7339,9.1358],[-80.2141,63.7328,6.3302],[-80.213,63.7297,23.0071],[-80.2146,63.7292,28.1548],[-80.2208,63.7313,10.4016],[-80.2245,63.7286,17.1],[-80.2187,63.725,0.0],[-80.2125,63.725,6.9419],[-80.2083,63.7271,15.4744],[-80.1958,63.7271,0.0],[-80.1859,63.7318,1.9589],[-80.1833,63.7354,0.0],[-80.1849,63.7391,0.0],[-80.1713,63.7464,1.927],[-80.1687,63.7521,0.0],[-80.1703,63.7557,3.6313],[-80.1672,63.7568,3.4683],[-80.1682,63.7599,12.4953],[-80.1583,63.7604,0.0],[-80.1526,63.763,0.0],[-80.1547,63.7682,8.3707],[-80.1599,63.7703,23.4471],[-80.1568,63.7714,17.3846],[-80.1536,63.7766,39.9442],[-80.1505,63.7776,13.0665],[-80.1484,63.7807,0.0],[-80.1667,63.7854,0.0],[-80.1708,63.7854,18.9467],[-80.1766,63.7828,0.0],[-80.1745,63.7797,6.0046],[-80.1713,63.7786,27.9312],[-80.1766,63.7766,0.0],[-80.1734,63.7734,25.9636],[-80.1786,63.7703,0.0],[-80.1755,63.763,16.183],[-80.1813,63.7604,0.0],[-80.1859,63.7641,1.4702],[-80.1911,63.7651,0.0],[-80.1953,63.7745,26.208],[-80.1901,63.7776,0.0],[-80.1901,63.7807,3.223],[-80.1922,63.7849,13.471],[-80.2,63.7854,15.466],[-80.2078,63.788,13.2148],[-80.2063,63.7896,0.0],[-80.2005,63.7901,0.0],[-80.2057,63.7932,11.965],[-80.2,63.7938,0.0],[-80.1984,63.7953,0.0],[-80.2037,63.7964,32.4043],[-80.2083,63.8021,0.0],[-80.2161,63.8016,0.0],[-80.2151,63.7964,63.9208],[-80.225,63.7979,46.813],[-80.2375,63.7917,90.0019],[-80.2432,63.7922,83.6151],[-80.2422,63.7974,29.3754],[-80.2604,63.8021,0.0],[-80.2651,63.7964,0.0],[-80.2688,63.7958,42.6592],[-80.2729,63.7979,0.0],[-80.2771,63.7958,4.5525],[-80.2854,63.7958,0.0],[-80.2896,63.7917,0.0],[-80.2974,63.7943,26.8332],[-80.2995,63.7995,36.9316],[-80.2963,63.8016,3.0645],[-80.2984,63.8036,6.9975],[-80.3036,63.8047,0.0],[-80.3047,63.8078,0.0],[-80.3099,63.8089,0.0],[-80.3068,63.812,0.0],[-80.312,63.813,0.0],[-80.3151,63.8161,72.847],[-80.3224,63.8161,112.4448],[-80.3193,63.8141,116.4452],[-80.3213,63.8109,137.9305],[-80.3292,63.8104,166.4682],[-80.3328,63.8151,158.2012],[-80.3297,63.8182,132.5899],[-80.3391,63.8193,122.5874],[-80.3443,63.8245,0.0],[-80.35,63.8271,9.2069],[-80.3583,63.8271,11.0],[-80.3625,63.8292,12.2218],[-80.3724,63.8276,18.0627],[-80.3714,63.8328,0.0],[-80.3766,63.8339,0.0],[-80.3797,63.837,0.0],[-80.3875,63.8396,0.0],[-80.3917,63.8396,0.0],[-80.3958,63.8375,0.0],[-80.3974,63.838,0.0],[-80.3964,63.8411,0.0],[-80.3979,63.8417,0.0],[-80.4062,63.8375,3.634],[-80.4167,63.8417,0.0],[-80.4182,63.8411,2.8114],[-80.4172,63.838,7.091],[-80.4208,63.8375,9.9864],[-80.4234,63.8411,5.4969],[-80.4313,63.8438,0.0],[-80.4375,63.8438,0.0],[-80.4437,63.8458,0.0],[-80.4479,63.8438,4.3305],[-80.4521,63.8438,6.3121],[-80.4703,63.8484,8.3786],[-80.475,63.8521,0.0],[-80.4812,63.8521,0.0],[-80.4854,63.8542,0.0],[-80.4896,63.8542,0.0],[-80.4953,63.8516,7.8663],[-80.4943,63.8484,26.182],[-80.4984,63.8464,24.6804],[-80.5062,63.8458,28.1411],[-80.5078,63.8464,24.474],[-80.5099,63.8516,11.064],[-80.5068,63.8526,9.9796],[-80.5078,63.8557,2.3683],[-80.5047,63.8568,1.9498],[-80.5062,63.8583,0.0],[-80.5167,63.8583,0.0],[-80.5182,63.8578,0.0],[-80.5172,63.8547,0.0],[-80.5208,63.8542,0.0],[-80.525,63.8563,0.0],[-80.5396,63.8583,0.0],[-80.5437,63.8542,1.434],[-80.5583,63.8583,0.0],[-80.5646,63.8563,1.1708],[-80.5672,63.8599,0.0],[-80.575,63.8625,0.0],[-80.5792,63.8583,8.7053],[-80.5937,63.8583,2.1646],[-80.5979,63.8604,0.0],[-80.6021,63.8604,0.0],[-80.6083,63.8583,4.4004],[-80.6125,63.8604,2.2994],[-80.6203,63.8609,58.5077],[-80.6172,63.8641,0.0],[-80.6375,63.8708,6.0075],[-80.6521,63.8708,43.8145],[-80.6599,63.8734,21.9388],[-80.663,63.8766,0.0],[-80.6745,63.8797,8.7775],[-80.6776,63.887,0.8611],[-80.6828,63.888,0.6409],[-80.6859,63.8911,0.0],[-80.6974,63.8943,0.0],[-80.7005,63.8995,1.7508],[-80.7083,63.9,2.569],[-80.7224,63.9057,3.4285],[-80.7151,63.9089,1.8636],[-80.712,63.912,3.0778],[-80.7083,63.9125,1.4255],[-80.7005,63.9099,9.3851],[-80.7005,63.9068,11.2753],[-80.7037,63.9047,1.9266],[-80.6937,63.9042,8.1629],[-80.6854,63.9,0.0],[-80.6755,63.8995,7.9774],[-80.6766,63.8943,0.0],[-80.675,63.8937,0.0],[-80.6687,63.8937,0.0],[-80.6479,63.8875,0.0],[-80.6422,63.888,5.9971],[-80.6474,63.8901,9.2837],[-80.6458,63.8917,12.6482],[-80.6396,63.8917,14.0398],[-80.6333,63.8875,0.0],[-80.6292,63.8896,23.6087],[-80.6214,63.887,11.2843],[-80.6125,63.8812,0.0],[-80.6026,63.8807,15.1333],[-80.5995,63.8755,0.0],[-80.5917,63.875,0.0],[-80.5875,63.8729,0.0],[-80.5818,63.8734,6.5803],[-80.5708,63.8792,0.0],[-80.5667,63.8771,0.0],[-80.5625,63.8792,0.0],[-80.5583,63.8792,0.0],[-80.5458,63.8854,0.0],[-80.5417,63.8833,0.0],[-80.5375,63.8875,7.3493],[-80.5292,63.8875,0.0],[-80.525,63.8896,0.0],[-80.5208,63.8875,0.0],[-80.5167,63.8896,4.2285],[-80.4854,63.8917,0.0],[-80.4755,63.8953,0.0],[-80.4875,63.9,2.8343],[-80.5,63.9,29.8443],[-80.5042,63.9021,21.7399],[-80.5146,63.9021,10.7792],[-80.5162,63.9005,21.3906],[-80.512,63.8964,26.6556],[-80.5026,63.8953,17.2234],[-80.5042,63.8937,17.3294],[-80.5188,63.8937,21.0425],[-80.5229,63.8958,34.3793],[-80.5312,63.8958,21.4039],[-80.5328,63.8964,26.9812],[-80.5328,63.8995,34.2766],[-80.5276,63.9026,31.4595],[-80.5276,63.9057,0.0],[-80.5458,63.9063,20.6743],[-80.5641,63.9109,3.4855],[-80.5661,63.913,3.7449],[-80.5682,63.9182,6.5103],[-80.5568,63.9224,0.0],[-80.562,63.9234,6.84],[-80.5667,63.9271,0.0],[-80.5745,63.9276,1.5463],[-80.5787,63.9349,3.3609],[-80.5713,63.938,0.0],[-80.5682,63.9411,2.2575],[-80.5609,63.9422,0.2381],[-80.5599,63.9453,2.3575],[-80.5563,63.9479,2.3579],[-80.5417,63.9479,0.0],[-80.5375,63.9458,0.0],[-80.5292,63.9458,11.3403],[-80.525,63.9437,0.0],[-80.5167,63.9437,0.0],[-80.5109,63.9464,0.0],[-80.5162,63.9495,0.0],[-80.5088,63.9536,0.0],[-80.5167,63.9562,0.0],[-80.5245,63.9568,3.5408],[-80.5297,63.962,6.0058],[-80.5417,63.9667,8.1952],[-80.5557,63.9672,32.9255],[-80.5557,63.9703,31.5151],[-80.5542,63.9708,28.3637],[-80.55,63.9688,25.963],[-80.5339,63.9693,0.0],[-80.538,63.9786,4.5217],[-80.5422,63.9828,0.0],[-80.5479,63.9854,0.0],[-80.5604,63.9854,1.1075],[-80.5646,63.9875,0.0],[-80.5708,63.9854,19.1795],[-80.575,63.9875,0.0],[-80.5813,63.9875,13.7618],[-80.5833,63.9896,2.286],[-80.5818,63.9932,0.0],[-80.5875,63.9917,1.1514],[-80.5922,63.9953,0.0],[-80.6,63.9958,0.0],[-80.6078,63.9984,6.6191],[-80.6104,64.0021,0.0],[-80.6167,64.0021,0.0],[-80.6208,64.0,4.8769],[-80.6328,64.0005,0.0],[-80.6328,64.0036,0.0],[-80.6312,64.0042,0.0],[-80.6271,64.0021,0.0],[-80.6214,64.0026,0.0],[-80.6203,64.0057,0.0],[-80.6172,64.0068,0.0],[-80.6188,64.0083,0.0],[-80.625,64.0062,0.0],[-80.6354,64.0062,0.0],[-80.6396,64.0083,0.0],[-80.6542,64.0083,0.0],[-80.6583,64.0104,0.0],[-80.6646,64.0083,0.0],[-80.6807,64.0089,0.0],[-80.6818,64.012,0.0],[-80.6995,64.0172,0.0],[-80.7026,64.0203,0.0],[-80.7078,64.0214,0.0],[-80.7109,64.0266,0.0],[-80.7161,64.0276,7.7205],[-80.7172,64.0307,0.0],[-80.7224,64.0318,4.4115],[-80.7255,64.0349,0.0],[-80.7286,64.0349,0.0],[-80.7276,64.0318,5.2552],[-80.7292,64.0313,0.0],[-80.737,64.0318,3.739],[-80.7338,64.0339,0.0],[-80.7349,64.037,4.0866],[-80.7318,64.038,2.9299],[-80.7292,64.0417,2.4823],[-80.7297,64.0432,2.193],[-80.7349,64.0443,11.677],[-80.7318,64.0474,2.3626],[-80.737,64.0484,21.3264],[-80.7359,64.0516,0.0],[-80.7411,64.0526,8.7623],[-80.7438,64.0583,0.0],[-80.7422,64.062,7.0138],[-80.7479,64.0604,3.7122],[-80.7583,64.0604,4.9753],[-80.7625,64.0625,0.0],[-80.7703,64.063,0.0],[-80.7688,64.0646,0.0],[-80.763,64.0651,0.0],[-80.7651,64.0703,0.0],[-80.7729,64.0729,0.0],[-80.7771,64.0708,0.0],[-80.7849,64.0714,0.0],[-80.7818,64.0745,0.0],[-80.787,64.0755,0.0],[-80.7922,64.0828,0.0],[-80.8104,64.0854,2.5154],[-80.8182,64.088,0.0],[-80.8229,64.0917,0.5189],[-80.8333,64.0917,7.9833],[-80.838,64.0953,2.6368],[-80.8458,64.0958,8.1901],[-80.8536,64.0984,0.0],[-80.8568,64.1016,0.0],[-80.8646,64.1042,0.0],[-80.8724,64.1047,15.4387],[-80.8755,64.1078,0.0],[-80.8849,64.1088,0.0],[-80.8859,64.112,0.0],[-80.8912,64.112,0.0]]],
[[[-80.2755,63.8036,0.0],[-80.2786,63.8036,0.0],[-80.2786,63.8026,0.0],[-80.2755,63.8026,0.0],[-80.2755,63.8036,0.0]]],
[[[-82.0672,63.8599,16.3226],[-82.0687,63.8604,16.2084],[-82.0703,63.8589,15.692],[-82.0687,63.8583,16.6205],[-82.0672,63.8599,16.3226]]],
[[[-82.0734,63.862,15.5899],[-82.0766,63.862,15.8411],[-82.0766,63.8609,15.4694],[-82.0734,63.8609,15.7672],[-82.0734,63.862,15.5899]]],
[[[-82.3193,63.8703,4.5572],[-82.3292,63.875,4.2117],[-82.3349,63.8734,1.5],[-82.3375,63.8771,3.2864],[-82.3354,63.8812,3.3147],[-82.3375,63.8833,3.0834],[-82.3411,63.8828,3.1891],[-82.3474,63.8786,1.9296],[-82.3453,63.8734,1.661],[-82.3401,63.8724,2.3726],[-82.338,63.8703,1.5],[-82.3453,63.8672,0.0],[-82.3375,63.8646,2.3777],[-82.3292,63.8688,1.5],[-82.3255,63.8651,1.5],[-82.3313,63.8646,1.5],[-82.3328,63.863,2.074],[-82.3276,63.862,0.8723],[-82.3245,63.8589,1.9886],[-82.3213,63.8589,1.0],[-82.3167,63.8625,1.0],[-82.3068,63.8599,3.3709],[-82.3068,63.8568,3.06],[-82.312,63.8536,1.9887],[-82.3099,63.8484,1.8541],[-82.3083,63.8479,1.8865],[-82.3047,63.8484,2.6132],[-82.3057,63.8516,2.986],[-82.3026,63.8526,3.5277],[-82.3036,63.8557,3.317],[-82.2979,63.8563,4.3854],[-82.2922,63.8516,4.8432],[-82.2953,63.8484,3.6603],[-82.2839,63.8453,3.8788],[-82.287,63.8422,3.2965],[-82.2771,63.8417,4.8821],[-82.2729,63.8396,5.5065],[-82.2714,63.8401,6.0997],[-82.2724,63.8432,6.216],[-82.2693,63.8443,6.2176],[-82.2703,63.8474,5.8572],[-82.2672,63.8484,6.4976],[-82.2682,63.8516,6.8023],[-82.2651,63.8526,7.5378],[-82.2672,63.8557,6.9875],[-82.2724,63.8568,6.7359],[-82.2693,63.8589,6.9237],[-82.2703,63.862,6.5684],[-82.263,63.863,7.0609],[-82.2651,63.8682,6.7908],[-82.2667,63.8688,7.0885],[-82.275,63.8688,6.7582],[-82.2896,63.8729,6.236],[-82.2995,63.8703,5.0622],[-82.3042,63.8667,3.5],[-82.3146,63.8646,3.5],[-82.3193,63.8703,4.5572]]],
[[[-82.2484,63.8641,7.7991],[-82.25,63.8646,7.8576],[-82.2516,63.863,7.6073],[-82.25,63.8625,7.5713],[-82.2484,63.8641,7.7991]]],
[[[-82.1943,63.8661,10.6602],[-82.1974,63.8661,10.8838],[-82.1974,63.8651,10.7068],[-82.1943,63.8651,10.6663],[-82.1943,63.8661,10.6602]]],
[[[-82.1562,63.8646,11.8423],[-82.1578,63.863,11.8751],[-82.15,63.8604,12.3392],[-82.1443,63.8609,12.4587],[-82.1401,63.8693,12.2138],[-82.1401,63.8724,12.0241],[-82.1453,63.8724,11.8202],[-82.1443,63.8693,11.0],[-82.1562,63.8646,11.8423]]],
[[[-82.275,63.8708,6.9967],[-82.2708,63.8708,7.4094],[-82.2693,63.8724,7.3894],[-82.2766,63.8724,6.2695],[-82.275,63.8708,6.9967]]],
[[[-82.2604,63.8708,7.5682],[-82.2588,63.8724,7.4611],[-82.2609,63.8745,7.8558],[-82.2641,63.8745,7.3584],[-82.262,63.8714,7.584],[-82.2604,63.8708,7.5682]]],
[[[-82.1047,63.8755,14.1006],[-82.1078,63.8734,13.5189],[-82.0984,63.8714,13.8061],[-82.1005,63.8766,14.1397],[-82.1047,63.8755,14.1006]]],
[[[-82.1172,63.8724,13.252],[-82.1224,63.8734,12.8763],[-82.1208,63.875,13.1401],[-82.1151,63.8755,13.3789],[-82.1172,63.8807,13.3227],[-82.1188,63.8812,13.3856],[-82.1266,63.8807,12.8411],[-82.1214,63.8776,13.1135],[-82.1286,63.8766,12.4363],[-82.1312,63.8729,12.4572],[-82.1292,63.8708,12.8519],[-82.1188,63.8708,13.2766],[-82.1172,63.8724,13.252]]],
[[[-82.2854,63.8771,6.4197],[-82.2818,63.8786,6.6738],[-82.2911,63.8786,5.6494],[-82.2896,63.8771,6.2036],[-82.2854,63.8771,6.4197]]],
[[[-82.2063,63.8812,11.2985],[-82.2104,63.8812,11.0243],[-82.212,63.8797,10.555],[-82.2026,63.8776,11.1679],[-82.2026,63.8807,11.2213],[-82.2063,63.8812,11.2985]]],
[[[-82.2328,63.8911,10.4944],[-82.2307,63.888,10.4789],[-82.2234,63.888,10.9675],[-82.2234,63.8891,11.0401],[-82.2328,63.8911,10.4944]]],
[[[-82.2037,63.8974,11.607],[-82.2005,63.8995,11.734],[-82.2057,63.8995,11.6226],[-82.2078,63.8964,11.3242],[-82.2063,63.8958,11.326599999999999],[-82.2037,63.8974,11.607]]],
[[[-82.2417,63.8958,10.1778],[-82.2391,63.8922,10.1552],[-82.2338,63.8922,10.6099],[-82.2391,63.9005,10.7151],[-82.2359,63.9036,10.4153],[-82.2401,63.9078,11.1535],[-82.2641,63.9036,10.7082],[-82.262,63.9005,9.8132],[-82.2568,63.8974,9.6238],[-82.2578,63.8943,9.2274],[-82.2547,63.8943,9.5276],[-82.25,63.8979,9.9723],[-82.2417,63.8958,10.1778]]],
[[[-82.0083,63.8979,17.1838],[-82.0042,63.8979,16.8483],[-82.0026,63.8995,17.1917],[-82.0162,63.9005,16.777],[-82.0182,63.9026,16.1295],[-82.0151,63.9047,16.0354],[-82.0167,63.9063,15.7462],[-82.0245,63.9057,15.4945],[-82.0271,63.9021,16.012],[-82.0266,63.9005,16.4621],[-82.0214,63.8995,17.0092],[-82.0167,63.8937,17.5138],[-82.013,63.8943,17.1501],[-82.0083,63.8979,17.1838]]],
[[[-80.2901,63.8057,0.0],[-80.2917,63.8063,0.0],[-80.2932,63.8047,0.0],[-80.2917,63.8042,0.0],[-80.2901,63.8057,0.0]]],
[[[-80.2625,63.8104,0.0],[-80.2667,63.8104,0.0],[-80.2682,63.8089,0.0],[-80.2588,63.8068,0.0],[-80.2588,63.8099,0.0],[-80.2625,63.8104,0.0]]],
[[[-80.3401,63.8266,0.0],[-80.3432,63.8266,0.0],[-80.3432,63.8255,0.0],[-80.3401,63.8255,0.0],[-80.3401,63.8266,0.0]]],
[[[-80.3755,63.8391,0.0],[-80.3786,63.8391,0.0],[-80.3786,63.838,0.0],[-80.3771,63.8375,0.0],[-80.3755,63.8391,0.0]]],
[[[-80.3734,63.8432,0.0],[-80.3766,63.8432,0.0],[-80.3766,63.8422,0.0],[-80.375,63.8417,0.0],[-80.3734,63.8432,0.0]]],
[[[-80.412,63.8453,0.0],[-80.4104,63.8438,0.0],[-80.4068,63.8443,0.0],[-80.4083,63.8458,0.0],[-80.412,63.8453,0.0]]],
[[[-80.4099,63.8495,0.0],[-80.4083,63.8479,0.0],[-80.4047,63.8484,0.0],[-80.4062,63.85,0.0],[-80.4099,63.8495,0.0]]],
[[[-80.3786,63.8474,0.0],[-80.3776,63.8495,0.0],[-80.3792,63.85,0.0],[-80.3833,63.8479,0.0],[-80.3891,63.8484,0.0],[-80.3912,63.8516,0.0],[-80.388,63.8536,0.0],[-80.3917,63.8563,0.0],[-80.3943,63.8526,0.0],[-80.4016,63.8516,0.0],[-80.3964,63.8495,0.0],[-80.3917,63.8438,0.0],[-80.3854,63.8458,0.0],[-80.3812,63.8438,0.0],[-80.3786,63.8474,0.0]]],
[[[-80.4109,63.8516,0.0],[-80.4125,63.8521,0.0],[-80.4141,63.8505,0.0],[-80.4125,63.85,0.0],[-80.4109,63.8516,0.0]]],
[[[-80.4276,63.8536,0.0],[-80.4307,63.8536,0.0],[-80.4307,63.8526,0.0],[-80.4276,63.8526,0.0],[-80.4276,63.8536,0.0]]],
[[[-80.3755,63.8557,0.0],[-80.3771,63.8563,0.0],[-80.3786,63.8547,0.0],[-80.3771,63.8542,0.0],[-80.3755,63.8557,0.0]]],
[[[-80.4943,63.8557,0.0],[-80.4958,63.8563,0.0],[-80.4974,63.8547,0.0],[-80.4958,63.8542,0.0],[-80.4943,63.8557,0.0]]],
[[[-80.3818,63.8578,0.0],[-80.3849,63.8578,0.0],[-80.3849,63.8568,0.0],[-80.3818,63.8568,0.0],[-80.3818,63.8578,0.0]]],
[[[-80.9776,63.9974,0.0],[-80.9807,63.9974,0.0],[-80.9807,63.9964,0.0],[-80.9792,63.9958,0.0],[-80.9776,63.9974,0.0]]],
[[[-80.6104,64.0042,0.0],[-80.5964,64.0026,0.0],[-80.6,64.0062,0.0],[-80.6161,64.0057,0.0],[-80.6146,64.0042,0.0],[-80.6104,64.0042,0.0]]],
[[[-81.1625,64.0229,11.1406],[-81.1583,64.0229,8.2275],[-81.1568,64.0245,0.0],[-81.1703,64.0266,0.0],[-81.1703,64.0234,11.8885],[-81.1625,64.0229,11.1406]]],
[[[-82.0088,63.9026,16.5511],[-82.0068,63.9057,15.8412],[-82.0141,63.9036,16.2545],[-82.0125,63.9021,16.6015],[-82.0088,63.9026,16.5511]]],
[[[-82.2109,63.9078,11.5298],[-82.2125,63.9083,11.6551],[-82.2141,63.9068,11.3521],[-82.2109,63.9068,11.5718],[-82.2109,63.9078,11.5298]]],
[[[-82.0307,63.9078,15.4781],[-82.0292,63.9063,15.7277],[-82.0255,63.9068,15.8685],[-82.0271,63.9083,15.4694],[-82.0307,63.9078,15.4781]]],
[[[-82.1396,63.9104,13.4164],[-82.1521,63.9083,13.359],[-82.1536,63.9068,12.0],[-82.1417,63.9063,13.4503],[-82.1359,63.9089,13.5553],[-82.1396,63.9104,13.4164]]],
[[[-82.1484,63.912,13.6103],[-82.15,63.9125,13.5375],[-82.1516,63.9109,13.5179],[-82.1484,63.9109,13.565],[-82.1484,63.912,13.6103]]],
[[[-82.0162,63.9141,14.8848],[-82.0146,63.9125,15.3592],[-82.0109,63.913,15.3913],[-82.0125,63.9146,15.1289],[-82.0162,63.9141,14.8848]]],
[[[-82.1786,63.9161,13.2188],[-82.1771,63.9146,13.178],[-82.1734,63.9151,12.8821],[-82.175,63.9167,12.8219],[-82.1786,63.9161,13.2188]]],
[[[-82.0484,63.9203,14.0306],[-82.0516,63.9203,14.2012],[-82.0516,63.9193,14.2041],[-82.0484,63.9193,13.5],[-82.0484,63.9203,14.0306]]],
[[[-82.0609,63.9307,13.1528],[-82.0625,63.9313,13.1441],[-82.0641,63.9297,11.5],[-82.0625,63.9292,11.5],[-82.0609,63.9307,13.1528]]],
[[[-81.9964,63.9328,12.4121],[-81.9995,63.9328,12.07],[-81.9995,63.9318,12.3572],[-81.9979,63.9313,12.6213],[-81.9964,63.9328,12.4121]]],
[[[-82.1896,63.9333,13.4366],[-82.1875,63.9313,13.2669],[-82.1854,63.9333,12.0],[-82.1875,63.9354,12.0],[-82.1896,63.9333,13.4366]]],
[[[-82.1245,63.9349,13.4171],[-82.1229,63.9333,13.5241],[-82.1193,63.9339,13.5985],[-82.1208,63.9354,13.4433],[-82.1245,63.9349,13.4171]]],
[[[-81.9838,63.937,11.323],[-81.9875,63.9396,10.8762],[-81.9938,63.9396,10.6431],[-82.0042,63.9437,10.4544],[-82.0083,63.9417,10.3163],[-82.0125,63.9437,9.0],[-82.0162,63.9432,10.0932],[-82.0141,63.9401,11.09],[-82.0088,63.9391,11.1737],[-82.0057,63.9359,11.6113],[-81.9979,63.9354,11.7004],[-81.9938,63.9333,12.3529],[-81.9896,63.9354,11.6872],[-81.9854,63.9333,12.3723],[-81.9818,63.9339,12.1088],[-81.9838,63.937,11.323]]],
[[[-82.2172,63.9391,12.0],[-82.2187,63.9396,12.0],[-82.2203,63.938,12.9201],[-82.2172,63.938,12.948],[-82.2172,63.9391,12.0]]],
[[[-81.9818,63.9411,10.5237],[-81.9849,63.9411,10.6034],[-81.9849,63.9401,10.8565],[-81.9818,63.9401,10.9241],[-81.9818,63.9411,10.5237]]],
[[[-82.213,63.9453,13.3727],[-82.2146,63.9458,13.5632],[-82.2161,63.9443,12.9576],[-82.2146,63.9437,13.2382],[-82.213,63.9453,13.3727]]],
[[[-81.9505,63.9516,9.0073],[-81.9537,63.9516,8.8779],[-81.9537,63.9505,9.1398],[-81.9505,63.9505,9.2322],[-81.9505,63.9516,9.0073]]],
[[[-81.9443,63.9557,7.2003],[-81.9474,63.9557,7.1767],[-81.9474,63.9547,7.8257],[-81.9443,63.9547,8.2493],[-81.9443,63.9557,7.2003]]],
[[[-81.9547,63.9578,6.611],[-81.9578,63.9578,6.6565],[-81.9578,63.9568,7.0584],[-81.9563,63.9562,7.1532],[-81.9547,63.9578,6.611]]],
[[[-81.9307,63.9578,7.8316],[-81.9292,63.9562,8.1627],[-81.9255,63.9568,7.5744],[-81.9271,63.9583,7.5737],[-81.9307,63.9578,7.8316]]],
[[[-82.4818,63.937,2.3788],[-82.4849,63.937,2.6021],[-82.4849,63.9359,2.5419],[-82.4833,63.9354,2.0311],[-82.4818,63.937,2.3788]]],
[[[-83.0214,63.9495,1.2164],[-83.0229,63.95,2.4324],[-83.0245,63.9484,1.7047],[-83.0229,63.9479,1.5152],[-83.0214,63.9495,1.2164]]],
[[[-83.1401,63.9703,0.0],[-83.1417,63.9708,0.0],[-83.1432,63.9693,0.0],[-83.1401,63.9693,0.0],[-83.1401,63.9703,0.0]]],
[[[-82.912,63.9714,2.5942],[-82.9099,63.971,0.0],[-82.9089,63.9724,2.0839],[-82.9104,63.9729,1.847],[-82.912,63.9714,2.5942]]],
[[[-81.9641,63.9516,7.5],[-81.9609,63.9536,7.9969],[-81.9807,63.9557,6.9285],[-81.9771,63.9521,7.9676],[-81.9708,63.9521,7.9686],[-81.9667,63.95,7.5],[-81.9641,63.9516,7.5]]],
[[[-82.238,63.9557,13.1398],[-82.2411,63.9557,13.0945],[-82.2411,63.9547,13.02],[-82.238,63.9547,13.2217],[-82.238,63.9557,13.1398]]],
[[[-82.0755,63.9599,9.5],[-82.0787,63.9599,10.8965],[-82.0787,63.9589,10.9098],[-82.0755,63.9589,9.5],[-82.0755,63.9599,9.5]]],
[[[-81.9922,63.963,5.658],[-81.9958,63.9667,4.9839],[-82.0,63.9625,6.1985],[-81.9979,63.9604,6.5877],[-81.9922,63.963,5.658]]],
[[[-81.9609,63.9661,4.2276],[-81.9641,63.9661,3.8945],[-81.9641,63.9651,4.1617],[-81.9625,63.9646,4.2546],[-81.9609,63.9661,4.2276]]],
[[[-81.9786,63.9661,4.8301],[-81.9771,63.9646,4.688],[-81.9734,63.9651,4.6952],[-81.975,63.9667,3.833],[-81.9786,63.9661,4.8301]]],
[[[-81.9437,63.9771,0.7218],[-81.9401,63.9776,0.9004],[-81.9401,63.9807,0.0],[-81.9516,63.9818,0.0],[-81.9505,63.9891,0.0],[-81.9583,63.9896,0.0],[-81.9703,63.9849,0.0],[-81.9687,63.9833,0.0],[-81.9609,63.9828,0.0],[-81.9589,63.9786,1.3612],[-81.9604,63.9771,1.5357],[-81.975,63.9771,1.7064],[-81.9792,63.9792,1.4794],[-81.9818,63.9755,2.144],[-81.9875,63.975,2.5196],[-81.9922,63.9786,2.2312],[-82.0042,63.9813,2.2185],[-82.0141,63.9766,3.5832],[-82.013,63.9734,3.8991],[-82.0208,63.9729,4.2485],[-82.0224,63.9745,3.9618],[-82.0193,63.9766,3.5874],[-82.0245,63.9776,3.4896],[-82.0214,63.9807,3.1199],[-82.0271,63.9854,3.2492],[-82.0286,63.9849,3.2492],[-82.0276,63.9818,4.0347],[-82.0307,63.9807,4.0939],[-82.0297,63.9776,4.5381],[-82.0328,63.9755,4.6901],[-82.0276,63.9745,4.7067],[-82.0255,63.9714,4.9421],[-82.0354,63.9708,5.9842],[-82.037,63.9693,6.9877],[-82.0292,63.9688,5.8844],[-82.0188,63.9646,6.1057],[-82.013,63.9651,5.6084],[-82.0141,63.9703,4.221],[-82.0125,63.9708,4.365],[-81.9938,63.9708,3.4067],[-81.9875,63.9667,4.8417],[-81.9812,63.9667,4.5189],[-81.975,63.9708,3.353],[-81.9604,63.9708,2.5265],[-81.9589,63.9703,2.5196],[-81.9599,63.9672,3.3713],[-81.9542,63.9667,3.8379],[-81.9443,63.9703,3.2991],[-81.9495,63.9714,2.299],[-81.9505,63.9745,1.6199],[-81.9557,63.9766,1.3635],[-81.9437,63.9771,0.7218]]],
[[[-82.0437,63.9813,5.0],[-82.0516,63.9818,7.0461],[-82.0484,63.9849,5.5],[-82.0536,63.9859,6.4403],[-82.0609,63.9953,5.2961],[-82.0641,63.9964,5.9031],[-82.0625,64.0,5.108],[-82.0646,64.0021,4.0],[-82.0708,64.0021,4.5775],[-82.0766,63.9984,5.0],[-82.0693,63.9891,8.0157],[-82.0724,63.987,7.8184],[-82.0703,63.9818,7.5],[-82.0667,63.9792,7.5],[-82.0589,63.9786,7.9233],[-82.0599,63.9755,8.6634],[-82.0526,63.9703,8.5792],[-82.0583,63.9667,9.23],[-82.0641,63.9672,8.5],[-82.0589,63.9724,8.3779],[-82.0667,63.9729,9.3059],[-82.0745,63.9755,8.0],[-82.0766,63.9786,8.7824],[-82.0734,63.9807,8.5642],[-82.0787,63.9818,8.1752],[-82.0839,63.987,6.5],[-82.0896,63.9854,9.0026],[-82.1016,63.9859,8.8612],[-82.1026,63.9891,7.0],[-82.1078,63.9901,8.5475],[-82.1062,63.9938,8.0029],[-82.1088,63.9974,6.5],[-82.1208,63.9958,8.8001],[-82.125,63.9979,9.0561],[-82.1292,63.9979,9.2797],[-82.1307,63.9964,9.6064],[-82.1255,63.9943,9.7984],[-82.1333,63.9938,10.0172],[-82.1375,63.9958,8.0],[-82.1396,63.9938,10.289],[-82.1391,63.9922,10.1331],[-82.1312,63.9896,10.4791],[-82.1172,63.9891,10.3628],[-82.1161,63.9859,9.5],[-82.1109,63.9849,10.2757],[-82.112,63.9818,10.5988],[-82.1042,63.9792,10.434],[-82.0922,63.9786,10.465],[-82.0891,63.9755,10.4559],[-82.0839,63.9745,10.8035],[-82.0828,63.9714,9.5],[-82.0713,63.9703,8.5],[-82.0724,63.9651,9.5],[-82.063,63.9641,8.5],[-82.0568,63.962,10.2493],[-82.0521,63.9583,10.2879],[-82.0505,63.9589,9.7969],[-82.0516,63.962,10.3168],[-82.05,63.9625,7.5],[-82.038,63.9609,8.0296],[-82.0401,63.9641,7.7937],[-82.0453,63.9651,8.275],[-82.0536,63.9776,7.1147],[-82.0521,63.9792,6.0],[-82.0401,63.9797,4.0],[-82.0437,63.9813,5.0]]],
[[[-81.9313,63.9625,4.5],[-81.937,63.962,5.7726],[-81.938,63.9589,6.6385],[-81.9432,63.9568,7.0924],[-81.9359,63.9568,7.9602],[-81.9297,63.9609,6.6551],[-81.9313,63.9625,4.5]]],
[[[-81.8526,63.962,7.5],[-81.8542,63.9625,7.9585],[-81.8557,63.9609,7.5],[-81.8542,63.9604,9.7861],[-81.8526,63.962,7.5]]],
[[[-81.8245,63.962,9.7848],[-81.8229,63.9604,10.2323],[-81.8167,63.9604,10.3716],[-81.8109,63.9641,9.5029],[-81.8146,63.9667,8.143],[-81.825,63.9667,8.2361],[-81.8266,63.9651,8.9535],[-81.8213,63.9641,9.1979],[-81.8245,63.962,9.7848]]],
[[[-81.8682,63.9661,5.5849],[-81.8682,63.963,6.2566],[-81.8667,63.9625,6.9239],[-81.8588,63.963,6.9738],[-81.8588,63.9641,6.5424],[-81.8682,63.9661,5.5849]]],
[[[-81.8354,63.9667,7.2663],[-81.8437,63.9667,6.1853],[-81.8495,63.963,8.2117],[-81.8417,63.9625,9.4804],[-81.8375,63.9646,8.2826],[-81.8333,63.9646,9.6047],[-81.8276,63.9672,8.2],[-81.8255,63.9703,6.241],[-81.8287,63.9703,5.619],[-81.8354,63.9667,7.2663]]],
[[[-81.9047,63.9682,5.1771],[-81.9068,63.9703,3.9937],[-81.9099,63.9703,3.9766],[-81.9078,63.9672,5.5616],[-81.9047,63.9682,5.1771]]],
[[[-81.7588,63.9703,8.9834],[-81.7604,63.9708,8.88],[-81.762,63.9693,10.0837],[-81.7588,63.9693,10.0869],[-81.7588,63.9703,8.9834]]],
[[[-81.8964,63.9703,4.3701],[-81.8979,63.9708,3.5224],[-81.8995,63.9693,4.8105],[-81.8964,63.9693,4.933],[-81.8964,63.9703,4.3701]]],
[[[-81.8068,63.9703,7.6944],[-81.8083,63.9708,7.0948],[-81.8099,63.9693,7.7384],[-81.8068,63.9693,7.7808],[-81.8068,63.9703,7.6944]]],
[[[-81.8464,63.9724,3.9785],[-81.8479,63.9729,3.7485],[-81.8495,63.9714,4.2913],[-81.8464,63.9714,4.3219],[-81.8464,63.9724,3.9785]]],
[[[-81.9307,63.9714,3.3332],[-81.9271,63.9708,3.5662],[-81.9255,63.9724,3.3498],[-81.9292,63.9729,3.2897],[-81.9307,63.9714,3.3332]]],
[[[-81.9391,63.9716,2.7239],[-81.9375,63.9708,3.1296],[-81.9359,63.9724,3.0609],[-81.9375,63.9729,2.849],[-81.9391,63.9716,2.7239]]],
[[[-81.8797,63.9745,2.2613],[-81.8812,63.975,2.4884],[-81.8828,63.9734,3.0332],[-81.8797,63.9734,3.0946],[-81.8797,63.9745,2.2613]]],
[[[-81.8125,63.9771,4.8054],[-81.8182,63.9766,4.7602],[-81.8224,63.9734,4.784],[-81.8187,63.9708,7.0488],[-81.8005,63.9755,5.8229],[-81.8042,63.9792,3.3479],[-81.8083,63.9792,2.0],[-81.8125,63.9771,4.8054]]],
[[[-81.763,63.9766,7.1263],[-81.7646,63.9792,6.7298],[-81.763,63.9849,3.6055],[-81.7771,63.9875,1.5841],[-81.7786,63.9859,0.5],[-81.7755,63.9818,3.9269],[-81.7812,63.9792,5.0175],[-81.7937,63.9771,5.6936],[-81.7953,63.9755,5.7886],[-81.7911,63.9693,9.7597],[-81.7833,63.9688,9.7166],[-81.7755,63.9734,8.1936],[-81.7766,63.9766,6.0],[-81.7688,63.9771,7.141],[-81.7646,63.975,7.4217],[-81.763,63.9766,7.1263]]],
[[[-81.8932,63.9828,0.0],[-81.8932,63.9797,0.5558],[-81.8917,63.9792,-0.5],[-81.8838,63.9797,0.649],[-81.8901,63.9828,0.0],[-81.8932,63.9828,0.0]]],
[[[-82.2464,63.9901,11.6843],[-82.2479,63.9917,11.8232],[-82.2557,63.9911,11.3192],[-82.2521,63.9875,11.3817],[-82.2464,63.9901,11.6843]]],
[[[-82.2662,63.9911,11.256],[-82.2646,63.9896,11.7477],[-82.2609,63.9901,11.4935],[-82.2625,63.9917,11.0736],[-82.2662,63.9911,11.256]]],
[[[-82.0271,63.9875,3.6817],[-82.0214,63.9859,2.5872],[-82.0224,63.9891,3.0375],[-82.0151,63.9922,2.2056],[-82.0162,63.9953,2.7074],[-82.0021,63.9958,1.0212],[-82.0005,63.9974,1.1608],[-82.0208,63.9979,2.7518],[-82.025,63.9958,3.6553],[-82.0333,63.9958,3.8268],[-82.0391,63.9932,4.5934],[-82.0307,63.988,4.1987],[-82.0271,63.9875,3.6817]]],
[[[-82.0583,63.9958,5.1312],[-82.0542,63.9958,5.1306],[-82.0526,63.9974,3.5],[-82.0599,63.9974,5.318],[-82.0583,63.9958,5.1312]]],
[[[-83.1146,63.9771,3.112],[-83.113,63.9786,3.2404],[-83.1151,63.9807,3.0689],[-83.1182,63.9807,2.0853],[-83.1161,63.9776,1.9972],[-83.1146,63.9771,3.112]]],
[[[-83.1088,64.0078,3.0617],[-83.112,64.0078,3.2302],[-83.112,64.0068,3.2477],[-83.1088,64.0068,2.4438],[-83.1088,64.0078,3.0617]]],
[[[-83.0911,64.0089,4.458],[-83.0979,64.0104,3.7256],[-83.1036,64.0068,2.5431],[-83.0917,64.0062,4.2066],[-83.0901,64.0068,4.0824],[-83.0911,64.0089,4.458]]],
[[[-83.2243,64.0088,2.2891],[-83.2089,64.0068,0.0],[-83.2109,64.012,0.0],[-83.2125,64.0125,0.0],[-83.2229,64.0125,0.0],[-83.2245,64.012,0.0],[-83.2243,64.0088,2.2891]]],
[[[-82.3354,63.9979,11.5917],[-82.3339,63.9984,11.5027],[-82.3339,64.0016,11.4113],[-82.3391,64.0016,11.7213],[-82.3391,64.0005,11.5082],[-82.3354,63.9979,11.5917]]],
[[[-82.3224,63.9984,11.7401],[-82.3146,63.9958,10.7924],[-82.3089,63.9995,11.7046],[-82.313,64.0057,11.3944],[-82.3167,64.0083,11.9464],[-82.3213,64.0026,11.7853],[-82.3287,64.0016,11.1989],[-82.3224,63.9984,11.7401]]],
[[[-82.1464,64.0036,9.3477],[-82.1495,64.0036,9.5478],[-82.1495,64.0026,9.3788],[-82.1464,64.0026,9.3024],[-82.1464,64.0036,9.3477]]],
[[[-82.3432,64.0078,12.182],[-82.3417,64.0062,11.7401],[-82.338,64.0068,11.6755],[-82.3396,64.0083,12.2741],[-82.3432,64.0078,12.182]]],
[[[-82.0891,64.0057,6.3365],[-82.0875,64.0083,5.5],[-82.0896,64.0104,5.9893],[-82.0911,64.0099,5.703],[-82.0932,64.0047,7.0179],[-82.0891,64.0057,6.3365]]],
[[[-82.0036,64.0109,1.6457],[-82.0078,64.012,1.9338],[-82.012,64.0099,1.9968],[-82.0141,64.0068,1.9696],[-82.0068,64.0068,1.5],[-82.0026,64.0089,1.4498],[-82.0036,64.0109,1.6457]]],
[[[-82.0182,64.012,2.5659],[-82.0167,64.0104,1.9839],[-82.013,64.0109,1.9566],[-82.0146,64.0125,1.9648],[-82.0182,64.012,2.5659]]],
[[[-82.2037,64.0141,9.5],[-82.2037,64.0109,10.0],[-82.1943,64.0109,10.0],[-82.2005,64.0141,9.5],[-82.2037,64.0141,9.5]]],
[[[-81.7818,63.9828,3.2219],[-81.7849,63.9828,3.0115],[-81.7849,63.9818,3.1214],[-81.7818,63.9818,3.3202],[-81.7818,63.9828,3.2219]]],
[[[-81.9234,63.9828,0.0],[-81.9266,63.9828,0.0],[-81.9266,63.9818,0.0],[-81.9234,63.9818,0.0],[-81.9234,63.9828,0.0]]],
[[[-81.8203,63.9849,1.5],[-81.8187,63.9833,2.1193],[-81.8151,63.9839,2.0457],[-81.8167,63.9854,1.0],[-81.8203,63.9849,1.5]]],
[[[-81.9297,63.9849,0.0],[-81.9313,63.9854,0.0],[-81.9328,63.9839,0.0],[-81.9313,63.9833,0.0],[-81.9297,63.9849,0.0]]],
[[[-81.9401,63.987,0.0],[-81.9432,63.987,0.0],[-81.9432,63.9859,0.0],[-81.9401,63.9859,0.0],[-81.9401,63.987,0.0]]],
[[[-81.7438,63.9854,5.0418],[-81.7333,63.9854,5.4625],[-81.7312,63.9875,4.8857],[-81.7318,63.9891,4.2094],[-81.7396,63.9917,2.7639],[-81.75,63.9917,1.5548],[-81.7599,63.987,2.4813],[-81.7562,63.9833,5.3899],[-81.7521,63.9875,3.506],[-81.7479,63.9854,4.9466],[-81.7438,63.9854,5.0418]]],
[[[-81.8,63.9854,2.0489],[-81.7922,63.9859,2.494],[-81.7901,63.9891,1.2907],[-81.7995,63.9911,-0.5],[-81.8036,63.9891,1.4802],[-81.8,63.9854,2.0489]]],
[[[-81.7167,63.9875,5.4162],[-81.713,63.9891,4.5736],[-81.7224,63.9891,4.5424],[-81.7208,63.9875,5.2382],[-81.7167,63.9875,5.4162]]],
[[[-81.8234,63.9911,0.0],[-81.8313,63.9917,0.0],[-81.837,63.988,0.5892],[-81.8333,63.9875,1.34],[-81.8234,63.9911,0.0]]],
[[[-81.7588,63.9911,1.7295],[-81.762,63.9911,1.361],[-81.762,63.9901,1.7646],[-81.7588,63.9901,1.5525],[-81.7588,63.9911,1.7295]]],
[[[-81.7542,63.9938,1.0631],[-81.7505,63.9953,0.6181],[-81.7599,63.9953,0.0],[-81.7583,63.9938,0.0],[-81.7542,63.9938,1.0631]]],
[[[-81.7234,63.9953,2.9903],[-81.7266,63.9953,2.9632],[-81.7266,63.9943,3.177],[-81.725,63.9938,3.0008],[-81.7234,63.9953,2.9903]]],
[[[-81.9271,64.0042,0.0],[-81.9313,64.0042,0.0],[-81.9453,64.0089,0.0],[-81.9479,64.0125,0.0],[-81.9516,64.012,0.0],[-81.9505,64.0089,0.0],[-81.9583,64.0042,0.0],[-81.9771,64.0104,0.0],[-81.9807,64.0078,0.0],[-81.9797,64.0026,0.0],[-81.9828,64.0016,0.0],[-81.9818,63.9984,0.0],[-81.9849,63.9974,0.0],[-81.9875,63.9938,0.0],[-81.9828,63.988,0.0],[-81.975,63.9854,0.0],[-81.9734,63.9859,0.0],[-81.9745,63.9891,0.0],[-81.9703,63.9911,0.0],[-81.9547,63.9922,0.0],[-81.9516,63.9995,0.0],[-81.95,64.0,0.0],[-81.9401,63.9953,0.0],[-81.9432,63.9922,0.0],[-81.9375,63.9917,0.0],[-81.9318,63.9953,0.0],[-81.9391,63.9995,0.0],[-81.9255,64.0005,0.0],[-81.9234,64.0036,0.0],[-81.9271,64.0042,0.0]]],
[[[-81.9,64.0,0.0],[-81.8979,64.0021,0.0],[-81.9,64.0042,0.0],[-81.9224,64.0057,0.0],[-81.9146,64.0021,0.0],[-81.9,64.0,0.0]]],
[[[-81.9041,64.0625,2.0726],[-81.9078,64.062,1.6013],[-81.9068,64.0589,1.6128],[-81.9099,64.0568,1.321],[-81.9062,64.0563,1.1182],[-81.8943,64.0609,1.0284],[-81.8958,64.0625,1.0764],[-81.9041,64.0625,2.0726]]],
[[[-81.8891,64.062,0.9385],[-81.8875,64.0604,0.6012],[-81.8838,64.0609,0.0],[-81.8854,64.0625,0.0],[-81.8891,64.062,0.9385]]],
[[[-85.5042,63.1083,3.8428],[-85.5005,63.1099,1.7994],[-85.5099,63.1099,0.0],[-85.5083,63.1083,0.0],[-85.5042,63.1083,3.8428]]],
[[[-85.3818,63.1109,0.0],[-85.3833,63.1125,3.3603],[-85.3896,63.1125,3.2717],[-85.3932,63.1089,0.0],[-85.3917,63.1083,0.0],[-85.3818,63.1109,0.0]]],
[[[-85.6109,63.5745,0.0],[-85.6125,63.575,0.0],[-85.6141,63.5734,0.0],[-85.6125,63.5729,0.0],[-85.6109,63.5745,0.0]]],
[[[-85.6005,63.6464,0.0],[-85.6042,63.65,0.0],[-85.6083,63.6458,0.0],[-85.6078,63.6443,0.0],[-85.6042,63.6437,0.0],[-85.6005,63.6464,0.0]]],
[[[-84.7318,63.2474,0.0],[-84.7349,63.2474,1.4554],[-84.7349,63.2464,0.0],[-84.7333,63.2458,0.0],[-84.7318,63.2474,0.0]]],
[[[-85.3057,64.0828,49.0044],[-85.3042,64.0813,49.1413],[-85.3005,64.0818,48.9651],[-85.3021,64.0833,49.2235],[-85.3057,64.0828,49.0044]]],
[[[-85.2568,64.1047,50.3079],[-85.2583,64.1062,49.9478],[-85.2703,64.1057,49.6595],[-85.2688,64.1042,49.5942],[-85.2568,64.1047,50.3079]]],
[[[-85.2609,64.1162,50.2771],[-85.2641,64.1162,50.1494],[-85.2641,64.1151,50.1104],[-85.2609,64.1151,50.1194],[-85.2609,64.1162,50.2771]]],
[[[-85.8453,63.7057,3.8793],[-85.8443,63.7078,4.0838],[-85.8458,63.7083,4.0663],[-85.8516,63.7047,3.8894],[-85.8479,63.7042,3.727],[-85.8453,63.7057,3.8793]]],
[[[-85.6771,63.7208,6.7431],[-85.687,63.7203,6.5172],[-85.6891,63.7151,5.5098],[-85.6755,63.7193,6.5416],[-85.6771,63.7208,6.7431]]],
[[[-85.8521,63.7188,5.7131],[-85.8484,63.7203,5.6971],[-85.8521,63.7229,6.2625],[-85.8542,63.7208,6.1453],[-85.8521,63.7188,5.7131]]],
[[[-85.7266,63.7214,6.5515],[-85.7234,63.7214,6.3458],[-85.7234,63.7224,6.29],[-85.7266,63.7224,6.6643],[-85.7266,63.7214,6.5515]]],
[[[-85.7151,63.7224,6.6348],[-85.7182,63.7224,6.4568],[-85.7182,63.7214,6.3593],[-85.7151,63.7214,6.5812],[-85.7151,63.7224,6.6348]]],
[[[-85.6713,63.7266,8.2504],[-85.6729,63.7271,8.6045],[-85.6745,63.7255,8.1334],[-85.6729,63.725,7.8851],[-85.6713,63.7266,8.2504]]],
[[[-85.7328,63.7286,7.7231],[-85.725,63.725,7.1088],[-85.7214,63.7255,6.9884],[-85.725,63.7292,8.3578],[-85.7328,63.7286,7.7231]]],
[[[-85.7047,63.7286,7.8376],[-85.7078,63.7286,7.851],[-85.7078,63.7276,7.7803],[-85.7047,63.7276,7.6419],[-85.7047,63.7286,7.8376]]],
[[[-85.8854,63.6937,2.7599],[-85.8917,63.6937,2.902],[-85.8932,63.6922,2.7372],[-85.8896,63.6896,2.2487],[-85.8797,63.6922,2.7483],[-85.8776,63.6943,2.9175],[-85.8776,63.6974,3.4457],[-85.8828,63.6974,3.5217],[-85.8818,63.6943,2.946],[-85.8854,63.6937,2.7599]]],
[[[-85.8818,63.7016,4.0702],[-85.8849,63.7016,4.1452],[-85.8849,63.7005,3.8843],[-85.8818,63.7005,3.8597],[-85.8818,63.7016,4.0702]]],
[[[-85.8578,63.7016,3.4227],[-85.8562,63.7,3.4272],[-85.8526,63.7005,3.256],[-85.8542,63.7021,3.6586],[-85.8578,63.7016,3.4227]]],
[[[-85.862,63.7016,3.6244],[-85.8588,63.7026,3.6862],[-85.8599,63.7057,4.0556],[-85.8588,63.7078,4.4523],[-85.8667,63.7104,5.1224],[-85.8729,63.7062,4.2926],[-85.8807,63.7078,5.0123],[-85.8786,63.7047,4.5114],[-85.8708,63.7042,4.1818],[-85.8661,63.7005,3.5388],[-85.862,63.7016,3.6244]]],
[[[-85.7172,63.7391,10.3026],[-85.7203,63.7391,10.4071],[-85.7203,63.738,9.8323],[-85.7187,63.7375,9.7344],[-85.7172,63.7391,10.3026]]],
[[[-85.863,63.7432,9.6005],[-85.8646,63.7438,9.5264],[-85.8661,63.7422,9.3117],[-85.8646,63.7417,9.3733],[-85.863,63.7432,9.6005]]],
[[[-85.8588,63.7453,9.6948],[-85.862,63.7453,9.6189],[-85.862,63.7443,9.5369],[-85.8588,63.7443,9.4001],[-85.8588,63.7453,9.6948]]],
[[[-85.6984,63.7453,11.315],[-85.7016,63.7453,11.3147],[-85.7016,63.7443,11.0437],[-85.7,63.7438,11.0437],[-85.6984,63.7453,11.315]]],
[[[-85.9229,63.7458,11.8647],[-85.9245,63.7443,11.9446],[-85.9167,63.7417,11.1951],[-85.913,63.7422,11.0704],[-85.9172,63.7474,11.734],[-85.9229,63.7458,11.8647]]],
[[[-86.0141,63.7453,14.0078],[-86.0125,63.7438,13.7376],[-86.0088,63.7443,13.6278],[-86.0104,63.7458,13.8328],[-86.0141,63.7453,14.0078]]],
[[[-85.9724,63.7474,13.3618],[-85.9687,63.7438,12.9109],[-85.963,63.7443,12.8697],[-85.9693,63.7474,13.2626],[-85.9724,63.7474,13.3618]]],
[[[-86.0062,63.7562,14.3764],[-86.0162,63.7526,14.5581],[-86.0125,63.75,14.1686],[-86.0047,63.7505,14.0761],[-86.0057,63.7536,14.2784],[-86.0047,63.7557,14.3764],[-86.0062,63.7562,14.3764]]],
[[[-85.7328,63.7464,11.299],[-85.7312,63.7458,11.1318],[-85.7297,63.7474,11.8305],[-85.7328,63.7474,11.5962],[-85.7328,63.7464,11.299]]],
[[[-85.8688,63.7458,10.0264],[-85.8651,63.7474,10.1332],[-85.8745,63.7474,10.3211],[-85.8729,63.7458,10.105],[-85.8688,63.7458,10.0264]]],
[[[-85.8536,63.7443,9.3129],[-85.8458,63.7438,9.0976],[-85.8422,63.7474,9.6056],[-85.85,63.75,10.0329],[-85.8557,63.7474,9.9112],[-85.8536,63.7443,9.3129]]],
[[[-85.7104,63.7562,13.6441],[-85.7063,63.7562,13.3711],[-85.7047,63.7578,13.75],[-85.712,63.7578,13.6318],[-85.7104,63.7562,13.6441]]],
[[[-85.7328,63.7589,13.3558],[-85.7297,63.7589,13.4371],[-85.7234,63.763,14.1919],[-85.7286,63.7651,14.4355],[-85.7255,63.7672,14.6359],[-85.7286,63.7724,15.0064],[-85.7255,63.7745,15.3967],[-85.7292,63.7771,15.8097],[-85.737,63.7766,15.7748],[-85.7318,63.7693,14.9185],[-85.7495,63.7578,12.872],[-85.7443,63.7547,12.5871],[-85.7516,63.7536,12.6666],[-85.7505,63.7505,12.4056],[-85.7536,63.7495,11.672],[-85.7526,63.7464,11.3049],[-85.7536,63.7443,10.9258],[-85.7422,63.7464,10.9851],[-85.7432,63.7495,11.6081],[-85.7411,63.7536,12.4634],[-85.7359,63.7568,12.8873],[-85.737,63.7599,13.5413],[-85.7328,63.7589,13.3558]]],
[[[-85.8797,63.8203,18.9019],[-85.8818,63.8224,19.2854],[-85.887,63.8234,19.2531],[-85.8901,63.8266,19.496],[-85.8979,63.8292,19.537],[-85.8995,63.8286,19.4875],[-85.8984,63.8255,19.3978],[-85.9,63.825,19.2627],[-85.9042,63.8271,19.2917],[-85.912,63.8266,18.9047],[-85.9068,63.8245,18.8998],[-85.9083,63.8208,18.6614],[-85.9068,63.8172,18.3332],[-85.912,63.8141,18.0585],[-85.9109,63.8109,17.9963],[-85.9203,63.8057,17.3648],[-85.9172,63.8005,17.2519],[-85.9224,63.7974,16.9226],[-85.9172,63.7953,16.5118],[-85.9151,63.7922,16.4933],[-85.9224,63.7911,16.4625],[-85.9213,63.788,16.0779],[-85.9286,63.787,16.0972],[-85.9234,63.7839,15.655],[-85.9286,63.7828,15.7217],[-85.9391,63.7766,15.4831],[-85.9417,63.7729,15.0003],[-85.9401,63.7693,14.6589],[-85.9537,63.7661,14.5098],[-85.9537,63.763,14.2915],[-85.9495,63.7589,13.8409],[-85.9443,63.7578,13.5157],[-85.9495,63.7526,13.2818],[-85.9458,63.75,12.9988],[-85.938,63.7495,12.8849],[-85.9313,63.7438,12.038],[-85.9234,63.7484,12.1174],[-85.9286,63.7516,12.7871],[-85.9187,63.7542,12.3423],[-85.9146,63.7521,12.3039],[-85.9089,63.7536,11.9934],[-85.9099,63.7505,11.7436],[-85.9021,63.7479,11.2609],[-85.8943,63.7484,10.8702],[-85.8875,63.7562,11.7396],[-85.8708,63.75,10.6018],[-85.8667,63.7521,11.018],[-85.8604,63.7521,10.8599],[-85.8562,63.75,10.3137],[-85.8505,63.7536,10.4486],[-85.8583,63.7562,11.1873],[-85.8682,63.7568,11.7336],[-85.863,63.762,12.1003],[-85.8682,63.763,12.6431],[-85.8703,63.7661,12.7992],[-85.8667,63.7667,12.8003],[-85.8625,63.7646,12.5729],[-85.8583,63.7667,12.8234],[-85.8526,63.7661,12.7031],[-85.8505,63.7641,12.4954],[-85.8516,63.7609,11.7979],[-85.8464,63.7599,11.7932],[-85.8443,63.7578,11.1907],[-85.8474,63.7547,11.0219],[-85.8422,63.7536,10.6175],[-85.837,63.7484,9.6193],[-85.8255,63.7443,8.97],[-85.8333,63.7396,8.1444],[-85.8349,63.7401,8.204],[-85.8339,63.7432,8.8674],[-85.8354,63.7438,9.0724],[-85.8411,63.7411,8.4966],[-85.838,63.7359,7.7167],[-85.8495,63.7349,7.8001],[-85.8484,63.7318,7.3178],[-85.85,63.7313,7.3178],[-85.8562,63.7333,7.6098],[-85.8682,63.7339,8.0359],[-85.8667,63.7354,8.1122],[-85.8609,63.7359,8.0282],[-85.8568,63.7411,8.8806],[-85.8682,63.7391,9.0493],[-85.8745,63.7349,8.3292],[-85.8734,63.7276,7.463],[-85.8828,63.7286,7.5942],[-85.8786,63.7214,6.756],[-85.8651,63.7224,6.5037],[-85.863,63.7193,6.0886],[-85.8661,63.7172,5.7667],[-85.8609,63.7161,5.5671],[-85.8588,63.7141,5.2762],[-85.8599,63.7109,4.8896],[-85.8542,63.7104,4.6917],[-85.8526,63.7109,4.7028],[-85.8505,63.7161,5.1681],[-85.8557,63.7172,5.4594],[-85.8599,63.7224,6.2204],[-85.8542,63.725,6.6071],[-85.8458,63.725,6.233],[-85.8411,63.7286,6.7636],[-85.8375,63.7292,6.79],[-85.8349,63.7255,6.3644],[-85.8297,63.7245,5.988],[-85.8234,63.7182,5.0856],[-85.8328,63.712,4.2085],[-85.8255,63.7078,3.7447],[-85.8266,63.7047,3.5206],[-85.8187,63.7042,3.1183],[-85.8141,63.7005,2.8303],[-85.8,63.6958,2.1085],[-85.7943,63.6984,2.5281],[-85.7922,63.7016,3.1483],[-85.7953,63.7057,3.4989],[-85.7901,63.7089,4.1276],[-85.788,63.7141,5.0628],[-85.7953,63.7182,5.6637],[-85.7839,63.7193,5.8172],[-85.7818,63.7245,6.5469],[-85.7896,63.725,6.8683],[-85.7974,63.7276,6.8253],[-85.7953,63.7307,7.8316],[-85.788,63.7318,8.1331],[-85.7891,63.7349,8.8741],[-85.7859,63.7359,8.9455],[-85.7911,63.738,9.5178],[-85.7932,63.7411,9.8235],[-85.7875,63.7396,9.7762],[-85.7854,63.7417,10.174],[-85.7859,63.7432,10.5174],[-85.7974,63.7464,10.3819],[-85.7995,63.7495,10.8507],[-85.7875,63.7542,12.0142],[-85.7818,63.7547,12.339],[-85.787,63.7568,12.4169],[-85.7854,63.7583,12.4686],[-85.7755,63.7568,12.6761],[-85.7734,63.7609,13.3362],[-85.7745,63.7641,13.5624],[-85.7714,63.7651,13.8095],[-85.7724,63.7682,14.1719],[-85.7693,63.7693,14.3227],[-85.7672,63.7724,14.821],[-85.7693,63.7745,15.0049],[-85.7745,63.7755,15.0118],[-85.7786,63.7828,15.8428],[-85.7714,63.7839,16.3132],[-85.7724,63.787,16.4231],[-85.7708,63.7875,16.4572],[-85.7562,63.7875,16.6583],[-85.7521,63.7854,16.4001],[-85.7464,63.788,16.8063],[-85.7474,63.7911,17.167],[-85.7464,63.7932,17.4122],[-85.7557,63.7943,17.454],[-85.7604,63.7979,17.9284],[-85.7646,63.7958,17.7672],[-85.7703,63.7964,17.6338],[-85.7693,63.7995,17.8548],[-85.7714,63.8036,18.2928],[-85.7786,63.8047,18.5353],[-85.7797,63.8078,18.6208],[-85.7849,63.8089,18.9347],[-85.7833,63.8104,19.0868],[-85.7667,63.8104,19.1403],[-85.7609,63.813,19.2975],[-85.7662,63.8193,19.7878],[-85.763,63.8224,20.0895],[-85.7724,63.8224,20.0805],[-85.7672,63.8161,19.2597],[-85.7688,63.8146,19.3586],[-85.7766,63.8151,19.3005],[-85.7734,63.8182,19.5917],[-85.7771,63.8208,19.9599],[-85.7797,63.8172,19.7074],[-85.7917,63.8125,19.0911],[-85.7958,63.8125,19.0128],[-85.7974,63.813,19.1442],[-85.7963,63.8161,19.4211],[-85.8042,63.8187,19.6674],[-85.8182,63.8193,19.7687],[-85.8151,63.8224,19.9091],[-85.8229,63.825,19.5932],[-85.8287,63.8224,19.5978],[-85.8276,63.8193,19.288],[-85.838,63.813,18.6983],[-85.8437,63.8146,18.668],[-85.8479,63.8125,18.6077],[-85.8495,63.813,18.6089],[-85.8484,63.8161,18.7879],[-85.85,63.8167,18.9612],[-85.8557,63.8141,18.441],[-85.8547,63.8109,18.3434],[-85.8599,63.8078,18.2303],[-85.8651,63.8005,17.090699999999998],[-85.8682,63.7995,16.8573],[-85.8672,63.7964,16.5442],[-85.875,63.7938,16.1909],[-85.8786,63.7943,16.1804],[-85.8755,63.7974,16.4556],[-85.8786,63.8016,17.1765],[-85.8755,63.8026,17.1814],[-85.8734,63.8057,17.7528],[-85.8912,63.8109,18.4137],[-85.8932,63.813,18.4418],[-85.8917,63.8146,18.7444],[-85.8833,63.8146,18.5628],[-85.8792,63.8167,18.6289],[-85.8714,63.8151,18.6261],[-85.8734,63.8182,18.6442],[-85.8797,63.8203,18.9019]]],
[[[-85.7443,63.7661,14.3923],[-85.7458,63.7667,14.3735],[-85.7474,63.7651,14.2419],[-85.7458,63.7646,14.2911],[-85.7443,63.7661,14.3923]]],
[[[-85.7562,63.7667,14.0907],[-85.7547,63.7682,14.3822],[-85.7568,63.7703,14.6588],[-85.7599,63.7703,14.4593],[-85.7578,63.7672,14.1345],[-85.7562,63.7667,14.0907]]],
[[[-85.962,63.7641,14.547],[-85.9646,63.7625,14.5133],[-85.9661,63.763,14.6348],[-85.9651,63.7661,14.7392],[-85.9786,63.7682,14.7546],[-85.9776,63.763,14.6729],[-85.9786,63.7609,14.5664],[-85.9734,63.7599,14.3944],[-85.9714,63.7557,14.0433],[-85.9766,63.7505,13.5984],[-85.9687,63.75,13.3142],[-85.9609,63.7547,13.9307],[-85.9661,63.7568,13.9735],[-85.9641,63.7599,14.3537],[-85.9589,63.763,14.3445],[-85.962,63.7641,14.547]]],
[[[-85.9818,63.7703,14.8941],[-85.9833,63.7708,14.9196],[-85.9849,63.7693,14.8628],[-85.9833,63.7687,15.0784],[-85.9818,63.7703,14.8941]]],
[[[-85.9537,63.7703,14.989],[-85.9521,63.7687,14.6436],[-85.9484,63.7693,14.7559],[-85.95,63.7708,14.9384],[-85.9537,63.7703,14.989]]],
[[[-85.9672,63.7745,15.3842],[-85.9687,63.775,15.3533],[-85.9703,63.7734,15.2255],[-85.9687,63.7729,15.0144],[-85.9672,63.7745,15.3842]]],
[[[-85.9526,63.7745,15.4198],[-85.9542,63.775,15.4199],[-85.9557,63.7734,15.036],[-85.9526,63.7734,15.2172],[-85.9526,63.7745,15.4198]]],
[[[-85.9443,63.7766,15.4881],[-85.9474,63.7766,15.5434],[-85.9474,63.7755,15.4864],[-85.9458,63.775,15.3304],[-85.9443,63.7766,15.4881]]],
[[[-85.9318,63.7953,16.7583],[-85.9349,63.7953,16.5056],[-85.9349,63.7943,16.5676],[-85.9318,63.7943,16.6381],[-85.9318,63.7953,16.7583]]],
[[[-85.9672,63.8224,19.0489],[-85.9703,63.8224,18.8952],[-85.9703,63.8214,18.9994],[-85.9672,63.8214,18.9908],[-85.9672,63.8224,19.0489]]],
[[[-85.925,63.8271,19.3027],[-85.9266,63.8255,19.0831],[-85.9234,63.8214,18.6605],[-85.9266,63.8193,18.2846],[-85.9187,63.8187,18.119],[-85.9151,63.8214,18.5964],[-85.9161,63.8266,19.1907],[-85.9151,63.8286,19.2597],[-85.925,63.8271,19.3027]]],
[[[-85.9786,63.8255,19.435],[-85.975,63.825,19.1611],[-85.9708,63.8271,19.3808],[-85.9667,63.825,19.1448],[-85.9651,63.8266,19.1686],[-85.9687,63.8292,19.6124],[-85.9729,63.8292,19.5615],[-85.9786,63.8255,19.435]]],
[[[-85.888,63.8307,19.724],[-85.8912,63.8307,19.6654],[-85.8912,63.8297,19.6545],[-85.888,63.8297,19.5965],[-85.888,63.8307,19.724]]],
[[[-85.9521,63.8312,19.5479],[-85.9537,63.8297,19.5084],[-85.9516,63.8276,19.1982],[-85.9437,63.8271,19.1341],[-85.9391,63.8307,19.4669],[-85.9292,63.8312,19.6373],[-85.9276,63.8328,19.5583],[-85.9396,63.8333,19.5783],[-85.9458,63.8292,19.3684],[-85.9521,63.8312,19.5479]]],
[[[-85.7818,63.7307,7.7468],[-85.7833,63.7313,8.132],[-85.7849,63.7297,7.6296],[-85.7833,63.7292,7.399],[-85.7818,63.7307,7.7468]]],
[[[-85.7786,63.7328,8.343],[-85.7771,63.7313,8.169],[-85.7672,63.7297,7.5749],[-85.7729,63.7354,9.2176],[-85.7786,63.7328,8.343]]],
[[[-85.7443,63.7359,9.4493],[-85.7422,63.7391,10.2562],[-85.7562,63.7438,10.9634],[-85.7599,63.7411,10.0805],[-85.7484,63.737,9.2718],[-85.75,63.7354,8.8476],[-85.7557,63.7349,9.1006],[-85.7526,63.7307,8.121],[-85.7536,63.7255,6.9571],[-85.7516,63.7234,6.7038],[-85.7458,63.7229,6.4666],[-85.7401,63.7255,6.854],[-85.7453,63.7318,8.4891],[-85.7443,63.7359,9.4493]]],
[[[-85.7151,63.7349,9.546],[-85.7167,63.7354,9.4114],[-85.7182,63.7339,9.1532],[-85.7167,63.7333,8.8366],[-85.7151,63.7349,9.546]]],
[[[-85.625,63.7562,14.7814],[-85.6234,63.7578,14.94],[-85.6255,63.7599,15.3751],[-85.6286,63.7599,15.3218],[-85.6286,63.7589,15.1182],[-85.625,63.7562,14.7814]]],
[[[-85.6568,63.7641,15.4511],[-85.6599,63.7641,15.3544],[-85.6599,63.763,15.1448],[-85.6568,63.763,15.2651],[-85.6568,63.7641,15.4511]]],
[[[-85.6599,63.7682,15.8675],[-85.6583,63.7667,15.7618],[-85.6547,63.7672,15.7169],[-85.6562,63.7687,15.8395],[-85.6599,63.7682,15.8675]]],
[[[-85.6151,63.7703,16.7498],[-85.6167,63.7708,16.8831],[-85.6182,63.7693,16.5706],[-85.6167,63.7687,16.4778],[-85.6151,63.7703,16.7498]]],
[[[-85.713,63.7745,15.4832],[-85.7146,63.775,15.6856],[-85.7161,63.7734,15.4007],[-85.7146,63.7729,15.3206],[-85.713,63.7745,15.4832]]],
[[[-85.7005,63.7766,16.2649],[-85.7037,63.7766,16.1589],[-85.7037,63.7755,16.1876],[-85.7021,63.775,15.9888],[-85.7005,63.7766,16.2649]]],
[[[-85.7667,63.775,15.0618],[-85.7651,63.7766,15.3479],[-85.7672,63.7786,15.6756],[-85.7703,63.7786,15.7555],[-85.7682,63.7755,15.1821],[-85.7667,63.775,15.0618]]],
[[[-85.7583,63.7813,16.3506],[-85.762,63.7797,15.9924],[-85.7542,63.7771,15.471],[-85.75,63.7813,16.0447],[-85.7505,63.7828,16.2129],[-85.7542,63.7833,16.3904],[-85.7583,63.7813,16.3506]]],
[[[-85.7703,63.7828,16.066],[-85.7688,63.7813,16.1365],[-85.7651,63.7818,16.1439],[-85.7667,63.7833,15.9902],[-85.7703,63.7828,16.066]]],
[[[-85.6896,63.7917,17.6664],[-85.688,63.7932,17.9009],[-85.6922,63.7974,17.8521],[-85.6995,63.7964,17.9033],[-85.6974,63.7995,18.2088],[-85.6917,63.8,18.2205],[-85.6901,63.8016,18.2482],[-85.6979,63.8021,18.4595],[-85.7068,63.7964,18.0207],[-85.712,63.7953,17.9141],[-85.713,63.7922,17.6345],[-85.7182,63.7911,17.3227],[-85.7193,63.788,16.9777],[-85.7245,63.787,16.8735],[-85.7193,63.7839,16.5557],[-85.7307,63.7797,15.9737],[-85.7208,63.7771,15.4143],[-85.7146,63.7813,16.0957],[-85.713,63.7807,16.1507],[-85.7141,63.7776,15.5895],[-85.7125,63.7771,15.5895],[-85.7068,63.7797,16.2475],[-85.7078,63.7828,16.3648],[-85.6963,63.7839,16.5836],[-85.7016,63.787,17.3167],[-85.6901,63.788,17.2187],[-85.6911,63.7911,17.4404],[-85.6896,63.7917,17.6664]]],
[[[-85.7328,63.7943,17.0269],[-85.7354,63.7958,17.4848],[-85.7411,63.7953,17.4173],[-85.7391,63.7901,16.7396],[-85.7375,63.7896,16.8058],[-85.7338,63.7901,17.0059],[-85.7318,63.7922,17.3562],[-85.7328,63.7943,17.0269]]],
[[[-85.6813,63.8021,18.9455],[-85.6839,63.8057,18.9554],[-85.687,63.8057,18.8953],[-85.687,63.8026,18.5948],[-85.6849,63.8005,18.3873],[-85.6818,63.8005,18.6457],[-85.6813,63.8021,18.9455]]],
[[[-85.6568,63.7766,17.0002],[-85.6599,63.7766,17.0036],[-85.6599,63.7755,16.8424],[-85.6583,63.775,16.7286],[-85.6568,63.7766,17.0002]]],
[[[-85.5974,63.7849,18.5539],[-85.5958,63.7833,18.4545],[-85.5922,63.7839,18.8325],[-85.5937,63.7854,18.674],[-85.5974,63.7849,18.5539]]],
[[[-85.6547,63.7849,17.5519],[-85.6562,63.7854,17.5519],[-85.6578,63.7839,17.4589],[-85.6547,63.7839,17.4577],[-85.6547,63.7849,17.5519]]],
[[[-85.6083,63.8083,20.3012],[-85.6047,63.812,20.4665],[-85.6099,63.813,20.606],[-85.612,63.8151,20.6146],[-85.6088,63.8182,20.7509],[-85.6208,63.8187,20.448],[-85.6245,63.8151,20.1723],[-85.6188,63.8167,20.2354],[-85.6172,63.8151,20.6015],[-85.6234,63.8109,20.0221],[-85.6307,63.8099,19.8896],[-85.6297,63.8068,19.7657],[-85.6349,63.8036,19.2152],[-85.6271,63.8,19.1041],[-85.6172,63.7995,19.4093],[-85.6172,63.7964,19.0381],[-85.6188,63.7958,18.7605],[-85.6229,63.7958,18.8676],[-85.6271,63.7979,18.8142],[-85.6328,63.7953,18.6537],[-85.6307,63.7922,18.1464],[-85.6255,63.7911,18.3027],[-85.6286,63.7891,18.1594],[-85.6276,63.7859,18.0119],[-85.6292,63.7833,17.6404],[-85.6286,63.7818,17.7217],[-85.6234,63.7807,17.6365],[-85.6245,63.7776,17.2146],[-85.6224,63.7734,16.8153],[-85.6172,63.7734,16.9797],[-85.6109,63.7776,17.9728],[-85.6161,63.7797,17.8525],[-85.6224,63.787,18.1193],[-85.613,63.7922,18.7554],[-85.6141,63.7953,18.9556],[-85.6109,63.7974,19.4273],[-85.6161,63.8036,19.8709],[-85.613,63.8047,19.8983],[-85.6141,63.8078,19.9808],[-85.6083,63.8083,20.3012]]],
[[[-85.65,63.8,19.0109],[-85.6438,63.7979,18.5868],[-85.638,63.7984,18.5273],[-85.6458,63.8021,19.0211],[-85.6516,63.8016,18.9188],[-85.65,63.8,19.0109]]],
[[[-85.6005,63.8005,20.0054],[-85.6042,63.8042,19.9462],[-85.6099,63.8016,19.7382],[-85.6083,63.8,19.5769],[-85.6005,63.8005,20.0054]]],
[[[-85.6542,63.8042,19.1629],[-85.6505,63.8057,19.1833],[-85.6599,63.8057,19.173],[-85.6583,63.8042,18.9537],[-85.6542,63.8042,19.1629]]],
[[[-85.6443,63.8078,19.7376],[-85.6474,63.8078,19.3343],[-85.6474,63.8068,19.331],[-85.6458,63.8063,19.4816],[-85.6443,63.8078,19.7376]]],
[[[-85.7651,63.8057,18.7706],[-85.7667,63.8063,18.8475],[-85.7682,63.8047,18.555],[-85.7667,63.8042,18.4055],[-85.7651,63.8057,18.7706]]],
[[[-85.7203,63.8109,18.6664],[-85.7172,63.8109,18.6542],[-85.7151,63.8141,19.0249],[-85.7203,63.8151,19.04],[-85.7193,63.8203,19.6198],[-85.7208,63.8208,19.6335],[-85.7271,63.8208,19.5879],[-85.7312,63.8187,19.5651],[-85.7458,63.8187,19.636],[-85.75,63.8208,19.6234],[-85.7516,63.8193,19.7488],[-85.7495,63.8172,19.5821],[-85.7443,63.8161,19.4447],[-85.7422,63.813,19.0796],[-85.7474,63.8099,18.6326],[-85.7464,63.8068,18.5483],[-85.7521,63.8063,18.6598],[-85.7536,63.8047,18.3508],[-85.7516,63.8026,18.4353],[-85.7464,63.8016,18.3196],[-85.7453,63.7984,17.8033],[-85.7417,63.7979,17.8382],[-85.7375,63.8,18.0121],[-85.7333,63.7979,17.7954],[-85.7276,63.8016,18.0918],[-85.7349,63.8057,18.4383],[-85.7266,63.812,19.0162],[-85.7229,63.8125,19.1259],[-85.7203,63.8109,18.6664]]],
[[[-85.6963,63.8193,19.4471],[-85.6974,63.8172,19.3725],[-85.6896,63.8146,18.7253],[-85.6839,63.8151,19.1876],[-85.6833,63.8167,18.6936],[-85.6896,63.8229,19.0989],[-85.6953,63.8224,19.7388],[-85.6963,63.8193,19.4471]]],
[[[-85.8182,63.8266,19.9293],[-85.8167,63.825,19.9615],[-85.813,63.8255,20.1151],[-85.8146,63.8271,20.1659],[-85.8182,63.8266,19.9293]]],
[[[-85.5984,63.8099,20.6319],[-85.6016,63.8099,20.3568],[-85.6016,63.8089,20.2866],[-85.6,63.8083,20.3001],[-85.5984,63.8099,20.6319]]],
[[[-85.6286,63.8255,21.0069],[-85.6312,63.8271,20.7029],[-85.6479,63.8271,20.4578],[-85.6536,63.8286,20.3059],[-85.6516,63.8255,20.4755],[-85.6464,63.8245,20.2153],[-85.6443,63.8224,20.3184],[-85.6474,63.8193,20.1225],[-85.6396,63.8167,20.1494],[-85.6276,63.8172,20.4348],[-85.6255,63.8203,20.6371],[-85.6312,63.8187,20.1051],[-85.637,63.8193,20.3905],[-85.6349,63.8224,20.5999],[-85.6276,63.8234,20.6388],[-85.6286,63.8255,21.0069]]],
[[[-85.6672,63.8328,20.6664],[-85.6687,63.8333,20.4252],[-85.6703,63.8318,20.3274],[-85.6687,63.8312,20.449],[-85.6672,63.8328,20.6664]]],
[[[-85.6359,63.8411,21.4733],[-85.6391,63.8411,21.7073],[-85.6391,63.8401,21.4401],[-85.6375,63.8396,21.3653],[-85.6359,63.8411,21.4733]]],
[[[-85.788,63.8286,20.7235],[-85.7896,63.8292,20.6725],[-85.7911,63.8276,20.7005],[-85.7896,63.8271,20.4533],[-85.788,63.8286,20.7235]]],
[[[-85.8328,63.8276,19.4006],[-85.8271,63.8271,19.8571],[-85.8213,63.8307,20.3546],[-85.8313,63.8333,20.1674],[-85.8328,63.8328,19.8491],[-85.8318,63.8297,19.807],[-85.8328,63.8276,19.4006]]],
[[[-85.7255,63.8286,20.1657],[-85.7458,63.8396,21.1993],[-85.7599,63.837,20.995],[-85.7547,63.8307,20.4174],[-85.7557,63.8255,19.9631],[-85.7521,63.8229,19.9126],[-85.7479,63.825,19.8701],[-85.7396,63.825,20.0615],[-85.7354,63.8271,20.1407],[-85.7271,63.8271,19.9698],[-85.7255,63.8286,20.1657]]],
[[[-85.8854,63.8354,20.1053],[-85.8812,63.8354,20.0602],[-85.8797,63.837,20.1753],[-85.887,63.837,20.1019],[-85.8854,63.8354,20.1053]]],
[[[-85.7318,63.837,20.6918],[-85.7333,63.8375,20.7399],[-85.7349,63.8359,20.7662],[-85.7333,63.8354,20.6439],[-85.7318,63.837,20.6918]]],
[[[-85.7417,63.8396,21.0808],[-85.7375,63.8396,21.0786],[-85.7359,63.8411,21.0403],[-85.7432,63.8411,21.3126],[-85.7417,63.8396,21.0808]]],
[[[-85.7172,63.8411,20.8729],[-85.7203,63.8411,20.9406],[-85.7203,63.8401,20.9684],[-85.7187,63.8396,20.9684],[-85.7172,63.8411,20.8729]]],
[[[-85.7276,63.8547,21.5937],[-85.7286,63.8578,21.395],[-85.7208,63.8563,21.5737],[-85.7172,63.8589,21.9956],[-85.7203,63.8651,22.6021],[-85.7193,63.8682,22.7963],[-85.7349,63.8661,22.4544],[-85.7338,63.863,22.3632],[-85.737,63.862,21.2099],[-85.7359,63.8589,22.3817],[-85.7432,63.8578,21.9313],[-85.7464,63.8547,21.8427],[-85.7536,63.8536,21.9764],[-85.7583,63.85,21.8173],[-85.7646,63.8521,21.8922],[-85.7662,63.8516,21.9562],[-85.7651,63.8484,21.6384],[-85.7729,63.8479,21.6643],[-85.7833,63.8521,21.7168],[-85.7937,63.8458,21.4365],[-85.7979,63.8479,21.1599],[-85.8016,63.8474,21.0764],[-85.8036,63.8453,21.0392],[-85.8026,63.8422,20.9133],[-85.8042,63.8417,21.3218],[-85.8167,63.8458,21.2761],[-85.8245,63.8464,21.2979],[-85.8292,63.85,21.3067],[-85.8307,63.8484,21.5545],[-85.8276,63.8443,21.1873],[-85.8417,63.8458,20.9968],[-85.8432,63.8464,21.1887],[-85.8422,63.8495,21.2565],[-85.8495,63.8484,21.0687],[-85.8562,63.8563,21.5072],[-85.8625,63.8563,21.1548],[-85.8667,63.8542,20.9834],[-85.8792,63.8542,20.734],[-85.8807,63.8526,20.743],[-85.8755,63.8505,20.873],[-85.8786,63.8495,20.7173],[-85.8807,63.8464,20.5935],[-85.8714,63.8453,20.6496],[-85.8693,63.8422,20.4968],[-85.8792,63.8417,20.1841],[-85.8807,63.8401,20.4168],[-85.8693,63.837,19.9473],[-85.8672,63.8349,20.1722],[-85.8703,63.8318,19.6172],[-85.8651,63.8297,19.6959],[-85.8724,63.8245,19.3207],[-85.8708,63.8229,19.1154],[-85.8588,63.8234,19.1308],[-85.8505,63.8297,19.5874],[-85.8516,63.8328,19.7831],[-85.8453,63.837,20.1755],[-85.838,63.838,20.4459],[-85.8396,63.8396,20.4808],[-85.8474,63.8401,20.1806],[-85.8516,63.8443,20.8898],[-85.85,63.8458,21.032],[-85.8375,63.8417,20.6082],[-85.8297,63.8411,20.9021],[-85.8328,63.838,20.3816],[-85.8292,63.8354,20.1536],[-85.8213,63.8359,20.5997],[-85.8193,63.838,20.6967],[-85.8203,63.8432,20.8839],[-85.8187,63.8438,20.8468],[-85.8151,63.8411,20.6756],[-85.8161,63.8359,20.7522],[-85.8047,63.8328,20.7579],[-85.8016,63.8297,20.4495],[-85.7984,63.8297,20.623],[-85.7917,63.8333,20.8626],[-85.7833,63.8333,20.5296],[-85.7818,63.8328,20.8882],[-85.7828,63.8297,20.7767],[-85.7792,63.8271,20.3192],[-85.7776,63.8276,20.3338],[-85.7786,63.8307,20.2315],[-85.7745,63.8328,20.604],[-85.7672,63.8318,20.6664],[-85.7693,63.837,20.97],[-85.7792,63.8375,20.9101],[-85.7833,63.8396,21.333],[-85.7875,63.8375,20.9489],[-85.7974,63.8432,21.2643],[-85.7896,63.8438,21.3296],[-85.7854,63.8417,21.231],[-85.775,63.8417,21.3973],[-85.7708,63.8396,21.2704],[-85.7646,63.8396,21.0357],[-85.763,63.8411,20.9191],[-85.7662,63.8453,21.4132],[-85.7646,63.8458,21.4309],[-85.7542,63.8458,21.5563],[-85.75,63.8438,20.9547],[-85.7354,63.8438,21.3003],[-85.7276,63.8484,21.5115],[-85.7307,63.8536,21.7085],[-85.7276,63.8547,21.5937]]],
[[[-85.9021,63.8458,20.5673],[-85.9099,63.8401,20.1552],[-85.9078,63.838,19.8834],[-85.9047,63.838,20.0292],[-85.9016,63.8432,20.4135],[-85.8984,63.8443,20.4529],[-85.9021,63.8458,20.5673]]],
[[[-85.938,63.8464,20.4872],[-85.9297,63.8526,20.8707],[-85.9307,63.8557,20.828],[-85.9276,63.8578,20.7068],[-85.9313,63.8583,21.0201],[-85.9354,63.8563,21.2093],[-85.9396,63.8583,21.0797],[-85.9479,63.8542,21.0408],[-85.9646,63.8542,21.1235],[-85.9661,63.8536,21.0391],[-85.9651,63.8505,20.8271],[-85.9708,63.8479,20.7563],[-85.9766,63.8474,20.6309],[-85.975,63.8458,20.5439],[-85.9693,63.8453,20.5729],[-85.9667,63.8417,20.3201],[-85.963,63.8422,20.5373],[-85.9641,63.8453,20.6868],[-85.9625,63.8458,20.5512],[-85.9505,63.8432,20.2586],[-85.9484,63.8411,20.1776],[-85.9495,63.838,19.8197],[-85.9479,63.8375,19.4668],[-85.9318,63.838,20.0006],[-85.9328,63.8411,20.3492],[-85.9318,63.8432,20.3622],[-85.9437,63.8438,20.4969],[-85.9474,63.8474,20.7512],[-85.938,63.8464,20.4872]]],
[[[-85.9708,63.8542,20.8326],[-85.9693,63.8557,21.0612],[-85.9729,63.8583,21.1717],[-85.9766,63.8557,20.9868],[-85.975,63.8542,21.0296],[-85.9708,63.8542,20.8326]]],
[[[-85.9141,63.863,20.954],[-85.912,63.8609,20.8669],[-85.9021,63.8583,20.8694],[-85.9005,63.8599,20.9333],[-85.9036,63.8641,21.1058],[-85.8979,63.8646,21.1829],[-85.8964,63.8661,21.0448],[-85.9042,63.8667,21.1365],[-85.9141,63.863,20.954]]],
[[[-86.0026,63.8745,20.7066],[-86.0057,63.8745,21.6994],[-86.0057,63.8734,21.7292],[-86.0042,63.8729,20.7676],[-86.0026,63.8745,20.7066]]],
[[[-85.9354,63.875,20.8632],[-85.9339,63.8766,21.0237],[-85.9359,63.8786,21.2066],[-85.9391,63.8786,21.3575],[-85.937,63.8755,21.0078],[-85.9354,63.875,20.8632]]],
[[[-85.9943,63.8807,21.7258],[-85.9958,63.8812,21.7258],[-85.9974,63.8797,21.6556],[-85.9958,63.8792,20.9499],[-85.9943,63.8807,21.7258]]],
[[[-85.9234,63.8891,21.0877],[-85.9255,63.8911,21.2107],[-85.9307,63.8922,21.3384],[-85.9297,63.8953,21.2231],[-85.9417,63.8979,20.9656],[-85.9432,63.8964,21.107],[-85.938,63.8953,21.0974],[-85.9359,63.8901,21.1677],[-85.9432,63.8891,21.0766],[-85.9453,63.8859,21.1488],[-85.9417,63.8833,21.126],[-85.9375,63.8854,21.263],[-85.9313,63.8812,21.0587],[-85.9187,63.8812,21.0992],[-85.9146,63.8792,21.1435],[-85.9,63.8792,21.3083],[-85.8984,63.8797,21.25],[-85.8995,63.8828,21.4434],[-85.8964,63.8839,21.524],[-85.8979,63.8854,21.4212],[-85.9187,63.8854,21.0704],[-85.9229,63.8833,21.159],[-85.9245,63.8839,21.0495],[-85.9234,63.8891,21.0877]]],
[[[-85.675,63.8396,21.0441],[-85.6766,63.838,20.4421],[-85.6687,63.8375,20.5071],[-85.6651,63.8411,21.0937],[-85.6687,63.8458,21.5211],[-85.6807,63.8453,20.9743],[-85.6786,63.8422,20.5914],[-85.6734,63.8411,20.9387],[-85.675,63.8396,21.0441]]],
[[[-85.6651,63.8536,22.1975],[-85.6682,63.8536,21.9001],[-85.6682,63.8526,21.5348],[-85.6651,63.8526,21.5722],[-85.6651,63.8536,22.1975]]],
[[[-85.5979,63.8604,23.8317],[-85.5964,63.8609,23.8543],[-85.5964,63.8641,24.3906],[-85.6016,63.8641,24.1622],[-85.5995,63.8609,23.914],[-85.5979,63.8604,23.8317]]],
[[[-85.5672,63.8682,25.9001],[-85.5687,63.8688,25.8652],[-85.5703,63.8672,25.5422],[-85.5687,63.8667,25.5992],[-85.5672,63.8682,25.9001]]],
[[[-85.8359,63.8536,21.3872],[-85.8391,63.8536,21.3761],[-85.8391,63.8526,21.3517],[-85.8359,63.8526,21.0881],[-85.8359,63.8536,21.3872]]],
[[[-85.8083,63.8542,21.6499],[-85.812,63.8547,21.8012],[-85.8141,63.8578,21.7976],[-85.8068,63.8589,21.9611],[-85.8047,63.862,22.1135],[-85.8104,63.8604,22.0342],[-85.8208,63.8604,21.6483],[-85.825,63.8625,21.6735],[-85.8349,63.8599,21.434],[-85.8287,63.8526,21.4993],[-85.8234,63.8516,21.5986],[-85.8187,63.8479,21.3967],[-85.8089,63.8505,21.579],[-85.8068,63.8526,21.3651],[-85.8083,63.8542,21.6499]]],
[[[-85.6609,63.8714,23.4448],[-85.6568,63.8745,23.6493],[-85.6609,63.8786,24.2359],[-85.6687,63.8812,23.6439],[-85.6745,63.8786,23.5759],[-85.6734,63.8755,23.6189],[-85.675,63.875,23.678],[-85.6792,63.8771,23.6945],[-85.687,63.8766,23.534],[-85.6859,63.8734,23.2482],[-85.6875,63.8708,22.9668],[-85.6859,63.8672,22.722],[-85.6875,63.8646,22.6685],[-85.687,63.863,22.3944],[-85.6818,63.862,22.4714],[-85.6828,63.8589,22.1454],[-85.6818,63.8568,21.9209],[-85.6849,63.8547,21.6783],[-85.6818,63.8505,21.4519],[-85.6891,63.8495,21.4803],[-85.688,63.8464,21.281],[-85.6932,63.8432,21.1187],[-85.6922,63.838,20.828],[-85.6974,63.837,20.5832],[-85.6974,63.8339,20.3734],[-85.6922,63.8339,20.0945],[-85.6859,63.838,20.8263],[-85.687,63.8411,20.8659],[-85.6828,63.8474,21.1806],[-85.6734,63.8505,21.242],[-85.6713,63.8547,22.1503],[-85.6724,63.8578,21.662],[-85.6693,63.8589,22.2314],[-85.6724,63.8641,22.6353],[-85.663,63.863,22.8673],[-85.6604,63.8667,22.712],[-85.662,63.8693,23.549],[-85.6609,63.8714,23.4448]]],
[[[-85.8005,63.8578,21.8111],[-85.8036,63.8578,21.8615],[-85.8036,63.8568,21.7178],[-85.8005,63.8568,21.9027],[-85.8005,63.8578,21.8111]]],
[[[-85.5839,63.8755,26.6756],[-85.5797,63.8786,27.1062],[-85.5849,63.8797,27.1487],[-85.587,63.8818,27.2633],[-85.5859,63.887,28.1395],[-85.5896,63.8896,28.2865],[-85.5979,63.8854,26.7819],[-85.6036,63.8849,26.6889],[-85.5984,63.8818,26.3944],[-85.6083,63.875,25.0307],[-85.6161,63.8755,24.9025],[-85.613,63.8776,25.1377],[-85.6146,63.8792,25.124],[-85.6271,63.8792,24.6812],[-85.6417,63.8833,24.6385],[-85.6474,63.8807,24.1587],[-85.6438,63.8771,24.0754],[-85.6312,63.8771,24.0009],[-85.6234,63.8745,24.4181],[-85.6328,63.8682,23.451],[-85.6318,63.8651,23.9714],[-85.6412,63.8599,22.7404],[-85.6391,63.8568,23.0273],[-85.6271,63.8563,23.1315],[-85.6255,63.8568,23.2391],[-85.6266,63.8599,23.1438],[-85.6229,63.8604,23.3769],[-85.6203,63.8568,23.1905],[-85.6151,63.8557,23.199],[-85.6083,63.85,23.2195],[-85.5964,63.8578,23.6927],[-85.6042,63.8604,23.7978],[-85.6146,63.8583,23.396],[-85.6182,63.8609,23.6596],[-85.6172,63.8641,23.7792],[-85.6224,63.8661,24.1323],[-85.6125,63.8688,24.2542],[-85.6109,63.8682,24.4605],[-85.612,63.8651,23.8429],[-85.6104,63.8646,24.0499],[-85.6062,63.8667,24.2173],[-85.5979,63.8667,24.7714],[-85.5964,63.8682,24.9165],[-85.6016,63.8703,24.9658],[-85.5953,63.8745,25.6542],[-85.5839,63.8755,26.6756]]],
[[[-85.6505,63.8828,24.3091],[-85.6521,63.8833,24.4544],[-85.6536,63.8818,24.0275],[-85.6521,63.8812,24.1135],[-85.6505,63.8828,24.3091]]],
[[[-85.6188,63.8896,26.3974],[-85.6229,63.8896,26.3505],[-85.6245,63.888,25.8298],[-85.6224,63.8839,25.3905],[-85.6188,63.8812,25.1485],[-85.6172,63.8818,24.9474],[-85.6151,63.887,26.1287],[-85.6188,63.8896,26.3974]]],
[[[-85.6276,63.8839,25.0265],[-85.6312,63.8875,25.812],[-85.6354,63.8875,25.43],[-85.6375,63.8854,24.8528],[-85.6354,63.8833,24.8974],[-85.6276,63.8839,25.0265]]],
[[[-85.838,63.8578,21.3219],[-85.8411,63.8578,21.4492],[-85.8411,63.8568,21.4974],[-85.838,63.8568,21.5098],[-85.838,63.8578,21.3219]]],
[[[-85.7464,63.8609,22.1544],[-85.7443,63.8641,22.1952],[-85.7516,63.862,21.8143],[-85.75,63.8604,21.9576],[-85.7464,63.8609,22.1544]]],
[[[-85.788,63.8724,22.4293],[-85.7911,63.8724,22.346],[-85.7911,63.8714,22.3675],[-85.7896,63.8708,22.2647],[-85.788,63.8724,22.4293]]],
[[[-85.6937,63.8833,24.0956],[-85.6833,63.8812,23.7219],[-85.6818,63.8818,23.9624],[-85.6828,63.8849,24.091],[-85.6818,63.887,24.2017],[-85.6937,63.8875,24.3587],[-85.6979,63.8854,24.26],[-85.7021,63.8875,24.2756],[-85.7063,63.8854,24.0461],[-85.7146,63.8854,24.4043],[-85.7187,63.8833,24.0935],[-85.7312,63.8875,23.9396],[-85.7328,63.8859,23.8672],[-85.7307,63.8839,23.5715],[-85.7193,63.8797,23.7833],[-85.7292,63.8771,23.1242],[-85.7354,63.8812,23.9604],[-85.7438,63.8812,23.1426],[-85.7479,63.8771,23.0746],[-85.7521,63.8792,22.5628],[-85.762,63.8766,22.8246],[-85.7662,63.8745,22.456],[-85.7708,63.8688,22.3226],[-85.7703,63.8672,21.9483],[-85.7651,63.8661,22.2506],[-85.7662,63.863,21.9576],[-85.7641,63.8609,21.9874],[-85.7583,63.8604,21.9194],[-85.7526,63.863,22.1205],[-85.7536,63.8661,22.302],[-85.7516,63.8682,22.5618],[-85.7458,63.8708,22.68],[-85.7333,63.8708,22.9286],[-85.7292,63.8729,22.8021],[-85.7276,63.8724,22.8863],[-85.7286,63.8693,22.9689],[-85.7271,63.8688,22.9689],[-85.7229,63.8708,22.9841],[-85.7125,63.8708,23.0081],[-85.7083,63.8688,22.8503],[-85.6963,63.8755,23.026],[-85.6974,63.8786,23.4554],[-85.6963,63.8807,23.8991],[-85.7063,63.8812,24.0324],[-85.713,63.8776,23.8057],[-85.7161,63.8776,23.7055],[-85.7141,63.8807,23.8172],[-85.7083,63.8833,23.9465],[-85.6937,63.8833,24.0956]]],
[[[-85.825,63.875,21.98],[-85.813,63.8734,22.1169],[-85.8109,63.8755,22.3019],[-85.8125,63.8792,22.3213],[-85.8109,63.8828,22.4733],[-85.8182,63.8807,22.2282],[-85.8172,63.8776,22.3534],[-85.8187,63.8771,22.3534],[-85.8229,63.8792,22.1845],[-85.8292,63.8771,22.1076],[-85.8333,63.8792,21.8962],[-85.8375,63.8792,21.829],[-85.8391,63.8786,21.6279],[-85.838,63.8755,21.7198],[-85.8411,63.8734,21.6796],[-85.8292,63.8729,21.4683],[-85.825,63.875,21.98]]],
[[[-85.6734,63.8828,24.1731],[-85.675,63.8833,24.3233],[-85.6766,63.8818,24.2332],[-85.675,63.8812,24.193],[-85.6734,63.8828,24.1731]]],
[[[-85.7797,63.8849,23.007],[-85.7828,63.8849,23.0124],[-85.7828,63.8839,22.8451],[-85.7797,63.8839,23.1555],[-85.7797,63.8849,23.007]]],
[[[-85.7411,63.8849,23.6563],[-85.7396,63.8833,23.3955],[-85.7359,63.8839,23.9469],[-85.7375,63.8854,23.8117],[-85.7411,63.8849,23.6563]]],
[[[-85.5583,63.8958,30.3356],[-85.5568,63.8974,30.3242],[-85.5589,63.8995,30.5115],[-85.562,63.8995,30.1001],[-85.5599,63.8964,30.4273],[-85.5583,63.8958,30.3356]]],
[[[-85.5536,63.8995,30.6541],[-85.5521,63.8979,30.5433],[-85.5484,63.8984,31.1368],[-85.55,63.9,30.9546],[-85.5536,63.8995,30.6541]]],
[[[-85.6484,63.8995,25.6247],[-85.65,63.9,26.1118],[-85.6516,63.8984,25.805],[-85.65,63.8979,25.4573],[-85.6484,63.8995,25.6247]]],
[[[-85.6589,63.8995,25.8675],[-85.6604,63.9,25.956],[-85.662,63.8984,25.7267],[-85.6604,63.8979,25.6495],[-85.6589,63.8995,25.8675]]],
[[[-85.6568,63.9036,26.5918],[-85.6604,63.9063,27.0948],[-85.6661,63.9057,26.7135],[-85.6625,63.9021,26.3713],[-85.6583,63.9021,26.543],[-85.6568,63.9036,26.5918]]],
[[[-85.6443,63.9057,27.0085],[-85.6474,63.9057,27.2022],[-85.6474,63.9047,26.9691],[-85.6458,63.9042,26.9006],[-85.6443,63.9057,27.0085]]],
[[[-85.6693,63.9078,26.8298],[-85.6708,63.9083,26.7064],[-85.6724,63.9068,26.7987],[-85.6693,63.9068,26.7656],[-85.6693,63.9078,26.8298]]],
[[[-85.5458,63.9083,31.957],[-85.5422,63.9099,32.3503],[-85.5458,63.9125,32.3215],[-85.5479,63.9104,32.2765],[-85.5458,63.9083,31.957]]],
[[[-85.7557,63.9036,24.5009],[-85.7542,63.9021,24.5266],[-85.7505,63.9026,24.3352],[-85.7521,63.9042,24.6021],[-85.7557,63.9036,24.5009]]],
[[[-85.8542,63.9042,22.6782],[-85.8526,63.9057,22.7438],[-85.8547,63.9078,22.743],[-85.8578,63.9078,22.7203],[-85.8578,63.9068,22.6375],[-85.8542,63.9042,22.6782]]],
[[[-85.8724,63.9078,22.3467],[-85.8708,63.9063,22.4958],[-85.8672,63.9068,22.5718],[-85.8688,63.9083,22.5092],[-85.8724,63.9078,22.3467]]],
[[[-85.6729,63.9125,27.1794],[-85.6667,63.9125,27.4921],[-85.6609,63.9161,28.1011],[-85.6708,63.9188,27.925],[-85.6724,63.9182,27.9179],[-85.6713,63.9151,27.5497],[-85.6729,63.9146,27.5497],[-85.687,63.9141,26.799],[-85.6854,63.9104,26.9847],[-85.687,63.9068,26.4459],[-85.6849,63.9047,26.5637],[-85.6818,63.9047,26.4292],[-85.6755,63.9089,27.1581],[-85.6807,63.912,27.1285],[-85.6729,63.9125,27.1794]]],
[[[-84.2214,63.5703,0.0],[-84.2229,63.5708,0.0],[-84.2245,63.5693,0.0],[-84.2229,63.5687,0.0],[-84.2214,63.5703,0.0]]],
[[[-84.2839,63.5651,0.0],[-84.2755,63.5724,0.0],[-84.2849,63.5745,0.0],[-84.2911,63.5703,0.0],[-84.2901,63.5672,0.0],[-84.2932,63.5661,0.0],[-84.2917,63.5646,0.0],[-84.2839,63.5651,0.0]]],
[[[-84.2443,63.5745,0.0],[-84.2458,63.575,0.0],[-84.2474,63.5734,0.0],[-84.2458,63.5729,0.0],[-84.2443,63.5745,0.0]]],
[[[-84.2578,63.5818,0.0],[-84.2547,63.5839,0.0],[-84.2557,63.587,0.0],[-84.2547,63.5891,0.0],[-84.2641,63.5911,0.0],[-84.263,63.588,0.0],[-84.2662,63.5859,0.0],[-84.263,63.5818,0.0],[-84.2662,63.5807,0.0],[-84.2682,63.5776,0.0],[-84.263,63.5766,0.0],[-84.2641,63.5714,0.0],[-84.2604,63.5687,0.0],[-84.2562,63.5687,0.0],[-84.2505,63.5714,0.0],[-84.2557,63.5745,0.0],[-84.2505,63.5786,0.0],[-84.2526,63.5807,0.0],[-84.2578,63.5818,0.0]]],
[[[-84.2375,63.5792,0.0],[-84.2318,63.5849,0.0],[-84.2338,63.587,0.0],[-84.2432,63.5891,0.0],[-84.2422,63.5859,0.0],[-84.2453,63.5849,0.0],[-84.2474,63.5818,0.0],[-84.2422,63.5807,0.0],[-84.2432,63.5755,0.0],[-84.2417,63.575,0.0],[-84.2375,63.5792,0.0]]],
[[[-84.2776,63.6224,2.0491],[-84.2807,63.6224,2.3985],[-84.2807,63.6214,1.9272],[-84.2792,63.6208,1.9512],[-84.2776,63.6224,2.0491]]],
[[[-85.4797,65.9141,0.0],[-85.488,65.9224,0.0],[-85.4958,65.925,0.0],[-85.5,65.9229,3.4192],[-85.5104,65.9229,0.0],[-85.5146,65.9208,5.8288],[-85.5245,65.9203,7.0369],[-85.5286,65.9182,10.5404],[-85.5276,65.9151,10.1309],[-85.5333,65.9125,14.9758],[-85.537,65.9151,13.6796],[-85.5339,65.9182,7.997],[-85.5521,65.9187,0.0],[-85.5625,65.9125,3.1273],[-85.5729,65.9125,1.3616],[-85.5854,65.9083,2.9929],[-85.5896,65.9104,0.0],[-85.5932,65.9099,0.0],[-85.5964,65.9068,2.9152],[-85.6021,65.9063,3.1825],[-85.6078,65.9036,1.9773],[-85.6099,65.9016,1.543],[-85.6088,65.8984,6.5886],[-85.6266,65.8953,0.0],[-85.6286,65.8932,0.0],[-85.6276,65.8901,4.702],[-85.6318,65.888,5.0107],[-85.6396,65.8896,0.0],[-85.6458,65.8854,3.9584],[-85.6578,65.8849,0.0],[-85.6651,65.8797,0.0],[-85.6724,65.8786,0.0],[-85.6818,65.8714,3.7324],[-85.6891,65.8703,4.3142],[-85.6922,65.8651,1.3267],[-85.7057,65.8641,0.0],[-85.712,65.8599,0.0],[-85.7109,65.8568,3.4715],[-85.7187,65.8583,0.0],[-85.7286,65.8557,0.0],[-85.7349,65.8516,0.0],[-85.7318,65.8464,5.4802],[-85.7495,65.8453,0.0],[-85.7484,65.8422,1.5601],[-85.7557,65.8411,0.0],[-85.7609,65.8339,0.0],[-85.7724,65.8266,0.0],[-85.7708,65.825,0.0],[-85.763,65.8245,3.2445],[-85.7609,65.8214,3.4084],[-85.7708,65.8208,3.2562],[-85.775,65.8187,3.4799],[-85.7896,65.8187,1.9219],[-85.7911,65.8182,2.0443],[-85.7901,65.8151,2.4617],[-85.7958,65.8125,3.2991],[-85.8104,65.8146,0.0],[-85.8146,65.8125,2.9892],[-85.8187,65.8125,2.7093],[-85.8307,65.8057,0.0],[-85.8297,65.8026,3.0963],[-85.8458,65.8021,0.0],[-85.8474,65.8016,0.0],[-85.8464,65.7984,0.0],[-85.8703,65.7932,1.4932],[-85.8672,65.788,5.0593],[-85.8734,65.7839,6.5393],[-85.8792,65.7833,0.0],[-85.8849,65.7807,0.0],[-85.8838,65.7776,2.179],[-85.8859,65.7755,0.0],[-85.8958,65.7708,6.3493],[-85.9083,65.7708,0.0],[-85.9151,65.7672,3.8791],[-85.9224,65.7662,0.0],[-85.9349,65.7578,0.0],[-85.9339,65.7547,0.0],[-85.937,65.7536,0.0],[-85.9359,65.7505,7.4213],[-85.938,65.7484,5.9254],[-85.9437,65.7458,6.4563],[-85.9495,65.7453,2.3112],[-85.9526,65.7422,2.7783],[-85.9599,65.7391,0.0],[-85.9589,65.7359,4.642],[-85.9609,65.7339,4.0013],[-85.9745,65.7328,0.0],[-85.9734,65.7297,0.0],[-85.9755,65.7276,0.0],[-85.9849,65.7224,0.0],[-85.9838,65.7193,0.0],[-85.9849,65.7172,0.0],[-85.9797,65.7151,3.6761],[-85.9854,65.7125,1.9391],[-85.9896,65.7146,0.0],[-85.9932,65.7141,0.0],[-85.9922,65.7109,0.0],[-85.9974,65.7078,0.0],[-85.9901,65.6995,2.656],[-85.9932,65.6974,0.0],[-85.9922,65.6901,2.8822],[-85.9995,65.687,0.0],[-85.9984,65.6797,4.4392],[-86.0016,65.6787,3.2939],[-86.0005,65.6755,3.7565],[-86.0078,65.6703,3.6277],[-86.0068,65.6651,4.9771],[-86.012,65.662,2.079],[-86.0088,65.6568,2.1019],[-86.012,65.6547,1.9016],[-86.0068,65.6495,2.5102],[-86.0078,65.6464,2.5856],[-86.0068,65.6443,2.7864],[-86.0141,65.6412,3.9784],[-86.0162,65.6391,4.0495],[-86.0151,65.6359,4.217],[-86.0182,65.6349,3.8556],[-86.0172,65.6276,2.2066],[-86.0203,65.6266,2.0925],[-86.0193,65.6234,0.0],[-86.0224,65.6224,0.0],[-86.0193,65.6182,0.0],[-86.0214,65.613,4.4828],[-86.0333,65.6083,2.5518],[-86.0391,65.6078,0.0],[-86.038,65.6047,5.1096],[-86.0411,65.6036,4.0282],[-86.0401,65.6005,8.314],[-86.0474,65.5953,4.6793],[-86.0463,65.5922,3.1884],[-86.0495,65.5911,3.3288],[-86.0463,65.5859,2.5876],[-86.0557,65.5807,2.8554],[-86.0547,65.5776,2.9004],[-86.0599,65.5745,2.3274],[-86.0536,65.5672,3.9908],[-86.0484,65.5661,13.4193],[-86.0463,65.563,9.8132],[-86.0563,65.5625,0.0],[-86.062,65.5599,0.0],[-86.0641,65.5568,0.0],[-86.0589,65.5547,2.9894],[-86.0646,65.5542,0.0],[-86.0703,65.5516,0.0],[-86.0724,65.5495,0.0],[-86.0713,65.5463,0.0],[-86.0807,65.5411,0.0],[-86.0776,65.5359,3.0213],[-86.0828,65.5328,0.0],[-86.0797,65.5276,0.0],[-86.0828,65.5255,0.0],[-86.0776,65.5193,0.0],[-86.087,65.5141,0.0],[-86.0859,65.5109,3.2856],[-86.088,65.5068,3.1052],[-86.0932,65.5036,0.0],[-86.087,65.4964,0.0],[-86.0818,65.4943,3.3876],[-86.0891,65.4932,0.0],[-86.0953,65.4891,0.0],[-86.0943,65.4859,0.0],[-86.0953,65.4838,0.0],[-86.0922,65.4786,0.0],[-86.0932,65.4755,0.0],[-86.0922,65.4734,0.0],[-86.0953,65.4724,0.0],[-86.0943,65.4693,3.1098],[-86.0964,65.4651,3.2008],[-86.1016,65.462,0.0],[-86.0943,65.4526,9.7042],[-86.1057,65.4453,0.0],[-86.1047,65.4422,0.0],[-86.1141,65.437,0.0],[-86.113,65.4339,2.5841],[-86.1224,65.4287,0.0],[-86.1208,65.4271,0.0],[-86.1151,65.4266,0.0],[-86.113,65.4234,2.8534],[-86.1188,65.4208,0.0],[-86.125,65.4229,0.0],[-86.1286,65.4203,0.0],[-86.125,65.4146,0.0],[-86.1266,65.412,0.0],[-86.1255,65.4089,0.0],[-86.1286,65.4068,0.0],[-86.1214,65.4057,0.0],[-86.1245,65.4036,0.0],[-86.1234,65.4005,0.0],[-86.1266,65.3984,0.0],[-86.1167,65.3979,0.0],[-86.113,65.3943,4.2788],[-86.1188,65.3917,4.5401],[-86.1245,65.3912,0.0],[-86.1234,65.388,2.6618],[-86.1255,65.3859,7.1233],[-86.1312,65.3833,6.3243],[-86.137,65.3828,0.0],[-86.1432,65.3786,0.0],[-86.1422,65.3755,0.0],[-86.1432,65.3734,0.0],[-86.1412,65.3693,0.0],[-86.1375,65.3667,0.0],[-86.1276,65.3662,0.0],[-86.1286,65.363,0.0],[-86.1208,65.3604,0.0],[-86.1062,65.3604,0.0],[-86.1,65.3625,0.0],[-86.0859,65.3578,0.0],[-86.0839,65.3557,0.0],[-86.0859,65.3526,11.0127],[-86.0901,65.3505,4.5741],[-86.1016,65.3495,0.0],[-86.1005,65.3464,2.9436],[-86.1099,65.3411,0.0],[-86.112,65.3391,0.0],[-86.1109,65.3359,4.0533],[-86.1307,65.3245,0.0],[-86.1328,65.3224,0.0],[-86.1318,65.3193,0.0],[-86.1412,65.3203,0.0],[-86.1401,65.3172,0.0],[-86.1432,65.3161,0.0],[-86.1422,65.313,0.0],[-86.1443,65.3109,0.0],[-86.1516,65.3099,0.0],[-86.1505,65.3068,0.0],[-86.1568,65.3026,0.0],[-86.1641,65.3016,0.0],[-86.1568,65.2974,0.0],[-86.162,65.2932,0.0],[-86.1589,65.288,0.0],[-86.162,65.2859,0.0],[-86.1568,65.2807,0.0],[-86.1599,65.2776,0.0],[-86.1557,65.2734,0.0],[-86.1505,65.2724,0.0],[-86.1516,65.2693,0.0],[-86.1505,65.2672,0.0],[-86.1536,65.2651,0.0],[-86.1484,65.2599,0.0],[-86.1516,65.2568,0.0],[-86.1484,65.2526,0.0],[-86.1516,65.2505,0.0],[-86.1495,65.2484,0.0],[-86.1422,65.2474,0.0],[-86.1495,65.2432,0.0],[-86.1479,65.2417,0.0],[-86.1422,65.2412,0.0],[-86.1474,65.2359,0.0],[-86.1432,65.2297,0.0],[-86.1359,65.2286,12.4922],[-86.1412,65.2245,0.0],[-86.1432,65.2203,0.0],[-86.1401,65.2151,0.0],[-86.1495,65.2089,0.0],[-86.1443,65.2037,0.0],[-86.1474,65.2005,0.0],[-86.1453,65.1984,0.0],[-86.1401,65.1974,0.0],[-86.1412,65.1943,0.0],[-86.1401,65.1922,0.0],[-86.1432,65.1901,0.0],[-86.1338,65.1849,0.0],[-86.1391,65.1797,0.0],[-86.1338,65.1787,0.0],[-86.1297,65.1745,0.0],[-86.1328,65.1672,0.0],[-86.1276,65.1661,0.0],[-86.1286,65.163,0.0],[-86.1271,65.1604,0.0],[-86.1286,65.1568,0.0],[-86.1255,65.1526,0.0],[-86.1328,65.1516,0.0],[-86.1318,65.1484,0.0],[-86.1349,65.1474,0.0],[-86.1318,65.1422,0.0],[-86.1349,65.1412,0.0],[-86.137,65.138,0.0],[-86.1318,65.1359,0.0],[-86.1349,65.1307,0.0],[-86.1338,65.1276,0.0],[-86.137,65.1255,0.0],[-86.1318,65.1245,0.0],[-86.1328,65.1214,0.0],[-86.1318,65.1193,0.0],[-86.1349,65.1172,0.0],[-86.1292,65.1167,0.0],[-86.1276,65.1151,6.5836],[-86.1307,65.1141,0.0],[-86.1297,65.1109,3.551],[-86.1349,65.1078,0.0],[-86.1338,65.1047,0.0],[-86.1391,65.1016,0.0],[-86.138,65.0964,0.0],[-86.1474,65.0932,0.0],[-86.1401,65.0839,2.9543],[-86.1542,65.0854,0.0],[-86.1589,65.0818,2.8128],[-86.1661,65.0807,0.0],[-86.163,65.0755,0.0],[-86.1661,65.0745,0.0],[-86.1651,65.0714,0.0],[-86.1703,65.0682,0.0],[-86.1729,65.0646,0.0],[-86.1713,65.062,0.0],[-86.1724,65.0589,0.0],[-86.1672,65.0578,0.0],[-86.1724,65.0537,0.0],[-86.1693,65.0484,6.6689],[-86.175,65.0458,5.0721],[-86.1792,65.0479,0.0],[-86.1828,65.0474,0.0],[-86.1911,65.0411,0.0],[-86.1859,65.038,0.0],[-86.1911,65.0349,0.0],[-86.1901,65.0318,0.0],[-86.1922,65.0276,0.0],[-86.1995,65.0224,0.0],[-86.1984,65.0193,0.0],[-86.2099,65.012,0.0],[-86.2078,65.0068,0.0],[-86.2021,65.0062,0.0],[-86.2005,65.0047,0.0],[-86.2037,65.0036,0.0],[-86.2089,64.9964,0.0],[-86.2193,64.9901,0.0],[-86.2245,64.9891,0.0],[-86.225,64.9875,0.0],[-86.2245,64.9859,0.0],[-86.2172,64.9849,0.0],[-86.2203,64.9818,0.0],[-86.2089,64.9682,0.0],[-86.2104,64.9667,4.1817],[-86.2187,64.9667,0.0],[-86.2203,64.9651,0.0],[-86.2068,64.9599,0.0],[-86.2078,64.9568,0.0],[-86.2042,64.9542,0.0],[-86.1979,64.9583,0.0],[-86.1734,64.9557,0.0],[-86.1713,64.9526,0.0],[-86.1745,64.9505,0.0],[-86.1687,64.95,0.0],[-86.1672,64.9484,0.0],[-86.1766,64.9422,0.0],[-86.1651,64.9411,0.0],[-86.162,64.9359,0.0],[-86.1547,64.9349,0.0],[-86.1578,64.9318,0.0],[-86.1464,64.9307,0.0],[-86.1432,64.9255,0.0],[-86.1359,64.9245,0.0],[-86.1391,64.9213,0.0],[-86.1338,64.9193,2.3148],[-86.1391,64.9161,0.0],[-86.138,64.9089,7.9974],[-86.1417,64.9083,6.2165],[-86.1458,64.9104,6.3459],[-86.1557,64.9078,0.0],[-86.1526,64.9026,2.3604],[-86.1578,64.8995,0.0],[-86.1568,64.8964,0.0],[-86.1599,64.8953,0.0],[-86.1589,64.8922,2.8504],[-86.162,64.8912,0.0],[-86.1609,64.888,2.7561],[-86.163,64.8859,4.464],[-86.1687,64.8854,4.5101],[-86.1745,64.8828,6.9711],[-86.1901,64.8714,9.0261],[-86.1974,64.8703,0.0],[-86.1911,64.863,0.0],[-86.1776,64.862,0.0],[-86.1693,64.8526,4.2943],[-86.1755,64.8484,9.2962],[-86.1828,64.8474,0.0],[-86.1859,64.8443,6.0804],[-86.1932,64.8432,0.0],[-86.1922,64.8401,4.4728],[-86.2016,64.8349,0.0],[-86.1963,64.8287,0.0],[-86.1963,64.8255,0.0],[-86.1984,64.8234,0.0],[-86.2057,64.8224,0.0],[-86.2089,64.8172,3.833],[-86.2141,64.8161,0.0],[-86.2245,64.8099,0.0],[-86.2234,64.8068,4.8496],[-86.2266,64.8057,4.1403],[-86.2255,64.8026,0.0],[-86.2276,64.8005,0.0],[-86.2349,64.7995,0.0],[-86.2338,64.7963,0.0],[-86.2391,64.7932,0.0],[-86.2375,64.7917,0.0],[-86.2333,64.7917,0.0],[-86.2292,64.7937,0.0],[-86.2229,64.7937,0.0],[-86.2193,64.7901,0.0],[-86.2266,64.7891,0.0],[-86.2255,64.7859,4.6231],[-86.2328,64.7849,0.0],[-86.2349,64.7828,0.0],[-86.2338,64.7797,10.8086],[-86.2432,64.7745,0.0],[-86.2422,64.7714,8.0038],[-86.2453,64.7703,0.0],[-86.2443,64.763,0.0],[-86.2536,64.7578,0.0],[-86.2526,64.7547,3.0927],[-86.2599,64.7536,2.5162],[-86.2682,64.7474,0.0],[-86.2609,64.7432,0.0],[-86.2641,64.7401,0.0],[-86.262,64.738,0.0],[-86.2568,64.737,2.7772],[-86.2578,64.7338,0.0],[-86.2557,64.7318,0.0],[-86.2505,64.7307,3.6979],[-86.2536,64.7286,0.0],[-86.2526,64.7255,3.0707],[-86.2562,64.7229,3.7815],[-86.2625,64.725,0.0],[-86.2682,64.7224,0.0],[-86.2703,64.7203,0.0],[-86.2693,64.7172,2.9991],[-86.2745,64.7141,0.0],[-86.2734,64.7109,5.3852],[-86.2766,64.7099,3.9921],[-86.2755,64.7068,6.8399],[-86.2849,64.7016,0.0],[-86.287,64.6995,0.0],[-86.2859,64.6964,4.3582],[-86.2911,64.6932,4.295],[-86.2901,64.6901,2.1631],[-86.2932,64.6891,0.0],[-86.2922,64.6859,5.1021],[-86.2995,64.6849,0.0],[-86.2984,64.6818,4.5168],[-86.3005,64.6797,6.0977],[-86.3063,64.6792,0.0],[-86.312,64.6766,0.0],[-86.3109,64.6734,3.5773],[-86.312,64.6713,0.0],[-86.2937,64.6687,4.186],[-86.2922,64.6693,3.8933],[-86.2932,64.6724,4.2699],[-86.2911,64.6766,3.4868],[-86.2891,64.6787,3.5161],[-86.2859,64.6787,3.6772],[-86.2839,64.6755,3.7557],[-86.2891,64.6724,3.4716],[-86.288,64.6693,3.6096],[-86.2932,64.6661,3.9754],[-86.2922,64.663,4.8824],[-86.2953,64.662,4.1182],[-86.2943,64.6589,5.1585],[-86.2979,64.6563,4.527],[-86.3104,64.6604,0.0],[-86.3146,64.6583,0.0],[-86.3208,64.6604,0.0],[-86.3307,64.6578,0.0],[-86.3297,64.6505,10.592],[-86.3369,64.6495,0.0],[-86.3359,64.6464,6.3716],[-86.3401,64.6443,0.0],[-86.3474,64.6432,0.0],[-86.3495,64.6412,0.0],[-86.3484,64.638,0.0],[-86.3516,64.637,0.0],[-86.3505,64.6339,2.8944],[-86.3578,64.6328,0.0],[-86.3568,64.6297,4.5148],[-86.3588,64.6255,0.0],[-86.3682,64.6224,0.0],[-86.3672,64.6193,0.0],[-86.3745,64.6141,0.0],[-86.3776,64.6088,0.0],[-86.3807,64.6078,0.0],[-86.3797,64.6005,8.805],[-86.387,64.5995,0.0],[-86.3859,64.5964,0.0],[-86.3891,64.5943,0.0],[-86.3838,64.588,2.8389],[-86.3932,64.5828,0.0],[-86.3953,64.5797,0.0],[-86.3901,64.5787,0.0],[-86.3859,64.5745,0.0],[-86.3891,64.5714,0.0],[-86.3818,64.5672,3.7088],[-86.3891,64.5661,3.0617],[-86.3974,64.5599,0.0],[-86.3964,64.5568,0.0],[-86.3995,64.5547,0.0],[-86.3943,64.5537,0.0],[-86.3922,64.5516,0.0],[-86.3932,64.5484,3.3184],[-86.3922,64.5463,2.5685],[-86.4016,64.5411,0.0],[-86.3995,64.538,0.0],[-86.3943,64.537,0.0],[-86.3958,64.5333,0.0],[-86.3932,64.5234,0.0],[-86.3859,64.5224,0.0],[-86.3891,64.5193,0.0],[-86.3838,64.5182,4.1656],[-86.3859,64.5151,3.3835],[-86.3932,64.5141,0.0],[-86.3922,64.5109,0.0],[-86.3953,64.5099,0.0],[-86.3922,64.5057,0.0],[-86.3932,64.5026,0.0],[-86.388,64.5005,4.3186],[-86.3932,64.4974,2.7676],[-86.3922,64.4922,0.0],[-86.3974,64.4891,0.0],[-86.3964,64.4859,0.0],[-86.3974,64.4839,0.0],[-86.3953,64.4818,0.0],[-86.388,64.4828,0.0],[-86.3932,64.4776,0.0],[-86.3859,64.4766,0.0],[-86.387,64.4714,0.0],[-86.3859,64.4693,0.0],[-86.3891,64.4672,0.0],[-86.387,64.4651,0.0],[-86.3818,64.4641,0.0],[-86.3828,64.4609,0.0],[-86.3818,64.4589,0.0],[-86.3849,64.4568,0.0],[-86.3797,64.4505,0.0],[-86.3828,64.4495,0.0],[-86.3818,64.4464,2.5186],[-86.3849,64.4453,2.761],[-86.3838,64.4422,0.0],[-86.3912,64.4411,0.0],[-86.3891,64.438,0.0],[-86.3838,64.437,0.0],[-86.3818,64.4349,0.0],[-86.387,64.4297,0.0],[-86.3818,64.4287,3.6462],[-86.3714,64.4182,0.0],[-86.3703,64.4151,0.0],[-86.3604,64.4146,3.2575],[-86.338,64.4057,0.0],[-86.3401,64.4026,0.0],[-86.3458,64.4021,0.0],[-86.3516,64.3995,0.0],[-86.3474,64.3943,0.0],[-86.3422,64.3922,0.0],[-86.3505,64.3859,0.0],[-86.3599,64.3828,0.0],[-86.3703,64.3766,0.0],[-86.3693,64.3734,0.0],[-86.3724,64.3714,0.0],[-86.3693,64.3672,0.0],[-86.3714,64.3651,0.0],[-86.3786,64.3641,0.0],[-86.3771,64.3604,0.0],[-86.3786,64.3568,2.0317],[-86.3714,64.3526,0.0],[-86.3786,64.3516,0.0],[-86.3807,64.3484,0.0],[-86.3734,64.3495,0.0],[-86.3682,64.3443,0.0],[-86.363,64.3432,0.0],[-86.3609,64.3411,0.0],[-86.3641,64.338,0.0],[-86.3526,64.337,0.0],[-86.3557,64.3339,0.0],[-86.3484,64.3328,3.2653],[-86.3516,64.3297,0.0],[-86.3484,64.3255,0.0],[-86.3578,64.3203,0.0],[-86.3505,64.3109,0.0],[-86.3562,64.3083,2.9146],[-86.362,64.3078,0.0],[-86.3641,64.3057,0.0],[-86.363,64.3026,0.0],[-86.3661,64.3005,0.0],[-86.3609,64.2995,0.0],[-86.362,64.2963,0.0],[-86.3609,64.2943,0.0],[-86.3641,64.2922,0.0],[-86.3604,64.2896,0.0],[-86.3542,64.2896,0.0],[-86.35,64.2917,0.0],[-86.3422,64.2891,0.0],[-86.3432,64.2859,0.0],[-86.338,64.2849,0.0],[-86.3411,64.2828,0.0],[-86.338,64.2776,0.0],[-86.3411,64.2755,0.0],[-86.3339,64.2745,0.0],[-86.337,64.2714,0.0],[-86.3229,64.2667,0.0],[-86.3146,64.2667,0.0],[-86.3104,64.2646,0.0],[-86.3026,64.2641,2.8355],[-86.2974,64.2589,0.0],[-86.2839,64.2536,3.0019],[-86.2891,64.2495,0.0],[-86.288,64.2464,2.8743],[-86.2911,64.2453,2.0525],[-86.2901,64.2422,4.1746],[-86.2953,64.2391,0.0],[-86.2984,64.2338,7.1622],[-86.3036,64.2307,0.0],[-86.3057,64.2276,0.0],[-86.3016,64.2234,0.0],[-86.2922,64.2224,6.2248],[-86.2932,64.2193,0.0],[-86.2854,64.2167,2.3695],[-86.2776,64.2161,2.7268],[-86.2828,64.2068,2.576],[-86.2776,64.2057,2.9762],[-86.2766,64.2026,2.9945],[-86.2729,64.2021,3.0361],[-86.2714,64.2037,2.8013],[-86.2766,64.2099,2.8496],[-86.2646,64.2083,3.0543],[-86.2588,64.2099,3.2275],[-86.2599,64.2068,2.9369],[-86.2588,64.2047,3.0813],[-86.262,64.2026,2.9168],[-86.2411,64.1943,3.1919],[-86.2338,64.1932,3.2003],[-86.2245,64.1797,2.9593],[-86.2172,64.1787,3.0926],[-86.2161,64.1755,3.0446],[-86.2063,64.1729,3.2481],[-86.2005,64.1745,3.0116],[-86.2026,64.1713,3.1691],[-86.2057,64.1703,3.1493],[-86.2037,64.1672,3.1197],[-86.1984,64.1661,3.2016],[-86.1937,64.1625,3.0336],[-86.1896,64.1646,3.4741],[-86.1859,64.162,3.2361],[-86.1896,64.1583,3.1161],[-86.1995,64.1578,3.2107],[-86.1963,64.1505,3.1605],[-86.2037,64.1516,0.0],[-86.2068,64.1464,0.0],[-86.212,64.1432,0.0],[-86.2099,64.1401,0.0],[-86.2005,64.1391,3.4389],[-86.1958,64.1354,0.0],[-86.1896,64.1354,3.067],[-86.1859,64.1391,3.3779],[-86.1911,64.1401,3.181],[-86.1932,64.1432,3.4379],[-86.187,64.1474,3.2861],[-86.1713,64.1484,3.9218],[-86.1703,64.1516,3.9971],[-86.1667,64.1542,4.006],[-86.163,64.1516,4.0971],[-86.1682,64.1464,3.4395],[-86.163,64.1453,3.8027],[-86.1589,64.1401,3.798],[-86.1646,64.1375,3.8429],[-86.1687,64.1396,3.6393],[-86.1786,64.137,3.1179],[-86.1766,64.1339,2.7446],[-86.1713,64.1328,2.6629],[-86.1693,64.1297,3.2028],[-86.175,64.1271,3.2825],[-86.1807,64.1286,2.8714],[-86.1792,64.125,3.4493],[-86.1807,64.1224,2.7697],[-86.1797,64.1193,0.0],[-86.1828,64.1182,0.0],[-86.1818,64.1151,3.3999],[-86.1937,64.1146,2.8517],[-86.2042,64.1188,0.0],[-86.2083,64.1188,0.0],[-86.2141,64.1162,0.0],[-86.213,64.113,4.5694],[-86.2161,64.112,3.2273],[-86.2182,64.1088,0.0],[-86.2021,64.1083,2.452],[-86.1979,64.1104,3.0784],[-86.1917,64.1104,3.2216],[-86.1839,64.1078,3.1382],[-86.1792,64.1042,3.3106],[-86.1713,64.1088,4.0037],[-86.1766,64.1162,3.1015],[-86.1714,64.1162,3.1828],[-86.1687,64.1125,3.8596],[-86.1651,64.113,3.6888],[-86.163,64.1151,4.0464],[-86.1641,64.1182,4.1284],[-86.1599,64.1203,3.9414],[-86.1484,64.1214,4.5726],[-86.1521,64.1271,4.8282],[-86.1516,64.1286,5.1168],[-86.1464,64.1297,4.7955],[-86.1453,64.1328,4.8034],[-86.1396,64.1312,5.3023],[-86.1307,64.137,5.6032],[-86.1276,64.137,5.5691],[-86.1255,64.1349,5.6556],[-86.1266,64.1318,5.8848],[-86.1214,64.1307,5.6045],[-86.1245,64.1286,4.9925],[-86.1234,64.1255,5.6559],[-86.1333,64.1229,5.3275],[-86.1391,64.1245,4.648],[-86.138,64.1214,4.5714],[-86.1474,64.1162,4.2293],[-86.1453,64.113,3.9606],[-86.1401,64.112,4.5462],[-86.1432,64.1047,4.2414],[-86.138,64.0974,5.0581],[-86.1401,64.0922,4.3871],[-86.1458,64.0917,4.836],[-86.1516,64.0932,3.8313],[-86.1547,64.088,3.8045],[-86.1667,64.0833,4.2907],[-86.1729,64.0833,4.4239],[-86.1771,64.0854,4.3896],[-86.1833,64.0854,3.7625],[-86.1896,64.0875,3.0333],[-86.1958,64.0833,3.0638],[-86.2146,64.0896,0.0],[-86.2161,64.0891,0.0],[-86.2151,64.0859,0.0],[-86.2245,64.0828,0.0],[-86.2266,64.0787,3.3496],[-86.2255,64.0755,3.4717],[-86.2354,64.075,3.3897],[-86.2438,64.0708,3.1365],[-86.2479,64.0729,2.601],[-86.2542,64.0708,3.302],[-86.2583,64.0729,0.0],[-86.2625,64.0729,3.1959],[-86.2708,64.0687,3.7947],[-86.2917,64.075,0.0],[-86.3083,64.0729,0.0],[-86.3125,64.075,0.0],[-86.3172,64.0714,0.0],[-86.3245,64.0703,0.0],[-86.3234,64.0672,0.0],[-86.3292,64.0646,0.0],[-86.3604,64.0646,0.0],[-86.3724,64.0599,0.0],[-86.3734,64.0568,3.0571],[-86.3771,64.0542,1.7441],[-86.3812,64.0542,0.0],[-86.3854,64.0521,2.7211],[-86.4036,64.0516,1.8426],[-86.4078,64.0495,1.5028],[-86.4068,64.0463,6.3936],[-86.4141,64.0453,1.4479],[-86.4213,64.0359,2.6293],[-86.4286,64.0349,0.0],[-86.4422,64.0255,5.8389],[-86.4495,64.0245,5.2161],[-86.4484,64.0214,5.2103],[-86.45,64.0208,5.3765],[-86.4625,64.0208,2.4149],[-86.4667,64.0188,2.6102],[-86.4833,64.0188,3.3488],[-86.4875,64.0208,1.1254],[-86.4917,64.0208,0.7032],[-86.4958,64.0188,4.0978],[-86.5292,64.0188,0.0],[-86.5307,64.0182,0.0],[-86.5297,64.0151,1.4992],[-86.5318,64.013,2.8599],[-86.5411,64.0078,2.6312],[-86.5401,64.0047,2.9718],[-86.5474,64.0036,1.9118],[-86.5521,64.0,3.5484],[-86.5646,64.0,2.5319],[-86.5661,63.9995,3.7191],[-86.5651,63.9964,5.4016],[-86.5667,63.9958,6.5475],[-86.5729,63.9958,4.9697],[-86.5771,63.9979,1.1186],[-86.5787,63.9974,1.0885],[-86.5776,63.9943,4.0175],[-86.5896,63.9938,0.0],[-86.6,63.9896,3.5343],[-86.6104,63.9896,2.951],[-86.6146,63.9917,0.0],[-86.6245,63.9891,0.0],[-86.6193,63.987,3.0721],[-86.6229,63.9833,3.4494],[-86.6479,63.9854,1.2726],[-86.6536,63.9828,3.0334],[-86.6484,63.9807,4.1923],[-86.6505,63.9776,4.5669],[-86.6708,63.9771,0.0],[-86.6724,63.9766,0.9659],[-86.6713,63.9734,4.144],[-86.6813,63.9729,0.0],[-86.6859,63.9693,0.0],[-86.6979,63.9646,4.9655],[-86.7063,63.9646,0.0],[-86.7104,63.9625,5.7824],[-86.7292,63.9625,3.0468],[-86.7328,63.9589,4.2789],[-86.7276,63.9578,4.2843],[-86.7292,63.9562,5.5442],[-86.7354,63.9562,5.3812],[-86.7396,63.9583,2.6825],[-86.7521,63.9542,4.7457],[-86.7667,63.9562,3.771],[-86.7708,63.9542,2.8255],[-86.775,63.9542,2.3912],[-86.7854,63.9479,5.0568],[-86.7937,63.9479,2.8948],[-86.8083,63.9417,5.219],[-86.8182,63.9411,2.2016],[-86.8213,63.938,5.2862],[-86.8287,63.937,7.3501],[-86.8276,63.9339,11.0611],[-86.8292,63.9333,11.0961],[-86.8375,63.9333,3.6871],[-86.8474,63.9307,0.0],[-86.8583,63.9229,15.2439],[-86.8646,63.925,0.0],[-86.875,63.9188,7.4503],[-86.8833,63.9188,0.0],[-86.8932,63.9161,0.0],[-86.8964,63.913,0.0],[-86.9036,63.912,2.2197],[-86.9026,63.9089,6.2952],[-86.9083,63.9083,2.545],[-86.9203,63.9036,0.0],[-86.9224,63.9016,0.0],[-86.9213,63.8984,4.0384],[-86.9354,63.8958,0.0],[-86.9401,63.8922,3.9675],[-86.9474,63.8911,0.0],[-86.9463,63.888,5.4844],[-86.9557,63.8849,0.0],[-86.963,63.8797,4.4037],[-86.9724,63.8766,0.0],[-86.9828,63.8703,0.0],[-86.9818,63.8672,10.5318],[-86.9838,63.8651,9.3213],[-86.9943,63.8589,3.5387],[-87.0036,63.8557,0.0],[-87.0026,63.8526,7.1714],[-87.0224,63.8453,0.0],[-87.0262,63.8394,3.9037],[-87.0307,63.837,0.0],[-87.0297,63.8339,0.0],[-87.037,63.8286,0.0],[-87.0318,63.8255,3.5219],[-87.0536,63.8182,0.0],[-87.0526,63.8151,2.0595],[-87.0547,63.813,2.7938],[-87.0646,63.8125,0.0],[-87.0703,63.8099,0.0],[-87.0724,63.8068,0.0],[-87.0646,63.8063,3.079],[-87.063,63.8047,3.2594],[-87.0734,63.7964,3.1904],[-87.0828,63.7974,0.0],[-87.088,63.7901,2.9522],[-87.0911,63.7891,2.9767],[-87.0901,63.7859,3.0576],[-87.0917,63.7854,3.0216],[-87.0958,63.7875,0.0],[-87.1016,63.787,0.0],[-87.1026,63.7839,0.0],[-87.1099,63.7786,0.0],[-87.1047,63.7755,3.0727],[-87.112,63.7703,2.992],[-87.1109,63.7672,3.4408],[-87.1203,63.7682,0.0],[-87.1182,63.7651,2.815],[-87.113,63.763,3.5144],[-87.1203,63.762,2.9207],[-87.1266,63.7578,2.8175],[-87.1286,63.7557,2.8786],[-87.1276,63.7526,3.6075],[-87.1349,63.7516,2.8782],[-87.138,63.7484,2.8445],[-87.1453,63.7474,0.0],[-87.1484,63.7443,2.8918],[-87.1542,63.7438,0.0],[-87.1625,63.7396,1.4131],[-87.1724,63.7391,0.0],[-87.1771,63.7354,1.9973],[-87.1813,63.7375,0.0],[-87.1849,63.737,0.0],[-87.187,63.7349,0.0],[-87.1859,63.7318,0.0],[-87.2037,63.7203,0.0],[-87.2026,63.7172,0.0],[-87.2161,63.7141,0.0],[-87.2109,63.7109,0.0],[-87.2182,63.7099,0.0],[-87.2203,63.7078,0.0],[-87.2203,63.7047,0.0],[-87.213,63.7036,0.0],[-87.212,63.7005,0.0],[-87.2068,63.6995,4.2349],[-87.2078,63.6964,0.0],[-87.2026,63.6891,0.0],[-87.2037,63.6859,0.0],[-87.2026,63.6839,0.0],[-87.2057,63.6818,0.0],[-87.2016,63.6776,0.0],[-87.1963,63.6766,0.0],[-87.1984,63.6734,2.6836],[-87.2057,63.6724,0.0],[-87.2047,63.6693,2.647],[-87.212,63.6682,0.0],[-87.2245,63.6599,0.0],[-87.2172,63.6557,0.0],[-87.2224,63.6505,0.0],[-87.2172,63.6495,0.0],[-87.2151,63.6474,0.0],[-87.2161,63.6443,0.0],[-87.213,63.6391,0.0],[-87.2141,63.6359,0.0],[-87.213,63.6339,0.0],[-87.2161,63.6318,0.0],[-87.2047,63.6286,1.9605],[-87.2068,63.6255,3.2177],[-87.2099,63.6245,1.8255],[-87.2089,63.6214,2.0162],[-87.2141,63.6172,0.0],[-87.2078,63.6109,0.0],[-87.2026,63.6099,0.0],[-87.2057,63.6068,1.1132],[-87.2037,63.6047,0.0],[-87.1984,63.6036,0.0],[-87.1995,63.6005,0.0],[-87.1943,63.5995,1.8553],[-87.1953,63.5964,0.0],[-87.1771,63.5938,0.0],[-87.1703,63.588,0.0],[-87.1651,63.587,0.0],[-87.163,63.5839,0.0],[-87.1661,63.5828,0.0],[-87.1651,63.5797,0.0],[-87.1661,63.5776,0.0],[-87.1609,63.5766,2.0068],[-87.1589,63.5734,0.0],[-87.162,63.5714,0.0],[-87.1599,63.5693,0.0],[-87.1547,63.5682,0.0],[-87.1495,63.5609,0.0],[-87.1396,63.5604,0.0],[-87.1333,63.5563,0.0],[-87.1188,63.5563,2.6179],[-87.1083,63.5521,2.1697],[-87.1,63.5521,2.4048],[-87.0974,63.5484,0.0],[-87.0875,63.5458,0.0],[-87.0833,63.5479,0.0],[-87.0729,63.5479,0.0],[-87.0687,63.5458,0.0],[-87.0646,63.5458,0.0],[-87.0604,63.5479,0.0],[-87.0563,63.5458,0.0],[-87.0271,63.5458,0.0],[-87.0229,63.5479,0.0],[-87.0188,63.5479,2.1583],[-87.0146,63.5458,0.0],[-87.0083,63.5458,0.0],[-86.9958,63.55,2.6328],[-86.9917,63.5479,0.0],[-86.975,63.5479,0.0],[-86.9708,63.5458,0.0],[-86.9563,63.5458,0.0],[-86.9521,63.5479,1.1864],[-86.9479,63.5479,0.0],[-86.9375,63.5438,0.0],[-86.9333,63.5458,0.0],[-86.9187,63.5458,0.0],[-86.912,63.5516,3.8824],[-86.9021,63.5521,3.1305],[-86.8995,63.5557,3.6458],[-86.8917,63.5583,4.2495],[-86.8854,63.5563,4.3831],[-86.8812,63.5583,4.2527],[-86.8708,63.5542,0.0],[-86.8354,63.5646,2.9782],[-86.8313,63.5625,0.0],[-86.825,63.5625,0.0],[-86.8125,63.5667,0.0],[-86.8063,63.5667,0.0],[-86.8005,63.5693,0.0],[-86.7958,63.575,2.0958],[-86.7917,63.5729,0.0],[-86.7812,63.5729,0.0],[-86.7771,63.575,0.0],[-86.7646,63.575,0.0],[-86.7609,63.5776,1.1834],[-86.762,63.5828,5.1731],[-86.7557,63.5911,1.4961],[-86.75,63.5938,1.3966],[-86.7333,63.5938,0.0],[-86.7297,63.5964,1.1516],[-86.7286,63.5995,1.0422],[-86.7172,63.6005,0.0],[-86.7182,63.6036,0.973],[-86.713,63.6068,1.0079],[-86.7141,63.6099,1.4462],[-86.7125,63.6104,1.4462],[-86.7083,63.6083,0.0],[-86.7005,63.6089,0.0],[-86.7016,63.612,1.2398],[-86.6943,63.6172,0.0],[-86.6953,63.6203,0.0],[-86.6922,63.6214,0.0],[-86.6932,63.6245,2.386],[-86.6818,63.6255,0.0],[-86.6786,63.6307,1.8943],[-86.6693,63.6339,1.7611],[-86.6703,63.637,2.4182],[-86.663,63.6359,1.8016],[-86.6589,63.638,1.9374],[-86.6599,63.6411,2.2874],[-86.6583,63.6417,2.3975],[-86.6542,63.6396,1.8099],[-86.6464,63.6401,0.0],[-86.6401,63.6443,1.8888],[-86.6412,63.6474,2.6997],[-86.6375,63.65,2.7936],[-86.6188,63.6521,2.5423],[-86.6172,63.6505,2.0794],[-86.6229,63.65,2.092],[-86.6245,63.6484,1.9389],[-86.6167,63.6458,0.0],[-86.6104,63.6458,0.0],[-86.6088,63.6464,0.0],[-86.6099,63.6495,1.7827],[-86.6078,63.6516,2.0308],[-86.5937,63.6542,1.9619],[-86.5875,63.6583,2.7294],[-86.5839,63.6578,2.115],[-86.5813,63.6542,1.7655],[-86.575,63.6542,0.0],[-86.5713,63.6568,1.6193],[-86.5703,63.6599,2.1564],[-86.5604,63.6583,1.8898],[-86.5521,63.6625,2.0971],[-86.5417,63.6604,1.7614],[-86.5375,63.6625,1.9883],[-86.5146,63.6625,1.8216],[-86.5104,63.6604,0.0],[-86.4979,63.6604,1.5457],[-86.4938,63.6583,0.0],[-86.4792,63.6583,0.8028],[-86.4729,63.6625,2.295],[-86.4687,63.6604,2.0064],[-86.4609,63.6609,2.0815],[-86.4641,63.6651,2.8929],[-86.4625,63.6667,3.0988],[-86.4578,63.663,2.5115],[-86.45,63.6604,2.1929],[-86.4437,63.6604,2.1519],[-86.4396,63.6625,2.4942],[-86.4333,63.6583,2.215],[-86.4292,63.6604,2.5739],[-86.4213,63.6578,2.1564],[-86.4229,63.6563,2.1557],[-86.4328,63.6557,2.0363],[-86.4292,63.6521,0.0],[-86.4187,63.6521,0.0],[-86.4146,63.6542,2.0421],[-86.4083,63.6542,2.0794],[-86.4042,63.6521,1.8284],[-86.3979,63.6563,2.7199],[-86.388,63.6536,2.5722],[-86.3912,63.6516,2.3458],[-86.3891,63.6484,2.065],[-86.375,63.6437,0.0],[-86.3688,63.6437,0.0],[-86.3583,63.6396,0.0],[-86.3521,63.6417,2.0534],[-86.3417,63.6375,0.0],[-86.325,63.6375,1.9295],[-86.3208,63.6354,0.0],[-86.3104,63.6354,0.0],[-86.3063,63.6333,0.0],[-86.3,63.6333,0.0],[-86.2958,63.6312,0.0],[-86.2792,63.6312,0.0],[-86.2729,63.6292,0.0],[-86.2625,63.6333,2.5267],[-86.2542,63.6333,0.0],[-86.2396,63.6396,2.1684],[-86.2292,63.6375,0.0],[-86.2208,63.6417,0.0],[-86.2167,63.6396,0.0],[-86.2151,63.6401,0.0],[-86.2161,63.6432,0.0],[-86.2104,63.6458,0.0],[-86.1979,63.6458,0.0],[-86.1937,63.6479,0.0],[-86.1875,63.6437,0.0],[-86.1849,63.6474,0.0],[-86.1729,63.6521,1.9197],[-86.1625,63.6479,0.0],[-86.1568,63.6505,0.0],[-86.1578,63.6536,0.0],[-86.1505,63.6547,0.0],[-86.1458,63.6583,0.0],[-86.1375,63.6583,0.0],[-86.1292,63.6625,0.0],[-86.1062,63.6604,0.0],[-86.1021,63.6625,1.9949],[-86.0896,63.6625,0.0],[-86.0854,63.6646,1.9907],[-86.0708,63.6646,0.0],[-86.0693,63.6651,0.0],[-86.0703,63.6682,2.5262],[-86.0484,63.6734,0.0],[-86.0495,63.6766,2.5346],[-86.0401,63.6755,0.0],[-86.038,63.6786,2.0201],[-86.0432,63.6797,2.2375],[-86.0417,63.6813,2.5666],[-86.0339,63.6807,2.2515],[-86.0312,63.6771,1.5372],[-86.025,63.6792,2.0573],[-86.0083,63.6729,0.0],[-86.0026,63.6755,0.0],[-86.0068,63.6807,2.2318],[-86.0125,63.6792,2.0701],[-86.0203,63.6828,2.4174],[-85.9917,63.6833,2.2416],[-85.9875,63.6854,2.2485],[-85.9833,63.6833,2.2269],[-85.9792,63.6854,2.4338],[-85.975,63.6833,2.0888],[-85.9687,63.6833,1.9654],[-85.9672,63.6839,2.0569],[-85.9682,63.687,2.2473],[-85.9667,63.6875,2.5615],[-85.9625,63.6854,2.281],[-85.9563,63.6875,2.3071],[-85.9521,63.6854,2.0398],[-85.9479,63.6854,1.9801],[-85.9437,63.6875,2.3563],[-85.9292,63.6875,2.2869],[-85.9245,63.6911,2.8514],[-85.9146,63.6937,3.0992],[-85.913,63.6932,3.2526],[-85.9141,63.6901,2.3438],[-85.9125,63.6896,2.3737],[-85.9026,63.6901,2.2213],[-85.8984,63.6922,2.818],[-85.8995,63.6953,3.5065],[-85.8922,63.6964,3.5695],[-85.8995,63.7005,4.4421],[-85.8964,63.7036,5.0385],[-85.9016,63.7099,6.159],[-85.8938,63.7104,5.9393],[-85.8891,63.7068,5.1209],[-85.8859,63.7068,5.1347],[-85.8891,63.712,5.9552],[-85.8838,63.7151,6.1305],[-85.8849,63.7182,6.5927],[-85.8818,63.7193,6.5228],[-85.8833,63.7208,6.9946],[-85.8896,63.7208,7.0868],[-85.8953,63.7193,7.0901],[-85.8995,63.7266,8.1431],[-85.8958,63.7292,8.3963],[-85.8859,63.7297,8.1677],[-85.8797,63.7339,8.557],[-85.8807,63.737,8.677],[-85.8734,63.738,9.0594],[-85.8786,63.7401,9.3092],[-85.8755,63.7432,9.845],[-85.8807,63.7443,10.0916],[-85.8797,63.7474,10.4343],[-85.8828,63.7474,10.4919],[-85.8958,63.7417,9.8506],[-85.9021,63.7417,10.5278],[-85.9062,63.7438,10.7002],[-85.912,63.7411,10.9601],[-85.9089,63.7359,10.0677],[-85.912,63.7339,10.1573],[-85.9068,63.7318,9.0763],[-85.9203,63.7286,9.5276],[-85.9193,63.7255,9.0424],[-85.9234,63.7234,8.9478],[-85.9333,63.7229,9.3742],[-85.9396,63.7188,8.9791],[-85.9432,63.7214,9.6246],[-85.9422,63.7245,10.2612],[-85.9443,63.7266,10.3811],[-85.95,63.7271,10.7045],[-85.9516,63.7266,10.9358],[-85.9505,63.7234,10.238],[-85.9583,63.7188,9.8166],[-85.9625,63.7188,9.8039],[-85.9667,63.7167,9.3331],[-85.9729,63.7208,10.3533],[-85.9828,63.7182,10.0536],[-85.9776,63.7151,9.3916],[-85.9854,63.7104,8.6085],[-85.987,63.7109,8.858],[-85.9859,63.7161,9.6953],[-85.9901,63.7203,10.6788],[-85.9953,63.7214,10.7821],[-86.0005,63.7286,11.9677],[-86.0057,63.7297,12.5043],[-86.0109,63.7349,13.287],[-86.0182,63.7328,13.2602],[-86.0109,63.7286,12.555],[-86.0125,63.7271,12.5233],[-86.0167,63.7271,12.6891],[-86.0214,63.7307,13.4302],[-86.0292,63.7333,14.1756],[-86.0391,63.7339,14.501],[-86.0422,63.7391,14.6046],[-86.0563,63.7396,15.0571],[-86.0599,63.7422,15.2903],[-86.0547,63.7474,15.2342],[-86.0661,63.7505,15.7902],[-86.063,63.7536,15.8019],[-86.0703,63.7578,16.3702],[-86.0667,63.7604,16.0521],[-86.0568,63.7609,15.3758],[-86.0568,63.7641,15.7692],[-86.062,63.7651,16.0821],[-86.0641,63.7682,16.1276],[-86.0568,63.7693,15.4918],[-86.0578,63.7724,15.9561],[-86.0557,63.7745,16.0127],[-86.0484,63.7755,16.0376],[-86.0536,63.7786,16.5908],[-86.0354,63.7833,16.6714],[-86.0318,63.7797,16.4278],[-86.0432,63.7724,15.9538],[-86.038,63.7693,15.9531],[-86.0411,63.7682,15.9952],[-86.0432,63.7651,15.6174],[-86.0188,63.7625,15.2627],[-86.0146,63.7583,14.7244],[-86.0068,63.7589,14.8205],[-86.0078,63.762,14.9623],[-86.0062,63.7625,15.0294],[-86.0,63.7625,14.7534],[-85.9958,63.7604,14.5739],[-85.9943,63.762,14.7138],[-85.9974,63.7661,15.0319],[-85.9859,63.7672,14.6783],[-85.9911,63.7703,15.1017],[-85.9797,63.7776,15.5127],[-85.9807,63.7807,15.7601],[-85.9776,63.7828,15.8481],[-85.9807,63.787,16.1533],[-85.9714,63.7859,15.9917],[-85.9724,63.7891,16.2663],[-85.9672,63.7922,16.2668],[-85.9682,63.7953,16.399],[-85.9651,63.7964,16.6956],[-85.963,63.7995,16.9539],[-85.9667,63.8021,17.1555],[-85.9745,63.8026,17.3746],[-85.9714,63.8057,17.5722],[-85.9828,63.8068,17.6938],[-85.9776,63.812,18.085],[-85.9828,63.813,18.1845],[-85.9849,63.8151,18.3659],[-85.9838,63.8203,18.7576],[-85.987,63.8255,19.5664],[-85.9859,63.8286,19.7446],[-85.988,63.8307,19.8837],[-85.9932,63.8318,19.8561],[-85.988,63.8359,20.165],[-85.988,63.8391,20.5477],[-85.9901,63.8411,20.7515],[-85.9953,63.8422,20.8014],[-85.9984,63.8453,20.9245],[-86.0036,63.8464,20.876],[-86.0016,63.8495,20.907],[-85.9984,63.8505,21.0058],[-85.9995,63.8536,21.1158],[-85.9964,63.8557,20.9797],[-85.9984,63.8578,21.1445],[-86.0036,63.8589,21.256],[-86.0078,63.8641,21.2444],[-86.0005,63.8651,21.2993],[-85.9984,63.8682,20.9076],[-86.0062,63.8688,20.9986],[-86.0104,63.8708,21.1576],[-86.0167,63.8708,21.1207],[-86.0208,63.8688,21.384],[-86.0312,63.8729,21.5814],[-86.0354,63.8708,21.2329],[-86.0458,63.875,21.5512],[-86.0516,63.8755,21.5607],[-86.05,63.8771,21.5599],[-86.0437,63.8771,21.488],[-86.038,63.8755,21.3396],[-86.0396,63.8792,21.2885],[-86.038,63.8828,21.1405],[-86.0474,63.8839,21.3804],[-86.0521,63.8875,21.0941],[-86.0536,63.887,21.1062],[-86.0526,63.8839,21.4274],[-86.0542,63.8833,21.3884],[-86.0661,63.8839,21.5462],[-86.0682,63.887,21.7169],[-86.0625,63.8875,21.1388],[-86.0609,63.8891,21.3222],[-86.0651,63.8932,21.4841],[-86.0703,63.8943,21.4629],[-86.0755,63.8995,21.1561],[-86.0807,63.9005,21.2616],[-86.0859,63.9078,21.0332],[-86.1016,63.9089,21.2315],[-86.1026,63.912,20.9198],[-86.1078,63.913,21.7402],[-86.1161,63.9182,21.4922],[-86.1062,63.9188,21.4097],[-86.1021,63.9208,21.5765],[-86.0917,63.9188,21.286],[-86.0833,63.925,21.1891],[-86.0771,63.9229,20.9757],[-86.0713,63.9234,20.4812],[-86.0703,63.9266,20.6561],[-86.0609,63.9297,21.2517],[-86.062,63.9328,20.6382],[-86.0563,63.9333,20.9895],[-86.0443,63.938,21.4433],[-86.0458,63.9396,20.8202],[-86.0521,63.9396,21.2991],[-86.0563,63.9375,21.3602],[-86.0599,63.9411,21.6153],[-86.0526,63.9422,21.1487],[-86.0557,63.9474,21.3886],[-86.05,63.95,21.326],[-86.0443,63.9505,20.9446],[-86.0422,63.9526,20.7605],[-86.0432,63.9578,20.6326],[-86.0411,63.9599,20.4872],[-86.0354,63.9625,21.376],[-86.0255,63.963,20.8717],[-86.0266,63.9661,21.1432],[-86.0245,63.9682,20.9055],[-86.0188,63.9708,21.4289],[-86.013,63.9714,20.7768],[-86.0109,63.9734,20.676],[-86.0162,63.9766,21.2652],[-86.0062,63.9771,20.8535],[-86.0021,63.9792,21.4539],[-85.9708,63.9667,21.0847],[-85.9625,63.9667,21.4459],[-85.9583,63.9646,21.5247],[-85.9568,63.9651,21.5109],[-85.9578,63.9682,21.7996],[-85.95,63.9688,21.9221],[-85.9463,63.9661,21.9683],[-85.9563,63.9625,21.441],[-85.9667,63.9625,21.2032],[-85.9708,63.9646,20.8919],[-85.9771,63.9646,21.0205],[-85.9875,63.9604,21.1307],[-85.9958,63.9604,20.9364],[-85.9979,63.9583,21.0596],[-85.9938,63.9542,21.0022],[-85.9875,63.9562,21.1546],[-85.9833,63.9542,20.9256],[-85.9818,63.9547,21.2477],[-85.9828,63.9578,21.087],[-85.9776,63.9578,21.2513],[-85.9776,63.9547,21.0916],[-85.9797,63.9526,21.2385],[-85.9854,63.95,21.2572],[-85.9938,63.95,21.1469],[-85.9953,63.9484,21.1562],[-85.9901,63.9432,21.1373],[-85.9891,63.9401,20.7943],[-85.9776,63.9391,21.1335],[-85.9661,63.9255,20.7789],[-85.9609,63.9245,21.1125],[-85.9578,63.9193,21.006],[-85.9463,63.9161,21.1717],[-85.9432,63.913,21.1777],[-85.9354,63.9104,21.0865],[-85.9083,63.9104,21.8401],[-85.9042,63.9083,21.98],[-85.9,63.9083,22.224],[-85.8943,63.9109,22.2024],[-85.8922,63.9141,22.2648],[-85.9042,63.9146,22.2389],[-85.9083,63.9167,22.1975],[-85.9125,63.9167,22.0596],[-85.9151,63.9203,22.1589],[-85.9203,63.9224,21.9786],[-85.9151,63.9234,22.1072],[-85.912,63.9286,22.2806],[-85.9089,63.9297,22.0257],[-85.9068,63.9318,22.173],[-85.9078,63.9349,22.0395],[-85.8958,63.9354,22.4325],[-85.888,63.9328,22.1829],[-85.8838,63.9276,22.6326],[-85.8979,63.9292,22.3718],[-85.9021,63.9313,22.3876],[-85.9036,63.9297,22.4977],[-85.9016,63.9255,21.9423],[-85.8917,63.925,22.3551],[-85.8854,63.9208,22.4982],[-85.8688,63.9188,22.5586],[-85.863,63.9141,22.7233],[-85.8703,63.9109,22.4185],[-85.8625,63.9104,22.4507],[-85.8562,63.9146,23.0029],[-85.8521,63.9125,22.7302],[-85.8422,63.912,22.8219],[-85.8391,63.9068,22.9673],[-85.8339,63.9068,23.0918],[-85.8318,63.9099,23.2225],[-85.837,63.9109,23.2258],[-85.8359,63.9161,23.2027],[-85.8495,63.9151,23.1258],[-85.8479,63.9188,23.228],[-85.8516,63.9245,23.2946],[-85.8495,63.9266,22.7991],[-85.8458,63.9271,23.3872],[-85.8318,63.9224,23.3158],[-85.8297,63.9203,23.367],[-85.8328,63.9182,23.3139],[-85.8307,63.9151,23.2455],[-85.825,63.9167,23.3558],[-85.8151,63.9141,23.5168],[-85.8182,63.912,23.3078],[-85.8161,63.9089,23.1113],[-85.8083,63.9063,23.1616],[-85.8021,63.9063,23.786],[-85.7984,63.9036,23.5339],[-85.8021,63.9,23.3646],[-85.8125,63.9021,23.3706],[-85.8167,63.8979,23.1066],[-85.8271,63.9021,23.2516],[-85.8328,63.9016,22.714],[-85.8328,63.8984,22.4803],[-85.8276,63.8974,22.7584],[-85.8234,63.8932,22.7285],[-85.825,63.8917,22.615],[-85.8313,63.8958,22.6355],[-85.8391,63.8953,22.5993],[-85.837,63.8922,22.4567],[-85.8255,63.8891,22.3906],[-85.8187,63.8833,22.3076],[-85.8063,63.8875,22.498],[-85.8021,63.8854,22.7013],[-85.788,63.8839,22.714],[-85.7859,63.887,23.0231],[-85.7932,63.8911,23.1057],[-85.7901,63.8922,23.1843],[-85.788,63.8953,23.5741],[-85.7932,63.8964,23.4448],[-85.7953,63.9005,23.495],[-85.7937,63.9021,23.6686],[-85.7896,63.9,23.704],[-85.7833,63.9021,24.0071],[-85.7755,63.8995,23.8534],[-85.7745,63.8964,23.7133],[-85.7693,63.8943,23.7873],[-85.7792,63.8937,23.25],[-85.7807,63.8922,23.0918],[-85.7708,63.8896,23.1956],[-85.7651,63.8901,23.3133],[-85.7662,63.8932,23.67],[-85.7568,63.8984,24.2132],[-85.7588,63.9016,24.3255],[-85.7667,63.9,24.2165],[-85.7682,63.9016,24.2173],[-85.7651,63.9036,24.3971],[-85.7729,63.9042,24.3018],[-85.7771,63.9021,24.1921],[-85.7807,63.9047,24.004],[-85.7667,63.9104,24.7023],[-85.7604,63.9063,24.4671],[-85.7588,63.9068,24.5677],[-85.7599,63.9099,24.8336],[-85.7505,63.9099,24.9681],[-85.7474,63.9047,24.6161],[-85.7359,63.9036,24.6658],[-85.7391,63.9016,24.6185],[-85.7375,63.9,24.3856],[-85.7297,63.9005,24.6687],[-85.7307,63.9036,24.9196],[-85.7286,63.9057,25.1157],[-85.7214,63.9068,25.0804],[-85.7224,63.9099,25.5313],[-85.7208,63.9104,25.5313],[-85.7146,63.9083,25.4678],[-85.7104,63.9104,25.7496],[-85.7,63.9104,26.0188],[-85.6943,63.9089,26.1722],[-85.6953,63.912,26.262],[-85.6922,63.9141,26.7922],[-85.6974,63.9151,27.0624],[-85.6995,63.9182,26.9923],[-85.6818,63.9172,27.3332],[-85.687,63.9193,27.3688],[-85.6911,63.9234,27.9405],[-85.6932,63.9286,28.277],[-85.6813,63.925,28.3539],[-85.6729,63.9292,28.9601],[-85.6672,63.9276,28.7915],[-85.6682,63.9328,29.3492],[-85.6667,63.9333,29.5434],[-85.6542,63.9354,30.6511],[-85.65,63.9333,30.7321],[-85.6432,63.937,31.6039],[-85.6359,63.938,31.7687],[-85.6312,63.9417,32.4356],[-85.6271,63.9396,32.335],[-85.6234,63.9401,32.5494],[-85.6245,63.9432,32.7734],[-85.6229,63.9458,33.013],[-85.6245,63.9495,33.5599],[-85.6188,63.9479,33.3846],[-85.6088,63.9505,34.1252],[-85.6161,63.9547,34.641],[-85.6161,63.9578,35.3025],[-85.6062,63.9562,35.0145],[-85.5922,63.9609,36.3181],[-85.5932,63.9641,36.6168],[-85.588,63.9672,37.1605],[-85.5891,63.9703,37.5951],[-85.5859,63.9714,37.6317],[-85.5891,63.9766,38.2041],[-85.5797,63.9797,38.4943],[-85.5771,63.9833,38.6972],[-85.5713,63.9818,38.5489],[-85.5745,63.9891,39.2168],[-85.5687,63.9896,39.2177],[-85.5521,63.9833,38.8746],[-85.5484,63.9839,39.1346],[-85.5547,63.9932,39.8249],[-85.5583,63.9938,39.4607],[-85.5625,63.9917,39.5678],[-85.5661,63.9953,39.7686],[-85.5458,63.9958,40.1353],[-85.5417,63.9979,40.4432],[-85.5349,63.9922,40.446],[-85.5271,63.9917,40.6687],[-85.5229,63.9896,40.4369],[-85.5188,63.9917,41.1478],[-85.4984,63.9922,41.5854],[-85.4922,63.9964,42.2118],[-85.4995,64.0005,42.5731],[-85.4979,64.0021,42.7917],[-85.4938,64.0,42.5439],[-85.4854,64.0,42.5066],[-85.4812,63.9979,42.7359],[-85.4771,64.0,43.2764],[-85.4687,64.0,43.4909],[-85.4646,64.0021,43.3961],[-85.4604,64.0021,43.723],[-85.4526,64.0068,44.0145],[-85.4474,64.0141,45.0101],[-85.4443,64.0151,45.1295],[-85.4453,64.0182,45.3729],[-85.4432,64.0203,45.6392],[-85.4396,64.0208,45.7868],[-85.4354,64.0188,45.6718],[-85.4276,64.0234,46.1134],[-85.4297,64.0266,46.2653],[-85.4349,64.0276,46.1227],[-85.4286,64.0328,46.5779],[-85.4172,64.0339,46.7659],[-85.4083,64.0396,47.1525],[-85.4021,64.0396,47.1874],[-85.3979,64.0375,47.2654],[-85.3964,64.038,47.2244],[-85.3974,64.0411,47.2378],[-85.3958,64.0417,47.3052],[-85.3922,64.0411,47.2214],[-85.3901,64.037,47.6704],[-85.3917,64.0333,47.2328],[-85.3896,64.0313,47.1954],[-85.3714,64.0359,47.2079],[-85.3714,64.0391,48.0132],[-85.3734,64.0411,47.648],[-85.3771,64.0417,47.2732],[-85.3812,64.0396,47.6513],[-85.3891,64.0422,47.54],[-85.3922,64.0474,47.572],[-85.4036,64.0484,47.6016],[-85.4057,64.0516,48.0041],[-85.4026,64.0526,47.826],[-85.4036,64.0557,48.4718],[-85.3964,64.0568,48.2821],[-85.3995,64.062,48.7625],[-85.3958,64.0625,48.6286],[-85.388,64.0599,48.3401],[-85.3932,64.0557,48.035],[-85.3912,64.0505,47.8592],[-85.3812,64.05,47.9112],[-85.3771,64.0479,47.7733],[-85.3651,64.0484,47.8085],[-85.3667,64.05,47.8268],[-85.375,64.05,47.956],[-85.3786,64.0526,48.0263],[-85.3771,64.0542,48.1853],[-85.3708,64.0542,48.219],[-85.363,64.0516,48.0822],[-85.3562,64.0458,47.3269],[-85.3526,64.0484,48.0145],[-85.3495,64.0537,48.0139],[-85.3443,64.0568,48.1068],[-85.3453,64.0599,48.3979],[-85.3422,64.0609,48.0312],[-85.3432,64.0641,48.5431],[-85.3401,64.0661,48.6914],[-85.3474,64.0703,48.6031],[-85.3437,64.0729,48.7082],[-85.3339,64.0734,48.7749],[-85.3318,64.0776,49.0114],[-85.3328,64.0807,49.0397],[-85.3297,64.0828,49.0374],[-85.3349,64.0849,49.127],[-85.3234,64.0859,48.9776],[-85.3255,64.0891,49.3262],[-85.3307,64.0901,49.4988],[-85.3297,64.0932,49.6714],[-85.3328,64.0932,49.6539],[-85.3375,64.0875,49.6034],[-85.3432,64.088,49.661],[-85.3479,64.0917,49.5919],[-85.3521,64.0917,49.9104],[-85.3562,64.0896,49.7445],[-85.3641,64.0911,50.0911],[-85.3682,64.088,49.9699],[-85.363,64.0818,49.6847],[-85.3771,64.0771,49.3783],[-85.3828,64.0787,49.3717],[-85.3818,64.0755,49.2092],[-85.3833,64.075,49.1014],[-85.387,64.0755,49.0914],[-85.388,64.0787,49.4766],[-85.3917,64.0813,49.5473],[-85.3979,64.0813,49.7394],[-85.4021,64.0792,49.5409],[-85.4396,64.0792,50.1989],[-85.4437,64.0771,50.3116],[-85.4474,64.0807,50.561],[-85.4417,64.0813,50.4776],[-85.4401,64.0828,50.3985],[-85.4453,64.0839,50.6258],[-85.4474,64.087,50.6436],[-85.4443,64.088,50.6001],[-85.4453,64.0911,50.952],[-85.438,64.0922,51.0045],[-85.4432,64.0953,51.2591],[-85.438,64.0984,51.3178],[-85.4391,64.1016,51.5614],[-85.4375,64.1021,51.4778],[-85.4313,64.1021,51.5819],[-85.4271,64.1,51.4196],[-85.4255,64.1005,51.3455],[-85.4266,64.1036,51.4942],[-85.4234,64.1036,51.1952],[-85.4125,64.0938,50.4105],[-85.4083,64.0938,50.2611],[-85.4026,64.0964,50.3923],[-85.4005,64.0995,50.3502],[-85.4026,64.1016,50.665],[-85.4141,64.1057,51.1386],[-85.4078,64.1099,50.99],[-85.3979,64.1125,50.8814],[-85.3917,64.1083,50.6673],[-85.3875,64.1104,50.8336],[-85.3838,64.1099,50.684],[-85.387,64.1068,50.5328],[-85.3755,64.1036,50.4335],[-85.3807,64.0984,50.2252],[-85.3755,64.0984,50.1572],[-85.3708,64.1021,50.4588],[-85.363,64.0995,50.2143],[-85.3599,64.0964,50.0175],[-85.3521,64.0938,49.8914],[-85.3484,64.0943,49.8938],[-85.3505,64.0974,50.0527],[-85.3557,64.0995,50.0121],[-85.3443,64.1078,50.1739],[-85.3521,64.1083,50.1984],[-85.3536,64.1078,50.3335],[-85.3526,64.1047,50.1248],[-85.3625,64.1021,50.3695],[-85.3641,64.1036,50.3491],[-85.362,64.1078,50.1428],[-85.3542,64.1125,50.0172],[-85.3443,64.113,50.2567],[-85.3495,64.1162,50.2845],[-85.3474,64.1182,50.3224],[-85.3401,64.1193,50.3347],[-85.3411,64.1224,50.4828],[-85.338,64.1245,50.5713],[-85.3411,64.1286,50.637],[-85.3313,64.1292,50.4218],[-85.3255,64.1318,50.5714],[-85.3266,64.1349,50.2502],[-85.325,64.1375,50.7277],[-85.3271,64.1396,50.5523],[-85.3375,64.1396,51.0248],[-85.35,64.1354,51.0236],[-85.3604,64.1354,51.4295],[-85.362,64.137,51.503],[-85.3521,64.1375,51.4754],[-85.3422,64.1401,51.3996],[-85.3443,64.1432,51.4767],[-85.3495,64.1453,51.8769],[-85.3417,64.15,51.7236],[-85.338,64.1495,51.6981],[-85.337,64.1464,51.2166],[-85.3318,64.1464,51.0921],[-85.3297,64.1495,51.2547],[-85.3349,64.1516,51.7876],[-85.3234,64.1526,51.2984],[-85.3245,64.1557,51.3709],[-85.3213,64.1568,51.2197],[-85.3224,64.1599,51.5776],[-85.3146,64.1583,51.1573],[-85.3109,64.1609,51.5496],[-85.312,64.1641,51.6511],[-85.3005,64.1651,51.244],[-85.3057,64.1672,51.6053],[-85.3099,64.1745,51.8522],[-85.2958,64.1708,51.4317],[-85.2922,64.1734,51.2265],[-85.2932,64.1766,51.2671],[-85.2859,64.1776,51.007],[-85.2818,64.1797,51.6452],[-85.2797,64.1828,51.6094],[-85.3,64.1833,51.9463],[-85.3068,64.1797,51.9946],[-85.3125,64.1792,52.2503],[-85.3161,64.1828,52.4305],[-85.3109,64.187,52.4439],[-85.3167,64.1917,53.0005],[-85.3208,64.1896,53.0654],[-85.325,64.1896,53.0934],[-85.3292,64.1917,53.3553],[-85.3391,64.1922,53.5341],[-85.3437,64.1958,53.7981],[-85.3542,64.1937,53.614],[-85.3562,64.1958,53.6389],[-85.3547,64.1995,54.062],[-85.3625,64.2,54.1639],[-85.3667,64.2021,54.4902],[-85.375,64.2021,54.8981],[-85.3854,64.2063,55.3162],[-85.3896,64.2042,55.5119],[-85.4042,64.2042,55.8168],[-85.4083,64.2063,56.1628],[-85.4292,64.2063,56.8195],[-85.4333,64.2083,56.9261],[-85.4417,64.2083,57.2915],[-85.4453,64.2109,57.366],[-85.4453,64.2141,57.5307],[-85.4396,64.2125,57.3394],[-85.4354,64.2146,57.2105],[-85.4208,64.2146,56.66],[-85.4193,64.2151,56.5665],[-85.4203,64.2182,57.1286],[-85.4187,64.2188,57.045],[-85.4141,64.2151,56.4098],[-85.4062,64.2125,55.9778],[-85.3938,64.2125,55.8152],[-85.3833,64.2083,55.1772],[-85.3688,64.2104,54.8709],[-85.3625,64.2063,54.4791],[-85.3458,64.2042,53.888],[-85.3422,64.2078,54.0465],[-85.3474,64.2099,54.311],[-85.3417,64.2104,53.9344],[-85.3401,64.212,54.0893],[-85.3453,64.213,54.3082],[-85.3443,64.2182,54.656],[-85.3516,64.2224,54.7426],[-85.3458,64.2229,54.7703],[-85.3255,64.212,53.8134],[-85.3271,64.2104,53.8521],[-85.3354,64.2104,53.9593],[-85.337,64.2089,54.2245],[-85.3349,64.2068,53.87],[-85.3234,64.2037,53.565],[-85.3266,64.2005,53.4889],[-85.3224,64.1964,53.3428],[-85.3083,64.1917,52.4371],[-85.3068,64.1922,52.3946],[-85.3078,64.1953,52.8008],[-85.3042,64.1958,52.589],[-85.3,64.1937,52.4316],[-85.2917,64.1979,52.3477],[-85.288,64.1953,51.9755],[-85.2891,64.1901,51.684],[-85.2839,64.1891,51.8215],[-85.2792,64.1854,51.6143],[-85.2734,64.1891,52.0053],[-85.2797,64.1953,51.6433],[-85.2849,64.1974,52.0669],[-85.2818,64.1984,51.9099],[-85.2828,64.2016,52.0224],[-85.2807,64.2037,51.7304],[-85.2688,64.2104,52.0088],[-85.2609,64.2026,52.2006],[-85.2724,64.1984,51.0613],[-85.2682,64.1943,51.3027],[-85.2588,64.1932,51.8272],[-85.2662,64.1901,51.8822],[-85.2625,64.1875,51.8384],[-85.2562,64.1875,52.2918],[-85.2521,64.1896,52.284],[-85.2443,64.187,52.4109],[-85.2401,64.1818,52.5199],[-85.2453,64.1818,52.2979],[-85.2479,64.1854,52.3442],[-85.2599,64.1849,51.8175],[-85.2588,64.1818,51.7309],[-85.262,64.1797,51.2601],[-85.2526,64.1787,52.3209],[-85.2464,64.1713,52.2438],[-85.2516,64.1713,51.5167],[-85.2526,64.1745,51.5267],[-85.2562,64.1771,51.9415],[-85.2625,64.1771,51.4291],[-85.2672,64.1734,51.6527],[-85.2745,64.1724,51.6016],[-85.2724,64.1693,51.2482],[-85.2667,64.1708,50.9517],[-85.263,64.1672,51.6562],[-85.2651,64.1651,51.7333],[-85.2724,64.1641,51.4381],[-85.2714,64.1609,51.4744],[-85.2786,64.1599,51.5321],[-85.2807,64.1557,51.3984],[-85.2797,64.1526,51.3878],[-85.2896,64.1521,51.4366],[-85.2937,64.15,50.7968],[-85.3063,64.1479,51.0549],[-85.3161,64.1412,51.0282],[-85.3146,64.1396,50.3349],[-85.3104,64.1396,50.9278],[-85.3021,64.1438,51.0619],[-85.2979,64.1417,50.3699],[-85.2937,64.1417,50.8277],[-85.2875,64.1438,51.0491],[-85.2797,64.1401,50.8583],[-85.2958,64.1396,50.8216],[-85.2974,64.138,50.2261],[-85.2943,64.1339,50.5961],[-85.3021,64.1354,50.5556],[-85.3057,64.1328,50.8099],[-85.3042,64.1312,50.0279],[-85.2979,64.1312,49.9703],[-85.2901,64.1286,50.4205],[-85.2859,64.1234,50.5409],[-85.2891,64.1234,50.3535],[-85.2937,64.1271,50.6473],[-85.2995,64.1245,50.4317],[-85.2943,64.1214,50.4189],[-85.3026,64.1151,49.9637],[-85.3161,64.1162,49.9594],[-85.3182,64.1109,49.8627],[-85.313,64.1088,49.7541],[-85.3203,64.1078,49.9636],[-85.3245,64.1016,49.9775],[-85.3203,64.0964,49.3711],[-85.3125,64.0938,49.0353],[-85.3109,64.0943,48.9591],[-85.312,64.0974,49.0707],[-85.3104,64.0979,49.0931],[-85.3063,64.0958,48.9104],[-85.3026,64.0964,48.8376],[-85.3047,64.0995,49.0686],[-85.3099,64.1005,49.4472],[-85.312,64.1026,49.4683],[-85.3104,64.1042,49.3952],[-85.3047,64.1047,49.8017],[-85.3057,64.1078,49.9043],[-85.3042,64.1083,49.4343],[-85.2995,64.1047,49.2742],[-85.2943,64.1036,49.4642],[-85.2958,64.1021,49.5268],[-85.3016,64.1016,49.3981],[-85.2995,64.0984,49.2515],[-85.2917,64.0979,49.597],[-85.2901,64.0984,49.209],[-85.2911,64.1016,49.3409],[-85.2839,64.1026,49.5482],[-85.2766,64.1078,49.5352],[-85.2693,64.1088,49.553],[-85.2745,64.1109,49.8495],[-85.2734,64.1141,49.8756],[-85.2745,64.1162,50.2639],[-85.2667,64.1208,50.3261],[-85.2588,64.1193,50.2515],[-85.2609,64.1224,50.5203],[-85.2662,64.1234,50.5517],[-85.2682,64.1255,50.4522],[-85.2682,64.1286,50.3528],[-85.2583,64.1271,50.6538],[-85.2562,64.1292,50.6395],[-85.2578,64.1328,50.8236],[-85.2443,64.1359,51.0425],[-85.2453,64.1412,50.9543],[-85.2338,64.1484,51.4983],[-85.237,64.1536,51.7079],[-85.2255,64.1609,52.0388],[-85.2271,64.1625,52.1998],[-85.2328,64.1609,52.0839],[-85.2307,64.1661,52.2871],[-85.2172,64.1693,52.6649],[-85.2182,64.1724,52.8214],[-85.2125,64.175,52.8535],[-85.2083,64.1729,52.8677],[-85.2005,64.1734,52.8917],[-85.2016,64.1766,52.8234],[-85.1922,64.1797,53.2515],[-85.1896,64.1833,53.585],[-85.1859,64.1807,53.2804],[-85.1891,64.1776,52.7188],[-85.1839,64.1776,52.8796],[-85.1792,64.1813,53.2397],[-85.1745,64.1776,52.9915],[-85.1693,64.1766,53.2479],[-85.1672,64.1734,53.2902],[-85.1792,64.1687,52.8881],[-85.1896,64.1687,53.117],[-85.1958,64.1708,52.9139],[-85.1974,64.1703,52.7794],[-85.1963,64.1672,52.8003],[-85.2037,64.1682,52.7367],[-85.2203,64.1578,51.9889],[-85.2224,64.1557,52.0587],[-85.2224,64.1526,51.6775],[-85.2161,64.1464,51.6293],[-85.2104,64.1458,51.6887],[-85.2063,64.1479,51.8914],[-85.2,64.1438,52.0051],[-85.1922,64.1453,52.4668],[-85.1901,64.1422,52.7039],[-85.1963,64.138,52.5065],[-85.2083,64.1354,52.0881],[-85.2099,64.137,52.1276],[-85.2068,64.1391,52.0036],[-85.212,64.1401,51.6506],[-85.2109,64.1432,51.5803],[-85.2224,64.1432,51.4675],[-85.2172,64.1412,51.5216],[-85.2203,64.1391,51.5164],[-85.2182,64.1359,51.7075],[-85.213,64.1349,51.8853],[-85.2187,64.1312,51.3853],[-85.2276,64.1412,51.2825],[-85.2349,64.1391,51.2178],[-85.2411,64.1339,50.8539],[-85.237,64.1297,50.9063],[-85.2318,64.1276,51.1161],[-85.2391,64.1266,50.8955],[-85.2422,64.1214,50.5305],[-85.2521,64.1208,50.339],[-85.2557,64.1182,50.4195],[-85.2542,64.1167,50.2522],[-85.2375,64.1167,50.7038],[-85.2359,64.1151,50.6191],[-85.2536,64.1141,50.3362],[-85.2505,64.1088,49.9319],[-85.2536,64.1078,50.0231],[-85.2526,64.1047,50.2328],[-85.2547,64.1026,50.108],[-85.2578,64.1016,50.0059],[-85.2568,64.0984,50.2012],[-85.2662,64.0995,49.7703],[-85.2641,64.0964,49.9024],[-85.2547,64.0953,50.3824],[-85.2526,64.0922,50.6754],[-85.2547,64.0901,50.4102],[-85.2625,64.0896,49.6774],[-85.2729,64.0938,49.444],[-85.2771,64.0917,49.5704],[-85.2849,64.0932,49.414],[-85.2839,64.0901,49.3935],[-85.2911,64.0891,49.1343],[-85.2859,64.0859,49.2218],[-85.2958,64.0854,49.1299],[-85.2974,64.0839,48.9782],[-85.2917,64.0792,48.9268],[-85.2875,64.0813,49.2976],[-85.2818,64.0807,49.603],[-85.2839,64.0776,49.2647],[-85.2896,64.075,48.829],[-85.2937,64.075,49.1707],[-85.2979,64.0771,48.8806],[-85.3057,64.0766,48.7296],[-85.3078,64.0734,48.7261],[-85.3047,64.0672,48.8057],[-85.3089,64.0609,48.5649],[-85.3182,64.0578,48.535],[-85.3193,64.0547,48.4551],[-85.3307,64.0537,48.4588],[-85.3297,64.0505,48.217],[-85.3432,64.0453,48.0874],[-85.3422,64.0422,47.9638],[-85.3453,64.0411,47.9149],[-85.3437,64.0396,47.8375],[-85.3375,64.0396,47.7169],[-85.3333,64.0417,47.9229],[-85.3287,64.038,47.8636],[-85.3208,64.0375,48.0502],[-85.313,64.0349,48.1368],[-85.3141,64.0318,47.753],[-85.3063,64.0292,47.9941],[-85.3,64.0313,48.2417],[-85.2984,64.0307,48.4054],[-85.2963,64.0255,48.3864],[-85.3083,64.0271,47.9475],[-85.3125,64.0292,47.814],[-85.3229,64.0292,47.7067],[-85.3287,64.0266,47.7402],[-85.3234,64.0245,47.4531],[-85.3255,64.0214,47.4599],[-85.3313,64.0208,47.5781],[-85.3432,64.0162,47.3094],[-85.3422,64.0109,46.8789],[-85.3495,64.0099,46.7083],[-85.3443,64.0078,46.7397],[-85.3464,64.0047,46.7667],[-85.3542,64.0042,46.2701],[-85.3688,64.0083,46.3192],[-85.3776,64.0026,45.9879],[-85.3854,64.0021,45.4093],[-85.3891,64.0057,45.4373],[-85.3859,64.0068,45.76],[-85.387,64.0099,46.0198],[-85.3838,64.0109,46.0199],[-85.3818,64.0141,46.8176],[-85.3953,64.0151,46.4297],[-85.3995,64.0203,46.2612],[-85.3896,64.0208,46.5847],[-85.388,64.0224,46.8449],[-85.3974,64.0234,46.541],[-85.3964,64.0266,46.8004],[-85.4021,64.0271,46.6944],[-85.4068,64.0214,46.137],[-85.4099,64.0203,45.905],[-85.4089,64.0172,46.1174],[-85.4141,64.0141,45.7397],[-85.412,64.0109,45.6203],[-85.4068,64.0099,45.4269],[-85.4099,64.0078,45.3943],[-85.4089,64.0047,45.3967],[-85.4146,64.0042,45.2888],[-85.4224,64.0068,45.2103],[-85.4245,64.0089,44.9458],[-85.4234,64.0141,45.6389],[-85.4313,64.0146,45.4037],[-85.4328,64.0141,45.3539],[-85.4318,64.0109,45.3517],[-85.4411,64.0047,44.4572],[-85.4313,64.0042,44.8557],[-85.4297,64.0026,44.6733],[-85.4354,64.0,44.7063],[-85.4437,64.0,44.3375],[-85.4537,63.9974,43.6875],[-85.4526,63.9943,43.4189],[-85.4542,63.9938,43.5452],[-85.4583,63.9958,42.9994],[-85.4687,63.9958,43.2498],[-85.4745,63.9932,42.5015],[-85.4734,63.9901,42.4275],[-85.4771,63.9875,41.8139],[-85.4833,63.9896,41.3389],[-85.4958,63.9854,41.3148],[-85.5,63.9875,41.048],[-85.5146,63.9875,40.9755],[-85.5188,63.9854,40.0402],[-85.5271,63.9854,40.1819],[-85.5286,63.9839,39.9711],[-85.5234,63.9755,39.2987],[-85.5271,63.9729,39.0481],[-85.5333,63.9729,39.0528],[-85.5375,63.975,38.8173],[-85.5417,63.9729,38.6737],[-85.562,63.9724,38.1529],[-85.5646,63.9688,37.7382],[-85.563,63.9651,37.5466],[-85.5703,63.9641,37.1301],[-85.5693,63.9609,36.7645],[-85.5713,63.9589,36.6025],[-85.5807,63.9536,35.7557],[-85.5776,63.9484,35.3756],[-85.5833,63.9458,34.4908],[-85.5891,63.9453,33.8329],[-85.588,63.9422,33.9118],[-85.5896,63.9417,33.597],[-85.5937,63.9417,33.1397],[-85.5979,63.9396,33.1942],[-85.6036,63.9411,32.947],[-85.6141,63.9349,32.3986],[-85.613,63.9318,31.9507],[-85.6182,63.9286,31.1791],[-85.6167,63.9271,31.2325],[-85.6104,63.9271,31.1927],[-85.5995,63.9349,32.5465],[-85.5917,63.9354,32.7523],[-85.588,63.9318,32.5448],[-85.5917,63.9313,32.3],[-85.5958,63.9333,32.2781],[-85.5974,63.9318,32.2703],[-85.5901,63.9276,31.3412],[-85.5958,63.925,31.5927],[-85.6,63.9271,31.0915],[-85.6083,63.9229,29.5725],[-85.6182,63.9224,30.3551],[-85.6172,63.9193,29.8292],[-85.6266,63.9151,28.9466],[-85.6188,63.9146,28.591],[-85.6172,63.913,29.063],[-85.6271,63.9104,28.4],[-85.6328,63.9109,28.3776],[-85.6318,63.9141,28.8636],[-85.6396,63.9167,29.1529],[-85.6453,63.9141,28.6539],[-85.638,63.9057,27.0847],[-85.6412,63.9026,26.2967],[-85.6391,63.9005,26.7773],[-85.6312,63.9,26.4869],[-85.6297,63.8984,26.6139],[-85.6412,63.8974,26.4395],[-85.6474,63.8922,25.2673],[-85.6438,63.8896,24.8005],[-85.6396,63.8896,25.0621],[-85.6338,63.8922,26.2128],[-85.6349,63.8953,26.3371],[-85.6333,63.8958,26.2749],[-85.6271,63.8917,25.9866],[-85.6208,63.8917,26.6876],[-85.6193,63.8922,26.7479],[-85.6203,63.8953,26.6993],[-85.6167,63.8979,27.0197],[-85.5896,63.8958,28.8319],[-85.5854,63.8937,28.7899],[-85.5797,63.8964,29.3405],[-85.5807,63.8995,28.8573],[-85.5797,63.9036,30.2007],[-85.5849,63.9057,30.2209],[-85.5792,63.9063,30.4097],[-85.5734,63.9047,30.5219],[-85.5745,63.9099,31.1153],[-85.5734,63.912,31.2444],[-85.5766,63.912,31.1085],[-85.5813,63.9083,30.5725],[-85.5849,63.9089,30.5449],[-85.5875,63.9125,30.6327],[-85.5849,63.9161,31.0022],[-85.5792,63.9188,31.5656],[-85.5646,63.9146,31.5853],[-85.5609,63.9151,31.7353],[-85.5641,63.9193,32.0937],[-85.562,63.9224,32.582],[-85.5589,63.9234,32.7064],[-85.562,63.9286,33.2839],[-85.5563,63.9292,33.5333],[-85.5505,63.9318,33.844],[-85.5516,63.9349,34.376],[-85.5505,63.937,34.7987],[-85.5557,63.9391,34.9401],[-85.5479,63.9396,35.2523],[-85.5437,63.9375,35.1395],[-85.5396,63.9375,35.5993],[-85.5349,63.9432,36.3285],[-85.5234,63.9443,37.012],[-85.525,63.9458,37.1949],[-85.5328,63.9464,36.6422],[-85.538,63.9516,37.315],[-85.5432,63.9526,37.2352],[-85.5432,63.9557,37.6604],[-85.5417,63.9562,37.6604],[-85.5312,63.9521,37.3351],[-85.5167,63.9542,38.0565],[-85.513,63.9516,38.0359],[-85.5162,63.9495,37.7548],[-85.5146,63.9479,37.5772],[-85.5042,63.95,38.6843],[-85.5,63.9479,38.8833],[-85.4875,63.9479,39.1978],[-85.4833,63.9458,39.2217],[-85.4818,63.9464,39.3652],[-85.4828,63.9495,39.4562],[-85.4687,63.9583,40.6047],[-85.4479,63.9583,41.4273],[-85.4437,63.9562,41.6305],[-85.4396,63.9583,41.9185],[-85.4229,63.9583,43.1864],[-85.4172,63.9609,43.6426],[-85.4182,63.9641,43.5687],[-85.4167,63.9646,43.7943],[-85.413,63.9641,43.6087],[-85.412,63.9609,43.4304],[-85.4068,63.9609,43.506],[-85.4047,63.9641,43.5861],[-85.4161,63.9672,43.5965],[-85.4141,63.9703,43.734],[-85.4109,63.9714,43.9414],[-85.412,63.9745,44.1153],[-85.4089,63.9766,44.0574],[-85.4203,63.9776,43.6237],[-85.4172,63.9797,43.8549],[-85.4182,63.9828,44.141],[-85.413,63.9859,44.0963],[-85.4141,63.9891,44.0417],[-85.4083,63.9917,44.5402],[-85.4042,63.9896,44.397],[-85.4,63.9917,44.9861],[-85.3922,63.9911,44.7309],[-85.3974,63.987,44.5715],[-85.3964,63.9839,44.5778],[-85.3995,63.9818,44.3146],[-85.3917,63.9792,44.4822],[-85.3818,63.9786,44.7528],[-85.3818,63.9755,44.229],[-85.3838,63.9734,44.4077],[-85.3917,63.975,44.213],[-85.3932,63.9745,44.1627],[-85.3922,63.9714,43.9872],[-85.3943,63.9693,44.1427],[-85.4016,63.9682,43.717],[-85.4,63.9667,43.7605],[-85.3922,63.9661,43.9325],[-85.3932,63.963,43.9267],[-85.3917,63.9625,43.7613],[-85.3818,63.963,43.9272],[-85.3797,63.9672,43.9988],[-85.3807,63.9703,44.2043],[-85.375,63.9729,44.1538],[-85.363,63.9724,44.5996],[-85.3661,63.9693,44.3232],[-85.3625,63.9667,44.2873],[-85.35,63.9708,45.181],[-85.3458,63.9688,45.0421],[-85.3359,63.9682,45.5507],[-85.3318,63.9609,45.286],[-85.3339,63.9589,45.2822],[-85.3411,63.9578,44.9594],[-85.3417,63.9562,44.7667],[-85.3339,63.9474,43.9979],[-85.337,63.9443,44.0803],[-85.3276,63.9432,44.1123],[-85.3287,63.9401,43.9857],[-85.3213,63.9307,44.2045],[-85.3245,63.9286,44.4607],[-85.3234,63.9255,44.6684],[-85.3266,63.9234,44.7313],[-85.3193,63.9224,44.8018],[-85.3224,63.9193,45.2288],[-85.3172,63.9182,45.3278],[-85.3182,63.9151,45.3428],[-85.3167,63.9146,45.4779],[-85.3104,63.9208,45.426],[-85.3026,63.9182,45.9405],[-85.3005,63.9151,45.1366],[-85.3036,63.9141,45.5516],[-85.3026,63.9109,46.5943],[-85.3203,63.9109,45.41],[-85.3234,63.9141,45.2767],[-85.3287,63.9151,45.1994],[-85.3255,63.9182,45.1599],[-85.3333,63.925,44.415],[-85.3432,63.9224,44.354],[-85.3458,63.9188,44.435],[-85.3443,63.9151,44.3914],[-85.3516,63.9141,43.9698],[-85.3474,63.9089,43.746],[-85.3422,63.9078,44.2425],[-85.3453,63.9057,43.8537],[-85.3443,63.9026,44.206],[-85.3516,63.8974,44.0789],[-85.3547,63.8922,44.0983],[-85.3724,63.8807,43.0689],[-85.3672,63.8776,44.2623],[-85.3766,63.8724,44.2566],[-85.3755,63.8651,44.3098],[-85.3786,63.8641,44.1604],[-85.3755,63.8589,44.3445],[-85.3786,63.8568,43.7491],[-85.3734,63.8547,44.3041],[-85.3807,63.8536,43.7228],[-85.3797,63.8505,43.7028],[-85.3812,63.85,44.21],[-85.3859,63.8536,44.1701],[-85.3912,63.8547,44.287],[-85.3964,63.862,44.1555],[-85.4099,63.8672,43.9765],[-85.4161,63.8755,44.1576],[-85.4141,63.8786,43.2302],[-85.4047,63.8839,44.0287],[-85.4057,63.887,44.0361],[-85.4026,63.8891,43.8754],[-85.4099,63.8974,44.3526],[-85.4005,63.9026,42.748],[-85.4078,63.913,43.4979],[-85.4047,63.9161,43.2367],[-85.4099,63.9172,43.9072],[-85.4182,63.9255,43.3241],[-85.4146,63.9271,43.6447],[-85.4089,63.9255,43.9999],[-85.4109,63.9286,43.6747],[-85.4286,63.9286,41.9102],[-85.4266,63.9255,41.8235],[-85.4213,63.9234,42.7701],[-85.4271,63.9229,41.9354],[-85.4286,63.9214,41.3771],[-85.4172,63.9172,42.1939],[-85.4193,63.9151,42.4228],[-85.4266,63.9141,41.1054],[-85.438,63.9068,39.7792],[-85.4479,63.9063,39.2909],[-85.4542,63.9083,38.8889],[-85.4557,63.9078,38.8365],[-85.4547,63.9047,39.087],[-85.4563,63.9042,38.8688],[-85.4604,63.9063,38.5749],[-85.4682,63.9057,38.0194],[-85.463,63.8984,38.2235],[-85.4661,63.8974,37.7679],[-85.4651,63.8943,37.6521],[-85.4708,63.8917,37.4113],[-85.4771,63.8958,37.6498],[-85.4786,63.8953,37.5199],[-85.4776,63.8922,37.5273],[-85.487,63.8922,37.2361],[-85.4838,63.8953,37.1487],[-85.4896,63.9,37.1511],[-85.5,63.9,36.2222],[-85.5042,63.9021,35.7642],[-85.512,63.9005,35.0523],[-85.5141,63.9036,35.1964],[-85.5109,63.9057,35.3104],[-85.5146,63.9083,35.1794],[-85.5203,63.9068,34.8267],[-85.5266,63.913,34.1024],[-85.5234,63.9161,34.468],[-85.5286,63.9172,34.1839],[-85.5234,63.9193,34.7684],[-85.5208,63.9229,34.8891],[-85.5104,63.9208,35.6567],[-85.5042,63.925,36.6069],[-85.5,63.9229,36.5561],[-85.4875,63.9229,37.7989],[-85.4833,63.9208,37.7961],[-85.4818,63.9214,38.0499],[-85.4828,63.9245,38.1705],[-85.4797,63.9266,38.5615],[-85.4875,63.9271,38.0555],[-85.4922,63.9307,38.1011],[-85.5021,63.9333,37.8089],[-85.5036,63.9328,37.0964],[-85.5026,63.9297,37.2356],[-85.5042,63.9292,37.0621],[-85.5146,63.9313,36.5568],[-85.5208,63.9271,35.3887],[-85.5271,63.9292,34.9631],[-85.5312,63.9271,34.3641],[-85.5411,63.9266,33.7811],[-85.5401,63.9234,33.6551],[-85.5458,63.9229,33.1686],[-85.5474,63.9214,33.079],[-85.5437,63.9188,33.0681],[-85.5359,63.9182,33.4047],[-85.5318,63.9141,33.1999],[-85.5333,63.9125,32.9604],[-85.5391,63.912,32.7622],[-85.5359,63.9068,32.5462],[-85.5391,63.9047,32.3511],[-85.537,63.9026,32.3003],[-85.5292,63.9021,32.8774],[-85.5214,63.8984,33.7331],[-85.5307,63.8953,32.496],[-85.5359,63.888,30.7485],[-85.5479,63.8812,29.5359],[-85.5521,63.8833,29.2808],[-85.5641,63.8849,28.7944],[-85.563,63.8797,28.2774],[-85.5641,63.8776,27.4267],[-85.5589,63.8766,27.9502],[-85.562,63.8734,26.9913],[-85.5589,63.8693,26.524],[-85.562,63.8682,25.9256],[-85.5609,63.8651,25.8254],[-85.5745,63.8599,24.5231],[-85.5724,63.8568,24.087],[-85.5646,63.8563,23.8332],[-85.5568,63.8536,24.5146],[-85.5578,63.8505,24.3315],[-85.5526,63.8495,24.3913],[-85.5557,63.8464,23.8353],[-85.5505,63.8453,24.5915],[-85.5463,63.8401,25.259],[-85.562,63.838,23.4081],[-85.5651,63.8411,23.840699999999998],[-85.5703,63.8422,23.5861],[-85.5687,63.8438,23.6851],[-85.563,63.8443,24.0551],[-85.5693,63.8516,24.0205],[-85.5875,63.8542,23.5149],[-85.5891,63.8526,23.4825],[-85.5859,63.8484,23.6403],[-85.5932,63.8474,23.4035],[-85.5953,63.8453,23.0302],[-85.5901,63.8432,22.9423],[-85.5932,63.8401,22.5669],[-85.5901,63.8359,22.7035],[-85.5958,63.8333,21.9038],[-85.6,63.8333,21.9845],[-85.6042,63.8354,22.1551],[-85.6146,63.8354,21.6474],[-85.6188,63.8333,21.3399],[-85.6203,63.8349,21.7831],[-85.613,63.8401,22.334],[-85.6141,63.8432,22.4879],[-85.6068,63.8443,22.477],[-85.6026,63.8474,22.9344],[-85.6125,63.8479,23.1164],[-85.6151,63.8516,23.0099],[-85.6229,63.8542,23.0361],[-85.6292,63.8542,22.9848],[-85.6333,63.8521,23.1609],[-85.6417,63.8521,22.0636],[-85.6495,63.8474,21.9059],[-85.6443,63.8453,21.7482],[-85.6453,63.8422,21.6012],[-85.6438,63.8417,21.2733],[-85.6312,63.8458,21.7896],[-85.6214,63.8453,22.1569],[-85.6224,63.8422,22.2325],[-85.6214,63.8401,22.1645],[-85.6266,63.837,21.5173],[-85.6286,63.8318,20.774],[-85.6104,63.8312,21.0432],[-85.6026,63.8286,21.2924],[-85.6057,63.8255,20.6823],[-85.5943,63.8224,21.6928],[-85.5922,63.8203,21.6262],[-85.5974,63.8151,20.9106],[-85.5922,63.8141,21.1458],[-85.5875,63.8104,20.9315],[-85.5797,63.8109,21.6241],[-85.5849,63.813,21.2753],[-85.5891,63.8172,21.4736],[-85.5875,63.8187,21.6172],[-85.5818,63.8193,21.9593],[-85.5797,63.8214,21.82],[-85.5849,63.8245,21.8436],[-85.5713,63.8245,22.4613],[-85.5693,63.8214,22.033],[-85.5724,63.8193,21.339],[-85.5693,63.8151,22.0446],[-85.5724,63.813,21.701],[-85.5651,63.8089,21.4719],[-85.5703,63.8057,21.4947],[-85.5693,63.8026,21.253],[-85.5771,63.8042,21.0937],[-85.5787,63.8026,20.8077],[-85.5713,63.7984,20.6689],[-85.5813,63.7958,20.0881],[-85.5854,63.7979,20.1376],[-85.587,63.7974,19.99],[-85.5859,63.7943,19.7801],[-85.5958,63.7938,19.5825],[-85.5974,63.7922,19.524],[-85.5922,63.7911,19.3355],[-85.5911,63.788,18.8865],[-85.5859,63.787,19.3864],[-85.587,63.7839,18.9133],[-85.5833,63.7813,18.7244],[-85.5776,63.7818,18.7921],[-85.5708,63.7854,19.7369],[-85.5604,63.7854,20.1384],[-85.5589,63.7839,19.74],[-85.5703,63.7828,19.5876],[-85.5651,63.7807,19.7735],[-85.5667,63.7792,19.1079],[-85.5854,63.7771,18.5018],[-85.6057,63.7839,18.2539],[-85.6088,63.787,18.8176],[-85.612,63.787,18.5118],[-85.6099,63.7818,18.1252],[-85.6047,63.7807,18.0827],[-85.6005,63.7755,17.8558],[-85.612,63.7682,16.6054],[-85.6141,63.7651,16.1032],[-85.6062,63.7646,16.4663],[-85.6047,63.763,16.2849],[-85.612,63.762,15.7628],[-85.6214,63.7547,14.7353],[-85.6271,63.7521,14.3138],[-85.6328,63.7516,13.772],[-85.6391,63.7474,13.0471],[-85.638,63.7443,12.8793],[-85.6391,63.7422,12.2392],[-85.6338,63.7401,12.4419],[-85.637,63.7391,11.9885],[-85.6359,63.7359,11.6138],[-85.6391,63.7339,11.0684],[-85.6333,63.7333,11.559],[-85.6318,63.7318,11.1592],[-85.6375,63.7292,10.4102],[-85.6417,63.7313,10.8696],[-85.65,63.7313,10.4527],[-85.6542,63.7333,10.6866],[-85.6583,63.7313,10.2388],[-85.6625,63.7333,10.037],[-85.6682,63.7307,9.2294],[-85.663,63.7234,8.0708],[-85.6661,63.7224,7.8567],[-85.6713,63.7151,6.3206],[-85.6766,63.712,5.3229],[-85.6755,63.7089,5.1404],[-85.687,63.7016,3.5349],[-85.6818,63.6984,3.2835],[-85.6849,63.6974,3.2281],[-85.6875,63.6937,2.5323],[-85.6833,63.6896,2.1004],[-85.6755,63.6901,2.2381],[-85.6766,63.6932,2.807],[-85.675,63.6937,2.7807],[-85.6703,63.6901,2.4336],[-85.6625,63.6875,2.202],[-85.6438,63.6896,2.5864],[-85.6396,63.6917,2.9385],[-85.6318,63.6891,3.361],[-85.6271,63.6854,2.6857],[-85.6224,63.6891,3.4557],[-85.6172,63.6891,3.4966],[-85.6224,63.6849,2.8021],[-85.6172,63.6828,2.5451],[-85.6203,63.6797,2.0155],[-85.6125,63.6792,2.5151],[-85.6088,63.6766,2.552],[-85.6141,63.6714,0.0],[-85.6026,63.6682,1.8997],[-85.5984,63.6641,2.0504],[-85.6016,63.6609,0.0],[-85.5995,63.6589,0.0],[-85.5943,63.6578,2.2239],[-85.5958,63.6563,1.6842],[-85.6016,63.6557,0.0],[-85.6005,63.6526,0.0],[-85.6016,63.6505,0.0],[-85.5964,63.6495,0.0],[-85.5932,63.6443,1.7604],[-85.588,63.6432,2.3378],[-85.5901,63.638,1.8508],[-85.5953,63.637,0.0],[-85.5901,63.6349,2.0246],[-85.588,63.6297,2.7097],[-85.5932,63.6266,2.2806],[-85.5922,63.6234,2.5299],[-85.5953,63.6182,1.5693],[-85.5943,63.6151,2.736],[-85.5974,63.6141,0.0],[-85.5964,63.6109,1.9988],[-85.5995,63.6099,0.0],[-85.5984,63.6068,0.0],[-85.6005,63.6026,0.0],[-85.6182,63.6036,0.0],[-85.6099,63.5984,0.0],[-85.6047,63.5974,0.0],[-85.6068,63.5922,0.0],[-85.612,63.5891,0.0],[-85.6109,63.5859,0.0],[-85.6161,63.5818,0.0],[-85.6047,63.5786,0.0],[-85.6057,63.5755,0.0],[-85.5984,63.5714,11.1866],[-85.6078,63.5661,0.0],[-85.6068,63.563,0.0],[-85.6203,63.5578,0.0],[-85.6193,63.5547,0.0],[-85.6307,63.5536,0.0],[-85.6292,63.55,0.0],[-85.6307,63.5474,0.0],[-85.6297,63.5443,17.2016],[-85.6328,63.5432,0.0],[-85.6276,63.5411,9.2936],[-85.6234,63.537,0.0],[-85.6286,63.5318,0.0],[-85.6266,63.5297,0.0],[-85.6214,63.5286,0.0],[-85.6203,63.5255,0.0],[-85.6151,63.5245,0.0],[-85.6088,63.5182,0.0],[-85.612,63.5151,0.0],[-85.6099,63.513,0.0],[-85.6047,63.512,0.0],[-85.6078,63.5099,0.0],[-85.6068,63.5068,0.0],[-85.612,63.5026,0.0],[-85.6036,63.4922,0.0],[-85.5984,63.4911,8.2781],[-85.5964,63.488,20.1079],[-85.6036,63.487,4.1566],[-85.6026,63.4839,7.8175],[-85.6057,63.4828,4.9554],[-85.6047,63.4797,9.8763],[-85.6203,63.4786,0.0],[-85.6224,63.4734,0.0],[-85.6182,63.4672,0.0],[-85.613,63.4661,5.0687],[-85.6141,63.463,0.0],[-85.6088,63.4609,8.3765],[-85.6208,63.4562,3.5561],[-85.6266,63.4557,0.0],[-85.6255,63.4526,3.2173],[-85.6328,63.4516,3.6969],[-85.6276,63.4484,2.7501],[-85.6349,63.4474,3.9091],[-85.6338,63.4443,4.1132],[-85.6401,63.4401,6.2431],[-85.6516,63.4391,0.0],[-85.6505,63.4359,0.0],[-85.6536,63.4339,0.0],[-85.6484,63.4276,4.5775],[-85.6516,63.4266,0.0],[-85.6505,63.4234,0.0],[-85.6557,63.4203,0.0],[-85.6547,63.4172,3.3908],[-85.6599,63.4141,0.0],[-85.6547,63.412,0.0],[-85.6547,63.4089,0.0],[-85.6599,63.4078,0.0],[-85.6589,63.4026,4.2248],[-85.6661,63.4016,0.0],[-85.6568,63.3891,6.3103],[-85.6599,63.3859,4.5063],[-85.6568,63.3818,0.0],[-85.6599,63.3797,0.0],[-85.6568,63.3755,0.0],[-85.6599,63.3734,0.0],[-85.6578,63.3714,0.0],[-85.6526,63.3703,0.0],[-85.6484,63.3661,2.9149],[-85.6516,63.3641,0.0],[-85.6505,63.3609,1.3332],[-85.662,63.3599,0.0],[-85.6568,63.3578,3.5417],[-85.6583,63.3542,0.0],[-85.6568,63.3505,0.0],[-85.6599,63.3443,3.6482],[-85.6568,63.3391,1.7261],[-85.6583,63.3354,0.0],[-85.6568,63.3318,0.0],[-85.6599,63.3255,0.0],[-85.6526,63.3161,0.0],[-85.6557,63.313,0.0],[-85.6505,63.312,0.0],[-85.6474,63.3089,2.2527],[-85.6359,63.3057,7.6642],[-85.6474,63.2974,2.3597],[-85.6453,63.2922,0.0],[-85.6338,63.2911,6.8052],[-85.6495,63.2807,0.0],[-85.6536,63.2734,0.0],[-85.6453,63.263,0.0],[-85.6401,63.262,8.2353],[-85.6432,63.2599,0.0],[-85.6412,63.2568,0.0],[-85.6359,63.2557,6.7043],[-85.6412,63.2516,0.0],[-85.6391,63.2464,0.0],[-85.6338,63.2453,1.9627],[-85.6349,63.2422,0.0],[-85.6328,63.2401,0.0],[-85.625,63.2396,2.7172],[-85.6214,63.237,1.8638],[-85.6203,63.2339,1.6828],[-85.6151,63.2286,5.4031],[-85.6182,63.2255,1.4958],[-85.6088,63.2245,7.4923],[-85.6104,63.2229,4.2491],[-85.6203,63.2224,2.3081],[-85.625,63.2188,5.0959],[-85.6292,63.2208,0.0],[-85.6328,63.2203,0.0],[-85.6307,63.2172,0.0],[-85.6255,63.2161,0.0],[-85.6286,63.2089,3.8281],[-85.6234,63.2068,0.0],[-85.6266,63.2047,0.0],[-85.6214,63.2036,3.0248],[-85.6193,63.2016,2.1229],[-85.6208,63.1979,0.0],[-85.6151,63.1911,0.0],[-85.6182,63.188,0.0],[-85.613,63.1807,4.551],[-85.6141,63.1755,0.0],[-85.6088,63.1745,0.0],[-85.6036,63.1693,0.0],[-85.5984,63.1682,0.0],[-85.5974,63.1651,0.0],[-85.5922,63.1641,4.8061],[-85.5859,63.1578,0.0],[-85.5849,63.1547,0.0],[-85.5713,63.1495,3.5652],[-85.5724,63.1464,3.122],[-85.5672,63.1432,2.1151],[-85.5682,63.1401,2.1951],[-85.55,63.1375,4.2171],[-85.5484,63.137,2.3148],[-85.5495,63.1339,0.0],[-85.5375,63.1333,0.0],[-85.5312,63.1292,0.0],[-85.5271,63.1292,1.9066],[-85.5229,63.1312,2.064],[-85.5182,63.1276,2.2639],[-85.513,63.1266,2.2469],[-85.5109,63.1245,2.1571],[-85.5109,63.1214,3.1516],[-85.5162,63.1172,2.138],[-85.5104,63.1125,0.0],[-85.5,63.1188,3.0579],[-85.4953,63.1151,2.5905],[-85.4875,63.1146,2.1395],[-85.4833,63.1125,2.2076],[-85.4792,63.1146,2.2039],[-85.4755,63.1141,2.1993],[-85.4745,63.1109,2.0812],[-85.4687,63.1063,0.0],[-85.4604,63.1063,1.8737],[-85.4542,63.1083,1.2009],[-85.45,63.1063,1.1594],[-85.4396,63.1063,1.7228],[-85.4354,63.1042,1.2648],[-85.4276,63.1036,1.167],[-85.4286,63.1005,1.6247],[-85.4271,63.1,0.0],[-85.413,63.1026,0.0],[-85.4078,63.1099,2.6203],[-85.3964,63.1109,2.7654],[-85.4016,63.1141,2.6168],[-85.3938,63.1188,3.0748],[-85.3818,63.1161,2.4058],[-85.3771,63.1125,0.0],[-85.3745,63.1161,2.9676],[-85.3688,63.1167,3.0126],[-85.3646,63.1146,2.162],[-85.3479,63.1146,3.7316],[-85.3437,63.1125,0.0],[-85.3396,63.1146,3.8779],[-85.3354,63.1146,2.1371],[-85.325,63.1104,1.8905],[-85.3208,63.1125,1.4993],[-85.3146,63.1125,1.5103],[-85.3083,63.1063,1.7022],[-85.2917,63.1063,3.1817],[-85.2875,63.1042,0.0],[-85.275,63.1063,0.0],[-85.2708,63.1083,0.0],[-85.2354,63.1083,0.0],[-85.2312,63.1104,4.2455],[-85.2271,63.1083,0.0],[-85.2146,63.1083,1.075],[-85.2104,63.1063,0.0],[-85.2089,63.1068,0.0],[-85.2099,63.1099,0.0],[-85.2057,63.112,0.0],[-85.2,63.1125,0.0],[-85.1958,63.1104,0.0],[-85.1901,63.113,0.0],[-85.1953,63.1151,2.0897],[-85.1937,63.1167,4.3004],[-85.1896,63.1167,0.0],[-85.1854,63.1146,0.0],[-85.175,63.1208,1.9914],[-85.1687,63.1188,0.0],[-85.1625,63.1229,0.0],[-85.15,63.1229,0.0],[-85.1417,63.1271,0.0],[-85.1312,63.125,0.0],[-85.1276,63.1276,0.0],[-85.1286,63.1307,0.0],[-85.1255,63.1318,0.0],[-85.1266,63.1349,1.7226],[-85.1188,63.1354,0.0],[-85.1146,63.1333,0.0],[-85.1021,63.1417,2.0632],[-85.0875,63.1396,0.0],[-85.0792,63.1437,0.0],[-85.0708,63.1437,0.0],[-85.063,63.1464,0.0],[-85.062,63.1495,2.1253],[-85.0583,63.1521,3.0031],[-85.0542,63.15,0.0],[-85.05,63.1521,0.0],[-85.0417,63.1521,0.0],[-85.0208,63.1583,0.0],[-85.0167,63.1563,0.0],[-85.0125,63.1563,0.0],[-85.0083,63.1583,0.0],[-85.0,63.1583,0.0],[-84.9958,63.1604,0.0],[-84.9896,63.1583,0.0],[-84.9854,63.1604,0.0],[-84.9729,63.1604,0.0],[-84.9714,63.1609,0.0],[-84.9724,63.1641,0.0],[-84.9651,63.1651,0.0],[-84.9604,63.1688,3.9197],[-84.9526,63.1672,0.0],[-84.937,63.1786,0.0],[-84.9271,63.1813,2.5994],[-84.9151,63.1797,0.0],[-84.9161,63.1828,0.0],[-84.9042,63.1896,0.0],[-84.8896,63.1917,0.0],[-84.8812,63.1958,3.8946],[-84.8771,63.1937,0.0],[-84.8729,63.1958,0.0],[-84.863,63.1964,0.0],[-84.8453,63.2078,0.0],[-84.8354,63.2083,0.0],[-84.8292,63.2125,0.0],[-84.8208,63.2125,0.0],[-84.8172,63.2151,1.4976],[-84.8161,63.2182,2.2213],[-84.8104,63.2167,0.0],[-84.7974,63.2245,2.3895],[-84.7839,63.2276,0.0],[-84.7771,63.2313,0.0],[-84.7672,63.2318,0.0],[-84.7682,63.2349,0.0],[-84.7662,63.237,0.0],[-84.7604,63.2396,1.1737],[-84.7562,63.2375,0.0],[-84.7505,63.2401,0.0],[-84.7474,63.2453,0.0],[-84.738,63.2484,1.1825],[-84.7391,63.2516,1.9333],[-84.7297,63.2505,0.0],[-84.7276,63.2526,0.0],[-84.7286,63.2557,0.9019],[-84.7229,63.2583,1.1548],[-84.7172,63.2589,0.0],[-84.7099,63.2641,0.0],[-84.7047,63.2651,0.0],[-84.7037,63.2682,0.0],[-84.6984,63.2693,0.0],[-84.688,63.2755,0.0],[-84.6891,63.2786,1.4456],[-84.6828,63.2828,1.7252],[-84.6589,63.288,0.0],[-84.6599,63.2911,1.3443],[-84.6583,63.2917,1.4306],[-84.6542,63.2917,0.0],[-84.65,63.2938,1.4025],[-84.6292,63.2938,0.0],[-84.625,63.2958,0.0],[-84.6062,63.2958,0.0],[-84.5917,63.2917,4.4136],[-84.5797,63.2922,0.0],[-84.5807,63.2953,4.9231],[-84.5734,63.2964,0.0],[-84.5787,63.2984,1.8642],[-84.5792,63.3,0.0],[-84.5766,63.3036,0.0],[-84.5713,63.3068,0.0],[-84.5745,63.313,2.1419],[-84.5724,63.3161,2.2274],[-84.5667,63.3187,2.2918],[-84.5568,63.3193,0.8652],[-84.5505,63.3234,1.4379],[-84.5516,63.3266,2.4603],[-84.5391,63.3349,2.3381],[-84.5333,63.3354,1.6466],[-84.5276,63.338,0.0],[-84.5193,63.3443,0.0],[-84.5203,63.3474,2.0454],[-84.5146,63.35,1.6193],[-84.5088,63.3505,0.0],[-84.4932,63.362,2.2308],[-84.4875,63.3625,0.0],[-84.4792,63.3667,0.0],[-84.475,63.3667,0.0],[-84.4708,63.3646,0.0],[-84.4625,63.3688,0.0],[-84.4568,63.3693,0.0],[-84.462,63.3714,2.2049],[-84.4609,63.3745,2.0171],[-84.4682,63.3797,3.565],[-84.4667,63.3833,1.6553],[-84.4703,63.3891,2.954],[-84.4547,63.3901,0.0],[-84.4547,63.3932,0.0],[-84.4599,63.4016,2.2548],[-84.4526,63.4026,0.0],[-84.4537,63.4057,0.0],[-84.4521,63.4083,0.0],[-84.4537,63.412,0.0],[-84.4505,63.413,0.0],[-84.4526,63.4161,0.0],[-84.4578,63.4172,0.0],[-84.4557,63.4224,0.0],[-84.4505,63.4255,0.0],[-84.4557,63.4339,1.7249],[-84.4537,63.4391,1.286],[-84.45,63.4417,1.0932],[-84.4458,63.4396,0.0],[-84.4375,63.4396,0.0],[-84.4349,63.4359,0.0],[-84.4313,63.4354,0.0],[-84.4297,63.437,0.0],[-84.4328,63.4411,0.0],[-84.4271,63.4437,0.0],[-84.4229,63.4417,0.0],[-84.4172,63.4443,0.0],[-84.4193,63.4474,0.0],[-84.425,63.4479,0.0],[-84.4375,63.4437,0.0],[-84.4453,63.4443,0.0],[-84.4453,63.4474,0.0],[-84.4437,63.4479,0.0],[-84.438,63.4464,0.0],[-84.4411,63.4526,0.0],[-84.4391,63.4578,0.0],[-84.4339,63.4589,0.0],[-84.4297,63.462,0.0],[-84.4333,63.4646,0.0],[-84.4432,63.463,0.0],[-84.4453,63.4651,0.0],[-84.4437,63.4688,0.0],[-84.4453,63.4724,1.1737],[-84.4401,63.4755,0.0],[-84.4411,63.4786,1.5414],[-84.4339,63.4797,0.0],[-84.4354,63.4833,0.0],[-84.4328,63.487,0.0],[-84.4297,63.488,0.0],[-84.4307,63.4911,1.5417],[-84.4234,63.4922,0.915],[-84.4172,63.4964,1.4803],[-84.4203,63.5016,2.9585],[-84.4089,63.5026,0.0],[-84.4078,63.5057,0.9289],[-84.3984,63.5089,0.0],[-84.3953,63.5141,2.1364],[-84.3901,63.5172,0.0],[-84.3912,63.5203,1.9847],[-84.388,63.5214,0.0],[-84.3891,63.5245,2.8774],[-84.3838,63.5276,0.0],[-84.3854,63.5313,2.8084],[-84.3838,63.5339,0.0],[-84.3849,63.537,1.4373],[-84.3797,63.5401,0.0],[-84.3849,63.5422,1.325],[-84.3849,63.5453,1.9799],[-84.3776,63.5443,0.0],[-84.3786,63.5495,1.8653],[-84.3724,63.5536,0.0],[-84.3651,63.5547,0.0],[-84.363,63.5568,0.0],[-84.3641,63.562,0.0],[-84.3583,63.5625,0.0],[-84.3536,63.5661,0.0],[-84.3464,63.5672,0.0],[-84.3411,63.5745,2.2819],[-84.3318,63.5734,0.0],[-84.3287,63.5766,0.0],[-84.3229,63.5771,0.0],[-84.3172,63.5797,0.0],[-84.3141,63.5828,0.0],[-84.3068,63.5839,0.0],[-84.3078,63.587,1.2959],[-84.3036,63.5891,1.1851],[-84.2901,63.5922,0.0],[-84.2891,63.5953,1.0053],[-84.2776,63.5964,0.0],[-84.2797,63.5995,1.1853],[-84.2849,63.6005,1.3674],[-84.2839,63.6057,1.2998],[-84.2891,63.613,1.6705],[-84.288,63.6182,1.6563],[-84.2922,63.6224,2.421],[-84.2953,63.6224,2.4115],[-84.2943,63.6172,2.0395],[-84.3099,63.6161,2.3348],[-84.3068,63.612,2.2962],[-84.3083,63.6104,2.2447],[-84.3208,63.6146,3.03],[-84.3287,63.6151,3.342],[-84.3245,63.6182,3.1214],[-84.3146,63.6188,2.8655],[-84.3042,63.6229,2.4548],[-84.2984,63.6234,2.244],[-84.2953,63.6286,2.8892],[-84.2896,63.6312,2.9156],[-84.2818,63.6286,2.4216],[-84.2786,63.6255,2.1949],[-84.2693,63.6245,2.6777],[-84.2682,63.6214,1.9602],[-84.263,63.6203,1.7954],[-84.2599,63.6172,1.6388],[-84.2521,63.6167,1.3779],[-84.2479,63.6146,1.1005],[-84.2375,63.6146,1.0005],[-84.2333,63.6167,1.2178],[-84.2271,63.6125,0.0],[-84.2203,63.6161,0.0],[-84.2104,63.6188,1.131],[-84.1958,63.6167,0.0],[-84.1917,63.6188,0.0],[-84.1687,63.6188,1.5883],[-84.1672,63.6172,1.3521],[-84.1693,63.6151,0.0],[-84.175,63.6146,0.0],[-84.1766,63.613,0.0],[-84.1583,63.6125,0.0],[-84.1542,63.6104,0.0],[-84.1464,63.6099,1.2466],[-84.1453,63.6068,0.0],[-84.1401,63.6057,0.0],[-84.137,63.6026,0.0],[-84.1255,63.5995,1.7252],[-84.1224,63.5943,0.0],[-84.1146,63.5917,0.0],[-84.1021,63.5917,3.065],[-84.0979,63.5896,0.0],[-84.0937,63.5917,4.5645],[-84.0896,63.5896,0.0],[-84.0833,63.5896,0.0],[-84.062,63.6036,6.8062],[-84.038,63.613,0.0],[-84.037,63.6161,0.0],[-84.0297,63.6214,0.0],[-84.0349,63.6234,0.0],[-84.0349,63.6266,0.0],[-84.0276,63.6255,0.0],[-84.0286,63.6286,0.0],[-84.0193,63.6339,0.0],[-84.0203,63.637,0.0],[-84.0109,63.6422,0.0],[-84.012,63.6453,0.0],[-84.0057,63.6495,0.0],[-84.0,63.65,0.0],[-83.988,63.6547,0.0],[-83.9854,63.6583,2.2098],[-83.9672,63.6609,0.0],[-83.9625,63.6646,1.8618],[-83.9521,63.6646,0.0],[-83.9479,63.6625,0.0],[-83.9333,63.6625,0.0],[-83.9318,63.6641,0.0],[-83.9396,63.6646,0.0],[-83.9411,63.6661,0.0],[-83.9333,63.6708,0.0],[-83.9187,63.6688,0.0],[-83.9125,63.6729,4.4041],[-83.9062,63.6708,0.0],[-83.9026,63.6734,0.0],[-83.9036,63.6786,2.168],[-83.9005,63.6797,0.0],[-83.9016,63.6828,0.0],[-83.9,63.6833,0.0],[-83.8896,63.6833,0.0],[-83.887,63.6797,0.0],[-83.8818,63.6797,0.0],[-83.8797,63.6828,0.0],[-83.8849,63.6839,0.0],[-83.887,63.6891,0.0],[-83.8797,63.6901,0.0],[-83.8776,63.6922,0.0],[-83.8828,63.6943,0.0],[-83.8812,63.6958,0.0],[-83.875,63.6958,0.0],[-83.8672,63.6932,0.0],[-83.8688,63.6917,0.0],[-83.8745,63.6911,0.0],[-83.8729,63.6896,0.0],[-83.8375,63.6896,0.0],[-83.8333,63.6854,0.0],[-83.8255,63.687,0.0],[-83.8234,63.6849,0.0],[-83.8234,63.6818,0.0],[-83.8292,63.6833,0.0],[-83.837,63.6828,0.0],[-83.8292,63.6729,0.0],[-83.8255,63.6734,0.0],[-83.8224,63.6766,0.0],[-83.8151,63.6776,0.0],[-83.8161,63.6807,0.0],[-83.813,63.6828,0.0],[-83.8161,63.687,0.0],[-83.8109,63.6901,0.0],[-83.8109,63.6932,0.0],[-83.8167,63.6917,0.0],[-83.8245,63.6922,0.0],[-83.8276,63.6953,0.0],[-83.8453,63.7005,0.0],[-83.8474,63.7057,0.0],[-83.8333,63.7062,0.0],[-83.8292,63.7083,0.0],[-83.8193,63.7089,0.0],[-83.8245,63.7109,0.0],[-83.825,63.7125,0.0],[-83.8229,63.7146,1.447],[-83.8172,63.713,0.0],[-83.8182,63.7182,1.7666],[-83.8172,63.7203,1.5845],[-83.8224,63.7224,1.471],[-83.8151,63.7234,0.0],[-83.8161,63.7286,0.0],[-83.8125,63.7354,0.0],[-83.8141,63.7391,1.6958],[-83.8042,63.7396,0.0],[-83.8,63.7417,0.0],[-83.7771,63.7417,0.0],[-83.7755,63.7422,0.0],[-83.7766,63.7453,0.0],[-83.7688,63.7438,0.0],[-83.7672,63.7443,0.0],[-83.7682,63.7474,0.0],[-83.7662,63.7495,0.0],[-83.7604,63.75,0.0],[-83.7547,63.7526,0.0],[-83.7568,63.7557,0.0],[-83.762,63.7568,1.1678],[-83.7641,63.7589,1.1103],[-83.7609,63.762,0.0],[-83.7641,63.7682,0.9796],[-83.7578,63.7724,1.2143],[-83.7484,63.7703,1.237],[-83.7464,63.7682,0.0],[-83.7479,63.7667,0.0],[-83.7578,63.7661,0.0],[-83.7562,63.7646,0.0],[-83.7417,63.7646,0.0],[-83.7354,63.7687,0.0],[-83.7292,63.7667,0.0],[-83.7276,63.7672,0.0],[-83.7286,63.7703,0.0],[-83.7208,63.7708,1.0694],[-83.7172,63.7682,0.0],[-83.7161,63.7651,0.0],[-83.7083,63.7625,0.0],[-83.6917,63.7625,0.0],[-83.6687,63.7542,0.0],[-83.6521,63.7542,3.0131],[-83.6479,63.7521,0.0],[-83.6292,63.7521,0.0],[-83.625,63.7542,0.0],[-83.6208,63.7542,0.0],[-83.6146,63.7583,0.0],[-83.6047,63.7589,0.0],[-83.6016,63.7641,0.0],[-83.5958,63.7646,0.0],[-83.5901,63.7672,0.0],[-83.588,63.7693,0.0],[-83.5891,63.7724,0.0],[-83.5797,63.7714,0.0],[-83.5807,63.7745,0.0],[-83.5776,63.7755,0.0],[-83.5755,63.7786,0.0],[-83.5807,63.7797,0.0],[-83.5818,63.7828,0.0],[-83.587,63.7839,0.0],[-83.5911,63.788,0.0],[-83.5797,63.7922,0.0],[-83.5849,63.7943,0.0],[-83.5891,63.7984,0.0],[-83.5818,63.8036,0.0],[-83.587,63.8047,0.0],[-83.5891,63.8078,0.0],[-83.5755,63.8068,0.0],[-83.5766,63.8099,0.0],[-83.5734,63.8109,0.0],[-83.5713,63.8141,0.0],[-83.5766,63.8151,0.0],[-83.5787,63.8182,5.3725],[-83.5755,63.8193,0.0],[-83.5766,63.8224,0.0],[-83.5734,63.8245,0.0],[-83.5787,63.8255,0.0],[-83.5813,63.8292,0.0],[-83.5792,63.8312,0.0],[-83.575,63.8271,0.0],[-83.5713,63.8286,0.0],[-83.5755,63.8328,0.0],[-83.5807,63.8339,0.0],[-83.5833,63.8375,0.0],[-83.587,63.837,0.0],[-83.5839,63.8328,0.0],[-83.5854,63.8312,0.0],[-83.5901,63.8349,0.0],[-83.5953,63.8359,0.0],[-83.5995,63.8401,0.0],[-83.5964,63.8422,0.0],[-83.5984,63.8453,0.0],[-83.6146,63.8458,0.0],[-83.6193,63.8495,0.0],[-83.6245,63.8505,3.5078],[-83.6234,63.8536,0.0],[-83.6286,63.8547,2.9798],[-83.6255,63.8568,0.0],[-83.6266,63.862,0.0],[-83.6193,63.8609,0.0],[-83.6203,63.8641,0.0],[-83.6172,63.8651,0.0],[-83.6182,63.8682,0.0],[-83.6068,63.8693,0.0],[-83.612,63.8714,0.0],[-83.6088,63.8807,0.0],[-83.6141,63.8828,0.0],[-83.6088,63.8859,0.0],[-83.6057,63.8911,0.0],[-83.5901,63.8943,0.0],[-83.5984,63.9078,0.0],[-83.6057,63.912,2.9741],[-83.5922,63.9172,0.0],[-83.5932,63.9203,0.0],[-83.5896,63.9208,0.0],[-83.5854,63.9188,0.0],[-83.5839,63.9203,0.0],[-83.5859,63.9224,0.0],[-83.5911,63.9234,0.0],[-83.5984,63.9349,0.0],[-83.6057,63.9391,0.0],[-83.5917,63.9396,0.0],[-83.5901,63.9411,0.0],[-83.5995,63.9422,0.0],[-83.5964,63.9443,0.0],[-83.5974,63.9474,0.0],[-83.5958,63.95,0.0],[-83.5984,63.9536,0.0],[-83.6062,63.9542,0.0],[-83.6141,63.9568,0.0],[-83.6182,63.9609,0.0],[-83.6151,63.9641,0.0],[-83.6229,63.9667,0.0],[-83.6307,63.9672,0.0],[-83.6286,63.9703,0.0],[-83.6193,63.9755,0.0],[-83.6208,63.9792,0.0],[-83.6193,63.9828,0.0],[-83.6271,63.9833,0.0],[-83.6312,63.9854,0.0],[-83.6438,63.9854,0.0],[-83.6516,63.988,0.0],[-83.6536,63.9932,0.0],[-83.6484,63.9974,0.0],[-83.6505,63.9995,0.0],[-83.662,64.0026,0.0],[-83.663,64.0057,2.0557],[-83.6682,64.0078,4.3408],[-83.6568,64.0089,0.0],[-83.6599,64.0141,2.4796],[-83.6568,64.0151,0.989],[-83.6521,64.0208,2.9323],[-83.6479,64.0188,0.0],[-83.6312,64.0167,0.0],[-83.6297,64.0172,0.0],[-83.6307,64.0203,0.0],[-83.6229,64.025,0.0],[-83.6188,64.025,0.0],[-83.6146,64.0271,0.5682],[-83.6062,64.0271,0.7575],[-83.6021,64.0292,1.1663],[-83.5958,64.0292,2.0591],[-83.5917,64.0271,0.0],[-83.5859,64.0297,0.0],[-83.5797,64.0339,0.0],[-83.5828,64.038,0.0],[-83.5828,64.0411,0.0],[-83.5766,64.0453,0.0],[-83.5693,64.0463,0.0],[-83.5703,64.0495,0.0],[-83.5588,64.0568,0.0],[-83.5568,64.0609,0.0],[-83.5578,64.0641,2.4612],[-83.5505,64.0672,0.0],[-83.5536,64.0724,2.5413],[-83.5505,64.0734,0.0],[-83.5516,64.0766,3.335],[-83.5484,64.0776,0.0],[-83.5463,64.0807,0.0],[-83.5516,64.0828,5.8794],[-83.5422,64.088,0.0],[-83.5432,64.0911,0.0],[-83.538,64.0943,0.0],[-83.5349,64.0995,0.0],[-83.5276,64.1005,0.0],[-83.5208,64.1042,0.0],[-83.5167,64.1042,0.0],[-83.5125,64.1062,0.0],[-83.5,64.1062,0.0],[-83.4917,64.1104,0.0],[-83.4875,64.1083,0.0],[-83.4859,64.1088,0.0],[-83.487,64.112,0.0],[-83.4797,64.113,0.0],[-83.4729,64.1167,0.0],[-83.4687,64.1167,0.0],[-83.4646,64.1188,1.5462],[-83.4542,64.1188,1.7328],[-83.4463,64.1162,3.3877],[-83.4495,64.1141,0.0],[-83.4479,64.1125,0.0],[-83.4313,64.1125,1.1438],[-83.4271,64.1104,0.0],[-83.4167,64.1104,15.2419],[-83.412,64.1068,0.0],[-83.4005,64.1036,0.0],[-83.3953,64.0984,0.0],[-83.3896,64.0979,0.0],[-83.3838,64.1005,0.0],[-83.3807,64.1057,1.0068],[-83.3672,64.1088,0.0],[-83.35,64.1188,0.891],[-83.3396,64.1188,0.0],[-83.337,64.1151,0.0],[-83.3318,64.1151,0.0],[-83.3349,64.1203,0.0],[-83.3318,64.1214,0.0],[-83.3328,64.1245,0.0],[-83.3297,64.1255,0.0],[-83.3276,64.1286,0.0],[-83.3328,64.1307,1.1308],[-83.3229,64.1333,0.0],[-83.3,64.1333,0.0],[-83.2911,64.1391,0.0],[-83.2812,64.1417,0.0],[-83.2734,64.1391,0.0],[-83.2703,64.1359,0.0],[-83.2651,64.1349,0.0],[-83.2609,64.1307,2.0902],[-83.2641,64.1286,0.0],[-83.262,64.1255,0.0],[-83.2547,64.1266,0.0],[-83.2484,64.1245,0.0],[-83.2495,64.1214,0.0],[-83.2417,64.1188,0.0],[-83.2312,64.1208,1.4105],[-83.2271,64.1188,0.0],[-83.2208,64.1188,7.2912],[-83.2161,64.1151,0.0],[-83.2083,64.1146,7.0409],[-83.1917,64.1083,0.5732],[-83.1875,64.1104,1.4695],[-83.1813,64.1083,0.0],[-83.175,64.1125,0.0],[-83.1646,64.1104,0.0],[-83.163,64.112,0.0],[-83.1651,64.1162,0.0],[-83.1729,64.1188,0.0],[-83.1813,64.1188,1.2594],[-83.1828,64.1203,0.6824],[-83.1745,64.1245,0.0],[-83.1672,64.1255,0.0],[-83.1703,64.1307,1.0263],[-83.163,64.1318,0.0],[-83.1526,64.138,0.0],[-83.1578,64.1401,4.2156],[-83.1562,64.1438,2.0838],[-83.1599,64.1495,0.6778],[-83.1505,64.1484,0.2666],[-83.1516,64.1516,6.8295],[-83.1443,64.1526,1.7486],[-83.138,64.1568,5.0302],[-83.1396,64.1583,3.1567],[-83.1578,64.1609,8.4777],[-83.162,64.1661,10.0505],[-83.1521,64.1687,9.8638],[-83.1458,64.1687,7.8657],[-83.1417,64.1667,5.1652],[-83.1375,64.1687,7.2273],[-83.1297,64.1661,2.8541],[-83.1307,64.163,4.2768],[-83.1292,64.1625,1.4588],[-83.1193,64.1651,0.0],[-83.1125,64.1687,0.0],[-83.1042,64.1687,1.7516],[-83.0917,64.1729,0.0],[-83.0875,64.1708,0.0],[-83.0833,64.1708,0.0],[-83.0734,64.1734,0.0],[-83.0667,64.1771,2.846],[-83.0625,64.175,0.0],[-83.0542,64.175,0.0],[-83.05,64.1729,0.0],[-83.0437,64.1771,1.493],[-83.0401,64.1766,2.4856],[-83.0375,64.1729,0.0],[-83.0208,64.1729,0.0],[-83.0146,64.1771,1.6243],[-83.0104,64.175,0.8374],[-83.0021,64.175,1.01],[-82.9979,64.1729,1.1325],[-82.9901,64.1724,1.0352],[-82.9932,64.1693,1.5933],[-82.9901,64.1651,1.3959],[-82.9932,64.163,1.2547],[-82.9891,64.1568,0.0],[-82.9792,64.1563,1.5661],[-82.9714,64.1536,1.8492],[-82.9682,64.1484,0.0],[-82.9589,64.1474,1.2937],[-82.9599,64.1443,0.0],[-82.9297,64.1339,2.2665],[-82.9391,64.1286,0.0],[-82.938,64.1255,2.4627],[-82.9537,64.1203,1.3783],[-82.9557,64.1182,1.3816],[-82.9547,64.1151,3.0166],[-82.9578,64.1141,0.0],[-82.9568,64.1088,1.5744],[-82.9641,64.1078,0.0],[-82.963,64.1047,0.0],[-82.9651,64.1026,3.2215],[-82.9724,64.1016,0.0],[-82.9734,64.0984,1.2531],[-82.9786,64.0953,1.7344],[-82.9776,64.0922,3.075],[-82.9838,64.088,2.3925],[-82.9896,64.0854,1.4421],[-82.9953,64.0849,0.0],[-82.9984,64.0797,1.5159],[-83.0021,64.0771,1.437],[-83.0083,64.0792,0.0],[-83.0167,64.0792,0.0],[-83.0266,64.0766,0.0],[-83.0255,64.0714,0.0],[-83.0453,64.0599,0.0],[-83.0443,64.0568,0.0],[-83.0495,64.0537,0.0],[-83.0484,64.0505,2.5449],[-83.0542,64.0479,2.036],[-83.0641,64.0474,0.0],[-83.0682,64.0453,0.0],[-83.0672,64.0422,1.7799],[-83.0807,64.037,0.0],[-83.0797,64.0339,2.0402],[-83.087,64.0328,0.6653],[-83.0859,64.0276,1.9526],[-83.087,64.0255,2.0368],[-83.0818,64.0245,3.2165],[-83.0787,64.0193,4.3234],[-83.0708,64.0188,6.1],[-83.0693,64.0172,5.7149],[-83.0713,64.0151,5.8637],[-83.0813,64.0125,4.816],[-83.0891,64.0141,3.9598],[-83.087,64.0109,4.295],[-83.0818,64.0099,4.5361],[-83.0776,64.0026,4.673],[-83.0891,64.0016,3.8398],[-83.0891,63.9984,3.5663],[-83.0833,63.9938,4.2257],[-83.0776,63.9943,4.3201],[-83.0708,63.9979,4.6581],[-83.0646,63.9938,4.7996],[-83.0505,63.9932,5.6599],[-83.0505,63.9901,6.1233],[-83.0625,63.9896,5.6],[-83.0667,63.9917,4.8211],[-83.0708,63.9896,4.5874],[-83.0979,63.9875,3.3722],[-83.0995,63.9891,3.3531],[-83.0964,63.9943,3.507],[-83.0964,63.9974,3.5683],[-83.1021,64.0021,3.2484],[-83.1088,63.9984,3.1509],[-83.112,63.9984,2.9168],[-83.1141,64.0005,2.8037],[-83.1109,64.0026,2.6628],[-83.1125,64.0042,2.7297],[-83.1203,64.0036,1.7606],[-83.1224,64.0016,1.4401],[-83.1214,63.9984,2.1805],[-83.1245,63.9974,1.659],[-83.1234,63.9943,2.1807],[-83.1412,63.9932,1.2167],[-83.1432,63.9901,1.2554],[-83.1354,63.9875,1.076],[-83.1234,63.987,1.9813],[-83.1245,63.9839,1.6671],[-83.1229,63.9833,2.0499],[-83.1167,63.9896,2.944],[-83.1047,63.987,2.9591],[-83.1057,63.9818,2.9504],[-83.1,63.9771,3.0829],[-83.0917,63.9813,4.2438],[-83.0875,63.9813,4.3678],[-83.0833,63.9792,4.8051],[-83.0807,63.9828,4.9978],[-83.075,63.9833,5.0926],[-83.0687,63.9771,5.2448],[-83.0713,63.9734,4.6987],[-83.0792,63.9688,4.1877],[-83.0854,63.9708,3.7887],[-83.0896,63.9688,3.5759],[-83.1,63.9688,3.4263],[-83.1146,63.9729,3.4187],[-83.125,63.9729,2.33],[-83.1292,63.9688,1.1582],[-83.1266,63.9651,1.1123],[-83.1125,63.9604,1.2112],[-83.1047,63.9599,1.6877],[-83.1,63.9562,0.0],[-83.0984,63.9568,1.7202],[-83.0995,63.962,1.7396],[-83.0875,63.9625,1.8322],[-83.0854,63.9604,1.4676],[-83.087,63.9568,1.2201],[-83.0854,63.9562,1.0728],[-83.0813,63.9583,1.5635],[-83.0771,63.9583,1.5438],[-83.0667,63.9542,1.379],[-83.0604,63.9542,2.2395],[-83.0589,63.9547,3.2363],[-83.0599,63.9599,3.5355],[-83.0542,63.9583,3.5151],[-83.0526,63.9599,4.4416],[-83.0547,63.962,4.4882],[-83.0641,63.9651,3.8881],[-83.0682,63.9703,4.5681],[-83.0651,63.9714,4.7432],[-83.0604,63.9771,5.6202],[-83.0568,63.9745,5.5233],[-83.05,63.9646,4.9922],[-83.0463,63.9651,4.598],[-83.0443,63.9672,4.9751],[-83.0495,63.9693,5.3591],[-83.0495,63.9724,5.6605],[-83.0479,63.9729,5.6784],[-83.0312,63.9667,5.5352],[-83.0234,63.9661,5.4585],[-83.0214,63.9641,5.4332],[-83.0271,63.9604,5.2277],[-83.0458,63.9604,4.3452],[-83.0495,63.9568,3.4558],[-83.0292,63.9562,3.8812],[-83.0208,63.9604,4.3213],[-83.0172,63.9578,3.8388],[-83.0203,63.9557,3.6494],[-83.0182,63.9526,2.2965],[-83.0062,63.9521,0.9576],[-83.0047,63.9536,1.1985],[-83.0099,63.9557,2.4914],[-82.9964,63.9547,1.1244],[-82.9995,63.9589,1.889],[-82.9979,63.9604,2.248],[-82.9771,63.9604,0.0],[-82.9729,63.9583,0.0],[-82.9646,63.9667,2.5068],[-82.9583,63.9667,2.4066],[-82.9542,63.9646,1.1265],[-82.9453,63.9703,2.5071],[-82.9417,63.9708,2.6979],[-82.9313,63.9667,0.0],[-82.9271,63.9667,0.0],[-82.925,63.9688,0.0],[-82.9266,63.9724,2.6409],[-82.9193,63.9734,2.4205],[-82.9203,63.9766,4.0984],[-82.9187,63.9771,4.4166],[-82.9125,63.9771,3.7375],[-82.9083,63.975,2.3323],[-82.9036,63.9786,2.67],[-82.8979,63.9792,1.0782],[-82.8896,63.9833,2.4301],[-82.8833,63.9792,1.1188],[-82.8766,63.9828,1.9111],[-82.8708,63.9833,2.2687],[-82.8667,63.9813,2.3283],[-82.8568,63.9807,1.9067],[-82.8599,63.9776,1.0316],[-82.8547,63.9766,1.2677],[-82.8578,63.9745,0.0],[-82.8562,63.9729,0.0],[-82.8479,63.9729,0.0],[-82.8437,63.9708,0.0],[-82.8292,63.9708,0.7276],[-82.825,63.9688,0.0],[-82.8063,63.9667,0.0],[-82.8021,63.9646,0.0],[-82.7979,63.9667,1.9268],[-82.7792,63.9667,1.5885],[-82.775,63.9688,2.3846],[-82.7672,63.9661,1.8426],[-82.7641,63.9609,1.344],[-82.7604,63.9604,1.5022],[-82.7562,63.9625,2.055],[-82.75,63.9583,1.4683],[-82.7458,63.9604,1.5315],[-82.7354,63.9604,1.1848],[-82.7312,63.9583,0.7825],[-82.7208,63.9583,0.9877],[-82.7193,63.9599,1.2523],[-82.7224,63.963,2.3288],[-82.7208,63.9646,2.4934],[-82.7,63.9646,2.2073],[-82.6958,63.9604,1.0147],[-82.6896,63.9625,1.2296],[-82.6792,63.9583,0.0],[-82.675,63.9604,1.3213],[-82.6708,63.9583,0.0],[-82.6604,63.9583,0.0],[-82.6562,63.9604,1.2486],[-82.65,63.9604,1.4099],[-82.6458,63.9562,0.0],[-82.6396,63.9562,0.0],[-82.6354,63.9583,1.4341],[-82.6062,63.9583,2.0406],[-82.6021,63.9562,0.9458],[-82.575,63.9542,1.1779],[-82.5708,63.9521,0.8498],[-82.5312,63.9521,1.2764],[-82.5167,63.9479,0.2567],[-82.5068,63.9474,1.6266],[-82.5036,63.9422,0.7297],[-82.4943,63.9411,1.093],[-82.4896,63.9375,2.0603],[-82.4812,63.9417,1.5],[-82.4604,63.9354,3.0038],[-82.4526,63.9349,4.8773],[-82.4505,63.9318,3.2769],[-82.4563,63.9292,1.0],[-82.4646,63.9292,2.1478],[-82.4687,63.9313,1.5],[-82.475,63.9313,2.2296],[-82.4766,63.9297,1.8357],[-82.4667,63.925,0.109],[-82.4625,63.9271,1.9718],[-82.4583,63.9271,1.9059],[-82.4542,63.925,0.5087],[-82.4354,63.9229,1.474],[-82.4307,63.9193,1.0554],[-82.4213,63.9182,1.6157],[-82.4245,63.9161,1.3446],[-82.4224,63.913,0.817],[-82.4089,63.912,1.1228],[-82.4099,63.9089,0.6067],[-82.4083,63.9083,0.4884],[-82.4042,63.9104,1.103],[-82.3964,63.9099,1.6989],[-82.3995,63.9068,1.3239],[-82.3943,63.9047,1.6747],[-82.3974,63.9026,0.2785],[-82.3797,63.8974,0.8877],[-82.375,63.8937,-0.5],[-82.3672,63.8932,1.3681],[-82.3641,63.888,-0.5],[-82.3547,63.887,1.6253],[-82.3568,63.8839,1.5288],[-82.3599,63.8828,1.164],[-82.3583,63.8812,-1.0],[-82.3464,63.8818,2.2345],[-82.3474,63.8849,2.1934],[-82.3401,63.888,2.742],[-82.3354,63.8937,3.699],[-82.3313,63.8917,4.0117],[-82.3234,63.8911,3.88],[-82.3266,63.888,3.0],[-82.3224,63.8839,4.413],[-82.3047,63.8828,5.1711],[-82.3057,63.8797,2.5],[-82.3021,63.8771,2.5],[-82.3005,63.8776,2.5],[-82.3016,63.8807,5.0634],[-82.3,63.8812,5.2237],[-82.2854,63.8812,6.7445],[-82.2812,63.8833,7.1178],[-82.2771,63.8833,7.2961],[-82.2688,63.875,7.5615],[-82.2625,63.8771,7.6389],[-82.2479,63.8708,7.6975],[-82.2417,63.8729,8.1136],[-82.2354,63.8688,8.5793],[-82.2276,63.8682,9.1131],[-82.2255,63.8651,9.0483],[-82.2391,63.8661,8.0815],[-82.238,63.8609,8.242],[-82.2411,63.8599,8.0038],[-82.2401,63.8568,8.2123],[-82.2432,63.8568,6.5],[-82.2479,63.8604,7.7188],[-82.2536,63.8578,7.5235],[-82.2557,63.8547,7.52],[-82.2484,63.8557,7.5576],[-82.2495,63.8526,7.4612],[-82.2438,63.85,7.9675],[-82.2401,63.8505,7.7421],[-82.2411,63.8536,7.9554],[-82.2396,63.8542,8.1805],[-82.2354,63.8521,7.7857],[-82.2292,63.8521,8.1814],[-82.225,63.8542,8.4376],[-82.2208,63.8542,8.6873],[-82.213,63.8505,9.2698],[-82.2203,63.8495,8.5846],[-82.2224,63.8474,8.2332],[-82.2214,63.8443,8.7083],[-82.2245,63.8422,8.6767],[-82.2187,63.8417,9.1595],[-82.2125,63.8438,9.1563],[-82.2083,63.8417,9.6057],[-82.2068,63.8422,9.8593],[-82.2078,63.8474,9.7307],[-82.2021,63.8479,9.5769],[-82.1979,63.8458,10.4441],[-82.1922,63.8495,10.7533],[-82.1974,63.8505,10.2069],[-82.2016,63.8568,10.3955],[-82.2,63.8625,10.5544],[-82.2047,63.8703,10.7714],[-82.2099,63.8714,10.6786],[-82.2089,63.8745,10.5276],[-82.2141,63.8755,10.4693],[-82.2161,63.8807,10.7476],[-82.213,63.8828,10.8661],[-82.2167,63.8833,10.9319],[-82.2208,63.8812,10.4035],[-82.2271,63.8854,10.5051],[-82.2312,63.8833,9.6854],[-82.2349,63.8859,10.1532],[-82.2359,63.8891,10.1997],[-82.2458,63.8896,9.5943],[-82.25,63.8917,9.493],[-82.2557,63.8911,9.1818],[-82.2568,63.888,8.8609],[-82.2646,63.8854,8.1958],[-82.2682,63.8859,8.0697],[-82.2708,63.8896,8.3543],[-82.2807,63.8901,7.4793],[-82.2708,63.8958,8.9132],[-82.2662,63.8922,8.9283],[-82.263,63.8922,8.9807],[-82.2641,63.8953,8.9219],[-82.2609,63.8974,9.5494],[-82.2662,63.8984,9.2201],[-82.2682,63.9005,9.9054],[-82.2672,63.9078,10.0],[-82.2786,63.9089,9.3548],[-82.2755,63.912,10.0],[-82.2797,63.9182,10.0],[-82.2849,63.9193,11.2973],[-82.2896,63.9229,10.0],[-82.2974,63.9234,9.3717],[-82.2984,63.9266,10.0],[-82.3026,63.9307,10.0],[-82.3078,63.9318,11.3062],[-82.312,63.938,11.4881],[-82.3089,63.9411,11.6041],[-82.3167,63.9437,11.0018],[-82.3245,63.9443,11.0169],[-82.3287,63.9495,11.3465],[-82.3104,63.9479,10.9691],[-82.3036,63.9422,10.5232],[-82.2917,63.9375,10.0],[-82.2812,63.9396,10.8194],[-82.2771,63.9375,10.0],[-82.2646,63.9437,11.5092],[-82.2588,63.9432,12.0904],[-82.2568,63.9401,11.9656],[-82.2724,63.9307,11.0447],[-82.263,63.9224,11.1866],[-82.2641,63.9172,10.7286],[-82.2583,63.9188,11.0572],[-82.2479,63.9188,10.849],[-82.2401,63.9161,11.0859],[-82.2375,63.9125,10.856],[-82.2312,63.9146,11.2719],[-82.2208,63.9104,10.0],[-82.2146,63.9104,11.5403],[-82.2104,63.9125,11.6636],[-82.2037,63.9026,11.4701],[-82.1958,63.9021,11.9889],[-82.1901,63.9057,12.2503],[-82.2057,63.9141,12.0733],[-82.1937,63.9146,12.5235],[-82.1797,63.9099,12.3677],[-82.175,63.9042,12.3635],[-82.1713,63.9047,12.9672],[-82.1687,63.9083,13.0307],[-82.1713,63.912,12.8745],[-82.1807,63.913,12.6838],[-82.1828,63.9161,12.6492],[-82.1797,63.9182,13.381],[-82.1849,63.9193,12.8539],[-82.188,63.9245,12.0],[-82.1932,63.9255,12.0],[-82.1984,63.9307,12.0],[-82.2037,63.9318,13.3361],[-82.2047,63.9349,12.0],[-82.2141,63.9349,13.0935],[-82.2161,63.9328,12.4528],[-82.2161,63.9297,12.4406],[-82.2063,63.925,12.2681],[-82.1984,63.9245,12.7464],[-82.2016,63.9214,11.5],[-82.1901,63.9203,12.7901],[-82.1901,63.9172,12.5652],[-82.2063,63.9167,12.2741],[-82.2203,63.9214,12.1334],[-82.2234,63.9266,12.2421],[-82.2312,63.9271,12.5522],[-82.2391,63.9297,12.6339],[-82.238,63.9328,12.2548],[-82.2432,63.9339,12.4728],[-82.2464,63.9391,12.4853],[-82.2516,63.9401,12.2678],[-82.25,63.9417,12.1463],[-82.2438,63.9417,12.2549],[-82.2396,63.9396,12.4996],[-82.2354,63.9417,12.5219],[-82.2286,63.9359,12.2752],[-82.2255,63.9359,12.6368],[-82.2266,63.9391,12.8183],[-82.2234,63.9411,13.1018],[-82.2286,63.9422,12.6158],[-82.2307,63.9443,12.9163],[-82.2297,63.9495,13.3182],[-82.25,63.9562,12.6892],[-82.2542,63.9562,12.6447],[-82.2599,63.9526,12.4628],[-82.2484,63.9495,12.4195],[-82.2464,63.9464,12.4008],[-82.2542,63.9458,12.4188],[-82.2583,63.9479,11.9934],[-82.2646,63.9479,12.3288],[-82.2708,63.9521,11.9961],[-82.2828,63.9526,12.0276],[-82.2849,63.9557,12.4687],[-82.2792,63.9542,12.0218],[-82.2672,63.9547,12.6316],[-82.2688,63.9562,12.5482],[-82.2766,63.9568,12.6301],[-82.2797,63.962,12.6534],[-82.2828,63.962,12.5812],[-82.2896,63.9583,12.3054],[-82.2937,63.9604,12.3889],[-82.3036,63.9609,12.4409],[-82.3057,63.9661,12.5104],[-82.2937,63.9646,12.5843],[-82.2922,63.9661,12.5884],[-82.2974,63.9682,12.2873],[-82.2854,63.9688,12.5888],[-82.2812,63.9667,12.4765],[-82.2729,63.9708,12.8036],[-82.2682,63.9672,12.7355],[-82.2625,63.9688,12.9403],[-82.2609,63.9682,12.8188],[-82.262,63.9651,12.7734],[-82.2542,63.9646,12.8616],[-82.25,63.9625,12.8813],[-82.2417,63.9667,13.2233],[-82.2338,63.9641,12.8758],[-82.2396,63.9604,12.9751],[-82.2453,63.962,12.9064],[-82.2453,63.9589,12.5812],[-82.2438,63.9583,12.8731],[-82.2312,63.9583,13.2944],[-82.2271,63.9562,12.8418],[-82.2151,63.9578,13.5244],[-82.2193,63.9547,13.0928],[-82.225,63.9542,13.2533],[-82.2266,63.9526,13.1199],[-82.2047,63.9474,13.5846],[-82.2026,63.9443,13.5155],[-82.2099,63.9432,13.58],[-82.2078,63.938,12.0],[-82.2,63.9375,13.5114],[-82.1958,63.9396,13.5031],[-82.1917,63.9375,12.0],[-82.1854,63.9375,13.5895],[-82.1776,63.9349,13.4952],[-82.1828,63.9297,12.9713],[-82.1776,63.9286,12.9803],[-82.1745,63.9255,13.236],[-82.1713,63.9255,12.8474],[-82.1724,63.9286,13.209],[-82.1708,63.9292,13.5302],[-82.1609,63.9266,12.5],[-82.1682,63.9224,13.295],[-82.1625,63.9146,13.3003],[-82.1479,63.9167,13.2975],[-82.1417,63.9208,13.9465],[-82.1354,63.9208,13.8573],[-82.1312,63.9188,13.4733],[-82.1255,63.9214,13.568],[-82.1266,63.9245,13.5971],[-82.1214,63.9276,13.4776],[-82.1214,63.9307,13.6182],[-82.1328,63.9318,13.66],[-82.1297,63.9349,13.4917],[-82.1349,63.9359,13.4834],[-82.1349,63.9391,13.1628],[-82.1333,63.9396,13.4578],[-82.1172,63.9391,13.3085],[-82.112,63.9318,13.4755],[-82.1088,63.9307,13.3997],[-82.1141,63.9286,13.6874],[-82.1125,63.9271,13.5331],[-82.1062,63.9271,13.6069],[-82.1021,63.925,13.6144],[-82.0964,63.9276,13.5483],[-82.0984,63.9307,13.4373],[-82.1099,63.9339,12.5],[-82.1057,63.937,13.2594],[-82.1,63.9375,12.5971],[-82.0984,63.9391,11.5],[-82.1078,63.9401,13.1342],[-82.113,63.9453,11.5],[-82.1182,63.9464,12.885],[-82.1151,63.9495,12.8583],[-82.1182,63.9557,12.7689],[-82.1125,63.9542,11.5],[-82.1062,63.9562,12.7315],[-82.0958,63.9521,11.5],[-82.0839,63.9578,10.0],[-82.0974,63.9589,11.9648],[-82.0995,63.9609,11.7824],[-82.0964,63.963,11.2768],[-82.0984,63.9682,9.5],[-82.1083,63.9688,10.0],[-82.1099,63.9703,10.7791],[-82.1068,63.9724,10.5792],[-82.1146,63.975,10.9398],[-82.1208,63.975,11.186],[-82.1286,63.9776,11.4463],[-82.1333,63.9813,10.6918],[-82.1396,63.9813,11.048],[-82.1474,63.9839,11.14],[-82.1484,63.987,10.6062],[-82.1536,63.988,10.5317],[-82.1589,63.9932,10.2449],[-82.1641,63.9943,10.589],[-82.1661,63.9995,9.5],[-82.1604,64.0,10.587],[-82.1589,64.0016,10.28],[-82.1682,64.0026,10.2919],[-82.1703,64.0057,10.2477],[-82.1672,64.0078,10.0731],[-82.1724,64.0089,10.2388],[-82.1708,64.0125,10.0207],[-82.1729,64.0146,10.3316],[-82.1807,64.0141,10.4618],[-82.1755,64.0109,10.8537],[-82.1828,64.0099,10.78],[-82.1859,64.0047,11.1079],[-82.1896,64.0021,11.1116],[-82.1995,64.0047,11.3079],[-82.2005,64.0078,10.9107],[-82.2057,64.0078,11.1749],[-82.2016,64.0026,11.0247],[-82.1963,64.0016,11.1705],[-82.1995,63.9984,11.2079],[-82.1943,63.9974,10.5],[-82.188,63.9891,11.7242],[-82.188,63.9859,11.9801],[-82.1917,63.9833,11.9468],[-82.2063,63.9833,11.9455],[-82.2109,63.987,11.7478],[-82.2161,63.988,11.7482],[-82.212,63.9911,11.2099],[-82.2068,63.9922,11.5099],[-82.2109,63.9953,11.3646],[-82.2146,63.9958,11.4469],[-82.2292,63.9875,11.7319],[-82.2333,63.9896,10.5],[-82.2375,63.9896,11.6872],[-82.2458,63.9854,11.8439],[-82.2521,63.9854,11.9885],[-82.2562,63.9875,11.4708],[-82.2604,63.9875,11.6042],[-82.2646,63.9854,11.894],[-82.2688,63.9875,11.5438],[-82.2854,63.9875,11.8986],[-82.287,63.987,11.8289],[-82.2859,63.9839,11.8696],[-82.2875,63.9833,11.6586],[-82.2917,63.9854,11.5789],[-82.2953,63.9849,11.7879],[-82.2974,63.9828,11.9243],[-82.2963,63.9797,12.0163],[-82.2979,63.9792,11.9644],[-82.3021,63.9792,11.9475],[-82.3063,63.9771,12.0041],[-82.3141,63.9786,10.5403],[-82.313,63.9734,11.8601],[-82.3167,63.9708,11.9628],[-82.3208,63.9729,11.6607],[-82.3333,63.9729,12.1256],[-82.3625,63.9854,10.0],[-82.3729,63.9833,11.2573],[-82.3807,63.9859,9.0],[-82.3792,63.9875,11.0438],[-82.3734,63.988,11.3274],[-82.3703,63.9932,11.3676],[-82.3646,63.9917,8.0],[-82.3578,63.9953,11.8154],[-82.3505,63.9964,11.2187],[-82.3443,64.0005,11.7346],[-82.3484,64.0078,12.3053],[-82.3578,64.0078,12.4185],[-82.3526,64.0057,11.7753],[-82.3547,64.0005,11.0],[-82.3562,64.0,12.1013],[-82.3641,64.0026,11.0],[-82.3672,64.0057,12.0754],[-82.3766,64.0068,9.5],[-82.3792,64.0104,11.0],[-82.3932,64.0109,13.0124],[-82.3953,64.0141,13.0549],[-82.3922,64.0151,11.0],[-82.3932,64.0182,13.4506],[-82.3901,64.0193,13.7672],[-82.3917,64.0208,12.5],[-82.3979,64.0208,13.5948],[-82.4057,64.0182,13.3768],[-82.4047,64.013,11.5],[-82.4062,64.0125,13.1731],[-82.4141,64.0151,13.0667],[-82.4193,64.0203,13.2014],[-82.4271,64.0229,13.8712],[-82.4328,64.0224,13.0],[-82.4354,64.0188,13.8253],[-82.4437,64.0188,13.8384],[-82.4495,64.0245,13.9126],[-82.4417,64.025,13.0],[-82.4375,64.0229,13.0],[-82.4333,64.025,12.5],[-82.4292,64.025,12.6342],[-82.4234,64.0276,12.5],[-82.4245,64.0307,14.243],[-82.4229,64.0313,14.2348],[-82.4062,64.025,13.6647],[-82.4021,64.0271,14.4136],[-82.3958,64.0271,14.1561],[-82.3917,64.025,12.5],[-82.3667,64.025,12.5],[-82.3651,64.0234,14.1162],[-82.3724,64.0224,12.5],[-82.3771,64.0188,12.5],[-82.3812,64.0208,12.5],[-82.3849,64.0203,12.5],[-82.387,64.0182,13.6286],[-82.387,64.0151,11.0],[-82.3729,64.0146,12.0],[-82.3688,64.0125,12.4447],[-82.3583,64.0146,13.0085],[-82.3542,64.0125,12.6013],[-82.3437,64.0125,12.4925],[-82.3396,64.0104,12.0036],[-82.3292,64.0104,12.1237],[-82.3234,64.013,11.9504],[-82.3245,64.0162,12.3571],[-82.3213,64.0172,12.4306],[-82.3193,64.0203,12.7762],[-82.3245,64.0224,12.4013],[-82.3167,64.0229,12.4441],[-82.3141,64.0193,12.4669],[-82.3089,64.0182,11.6936],[-82.3047,64.0141,11.7442],[-82.3099,64.0099,12.0237],[-82.3083,64.0083,11.781],[-82.2958,64.0125,11.6749],[-82.2901,64.0109,11.2064],[-82.2901,64.0141,11.9354],[-82.2953,64.0151,11.6182],[-82.2911,64.0245,12.0463],[-82.2797,64.0255,12.0054],[-82.2807,64.0286,12.3117],[-82.2729,64.0292,12.3206],[-82.2688,64.0271,11.8704],[-82.2583,64.0271,12.0022],[-82.2526,64.0224,11.8678],[-82.25,64.0167,11.6311],[-82.2521,64.0146,11.826599999999999],[-82.2562,64.0167,11.6496],[-82.262,64.0162,11.9247],[-82.2568,64.0141,11.8445],[-82.2599,64.0109,9.9958],[-82.2464,64.0057,11.9362],[-82.2505,64.0026,11.5929],[-82.2562,64.0021,11.5975],[-82.2578,64.0005,11.4428],[-82.2526,63.9995,11.7716],[-82.2495,63.9943,11.5045],[-82.2417,63.9938,11.7033],[-82.2401,63.9943,11.6251],[-82.2411,63.9974,11.738],[-82.2338,63.9984,11.5719],[-82.2271,64.0021,11.5251],[-82.2229,64.0,10.5],[-82.2208,64.0021,11.5925],[-82.225,64.0062,11.2258],[-82.2453,64.0089,11.7598],[-82.2396,64.0125,11.5039],[-82.2312,64.0125,10.8012],[-82.2255,64.0151,10.6286],[-82.2338,64.0203,11.1893],[-82.2391,64.0214,11.4004],[-82.2391,64.0245,11.2518],[-82.2375,64.025,11.0805],[-82.2333,64.025,9.5],[-82.2292,64.0271,10.4456],[-82.225,64.0271,10.5836],[-82.2208,64.025,10.729],[-82.2167,64.0271,11.0424],[-82.2,64.0271,11.1785],[-82.1896,64.0229,10.4424],[-82.1854,64.025,10.8687],[-82.175,64.0208,10.298],[-82.1693,64.0245,10.1234],[-82.1771,64.025,10.5733],[-82.1786,64.0266,10.6485],[-82.1687,64.0292,10.2124],[-82.1641,64.0255,9.8857],[-82.1609,64.0255,9.7431],[-82.1625,64.0292,9.7959],[-82.1609,64.0328,10.1045],[-82.1667,64.0313,9.9165],[-82.1745,64.0339,10.4706],[-82.1766,64.037,10.7515],[-82.1687,64.0354,10.5398],[-82.1562,64.0396,10.0],[-82.1547,64.038,10.4541],[-82.1578,64.037,10.386],[-82.1562,64.0333,9.8517],[-82.1583,64.0292,9.833],[-82.1578,64.0276,9.482],[-82.1526,64.0266,9.6421],[-82.1536,64.0234,9.0415],[-82.1375,64.0229,8.7035],[-82.1318,64.0255,8.0479],[-82.1286,64.0307,6.5],[-82.1224,64.0349,7.0],[-82.1068,64.0359,5.5],[-82.1068,64.0391,8.0579],[-82.1099,64.0432,8.7327],[-82.1,64.0458,9.2418],[-82.0896,64.0458,8.5],[-82.0818,64.0432,9.5089],[-82.0849,64.0401,8.6453],[-82.075,64.0354,6.0791],[-82.0708,64.0375,6.5868],[-82.063,64.0359,4.0],[-82.0667,64.0417,5.9591],[-82.0651,64.0453,5.5],[-82.0703,64.0484,9.0903],[-82.0693,64.0516,9.6522],[-82.075,64.0521,10.3659],[-82.0792,64.05,11.4128],[-82.0875,64.05,9.9475],[-82.0917,64.0479,9.0],[-82.0995,64.0484,10.6921],[-82.0979,64.05,10.5954],[-82.0922,64.0505,10.2122],[-82.0943,64.0537,10.2926],[-82.0995,64.0547,10.0],[-82.0937,64.0583,11.9893],[-82.0896,64.0563,10.6199],[-82.0833,64.0563,10.0],[-82.0792,64.0583,11.3306],[-82.075,64.0563,10.3748],[-82.0651,64.0589,10.1258],[-82.0583,64.0625,10.7426],[-82.0526,64.063,10.5],[-82.0437,64.0687,11.3321],[-82.0391,64.0651,9.6388],[-82.0297,64.0641,8.5],[-82.0245,64.0589,7.2663],[-82.0062,64.0563,5.1131],[-82.0021,64.0542,4.2611],[-81.9964,64.0568,3.5],[-81.9974,64.0599,5.8234],[-81.9838,64.0609,4.2263],[-81.9792,64.0667,5.5543],[-81.9734,64.0651,3.3557],[-81.9745,64.0703,7.7757],[-81.9708,64.075,9.4382],[-81.9589,64.0724,7.5],[-81.9599,64.0693,5.8161],[-81.9583,64.0687,5.5543],[-81.9526,64.0693,4.575],[-81.9443,64.0734,5.4406],[-81.9422,64.0766,6.1396],[-81.9479,64.075,7.3193],[-81.9583,64.075,9.316],[-81.9682,64.0797,11.4698],[-81.9641,64.0828,11.2848],[-81.9568,64.0839,11.3422],[-81.9578,64.087,11.5],[-81.9547,64.088,12.4995],[-81.9557,64.0911,13.3263],[-81.9526,64.0922,13.8578],[-81.9537,64.0974,15.1792],[-81.9484,64.1005,15.4002],[-81.9599,64.1047,20.1157],[-81.962,64.1068,20.8664],[-81.9604,64.1083,19.9052],[-81.95,64.1083,18.5],[-81.9458,64.1062,17.1439],[-81.9396,64.1062,16.5208],[-81.938,64.1078,16.4757],[-81.9432,64.1099,17.6226],[-81.9271,64.1104,15.5],[-81.9255,64.1088,16.5415],[-81.9286,64.1068,15.5586],[-81.9245,64.1026,13.0003],[-81.9187,64.1042,12.8304],[-81.9125,64.1,11.5821],[-81.9099,64.1036,10.756],[-81.9021,64.1062,10.9607],[-81.8917,64.1062,8.5],[-81.8901,64.1068,8.5],[-81.8912,64.1099,10.4774],[-81.8833,64.1104,10.8361],[-81.8729,64.1062,9.171],[-81.8651,64.1057,8.5],[-81.8703,64.1005,7.5],[-81.8646,64.1021,9.7025],[-81.838,64.0932,5.6051],[-81.8453,64.0901,4.6625],[-81.8354,64.0854,2.4701],[-81.8313,64.0875,1.5],[-81.8089,64.0901,2.9325],[-81.8078,64.0932,4.0425],[-81.8042,64.0958,4.522],[-81.8005,64.0953,4.377],[-81.7984,64.0901,3.9617],[-81.8042,64.0896,3.9667],[-81.8057,64.088,2.6386],[-81.7937,64.0875,2.3024],[-81.7839,64.0901,3.5962],[-81.7953,64.0943,3.9118],[-81.7932,64.0974,4.3939],[-81.7891,64.0995,3.9638],[-81.7792,64.1021,3.7465],[-81.763,64.1026,3.7357],[-81.7651,64.1057,4.8053],[-81.7703,64.1068,5.9068],[-81.7724,64.1099,7.5177],[-81.763,64.1151,7.0179],[-81.763,64.1182,7.6291],[-81.7662,64.1224,9.9292],[-81.763,64.1245,9.4786],[-81.7682,64.1266,11.3058],[-81.7625,64.1292,11.4854],[-81.7568,64.1286,10.9544],[-81.7578,64.1234,9.1729],[-81.7484,64.1245,10.3613],[-81.7495,64.1193,8.1459],[-81.7443,64.1182,8.3838],[-81.7484,64.1151,6.7947],[-81.7557,64.1141,6.961],[-81.7536,64.1109,5.7253],[-81.7479,64.1104,5.6999],[-81.7417,64.1125,6.0705],[-81.7375,64.1104,5.6013],[-81.7297,64.1099,5.3399],[-81.7354,64.1062,4.2531],[-81.7583,64.1062,4.6718],[-81.7599,64.1047,4.3312],[-81.7562,64.1021,3.6685],[-81.7458,64.1021,3.3027],[-81.7417,64.1042,3.3452],[-81.7375,64.1042,3.2448],[-81.7338,64.1016,3.0718],[-81.737,64.0995,2.7079],[-81.7354,64.0979,1.8448],[-81.7292,64.0979,1.7797],[-81.725,64.1,2.4425],[-81.7208,64.0979,1.8487],[-81.7146,64.0979,1.5592],[-81.7104,64.1,2.314],[-81.7063,64.0979,1.9197],[-81.7042,64.1,3.1495],[-81.7057,64.1036,3.1451],[-81.7,64.1062,3.9163],[-81.6943,64.1068,2.5],[-81.6896,64.1104,5.1694],[-81.675,64.1083,2.3092],[-81.6651,64.1109,1.3239],[-81.6625,64.1146,3.604],[-81.6583,64.1125,2.1108],[-81.6521,64.1125,1.4283],[-81.6359,64.1193,1.8078],[-81.6292,64.1292,4.8955],[-81.6234,64.1286,5.6711],[-81.6214,64.1266,4.823],[-81.6245,64.1234,2.892],[-81.613,64.1224,3.8731],[-81.6161,64.1193,0.0],[-81.6125,64.1167,0.9327],[-81.5964,64.1172,0.0],[-81.5995,64.1214,1.3216],[-81.5979,64.1229,1.9452],[-81.5901,64.1214,0.0],[-81.5917,64.125,0.0],[-81.5901,64.1307,2.6914],[-81.5943,64.1349,0.0],[-81.6021,64.1354,1.5622],[-81.6042,64.1375,1.3117],[-81.6016,64.1432,7.5838],[-81.5943,64.1422,0.0],[-81.5911,64.1474,1.0179],[-81.588,64.1484,0.0],[-81.5932,64.1516,1.667],[-81.5901,64.1526,0.0],[-81.5911,64.1557,2.2057],[-81.588,64.1568,0.0],[-81.5911,64.162,11.2435],[-81.5839,64.1651,0.0],[-81.5849,64.1682,12.3717],[-81.5818,64.1693,1.1728],[-81.5854,64.175,0.0],[-81.5839,64.1807,0.0],[-81.5953,64.1839,9.0314],[-81.5974,64.1859,6.9176],[-81.6,64.1896,2.9482],[-81.5984,64.1953,0.0],[-81.6026,64.1995,0.0],[-81.6245,64.2068,0.0],[-81.6276,64.2099,0.0],[-81.637,64.2109,1.8372],[-81.6391,64.213,2.4382],[-81.6359,64.2151,1.7767],[-81.637,64.2182,3.1184],[-81.6318,64.2214,0.0],[-81.6297,64.2286,7.5982],[-81.6391,64.2286,0.0],[-81.638,64.2255,0.0],[-81.6412,64.2245,0.0],[-81.6401,64.2214,0.0],[-81.6417,64.2208,0.0],[-81.6464,64.2245,0.0],[-81.6516,64.2255,9.3233],[-81.6547,64.2286,0.0],[-81.6682,64.2297,5.0575],[-81.6703,64.2318,0.0],[-81.6672,64.2338,0.0],[-81.6693,64.237,0.0],[-81.6786,64.238,11.5585],[-81.6859,64.2495,0.0],[-81.6911,64.2505,0.0],[-81.6932,64.2526,0.0],[-81.6859,64.2557,0.0],[-81.6937,64.2562,0.0],[-81.7104,64.2625,0.0],[-81.7203,64.263,0.0],[-81.7234,64.2682,0.0],[-81.7286,64.2693,0.0],[-81.7286,64.2724,0.0],[-81.7224,64.2766,0.0],[-81.7125,64.2771,0.0],[-81.7109,64.2786,0.0],[-81.7307,64.2797,5.9333],[-81.7297,64.287,0.0],[-81.7411,64.2901,14.9277],[-81.7396,64.2937,0.0],[-81.7411,64.2974,0.0],[-81.738,64.2995,0.0],[-81.7495,64.3005,11.7937],[-81.7422,64.3047,0.0],[-81.7401,64.3078,0.0],[-81.7458,64.3063,0.0],[-81.7516,64.3109,0.0],[-81.7516,64.3141,0.0],[-81.7464,64.3182,0.0],[-81.75,64.3208,0.0],[-81.7578,64.3214,10.0896],[-81.7547,64.3245,5.2787],[-81.7568,64.3266,43.0486],[-81.762,64.3276,70.7442],[-81.7588,64.3307,80.9529],[-81.7625,64.3354,71.402],[-81.7599,64.3411,80.3346],[-81.7583,64.3417,76.707],[-81.7542,64.3396,62.2156],[-81.75,64.3438,58.8066],[-81.7354,64.3417,20.0001],[-81.7297,64.3443,0.0],[-81.7307,64.3474,0.0],[-81.7276,64.3495,0.0],[-81.7328,64.3516,0.0],[-81.7292,64.3583,0.0],[-81.7297,64.3599,0.0],[-81.7349,64.3609,14.8816],[-81.7333,64.3646,0.0],[-81.7349,64.3682,0.0],[-81.7318,64.3693,0.0],[-81.7297,64.3724,0.0],[-81.7349,64.3734,10.4338],[-81.7318,64.3755,0.0],[-81.7333,64.3792,0.0],[-81.7318,64.3828,0.0],[-81.737,64.3849,15.1889],[-81.7297,64.3891,0.0],[-81.7318,64.3912,0.0],[-81.7432,64.3943,8.981],[-81.7318,64.3984,0.0],[-81.7354,64.4042,0.0],[-81.7338,64.4078,0.0],[-81.7417,64.4104,15.0214],[-81.7583,64.4104,3.8361],[-81.7609,64.4141,0.0],[-81.7662,64.4151,5.0748],[-81.7703,64.4193,25.4912],[-81.7667,64.4208,2.5126],[-81.7609,64.4193,0.0],[-81.762,64.4224,0.0],[-81.7588,64.4245,0.0],[-81.7641,64.4255,0.0],[-81.7609,64.4287,0.0],[-81.7662,64.4297,0.0],[-81.7682,64.4328,0.0],[-81.7651,64.4349,0.0],[-81.7703,64.437,0.0],[-81.7651,64.4401,1.9366],[-81.7662,64.4432,12.4583],[-81.7588,64.4464,0.0],[-81.7547,64.4526,0.0],[-81.7557,64.4578,38.392],[-81.7526,64.4599,30.0823],[-81.7557,64.4641,30.4683],[-81.7505,64.4672,0.0],[-81.7479,64.4729,3.3446],[-81.7516,64.4776,95.985],[-81.7484,64.4807,6.3542],[-81.7536,64.4828,60.7141],[-81.7438,64.4833,0.0],[-81.7417,64.4854,0.0],[-81.7438,64.4875,0.0],[-81.7536,64.488,15.3119],[-81.7547,64.4912,0.0],[-81.7599,64.4922,7.9766],[-81.7641,64.4964,26.6786],[-81.7609,64.4995,0.0],[-81.7662,64.5005,32.2165],[-81.763,64.5036,0.0],[-81.7708,64.5062,0.0],[-81.7807,64.5068,21.3413],[-81.787,64.5089,28.5182],[-81.7896,64.5125,0.0],[-81.7995,64.513,0.0],[-81.7984,64.5182,0.0],[-81.8,64.5188,0.0],[-81.8063,64.5188,0.0],[-81.8104,64.5208,0.0],[-81.8146,64.5188,0.0],[-81.8224,64.5193,0.0],[-81.8224,64.5224,0.0],[-81.8172,64.5255,0.0],[-81.8182,64.5286,0.0],[-81.8151,64.5297,0.0],[-81.8161,64.5328,10.1298],[-81.813,64.5339,0.0],[-81.8141,64.537,0.0],[-81.8109,64.538,0.0],[-81.813,64.5411,0.0],[-81.8182,64.5422,51.4451],[-81.8151,64.5453,0.0],[-81.8187,64.5458,0.0],[-81.8229,64.5437,95.4455],[-81.8307,64.5463,16.9115],[-81.8328,64.5495,48.6447],[-81.8297,64.5516,0.0],[-81.8375,64.5521,0.0],[-81.8417,64.5542,14.1792],[-81.8661,64.5547,0.0],[-81.8682,64.5599,0.0],[-81.8651,64.562,0.0],[-81.8672,64.5641,0.0],[-81.8724,64.5651,0.0],[-81.8755,64.5703,85.2851],[-81.8938,64.5708,106.2281],[-81.8979,64.5729,139.5903],[-81.9078,64.5734,111.7818],[-81.9109,64.5787,0.0],[-81.9161,64.5797,23.6627],[-81.9193,64.5849,60.9852],[-81.9229,64.5854,12.1737],[-81.9271,64.5833,66.1279],[-81.9349,64.5859,18.3633],[-81.938,64.5911,0.0],[-81.9432,64.5922,18.43],[-81.9463,64.5953,49.3977],[-81.9724,64.6047,120.3069],[-81.9693,64.6078,21.0032],[-81.9828,64.613,15.6349],[-81.9854,64.6167,12.6643],[-81.9838,64.6203,0.0],[-81.9958,64.6208,55.2514],[-82.0021,64.625,26.3503],[-82.0083,64.625,193.0514],[-82.0188,64.6292,85.692],[-82.0271,64.6292,211.7],[-82.0349,64.6318,230.6228],[-82.0339,64.6391,0.0],[-82.0391,64.6401,51.5777],[-82.038,64.6432,0.0],[-82.0432,64.6443,53.8528],[-82.0458,64.6479,31.6038],[-82.0401,64.6536,0.0],[-82.0422,64.6557,0.0],[-82.0536,64.6589,134.2407],[-82.0505,64.6682,0.0],[-82.0599,64.6693,177.2419],[-82.063,64.6745,70.3425],[-82.0771,64.6792,38.1912],[-82.0854,64.6792,199.2689],[-82.0932,64.6818,195.4689],[-82.0979,64.6854,16.5898],[-82.1021,64.6833,5.1177],[-82.1062,64.6854,0.0],[-82.1146,64.6854,129.7197],[-82.1188,64.6875,37.9507],[-82.1229,64.6854,29.5025],[-82.1333,64.6854,34.5733],[-82.1396,64.6896,0.0],[-82.15,64.6896,64.821],[-82.1562,64.6854,118.5699],[-82.1667,64.6854,34.2125],[-82.1708,64.6833,17.2984],[-82.1813,64.6854,0.0],[-82.1937,64.6813,27.0346],[-82.2042,64.6833,0.0],[-82.2083,64.6813,108.8407],[-82.212,64.6849,0.0],[-82.2,64.6854,0.0],[-82.1953,64.6891,0.0],[-82.188,64.6901,0.0],[-82.1859,64.6953,13.1637],[-82.1911,64.7037,0.0],[-82.188,64.7057,18.2349],[-82.2042,64.7063,64.3612],[-82.2104,64.7042,69.0328],[-82.212,64.7057,53.9542],[-82.2089,64.7078,47.6921],[-82.2109,64.712,0.0],[-82.2292,64.7125,13.6918],[-82.2479,64.7188,0.0],[-82.2536,64.7182,2.1448],[-82.2547,64.7151,12.0477],[-82.2604,64.7146,42.5798],[-82.262,64.7161,47.2359],[-82.2568,64.7203,0.8433],[-82.262,64.7214,4.4306],[-82.2651,64.7245,3.0153],[-82.2703,64.7255,12.6281],[-82.2714,64.7286,0.0],[-82.2792,64.7312,4.6756],[-82.287,64.7307,45.7349],[-82.2859,64.7255,91.7731],[-82.2896,64.7229,113.5208],[-82.2958,64.7229,126.3056],[-82.3,64.725,112.6546],[-82.3042,64.7229,140.5524],[-82.3104,64.7229,162.774],[-82.3141,64.7255,177.7486],[-82.3109,64.7276,170.2531],[-82.3125,64.7292,161.8941],[-82.3208,64.7292,175.7579],[-82.325,64.7312,185.3746],[-82.3417,64.7312,220.7215],[-82.3521,64.7354,211.5537],[-82.3625,64.7333,129.9478],[-82.3667,64.7354,115.6673],[-82.3708,64.7354,139.4172],[-82.3724,64.7349,139.4172],[-82.3755,64.7276,129.8088],[-82.3792,64.725,147.4946],[-82.3828,64.7255,157.6204],[-82.3854,64.7292,166.7521],[-82.4021,64.7292,105.9169],[-82.4062,64.7312,119.8678],[-82.4125,64.7312,169.3448],[-82.4141,64.7307,176.4805],[-82.413,64.7276,153.3169],[-82.4187,64.725,160.4504],[-82.4292,64.7292,187.731],[-82.4391,64.7297,173.0987],[-82.438,64.7349,156.7514],[-82.4391,64.737,139.2186],[-82.4333,64.7396,103.8649],[-82.4234,64.7401,95.2668],[-82.4313,64.7438,70.08],[-82.4495,64.7391,91.4769],[-82.4563,64.7354,106.4014],[-82.4604,64.7375,56.2303],[-82.4667,64.7375,38.4351],[-82.4682,64.737,41.7202],[-82.4672,64.7338,83.676],[-82.4687,64.7333,95.0263],[-82.4792,64.7333,44.2205],[-82.4854,64.7375,0.0],[-82.4896,64.7354,0.0],[-82.4958,64.7354,0.0],[-82.5,64.7375,0.0],[-82.5016,64.737,0.0],[-82.5005,64.7338,0.0],[-82.5104,64.7292,57.5521],[-82.5349,64.7359,0.0],[-82.5396,64.7396,0.0],[-82.5542,64.7375,55.6996],[-82.5578,64.7401,29.8227],[-82.5557,64.7453,4.519],[-82.5271,64.7458,7.8634],[-82.5255,64.7474,0.0],[-82.5333,64.7479,0.0],[-82.5437,64.7521,0.0],[-82.55,64.7521,7.1252],[-82.5578,64.7547,3.644],[-82.5609,64.7578,0.0],[-82.5813,64.7646,8.1912],[-82.5937,64.7646,34.8292],[-82.6083,64.7688,0.0],[-82.6208,64.7688,0.0],[-82.6224,64.7682,4.0799],[-82.6214,64.7651,50.5008],[-82.6229,64.7646,51.2494],[-82.6292,64.7688,1.0538],[-82.637,64.7682,4.2241],[-82.6318,64.7651,66.8632],[-82.637,64.763,64.6869],[-82.6276,64.762,81.9208],[-82.6292,64.7604,80.3838],[-82.6521,64.7625,139.9864],[-82.6542,64.7646,44.3391],[-82.6526,64.7682,3.92],[-82.6542,64.7688,0.0],[-82.6708,64.7688,82.9091],[-82.675,64.7708,119.6905],[-82.6813,64.7708,138.0327],[-82.6891,64.7734,165.4147],[-82.6875,64.7771,5.3151],[-82.6896,64.7792,6.0289],[-82.6979,64.7792,113.709],[-82.7021,64.7813,1.7319],[-82.7083,64.7813,136.138],[-82.7125,64.7833,120.2908],[-82.7286,64.7859,154.632],[-82.7255,64.788,52.3417],[-82.7276,64.7911,0.0],[-82.7542,64.7958,163.1039],[-82.7568,64.7995,102.5394],[-82.762,64.8005,116.751],[-82.7651,64.8037,0.0],[-82.7745,64.8047,28.8919],[-82.7734,64.8078,0.0],[-82.7786,64.8089,45.1383],[-82.7818,64.8141,0.0],[-82.787,64.8151,0.0],[-82.7859,64.8182,0.0],[-82.7953,64.8193,137.7085],[-82.7974,64.8224,61.8995],[-82.7943,64.8245,0.0],[-82.8078,64.8297,31.8414],[-82.8161,64.8401,160.0701],[-82.813,64.8432,0.0],[-82.8182,64.8443,160.2479],[-82.8234,64.8495,151.4106],[-82.8417,64.8542,134.7234],[-82.85,64.8542,72.0861],[-82.8604,64.8583,117.1572],[-82.8667,64.8583,134.0376],[-82.8729,64.8625,167.698],[-82.8792,64.8625,154.2863],[-82.8833,64.8604,155.4606],[-82.8912,64.863,101.1397],[-82.8943,64.8662,39.7466],[-82.8995,64.8672,37.1283],[-82.9042,64.8708,133.3592],[-82.9104,64.8708,173.7558],[-82.9146,64.8729,47.1012],[-82.9187,64.8708,37.4838],[-82.925,64.8708,25.8514],[-82.9266,64.8724,0.0],[-82.9234,64.8745,0.0],[-82.9307,64.8755,196.8793],[-82.9333,64.8792,155.4909],[-82.9396,64.8792,223.0303],[-82.9437,64.8771,286.7537],[-82.95,64.8812,249.3137],[-82.9599,64.8818,275.4213],[-82.962,64.887,0.0],[-82.9547,64.888,0.0],[-82.9557,64.8912,106.8864],[-82.9526,64.8932,0.0],[-82.9641,64.8964,115.3655],[-82.9672,64.8995,141.6579],[-82.975,64.9021,0.0],[-82.9812,64.9,218.2514],[-82.9854,64.9021,201.7191],[-82.9995,64.9026,278.4925],[-83.0005,64.9057,222.9581],[-83.0068,64.912,113.0233],[-83.0208,64.9167,29.5117],[-83.0312,64.9167,221.5299],[-83.0354,64.9146,262.4295],[-83.0417,64.9146,254.544],[-83.0625,64.9208,0.0],[-83.0708,64.9208,30.249],[-83.075,64.9229,112.8783],[-83.0958,64.9229,140.9767],[-83.1,64.925,190.3203],[-83.1099,64.9255,72.2137],[-83.1109,64.9287,0.0],[-83.1188,64.9313,109.215],[-83.1333,64.9333,168.0896],[-83.1375,64.9354,136.0236],[-83.15,64.9354,48.0607],[-83.1542,64.9375,0.0],[-83.1609,64.9339,48.9162],[-83.1682,64.9328,53.7847],[-83.1729,64.9292,85.6733],[-83.1828,64.9318,8.6777],[-83.1911,64.937,0.0],[-83.1776,64.9443,0.0],[-83.1786,64.9474,162.5202],[-83.1755,64.9495,29.2277],[-83.1953,64.9547,196.1437],[-83.1984,64.9599,38.8177],[-83.2083,64.9604,217.9898],[-83.2109,64.9641,0.0],[-83.2182,64.9651,0.0],[-83.2193,64.9682,0.0],[-83.2245,64.9693,153.1146],[-83.2318,64.9766,1.5165],[-83.237,64.9776,134.8471],[-83.2338,64.9807,0.0],[-83.2479,64.9812,196.1177],[-83.2495,64.9828,77.7718],[-83.2464,64.9849,5.3477],[-83.2542,64.9875,194.9254],[-83.2625,64.9875,192.9506],[-83.2672,64.9912,183.7432],[-83.2937,65.0,159.9538],[-83.3036,65.0005,209.3626],[-83.3005,65.0036,0.0],[-83.3078,65.0078,38.0729],[-83.3005,65.0089,11.2762],[-83.3016,65.0141,62.1102],[-83.2963,65.0172,0.0],[-83.2974,65.0203,0.0],[-83.2943,65.0224,0.0],[-83.3078,65.0255,186.1601],[-83.3047,65.0286,1.8651],[-83.3224,65.0339,277.6662],[-83.3266,65.038,103.0873],[-83.3229,65.0396,0.0],[-83.3172,65.038,0.0],[-83.3208,65.0437,12.3933],[-83.3193,65.0495,0.0],[-83.325,65.05,31.1689],[-83.3266,65.0516,33.2882],[-83.3167,65.0563,7.7621],[-83.3125,65.0542,0.0],[-83.3068,65.0568,0.0],[-83.3104,65.0625,94.4993],[-83.3089,65.0682,104.346],[-83.3161,65.0693,274.9902],[-83.3172,65.0724,242.2466],[-83.3432,65.0797,36.294],[-83.337,65.0849,15.3504],[-83.3297,65.0859,0.0],[-83.3297,65.0891,0.0],[-83.3318,65.0911,0.0],[-83.3432,65.0943,181.768],[-83.3505,65.1016,166.3415],[-83.3724,65.1068,339.4396],[-83.3714,65.1099,114.9142],[-83.3734,65.112,248.1611],[-83.3786,65.113,327.9298],[-83.3797,65.1162,287.5809],[-83.3932,65.1193,269.0611],[-83.3953,65.1224,111.2443],[-83.3859,65.1214,6.5443],[-83.387,65.1266,87.4705],[-83.3812,65.1271,0.0],[-83.3797,65.1286,0.0],[-83.3849,65.1297,34.6821],[-83.3901,65.1349,166.3354],[-83.3953,65.1359,182.0704],[-83.4,65.1396,71.1906],[-83.4062,65.1375,79.623],[-83.4167,65.1417,19.6043],[-83.4313,65.1417,188.7922],[-83.4354,65.1396,261.4328],[-83.4417,65.1396,283.5716],[-83.4458,65.1417,205.9241],[-83.4521,65.1396,313.9425],[-83.4563,65.1417,258.4422],[-83.4833,65.1417,269.2245],[-83.487,65.1443,121.6793],[-83.4891,65.1484,0.0],[-83.488,65.1516,26.155],[-83.4932,65.1526,230.0579],[-83.4901,65.1557,106.8846],[-83.5,65.1583,153.1214],[-83.5062,65.1542,265.0226],[-83.5125,65.1563,202.0421],[-83.5208,65.1521,207.1796],[-83.5312,65.1521,163.7112],[-83.5417,65.1563,0.0],[-83.5495,65.1568,7.4278],[-83.5484,65.1599,0.0],[-83.5495,65.162,0.0],[-83.5463,65.163,5.1496],[-83.5479,65.1646,20.4368],[-83.5641,65.1641,11.9866],[-83.5641,65.1609,0.0],[-83.5589,65.1599,10.9537],[-83.5625,65.1563,5.2688],[-83.5729,65.1563,31.335],[-83.5771,65.1583,7.3754],[-83.5833,65.1583,1.3131],[-83.5875,65.1563,77.0319],[-83.6062,65.1563,189.5604],[-83.6104,65.1542,258.8959],[-83.6271,65.1563,138.8074],[-83.6312,65.1542,221.8804],[-83.6354,65.1563,21.698],[-83.6438,65.1521,229.5391],[-83.65,65.1521,263.6095],[-83.6542,65.1542,202.9219],[-83.6604,65.1521,257.5946],[-83.6646,65.1542,112.19],[-83.6687,65.1521,230.2143],[-83.6792,65.1521,207.6565],[-83.6833,65.1542,127.751],[-83.6958,65.1479,0.0],[-83.712,65.1484,62.9798],[-83.7161,65.1526,191.3047],[-83.713,65.1557,0.0],[-83.7161,65.1599,0.0],[-83.7104,65.1604,0.0],[-83.7089,65.162,0.0],[-83.7167,65.1646,13.2297],[-83.7208,65.1625,156.3967],[-83.7375,65.1625,88.6209],[-83.7417,65.1646,0.0],[-83.7542,65.1646,37.9156],[-83.7583,65.1667,37.372],[-83.7729,65.1667,46.8777],[-83.7745,65.1661,92.3118],[-83.7734,65.163,122.6507],[-83.7776,65.1609,171.2941],[-83.7875,65.1604,55.6705],[-83.8,65.1563,12.4459],[-83.8063,65.1583,0.0],[-83.8125,65.1563,60.0068],[-83.8167,65.1604,0.0],[-83.8229,65.1604,16.7667],[-83.8271,65.1583,35.096],[-83.8313,65.1604,31.3658],[-83.8479,65.1604,168.2278],[-83.8521,65.1583,125.4707],[-83.8562,65.1604,150.5671],[-83.8646,65.1604,71.4677],[-83.8688,65.1625,3.1749],[-83.875,65.1625,0.0],[-83.8792,65.1604,127.6497],[-83.8938,65.1604,32.1766],[-83.9016,65.163,0.0],[-83.9005,65.1661,0.0],[-83.9021,65.1687,4.936],[-83.8995,65.1724,0.0],[-83.8625,65.1729,0.0],[-83.8588,65.1755,37.9594],[-83.8599,65.1787,31.7694],[-83.8526,65.1828,0.0],[-83.8625,65.1833,56.5639],[-83.8703,65.1859,6.7811],[-83.8771,65.1917,107.5291],[-83.8854,65.1875,172.8629],[-83.8938,65.1875,169.1521],[-83.8979,65.1854,180.5645],[-83.9167,65.1833,108.1372],[-83.9208,65.1854,34.1],[-83.9307,65.1859,16.6705],[-83.9339,65.1911,0.0],[-83.9417,65.1937,28.6601],[-83.9479,65.1917,48.3267],[-83.9625,65.1917,41.3636],[-83.9667,65.1937,20.8461],[-83.975,65.1937,104.495],[-83.9792,65.1958,0.0],[-83.9891,65.1911,8.2649],[-83.988,65.188,3.9469],[-83.9953,65.187,10.1119],[-83.9943,65.1839,122.8523],[-84.0042,65.1813,132.1026],[-84.0083,65.1833,55.656],[-84.0271,65.1833,37.6756],[-84.0474,65.1901,2.379],[-84.0443,65.1974,16.8179],[-84.0463,65.1995,6.6193],[-84.0604,65.2042,61.2926],[-84.0667,65.2042,28.843],[-84.0875,65.1979,116.2809],[-84.0917,65.2,72.4514],[-84.1042,65.2,54.2407],[-84.1099,65.2047,0.0],[-84.1068,65.2078,0.0],[-84.112,65.2099,25.9312],[-84.0896,65.2146,16.6687],[-84.0859,65.2182,8.2415],[-84.1042,65.2208,0.4559],[-84.1057,65.2203,12.1165],[-84.1047,65.2172,53.356],[-84.1062,65.2167,67.7263],[-84.1104,65.2188,47.5809],[-84.1167,65.2188,64.1483],[-84.125,65.2146,70.8983],[-84.1292,65.2167,54.0069],[-84.1391,65.2172,0.6723],[-84.1432,65.2245,4.8244],[-84.1412,65.2266,17.8001],[-84.1338,65.2276,0.0],[-84.1338,65.2307,0.0],[-84.1516,65.2338,124.9838],[-84.1505,65.2391,10.4548],[-84.1599,65.238,78.4581],[-84.1589,65.2412,0.0],[-84.1667,65.2417,18.7526],[-84.1745,65.2443,68.75],[-84.1797,65.2495,0.0],[-84.1849,65.2505,24.0101],[-84.1896,65.2542,5.1121],[-84.2037,65.2547,20.6143],[-84.2068,65.2578,2.0856],[-84.2182,65.2609,121.2998],[-84.2151,65.2641,0.0],[-84.2266,65.2651,146.3172],[-84.2307,65.2693,0.0],[-84.2292,65.2708,0.0],[-84.2229,65.2708,25.8297],[-84.2187,65.2688,0.0],[-84.2021,65.2688,1.9407],[-84.1922,65.2714,1.2879],[-84.1859,65.2755,36.7974],[-84.1833,65.2792,10.5696],[-84.1891,65.2859,3.3901],[-84.1859,65.2891,1.2182],[-84.1891,65.2932,5.0655],[-84.1833,65.2958,0.0],[-84.1776,65.2964,0.0],[-84.1786,65.2995,11.8449],[-84.1755,65.2995,0.0],[-84.1708,65.2958,0.0],[-84.1646,65.2979,9.0349],[-84.1583,65.2937,1.004],[-84.1526,65.2964,16.7401],[-84.1578,65.3037,12.8022],[-84.1505,65.3078,0.0],[-84.1604,65.3083,0.4794],[-84.162,65.3099,0.0],[-84.1562,65.3125,0.0],[-84.1505,65.313,0.0],[-84.1484,65.3151,0.0],[-84.1495,65.3182,12.1663],[-84.1464,65.3203,0.0],[-84.1536,65.3245,0.0],[-84.1479,65.3271,0.0],[-84.1333,65.325,0.0],[-84.1276,65.3276,20.9783],[-84.1255,65.3297,5.2822],[-84.1255,65.3328,0.0],[-84.1318,65.3391,0.0],[-84.1458,65.3417,7.9283],[-84.1557,65.3391,0.0],[-84.1547,65.3359,2.1389],[-84.1589,65.3339,8.8034],[-84.1646,65.3333,13.096],[-84.1693,65.337,51.5453],[-84.1771,65.3396,112.8138],[-84.187,65.3401,149.1094],[-84.1911,65.3453,130.3528],[-84.1797,65.3495,0.0],[-84.1911,65.3526,0.0],[-84.1901,65.3557,0.0],[-84.1953,65.3568,133.5815],[-84.1984,65.3599,98.14],[-84.2063,65.3625,16.7058],[-84.2146,65.3625,60.8306],[-84.2187,65.3646,13.9827],[-84.2229,65.3625,62.0559],[-84.2292,65.3625,89.1915],[-84.2333,65.3646,29.048],[-84.2396,65.3646,20.1088],[-84.2438,65.3625,66.4003],[-84.2516,65.3651,1.2741],[-84.2547,65.3682,25.2868],[-84.2599,65.3693,37.4626],[-84.2588,65.3724,0.0],[-84.2625,65.375,1.9725],[-84.2833,65.375,5.7413],[-84.2875,65.3771,0.0],[-84.3167,65.3792,10.1168],[-84.3354,65.3854,0.0],[-84.3417,65.3833,0.0],[-84.3495,65.3859,0.0],[-84.3437,65.3917,0.0],[-84.3505,65.3995,0.6169],[-84.3557,65.4005,18.3887],[-84.3578,65.4026,28.477],[-84.3547,65.4057,0.0],[-84.3604,65.4063,15.2485],[-84.3708,65.4104,0.0],[-84.3786,65.4099,5.7889],[-84.3833,65.4063,6.4057],[-84.3938,65.4063,0.0],[-84.3979,65.4083,0.0],[-84.4062,65.4083,0.0],[-84.4203,65.413,12.9158],[-84.4193,65.4161,0.0],[-84.4203,65.4182,10.8685],[-84.413,65.4213,0.0],[-84.4161,65.4266,2.3762],[-84.4047,65.4276,0.0],[-84.4078,65.4349,15.6655],[-84.4047,65.4411,1.0806],[-84.4089,65.4474,0.0],[-84.4141,65.4484,16.2998],[-84.4187,65.4521,6.5365],[-84.4333,65.4542,51.8353],[-84.4375,65.4563,44.0201],[-84.4479,65.4542,10.9526],[-84.4516,65.4568,4.1057],[-84.4505,65.4599,0.0],[-84.4557,65.4609,27.0208],[-84.4526,65.4641,0.0],[-84.4687,65.4688,98.0478],[-84.4833,65.4708,76.3804],[-84.4875,65.475,0.0],[-84.4938,65.4729,33.3696],[-84.5016,65.4755,14.2511],[-84.5047,65.4786,1.7745],[-84.5146,65.4792,12.8388],[-84.5188,65.4812,5.4904],[-84.5271,65.4771,67.2492],[-84.5312,65.4792,33.6605],[-84.5375,65.4792,31.9062],[-84.5458,65.475,47.8566],[-84.5542,65.475,0.0],[-84.5599,65.4724,0.0],[-84.5589,65.4693,34.5489],[-84.5641,65.4661,9.79],[-84.563,65.463,27.4627],[-84.5724,65.4641,4.913],[-84.5672,65.4547,8.9535],[-84.5787,65.4474,0.0],[-84.5755,65.4422,124.2129],[-84.5792,65.4417,123.9692],[-84.5833,65.4437,45.8208],[-84.5901,65.4401,0.0],[-84.5974,65.4391,0.0],[-84.6062,65.4333,0.0],[-84.6125,65.4354,0.0],[-84.6224,65.4328,0.0],[-84.6208,65.4313,0.0],[-84.6109,65.4307,0.0],[-84.6141,65.4276,0.0],[-84.6099,65.4234,0.0],[-84.6047,65.4213,5.1418],[-84.6068,65.4193,20.243],[-84.6141,65.4182,0.0],[-84.6208,65.4146,9.9535],[-84.625,65.4167,0.0],[-84.6286,65.4161,0.0],[-84.6276,65.413,0.0],[-84.6307,65.412,0.0],[-84.6297,65.4089,11.6814],[-84.6349,65.4057,0.0],[-84.6338,65.4026,30.1746],[-84.6495,65.3932,1.7578],[-84.6484,65.3901,0.0],[-84.6516,65.3891,0.0],[-84.6505,65.3859,4.7131],[-84.6526,65.3839,16.9371],[-84.6828,65.3662,31.4342],[-84.6818,65.363,51.8344],[-84.6875,65.3625,25.4876],[-84.6922,65.3589,29.1872],[-84.6995,65.3578,17.3981],[-84.7141,65.3495,0.0],[-84.7161,65.3474,0.0],[-84.7151,65.3443,3.4049],[-84.7224,65.3411,0.0],[-84.7214,65.3339,31.01],[-84.7245,65.3328,26.0457],[-84.7234,65.3297,54.4545],[-84.7292,65.3271,11.9009],[-84.7349,65.3266,0.0],[-84.7318,65.3214,0.0],[-84.7349,65.3193,0.0],[-84.7307,65.3151,0.0],[-84.7229,65.3125,25.5238],[-84.7026,65.312,60.8129],[-84.7016,65.3089,59.2804],[-84.6922,65.2984,45.485],[-84.6953,65.2974,40.8048],[-84.6943,65.2943,35.0481],[-84.7063,65.2937,24.5454],[-84.712,65.2984,27.9723],[-84.7089,65.3016,36.1649],[-84.7286,65.3016,4.1398],[-84.7276,65.2984,3.0713],[-84.7307,65.2974,0.0],[-84.7297,65.2943,2.9918],[-84.7328,65.2922,0.0],[-84.7255,65.2911,0.0],[-84.7224,65.2859,5.4579],[-84.7167,65.2854,6.4662],[-84.7151,65.2839,6.2763],[-84.7224,65.2807,0.0],[-84.7193,65.2755,0.0],[-84.7224,65.2745,0.0],[-84.7214,65.2714,2.0958],[-84.7234,65.2693,0.3835],[-84.7292,65.2688,0.0],[-84.7349,65.2662,0.0],[-84.7328,65.263,2.5686],[-84.7276,65.2609,3.2438],[-84.7318,65.2547,0.0],[-84.737,65.2516,0.0],[-84.7359,65.2484,4.3397],[-84.7432,65.2474,1.8462],[-84.7443,65.2443,3.5495],[-84.7516,65.2432,0.7802],[-84.7484,65.238,1.1402],[-84.7526,65.2318,2.2013],[-84.7599,65.2307,0.0],[-84.7583,65.2271,1.7394],[-84.7599,65.2245,2.6582],[-84.7588,65.2214,4.6178],[-84.7662,65.2203,1.9529],[-84.7651,65.2172,3.067],[-84.7724,65.2141,0.0],[-84.7755,65.2109,3.6335],[-84.7854,65.2104,2.3218],[-84.7896,65.2083,2.4647],[-84.8167,65.2104,0.0],[-84.8208,65.2083,0.0],[-84.8292,65.2083,0.0],[-84.8333,65.2063,1.6839],[-84.8437,65.2063,1.6231],[-84.85,65.2083,0.0],[-84.8625,65.2042,2.3168],[-84.8729,65.2083,0.0],[-84.8854,65.2083,2.4225],[-84.8901,65.212,1.5493],[-84.8979,65.2146,0.0],[-84.9078,65.2151,1.13],[-84.9099,65.2172,0.0],[-84.9099,65.2203,0.0],[-84.8984,65.2276,0.0],[-84.8958,65.2312,0.0],[-84.9047,65.2412,0.0],[-84.9099,65.2422,2.5475],[-84.9068,65.2443,0.0],[-84.912,65.2505,3.9931],[-84.9089,65.2526,0.0],[-84.9099,65.2557,1.5756],[-84.9089,65.2599,0.0],[-84.9161,65.2609,3.851],[-84.913,65.2641,0.0],[-84.9266,65.2693,1.3041],[-84.9255,65.2724,0.0],[-84.9276,65.2745,0.0],[-84.9328,65.2755,0.0],[-84.9297,65.2786,0.0],[-84.9339,65.2828,0.0],[-84.9432,65.2839,0.0],[-84.9495,65.2901,0.0],[-84.9463,65.2932,0.0],[-84.9537,65.2943,0.9325],[-84.9526,65.2995,0.0],[-84.9641,65.3026,2.5965],[-84.9625,65.3042,0.0],[-84.9568,65.3047,0.0],[-84.9583,65.3063,0.0],[-84.9641,65.3068,0.0],[-84.9609,65.3089,0.0],[-84.963,65.312,0.0],[-84.9682,65.313,1.3784],[-84.9755,65.3203,0.0],[-84.9807,65.3214,0.0],[-84.9776,65.3245,0.0],[-84.9849,65.3255,2.0529],[-84.9818,65.3276,0.0],[-84.9828,65.3307,0.0],[-84.9797,65.3328,0.0],[-84.9849,65.3339,2.9923],[-84.987,65.337,2.6252],[-84.9818,65.3401,0.0],[-84.9828,65.3432,2.7358],[-84.9797,65.3453,0.0],[-84.987,65.3536,2.0183],[-84.9797,65.3547,0.0],[-84.9807,65.3578,0.0],[-84.9776,65.3589,0.0],[-84.975,65.3625,0.0],[-84.9755,65.3641,0.0],[-84.9828,65.3651,2.411],[-84.9797,65.3672,1.9281],[-84.9807,65.3703,0.0],[-84.9776,65.3724,0.0],[-84.9797,65.3745,0.0],[-84.9849,65.3755,1.7667],[-84.9838,65.3786,0.0],[-84.9854,65.3812,0.0],[-84.9838,65.3849,0.0],[-84.9849,65.387,1.8239],[-84.9786,65.3912,1.23],[-84.9729,65.3917,0.0],[-84.9714,65.3932,0.0],[-84.9807,65.3943,2.3661],[-84.9797,65.3974,1.48],[-84.9807,65.3995,2.0044],[-84.9776,65.4016,0.0],[-84.9859,65.412,0.0],[-84.9911,65.413,0.0],[-84.9974,65.4193,0.0],[-84.9922,65.4245,0.0],[-85.0,65.4229,0.0],[-85.0078,65.4255,0.0],[-85.013,65.4307,0.0],[-85.0182,65.4318,2.2917],[-85.0214,65.4349,0.0],[-85.0292,65.4354,6.6707],[-85.0339,65.4391,0.0],[-85.0474,65.4422,0.0],[-85.0516,65.4484,0.0],[-85.0505,65.4516,0.0],[-85.0557,65.4526,0.0],[-85.0526,65.4547,0.0],[-85.0547,65.4578,0.0],[-85.0813,65.4646,0.0],[-85.0875,65.4625,4.9324],[-85.0958,65.4688,0.0],[-85.1083,65.4688,0.0],[-85.125,65.475,0.0],[-85.1333,65.475,3.4634],[-85.1438,65.4792,2.5116],[-85.1495,65.4797,3.3601],[-85.162,65.4838,2.1935],[-85.1661,65.488,1.316],[-85.163,65.4912,0.0],[-85.1682,65.4922,0.0],[-85.175,65.4979,0.0],[-85.1937,65.5,1.8154],[-85.1979,65.4979,4.4685],[-85.2021,65.4979,6.6531],[-85.2104,65.5042,0.0],[-85.2167,65.5021,3.8902],[-85.2224,65.5026,5.2233],[-85.2333,65.5125,0.0],[-85.2453,65.5109,2.4739],[-85.2547,65.5224,0.0],[-85.262,65.5234,0.0],[-85.2662,65.5297,0.0],[-85.2625,65.5333,0.0],[-85.2505,65.5339,0.0],[-85.2521,65.5354,0.0],[-85.2646,65.5354,0.0],[-85.2682,65.538,0.0],[-85.2667,65.5396,0.0],[-85.2526,65.5422,0.0],[-85.2542,65.5437,0.0],[-85.2641,65.5443,3.004],[-85.2609,65.5474,0.0],[-85.2682,65.5484,2.6221],[-85.2703,65.5526,0.0],[-85.2693,65.5557,0.0],[-85.2729,65.5604,0.0],[-85.2703,65.5641,0.0],[-85.2667,65.5646,3.9777],[-85.2646,65.5625,0.0],[-85.2662,65.5589,0.0],[-85.2568,65.5589,2.7385],[-85.262,65.5651,20.5716],[-85.2604,65.5667,27.2843],[-85.2568,65.5661,25.9685],[-85.2536,65.5609,20.5641],[-85.2396,65.5604,23.1963],[-85.2359,65.5578,13.9029],[-85.2375,65.5563,10.8273],[-85.2417,65.5583,17.5891],[-85.2521,65.5583,6.45],[-85.2536,65.5568,0.0],[-85.2458,65.5563,0.0],[-85.2417,65.5542,0.0],[-85.2276,65.5537,2.0479],[-85.2292,65.5521,0.0],[-85.2349,65.5516,0.0],[-85.2333,65.55,0.0],[-85.225,65.55,0.0],[-85.2203,65.5463,0.0],[-85.2104,65.5458,0.0],[-85.2063,65.5437,0.0],[-85.2021,65.5458,0.0],[-85.1979,65.5437,0.0],[-85.1854,65.5437,0.0],[-85.1807,65.5474,0.0],[-85.175,65.5479,0.0],[-85.1693,65.5505,0.0],[-85.1661,65.5537,0.0],[-85.1589,65.5547,0.0],[-85.1589,65.5578,3.6656],[-85.1609,65.5599,7.3292],[-85.1682,65.5609,5.8149],[-85.1682,65.5641,6.0455],[-85.1667,65.5646,8.0782],[-85.1609,65.5641,8.2911],[-85.1557,65.5589,10.5749],[-85.1458,65.5563,0.0],[-85.1443,65.5578,0.0],[-85.1474,65.5609,11.4884],[-85.1458,65.5625,7.2163],[-85.1412,65.5589,0.0],[-85.1375,65.5583,0.0],[-85.1271,65.5646,2.1283],[-85.1104,65.5625,0.0],[-85.1088,65.563,0.0],[-85.1099,65.5661,3.7539],[-85.1083,65.5667,5.0752],[-85.1042,65.5646,0.0],[-85.0979,65.5646,0.0],[-85.0937,65.5667,0.0],[-85.0854,65.5667,0.0],[-85.0813,65.5687,0.0],[-85.0771,65.5687,0.0],[-85.0687,65.5729,1.5589],[-85.0625,65.5708,0.0],[-85.0526,65.5734,0.0],[-85.0536,65.5766,1.8257],[-85.0484,65.5797,0.0],[-85.0495,65.5828,2.0821],[-85.0463,65.5839,0.0],[-85.0474,65.587,2.5257],[-85.0401,65.588,0.0],[-85.0411,65.5911,0.0],[-85.0318,65.5964,0.0],[-85.0328,65.5995,0.0],[-85.0312,65.6021,1.5345],[-85.0328,65.6057,2.6689],[-85.0276,65.6088,1.6428],[-85.0286,65.612,2.7061],[-85.0234,65.6151,0.0],[-85.0266,65.6203,2.1742],[-85.0234,65.6224,0.0],[-85.0286,65.6234,2.5971],[-85.0276,65.6266,0.0],[-85.0286,65.6286,0.0],[-85.0255,65.6307,0.0],[-85.0307,65.6318,0.0],[-85.0297,65.6349,0.0],[-85.0432,65.6401,0.0],[-85.0547,65.6474,0.0],[-85.0599,65.6484,7.1055],[-85.0641,65.6526,3.8415],[-85.0609,65.6547,0.0],[-85.063,65.6578,0.0],[-85.0703,65.6589,0.0],[-85.0713,65.662,0.0],[-85.0787,65.663,0.0],[-85.0713,65.6661,0.0],[-85.0807,65.6672,0.0],[-85.0828,65.6693,0.0],[-85.0818,65.6724,0.0],[-85.0953,65.6776,3.2996],[-85.0984,65.6807,0.0],[-85.1036,65.6818,0.0],[-85.1068,65.6849,0.0],[-85.1203,65.688,0.0],[-85.1234,65.6932,0.0],[-85.1307,65.6943,0.0],[-85.1349,65.7005,0.0],[-85.1338,65.7037,0.0],[-85.137,65.7078,0.0],[-85.1297,65.712,0.0],[-85.1521,65.7146,0.0],[-85.1562,65.7167,0.0],[-85.1646,65.7167,4.9644],[-85.1724,65.7193,3.3581],[-85.1693,65.7214,0.0],[-85.1703,65.7245,0.0],[-85.1687,65.725,0.0],[-85.1521,65.725,0.0],[-85.1479,65.7229,0.0],[-85.1396,65.7271,0.0],[-85.125,65.7271,0.0],[-85.1234,65.7255,0.0],[-85.1292,65.725,1.7831],[-85.1307,65.7234,0.0],[-85.1286,65.7214,0.0],[-85.125,65.7208,0.0],[-85.1203,65.7245,0.0],[-85.1146,65.725,0.0],[-85.113,65.7266,0.0],[-85.1172,65.7307,0.0],[-85.1266,65.7318,2.1759],[-85.1255,65.7349,0.0],[-85.1276,65.737,0.0],[-85.1328,65.738,0.0],[-85.138,65.7432,0.0],[-85.1412,65.7432,0.0],[-85.1401,65.7401,1.6966],[-85.1479,65.7396,0.0],[-85.1536,65.7443,0.0],[-85.1505,65.7474,0.0],[-85.1547,65.7516,0.0],[-85.1599,65.7536,0.0],[-85.1479,65.7542,0.0],[-85.1417,65.7521,0.0],[-85.1338,65.7578,0.0],[-85.1359,65.7599,0.0],[-85.1412,65.7609,0.0],[-85.1443,65.7641,0.0],[-85.1516,65.7651,2.3507],[-85.1484,65.7682,0.0],[-85.1568,65.7766,0.0],[-85.162,65.7776,0.0],[-85.1589,65.7797,0.0],[-85.1599,65.7828,0.0],[-85.1589,65.787,0.0],[-85.1661,65.788,0.0],[-85.163,65.7911,0.0],[-85.1672,65.7953,0.0],[-85.1807,65.7984,5.3293],[-85.1776,65.8016,0.0],[-85.1818,65.8057,0.0],[-85.1979,65.8104,2.8403],[-85.1995,65.8089,5.4458],[-85.1974,65.8068,8.8742],[-85.1922,65.8057,5.9525],[-85.1901,65.8026,10.5116],[-85.1979,65.8021,8.7663],[-85.2021,65.8063,0.0],[-85.2229,65.8083,0.0],[-85.2307,65.8109,0.0],[-85.2438,65.8229,0.0],[-85.2521,65.8187,1.0],[-85.2583,65.8208,2.1965],[-85.2625,65.8187,0.0],[-85.2667,65.8187,0.0],[-85.2708,65.8208,0.0],[-85.2854,65.8208,6.1854],[-85.2896,65.8229,0.0],[-85.2937,65.8208,3.621],[-85.3063,65.825,0.0],[-85.3125,65.8229,2.8649],[-85.3167,65.825,0.0],[-85.3292,65.825,0.0],[-85.3339,65.8287,0.0],[-85.3391,65.8297,0.0],[-85.3359,65.8328,0.0],[-85.3521,65.8333,0.0],[-85.3583,65.8375,0.0],[-85.3599,65.8359,0.0],[-85.3547,65.8297,0.0],[-85.3588,65.8276,0.0],[-85.3688,65.8271,0.0],[-85.3729,65.825,2.8582],[-85.3833,65.825,0.0],[-85.3849,65.8245,0.0],[-85.3838,65.8214,0.0],[-85.388,65.8193,0.0],[-85.3979,65.8187,0.0],[-85.4036,65.8161,0.0],[-85.388,65.8099,2.2235],[-85.3912,65.8068,2.0133],[-85.387,65.8026,1.9768],[-85.3818,65.8016,2.2149],[-85.3833,65.8,1.847],[-85.3891,65.7995,1.3995],[-85.3859,65.7953,1.7199],[-85.388,65.7922,2.3673],[-85.4104,65.7917,1.7579],[-85.4146,65.7896,2.1245],[-85.4229,65.7896,1.4678],[-85.4271,65.7875,1.8541],[-85.4375,65.7875,1.616],[-85.4417,65.7896,1.3553],[-85.4479,65.7896,1.225],[-85.4495,65.788,1.5818],[-85.4474,65.7859,2.0555],[-85.4422,65.7839,2.1825],[-85.4542,65.7813,3.3065],[-85.462,65.7839,3.2848],[-85.4661,65.7891,2.407],[-85.4589,65.7932,0.7421],[-85.4609,65.7953,0.0],[-85.4682,65.7963,1.7843],[-85.4766,65.8068,1.756],[-85.4755,65.8099,0.0],[-85.4833,65.8125,1.0711],[-85.4896,65.8104,2.0293],[-85.4938,65.8146,1.8904],[-85.4922,65.8172,1.7516],[-85.4932,65.8203,1.5689],[-85.4901,65.8214,1.4902],[-85.4911,65.8245,0.0],[-85.4838,65.8255,0.0],[-85.4911,65.8297,0.0],[-85.4859,65.8349,0.0],[-85.4896,65.8354,0.0],[-85.4938,65.8333,0.0],[-85.4953,65.8349,0.0],[-85.4911,65.8411,0.0],[-85.488,65.8422,0.0],[-85.4891,65.8453,0.0],[-85.487,65.8474,0.0],[-85.4797,65.8505,0.0],[-85.4828,65.8547,0.0],[-85.4818,65.8568,0.0],[-85.4828,65.8599,0.0],[-85.4797,65.8609,0.0],[-85.4807,65.8641,0.0],[-85.4755,65.8672,0.0],[-85.4766,65.8703,0.0],[-85.4609,65.8797,0.0],[-85.463,65.8828,0.0],[-85.4745,65.8859,12.6093],[-85.4729,65.8875,13.2385],[-85.4672,65.888,0.0],[-85.4651,65.8912,0.0],[-85.4687,65.8938,0.0],[-85.4703,65.8932,0.0],[-85.4693,65.8901,3.4668],[-85.4729,65.8896,11.0186],[-85.4766,65.8922,15.1884],[-85.4734,65.8943,1.8964],[-85.4766,65.8995,3.5039],[-85.4734,65.9016,0.0],[-85.4755,65.9036,0.0],[-85.4807,65.9047,0.0],[-85.4849,65.9089,0.0],[-85.4797,65.9141,0.0]]],
[[[-84.3104,65.3833,0.0],[-84.3089,65.3849,0.0],[-84.3182,65.3849,0.0],[-84.3167,65.3833,0.0],[-84.3104,65.3833,0.0]]],
[[[-84.6016,65.4495,0.0],[-84.6,65.4479,0.0],[-84.5964,65.4484,0.0],[-84.5979,65.45,0.0],[-84.6016,65.4495,0.0]]],
[[[-84.5818,65.4495,0.0],[-84.5849,65.4495,0.0],[-84.5849,65.4484,0.0],[-84.5818,65.4484,0.0],[-84.5818,65.4495,0.0]]],
[[[-84.6172,65.4495,0.0],[-84.6203,65.4495,0.0],[-84.6203,65.4484,0.0],[-84.6172,65.4484,0.0],[-84.6172,65.4495,0.0]]],
[[[-84.6047,65.4703,0.0],[-84.6078,65.4703,0.0],[-84.6078,65.4693,0.0],[-84.6047,65.4693,0.0],[-84.6047,65.4703,0.0]]],
[[[-85.2047,65.5318,0.0],[-85.1963,65.5349,0.0],[-85.2057,65.5359,1.5707],[-85.2047,65.5391,0.0],[-85.2063,65.5396,0.0],[-85.2104,65.5375,1.8043],[-85.2224,65.537,0.0],[-85.2208,65.5354,0.0],[-85.2109,65.5349,0.0],[-85.212,65.5318,0.0],[-85.2104,65.5313,0.0],[-85.2047,65.5318,0.0]]],
[[[-85.2109,65.5411,0.0],[-85.2141,65.5411,0.0],[-85.2141,65.5401,2.1556],[-85.2109,65.5401,1.4926],[-85.2109,65.5411,0.0]]],
[[[-84.6713,65.5453,0.0],[-84.6745,65.5453,0.0],[-84.6745,65.5443,0.0],[-84.6713,65.5443,0.0],[-84.6713,65.5453,0.0]]],
[[[-84.7995,65.5724,0.0],[-84.7979,65.5708,0.0],[-84.7943,65.5714,0.0],[-84.7958,65.5729,0.0],[-84.7995,65.5724,0.0]]],
[[[-83.963,63.6203,0.0],[-83.9661,63.6203,0.0],[-83.9661,63.6193,0.0],[-83.9646,63.6188,0.0],[-83.963,63.6203,0.0]]],
[[[-83.9516,63.638,0.0],[-83.9505,63.6359,0.0],[-83.9578,63.6349,0.0],[-83.9599,63.6318,0.0],[-83.9526,63.6318,0.0],[-83.9474,63.6349,0.0],[-83.9401,63.6359,0.0],[-83.938,63.6391,0.0],[-83.9417,63.6417,0.0],[-83.9516,63.638,0.0]]],
[[[-83.9745,63.638,0.0],[-83.9734,63.6359,0.0],[-83.9807,63.6349,0.0],[-83.9786,63.6318,0.0],[-83.9714,63.6318,0.0],[-83.9703,63.6349,0.0],[-83.9651,63.638,0.0],[-83.963,63.6411,0.0],[-83.9687,63.6417,0.0],[-83.9745,63.638,0.0]]],
[[[-83.9354,63.6479,0.0],[-83.9417,63.6479,0.0],[-83.9432,63.6464,0.0],[-83.9375,63.6417,0.0],[-83.9318,63.6443,0.0],[-83.9354,63.6479,0.0]]],
[[[-83.7917,63.6896,0.0],[-83.7974,63.6891,0.0],[-83.8016,63.687,0.0],[-83.8036,63.6839,0.0],[-83.7922,63.6859,0.0],[-83.7901,63.688,0.0],[-83.7917,63.6896,0.0]]],
[[[-83.7729,63.7021,0.0],[-83.7688,63.7021,0.0],[-83.7672,63.7036,0.0],[-83.7745,63.7036,0.0],[-83.7729,63.7021,0.0]]],
[[[-83.8042,63.7062,0.0],[-83.8005,63.7057,0.0],[-83.7995,63.7026,0.0],[-83.7958,63.7021,0.0],[-83.7943,63.7026,0.0],[-83.7953,63.7057,0.0],[-83.7896,63.7062,0.0],[-83.788,63.7078,0.0],[-83.7917,63.7104,0.0],[-83.8021,63.7104,0.0],[-83.8057,63.7078,0.0],[-83.8042,63.7062,0.0]]],
[[[-83.8109,63.712,0.0],[-83.8125,63.7125,0.0],[-83.8141,63.7109,0.0],[-83.8125,63.7104,0.0],[-83.8109,63.712,0.0]]],
[[[-83.5568,63.8047,0.0],[-83.5526,63.8068,0.0],[-83.5547,63.8099,0.0],[-83.5625,63.8104,0.0],[-83.5667,63.8125,0.0],[-83.5682,63.812,0.0],[-83.5672,63.8068,0.0],[-83.5724,63.8026,0.0],[-83.5703,63.7984,0.0],[-83.5625,63.7979,0.0],[-83.5568,63.8005,0.0],[-83.5578,63.8036,0.0],[-83.5568,63.8047,0.0]]],
[[[-83.5646,63.8208,0.0],[-83.563,63.8224,0.0],[-83.5651,63.8245,0.0],[-83.5682,63.8245,0.0],[-83.5661,63.8214,0.0],[-83.5646,63.8208,0.0]]],
[[[-83.5604,63.8271,0.0],[-83.5568,63.8286,0.0],[-83.5661,63.8286,0.0],[-83.5646,63.8271,0.0],[-83.5604,63.8271,0.0]]],
[[[-83.5859,63.9161,0.0],[-83.5891,63.9161,0.0],[-83.5891,63.9151,0.0],[-83.5859,63.9151,0.0],[-83.5859,63.9161,0.0]]],
[[[-83.8672,63.6505,0.0],[-83.8604,63.6542,0.0],[-83.8562,63.6521,0.0],[-83.8505,63.6557,0.0],[-83.8682,63.6557,0.0],[-83.8724,63.6536,0.0],[-83.8755,63.6484,0.0],[-83.8807,63.6443,0.0],[-83.8786,63.6422,0.0],[-83.8755,63.6422,0.0],[-83.8693,63.6464,0.0],[-83.8672,63.6505,0.0]]],
[[[-83.8714,63.6724,0.0],[-83.8812,63.6771,0.0],[-83.8932,63.6786,0.0],[-83.8974,63.6703,0.0],[-83.8964,63.6672,0.0],[-83.8995,63.6661,0.0],[-83.8984,63.663,0.0],[-83.9016,63.662,0.0],[-83.9005,63.6589,0.0],[-83.9078,63.6578,0.0],[-83.9245,63.6474,0.0],[-83.9234,63.6443,0.0],[-83.9286,63.6411,0.0],[-83.9276,63.638,0.0],[-83.9307,63.637,0.0],[-83.9297,63.6339,0.0],[-83.9354,63.6312,0.0],[-83.9411,63.6307,0.0],[-83.9401,63.6276,0.0],[-83.9411,63.6234,0.0],[-83.9359,63.6234,0.0],[-83.9339,63.6255,0.0],[-83.9349,63.6286,0.0],[-83.9213,63.6339,0.0],[-83.9182,63.6391,0.0],[-83.9151,63.6401,0.0],[-83.9161,63.6432,0.0],[-83.9109,63.6464,0.0],[-83.912,63.6495,0.0],[-83.9078,63.6516,0.0],[-83.9005,63.6516,0.0],[-83.9016,63.6484,0.0],[-83.9,63.6458,0.0],[-83.9016,63.6401,0.0],[-83.8964,63.6401,0.0],[-83.8901,63.6443,0.0],[-83.8912,63.6474,0.0],[-83.888,63.6484,0.0],[-83.8891,63.6516,0.0],[-83.8818,63.6526,0.0],[-83.8828,63.6557,0.0],[-83.8776,63.6589,0.0],[-83.8786,63.662,0.0],[-83.8693,63.6672,0.0],[-83.8714,63.6724,0.0]]],
[[[-83.9292,63.6542,0.0],[-83.9313,63.6563,0.0],[-83.9391,63.6557,0.0],[-83.9354,63.6521,0.0],[-83.9313,63.6521,0.0],[-83.9292,63.6542,0.0]]],
[[[-83.9089,65.6849,6.4706],[-83.912,65.6849,2.1449],[-83.912,65.6839,3.7245],[-83.9089,65.6839,8.5973],[-83.9089,65.6849,6.4706]]],
[[[-83.8026,65.6412,2.9597],[-83.8057,65.6412,1.2985],[-83.8057,65.6401,0.0],[-83.8026,65.6401,1.2241],[-83.8026,65.6412,2.9597]]],
[[[-83.6005,65.6474,0.0],[-83.6036,65.6474,0.0],[-83.6036,65.6464,0.0],[-83.6005,65.6464,0.0],[-83.6005,65.6474,0.0]]],
[[[-83.7776,65.6536,0.0],[-83.7807,65.6536,3.4513],[-83.7807,65.6526,1.669],[-83.7776,65.6526,0.0],[-83.7776,65.6536,0.0]]],
[[[-83.8536,65.662,0.0],[-83.8521,65.6604,0.0],[-83.8484,65.6609,0.0],[-83.85,65.6625,0.0],[-83.8536,65.662,0.0]]],
[[[-83.8984,65.6911,1.4372],[-83.9016,65.6911,1.1891],[-83.9016,65.6901,2.1146],[-83.8984,65.6901,3.3134],[-83.8984,65.6911,1.4372]]],
[[[-83.9786,65.7057,27.1835],[-83.9667,65.7042,0.0],[-83.963,65.7078,20.4331],[-83.9792,65.7083,11.2093],[-83.9849,65.7047,40.5773],[-83.9812,65.7042,20.006],[-83.9786,65.7057,27.1835]]],
[[[-83.9537,65.7099,9.0813],[-83.9437,65.7063,28.583],[-83.938,65.7089,0.0],[-83.9396,65.7104,2.8951],[-83.9537,65.7099,9.0813]]],
[[[-83.9208,65.7104,0.0],[-83.9224,65.7089,0.0],[-83.9146,65.7063,0.0],[-83.9109,65.7068,0.0],[-83.9151,65.712,0.0],[-83.9208,65.7104,0.0]]],
[[[-83.8042,65.7021,0.0],[-83.7979,65.7021,0.0],[-83.7963,65.7037,0.0],[-83.8063,65.7042,0.0],[-83.8125,65.7083,0.0],[-83.8182,65.7057,0.0],[-83.8167,65.7042,0.0],[-83.8042,65.7021,0.0]]],
[[[-83.8375,65.7,0.0],[-83.8359,65.7005,0.0],[-83.837,65.7037,0.0],[-83.8297,65.7068,0.0],[-83.8307,65.7099,0.0],[-83.8297,65.712,0.0],[-83.8354,65.7125,0.0],[-83.8411,65.7099,0.0],[-83.8359,65.7078,0.0],[-83.8375,65.7063,0.0],[-83.8432,65.7057,1.9035],[-83.8375,65.7,0.0]]],
[[[-83.8068,65.7099,0.0],[-83.8099,65.7099,0.0],[-83.8099,65.7089,0.0],[-83.8068,65.7089,0.0],[-83.8068,65.7099,0.0]]],
[[[-83.8187,65.7271,0.0],[-83.8229,65.7271,0.0],[-83.8271,65.725,0.0],[-83.8396,65.7292,0.0],[-83.8437,65.7292,0.0],[-83.8536,65.7245,0.0],[-83.8526,65.7214,0.0],[-83.8557,65.7193,0.0],[-83.8417,65.7208,0.0],[-83.8339,65.7182,0.0],[-83.837,65.7161,0.0],[-83.8354,65.7146,0.0],[-83.8109,65.7151,0.0],[-83.8125,65.7167,0.0],[-83.8224,65.7172,0.0],[-83.8203,65.7224,0.0],[-83.813,65.7234,0.0],[-83.8151,65.7266,0.0],[-83.8187,65.7271,0.0]]],
[[[-83.4339,65.6359,0.0],[-83.4354,65.6375,0.9198],[-83.4437,65.6375,12.5382],[-83.4563,65.6417,0.0],[-83.4599,65.6391,0.0],[-83.4599,65.6359,0.0],[-83.4526,65.6349,0.0],[-83.4526,65.6318,0.0],[-83.4583,65.6333,0.0],[-83.4641,65.6297,0.0],[-83.45,65.625,0.0],[-83.4437,65.6271,0.0],[-83.4375,65.6271,0.0],[-83.4359,65.6255,0.0],[-83.4391,65.6234,0.0],[-83.4313,65.6208,0.0],[-83.425,65.6208,0.0],[-83.4125,65.625,6.1897],[-83.4062,65.6229,0.0],[-83.4005,65.6234,0.0],[-83.4104,65.6292,0.0],[-83.4208,65.6271,7.0472],[-83.4349,65.6318,0.0],[-83.437,65.6349,0.0],[-83.4339,65.6359,0.0]]],
[[[-83.4516,65.6453,0.0],[-83.45,65.6438,0.0],[-83.4463,65.6443,0.0],[-83.4479,65.6458,0.0],[-83.4516,65.6453,0.0]]],
[[[-83.4463,65.8037,0.0],[-83.4495,65.8037,0.0],[-83.4495,65.8026,0.0],[-83.4463,65.8026,0.0],[-83.4463,65.8037,0.0]]],
[[[-83.3661,65.8047,0.0],[-83.3875,65.8104,0.0],[-83.3891,65.8089,0.0],[-83.3818,65.8047,0.0],[-83.3891,65.8037,0.0],[-83.3932,65.8005,0.0],[-83.3792,65.8,0.0],[-83.375,65.8021,0.0],[-83.3651,65.8026,0.0],[-83.3661,65.8047,0.0]]],
[[[-83.8568,65.7089,0.0],[-83.8588,65.712,0.0],[-83.8641,65.712,0.0],[-83.862,65.7089,0.0],[-83.8568,65.7089,0.0]]],
[[[-83.8641,65.7234,0.0],[-83.8854,65.7292,0.0],[-83.8912,65.7266,0.0],[-83.8896,65.725,0.0],[-83.8776,65.7224,0.0],[-83.8755,65.7203,0.0],[-83.8849,65.7141,0.0],[-83.8771,65.7104,0.0],[-83.8734,65.7109,0.0],[-83.8714,65.713,0.0],[-83.8724,65.7161,0.0],[-83.8667,65.7188,0.0],[-83.8609,65.7193,0.0],[-83.8641,65.7234,0.0]]],
[[[-83.8724,65.7359,0.0],[-83.8646,65.7333,0.0],[-83.8583,65.7333,0.0],[-83.8484,65.737,0.0],[-83.8542,65.7417,0.0],[-83.8625,65.7375,0.0],[-83.8708,65.7375,0.0],[-83.8724,65.7359,0.0]]],
[[[-83.8651,65.7432,0.0],[-83.8682,65.7432,0.0],[-83.8682,65.7422,0.0],[-83.8651,65.7422,0.0],[-83.8651,65.7432,0.0]]],
[[[-83.7922,65.7214,0.0],[-83.7937,65.7229,0.0],[-83.8057,65.7224,0.0],[-83.8042,65.7208,0.0],[-83.7922,65.7214,0.0]]],
[[[-83.7901,65.7328,0.0],[-83.7932,65.7328,0.0],[-83.7932,65.7318,0.0],[-83.7901,65.7318,0.0],[-83.7901,65.7328,0.0]]],
[[[-83.7422,65.7359,0.0],[-83.7401,65.7391,0.0],[-83.7474,65.7391,0.0],[-83.7474,65.7359,0.0],[-83.7422,65.7359,0.0]]],
[[[-83.7745,65.7391,0.0],[-83.7729,65.7375,0.0],[-83.7693,65.738,0.0],[-83.7708,65.7396,0.0],[-83.7745,65.7391,0.0]]],
[[[-83.7807,65.7412,0.0],[-83.7792,65.7396,0.0],[-83.7755,65.7401,0.0],[-83.7771,65.7417,0.0],[-83.7807,65.7412,0.0]]],
[[[-83.7359,65.7412,0.0],[-83.7391,65.7412,0.0],[-83.7391,65.7401,0.0],[-83.7359,65.7401,0.0],[-83.7359,65.7412,0.0]]],
[[[-83.7141,65.7401,0.0],[-83.7187,65.7438,0.0],[-83.7203,65.7432,0.0],[-83.7224,65.738,0.0],[-83.7146,65.7375,0.0],[-83.713,65.738,0.0],[-83.7141,65.7401,0.0]]],
[[[-83.838,65.7464,0.0],[-83.8391,65.7443,0.0],[-83.838,65.7422,0.0],[-83.8411,65.7401,0.0],[-83.8375,65.7375,0.0],[-83.8297,65.738,0.0],[-83.8307,65.7412,0.0],[-83.8255,65.7443,0.0],[-83.8292,65.7479,0.0],[-83.8354,65.7479,0.0],[-83.838,65.7464,0.0]]],
[[[-84.1068,65.7536,0.0],[-84.1099,65.7536,0.0],[-84.1099,65.7526,0.0],[-84.1068,65.7526,0.0],[-84.1068,65.7536,0.0]]],
[[[-84.0172,65.7557,0.0],[-84.0203,65.7557,0.0],[-84.0203,65.7547,0.0],[-84.0172,65.7547,0.0],[-84.0172,65.7557,0.0]]],
[[[-84.1479,65.7771,3.2467],[-84.1578,65.7734,0.0],[-84.1542,65.7708,0.0],[-84.1464,65.7714,0.0],[-84.1474,65.7745,0.0],[-84.1464,65.7766,7.4759],[-84.1479,65.7771,3.2467]]],
[[[-84.1354,65.7771,0.0],[-84.1318,65.7786,0.0],[-84.1412,65.7786,0.0],[-84.1396,65.7771,0.0],[-84.1354,65.7771,0.0]]],
[[[-85.8297,63.8828,22.2878],[-85.8396,63.8875,22.2411],[-85.8474,63.888,22.1703],[-85.8495,63.8901,22.0871],[-85.8464,63.8922,22.3885],[-85.8479,63.8937,22.3241],[-85.8604,63.8896,21.9477],[-85.8703,63.8891,21.7729],[-85.8625,63.8854,21.2818],[-85.8583,63.8854,21.568],[-85.8542,63.8875,21.9114],[-85.85,63.8854,21.8861],[-85.8417,63.8854,22.2324],[-85.8354,63.8812,21.8066],[-85.8313,63.8812,21.9945],[-85.8297,63.8828,22.2878]]],
[[[-85.8453,63.8911,22.4534],[-85.8437,63.8896,22.1741],[-85.8401,63.8901,22.4152],[-85.8417,63.8917,22.4814],[-85.8453,63.8911,22.4534]]],
[[[-85.6771,63.8896,24.7053],[-85.6755,63.8911,24.7047],[-85.6776,63.8932,25.0194],[-85.6807,63.8932,25.0545],[-85.6807,63.8922,24.789],[-85.6771,63.8896,24.7053]]],
[[[-85.7568,63.8932,23.5475],[-85.7599,63.8932,23.7693],[-85.7599,63.8922,23.3646],[-85.7568,63.8922,23.6941],[-85.7568,63.8932,23.5475]]],
[[[-85.9563,63.8937,21.0505],[-85.9583,63.8958,21.0813],[-85.9667,63.8958,21.1275],[-85.9771,63.9,20.9229],[-85.9812,63.9,20.8634],[-85.987,63.8964,20.893],[-85.9818,63.8953,20.9758],[-85.9797,63.8922,21.1242],[-85.9818,63.888,20.9917],[-85.987,63.8859,21.1331],[-85.975,63.8854,21.1016],[-85.9708,63.8833,20.8351],[-85.9625,63.8833,21.1768],[-85.9583,63.8812,19.6845],[-85.9542,63.8812,21.1032],[-85.9484,63.8849,21.1288],[-85.9563,63.8937,21.0505]]],
[[[-86.0599,63.8932,21.3238],[-86.0583,63.8917,21.1039],[-86.0547,63.8922,21.2572],[-86.0563,63.8937,21.3339],[-86.0599,63.8932,21.3238]]],
[[[-85.9463,63.8984,20.9863],[-85.95,63.9021,20.9488],[-85.9557,63.8995,21.0293],[-85.9542,63.8979,21.1038],[-85.9463,63.8984,20.9863]]],
[[[-85.912,63.9026,21.4952],[-85.9161,63.9036,21.3918],[-85.9151,63.9005,21.1733],[-85.9182,63.8984,21.2967],[-85.9089,63.8984,21.2153],[-85.912,63.9026,21.4952]]],
[[[-85.6917,63.8937,24.98],[-85.7125,63.9,24.9783],[-85.7161,63.8974,24.8587],[-85.7146,63.8958,24.8871],[-85.7083,63.8958,24.7699],[-85.7005,63.8932,24.6881],[-85.6958,63.8896,24.4966],[-85.6901,63.8901,24.8025],[-85.6901,63.8932,25.1223],[-85.6917,63.8937,24.98]]],
[[[-85.6896,63.8979,25.4128],[-85.6859,63.8995,25.646],[-85.6953,63.8995,25.381],[-85.6937,63.8979,25.4847],[-85.6896,63.8979,25.4128]]],
[[[-85.8708,63.9042,22.3872],[-85.8896,63.9063,22.3145],[-85.8938,63.9083,21.9578],[-85.8953,63.9078,22.0681],[-85.8943,63.9047,21.9412],[-85.8974,63.9036,21.904],[-85.8964,63.9005,21.777],[-85.8974,63.8984,21.4847],[-85.8896,63.8958,21.4767],[-85.8854,63.8979,21.9073],[-85.8771,63.8979,21.911],[-85.8724,63.9016,22.3704],[-85.8651,63.9026,22.2483],[-85.8667,63.9042,22.3493],[-85.8708,63.9042,22.3872]]],
[[[-85.7,63.9042,25.5597],[-85.7104,63.9042,25.217],[-85.712,63.9026,25.1497],[-85.7083,63.9,25.2252],[-85.6984,63.9026,25.8737],[-85.7,63.9042,25.5597]]],
[[[-85.9604,63.9,21.0016],[-85.9589,63.9016,20.8807],[-85.9703,63.9016,20.8801],[-85.9687,63.9,21.1253],[-85.9604,63.9,21.0016]]],
[[[-86.0109,63.9089,20.9421],[-86.0088,63.912,20.8804],[-86.0229,63.9125,21.0713],[-86.0271,63.9146,20.9827],[-86.0312,63.9146,21.1453],[-86.037,63.912,21.0832],[-86.0359,63.9089,21.0351],[-86.0411,63.9057,21.1621],[-86.0432,63.9026,21.2445],[-86.0411,63.9005,21.3103],[-86.0359,63.8995,21.2549],[-86.0354,63.8979,21.2117],[-86.0411,63.8922,21.1459],[-86.0312,63.8896,20.9398],[-86.025,63.8937,20.9927],[-86.0172,63.8922,21.0127],[-86.0182,63.8953,20.9367],[-86.013,63.8984,21.1228],[-86.0162,63.9036,20.9746],[-86.013,63.9047,20.9798],[-86.0141,63.9078,20.9736],[-86.0109,63.9089,20.9421]]],
[[[-86.0068,63.9036,21.0446],[-86.0099,63.9036,20.8095],[-86.0099,63.9026,20.883],[-86.0083,63.9021,21.0526],[-86.0068,63.9036,21.0446]]],
[[[-85.9245,63.9078,21.182],[-85.9229,63.9063,21.1519],[-85.9193,63.9068,21.4866],[-85.9208,63.9083,21.4683],[-85.9245,63.9078,21.182]]],
[[[-85.5109,63.912,35.3284],[-85.5125,63.9125,35.249],[-85.5141,63.9109,35.1083],[-85.5109,63.9109,35.4271],[-85.5109,63.912,35.3284]]],
[[[-85.4938,63.9125,36.8279],[-85.4901,63.913,37.0608],[-85.4896,63.9146,37.2081],[-85.4922,63.9182,36.9446],[-85.5078,63.9203,35.9632],[-85.5068,63.9172,35.621],[-85.5078,63.9151,35.8189],[-85.5026,63.9141,36.3495],[-85.5016,63.9109,36.25],[-85.4979,63.9104,36.4744],[-85.4938,63.9125,36.8279]]],
[[[-85.4818,63.9161,37.5107],[-85.4849,63.9161,37.4037],[-85.4849,63.9151,37.3653],[-85.4818,63.9151,37.4009],[-85.4818,63.9161,37.5107]]],
[[[-85.362,63.9214,44.0249],[-85.3568,63.9203,44.149],[-85.3536,63.9172,43.8432],[-85.3505,63.9172,44.0111],[-85.3526,63.9224,44.021],[-85.3604,63.9229,44.1288],[-85.362,63.9214,44.0249]]],
[[[-85.6266,63.9203,29.9189],[-85.625,63.9188,29.778199999999998],[-85.6214,63.9193,29.7153],[-85.6229,63.9208,30.1231],[-85.6266,63.9203,29.9189]]],
[[[-85.638,63.9224,30.2288],[-85.6396,63.9229,30.0645],[-85.6412,63.9214,29.9715],[-85.6396,63.9208,29.7612],[-85.638,63.9224,30.2288]]],
[[[-85.6276,63.9214,30.0997],[-85.6255,63.9245,30.6608],[-85.6328,63.9245,30.4743],[-85.6328,63.9214,29.9357],[-85.6276,63.9214,30.0997]]],
[[[-85.4411,63.9255,40.9261],[-85.438,63.9255,41.3002],[-85.437,63.9286,41.694],[-85.4318,63.9307,42.5416],[-85.4396,63.9333,42.1664],[-85.4583,63.9333,40.5641],[-85.4682,63.9307,39.7394],[-85.4542,63.925,40.0599],[-85.4479,63.925,40.2459],[-85.4437,63.9271,41.038],[-85.4411,63.9255,40.9261]]],
[[[-85.3276,63.9307,43.9806],[-85.3292,63.9313,43.9592],[-85.3307,63.9297,44.0628],[-85.3292,63.9292,44.3621],[-85.3276,63.9307,43.9806]]],
[[[-85.5016,63.937,37.8207],[-85.4958,63.9354,37.9571],[-85.4854,63.9354,38.2617],[-85.4838,63.9359,38.4277],[-85.4818,63.9411,39.1837],[-85.4849,63.9411,39.1676],[-85.4917,63.9375,38.3582],[-85.4958,63.9396,38.3127],[-85.5125,63.9396,37.3543],[-85.5167,63.9417,37.2877],[-85.5224,63.9411,37.0503],[-85.5229,63.9396,36.6984],[-85.5188,63.9354,36.5103],[-85.5042,63.9354,37.6442],[-85.5016,63.937,37.8207]]],
[[[-85.4042,63.9437,43.9926],[-85.4005,63.9443,43.9907],[-85.3964,63.9474,43.9676],[-85.4016,63.9484,43.9306],[-85.4083,63.9562,43.7865],[-85.412,63.9557,43.503],[-85.4208,63.95,43.1303],[-85.425,63.9521,42.8592],[-85.4375,63.9479,42.3639],[-85.4417,63.95,41.5277],[-85.4479,63.95,40.9368],[-85.4526,63.9464,40.9568],[-85.4563,63.9458,40.6184],[-85.4589,63.9495,40.4748],[-85.4625,63.95,40.342],[-85.4641,63.9495,40.149],[-85.463,63.9464,40.1723],[-85.4703,63.9453,39.6806],[-85.4625,63.9375,40.5657],[-85.4437,63.9375,42.0941],[-85.4396,63.9396,42.2523],[-85.4292,63.9354,42.4944],[-85.4167,63.9354,43.7342],[-85.4125,63.9333,43.6691],[-85.4109,63.9349,43.2137],[-85.4161,63.9432,43.5502],[-85.4042,63.9437,43.9926]]],
[[[-85.3401,63.9474,43.9894],[-85.3432,63.9474,44.0951],[-85.3432,63.9464,43.5595],[-85.3401,63.9464,44.2062],[-85.3401,63.9474,43.9894]]],
[[[-85.4724,63.9536,40.023],[-85.4708,63.9521,40.1249],[-85.4672,63.9526,40.2653],[-85.4687,63.9542,40.1675],[-85.4724,63.9536,40.023]]],
[[[-85.3547,63.9661,44.6815],[-85.3578,63.9661,44.5533],[-85.3578,63.9651,44.3717],[-85.3562,63.9646,44.6688],[-85.3547,63.9661,44.6815]]],
[[[-85.5578,63.9786,38.3639],[-85.5563,63.9771,38.2227],[-85.5526,63.9776,38.6075],[-85.5542,63.9792,38.7058],[-85.5578,63.9786,38.3639]]],
[[[-85.4141,63.9828,44.142],[-85.4125,63.9813,43.9186],[-85.4089,63.9818,44.3154],[-85.4104,63.9833,44.429],[-85.4141,63.9828,44.142]]],
[[[-85.5411,63.9818,39.3778],[-85.538,63.9818,39.4327],[-85.5339,63.9849,39.7386],[-85.5359,63.987,39.5626],[-85.5411,63.988,39.6234],[-85.5401,63.9911,39.9901],[-85.5474,63.9911,39.8651],[-85.5474,63.988,39.5083],[-85.5411,63.9818,39.3778]]],
[[[-85.4875,63.9917,42.0378],[-85.4838,63.9932,42.1375],[-85.4932,63.9932,41.8976],[-85.4917,63.9917,41.7434],[-85.4875,63.9917,42.0378]]],
[[[-85.4172,64.0099,45.5087],[-85.4203,64.0099,45.3499],[-85.4203,64.0089,45.5098],[-85.4172,64.0089,45.3587],[-85.4172,64.0099,45.5087]]],
[[[-85.3542,64.0104,46.5796],[-85.3505,64.012,46.8633],[-85.3599,64.012,46.6341],[-85.3583,64.0104,46.5373],[-85.3542,64.0104,46.5796]]],
[[[-85.4089,64.0245,46.1107],[-85.412,64.0245,46.3941],[-85.412,64.0234,46.1968],[-85.4089,64.0234,46.3394],[-85.4089,64.0245,46.1107]]],
[[[-85.4068,64.0286,46.8752],[-85.4099,64.0286,46.7683],[-85.4099,64.0276,46.5249],[-85.4068,64.0276,46.6728],[-85.4068,64.0286,46.8752]]],
[[[-85.3745,64.0297,47.1783],[-85.3786,64.0307,47.3488],[-85.3828,64.0286,47.1773],[-85.3849,64.0255,46.836],[-85.3734,64.0276,47.2494],[-85.3745,64.0297,47.1783]]],
[[[-85.3318,64.0349,47.8075],[-85.3396,64.0375,47.8565],[-85.35,64.0375,47.7075],[-85.3516,64.038,47.6294],[-85.3505,64.0411,48.0512],[-85.3562,64.0417,48.0298],[-85.3583,64.0396,48.0387],[-85.3568,64.0359,47.4018],[-85.3625,64.0375,47.6096],[-85.3682,64.0349,47.2307],[-85.3651,64.0297,47.2868],[-85.3714,64.0255,46.606],[-85.3771,64.025,46.9623],[-85.3786,64.0234,46.4041],[-85.3734,64.0224,46.963],[-85.3688,64.0188,46.8412],[-85.3521,64.0167,46.8258],[-85.3505,64.0182,47.0825],[-85.3557,64.0245,47.1922],[-85.3422,64.0234,47.3643],[-85.3432,64.0286,47.5757],[-85.3411,64.0307,47.5834],[-85.3339,64.0318,47.6885],[-85.3318,64.0349,47.8075]]],
[[[-85.3964,64.0328,46.9426],[-85.3995,64.0328,47.0533],[-85.3995,64.0318,47.0447],[-85.3964,64.0318,46.7612],[-85.3964,64.0328,46.9426]]],
[[[-85.3797,64.0474,47.5757],[-85.3828,64.0474,47.7182],[-85.3828,64.0463,47.7127],[-85.3797,64.0463,47.6294],[-85.3797,64.0474,47.5757]]],
[[[-85.3146,64.0708,48.411],[-85.313,64.0724,48.3261],[-85.3151,64.0745,48.8467],[-85.3182,64.0745,48.8733],[-85.3161,64.0714,48.2596],[-85.3146,64.0708,48.411]]],
[[[-85.4125,64.0896,50.2714],[-85.4203,64.0891,50.4934],[-85.4224,64.0859,50.3962],[-85.4187,64.0833,50.2858],[-85.413,64.0839,50.2022],[-85.4141,64.087,50.276],[-85.4109,64.088,50.3193],[-85.4125,64.0896,50.2714]]],
[[[-85.4193,64.0922,50.4201],[-85.4208,64.0938,50.6842],[-85.4286,64.0932,50.5915],[-85.425,64.0896,50.6959],[-85.4213,64.0901,50.4538],[-85.4193,64.0922,50.4201]]],
[[[-85.3276,64.0974,49.5322],[-85.3307,64.0974,49.9062],[-85.3307,64.0964,49.6056],[-85.3276,64.0964,49.3673],[-85.3276,64.0974,49.5322]]],
[[[-85.3287,64.112,50.2956],[-85.3271,64.1104,50.0704],[-85.3234,64.1109,50.4581],[-85.325,64.1125,50.371],[-85.3287,64.112,50.2956]]],
[[[-85.3109,64.137,50.7168],[-85.3141,64.137,50.7853],[-85.3141,64.1359,50.8035],[-85.3109,64.1359,50.759],[-85.3109,64.137,50.7168]]],
[[[-85.9109,63.9078,21.6905],[-85.9125,63.9083,21.7335],[-85.9141,63.9068,21.5123],[-85.9109,63.9068,21.8919],[-85.9109,63.9078,21.6905]]],
[[[-86.0479,63.9042,21.004],[-86.0463,63.9057,20.7319],[-86.0484,63.9078,21.1661],[-86.0578,63.9089,21.0011],[-86.0625,63.9125,20.9392],[-86.0787,63.912,21.1598],[-86.0771,63.9104,21.0782],[-86.0693,63.9099,21.2632],[-86.0625,63.9042,21.174],[-86.0479,63.9042,21.004]]],
[[[-86.0875,63.9188,21.2051],[-86.0891,63.9172,21.272],[-86.0813,63.9146,21.1802],[-86.0776,63.9151,20.8864],[-86.0755,63.9172,21.3403],[-86.0771,63.9188,21.1971],[-86.0875,63.9188,21.2051]]],
[[[-86.2042,64.0875,3.2581],[-86.2,64.0875,3.066],[-86.1984,64.0891,3.1036],[-86.2057,64.0891,3.3553],[-86.2042,64.0875,3.2581]]],
[[[-86.2089,64.0911,3.3147],[-86.212,64.0911,0.0],[-86.212,64.0901,0.0],[-86.2089,64.0901,3.2133],[-86.2089,64.0911,3.3147]]],
[[[-86.1771,64.0896,3.1804],[-86.1672,64.0932,4.0441],[-86.175,64.0958,3.4567],[-86.1828,64.0953,2.8812],[-86.1818,64.0922,2.6396],[-86.1849,64.0901,2.7501],[-86.1771,64.0896,3.1804]]],
[[[-86.3172,64.2641,0.0],[-86.3203,64.2641,0.0],[-86.3203,64.263,0.0],[-86.3172,64.263,0.0],[-86.3172,64.2641,0.0]]],
[[[-86.3234,64.6724,0.0],[-86.3266,64.6724,0.0],[-86.3266,64.6713,0.0],[-86.3234,64.6713,0.0],[-86.3234,64.6724,0.0]]],
[[[-86.2568,64.7307,0.0],[-86.2599,64.7307,0.0],[-86.2599,64.7297,0.0],[-86.2568,64.7297,0.0],[-86.2568,64.7307,0.0]]],
[[[-86.1901,64.8599,0.0],[-86.1932,64.8599,0.0],[-86.1932,64.8588,0.0],[-86.1901,64.8588,0.0],[-86.1901,64.8599,0.0]]],
[[[-86.1943,65.037,0.0],[-86.1974,65.037,0.0],[-86.1974,65.0359,0.0],[-86.1943,65.0359,0.0],[-86.1943,65.037,0.0]]],
[[[-86.1208,65.3938,0.0],[-86.1172,65.3953,0.0],[-86.1266,65.3953,0.0],[-86.125,65.3938,0.0],[-86.1208,65.3938,0.0]]],
[[[-85.8792,63.9146,22.4389],[-85.8734,63.913,22.4411],[-85.8755,63.9161,22.5441],[-85.8849,63.9182,22.5391],[-85.8828,63.9151,22.3664],[-85.8792,63.9146,22.4389]]],
[[[-85.8339,66.4828,0.0],[-85.837,66.4828,0.0],[-85.837,66.4818,0.0],[-85.8339,66.4818,0.0],[-85.8339,66.4828,0.0]]],
[[[-85.7422,66.5141,0.0],[-85.7479,66.5146,3.4805],[-85.7479,66.5125,0.0],[-85.7438,66.5125,0.0],[-85.7422,66.5141,0.0]]],
[[[-82.2833,64.0146,11.7345],[-82.2849,64.013,12.0425],[-82.2818,64.013,11.8705],[-82.2818,64.0141,11.8669],[-82.2833,64.0146,11.7345]]],
[[[-81.9672,64.013,0.0],[-81.9651,64.0162,0.0],[-81.9682,64.0162,0.0],[-81.9703,64.0141,0.0],[-81.9672,64.013,0.0]]],
[[[-82.125,64.0104,7.8425],[-82.1193,64.0141,7.459],[-82.1245,64.0151,8.3748],[-82.1292,64.0188,8.1499],[-82.1349,64.0182,8.3357],[-82.1297,64.0162,7.5],[-82.1286,64.013,8.3718],[-82.125,64.0104,7.8425]]],
[[[-81.975,64.0167,0.5617],[-81.9766,64.0162,0.6726],[-81.9766,64.0151,0.5704],[-81.9734,64.0151,0.0],[-81.975,64.0167,0.5617]]],
[[[-83.1229,64.0125,0.0],[-83.1245,64.0109,0.6168],[-83.1214,64.0109,1.5069],[-83.1214,64.012,0.8044],[-83.1229,64.0125,0.0]]],
[[[-83.1,64.0125,3.2049],[-83.0984,64.0141,3.1468],[-83.1005,64.0162,2.8768],[-83.1036,64.0162,1.5361],[-83.1036,64.013,2.0792],[-83.1,64.0125,3.2049]]],
[[[-83.0922,64.0151,3.9353],[-83.0896,64.0188,3.4796],[-83.0839,64.0172,4.3936],[-83.0839,64.0203,4.3881],[-83.0875,64.0229,3.0814],[-83.0917,64.0208,2.7179],[-83.0995,64.0224,0.0],[-83.0953,64.0151,3.4566],[-83.0922,64.0151,3.9353]]],
[[[-83.1417,64.0313,0.0],[-83.1432,64.0297,0.0],[-83.1401,64.0297,0.0],[-83.1401,64.0307,0.0],[-83.1417,64.0313,0.0]]],
[[[-82.1167,64.0167,6.5],[-82.113,64.0182,7.1762],[-82.1245,64.0214,7.8526],[-82.1292,64.025,7.1191],[-82.1328,64.0224,8.1215],[-82.1224,64.0172,7.7975],[-82.1167,64.0167,6.5]]],
[[[-82.0203,64.0224,2.8693],[-82.0286,64.0203,2.5],[-82.0307,64.0172,2.5],[-82.025,64.0167,3.2119],[-82.0151,64.0214,2.2842],[-82.0125,64.025,2.1702],[-82.0141,64.0286,2.5235],[-82.0109,64.0307,0.5],[-82.0162,64.0307,2.8707],[-82.0188,64.0271,3.1678],[-82.0172,64.0234,2.8463],[-82.0203,64.0224,2.8693]]],
[[[-82.2708,64.025,11.9224],[-82.2724,64.0234,11.6939],[-82.2693,64.0234,11.9036],[-82.2693,64.0245,11.9283],[-82.2708,64.025,11.9224]]],
[[[-82.0604,64.0437,5.3115],[-82.062,64.0422,5.62],[-82.0589,64.0422,4.0],[-82.0589,64.0432,4.0],[-82.0604,64.0437,5.3115]]],
[[[-82.0521,64.0458,5.5829],[-82.0505,64.0474,5.3395],[-82.0542,64.0479,5.9559],[-82.0578,64.0443,5.3722],[-82.0563,64.0437,4.8526],[-82.0521,64.0458,5.5829]]],
[[[-82.0292,64.0521,5.3441],[-82.0333,64.0521,5.7512],[-82.0349,64.0505,4.5026],[-82.0307,64.0463,3.9056],[-82.0234,64.0463,3.6135],[-82.0234,64.0495,4.278],[-82.0255,64.0516,4.7823],[-82.0292,64.0521,5.3441]]],
[[[-82.0474,64.0484,5.2932],[-82.0437,64.0479,4.0],[-82.0422,64.0495,4.8474],[-82.0458,64.05,5.0],[-82.0474,64.0484,5.2932]]],
[[[-82.0667,64.0542,10.2936],[-82.0682,64.0526,9.8997],[-82.0604,64.05,7.3571],[-82.0505,64.0526,6.5],[-82.0542,64.0563,8.5646],[-82.0667,64.0542,10.2936]]],
[[[-81.3917,64.0333,7.8561],[-81.3932,64.0318,8.3612],[-81.3901,64.0318,10.1167],[-81.3901,64.0328,8.4778],[-81.3917,64.0333,7.8561]]],
[[[-80.7238,64.0357,4.5856],[-80.7214,64.0359,5.1308],[-80.7214,64.037,0.0],[-80.7245,64.037,0.0],[-80.7238,64.0357,4.5856]]],
[[[-81.3938,64.0375,6.4303],[-81.3953,64.037,6.4186],[-81.3953,64.0359,6.4148],[-81.3922,64.0359,7.1243],[-81.3938,64.0375,6.4303]]],
[[[-81.375,64.0437,6.5256],[-81.3766,64.0422,6.1327],[-81.3734,64.0422,7.014],[-81.3734,64.0432,6.6923],[-81.375,64.0437,6.5256]]],
[[[-80.9734,64.0422,0.0],[-80.9734,64.0453,4.3473],[-80.9786,64.0453,1.5977],[-80.9766,64.0422,0.0],[-80.9734,64.0422,0.0]]],
[[[-81.3667,64.0458,6.4689],[-81.3651,64.0474,6.4282],[-81.3688,64.0479,6.5699],[-81.3724,64.0443,6.6548],[-81.3708,64.0437,6.7259],[-81.3667,64.0458,6.4689]]],
[[[-81.2453,64.0463,0.0],[-81.2422,64.0463,0.0],[-81.2422,64.0474,0.0],[-81.2453,64.0474,0.0],[-81.2453,64.0463,0.0]]],
[[[-81.2333,64.0479,0.0],[-81.2297,64.0495,0.0],[-81.237,64.0495,0.0],[-81.237,64.0484,0.0],[-81.2333,64.0479,0.0]]],
[[[-81.9417,64.0625,1.5],[-81.9396,64.0604,0.5],[-81.9318,64.0609,1.0],[-81.9396,64.0646,3.0986],[-81.9417,64.0625,1.5]]],
[[[-81.9208,64.0625,1.0],[-81.9193,64.0641,1.5],[-81.9286,64.0641,2.7099],[-81.9271,64.0625,2.551],[-81.9208,64.0625,1.0]]],
[[[-81.8964,64.0668,2.2346],[-81.8943,64.0672,1.9083],[-81.8943,64.0682,1.9671],[-81.8974,64.0682,2.8727],[-81.8964,64.0668,2.2346]]],
[[[-81.9062,64.0708,3.0744],[-81.9078,64.0703,3.0689],[-81.9078,64.0693,2.6609],[-81.9047,64.0693,3.038],[-81.9062,64.0708,3.0744]]],
[[[-81.2417,64.0521,0.0],[-81.2432,64.0516,0.0],[-81.2432,64.0505,0.0],[-81.2401,64.0505,0.0],[-81.2417,64.0521,0.0]]],
[[[-81.3833,64.0646,0.0],[-81.3849,64.063,0.0],[-81.3818,64.063,0.0],[-81.3818,64.0641,0.0],[-81.3833,64.0646,0.0]]],
[[[-80.7562,64.0646,0.0],[-80.7526,64.0651,0.0],[-80.7526,64.0661,0.0],[-80.7578,64.0661,0.0],[-80.7562,64.0646,0.0]]],
[[[-80.9437,64.0875,0.0],[-80.9542,64.0875,0.0],[-80.9563,64.0854,0.0],[-80.9542,64.0833,0.0],[-80.9437,64.0833,0.0],[-80.9417,64.0854,0.0],[-80.9437,64.0875,0.0]]],
[[[-81.9245,64.0714,3.23],[-81.9208,64.0708,2.2255],[-81.9193,64.0724,3.2291],[-81.9229,64.0729,3.4054],[-81.9245,64.0714,3.23]]],
[[[-81.9,64.075,3.8679],[-81.8984,64.0766,3.5],[-81.9021,64.0771,3.5],[-81.9057,64.0734,3.2488],[-81.9042,64.0729,3.4764],[-81.9,64.075,3.8679]]],
[[[-81.9339,64.0787,4.8899],[-81.9396,64.0792,5.7512],[-81.9411,64.0776,6.0532],[-81.9354,64.075,4.0],[-81.9318,64.0755,4.0],[-81.9339,64.0787,4.8899]]],
[[[-81.8328,64.0776,1.0346],[-81.8297,64.0797,0.0],[-81.8318,64.0828,1.5013],[-81.8411,64.0849,2.7968],[-81.8391,64.0797,1.4964],[-81.8349,64.0755,0.7524],[-81.8318,64.0755,0.8814],[-81.8328,64.0776,1.0346]]],
[[[-81.813,64.0845,2.3339],[-81.8208,64.0854,2.163],[-81.8224,64.0839,1.5919],[-81.8146,64.0833,2.0947],[-81.813,64.0845,2.3339]]],
[[[-81.925,64.0854,5.1701],[-81.9266,64.0849,5.4527],[-81.9266,64.0839,5.1084],[-81.9234,64.0839,5.071],[-81.925,64.0854,5.1701]]],
[[[-81.8484,64.087,2.0],[-81.8536,64.088,5.1815],[-81.8557,64.0901,4.8304],[-81.8526,64.0922,5.5],[-81.8547,64.0953,5.5],[-81.8604,64.0958,8.1191],[-81.8667,64.0938,7.653],[-81.8708,64.0958,7.5],[-81.8724,64.0943,7.3853],[-81.8693,64.0901,6.9332],[-81.8724,64.0891,6.4533],[-81.8714,64.0859,4.9201],[-81.8771,64.0833,4.5706],[-81.8854,64.0833,5.3248],[-81.8875,64.0813,4.0],[-81.887,64.0797,4.4765],[-81.8792,64.0771,2.86],[-81.8583,64.0771,1.2688],[-81.8568,64.0787,1.5802],[-81.862,64.0797,1.0],[-81.8641,64.0828,1.0],[-81.8583,64.0813,1.0],[-81.8479,64.0813,1.0],[-81.8458,64.0833,2.3036],[-81.8484,64.087,2.0]]],
[[[-81.7141,64.087,1.4764],[-81.7125,64.0854,1.8051],[-81.7109,64.0859,2.7422],[-81.7109,64.087,1.7598],[-81.7141,64.087,1.4764]]],
[[[-81.7771,64.0875,2.2298],[-81.7688,64.0875,2.4502],[-81.7646,64.0854,1.8718],[-81.7588,64.0891,2.0721],[-81.7625,64.0917,3.0607],[-81.7667,64.0896,3.5231],[-81.7828,64.0891,3.0119],[-81.7812,64.0875,2.6699],[-81.7771,64.0875,2.2298]]],
[[[-81.9068,64.088,5.5],[-81.9104,64.0917,8.549],[-81.9224,64.0922,9.4977],[-81.9213,64.0953,10.457],[-81.9229,64.0958,10.0],[-81.9286,64.0932,10.3359],[-81.9276,64.0901,7.8157],[-81.9292,64.0896,7.7577],[-81.9354,64.0938,12.443],[-81.9396,64.0896,10.6814],[-81.9422,64.0932,12.9634],[-81.9458,64.0938,13.6953],[-81.95,64.0896,12.2773],[-81.9463,64.0849,9.7036],[-81.9495,64.0828,9.6629],[-81.9479,64.0813,8.1324],[-81.9359,64.0818,4.9937],[-81.9328,64.087,7.1572],[-81.9229,64.0896,7.1909],[-81.9172,64.0891,5.0],[-81.9125,64.0854,4.9027],[-81.9068,64.088,5.5]]],
[[[-81.7484,64.0859,0.0],[-81.7443,64.088,0.0],[-81.7422,64.0911,2.213],[-81.75,64.0938,2.5777],[-81.7557,64.0911,2.3911],[-81.7516,64.0859,1.1794],[-81.7484,64.0859,0.0]]],
[[[-81.6984,64.0901,0.0],[-81.7,64.0917,1.2412],[-81.7078,64.0911,3.3568],[-81.7063,64.0896,1.7846],[-81.6984,64.0901,0.0]]],
[[[-81.9062,64.0938,8.6898],[-81.9078,64.0932,9.1401],[-81.9078,64.0922,8.9478],[-81.9047,64.0922,8.6363],[-81.9062,64.0938,8.6898]]],
[[[-81.8875,64.0917,6.4616],[-81.8818,64.0953,7.4669],[-81.8917,64.1,9.438],[-81.8943,64.0964,8.9209],[-81.9016,64.0953,8.3275],[-81.8979,64.0917,5.5],[-81.8875,64.0917,6.4616]]],
[[[-81.6771,64.0979,0.0],[-81.6755,64.0995,0.0],[-81.6875,64.1,0.6811],[-81.6937,64.1021,3.1311],[-81.7057,64.0943,1.938],[-81.7021,64.0938,2.0328],[-81.6979,64.0958,0.5],[-81.6937,64.0938,1.5554],[-81.6854,64.0979,0.0],[-81.6771,64.0979,0.0]]],
[[[-81.9042,64.0979,10.3463],[-81.9005,64.0995,10.3722],[-81.9078,64.0995,11.0476],[-81.9078,64.0984,10.71],[-81.9042,64.0979,10.3463]]],
[[[-81.875,64.1042,9.577],[-81.8766,64.1026,8.6491],[-81.8734,64.1026,8.1583],[-81.8734,64.1036,9.6562],[-81.875,64.1042,9.577]]],
[[[-81.9333,64.1042,14.6737],[-81.9349,64.1036,14.4087],[-81.9349,64.1026,14.4211],[-81.9318,64.1026,13.8287],[-81.9333,64.1042,14.6737]]],
[[[-81.6833,64.1083,3.1836],[-81.6849,64.1078,2.7876],[-81.6849,64.1068,2.4746],[-81.6818,64.1068,2.75],[-81.6833,64.1083,3.1836]]],
[[[-81.7625,64.1083,5.2764],[-81.7588,64.1099,5.6651],[-81.7662,64.1099,6.2954],[-81.7662,64.1088,5.7628],[-81.7625,64.1083,5.2764]]],
[[[-80.975,64.0896,0.0],[-80.9766,64.088,0.0],[-80.9734,64.088,0.0],[-80.9734,64.0891,0.0],[-80.975,64.0896,0.0]]],
[[[-80.8979,64.1271,0.0],[-80.8995,64.1266,0.0],[-80.8995,64.1255,0.0],[-80.8964,64.1255,0.0],[-80.8979,64.1271,0.0]]],
[[[-81.4526,64.2276,15.5383],[-81.4604,64.2271,14.8251],[-81.463,64.2307,1.0092],[-81.4708,64.2333,0.0],[-81.4771,64.2312,8.851],[-81.4812,64.2333,0.0],[-81.4911,64.2286,0.0],[-81.4901,64.2255,5.1637],[-81.5057,64.2224,0.0],[-81.5109,64.2151,0.0],[-81.5312,64.2146,0.0],[-81.5411,64.212,0.0],[-81.5417,64.2104,0.0],[-81.5349,64.2005,3.006],[-81.5297,64.1995,2.6516],[-81.5328,64.1964,1.752],[-81.5276,64.1953,3.6879],[-81.5286,64.1922,2.2538],[-81.5208,64.1896,4.1861],[-81.5193,64.1901,4.1235],[-81.5203,64.1932,5.1914],[-81.5172,64.1953,10.2263],[-81.5224,64.2026,11.2045],[-81.5208,64.2042,10.9647],[-81.5146,64.2021,13.5802],[-81.5062,64.2021,19.7862],[-81.5,64.2042,19.5577],[-81.4958,64.2021,22.2256],[-81.4792,64.2021,15.5855],[-81.475,64.2,13.2673],[-81.4604,64.2021,13.3185],[-81.4401,64.1953,5.2285],[-81.4396,64.1937,5.1093],[-81.4422,64.1901,4.3543],[-81.4458,64.1896,7.0785],[-81.45,64.1917,10.9734],[-81.4516,64.1911,11.2563],[-81.4505,64.188,10.3735],[-81.4563,64.1854,11.8837],[-81.4625,64.1854,11.1323],[-81.4693,64.1932,12.759],[-81.475,64.1958,14.9719],[-81.4833,64.1958,13.4955],[-81.4875,64.1979,14.0167],[-81.5021,64.1979,18.5045],[-81.5062,64.1958,12.926],[-81.5125,64.1979,13.2432],[-81.5141,64.1964,13.9897],[-81.5109,64.1922,9.0],[-81.5141,64.1911,7.7992],[-81.513,64.188,5.9665],[-81.5203,64.1849,6.2178],[-81.5167,64.1813,5.1331],[-81.5125,64.1833,4.8597],[-81.4875,64.1833,1.7051],[-81.4833,64.1813,-0.5476],[-81.4771,64.1833,7.1064],[-81.4729,64.1813,2.4115],[-81.4583,64.1813,9.1968],[-81.4542,64.1833,10.7698],[-81.4479,64.1833,9.1485],[-81.4437,64.1813,1.9948],[-81.4401,64.1839,-0.046],[-81.4391,64.187,4.2054],[-81.4359,64.188,1.9843],[-81.437,64.1911,3.1444],[-81.4339,64.1922,3.055],[-81.4349,64.1953,3.3062],[-81.4318,64.1953,1.3946],[-81.4271,64.1917,-0.7103],[-81.4213,64.1943,0.6358],[-81.4234,64.1974,1.6785],[-81.4286,64.1984,3.4044],[-81.4286,64.2016,5.4119],[-81.4229,64.2021,8.0354],[-81.4167,64.1979,2.5476],[-81.4062,64.1979,1.1814],[-81.3964,64.2005,1.1964],[-81.3901,64.2047,5.5751],[-81.3953,64.2068,10.5528],[-81.3922,64.2089,9.6942],[-81.3938,64.2104,8.4715],[-81.4,64.2083,7.4577],[-81.4042,64.2104,8.9662],[-81.4083,64.2083,9.1678],[-81.4161,64.2089,12.4029],[-81.412,64.212,12.9013],[-81.4047,64.213,10.1578],[-81.4026,64.2151,10.8462],[-81.4042,64.2167,11.2693],[-81.4104,64.2167,12.6729],[-81.4182,64.2193,4.2348],[-81.4167,64.2208,3.0003],[-81.4109,64.2214,6.042],[-81.4109,64.2245,0.0],[-81.4187,64.225,0.0],[-81.4229,64.2229,4.9202],[-81.4271,64.225,0.5179],[-81.4354,64.225,8.7626],[-81.4458,64.2292,0.543],[-81.4526,64.2276,15.5383]]],
[[[-81.3863,64.2104,5.9556],[-81.3838,64.212,3.5097],[-81.3891,64.212,9.5436],[-81.3891,64.2109,10.2779],[-81.3863,64.2104,5.9556]]],
[[[-81.6296,64.1189,0.8729],[-81.6276,64.1193,0.8729],[-81.6276,64.1203,1.3243],[-81.6307,64.1203,1.8968],[-81.6296,64.1189,0.8729]]],
[[[-81.5834,64.1584,0.0],[-81.5818,64.1589,0.0],[-81.5818,64.1599,0.0],[-81.5849,64.1599,2.1173],[-81.5834,64.1584,0.0]]],
[[[-81.5417,64.2292,0.0],[-81.5432,64.2276,0.0],[-81.5401,64.2276,0.0],[-81.5401,64.2286,0.0],[-81.5417,64.2292,0.0]]],
[[[-81.7161,64.2651,0.0],[-81.713,64.2651,0.0],[-81.713,64.2662,0.0],[-81.7161,64.2662,0.0],[-81.7161,64.2651,0.0]]],
[[[-81.3979,64.2188,8.1171],[-81.3943,64.2193,0.0],[-81.3943,64.2203,0.0],[-81.3995,64.2203,10.7542],[-81.3979,64.2188,8.1171]]],
[[[-81.4484,64.2453,0.0],[-81.4521,64.2479,0.0],[-81.4542,64.2458,0.0],[-81.45,64.2417,0.0],[-81.4484,64.2422,0.0],[-81.4484,64.2453,0.0]]],
[[[-81.5151,64.2516,0.0],[-81.5188,64.2542,0.0],[-81.5245,64.2505,0.0],[-81.5167,64.25,0.0],[-81.5151,64.2516,0.0]]],
[[[-81.5208,64.2813,0.0],[-81.5271,64.2813,0.0],[-81.5286,64.2797,0.0],[-81.525,64.2771,0.0],[-81.513,64.2776,0.0],[-81.5151,64.2807,0.0],[-81.5208,64.2813,0.0]]],
[[[-81.7224,64.2828,0.0],[-81.7224,64.2818,0.0],[-81.7193,64.2818,0.0],[-81.7193,64.2828,0.0],[-81.7224,64.2828,0.0]]],
[[[-81.5729,64.3146,0.0],[-81.5609,64.313,0.0],[-81.5646,64.3167,0.0],[-81.5807,64.3161,0.0],[-81.5792,64.3146,0.0],[-81.5729,64.3146,0.0]]],
[[[-81.7484,64.337,58.3776],[-81.7396,64.3333,34.0284],[-81.7338,64.3359,11.8557],[-81.7318,64.3391,3.663],[-81.7479,64.3396,52.8049],[-81.7495,64.3391,53.993],[-81.7484,64.337,58.3776]]],
[[[-81.6766,64.3505,1.7225],[-81.6734,64.3536,0.0],[-81.6813,64.3562,2.6833],[-81.6891,64.3557,1.7322],[-81.688,64.3526,1.561],[-81.6911,64.3516,0.0],[-81.6771,64.3458,0.0],[-81.6734,64.3464,0.0],[-81.6766,64.3505,1.7225]]],
[[[-81.6953,64.3662,1.66],[-81.6953,64.3651,0.0],[-81.6922,64.3651,0.0],[-81.6922,64.3662,0.0],[-81.6953,64.3662,1.66]]],
[[[-81.6896,64.3667,0.0],[-81.6839,64.3672,0.0],[-81.6828,64.3703,11.6312],[-81.6776,64.3734,14.003],[-81.6786,64.3766,5.451],[-81.6755,64.3786,5.8725],[-81.6776,64.3807,4.8331],[-81.6833,64.3812,0.0],[-81.6859,64.3776,10.0603],[-81.7016,64.3745,0.0],[-81.6963,64.3724,3.2843],[-81.6896,64.3667,0.0]]],
[[[-81.9833,64.0583,3.0],[-81.9911,64.0578,4.0081],[-81.9932,64.0547,4.1431],[-81.9818,64.0568,3.4915],[-81.9833,64.0583,3.0]]],
[[[-82.037,64.0557,6.9013],[-82.0271,64.0563,5.5438],[-82.0255,64.0578,6.6905],[-82.0333,64.0604,8.7295],[-82.0453,64.0547,7.1832],[-82.0396,64.0542,6.4995],[-82.037,64.0557,6.9013]]],
[[[-82.0401,64.0589,8.4234],[-82.038,64.062,9.198],[-82.0411,64.062,9.3954],[-82.0432,64.0599,8.7816],[-82.0401,64.0589,8.4234]]],
[[[-83.4729,64.1104,0.0],[-83.4745,64.1099,0.0],[-83.4745,64.1088,0.0],[-83.4714,64.1088,0.0],[-83.4729,64.1104,0.0]]],
[[[-83.2312,64.1188,0.0],[-83.2328,64.1172,0.0],[-83.2297,64.1172,0.0],[-83.2297,64.1182,0.0],[-83.2312,64.1188,0.0]]],
[[[-83.1354,64.1604,4.6653],[-83.1318,64.1609,4.8802],[-83.1318,64.162,5.687],[-83.1391,64.162,5.9834],[-83.1354,64.1604,4.6653]]],
[[[-82.5188,64.7375,0.0],[-82.5203,64.737,0.0],[-82.5203,64.7359,0.0],[-82.5172,64.7359,0.0],[-82.5188,64.7375,0.0]]],
[[[-82.4734,64.737,14.3168],[-82.4755,64.7391,0.0],[-82.4786,64.7391,0.0],[-82.4766,64.7359,23.151],[-82.4734,64.737,14.3168]]],
[[[-82.4661,64.7401,11.9921],[-82.4625,64.7396,35.0286],[-82.4609,64.7412,33.8055],[-82.4646,64.7417,5.1577],[-82.4661,64.7401,11.9921]]],
[[[-82.4522,64.7438,21.2689],[-82.4505,64.7443,33.5879],[-82.4505,64.7453,18.7999],[-82.4537,64.7453,3.9393],[-82.4522,64.7438,21.2689]]],
[[[-82.3474,64.7589,72.4138],[-82.35,64.7625,0.0],[-82.3562,64.7625,23.2337],[-82.3604,64.7604,123.7699],[-82.3651,64.7641,10.8997],[-82.3682,64.7641,25.5431],[-82.3724,64.7609,58.0336],[-82.3646,64.7583,101.1456],[-82.3568,64.7578,142.2081],[-82.3547,64.7547,150.7713],[-82.3661,64.7536,122.4704],[-82.3703,64.7516,103.0805],[-82.3693,64.7484,109.3347],[-82.375,64.7458,102.9725],[-82.3917,64.7479,89.5904],[-82.3979,64.7521,65.4225],[-82.4083,64.7521,69.4121],[-82.413,64.7557,30.7537],[-82.4208,64.7583,0.0],[-82.4271,64.7583,0.0],[-82.4396,64.7542,18.9016],[-82.4458,64.7562,0.0],[-82.4474,64.7557,0.0],[-82.4463,64.7526,18.9677],[-82.4474,64.7505,0.0],[-82.438,64.7495,38.2173],[-82.4318,64.7474,48.6627],[-82.4271,64.7438,69.4153],[-82.4193,64.7432,67.0662],[-82.4172,64.7412,85.631],[-82.4203,64.7391,98.6776],[-82.4187,64.7375,109.9573],[-82.4068,64.738,98.8343],[-82.4141,64.7422,74.3198],[-82.4104,64.7438,79.4266],[-82.4062,64.7417,88.1262],[-82.3984,64.7412,125.4049],[-82.3964,64.7391,111.1977],[-82.3995,64.737,105.8833],[-82.3979,64.7354,91.642],[-82.3917,64.7375,133.4812],[-82.3875,64.7354,170.5204],[-82.3812,64.7354,166.216],[-82.375,64.7396,134.9033],[-82.3583,64.7396,179.7075],[-82.3542,64.7375,207.0203],[-82.35,64.7396,213.5138],[-82.3437,64.7396,219.4764],[-82.3396,64.7375,231.6602],[-82.3292,64.7375,223.7623],[-82.325,64.7396,207.5517],[-82.3104,64.7396,159.2292],[-82.3026,64.737,117.9543],[-82.2979,64.7333,82.6701],[-82.2859,64.7338,0.0],[-82.2911,64.7359,45.0057],[-82.2963,64.7412,0.0],[-82.3016,64.7422,39.3816],[-82.3026,64.7453,0.0],[-82.3078,64.7464,0.0],[-82.3109,64.7495,0.0],[-82.3187,64.7521,0.0],[-82.3287,64.7526,63.2866],[-82.3297,64.7557,0.0],[-82.3375,64.7583,0.0],[-82.3474,64.7589,72.4138]]],
[[[-82.4734,64.7443,0.0],[-82.4755,64.7474,0.0],[-82.487,64.7505,0.0],[-82.4859,64.7536,0.0],[-82.4932,64.7516,0.0],[-82.4911,64.7484,0.0],[-82.4771,64.7438,0.0],[-82.4734,64.7443,0.0]]],
[[[-83.1036,65.6005,1.9383],[-83.1068,65.6036,0.0],[-83.1208,65.6083,0.0],[-83.1255,65.6026,2.5984],[-83.1297,65.6005,12.7448],[-83.1396,65.6,4.9167],[-83.1495,65.5943,0.0],[-83.1474,65.5922,0.0],[-83.1422,65.5911,3.2406],[-83.1391,65.588,0.0],[-83.1338,65.587,0.0],[-83.1349,65.5839,0.0],[-83.1333,65.5833,0.0],[-83.1188,65.5854,0.0],[-83.1146,65.5833,0.0],[-83.1083,65.5833,0.0],[-83.1021,65.5854,-0.0022],[-83.0979,65.5833,0.0],[-83.0922,65.5859,0.0],[-83.1021,65.5896,10.8203],[-83.1161,65.5901,23.9012],[-83.113,65.5922,10.2785],[-83.1141,65.5953,9.9251],[-83.1125,65.5958,8.913],[-83.1062,65.5938,0.0],[-83.0984,65.5943,0.0],[-83.1036,65.6005,1.9383]]],
[[[-83.275,65.6146,0.0],[-83.2688,65.6167,0.0],[-83.2646,65.6146,0.0],[-83.2588,65.6182,0.0],[-83.2625,65.6208,0.0],[-83.2667,65.6208,0.0],[-83.2708,65.6188,0.0],[-83.2854,65.6188,0.0],[-83.288,65.6151,0.0],[-83.2979,65.6146,0.0],[-83.3036,65.6109,0.0],[-83.2854,65.6104,0.0],[-83.275,65.6146,0.0]]],
[[[-83.1667,65.6208,0.0],[-83.1682,65.6193,0.0],[-83.1651,65.6193,0.0],[-83.1651,65.6203,0.0],[-83.1667,65.6208,0.0]]],
[[[-84.6099,65.5318,16.8843],[-84.6125,65.5354,0.0],[-84.6109,65.5391,7.7052],[-84.613,65.5432,0.0],[-84.6167,65.5458,28.1632],[-84.6229,65.5437,59.4372],[-84.6271,65.5458,53.3584],[-84.6333,65.5458,13.7183],[-84.6349,65.5453,7.7332],[-84.6338,65.5422,157.5147],[-84.6354,65.5417,147.5325],[-84.6542,65.5417,0.0],[-84.6583,65.5396,81.188],[-84.6646,65.5417,0.0],[-84.6661,65.5411,0.0],[-84.6651,65.538,64.1545],[-84.6667,65.5375,80.2411],[-84.6729,65.5396,0.0],[-84.6797,65.5359,0.0],[-84.687,65.5349,0.0],[-84.6818,65.5328,0.0],[-84.6797,65.5307,0.0],[-84.6807,65.5276,3.8987],[-84.6771,65.525,0.0],[-84.6604,65.5229,0.0],[-84.6562,65.525,31.0089],[-84.65,65.5229,0.0],[-84.6458,65.525,0.0],[-84.6292,65.525,58.5742],[-84.6276,65.5234,42.9333],[-84.6307,65.5214,0.0],[-84.6229,65.5188,0.0],[-84.6193,65.5193,0.0],[-84.6224,65.5245,41.9761],[-84.6161,65.5286,38.9747],[-84.6088,65.5297,0.0],[-84.6099,65.5318,16.8843]]],
[[[-84.6474,65.5537,0.0],[-84.6458,65.5521,0.0],[-84.6422,65.5526,0.0],[-84.6438,65.5542,0.0],[-84.6474,65.5537,0.0]]],
[[[-84.5432,65.6109,27.0486],[-84.5292,65.6083,0.0],[-84.5276,65.6088,0.0],[-84.5286,65.612,26.901],[-84.5266,65.6141,57.6664],[-84.5193,65.6172,0.0],[-84.5266,65.6255,0.0],[-84.5214,65.6297,0.0],[-84.5193,65.6339,66.3065],[-84.5214,65.637,65.4476],[-84.5349,65.637,79.6319],[-84.5318,65.6328,77.3753],[-84.5349,65.6307,55.2548],[-84.5339,65.6276,11.9467],[-84.5432,65.6224,0.0],[-84.5422,65.6193,21.1823],[-84.5474,65.6162,17.8031],[-84.5432,65.6109,27.0486]]],
[[[-84.6078,65.8016,4.465],[-84.6062,65.8,0.0],[-84.6026,65.8005,0.0],[-84.6042,65.8021,0.0],[-84.6078,65.8016,4.465]]],
[[[-85.0651,65.712,0.0],[-85.0661,65.7141,0.0],[-85.063,65.7161,0.0],[-85.0682,65.7172,0.0],[-85.0724,65.7214,0.0],[-85.0693,65.7245,0.0],[-85.0813,65.7229,0.0],[-85.0849,65.7203,0.0],[-85.0833,65.7188,0.0],[-85.0755,65.7182,0.0],[-85.0828,65.7151,0.0],[-85.0755,65.7141,0.0],[-85.0745,65.7109,0.0],[-85.063,65.7089,0.0],[-85.0651,65.712,0.0]]],
[[[-85.1547,65.7224,0.0],[-85.1578,65.7224,0.0],[-85.1578,65.7214,0.0],[-85.1547,65.7214,0.0],[-85.1547,65.7224,0.0]]],
[[[-85.0375,66.0292,6.6474],[-85.0417,66.0313,0.0],[-85.0479,66.0313,2.668],[-85.0542,66.0292,0.0],[-85.0604,66.0354,2.8085],[-85.0771,66.0354,34.3654],[-85.0849,66.0307,0.0],[-85.0839,66.0276,30.1712],[-85.0958,66.0271,20.2382],[-85.1016,66.0245,0.0],[-85.1005,66.0214,0.0],[-85.1042,66.0188,35.4231],[-85.1078,66.0193,34.6914],[-85.1125,66.0229,5.8615],[-85.1188,66.0208,17.5112],[-85.1229,66.0229,3.4761],[-85.1286,66.0203,0.0],[-85.1255,66.0162,6.9594],[-85.1271,66.0125,0.0],[-85.1255,66.0099,2.535],[-85.1266,66.0068,17.2933],[-85.1255,66.0047,41.9006],[-85.1292,66.0042,37.3809],[-85.1333,66.0062,0.0],[-85.1417,66.0021,14.5455],[-85.1516,66.0016,0.0],[-85.1495,65.9984,2.9731],[-85.1401,65.9974,21.7202],[-85.138,65.9943,18.2503],[-85.1458,65.9958,21.8438],[-85.1557,65.9932,6.8655],[-85.1547,65.9901,10.63],[-85.1557,65.988,5.8336],[-85.1479,65.9875,4.7897],[-85.1443,65.9849,6.6661],[-85.1453,65.9818,0.9],[-85.1432,65.9776,0.0],[-85.1338,65.9672,27.7976],[-85.1412,65.9661,0.0],[-85.1401,65.963,18.1539],[-85.1432,65.962,0.0],[-85.1422,65.9589,14.0821],[-85.1474,65.9557,2.6285],[-85.1453,65.9526,0.0],[-85.1401,65.9516,29.9557],[-85.1453,65.9474,1.6015],[-85.1443,65.9443,9.56],[-85.1516,65.9432,3.6635],[-85.1557,65.9401,0.0],[-85.1443,65.9391,30.9589],[-85.1495,65.9339,0.0],[-85.1474,65.9318,0.0],[-85.1422,65.9307,13.9772],[-85.1359,65.9245,0.0],[-85.1349,65.9213,0.0],[-85.1276,65.9203,4.7236],[-85.1307,65.9172,0.0],[-85.1193,65.9161,27.1485],[-85.1224,65.913,0.0],[-85.1088,65.9099,43.9356],[-85.112,65.9068,0.0],[-85.1088,65.9036,0.0],[-85.1104,65.9,0.0],[-85.1088,65.8974,6.3378],[-85.1099,65.8943,0.0],[-85.1068,65.8912,2.686],[-85.1068,65.888,13.804],[-85.1141,65.8828,2.9157],[-85.113,65.8797,32.2835],[-85.1161,65.8786,4.2965],[-85.1151,65.8755,21.9359],[-85.1245,65.8703,0.0],[-85.1234,65.8672,7.4104],[-85.1266,65.8651,0.0],[-85.1245,65.863,14.9447],[-85.1188,65.8625,41.4589],[-85.1172,65.8609,54.3613],[-85.1245,65.8599,6.4727],[-85.1266,65.8557,0.0],[-85.1255,65.8526,24.0322],[-85.1286,65.8516,0.0],[-85.1255,65.8464,20.6934],[-85.1307,65.8432,0.0],[-85.1297,65.8401,8.7265],[-85.137,65.8359,0.0],[-85.1349,65.8339,0.0],[-85.1276,65.8328,8.3255],[-85.1307,65.8307,0.0],[-85.1297,65.8276,0.0],[-85.1328,65.8255,0.0],[-85.1255,65.8245,0.0],[-85.1286,65.8214,0.0],[-85.1234,65.8203,1.112],[-85.1214,65.8182,3.0904],[-85.1224,65.8151,0.0],[-85.1214,65.813,2.6269],[-85.1245,65.812,0.0],[-85.1234,65.8089,2.3582],[-85.1266,65.8078,1.5094],[-85.1255,65.8047,2.0],[-85.1307,65.8005,0.0],[-85.1255,65.7995,0.0],[-85.1188,65.7937,4.2925],[-85.1146,65.7979,2.0],[-85.1109,65.7953,2.0],[-85.1141,65.7932,4.0702],[-85.113,65.7839,12.6345],[-85.1182,65.7797,0.0],[-85.1042,65.7792,33.9596],[-85.1005,65.7766,45.0474],[-85.1021,65.775,36.3179],[-85.1125,65.775,16.9849],[-85.1167,65.7771,0.0],[-85.1203,65.7724,0.0],[-85.1172,65.7672,6.0685],[-85.1203,65.7651,0.0],[-85.1151,65.7641,4.5575],[-85.113,65.762,12.2357],[-85.1141,65.7568,0.0],[-85.112,65.7547,0.0],[-85.1047,65.7536,3.4209],[-85.1078,65.7505,0.0],[-85.0984,65.7453,1.7341],[-85.1016,65.7422,0.0],[-85.0943,65.7412,2.2635],[-85.0911,65.7359,0.0],[-85.0839,65.7349,0.0],[-85.0807,65.7318,0.0],[-85.0755,65.7307,0.0],[-85.0641,65.7234,0.0],[-85.0542,65.7229,0.0],[-85.0437,65.7188,0.0],[-85.0339,65.7182,1.7805],[-85.037,65.7161,0.0],[-85.0349,65.713,0.0],[-85.0193,65.712,3.2882],[-85.0172,65.7089,2.9943],[-85.0203,65.7068,0.0],[-85.0042,65.7042,0.0],[-84.9979,65.7,0.0],[-84.9854,65.7,6.6073],[-84.9807,65.6964,0.0],[-84.9708,65.6937,0.0],[-84.9583,65.6937,0.0],[-84.9437,65.6896,0.0],[-84.9354,65.6896,7.5403],[-84.9286,65.6839,0.0],[-84.9208,65.6813,0.0],[-84.9125,65.6813,0.0],[-84.9083,65.6792,0.0],[-84.8958,65.6792,3.9298],[-84.8896,65.675,0.0],[-84.8854,65.6771,3.2307],[-84.8818,65.6766,3.5782],[-84.8849,65.6734,0.8328],[-84.8797,65.6724,0.0],[-84.8682,65.6609,0.0],[-84.8588,65.6599,3.0426],[-84.8599,65.6568,0.0],[-84.8557,65.6505,0.0],[-84.8422,65.6474,0.0],[-84.8396,65.6438,0.0],[-84.8411,65.6401,0.0],[-84.8359,65.6391,0.0],[-84.838,65.6339,0.0],[-84.8432,65.6307,0.0],[-84.838,65.6234,0.0],[-84.8437,65.6229,0.0],[-84.8453,65.6214,0.0],[-84.8432,65.6193,0.0],[-84.838,65.6182,0.0],[-84.8411,65.6151,0.0],[-84.8328,65.6068,0.0],[-84.8276,65.6057,4.2133],[-84.8307,65.6036,0.0],[-84.8297,65.6005,0.0],[-84.8307,65.5984,0.0],[-84.8292,65.5958,0.0],[-84.8307,65.5922,0.0],[-84.8255,65.5911,0.0],[-84.8287,65.5891,0.0],[-84.8266,65.5859,0.0],[-84.8193,65.5849,0.0],[-84.8224,65.5818,0.0],[-84.8125,65.5813,4.4434],[-84.8078,65.5776,0.0],[-84.8,65.575,0.0],[-84.7854,65.5729,0.0],[-84.7807,65.5693,0.0],[-84.7693,65.5661,0.0],[-84.7662,65.563,0.0],[-84.7547,65.5599,4.8774],[-84.7474,65.5526,0.0],[-84.7359,65.5516,30.8952],[-84.7391,65.5484,27.306],[-84.7349,65.5443,0.0],[-84.7297,65.5432,11.4452],[-84.725,65.5396,0.0],[-84.7208,65.5417,0.0],[-84.7089,65.5422,0.0],[-84.712,65.5463,0.0],[-84.7104,65.5479,0.5478],[-84.7042,65.5479,0.0],[-84.6937,65.5437,0.0],[-84.6854,65.5479,0.0],[-84.6813,65.5458,0.0],[-84.6776,65.5463,0.0],[-84.6786,65.5495,0.0],[-84.6713,65.5505,0.0],[-84.6646,65.5542,0.0],[-84.6521,65.5542,0.0],[-84.6438,65.5583,99.0996],[-84.6396,65.5563,0.0],[-84.6318,65.5568,0.0],[-84.6328,65.5599,40.7968],[-84.6297,65.5609,0.0],[-84.6307,65.5641,56.1081],[-84.6276,65.5661,0.0],[-84.6297,65.5682,0.0],[-84.6417,65.5708,1.271],[-84.6432,65.5724,0.0],[-84.6375,65.575,0.0],[-84.6318,65.5755,0.0],[-84.6328,65.5787,54.7062],[-84.6312,65.5792,31.4129],[-84.625,65.5771,0.0],[-84.6167,65.5813,14.7247],[-84.6125,65.5792,0.0],[-84.6078,65.5849,6.095],[-84.6036,65.587,0.752],[-84.5922,65.588,33.4602],[-84.5932,65.5911,28.8423],[-84.5901,65.5932,0.0],[-84.5932,65.5974,4.4418],[-84.5839,65.6026,0.0],[-84.587,65.6078,19.2537],[-84.575,65.6083,0.0],[-84.5661,65.6141,0.0],[-84.5563,65.6146,0.0],[-84.5505,65.6172,0.0],[-84.5547,65.6224,11.14],[-84.5599,65.6234,12.8624],[-84.5641,65.6276,37.9333],[-84.5604,65.6292,17.8791],[-84.5547,65.6276,0.0],[-84.5557,65.6307,6.6058],[-84.5526,65.6318,1.1606],[-84.5557,65.637,41.0311],[-84.5526,65.6391,21.7072],[-84.562,65.6505,5.5935],[-84.5589,65.6526,0.0],[-84.5609,65.6557,5.0626],[-84.5771,65.6583,0.0],[-84.5833,65.6625,0.0],[-84.5932,65.663,16.4942],[-84.5964,65.6661,8.8844],[-84.6016,65.6672,3.4778],[-84.6057,65.6713,2.1426],[-84.6021,65.6729,0.0],[-84.5979,65.6708,0.0],[-84.5917,65.6708,0.0],[-84.5875,65.6729,11.2512],[-84.5833,65.6708,0.0],[-84.5708,65.6708,0.0],[-84.5646,65.6687,0.0],[-84.5604,65.6708,16.7743],[-84.5542,65.6687,0.0],[-84.5526,65.6703,0.0],[-84.5557,65.6734,0.0],[-84.5547,65.6766,6.8422],[-84.5599,65.6776,43.8122],[-84.5568,65.6807,17.9243],[-84.5604,65.6833,26.5189],[-84.5687,65.6833,24.3385],[-84.5729,65.6854,12.2339],[-84.5875,65.6854,0.0],[-84.5937,65.6833,5.4283],[-84.5979,65.6854,0.3125],[-84.6078,65.6859,9.4281],[-84.6068,65.6911,0.0],[-84.612,65.6922,0.0],[-84.6141,65.6953,0.0],[-84.6026,65.6964,1.2277],[-84.6026,65.6995,0.0],[-84.6099,65.7005,31.3515],[-84.6109,65.7037,17.3761],[-84.6172,65.7099,2.1225],[-84.6286,65.7109,0.2876],[-84.6255,65.7141,0.0],[-84.6307,65.7151,40.9334],[-84.6297,65.7182,1.1568],[-84.6307,65.7203,33.957],[-84.6234,65.7234,0.0],[-84.6245,65.7266,0.0],[-84.6193,65.7307,0.0],[-84.6234,65.7349,23.0708],[-84.6328,65.7359,26.7357],[-84.6453,65.7484,18.3151],[-84.6422,65.7505,5.999],[-84.6432,65.7536,52.9867],[-84.6401,65.7547,0.0],[-84.6417,65.7562,6.0554],[-84.6474,65.7568,108.161],[-84.6443,65.7589,6.9265],[-84.6453,65.762,8.1903],[-84.6401,65.7651,0.0],[-84.6474,65.7693,46.5204],[-84.6443,65.7724,0.0],[-84.6495,65.7734,4.9228],[-84.6547,65.7786,3.422],[-84.6599,65.7797,4.5858],[-84.663,65.7828,3.9335],[-84.6745,65.7839,90.6738],[-84.6713,65.7859,26.5054],[-84.6729,65.7875,0.0],[-84.6771,65.7875,0.0],[-84.6813,65.7896,30.1805],[-84.6917,65.7896,20.2041],[-84.6958,65.7875,3.9227],[-84.7021,65.7875,4.2278],[-84.7099,65.7901,0.8628],[-84.7078,65.7932,0.0],[-84.7037,65.7953,0.0],[-84.6963,65.7963,0.0],[-84.7016,65.7984,21.8772],[-84.7,65.8021,10.0307],[-84.7037,65.8068,25.8901],[-84.7005,65.8141,3.1642],[-84.7037,65.8182,62.3588],[-84.7005,65.8193,30.4756],[-84.7016,65.8224,0.0],[-84.6984,65.8234,0.0],[-84.6958,65.8271,31.2069],[-84.6984,65.8307,0.0],[-84.7083,65.8333,7.375],[-84.7208,65.8333,5.4646],[-84.725,65.8354,0.4183],[-84.7349,65.8359,70.9838],[-84.738,65.8411,0.0],[-84.7453,65.8422,3.8967],[-84.7464,65.8453,0.0],[-84.7521,65.85,3.5377],[-84.7583,65.85,26.1648],[-84.7625,65.8479,18.9113],[-84.7688,65.85,0.0],[-84.7812,65.8458,8.1862],[-84.7875,65.8458,0.6518],[-84.7932,65.8505,0.0],[-84.7943,65.8536,0.0],[-84.8016,65.8547,3.2135],[-84.8036,65.8568,1.1806],[-84.8026,65.862,0.0],[-84.8036,65.8641,0.0],[-84.8,65.8646,0.0],[-84.7953,65.8609,0.0],[-84.7901,65.8599,0.0],[-84.7932,65.8578,0.0],[-84.7917,65.8562,0.0],[-84.7833,65.8562,6.4617],[-84.7729,65.8521,0.0],[-84.7667,65.8542,11.5368],[-84.7604,65.8521,0.0],[-84.7542,65.8562,0.0],[-84.75,65.8562,35.8639],[-84.7458,65.8583,38.4909],[-84.7338,65.8588,5.7049],[-84.7297,65.8662,0.0],[-84.7354,65.8708,29.1207],[-84.7411,65.8703,60.924],[-84.7479,65.8667,88.3853],[-84.7521,65.8688,69.9203],[-84.7682,65.8693,0.0],[-84.7714,65.8745,0.0],[-84.7786,65.8755,42.12],[-84.7755,65.8786,0.0],[-84.7854,65.8792,69.475],[-84.7891,65.8818,78.9305],[-84.7839,65.8859,0.0],[-84.7891,65.888,25.2841],[-84.7859,65.8912,0.0],[-84.7958,65.8938,0.0],[-84.8,65.8917,6.6299],[-84.8036,65.8943,0.0],[-84.8021,65.8958,12.6116],[-84.7922,65.8964,37.9834],[-84.7953,65.9016,23.4691],[-84.788,65.9057,0.0],[-84.7953,65.9068,37.973],[-84.8,65.9104,3.7858],[-84.8078,65.9109,25.2904],[-84.8068,65.9141,0.0],[-84.812,65.9151,1.476],[-84.8151,65.9182,2.9424],[-84.825,65.9187,48.3122],[-84.8391,65.9234,11.1709],[-84.838,65.9266,0.0],[-84.8401,65.9287,2.4518],[-84.8479,65.9313,5.4416],[-84.8578,65.9318,36.5701],[-84.8588,65.9349,30.7958],[-84.8661,65.9359,57.7256],[-84.8703,65.9401,0.0],[-84.8688,65.9417,0.0],[-84.8464,65.9422,2.3586],[-84.85,65.9458,8.5029],[-84.8599,65.9464,42.3958],[-84.8568,65.9495,0.0],[-84.862,65.9505,0.0],[-84.8641,65.9526,5.6599],[-84.8625,65.9542,0.5357],[-84.8562,65.9542,5.7902],[-84.8521,65.9521,0.0],[-84.8479,65.9521,0.0],[-84.8437,65.9542,34.2676],[-84.8375,65.9521,0.0],[-84.8297,65.9526,1.3532],[-84.8276,65.9547,5.8363],[-84.8276,65.9578,7.6974],[-84.8349,65.9589,36.8002],[-84.837,65.9609,32.6307],[-84.8297,65.9651,0.0],[-84.8318,65.9682,8.3695],[-84.8479,65.9708,49.4832],[-84.8521,65.9729,55.159],[-84.8667,65.9729,9.1637],[-84.8703,65.9755,16.4447],[-84.8714,65.9786,1.6912],[-84.8786,65.9797,18.1846],[-84.8755,65.9828,0.0],[-84.887,65.9838,14.0009],[-84.8838,65.9859,0.0],[-84.8849,65.9891,41.1492],[-84.8792,65.9896,17.7543],[-84.8776,65.9912,0.0],[-84.8828,65.9922,0.0],[-84.8859,65.9953,1.1287],[-84.8932,65.9964,20.2172],[-84.8984,66.0036,5.7438],[-84.9057,66.0047,2.466],[-84.9068,66.0078,0.0],[-84.912,66.013,4.6388],[-84.9089,66.0151,0.0],[-84.9104,66.0167,0.0],[-84.9187,66.0167,21.2703],[-84.925,66.0188,0.0],[-84.9292,66.0167,16.5748],[-84.9391,66.0193,27.2166],[-84.9417,66.0229,0.0],[-84.9453,66.0224,6.2668],[-84.95,66.0188,48.3321],[-84.9625,66.0188,20.7001],[-84.9687,66.0229,0.0],[-84.9792,66.0229,17.0993],[-84.9854,66.0208,21.2742],[-84.9896,66.0229,0.0],[-84.9974,66.0234,0.0],[-85.0021,66.0271,0.0],[-85.0083,66.025,7.6042],[-85.0146,66.025,8.5715],[-85.0188,66.0271,0.0],[-85.0266,66.0266,0.0],[-85.025,66.025,0.0],[-85.0193,66.0245,0.0],[-85.0151,66.0203,20.94],[-85.0188,66.0188,0.7475],[-85.0266,66.0214,0.0],[-85.0339,66.0286,0.0],[-85.0375,66.0292,6.6474]]],
[[[-84.662,65.8227,0.0],[-84.6682,65.8234,53.0035],[-84.6703,65.8276,8.5664],[-84.6682,65.8307,6.8183],[-84.6651,65.8318,1.4587],[-84.6672,65.8349,11.3651],[-84.6703,65.8349,12.6843],[-84.6729,65.8313,22.9346],[-84.6771,65.8333,42.6427],[-84.6828,65.8307,5.4786],[-84.6776,65.8276,48.8951],[-84.6828,65.8245,41.7369],[-84.6818,65.8214,55.3378],[-84.6891,65.8203,0.0],[-84.688,65.8172,4.3827],[-84.6911,65.8161,0.0],[-84.6839,65.812,21.4748],[-84.6849,65.8089,50.4595],[-84.6839,65.8068,49.3515],[-84.687,65.8057,16.5664],[-84.6859,65.8026,19.0507],[-84.6891,65.8005,0.0],[-84.6849,65.7963,4.8148],[-84.6771,65.7937,0.0],[-84.6693,65.7943,0.0],[-84.6745,65.7963,9.2092],[-84.6786,65.8016,18.1626],[-84.6729,65.8042,4.5694],[-84.6672,65.8047,0.0],[-84.6651,65.8068,0.0],[-84.663,65.812,0.0],[-84.6682,65.813,15.3431],[-84.6703,65.8161,11.9179],[-84.6609,65.8214,0.0],[-84.662,65.8227,0.0]]],
[[[-84.1354,65.7979,0.0],[-84.1312,65.7979,0.0],[-84.1297,65.7995,0.0],[-84.137,65.7995,0.0],[-84.1354,65.7979,0.0]]],
[[[-84.162,65.8026,0.0],[-84.1646,65.8042,0.0],[-84.1703,65.8005,0.0],[-84.1667,65.7979,0.0],[-84.1609,65.8005,0.0],[-84.162,65.8026,0.0]]],
[[[-84.0828,65.8057,0.0],[-84.0813,65.8042,0.0],[-84.0776,65.8047,0.0],[-84.0792,65.8063,0.0],[-84.0828,65.8057,0.0]]],
[[[-84.0917,65.8042,0.0],[-84.088,65.8057,0.0],[-84.0974,65.8057,0.0],[-84.0958,65.8042,0.0],[-84.0917,65.8042,0.0]]],
[[[-84.1188,65.8,0.0],[-84.1151,65.8005,0.0],[-84.1109,65.8037,0.0],[-84.1193,65.812,0.0],[-84.1286,65.812,0.0],[-84.1307,65.8089,0.0],[-84.1214,65.8078,0.0],[-84.1224,65.8047,0.0],[-84.1214,65.8026,0.0],[-84.1245,65.8005,0.0],[-84.1188,65.8,0.0]]],
[[[-84.113,65.8161,0.0],[-84.1161,65.8161,0.0],[-84.1161,65.8151,0.0],[-84.113,65.8151,0.0],[-84.113,65.8161,0.0]]],
[[[-84.1333,65.8167,0.0],[-84.1297,65.8182,0.0],[-84.1391,65.8182,0.0],[-84.1375,65.8167,0.0],[-84.1333,65.8167,0.0]]],
[[[-84.1583,65.85,0.0],[-84.1599,65.8484,0.0],[-84.15,65.8458,0.0],[-84.1443,65.8484,0.0],[-84.1458,65.85,0.0],[-84.1583,65.85,0.0]]],
[[[-83.3208,65.8146,0.0],[-83.3313,65.8146,0.0],[-83.3437,65.8187,0.0],[-83.3479,65.8146,0.0],[-83.3458,65.8125,0.0],[-83.3229,65.8125,0.0],[-83.3187,65.8104,0.0],[-83.3125,65.8104,0.0],[-83.3109,65.8109,0.0],[-83.312,65.8141,0.0],[-83.3089,65.8161,0.0],[-83.3167,65.8167,0.0],[-83.3208,65.8146,0.0]]],
[[[-83.3099,65.8568,16.3244],[-83.3125,65.8583,13.6483],[-83.3224,65.8588,20.9769],[-83.3287,65.8609,20.6498],[-83.3333,65.8646,0.0],[-83.3375,65.8625,0.0],[-83.3521,65.8625,19.3777],[-83.363,65.8568,39.2391],[-83.3703,65.8557,25.9636],[-83.3667,65.8521,19.5],[-83.3583,65.8521,25.971],[-83.3542,65.85,20.7162],[-83.3464,65.8495,26.5048],[-83.3443,65.8464,19.5],[-83.3464,65.8443,22.1933],[-83.35,65.8438,26.6198],[-83.3542,65.8458,23.2521],[-83.3625,65.8458,29.263],[-83.3703,65.8484,28.0413],[-83.3734,65.8516,20.7548],[-83.3875,65.8562,19.9332],[-83.3922,65.8505,38.6927],[-83.3964,65.8484,55.9173],[-83.4062,65.85,69.2923],[-83.412,65.8568,32.1596],[-83.4089,65.8588,8.4795],[-83.4104,65.8604,2.5958],[-83.4167,65.8604,2.1],[-83.4208,65.8583,18.5828],[-83.4333,65.8583,22.3228],[-83.4375,65.8604,11.4983],[-83.4542,65.8625,0.0],[-83.4667,65.8562,37.5394],[-83.4708,65.8583,0.0],[-83.475,65.8562,19.8203],[-83.487,65.8557,20.6509],[-83.4833,65.8521,88.8117],[-83.4734,65.8516,112.2054],[-83.4734,65.8484,104.3199],[-83.4755,65.8464,97.0283],[-83.4792,65.8458,93.3186],[-83.4932,65.8505,120.4062],[-83.4984,65.8557,30.2423],[-83.5125,65.8604,0.0],[-83.5188,65.8604,0.0],[-83.5255,65.8568,19.9634],[-83.5453,65.8516,12.2045],[-83.5484,65.8484,20.8171],[-83.5542,65.8479,14.1654],[-83.5557,65.8464,3.6059],[-83.5463,65.8453,21.7659],[-83.5479,65.8417,12.5339],[-83.5463,65.8391,12.6555],[-83.5474,65.8359,15.3794],[-83.5422,65.8339,26.9733],[-83.5453,65.8328,6.5464],[-83.5474,65.8297,0.0],[-83.5422,65.8287,6.0976],[-83.537,65.8214,0.0],[-83.5234,65.8182,5.2379],[-83.5188,65.8146,0.0],[-83.5109,65.8141,4.1098],[-83.512,65.8089,0.0],[-83.4896,65.8063,6.7023],[-83.4854,65.8042,0.0],[-83.4812,65.8063,3.7588],[-83.475,65.8063,0.0],[-83.4687,65.8042,0.0],[-83.4625,65.8083,2.1853],[-83.4563,65.8063,0.0],[-83.4437,65.8063,10.8455],[-83.4396,65.8042,0.0],[-83.4354,65.8063,7.4407],[-83.4146,65.8063,3.766],[-83.4068,65.8109,0.0],[-83.4099,65.8161,2.1036],[-83.4057,65.8182,0.0],[-83.3979,65.8167,0.0],[-83.3917,65.8208,2.2849],[-83.3792,65.8208,1.1343],[-83.375,65.8187,0.0],[-83.3458,65.8292,1.9944],[-83.3417,65.8271,0.0],[-83.3229,65.825,0.0],[-83.3167,65.8292,0.0],[-83.3104,65.8271,0.0],[-83.3042,65.8292,2.9939],[-83.3016,65.8255,0.0],[-83.2943,65.8245,14.6383],[-83.2974,65.8224,3.7325],[-83.2953,65.8193,4.6325],[-83.2812,65.8187,14.3663],[-83.2771,65.8167,0.0],[-83.2662,65.8224,7.6017],[-83.2588,65.8234,0.0],[-83.2641,65.8255,3.1211],[-83.263,65.8287,0.0],[-83.2745,65.8318,4.7145],[-83.2724,65.8349,1.0915],[-83.2464,65.8401,0.0],[-83.2479,65.8417,0.998],[-83.2536,65.8422,19.5474],[-83.2562,65.8458,0.0],[-83.275,65.8458,14.7765],[-83.2917,65.8521,0.0],[-83.2974,65.8526,8.6146],[-83.3,65.8562,0.0],[-83.3099,65.8568,16.3244]]],
[[[-83.3411,65.8703,0.0],[-83.3396,65.8688,0.0],[-83.3359,65.8693,0.0],[-83.3375,65.8708,0.0],[-83.3411,65.8703,0.0]]],
[[[-83.7474,65.7432,0.0],[-83.7458,65.7417,0.0],[-83.7422,65.7422,0.0],[-83.7438,65.7438,0.0],[-83.7474,65.7432,0.0]]],
[[[-83.6995,65.7474,0.0],[-83.6979,65.7458,0.0],[-83.6943,65.7464,0.0],[-83.6958,65.7479,0.0],[-83.6995,65.7474,0.0]]],
[[[-83.8479,65.7479,0.0],[-83.85,65.75,0.0],[-83.8578,65.7495,0.0],[-83.8542,65.7458,0.0],[-83.8484,65.7464,0.0],[-83.8479,65.7479,0.0]]],
[[[-84.3786,66.138,55.0196],[-84.3833,66.1417,0.0],[-84.3958,66.1417,19.0378],[-84.4,66.1438,0.0],[-84.4042,66.1417,13.9488],[-84.4104,66.1417,18.9709],[-84.4146,66.1438,0.0],[-84.4391,66.1432,0.0],[-84.438,66.1401,46.9187],[-84.4474,66.1349,17.7978],[-84.4401,66.1255,26.0706],[-84.4537,66.1182,0.0],[-84.4521,66.1167,0.0],[-84.4463,66.1162,30.2124],[-84.4443,66.1141,22.4996],[-84.4516,66.1099,0.0],[-84.4505,66.1068,3.3082],[-84.4516,66.1047,0.0],[-84.4463,66.1026,24.9467],[-84.4537,66.1016,0.0],[-84.4484,66.0995,0.0],[-84.4443,66.0953,3.7007],[-84.4474,66.0932,23.0357],[-84.4463,66.0797,12.8608],[-84.4495,66.0787,0.0],[-84.4463,66.0734,23.0772],[-84.4521,66.0708,8.3967],[-84.4583,66.0729,0.0],[-84.4641,66.0703,0.0],[-84.4661,66.0672,0.0],[-84.4609,66.0661,7.4109],[-84.4557,66.0609,0.0],[-84.4479,66.0583,0.0],[-84.4396,66.0583,1.9351],[-84.4292,66.0542,0.0],[-84.4234,66.0537,0.0],[-84.4203,66.0505,0.0],[-84.4151,66.0495,0.0],[-84.4182,66.0463,0.0],[-84.4125,66.0458,9.8288],[-84.4109,66.0443,5.546],[-84.4203,66.0432,0.0],[-84.4172,66.038,7.5801],[-84.4229,66.0375,8.3333],[-84.4245,66.0359,1.2769],[-84.4193,66.0349,15.0676],[-84.4203,66.0318,0.0],[-84.4187,66.0313,2.1726],[-84.4062,66.0313,1.9652],[-84.3984,66.0286,1.1804],[-84.3964,66.0255,1.0153],[-84.3995,66.0193,0.0],[-84.3838,66.0182,0.0],[-84.3807,66.0151,0.0],[-84.3755,66.0141,0.0],[-84.3766,66.0109,0.0],[-84.375,66.0104,0.0],[-84.363,66.012,1.9432],[-84.3609,66.0089,0.0],[-84.3641,66.0078,1.3033],[-84.363,66.0047,8.2573],[-84.3688,66.0021,2.0718],[-84.3771,66.0021,5.2311],[-84.3828,65.9995,0.0],[-84.3812,65.9979,0.0],[-84.3729,65.9979,2.2703],[-84.3682,65.9943,1.7244],[-84.3547,65.9912,0.0],[-84.3526,65.987,0.0],[-84.3542,65.9854,0.0],[-84.3646,65.9854,0.0],[-84.3688,65.9875,0.0],[-84.3766,65.987,0.0],[-84.3688,65.9833,0.0],[-84.3646,65.9833,0.0],[-84.3542,65.9792,0.0],[-84.3354,65.9771,0.0],[-84.3245,65.9849,0.0],[-84.3109,65.9859,0.0],[-84.312,65.9891,0.0],[-84.3104,65.9896,6.233],[-84.2937,65.9896,0.0],[-84.2891,65.9859,0.0],[-84.2812,65.9833,5.4736],[-84.2604,65.9833,0.0],[-84.2588,65.9838,0.0],[-84.2599,65.987,0.0],[-84.2562,65.9875,0.0],[-84.2526,65.9849,1.3696],[-84.2557,65.9818,0.0],[-84.25,65.9771,0.0],[-84.2271,65.975,0.0],[-84.2229,65.9771,26.618],[-84.2167,65.975,0.0],[-84.2109,65.9776,0.0],[-84.212,65.9807,3.6981],[-84.2099,65.9828,0.0],[-84.1958,65.9833,2.4469],[-84.1943,65.9818,3.2808],[-84.1974,65.9807,3.5626],[-84.1958,65.9792,2.6324],[-84.1875,65.9792,0.0],[-84.1797,65.9766,0.0],[-84.175,65.9729,0.0],[-84.1625,65.9729,0.0],[-84.1547,65.9703,1.878],[-84.1557,65.9672,1.7264],[-84.1547,65.9651,2.0011],[-84.1578,65.963,1.569],[-84.1526,65.9568,0.0],[-84.1583,65.9542,9.7189],[-84.1703,65.9537,0.0],[-84.1672,65.9484,0.0],[-84.1703,65.9464,0.0],[-84.1661,65.9422,0.0],[-84.1609,65.9401,0.0],[-84.1661,65.937,0.0],[-84.1651,65.9339,14.4105],[-84.1713,65.9297,0.0],[-84.1786,65.9287,0.0],[-84.1766,65.9234,0.0],[-84.1693,65.9224,0.0],[-84.1641,65.9151,0.0],[-84.1589,65.9141,0.0],[-84.1557,65.9109,0.0],[-84.1458,65.9083,0.0],[-84.1125,65.9083,4.354],[-84.1047,65.9057,5.6342],[-84.1078,65.9036,0.0],[-84.1068,65.9005,0.0],[-84.1099,65.8995,0.0],[-84.112,65.8964,4.8786],[-84.1057,65.888,0.0],[-84.1005,65.888,0.0],[-84.1016,65.8912,1.5482],[-84.1,65.8917,1.2559],[-84.0943,65.887,2.8586],[-84.0974,65.8849,0.0],[-84.0964,65.8818,2.4675],[-84.1,65.8792,0.0],[-84.1036,65.8797,0.0],[-84.1083,65.8833,0.0],[-84.1099,65.8828,0.0],[-84.1088,65.8797,0.0],[-84.1104,65.8792,0.0],[-84.125,65.8792,0.0],[-84.1292,65.8771,0.0],[-84.1328,65.8786,0.0],[-84.1297,65.8797,0.0],[-84.1307,65.8828,0.0],[-84.1234,65.8839,0.0],[-84.1255,65.887,0.0],[-84.137,65.8849,0.0],[-84.1359,65.8797,0.0],[-84.1412,65.8766,0.0],[-84.1401,65.8734,0.0],[-84.1432,65.8714,0.0],[-84.1354,65.8708,0.0],[-84.1255,65.8734,0.0],[-84.1188,65.8771,0.0],[-84.1146,65.875,0.0],[-84.1083,65.8771,0.0],[-84.1068,65.8755,0.0],[-84.1224,65.8662,0.0],[-84.1193,65.8609,0.0],[-84.1245,65.8578,0.0],[-84.1229,65.8562,0.0],[-84.1151,65.8557,0.0],[-84.1161,65.8526,7.2965],[-84.1109,65.8505,1.1836],[-84.1182,65.8495,0.0],[-84.1286,65.8432,0.0],[-84.1276,65.8401,0.0],[-84.1391,65.8328,3.3284],[-84.1338,65.8307,17.3297],[-84.137,65.8276,0.0],[-84.113,65.8276,0.0],[-84.1109,65.8328,0.0],[-84.1141,65.8391,0.0],[-84.1062,65.8438,0.0],[-84.1016,65.8401,0.0],[-84.0896,65.8375,0.034],[-84.088,65.8359,0.0],[-84.0937,65.8333,0.0],[-84.1057,65.8349,0.0],[-84.1047,65.8318,0.0],[-84.1078,65.8297,0.0],[-84.1026,65.8276,0.0],[-84.1078,65.8245,0.0],[-84.1068,65.8214,0.0],[-84.1099,65.8193,0.0],[-84.1021,65.8187,0.0],[-84.0937,65.8229,0.0],[-84.0901,65.8203,1.8798],[-84.0932,65.8172,0.0],[-84.0891,65.813,0.0],[-84.0651,65.8078,6.7841],[-84.0661,65.8047,1.8848],[-84.0651,65.8026,2.229],[-84.0682,65.8016,0.0],[-84.0672,65.7984,2.4478],[-84.0745,65.7953,0.0],[-84.0713,65.7911,20.5682],[-84.0734,65.788,51.5973],[-84.0813,65.7875,49.9678],[-84.0875,65.7917,0.0],[-84.0911,65.7911,0.0],[-84.0901,65.788,8.3708],[-84.0917,65.7875,2.3013],[-84.0979,65.7896,0.0],[-84.0995,65.7891,0.0],[-84.0984,65.7859,0.0],[-84.1,65.7833,0.0],[-84.0995,65.7818,0.0],[-84.0922,65.7807,22.3209],[-84.0922,65.7776,25.4848],[-84.0943,65.7755,23.6265],[-84.1042,65.7729,11.2109],[-84.1104,65.775,4.516],[-84.1182,65.7745,5.6051],[-84.1167,65.7729,6.4955],[-84.1047,65.7703,15.019],[-84.1026,65.7672,15.8111],[-84.1083,65.7646,10.6077],[-84.1188,65.7688,4.4822],[-84.1312,65.7688,0.0],[-84.1328,65.7672,0.0],[-84.113,65.762,0.0],[-84.1099,65.7589,0.0],[-84.0984,65.7557,0.0],[-84.0953,65.7526,0.0],[-84.0875,65.75,0.0],[-84.0839,65.7505,0.0],[-84.0787,65.7578,0.0],[-84.0667,65.7604,0.0],[-84.063,65.7578,0.0],[-84.0589,65.7505,11.2545],[-84.075,65.75,0.0],[-84.0766,65.7495,0.0],[-84.0755,65.7464,0.0],[-84.0787,65.7443,0.0],[-84.0542,65.7438,8.849],[-84.05,65.7417,3.7643],[-84.0437,65.7438,5.5859],[-84.0318,65.7422,0.0],[-84.0276,65.7443,0.0],[-84.0286,65.7474,0.0],[-84.0266,65.7495,0.0],[-84.0234,65.7505,0.0],[-84.0266,65.7557,0.0],[-84.0208,65.7583,2.8768],[-84.0146,65.7583,2.8974],[-84.0109,65.7557,0.0],[-84.0141,65.7526,0.0],[-84.0026,65.7516,0.0],[-84.0005,65.7484,0.0],[-84.0036,65.7464,0.0],[-83.9984,65.7453,10.7372],[-84.0005,65.7422,13.0858],[-84.0062,65.7417,5.1734],[-84.0078,65.7401,1.1211],[-83.9938,65.7354,0.0],[-83.9854,65.7354,0.0],[-83.9818,65.7328,0.0],[-83.9854,65.7312,0.0],[-83.9911,65.7328,0.0],[-83.9891,65.7276,0.0],[-83.9854,65.7271,0.0],[-83.9812,65.7292,0.0],[-83.9771,65.7271,1.2637],[-83.9583,65.7271,0.0],[-83.9479,65.7229,0.0],[-83.9437,65.7271,1.1451],[-83.9396,65.725,0.0],[-83.9333,65.725,0.0],[-83.9292,65.7271,1.3108],[-83.9245,65.7234,0.0],[-83.9193,65.7224,0.0],[-83.912,65.7151,0.0],[-83.9042,65.7146,0.0],[-83.9026,65.7161,0.0],[-83.9078,65.7172,0.0],[-83.9057,65.7203,0.0],[-83.9026,65.7214,0.0],[-83.9047,65.7245,0.0],[-83.9286,65.7297,3.9588],[-83.9266,65.7328,0.0],[-83.9151,65.737,0.0],[-83.9229,65.7396,0.4114],[-83.9313,65.7396,2.6397],[-83.9391,65.7422,1.4264],[-83.9411,65.7453,0.0],[-83.9307,65.7516,0.0],[-83.9234,65.7526,0.0],[-83.9167,65.7562,0.0],[-83.9062,65.7562,1.4142],[-83.9021,65.7542,0.0],[-83.8901,65.7547,0.0],[-83.8859,65.7568,0.0],[-83.8891,65.762,3.0165],[-83.8859,65.7641,2.2818],[-83.888,65.7662,2.8013],[-83.8932,65.7672,2.5026],[-83.8953,65.7703,2.2251],[-83.8896,65.7729,2.2636],[-83.8812,65.7729,2.1774],[-83.8771,65.775,8.6687],[-83.8729,65.7729,2.5226],[-83.863,65.7724,1.8406],[-83.8609,65.7693,6.3677],[-83.8724,65.7651,3.438],[-83.8682,65.7609,0.0],[-83.8604,65.7583,0.0],[-83.8568,65.7589,0.0],[-83.8578,65.762,0.0],[-83.8526,65.7651,0.0],[-83.8536,65.7682,0.0],[-83.8505,65.7693,0.0],[-83.8516,65.7724,0.0],[-83.8396,65.7708,0.0],[-83.8354,65.7729,5.3999],[-83.825,65.7729,0.0],[-83.8146,65.7792,2.7349],[-83.8083,65.7771,0.0],[-83.7979,65.7833,0.0],[-83.7875,65.7854,3.5006],[-83.7833,65.7833,0.0],[-83.7776,65.7859,1.0655],[-83.7849,65.7901,6.0878],[-83.7797,65.7953,4.5822],[-83.7896,65.7958,6.2061],[-83.7932,65.7995,6.2261],[-83.7875,65.8021,5.1771],[-83.7708,65.8021,6.6125],[-83.7667,65.8,4.1969],[-83.7568,65.7995,5.3823],[-83.7547,65.7943,7.6667],[-83.7599,65.7911,3.5294],[-83.7588,65.788,3.8132],[-83.762,65.7859,1.9593],[-83.7583,65.7854,4.4297],[-83.7542,65.7875,5.5835],[-83.7505,65.7839,6.9736],[-83.7667,65.7833,1.7217],[-83.7797,65.7755,4.2703],[-83.7854,65.775,0.0],[-83.7911,65.7724,0.0],[-83.7901,65.7693,1.9237],[-83.7995,65.7641,0.0],[-83.7984,65.7609,1.5189],[-83.8016,65.7599,0.0],[-83.7984,65.7557,7.7424],[-83.8016,65.7536,0.0],[-83.8005,65.7505,2.1999],[-83.812,65.7495,2.6734],[-83.8109,65.7464,9.1022],[-83.8182,65.7432,3.0583],[-83.8141,65.738,1.9312],[-83.8089,65.737,1.3751],[-83.8042,65.7333,0.0],[-83.7943,65.7359,0.0],[-83.7932,65.7391,0.0],[-83.788,65.7432,0.0],[-83.7979,65.7438,5.2647],[-83.8016,65.7474,0.0],[-83.7917,65.75,0.0],[-83.7792,65.75,0.0],[-83.775,65.7479,0.0],[-83.7542,65.7479,0.0],[-83.75,65.75,0.0],[-83.7458,65.7479,0.0],[-83.7396,65.75,3.6519],[-83.7354,65.7479,0.0],[-83.7292,65.7479,0.0],[-83.725,65.75,0.0],[-83.7187,65.7479,0.0],[-83.7042,65.7479,0.0],[-83.7,65.75,0.0],[-83.6875,65.75,0.0],[-83.6833,65.7479,0.0],[-83.6792,65.7479,0.0],[-83.675,65.75,0.0],[-83.6672,65.7495,1.9365],[-83.6682,65.7464,0.0],[-83.6672,65.7443,0.0],[-83.6729,65.7417,0.0],[-83.6891,65.7412,0.0],[-83.688,65.738,0.0],[-83.7,65.7312,5.403],[-83.7063,65.7312,2.9319],[-83.7104,65.7333,0.0],[-83.7146,65.7312,4.2737],[-83.7458,65.7312,0.0],[-83.7474,65.7307,0.0],[-83.7464,65.7276,0.0],[-83.7536,65.7266,0.0],[-83.7505,65.7214,3.0118],[-83.7646,65.7229,0.0],[-83.7745,65.7203,0.0],[-83.7734,65.7172,2.1478],[-83.7755,65.713,0.0],[-83.7828,65.712,0.0],[-83.7818,65.7089,0.0],[-83.7891,65.7078,0.0],[-83.7859,65.7037,0.0],[-83.7891,65.7016,0.0],[-83.788,65.6984,0.0],[-83.7937,65.6958,0.0],[-83.7995,65.6953,0.0],[-83.7943,65.6922,0.0],[-83.7963,65.6901,0.0],[-83.8036,65.6891,0.0],[-83.8026,65.6859,0.0],[-83.8099,65.6828,0.0],[-83.8089,65.6797,3.3512],[-83.8104,65.6792,6.3251],[-83.8172,65.6849,0.0],[-83.8271,65.6854,0.0],[-83.8349,65.688,0.0],[-83.8422,65.6974,0.0],[-83.85,65.7,0.0],[-83.8724,65.6984,1.379],[-83.8714,65.7016,0.0],[-83.8724,65.7037,0.0],[-83.8693,65.7047,0.0],[-83.8708,65.7063,0.0],[-83.8896,65.7083,0.0],[-83.8943,65.7047,0.0],[-83.8979,65.7042,0.0],[-83.9021,65.7063,0.0],[-83.9062,65.7063,0.0],[-83.9078,65.7047,0.0],[-83.8875,65.6979,0.0],[-83.8776,65.6974,0.4215],[-83.8745,65.6943,7.4168],[-83.8693,65.6932,5.6366],[-83.8672,65.6901,7.3431],[-83.8745,65.6891,8.495],[-83.8833,65.6833,53.1911],[-83.8912,65.6828,55.7805],[-83.9,65.6771,68.166],[-83.9167,65.6792,15.506],[-83.9208,65.6813,5.4127],[-83.9245,65.6807,2.2114],[-83.9234,65.6776,1.9873],[-83.9245,65.6734,0.0],[-83.9151,65.6745,28.3976],[-83.9161,65.6693,0.0],[-83.9083,65.6687,1.3198],[-83.9021,65.6708,36.5084],[-83.8995,65.6672,5.9329],[-83.8833,65.6646,17.6735],[-83.8745,65.6703,27.7599],[-83.8672,65.6713,25.1688],[-83.8625,65.675,47.9705],[-83.8479,65.6708,0.0],[-83.8464,65.6724,0.0],[-83.8495,65.6766,0.0],[-83.838,65.6807,0.0],[-83.8464,65.6849,0.0],[-83.8536,65.6859,3.5851],[-83.8557,65.688,4.2465],[-83.8521,65.6896,2.5067],[-83.8354,65.6833,0.0],[-83.8271,65.6833,0.0],[-83.8193,65.6807,0.0],[-83.8161,65.6776,0.0],[-83.8026,65.6745,14.0428],[-83.8109,65.6693,48.9029],[-83.8182,65.6682,19.8886],[-83.8349,65.6578,0.0],[-83.8266,65.6526,11.9945],[-83.8213,65.6516,18.5201],[-83.8287,65.6484,0.0],[-83.8229,65.6479,2.0642],[-83.8125,65.6438,1.9631],[-83.8047,65.6443,8.4015],[-83.8099,65.6474,9.721],[-83.8036,65.6516,2.878],[-83.7963,65.6526,1.1432],[-83.7891,65.6578,8.8374],[-83.7818,65.6589,0.0],[-83.7714,65.6651,0.0],[-83.7792,65.6687,15.2432],[-83.7849,65.6693,10.6638],[-83.7833,65.6708,5.8871],[-83.7562,65.6708,12.153],[-83.7516,65.6672,0.0],[-83.7438,65.6646,0.0],[-83.7338,65.6641,0.0],[-83.7292,65.6583,0.0],[-83.7151,65.6599,0.0],[-83.7141,65.6568,0.0],[-83.7068,65.6557,19.0888],[-83.7099,65.6536,5.153],[-83.7078,65.6505,19.0736],[-83.6937,65.6458,14.9123],[-83.6854,65.6458,29.2153],[-83.6792,65.6417,0.0],[-83.6687,65.6417,1.223],[-83.6646,65.6438,38.0434],[-83.6599,65.6401,0.0],[-83.6521,65.6375,0.0],[-83.6458,65.6396,0.0],[-83.6312,65.6396,0.0],[-83.6088,65.6464,0.0],[-83.6109,65.6495,0.0],[-83.6182,65.6505,2.0649],[-83.6214,65.6557,0.0],[-83.6354,65.6563,8.3528],[-83.6401,65.6599,9.8259],[-83.6479,65.6625,0.0],[-83.6578,65.663,4.5227],[-83.662,65.6693,0.0],[-83.6604,65.6708,0.0],[-83.6521,65.6708,0.0],[-83.6458,65.6729,0.0],[-83.6443,65.6713,0.0],[-83.6474,65.6693,0.0],[-83.6396,65.6687,0.0],[-83.6354,65.6708,0.0],[-83.6208,65.6625,0.0],[-83.6083,65.6625,6.3262],[-83.6068,65.662,4.0823],[-83.6078,65.6589,0.0],[-83.6062,65.6583,0.0],[-83.6005,65.6599,0.7351],[-83.5974,65.6568,0.0],[-83.5922,65.6557,3.8752],[-83.5932,65.6526,0.0],[-83.5854,65.6521,1.3721],[-83.5813,65.65,0.0],[-83.5729,65.65,0.0],[-83.5625,65.6458,0.0],[-83.5458,65.6458,4.9808],[-83.5443,65.6474,3.4501],[-83.5474,65.6516,0.0],[-83.5396,65.6521,0.0],[-83.5349,65.6484,0.0],[-83.5214,65.6453,0.0],[-83.5203,65.6422,0.0],[-83.5146,65.6417,0.0],[-83.5042,65.6375,0.0],[-83.4979,65.6396,11.8834],[-83.4938,65.6375,0.0],[-83.4875,65.6375,0.0],[-83.4812,65.6354,0.0],[-83.475,65.6396,0.0],[-83.4672,65.638,0.0],[-83.4516,65.6474,0.0],[-83.4437,65.6479,0.0],[-83.4411,65.6443,0.0],[-83.4234,65.6412,0.0],[-83.4245,65.638,0.0],[-83.4151,65.637,0.0],[-83.412,65.6339,0.0],[-83.4068,65.6328,0.0],[-83.4021,65.6292,0.0],[-83.3979,65.6312,6.341],[-83.3917,65.6312,10.0729],[-83.3854,65.6292,0.0],[-83.3792,65.6333,8.8838],[-83.3588,65.6307,0.0],[-83.362,65.6286,2.102],[-83.3609,65.6255,8.6158],[-83.3625,65.625,10.5092],[-83.3667,65.6271,1.9389],[-83.3745,65.6266,0.4817],[-83.3745,65.6234,12.452],[-83.3672,65.6224,10.2425],[-83.3703,65.6193,3.6456],[-83.3667,65.6167,3.0818],[-83.35,65.6167,0.0],[-83.3458,65.6146,0.0],[-83.3396,65.6146,0.0],[-83.3333,65.6167,8.2471],[-83.3292,65.6146,0.0],[-83.3146,65.6146,0.0],[-83.313,65.6151,0.0],[-83.3141,65.6203,0.0],[-83.3104,65.6229,0.0],[-83.3042,65.6208,0.0],[-83.2979,65.6208,1.6285],[-83.2854,65.625,0.0],[-83.2667,65.625,0.0],[-83.2609,65.6286,0.0],[-83.2651,65.6328,0.0],[-83.2766,65.6359,0.0],[-83.275,65.6396,0.0],[-83.2771,65.6417,0.0],[-83.2833,65.6417,0.0],[-83.2875,65.6396,0.0],[-83.2979,65.6396,0.0],[-83.3042,65.6354,23.2331],[-83.3078,65.6359,28.3043],[-83.3047,65.638,6.3848],[-83.3063,65.6396,0.0],[-83.3208,65.6354,6.3252],[-83.325,65.6375,2.6763],[-83.3313,65.6354,11.885],[-83.3354,65.6375,0.0],[-83.3495,65.638,3.3586],[-83.3479,65.6396,2.0078],[-83.3318,65.6401,0.0],[-83.3391,65.6443,0.0],[-83.3339,65.6495,1.1388],[-83.3391,65.6505,0.0],[-83.3411,65.6536,0.0],[-83.3375,65.6542,0.0],[-83.3193,65.6495,0.0],[-83.3172,65.6474,0.0],[-83.3182,65.6443,1.6156],[-83.3104,65.6438,7.5794],[-83.3063,65.6417,0.0],[-83.3,65.6417,0.0],[-83.2958,65.6438,5.4331],[-83.2896,65.6417,0.0],[-83.2854,65.6438,6.4159],[-83.2771,65.6438,0.0],[-83.2688,65.6479,0.0],[-83.2583,65.6479,0.0],[-83.2521,65.6458,0.0],[-83.2479,65.6479,2.9812],[-83.2417,65.6479,3.6097],[-83.2375,65.6458,0.0],[-83.2333,65.6458,0.0],[-83.2208,65.65,2.6403],[-83.2146,65.65,0.0],[-83.2109,65.6536,0.0],[-83.2161,65.6547,0.0],[-83.2255,65.6661,3.5423],[-83.2333,65.6687,9.5764],[-83.2432,65.6693,23.1196],[-83.2276,65.6797,0.0],[-83.2276,65.6828,0.0],[-83.2307,65.687,0.0],[-83.2276,65.6891,0.0],[-83.2338,65.6953,8.0705],[-83.2417,65.6979,7.8775],[-83.25,65.6979,3.7669],[-83.2516,65.6995,5.7162],[-83.2458,65.7021,23.853],[-83.2396,65.7021,31.3159],[-83.2354,65.7,32.8455],[-83.2187,65.7,22.2658],[-83.2172,65.7005,24.4909],[-83.2182,65.7037,36.777],[-83.2151,65.7047,40.4305],[-83.2161,65.7078,53.2003],[-83.2146,65.7083,54.0163],[-83.1922,65.7078,16.4984],[-83.1896,65.7042,10.563],[-83.1911,65.7005,0.0],[-83.1896,65.7,0.0],[-83.1755,65.7047,0.0],[-83.1771,65.7063,2.7099],[-83.187,65.7068,11.8251],[-83.1839,65.7089,12.3125],[-83.1859,65.712,16.3707],[-83.2,65.7167,0.0],[-83.2125,65.7167,2.1382],[-83.2167,65.7188,0.0],[-83.2375,65.7208,35.3297],[-83.2417,65.7229,15.2974],[-83.2458,65.7208,57.9256],[-83.25,65.7229,12.9339],[-83.2562,65.7229,27.7988],[-83.2625,65.7208,38.5278],[-83.2667,65.7229,13.8059],[-83.2682,65.7224,10.6055],[-83.2672,65.7193,71.0346],[-83.275,65.7188,64.4911],[-83.2797,65.7224,0.0],[-83.2859,65.7245,0.0],[-83.2958,65.725,14.296],[-83.3,65.7271,0.0],[-83.3042,65.725,7.5297],[-83.3146,65.725,69.7132],[-83.3187,65.7229,132.9453],[-83.3229,65.725,88.4712],[-83.3292,65.725,58.3418],[-83.3333,65.7229,110.7091],[-83.3396,65.725,57.1972],[-83.35,65.725,0.0],[-83.3542,65.7229,72.4679],[-83.3646,65.7229,16.5706],[-83.3708,65.725,0.0],[-83.3771,65.7208,95.9387],[-83.3938,65.7229,0.0],[-83.3979,65.7208,49.7219],[-83.4083,65.7208,91.4256],[-83.4125,65.7229,32.7369],[-83.425,65.7229,68.7788],[-83.4292,65.725,0.0],[-83.4604,65.7271,0.0],[-83.475,65.7312,0.0],[-83.4812,65.7292,0.0],[-83.4854,65.7312,0.0],[-83.4938,65.7312,0.0],[-83.5016,65.7338,0.0],[-83.5083,65.7396,0.0],[-83.5146,65.7396,5.2745],[-83.5208,65.7417,0.0],[-83.525,65.7396,2.7102],[-83.5312,65.7438,0.0],[-83.55,65.7458,21.8092],[-83.5568,65.7516,0.0],[-83.5646,65.7542,0.0],[-83.575,65.75,12.1839],[-83.5896,65.7542,2.2249],[-83.5979,65.7542,1.0096],[-83.612,65.7589,0.0],[-83.6151,65.762,8.614],[-83.6224,65.763,49.681],[-83.6234,65.7662,21.9826],[-83.6307,65.7672,9.7401],[-83.6318,65.7703,0.0],[-83.6479,65.7708,0.0],[-83.6557,65.7734,5.6444],[-83.6589,65.7766,3.3747],[-83.6641,65.7776,14.468],[-83.6687,65.7813,0.0],[-83.6771,65.7771,13.8643],[-83.6995,65.7839,0.0],[-83.7042,65.7875,0.0],[-83.7104,65.7854,0.0],[-83.712,65.787,0.0],[-83.7089,65.7891,0.0],[-83.712,65.7932,6.3078],[-83.7005,65.7974,0.0],[-83.7057,65.7984,8.2537],[-83.7125,65.8042,0.0],[-83.7312,65.8063,9.0013],[-83.7354,65.8083,3.2342],[-83.7417,65.8063,0.0],[-83.7542,65.8063,0.0],[-83.7583,65.8042,1.6701],[-83.7646,65.8042,2.1316],[-83.7688,65.8063,0.0],[-83.775,65.8042,1.4368],[-83.7828,65.8047,1.9586],[-83.7828,65.8078,1.1746],[-83.7807,65.8099,1.7705],[-83.7714,65.8151,0.0],[-83.7724,65.8182,4.0497],[-83.7667,65.8208,2.8663],[-83.7625,65.8187,0.0],[-83.7588,65.8193,0.0],[-83.7599,65.8224,0.0],[-83.7536,65.8266,0.0],[-83.7479,65.8292,0.0],[-83.7422,65.8297,0.0],[-83.7375,65.8333,3.8937],[-83.7312,65.8313,0.0],[-83.7271,65.8333,2.8952],[-83.7208,65.8333,1.8458],[-83.7146,65.8313,2.859],[-83.7083,65.8354,0.0],[-83.6979,65.8354,0.0],[-83.6797,65.8401,0.0],[-83.6708,65.8458,0.0],[-83.6568,65.8443,0.0],[-83.6609,65.8495,0.0],[-83.6661,65.8505,4.6672],[-83.6734,65.8578,11.0428],[-83.6813,65.8583,26.1003],[-83.6828,65.8599,23.1881],[-83.6755,65.8609,15.0818],[-83.6766,65.8641,8.9753],[-83.6583,65.8667,0.0],[-83.6557,65.8703,0.0],[-83.6484,65.8714,0.0],[-83.65,65.8729,0.0],[-83.662,65.8755,1.1105],[-83.6516,65.8828,0.0],[-83.6422,65.8828,0.0],[-83.6391,65.8797,0.0],[-83.6276,65.8766,51.8485],[-83.6224,65.8714,0.0],[-83.6125,65.8688,0.0],[-83.6078,65.8724,32.4897],[-83.5937,65.875,0.0],[-83.5745,65.8828,6.6106],[-83.5672,65.8839,0.0],[-83.5651,65.887,0.0],[-83.5703,65.888,51.5422],[-83.5734,65.8912,15.9068],[-83.5813,65.8938,69.2315],[-83.5937,65.8896,92.9578],[-83.6,65.8896,124.7273],[-83.6047,65.8932,91.5681],[-83.6099,65.8943,120.7384],[-83.613,65.8974,99.7911],[-83.6182,65.8984,40.516],[-83.6214,65.9016,0.0],[-83.6312,65.9042,0.0],[-83.6438,65.9,0.0],[-83.6516,65.9005,0.0],[-83.6547,65.9036,49.2857],[-83.6599,65.9047,68.4287],[-83.662,65.9068,55.7451],[-83.6589,65.9099,30.7992],[-83.663,65.9141,0.0],[-83.6682,65.9151,24.8663],[-83.6703,65.9172,27.825],[-83.6651,65.9224,8.6961],[-83.6766,65.9255,38.33],[-83.6807,65.9297,48.502],[-83.6776,65.9318,37.7422],[-83.6797,65.9349,0.3919],[-83.7037,65.9401,12.5024],[-83.7089,65.9453,0.0],[-83.7167,65.9479,27.1842],[-83.725,65.9479,57.9517],[-83.7328,65.9505,42.3306],[-83.7318,65.9537,12.188],[-83.737,65.9547,50.6034],[-83.7417,65.9583,25.2267],[-83.7458,65.9563,148.4019],[-83.7521,65.9563,181.2241],[-83.7568,65.9599,34.4437],[-83.762,65.9609,36.1842],[-83.7651,65.9641,7.159],[-83.775,65.9646,39.565],[-83.7792,65.9667,0.0],[-83.7854,65.9667,0.0],[-83.7896,65.9646,42.7075],[-83.7943,65.9682,20.697],[-83.8021,65.9708,61.3458],[-83.8104,65.9708,45.5797],[-83.8182,65.9734,14.1812],[-83.8172,65.9766,0.0],[-83.8313,65.9812,1.4341],[-83.8521,65.9833,2.6766],[-83.8547,65.987,0.0],[-83.862,65.988,19.0485],[-83.8651,65.9912,5.6116],[-83.8703,65.9922,26.029],[-83.8734,65.9974,0.0],[-83.8958,66.0,49.1247],[-83.9062,66.0042,40.0288],[-83.912,66.0047,30.7185],[-83.913,66.0078,0.0],[-83.9328,66.013,42.2563],[-83.938,66.0182,0.0],[-83.9495,66.0214,0.0],[-83.9526,66.0245,0.0],[-83.9661,66.0276,75.8976],[-83.9776,66.0349,0.0],[-83.9891,66.0359,0.0],[-83.9833,66.0396,0.0],[-83.9714,66.038,0.0],[-83.9714,66.0411,5.157],[-83.9745,66.0453,0.0],[-83.9693,66.0484,0.0],[-83.9745,66.0516,2.6092],[-83.9714,66.0568,1.4375],[-83.9724,66.0599,0.0],[-83.9693,66.062,0.0],[-83.9745,66.063,13.6268],[-83.9797,66.0682,5.2077],[-83.9875,66.0708,0.0],[-84.0062,66.0729,15.4392],[-84.0104,66.0708,12.27],[-84.0167,66.0729,2.193],[-84.0245,66.0682,0.0],[-84.0172,66.0641,9.4847],[-84.0203,66.062,8.3186],[-84.0193,66.0589,12.5734],[-84.0214,66.0568,18.1766],[-84.0312,66.0521,5.8351],[-84.0354,66.0542,4.4268],[-84.0437,66.0542,0.0],[-84.0542,66.0583,0.0],[-84.0641,66.0589,0.0],[-84.0693,66.0641,0.0],[-84.0745,66.0651,0.0],[-84.0713,66.0682,0.0],[-84.0734,66.0703,0.0],[-84.0787,66.0714,23.7453],[-84.0776,66.0745,0.0],[-84.0828,66.0755,9.3338],[-84.0896,66.0813,0.0],[-84.1229,66.0813,4.6527],[-84.1271,66.0833,0.0],[-84.1286,66.0828,0.0],[-84.1276,66.0776,29.0971],[-84.1292,66.0771,27.1459],[-84.1354,66.0813,0.0],[-84.1521,66.0792,0.0],[-84.1536,66.0807,0.0],[-84.1505,66.0828,0.0],[-84.1562,66.0833,0.0],[-84.1813,66.0917,0.0],[-84.1891,66.0922,0.0],[-84.188,66.0953,0.0],[-84.1958,66.0979,0.0],[-84.2,66.0958,0.0],[-84.2063,66.0958,8.1841],[-84.2125,66.1,17.8687],[-84.2271,66.1,24.8445],[-84.2417,66.1042,0.0],[-84.2479,66.1021,0.0],[-84.2542,66.1021,0.0],[-84.258,66.1052,0.0],[-84.2568,66.1099,0.0],[-84.2667,66.1104,0.0],[-84.2771,66.1146,0.0],[-84.2854,66.1146,0.0],[-84.2896,66.1167,0.0],[-84.2911,66.1162,0.0],[-84.2901,66.113,0.0],[-84.2979,66.1125,0.0],[-84.2995,66.1141,0.0],[-84.2943,66.1182,0.0],[-84.2984,66.1224,0.0],[-84.3036,66.1234,0.0],[-84.3068,66.1266,0.0],[-84.3146,66.1292,0.0],[-84.3187,66.1292,0.0],[-84.3229,66.1312,0.0],[-84.3287,66.1286,0.0],[-84.3276,66.1255,2.7148],[-84.3292,66.125,15.5747],[-84.3391,66.1276,35.5611],[-84.3401,66.1307,0.0],[-84.3437,66.1333,0.0],[-84.3583,66.1333,80.4653],[-84.3625,66.1354,55.4076],[-84.3688,66.1354,114.4444],[-84.3703,66.1359,91.0536],[-84.3693,66.1391,0.0],[-84.3708,66.1396,0.0],[-84.375,66.1375,76.197],[-84.3786,66.138,55.0196]]],
[[[-84.175,65.9437,0.0],[-84.1792,65.9417,0.0],[-84.1854,65.9417,0.0],[-84.1974,65.9453,0.0],[-84.1995,65.9401,0.0],[-84.1943,65.9391,0.0],[-84.1974,65.937,0.0],[-84.1963,65.9297,0.0],[-84.2083,65.9229,0.0],[-84.2182,65.9255,0.0],[-84.2151,65.9287,0.0],[-84.2187,65.9313,0.0],[-84.225,65.9313,0.0],[-84.2333,65.9271,0.0],[-84.2375,65.9292,0.0],[-84.2438,65.9292,0.0],[-84.2453,65.9276,0.0],[-84.2401,65.9266,0.0],[-84.238,65.9245,0.0],[-84.2411,65.9213,0.0],[-84.2338,65.9203,0.0],[-84.237,65.9182,0.0],[-84.2349,65.9151,0.0],[-84.2271,65.9125,0.0],[-84.2208,65.9125,0.0],[-84.2193,65.9141,0.0],[-84.2224,65.9172,0.0],[-84.2208,65.9187,0.0],[-84.2042,65.9167,0.0],[-84.1984,65.9193,0.0],[-84.1995,65.9224,0.0],[-84.1901,65.9276,0.0],[-84.1911,65.9307,0.0],[-84.1859,65.9339,0.0],[-84.1911,65.937,0.0],[-84.1854,65.9396,0.0],[-84.1734,65.938,0.0],[-84.1745,65.9411,0.0],[-84.1713,65.9432,0.0],[-84.175,65.9437,0.0]]],
[[[-84.2063,65.9563,0.0],[-84.2104,65.9583,0.0],[-84.225,65.9583,0.0],[-84.2307,65.9599,0.0],[-84.2245,65.9505,0.0],[-84.2172,65.9495,0.0],[-84.2146,65.9458,0.0],[-84.2109,65.9464,0.0],[-84.2063,65.95,0.0],[-84.2,65.9479,0.0],[-84.1917,65.9479,0.0],[-84.1875,65.9458,0.0],[-84.1813,65.9458,0.0],[-84.1776,65.9484,0.0],[-84.1792,65.95,0.0],[-84.1875,65.95,0.0],[-84.1953,65.9526,0.0],[-84.2,65.9563,0.0],[-84.2063,65.9563,0.0]]],
[[[-84.2229,65.9646,0.0],[-84.2151,65.963,0.0],[-84.2172,65.9661,0.0],[-84.225,65.9688,0.0],[-84.2286,65.9682,0.0],[-84.2266,65.9651,0.0],[-84.2229,65.9646,0.0]]],
[[[-83.9005,66.0286,0.0],[-83.9036,66.0286,0.0],[-83.9036,66.0276,0.0],[-83.9005,66.0276,0.0],[-83.9005,66.0286,0.0]]],
[[[-83.6078,65.9964,0.0],[-83.6167,66.0,0.0],[-83.625,66.0,0.0],[-83.6292,66.0021,0.0],[-83.6438,66.0021,0.0],[-83.6458,66.0,0.0],[-83.6443,65.9964,0.0],[-83.6464,65.9922,0.0],[-83.6562,65.9917,0.0],[-83.6578,65.9901,0.0],[-83.6542,65.9875,0.0],[-83.6083,65.9875,0.0],[-83.6068,65.988,0.0],[-83.6078,65.9912,0.0],[-83.6021,65.9938,0.0],[-83.5964,65.9943,0.0],[-83.5979,65.9958,0.0],[-83.6078,65.9964,0.0]]],
[[[-83.5042,66.0167,0.0],[-83.5083,66.0167,2.3529],[-83.5125,66.0146,24.9655],[-83.525,66.0188,16.2797],[-83.5349,66.0162,37.3939],[-83.5437,66.0104,26.6719],[-83.5516,66.012,0.0],[-83.5536,66.0068,0.9827],[-83.5505,66.0005,31.6246],[-83.5557,65.9974,7.0609],[-83.5547,65.9943,40.2559],[-83.5625,65.9938,10.6359],[-83.5687,65.9958,0.0],[-83.5703,65.9943,0.0],[-83.5661,65.9901,15.745],[-83.5526,65.987,72.6597],[-83.5516,65.9838,67.5602],[-83.5479,65.9812,0.0],[-83.5443,65.9818,13.9132],[-83.5453,65.9849,49.4983],[-83.5437,65.9854,49.4983],[-83.5312,65.9812,0.0],[-83.5214,65.9838,0.0],[-83.5224,65.987,7.2764],[-83.5193,65.9891,6.5698],[-83.5224,65.9932,7.579],[-83.5167,65.9958,13.7735],[-83.513,65.9932,6.1412],[-83.5141,65.988,0.0],[-83.5088,65.988,0.0],[-83.5047,65.9912,0.0],[-83.5099,65.9974,10.6156],[-83.5026,65.9984,0.0],[-83.4938,66.0042,0.7764],[-83.4859,66.0047,0.0],[-83.4891,66.0099,6.0146],[-83.4838,66.013,0.0],[-83.4854,66.0146,0.0],[-83.4917,66.0146,2.6071],[-83.4958,66.0167,0.0],[-83.5042,66.0167,0.0]]],
[[[-83.6932,66.0328,0.0],[-83.6901,66.0349,0.0],[-83.7057,66.0359,0.0],[-83.7042,66.0375,0.0],[-83.6984,66.038,0.0],[-83.7021,66.0417,0.0],[-83.7099,66.0411,0.0],[-83.7089,66.038,0.0],[-83.712,66.037,0.0],[-83.7063,66.0313,0.0],[-83.6958,66.0313,0.0],[-83.6932,66.0328,0.0]]],
[[[-83.7,66.0583,0.0],[-83.7063,66.0583,0.0],[-83.7078,66.0568,0.0],[-83.7021,66.0521,0.0],[-83.7005,66.0526,0.0],[-83.7016,66.0557,0.0],[-83.6984,66.0568,0.0],[-83.7,66.0583,0.0]]],
[[[-84.6062,65.8292,0.0],[-84.613,65.837,0.7242],[-84.6208,65.8396,15.0055],[-84.6271,65.8396,33.1411],[-84.6328,65.837,73.0812],[-84.6349,65.8349,67.0703],[-84.6338,65.8318,80.1468],[-84.6432,65.8266,0.0],[-84.638,65.8245,16.5738],[-84.6338,65.8203,44.4526],[-84.6391,65.8151,0.0],[-84.6338,65.8141,18.7534],[-84.6297,65.8099,48.7711],[-84.6297,65.8068,51.3288],[-84.6349,65.8026,0.0],[-84.625,65.8,0.0],[-84.613,65.8005,1.1933],[-84.6099,65.8057,22.5245],[-84.6047,65.8099,0.0],[-84.6099,65.8109,31.2956],[-84.613,65.8141,3.3324],[-84.6203,65.8151,10.7935],[-84.6208,65.8167,6.967],[-84.6182,65.8203,0.0],[-84.6141,65.8224,12.513],[-84.6068,65.8234,0.0],[-84.6078,65.8266,9.9047],[-84.6062,65.8292,0.0]]],
[[[-84.212,65.9057,0.0],[-84.2047,65.9089,0.0],[-84.2026,65.912,0.0],[-84.2104,65.9146,0.0],[-84.213,65.9109,0.0],[-84.2203,65.9099,0.0],[-84.225,65.9063,0.0],[-84.2286,65.9068,0.0],[-84.2333,65.9104,0.0],[-84.2432,65.9078,0.0],[-84.2417,65.9063,0.0],[-84.2333,65.9063,0.0],[-84.2292,65.9042,0.0],[-84.2146,65.9042,0.0],[-84.212,65.9057,0.0]]],
[[[-84.2708,65.9125,0.0],[-84.2724,65.9109,0.0],[-84.2625,65.9083,0.0],[-84.2547,65.9141,0.0],[-84.2667,65.9146,0.0],[-84.2708,65.9125,0.0]]],
[[[-84.2464,65.9401,0.0],[-84.2484,65.9432,0.0],[-84.2536,65.9453,4.1031],[-84.2516,65.9474,0.0],[-84.2443,65.9484,0.0],[-84.2359,65.9526,0.0],[-84.238,65.9557,0.0],[-84.2432,65.9557,1.6332],[-84.2422,65.9526,12.0999],[-84.2562,65.9479,9.1285],[-84.2604,65.95,13.8735],[-84.2682,65.9495,0.0],[-84.2672,65.9464,4.8445],[-84.2703,65.9453,0.0],[-84.2729,65.9417,0.0],[-84.2688,65.9375,0.6858],[-84.2609,65.9391,17.9067],[-84.2542,65.9333,0.0],[-84.2495,65.9391,2.8939],[-84.2464,65.9401,0.0]]],
[[[-84.6729,65.8458,17.7255],[-84.6713,65.8453,33.2911],[-84.6724,65.8422,0.0],[-84.6708,65.8417,0.0],[-84.6651,65.8443,0.0],[-84.663,65.8474,18.5211],[-84.6667,65.85,0.0],[-84.6766,65.8474,0.0],[-84.6729,65.8458,17.7255]]],
[[[-84.7271,65.8938,0.0],[-84.7234,65.8953,0.0],[-84.7271,65.8979,25.5705],[-84.7292,65.8958,0.0],[-84.7271,65.8938,0.0]]],
[[[-84.7359,65.9161,5.0002],[-84.7562,65.9167,57.6597],[-84.7604,65.9187,18.599],[-84.7667,65.9187,11.9464],[-84.7682,65.9172,29.779],[-84.7651,65.913,18.459],[-84.7682,65.9109,0.0],[-84.7662,65.9089,25.9105],[-84.7609,65.9078,70.2194],[-84.762,65.9047,0.0],[-84.7599,65.9026,26.0079],[-84.7479,65.9021,9.2394],[-84.7422,65.9047,0.0],[-84.7438,65.9063,0.0],[-84.7495,65.9068,30.4108],[-84.7453,65.9099,3.0291],[-84.7375,65.9104,0.0],[-84.7333,65.9083,0.0],[-84.7276,65.9109,22.9149],[-84.7292,65.9125,10.3928],[-84.7391,65.913,59.6083],[-84.7359,65.9161,5.0002]]],
[[[-84.7417,65.9375,10.7524],[-84.7542,65.9375,105.2874],[-84.762,65.9401,121.0128],[-84.7588,65.9432,0.4702],[-84.7625,65.9458,17.9964],[-84.7854,65.9458,3.5607],[-84.787,65.9453,5.3515],[-84.7859,65.9422,19.8821],[-84.7911,65.9391,0.0],[-84.7828,65.9297,0.0],[-84.775,65.9292,9.3524],[-84.7708,65.9271,0.0],[-84.7625,65.9271,45.7837],[-84.7583,65.925,0.0],[-84.75,65.925,23.8375],[-84.7458,65.9229,0.0],[-84.7359,65.9255,0.0],[-84.7354,65.9271,0.0],[-84.7375,65.9354,19.8875],[-84.7359,65.9391,0.0],[-84.7417,65.9375,10.7524]]],
[[[-84.1776,65.8755,0.0],[-84.1792,65.8771,0.0],[-84.1854,65.8771,0.0],[-84.1891,65.8734,0.0],[-84.1875,65.8729,0.0],[-84.1776,65.8755,0.0]]],
[[[-84.1349,65.8995,0.0],[-84.1333,65.8979,0.0],[-84.1297,65.8984,0.0],[-84.1312,65.9,0.0],[-84.1349,65.8995,0.0]]],
[[[-84.1604,65.9021,0.0],[-84.1792,65.9042,0.0],[-84.1875,65.9104,9.9452],[-84.1932,65.9099,3.9119],[-84.1953,65.9057,0.0],[-84.1932,65.9026,0.0],[-84.188,65.9016,0.0],[-84.1911,65.8984,0.0],[-84.1813,65.8958,0.0],[-84.1651,65.8964,0.0],[-84.1703,65.8984,0.0],[-84.1687,65.9,0.0],[-84.1625,65.9,0.0],[-84.1521,65.8958,0.0],[-84.1484,65.8964,0.0],[-84.1505,65.8995,0.0],[-84.1604,65.9021,0.0]]],
[[[-84.1703,65.9109,0.0],[-84.1667,65.9083,0.0],[-84.1609,65.912,0.0],[-84.1687,65.9146,11.2159],[-84.1724,65.9141,0.6603],[-84.1703,65.9109,0.0]]],
[[[-84.2625,65.9563,0.0],[-84.2609,65.9578,0.0],[-84.263,65.9599,0.0],[-84.2662,65.9599,0.0],[-84.2662,65.9589,0.0],[-84.2625,65.9563,0.0]]],
[[[-84.2526,65.9599,0.0],[-84.2557,65.9599,0.0],[-84.2557,65.9589,0.0],[-84.2526,65.9589,0.0],[-84.2526,65.9599,0.0]]],
[[[-84.2776,65.9651,0.0],[-84.2755,65.9682,0.0],[-84.2828,65.9661,0.0],[-84.2812,65.9646,0.0],[-84.2776,65.9651,0.0]]],
[[[-84.3912,66.0099,16.0531],[-84.3896,66.0083,0.0],[-84.3859,66.0089,0.0],[-84.3875,66.0104,4.2381],[-84.3912,66.0099,16.0531]]],
[[[-84.7474,65.9411,2.0197],[-84.7458,65.9396,10.7525],[-84.7422,65.9401,5.0578],[-84.7438,65.9417,0.0],[-84.7474,65.9411,2.0197]]],
[[[-84.8083,65.9437,0.0],[-84.8271,65.9458,33.0787],[-84.8313,65.9479,31.5331],[-84.837,65.9453,2.0201],[-84.8318,65.9432,2.9656],[-84.8229,65.9354,0.0],[-84.8068,65.938,5.7597],[-84.8042,65.9417,10.1535],[-84.8047,65.9432,0.0],[-84.8083,65.9437,0.0]]],
[[[-84.7839,66.0245,29.2654],[-84.7812,66.0229,0.0],[-84.775,66.0229,0.0],[-84.7693,66.0266,25.8889],[-84.775,66.0313,0.703],[-84.7911,66.0286,3.3393],[-84.7839,66.0245,29.2654]]],
[[[-84.9172,66.0407,0.0],[-84.9333,66.0479,1.9715],[-84.9396,66.0479,6.9746],[-84.9411,66.0474,10.2246],[-84.9401,66.0443,13.5889],[-84.9453,66.0411,17.6007],[-84.9443,66.038,49.6112],[-84.9516,66.0339,25.7257],[-84.9458,66.0292,5.9394],[-84.9396,66.0292,0.0],[-84.9354,66.0313,19.909],[-84.925,66.0313,7.9511],[-84.9213,66.0339,0.0],[-84.9224,66.037,0.0],[-84.9172,66.0407,0.0]]],
[[[-84.4651,66.0214,0.0],[-84.4651,66.0245,0.0],[-84.4687,66.025,0.0],[-84.4729,66.0208,0.0],[-84.4724,66.0193,0.0],[-84.4687,66.0188,0.0],[-84.4651,66.0214,0.0]]],
[[[-84.5162,66.088,1.5393],[-84.5188,66.0896,0.0],[-84.5245,66.0859,5.2918],[-84.5224,66.0839,2.7291],[-84.5188,66.0833,3.9782],[-84.5151,66.0859,3.0058],[-84.5162,66.088,1.5393]]],
[[[-84.6286,66.1245,0.0],[-84.6271,66.1229,0.0],[-84.6234,66.1234,0.0],[-84.625,66.125,0.0],[-84.6286,66.1245,0.0]]],
[[[-84.6401,66.1245,0.0],[-84.6432,66.1245,0.0],[-84.6432,66.1234,0.0],[-84.6401,66.1234,0.0],[-84.6401,66.1245,0.0]]],
[[[-85.0307,66.0776,6.3087],[-85.0333,66.0792,0.0],[-85.0396,66.0771,26.1134],[-85.05,66.0813,0.0],[-85.0771,66.0813,9.7075],[-85.0787,66.0807,3.0254],[-85.0776,66.0776,23.1786],[-85.0833,66.075,21.7171],[-85.0891,66.0745,15.0982],[-85.088,66.0714,33.1451],[-85.0953,66.0703,1.0665],[-85.1016,66.0661,0.0],[-85.0995,66.063,13.6126],[-85.0943,66.062,15.8924],[-85.0922,66.0589,15.9893],[-85.0943,66.0568,26.3555],[-85.1,66.0563,3.1152],[-85.1016,66.0547,1.5156],[-85.0937,66.0542,21.6018],[-85.0813,66.05,9.8914],[-85.075,66.05,0.0],[-85.0687,66.0542,19.7563],[-85.0583,66.0542,0.0],[-85.0542,66.0563,0.0],[-85.05,66.0542,0.0],[-85.0375,66.0521,26.177],[-85.0333,66.0542,16.9567],[-85.0188,66.0542,0.0],[-85.0146,66.0563,17.4817],[-85.0042,66.0563,0.0],[-85.0026,66.0568,0.0],[-85.0036,66.0599,29.6954],[-84.9984,66.063,9.0888],[-85.0,66.0646,0.0],[-85.0099,66.0651,3.1514],[-85.0109,66.0682,4.2227],[-85.0146,66.0708,0.9027],[-85.0188,66.0708,1.9391],[-85.0229,66.0729,4.6463],[-85.0271,66.0708,5.7263],[-85.0307,66.0714,1.7142],[-85.0297,66.0766,2.1998],[-85.0307,66.0776,6.3087]]],
[[[-85.0937,66.075,0.0],[-85.0901,66.0755,6.3852],[-85.0901,66.0766,7.528],[-85.0953,66.0766,0.0],[-85.0937,66.075,0.0]]],
[[[-85.0167,66.0771,11.6257],[-85.0104,66.075,4.2225],[-85.0047,66.0755,7.7215],[-85.0146,66.0813,1.2097],[-85.0224,66.0807,19.1501],[-85.0214,66.0776,5.2226],[-85.0224,66.0755,2.4764],[-85.0167,66.0771,11.6257]]],
[[[-84.6839,66.1339,0.0],[-84.6854,66.1354,0.0],[-84.6932,66.1349,0.0],[-84.6896,66.1312,0.0],[-84.6839,66.1339,0.0]]],
[[[-84.6464,66.1266,0.0],[-84.6495,66.1266,0.0],[-84.6495,66.1255,0.0],[-84.6464,66.1255,0.0],[-84.6464,66.1266,0.0]]],
[[[-84.6687,66.1271,0.0],[-84.6625,66.125,0.0],[-84.6589,66.1286,0.0],[-84.6687,66.1312,0.0],[-84.6724,66.1276,0.0],[-84.6687,66.1271,0.0]]],
[[[-84.3922,66.1474,0.0],[-84.3953,66.1474,0.0],[-84.3953,66.1464,0.0],[-84.3922,66.1464,0.0],[-84.3922,66.1474,0.0]]],
[[[-84.2917,66.1458,0.0],[-84.288,66.1474,0.0],[-84.2974,66.1474,0.0],[-84.2958,66.1458,0.0],[-84.2917,66.1458,0.0]]],
[[[-84.5479,66.1937,0.0],[-84.5521,66.1958,0.0],[-84.5604,66.1958,0.0],[-84.5646,66.1979,0.0],[-84.5724,66.1974,0.0],[-84.5563,66.1917,0.0],[-84.5443,66.1922,0.0],[-84.5479,66.1937,0.0]]],
[[[-84.5333,66.1958,0.0],[-84.5318,66.1974,0.0],[-84.537,66.1974,0.0],[-84.537,66.1964,0.0],[-84.5333,66.1958,0.0]]],
[[[-84.5792,66.2,0.0],[-84.5854,66.2,0.0],[-84.5958,66.2042,0.0],[-84.6036,66.2037,0.0],[-84.5979,66.1979,0.0],[-84.5755,66.1984,0.0],[-84.5792,66.2,0.0]]],
[[[-84.6562,66.2042,0.0],[-84.6521,66.2042,0.0],[-84.6479,66.2021,0.0],[-84.6422,66.2057,0.0],[-84.6458,66.2083,0.0],[-84.6583,66.2083,0.0],[-84.662,66.2057,0.0],[-84.6604,66.2042,0.0],[-84.6562,66.2042,0.0]]],
[[[-84.9349,66.1995,0.0],[-84.9396,66.1979,0.0],[-84.9521,66.2021,0.0],[-84.9599,66.1964,0.0],[-84.9563,66.1937,0.0],[-84.9437,66.1937,0.0],[-84.9375,66.1917,0.0],[-84.9276,66.1943,0.0],[-84.925,66.1979,0.0],[-84.9271,66.2,0.0],[-84.9349,66.1995,0.0]]],
[[[-84.6839,66.1995,0.0],[-84.6875,66.2021,0.0],[-84.6896,66.2,0.0],[-84.6875,66.1979,0.0],[-84.6839,66.1995,0.0]]],
[[[-84.9792,66.2021,0.0],[-84.9729,66.2,0.0],[-84.9693,66.2005,0.0],[-84.9729,66.2042,0.0],[-84.9807,66.2037,0.0],[-84.9792,66.2021,0.0]]],
[[[-84.9349,66.2276,0.0],[-84.9318,66.2276,0.0],[-84.9318,66.2286,0.0],[-84.9349,66.2286,0.0],[-84.9349,66.2276,0.0]]],
[[[-84.6068,66.2057,0.0],[-84.6146,66.2063,0.0],[-84.6161,66.2047,0.0],[-84.6083,66.2042,0.0],[-84.6068,66.2057,0.0]]],
[[[-84.6229,66.2083,0.0],[-84.6271,66.2104,0.0],[-84.6354,66.2104,14.0536],[-84.6396,66.2125,6.085],[-84.6417,66.2104,16.4132],[-84.6412,66.2089,13.4226],[-84.6312,66.2063,0.0],[-84.6193,66.2068,0.0],[-84.6229,66.2083,0.0]]],
[[[-84.3021,66.25,8.9147],[-84.2958,66.25,0.0],[-84.2911,66.2536,0.0],[-84.2755,66.2568,0.0],[-84.2755,66.2599,0.0],[-84.2833,66.2604,9.3353],[-84.2932,66.2578,18.0789],[-84.3,66.2542,2.4981],[-84.3063,66.2562,0.0],[-84.3229,66.2562,17.1322],[-84.3271,66.2583,18.1966],[-84.3396,66.2583,58.0606],[-84.3495,66.2557,9.4527],[-84.3479,66.2542,0.7468],[-84.3417,66.2542,0.0],[-84.3375,66.2562,6.2491],[-84.3313,66.2562,26.3264],[-84.3208,66.2521,4.5635],[-84.3063,66.2521,0.0],[-84.3021,66.25,8.9147]]],
[[[-84.313,66.2589,0.0],[-84.313,66.2599,0.0],[-84.3161,66.2599,0.0],[-84.3161,66.2589,0.0],[-84.313,66.2589,0.0]]],
[[[-85.1208,66.2292,0.0],[-85.1193,66.2307,0.0],[-85.1245,66.2307,0.0],[-85.1245,66.2297,0.0],[-85.1208,66.2292,0.0]]],
[[[-84.8057,66.2286,0.0],[-84.8047,66.2307,0.0],[-84.8057,66.2328,6.3266],[-84.8026,66.2349,0.0],[-84.8083,66.2396,0.0],[-84.8161,66.2391,0.0],[-84.8151,66.2359,0.0],[-84.8167,66.2354,0.0],[-84.8333,66.2375,0.0],[-84.8432,66.2349,0.0],[-84.8333,66.2292,0.0],[-84.8271,66.2292,0.0],[-84.8187,66.2333,0.0],[-84.8089,66.2307,4.1166],[-84.812,66.2276,0.0],[-84.8083,66.2271,0.0],[-84.8057,66.2286,0.0]]],
[[[-84.7937,66.2333,0.0],[-84.7922,66.2349,0.0],[-84.7974,66.2349,0.0],[-84.7974,66.2338,0.0],[-84.7937,66.2333,0.0]]],
[[[-85.0359,66.2412,0.0],[-85.0396,66.2438,0.0],[-85.0625,66.2458,13.1676],[-85.0641,66.2453,7.6708],[-85.063,66.2422,9.7605],[-85.0661,66.2401,0.0],[-85.0563,66.2375,0.0],[-85.0458,66.2375,2.9061],[-85.0359,66.2412,0.0]]],
[[[-84.875,66.2438,0.0],[-84.8734,66.2453,0.0],[-84.8786,66.2453,0.0],[-84.8786,66.2443,0.0],[-84.875,66.2438,0.0]]],
[[[-84.9896,66.2458,0.0],[-84.9854,66.2458,0.0],[-84.9838,66.2474,0.0],[-84.9938,66.25,0.0],[-84.9953,66.2495,0.0],[-84.9943,66.2464,0.0],[-84.9974,66.2443,0.0],[-84.9938,66.2438,0.0],[-84.9896,66.2458,0.0]]],
[[[-85.1328,66.263,0.0],[-85.1354,66.2646,0.0],[-85.1375,66.2625,0.0],[-85.137,66.2609,0.0],[-85.1333,66.2604,0.0],[-85.1318,66.2609,0.0],[-85.1328,66.263,0.0]]],
[[[-85.0125,66.2646,0.0],[-85.0109,66.2662,0.0],[-85.0162,66.2662,0.0],[-85.0162,66.2651,0.0],[-85.0125,66.2646,0.0]]],
[[[-84.1172,66.2786,2.1156],[-84.1203,66.2776,0.0],[-84.1182,66.2755,1.8697],[-84.1151,66.2755,4.0856],[-84.1151,66.2766,11.5353],[-84.1172,66.2786,2.1156]]],
[[[-84.2099,66.2859,7.3687],[-84.2068,66.2859,5.1931],[-84.2068,66.287,9.8606],[-84.2099,66.287,10.7254],[-84.2099,66.2859,7.3687]]],
[[[-84.1646,66.2896,0.0],[-84.1589,66.2901,0.0],[-84.1505,66.2953,0.0],[-84.1542,66.2979,3.4892],[-84.1604,66.2979,13.9412],[-84.162,66.2974,9.2972],[-84.1609,66.2943,16.559],[-84.1646,66.2937,28.1256],[-84.1693,66.2974,0.0],[-84.1724,66.2974,0.0],[-84.1713,66.2943,13.5223],[-84.1745,66.2922,10.1849],[-84.1646,66.2896,0.0]]],
[[[-84.2958,66.2604,11.7034],[-84.2943,66.262,14.9705],[-84.2974,66.262,0.0],[-84.2974,66.2609,0.0],[-84.2958,66.2604,11.7034]]],
[[[-84.4224,66.3443,3.5543],[-84.4266,66.3453,2.1321],[-84.4229,66.3417,0.0],[-84.4213,66.3422,0.0],[-84.4224,66.3443,3.5543]]],
[[[-84.4974,66.3776,0.0],[-84.4875,66.3812,1.1654],[-84.4771,66.3812,0.0],[-84.4734,66.3849,2.2923],[-84.4854,66.3854,2.5719],[-84.4938,66.3812,3.4434],[-84.4979,66.3833,6.4368],[-84.5042,66.3833,1.6794],[-84.5109,66.3797,12.164],[-84.5182,66.3786,3.5263],[-84.5146,66.375,0.5678],[-84.5083,66.375,0.0],[-84.5042,66.3771,5.9793],[-84.4979,66.375,0.0],[-84.4964,66.3755,1.0844],[-84.4974,66.3776,0.0]]],
[[[-85.0307,66.9036,0.0],[-85.025,66.8979,0.0],[-85.0172,66.9005,4.8461],[-85.0182,66.9036,0.0],[-85.0172,66.9057,0.0],[-85.0188,66.9063,0.0],[-85.025,66.9063,0.0],[-85.0307,66.9036,0.0]]],
[[[-84.9792,66.9177,28.039],[-84.9683,66.9151,54.6104],[-84.9383,66.912,24.4739],[-84.93,66.9157,64.0376],[-84.9217,66.9156,72.2072],[-84.9401,66.9271,51.121],[-84.9458,66.9271,46.883],[-84.95,66.9292,0.0],[-84.9563,66.9292,0.0],[-84.9609,66.9255,15.923],[-84.9703,66.9245,0.0],[-84.9792,66.9177,28.039]]],
[[[-85.0375,66.9313,0.0],[-85.0359,66.9328,0.0],[-85.0411,66.9328,0.0],[-85.0411,66.9318,0.0],[-85.0375,66.9313,0.0]]]]}}