{"type":"Feature","properties":{"GID_3":"CAN.2.24.10_1","GID_0":"CAN","country":"Canada","GID_1":"CAN.2_1","province":"BritishColumbia","NL_NAME_1":"NA","GID_2":"CAN.2.24_1","county":"Skeena-QueenCharlotte","NL_NAME_2":"NA","city":"Skeena-QueenCharlotteC","VARNAME_3":"NA","NL_NAME_3":"NA","TYPE_3":"RegionalDistrictElectoralArea","ENGTYPE_3":"RegionalDistrictElectoralArea","CC_3":"NA","HASC_3":"NA","name":"Skeena-Queen_Charlotte_C.city"},
"geometry":{"type": "MultiPolygon","coordinates": [[[[-130.1917,53.3436,4.2939],[-130.1923,53.3419,1.601],[-130.1895,53.3417,0.7491],[-130.1901,53.3442,0.0],[-130.1917,53.3436,4.2939]]],
[[[-130.4627,53.6356,0.0],[-130.4639,53.6372,0.0],[-130.471,53.6376,1.6208],[-130.4745,53.6366,5.4088],[-130.475,53.6347,23.5345],[-130.4799,53.6337,0.0],[-130.471,53.6317,0.0],[-130.4633,53.6272,13.3585],[-130.4646,53.6267,8.8555],[-130.4744,53.6269,11.675],[-130.4805,53.6303,8.3234],[-130.4867,53.6297,10.1114],[-130.487,53.6323,0.0],[-130.4895,53.6335,12.5208],[-130.4989,53.6308,5.2636],[-130.5078,53.6336,0.0],[-130.5078,53.6317,3.6324],[-130.5144,53.6294,5.6838],[-130.5163,53.6312,7.4412],[-130.5239,53.63,5.7068],[-130.5319,53.6308,0.3257],[-130.5315,53.6275,1.0901],[-130.5342,53.6269,0.0],[-130.5405,53.6289,0.0],[-130.5428,53.6244,13.1139],[-130.5473,53.6253,16.0066],[-130.5558,53.6175,7.2287],[-130.5573,53.6177,0.0],[-130.5572,53.6208,0.6518],[-130.5597,53.6241,0.8508],[-130.5572,53.6239,3.8168],[-130.5556,53.6256,0.0],[-130.5589,53.6286,14.5126],[-130.5611,53.6278,0.0],[-130.5613,53.6239,0.0],[-130.5639,53.6233,0.4119],[-130.5623,53.6201,3.8092],[-130.5665,53.618,0.0],[-130.5656,53.6131,0.0],[-130.576,53.6103,0.0],[-130.579,53.6084,0.0],[-130.5791,53.6051,0.0],[-130.5688,53.6065,0.0],[-130.5572,53.6125,1.1539],[-130.555,53.6096,2.7606],[-130.5515,53.6101,0.0],[-130.5461,53.6133,2.5623],[-130.5456,53.6158,0.0],[-130.5422,53.6161,0.0],[-130.5456,53.6111,4.4781],[-130.5428,53.6086,0.0],[-130.5433,53.6069,8.8565],[-130.55,53.6047,3.6056],[-130.5428,53.6036,0.0],[-130.5359,53.6058,13.0008],[-130.5411,53.6027,0.0],[-130.5411,53.5992,0.0],[-130.5467,53.5974,0.0],[-130.5501,53.593,4.1126],[-130.5467,53.5919,0.0],[-130.5429,53.595,8.2912],[-130.5374,53.5955,18.3247],[-130.5376,53.5939,7.8781],[-130.5344,53.5933,15.6029],[-130.5361,53.5911,0.0],[-130.5339,53.5894,16.6822],[-130.5428,53.5903,0.0],[-130.5466,53.5863,0.0],[-130.545,53.5839,13.9169],[-130.5475,53.5802,0.0],[-130.5422,53.5806,9.9134],[-130.5456,53.578,5.8424],[-130.53,53.5731,5.6408],[-130.5444,53.5765,10.3464],[-130.5492,53.5749,4.3446],[-130.5488,53.564,0.0],[-130.5417,53.5597,2.8076],[-130.5458,53.5591,4.313],[-130.5508,53.5524,0.0],[-130.5463,53.5497,0.4727],[-130.5376,53.5512,9.5674],[-130.5391,53.5485,0.0],[-130.526,53.5435,1.9703],[-130.5228,53.5433,0.0],[-130.5216,53.5453,8.7764],[-130.5194,53.5433,0.0],[-130.5116,53.5431,0.0],[-130.5126,53.5387,1.6373],[-130.5056,53.54,0.9424],[-130.5033,53.5375,0.9201],[-130.4998,53.537,0.0],[-130.4978,53.5389,9.5814],[-130.4976,53.5365,0.1131],[-130.4949,53.5347,0.0],[-130.4855,53.5372,8.4673],[-130.4895,53.5336,21.2328],[-130.495,53.5319,0.0],[-130.495,53.5287,0.0],[-130.4906,53.5297,7.1117],[-130.4878,53.5267,11.391],[-130.4906,53.5253,10.479],[-130.4883,53.5214,16.4933],[-130.4922,53.5189,0.6376],[-130.4889,53.5192,1.5928],[-130.4889,53.5161,0.0],[-130.4867,53.5154,0.0],[-130.475,53.5158,4.2352],[-130.4761,53.5142,7.5112],[-130.47,53.5114,10.3707],[-130.4706,53.5097,0.0],[-130.4689,53.5081,0.0],[-130.4633,53.5106,7.4565],[-130.4584,53.5069,0.0],[-130.4467,53.5092,8.3529],[-130.4391,53.5027,3.9478],[-130.4315,53.5064,3.3175],[-130.4246,53.5043,2.9097],[-130.4161,53.5059,8.2011],[-130.4144,53.5097,4.8851],[-130.4089,53.5098,2.0394],[-130.4111,53.5124,9.5727],[-130.4022,53.5111,0.0],[-130.3977,53.5133,3.171],[-130.3967,53.5128,3.171],[-130.3985,53.5109,0.0],[-130.395,53.51,0.0],[-130.3912,53.5117,0.0],[-130.3918,53.5148,1.6128],[-130.3937,53.516,0.7196],[-130.3872,53.5175,0.6317],[-130.3817,53.5214,1.7234],[-130.3833,53.5242,0.0],[-130.3822,53.5286,0.2873],[-130.3772,53.5269,5.6955],[-130.3806,53.5239,0.0],[-130.3777,53.5211,0.0],[-130.373,53.5212,0.0],[-130.3706,53.5239,10.4707],[-130.3679,53.5207,0.0],[-130.365,53.5214,11.1823],[-130.3628,53.5186,16.6704],[-130.3644,53.5175,1.8254],[-130.3676,53.5189,0.0],[-130.3713,53.5163,18.3053],[-130.3669,53.5129,0.0],[-130.3639,53.5125,4.0573],[-130.3615,53.5142,3.9082],[-130.3585,53.5105,7.4086],[-130.3474,53.5119,0.0],[-130.3383,53.51,14.5798],[-130.3555,53.5086,15.786],[-130.3704,53.511,0.0],[-130.3745,53.5097,9.0105],[-130.3769,53.5095,4.2191],[-130.3871,53.5055,0.0],[-130.3936,53.4989,23.651],[-130.4018,53.4935,12.1432],[-130.4055,53.4935,8.9359],[-130.4069,53.4921,4.2742],[-130.4061,53.4906,16.5669],[-130.4078,53.4903,13.1112],[-130.4094,53.4923,13.6533],[-130.4016,53.4961,5.8746],[-130.4005,53.4989,19.8422],[-130.3961,53.5014,3.1785],[-130.3939,53.505,0.0],[-130.3975,53.5068,8.7041],[-130.4017,53.5061,2.8232],[-130.4117,53.4972,0.0],[-130.4106,53.4942,2.8979],[-130.415,53.4945,0.0],[-130.4173,53.4897,5.5304],[-130.4138,53.4898,0.0],[-130.4161,53.4879,0.0],[-130.4144,53.4873,7.4065],[-130.4172,53.4864,0.9852],[-130.415,53.4844,0.0],[-130.4243,53.4815,5.4382],[-130.4233,53.4775,0.0],[-130.425,53.4758,0.0],[-130.4211,53.4764,3.7859],[-130.4117,53.4861,11.1341],[-130.4089,53.4861,6.6116],[-130.4144,53.4786,0.0],[-130.4122,53.4747,8.3907],[-130.4156,53.4725,0.0],[-130.4147,53.4669,0.0],[-130.4089,53.4661,0.8494],[-130.405,53.4681,6.2822],[-130.4011,53.4736,5.834],[-130.3961,53.4747,7.5505],[-130.4099,53.463,2.4554],[-130.4078,53.4606,5.5546],[-130.4077,53.4567,0.0],[-130.4011,53.4564,0.639],[-130.4021,53.4497,3.1069],[-130.3944,53.447,0.0],[-130.3947,53.4493,0.0],[-130.3972,53.4508,2.532],[-130.3939,53.4537,8.9381],[-130.3916,53.4519,5.3834],[-130.3928,53.4481,9.1822],[-130.3911,53.4465,0.0],[-130.3844,53.4453,18.4839],[-130.3878,53.4431,2.5659],[-130.3811,53.44,0.0],[-130.3755,53.44,0.2866],[-130.3739,53.4375,0.0],[-130.369,53.4378,3.5453],[-130.3699,53.4361,1.7482],[-130.3672,53.4333,0.3034],[-130.3511,53.4231,0.0],[-130.3524,53.4209,0.0],[-130.3511,53.4192,0.0],[-130.3479,53.421,9.2493],[-130.3378,53.4145,10.6753],[-130.3283,53.4053,0.0],[-130.3283,53.4025,0.0],[-130.3251,53.3997,4.9387],[-130.3274,53.3984,0.2015],[-130.3219,53.3963,1.1004],[-130.3122,53.3876,1.4896],[-130.31,53.3876,1.4896],[-130.3059,53.3922,19.9593],[-130.3067,53.3883,0.0],[-130.3051,53.3877,4.2643],[-130.3047,53.3835,0.0],[-130.2944,53.3829,1.5373],[-130.2983,53.3814,0.0],[-130.2872,53.3783,0.7815],[-130.2817,53.3791,6.5124],[-130.2783,53.3778,0.0],[-130.2757,53.3795,4.0891],[-130.2721,53.3768,0.0],[-130.2689,53.3801,3.2212],[-130.2683,53.3831,9.1725],[-130.2666,53.3822,9.1725],[-130.2666,53.3802,0.0],[-130.2595,53.3755,5.7896],[-130.25,53.3769,2.5901],[-130.2379,53.3767,1.2781],[-130.2342,53.3749,1.4418],[-130.222,53.3771,4.2851],[-130.2125,53.3759,9.8997],[-130.2222,53.374,0.0],[-130.2206,53.3728,11.5841],[-130.2217,53.3714,0.0],[-130.2188,53.3711,8.5479],[-130.2224,53.3701,8.2445],[-130.22,53.3661,9.7256],[-130.2238,53.3651,0.0],[-130.2216,53.3638,2.811],[-130.2204,53.359,9.5619],[-130.2167,53.3586,0.8623],[-130.2199,53.3577,0.2819],[-130.2195,53.3562,0.2886],[-130.213,53.3558,2.8407],[-130.2094,53.3536,0.0],[-130.2049,53.3541,8.9382],[-130.2022,53.3522,6.8991],[-130.1989,53.354,7.9657],[-130.1922,53.3514,0.0],[-130.1861,53.3542,1.7878],[-130.1833,53.3572,14.1697],[-130.1822,53.3567,7.2691],[-130.1816,53.3555,7.2691],[-130.1889,53.3514,0.0],[-130.1872,53.3508,0.7225],[-130.1766,53.3509,2.7663],[-130.1711,53.3533,0.0],[-130.1678,53.3509,0.0],[-130.1844,53.3487,0.135],[-130.1772,53.3455,7.7183],[-130.1714,53.3477,2.5565],[-130.1733,53.3433,0.6647],[-130.1689,53.3417,0.0],[-130.1661,53.3425,5.7598],[-130.1644,53.3459,3.8814],[-130.1617,53.3459,1.2462],[-130.1639,53.3419,0.0],[-130.1594,53.3415,0.8533],[-130.1601,53.3382,2.6862],[-130.1583,53.3358,0.0],[-130.1622,53.3317,0.0],[-130.1594,53.3305,0.4155],[-130.1609,53.3283,6.6111],[-130.1583,53.3267,0.0],[-130.1583,53.3251,0.0],[-130.1537,53.3253,0.0],[-130.1431,53.3193,0.0],[-130.1344,53.3169,0.0],[-130.1283,53.3181,2.0388],[-130.1239,53.3144,0.0],[-130.1239,53.3128,0.0],[-130.1189,53.3115,0.0],[-130.1197,53.3189,0.0],[-130.1233,53.3239,19.1227],[-130.1228,53.3264,15.27],[-130.1255,53.3286,4.9178],[-130.1222,53.3303,8.3551],[-130.123,53.3283,4.9178],[-130.1211,53.3276,3.134],[-130.1193,53.3239,4.6149],[-130.105,53.3117,9.7306],[-130.1078,53.3056,3.4306],[-130.1028,53.3061,8.6403],[-130.1048,53.3028,1.3987],[-130.1028,53.3011,12.2063],[-130.1044,53.2973,1.0463],[-130.1028,53.2945,0.673],[-130.1056,53.2922,0.8295],[-130.0983,53.2897,0.0],[-130.0942,53.2859,3.6353],[-130.0944,53.2833,11.8338],[-130.0989,53.2819,0.0],[-130.0989,53.2786,2.431],[-130.1011,53.2769,0.0],[-130.0967,53.2767,1.7326],[-130.0961,53.2747,0.0],[-130.1008,53.2719,0.0],[-130.0961,53.27,0.0],[-130.0972,53.2689,0.0],[-130.0933,53.265,1.5844],[-130.0828,53.2608,5.5218],[-130.0804,53.2589,4.6326],[-130.0806,53.2569,1.0251],[-130.076,53.257,0.0],[-130.0782,53.2539,0.0],[-130.0743,53.2526,8.0477],[-130.0744,53.2514,0.0],[-130.0689,53.2556,0.0],[-130.0706,53.2625,0.0],[-130.0694,53.2639,2.5439],[-130.0656,53.2661,10.3193],[-130.0583,53.2649,18.0509],[-130.065,53.2626,0.0],[-130.0655,53.2597,0.0],[-130.0629,53.2588,6.2433],[-130.0661,53.2556,0.0],[-130.0644,53.2547,2.7607],[-130.0656,53.2533,0.0],[-130.0635,53.2506,2.4011],[-130.065,53.2486,0.5729],[-130.0594,53.2506,10.7375],[-130.0576,53.2475,17.5139],[-130.0572,53.245,1.386],[-130.0595,53.2428,4.2073],[-130.0583,53.2411,0.9992],[-130.0569,53.2425,2.3384],[-130.0534,53.2417,0.0],[-130.05,53.2445,7.4396],[-130.0461,53.2453,0.0],[-130.0463,53.2469,9.0662],[-130.0411,53.25,1.1213],[-130.0372,53.25,0.0],[-130.0356,53.2475,12.7616],[-130.0266,53.2467,9.7026],[-130.0241,53.2433,1.5665],[-130.028,53.2418,0.0],[-130.0318,53.2379,3.5727],[-130.035,53.2328,3.1528],[-130.0349,53.2281,5.8808],[-130.0328,53.2269,0.0],[-130.0278,53.2314,3.5724],[-130.0239,53.2317,0.0],[-130.0205,53.23,16.9538],[-130.0244,53.2259,4.3682],[-130.0247,53.2233,3.1332],[-130.0195,53.2225,16.6651],[-130.0188,53.2214,10.4156],[-130.0228,53.2206,0.0],[-130.0212,53.2186,0.0],[-130.0122,53.2183,13.4904],[-130.0144,53.2176,1.3295],[-130.0155,53.215,0.0],[-130.0105,53.2145,19.2763],[-130.0149,53.2085,3.9021],[-130.0116,53.2057,5.0815],[-130.0056,53.2089,20.8871],[-130.0066,53.2153,10.2624],[-130.0022,53.2119,0.0],[-130.0005,53.2156,5.6182],[-129.9994,53.2153,0.0],[-129.9978,53.2106,9.8752],[-129.995,53.2089,0.0],[-129.995,53.2064,0.0],[-129.984,53.1998,0.0],[-129.9856,53.1978,13.7306],[-129.9889,53.1978,0.0],[-129.9863,53.193,7.2562],[-129.9828,53.1922,7.2562],[-129.9811,53.1936,0.5524],[-129.9806,53.1917,0.0],[-129.9778,53.1908,0.0],[-129.9772,53.1936,0.0],[-129.9744,53.1939,3.1716],[-129.9739,53.1919,9.7912],[-129.9756,53.1903,3.3845],[-129.9739,53.1886,2.8623],[-129.975,53.1878,2.8623],[-129.9705,53.1861,0.0],[-129.9744,53.1869,0.0],[-129.9744,53.1853,0.0],[-129.9638,53.1833,8.991],[-129.9672,53.1811,6.318],[-129.9718,53.1815,8.9548],[-129.9739,53.1795,0.0],[-129.9717,53.1778,0.8065],[-129.968,53.1789,13.3523],[-129.9689,53.1772,0.8459],[-129.9628,53.1736,7.6966],[-129.9639,53.1697,4.7699],[-129.961,53.1682,0.0],[-129.9584,53.1669,0.0],[-129.9539,53.1681,5.4185],[-129.9378,53.1617,2.335],[-129.9361,53.1627,0.0],[-129.9394,53.1645,8.3228],[-129.9383,53.1656,10.8682],[-129.9339,53.1631,1.1978],[-129.9263,53.1638,0.3793],[-129.9356,53.1683,12.2314],[-129.9366,53.1697,8.6533],[-129.9356,53.1703,8.6533],[-129.9328,53.1686,0.0],[-129.9217,53.1692,8.9473],[-129.92,53.1683,2.7931],[-129.9211,53.1673,0.8979],[-129.9178,53.1658,0.303],[-129.9161,53.1669,0.3509],[-129.92,53.1699,4.6868],[-129.9105,53.1675,0.6957],[-129.9117,53.1697,0.631],[-129.91,53.17,0.0],[-129.9061,53.1669,14.0922],[-129.905,53.1625,0.4213],[-129.9022,53.1639,25.3695],[-129.8977,53.1625,0.9554],[-129.8933,53.1664,12.6384],[-129.893,53.1629,24.0628],[-129.8909,53.1618,0.0],[-129.8867,53.1625,0.0],[-129.8861,53.1645,1.5932],[-129.8823,53.1631,0.0],[-129.8801,53.1649,2.0376],[-129.885,53.1678,0.0],[-129.8822,53.1683,0.0],[-129.8806,53.1694,4.1988],[-129.8817,53.1706,0.0],[-129.8783,53.1719,0.0],[-129.8828,53.1742,4.2878],[-129.8767,53.1728,3.2436],[-129.8767,53.175,11.6828],[-129.875,53.1756,13.8377],[-129.8728,53.172,0.0],[-129.8694,53.1733,0.0],[-129.8742,53.1809,0.0],[-129.8722,53.1831,0.0],[-129.8678,53.181399999999996,0.0],[-129.8655,53.1831,0.0],[-129.87,53.1864,4.644],[-129.8688,53.1872,7.5256],[-129.865,53.1844,0.0],[-129.8622,53.1853,0.0],[-129.8522,53.1822,0.0],[-129.8439,53.1828,1.1811],[-129.833,53.1861,0.0],[-129.8333,53.1828,0.0],[-129.8317,53.181399999999996,0.2456],[-129.835,53.1783,0.3289],[-129.8302,53.1747,4.3],[-129.83,53.1719,0.0],[-129.8239,53.1744,13.5105],[-129.8206,53.1708,0.0],[-129.8222,53.1683,0.0],[-129.8194,53.1678,0.0],[-129.8139,53.1697,1.5439],[-129.8128,53.1689,3.514],[-129.8183,53.1664,0.0],[-129.8094,53.1619,0.8165],[-129.7989,53.1611,1.8503],[-129.8017,53.1642,3.4372],[-129.7983,53.1656,2.136],[-129.8,53.1683,0.0],[-129.7989,53.1692,3.0842],[-129.7961,53.1683,0.0],[-129.7944,53.1639,6.2789],[-129.7909,53.1631,0.5999],[-129.7889,53.1639,0.0],[-129.7905,53.1651,0.6794],[-129.7867,53.1656,1.2408],[-129.7889,53.1675,5.817],[-129.7892,53.1689,8.8055],[-129.7877,53.1695,11.265],[-129.7856,53.1658,1.2408],[-129.7807,53.1641,18.3022],[-129.7822,53.1619,1.4762],[-129.7811,53.1611,1.4762],[-129.7766,53.1623,11.2262],[-129.7733,53.1603,0.0],[-129.7655,53.1639,0.0],[-129.7667,53.1653,7.1411],[-129.765,53.1667,0.0],[-129.7677,53.1681,0.0],[-129.7661,53.1728,0.0],[-129.7705,53.1709,10.2092],[-129.7728,53.1728,9.5211],[-129.77,53.1744,0.0],[-129.77,53.1761,0.0],[-129.765,53.1745,0.0],[-129.7627,53.1761,3.6059],[-129.77,53.1783,2.8217],[-129.7772,53.175,0.0],[-129.78,53.1806,2.4924],[-129.7761,53.1819,0.0],[-129.7767,53.1797,0.0],[-129.7744,53.1783,2.2784],[-129.7762,53.1762,0.0],[-129.77,53.1797,0.0],[-129.7617,53.1803,0.0],[-129.7639,53.1817,3.2956],[-129.7611,53.1839,0.8968],[-129.7633,53.1851,4.6699],[-129.7622,53.1875,0.0],[-129.7644,53.1883,0.4403],[-129.7611,53.1894,0.0],[-129.7644,53.19,0.0],[-129.7607,53.1913,11.3988],[-129.7564,53.1953,0.0],[-129.7575,53.1983,0.0],[-129.7552,53.2019,0.0],[-129.7547,53.2083,0.0],[-129.7522,53.2141,0.0],[-129.7558,53.2187,0.0],[-129.7594,53.2169,18.6031],[-129.7593,53.2195,3.5489],[-129.7627,53.2228,37.899],[-129.7621,53.2273,0.0],[-129.7644,53.2314,0.0],[-129.7711,53.2377,3.3936],[-129.7798,53.2429,3.9333],[-129.7796,53.2459,0.0],[-129.7817,53.2489,0.0],[-129.7939,53.255,15.4511],[-129.7894,53.2569,0.0],[-129.7943,53.2614,2.7555],[-129.796,53.265,6.186],[-129.7956,53.2683,12.3699],[-129.8011,53.2786,0.0],[-129.7984,53.2848,12.1968],[-129.8011,53.2893,0.0],[-129.8107,53.2955,0.0],[-129.8294,53.3028,12.1791],[-129.8239,53.3036,0.0],[-129.8261,53.305,9.1762],[-129.8251,53.3068,0.0],[-129.838,53.3174,0.0],[-129.8506,53.3214,0.0],[-129.8533,53.325,14.4564],[-129.855,53.3355,0.0],[-129.8573,53.3361,0.0],[-129.8633,53.3328,0.0],[-129.8656,53.3333,29.1968],[-129.8662,53.3368,8.8643],[-129.8697,53.3416,3.4739],[-129.8689,53.3503,4.9998],[-129.8711,53.3545,0.0],[-129.8755,53.3581,30.7974],[-129.8806,53.3595,0.0],[-129.8856,53.3564,20.242],[-129.8911,53.3562,14.3167],[-129.8828,53.3603,0.0],[-129.8828,53.3634,0.0],[-129.8926,53.3733,5.0377],[-129.904,53.3906,3.4996],[-129.9117,53.3969,21.3767],[-129.9272,53.4053,21.1393],[-129.928,53.4072,0.0],[-129.9372,53.4075,0.0],[-129.9378,53.4091,19.9024],[-129.9333,53.4083,0.0],[-129.9311,53.4106,0.0],[-129.9339,53.4125,14.1485],[-129.9333,53.4139,7.3263],[-129.9456,53.4206,10.7184],[-129.9463,53.4233,9.499],[-129.9696,53.4347,12.46],[-129.9735,53.438,19.0912],[-129.9778,53.4389,0.0],[-129.9783,53.4403,0.0],[-129.9761,53.4412,0.0],[-129.9783,53.4434,0.0],[-129.9922,53.4523,0.0],[-130.0028,53.4553,16.8447],[-130.0074,53.4596,40.6046],[-130.0283,53.4697,26.7092],[-130.0439,53.4747,4.5317],[-130.0583,53.4833,6.1277],[-130.0605,53.4867,0.0],[-130.0778,53.4928,37.8918],[-130.0789,53.4964,20.4885],[-130.0894,53.5039,0.0],[-130.1022,53.5097,5.5336],[-130.1094,53.5153,19.6855],[-130.1266,53.5189,0.0],[-130.1394,53.5253,15.0965],[-130.1444,53.5258,2.9672],[-130.1617,53.5333,17.1608],[-130.1672,53.5344,2.6898],[-130.17,53.5325,11.749],[-130.1716,53.5356,0.0],[-130.1778,53.5397,2.9703],[-130.1906,53.545,20.1133],[-130.1972,53.55,6.9897],[-130.2239,53.5614,13.4278],[-130.2367,53.5639,8.2243],[-130.2483,53.5703,28.2859],[-130.2759,53.5769,1.4343],[-130.2783,53.5758,1.4343],[-130.3061,53.5864,19.1645],[-130.3133,53.5869,20.4476],[-130.3311,53.5933,6.6773],[-130.3347,53.5929,3.6383],[-130.3384,53.596,0.0],[-130.3537,53.6017,17.3293],[-130.3583,53.6006,4.2397],[-130.3644,53.6059,0.0],[-130.3867,53.6131,1.5948],[-130.3894,53.6119,15.6129],[-130.4022,53.62,7.752],[-130.4244,53.6247,6.2056],[-130.4333,53.6223,17.0607],[-130.4329,53.6244,0.0],[-130.4442,53.6295,1.1936],[-130.4455,53.632,2.3329],[-130.4539,53.6314,6.0677],[-130.4578,53.6344,0.0],[-130.4627,53.6356,0.0]]],
[[[-130.0289,53.5039,0.0],[-130.0256,53.5033,0.0],[-130.0244,53.5042,2.2611],[-130.0283,53.505,0.0],[-130.0289,53.5039,0.0]]],
[[[-129.999,53.5237,0.0],[-129.9985,53.5221,3.8073],[-129.995,53.5249,26.5078],[-129.9983,53.5253,26.5078],[-129.999,53.5237,0.0]]],
[[[-129.9472,53.4592,0.0],[-129.9528,53.4611,0.0],[-129.9522,53.4637,1.5782],[-129.9583,53.462,0.0],[-129.9567,53.4583,0.0],[-129.9472,53.4592,0.0]]],
[[[-129.9222,53.4631,0.0],[-129.9228,53.4603,0.0],[-129.9194,53.4603,0.0],[-129.92,53.4639,0.0],[-129.9222,53.4631,0.0]]],
[[[-129.9545,53.4639,0.0],[-129.9583,53.4645,2.4446],[-129.96,53.4631,0.0],[-129.9572,53.4631,0.0],[-129.9545,53.4639,0.0]]],
[[[-129.9655,53.466,9.012],[-129.9588,53.4659,11.0659],[-129.9568,53.4675,3.3741],[-129.9624,53.4703,4.2016],[-129.9691,53.4674,0.0],[-129.9655,53.466,9.012]]],
[[[-129.9672,53.4703,0.0],[-129.97,53.4725,0.0],[-129.9744,53.4711,0.0],[-129.9706,53.4697,0.0],[-129.9672,53.4703,0.0]]],
[[[-129.9878,53.4819,0.0],[-129.9904,53.4825,0.0],[-129.9911,53.4811,0.0],[-129.9864,53.4806,0.0],[-129.9878,53.4819,0.0]]],
[[[-129.9348,53.5472,0.0],[-129.9417,53.5481,0.0],[-129.9444,53.5467,0.0],[-129.9439,53.5439,0.0],[-129.9489,53.5428,0.0],[-129.955,53.5383,12.7505],[-129.9611,53.531,0.0],[-129.9617,53.5289,0.0],[-129.9577,53.5262,9.5067],[-129.9617,53.5222,0.0],[-129.9667,53.5217,13.0844],[-129.9683,53.5228,12.9057],[-129.9677,53.5239,0.0],[-129.9731,53.5224,0.0],[-129.9717,53.5211,2.9467],[-129.9728,53.5187,0.0],[-129.9705,53.5175,0.0],[-129.9712,53.5113,0.0],[-129.9728,53.5103,4.2388],[-129.9761,53.51,4.2388],[-129.9777,53.5123,0.0],[-129.9761,53.5212,0.0],[-129.9783,53.5222,0.0],[-129.9789,53.5292,7.7062],[-129.9806,53.5297,7.6058],[-129.9828,53.5286,0.0],[-129.9825,53.5271,0.0],[-129.9897,53.5259,0.0],[-129.9955,53.5218,16.4615],[-130.023,53.5119,27.4977],[-130.0273,53.5092,1.9166],[-130.0272,53.5064,4.8872],[-130.0194,53.5028,4.1209],[-130.0211,53.5011,0.0],[-130.0112,53.4978,6.084],[-130.0109,53.4946,2.3255],[-130.0056,53.4925,0.0],[-130.0039,53.4931,0.0],[-130.0061,53.4956,13.1331],[-130.0044,53.4953,3.2644],[-130.0017,53.4933,6.6499],[-130.0044,53.4917,0.0],[-130.0028,53.4908,1.9054],[-129.9917,53.4886,0.0],[-129.9872,53.4892,4.5296],[-129.9894,53.4873,0.0],[-129.984,53.4839,6.6127],[-129.9828,53.4817,0.0],[-129.9839,53.48,0.0],[-129.9767,53.4759,0.0],[-129.9657,53.4744,6.3484],[-129.9574,53.4715,3.1248],[-129.955,53.4681,5.2564],[-129.9467,53.4659,5.4582],[-129.9339,53.4689,22.6942],[-129.9274,53.4689,3.4086],[-129.9236,53.4738,22.1915],[-129.9233,53.4783,24.3102],[-129.9167,53.4833,0.0],[-129.9178,53.4847,4.1913],[-129.9156,53.4859,0.0],[-129.916,53.4906,0.0],[-129.9086,53.4951,17.2984],[-129.9083,53.5006,0.0],[-129.9111,53.5017,12.0444],[-129.9043,53.5061,4.9608],[-129.8988,53.5126,10.1549],[-129.9027,53.5153,40.8292],[-129.9006,53.5164,12.5304],[-129.8989,53.5144,0.0],[-129.8961,53.5151,0.0],[-129.8977,53.5161,0.0],[-129.8939,53.52,0.0],[-129.8933,53.5245,0.0],[-129.895,53.5274,0.0],[-129.8939,53.53,0.0],[-129.8956,53.5314,0.0],[-129.8878,53.5345,0.0],[-129.895,53.5375,0.0],[-129.8956,53.5389,5.803],[-129.8933,53.5406,0.0],[-129.8972,53.5425,2.6035],[-129.9067,53.5439,0.0],[-129.9067,53.5422,5.9568],[-129.9094,53.5411,17.9118],[-129.9211,53.5451,21.2211],[-129.9348,53.5472,0.0]]],
[[[-129.8836,53.5217,0.0],[-129.8852,53.5236,0.2141],[-129.8928,53.5231,13.1351],[-129.8925,53.5203,0.0],[-129.8836,53.5217,0.0]]],
[[[-129.9946,53.5303,5.3375],[-129.996,53.5276,0.0],[-129.9923,53.5272,15.7067],[-129.9828,53.5333,4.7912],[-129.9851,53.5351,6.2864],[-129.9892,53.5352,12.9882],[-129.9946,53.5303,5.3375]]],
[[[-129.9816,53.5527,14.7674],[-129.9906,53.5536,10.9398],[-129.9961,53.5494,0.0],[-129.9989,53.5492,0.0],[-129.9989,53.5478,9.7424],[-129.9894,53.5489,8.5586],[-129.9878,53.5477,9.3802],[-129.9972,53.5447,0.0],[-129.995,53.5425,0.0],[-129.9906,53.5444,5.4294],[-129.9836,53.5442,15.7337],[-129.9739,53.5509,38.1829],[-129.9711,53.5503,76.6857],[-129.9717,53.5473,0.0],[-129.9755,53.5442,5.4999],[-129.975,53.5425,4.9549],[-129.9789,53.5405,0.0],[-129.9761,53.5375,50.643],[-129.9767,53.5319,0.0],[-129.9739,53.5311,2.0159],[-129.9707,53.5325,22.3457],[-129.9695,53.5319,15.5974],[-129.9716,53.5292,0.0],[-129.9683,53.53,0.0],[-129.9628,53.5361,0.0],[-129.9644,53.5383,10.1644],[-129.9622,53.54,0.0],[-129.9627,53.5439,0.0],[-129.9595,53.5473,0.0],[-129.9594,53.5511,0.0],[-129.9816,53.5527,14.7674]]],
[[[-129.9627,53.5625,6.5056],[-129.9767,53.5631,2.828],[-129.9805,53.5612,0.0],[-129.9783,53.5594,19.9705],[-129.9833,53.5606,0.0],[-129.9894,53.5567,0.0],[-129.9822,53.5533,14.7674],[-129.965,53.5542,6.3187],[-129.9611,53.5553,3.0894],[-129.9567,53.5614,0.0],[-129.9572,53.5631,0.0],[-129.9627,53.5625,6.5056]]],
[[[-129.9842,53.5669,0.5894],[-129.9782,53.5663,0.0],[-129.9752,53.5675,0.0],[-129.9802,53.5687,2.3736],[-129.9842,53.5669,0.5894]]],
[[[-130.42,53.4758,12.0304],[-130.4211,53.4725,0.0],[-130.4194,53.4717,0.0],[-130.4167,53.4764,4.5771],[-130.42,53.4758,12.0304]]],
[[[-130.4363,53.4731,7.8603],[-130.4322,53.4769,0.0],[-130.4322,53.48,0.0],[-130.4344,53.4844,6.8288],[-130.4339,53.4867,3.2334],[-130.4394,53.4899,9.4404],[-130.4444,53.4863,4.8367],[-130.4467,53.4831,4.8387],[-130.4461,53.4808,10.1704],[-130.4483,53.4789,0.0],[-130.4444,53.4733,0.842],[-130.4389,53.4694,1.841],[-130.4356,53.4711,8.2615],[-130.4363,53.4731,7.8603]]],
[[[-130.4489,53.4917,9.2512],[-130.45,53.493899999999996,0.0],[-130.4572,53.495,0.3582],[-130.4539,53.4925,2.5721],[-130.455,53.4897,10.1948],[-130.4533,53.4883,20.5971],[-130.4556,53.4861,13.3221],[-130.4572,53.4872,0.8828],[-130.4589,53.4858,0.8253],[-130.4572,53.4842,9.7094],[-130.4578,53.4817,3.3468],[-130.4544,53.4803,0.0],[-130.4544,53.4833,1.2617],[-130.4489,53.4853,5.0392],[-130.4478,53.4847,5.0392],[-130.4511,53.4817,0.0],[-130.4483,53.4822,16.638],[-130.4417,53.4897,2.0328],[-130.4417,53.4908,0.6341],[-130.4489,53.4917,9.2512]]],
[[[-130.4155,53.5019,8.9773],[-130.4228,53.5031,8.7203],[-130.4339,53.4994,0.0],[-130.4328,53.4981,18.8323],[-130.4356,53.4964,0.0],[-130.4344,53.4897,1.3818],[-130.4289,53.4892,14.4972],[-130.4317,53.4869,0.4727],[-130.4317,53.4858,0.4727],[-130.4289,53.4872,13.9539],[-130.4311,53.4839,0.0],[-130.4278,53.4839,0.3941],[-130.4244,53.4892,12.3531],[-130.4244,53.4869,0.0],[-130.4222,53.4872,17.8081],[-130.4222,53.4859,5.5253],[-130.4254,53.4822,0.0],[-130.42,53.4847,0.0],[-130.4182,53.4902,5.5304],[-130.4194,53.4917,5.4212],[-130.4178,53.4922,0.0],[-130.4183,53.4967,0.0],[-130.4155,53.5019,8.9773]]],
[[[-130.4494,53.4975,5.1404],[-130.4511,53.4961,7.0949],[-130.4494,53.495,0.0],[-130.4461,53.4972,4.386],[-130.4472,53.4983,4.386],[-130.4494,53.4975,5.1404]]],
[[[-130.4583,53.4969,0.0],[-130.4535,53.4991,0.0],[-130.4583,53.4997,0.0],[-130.4582,53.4981,0.097],[-130.46,53.4975,0.0],[-130.4583,53.4969,0.0]]],
[[[-130.4433,53.5008,0.8286],[-130.4426,53.4976,0.1842],[-130.4385,53.5,11.7203],[-130.4414,53.5016,0.8286],[-130.4433,53.5008,0.8286]]],
[[[-130.4488,53.5031,0.8008],[-130.4455,53.5058,15.7362],[-130.4483,53.5072,1.9319],[-130.4577,53.5047,0.8599],[-130.4561,53.5036,0.0],[-130.4533,53.5044,3.4622],[-130.4488,53.5031,0.8008]]],
[[[-130.4044,53.5075,2.9156],[-130.4055,53.5089,0.0],[-130.4135,53.5087,0.0],[-130.41,53.5056,12.6341],[-130.4044,53.5075,2.9156]]],
[[[-130.3745,53.5103,9.0105],[-130.3733,53.5114,0.0],[-130.3778,53.5114,0.0],[-130.3772,53.51,4.2191],[-130.3745,53.5103,9.0105]]],
[[[-130.4167,53.6878,0.0],[-130.4178,53.6856,6.5203],[-130.4139,53.6853,0.0],[-130.415,53.6869,6.5203],[-130.4167,53.6878,0.0]]],
[[[-130.4222,53.7158,9.388],[-130.425,53.7158,0.0],[-130.4267,53.7147,0.0],[-130.42,53.715,0.0],[-130.4222,53.7158,9.388]]],
[[[-130.4161,53.7178,6.6129],[-130.4128,53.7186,3.0648],[-130.4206,53.72,7.3791],[-130.4244,53.7175,3.3204],[-130.4211,53.7169,9.388],[-130.4161,53.7178,6.6129]]],
[[[-130.3978,53.7236,26.8947],[-130.3994,53.7214,2.8516],[-130.3922,53.7242,0.0],[-130.3939,53.7244,0.0],[-130.3978,53.7236,26.8947]]],
[[[-130.4111,53.7328,1.1684],[-130.4078,53.7319,0.0],[-130.4044,53.7333,0.0],[-130.4061,53.7356,0.0],[-130.415,53.7342,0.0],[-130.4139,53.7319,0.0],[-130.4111,53.7328,1.1684]]],
[[[-130.3648,53.7464,3.5373],[-130.3617,53.75,0.0],[-130.3726,53.7491,5.6601],[-130.3761,53.745,22.0591],[-130.3793,53.7473,0.0],[-130.3876,53.7473,10.0087],[-130.3921,53.7444,9.1035],[-130.392,53.7417,3.6105],[-130.39,53.74,0.9457],[-130.3928,53.7372,2.2503],[-130.3911,53.7367,0.0],[-130.3861,53.7397,3.5442],[-130.388,53.7342,2.9884],[-130.3856,53.7319,1.3411],[-130.3833,53.7331,15.3341],[-130.3803,53.7322,15.3341],[-130.3772,53.7351,0.0],[-130.3656,53.7405,41.1555],[-130.3648,53.7464,3.5373]]],
[[[-130.1106,53.5514,0.0],[-130.11,53.5525,0.0],[-130.1128,53.5536,0.0],[-130.1167,53.5506,0.0],[-130.1144,53.5497,0.0],[-130.1106,53.5514,0.0]]],
[[[-130.1449,53.5528,9.0794],[-130.1455,53.5504,0.0],[-130.1432,53.5493,0.0],[-130.1359,53.5523,12.2732],[-130.1378,53.5561,0.0],[-130.1449,53.5528,9.0794]]],
[[[-130.0679,53.5612,6.89],[-130.0961,53.5607,0.0],[-130.1034,53.5589,9.9889],[-130.1005,53.5506,0.0],[-130.0979,53.5479,0.0],[-130.0936,53.547,0.0],[-130.0877,53.5493,9.371],[-130.0697,53.5497,2.8671],[-130.0643,53.552,0.0],[-130.0614,53.557,2.9052],[-130.0679,53.5612,6.89]]],
[[[-130.1162,53.5628,0.0],[-130.1178,53.5631,2.4387],[-130.1189,53.5622,0.0],[-130.1151,53.5618,0.0],[-130.1162,53.5628,0.0]]],
[[[-130.135,53.5661,0.0],[-130.1445,53.5668,0.0],[-130.1472,53.5649,4.2484],[-130.1553,53.5632,5.7411],[-130.1429,53.5589,14.1727],[-130.1213,53.5598,0.0],[-130.1187,53.5612,13.1401],[-130.1234,53.5622,16.4734],[-130.1228,53.5646,16.7455],[-130.1262,53.5664,3.0508],[-130.135,53.5661,0.0]]],
[[[-130.1211,53.5647,0.0],[-130.1172,53.5642,0.0],[-130.1162,53.565,0.0],[-130.1195,53.5659,0.0],[-130.1211,53.5647,0.0]]],
[[[-130.1994,53.5769,2.705],[-130.2022,53.5753,0.0],[-130.1983,53.5731,0.0],[-130.1972,53.5758,0.0],[-130.1994,53.5769,2.705]]],
[[[-130.1668,53.5777,0.0],[-130.1692,53.5832,6.6987],[-130.1717,53.5839,0.0],[-130.1744,53.5819,31.8787],[-130.1894,53.5789,0.0],[-130.1931,53.5759,0.0],[-130.19,53.5708,3.8355],[-130.1781,53.5667,0.0],[-130.1706,53.5679,8.402],[-130.1653,53.5713,0.0],[-130.1647,53.5742,0.0],[-130.1668,53.5777,0.0]]],
[[[-130.2325,53.3719,0.0],[-130.2294,53.3714,2.53],[-130.2311,53.3739,0.0],[-130.2383,53.3731,0.0],[-130.2359,53.3715,0.0],[-130.2325,53.3719,0.0]]],
[[[-130.2283,53.3722,0.0],[-130.2249,53.3709,3.6443],[-130.2233,53.3728,7.1149],[-130.226,53.3745,5.4805],[-130.2289,53.3736,0.0],[-130.2283,53.3722,0.0]]],
[[[-130.3706,53.5144,3.4692],[-130.3728,53.5144,0.8252],[-130.3728,53.5119,0.0],[-130.37,53.5125,0.0],[-130.3706,53.5144,3.4692]]],
[[[-130.2742,53.798,7.072],[-130.2781,53.8001,1.7806],[-130.2865,53.8002,21.7073],[-130.3144,53.7953,4.0304],[-130.3106,53.7914,3.3636],[-130.3,53.7883,19.3481],[-130.3061,53.7878,0.0],[-130.3117,53.7857,0.0],[-130.3127,53.7838,9.2457],[-130.3156,53.7836,10.918],[-130.3136,53.7803,34.2841],[-130.3183,53.7795,0.0],[-130.3189,53.7764,0.0],[-130.3122,53.7692,5.5298],[-130.3062,53.7663,3.2252],[-130.3006,53.7586,10.4761],[-130.2901,53.7557,19.6223],[-130.2872,53.7508,10.1628],[-130.2971,53.7515,12.3374],[-130.3044,53.7503,6.0746],[-130.3,53.7478,25.5379],[-130.3044,53.7469,7.6214],[-130.3039,53.7397,18.0984],[-130.3078,53.7408,29.4091],[-130.3072,53.7428,1.7639],[-130.3153,53.744,1.4025],[-130.3282,53.7414,0.0],[-130.3311,53.7389,0.0],[-130.3311,53.7378,0.0],[-130.3272,53.7372,14.8029],[-130.3283,53.7364,18.3159],[-130.3367,53.7369,8.5479],[-130.353,53.7312,3.9467],[-130.3621,53.7253,13.6413],[-130.3644,53.7214,9.0272],[-130.37,53.7214,5.2244],[-130.3702,53.7194,4.0197],[-130.3852,53.7109,2.2192],[-130.4,53.7073,0.3062],[-130.3999,53.7051,0.0],[-130.3936,53.7023,7.543],[-130.3739,53.7047,29.7754],[-130.3861,53.7017,5.3921],[-130.3897,53.6983,10.9608],[-130.3999,53.6967,5.2093],[-130.3983,53.6947,0.0],[-130.4,53.6936,0.0],[-130.3972,53.6917,4.6609],[-130.4001,53.69,13.1865],[-130.4041,53.6908,0.0],[-130.4055,53.69,8.7634],[-130.4044,53.6881,14.9127],[-130.4078,53.6864,7.7715],[-130.4063,53.6831,16.271],[-130.4072,53.6817,0.0],[-130.4022,53.6794,9.6089],[-130.4073,53.6784,23.8857],[-130.4101,53.6754,6.8465],[-130.4057,53.673,0.0],[-130.4033,53.6745,14.8212],[-130.4016,53.6736,8.3774],[-130.4006,53.6714,2.4451],[-130.4017,53.6701,1.3822],[-130.4,53.668,4.9949],[-130.3935,53.6667,14.3343],[-130.39,53.6636,0.0],[-130.3822,53.6631,13.0752],[-130.3961,53.6611,0.0],[-130.3872,53.6581,0.0],[-130.3771,53.6515,1.9428],[-130.3717,53.6498,0.0],[-130.3628,53.6514,7.5311],[-130.3605,53.6503,7.7501],[-130.365,53.6489,5.8947],[-130.3641,53.6451,0.0],[-130.3554,53.6459,6.0757],[-130.349,53.6447,0.0],[-130.3467,53.642,4.4425],[-130.3399,53.6403,0.0],[-130.3261,53.6403,13.6978],[-130.3339,53.6383,5.1364],[-130.3256,53.6364,4.7306],[-130.3278,53.6353,27.1614],[-130.3494,53.6414,14.634],[-130.3583,53.6405,0.0],[-130.3517,53.6383,2.5244],[-130.3582,53.6352,12.1127],[-130.3596,53.6324,2.1536],[-130.3569,53.6296,3.7633],[-130.3518,53.6259,3.2507],[-130.3432,53.6241,3.0807],[-130.3328,53.6176,0.0],[-130.3178,53.6155,4.5313],[-130.3116,53.6175,9.7174],[-130.3111,53.6164,1.601],[-130.3161,53.6145,0.0],[-130.3139,53.6134,0.0],[-130.305,53.6161,3.5824],[-130.3032,53.6191,19.4567],[-130.3022,53.6153,10.661],[-130.3044,53.6136,0.0],[-130.2989,53.6089,4.7842],[-130.295,53.6128,10.7442],[-130.2926,53.61,4.1984],[-130.2872,53.6086,16.055],[-130.2894,53.6067,0.0],[-130.2867,53.6059,7.3142],[-130.2812,53.6063,3.2736],[-130.2739,53.6095,13.3518],[-130.2727,53.6089,13.3518],[-130.2741,53.6079,0.0],[-130.27,53.6073,11.6653],[-130.275,53.6061,0.0],[-130.2637,53.601,5.9629],[-130.2402,53.5984,0.0],[-130.2333,53.5997,2.5991],[-130.2339,53.5975,0.0],[-130.2255,53.5959,3.2158],[-130.2317,53.5959,0.0],[-130.231,53.5951,0.0],[-130.2057,53.5853,0.0],[-130.1942,53.5844,0.0],[-130.1917,53.5803,0.0],[-130.1859,53.5807,4.6063],[-130.1673,53.5864,0.0],[-130.1631,53.5821,19.7661],[-130.165,53.5797,3.5461],[-130.1644,53.5779,3.4819],[-130.1537,53.5679,3.624],[-130.1437,53.5691,2.7888],[-130.1419,53.5677,2.3459],[-130.1263,53.5669,3.0508],[-130.1227,53.5692,13.5381],[-130.1166,53.566,0.0],[-130.1111,53.5675,1.8221],[-130.1122,53.5628,0.0],[-130.105,53.5611,0.0],[-130.0977,53.5634,0.0],[-130.0872,53.5622,10.1618],[-130.075,53.5636,0.0],[-130.0744,53.5653,0.0],[-130.0794,53.5717,0.0],[-130.1006,53.5828,7.659],[-130.0972,53.5869,0.0],[-130.0989,53.5909,17.4244],[-130.0968,53.5932,0.0],[-130.1004,53.5998,18.1727],[-130.1011,53.6056,14.5314],[-130.1072,53.6109,2.1326],[-130.1139,53.6125,3.7034],[-130.1182,53.6203,0.0],[-130.1277,53.618899999999996,5.1458],[-130.1267,53.6206,11.4452],[-130.1205,53.6211,10.1589],[-130.1209,53.6233,7.3069],[-130.1143,53.6323,3.7786],[-130.115,53.6356,0.0],[-130.1177,53.6372,0.0],[-130.1167,53.6392,0.0],[-130.1238,53.6481,12.1547],[-130.124,53.6519,14.054],[-130.1206,53.6558,24.4597],[-130.1222,53.6597,0.0],[-130.1194,53.6622,0.0],[-130.1238,53.665,20.5259],[-130.1247,53.6683,3.0446],[-130.127,53.669,8.517],[-130.1205,53.6695,9.8648],[-130.11,53.6756,0.0],[-130.112,53.6801,16.2211],[-130.1245,53.6878,10.3743],[-130.1222,53.6931,8.4001],[-130.1226,53.6957,17.363],[-130.1373,53.6995,6.9028],[-130.1572,53.7095,4.8679],[-130.1853,53.7116,20.8115],[-130.1939,53.7083,13.104],[-130.1989,53.7084,28.7291],[-130.2082,53.7115,0.0],[-130.2222,53.719,0.0],[-130.2306,53.7253,5.2096],[-130.2322,53.7286,6.4161],[-130.2267,53.7281,0.0],[-130.2305,53.7378,0.0],[-130.2206,53.7514,0.0],[-130.2207,53.7611,0.0],[-130.226,53.7678,24.1218],[-130.2244,53.7711,4.1256],[-130.2267,53.7756,3.2679],[-130.2338,53.7802,43.9417],[-130.2348,53.784,0.0],[-130.2413,53.7924,0.0],[-130.2646,53.7943,7.7726],[-130.2702,53.7982,5.6299],[-130.2742,53.798,7.072]]],
[[[-130.0222,53.8536,0.0],[-130.0206,53.8553,0.0],[-130.0256,53.8592,0.0],[-130.03,53.8569,0.0],[-130.0267,53.8544,1.9047],[-130.0222,53.8536,0.0]]],
[[[-130.1534,53.9363,0.0],[-130.1628,53.9369,22.2681],[-130.1656,53.9356,11.7705],[-130.1661,53.9319,8.4188],[-130.173,53.9292,14.3359],[-130.1662,53.9225,4.6396],[-130.1624,53.9211,8.3632],[-130.156,53.9217,0.0],[-130.1483,53.9198,0.0],[-130.1456,53.9211,6.8686],[-130.1466,53.9231,1.5145],[-130.1439,53.9247,0.0],[-130.1372,53.9162,6.6475],[-130.1337,53.9153,0.0],[-130.133,53.9172,21.9942],[-130.1361,53.92,30.316],[-130.1362,53.9221,4.3397],[-130.1424,53.9279,0.7956],[-130.1389,53.9313,0.0],[-130.1455,53.9353,11.9443],[-130.1483,53.935,0.0],[-130.1478,53.9328,9.8455],[-130.1504,53.9331,9.8455],[-130.1534,53.9363,0.0]]],
[[[-130.1449,53.9488,0.0],[-130.1507,53.9512,0.0],[-130.1534,53.9501,0.0],[-130.1508,53.9481,45.3295],[-130.1516,53.9468,0.0],[-130.1482,53.9452,0.0],[-130.1448,53.9468,0.0],[-130.1449,53.9488,0.0]]],
[[[-130.1422,53.9683,0.9171],[-130.1437,53.9707,6.995],[-130.1479,53.9709,0.0],[-130.1595,53.9661,13.448],[-130.1604,53.9639,27.0798],[-130.1547,53.9595,3.3966],[-130.1449,53.9559,0.0],[-130.1416,53.9589,3.4691],[-130.1428,53.9611,2.8518],[-130.1416,53.9619,2.8518],[-130.1439,53.9653,18.7548],[-130.1422,53.9683,0.9171]]],
[[[-130.374,53.7349,0.0],[-130.3709,53.7333,0.0],[-130.3695,53.7361,0.0],[-130.3729,53.7359,5.6976],[-130.374,53.7349,0.0]]],
[[[-130.3587,53.7812,10.9688],[-130.3664,53.7809,10.9506],[-130.3752,53.783,14.5739],[-130.3818,53.7811,20.9373],[-130.3844,53.7767,5.2093],[-130.3817,53.7733,0.0],[-130.3829,53.7706,11.0796],[-130.3872,53.7693,8.6606],[-130.3909,53.7658,0.0],[-130.3867,53.7624,4.9335],[-130.3907,53.7589,0.0],[-130.3882,53.7558,0.0],[-130.3892,53.7534,5.4066],[-130.3758,53.7496,0.0],[-130.373,53.7505,4.5569],[-130.3711,53.7539,10.5177],[-130.3672,53.7536,0.0],[-130.3694,53.7561,23.2338],[-130.3628,53.7567,18.0814],[-130.3622,53.755,3.1537],[-130.3544,53.7512,19.4717],[-130.3595,53.7506,3.6423],[-130.3628,53.7431,32.6535],[-130.3633,53.7397,0.0],[-130.3617,53.7392,2.6721],[-130.3567,53.7433,4.1794],[-130.3561,53.7483,19.9033],[-130.3538,53.7426,5.7986],[-130.3477,53.743899999999996,22.6655],[-130.3417,53.7486,0.0],[-130.3333,53.7501,15.1374],[-130.3323,53.7529,1.9625],[-130.3372,53.7541,10.7364],[-130.3333,53.7564,9.7719],[-130.3236,53.7582,0.0],[-130.3239,53.7606,4.3893],[-130.3211,53.7617,4.3893],[-130.3467,53.7789,2.9609],[-130.3587,53.7812,10.9688]]],
[[[-130.3178,53.7883,1.0795],[-130.3144,53.7875,4.7232],[-130.3106,53.7897,23.2169],[-130.3172,53.7947,12.0591],[-130.32,53.7928,0.0],[-130.3178,53.7883,1.0795]]],
[[[-130.3456,53.7981,11.9593],[-130.3494,53.7967,15.4097],[-130.3489,53.795,0.0],[-130.3445,53.7964,0.0],[-130.3456,53.7981,11.9593]]],
[[[-130.3939,53.7492,0.0],[-130.3911,53.7506,0.0],[-130.3928,53.7536,0.0],[-130.3989,53.7514,0.0],[-130.3978,53.7481,0.0],[-130.3939,53.7492,0.0]]],
[[[-130.3806,53.8122,3.4993],[-130.3828,53.8128,3.4993],[-130.3828,53.8103,0.0],[-130.3806,53.8103,0.0],[-130.3806,53.8122,3.4993]]],
[[[-130.3761,53.8119,0.0],[-130.3728,53.8111,0.0],[-130.3711,53.8147,0.0],[-130.3781,53.8137,0.0],[-130.3761,53.8119,0.0]]],
[[[-130.4356,53.8154,9.0139],[-130.4368,53.8145,9.0139],[-130.4342,53.8127,7.9206],[-130.4293,53.813,8.0533],[-130.4311,53.8167,10.6501],[-130.4356,53.8154,9.0139]]],
[[[-130.3667,53.8,0.0],[-130.3722,53.8031,6.7781],[-130.3787,53.8014,3.5335],[-130.3815,53.7989,0.0],[-130.3772,53.7976,15.1388],[-130.3667,53.8,0.0]]],
[[[-130.35,53.8022,1.3608],[-130.3595,53.8036,0.0],[-130.355,53.8003,0.0],[-130.3517,53.8,0.0],[-130.35,53.8022,1.3608]]],
[[[-130.3624,53.8034,17.9166],[-130.3654,53.8029,0.0],[-130.3652,53.8013,7.5612],[-130.3611,53.8021,0.0],[-130.3624,53.8034,17.9166]]],
[[[-130.3605,53.81,9.1975],[-130.3633,53.8094,2.6331],[-130.3639,53.8086,0.0],[-130.3583,53.8094,0.0],[-130.3605,53.81,9.1975]]],
[[[-130.3999,53.8132,4.7836],[-130.3955,53.8122,8.8813],[-130.3931,53.814,0.0],[-130.4006,53.8169,15.649],[-130.4017,53.8139,25.2954],[-130.3999,53.8132,4.7836]]],
[[[-130.3728,53.8164,0.0],[-130.3806,53.8194,0.0],[-130.3856,53.8181,17.4497],[-130.3878,53.8144,4.8452],[-130.3914,53.813,0.0],[-130.3885,53.8123,2.4007],[-130.3728,53.8164,0.0]]],
[[[-130.3911,53.8183,13.4654],[-130.3944,53.8172,3.4185],[-130.3905,53.8153,0.0],[-130.3894,53.8161,0.0],[-130.3911,53.8183,13.4654]]],
[[[-130.4167,53.8206,1.2468],[-130.4194,53.8189,0.0],[-130.4142,53.819,13.377],[-130.4096,53.8214,0.0],[-130.4128,53.8225,0.0],[-130.4167,53.8206,1.2468]]],
[[[-129.7794,53.1475,0.0],[-129.7828,53.145,1.0051],[-129.7794,53.1444,0.6517],[-129.7779,53.1467,0.0],[-129.7794,53.1475,0.0]]],
[[[-129.7956,53.1517,1.1483],[-129.7944,53.1525,0.0],[-129.7967,53.1522,0.2315],[-129.7961,53.1497,0.0],[-129.7944,53.1508,0.0],[-129.7956,53.1517,1.1483]]],
[[[-129.7872,53.155,0.0],[-129.7844,53.1542,0.398],[-129.7817,53.1544,0.0954],[-129.7839,53.1564,1.9261],[-129.7872,53.155,0.0]]],
[[[-129.7989,53.1584,7.6516],[-129.8061,53.1603,0.0],[-129.8006,53.1564,0.0],[-129.7983,53.1567,0.0],[-129.7978,53.1583,7.6516],[-129.7989,53.1584,7.6516]]],
[[[-129.8883,53.1592,1.1226],[-129.89,53.1603,0.0],[-129.8922,53.1597,0.0],[-129.89,53.1583,0.0],[-129.8883,53.1592,1.1226]]],
[[[-129.8276,53.1609,0.0],[-129.8316,53.1609,0.0],[-129.8326,53.16,0.0],[-129.8296,53.1585,0.0],[-129.8276,53.1609,0.0]]],
[[[-129.9017,53.1625,0.0],[-129.905,53.1614,0.0],[-129.9,53.1592,0.6193],[-129.8978,53.1603,0.0],[-129.9006,53.1625,0.0],[-129.9017,53.1625,0.0]]],
[[[-129.945,53.1619,0.5214],[-129.9539,53.1669,14.308],[-129.9567,53.1663,1.6021],[-129.955,53.1646,10.343],[-129.9594,53.1642,4.5335],[-129.9533,53.1608,1.8169],[-129.945,53.1619,0.5214]]],
[[[-129.8073,53.16,0.0],[-129.8097,53.1613,0.2479],[-129.8122,53.1604,0.0],[-129.8083,53.1592,1.3592],[-129.8073,53.16,0.0]]],
[[[-129.7904,53.1611,2.358],[-129.7904,53.1591,4.747],[-129.7865,53.1594,0.2293],[-129.7873,53.1617,0.563],[-129.7904,53.1611,2.358]]],
[[[-129.8232,53.1721,4.2982],[-129.8252,53.1718,8.8203],[-129.8257,53.1709,8.8203],[-129.8237,53.1703,0.0],[-129.8232,53.1721,4.2982]]],
[[[-129.76,53.1725,0.0],[-129.7633,53.1725,0.0],[-129.7633,53.1706,4.8107],[-129.7611,53.1706,16.4821],[-129.76,53.1725,0.0]]],
[[[-129.8271,53.1694,0.0],[-129.8286,53.1691,0.0],[-129.8281,53.1679,2.0068],[-129.8251,53.1679,0.0],[-129.8251,53.1685,0.0],[-129.8271,53.1694,0.0]]],
[[[-129.8661,53.1739,0.0],[-129.8644,53.1731,0.0],[-129.8628,53.1739,0.0],[-129.8661,53.1753,0.0],[-129.8661,53.1739,0.0]]],
[[[-129.8589,53.1758,0.0],[-129.8611,53.1756,0.0],[-129.8617,53.1744,0.0],[-129.8589,53.1739,0.0],[-129.8589,53.1758,0.0]]],
[[[-129.9944,53.2025,0.0],[-129.9924,53.2032,0.0],[-129.9974,53.2059,0.0],[-129.9964,53.2025,0.0],[-129.9944,53.2025,0.0]]],
[[[-130.0417,53.1437,1.1518],[-130.0403,53.1428,1.1518],[-130.0399,53.1453,2.2729],[-130.0437,53.1458,0.0],[-130.0425,53.1453,1.4773],[-130.0442,53.1442,1.4773],[-130.0437,53.1428,0.0],[-130.0417,53.1437,1.1518]]],
[[[-130.014,53.2035,0.0],[-130.015,53.2025,0.0],[-130.0139,53.2006,0.0],[-130.0114,53.2003,0.0],[-130.0117,53.2036,0.6159],[-130.014,53.2035,0.0]]],
[[[-130.021,53.2153,0.0],[-130.0194,53.2173,0.0],[-130.0227,53.2175,1.4579],[-130.0233,53.2167,0.0],[-130.0206,53.2164,1.269],[-130.021,53.2153,0.0]]],
[[[-130.0343,53.2364,5.5159],[-130.032,53.2397,0.0],[-130.0348,53.2406,0.0],[-130.0343,53.2394,6.1896],[-130.0359,53.2386,6.5017],[-130.0343,53.2381,6.5017],[-130.0409,53.2339,0.0],[-130.0382,53.2333,0.0],[-130.0343,53.2364,5.5159]]],
[[[-130.0473,53.2403,0.0],[-130.0439,53.2422,1.1164],[-130.0467,53.243899999999996,2.8506],[-130.0518,53.2409,0.0],[-130.0528,53.2383,0.0],[-130.0483,53.2381,0.0],[-130.0473,53.2403,0.0]]],
[[[-130.0362,53.2431,5.6634],[-130.0306,53.2462,12.632],[-130.034,53.2467,4.7586],[-130.0379,53.2437,5.6634],[-130.0362,53.2431,5.6634]]],
[[[-130.1,53.2867,0.2736],[-130.0989,53.2853,2.0879],[-130.1,53.2839,0.0],[-130.0967,53.285,2.6732],[-130.0967,53.2864,1.4841],[-130.1,53.2867,0.2736]]],
[[[-130.1129,53.3075,0.0],[-130.114,53.3044,0.0],[-130.1117,53.3044,0.0],[-130.11,53.3072,0.0],[-130.112,53.3088,0.0],[-130.1129,53.3075,0.0]]],
[[[-130.1175,53.3161,5.4136],[-130.1179,53.3147,0.0],[-130.1151,53.315,0.0],[-130.1156,53.3189,6.6283],[-130.1173,53.3183,3.4095],[-130.1175,53.3161,5.4136]]],
[[[-130.1541,53.3231,0.0],[-130.1551,53.3243,0.0],[-130.1539,53.3208,0.1327],[-130.1522,53.3208,0.0],[-130.1528,53.3225,0.0],[-130.1541,53.3231,0.0]]],
[[[-130.187,53.3417,0.2154],[-130.1887,53.3411,0.7491],[-130.1882,53.3386,0.0],[-130.1865,53.3386,0.0],[-130.187,53.3417,0.2154]]],
[[[-130.1935,53.3458,1.8787],[-130.1975,53.3484,3.0865],[-130.2022,53.3489,0.0],[-130.2022,53.3453,9.2228],[-130.2037,53.3444,0.0],[-130.2037,53.3375,0.0],[-130.1954,53.3321,0.9597],[-130.1903,53.3342,0.0],[-130.1924,53.336,0.4341],[-130.1962,53.3362,0.4341],[-130.1933,53.3386,2.7228],[-130.1944,53.3406,4.7872],[-130.1935,53.3458,1.8787]]],
[[[-130.2063,53.3497,1.4371],[-130.2135,53.3531,4.4254],[-130.2163,53.3525,0.0],[-130.2144,53.3494,0.7251],[-130.208,53.3503,1.4371],[-130.2069,53.3492,1.4371],[-130.2091,53.3489,0.0],[-130.2057,53.3478,1.4688],[-130.2063,53.3497,1.4371]]],
[[[-130.2261,53.3558,0.0],[-130.2316,53.3563,2.3395],[-130.2327,53.3546,2.4093],[-130.2255,53.3502,0.0],[-130.2261,53.3558,0.0]]],
[[[-130.2256,53.3619,0.0],[-130.2251,53.3597,0.5883],[-130.2234,53.3592,0.5883],[-130.2223,53.3625,0.0],[-130.2256,53.3619,0.0]]],
[[[-130.2244,53.3658,4.4004],[-130.2254,53.3696,8.3799],[-130.2311,53.3706,2.53],[-130.2317,53.3675,0.0],[-130.2294,53.3658,7.1092],[-130.2311,53.3636,1.2814],[-130.2278,53.3629,1.2814],[-130.2244,53.3658,4.4004]]],
[[[-129.61,53.2336,0.0],[-129.6117,53.2342,0.9627],[-129.6128,53.2325,2.4886],[-129.61,53.2317,0.0],[-129.61,53.2336,0.0]]],
[[[-129.6245,53.2427,0.0],[-129.6234,53.2436,0.0],[-129.6255,53.2447,0.0],[-129.6314,53.2422,0.0],[-129.6303,53.2411,1.6263],[-129.6245,53.2427,0.0]]],
[[[-129.4983,53.2511,0.0],[-129.5,53.2506,0.0],[-129.4961,53.2492,3.2465],[-129.4933,53.2522,0.0],[-129.4944,53.2525,0.0],[-129.4983,53.2511,0.0]]],
[[[-129.7989,53.2783,0.0],[-129.7972,53.2783,0.0],[-129.7961,53.2792,0.0],[-129.7989,53.2803,0.0],[-129.7989,53.2783,0.0]]],
[[[-129.5189,53.2975,0.0],[-129.5206,53.2964,34.777],[-129.52,53.2919,0.0],[-129.5144,53.2928,4.3818],[-129.5167,53.2964,18.7947],[-129.5189,53.2975,0.0]]],
[[[-129.524,53.2977,0.0],[-129.5222,53.2972,0.0],[-129.5222,53.2989,0.0],[-129.5243,53.2989,0.0],[-129.524,53.2977,0.0]]],
[[[-129.6923,53.3071,0.0],[-129.69,53.3044,0.0],[-129.6872,53.305,0.0],[-129.69,53.3078,0.0],[-129.6923,53.3071,0.0]]],
[[[-129.415,53.3078,0.0],[-129.4153,53.3095,0.0],[-129.4172,53.3092,0.0],[-129.4167,53.3081,0.0],[-129.415,53.3078,0.0]]],
[[[-129.6967,53.3161,0.0],[-129.7011,53.3186,2.783],[-129.7033,53.3175,0.0],[-129.7011,53.3153,0.0],[-129.6967,53.3161,0.0]]],
[[[-129.4067,53.3178,0.0],[-129.4106,53.315,0.0],[-129.4083,53.3147,0.0],[-129.3999,53.3191,0.0],[-129.4033,53.3197,0.6489],[-129.4067,53.3178,0.0]]],
[[[-129.3983,53.325,6.3053],[-129.4039,53.3222,0.0],[-129.3994,53.3228,0.0],[-129.3972,53.3247,0.0],[-129.3983,53.325,6.3053]]],
[[[-129.4405,53.3336,0.0],[-129.4355,53.3453,20.3581],[-129.4373,53.3489,20.7383],[-129.4417,53.3526,0.0],[-129.4599,53.3605,0.0],[-129.4689,53.3614,0.0],[-129.4652,53.3586,44.11],[-129.4657,53.3473,61.0934],[-129.4693,53.3448,4.8307],[-129.4716,53.3393,0.0],[-129.4694,53.3314,4.3025],[-129.465,53.3253,0.0],[-129.4611,53.3244,0.0],[-129.465,53.335,3.3624],[-129.4646,53.3385,0.0],[-129.461,53.3361,2.1689],[-129.4607,53.3307,0.0],[-129.4517,53.3218,0.0],[-129.4433,53.3281,0.0],[-129.4439,53.3342,31.447],[-129.4405,53.3336,0.0]]],
[[[-129.8633,53.3473,17.8003],[-129.8649,53.3497,7.8775],[-129.8674,53.3491,4.9998],[-129.8659,53.343,0.0],[-129.8613,53.3442,13.9559],[-129.8633,53.3473,17.8003]]],
[[[-129.8767,53.4239,0.0],[-129.88,53.425,0.0],[-129.8811,53.4233,0.0],[-129.8789,53.4228,0.0],[-129.8767,53.4239,0.0]]],
[[[-129.8513,53.439,0.0],[-129.8533,53.4367,0.0],[-129.8482,53.4371,0.0],[-129.8495,53.4386,18.2715],[-129.8513,53.439,0.0]]],
[[[-129.9328,53.4511,0.0],[-129.9315,53.4519,0.0],[-129.9344,53.4536,0.0],[-129.9344,53.4517,0.0],[-129.9328,53.4511,0.0]]],
[[[-129.225,53.3896,4.9153],[-129.2285,53.3941,30.494],[-129.2319,53.4088,6.41],[-129.2373,53.4119,10.7715],[-129.2586,53.4037,27.7932],[-129.2703,53.4016,21.6676],[-129.2778,53.3939,7.0997],[-129.2706,53.3892,3.8936],[-129.2678,53.385,24.9484],[-129.2667,53.3789,19.898],[-129.2612,53.3709,21.786],[-129.2617,53.3681,5.1112],[-129.2504,53.3647,0.0],[-129.247,53.3611,8.0017],[-129.2333,53.3572,30.8312],[-129.2278,53.3581,26.3228],[-129.2278,53.3639,147.0152],[-129.2211,53.3758,0.0],[-129.225,53.3896,4.9153]]],
[[[-130.1947,53.9095,0.0],[-130.205,53.9114,19.695],[-130.2149,53.9073,0.0],[-130.2247,53.9068,0.0],[-130.2249,53.9039,1.5876],[-130.2276,53.9027,0.0],[-130.2267,53.8981,6.2221],[-130.2322,53.8917,19.6267],[-130.2422,53.8925,0.0],[-130.2489,53.8883,23.7897],[-130.258,53.8898,18.2676],[-130.2628,53.8872,0.0],[-130.2611,53.885,14.9165],[-130.2667,53.8831,6.6437],[-130.2778,53.8739,9.5441],[-130.2869,53.8701,6.6555],[-130.2856,53.8656,0.0],[-130.2817,53.8639,16.7434],[-130.2959,53.8492,0.0],[-130.2945,53.8479,7.0197],[-130.2959,53.8465,0.0],[-130.2944,53.8419,0.0],[-130.2894,53.8378,27.7292],[-130.2917,53.8328,0.0],[-130.2867,53.8311,30.6704],[-130.2894,53.8297,3.9843],[-130.2883,53.8264,64.943],[-130.2911,53.825,46.2237],[-130.2894,53.8233,0.0],[-130.2824,53.8237,0.0],[-130.2726,53.8191,17.8819],[-130.2663,53.8193,33.7206],[-130.2628,53.8175,0.0],[-130.2533,53.8183,8.6867],[-130.2433,53.8149,12.8636],[-130.2294,53.8147,20.5924],[-130.2228,53.8131,0.0],[-130.2022,53.8132,16.05],[-130.1938,53.8155,120.7995],[-130.1833,53.8161,11.7322],[-130.1833,53.8131,34.0663],[-130.1883,53.8078,7.0752],[-130.1978,53.8095,0.0],[-130.2017,53.8083,51.1317],[-130.2033,53.8092,22.3754],[-130.2011,53.8103,0.0],[-130.2028,53.8108,0.0],[-130.2156,53.8105,0.0],[-130.2203,53.8085,14.2022],[-130.2194,53.8069,12.5618],[-130.2208,53.8053,6.3779],[-130.2179,53.8038,20.9042],[-130.2221,53.7993,9.099],[-130.2222,53.7972,14.6909],[-130.2195,53.7914,3.1118],[-130.2123,53.7867,17.8529],[-130.2112,53.7828,0.0],[-130.215,53.7756,6.2777],[-130.21,53.7715,3.4207],[-130.2072,53.7647,23.3285],[-130.2083,53.7617,7.2047],[-130.2061,53.76,0.0],[-130.2069,53.7584,0.0],[-130.2042,53.7543,4.8999],[-130.2033,53.7494,0.0],[-130.2044,53.7461,24.5176],[-130.2133,53.7428,0.0],[-130.215,53.7336,2.1098],[-130.213,53.7289,0.0],[-130.2056,53.7211,0.0],[-130.1966,53.7202,0.0],[-130.1944,53.7183,0.0],[-130.1735,53.7186,0.0],[-130.1628,53.715,0.0],[-130.1533,53.7147,7.3975],[-130.1439,53.71,0.0],[-130.1394,53.7095,7.5659],[-130.1326,53.7051,2.7361],[-130.117,53.7023,16.2024],[-130.107,53.6983,0.0],[-130.1038,53.6991,0.0],[-130.0927,53.7161,0.0],[-130.0877,53.7167,6.888],[-130.0889,53.7208,19.8067],[-130.0844,53.7241,20.7067],[-130.0822,53.7233,11.119],[-130.0766,53.7183,0.0],[-130.0764,53.7155,0.0],[-130.0811,53.7122,4.8383],[-130.0903,53.7102,26.1213],[-130.0933,53.7061,43.0026],[-130.0931,53.7041,13.335],[-130.1008,53.7007,5.4149],[-130.1021,53.6979,10.0128],[-130.1017,53.6952,0.0],[-130.0986,53.6941,0.0],[-130.0982,53.6885,0.0],[-130.0913,53.6783,33.4648],[-130.0927,53.675,0.0],[-130.0901,53.673,7.2957],[-130.1006,53.6668,0.0],[-130.0874,53.6521,19.6289],[-130.0874,53.6423,19.6635],[-130.0724,53.6306,31.3644],[-130.0512,53.6306,49.6694],[-130.0428,53.6337,0.0],[-130.0341,53.6337,0.0],[-130.0085,53.6398,8.3603],[-129.9961,53.6448,3.0966],[-129.9856,53.6438,1.7779],[-129.9839,53.6443,1.7779],[-129.9838,53.6469,8.2387],[-129.9814,53.6478,6.9557],[-129.9657,53.6449,0.0],[-129.9569,53.6488,19.8675],[-129.9474,53.6491,0.0],[-129.9383,53.6559,13.4094],[-129.9267,53.6533,3.5701],[-129.925,53.6503,0.0],[-129.9221,53.6489,19.3246],[-129.9344,53.6453,24.62],[-129.943,53.6473,0.0],[-129.9448,53.6468,14.7394],[-129.9444,53.6443,6.7555],[-129.9832,53.6395,0.0],[-129.997,53.6329,5.7192],[-130.0061,53.6336,14.0585],[-130.0161,53.6306,27.8335],[-130.02,53.632,15.2306],[-130.0591,53.6265,8.3534],[-130.0655,53.6233,0.0],[-130.0628,53.6208,0.0],[-130.0632,53.6179,0.0],[-130.0617,53.6157,0.0],[-130.0647,53.6121,0.0],[-130.0619,53.6078,0.0],[-130.0628,53.6053,0.0],[-130.0612,53.602,0.0],[-130.0628,53.5986,0.0],[-130.0544,53.5942,1.5951],[-130.0561,53.5933,16.6849],[-130.055,53.5917,0.0],[-130.0489,53.5911,2.921],[-130.0528,53.59,0.0],[-130.0479,53.5873,23.3963],[-130.0457,53.5841,8.9495],[-130.0355,53.5901,21.0334],[-130.0344,53.5886,40.5742],[-130.0394,53.5844,0.0],[-130.0377,53.5821,21.0192],[-130.0328,53.5801,1.7722],[-130.03,53.5752,0.0],[-130.0222,53.5728,13.5647],[-130.0239,53.5714,1.1875],[-130.0171,53.5681,4.9244],[-130.0124,53.5677,5.1169],[-130.0089,53.5645,4.0143],[-129.9965,53.5665,0.0],[-129.9918,53.5707,18.4289],[-129.9839,53.5706,16.9141],[-129.9819,53.5738,3.155],[-129.9793,53.5747,0.0],[-129.9656,53.5731,0.0],[-129.9688,53.5714,5.0681],[-129.9733,53.5715,0.0],[-129.9739,53.5689,0.1987],[-129.9706,53.57,0.0],[-129.9566,53.5692,5.7756],[-129.955,53.5725,0.0],[-129.9566,53.5745,4.8572],[-129.9628,53.5764,0.0],[-129.9589,53.5781,5.5666],[-129.9567,53.5775,1.0573],[-129.9528,53.58,8.6503],[-129.9478,53.5778,0.0],[-129.9539,53.5736,0.0],[-129.9444,53.5719,0.0],[-129.9439,53.5661,0.0],[-129.9411,53.5645,18.9116],[-129.9422,53.5625,1.5705],[-129.9483,53.5597,0.0],[-129.9333,53.5603,0.0],[-129.9233,53.5653,5.4167],[-129.925,53.5678,0.0],[-129.9278,53.5672,0.0],[-129.9272,53.5695,5.1225],[-129.9178,53.5717,0.0],[-129.9144,53.5747,1.6619],[-129.9156,53.5764,3.6282],[-129.935,53.5742,0.0],[-129.9278,53.5809,15.4878],[-129.9261,53.5797,0.0],[-129.9294,53.5769,0.0],[-129.9255,53.5753,16.1919],[-129.9206,53.578,3.3013],[-129.9135,53.5785,0.0],[-129.9018,53.5827,21.0749],[-129.8912,53.5825,0.0],[-129.8894,53.5781,1.9495],[-129.8867,53.5764,0.0],[-129.8867,53.5742,0.0],[-129.8916,53.5717,0.0],[-129.8844,53.5708,11.4114],[-129.8811,53.5683,0.0],[-129.8817,53.5672,0.0],[-129.8883,53.5661,2.792],[-129.8933,53.5625,13.7682],[-129.8994,53.57,15.0245],[-129.8994,53.5733,3.1356],[-129.9078,53.5756,0.0],[-129.9111,53.5722,0.0],[-129.9078,53.5711,5.5045],[-129.9174,53.5684,0.0],[-129.9167,53.5671,0.0],[-129.92,53.5636,13.1225],[-129.92,53.5607,3.2836],[-129.9245,53.5567,0.0],[-129.9317,53.5575,0.0],[-129.9455,53.5553,26.7163],[-129.9496,53.5537,37.7556],[-129.9505,53.5511,25.5084],[-129.9333,53.5487,0.0],[-129.9209,53.552,0.0],[-129.8924,53.5455,28.6892],[-129.8867,53.5472,0.0],[-129.8883,53.5514,16.8319],[-129.8872,53.5514,0.0],[-129.8808,53.5461,0.0],[-129.8822,53.5382,5.6744],[-129.8813,53.5333,3.9255],[-129.8861,53.5292,0.0],[-129.8828,53.5253,0.0],[-129.8783,53.5247,0.0],[-129.8778,53.5222,0.0],[-129.8744,53.5225,14.0895],[-129.8728,53.5206,45.0377],[-129.8766,53.5189,0.0],[-129.8822,53.5197,14.0354],[-129.8889,53.5181,0.0],[-129.8884,53.515,0.0],[-129.8917,53.5131,0.0],[-129.8911,53.5103,1.087],[-129.8965,53.5056,0.0],[-129.8942,53.5038,6.8074],[-129.8939,53.5014,10.4044],[-129.8878,53.5003,26.781],[-129.8917,53.4991,5.9405],[-129.8956,53.5006,0.0],[-129.9007,53.4985,0.0],[-129.8946,53.4947,7.2935],[-129.9083,53.4861,9.9303],[-129.8995,53.4855,16.3627],[-129.9078,53.4842,0.0],[-129.9109,53.4815,0.0],[-129.9079,53.4783,13.1292],[-129.9117,53.4764,0.0],[-129.9094,53.4756,13.0839],[-129.911,53.4724,0.0],[-129.8989,53.4681,0.0],[-129.915,53.4664,0.0],[-129.9161,53.4633,3.6347],[-129.9044,53.4592,15.323],[-129.8955,53.4597,7.6797],[-129.8972,53.4581,12.2105],[-129.9017,53.4583,0.0],[-129.8991,53.4549,2.192],[-129.8957,53.4537,0.0],[-129.8905,53.4559,10.0782],[-129.8933,53.4578,0.0],[-129.8917,53.4597,0.0],[-129.8872,53.4578,5.0794],[-129.8856,53.4567,3.1013],[-129.89,53.4533,0.0],[-129.8877,53.451,15.1261],[-129.8833,53.4523,0.0],[-129.8828,53.4564,0.0],[-129.868,53.4602,0.0],[-129.8656,53.4577,0.0],[-129.8761,53.4561,0.0],[-129.8767,53.4528,2.7539],[-129.8745,53.4514,0.0],[-129.8761,53.4503,31.9613],[-129.8794,53.4511,0.0],[-129.8806,53.4492,0.0],[-129.8761,53.4475,3.4893],[-129.8722,53.4503,0.0],[-129.8664,53.4512,0.0],[-129.8621,53.4487,0.0],[-129.8554,53.448,0.0],[-129.8528,53.4483,0.0],[-129.8482,53.4534,0.0],[-129.8426,53.4551,19.4491],[-129.8432,53.4675,71.2049],[-129.839,53.468,2.093],[-129.8378,53.4654,45.9096],[-129.8394,53.4517,0.0],[-129.8344,53.4486,9.0674],[-129.8394,53.4439,0.0],[-129.8474,53.4399,2.7411],[-129.8411,53.4372,15.1849],[-129.8328,53.4381,3.5645],[-129.8402,53.4351,10.7862],[-129.8406,53.4321,0.0],[-129.8476,53.4299,11.649],[-129.8483,53.4289,11.649],[-129.8456,53.4261,0.0],[-129.8478,53.4253,8.9063],[-129.8467,53.4236,15.778],[-129.8489,53.4223,0.0],[-129.8505,53.4183,8.813],[-129.8373,53.4149,0.0],[-129.8359,53.4127,8.7653],[-129.8303,53.4105,0.0],[-129.8339,53.4083,0.0],[-129.8339,53.4058,0.0],[-129.8361,53.4053,16.5443],[-129.8383,53.4071,0.0],[-129.8356,53.4106,0.0],[-129.8434,53.4133,11.2481],[-129.8487,53.4119,23.9421],[-129.8504,53.4097,17.237],[-129.8478,53.4023,0.0],[-129.8459,53.4012,0.0],[-129.8422,53.4042,7.3034],[-129.84,53.4039,13.5494],[-129.8405,53.3993,25.2452],[-129.8332,53.3878,0.0],[-129.8267,53.3839,9.3972],[-129.8228,53.3834,6.675],[-129.8178,53.3778,12.6773],[-129.8111,53.3769,0.0],[-129.8067,53.3744,2.082],[-129.8017,53.3756,9.421],[-129.8,53.3744,3.7805],[-129.8018,53.3731,0.0],[-129.7939,53.3725,12.9391],[-129.7861,53.3681,0.0],[-129.7778,53.3707,0.0],[-129.7765,53.373,0.0],[-129.7798,53.3748,0.0],[-129.7761,53.375,0.0],[-129.7728,53.3717,0.0],[-129.7739,53.369,0.0],[-129.7817,53.3672,0.0],[-129.7755,53.3628,0.0],[-129.775,53.3608,0.0],[-129.7617,53.3533,6.0973],[-129.7639,53.3517,0.0],[-129.7633,53.3497,0.0],[-129.7478,53.3414,0.0],[-129.737,53.3329,8.0024],[-129.7312,53.3301,4.8653],[-129.7204,53.3279,7.5682],[-129.7213,53.325,0.0],[-129.7198,53.3242,31.9463],[-129.7135,53.3228,7.0301],[-129.7086,53.3255,0.0],[-129.709,53.3274,12.545],[-129.7046,53.3309,0.0],[-129.7061,53.3369,15.0243],[-129.695,53.3374,15.026],[-129.6946,53.3363,5.2055],[-129.7,53.3345,12.8024],[-129.6956,53.3328,4.7345],[-129.6811,53.3408,8.5559],[-129.6739,53.3378,1.1805],[-129.6655,53.3381,0.0],[-129.6644,53.3341,0.0],[-129.6706,53.3356,0.0],[-129.6744,53.3333,88.0768],[-129.68,53.3339,0.0],[-129.6828,53.3311,3.1264],[-129.68,53.3306,12.7255],[-129.6923,53.3275,0.0],[-129.7039,53.3214,0.0],[-129.6983,53.3228,17.2295],[-129.6994,53.3192,10.8287],[-129.6978,53.3181,0.0],[-129.6871,53.3174,5.0641],[-129.6796,53.3147,4.5776],[-129.6787,53.3129,0.0],[-129.6833,53.3111,15.3355],[-129.6811,53.31,0.0],[-129.6517,53.3122,10.3295],[-129.6526,53.3146,0.0],[-129.6493,53.3164,0.0],[-129.6419,53.3155,9.6246],[-129.6367,53.3117,0.0],[-129.6323,53.3113,0.0],[-129.6106,53.314,3.5462],[-129.6116,53.3182,18.8668],[-129.6104,53.3234,40.5255],[-129.6116,53.3256,5.5942],[-129.6165,53.3274,2.9241],[-129.6144,53.3285,0.0],[-129.6094,53.3275,18.0241],[-129.6055,53.3206,18.4537],[-129.6011,53.3181,0.0],[-129.5996,53.3189,25.9186],[-129.595,53.3169,0.0],[-129.5839,53.3197,0.0],[-129.5774,53.3179,0.0],[-129.5841,53.3149,2.4378],[-129.5972,53.3145,0.0],[-129.6033,53.3118,20.414],[-129.6263,53.3103,25.9839],[-129.6315,53.3067,11.1466],[-129.6856,53.3079,7.4662],[-129.6856,53.306,26.4281],[-129.6829,53.3041,9.5464],[-129.6851,53.302,4.2278],[-129.6842,53.3009,4.2278],[-129.6772,53.3019,4.7196],[-129.6756,53.3008,50.9259],[-129.6806,53.2994,0.0],[-129.6809,53.297,0.0],[-129.6661,53.2892,4.0356],[-129.6711,53.2894,0.0],[-129.6728,53.2866,5.2239],[-129.6692,53.2821,1.8624],[-129.6617,53.2811,6.4391],[-129.665,53.28,13.9486],[-129.6661,53.2767,0.0],[-129.6633,53.2753,0.0],[-129.6561,53.2761,4.5842],[-129.6505,53.2787,9.3652],[-129.6472,53.2772,44.3649],[-129.6489,53.2761,29.1997],[-129.6489,53.2734,53.7047],[-129.6522,53.2753,23.4665],[-129.6567,53.2728,0.0],[-129.6516,53.2725,8.153],[-129.6567,53.2686,0.0],[-129.65,53.2656,10.6544],[-129.6467,53.2667,2.3046],[-129.6483,53.2686,0.0],[-129.6472,53.2695,0.0],[-129.6433,53.2678,3.9203],[-129.6428,53.2667,10.6673],[-129.6466,53.2639,0.0],[-129.6452,53.2601,0.0],[-129.6331,53.2576,0.0],[-129.6378,53.2536,0.0],[-129.6365,53.2494,0.0],[-129.6321,53.2468,0.0],[-129.6264,53.2485,17.2204],[-129.62,53.243,7.1794],[-129.6066,53.2357,6.205],[-129.6061,53.2298,0.0],[-129.6024,53.2247,32.8515],[-129.6039,53.2213,0.0],[-129.6019,53.2195,6.9812],[-129.5873,53.2115,2.5202],[-129.5774,53.2115,3.5278],[-129.5783,53.215,11.3811],[-129.58,53.2159,7.4607],[-129.5778,53.2164,7.4607],[-129.5711,53.2144,0.0],[-129.5728,53.2125,8.9296],[-129.5717,53.2108,0.7578],[-129.5667,53.2106,5.1845],[-129.56,53.2119,0.0],[-129.5578,53.215,18.1386],[-129.5556,53.2124,23.2204],[-129.5467,53.215,3.6614],[-129.5439,53.2128,3.0926],[-129.5378,53.215,0.0],[-129.5406,53.2167,2.9236],[-129.5337,53.2166,0.0],[-129.5266,53.2198,0.0],[-129.5219,53.2165,5.1147],[-129.5146,53.2163,6.0042],[-129.5053,53.2082,0.0],[-129.4989,53.2097,0.0],[-129.498,53.2125,0.0],[-129.5018,53.2147,6.9986],[-129.4983,53.2169,0.0],[-129.5017,53.2208,10.6483],[-129.4983,53.2214,11.9456],[-129.4955,53.2183,0.0],[-129.4894,53.2233,0.0],[-129.4873,53.2279,0.0],[-129.4955,53.2375,38.413],[-129.4906,53.2389,0.5057],[-129.4872,53.2378,0.0],[-129.4867,53.2394,0.0],[-129.4894,53.2411,1.7469],[-129.4939,53.2403,16.8207],[-129.4961,53.2445,0.0],[-129.505,53.2472,0.0],[-129.5117,53.255,68.4061],[-129.5122,53.2581,11.5442],[-129.5028,53.2645,0.0],[-129.5003,53.2729,0.0],[-129.5093,53.2781,8.6995],[-129.5139,53.2758,12.1659],[-129.5144,53.2775,12.0796],[-129.5122,53.2794,0.0],[-129.5172,53.2853,23.4743],[-129.5294,53.2886,23.3281],[-129.5333,53.2911,0.0],[-129.5289,53.2939,35.3343],[-129.5222,53.2928,0.0],[-129.5282,53.3036,11.044],[-129.5188,53.3083,0.0],[-129.5158,53.3078,0.0],[-129.5189,53.3039,0.0],[-129.5107,53.2941,48.3719],[-129.5102,53.288,25.711],[-129.5027,53.2819,0.0],[-129.4983,53.2861,14.3273],[-129.4961,53.2851,0.0],[-129.4956,53.2828,0.0],[-129.4883,53.2833,8.0953],[-129.4855,53.2814,0.0],[-129.4772,53.2851,0.0],[-129.4767,53.2883,9.6896],[-129.4683,53.2942,18.1738],[-129.4694,53.3003,21.2073],[-129.465,53.3058,0.0],[-129.4638,53.3114,0.0],[-129.4739,53.3206,10.0967],[-129.4739,53.3233,11.5713],[-129.4783,53.3294,0.0],[-129.4767,53.3319,9.5209],[-129.4804,53.3365,16.9649],[-129.48,53.3469,11.7945],[-129.4789,53.3475,7.8526],[-129.4805,53.3509,14.1845],[-129.4777,53.3513,16.4327],[-129.4744,53.3481,0.0],[-129.4728,53.3486,0.0],[-129.4717,53.3565,7.1373],[-129.4722,53.3622,4.6269],[-129.4744,53.3645,0.0],[-129.4733,53.3667,5.6808],[-129.4706,53.3672,4.5951],[-129.4694,53.3633,2.3223],[-129.466,53.3629,6.0304],[-129.4602,53.3679,29.8654],[-129.4642,53.374,6.6417],[-129.4605,53.3739,2.6432],[-129.4578,53.3783,7.1967],[-129.4656,53.3803,6.159],[-129.4497,53.386,11.1719],[-129.447,53.3888,0.0],[-129.4471,53.3921,41.1494],[-129.4407,53.3945,0.0],[-129.4392,53.3976,9.5858],[-129.4353,53.3997,35.5272],[-129.435,53.4016,0.0],[-129.4387,53.4071,16.8303],[-129.4379,53.4087,16.8303],[-129.4398,53.4151,0.0],[-129.4379,53.4163,5.4335],[-129.4315,53.4138,12.4906],[-129.4276,53.4071,21.7865],[-129.4189,53.405,0.0],[-129.4178,53.4008,88.6096],[-129.4222,53.3956,3.6834],[-129.4211,53.3933,2.7901],[-129.4239,53.3919,10.8438],[-129.4261,53.3925,6.6379],[-129.4255,53.3975,14.0854],[-129.4311,53.4017,7.6067],[-129.4328,53.4009,7.6067],[-129.4311,53.3975,8.9867],[-129.4323,53.3931,22.099],[-129.4461,53.3872,0.0],[-129.455,53.3794,19.9729],[-129.4506,53.3773,15.0699],[-129.4539,53.3758,10.6616],[-129.4569,53.3771,0.0],[-129.4572,53.3659,22.6571],[-129.4522,53.3608,20.3344],[-129.4244,53.3511,0.0],[-129.4111,53.342,0.0],[-129.4033,53.3439,6.3723],[-129.4072,53.3394,0.0],[-129.4061,53.3383,0.0],[-129.4005,53.34,0.0],[-129.4017,53.3372,0.0],[-129.3989,53.3336,0.0],[-129.3983,53.3281,0.0],[-129.3939,53.3247,25.1519],[-129.3956,53.3228,10.8955],[-129.3939,53.3203,7.0736],[-129.3944,53.3181,0.0],[-129.3917,53.3183,0.0],[-129.3872,53.3231,2.6799],[-129.3844,53.3203,10.3405],[-129.3878,53.3131,32.2186],[-129.3922,53.3103,6.8302],[-129.3911,53.3089,6.8302],[-129.4117,53.2995,0.0],[-129.4161,53.2947,7.576],[-129.4111,53.2933,0.0],[-129.4028,53.2942,2.9908],[-129.395,53.2978,7.7811],[-129.3861,53.295,0.0],[-129.3533,53.3022,35.5621],[-129.3399,53.3008,18.994],[-129.3344,53.3028,3.6656],[-129.3328,53.3059,17.8284],[-129.3344,53.3089,16.1199],[-129.3328,53.3106,31.0851],[-129.3333,53.3231,20.421],[-129.3361,53.3303,0.0],[-129.3422,53.3347,2.6334],[-129.34,53.3364,0.0],[-129.3417,53.3373,0.0],[-129.3444,53.3459,1.4162],[-129.3433,53.3511,10.6894],[-129.3344,53.3561,0.0],[-129.3339,53.3619,1.2962],[-129.3357,53.3651,0.0],[-129.3733,53.3856,0.0],[-129.3778,53.39,23.8815],[-129.3944,53.3981,7.5346],[-129.4055,53.4056,0.0],[-129.4089,53.4095,8.5459],[-129.4181,53.4119,5.3611],[-129.4293,53.4222,0.0],[-129.4411,53.4283,0.0],[-129.4406,53.4303,0.0],[-129.4515,53.4399,0.0],[-129.4844,53.4564,3.6937],[-129.4942,53.4628,6.5053],[-129.4969,53.4667,2.7577],[-129.5063,53.4707,7.8599],[-129.5105,53.4753,0.0],[-129.5193,53.4776,5.2714],[-129.5203,53.4811,0.0],[-129.525,53.4847,2.7887],[-129.5397,53.4936,23.5101],[-129.5497,53.4968,22.9928],[-129.5656,53.5122,10.2515],[-129.5886,53.526,22.3652],[-129.5919,53.5298,0.0],[-129.6287,53.5492,7.023],[-129.6813,53.5857,5.3572],[-129.7048,53.5994,43.0223],[-129.7218,53.6205,0.0],[-129.7405,53.6397,61.6633],[-129.7671,53.661,1.9473],[-129.7843,53.6786,19.1623],[-129.8099,53.6972,52.102],[-129.8234,53.7095,0.0],[-129.8312,53.7132,8.9711],[-129.845,53.7233,23.2667],[-129.8595,53.7289,3.4988],[-129.8824,53.7435,10.3861],[-129.9323,53.7651,11.1493],[-129.9478,53.7829,33.962],[-129.955,53.7887,5.5579],[-129.9721,53.7985,28.5551],[-129.9902,53.8049,23.31],[-129.9994,53.8103,21.1371],[-130.0061,53.8103,25.1647],[-130.0033,53.8125,23.4799],[-130.0067,53.8157,6.9188],[-130.0155,53.82,52.7297],[-130.0189,53.8233,10.9659],[-130.0217,53.8225,5.9538],[-130.0272,53.8253,37.7942],[-130.0256,53.8263,0.0],[-130.0283,53.8283,28.1028],[-130.0261,53.8292,1.9224],[-130.0294,53.8306,5.3911],[-130.0277,53.8328,0.0],[-130.035,53.8398,2.844],[-130.0437,53.8441,2.1056],[-130.0462,53.8445,2.1056],[-130.0483,53.8428,7.2544],[-130.0586,53.8503,0.7876],[-130.0589,53.8469,19.6699],[-130.0628,53.8461,17.5793],[-130.065,53.8481,18.9907],[-130.0628,53.8497,18.277],[-130.0639,53.8522,8.8532],[-130.0627,53.8534,0.0],[-130.0682,53.8561,0.0],[-130.0711,53.8556,0.0],[-130.0667,53.8528,12.1508],[-130.0678,53.8517,16.9083],[-130.0717,53.8525,3.2723],[-130.0733,53.8511,0.0],[-130.0689,53.8475,18.9907],[-130.075,53.8489,3.2412],[-130.0805,53.8539,0.0],[-130.0972,53.8633,8.3086],[-130.1,53.8686,41.9349],[-130.1128,53.8794,20.0041],[-130.1107,53.8808,15.8584],[-130.1117,53.8821,6.5851],[-130.1272,53.8894,2.5525],[-130.1427,53.8889,0.0],[-130.1572,53.8933,0.0],[-130.1511,53.8903,14.2836],[-130.1567,53.8906,6.3117],[-130.1744,53.8969,89.7093],[-130.1947,53.9095,0.0]]],
[[[-129.3724,54.2923,0.8405],[-129.3723,54.2984,0.5047],[-129.3761,54.2954,0.5],[-129.3729,54.2827,32.9318],[-129.3795,54.2823,21.1119],[-129.3808,54.2775,26.8993],[-129.3985,54.2733,3.8835],[-129.4012,54.27,8.2057],[-129.4118,54.2674,14.2026],[-129.4207,54.2621,13.5792],[-129.4236,54.2501,13.7605],[-129.4304,54.2488,10.7086],[-129.4346,54.2428,7.5395],[-129.412,54.2413,0.0],[-129.4007,54.2369,502.0641],[-129.4314,54.2279,317.7884],[-129.4474,54.225,119.6713],[-129.4542,54.228,21.4059],[-129.4631,54.2276,21.6522],[-129.476,54.2326,0.0],[-129.488,54.2315,181.6539],[-129.5132,54.2248,43.0853],[-129.5359,54.215,32.8854],[-129.5554,54.215,188.0426],[-129.56,54.212,115.7268],[-129.5656,54.2005,16.7171],[-129.5787,54.1884,175.1012],[-129.5834,54.1925,0.0],[-129.5906,54.1847,56.8553],[-129.6122,54.1747,13.128],[-129.6311,54.1737,13.6327],[-129.6361,54.1711,0.0],[-129.6467,54.1717,4.4407],[-129.665,54.1783,30.5881],[-129.6903,54.1948,49.8051],[-129.6978,54.1977,0.0],[-129.7083,54.1964,28.3556],[-129.7289,54.1969,58.5296],[-129.7383,54.195,16.4495],[-129.7683,54.1969,9.8808],[-129.8283,54.2133,26.6684],[-129.8467,54.215,31.0633],[-129.8544,54.2131,25.3148],[-129.8776,54.2026,1.511],[-129.8905,54.1989,0.0],[-129.9005,54.1981,1.855],[-129.9193,54.189,1.5539],[-129.9394,54.1836,10.7041],[-129.9417,54.1806,0.5224],[-129.9405,54.1794,108.4838],[-129.9422,54.1761,9.5343],[-129.945,54.1739,2.4445],[-129.9394,54.1703,3.4696],[-129.9367,54.165,4.5914],[-129.9373,54.1587,0.0],[-129.9416,54.1564,0.0],[-129.9505,54.1553,0.0],[-129.9556,54.1567,5.7072],[-129.96,54.16,16.2963],[-129.9689,54.16,1.3817],[-129.9706,54.1556,0.0],[-129.981,54.15,0.0],[-129.9811,54.1483,3.2432],[-129.9922,54.1437,19.1767],[-130.005,54.1442,0.0],[-130.0169,54.1422,0.0],[-130.0305,54.1421,0.8173],[-130.0325,54.1431,0.8173],[-130.0322,54.1453,3.4686],[-130.0345,54.1446,4.0252],[-130.0426,54.148,21.9263],[-130.0547,54.147,11.0945],[-130.0561,54.1454,6.0516],[-130.0541,54.1434,13.1581],[-130.0582,54.1387,5.2848],[-130.056,54.1363,42.5979],[-130.0641,54.1282,0.0],[-130.0653,54.1245,0.0],[-130.0702,54.1237,22.127],[-130.0795,54.119,0.0],[-130.0803,54.1153,53.8242],[-130.0844,54.1125,0.0],[-130.0837,54.1113,0.0],[-130.0854,54.1095,0.0],[-130.0842,54.1085,6.4316],[-130.0872,54.106,4.2435],[-130.0874,54.0983,25.0478],[-130.09,54.0897,7.3418],[-130.0886,54.0879,0.0],[-130.0896,54.0801,11.3762],[-130.0904,54.0782,34.7877],[-130.0943,54.0768,5.6797],[-130.098,54.0689,0.0],[-130.1028,54.0647,14.8904],[-130.0925,54.0499,14.7642],[-130.0909,54.0427,25.2156],[-130.0918,54.0353,7.6133],[-130.0855,54.0228,0.0],[-130.0867,54.0194,3.512],[-130.0896,54.0199,3.8933],[-130.0911,54.0175,18.6563],[-130.0937,54.0173,0.0],[-130.0932,54.012,39.607],[-130.0967,54.0089,0.0],[-130.0959,54.0052,0.0],[-130.0921,54.0016,1.8453],[-130.0789,54.0,2.2342],[-130.0743,53.9922,3.6227],[-130.0745,53.9895,3.859],[-130.0766,53.9882,2.8163],[-130.0765,53.9834,3.6722],[-130.0791,53.9941,1.4016],[-130.0915,54.0007,0.0],[-130.0983,53.9981,0.0],[-130.0966,53.9946,6.9938],[-130.1045,53.9839,3.4023],[-130.1022,53.9811,11.9509],[-130.1049,53.9783,6.5485],[-130.1032,53.9738,20.5189],[-130.0999,53.9709,0.0],[-130.0917,53.9681,11.0999],[-130.0967,53.9647,3.0288],[-130.1019,53.9641,0.0],[-130.1072,53.9576,0.0],[-130.1061,53.9528,5.0639],[-130.1083,53.9511,0.0],[-130.1089,53.9481,0.0],[-130.1081,53.9461,0.0],[-130.1038,53.9441,25.0611],[-130.1027,53.9372,3.2655],[-130.0972,53.9325,5.8701],[-130.085,53.9283,16.3657],[-130.0844,53.9259,10.5569],[-130.0861,53.9239,0.0],[-130.0839,53.9211,16.9727],[-130.085,53.9203,23.9694],[-130.0834,53.9156,3.9424],[-130.0839,53.9112,0.0],[-130.0763,53.9012,0.0],[-130.077,53.8991,0.0],[-130.0723,53.8948,4.3297],[-130.0732,53.8911,0.0],[-130.05,53.8753,0.0],[-130.0518,53.8722,0.0],[-130.0378,53.8619,0.0],[-130.0289,53.8595,0.0],[-130.0277,53.8611,0.0],[-130.0339,53.865,5.9061],[-130.0311,53.8658,11.9789],[-130.0149,53.8541,3.8825],[-130.0047,53.858,0.0],[-130.006,53.8592,33.5964],[-130.0039,53.8611,0.0],[-129.9883,53.865,0.0],[-129.9839,53.868899999999996,6.7642],[-129.9861,53.8703,6.7642],[-129.985,53.8709,6.8906],[-129.9718,53.8672,12.6598],[-129.9715,53.865,12.0105],[-129.9755,53.8645,3.2829],[-129.9752,53.8628,10.6056],[-129.9833,53.8628,0.0],[-129.9828,53.8603,5.9188],[-129.9861,53.8565,30.0533],[-130.0083,53.8508,0.0],[-130.0057,53.8483,3.1588],[-130.0078,53.8476,0.0],[-130.0078,53.844,0.0],[-129.9822,53.8242,5.4492],[-129.975,53.8222,3.0085],[-129.9733,53.8236,3.0085],[-129.9684,53.8214,1.2067],[-129.965,53.8175,7.2039],[-129.9589,53.8159,13.142],[-129.9578,53.8128,0.0],[-129.935,53.7977,28.6719],[-129.9232,53.7856,0.0],[-129.9028,53.7741,3.6935],[-129.8966,53.7678,3.5761],[-129.8884,53.7675,2.4028],[-129.8882,53.7659,0.0],[-129.8736,53.7572,13.4319],[-129.872,53.7548,0.0],[-129.8494,53.7423,33.5873],[-129.8339,53.7361,5.3816],[-129.8283,53.7392,33.5421],[-129.8289,53.743899999999996,44.526],[-129.8278,53.7447,0.0],[-129.8294,53.7472,17.8125],[-129.8297,53.7527,7.6071],[-129.8224,53.7555,16.489],[-129.8211,53.7525,1.1703],[-129.8246,53.7458,0.0],[-129.8222,53.7326,4.7122],[-129.8139,53.7239,4.7891],[-129.8011,53.7165,16.599],[-129.7945,53.7149,1.0746],[-129.7864,53.7065,3.3261],[-129.7792,53.7032,6.4349],[-129.7569,53.6947,3.5311],[-129.7445,53.6953,5.2663],[-129.7483,53.6917,0.0],[-129.7394,53.6872,13.5534],[-129.7361,53.6911,12.6218],[-129.7389,53.6951,21.9541],[-129.7381,53.6982,9.2042],[-129.7439,53.7064,3.4758],[-129.7428,53.7081,3.3648],[-129.7411,53.7073,3.3648],[-129.7345,53.6995,23.5876],[-129.7261,53.6836,0.0],[-129.7217,53.6809,2.8777],[-129.7228,53.6769,23.5238],[-129.7207,53.6735,0.0],[-129.7173,53.6747,0.0],[-129.7161,53.6795,0.0],[-129.7172,53.6867,4.9922],[-129.7161,53.6895,30.7881],[-129.7189,53.695,0.0],[-129.7167,53.6978,3.1668],[-129.7178,53.7,0.0],[-129.7239,53.7033,41.7482],[-129.725,53.7081,0.0],[-129.7311,53.7173,12.8225],[-129.7234,53.7136,0.0],[-129.7172,53.7023,1.4266],[-129.7156,53.7025,1.4266],[-129.7167,53.708,1.6858],[-129.715,53.7089,39.7739],[-129.7118,53.7077,10.8829],[-129.7066,53.6997,5.9688],[-129.71,53.6969,0.7763],[-129.7078,53.6959,43.6066],[-129.71,53.6933,3.5622],[-129.7072,53.6903,61.3449],[-129.7111,53.6844,0.0],[-129.7094,53.6817,46.5792],[-129.7128,53.6767,17.461],[-129.7122,53.6753,24.5388],[-129.7155,53.6717,0.0],[-129.7133,53.6694,0.0],[-129.7138,53.6666,0.0],[-129.7047,53.663,0.0],[-129.7028,53.6608,0.0],[-129.6978,53.66,9.5581],[-129.6972,53.6567,8.5639],[-129.6994,53.6556,0.0],[-129.7044,53.6569,34.1439],[-129.7174,53.6655,0.0],[-129.7211,53.6628,39.248],[-129.7247,53.668,7.8772],[-129.7399,53.673,35.115],[-129.744,53.6798,21.9061],[-129.7539,53.6847,0.0],[-129.7626,53.6772,0.0],[-129.7605,53.675,0.0],[-129.7539,53.6733,26.5784],[-129.7544,53.6717,12.6309],[-129.76,53.6695,3.5121],[-129.7594,53.6675,6.4662],[-129.7498,53.6563,13.6969],[-129.7303,53.6405,31.8171],[-129.7293,53.6365,0.0],[-129.7242,53.6306,10.5173],[-129.7073,53.6173,46.2682],[-129.6896,53.599,13.2119],[-129.6511,53.5714,56.1148],[-129.6469,53.5665,5.4291],[-129.602,53.5423,28.0972],[-129.5994,53.5439,11.855],[-129.5983,53.5522,82.4693],[-129.5967,53.5542,42.7668],[-129.5872,53.5553,0.0],[-129.5833,53.5575,36.8747],[-129.5828,53.5606,24.5304],[-129.5755,53.5631,11.5564],[-129.5706,53.5633,0.0],[-129.5652,53.5607,2.6584],[-129.5652,53.5575,0.0],[-129.5699,53.5555,0.0],[-129.5793,53.5565,7.2711],[-129.5748,53.5527,6.9662],[-129.5935,53.5467,79.7409],[-129.5956,53.5392,19.6157],[-129.5816,53.5293,7.9535],[-129.5441,53.5083,7.9205],[-129.5414,53.5053,0.0],[-129.5238,53.4971,32.9415],[-129.5163,53.4907,3.3392],[-129.5101,53.4888,69.7544],[-129.4915,53.4753,0.0],[-129.4867,53.4731,0.0],[-129.476,53.4728,26.1356],[-129.473,53.4685,0.0],[-129.4474,53.4547,28.3496],[-129.4449,53.4513,25.4307],[-129.4267,53.4373,39.8346],[-129.4133,53.4319,0.0],[-129.4007,53.419,0.0],[-129.3956,53.4183,39.0724],[-129.3838,53.4081,5.3407],[-129.3667,53.3999,8.0568],[-129.3428,53.3842,0.0],[-129.3287,53.3796,9.0036],[-129.3142,53.3718,0.0],[-129.3107,53.371,4.6398],[-129.3069,53.3745,0.0],[-129.3025,53.375,0.0],[-129.2991,53.3729,5.2874],[-129.3,53.3708,10.2627],[-129.2988,53.368899999999996,6.2931],[-129.2888,53.3642,46.321],[-129.2827,53.3627,27.9038],[-129.2735,53.3631,0.0],[-129.2699,53.3654,5.6082],[-129.2781,53.3731,0.0],[-129.2793,53.3761,11.4089],[-129.2782,53.3795,0.0],[-129.2877,53.3896,0.0],[-129.2894,53.3975,0.0],[-129.282,53.4015,2.8488],[-129.2609,53.4051,0.0],[-129.2557,53.4082,0.0],[-129.255,53.4133,0.0],[-129.2583,53.4153,0.0],[-129.2528,53.4182,0.0],[-129.2701,53.4179,11.8508],[-129.271,53.4289,26.9128],[-129.2529,53.4264,11.2833],[-129.2525,53.4185,0.0],[-129.2505,53.4231,6.1444],[-129.2486,53.4239,0.0],[-129.2383,53.4236,0.0],[-129.237,53.4251,5.3721],[-129.238,53.4301,80.3046],[-129.2368,53.4345,9.837],[-129.2398,53.4398,83.7698],[-129.2367,53.4479,3.6635],[-129.2333,53.4503,0.0],[-129.2328,53.4533,0.0],[-129.235,53.4578,0.0],[-129.2333,53.4608,0.0],[-129.2394,53.4739,0.0],[-129.2422,53.4769,10.886],[-129.2389,53.4823,24.63],[-129.2406,53.4892,57.8657],[-129.2384,53.4978,15.3682],[-129.2405,53.5003,71.212],[-129.2345,53.5092,0.0],[-129.2422,53.5139,0.0],[-129.2644,53.5122,0.0],[-129.2755,53.5133,11.6248],[-129.2833,53.5158,13.7462],[-129.2898,53.5203,17.7813],[-129.2996,53.5223,0.0],[-129.3042,53.5293,0.0],[-129.308,53.5312,26.5783],[-129.3111,53.5384,22.4827],[-129.3236,53.5475,0.0],[-129.3312,53.5499,17.1964],[-129.3363,53.5535,3.8206],[-129.3441,53.5636,3.9623],[-129.3488,53.564,4.1123],[-129.3444,53.5675,4.744],[-129.3395,53.5649,0.0],[-129.3312,53.5547,0.0],[-129.3172,53.5527,25.8779],[-129.3017,53.5373,12.1575],[-129.2982,53.5304,0.0],[-129.2991,53.5271,1.3273],[-129.2811,53.5178,0.0],[-129.2502,53.5169,0.0],[-129.233,53.5189,15.0892],[-129.2317,53.5217,20.6525],[-129.2361,53.5269,42.0562],[-129.2362,53.5322,7.3991],[-129.2394,53.5378,10.6683],[-129.2361,53.5445,20.0891],[-129.2406,53.5539,40.9695],[-129.2389,53.5664,5.7412],[-129.25,53.5753,121.9063],[-129.2517,53.5783,28.7852],[-129.25,53.5847,45.5728],[-129.2528,53.5886,3.1175],[-129.2496,53.5932,0.0],[-129.2506,53.597,35.6219],[-129.2485,53.6041,30.7521],[-129.2394,53.61,0.0],[-129.2394,53.6125,0.0],[-129.2461,53.6169,44.6935],[-129.2578,53.6183,17.5415],[-129.2728,53.625,29.7774],[-129.2861,53.6272,12.3483],[-129.2894,53.6295,0.0],[-129.2978,53.6297,39.2675],[-129.3028,53.6367,1.5684],[-129.2989,53.6411,-0.0029],[-129.3016,53.6445,2.7505],[-129.3006,53.6467,0.0],[-129.3072,53.6459,1.8406],[-129.3083,53.6473,15.8195],[-129.2986,53.6496,0.7908],[-129.275,53.6385,0.0],[-129.2658,53.6395,12.4704],[-129.2453,53.6335,2.6052],[-129.2339,53.6308,9.0284],[-129.2309,53.6312,0.0],[-129.2323,53.6311,5.1515],[-129.3738,53.7966,992.7527],[-129.375,53.9411,576.6163],[-129.3724,54.2923,0.8405]]],
[[[-129.6183,54.1778,0.6529],[-129.61,54.1794,0.0],[-129.6042,54.1829,0.0],[-129.6106,54.1839,0.0],[-129.6226,54.1798,0.0],[-129.6444,54.1794,2.4156],[-129.6606,54.1833,0.0],[-129.6533,54.1783,0.0],[-129.6461,54.1769,0.0],[-129.6183,54.1778,0.6529]]],
[[[-129.9533,53.5761,0.0],[-129.9539,53.5772,0.0],[-129.9572,53.5758,4.971],[-129.955,53.575,0.0],[-129.9533,53.5761,0.0]]],
[[[-129.905,53.5768,0.0],[-129.9037,53.5772,4.2792],[-129.9023,53.5775,4.2792],[-129.9078,53.5769,0.0],[-129.905,53.5768,0.0]]],
[[[-129.9341,53.6543,0.0],[-129.9359,53.6545,3.5282],[-129.9368,53.6527,2.4067],[-129.935,53.6525,0.0],[-129.9341,53.6543,0.0]]],
[[[-129.9583,54.1619,0.0],[-129.9554,54.1585,0.0],[-129.9534,54.1594,0.0],[-129.9539,54.1614,11.4355],[-129.9583,54.1619,0.0]]],
[[[-129.6078,54.1864,0.0],[-129.6033,54.185,0.0],[-129.599,54.1859,0.0],[-129.5937,54.1911,0.0],[-129.5953,54.1927,0.0],[-129.6078,54.1864,0.0]]],
[[[-129.7256,54.2039,0.2801],[-129.7167,54.205,0.0],[-129.7195,54.2064,0.0],[-129.73,54.2065,0.0],[-129.7406,54.2044,0.0],[-129.74,54.2036,0.0],[-129.7256,54.2039,0.2801]]],
[[[-129.7461,54.2075,1.8923],[-129.7422,54.2067,0.0],[-129.7365,54.208,0.0],[-129.7406,54.2097,1.5908],[-129.7511,54.2092,0.0],[-129.7461,54.2075,1.8923]]],
[[[-130.1771,54.0733,36.5147],[-130.1842,54.0783,30.5793],[-130.1931,54.0807,0.0],[-130.1924,54.0773,0.0],[-130.1944,54.0756,1.854],[-130.201,54.0756,0.0],[-130.2239,54.0614,0.0],[-130.2244,54.0559,19.998],[-130.2211,54.0403,102.3255],[-130.2213,54.0338,0.0],[-130.2164,54.0179,8.3625],[-130.2104,54.0121,109.2264],[-130.2108,54.0101,37.3483],[-130.2055,54.0022,6.7708],[-130.188,53.9885,4.0987],[-130.177,53.9843,5.5146],[-130.1711,53.9873,36.599],[-130.1491,53.9873,27.0676],[-130.1459,53.9891,37.8694],[-130.1443,53.993899999999996,16.8192],[-130.1388,54.0001,0.0],[-130.1382,54.0048,0.0],[-130.1335,54.0107,34.3434],[-130.1319,54.0172,25.4324],[-130.1291,54.0213,0.0],[-130.1306,54.0267,0.0],[-130.1339,54.0274,6.1271],[-130.1386,54.0321,0.0],[-130.1446,54.0476,0.0],[-130.1562,54.059,20.7109],[-130.1578,54.0651,83.4454],[-130.1771,54.0733,36.5147]]],
[[[-130.1355,54.1411,36.6771],[-130.1488,54.1474,0.0],[-130.1511,54.1461,24.5478],[-130.1533,54.1411,0.0],[-130.1516,54.1375,32.5154],[-130.1528,54.1344,33.1246],[-130.1628,54.1289,3.7426],[-130.1606,54.1272,18.0641],[-130.1578,54.1281,18.0641],[-130.1572,54.1267,15.133],[-130.166,54.1188,0.0],[-130.1589,54.1155,23.2181],[-130.1533,54.1183,18.3609],[-130.1517,54.1177,10.5208],[-130.1511,54.1125,35.5794],[-130.1594,54.1089,0.0],[-130.1605,54.1069,19.8571],[-130.1583,54.1028,0.0],[-130.1517,54.0967,7.5525],[-130.1511,54.0917,19.3354],[-130.1478,54.0894,0.0],[-130.1439,54.0903,0.0],[-130.1344,54.0967,0.0],[-130.13,54.1083,0.0],[-130.1261,54.1125,0.0],[-130.1261,54.1169,0.0],[-130.1278,54.1192,0.0],[-130.1261,54.1209,0.0],[-130.1267,54.1231,41.2783],[-130.1233,54.1256,25.5606],[-130.1239,54.1289,32.8541],[-130.1223,54.13,0.0],[-130.1355,54.1411,36.6771]]],
[[[-130.3412,54.1139,0.0],[-130.345,54.1136,0.0],[-130.3444,54.1117,4.5985],[-130.3405,54.1103,1.7231],[-130.3374,54.1112,0.0],[-130.3376,54.1134,0.0],[-130.3412,54.1139,0.0]]],
[[[-130.2544,54.1936,21.5289],[-130.259,54.1949,5.2757],[-130.2591,54.1931,6.7901],[-130.2622,54.192,12.4241],[-130.2617,54.1881,5.8011],[-130.2644,54.1895,2.1198],[-130.2667,54.1864,2.9314],[-130.2711,54.1878,2.0913],[-130.2739,54.1867,0.0],[-130.2711,54.1847,0.0],[-130.2655,54.1847,0.0],[-130.2517,54.1877,7.6169],[-130.2567,54.1839,0.0],[-130.2591,54.1838,0.0],[-130.2583,54.1819,17.4863],[-130.2729,54.1783,0.0],[-130.2655,54.1761,23.2229],[-130.2758,54.1763,0.0],[-130.2722,54.1742,19.0399],[-130.2767,54.1706,0.0],[-130.2804,54.1712,0.0],[-130.2822,54.1675,13.1381],[-130.2861,54.1653,0.0],[-130.2894,54.1601,14.0873],[-130.29,54.1533,15.764099999999999],[-130.2878,54.1493,19.0417],[-130.2778,54.1419,16.7398],[-130.2756,54.1381,0.0],[-130.2706,54.1363,0.0],[-130.2713,54.1333,0.0],[-130.2578,54.1244,32.0584],[-130.2478,54.12,18.0231],[-130.2462,54.1171,0.0],[-130.2283,54.1178,15.6758],[-130.2272,54.1173,11.1399],[-130.2288,54.1151,0.0],[-130.2222,54.1139,14.2178],[-130.1939,54.1175,33.0171],[-130.1755,54.1239,14.3934],[-130.1667,54.1289,0.0],[-130.1672,54.1308,4.7687],[-130.1617,54.1353,1.1147],[-130.1555,54.1448,32.3292],[-130.155,54.1511,0.0],[-130.1678,54.1609,12.4652],[-130.1939,54.1736,25.9772],[-130.2027,54.1803,22.1342],[-130.2117,54.1831,7.7947],[-130.2228,54.1903,4.1114],[-130.2346,54.1893,1.6666],[-130.2422,54.1914,4.7048],[-130.2467,54.1897,14.7299],[-130.2544,54.1936,21.5289]]],
[[[-129.9456,54.1761,5.6307],[-129.9461,54.1778,0.0],[-129.9489,54.1764,1.3467],[-129.9478,54.1756,1.3467],[-129.9456,54.1761,5.6307]]],
[[[-129.9528,54.1778,8.9811],[-129.9489,54.1789,8.0158],[-129.9483,54.1806,0.0],[-129.9533,54.1803,26.3689],[-129.9528,54.1778,8.9811]]],
[[[-130.6168,53.4657,0.0],[-130.6156,53.4639,0.0],[-130.6139,53.4644,0.0],[-130.6139,53.4668,0.0741],[-130.6168,53.4657,0.0]]],
[[[-130.6035,53.4645,1.0607],[-130.6029,53.4644,1.0607],[-130.5997,53.4644,0.0],[-130.6041,53.4669,0.0],[-130.6035,53.4645,1.0607]]],
[[[-130.6145,53.5047,2.744],[-130.6278,53.5044,0.0],[-130.6267,53.5031,11.493],[-130.6333,53.5017,0.5922],[-130.6328,53.4975,0.0],[-130.6306,53.4961,21.9197],[-130.6328,53.495,0.0533],[-130.6328,53.4933,0.5736],[-130.6289,53.4883,6.1998],[-130.6317,53.4872,0.6102],[-130.6317,53.485,0.318],[-130.625,53.4853,0.8371],[-130.622,53.4829,7.1624],[-130.623,53.4815,0.0],[-130.62,53.4794,19.6081],[-130.6206,53.4783,0.0],[-130.6161,53.4775,38.9965],[-130.6194,53.4761,0.4295],[-130.6156,53.4753,0.2185],[-130.615,53.4736,0.0],[-130.6133,53.4736,0.0],[-130.6128,53.4761,11.9223],[-130.6083,53.4745,2.9559],[-130.6078,53.4764,10.605],[-130.6044,53.4708,2.1558],[-130.6017,53.4692,3.6713],[-130.5978,53.47,1.5273],[-130.5967,53.4689,3.5787],[-130.5928,53.4722,13.6702],[-130.5906,53.4717,24.0687],[-130.5917,53.4671,0.7373],[-130.5905,53.4653,0.0],[-130.5833,53.4667,1.2345],[-130.5832,53.468,0.7139],[-130.5807,53.4668,0.2082],[-130.5831,53.4695,0.0641],[-130.5842,53.4742,0.0],[-130.5889,53.4742,13.416],[-130.5872,53.4769,0.0],[-130.5917,53.4803,18.6937],[-130.59,53.4828,10.7864],[-130.5856,53.4808,4.3271],[-130.5866,53.4836,0.0],[-130.5917,53.485,8.2239],[-130.5928,53.4875,0.0],[-130.595,53.4878,0.0],[-130.5945,53.49,0.0],[-130.5961,53.4919,5.1915],[-130.5922,53.4933,0.0],[-130.5983,53.4956,0.0],[-130.5983,53.4978,0.0],[-130.605,53.5025,0.0],[-130.6145,53.5047,2.744]]],
[[[-130.6364,53.489,0.0733],[-130.6347,53.4865,-0.0205],[-130.633,53.4879,0.3536],[-130.6341,53.489,0.1169],[-130.6364,53.489,0.0733]]],
[[[-130.4724,53.5105,0.8754],[-130.4733,53.5117,0.8754],[-130.4789,53.5111,0.0],[-130.4761,53.51,0.0],[-130.4724,53.5105,0.8754]]],
[[[-130.5092,53.5331,0.7739],[-130.5101,53.5325,0.7739],[-130.5083,53.5317,0.0],[-130.5056,53.5331,1.1302],[-130.5067,53.5369,1.8115],[-130.5056,53.5378,6.4986],[-130.5117,53.5378,1.6373],[-130.5106,53.535,1.3109],[-130.5081,53.5338,1.3109],[-130.5092,53.5331,0.7739]]],
[[[-130.5237,53.5366,0.0],[-130.5217,53.5319,0.0],[-130.5144,53.5351,0.2322],[-130.5169,53.5389,0.3401],[-130.5161,53.5403,0.3401],[-130.5183,53.5419,9.5357],[-130.5211,53.5414,9.5357],[-130.5195,53.5396,6.3699],[-130.5237,53.5366,0.0]]],
[[[-130.525,53.5403,0.0],[-130.5285,53.5432,0.0],[-130.5371,53.5426,0.4978],[-130.5333,53.5392,4.7632],[-130.5322,53.5353,0.0],[-130.5289,53.5364,1.8412],[-130.5294,53.5397,1.5091],[-130.5278,53.5396,1.5091],[-130.5272,53.5367,0.0],[-130.5256,53.5373,0.0],[-130.525,53.5403,0.0]]],
[[[-130.5459,53.5443,3.471],[-130.5421,53.5417,0.0],[-130.5412,53.5457,5.123],[-130.5463,53.5464,3.0091],[-130.5459,53.5443,3.471]]],
[[[-130.555,53.5624,0.0],[-130.5575,53.5603,1.5322],[-130.5556,53.5572,3.2112],[-130.5533,53.5581,3.2112],[-130.555,53.5624,0.0]]],
[[[-130.5517,53.5897,0.0],[-130.5494,53.5894,0.1662],[-130.5472,53.5911,0.0],[-130.555,53.5908,0.4582],[-130.5517,53.5897,0.0]]],
[[[-130.5422,53.5925,1.7316],[-130.5444,53.5906,1.3367],[-130.538,53.5931,0.0],[-130.5389,53.5939,0.0],[-130.5422,53.5925,1.7316]]],
[[[-130.56,53.5944,1.516],[-130.5567,53.5939,3.3572],[-130.5544,53.5961,0.0],[-130.5611,53.5969,0.0],[-130.5589,53.5956,0.5025],[-130.56,53.5944,1.516]]],
[[[-130.5795,53.5963,1.8167],[-130.5811,53.595,1.5998],[-130.5793,53.5942,1.5998],[-130.5753,53.5961,0.3324],[-130.5769,53.5968,0.3324],[-130.5795,53.5963,1.8167]]],
[[[-130.5678,53.5964,4.9514],[-130.5688,53.5951,4.5429],[-130.5668,53.5943,4.5429],[-130.5628,53.5951,7.0543],[-130.5652,53.5974,0.0],[-130.5678,53.5964,4.9514]]],
[[[-130.5738,53.602,8.2006],[-130.5728,53.6031,0.0],[-130.5756,53.6042,0.0],[-130.5817,53.6033,0.0],[-130.5839,53.6009,0.0],[-130.582,53.5978,0.5809],[-130.5838,53.596,0.0],[-130.58,53.5967,1.8167],[-130.5789,53.5992,4.3152],[-130.5739,53.5995,1.2971],[-130.5738,53.602,8.2006]]],
[[[-130.5633,53.6019,2.3348],[-130.5661,53.6014,0.0],[-130.5667,53.6002,0.0],[-130.5602,53.6013,0.0],[-130.5633,53.6019,2.3348]]],
[[[-130.5484,53.6018,0.0],[-130.5456,53.6014,0.0],[-130.545,53.6028,0.0],[-130.5517,53.6039,0.0],[-130.5589,53.6022,0.0],[-130.5561,53.6003,0.0],[-130.5484,53.6018,0.0]]],
[[[-130.5611,53.6031,1.8931],[-130.56,53.6042,0.0],[-130.5625,53.605,3.5121],[-130.5711,53.6014,0.0],[-130.5655,53.6031,0.4056],[-130.5611,53.6031,1.8931]]],
[[[-130.5544,53.6053,0.0],[-130.555,53.6064,3.5959],[-130.5572,53.6061,3.9645],[-130.5573,53.6051,1.4622],[-130.5544,53.6053,0.0]]],
[[[-130.5849,53.6071,0.2953],[-130.5833,53.6054,0.0],[-130.5806,53.6053,0.0],[-130.5809,53.6075,0.0],[-130.5849,53.6071,0.2953]]],
[[[-130.5541,53.6078,3.2094],[-130.5517,53.6086,0.0],[-130.5589,53.6092,1.6166],[-130.5606,53.6075,4.4942],[-130.5589,53.6072,4.4942],[-130.5541,53.6078,3.2094]]],
[[[-130.5758,53.6125,0.0],[-130.5689,53.615,0.0],[-130.5789,53.615,2.6013],[-130.5832,53.6134,0.0589],[-130.5801,53.6118,0.0],[-130.5758,53.6125,0.0]]],
[[[-130.5711,53.6192,0.0],[-130.5728,53.6169,0.0],[-130.5678,53.618899999999996,0.0],[-130.5683,53.6192,0.0],[-130.5711,53.6192,0.0]]],
[[[-130.575,53.6206,0.0],[-130.5789,53.618899999999996,0.0],[-130.5794,53.6169,0.1069],[-130.5772,53.6161,0.1069],[-130.5739,53.6183,0.0],[-130.575,53.6206,0.0]]],
[[[-130.5511,53.6269,5.166],[-130.5533,53.6244,0.0],[-130.5522,53.6233,0.0],[-130.5483,53.6256,0.0],[-130.5511,53.6269,5.166]]],
[[[-130.5644,53.6281,0.0],[-130.5672,53.6283,0.3186],[-130.5672,53.6247,0.0],[-130.565,53.6253,0.0],[-130.5644,53.6281,0.0]]],
[[[-130.5656,53.6314,5.9614],[-130.5633,53.6328,2.2706],[-130.5661,53.6336,7.1913],[-130.5677,53.6301,0.0],[-130.5656,53.6299,0.0],[-130.5656,53.6314,5.9614]]],
[[[-130.5272,53.7647,0.0],[-130.5244,53.7664,1.59],[-130.5317,53.7661,0.0],[-130.53,53.765,0.0],[-130.5272,53.7647,0.0]]],
[[[-130.4928,53.7658,0.0],[-130.4928,53.7678,0.0],[-130.4965,53.7679,0.0],[-130.4967,53.765,0.0],[-130.4928,53.7658,0.0]]],
[[[-130.5137,53.7775,19.7839],[-130.5116,53.7814,1.4477],[-130.5148,53.7847,3.889],[-130.5283,53.7828,0.0],[-130.5261,53.7806,11.38],[-130.5211,53.7803,27.4979],[-130.52,53.7767,39.6601],[-130.5294,53.7739,1.1696],[-130.5317,53.7717,17.2129],[-130.5344,53.7725,2.4584],[-130.5356,53.7719,5.7932],[-130.5339,53.7711,17.2129],[-130.5356,53.7697,9.1483],[-130.5233,53.7672,0.0],[-130.5172,53.7725,7.6942],[-130.5155,53.7719,0.0],[-130.5172,53.7708,0.0],[-130.5133,53.7706,0.0],[-130.5094,53.7728,0.0],[-130.5133,53.7744,0.0],[-130.5137,53.7775,19.7839]]],
[[[-130.5283,53.7756,21.3736],[-130.5239,53.7783,7.0126],[-130.5294,53.7786,17.5033],[-130.535,53.7753,11.5065],[-130.5317,53.7742,13.2611],[-130.5283,53.7756,21.3736]]],
[[[-130.6331,53.4904,0.1169],[-130.6343,53.4946,0.0533],[-130.6398,53.4927,1.4232],[-130.6393,53.4913,0.2295],[-130.6337,53.4904,0.1169],[-130.6354,53.4899,0.0733],[-130.6343,53.4893,0.1169],[-130.6331,53.4904,0.1169]]],
[[[-130.6339,53.5472,1.2204],[-130.6328,53.5481,1.2204],[-130.6364,53.5491,0.1255],[-130.6367,53.5475,0.0303],[-130.6339,53.5472,1.2204]]],
[[[-130.6243,53.8319,0.0],[-130.6217,53.8328,0.0],[-130.6261,53.8336,3.6455],[-130.6296,53.8304,0.0],[-130.6283,53.8299,0.0],[-130.6243,53.8319,0.0]]],
[[[-130.5956,53.8528,0.0],[-130.5956,53.8539,0.0],[-130.6044,53.8561,6.1827],[-130.6122,53.8533,3.0922],[-130.6128,53.8508,0.0],[-130.6089,53.8456,5.8465],[-130.6022,53.8433,0.0],[-130.6039,53.8406,14.0922],[-130.5994,53.8375,0.635],[-130.5939,53.8431,1.9671],[-130.5941,53.8471,11.5823],[-130.5926,53.8492,6.5959],[-130.5956,53.8528,0.0]]],
[[[-130.6511,53.8878,0.0],[-130.6522,53.8875,0.0],[-130.6528,53.8864,4.4655],[-130.6494,53.8867,2.2712],[-130.6511,53.8878,0.0]]],
[[[-130.6649,53.8953,37.3702],[-130.6665,53.8935,1.708],[-130.66,53.8944,1.3736],[-130.661,53.896,0.7062],[-130.6649,53.8953,37.3702]]],
[[[-130.6098,53.9156,2.7055],[-130.6116,53.9139,0.0],[-130.6149,53.9145,7.5005],[-130.6299,53.9175,0.0],[-130.6316,53.9184,10.8894],[-130.6311,53.9197,9.1116],[-130.6344,53.9199,9.0734],[-130.6392,53.9145,2.6326],[-130.6457,53.9135,6.0296],[-130.6533,53.9081,17.6479],[-130.6579,53.907,0.0],[-130.659,53.9016,10.5264],[-130.6625,53.8993,12.2238],[-130.6444,53.8894,7.1905],[-130.6313,53.8874,13.9149],[-130.6274,53.8883,0.0],[-130.6116,53.8842,13.8778],[-130.6133,53.8828,7.1267],[-130.6194,53.8828,10.5868],[-130.6222,53.885,10.8179],[-130.6272,53.8844,6.2669],[-130.6461,53.8881,5.1376],[-130.6494,53.8853,2.1432],[-130.6483,53.8842,2.1432],[-130.6372,53.8839,19.2181],[-130.6332,53.8803,0.0],[-130.619,53.874,12.0119],[-130.6104,53.8757,32.1404],[-130.6056,53.8836,11.9422],[-130.6028,53.8814,10.8386],[-130.5948,53.8825,4.2943],[-130.5932,53.8863,0.0],[-130.5867,53.8907,13.306],[-130.5861,53.8955,6.3258],[-130.5903,53.902,2.1257],[-130.5979,53.9036,22.6403],[-130.6106,53.9092,15.8297],[-130.6117,53.9119,2.5736],[-130.6033,53.9131,0.0],[-130.6078,53.9164,3.9972],[-130.6098,53.9156,2.7055]]],
[[[-130.6639,53.9172,0.0],[-130.6661,53.9161,4.2861],[-130.6656,53.9136,0.0],[-130.6617,53.9153,1.4913],[-130.6639,53.9172,0.0]]],
[[[-130.6639,53.9061,5.1279],[-130.6656,53.9078,4.7017],[-130.67,53.905,0.0],[-130.6683,53.9042,3.4461],[-130.6639,53.9061,5.1279]]],
[[[-130.6939,53.9131,11.2263],[-130.6967,53.9122,2.3314],[-130.6972,53.9114,3.5144],[-130.6917,53.9117,1.5164],[-130.6939,53.9131,11.2263]]],
[[[-130.6744,53.9172,0.0],[-130.6756,53.9164,1.8779],[-130.6711,53.9158,12.4402],[-130.6694,53.9178,5.0737],[-130.6711,53.9183,11.8592],[-130.6744,53.9172,0.0]]],
[[[-130.6661,53.9253,0.0],[-130.6639,53.925,0.0],[-130.6633,53.9269,0.0],[-130.6649,53.9284,3.5648],[-130.6689,53.93,14.6066],[-130.6739,53.9289,0.9204],[-130.6672,53.9281,7.214],[-130.6661,53.9253,0.0]]],
[[[-130.6595,53.9217,2.3297],[-130.6661,53.9231,14.14],[-130.67,53.9219,0.0],[-130.6611,53.9187,0.0],[-130.6582,53.9196,16.794],[-130.6595,53.9217,2.3297]]],
[[[-130.6351,53.9889,0.0],[-130.6373,53.9875,1.7671],[-130.6372,53.9867,0.5941],[-130.6344,53.9872,0.0],[-130.6351,53.9889,0.0]]],
[[[-130.6258,54.016,6.3881],[-130.623,54.0117,0.0],[-130.6217,54.0121,4.2162],[-130.6221,54.0171,0.0],[-130.6258,54.016,6.3881]]],
[[[-130.6242,54.0206,0.0],[-130.6255,54.02,2.5687],[-130.6267,54.0183,0.2504],[-130.6245,54.0181,0.0],[-130.6242,54.0206,0.0]]],
[[[-130.4983,53.7806,0.0],[-130.5072,53.7842,0.0],[-130.5083,53.7833,0.0],[-130.5067,53.7817,13.2122],[-130.5089,53.7806,0.0],[-130.5089,53.7772,1.1956],[-130.5028,53.7742,1.08],[-130.4995,53.7767,0.0],[-130.5011,53.7786,12.529],[-130.4983,53.7806,0.0]]],
[[[-130.5311,53.7792,17.3899],[-130.53,53.78,17.3899],[-130.5322,53.7814,2.5021],[-130.535,53.7794,8.0466],[-130.5333,53.7783,2.1828],[-130.5311,53.7792,17.3899]]],
[[[-130.4911,53.7811,3.8113],[-130.4933,53.7806,0.0],[-130.4883,53.7792,0.0],[-130.485,53.7811,0.0],[-130.485,53.7828,0.0],[-130.4861,53.7831,0.0],[-130.4911,53.7811,3.8113]]],
[[[-130.4739,53.7814,3.75],[-130.4756,53.7833,4.0207],[-130.4783,53.7831,22.203],[-130.4772,53.7811,5.729],[-130.4739,53.7814,3.75]]],
[[[-130.4705,53.7849,8.9221],[-130.4663,53.7905,0.0],[-130.4811,53.7889,0.0],[-130.4778,53.7872,10.5827],[-130.4794,53.7861,0.0],[-130.4758,53.7844,7.6499],[-130.4705,53.7849,8.9221]]],
[[[-130.5194,53.7894,3.2656],[-130.5211,53.7906,0.0],[-130.5233,53.7878,8.4554],[-130.5202,53.7876,0.0],[-130.5183,53.7886,0.0],[-130.5194,53.7894,3.2656]]],
[[[-130.49,53.7967,0.0],[-130.4989,53.7972,3.5141],[-130.4983,53.7961,20.1388],[-130.5005,53.7947,0.0],[-130.4928,53.7944,0.0],[-130.49,53.7967,0.0]]],
[[[-130.4711,53.8033,31.3032],[-130.4722,53.8039,9.1857],[-130.4678,53.8039,4.7469],[-130.4667,53.8053,4.7469],[-130.4722,53.8075,5.7147],[-130.4783,53.805,15.1412],[-130.4817,53.8019,0.0],[-130.4753,53.7992,16.0912],[-130.486,53.7946,16.7211],[-130.4883,53.7917,3.4132],[-130.4856,53.7908,3.1433],[-130.4804,53.7927,4.937],[-130.4769,53.7914,1.9537],[-130.4744,53.7944,8.2553],[-130.4716,53.7923,23.2044],[-130.4671,53.792,0.0],[-130.4592,53.7955,8.5725],[-130.4594,53.798,3.7901],[-130.4676,53.7995,1.8079],[-130.4711,53.8033,31.3032]]],
[[[-130.5,53.8031,1.4707],[-130.5017,53.8036,9.3351],[-130.5039,53.8017,0.0],[-130.5028,53.8011,0.0],[-130.5,53.8031,1.4707]]],
[[[-130.4877,53.8001,0.0],[-130.4845,53.8014,3.0034],[-130.4841,53.8032,10.2035],[-130.4878,53.8098,7.2573],[-130.4956,53.8108,2.3449],[-130.502,53.8072,3.5012],[-130.5007,53.804,23.2831],[-130.4972,53.8025,17.6587],[-130.5003,53.8008,9.3997],[-130.4998,53.7982,0.0],[-130.4877,53.8001,0.0]]],
[[[-130.5112,53.8057,26.5055],[-130.512,53.8036,2.7381],[-130.5097,53.8028,2.5892],[-130.5056,53.805,14.098],[-130.505,53.8069,0.0],[-130.5067,53.8075,0.0],[-130.5112,53.8057,26.5055]]],
[[[-130.475,53.8083,0.0],[-130.4744,53.8097,0.0],[-130.4778,53.8097,9.6835],[-130.4778,53.8083,2.5654],[-130.475,53.8083,0.0]]],
[[[-130.5417,53.7692,0.0],[-130.5472,53.7678,0.625],[-130.5444,53.7672,0.0],[-130.5408,53.7686,0.0],[-130.5417,53.7692,0.0]]],
[[[-130.5567,53.8471,3.5252],[-130.5664,53.8499,13.2157],[-130.5833,53.8451,24.6108],[-130.5866,53.8415,2.5871],[-130.5909,53.8405,0.7711],[-130.6007,53.8333,9.469],[-130.6233,53.8264,2.6939],[-130.6433,53.8097,0.0],[-130.6331,53.8105,18.2695],[-130.6286,53.8093,12.8934],[-130.6261,53.8077,18.2389],[-130.6243,53.8037,8.2881],[-130.6248,53.8007,16.0099],[-130.6231,53.7995,2.127],[-130.616,53.7975,8.9123],[-130.6068,53.7975,12.2042],[-130.605,53.7964,17.6251],[-130.6078,53.7947,3.1009],[-130.5997,53.7937,1.3107],[-130.5972,53.7911,10.2842],[-130.5923,53.79,28.7927],[-130.5933,53.7886,3.279],[-130.5911,53.7878,3.7333],[-130.5802,53.7929,2.5627],[-130.5756,53.7908,0.6097],[-130.5701,53.7922,7.8997],[-130.5672,53.7892,0.0],[-130.5616,53.7909,21.3922],[-130.5622,53.7895,0.0],[-130.5606,53.7886,2.5157],[-130.5511,53.7909,16.5442],[-130.5494,53.7895,18.4979],[-130.5544,53.7878,0.0],[-130.5458,53.7876,3.8375],[-130.5312,53.7962,4.3818],[-130.5328,53.7985,0.0],[-130.5311,53.8017,16.135],[-130.5427,53.8038,53.1727],[-130.5373,53.8082,0.0],[-130.5259,53.8133,0.0],[-130.5152,53.8096,0.0],[-130.5113,53.8097,0.0],[-130.5072,53.8125,1.79],[-130.5128,53.8133,29.8792],[-130.5133,53.8147,4.3389],[-130.5061,53.8147,8.5712],[-130.5003,53.8192,0.0],[-130.5127,53.827,9.6782],[-130.5296,53.832,17.844],[-130.5381,53.8381,19.0473],[-130.5567,53.8471,3.5252]]],
[[[-130.5914,53.8492,23.4988],[-130.5881,53.8445,0.0],[-130.5822,53.8482,0.0],[-130.5808,53.8511,0.0],[-130.5889,53.8548,18.1124],[-130.5916,53.8524,6.6468],[-130.5914,53.8492,23.4988]]],
[[[-130.5678,53.8703,5.9903],[-130.5694,53.8678,0.0],[-130.5672,53.8664,0.0],[-130.5661,53.8683,2.4866],[-130.5678,53.8703,5.9903]]],
[[[-130.3572,53.8144,5.8424],[-130.355,53.8144,5.8424],[-130.3539,53.8158,3.2363],[-130.3605,53.8158,7.0314],[-130.3572,53.8144,5.8424]]],
[[[-130.3633,53.8175,6.1361],[-130.3639,53.8189,0.0],[-130.3669,53.8181,0.0],[-130.365,53.8169,0.0],[-130.3633,53.8175,6.1361]]],
[[[-130.3411,53.8215,11.5941],[-130.3469,53.8241,2.3622],[-130.3539,53.8225,0.0],[-130.3591,53.8233,12.2313],[-130.3633,53.8214,0.0],[-130.3575,53.8186,0.0],[-130.3454,53.8179,4.6551],[-130.339,53.8203,0.0],[-130.3411,53.8215,11.5941]]],
[[[-130.2522,54.0197,11.2726],[-130.2578,54.0217,5.7485],[-130.2566,54.0247,4.7371],[-130.2578,54.0256,0.0],[-130.2606,54.0247,0.0],[-130.2639,54.0208,2.4767],[-130.2584,54.0106,0.0],[-130.26,54.0072,9.801],[-130.2562,54.0049,0.0],[-130.2539,53.9994,1.784],[-130.2516,53.9987,0.0],[-130.2506,54.0,1.784],[-130.2444,54.0006,20.9453],[-130.2346,53.9868,0.0],[-130.2317,53.9867,0.0],[-130.2334,53.9886,0.0],[-130.2322,53.9899,0.0],[-130.2267,53.9889,0.0],[-130.2267,53.9909,0.0],[-130.2306,53.9937,3.6732],[-130.2303,53.9972,0.0],[-130.2345,54.0017,13.232],[-130.2322,54.0033,0.0],[-130.2367,54.0081,0.0],[-130.2389,54.0069,20.9588],[-130.2422,54.0083,2.1481],[-130.2444,54.0117,6.8077],[-130.2444,54.0169,1.8958],[-130.2472,54.0186,6.5685],[-130.245,54.0197,0.0],[-130.2444,54.0225,0.0],[-130.25,54.0253,0.0],[-130.2511,54.0247,0.0],[-130.2483,54.0214,1.4426],[-130.2522,54.0197,11.2726]]],
[[[-130.4406,53.8281,0.3373],[-130.4356,53.8283,5.0745],[-130.4417,53.8322,0.0],[-130.4489,53.8289,0.0],[-130.4439,53.8269,0.0],[-130.4406,53.8281,0.3373]]],
[[[-130.4456,53.8319,1.074],[-130.4433,53.8359,0.0],[-130.4489,53.8383,17.4865],[-130.4522,53.8378,0.0],[-130.4483,53.8353,5.3815],[-130.4511,53.8347,5.3815],[-130.4522,53.8314,0.0],[-130.4456,53.8319,1.074]]],
[[[-130.4361,54.0569,0.0],[-130.4361,54.0581,4.9441],[-130.4389,54.0583,0.0],[-130.4389,54.0558,0.0],[-130.4361,54.0569,0.0]]],
[[[-130.4506,54.0864,2.3576],[-130.4472,54.0853,2.3404],[-130.4467,54.0878,0.0],[-130.4511,54.0867,2.3576],[-130.4506,54.0864,2.3576]]],
[[[-130.5139,53.8908,1.5783],[-130.5233,53.8923,3.5948],[-130.5233,53.8908,18.7021],[-130.5189,53.8894,10.612],[-130.52,53.8883,7.3608],[-130.5167,53.8869,0.0],[-130.5089,53.89,1.1788],[-130.5139,53.8908,1.5783]]],
[[[-130.4144,54.1005,0.8899],[-130.4144,54.1022,0.0],[-130.4189,54.1023,7.6747],[-130.4178,54.1039,0.0],[-130.4202,54.1046,0.0],[-130.4226,54.1034,10.4146],[-130.4244,54.0989,0.0],[-130.4364,54.0986,0.0],[-130.4383,54.0949,0.0],[-130.4368,54.0928,4.956],[-130.4476,54.0828,0.0],[-130.4431,54.0748,14.9931],[-130.4432,54.0703,5.3668],[-130.4403,54.0685,1.0055],[-130.4326,54.0677,11.8968],[-130.437,54.0651,7.9264],[-130.4392,54.0611,8.0709],[-130.435,54.0589,12.0677],[-130.4312,54.0603,0.0],[-130.4289,54.0592,19.1979],[-130.4344,54.0572,2.3266],[-130.4339,54.0542,0.0],[-130.4362,54.0528,3.7448],[-130.4433,54.0536,6.5296],[-130.4413,54.0553,0.0],[-130.443,54.0615,0.0],[-130.4414,54.0644,3.7905],[-130.4466,54.0721,0.0],[-130.4492,54.073,3.4312],[-130.449,54.076,5.3175],[-130.4538,54.0783,8.796],[-130.4611,54.0787,17.6881],[-130.4661,54.0766,9.9511],[-130.4716,54.0787,8.3593],[-130.4756,54.075,12.002],[-130.4788,54.0745,0.0],[-130.4769,54.0715,2.8702],[-130.4839,54.0733,4.103],[-130.484,54.0693,0.0],[-130.4884,54.067,11.0085],[-130.5011,54.0646,6.3871],[-130.514,54.0667,10.0875],[-130.5311,54.0653,0.0],[-130.53,54.0641,0.0],[-130.5339,54.0636,16.4848],[-130.5339,54.0623,16.4848],[-130.5228,54.0541,15.3449],[-130.525,54.0525,3.6061],[-130.5225,54.0484,8.515],[-130.5247,54.0469,7.7578],[-130.529,54.0477,2.4141],[-130.5375,54.0531,0.0],[-130.5423,54.0525,12.4484],[-130.5463,54.0565,0.0],[-130.5518,54.0571,0.0],[-130.5588,54.0546,0.0],[-130.5587,54.0508,5.7034],[-130.5533,54.0447,0.8822],[-130.555,54.0419,12.0734],[-130.56,54.0428,7.7607],[-130.5613,54.0394,3.4299],[-130.5591,54.0379,10.566],[-130.5601,54.0351,14.3583],[-130.5655,54.0311,0.0],[-130.5756,54.0315,1.7652],[-130.5782,54.0301,25.42],[-130.5962,54.0343,0.0],[-130.6022,54.0331,5.161],[-130.6017,54.0311,7.6037],[-130.6033,54.03,12.1439],[-130.6033,54.0264,21.8083],[-130.6056,54.0247,13.0697],[-130.605,54.0233,24.62],[-130.6101,54.0209,2.8822],[-130.6111,54.0172,2.825],[-130.6144,54.0183,5.6601],[-130.6161,54.0156,24.5903],[-130.6201,54.017,10.1753],[-130.6217,54.0142,0.0],[-130.6194,54.0117,13.5128],[-130.6258,54.0087,1.3889],[-130.6283,54.0093,1.3877],[-130.63,54.0,30.1197],[-130.6328,54.0,20.653199999999998],[-130.6339,54.0075,10.2526],[-130.6327,54.0114,0.0],[-130.6309,54.0119,0.0],[-130.6382,54.0127,4.6885],[-130.6409,54.0063,11.1739],[-130.6392,54.004,6.126],[-130.6398,54.0006,12.2543],[-130.6355,53.9961,0.0],[-130.6389,53.9931,15.7154],[-130.6416,53.9978,0.0],[-130.6439,53.9989,0.0],[-130.6452,53.9958,1.8917],[-130.6478,53.995,0.0],[-130.6422,53.9919,0.0],[-130.6378,53.9914,0.0],[-130.6328,53.9942,9.908],[-130.6306,53.9905,31.1371],[-130.6376,53.9819,5.2368],[-130.6344,53.9775,8.4961],[-130.6385,53.9766,15.7852],[-130.6456,53.9719,8.2105],[-130.6478,53.9728,9.9698],[-130.6438,53.9775,6.5677],[-130.6464,53.9897,10.7513],[-130.655,53.9933,6.9639],[-130.6589,53.9917,10.9487],[-130.6594,53.9947,1.9279],[-130.6636,53.9943,0.0],[-130.6628,53.9981,0.0],[-130.6583,53.9992,9.6869],[-130.6561,53.9967,0.0],[-130.6506,53.995,0.0],[-130.6483,53.9969,4.3749],[-130.6506,53.9986,2.948],[-130.6494,53.9997,0.0],[-130.6511,54.0014,0.0],[-130.6533,54.0,7.5409],[-130.6542,53.9967,5.4542],[-130.6556,54.0004,7.9214],[-130.6622,54.0022,1.9167],[-130.6611,54.0044,0.0],[-130.6661,54.0045,0.0],[-130.665,54.0014,24.2336],[-130.67,54.0008,0.0],[-130.6694,53.9981,5.8079],[-130.6662,53.9948,2.7346],[-130.6678,53.9925,0.0],[-130.6633,53.9894,18.0433],[-130.67,53.9759,0.0],[-130.69,53.955,21.1381],[-130.7027,53.9475,0.0],[-130.7133,53.9447,6.9637],[-130.7233,53.9397,0.0],[-130.7228,53.9358,15.1816],[-130.7261,53.9328,0.0],[-130.7228,53.93,15.9799],[-130.7228,53.9261,12.3713],[-130.7283,53.9231,0.0],[-130.7267,53.9219,29.6906],[-130.7332,53.9101,11.6937],[-130.7302,53.9066,2.2873],[-130.7194,53.9027,4.8781],[-130.7117,53.8971,15.2694],[-130.7111,53.8914,2.8539],[-130.7161,53.8861,0.0],[-130.7139,53.8809,16.9012],[-130.7228,53.8686,4.4177],[-130.7172,53.8625,0.0],[-130.7073,53.8589,23.5067],[-130.7083,53.8578,18.381],[-130.705,53.8539,0.0],[-130.7,53.8517,20.9534],[-130.7056,53.8503,0.0],[-130.7044,53.8494,13.8181],[-130.7077,53.8475,8.7823],[-130.7072,53.8464,0.0],[-130.7038,53.8444,0.4113],[-130.6927,53.8469,3.9244],[-130.6917,53.845,8.3607],[-130.6939,53.8433,0.0],[-130.6933,53.8419,0.0],[-130.6855,53.8409,0.0],[-130.6811,53.8425,4.3572],[-130.6817,53.8436,4.3572],[-130.6778,53.8431,0.0],[-130.6711,53.8461,9.6342],[-130.6667,53.8456,18.044],[-130.6617,53.8436,0.0],[-130.6589,53.84,0.0],[-130.6583,53.8383,4.8503],[-130.6611,53.8364,0.5622],[-130.6578,53.8367,0.5622],[-130.655,53.835,0.0],[-130.6528,53.8364,4.9089],[-130.6461,53.8342,2.3067],[-130.6373,53.8387,0.0],[-130.6405,53.8428,0.0],[-130.6389,53.8442,7.0679],[-130.6166,53.8439,13.4374],[-130.6152,53.8453,0.0],[-130.6173,53.8473,0.0],[-130.6255,53.8519,13.8397],[-130.6228,53.8533,5.2712],[-130.62,53.8511,7.0068],[-130.617,53.8512,6.2397],[-130.6111,53.8567,9.7243],[-130.6111,53.8581,21.2336],[-130.6173,53.8626,0.0],[-130.675,53.8848,2.9711],[-130.6883,53.8875,9.2449],[-130.6983,53.8917,5.4565],[-130.6979,53.8971,0.0],[-130.7011,53.9031,16.7969],[-130.6928,53.9077,4.7274],[-130.6978,53.9083,14.2762],[-130.7022,53.9109,4.8446],[-130.695,53.9167,0.0],[-130.6883,53.915,0.2616],[-130.68,53.9158,0.0],[-130.6816,53.9175,2.8398],[-130.685,53.9178,7.0079],[-130.6844,53.9222,3.03],[-130.6889,53.9253,13.5151],[-130.6859,53.9259,0.0],[-130.68,53.9315,0.0],[-130.6789,53.9355,0.9751],[-130.6872,53.9428,5.0443],[-130.6817,53.9461,4.6314],[-130.6694,53.95,4.3022],[-130.6717,53.9528,4.332],[-130.6706,53.9573,14.8238],[-130.6639,53.9525,6.0275],[-130.6639,53.9511,3.7235],[-130.6733,53.9455,4.4838],[-130.6711,53.9406,8.1282],[-130.6728,53.9394,12.7804],[-130.6711,53.9386,0.9841],[-130.6633,53.9383,6.0],[-130.6617,53.9375,6.0],[-130.6628,53.9367,3.1934],[-130.6618,53.9358,3.1934],[-130.6563,53.9349,0.0],[-130.635,53.9372,23.684],[-130.6289,53.947,3.0309],[-130.6456,53.9589,15.5839],[-130.635,53.9578,4.1222],[-130.6294,53.9553,2.3949],[-130.6244,53.9507,3.969],[-130.61,53.9475,8.1525],[-130.6061,53.9433,1.656],[-130.6044,53.9386,5.0344],[-130.59,53.9331,16.9174],[-130.59,53.931399999999996,15.3502],[-130.5861,53.9292,10.9524],[-130.58,53.9278,7.7971],[-130.5839,53.9236,4.2808],[-130.5833,53.9217,11.3634],[-130.5767,53.9197,5.9966],[-130.5761,53.9169,9.6604],[-130.5777,53.9156,0.0],[-130.5731,53.9103,0.0],[-130.5689,53.9089,34.3601],[-130.5691,53.9052,0.0],[-130.5572,53.9006,23.2221],[-130.5583,53.8992,18.7652],[-130.5572,53.8961,1.9478],[-130.5356,53.8997,8.3361],[-130.5287,53.8954,0.0],[-130.5179,53.8931,0.0],[-130.5133,53.8928,0.0],[-130.5111,53.8947,7.5719],[-130.5044,53.8906,12.9662],[-130.5075,53.8885,0.0],[-130.5039,53.8858,2.4202],[-130.4989,53.8833,0.0],[-130.4905,53.8831,0.0],[-130.4756,53.8897,0.0],[-130.4706,53.8939,27.7022],[-130.4602,53.9145,28.4548],[-130.4599,53.9169,34.0672],[-130.4619,53.9187,12.3135],[-130.4557,53.9217,0.0],[-130.4568,53.9247,24.0057],[-130.4555,53.928,0.0],[-130.4571,53.9321,1.2273],[-130.4551,53.9351,0.0],[-130.4605,53.9497,22.4405],[-130.458,53.9629,15.9631],[-130.4518,53.9721,13.3098],[-130.4444,53.9761,3.5354],[-130.4389,53.9817,6.503],[-130.4305,53.9839,22.4929],[-130.4163,53.9807,3.0651],[-130.4083,53.9805,34.3161],[-130.3933,53.9731,0.0],[-130.3878,53.9742,0.0],[-130.3822,53.98,0.0],[-130.3768,53.9767,0.0],[-130.37,53.9767,16.0959],[-130.3689,53.9749,10.6087],[-130.3711,53.9731,38.2298],[-130.3707,53.9712,29.7257],[-130.3622,53.9697,0.0],[-130.3611,53.9678,10.9706],[-130.3548,53.9653,0.0],[-130.3445,53.965,9.0188],[-130.3394,53.9642,20.5411],[-130.3389,53.9628,4.343],[-130.3439,53.9614,26.0836],[-130.3565,53.9626,2.6671],[-130.3629,53.9647,7.8767],[-130.3678,53.9608,3.6965],[-130.3717,53.9603,24.4867],[-130.3793,53.968,2.8392],[-130.3839,53.9656,0.0],[-130.3922,53.9659,0.0],[-130.4136,53.971,1.4744],[-130.4225,53.9664,12.4417],[-130.4326,53.9585,18.2264],[-130.4378,53.9393,0.0],[-130.4438,53.9309,0.0],[-130.4477,53.9188,0.0],[-130.4544,53.9147,0.0],[-130.4527,53.9114,9.4393],[-130.4539,53.9078,7.6576],[-130.458,53.9066,0.0],[-130.4586,53.9037,7.1051],[-130.4666,53.8971,6.0372],[-130.4688,53.8925,0.0],[-130.4683,53.8869,12.2043],[-130.4889,53.8786,16.9294],[-130.4928,53.8795,8.4008],[-130.4944,53.8786,6.1668],[-130.4933,53.8761,0.0],[-130.4978,53.8744,5.6691],[-130.5072,53.8767,8.6154],[-130.5106,53.8722,7.7139],[-130.5172,53.87,3.1981],[-130.5139,53.8683,0.0],[-130.5111,53.868899999999996,16.9699],[-130.5111,53.865,15.3417],[-130.5066,53.8631,16.5902],[-130.5061,53.8606,7.5091],[-130.5011,53.8595,3.5162],[-130.5011,53.8547,0.7507],[-130.4989,53.8525,15.9459],[-130.4855,53.847,11.3385],[-130.4933,53.8467,6.5224],[-130.4917,53.8483,2.7411],[-130.4928,53.8495,2.0332],[-130.5,53.8481,4.2498],[-130.51,53.8497,2.2623],[-130.5139,53.8483,0.0],[-130.5086,53.8454,0.0],[-130.4997,53.8448,4.5707],[-130.504,53.8431,0.0],[-130.5043,53.841,1.7755],[-130.5039,53.8378,0.0],[-130.4995,53.8364,0.0],[-130.4944,53.8375,2.5354],[-130.4889,53.8411,5.2848],[-130.4867,53.8406,4.2772],[-130.4883,53.8378,10.1395],[-130.4861,53.8369,0.0],[-130.477,53.8385,0.0],[-130.4705,53.8417,3.4366],[-130.4672,53.8406,12.3885],[-130.4662,53.8383,0.0],[-130.4628,53.8389,8.2867],[-130.4611,53.8375,2.3308],[-130.4489,53.8392,11.3254],[-130.4461,53.8414,1.8436],[-130.4506,53.8436,4.1572],[-130.4461,53.8436,0.0],[-130.4444,53.8444,0.0],[-130.4456,53.8464,22.3943],[-130.4428,53.8458,2.2495],[-130.4422,53.8486,2.5587],[-130.4394,53.8492,11.1455],[-130.44,53.8478,7.1062],[-130.4328,53.8439,23.8322],[-130.435,53.8431,0.7988],[-130.4306,53.84,12.0681],[-130.4383,53.8386,0.0],[-130.436,53.8365,0.0],[-130.4356,53.8335,0.0],[-130.4267,53.8318,0.0],[-130.425,53.8342,14.0347],[-130.4306,53.8344,6.9781],[-130.4244,53.8359,5.7465],[-130.4242,53.8377,11.9829],[-130.4128,53.8378,22.8112],[-130.4117,53.8361,9.0303],[-130.4206,53.8355,1.9396],[-130.4217,53.8331,4.803],[-130.4172,53.8319,7.1686],[-130.4183,53.83,8.5827],[-130.4144,53.8288,27.4959],[-130.4072,53.8284,0.0],[-130.405,53.8306,10.9807],[-130.3994,53.8269,15.7432],[-130.4017,53.8256,4.6275],[-130.3998,53.8235,0.0],[-130.3889,53.8269,0.0],[-130.386,53.8238,5.0067],[-130.3781,53.8238,20.1372],[-130.3624,53.8281,0.0],[-130.3598,53.8311,9.7869],[-130.3546,53.8281,0.0],[-130.3407,53.8285,3.8237],[-130.3423,53.8309,5.9593],[-130.3493,53.8343,52.4042],[-130.3408,53.8329,4.1629],[-130.3391,53.8353,0.0],[-130.3384,53.8429,0.0],[-130.3422,53.8451,16.0321],[-130.3472,53.8425,3.2915],[-130.3517,53.8451,7.9647],[-130.3467,53.8464,2.3352],[-130.3375,53.8541,0.0],[-130.3389,53.8582,17.785],[-130.3371,53.8607,9.3481],[-130.3369,53.8677,11.0093],[-130.334,53.8716,3.3479],[-130.3363,53.8755,0.0],[-130.3344,53.8791,10.8807],[-130.3167,53.8845,0.0],[-130.3127,53.8831,0.0],[-130.3083,53.8864,0.0],[-130.3072,53.8911,13.8822],[-130.2956,53.8931,13.5227],[-130.294,53.8976,2.4003],[-130.2778,53.9023,4.5195],[-130.2762,53.9071,44.4628],[-130.2775,53.9131,2.4341],[-130.2708,53.9173,35.0257],[-130.2711,53.9208,41.6746],[-130.2688,53.9239,26.719],[-130.2615,53.9264,10.7977],[-130.2594,53.9305,0.0],[-130.26,53.9328,3.034],[-130.2533,53.9347,1.558],[-130.2505,53.9344,1.558],[-130.2478,53.9317,0.0],[-130.2414,53.9329,1.0805],[-130.2395,53.9355,1.7292],[-130.2416,53.9381,25.5679],[-130.2528,53.9425,0.8677],[-130.2572,53.9458,4.4372],[-130.245,53.9439,6.6548],[-130.235,53.9445,4.4454],[-130.2317,53.9472,8.3845],[-130.23,53.9523,0.0],[-130.2345,53.9572,1.1842],[-130.2339,53.9614,3.556],[-130.2361,53.9628,11.7988],[-130.2378,53.9681,27.2507],[-130.2367,53.9736,3.288],[-130.2341,53.9755,8.6806],[-130.2345,53.9783,5.4385],[-130.2406,53.9814,23.9809],[-130.24,53.9864,15.9231],[-130.2439,53.9881,13.0072],[-130.2433,53.9894,0.0],[-130.2483,53.9936,9.7919],[-130.2478,53.9947,0.0],[-130.2522,53.9926,5.756],[-130.2539,53.9933,5.756],[-130.2544,53.9969,3.5397],[-130.2622,54.0061,2.641],[-130.2768,54.0141,1.8363],[-130.2785,54.0169,0.0],[-130.2856,54.0182,0.0],[-130.2939,54.0145,16.3193],[-130.2883,54.0211,0.0],[-130.288,54.0251,0.0],[-130.2901,54.0284,6.9117],[-130.3025,54.0369,9.2618],[-130.3055,54.0414,4.0393],[-130.3146,54.0477,0.0],[-130.3173,54.0508,2.2499],[-130.3171,54.0529,4.757],[-130.3212,54.0544,5.0627],[-130.3303,54.0629,15.9877],[-130.3356,54.0659,0.0],[-130.3383,54.0636,17.5818],[-130.3472,54.0703,4.8104],[-130.3478,54.0689,4.8104],[-130.3542,54.0696,8.2082],[-130.3731,54.0812,0.0],[-130.3823,54.0895,0.0],[-130.3881,54.088,0.0],[-130.3871,54.0844,14.9627],[-130.3833,54.0811,18.8011],[-130.3844,54.0803,13.1665],[-130.3938,54.0875,0.0],[-130.4011,54.0908,3.9725],[-130.4073,54.0906,0.0],[-130.41,54.088,6.2741],[-130.4094,54.0903,7.1345],[-130.415,54.0906,22.5013],[-130.4128,54.0919,5.6923],[-130.4128,54.0981,16.6144],[-130.4144,54.1005,0.8899]]],
[[[-130.4717,54.0797,3.4839],[-130.4733,54.0808,0.0],[-130.4778,54.0783,9.1581],[-130.4772,54.0775,9.1581],[-130.4717,54.0797,3.4839]]],
[[[-130.4828,54.0806,0.0],[-130.4811,54.0775,5.6807],[-130.4761,54.0819,0.0],[-130.4783,54.0825,2.0144],[-130.4828,54.0806,0.0]]],
[[[-130.2594,54.0351,0.0],[-130.2594,54.0408,0.0],[-130.2628,54.0425,22.6011],[-130.2628,54.0447,20.9786],[-130.2655,54.0475,0.0],[-130.2689,54.0486,4.6975],[-130.2705,54.0469,16.3516],[-130.2694,54.0435,10.6498],[-130.2761,54.0417,6.1212],[-130.2777,54.0442,0.0],[-130.2805,54.0444,4.3857],[-130.2817,54.0375,0.0],[-130.2772,54.0345,3.1168],[-130.2778,54.0319,0.0],[-130.2711,54.0256,5.0941],[-130.2655,54.0275,0.0],[-130.2661,54.0309,0.0],[-130.2644,54.0339,7.3591],[-130.2594,54.0351,0.0]]],
[[[-130.3233,54.0719,22.3628],[-130.33,54.0745,0.0],[-130.3311,54.0736,0.0],[-130.3289,54.0711,5.1597],[-130.3378,54.0745,0.0],[-130.3389,54.0736,0.0],[-130.3339,54.0692,3.5703],[-130.3178,54.0614,30.0795],[-130.3155,54.0575,9.2306],[-130.3128,54.0567,15.8892],[-130.3006,54.0458,26.2931],[-130.2894,54.0389,16.9033],[-130.2872,54.0395,2.7705],[-130.2867,54.0408,0.0],[-130.2922,54.0428,10.8951],[-130.2889,54.0456,0.0],[-130.2917,54.0481,8.5029],[-130.2878,54.0519,0.0],[-130.29,54.0569,2.3237],[-130.2956,54.06,5.3614],[-130.2967,54.0572,7.3623],[-130.3022,54.0581,7.073],[-130.3055,54.0617,0.0],[-130.3133,54.0647,2.0452],[-130.3167,54.0694,5.6869],[-130.3233,54.0719,22.3628]]],
[[[-130.2456,54.0582,0.0],[-130.245,54.0633,0.0],[-130.2483,54.065,4.9232],[-130.2517,54.0611,7.4234],[-130.257,54.0599,0.0],[-130.2549,54.0557,6.0943],[-130.2525,54.0545,0.0],[-130.2456,54.0582,0.0]]],
[[[-130.2861,54.095,0.0],[-130.2933,54.0978,0.0],[-130.2892,54.0947,1.0837],[-130.2823,54.0932,0.0],[-130.2861,54.095,0.0]]],
[[[-130.4956,53.8142,24.498],[-130.4948,53.8155,0.0],[-130.4971,53.8166,10.4482],[-130.5009,53.8164,3.3871],[-130.5061,53.8136,1.79],[-130.5023,53.8137,21.4356],[-130.5015,53.8117,0.0],[-130.4989,53.8111,2.3449],[-130.4956,53.8142,24.498]]],
[[[-130.495,53.8333,0.0],[-130.4911,53.8328,0.0],[-130.4894,53.8347,0.0],[-130.4989,53.8344,5.6311],[-130.495,53.8333,0.0]]],
[[[-130.5183,53.8553,11.7146],[-130.5211,53.8531,20.069],[-130.515,53.8528,0.0],[-130.5155,53.8539,7.0842],[-130.5183,53.8553,11.7146]]],
[[[-130.5122,53.8589,0.0],[-130.5139,53.8569,3.1037],[-130.5133,53.8547,24.9489],[-130.5122,53.8536,0.0],[-130.5089,53.8544,0.0],[-130.5111,53.8586,0.0],[-130.5122,53.8589,0.0]]],
[[[-130.565,53.8699,5.9903],[-130.5596,53.8659,16.7936],[-130.5554,53.8695,0.0],[-130.5613,53.8735,24.5439],[-130.5652,53.8716,0.0],[-130.565,53.8699,5.9903]]],
[[[-130.5517,53.8728,8.9536],[-130.5539,53.8728,7.7836],[-130.5561,53.8717,15.0715],[-130.55,53.8711,0.0],[-130.5517,53.8728,8.9536]]],
[[[-130.5322,53.8894,0.0],[-130.5294,53.8894,1.3987],[-130.5289,53.8908,3.8362],[-130.5367,53.8917,0.0],[-130.5339,53.8892,0.0],[-130.5322,53.8894,0.0]]],
[[[-130.5789,53.9189,5.8875],[-130.5817,53.9194,5.5529],[-130.5833,53.9183,3.96],[-130.5811,53.9172,0.0],[-130.5789,53.9189,5.8875]]],
[[[-130.5483,54.1994,0.0],[-130.5539,54.2019,26.5496],[-130.5594,54.2006,5.8961],[-130.5572,54.1989,29.0916],[-130.5583,54.1975,11.0875],[-130.5517,54.1964,0.0],[-130.5478,54.1975,0.0],[-130.5483,54.1994,0.0]]],
[[[-130.5544,54.21,1.7445],[-130.5606,54.2131,8.4612],[-130.5644,54.2114,0.0],[-130.5572,54.2089,20.2408],[-130.5544,54.21,1.7445]]],
[[[-130.4944,54.0828,9.95],[-130.4922,54.0806,14.5482],[-130.4894,54.0819,0.0],[-130.491,54.0843,2.0223],[-130.4944,54.0828,9.95]]],
[[[-130.4794,54.085,0.0],[-130.4822,54.0847,4.0278],[-130.4839,54.0822,0.0],[-130.4794,54.0836,2.0267],[-130.4794,54.085,0.0]]],
[[[-130.3917,54.0908,0.0],[-130.3936,54.0897,4.1492],[-130.3935,54.088,0.0],[-130.3889,54.0903,4.506],[-130.3917,54.0908,0.0]]],
[[[-130.445,54.0925,0.0],[-130.4417,54.0942,0.0],[-130.4456,54.095,0.0],[-130.4478,54.0939,0.0],[-130.445,54.0925,0.0]]],
[[[-130.3317,54.1044,2.7447],[-130.3347,54.1051,3.9342],[-130.3352,54.1037,1.5362],[-130.3328,54.1019,0.0],[-130.3317,54.1044,2.7447]]],
[[[-130.1972,54.1111,5.0762],[-130.195,54.1133,0.0],[-130.1967,54.115,7.4487],[-130.2056,54.1147,4.4501],[-130.215,54.1131,4.4873],[-130.2228,54.1083,5.2439],[-130.2101,54.1036,0.0],[-130.2055,54.1037,0.0],[-130.2006,54.1067,0.0],[-130.1972,54.1111,5.0762]]],
[[[-130.3375,54.1082,2.6548],[-130.336,54.1101,0.0],[-130.3375,54.1107,0.0],[-130.3393,54.1095,1.7231],[-130.3375,54.1082,2.6548]]],
[[[-130.2178,54.1131,0.0],[-130.2217,54.1128,5.0801],[-130.2228,54.1114,4.3958],[-130.2183,54.1119,45.6447],[-130.2178,54.1131,0.0]]],
[[[-130.6794,53.9411,0.0],[-130.6767,53.9403,0.0],[-130.675,53.9406,0.0],[-130.6772,53.9433,5.4761],[-130.6794,53.9411,0.0]]],
[[[-130.6776,54.0061,1.8072],[-130.6797,54.0049,0.4029],[-130.6739,54.0042,0.5499],[-130.6745,54.0056,0.0],[-130.6776,54.0061,1.8072]]],
[[[-130.6867,54.0058,4.6021],[-130.6811,54.0072,0.0],[-130.6872,54.0078,0.9775],[-130.6883,54.0067,0.4444],[-130.6867,54.0058,4.6021]]],
[[[-130.6979,54.0412,0.0],[-130.7007,54.0436,13.3497],[-130.7038,54.0439,1.6605],[-130.7067,54.0431,0.0],[-130.7075,54.0411,4.0839],[-130.7111,54.0428,0.9216],[-130.7133,54.0417,0.4492],[-130.71,54.0389,14.214],[-130.7117,54.0359,1.5461],[-130.7094,54.0331,5.0492],[-130.7161,54.0305,0.0],[-130.715,54.028,22.6269],[-130.7172,54.0264,0.0],[-130.7138,54.025,0.0],[-130.7045,54.0297,1.7099],[-130.7005,54.0275,33.8615],[-130.7028,54.025,0.0],[-130.7017,54.0242,0.0],[-130.6956,54.0275,0.0],[-130.6933,54.0333,15.4688],[-130.6979,54.0412,0.0]]],
[[[-130.6152,54.0199,0.0],[-130.6152,54.0211,0.0],[-130.6175,54.0205,2.8847],[-130.6173,54.0175,0.5376],[-130.6157,54.0181,5.6601],[-130.6152,54.0199,0.0]]],
[[[-130.6642,54.034,0.0],[-130.6666,54.0333,4.5026],[-130.676,54.0373,0.9096],[-130.6772,54.0331,8.6295],[-130.6861,54.0292,6.9433],[-130.6835,54.0281,0.0],[-130.6828,54.0256,0.3158],[-130.6878,54.0215,6.658],[-130.6822,54.0192,1.2254],[-130.6828,54.0147,0.1417],[-130.6789,54.0122,7.8582],[-130.6839,54.0106,0.0],[-130.6828,54.0092,0.0],[-130.6683,54.0053,0.3289],[-130.6667,54.0089,0.0],[-130.67,54.0123,26.4224],[-130.6711,54.0178,16.978],[-130.6695,54.0192,11.9928],[-130.6667,54.0128,2.646],[-130.6617,54.0101,0.0],[-130.6572,54.0111,2.328],[-130.6506,54.0086,0.0],[-130.6433,54.0111,5.5886],[-130.6467,54.0136,14.0021],[-130.6444,54.0187,0.0],[-130.6503,54.0208,0.6171],[-130.6495,54.022,0.6171],[-130.6533,54.0247,0.0],[-130.6497,54.0251,0.0],[-130.6481,54.0269,3.0929],[-130.6505,54.0289,0.0],[-130.6489,54.0334,0.8763],[-130.6526,54.0346,1.4116],[-130.6528,54.0323,13.5084],[-130.655,54.0314,11.9362],[-130.6611,54.0345,0.0],[-130.6642,54.034,0.0]]],
[[[-130.614,54.0237,2.6737],[-130.6142,54.0298,0.9974],[-130.6172,54.0278,15.429],[-130.62,54.0297,4.4882],[-130.625,54.0267,0.0],[-130.6189,54.0267,9.7972],[-130.6183,54.0236,19.4434],[-130.6206,54.0217,0.0],[-130.6194,54.0208,4.3083],[-130.614,54.0237,2.6737]]],
[[[-130.6344,54.0236,0.0],[-130.6322,54.0244,0.1462],[-130.6317,54.0275,0.6746],[-130.6356,54.0258,0.0],[-130.6344,54.0236,0.0]]],
[[[-130.6095,54.0291,0.0],[-130.6112,54.0267,0.877],[-130.6105,54.025,0.0],[-130.6057,54.0271,0.0],[-130.6053,54.0284,0.0],[-130.6095,54.0291,0.0]]],
[[[-130.6473,54.0275,3.4542],[-130.6479,54.0248,0.0],[-130.6447,54.0248,0.7793],[-130.6431,54.03,7.6438],[-130.6469,54.0315,1.4294],[-130.6489,54.0294,0.0],[-130.6473,54.0275,3.4542]]],
[[[-130.62,54.0683,4.8694],[-130.6255,54.0717,3.9385],[-130.6317,54.0731,1.0026],[-130.6333,54.0675,0.3887],[-130.6355,54.0659,0.0],[-130.6322,54.0625,5.2565],[-130.6267,54.0609,9.1287],[-130.6289,54.0597,2.154],[-130.6273,54.0586,5.6524],[-130.6283,54.0569,0.4033],[-130.6239,54.0567,14.7537],[-130.6245,54.055,3.5965],[-130.6228,54.0539,3.5965],[-130.6166,54.0553,0.3971],[-130.614,54.0573,2.5956],[-130.615,54.0581,2.5956],[-130.6078,54.0603,2.2473],[-130.605,54.0589,2.2454],[-130.5989,54.0597,1.3779],[-130.6006,54.0572,0.0],[-130.5972,54.056399999999996,6.8738],[-130.6039,54.0539,6.6994],[-130.6028,54.0528,3.1389],[-130.5938,54.0539,10.5525],[-130.585,54.0589,1.2225],[-130.5861,54.0614,12.7977],[-130.595,54.0639,0.0],[-130.6,54.0672,2.2834],[-130.6122,54.0694,4.3409],[-130.62,54.0683,4.8694]]],
[[[-130.6306,54.0806,2.368],[-130.6322,54.0794,0.0],[-130.6272,54.0797,0.0],[-130.6278,54.0814,0.0],[-130.6306,54.0806,2.368]]],
[[[-130.7042,54.0473,0.0],[-130.7044,54.045,1.6605],[-130.7011,54.0447,2.8924],[-130.7023,54.0472,0.0],[-130.7042,54.0473,0.0]]],
[[[-130.6748,54.1044,1.1606],[-130.6694,54.1028,0.0],[-130.6639,54.1097,1.7741],[-130.6665,54.1107,0.0],[-130.6821,54.1057,0.0],[-130.6895,54.0989,0.0],[-130.6867,54.0951,2.6064],[-130.689,54.0919,0.0],[-130.6862,54.0917,0.0],[-130.6748,54.1044,1.1606]]],
[[[-130.747,54.1256,0.6803],[-130.7473,54.1282,0.7439],[-130.7498,54.1287,1.9441],[-130.748,54.1254,0.0],[-130.747,54.1256,0.6803]]],
[[[-130.785,54.2158,0.0],[-130.7928,54.2173,0.0],[-130.7961,54.2127,0.0],[-130.795,54.2114,11.2962],[-130.8011,54.2097,16.7557],[-130.7978,54.2077,2.2928],[-130.8,54.2058,7.5224],[-130.7928,54.205,32.6818],[-130.795,54.2017,2.505],[-130.7933,54.1997,7.2053],[-130.7994,54.1986,0.0],[-130.7939,54.1961,4.7907],[-130.8,54.1956,0.0],[-130.8022,54.1919,14.7134],[-130.8117,54.185,0.0],[-130.8106,54.1837,0.0],[-130.8117,54.1828,0.0],[-130.8067,54.1803,0.5424],[-130.8061,54.1783,7.2221],[-130.8166,54.1783,3.256],[-130.8217,54.1756,4.1086],[-130.8206,54.1731,0.0],[-130.8228,54.1697,0.8049],[-130.8172,54.1667,13.1152],[-130.8183,54.1639,0.0],[-130.8139,54.1614,7.6777],[-130.8266,54.1619,9.1162],[-130.8261,54.1589,21.1646],[-130.8278,54.1572,5.7573],[-130.8217,54.1558,11.1552],[-130.8266,54.1528,8.3274],[-130.8322,54.1537,1.0933],[-130.8294,54.1511,10.352],[-130.8333,54.15,0.0],[-130.8333,54.1475,0.0],[-130.8356,54.1458,1.0981],[-130.8305,54.1439,0.4757],[-130.8289,54.1456,-0.0019],[-130.8222,54.1459,5.8614],[-130.8189,54.1483,4.5451],[-130.8178,54.1467,10.406],[-130.8211,54.1442,0.0],[-130.8195,54.1428,5.6154],[-130.8222,54.1403,0.0],[-130.8178,54.1389,3.1423],[-130.8145,54.1414,2.9459],[-130.8106,54.1417,0.0],[-130.8106,54.1394,0.0],[-130.8078,54.1369,0.0],[-130.8117,54.1339,0.4884],[-130.8044,54.1336,0.0],[-130.8017,54.1297,0.0],[-130.7989,54.1342,7.2583],[-130.7972,54.1311,10.7009],[-130.7983,54.1275,0.0],[-130.7928,54.1261,0.0],[-130.79,54.1295,0.0],[-130.7911,54.1328,0.0],[-130.7956,54.1347,14.9467],[-130.7979,54.1381,3.9912],[-130.8011,54.1378,3.9912],[-130.8028,54.1414,0.0],[-130.8011,54.1439,0.0],[-130.805,54.1453,3.4951],[-130.8,54.1478,11.2964],[-130.7894,54.1417,0.0],[-130.7872,54.1428,0.0],[-130.7889,54.1445,0.0],[-130.7828,54.1472,0.083],[-130.7821,54.1502,1.0491],[-130.7794,54.1522,6.4965],[-130.7794,54.1547,8.1556],[-130.7772,54.1553,0.6965],[-130.775,54.1506,0.0],[-130.7678,54.1467,7.5925],[-130.769,54.1446,3.1957],[-130.7749,54.1453,17.2876],[-130.7788,54.1437,28.0641],[-130.7789,54.1414,0.0],[-130.7694,54.1386,9.929],[-130.7772,54.1314,2.148],[-130.7728,54.1272,0.3056],[-130.7711,54.1203,0.0],[-130.7544,54.1167,4.2593],[-130.7505,54.1164,8.4174],[-130.7489,54.1178,2.126],[-130.75,54.1244,0.0],[-130.7522,54.1275,2.0325],[-130.7529,54.1335,0.0],[-130.7514,54.1341,0.0],[-130.7517,54.1356,0.0],[-130.7556,54.1386,0.1862],[-130.7523,54.1394,0.0],[-130.754,54.1408,0.0],[-130.7513,54.1409,0.0],[-130.7511,54.1383,0.0],[-130.7484,54.1393,0.0],[-130.7496,54.138,0.0],[-130.7486,54.1371,0.0],[-130.7428,54.1369,13.0627],[-130.7495,54.13,0.4611],[-130.7428,54.1297,17.3285],[-130.7456,54.1236,11.4278],[-130.7439,54.1203,0.0],[-130.7339,54.1247,2.0848],[-130.7361,54.1275,18.0648],[-130.7333,54.1336,0.0],[-130.73,54.1347,7.7813],[-130.7278,54.1333,0.0],[-130.7283,54.1225,3.3535],[-130.7333,54.1211,1.4758],[-130.73,54.12,0.0],[-130.7228,54.1219,8.3375],[-130.7217,54.1214,8.3375],[-130.7259,54.1178,0.0],[-130.7205,54.1173,0.0],[-130.715,54.1211,2.4994],[-130.7128,54.1187,22.8997],[-130.7156,54.1153,0.0],[-130.7088,54.1126,2.2169],[-130.705,54.1145,34.6213],[-130.7006,54.1145,17.4275],[-130.6983,54.1122,22.2472],[-130.6911,54.1106,9.5448],[-130.6906,54.1086,0.0],[-130.6878,54.1075,8.4398],[-130.6811,54.1086,0.0],[-130.6728,54.1139,1.6966],[-130.6472,54.1139,3.8396],[-130.6461,54.1131,0.0],[-130.65,54.1108,6.9219],[-130.645,54.1075,14.5619],[-130.65,54.1067,16.3408],[-130.6511,54.1033,17.4069],[-130.655,54.1006,1.8821],[-130.6539,54.0992,4.985],[-130.6549,54.0975,9.7068],[-130.6506,54.0959,5.8286],[-130.6528,54.0933,9.0408],[-130.6522,54.0914,8.0644],[-130.6572,54.0883,1.8173],[-130.6522,54.0881,15.093],[-130.6555,54.0842,0.0],[-130.6528,54.0842,0.0],[-130.6461,54.0928,4.9936],[-130.6467,54.0883,18.935],[-130.6483,54.0873,0.0],[-130.6478,54.0842,0.0],[-130.6411,54.0869,2.0478],[-130.6378,54.0911,5.2885],[-130.6344,54.0917,0.0],[-130.6344,54.0942,0.5229],[-130.6311,54.0969,0.0],[-130.6289,54.1025,5.1135],[-130.63,54.1042,14.7161],[-130.6283,54.1045,12.2524],[-130.625,54.1022,18.2383],[-130.6283,54.0994,16.2677],[-130.6283,54.0947,18.2192],[-130.6322,54.0903,2.05],[-130.6272,54.0853,4.4067],[-130.6272,54.0828,0.0],[-130.625,54.0817,0.0],[-130.6217,54.0845,14.1074],[-130.6228,54.0811,0.0],[-130.6217,54.0764,0.0],[-130.5978,54.0706,22.2882],[-130.5889,54.0669,0.0],[-130.5872,54.0689,0.0],[-130.595,54.0708,1.3591],[-130.5906,54.0725,22.528199999999998],[-130.5894,54.07,4.7401],[-130.5834,54.0695,0.0],[-130.5872,54.0664,5.513],[-130.5844,54.065,1.4135],[-130.5727,54.0651,0.0],[-130.5683,54.0672,0.0],[-130.5705,54.0694,0.0],[-130.5672,54.072,0.0],[-130.57,54.0753,5.1682],[-130.5711,54.0811,4.4283],[-130.5778,54.085,20.9058],[-130.5855,54.0945,21.5842],[-130.5989,54.1053,30.1471],[-130.6133,54.1125,0.0],[-130.6161,54.1108,4.8486],[-130.6194,54.1117,11.9573],[-130.6245,54.1164,8.9235],[-130.6217,54.1184,0.0],[-130.625,54.1206,0.0],[-130.6267,54.1197,7.2524],[-130.6268,54.117,16.2272],[-130.63,54.1183,4.8864],[-130.6317,54.123,4.4028],[-130.6294,54.1233,0.0],[-130.6289,54.1261,2.1974],[-130.6306,54.1281,0.0],[-130.6333,54.1289,0.0],[-130.6361,54.1275,0.0],[-130.6361,54.1258,1.8416],[-130.6405,54.1231,20.8598],[-130.64,54.1214,16.9533],[-130.6467,54.118899999999996,2.2705],[-130.645,54.1247,2.0089],[-130.6411,54.1258,0.0],[-130.6439,54.1269,13.464],[-130.6417,54.1283,4.2092],[-130.6422,54.13,3.3803],[-130.6405,54.1306,20.4621],[-130.6372,54.1283,0.0],[-130.635,54.1303,16.3022],[-130.6433,54.1356,17.7439],[-130.6394,54.1375,2.5763],[-130.6411,54.1403,15.0105],[-130.6508,54.1465,0.0],[-130.6567,54.1483,16.6271],[-130.6567,54.1506,3.8318],[-130.6606,54.1542,1.4924],[-130.6594,54.1553,1.4924],[-130.6628,54.1578,1.3249],[-130.6889,54.165,16.2063],[-130.6906,54.1659,14.0299],[-130.69,54.1675,0.0],[-130.7089,54.1753,17.2089],[-130.7128,54.1803,3.7187],[-130.73,54.1894,3.5816],[-130.7378,54.1914,23.2853],[-130.7417,54.1947,11.9288],[-130.7417,54.1969,5.4113],[-130.7483,54.2003,15.6027],[-130.7489,54.2031,2.1498],[-130.7533,54.2059,0.0],[-130.7567,54.2075,1.5355],[-130.7694,54.2033,17.288],[-130.7744,54.2081,4.7395],[-130.7805,54.2089,0.0],[-130.7827,54.2114,0.0],[-130.7811,54.2136,0.0],[-130.7861,54.2142,14.22],[-130.785,54.2158,0.0]]],
[[[-130.6517,54.108,3.9823],[-130.6624,54.1087,7.5156],[-130.6665,54.103,1.6013],[-130.6637,54.1017,5.4323],[-130.6663,54.1008,0.0],[-130.6612,54.0993,0.0],[-130.6581,54.1041,21.3263],[-130.652,54.1056,5.2909],[-130.6517,54.108,3.9823]]],
[[[-130.6583,54.1122,0.0],[-130.66,54.1114,10.7362],[-130.6567,54.1089,18.4263],[-130.6522,54.1117,0.0],[-130.6533,54.1122,2.3482],[-130.6583,54.1122,0.0]]],
[[[-130.6265,54.2936,14.6718],[-130.6235,54.2921,14.6718],[-130.6206,54.2928,9.4078],[-130.6242,54.294,0.0],[-130.6265,54.2936,14.6718]]],
[[[-130.6101,54.2924,0.0],[-130.6082,54.2963,3.1256],[-130.6202,54.2964,3.981],[-130.6196,54.2946,1.799],[-130.6101,54.2924,0.0]]],
[[[-130.8365,54.2036,2.6994],[-130.8365,54.2014,0.9118],[-130.8329,54.2032,2.8784],[-130.8341,54.2039,0.0],[-130.8365,54.2036,2.6994]]],
[[[-130.8372,54.2066,8.1215],[-130.83,54.2043,4.2255],[-130.8277,54.2096,0.0],[-130.8321,54.2096,7.776],[-130.8372,54.2066,8.1215]]],
[[[-130.8197,54.208,0.7162],[-130.8181,54.2098,2.3886],[-130.8195,54.211,0.0],[-130.8224,54.2082,3.7357],[-130.8197,54.208,0.7162]]],
[[[-130.7522,54.2103,0.0],[-130.76,54.2144,1.444],[-130.7639,54.2144,0.0],[-130.7628,54.2117,2.1957],[-130.7683,54.21,10.2629],[-130.7655,54.2083,0.0],[-130.7522,54.2103,0.0]]],
[[[-130.825,54.2104,0.0],[-130.8238,54.2106,0.0],[-130.8223,54.214,0.0],[-130.8236,54.2141,0.0],[-130.825,54.2104,0.0]]],
[[[-130.7985,54.2286,3.06],[-130.8006,54.2301,8.6201],[-130.8032,54.2293,6.6252],[-130.8006,54.2275,3.06],[-130.7985,54.2286,3.06]]],
[[[-130.8017,54.2361,4.1713],[-130.8031,54.2368,4.1713],[-130.8045,54.2348,0.682],[-130.8011,54.2349,0.0],[-130.8017,54.2361,4.1713]]],
[[[-130.865,54.2433,3.8191],[-130.8656,54.2397,0.0],[-130.8639,54.2389,4.6824],[-130.86,54.2414,0.0],[-130.8633,54.243899999999996,1.3322],[-130.865,54.2433,3.8191]]],
[[[-130.8039,54.2422,4.5197],[-130.8022,54.2447,0.0],[-130.8039,54.2453,2.0555],[-130.8122,54.2406,0.0],[-130.8122,54.2392,5.5338],[-130.8083,54.2381,1.6434],[-130.8039,54.2422,4.5197]]],
[[[-130.8789,54.2469,0.0],[-130.8794,54.2456,0.0],[-130.8755,54.2444,0.0],[-130.8739,54.2494,0.0],[-130.8761,54.2492,0.4924],[-130.8789,54.2469,0.0]]],
[[[-130.8128,54.2497,4.2263],[-130.8128,54.2486,0.0],[-130.8089,54.2486,0.0],[-130.8106,54.2511,1.0933],[-130.8128,54.2497,4.2263]]],
[[[-130.8628,54.2514,6.0274],[-130.8656,54.2475,1.4406],[-130.8617,54.2486,0.0],[-130.8617,54.2519,6.0274],[-130.8628,54.2514,6.0274]]],
[[[-130.8287,54.251,0.4222],[-130.8323,54.2507,0.0],[-130.8331,54.2499,0.0],[-130.8304,54.2489,4.5697],[-130.8287,54.251,0.4222]]],
[[[-130.8581,54.2553,4.3229],[-130.861,54.2553,2.0912],[-130.8575,54.253,0.0],[-130.8563,54.2539,4.3229],[-130.8581,54.2553,4.3229]]],
[[[-130.8223,54.2564,1.1027],[-130.8239,54.2571,0.0],[-130.8257,54.2553,1.3845],[-130.8241,54.2545,0.0],[-130.8223,54.2564,1.1027]]],
[[[-130.82,54.2633,21.8082],[-130.8194,54.2656,0.8915],[-130.8263,54.2655,0.0],[-130.8261,54.2603,12.9465],[-130.8344,54.255,0.0],[-130.8339,54.2536,0.0],[-130.8294,54.2542,3.7415],[-130.8217,54.26,1.0667],[-130.82,54.2633,21.8082]]],
[[[-130.87,54.2675,4.0204],[-130.87,54.2661,2.9683],[-130.8667,54.2664,0.0],[-130.8678,54.2683,4.0204],[-130.87,54.2675,4.0204]]],
[[[-130.8589,54.2864,0.0],[-130.8516,54.2866,0.0],[-130.8589,54.2882,0.0],[-130.8628,54.2869,3.3091],[-130.8589,54.2864,0.0]]],
[[[-130.6253,54.2967,17.9844],[-130.6268,54.2966,1.9659],[-130.6268,54.2951,0.0],[-130.6212,54.2955,3.5365],[-130.6214,54.2964,3.5365],[-130.6253,54.2967,17.9844]]],
[[[-130.6209,54.3008,3.6656],[-130.6212,54.3022,0.0],[-130.6255,54.3013,2.8205],[-130.624,54.3008,2.8205],[-130.6209,54.3008,3.6656]]]]}}