{"type":"Feature","properties":{"GID_2":"CAN.11.79_1","GID_0":"CAN","country":"Canada","GID_1":"CAN.11_1","province":"Québec","NL_NAME_1":"NA","county":"Minganie--Basse-Côte-Nord","VARNAME_2":"NA","NL_NAME_2":"NA","TYPE_2":"CensusDivision","ENGTYPE_2":"CensusDivision","CC_2":"98","HASC_2":"CA.QC.MB","name":"Minganie--Basse-Côte-Nord.county"},
"geometry":{"type": "MultiPolygon","coordinates": [[[[-63.2858,49.3192,0.885],[-63.2811,49.3154,0.2493],[-63.2813,49.3181,-0.3237],[-63.2881,49.3242,1.6904],[-63.2892,49.3217,0.6904],[-63.2858,49.3192,0.885]]],
[[[-63.2937,49.3263,-0.9304],[-63.295,49.3282,-0.8553],[-63.298,49.3282,-0.6515],[-63.2998,49.3319,-0.5641],[-63.3017,49.3275,-0.6076],[-63.3038,49.3283,-1.5],[-63.3026,49.3266,-0.4254],[-63.2937,49.3263,-0.9304]]],
[[[-64.143,49.9496,17.5324],[-64.1496,49.9523,0.0],[-64.1762,49.9451,10.0474],[-64.2013,49.9478,4.445],[-64.2288,49.9478,2.152],[-64.2482,49.9441,0.0],[-64.255,49.9415,8.6434],[-64.2597,49.9373,1.7769],[-64.2669,49.936,2.5476],[-64.2867,49.9395,3.5732],[-64.3026,49.9401,6.6282],[-64.3285,49.9339,0.0],[-64.3534,49.9233,4.8999],[-64.382,49.9244,0.0],[-64.4095,49.9174,0.8333],[-64.4247,49.9175,0.0],[-64.4294,49.9153,12.2907],[-64.4419,49.9158,0.0],[-64.4626,49.9134,4.0431],[-64.4685,49.9093,0.0],[-64.4646,49.9087,13.9545],[-64.4717,49.9055,1.724],[-64.4759,49.9063,0.6681],[-64.4911,49.9015,4.4234],[-64.4964,49.8903,5.4795],[-64.5,49.8889,1.3764],[-64.5067,49.8894,0.9707],[-64.5172,49.8829,5.5538],[-64.5201,49.8778,0.0],[-64.5208,49.8685,0.7683],[-64.5238,49.864,0.0],[-64.5128,49.8562,4.2328],[-64.5004,49.851,6.6344],[-64.456,49.8396,4.568],[-64.4438,49.8277,0.7736],[-64.4417,49.8227,0.0],[-64.4234,49.809,2.119],[-64.4197,49.8023,5.3114],[-64.4149,49.7991,0.0],[-64.3915,49.7932,0.0],[-64.3805,49.7925,9.9366],[-64.3786,49.7959,0.0],[-64.3799,49.7998,20.6665],[-64.3845,49.803,10.3426],[-64.387,49.8091,0.0],[-64.3927,49.8126,3.3169],[-64.3916,49.8181,1.7537],[-64.3971,49.8198,1.4884],[-64.3943,49.8204,0.1961],[-64.3905,49.8253,1.0794],[-64.3929,49.8296,1.2174],[-64.3862,49.8313,4.1463],[-64.3745,49.8303,0.3965],[-64.3731,49.8289,3.4399],[-64.3754,49.8268,8.5901],[-64.3748,49.8253,0.8015],[-64.3694,49.8255,4.6194],[-64.3543,49.8219,0.0],[-64.353,49.8208,0.0],[-64.3547,49.8182,0.3239],[-64.3455,49.812,0.0],[-64.3303,49.8089,6.4365],[-64.3282,49.8061,0.0],[-64.3288,49.8025,0.0],[-64.3267,49.7973,0.0],[-64.3278,49.7923,2.8023],[-64.3211,49.783,1.4404],[-64.315,49.7793,6.3798],[-64.2831,49.7673,2.2857],[-64.2785,49.7615,1.3552],[-64.268,49.7565,0.0],[-64.263,49.7579,3.1303],[-64.2499,49.7537,0.3691],[-64.2477,49.7515,0.4602],[-64.2383,49.7507,3.1872],[-64.2344,49.7482,0.0],[-64.2274,49.7482,0.7136],[-64.223,49.7502,0.4687],[-64.2205,49.7459,4.5904],[-64.216,49.7443,2.3216],[-64.1974,49.7382,0.4017],[-64.1949,49.7404,0.0],[-64.1916,49.7387,0.0],[-64.1863,49.7396,5.8003],[-64.1805,49.7346,0.0],[-64.1774,49.7362,0.0],[-64.1777,49.7379,7.12],[-64.1681,49.7371,7.5177],[-64.1643,49.7388,14.014099999999999],[-64.1435,49.7299,0.0],[-64.1252,49.7275,9.2779],[-64.1106,49.7207,0.7403],[-64.1015,49.7193,7.9835],[-64.0959,49.7161,1.3336],[-64.0648,49.7109,2.8901],[-64.0607,49.7122,11.5934],[-64.0556,49.7169,1.0374],[-64.0431,49.7074,6.1426],[-64.0389,49.7058,3.0279],[-64.0152,49.704,10.814],[-64.0121,49.7021,3.461],[-64.0,49.7008,5.5512],[-63.9916,49.6975,6.0543],[-63.9821,49.6973,9.6794],[-63.9622,49.685,0.0],[-63.9446,49.6779,0.9627],[-63.9247,49.675,2.6377],[-63.92,49.6728,2.5412],[-63.9109,49.6645,1.8733],[-63.8961,49.6603,0.0],[-63.8803,49.6525,0.0],[-63.8619,49.6456,11.4818],[-63.8433,49.6428,11.3398],[-63.8267,49.6369,0.2959],[-63.8047,49.618899999999996,6.9019],[-63.7936,49.6133,0.0],[-63.7917,49.6086,0.0],[-63.7881,49.6075,8.6882],[-63.7706,49.59,0.0],[-63.7419,49.5767,0.0],[-63.735,49.5706,15.7977],[-63.6967,49.5561,2.2945],[-63.6844,49.5464,1.4805],[-63.6606,49.5361,12.5693],[-63.6533,49.5297,0.0],[-63.6475,49.5203,0.0],[-63.6414,49.5181,3.7995],[-63.6342,49.5125,24.1164],[-63.6313,49.5031,0.7255],[-63.6206,49.4959,3.3359],[-63.6165,49.4825,0.0],[-63.6141,49.4791,0.0],[-63.6109,49.4786,0.0],[-63.6132,49.4692,0.0],[-63.6204,49.4606,0.0],[-63.6146,49.4499,0.0],[-63.5969,49.4305,19.123],[-63.5776,49.413,0.7491],[-63.575,49.4086,4.0358],[-63.5748,49.4022,7.0134],[-63.5769,49.3967,15.7656],[-63.5893,49.3926,3.6219],[-63.5969,49.3943,0.0],[-63.5978,49.3928,0.9851],[-63.5963,49.3911,1.3925],[-63.5853,49.3866,0.0],[-63.5756,49.3847,0.0],[-63.5722,49.3886,0.0],[-63.5686,49.39,3.3395],[-63.556,49.387,0.4667],[-63.5506,49.3839,1.7709],[-63.54,49.3837,0.0],[-63.5347,49.38,0.0],[-63.5106,49.3758,17.2055],[-63.5039,49.3725,7.1289],[-63.4931,49.3722,6.5839],[-63.49,49.37,0.0],[-63.4886,49.3708,9.9878],[-63.4839,49.3686,0.0],[-63.4663,49.3661,6.4736],[-63.4464,49.3592,3.6596],[-63.4261,49.3575,5.1254],[-63.4139,49.3533,1.9629],[-63.4061,49.3486,0.0],[-63.385,49.3431,4.9729],[-63.3814,49.34,0.0],[-63.3731,49.34,3.9692],[-63.3667,49.3353,0.0],[-63.3606,49.335,0.9527],[-63.3572,49.3369,0.0],[-63.355,49.3328,0.3027],[-63.3467,49.3294,0.4729],[-63.3378,49.3233,0.0],[-63.33,49.3213,0.5929],[-63.32,49.3244,1.7325],[-63.3089,49.3236,0.0],[-63.3078,49.3258,-0.587],[-63.3242,49.3272,-0.0167],[-63.3206,49.3281,0.4355],[-63.3156,49.3328,-0.5108],[-63.3089,49.3361,2.3899],[-63.3053,49.3356,4.7329],[-63.2997,49.3333,2.1741],[-63.2966,49.3291,5.6607],[-63.2939,49.3286,-0.8553],[-63.2791,49.3187,0.5427],[-63.2761,49.3133,2.0527],[-63.2772,49.3117,0.3034],[-63.2753,49.3103,0.3448],[-63.2756,49.3081,0.602],[-63.2696,49.3017,0.0],[-63.2644,49.3033,0.9763],[-63.2556,49.3003,3.2358],[-63.2528,49.2972,2.1802],[-63.2489,49.2964,0.0],[-63.2461,49.2903,0.3835],[-63.2419,49.2881,1.5356],[-63.237,49.2813,3.6472],[-63.2304,49.278,4.056],[-63.225,49.2776,0.6852],[-63.2219,49.2739,2.6992],[-63.2161,49.2742,10.6009],[-63.2081,49.2703,0.0],[-63.2022,49.27,3.9743],[-63.1869,49.2622,4.9159],[-63.1831,49.2586,0.6366],[-63.1644,49.2567,2.1818],[-63.1578,49.2525,0.6726],[-63.1469,49.2497,0.599],[-63.1472,49.2519,1.6759],[-63.1433,49.2517,2.1855],[-63.1411,49.25,0.9711],[-63.1422,49.2483,0.1631],[-63.1353,49.2458,0.1234],[-63.1153,49.2422,9.2277],[-63.1108,49.2397,0.5115],[-63.1072,49.235,0.4235],[-63.0997,49.2319,0.0],[-63.085,49.2292,6.1566],[-63.0808,49.23,10.7055],[-63.0753,49.2256,2.3842],[-63.0692,49.2267,2.2169],[-63.0636,49.225,0.0],[-63.0569,49.2264,2.8247],[-63.0369,49.2197,0.3628],[-63.0336,49.2211,4.9389],[-63.0261,49.2161,2.0462],[-63.0153,49.2128,0.0],[-63.0103,49.2136,0.8783],[-63.0053,49.2108,4.3303],[-62.9933,49.2092,24.3059],[-62.9761,49.2036,0.0],[-62.9642,49.2036,0.1478],[-62.9539,49.2014,2.1057],[-62.9378,49.1953,1.1363],[-62.9344,49.1908,3.0449],[-62.9144,49.1889,2.7914],[-62.8992,49.1908,6.8421],[-62.8811,49.1872,9.5774],[-62.8769,49.185,0.0],[-62.8534,49.1849,1.2444],[-62.8119,49.1728,3.1584],[-62.7942,49.1653,0.0],[-62.7836,49.1656,10.3799],[-62.7717,49.1606,12.9455],[-62.7581,49.1581,0.0],[-62.7289,49.1547,0.0],[-62.7204,49.1562,2.8117],[-62.7086,49.1531,1.6642],[-62.6798,49.1497,0.693],[-62.6772,49.1511,2.4027],[-62.6744,49.1489,2.5718],[-62.6761,49.1478,0.5118],[-62.6742,49.1464,0.442],[-62.6621,49.1462,1.5511],[-62.6558,49.1433,0.0],[-62.6477,49.1453,0.0],[-62.6281,49.1436,0.0],[-62.6066,49.1453,0.2641],[-62.6037,49.1437,2.632],[-62.6039,49.1419,0.0],[-62.5878,49.1375,3.9435],[-62.5789,49.1361,0.0],[-62.5731,49.1375,4.7617],[-62.5617,49.1336,0.0],[-62.5494,49.135,0.0],[-62.5453,49.1367,0.0],[-62.5421,49.1424,2.7963],[-62.5386,49.1408,0.0],[-62.5361,49.1425,1.2286],[-62.5389,49.1394,1.2514],[-62.5392,49.1344,0.5396],[-62.5292,49.1325,2.4283],[-62.5206,49.1342,2.2178],[-62.5153,49.1311,0.0],[-62.5097,49.1317,0.1625],[-62.5086,49.1336,0.4603],[-62.5026,49.1305,1.1548],[-62.4969,49.1322,2.2347],[-62.493899999999996,49.13,3.199],[-62.4964,49.1267,1.9808],[-62.4947,49.1222,0.0],[-62.4928,49.1214,0.7094],[-62.4836,49.1228,0.0],[-62.48,49.1289,1.9235],[-62.4639,49.12,0.2254],[-62.4506,49.1178,1.9401],[-62.4386,49.1097,1.5487],[-62.41,49.105,0.0],[-62.3953,49.1056,7.8856],[-62.3878,49.0994,1.7079],[-62.3778,49.0967,0.0],[-62.3645,49.0974,2.3853],[-62.3509,49.0951,0.2308],[-62.3283,49.0881,0.2257],[-62.3197,49.0875,4.6321],[-62.3158,49.0858,3.3859],[-62.3188,49.0858,0.3684],[-62.3179,49.0851,0.0],[-62.3078,49.0812,0.1432],[-62.3139,49.0846,1.2415],[-62.3095,49.0839,0.7749],[-62.3053,49.0792,1.0494],[-62.2931,49.0784,0.2473],[-62.2897,49.0764,0.4264],[-62.2731,49.0731,1.7869],[-62.2658,49.0675,6.6331],[-62.2506,49.0626,0.0],[-62.2494,49.0628,0.0],[-62.2514,49.0642,0.2683],[-62.2484,49.0679,0.5502],[-62.2447,49.0642,2.9172],[-62.2453,49.0622,0.7343],[-62.21,49.0703,0.0],[-62.2095,49.073,1.1756],[-62.1997,49.0722,8.3278],[-62.1956,49.0703,0.0],[-62.1844,49.0731,0.9693],[-62.1786,49.0703,0.0],[-62.1653,49.0717,0.0],[-62.1625,49.0736,0.6449],[-62.1569,49.0714,1.3821],[-62.1508,49.0714,0.5767],[-62.1322,49.0739,2.8749],[-62.1156,49.0708,0.7717],[-62.1119,49.0728,1.8986],[-62.1006,49.0728,0.912],[-62.0889,49.0761,2.0203],[-62.0827,49.0761,0.0],[-62.0708,49.0728,0.3731],[-62.0675,49.0678,0.0],[-62.0661,49.0683,0.351],[-62.0674,49.0739,0.5259],[-62.0831,49.0769,0.0],[-62.0906,49.0769,1.8816],[-62.0914,49.0797,5.4797],[-62.0861,49.0839,1.2027],[-62.0839,49.0836,0.0],[-62.0822,49.0794,0.3767],[-62.0774,49.0765,0.3188],[-62.0756,49.0761,0.6386],[-62.0725,49.0792,2.9815],[-62.0692,49.0786,0.2986],[-62.0647,49.0694,0.5184],[-62.0533,49.0764,-0.1447],[-62.0586,49.0781,2.2665],[-62.0567,49.0792,1.4889],[-62.0525,49.0769,-0.1447],[-62.0542,49.0731,0.674],[-62.04,49.0719,0.0],[-62.0292,49.0675,1.6819],[-62.0203,49.0683,1.0069],[-62.0153,49.0671,3.0022],[-62.0103,49.0692,0.4387],[-62.005,49.075,2.6203],[-61.9967,49.0767,1.0104],[-61.9901,49.0742,2.7729],[-61.9747,49.0733,0.5712],[-61.9633,49.0678,1.2538],[-61.9585,49.0672,0.998],[-61.9431,49.0697,0.0],[-61.9347,49.0733,0.5844],[-61.9331,49.0756,1.6735],[-61.9295,49.0751,0.0897],[-61.9078,49.0816,0.5232],[-61.8911,49.0742,1.6608],[-61.8824,49.0757,2.4841],[-61.8742,49.0744,0.9194],[-61.8658,49.0708,1.3677],[-61.8437,49.0709,0.4286],[-61.8373,49.0695,0.8552],[-61.8333,49.0719,-0.0926],[-61.8302,49.0718,-0.219],[-61.8295,49.0679,2.2997],[-61.8346,49.0686,0.2788],[-61.8295,49.0636,0.0],[-61.826,49.063,0.0],[-61.8174,49.0673,0.0],[-61.8148,49.0745,0.3133],[-61.812,49.0769,0.2443],[-61.7969,49.0786,0.0],[-61.7869,49.0767,0.0],[-61.7755,49.0856,8.2668],[-61.7701,49.0872,1.632],[-61.7494,49.0886,0.0],[-61.7428,49.0876,0.4646],[-61.7355,49.09,0.2868],[-61.7217,49.0876,0.4214],[-61.7203,49.0894,1.1237],[-61.7174,49.0891,1.3912],[-61.7176,49.087,0.1609],[-61.7114,49.0825,0.8829],[-61.7053,49.0825,0.6017],[-61.7006,49.0844,2.6233],[-61.7,49.0869,0.6126],[-61.7039,49.0922,0.0],[-61.7133,49.0933,4.733],[-61.7139,49.0978,8.5999],[-61.71,49.1,0.0],[-61.7088,49.1035,3.7247],[-61.7007,49.1121,4.9571],[-61.6946,49.1168,0.0],[-61.6782,49.1245,7.3646],[-61.6772,49.1286,0.0],[-61.6685,49.134,0.0],[-61.6687,49.1394,0.0],[-61.6736,49.1439,0.0],[-61.6839,49.1484,0.0],[-61.6938,49.1493,0.0],[-61.6991,49.1517,19.4055],[-61.7036,49.1605,0.0],[-61.7116,49.1704,0.0],[-61.7113,49.1768,3.8251],[-61.7148,49.181,0.0],[-61.7181,49.195,0.0],[-61.7207,49.1985,2.582],[-61.7275,49.2041,2.2635],[-61.7356,49.2075,2.2787],[-61.7446,49.2064,8.2432],[-61.7499,49.2086,16.9505],[-61.7548,49.213,2.6229],[-61.7562,49.2206,0.0],[-61.7635,49.2333,0.0],[-61.7784,49.2412,0.0],[-61.7907,49.2433,3.733],[-61.8049,49.2551,7.7353],[-61.806399999999996,49.2587,1.4203],[-61.8058,49.2622,0.63],[-61.8003,49.2689,0.0],[-61.8036,49.2775,0.4388],[-61.8092,49.28,2.8998],[-61.8192,49.2811,4.0035],[-61.8295,49.2799,8.2878],[-61.8442,49.2819,1.0277],[-61.8449,49.2847,2.9234],[-61.8419,49.289,1.7407],[-61.8389,49.2888,3.909],[-61.8284,49.2944,6.5021],[-61.8341,49.3038,0.0],[-61.8326,49.3132,6.3347],[-61.8463,49.3154,15.4138],[-61.8614,49.3225,0.0],[-61.8675,49.3226,8.3313],[-61.8761,49.3253,23.0325],[-61.8862,49.3323,0.8054],[-61.8875,49.3396,0.0],[-61.8915,49.3435,8.3607],[-61.8957,49.3521,0.0],[-61.9099,49.3535,2.0899],[-61.9284,49.3492,6.2129],[-61.9431,49.3505,0.0],[-61.9481,49.3491,0.0],[-61.9517,49.3459,0.0],[-61.9678,49.3446,10.8678],[-61.9751,49.3493,0.0],[-61.977,49.3565,18.0985],[-61.9734,49.3639,0.0],[-61.977,49.3676,3.1944],[-62.0003,49.3714,8.161],[-62.0061,49.3706,6.0086],[-62.0147,49.3728,10.9029],[-62.0278,49.3819,12.0521],[-62.0406,49.3867,13.8951],[-62.0628,49.3869,18.0349],[-62.0789,49.3778,18.4491],[-62.0922,49.3778,8.5327],[-62.1119,49.3842,0.0],[-62.1214,49.3928,0.6644],[-62.1306,49.3969,33.0334],[-62.1358,49.4019,33.8654],[-62.1428,49.4039,0.0],[-62.1469,49.4039,0.0],[-62.1511,49.4008,5.6743],[-62.1639,49.3964,11.9401],[-62.1781,49.3964,6.9725],[-62.1847,49.3986,11.1777],[-62.1931,49.4053,8.0908],[-62.2131,49.4108,7.9692],[-62.2208,49.4178,0.0],[-62.243899999999996,49.4203,0.4497],[-62.2506,49.4267,6.785],[-62.2494,49.4297,4.2329],[-62.2508,49.4347,10.3016],[-62.2489,49.4397,13.4079],[-62.2519,49.446,24.7213],[-62.253,49.4552,0.0],[-62.2628,49.4583,17.7471],[-62.2753,49.46,52.2495],[-62.2886,49.4681,11.2218],[-62.2975,49.4672,0.0],[-62.3069,49.4642,0.0],[-62.3183,49.4667,13.6278],[-62.3236,49.4697,0.7072],[-62.3289,49.4761,13.452],[-62.3254,49.4835,0.0],[-62.3342,49.4842,12.1981],[-62.3489,49.4908,27.9858],[-62.3725,49.4894,11.7733],[-62.3878,49.4842,2.6201],[-62.3981,49.4856,1.7025],[-62.4153,49.4942,6.0143],[-62.4186,49.4983,8.6634],[-62.4206,49.5019,0.3826],[-62.415,49.5094,18.5436],[-62.4317,49.5089,16.8767],[-62.4367,49.5111,1.045],[-62.4417,49.5186,1.1144],[-62.4412,49.5217,60.1072],[-62.4373,49.5267,24.5556],[-62.4514,49.5272,0.0],[-62.4606,49.5331,14.7145],[-62.4617,49.5358,3.5407],[-62.4589,49.5394,5.7882],[-62.4447,49.5431,0.0],[-62.442,49.546,7.1351],[-62.4744,49.5567,18.9787],[-62.4772,49.5589,5.8458],[-62.4789,49.5664,29.7044],[-62.4828,49.5697,22.264],[-62.4903,49.5736,75.5587],[-62.5017,49.5744,44.0199],[-62.5081,49.5772,0.0],[-62.5119,49.5822,7.9411],[-62.5134,49.5882,49.8778],[-62.5242,49.5914,28.7139],[-62.5472,49.5939,3.2037],[-62.5533,49.5978,7.5714],[-62.5623,49.6079,0.0],[-62.5706,49.6078,15.6738],[-62.5775,49.605,28.5295],[-62.5983,49.6158,0.0],[-62.6256,49.6203,65.7419],[-62.6367,49.6186,30.6049],[-62.6431,49.6206,7.6718],[-62.6531,49.6292,2.7761],[-62.6658,49.6325,2.9819],[-62.6692,49.6411,0.0],[-62.6858,49.6425,4.9997],[-62.6894,49.6442,4.5043],[-62.6956,49.6556,0.0],[-62.7003,49.6597,0.0],[-62.7244,49.6603,89.5432],[-62.7608,49.6578,6.8783],[-62.7703,49.6622,0.0],[-62.775,49.6658,12.1952],[-62.7772,49.6706,1.3029],[-62.7847,49.675,8.2648],[-62.7997,49.6794,10.3649],[-62.8053,49.6831,7.8261],[-62.8475,49.6897,4.6112],[-62.8492,49.6906,9.7652],[-62.8533,49.7017,10.398],[-62.8847,49.7014,24.9427],[-62.8986,49.705,28.4726],[-62.9158,49.705,32.8387],[-62.9258,49.7083,16.2957],[-62.9353,49.7172,22.46],[-62.9342,49.7228,7.5275],[-62.9372,49.7281,12.4044],[-62.945,49.7328,6.92],[-63.0021,49.7333,4.9577],[-63.0074,49.7369,6.1947],[-63.0076,49.7426,2.9276],[-63.0111,49.7508,0.0],[-63.0142,49.7526,3.2174],[-63.0257,49.7543,0.0],[-63.0512,49.7533,11.0606],[-63.057,49.7555,2.8265],[-63.0631,49.7615,0.3581],[-63.0759,49.7633,16.6365],[-63.0814,49.7671,0.0],[-63.1281,49.7726,5.2685],[-63.1411,49.7753,25.1028],[-63.1537,49.7821,0.0],[-63.2163,49.7904,52.9797],[-63.2274,49.7941,2.9991],[-63.2428,49.796,13.4344],[-63.257,49.8012,5.0906],[-63.2915,49.8059,10.6454],[-63.3091,49.8118,2.5997],[-63.3113,49.8105,3.0784],[-63.3294,49.8128,9.4884],[-63.3799,49.8266,13.0825],[-63.4208,49.8296,9.5145],[-63.4808,49.8383,15.7638],[-63.5507,49.8413,13.2181],[-63.5756,49.8476,4.6668],[-63.5931,49.8503,22.8503],[-63.6105,49.8484,15.9052],[-63.6237,49.8487,24.6514],[-63.6428,49.8525,0.0],[-63.6643,49.8534,16.9305],[-63.6768,49.8557,0.9397],[-63.7031,49.8645,3.9012],[-63.7431,49.8724,0.0],[-63.759,49.8732,9.9019],[-63.7839,49.8717,15.1824],[-63.8289,49.8809,0.0],[-63.854,49.8797,6.1106],[-63.8701,49.8765,12.6077],[-63.8922,49.8848,10.7082],[-63.9208,49.8862,13.5933],[-63.9421,49.8983,23.4221],[-63.9546,49.9026,5.048],[-63.9677,49.9136,0.0],[-63.9764,49.9146,23.2565],[-63.988,49.9192,0.0],[-64.0113,49.9196,11.1911],[-64.024,49.9256,1.3189],[-64.0477,49.9307,0.0],[-64.0538,49.9309,2.1597],[-64.0769,49.9263,7.7132],[-64.105,49.9391,0.0],[-64.143,49.9496,17.5324]]],
[[[-57.263,51.4599,0.3726],[-57.2628,51.4632,0.5638],[-57.2699,51.4647,1.7051],[-57.2645,51.467,2.1603],[-57.267,51.47,2.4196],[-57.2707,51.4675,-0.7658],[-57.2716,51.4649,3.4009],[-57.2756,51.4635,11.0819],[-57.2765,51.4638,4.6911],[-57.2748,51.4678,0.2585],[-57.2773,51.4677,1.4227],[-57.2854,51.4591,2.157],[-57.2763,51.4545,1.523],[-57.2687,51.4536,0.0],[-57.265,51.4548,0.1047],[-57.263,51.4599,0.3726]]],
[[[-57.2725,51.4878,2.4544],[-57.2742,51.4875,2.4544],[-57.2742,51.4853,0.0],[-57.2725,51.4853,0.0],[-57.2725,51.4878,2.4544]]],
[[[-57.2605,51.49,3.7926],[-57.2616,51.4875,3.5131],[-57.2599,51.4867,0.0],[-57.2583,51.4908,0.932],[-57.2605,51.49,3.7926]]],
[[[-57.2637,51.489,3.7926],[-57.2608,51.4912,1.2101],[-57.2647,51.4918,3.8087],[-57.2721,51.4882,1.4751],[-57.2665,51.4865,0.0],[-57.2659,51.4896,0.8734],[-57.2637,51.489,3.7926]]],
[[[-57.2305,51.4318,0.0],[-57.2342,51.4319,8.5193],[-57.2381,51.4288,0.0],[-57.2366,51.4272,1.6783],[-57.2328,51.4282,0.0],[-57.2305,51.4318,0.0]]],
[[[-57.7651,51.4142,0.0],[-57.7663,51.415,0.6462],[-57.7693,51.4127,0.0],[-57.7661,51.411,1.0785],[-57.7651,51.4142,0.0]]],
[[[-57.6329,51.4223,1.2628],[-57.6382,51.4231,0.7536],[-57.6315,51.4247,0.0],[-57.6352,51.4268,6.752],[-57.6465,51.4243,0.6474],[-57.646,51.4215,3.6001],[-57.6423,51.419,3.7524],[-57.6458,51.417,9.4435],[-57.6458,51.4155,9.4435],[-57.6431,51.4141,0.0],[-57.6433,51.411,0.0],[-57.6411,51.4082,0.0],[-57.6207,51.4032,0.2037],[-57.6139,51.4055,2.5676],[-57.6128,51.4092,0.0],[-57.6156,51.4142,0.0],[-57.6206,51.4161,4.1912],[-57.6217,51.4195,1.9677],[-57.625,51.4207,0.0],[-57.6333,51.4198,6.6363],[-57.6329,51.4223,1.2628]]],
[[[-57.7634,51.4046,0.0],[-57.7671,51.4054,5.8125],[-57.7661,51.402,0.0],[-57.7651,51.4018,0.0],[-57.7634,51.4046,0.0]]],
[[[-57.7585,51.4037,0.0],[-57.7521,51.4054,1.0492],[-57.7546,51.4097,0.0],[-57.7627,51.4093,2.2719],[-57.7627,51.4069,0.0],[-57.7585,51.4037,0.0]]],
[[[-57.7067,51.4108,1.0846],[-57.7091,51.4091,0.0],[-57.7069,51.4051,0.0],[-57.7032,51.4079,4.5982],[-57.6978,51.409,0.0],[-57.6976,51.4107,3.2546],[-57.7023,51.415,0.3371],[-57.7057,51.4138,0.3371],[-57.7067,51.4108,1.0846]]],
[[[-57.6932,51.4099,0.0],[-57.6888,51.4091,2.4057],[-57.6878,51.4102,2.4057],[-57.6951,51.4145,0.8147],[-57.6971,51.4113,3.2546],[-57.6932,51.4099,0.0]]],
[[[-57.7019,51.4245,1.0874],[-57.7006,51.4261,9.1347],[-57.705,51.4397,3.3117],[-57.7038,51.4413,7.2005],[-57.7051,51.4452,0.0],[-57.7094,51.4439,0.0],[-57.7124,51.4341,4.075],[-57.7182,51.4326,0.0],[-57.7263,51.4387,3.9107],[-57.7242,51.4436,0.0],[-57.7261,51.4451,7.1221],[-57.7387,51.4419,2.9853],[-57.7381,51.4397,7.3759],[-57.7407,51.4383,22.2954],[-57.7437,51.4402,3.2332],[-57.7465,51.4392,0.0],[-57.7505,51.4344,8.0355],[-57.7499,51.431399999999996,1.779],[-57.7535,51.4282,13.9658],[-57.7539,51.4253,0.0],[-57.7522,51.4236,4.8745],[-57.7552,51.4193,4.127],[-57.7473,51.4168,1.1472],[-57.7356,51.4164,0.0],[-57.7378,51.4144,0.0],[-57.7367,51.4106,1.5873],[-57.7323,51.4073,6.8592],[-57.728,51.4067,5.0315],[-57.7255,51.4017,0.0],[-57.7239,51.4054,1.3964],[-57.713,51.4078,3.0488],[-57.7099,51.4148,0.5653],[-57.7058,51.418,3.6068],[-57.7023,51.4185,3.6068],[-57.7033,51.4201,4.995],[-57.7019,51.4245,1.0874]]],
[[[-57.5978,51.4481,0.0],[-57.6011,51.4467,19.485],[-57.6011,51.4439,2.3702],[-57.5966,51.4461,1.257],[-57.5978,51.4481,0.0]]],
[[[-57.7139,51.4475,1.8246],[-57.7156,51.4464,3.4776],[-57.715,51.445,0.0],[-57.7118,51.4469,0.0],[-57.7139,51.4475,1.8246]]],
[[[-58.1094,51.2792,0.7454],[-58.1067,51.2803,0.0],[-58.1067,51.2811,0.0],[-58.1106,51.2806,0.3383],[-58.1094,51.2792,0.7454]]],
[[[-58.1926,51.2639,16.9836],[-58.1894,51.2633,0.0],[-58.1861,51.2661,10.6772],[-58.1861,51.2686,2.1942],[-58.198,51.2679,9.91],[-58.1973,51.2659,10.9459],[-58.1926,51.2639,16.9836]]],
[[[-58.2039,51.2581,3.2719],[-58.2053,51.2593,0.0],[-58.2002,51.2619,2.369],[-58.2,51.2633,0.1103],[-58.2057,51.2659,0.0],[-58.2144,51.2633,3.011],[-58.219,51.2641,1.1857],[-58.2232,51.2568,0.0],[-58.2178,51.2531,0.0],[-58.2161,51.2567,0.9379],[-58.2106,51.2539,5.9217],[-58.2083,51.2556,0.0],[-58.2085,51.2576,0.0],[-58.2028,51.2575,3.2719],[-58.2039,51.2581,3.2719]]],
[[[-57.9438,51.3259,1.0417],[-57.9477,51.3251,7.0438],[-57.951,51.3223,6.8119],[-57.9426,51.3257,0.0],[-57.9438,51.3259,1.0417]]],
[[[-57.9078,51.3247,3.768],[-57.9085,51.3229,0.5237],[-57.9039,51.3228,0.0],[-57.905,51.325,0.0],[-57.9078,51.3247,3.768]]],
[[[-57.9096,51.3211,2.175],[-57.9111,51.3206,1.045],[-57.9083,51.3181,0.0],[-57.9078,51.3208,0.0],[-57.9096,51.3211,2.175]]],
[[[-57.8975,51.3323,1.8869],[-57.8981,51.3292,0.0],[-57.8952,51.3285,0.0],[-57.8953,51.3315,0.0],[-57.8975,51.3323,1.8869]]],
[[[-57.9353,51.3338,3.8032],[-57.9325,51.331,1.3187],[-57.927,51.3315,-0.3231],[-57.9264,51.3365,0.0],[-57.9303,51.3404,0.1614],[-57.9353,51.3415,1.0076],[-57.9403,51.3385,12.6639],[-57.9403,51.3365,4.2778],[-57.9353,51.3338,3.8032]]],
[[[-57.8673,51.3441,0.0],[-57.8695,51.3414,0.7205],[-57.8651,51.3415,0.0],[-57.865,51.3431,8.7844],[-57.8673,51.3441,0.0]]],
[[[-57.8586,51.3355,4.3537],[-57.8576,51.3367,0.0],[-57.8588,51.3381,0.1201],[-57.8615,51.3367,5.1513],[-57.8654,51.3408,0.0],[-57.8674,51.3387,0.8622],[-57.8607,51.3332,0.0],[-57.8586,51.3355,4.3537]]],
[[[-57.8555,51.3373,0.7383],[-57.8529,51.3363,0.0],[-57.8545,51.3403,0.4589],[-57.8587,51.3405,0.0],[-57.8587,51.3391,0.3437],[-57.8555,51.3373,0.7383]]],
[[[-57.8979,51.3388,0.0],[-57.8962,51.3349,0.0],[-57.8946,51.3349,0.1565],[-57.8934,51.3396,0.0],[-57.8979,51.3388,0.0]]],
[[[-57.9131,51.3243,0.288],[-57.907,51.3254,3.768],[-57.907,51.3273,0.2926],[-57.9103,51.3285,-0.0444],[-57.9103,51.3265,2.7335],[-57.9131,51.3243,0.288]]],
[[[-57.911,51.3228,0.4445],[-57.916,51.3239,-0.2099],[-57.9133,51.3295,1.0815],[-57.9166,51.33,0.7856],[-57.9233,51.325,0.0],[-57.9244,51.3217,1.4666],[-57.9216,51.3209,3.2867],[-57.9194,51.3222,6.5746],[-57.9216,51.3184,0.5552],[-57.9194,51.3178,1.9175],[-57.9183,51.3197,4.0286],[-57.9166,51.3189,1.396],[-57.9186,51.3156,0.0],[-57.9167,51.3125,1.5621],[-57.9144,51.3217,4.3135],[-57.911,51.3228,0.4445]]],
[[[-58.2656,51.3286,5.8161],[-58.2578,51.3272,7.9219],[-58.2544,51.3289,0.7408],[-58.2606,51.3311,0.0],[-58.2656,51.3286,5.8161]]],
[[[-57.9268,51.3305,-0.3231],[-57.9315,51.3278,0.7275],[-57.9262,51.3284,0.0],[-57.9235,51.3315,0.9946],[-57.9268,51.3305,-0.3231]]],
[[[-58.2839,51.2911,0.0],[-58.285,51.2936,0.0],[-58.2878,51.2933,4.9145],[-58.2872,51.2911,0.848],[-58.2839,51.2911,0.0]]],
[[[-58.2628,51.295,0.0],[-58.2672,51.2964,8.6828],[-58.2689,51.2931,5.009],[-58.2656,51.29,0.0],[-58.2628,51.295,0.0]]],
[[[-58.2933,51.2953,3.3856],[-58.2939,51.2961,1.4729],[-58.296,51.2955,5.3523],[-58.2922,51.2936,2.237],[-58.2933,51.2953,3.3856]]],
[[[-58.2704,51.303,2.0949],[-58.2717,51.3006,6.3703],[-58.2678,51.3,0.0],[-58.2683,51.3026,1.9992],[-58.2704,51.303,2.0949]]],
[[[-57.9202,51.3464,10.6799],[-57.9202,51.3447,0.0],[-57.918,51.3447,0.0],[-57.9169,51.3478,1.2079],[-57.9202,51.3483,4.1707],[-57.9202,51.3464,10.6799]]],
[[[-57.9038,51.3476,0.0],[-57.9066,51.3473,2.0339],[-57.9049,51.3448,0.0],[-57.9027,51.346,0.0],[-57.9038,51.3476,0.0]]],
[[[-57.9086,51.3464,5.6438],[-57.9097,51.3481,5.3421],[-57.913,51.3478,3.3344],[-57.9119,51.345,0.0],[-57.9086,51.3464,5.6438]]],
[[[-57.6932,51.3563,7.8107],[-57.6949,51.3546,1.6897],[-57.6944,51.3515,0.3733],[-57.6912,51.351,1.2747],[-57.69,51.3563,7.8107],[-57.6917,51.358,1.4892],[-57.6932,51.3563,7.8107]]],
[[[-57.9004,51.3552,7.7649],[-57.905,51.3525,4.659],[-57.9008,51.352,0.0],[-57.8988,51.3534,0.0],[-57.9004,51.3552,7.7649]]],
[[[-57.8232,51.365,0.0],[-57.8269,51.3651,2.3356],[-57.8278,51.362,0.0],[-57.8245,51.3607,2.1197],[-57.8232,51.365,0.0]]],
[[[-57.7426,51.3646,0.0],[-57.7445,51.3668,4.2005],[-57.7467,51.3663,0.0],[-57.745,51.3643,2.0735],[-57.7426,51.3646,0.0]]],
[[[-57.7999,51.368,0.0],[-57.807,51.3649,1.175],[-57.8045,51.3618,0.885],[-57.8022,51.3614,0.176],[-57.7999,51.368,0.0]]],
[[[-57.7271,51.3527,0.0],[-57.726,51.3493,0.1738],[-57.7238,51.3488,2.142],[-57.7238,51.3504,2.142],[-57.726,51.3527,0.0],[-57.7271,51.3527,0.0]]],
[[[-57.8034,51.3563,0.0],[-57.8069,51.3527,0.5157],[-57.8069,51.3514,0.812],[-57.8026,51.3531,0.7591],[-57.8034,51.3563,0.0]]],
[[[-57.7288,51.3563,5.2184],[-57.7293,51.3547,0.0],[-57.7266,51.3543,1.8821],[-57.7232,51.3555,4.1098],[-57.7229,51.3577,4.8052],[-57.7273,51.3642,0.0],[-57.73,51.3649,0.0],[-57.733,51.3572,3.5748],[-57.73,51.3564,0.0],[-57.7266,51.3586,0.0],[-57.7288,51.3563,5.2184]]],
[[[-57.808,51.3544,1.0295],[-57.805,51.3562,0.0],[-57.8062,51.3579,0.5512],[-57.8088,51.3567,1.1354],[-57.808,51.3544,1.0295]]],
[[[-57.149,51.3897,0.3499],[-57.1468,51.3853,0.0],[-57.1389,51.3781,0.4628],[-57.1291,51.3801,0.0],[-57.12,51.3873,11.6304],[-57.1244,51.392,1.352],[-57.1365,51.3943,1.6002],[-57.1483,51.4002,1.0677],[-57.1573,51.4005,0.3478],[-57.1576,51.399,3.4213],[-57.151,51.3948,0.0],[-57.149,51.3897,0.3499]]],
[[[-57.8416,51.3952,4.3917],[-57.8436,51.3935,0.0],[-57.8432,51.3922,0.0],[-57.8389,51.3944,1.1613],[-57.8416,51.3952,4.3917]]],
[[[-57.1855,51.3742,0.0],[-57.1832,51.3789,0.0],[-57.1888,51.3811,5.3778],[-57.1883,51.3856,0.0],[-57.2012,51.3812,0.0],[-57.2013,51.3798,0.0],[-57.198,51.3789,9.4989],[-57.1915,51.3788,4.8339],[-57.1945,51.3761,0.2838],[-57.1918,51.3728,2.0112],[-57.1855,51.3742,0.0]]],
[[[-57.7183,51.3828,0.0],[-57.7202,51.3823,0.7253],[-57.72,51.3804,0.7486],[-57.716,51.3789,0.0],[-57.716,51.3812,0.0],[-57.7183,51.3828,0.0]]],
[[[-57.8483,51.3817,11.8676],[-57.8472,51.3797,0.0],[-57.8428,51.3803,0.0],[-57.8463,51.384,0.0],[-57.8489,51.3833,0.0],[-57.8483,51.3817,11.8676]]],
[[[-57.8556,51.3869,1.4177],[-57.8598,51.386,9.0402],[-57.8594,51.3847,5.6527],[-57.8551,51.3839,0.0],[-57.854,51.3866,1.4177],[-57.8556,51.3869,1.4177]]],
[[[-57.6668,51.3849,0.712],[-57.6614,51.3872,0.0],[-57.6663,51.3883,4.9824],[-57.6727,51.387,2.2373],[-57.6734,51.385,0.0],[-57.6714,51.3842,1.4717],[-57.6714,51.3825,2.196],[-57.6749,51.3801,3.4979],[-57.6739,51.3768,2.4156],[-57.669,51.378,0.85],[-57.6678,51.3813,6.913],[-57.6695,51.3832,3.8367],[-57.6668,51.3849,0.712]]],
[[[-57.8173,51.3869,4.1924],[-57.8192,51.3831,0.0],[-57.8121,51.3855,0.0],[-57.8156,51.3883,0.0],[-57.8173,51.3869,4.1924]]],
[[[-57.7622,51.3881,1.0003],[-57.7646,51.3909,0.1145],[-57.7742,51.3912,0.2805],[-57.7757,51.3897,5.8201],[-57.7708,51.3871,1.9399],[-57.7683,51.3883,-0.1936],[-57.7683,51.3855,-1.0],[-57.7732,51.3858,-1.0],[-57.7749,51.3841,1.8232],[-57.7656,51.381,0.3584],[-57.76,51.3824,3.2684],[-57.76,51.3874,1.0003],[-57.7622,51.3881,1.0003]]],
[[[-57.84,51.3853,0.0],[-57.8383,51.3878,2.698],[-57.8416,51.388,3.9294],[-57.8421,51.39,0.0],[-57.8461,51.3886,5.5078],[-57.8439,51.3856,4.6919],[-57.84,51.3853,0.0]]],
[[[-57.7355,51.39,0.0],[-57.7344,51.3897,1.2563],[-57.7355,51.3872,0.0],[-57.7322,51.3842,0.0],[-57.7328,51.3886,0.0],[-57.7311,51.3897,0.7705],[-57.7344,51.3928,0.9734],[-57.7361,51.3925,0.0],[-57.7355,51.39,0.0]]],
[[[-57.8487,51.3761,2.6912],[-57.8522,51.3785,0.8514],[-57.8581,51.3768,7.7043],[-57.8645,51.3784,5.6663],[-57.8705,51.3701,17.2721],[-57.8747,51.369,2.8999],[-57.8683,51.3645,0.7762],[-57.866,51.3647,0.7762],[-57.8663,51.3672,9.5478],[-57.8652,51.3672,9.5478],[-57.8637,51.365,0.0],[-57.858,51.3628,0.0],[-57.8561,51.366,0.0],[-57.8576,51.3679,0.0],[-57.8553,51.3701,0.4874],[-57.8505,51.3681,0.0],[-57.8405,51.3682,1.9489],[-57.8394,51.3713,0.0],[-57.8417,51.3757,0.0],[-57.8428,51.3747,3.0571],[-57.8487,51.3761,2.6912]]],
[[[-57.762,51.3685,0.0],[-57.7623,51.3712,0.0],[-57.7706,51.3717,-0.0254],[-57.7719,51.3707,-0.0254],[-57.7709,51.3693,0.2318],[-57.7728,51.3684,0.0],[-57.7705,51.3664,-0.0972],[-57.7715,51.3637,0.0],[-57.7689,51.3636,0.0],[-57.7637,51.3655,0.0],[-57.762,51.3685,0.0]]],
[[[-57.7787,51.3673,0.1243],[-57.7801,51.3672,0.1243],[-57.7817,51.3704,4.5873],[-57.787,51.3704,4.8976],[-57.7861,51.3724,0.0],[-57.7958,51.3704,0.0],[-57.7931,51.3662,0.0],[-57.8006,51.3621,0.0],[-57.7986,51.3587,14.9743],[-57.8017,51.3553,0.574],[-57.7984,51.3487,0.3916],[-57.7939,51.3458,-0.1495],[-57.7773,51.353,0.198],[-57.7723,51.3521,2.6637],[-57.7719,51.3552,0.7511],[-57.7755,51.3556,0.0],[-57.776,51.3569,0.0],[-57.7733,51.3572,3.4774],[-57.7726,51.359,0.5524],[-57.7787,51.3594,0.4752],[-57.779,51.3575,1.963],[-57.7814,51.3586,5.1494],[-57.7728,51.3633,2.6421],[-57.7742,51.3663,1.5912],[-57.7787,51.3673,0.1243]]],
[[[-57.8768,51.3744,3.4911],[-57.8752,51.3814,20.9689],[-57.8807,51.3817,14.2011],[-57.8852,51.3797,11.7297],[-57.8841,51.3778,2.9565],[-57.8818,51.3781,22.0902],[-57.8841,51.3761,4.5032],[-57.8835,51.375,7.5954],[-57.8899,51.3714,16.4249],[-57.8868,51.3692,3.4871],[-57.8835,51.3731,7.513],[-57.8768,51.3728,0.0],[-57.8768,51.3744,3.4911]]],
[[[-57.7673,51.3757,0.0],[-57.772,51.3758,-0.4395],[-57.7717,51.3725,0.5828],[-57.7678,51.3731,0.3895],[-57.766,51.3753,2.6175],[-57.7673,51.3757,0.0]]],
[[[-57.732,51.3795,1.2297],[-57.7337,51.3804,0.7741],[-57.7364,51.3764,0.0],[-57.732,51.3754,0.0],[-57.7305,51.3784,0.0],[-57.732,51.3795,1.2297]]],
[[[-57.8178,51.3711,2.4851],[-57.814,51.3725,0.8426],[-57.8143,51.3777,0.1209],[-57.8255,51.3744,3.7518],[-57.8283,51.3701,0.0],[-57.8273,51.3687,0.0],[-57.8178,51.3711,2.4851]]],
[[[-57.7986,51.3763,0.0],[-57.8006,51.3771,0.0],[-57.8038,51.3749,0.0],[-57.8006,51.3742,0.5442],[-57.7986,51.3763,0.0]]],
[[[-57.6314,51.3985,0.4177],[-57.6351,51.399,0.69],[-57.6366,51.3973,0.9259],[-57.6331,51.3962,1.1277],[-57.6314,51.3985,0.4177]]],
[[[-57.7917,51.3983,0.0],[-57.798,51.4001,25.302],[-57.805,51.3981,1.8777],[-57.7972,51.3958,0.0],[-57.7917,51.3983,0.0]]],
[[[-57.7403,51.3994,1.3014],[-57.744,51.3967,0.0],[-57.7435,51.3942,0.4179],[-57.7381,51.3967,0.941],[-57.7403,51.3994,1.3014]]],
[[[-57.77,51.4026,0.0],[-57.7722,51.4031,0.0],[-57.7739,51.4011,0.0],[-57.7703,51.4004,0.0],[-57.77,51.4026,0.0]]],
[[[-57.6712,51.3957,28.1709],[-57.6712,51.3923,12.803],[-57.668,51.3894,0.0],[-57.6591,51.3925,0.0],[-57.6591,51.397,0.0],[-57.665,51.4022,0.0],[-57.6692,51.4028,0.0],[-57.6731,51.4002,3.8315],[-57.6712,51.3957,28.1709]]],
[[[-57.6491,51.4009,3.6932],[-57.6509,51.4033,1.8029],[-57.6531,51.402,7.7133],[-57.6549,51.4045,0.0],[-57.6567,51.4041,0.0],[-57.6563,51.401,0.0],[-57.6544,51.3996,5.6189],[-57.6491,51.4009,3.6932]]],
[[[-57.6792,51.4026,0.0],[-57.6814,51.4026,0.0],[-57.6755,51.4063,5.5149],[-57.6777,51.4094,4.1082],[-57.6934,51.4076,3.8347],[-57.6937,51.4048,7.7211],[-57.6897,51.4037,2.0867],[-57.6905,51.3994,0.0],[-57.6819,51.3966,1.3079],[-57.6846,51.3938,0.0],[-57.6809,51.3925,6.1675],[-57.6816,51.3902,1.274],[-57.6782,51.3908,4.0598],[-57.6726,51.3955,0.0],[-57.6792,51.4026,0.0]]],
[[[-57.7116,51.402,0.0],[-57.7091,51.399,1.0984],[-57.704,51.4004,0.0],[-57.7086,51.4035,10.7876],[-57.7111,51.4034,0.0],[-57.7116,51.402,0.0]]],
[[[-58.6061,51.0581,1.3487],[-58.6089,51.0589,0.0],[-58.6117,51.055,0.0],[-58.6056,51.0567,0.1153],[-58.6061,51.0581,1.3487]]],
[[[-58.8394,51.0589,2.8071],[-58.8378,51.0542,0.0],[-58.8367,51.0606,0.0],[-58.8378,51.0619,0.0],[-58.8406,51.0603,1.5517],[-58.8394,51.0589,2.8071]]],
[[[-58.7138,51.0532,1.7367],[-58.7093,51.0546,0.0],[-58.7263,51.0548,4.6421],[-58.7288,51.0521,12.8623],[-58.7257,51.0493,1.7162],[-58.7219,51.0526,3.5525],[-58.7197,51.0515,1.2872],[-58.7138,51.0532,1.7367]]],
[[[-58.6317,51.0469,0.0],[-58.6322,51.0489,0.0],[-58.6344,51.0489,0.3013],[-58.6333,51.0467,0.0],[-58.6317,51.0469,0.0]]],
[[[-58.6467,51.0456,0.3978],[-58.6486,51.0444,1.6649],[-58.6473,51.0433,0.0],[-58.6422,51.0444,0.0],[-58.6433,51.0464,2.3563],[-58.6467,51.0456,0.3978]]],
[[[-58.5828,51.0806,0.0],[-58.5833,51.0819,2.285],[-58.5867,51.0819,1.6491],[-58.5856,51.0806,1.6491],[-58.5828,51.0806,0.0]]],
[[[-58.5978,51.0739,0.161],[-58.6,51.0725,1.1345],[-58.5933,51.0728,2.6828],[-58.5928,51.0744,0.0],[-58.595,51.0769,3.0999],[-58.5928,51.0794,0.0],[-58.5967,51.0794,1.4704],[-58.5961,51.0778,4.2644],[-58.5994,51.0758,2.088],[-58.5978,51.0739,0.161]]],
[[[-58.625,51.0575,0.0],[-58.6261,51.0589,0.0],[-58.6306,51.0572,2.033],[-58.6328,51.0583,1.853],[-58.6317,51.0597,0.0],[-58.6272,51.06,0.0],[-58.6294,51.0625,0.0],[-58.6339,51.0608,1.4043],[-58.635,51.0589,3.6161],[-58.6317,51.056399999999996,4.7534],[-58.6306,51.0531,0.0],[-58.6272,51.0544,0.0],[-58.6289,51.0578,3.2738],[-58.6272,51.0578,4.1287],[-58.6256,51.0547,0.0],[-58.625,51.0575,0.0]]],
[[[-58.7224,51.0619,0.0],[-58.7206,51.0629,0.0],[-58.7206,51.0657,0.0],[-58.7266,51.065,0.8805],[-58.7268,51.0629,1.6971],[-58.7248,51.0608,1.045],[-58.7283,51.0567,4.0897],[-58.7243,51.0554,4.4228],[-58.7224,51.0619,0.0]]],
[[[-58.6272,51.065,3.181],[-58.6272,51.0619,0.0],[-58.6256,51.0614,0.0],[-58.6244,51.0647,0.0],[-58.6272,51.065,3.181]]],
[[[-58.6372,51.0633,0.0],[-58.6328,51.0653,0.6801],[-58.6361,51.065,0.6801],[-58.6356,51.0669,0.0],[-58.6367,51.0669,2.7414],[-58.6372,51.0633,0.0]]],
[[[-58.6994,51.0675,0.6084],[-58.6978,51.0683,0.0],[-58.6983,51.0694,3.2601],[-58.6961,51.0689,0.87],[-58.6956,51.0703,0.0],[-58.7,51.0694,3.2601],[-58.6994,51.0675,0.6084]]],
[[[-58.6211,51.0711,0.0],[-58.6183,51.0725,1.1106],[-58.6183,51.0731,1.1106],[-58.6228,51.0722,2.0549],[-58.6211,51.0711,0.0]]],
[[[-58.6389,51.0661,0.0],[-58.6439,51.0683,9.6659],[-58.6461,51.0664,1.2385],[-58.6433,51.0636,0.0],[-58.6417,51.0636,2.5498],[-58.6428,51.0653,0.5444],[-58.6389,51.0661,0.0]]],
[[[-58.6267,51.0672,0.0],[-58.6272,51.0706,1.0543],[-58.6244,51.0706,0.0],[-58.6244,51.0722,0.0],[-58.63,51.0708,1.5927],[-58.6306,51.0647,0.0],[-58.6267,51.0672,0.0]]],
[[[-58.7944,51.0822,0.8499],[-58.7944,51.0806,6.6175],[-58.7922,51.0789,0.0],[-58.7922,51.0817,0.0],[-58.7944,51.0822,0.8499]]],
[[[-58.6783,51.0803,0.0],[-58.6806,51.0817,0.1277],[-58.6844,51.0794,0.0],[-58.6836,51.0765,0.0],[-58.6817,51.0769,0.0],[-58.6783,51.0803,0.0]]],
[[[-58.675,51.115,0.0],[-58.6689,51.1169,0.0],[-58.671,51.119,2.3607],[-58.6806,51.1175,0.0],[-58.675,51.115,0.0]]],
[[[-58.4228,51.1394,0.6453],[-58.4211,51.1403,0.0],[-58.4256,51.1408,0.6357],[-58.4239,51.1389,0.6453],[-58.4228,51.1394,0.6453]]],
[[[-58.4244,51.1428,1.1798],[-58.4233,51.1431,1.1798],[-58.4233,51.1414,0.6357],[-58.4211,51.1422,0.0],[-58.4233,51.1447,1.2924],[-58.4211,51.1464,0.0],[-58.4256,51.1442,1.2924],[-58.4244,51.1428,1.1798]]],
[[[-58.4328,51.1439,0.7864],[-58.4339,51.1436,2.4253],[-58.4333,51.1411,0.8701],[-58.4306,51.1386,0.1445],[-58.4283,51.1394,0.0],[-58.4289,51.1411,2.299],[-58.4272,51.1425,0.0],[-58.4328,51.1439,0.7864]]],
[[[-58.4411,51.1411,0.1942],[-58.4406,51.1433,0.5721],[-58.4378,51.1428,0.0],[-58.4356,51.1447,1.9889],[-58.4422,51.1442,2.463],[-58.4428,51.1417,0.1942],[-58.4411,51.1411,0.1942]]],
[[[-58.5228,51.1533,4.8055],[-58.5239,51.1517,0.5113],[-58.5206,51.1525,0.0],[-58.5206,51.1533,0.0],[-58.5228,51.1533,4.8055]]],
[[[-58.5247,51.1125,0.012],[-58.5264,51.1145,0.3209],[-58.5263,51.1121,1.4133],[-58.5248,51.1114,0.0716],[-58.5247,51.1125,0.012]]],
[[[-58.4333,51.1369,1.4998],[-58.4344,51.1383,0.715],[-58.4356,51.1375,0.3861],[-58.4344,51.135,0.7775],[-58.4328,51.135,0.7775],[-58.4333,51.1369,1.4998]]],
[[[-58.4785,51.1301,0.6654],[-58.4798,51.1328,0.4118],[-58.4818,51.1286,0.9116],[-58.4801,51.1284,0.9116],[-58.4785,51.1301,0.6654]]],
[[[-58.4656,51.1264,0.2828],[-58.465,51.1242,0.7033],[-58.4661,51.1239,1.0631],[-58.4639,51.1228,0.0646],[-58.4639,51.1264,0.2828],[-58.4656,51.1264,0.2828]]],
[[[-58.4744,51.1158,1.2615],[-58.4711,51.1111,-0.0257],[-58.4739,51.1183,0.8083],[-58.4756,51.1183,0.8083],[-58.4744,51.1158,1.2615]]],
[[[-58.4772,51.1169,1.2614],[-58.4783,51.1158,0.7851],[-58.4756,51.1131,0.9371],[-58.4761,51.1172,1.1968],[-58.4772,51.1169,1.2614]]],
[[[-58.6022,51.1181,0.0],[-58.6022,51.1192,0.0],[-58.6061,51.1197,0.0],[-58.6033,51.1178,0.0],[-58.6022,51.1181,0.0]]],
[[[-58.5123,51.1175,-0.0338],[-58.5106,51.1214,0.0],[-58.5074,51.1217,0.8711],[-58.5072,51.1229,0.0],[-58.5145,51.1248,0.951],[-58.5158,51.1237,0.0],[-58.5143,51.1222,1.4853],[-58.514,51.1169,0.0331],[-58.5123,51.1175,-0.0338]]],
[[[-58.6061,51.1219,0.0],[-58.5994,51.12,0.0],[-58.5961,51.1214,0.0],[-58.6017,51.1239,0.0],[-58.6056,51.1239,0.0],[-58.6061,51.1219,0.0]]],
[[[-58.4928,51.1258,4.0595],[-58.493899999999996,51.1267,4.0595],[-58.4961,51.1267,4.0595],[-58.4933,51.1236,0.0],[-58.4928,51.1258,4.0595]]],
[[[-58.4869,51.1351,5.936],[-58.4878,51.1313,13.2669],[-58.4854,51.1264,0.0],[-58.4842,51.1265,0.0],[-58.4834,51.1341,0.0],[-58.4869,51.1351,5.936]]],
[[[-58.4608,51.1409,0.0],[-58.4625,51.1376,1.8729],[-58.4622,51.1342,0.2213],[-58.4589,51.1378,0.3367],[-58.4596,51.1412,0.0],[-58.4608,51.1409,0.0]]],
[[[-58.4467,51.1367,0.0],[-58.4461,51.1386,1.3647],[-58.4428,51.1378,0.0],[-58.4422,51.1406,0.1942],[-58.4444,51.1425,1.1572],[-58.4483,51.14,3.2242],[-58.4483,51.1375,1.977],[-58.4467,51.1367,0.0]]],
[[[-58.565,51.0908,0.2605],[-58.5714,51.0906,0.5408],[-58.5711,51.0883,0.6737],[-58.5661,51.0872,0.0],[-58.5633,51.0892,1.1467],[-58.565,51.0908,0.2605]]],
[[[-58.5756,51.0844,0.0],[-58.5744,51.0858,0.0],[-58.5756,51.0864,2.7998],[-58.5828,51.0856,0.0],[-58.5794,51.0869,1.9482],[-58.5806,51.0881,0.0],[-58.5789,51.0883,0.0],[-58.5794,51.0897,0.535],[-58.5756,51.0903,0.0],[-58.5772,51.0917,0.8108],[-58.5833,51.0908,0.5258],[-58.5867,51.0886,2.4203],[-58.5856,51.0875,2.4203],[-58.5872,51.0853,1.8199],[-58.5856,51.0844,1.8199],[-58.5867,51.0828,1.0744],[-58.5772,51.0811,0.0],[-58.5756,51.0836,1.8278],[-58.5772,51.0847,0.0],[-58.5756,51.0844,0.0]]],
[[[-58.595,51.0822,2.6296],[-58.5906,51.0817,0.0],[-58.5939,51.0844,3.0948],[-58.5917,51.0856,0.0],[-58.5939,51.0861,3.2273],[-58.6,51.0833,7.4481],[-58.5972,51.0811,0.0],[-58.595,51.0822,2.6296]]],
[[[-58.5983,51.0958,5.7432],[-58.6061,51.0969,17.3004],[-58.5994,51.1017,0.0],[-58.6022,51.1069,1.2596],[-58.6056,51.1092,0.0],[-58.6122,51.1056,0.0],[-58.6111,51.1036,0.7122],[-58.6122,51.1003,0.0],[-58.6083,51.0975,6.5849],[-58.6167,51.0972,0.0],[-58.618899999999996,51.0956,0.0],[-58.6167,51.0936,7.5846],[-58.6193,51.0934,4.5867],[-58.6185,51.0911,1.3928],[-58.6141,51.0899,0.769],[-58.6133,51.0925,12.2936],[-58.6106,51.0903,4.5392],[-58.6139,51.0883,0.0],[-58.6199,51.0895,1.2411],[-58.6199,51.0885,7.3694],[-58.6165,51.0854,0.0],[-58.6128,51.0856,1.6569],[-58.6122,51.0836,0.0],[-58.5961,51.0864,1.534],[-58.5928,51.0894,0.0],[-58.5978,51.0931,20.7309],[-58.5928,51.0936,0.0],[-58.5983,51.0958,5.7432]]],
[[[-58.6294,51.0825,2.6146],[-58.6317,51.0811,3.2301],[-58.6306,51.0783,0.0],[-58.6244,51.0811,0.0],[-58.6272,51.0825,0.0],[-58.6294,51.0825,2.6146]]],
[[[-58.624,51.0867,5.3507],[-58.6267,51.0856,1.2609],[-58.6256,51.0828,5.5396],[-58.6183,51.0814,0.0],[-58.6172,51.0828,0.0],[-58.618899999999996,51.0856,0.0],[-58.624,51.0867,5.3507]]],
[[[-58.5956,51.1061,4.5965],[-58.5983,51.1069,0.0],[-58.5967,51.1022,0.8801],[-58.5939,51.1044,0.0],[-58.5956,51.1061,4.5965]]],
[[[-58.6444,51.1121,0.0],[-58.6528,51.1153,5.6971],[-58.6648,51.1136,14.475],[-58.6711,51.0956,10.2003],[-58.6683,51.0931,0.5583],[-58.6622,51.0939,7.0293],[-58.6611,51.0925,6.2394],[-58.6661,51.0906,0.0],[-58.6672,51.0875,0.8721],[-58.6656,51.0861,0.0],[-58.6661,51.0833,0.0],[-58.6628,51.0825,0.0],[-58.6572,51.0844,0.0],[-58.6622,51.0858,3.5483],[-58.6606,51.0875,10.2642],[-58.6544,51.0869,0.0],[-58.6539,51.0878,0.0],[-58.66,51.0897,7.0575],[-58.6572,51.0919,2.1889],[-58.6533,51.0894,0.6236],[-58.65,51.0922,5.1653],[-58.65,51.0883,0.7666],[-58.645,51.0872,2.2778],[-58.6433,51.0903,0.8947],[-58.6444,51.0931,2.1436],[-58.6322,51.0972,0.0],[-58.6339,51.1017,0.3961],[-58.6306,51.1031,8.0824],[-58.6333,51.105,14.9385],[-58.6311,51.1067,1.8537],[-58.6378,51.1061,15.4609],[-58.6394,51.1075,9.2765],[-58.6388,51.1099,4.0883],[-58.6444,51.1121,0.0]]],
[[[-58.5726,51.1082,0.0],[-58.5726,51.1107,0.0],[-58.5664,51.1132,0.0],[-58.5588,51.1116,0.6535],[-58.5571,51.1143,0.0],[-58.5605,51.1183,0.9076],[-58.5588,51.1198,1.2104],[-58.5753,51.1264,8.8585],[-58.5794,51.1267,6.0655],[-58.5994,51.1136,0.0],[-58.5983,51.1103,0.0],[-58.5836,51.1034,4.8772],[-58.5844,51.1003,0.0],[-58.5812,51.1013,3.7165],[-58.5778,51.0988,0.5156],[-58.576,51.1005,0.0],[-58.5767,51.1062,0.5835],[-58.5726,51.1082,0.0]]],
[[[-58.3194,51.19,0.0],[-58.3228,51.1903,5.5442],[-58.3222,51.1892,5.5442],[-58.3239,51.1883,1.7201],[-58.3211,51.1872,0.0],[-58.3194,51.19,0.0]]],
[[[-58.5983,51.1897,10.8194],[-58.6017,51.1917,1.7271],[-58.5978,51.1919,0.0],[-58.5967,51.1958,0.0],[-58.6017,51.1986,8.2868],[-58.6047,51.1989,0.0],[-58.6106,51.1956,0.353],[-58.6083,51.1933,2.7807],[-58.6122,51.1917,3.3677],[-58.6,51.1872,7.0327],[-58.5978,51.1872,7.0327],[-58.5983,51.1897,10.8194]]],
[[[-58.4983,51.1878,0.0],[-58.4989,51.1886,1.2557],[-58.5028,51.1883,0.0],[-58.5011,51.1869,0.0],[-58.4983,51.1878,0.0]]],
[[[-58.4189,51.1856,0.3445],[-58.4206,51.1872,0.3644],[-58.4233,51.1867,0.0],[-58.4217,51.1844,0.0],[-58.4189,51.1856,0.3445]]],
[[[-58.4461,51.1803,0.3911],[-58.4491,51.1815,3.2358],[-58.4512,51.1811,3.2358],[-58.4478,51.1794,1.2504],[-58.4461,51.1803,0.3911]]],
[[[-58.4928,51.1819,1.4443],[-58.4928,51.1831,3.9494],[-58.4967,51.1822,2.712],[-58.4956,51.1806,1.4443],[-58.4928,51.1819,1.4443]]],
[[[-58.4422,51.1847,0.0],[-58.4478,51.1839,1.909],[-58.4483,51.1822,1.4481],[-58.4444,51.1817,0.5076],[-58.4422,51.1847,0.0]]],
[[[-58.4456,51.2083,0.0],[-58.4444,51.2097,0.0],[-58.4488,51.21,1.3658],[-58.4483,51.2078,0.0],[-58.4456,51.2083,0.0]]],
[[[-58.4406,51.2117,0.0],[-58.4459,51.2119,0.0],[-58.4428,51.2097,0.0],[-58.4406,51.2103,0.0],[-58.4406,51.2117,0.0]]],
[[[-58.23,51.2511,0.0],[-58.2311,51.2511,1.544],[-58.2328,51.2489,3.7692],[-58.2306,51.2478,0.0],[-58.23,51.2511,0.0]]],
[[[-58.2583,51.2508,0.3376],[-58.257,51.2473,3.3709],[-58.2544,51.2469,0.0],[-58.25,51.2517,0.0],[-58.2533,51.2522,0.0],[-58.2583,51.2508,0.3376]]],
[[[-58.2583,51.2528,0.3562],[-58.2622,51.2542,0.0],[-58.2633,51.2542,0.0],[-58.2611,51.2519,0.0],[-58.2583,51.2528,0.3562]]],
[[[-58.2661,51.2472,4.6131],[-58.2644,51.2472,0.0],[-58.2639,51.2483,0.0],[-58.2672,51.2489,1.4153],[-58.2661,51.2472,4.6131]]],
[[[-58.2417,51.243899999999996,1.6735],[-58.2406,51.243899999999996,0.0],[-58.2389,51.2456,0.0936],[-58.2422,51.2453,1.6735],[-58.2417,51.243899999999996,1.6735]]],
[[[-58.2906,51.2253,0.0],[-58.2878,51.2258,0.0],[-58.2878,51.2272,0.0],[-58.2911,51.2269,3.7382],[-58.2906,51.2253,0.0]]],
[[[-58.5417,51.2208,0.0],[-58.5472,51.2217,9.2816],[-58.5489,51.22,0.6154],[-58.5444,51.2192,0.0],[-58.5417,51.2208,0.0]]],
[[[-58.5211,51.2231,0.0],[-58.5172,51.2236,0.0],[-58.5239,51.2256,4.9003],[-58.5239,51.2242,1.4935],[-58.5211,51.2231,0.0]]],
[[[-58.435,51.2203,7.0254],[-58.4381,51.2197,7.0254],[-58.435,51.2183,0.0],[-58.4333,51.22,0.5046],[-58.435,51.2203,7.0254]]],
[[[-58.4917,51.2144,0.0],[-58.4928,51.2172,0.9886],[-58.5083,51.2217,2.0528],[-58.5111,51.2195,1.1968],[-58.5272,51.2169,11.3332],[-58.53,51.2178,1.0266],[-58.5272,51.2197,0.0],[-58.5283,51.2217,0.6424],[-58.5461,51.2181,0.0],[-58.54,51.2172,14.0726],[-58.5383,51.2161,0.0],[-58.5394,51.2153,25.9849],[-58.5483,51.2147,11.8117],[-58.555,51.2161,2.9462],[-58.5578,51.2147,6.3417],[-58.5544,51.2128,3.4573],[-58.5356,51.2122,7.8475],[-58.5328,51.2136,0.6845],[-58.5244,51.2114,1.991],[-58.5206,51.2119,0.0],[-58.5217,51.2139,8.0083],[-58.52,51.2147,0.0],[-58.5156,51.2117,0.0],[-58.5094,51.2144,5.9226],[-58.493899999999996,51.2117,0.0],[-58.4917,51.2144,0.0]]],
[[[-58.3817,51.2542,0.0],[-58.3844,51.2542,1.7706],[-58.3856,51.2522,0.0],[-58.3833,51.2511,0.0],[-58.38,51.2522,0.0],[-58.3817,51.2542,0.0]]],
[[[-58.5528,51.2256,5.4131],[-58.5539,51.2236,0.0],[-58.5528,51.2228,0.0],[-58.5478,51.2228,0.0],[-58.5489,51.2278,0.0],[-58.5511,51.2278,1.0689],[-58.5528,51.2256,5.4131]]],
[[[-58.4339,51.2272,1.6117],[-58.4328,51.2297,2.329],[-58.4378,51.2277,10.3425],[-58.4367,51.2267,0.0],[-58.4339,51.2272,1.6117]]],
[[[-58.3306,51.2225,0.0],[-58.3287,51.2259,2.2538],[-58.3378,51.2323,0.4926],[-58.3405,51.2319,0.0],[-58.3383,51.2303,5.9163],[-58.3412,51.2282,1.1866],[-58.34,51.2267,11.9798],[-58.3463,51.2253,1.9331],[-58.3463,51.2229,2.9635],[-58.3417,51.2192,0.3875],[-58.3344,51.221,2.1306],[-58.3321,51.2231,0.0],[-58.3306,51.2225,0.0]]],
[[[-58.3328,51.23,5.4495],[-58.3278,51.2264,2.2538],[-58.3267,51.2269,0.0],[-58.3289,51.2297,0.8039],[-58.3328,51.23,5.4495]]],
[[[-58.3256,51.2311,0.0],[-58.3283,51.23,0.8039],[-58.3222,51.2272,0.0],[-58.3222,51.2283,0.0],[-58.3256,51.2311,0.0]]],
[[[-58.3349,51.2344,0.2633],[-58.335,51.2361,0.384],[-58.3383,51.2364,2.4727],[-58.3367,51.2336,0.4926],[-58.3333,51.2322,0.0],[-58.3349,51.2344,0.2633]]],
[[[-58.4139,51.2736,0.0],[-58.4139,51.2767,10.3884],[-58.4178,51.2792,0.0],[-58.43,51.2761,5.7157],[-58.4433,51.275,36.4927],[-58.4533,51.2764,0.0],[-58.4561,51.2739,4.6458],[-58.4739,51.2736,18.5837],[-58.4878,51.2717,15.568],[-58.4944,51.2689,0.0],[-58.4978,51.2694,0.0],[-58.4972,51.2714,0.0],[-58.5128,51.2708,1.605],[-58.5161,51.2686,15.372],[-58.5272,51.2664,3.3075],[-58.5278,51.2647,0.0],[-58.5244,51.2583,4.005],[-58.5256,51.2531,0.0],[-58.5244,51.2519,9.585],[-58.5311,51.2506,0.0],[-58.5339,51.2483,1.9105],[-58.5367,51.2489,0.0],[-58.5378,51.2522,20.6632],[-58.5339,51.2558,9.4992],[-58.5311,51.2542,0.0],[-58.5277,51.256,18.9605],[-58.5279,51.2641,0.0],[-58.5301,51.2637,8.2165],[-58.5406,51.2583,0.0],[-58.5456,51.2536,9.7577],[-58.5472,51.2492,2.9276],[-58.5544,51.2483,0.7326],[-58.5606,51.2453,2.0753],[-58.5617,51.2422,3.6516],[-58.5656,51.24,8.1628],[-58.5689,51.2403,23.2129],[-58.5778,51.2344,14.3401],[-58.5789,51.2314,0.0],[-58.5739,51.2264,7.7108],[-58.5761,51.225,3.3319],[-58.5745,51.2225,9.1707],[-58.5633,51.2175,2.6382],[-58.555,51.2189,0.0],[-58.5567,51.225,0.7475],[-58.5606,51.2269,10.9044],[-58.555,51.2311,0.0],[-58.5572,51.2339,3.5881],[-58.5522,51.2328,1.0873],[-58.5489,51.2361,5.0192],[-58.5494,51.2392,2.2678],[-58.5483,51.2397,2.2678],[-58.5456,51.2381,14.0881],[-58.5478,51.235,0.8979],[-58.5439,51.2319,0.0],[-58.5444,51.2306,0.0],[-58.5417,51.2292,1.9139],[-58.5428,51.2283,0.0],[-58.5406,51.2261,0.0],[-58.5378,51.2261,0.6465],[-58.5381,51.228,4.1068],[-58.5339,51.2278,8.972],[-58.5339,51.2253,2.0345],[-58.5361,51.2239,0.0],[-58.5344,51.2228,0.0],[-58.5222,51.2275,9.8661],[-58.5167,51.2242,0.0],[-58.5017,51.2222,15.6821],[-58.4983,51.22,0.5266],[-58.4967,51.22,0.5266],[-58.4967,51.2222,0.0],[-58.4989,51.2231,2.8813],[-58.4956,51.2236,1.0499],[-58.4922,51.2228,1.8935],[-58.4928,51.2206,0.0],[-58.4906,51.2183,0.0],[-58.4867,51.2203,3.5268],[-58.4888,51.2166,0.0],[-58.4822,51.2139,7.1178],[-58.4733,51.2189,0.2141],[-58.4683,51.2194,3.5478],[-58.4622,51.2239,2.8311],[-58.4672,51.2267,3.1993],[-58.4617,51.2258,11.0607],[-58.4589,51.2231,1.6371],[-58.4544,51.2256,6.7393],[-58.4494,51.2261,2.5893],[-58.4483,51.2256,2.5893],[-58.4491,51.2236,13.7738],[-58.4524,51.2219,7.8099],[-58.4522,51.2187,0.0],[-58.4505,51.219,0.0],[-58.4461,51.2232,6.363],[-58.4414,51.2226,4.5975],[-58.4417,51.2247,7.0986],[-58.4483,51.2281,11.1673],[-58.4461,51.2308,9.6455],[-58.4428,51.2314,16.5962],[-58.4439,51.2292,3.8825],[-58.4389,51.2281,0.0],[-58.435,51.2311,10.0931],[-58.4378,51.2344,6.6327],[-58.4322,51.2328,3.333],[-58.43,51.2342,0.0],[-58.4322,51.2364,2.6991],[-58.43,51.2383,0.0],[-58.4256,51.2372,2.1132],[-58.4239,51.2389,1.542],[-58.4283,51.2425,0.0],[-58.4306,51.2406,4.7852],[-58.4339,51.2408,7.1233],[-58.4339,51.2425,22.672],[-58.4272,51.2444,3.5514],[-58.4178,51.2389,34.438],[-58.4278,51.2333,8.7866],[-58.43,51.2281,2.8086],[-58.4339,51.2243,1.4536],[-58.4311,51.2243,2.2702],[-58.43,51.2258,4.3826],[-58.4261,51.2261,0.0],[-58.4239,51.2292,5.0627],[-58.4144,51.2289,1.9172],[-58.4,51.2372,5.4119],[-58.405,51.2397,7.444],[-58.3961,51.243899999999996,1.9768],[-58.395,51.2483,0.0],[-58.4006,51.25,10.513],[-58.4,51.2522,4.1715],[-58.4033,51.2567,0.6672],[-58.3972,51.2544,6.4399],[-58.3989,51.2522,2.5265],[-58.3972,51.2511,2.9903],[-58.3939,51.25,0.0],[-58.3906,51.2511,0.0],[-58.3922,51.2525,3.8577],[-58.39,51.2575,0.0],[-58.4006,51.2628,0.0],[-58.4067,51.2583,3.7444],[-58.4106,51.2592,0.0],[-58.415,51.2544,7.585],[-58.4172,51.255,0.6384],[-58.4189,51.2581,19.5881],[-58.4139,51.26,3.5327],[-58.4167,51.2628,1.9843],[-58.4172,51.2672,0.0],[-58.4144,51.2703,0.0],[-58.4156,51.2731,0.0],[-58.4139,51.2736,0.0]]],
[[[-58.3289,51.2656,7.1626],[-58.3278,51.2653,4.8708],[-58.3294,51.2642,4.8708],[-58.3322,51.2647,5.8876],[-58.3339,51.27,0.0],[-58.3418,51.2726,1.716],[-58.3438,51.2722,0.0],[-58.3441,51.2706,4.6299],[-58.3433,51.2678,1.3391],[-58.3417,51.2672,7.7155],[-58.3422,51.2644,1.5803],[-58.3458,51.2625,10.148],[-58.34,51.2531,0.0],[-58.3314,51.2534,2.212],[-58.3317,51.2508,3.2249],[-58.3283,51.2461,1.5845],[-58.33,51.2461,18.3894],[-58.3344,51.2522,0.0],[-58.3436,51.2518,4.9178],[-58.3444,51.2492,9.4494],[-58.3359,51.243899999999996,23.4471],[-58.335,51.2403,0.0],[-58.3306,51.2356,1.1826],[-58.3233,51.2325,0.0],[-58.3172,51.2331,0.0],[-58.3156,51.2369,1.7776],[-58.3067,51.2378,8.6954],[-58.305,51.2336,3.1363],[-58.31,51.2294,1.544],[-58.3056,51.2261,0.0],[-58.3006,51.2256,4.2283],[-58.3017,51.2239,8.3457],[-58.3,51.2231,14.7227],[-58.3006,51.2214,6.5143],[-58.3061,51.2228,1.4539],[-58.3022,51.2175,2.8403],[-58.3011,51.2192,2.5427],[-58.295,51.2197,0.0],[-58.295,51.2222,7.1797],[-58.2911,51.2239,0.0],[-58.2922,51.2258,3.7382],[-58.2961,51.2244,10.0911],[-58.2989,51.2256,0.0],[-58.2956,51.2281,3.5902],[-58.2894,51.2281,1.2802],[-58.2911,51.2306,0.0],[-58.295,51.2314,11.3527],[-58.2861,51.2336,15.8378],[-58.29,51.2311,8.1688],[-58.2867,51.23,0.0],[-58.2817,51.2328,6.1063],[-58.2817,51.2389,0.6429],[-58.2889,51.2372,1.3649],[-58.2889,51.2342,6.3778],[-58.2978,51.2336,14.6661],[-58.3,51.2364,0.0],[-58.2939,51.2408,0.9851],[-58.295,51.2431,9.4696],[-58.2906,51.2453,0.0],[-58.3,51.2503,4.39],[-58.2972,51.2517,0.0],[-58.2978,51.2531,0.7766],[-58.3063,51.2559,1.578],[-58.3249,51.2547,10.1058],[-58.3111,51.2569,3.0303],[-58.3089,51.2606,4.3478],[-58.3267,51.2689,0.0],[-58.3307,51.269,0.0],[-58.3289,51.2656,7.1626]]],
[[[-58.3907,51.2479,15.3459],[-58.39,51.2444,0.0],[-58.3856,51.2469,0.0],[-58.3883,51.2494,0.0],[-58.3907,51.2479,15.3459]]],
[[[-58.4689,51.1908,0.0],[-58.4694,51.1928,0.0],[-58.4733,51.1914,3.9083],[-58.4722,51.1897,-0.1433],[-58.4689,51.1908,0.0]]],
[[[-58.4344,51.19,4.4514],[-58.4244,51.1867,0.0],[-58.4267,51.1908,0.5956],[-58.4239,51.1919,5.6373],[-58.4328,51.1911,2.2578],[-58.4344,51.19,4.4514]]],
[[[-58.4239,51.1889,2.5176],[-58.4244,51.1881,0.1558],[-58.4178,51.1889,0.0],[-58.4139,51.1908,0.0],[-58.4217,51.1917,4.7704],[-58.4239,51.1908,5.6373],[-58.4239,51.1889,2.5176]]],
[[[-58.4206,51.1931,0.0078],[-58.4211,51.1942,2.597],[-58.4161,51.1933,0.0],[-58.415,51.1944,0.0],[-58.4227,51.1967,6.7573],[-58.4272,51.1947,1.3401],[-58.4233,51.1928,0.0],[-58.4206,51.1931,0.0078]]],
[[[-58.4376,51.193,0.0],[-58.4377,51.1944,0.0],[-58.4408,51.194,0.0],[-58.4394,51.1925,3.7709],[-58.4376,51.193,0.0]]],
[[[-58.4644,51.1956,0.0],[-58.4689,51.1956,2.0819],[-58.4689,51.195,3.1235],[-58.4644,51.1925,0.0],[-58.4644,51.1956,0.0]]],
[[[-58.4951,51.1998,0.0],[-58.4946,51.2031,0.0],[-58.4983,51.2036,6.4695],[-58.5111,51.1989,0.0],[-58.5144,51.1958,4.5081],[-58.5128,51.1939,7.825],[-58.5057,51.1945,4.5595],[-58.4951,51.1998,0.0]]],
[[[-58.49,51.1961,0.0],[-58.4933,51.1956,0.0],[-58.49,51.1939,0.0],[-58.4889,51.1961,0.0],[-58.49,51.1961,0.0]]],
[[[-58.4383,51.1975,0.0],[-58.4372,51.1983,0.0],[-58.4406,51.1986,3.5078],[-58.4444,51.1964,0.7778],[-58.4394,51.1958,1.6481],[-58.4378,51.1964,0.0],[-58.4383,51.1975,0.0]]],
[[[-58.4483,51.1944,0.0],[-58.4556,51.1919,23.6223],[-58.4589,51.1953,5.071],[-58.4544,51.1969,0.0],[-58.4578,51.1983,2.3999],[-58.4628,51.1953,9.1948],[-58.4594,51.1928,10.7079],[-58.4628,51.1911,7.2147],[-58.4578,51.1883,2.1497],[-58.4583,51.1872,2.1497],[-58.4611,51.1886,2.1497],[-58.4683,51.1872,1.0094],[-58.4735,51.1883,3.4984],[-58.48,51.1853,15.6514],[-58.4811,51.1833,0.0],[-58.4722,51.1808,0.8161],[-58.47,51.1808,0.8161],[-58.4683,51.1831,0.7713],[-58.4639,51.1794,0.0],[-58.4606,51.181399999999996,3.6858],[-58.4617,51.1794,3.9598],[-58.4594,51.1789,0.5635],[-58.4544,51.1817,0.0],[-58.4572,51.1828,0.1771],[-58.4567,51.1839,1.8227],[-58.4522,51.1825,0.0],[-58.4494,51.1853,1.909],[-58.4507,51.1868,2.1239],[-58.4494,51.1892,4.3805],[-58.4456,51.1889,0.7054],[-58.4417,51.1908,1.4351],[-58.4422,51.1927,1.7834],[-58.4483,51.1944,0.0]]],
[[[-58.3672,51.2036,0.6249],[-58.3656,51.2047,0.0],[-58.3661,51.2064,2.5255],[-58.3737,51.2077,1.4653],[-58.3733,51.2047,0.0],[-58.3694,51.2033,6.1601],[-58.37,51.2011,0.0],[-58.3656,51.2031,0.6249],[-58.3672,51.2036,0.6249]]],
[[[-58.5206,51.2006,5.6026],[-58.5041,51.2093,0.0],[-58.5172,51.2066,16.4194],[-58.5261,51.1992,0.0],[-58.5233,51.1983,0.0],[-58.5206,51.2006,5.6026]]],
[[[-58.4275,51.2055,0.0],[-58.4317,51.205,4.367],[-58.4322,51.2042,4.367],[-58.4239,51.2044,0.0],[-58.4275,51.2055,0.0]]],
[[[-58.5044,51.2047,0.0],[-58.5067,51.2058,0.0],[-58.5094,51.2042,0.0],[-58.5061,51.2039,4.8928],[-58.5044,51.2047,0.0]]],
[[[-58.4783,51.2081,0.0],[-58.4761,51.2058,1.6406],[-58.47,51.2064,1.1932],[-58.4744,51.2089,0.0],[-58.4783,51.2081,0.0]]],
[[[-58.5228,51.2056,0.946],[-58.519,51.2094,0.0],[-58.5265,51.2109,0.0],[-58.5367,51.2097,0.0],[-58.5264,51.2051,0.0],[-58.5228,51.2056,0.946]]],
[[[-58.3122,51.2188,1.1144],[-58.3156,51.22,4.2989],[-58.3161,51.2239,0.0],[-58.32,51.2253,6.3355],[-58.3367,51.2175,2.6899],[-58.34,51.2142,8.2774],[-58.3439,51.2144,0.0],[-58.3528,51.2111,0.0],[-58.3528,51.21,1.2571],[-58.3633,51.2073,0.0],[-58.3601,51.2038,4.7057],[-58.3616,51.2021,1.9196],[-58.3583,51.2006,11.2078],[-58.3561,51.1967,0.0],[-58.3459,51.1953,0.0],[-58.3441,51.1968,0.0],[-58.3467,51.1983,2.9823],[-58.3461,51.1994,12.8207],[-58.3406,51.1969,0.0],[-58.3361,51.2019,3.9454],[-58.33,51.2042,5.9178],[-58.3311,51.2075,0.0],[-58.3361,51.2108,4.2334],[-58.3244,51.2067,0.0],[-58.3228,51.2089,0.0],[-58.3261,51.2106,11.2689],[-58.3217,51.2103,0.0],[-58.3222,51.2122,4.5268],[-58.32,51.2117,0.0],[-58.3206,51.2142,2.3842],[-58.3172,51.2144,0.0],[-58.3189,51.2186,4.2528],[-58.3138,51.2162,0.8875],[-58.3088,51.2161,1.4198],[-58.3122,51.2188,1.1144]]],
[[[-58.3594,51.2517,0.6738],[-58.3656,51.2514,8.2835],[-58.3651,51.2566,5.0865],[-58.3717,51.2538,2.8862],[-58.3676,51.2511,8.2835],[-58.3706,51.25,18.9545],[-58.374,51.2516,9.6335],[-58.3794,51.2492,3.0822],[-58.3817,51.2464,0.0],[-58.3789,51.245,7.0716],[-58.3797,51.243899999999996,7.0716],[-58.385,51.2445,4.3724],[-58.3972,51.2375,1.7204],[-58.3983,51.2347,1.9969],[-58.4078,51.2283,13.6112],[-58.4228,51.2222,0.0],[-58.4256,51.2225,0.0],[-58.4367,51.2167,4.2071],[-58.4383,51.215,11.1223],[-58.4381,51.2121,17.2219],[-58.4311,51.2097,0.0],[-58.4222,51.2117,1.7605],[-58.4078,51.2119,13.6607],[-58.4211,51.2111,1.7605],[-58.425,51.2078,0.0],[-58.4233,51.2069,0.0],[-58.4172,51.2103,0.0],[-58.4156,51.2092,13.4182],[-58.4183,51.2075,0.0],[-58.4078,51.2056,4.4017],[-58.4156,51.2033,4.0384],[-58.4094,51.2008,6.1102],[-58.4117,51.1992,0.0],[-58.4094,51.1981,0.0],[-58.4106,51.1958,0.0],[-58.405,51.195,0.474],[-58.4029,51.1937,3.9742],[-58.4044,51.1915,3.4848],[-58.4012,51.1912,1.7426],[-58.3943,51.1935,0.0],[-58.4023,51.1952,1.5413],[-58.4017,51.1981,0.5008],[-58.4,51.1981,0.5008],[-58.3994,51.1958,0.0778],[-58.3956,51.1969,0.0],[-58.3956,51.1989,4.0593],[-58.3911,51.1986,3.5229],[-58.3894,51.1967,0.0],[-58.3828,51.1964,0.0],[-58.385,51.1989,0.0],[-58.3822,51.2011,0.0],[-58.3789,51.2011,1.3071],[-58.3772,51.1994,0.0],[-58.375,51.2053,0.0],[-58.3828,51.2081,0.0],[-58.38,51.2092,0.0],[-58.3817,51.2119,0.2977],[-58.3795,51.2131,0.0],[-58.3739,51.2133,2.9767],[-58.3733,51.2117,0.0],[-58.3661,51.21,0.0],[-58.3583,51.21,7.908],[-58.3541,51.2114,0.0],[-58.3528,51.2136,6.8957],[-58.3489,51.2131,2.2076],[-58.3446,51.2152,0.0],[-58.3433,51.2172,0.2926],[-58.3488,51.2191,0.6902],[-58.3511,51.2248,3.3039],[-58.3511,51.2263,1.706],[-58.3459,51.2288,0.0],[-58.3496,51.2316,1.8546],[-58.3464,51.2337,0.708],[-58.35,51.2342,3.6125],[-58.3533,51.2372,4.823],[-58.3513,51.2391,7.0686],[-58.3456,51.2389,0.0],[-58.3456,51.2408,3.4944],[-58.3383,51.2414,0.0],[-58.3422,51.245,4.8614],[-58.3469,51.2442,1.5917],[-58.3456,51.2481,1.9489],[-58.3485,51.2498,3.8266],[-58.3523,51.2486,10.6811],[-58.3539,51.2458,0.4099],[-58.3583,51.2456,1.5824],[-58.3578,51.2475,0.0],[-58.3602,51.2483,1.8489],[-58.3638,51.2474,-0.5],[-58.3633,51.2453,-0.5],[-58.3593,51.2434,9.5595],[-58.3615,51.242,14.2022],[-58.3652,51.2429,6.5595],[-58.365,51.2444,7.0218],[-58.3694,51.2467,4.642],[-58.3605,51.2494,0.0],[-58.3594,51.2517,0.6738]]],
[[[-58.4539,51.2183,0.0],[-58.4661,51.2192,3.1686],[-58.4767,51.2136,0.0],[-58.4722,51.2103,0.0],[-58.4683,51.2117,4.7224],[-58.4678,51.2083,1.078],[-58.4689,51.2078,1.078],[-58.4678,51.2072,1.078],[-58.4628,51.2075,2.4992],[-58.4583,51.2092,13.0392],[-58.4567,51.2165,6.9164],[-58.4539,51.2183,0.0]]],
[[[-58.3917,51.1606,3.6661],[-58.3933,51.1606,3.6661],[-58.3928,51.1592,1.0388],[-58.3894,51.1592,0.0],[-58.3883,51.1617,0.4458],[-58.3917,51.1617,3.6661],[-58.3911,51.1606,0.4458],[-58.3917,51.1606,3.6661]]],
[[[-58.4161,51.1519,0.0],[-58.4156,51.1539,0.6105],[-58.4133,51.1531,0.0],[-58.4159,51.1579,2.1532],[-58.4193,51.156,3.775],[-58.4189,51.1514,0.0],[-58.4156,51.1503,0.0],[-58.4161,51.1519,0.0]]],
[[[-58.4122,51.1567,0.0],[-58.4089,51.1539,0.2193],[-58.4083,51.1564,1.2389],[-58.4106,51.1575,2.2925],[-58.4094,51.1581,0.0],[-58.4139,51.1597,2.7777],[-58.4122,51.1567,0.0]]],
[[[-58.4185,51.1577,1.5411],[-58.4191,51.1595,0.0],[-58.4203,51.1595,0.0],[-58.4202,51.1567,3.775],[-58.4185,51.1577,1.5411]]],
[[[-58.605,51.1556,0.5147],[-58.6012,51.1553,5.5487],[-58.5994,51.1572,0.0],[-58.601,51.1573,0.0],[-58.605,51.1556,0.5147]]],
[[[-58.5496,51.1608,1.3802],[-58.5524,51.1611,2.8348],[-58.5535,51.1597,9.482],[-58.5524,51.1581,0.0],[-58.5496,51.1581,0.0],[-58.548,51.16,3.3682],[-58.5496,51.1608,1.3802]]],
[[[-58.4428,51.1575,0.0],[-58.445,51.1558,1.7289],[-58.4444,51.1547,0.0919],[-58.4417,51.1558,0.0],[-58.4428,51.1575,0.0]]],
[[[-58.4306,51.1675,0.0],[-58.4306,51.1689,0.2181],[-58.4229,51.1705,6.2886],[-58.4259,51.1733,1.9467],[-58.4254,51.1762,0.0],[-58.4279,51.1773,0.6253],[-58.431,51.1753,7.4074],[-58.4369,51.1767,18.7037],[-58.4389,51.1744,2.6238],[-58.434,51.1724,5.2908],[-58.4391,51.1693,-0.8763],[-58.4532,51.1694,0.0],[-58.4578,51.1681,8.7558],[-58.4578,51.1711,2.9711],[-58.46,51.1714,2.9711],[-58.4644,51.1669,17.5129],[-58.4933,51.1639,0.7003],[-58.5022,51.1614,5.7299],[-58.505,51.1578,0.0],[-58.5144,51.1536,17.3377],[-58.5178,51.1506,1.669],[-58.53,51.1511,0.0],[-58.5389,51.1478,12.1658],[-58.548,51.1473,0.0],[-58.5478,51.145,20.3257],[-58.5517,51.1422,0.0],[-58.5506,51.1403,11.6381],[-58.555,51.1406,0.0],[-58.56,51.1353,0.9776],[-58.5578,51.1339,5.206],[-58.5589,51.1308,1.1594],[-58.5611,51.1314,5.4614],[-58.5606,51.1333,7.3305],[-58.5644,51.1342,2.4244],[-58.5772,51.1278,0.0],[-58.5639,51.1228,0.0],[-58.5622,51.1256,5.9541],[-58.5511,51.1242,2.8276],[-58.5394,51.1164,2.2334],[-58.5317,51.115,0.0],[-58.5278,51.1167,0.4656],[-58.5339,51.1228,1.6767],[-58.5344,51.1261,0.0],[-58.5317,51.1264,0.0],[-58.5311,51.1281,0.0],[-58.535,51.1292,0.0],[-58.5339,51.1314,1.0446],[-58.5289,51.1303,1.8347],[-58.5306,51.1292,1.8347],[-58.5278,51.1278,0.0],[-58.5228,51.1272,4.329],[-58.5233,51.1256,0.9309],[-58.5194,51.1306,9.1625],[-58.515,51.1267,0.0],[-58.5078,51.1253,0.0],[-58.505,51.1303,0.5461],[-58.5089,51.1322,0.2394],[-58.5028,51.1331,-0.2814],[-58.5044,51.1256,2.8081],[-58.4983,51.1264,0.5601],[-58.4983,51.1281,0.0],[-58.4956,51.13,1.1134],[-58.4879,51.1254,0.0],[-58.4902,51.1327,2.2605],[-58.4835,51.1392,0.0],[-58.4791,51.14,3.0772],[-58.4796,51.1352,3.9382],[-58.4779,51.133,1.3528],[-58.4706,51.135,0.0],[-58.4679,51.1328,0.6319],[-58.4671,51.1339,1.2301],[-58.4683,51.1344,3.4479],[-58.4645,51.1385,0.0],[-58.4617,51.1496,0.3428],[-58.4587,51.1488,2.6257],[-58.4603,51.1458,2.1824],[-58.4578,51.1448,0.2617],[-58.456,51.153,0.5322],[-58.4444,51.1575,0.4087],[-58.4428,51.1622,4.1563],[-58.4535,51.1589,0.0],[-58.4594,51.1597,0.9892],[-58.4528,51.1633,0.0],[-58.4539,51.1639,1.314],[-58.4472,51.1633,0.0],[-58.4306,51.1675,0.0]]],
[[[-58.5625,51.1689,0.0],[-58.5694,51.17,1.1437],[-58.5944,51.1619,5.9406],[-58.5978,51.1583,0.0],[-58.5967,51.1561,12.0814],[-58.5978,51.1553,5.5487],[-58.61,51.1531,0.0],[-58.6156,51.1489,12.7736],[-58.6172,51.1464,9.6296],[-58.6167,51.1444,5.6128],[-58.6211,51.145,5.8745],[-58.6244,51.1414,8.5324],[-58.6367,51.1372,0.0],[-58.6633,51.1217,0.0],[-58.66,51.1192,8.5792],[-58.6606,51.1164,2.7582],[-58.6583,51.1161,0.0],[-58.65,51.1203,0.0],[-58.6389,51.1306,34.9518],[-58.6361,51.1312,8.6721],[-58.6361,51.1294,26.2473],[-58.64,51.1272,4.8142],[-58.64,51.125,14.6447],[-58.6461,51.1214,0.0],[-58.6409,51.116,8.8337],[-58.6483,51.1175,0.0],[-58.6494,51.1164,1.0799],[-58.6361,51.1114,0.0],[-58.635,51.1119,0.0],[-58.6361,51.115,1.8775],[-58.6339,51.1147,1.8775],[-58.6278,51.1089,3.5561],[-58.6256,51.1092,1.5005],[-58.6233,51.1111,0.0],[-58.6294,51.1161,2.6601],[-58.6217,51.1125,1.2372],[-58.6172,51.1133,1.048],[-58.6178,51.1144,0.0],[-58.6122,51.118899999999996,1.1977],[-58.6122,51.1211,0.0],[-58.6222,51.1242,4.115],[-58.6094,51.1231,0.1372],[-58.6111,51.1261,6.1778],[-58.61,51.13,10.6126],[-58.6056,51.1344,14.9918],[-58.6061,51.1392,22.3604],[-58.6036,51.1414,5.4192],[-58.6033,51.1444,9.5111],[-58.6017,51.14,7.7506],[-58.6039,51.1378,0.0],[-58.605,51.1331,5.1028],[-58.6017,51.1311,1.2544],[-58.6056,51.1306,0.0],[-58.6017,51.1272,7.8312],[-58.6022,51.1261,0.9454],[-58.5939,51.1239,2.9356],[-58.5906,51.1269,1.0817],[-58.5861,51.1272,1.7333],[-58.5833,51.1292,6.912],[-58.5817,51.1331,0.7332],[-58.5767,51.1328,2.3245],[-58.5706,51.1367,6.3814],[-58.5728,51.1381,7.4259],[-58.5717,51.1394,4.2433],[-58.5728,51.1408,14.1327],[-58.5672,51.1428,0.0],[-58.5672,51.1444,2.4234],[-58.5644,51.1439,0.0],[-58.5689,51.1469,3.129],[-58.5683,51.1514,1.062],[-58.5644,51.1519,7.1947],[-58.5667,51.1506,1.062],[-58.5667,51.1472,2.9998],[-58.5633,51.1453,0.0],[-58.5639,51.1439,0.0],[-58.5609,51.1436,0.0],[-58.557,51.1511,0.0],[-58.5543,51.1487,0.0],[-58.5489,51.1512,3.8768],[-58.5501,51.1533,5.2879],[-58.5617,51.1544,2.0503],[-58.5589,51.1564,0.0],[-58.565,51.1578,0.7919],[-58.5594,51.16,0.0],[-58.5594,51.1622,2.0575],[-58.5561,51.1633,0.0],[-58.5578,51.1647,0.7541],[-58.5572,51.1661,0.0],[-58.5625,51.1689,0.0]]],
[[[-58.4149,51.1643,1.8325],[-58.4113,51.1657,2.4937],[-58.4122,51.1679,4.8832],[-58.4223,51.1689,0.6301],[-58.4277,51.1672,7.3805],[-58.428,51.1617,5.2569],[-58.423,51.1564,0.0],[-58.4213,51.1635,5.2599],[-58.4189,51.1649,1.1896],[-58.4149,51.1643,1.8325]]],
[[[-58.6061,51.1694,1.6336],[-58.6083,51.1706,0.0],[-58.6106,51.1703,-0.0045],[-58.605,51.1689,0.0],[-58.6061,51.1694,1.6336]]],
[[[-58.4372,51.1711,1.2219],[-58.4394,51.1731,-0.4178],[-58.4433,51.1722,0.6799],[-58.4428,51.1694,-0.2634],[-58.4372,51.1711,1.2219]]],
[[[-58.5983,51.1628,0.8508],[-58.5994,51.1639,0.0],[-58.6022,51.1617,1.1319],[-58.6006,51.1608,0.9128],[-58.5983,51.1628,0.8508]]],
[[[-58.5961,51.1669,0.0],[-58.5917,51.1661,1.7374],[-58.5889,51.1686,2.0187],[-58.5967,51.1689,0.0],[-58.5978,51.1681,0.0],[-58.5961,51.1669,0.0]]],
[[[-58.4372,51.1617,0.1949],[-58.4383,51.1633,1.4607],[-58.4422,51.1628,4.1563],[-58.4406,51.1611,0.0],[-58.4372,51.1617,0.1949]]],
[[[-58.5237,51.1742,0.516],[-58.5261,51.1739,0.7478],[-58.5222,51.1719,0.0],[-58.5217,51.1733,0.0],[-58.5237,51.1742,0.516]]],
[[[-58.445,51.1725,0.6799],[-58.4439,51.1747,0.0],[-58.4467,51.1744,2.5503],[-58.4461,51.1722,1.3351],[-58.445,51.1725,0.6799]]],
[[[-58.4533,51.1728,0.6777],[-58.455,51.1739,0.0],[-58.4567,51.1711,0.7933],[-58.455,51.1706,0.0],[-58.4533,51.1728,0.6777]]],
[[[-58.5347,51.1761,2.041],[-58.545,51.1786,11.247],[-58.5511,51.1779,3.397],[-58.5606,51.1725,0.0],[-58.5617,51.1703,0.0],[-58.5578,51.1678,0.7226],[-58.5517,51.1669,2.1211],[-58.5522,51.1644,0.8518],[-58.545,51.1614,0.0],[-58.5439,51.1628,0.5952],[-58.545,51.1636,0.5952],[-58.5433,51.1636,5.1185],[-58.5383,51.1611,0.894],[-58.5256,51.1672,2.7674],[-58.5344,51.1683,3.0125],[-58.527,51.1734,2.0851],[-58.5283,51.1753,11.4745],[-58.5347,51.1761,2.041]]],
[[[-58.4852,51.1668,2.7224],[-58.4744,51.1686,0.0],[-58.4728,51.1744,0.0],[-58.475,51.1772,0.0],[-58.4844,51.1772,0.0],[-58.4911,51.1744,0.0],[-58.4933,51.1706,0.0],[-58.4994,51.1678,0.0],[-58.4978,51.1661,2.2782],[-58.4944,51.1669,0.0],[-58.4922,51.1647,0.0],[-58.4866,51.1658,0.0],[-58.4878,51.1683,0.0],[-58.4856,51.1694,2.9204],[-58.4811,51.1686,7.1529],[-58.4852,51.1668,2.7224]]],
[[[-58.556,51.1769,8.9903],[-58.5539,51.1778,3.397],[-58.5569,51.179,0.0],[-58.558,51.1778,6.0063],[-58.556,51.1769,8.9903]]],
[[[-58.47,51.1739,0.0],[-58.4706,51.1714,0.0],[-58.4689,51.1686,0.0],[-58.4672,51.1686,0.0],[-58.465,51.1697,3.1297],[-58.4661,51.1717,1.3957],[-58.4633,51.175,0.0],[-58.4667,51.1769,5.0388],[-58.47,51.1739,0.0]]],
[[[-58.5,51.1781,0.0],[-58.5039,51.1803,4.6128],[-58.5039,51.1781,0.8499],[-58.5011,51.1764,0.0],[-58.5,51.1781,0.0]]],
[[[-58.5383,51.1997,7.4728],[-58.55,51.2075,0.0],[-58.56,51.2042,3.6282],[-58.5628,51.1989,0.0],[-58.5756,51.1886,0.0],[-58.5733,51.1869,0.0],[-58.5623,51.1857,6.2322],[-58.5617,51.1831,2.425],[-58.5556,51.1817,0.0],[-58.5489,51.1836,1.1926],[-58.5478,51.181399999999996,2.4971],[-58.5433,51.1847,8.7546],[-58.5419,51.1832,16.8134],[-58.5428,51.181399999999996,11.1288],[-58.5383,51.1792,5.2669],[-58.5256,51.1764,0.0],[-58.5189,51.1764,0.0],[-58.5117,51.1806,4.273],[-58.5189,51.1844,0.0],[-58.5139,51.1861,0.0],[-58.5183,51.1883,0.0],[-58.5289,51.19,2.5827],[-58.5394,51.1878,0.0],[-58.5411,51.1917,1.1412],[-58.5467,51.1942,3.0053],[-58.5478,51.1964,0.0],[-58.5411,51.1972,5.296],[-58.5383,51.1997,7.4728]]],
[[[-58.3733,51.2539,0.0],[-58.3744,51.2553,0.0],[-58.3767,51.255,3.1246],[-58.3756,51.2531,0.0],[-58.3733,51.2539,0.0]]],
[[[-58.6739,51.2539,0.6008],[-58.6739,51.2519,0.2782],[-58.6706,51.2488,0.0812],[-58.6689,51.2547,1.8173],[-58.6661,51.2572,0.453],[-58.6667,51.2589,0.5024],[-58.6706,51.26,0.9943],[-58.675,51.2567,1.2018],[-58.6739,51.2539,0.6008]]],
[[[-58.3357,51.2718,0.0],[-58.3357,51.273,0.0],[-58.3383,51.2736,2.4858],[-58.3379,51.2719,0.0],[-58.3357,51.2718,0.0]]],
[[[-58.4461,51.3047,7.5692],[-58.4539,51.3058,0.0],[-58.4628,51.3025,2.9409],[-58.4672,51.2992,4.7323],[-58.4675,51.2959,9.5183],[-58.4731,51.2966,30.5198],[-58.5022,51.2819,18.9619],[-58.5056,51.2789,0.0],[-58.4994,51.2772,48.7539],[-58.5,51.2747,0.0],[-58.4972,51.2739,11.6276],[-58.4917,51.2764,2.4384],[-58.4761,51.2744,0.0],[-58.4661,51.2756,14.5902],[-58.455,51.2797,7.5533],[-58.4511,51.2772,5.1482],[-58.4334,51.2772,22.1106],[-58.4267,51.2814,0.0],[-58.4267,51.2839,4.048],[-58.4206,51.2822,2.3692],[-58.4211,51.2864,7.3092],[-58.4194,51.2881,0.0],[-58.4217,51.2908,0.0],[-58.4267,51.2931,25.4361],[-58.4261,51.2947,0.0],[-58.4289,51.2967,6.3051],[-58.4344,51.2989,0.0],[-58.4417,51.2975,6.4845],[-58.4361,51.3022,0.0],[-58.4461,51.3047,7.5692]]],
[[[-58.2606,51.2744,1.9697],[-58.2522,51.2744,0.0],[-58.2544,51.2767,4.3505],[-58.2528,51.2792,0.0],[-58.2596,51.2858,0.0],[-58.263,51.2822,7.7664],[-58.2628,51.2794,9.3193],[-58.2603,51.2782,0.938],[-58.2624,51.2756,6.469],[-58.2606,51.2744,1.9697]]],
[[[-58.3433,51.255,4.9598],[-58.3512,51.2681,3.6064],[-58.3557,51.2665,27.1954],[-58.3567,51.2611,5.77],[-58.3628,51.2619,0.0],[-58.3639,51.2608,0.0],[-58.3599,51.2537,0.0],[-58.3539,51.2536,5.7996],[-58.357,51.2523,1.3161],[-58.355,51.2503,0.0],[-58.35,51.2519,0.0],[-58.3515,51.2531,3.5553],[-58.3499,51.2543,8.4493],[-58.3428,51.2531,1.3139],[-58.3433,51.255,4.9598]]],
[[[-58.3844,51.2583,2.143],[-58.3789,51.2569,0.0],[-58.3777,51.2594,5.2962],[-58.3794,51.2614,0.0],[-58.3847,51.2621,0.0],[-58.3859,51.2588,0.8042],[-58.3844,51.2583,2.143]]],
[[[-58.3605,51.264,0.0],[-58.3633,51.2669,0.0],[-58.3642,51.2665,0.0],[-58.3621,51.2635,0.0],[-58.3605,51.264,0.0]]],
[[[-58.2644,51.2669,9.0413],[-58.265,51.2642,8.9105],[-58.2594,51.2636,0.0],[-58.26,51.2661,4.6042],[-58.2644,51.2669,9.0413]]],
[[[-58.2405,51.2677,0.0],[-58.2444,51.2717,6.9738],[-58.2486,51.2729,2.4392],[-58.2533,51.2647,3.2042],[-58.25,51.2642,0.0],[-58.2506,51.2672,27.9268],[-58.2489,51.2672,27.9268],[-58.2467,51.2647,0.0],[-58.2394,51.2639,2.8825],[-58.2405,51.2677,0.0]]],
[[[-58.4083,51.2664,0.0],[-58.4061,51.2683,4.3276],[-58.4133,51.2719,0.0],[-58.4133,51.2703,0.0],[-58.4083,51.2664,0.0]]],
[[[-58.392,51.2804,16.1124],[-58.4056,51.2817,10.9915],[-58.4094,51.28,0.9995],[-58.4094,51.2783,0.9409],[-58.4056,51.2769,7.7131],[-58.4061,51.2753,0.0],[-58.4039,51.2725,1.9704],[-58.405,51.2689,6.0569],[-58.3972,51.2672,4.0825],[-58.3983,51.265,0.0],[-58.3967,51.2639,2.3329],[-58.3889,51.2617,0.0],[-58.3872,51.2636,0.0],[-58.3833,51.2642,0.0],[-58.385,51.2675,4.2155],[-58.3906,51.2697,0.8245],[-58.3883,51.2708,3.3524],[-58.3789,51.2644,1.5349],[-58.3761,51.2644,0.0],[-58.3761,51.2722,0.0],[-58.3778,51.2742,5.1255],[-58.392,51.2804,16.1124]]],
[[[-59.1767,50.605,0.1635],[-59.1728,50.6061,0.0],[-59.1722,50.6078,0.0],[-59.1744,50.6081,2.4532],[-59.1728,50.61,0.0],[-59.1761,50.6111,1.0443],[-59.1811,50.6089,0.7266],[-59.1811,50.6047,0.0],[-59.1783,50.6061,4.683],[-59.1767,50.605,0.1635]]],
[[[-59.2233,50.6031,3.3309],[-59.2283,50.6017,4.3811],[-59.2289,50.5989,4.7209],[-59.2256,50.5981,1.7921],[-59.2211,50.6003,0.0],[-59.2233,50.6031,3.3309]]],
[[[-59.1606,50.6242,1.4006],[-59.1606,50.6222,1.6848],[-59.1578,50.6222,0.0],[-59.1567,50.6256,0.0],[-59.1583,50.6253,0.0],[-59.1589,50.6236,0.0],[-59.1606,50.6242,1.4006]]],
[[[-59.2241,50.6102,0.9726],[-59.2217,50.6133,1.1693],[-59.2256,50.6158,0.0],[-59.2333,50.6147,1.823],[-59.2306,50.6131,11.0123],[-59.2367,50.6128,5.305],[-59.2322,50.6078,0.5413],[-59.2278,50.6089,2.182],[-59.2244,50.6078,0.0],[-59.2239,50.6092,0.9726],[-59.2267,50.6106,4.8015],[-59.2241,50.6102,0.9726]]],
[[[-59.2372,50.6131,5.305],[-59.2356,50.6156,0.0],[-59.243899999999996,50.6164,2.0873],[-59.2394,50.6111,0.6004],[-59.2372,50.6131,5.305]]],
[[[-59.2528,50.6147,3.0793],[-59.2639,50.6192,1.2734],[-59.2539,50.6119,0.0],[-59.2511,50.6136,0.9961],[-59.2511,50.6153,3.0793],[-59.2533,50.6158,0.4902],[-59.2528,50.6147,3.0793]]],
[[[-59.1672,50.6225,0.0],[-59.1733,50.6258,0.0],[-59.1783,50.6253,4.5573],[-59.1811,50.6222,1.8452],[-59.1811,50.618899999999996,4.5427],[-59.1789,50.6164,8.8677],[-59.18,50.6158,0.0],[-59.1711,50.6125,1.5999],[-59.1672,50.615,0.0],[-59.1628,50.6142,0.0],[-59.1606,50.6181,0.0],[-59.1656,50.6169,5.6077],[-59.1672,50.6225,0.0]]],
[[[-59.2495,50.6198,0.9885],[-59.2511,50.6194,0.0],[-59.2494,50.6175,0.6478],[-59.2502,50.6191,0.0],[-59.2495,50.6198,0.9885]]],
[[[-59.2267,50.6197,2.8118],[-59.2317,50.6206,0.0],[-59.2317,50.618899999999996,1.9888],[-59.2289,50.6172,2.1785],[-59.2256,50.6183,2.1785],[-59.2267,50.6197,2.8118]]],
[[[-59.2571,50.6205,2.947],[-59.2612,50.623,1.2761],[-59.2636,50.6217,5.0509],[-59.2616,50.6197,1.2734],[-59.2598,50.6209,2.5998],[-59.2588,50.6184,0.8695],[-59.2567,50.6185,0.3053],[-59.2571,50.6205,2.947]]],
[[[-59.405,50.6497,0.5089],[-59.4044,50.6487,0.0],[-59.4011,50.6492,0.1021],[-59.4061,50.6508,2.1141],[-59.405,50.6497,0.5089]]],
[[[-59.415,50.6481,2.0515],[-59.4078,50.6483,0.0],[-59.4161,50.6528,0.0],[-59.4211,50.6533,0.209],[-59.4217,50.6503,0.0],[-59.42,50.6486,0.0],[-59.4183,50.6497,3.1454],[-59.415,50.6481,2.0515]]],
[[[-59.3413,50.6487,4.3238],[-59.3428,50.6475,0.0],[-59.3383,50.6476,6.0703],[-59.3394,50.649,0.0],[-59.3413,50.6487,4.3238]]],
[[[-59.1467,50.6403,21.2172],[-59.1477,50.6429,0.0],[-59.144,50.6436,0.0],[-59.1429,50.6472,0.2656],[-59.1491,50.6443,1.1544],[-59.1494,50.6358,23.5561],[-59.1428,50.6292,1.3415],[-59.1394,50.6342,0.0],[-59.1394,50.6367,0.8646],[-59.1467,50.6403,21.2172]]],
[[[-59.2394,50.6422,4.0489],[-59.2344,50.6422,3.3832],[-59.2317,50.645,0.0],[-59.2383,50.6442,0.0],[-59.2394,50.6422,4.0489]]],
[[[-59.2267,50.6433,3.3838],[-59.2267,50.645,1.2154],[-59.2289,50.645,1.2154],[-59.2283,50.6428,3.3838],[-59.2267,50.6433,3.3838]]],
[[[-59.2406,50.6456,0.0],[-59.2426,50.6469,2.0348],[-59.243899999999996,50.646,0.0],[-59.2428,50.6453,0.0],[-59.2406,50.6456,0.0]]],
[[[-59.2106,50.6461,0.0],[-59.2078,50.6439,7.8933],[-59.2028,50.6453,3.3281],[-59.2039,50.6494,3.1767],[-59.2067,50.6506,0.0],[-59.2106,50.6492,0.0],[-59.21,50.6481,17.0469],[-59.2117,50.6472,0.512],[-59.2106,50.6461,0.0]]],
[[[-59.2811,50.6478,1.0292],[-59.28,50.6447,11.7266],[-59.2744,50.6422,3.2027],[-59.2728,50.6428,3.2027],[-59.2711,50.6472,3.3004],[-59.2722,50.65,0.4041],[-59.2744,50.6508,2.2341],[-59.2733,50.6525,0.49],[-59.2778,50.6517,7.3274],[-59.2794,50.6481,11.8285],[-59.2811,50.6478,1.0292]]],
[[[-59.2222,50.6297,0.3569],[-59.2194,50.6336,0.0],[-59.2222,50.6358,0.2928],[-59.2239,50.6358,1.1238],[-59.2239,50.6342,3.3421],[-59.2311,50.6339,2.508],[-59.2294,50.6322,3.0792],[-59.225,50.6325,2.1166],[-59.2244,50.6292,4.9633],[-59.2222,50.6297,0.3569]]],
[[[-59.2372,50.6378,3.5176],[-59.243899999999996,50.6394,1.413],[-59.2433,50.6364,21.1765],[-59.2461,50.6347,0.0],[-59.243899999999996,50.6325,3.6705],[-59.2483,50.6303,0.0],[-59.2433,50.6289,0.0],[-59.2411,50.6306,0.6285],[-59.2411,50.6325,6.9916],[-59.2356,50.6319,0.6011],[-59.2322,50.6361,0.0],[-59.2372,50.6378,3.5176]]],
[[[-59.2244,50.6267,2.2247],[-59.2233,50.6261,2.2247],[-59.2238,50.6231,0.401],[-59.2205,50.6217,0.0],[-59.222,50.6234,3.6746],[-59.22,50.6278,0.0],[-59.2239,50.6286,4.4498],[-59.2244,50.6267,2.2247]]],
[[[-59.2098,50.6295,1.7268],[-59.2117,50.6289,0.7613],[-59.2103,50.6276,3.1615],[-59.2067,50.6287,0.8431],[-59.2083,50.6294,0.3959],[-59.2098,50.6295,1.7268]]],
[[[-59.264,50.6326,0.0],[-59.27,50.6361,0.7444],[-59.2743,50.6348,2.1664],[-59.2739,50.6334,0.0],[-59.2711,50.6347,5.7023],[-59.2722,50.6319,3.7032],[-59.2667,50.6275,3.9614],[-59.2711,50.6281,0.4824],[-59.27,50.625,0.3818],[-59.2661,50.6253,0.9603],[-59.2648,50.6217,0.0],[-59.263,50.6234,1.2761],[-59.2646,50.6248,2.686],[-59.2628,50.6247,0.0],[-59.2628,50.6261,0.0],[-59.265,50.6286,1.2682],[-59.2622,50.6289,8.4365],[-59.2649,50.6306,1.7915],[-59.2611,50.6291,8.4365],[-59.2601,50.6274,0.0],[-59.2562,50.6286,1.9258],[-59.2574,50.6304,0.9398],[-59.2634,50.6307,0.0],[-59.264,50.6326,0.0]]],
[[[-59.2556,50.6366,0.0],[-59.2539,50.6385,0.0],[-59.2597,50.6376,1.9567],[-59.2637,50.639,0.9352],[-59.2574,50.6338,4.7318],[-59.2554,50.6336,0.0],[-59.2556,50.6366,0.0]]],
[[[-59.2256,50.6361,0.5007],[-59.2244,50.6356,1.1238],[-59.2217,50.6378,0.4181],[-59.2261,50.6386,3.3887],[-59.2256,50.6361,0.5007]]],
[[[-59.2239,50.6403,5.4284],[-59.225,50.6392,0.664],[-59.2211,50.6386,0.4181],[-59.2222,50.64,0.3173],[-59.2239,50.6403,5.4284]]],
[[[-59.1578,50.6453,0.0],[-59.1572,50.6483,0.0],[-59.1622,50.6478,7.9757],[-59.1639,50.65,3.5252],[-59.165,50.6483,4.8153],[-59.1628,50.6444,14.4925],[-59.1639,50.6439,10.2849],[-59.165,50.6469,6.8931],[-59.1678,50.6467,6.0943],[-59.17,50.6456,6.0943],[-59.1706,50.6425,18.3881],[-59.1639,50.6394,8.3684],[-59.1606,50.6328,5.0877],[-59.1561,50.6303,0.0],[-59.1556,50.6328,7.1775],[-59.1578,50.6339,0.0],[-59.1583,50.6378,27.9883],[-59.1544,50.6342,2.9274],[-59.1522,50.635,0.0],[-59.1506,50.6422,1.5875],[-59.1594,50.6417,17.2809],[-59.1578,50.6453,0.0]]],
[[[-59.1794,50.6381,3.6562],[-59.1783,50.64,7.1182],[-59.1794,50.6406,0.0],[-59.185,50.6389,8.0954],[-59.1856,50.6456,0.0],[-59.1878,50.6461,2.2375],[-59.1917,50.6439,1.7175],[-59.19,50.6381,12.1237],[-59.1922,50.6389,0.0],[-59.1944,50.6431,2.8376],[-59.1961,50.6431,2.8376],[-59.1972,50.6406,6.5262],[-59.1961,50.6378,21.9871],[-59.1911,50.6347,3.5385],[-59.1906,50.6331,8.3063],[-59.1928,50.6311,13.0915],[-59.1894,50.6275,8.5256],[-59.1839,50.6297,2.0415],[-59.1794,50.6381,3.6562]]],
[[[-59.2133,50.6417,2.5096],[-59.2106,50.6414,0.0],[-59.2106,50.6428,1.3191],[-59.2194,50.6431,2.1153],[-59.2194,50.6417,0.4058],[-59.2167,50.6414,5.8022],[-59.2189,50.6411,0.4058],[-59.2172,50.6406,5.8022],[-59.2183,50.6347,11.928],[-59.2144,50.6308,8.7637],[-59.2094,50.6297,1.7268],[-59.2061,50.6331,0.0],[-59.2133,50.6417,2.5096]]],
[[[-59.2061,50.6403,0.7287],[-59.2028,50.6394,0.7287],[-59.2017,50.6417,1.2961],[-59.2028,50.6433,16.158],[-59.2078,50.6428,11.3774],[-59.2061,50.6403,0.7287]]],
[[[-59.243899999999996,50.6403,1.413],[-59.2394,50.6403,0.0],[-59.2394,50.6417,0.0],[-59.2411,50.6428,4.0489],[-59.25,50.6419,0.0],[-59.2483,50.64,0.0],[-59.243899999999996,50.6403,1.413]]],
[[[-59.2233,50.6442,2.3547],[-59.2261,50.6431,3.3838],[-59.225,50.6406,0.7034],[-59.2228,50.6406,0.0],[-59.2217,50.6442,3.1437],[-59.2183,50.6469,0.0],[-59.2233,50.6469,0.5943],[-59.2244,50.645,2.3547],[-59.2233,50.6442,2.3547]]],
[[[-59.2483,50.6483,0.2143],[-59.25,50.6486,7.4757],[-59.2478,50.65,2.2314],[-59.2489,50.6508,6.2135],[-59.2478,50.6531,1.5217],[-59.2533,50.6531,4.6982],[-59.2544,50.6522,1.4735],[-59.25,50.6497,0.7036],[-59.2544,50.6481,2.4309],[-59.255,50.6464,6.5265],[-59.2567,50.6469,4.2209],[-59.2556,50.6447,2.5247],[-59.2578,50.6433,2.7305],[-59.2656,50.6433,5.626],[-59.2689,50.645,2.5058],[-59.2717,50.6433,3.8498],[-59.2694,50.6406,3.3233],[-59.265,50.6406,3.6926],[-59.2567,50.6425,2.7305],[-59.2544,50.6417,0.0],[-59.2539,50.6458,6.5265],[-59.2517,50.6453,1.3958],[-59.2489,50.6433,0.0],[-59.2444,50.6447,0.0],[-59.2478,50.6475,0.2143],[-59.25,50.6467,5.8912],[-59.2483,50.6483,0.2143]]],
[[[-59.3203,50.6719,0.5475],[-59.3194,50.6692,0.0],[-59.3179,50.6689,0.0],[-59.3194,50.6719,0.5475],[-59.3203,50.6719,0.5475]]],
[[[-59.2489,50.6722,0.0],[-59.2495,50.6717,1.0525],[-59.2456,50.6703,0.7397],[-59.246,50.6716,1.3953],[-59.2489,50.6722,0.0]]],
[[[-59.3044,50.6805,0.0],[-59.3111,50.681,0.6936],[-59.3085,50.6762,0.638],[-59.2988,50.6723,1.2032],[-59.2968,50.6729,1.2032],[-59.2963,50.6765,0.8605],[-59.3023,50.6773,0.0],[-59.3044,50.6805,0.0]]],
[[[-59.2719,50.6852,2.5619],[-59.2736,50.6852,0.0],[-59.2747,50.6844,0.0],[-59.2706,50.6836,0.0],[-59.2719,50.6852,2.5619]]],
[[[-59.1983,50.6803,0.0],[-59.1972,50.6825,0.0],[-59.2061,50.6836,11.1198],[-59.2039,50.681399999999996,0.9755],[-59.1983,50.6803,0.0]]],
[[[-59.2167,50.6806,7.6567],[-59.2128,50.6806,2.383],[-59.2128,50.6819,2.383],[-59.21,50.6831,0.0],[-59.2144,50.6839,0.6012],[-59.2189,50.6819,1.9756],[-59.2167,50.6806,7.6567]]],
[[[-58.8839,50.7103,10.7155],[-58.8859,50.7081,0.8601],[-58.8844,50.7056,1.9393],[-58.8825,50.7075,0.0],[-58.8822,50.7108,0.0],[-58.8839,50.7103,10.7155]]],
[[[-59.1948,50.7059,0.0],[-59.1967,50.7072,0.0],[-59.1987,50.7069,0.0],[-59.1972,50.7044,0.8228],[-59.1948,50.7059,0.0]]],
[[[-59.1381,50.7096,0.0],[-59.1389,50.7106,0.0],[-59.1411,50.7086,0.0],[-59.1393,50.7086,0.0],[-59.1381,50.7096,0.0]]],
[[[-59.2133,50.7028,1.3654],[-59.2156,50.7033,9.8421],[-59.2144,50.7047,0.1937],[-59.2189,50.7036,2.382],[-59.2161,50.7003,0.0],[-59.2106,50.6992,0.5707],[-59.2111,50.7028,1.2116],[-59.2133,50.7028,1.3654]]],
[[[-59.2128,50.7086,0.2705],[-59.2111,50.7072,0.9139],[-59.2089,50.7092,0.0],[-59.2111,50.7111,1.2818],[-59.2128,50.7094,1.0777],[-59.215,50.71,0.0],[-59.2144,50.7081,0.2705],[-59.2128,50.7086,0.2705]]],
[[[-59.2914,50.6854,0.0],[-59.29,50.6839,2.8305],[-59.288,50.6838,0.0],[-59.2891,50.6863,1.7647],[-59.2914,50.6854,0.0]]],
[[[-59.2638,50.6832,0.0],[-59.2633,50.6858,0.0],[-59.2679,50.6861,4.4035],[-59.2678,50.685,2.0664],[-59.2638,50.6832,0.0]]],
[[[-59.2261,50.6875,0.9947],[-59.2294,50.6881,0.858],[-59.2272,50.6858,0.8255],[-59.2256,50.6864,0.8255],[-59.2261,50.6875,0.9947]]],
[[[-59.2538,50.6879,0.8289],[-59.2544,50.685,0.0],[-59.2522,50.6852,0.0],[-59.2511,50.6875,2.093],[-59.2538,50.6879,0.8289]]],
[[[-59.2456,50.6928,10.0612],[-59.243899999999996,50.6942,1.4188],[-59.2444,50.6956,0.0],[-59.2472,50.6953,9.0809],[-59.2478,50.6978,1.4346],[-59.2511,50.6975,0.8985],[-59.2489,50.6919,0.7181],[-59.2456,50.6903,1.0459],[-59.2461,50.6875,0.4395],[-59.2433,50.6869,15.3621],[-59.2478,50.6858,0.0],[-59.2461,50.6842,4.425],[-59.2472,50.6828,3.4804],[-59.2433,50.6828,17.3217],[-59.245,50.68,1.8227],[-59.2406,50.6792,0.1916],[-59.2389,50.6797,0.1916],[-59.2394,50.6819,2.7323],[-59.23,50.6828,0.0],[-59.2322,50.6867,2.1729],[-59.2383,50.6847,12.6296],[-59.2378,50.6869,9.3865],[-59.235,50.6878,0.5962],[-59.2367,50.6892,1.1708],[-59.2394,50.6886,5.8099],[-59.2378,50.6922,0.6347],[-59.2428,50.6908,4.6947],[-59.2456,50.6914,10.3994],[-59.2456,50.6928,10.0612]]],
[[[-59.2766,50.688,5.4446],[-59.2766,50.6914,0.8324],[-59.2817,50.697,10.3471],[-59.2906,50.6965,3.7596],[-59.2944,50.6944,1.5241],[-59.2936,50.692,0.0],[-59.2904,50.6915,5.135],[-59.2913,50.6901,0.0],[-59.2893,50.6881,0.8685],[-59.285,50.69,1.7475],[-59.2828,50.6869,0.0],[-59.2783,50.6858,2.2566],[-59.2766,50.688,5.4446]]],
[[[-59.2233,50.6903,5.6011],[-59.2244,50.6894,5.6011],[-59.2178,50.6872,0.0],[-59.2178,50.6881,0.0],[-59.2233,50.6903,5.6011]]],
[[[-59.2696,50.6909,0.0],[-59.271,50.6904,0.0],[-59.2672,50.6886,0.0],[-59.2667,50.6903,0.0],[-59.2696,50.6909,0.0]]],
[[[-59.2544,50.6897,0.0],[-59.2561,50.6908,1.185],[-59.2578,50.6904,2.054],[-59.2561,50.6892,2.054],[-59.2544,50.6897,0.0]]],
[[[-59.2718,50.695,0.7353],[-59.273,50.6958,0.0],[-59.2739,50.6953,0.0],[-59.2722,50.6933,0.0],[-59.2718,50.695,0.7353]]],
[[[-59.2526,50.6974,0.8985],[-59.2518,50.7,4.0358],[-59.2533,50.7008,0.0],[-59.2522,50.7028,0.0],[-59.2533,50.7051,0.0],[-59.2578,50.7042,10.2504],[-59.2594,50.7017,7.7128],[-59.263,50.7015,5.4373],[-59.2619,50.6979,2.0618],[-59.2568,50.6954,0.3956],[-59.2541,50.6951,0.8833],[-59.2526,50.6974,0.8985]]],
[[[-58.9879,50.7249,1.3907],[-58.9813,50.7273,1.0099],[-58.9817,50.7286,1.0099],[-58.9844,50.73,3.7193],[-58.9901,50.7296,8.1148],[-58.9918,50.7276,5.2989],[-58.9879,50.7249,1.3907]]],
[[[-59.1264,50.7228,2.721],[-59.1278,50.7239,0.0],[-59.1292,50.723,2.5918],[-59.1283,50.7217,0.0],[-59.1264,50.7228,2.721]]],
[[[-59.1583,50.7222,0.0],[-59.1567,50.7242,0.0],[-59.16,50.7236,5.4784],[-59.16,50.725,0.9938],[-59.1617,50.725,4.339],[-59.1594,50.7214,0.0],[-59.1583,50.7222,0.0]]],
[[[-59.1339,50.7233,1.1129],[-59.1376,50.7251,4.2788],[-59.1381,50.7244,4.2788],[-59.1361,50.7222,1.1129],[-59.1339,50.7233,1.1129]]],
[[[-58.9973,50.7344,3.8955],[-58.9984,50.7328,14.6041],[-58.9964,50.7307,4.5479],[-58.9933,50.7314,4.5479],[-58.9919,50.7336,0.1985],[-58.9939,50.7356,0.0],[-58.9973,50.7344,3.8955]]],
[[[-59.1306,50.7308,1.7515],[-59.1261,50.7303,0.0],[-59.1256,50.7319,0.0],[-59.1278,50.7331,2.0341],[-59.1278,50.735,0.0],[-59.1306,50.7319,1.7515],[-59.1356,50.7325,2.9648],[-59.1344,50.7308,1.5648],[-59.1306,50.7308,1.7515]]],
[[[-59.1726,50.7361,1.7639],[-59.1762,50.7338,0.0],[-59.1725,50.7326,4.8085],[-59.1692,50.7338,1.3267],[-59.1726,50.7361,1.7639]]],
[[[-59.2555,50.7286,19.4724],[-59.2559,50.7247,0.0],[-59.2537,50.7226,11.5625],[-59.2464,50.7244,1.2192],[-59.2511,50.7274,7.5316],[-59.2555,50.7286,19.4724]]],
[[[-59.1478,50.725,0.7763],[-59.145,50.7242,0.7763],[-59.1439,50.7267,3.0539],[-59.1478,50.7289,0.0],[-59.1506,50.7258,11.7407],[-59.1528,50.7261,1.8574],[-59.1522,50.7247,0.0],[-59.1478,50.725,0.7763]]],
[[[-59.125,50.7244,2.2857],[-59.1256,50.7231,0.0],[-59.1211,50.7233,0.0],[-59.1194,50.7267,0.0],[-59.1217,50.7275,0.0],[-59.125,50.7244,2.2857]]],
[[[-59.2313,50.7273,4.883],[-59.2275,50.7278,0.0],[-59.2267,50.7311,2.4018],[-59.2314,50.7317,3.1511],[-59.2313,50.7273,4.883]]],
[[[-59.0844,50.7278,0.7839],[-59.0828,50.7292,0.0],[-59.0867,50.7292,2.6765],[-59.0861,50.7278,1.3238],[-59.0844,50.7278,0.7839]]],
[[[-59.12,50.73,0.0],[-59.1206,50.7283,0.0],[-59.1161,50.7278,2.2811],[-59.118899999999996,50.7297,4.1311],[-59.1178,50.7306,0.0],[-59.12,50.73,0.0]]],
[[[-59.247,50.7284,0.0],[-59.2447,50.7294,0.0],[-59.2534,50.7332,6.8434],[-59.2537,50.7312,16.1533],[-59.247,50.7284,0.0]]],
[[[-59.1672,50.7297,0.3309],[-59.159,50.7322,0.0],[-59.159,50.7331,0.0],[-59.1628,50.7336,2.706],[-59.1672,50.7297,0.3309]]],
[[[-59.1594,50.715,5.3296],[-59.1594,50.7133,0.9538],[-59.1556,50.7133,1.2416],[-59.1572,50.715,2.6913],[-59.1594,50.715,5.3296]]],
[[[-59.2483,50.7181,4.3198],[-59.2511,50.7208,0.0],[-59.2544,50.7194,1.6551],[-59.2506,50.7108,0.0],[-59.2467,50.7144,0.0],[-59.2483,50.7181,4.3198]]],
[[[-59.2011,50.7136,2.8783],[-59.2033,50.7139,8.6758],[-59.2044,50.7167,3.7779],[-59.2072,50.7167,12.4993],[-59.21,50.7156,2.4093],[-59.2122,50.7122,4.6947],[-59.2078,50.7111,5.6899],[-59.2083,50.71,2.2876],[-59.2061,50.7089,0.0],[-59.2061,50.7111,1.4021],[-59.2022,50.7117,0.0],[-59.2011,50.7136,2.8783]]],
[[[-59.235,50.7156,1.0526],[-59.241,50.715,10.5095],[-59.2425,50.7172,0.0],[-59.2426,50.7148,2.5323],[-59.2468,50.7138,0.0],[-59.246,50.711,1.868],[-59.2485,50.7073,0.0],[-59.2452,50.7018,2.4398],[-59.2431,50.7043,1.7512],[-59.2388,50.7036,1.5465],[-59.2413,50.7013,10.2219],[-59.2451,50.7006,2.4398],[-59.2387,50.694,2.4882],[-59.2272,50.6894,0.0],[-59.2224,50.6921,0.0],[-59.2224,50.694,1.9466],[-59.2195,50.6935,0.0],[-59.2194,50.6947,5.2283],[-59.2242,50.6986,1.5556],[-59.2221,50.7016,0.0],[-59.2248,50.7049,0.3648],[-59.2304,50.7066,0.0],[-59.2288,50.7068,0.0],[-59.2282,50.7088,6.3383],[-59.224,50.709,2.3472],[-59.2215,50.712,3.2398],[-59.2417,50.7106,0.7214],[-59.2355,50.7131,5.6157],[-59.235,50.7156,1.0526]]],
[[[-58.8934,50.7198,0.0],[-58.8962,50.7198,1.3369],[-58.8964,50.7183,2.0716],[-58.8941,50.7175,3.2889],[-58.8934,50.7198,0.0]]],
[[[-59.2089,50.7175,3.429],[-59.2083,50.7167,12.4993],[-59.205,50.7197,0.0],[-59.2094,50.7192,1.1757],[-59.2089,50.7175,3.429]]],
[[[-59.1906,50.7147,0.9926],[-59.1911,50.7139,0.9926],[-59.1889,50.7139,3.7656],[-59.1867,50.7158,1.1452],[-59.1894,50.7183,4.2833],[-59.1939,50.7169,14.7974],[-59.1933,50.7153,0.9926],[-59.1906,50.7147,0.9926]]],
[[[-59.1706,50.7164,0.0],[-59.1689,50.7175,0.0],[-59.1689,50.72,0.8086],[-59.1739,50.7178,3.3233],[-59.1706,50.7164,0.0]]],
[[[-59.2144,50.7209,0.718],[-59.2142,50.7231,1.3941],[-59.2172,50.7227,0.7093],[-59.2173,50.7206,4.0543],[-59.2144,50.7209,0.718]]],
[[[-59.1156,50.7172,0.0],[-59.1172,50.7208,0.0],[-59.1267,50.7203,1.3494],[-59.125,50.7183,0.0],[-59.1206,50.7175,3.0308],[-59.1216,50.7153,2.2004],[-59.1248,50.7148,5.0438],[-59.1239,50.7128,0.5072],[-59.119,50.7133,0.0],[-59.1193,50.7159,1.4452],[-59.1156,50.7172,0.0]]],
[[[-59.1544,50.7208,0.9209],[-59.1561,50.7197,0.607],[-59.1533,50.7183,0.0],[-59.1528,50.7208,0.0],[-59.1544,50.7208,0.9209]]],
[[[-59.1972,50.7189,0.0],[-59.1872,50.7208,0.0],[-59.1878,50.7231,0.0],[-59.1894,50.7233,0.6511],[-59.1894,50.7211,4.282],[-59.1944,50.7206,0.0],[-59.1972,50.7189,0.0]]],
[[[-59.195,50.7231,4.4292],[-59.1966,50.7222,1.3099],[-59.1944,50.7208,0.0],[-59.1922,50.7244,0.0],[-59.1939,50.7244,0.0],[-59.195,50.7231,4.4292]]],
[[[-59.1516,50.6595,6.8395],[-59.1515,50.6564,0.8872],[-59.1476,50.6552,0.0],[-59.1442,50.6615,10.1907],[-59.1462,50.6646,6.7125],[-59.1494,50.6658,0.0],[-59.1517,50.665,3.1248],[-59.1516,50.6595,6.8395]]],
[[[-59.1978,50.6578,2.841],[-59.196,50.657,0.0],[-59.1948,50.6594,0.0],[-59.2,50.6621,0.0],[-59.2006,50.6609,0.0],[-59.1978,50.6578,2.841]]],
[[[-59.2471,50.6617,8.3535],[-59.2506,50.6589,0.0],[-59.2461,50.6592,3.0654],[-59.2449,50.6616,0.0],[-59.2471,50.6617,8.3535]]],
[[[-59.2065,50.6646,0.3629],[-59.2037,50.6639,2.345],[-59.2041,50.6615,0.0],[-59.2022,50.6619,0.0],[-59.2033,50.6647,2.345],[-59.2072,50.6658,0.6116],[-59.2065,50.6646,0.3629]]],
[[[-59.2248,50.6665,13.14],[-59.226,50.6646,0.0],[-59.225,50.6634,0.0],[-59.219,50.6607,5.7856],[-59.2162,50.6612,5.8649],[-59.2149,50.6632,18.9179],[-59.2168,50.6666,3.1306],[-59.221,50.6676,2.8628],[-59.2248,50.6665,13.14]]],
[[[-59.2944,50.6656,0.0],[-59.2957,50.6669,8.291],[-59.2986,50.6652,7.1358],[-59.2968,50.6633,0.0],[-59.2944,50.6656,0.0]]],
[[[-59.244,50.6567,4.8037],[-59.246,50.6572,0.0],[-59.2473,50.6563,3.3113],[-59.2444,50.6547,0.0],[-59.244,50.6567,4.8037]]],
[[[-59.2372,50.6569,0.0],[-59.2369,50.6587,2.0848],[-59.2385,50.6596,6.5214],[-59.2443,50.6594,0.0],[-59.2417,50.6578,0.711],[-59.2372,50.6569,0.0]]],
[[[-59.2966,50.6509,2.123],[-59.2944,50.6491,0.5395],[-59.2913,50.6522,0.9064],[-59.2982,50.6568,5.4074],[-59.303,50.6536,6.6338],[-59.3001,50.6504,0.0],[-59.2966,50.6509,2.123]]],
[[[-59.285,50.6619,3.7814],[-59.2905,50.6625,2.1929],[-59.2925,50.6653,1.2832],[-59.2971,50.6598,2.2542],[-59.2953,50.6564,5.4074],[-59.2825,50.6485,1.0292],[-59.2787,50.652,0.9109],[-59.2802,50.6531,1.7998],[-59.2778,50.6568,0.0],[-59.285,50.6619,3.7814]]],
[[[-59.1873,50.6667,0.0],[-59.1877,50.6676,0.4676],[-59.1914,50.6675,0.825],[-59.1899,50.6662,1.1426],[-59.1873,50.6667,0.0]]],
[[[-59.2994,50.6578,1.2068],[-59.2989,50.6597,2.2542],[-59.3011,50.6634,5.2809],[-59.2972,50.6678,0.0],[-59.2978,50.6689,0.0],[-59.3112,50.6756,0.638],[-59.3153,50.674,3.7022],[-59.3148,50.6699,0.0],[-59.312,50.6691,0.9563],[-59.3102,50.6662,12.6631],[-59.3122,50.6628,3.1748],[-59.3083,50.6622,3.5807],[-59.3117,50.6564,0.0],[-59.3109,50.6555,13.5974],[-59.3061,50.655,0.0],[-59.2994,50.6578,1.2068]]],
[[[-59.2622,50.6658,3.3466],[-59.2599,50.667,0.0],[-59.2596,50.6693,1.6545],[-59.2568,50.6694,1.0004],[-59.2567,50.6708,0.0],[-59.2633,50.6698,1.5616],[-59.2656,50.6683,12.8631],[-59.2659,50.666,6.7061],[-59.2686,50.6659,1.6534],[-59.2682,50.6613,0.0],[-59.261,50.6599,0.0],[-59.2644,50.665,1.3035],[-59.2622,50.6658,3.3466]]],
[[[-59.2351,50.667,0.0],[-59.2372,50.6707,0.0],[-59.2462,50.669,0.7397],[-59.2419,50.6656,0.6962],[-59.2351,50.667,0.0]]],
[[[-59.2673,50.6759,2.0839],[-59.2705,50.6774,1.2102],[-59.2822,50.6772,0.0],[-59.2833,50.6742,0.0],[-59.2906,50.6733,12.1273],[-59.2905,50.6706,16.4385],[-59.2928,50.6686,2.0179],[-59.2861,50.6633,0.0],[-59.2839,50.6628,1.5017],[-59.2792,50.665,0.0],[-59.2761,50.6639,1.9694],[-59.276,50.6612,4.1077],[-59.2733,50.6611,4.1077],[-59.2698,50.6635,0.0],[-59.2739,50.6664,0.7893],[-59.2661,50.6705,2.416],[-59.2652,50.6753,0.0],[-59.2673,50.6759,2.0839]]],
[[[-59.1789,50.7471,1.6458],[-59.1811,50.7475,0.8286],[-59.1817,50.7467,0.0],[-59.1793,50.7454,0.0],[-59.1789,50.7471,1.6458]]],
[[[-59.177,50.7508,1.1655],[-59.1763,50.7491,0.8654],[-59.1728,50.7492,0.0],[-59.1742,50.7514,1.3536],[-59.177,50.7508,1.1655]]],
[[[-59.1533,50.7579,1.3766],[-59.1548,50.7572,1.3766],[-59.1535,50.7554,0.0],[-59.152,50.7565,0.0],[-59.1533,50.7579,1.3766]]],
[[[-59.1583,50.76,4.5424],[-59.16,50.7589,2.2757],[-59.1575,50.7577,0.9724],[-59.1552,50.76,4.5424],[-59.1561,50.7608,0.0],[-59.1583,50.76,4.5424]]],
[[[-59.165,50.7578,0.9178],[-59.1597,50.7613,0.0],[-59.1617,50.7625,2.142],[-59.1625,50.7609,5.1016],[-59.1689,50.7589,0.0],[-59.165,50.7578,0.9178]]],
[[[-59.1652,50.7536,0.0],[-59.1697,50.7556,0.0],[-59.171,50.7548,0.9306],[-59.1661,50.752,0.0],[-59.1652,50.7536,0.0]]],
[[[-58.9885,50.7738,4.4871],[-58.9874,50.7757,0.0],[-58.9897,50.7763,4.0217],[-58.9905,50.7742,0.0],[-58.9885,50.7738,4.4871]]],
[[[-59.1229,50.7864,2.0366],[-59.1245,50.785,0.6386],[-59.1209,50.7855,2.0366],[-59.122,50.7864,2.0366],[-59.1229,50.7864,2.0366]]],
[[[-58.8446,50.7995,2.8684],[-58.845,50.7968,1.5358],[-58.8428,50.7952,1.0737],[-58.8398,50.7973,0.0],[-58.8372,50.8025,0.0],[-58.8394,50.8028,1.774],[-58.8446,50.7995,2.8684]]],
[[[-59.1033,50.8033,0.0],[-59.0985,50.8042,2.224],[-59.0983,50.8058,1.099],[-59.1033,50.805,8.5454],[-59.1033,50.8033,0.0]]],
[[[-58.7252,50.8384,7.1863],[-58.7267,50.8414,3.6609],[-58.7304,50.8413,5.3183],[-58.7327,50.8397,17.5444],[-58.7343,50.8355,2.6509],[-58.7315,50.8349,0.0],[-58.7252,50.8384,7.1863]]],
[[[-58.966,50.8412,0.7905],[-58.9669,50.8385,1.1739],[-58.9655,50.8377,0.0],[-58.9639,50.8411,1.6525],[-58.9655,50.8424,0.0],[-58.966,50.8412,0.7905]]],
[[[-58.8404,50.8332,10.8052],[-58.8422,50.8341,0.0],[-58.8446,50.8325,4.815],[-58.84,50.8317,0.664],[-58.8404,50.8332,10.8052]]],
[[[-58.9311,50.8325,3.294],[-58.9278,50.8331,0.0],[-58.9272,50.8347,0.0],[-58.9322,50.8339,2.4091],[-58.9311,50.8325,3.294]]],
[[[-58.8787,50.8341,0.0],[-58.8793,50.8317,0.5802],[-58.8756,50.8311,1.8293],[-58.8759,50.8326,8.1732],[-58.8723,50.8359,0.0],[-58.8759,50.8382,13.7768],[-58.8794,50.8364,4.1394],[-58.8787,50.8341,0.0]]],
[[[-58.9903,50.7771,0.0],[-58.989,50.7808,2.3158],[-58.9911,50.7819,9.3863],[-58.9952,50.7809,5.9109],[-58.9992,50.7759,6.188],[-58.9956,50.7731,0.0],[-58.9933,50.7762,5.8985],[-58.9903,50.7771,0.0]]],
[[[-59.1016,50.7824,1.0424],[-59.1017,50.7812,0.3367],[-59.096,50.779,1.2531],[-59.0982,50.7811,3.3967],[-59.0965,50.7847,1.6187],[-59.1016,50.7824,1.0424]]],
[[[-58.8601,50.8242,0.0],[-58.8578,50.8264,0.0],[-58.8578,50.8292,0.0],[-58.8599,50.8311,1.7452],[-58.8761,50.8303,0.4634],[-58.8754,50.8285,0.0],[-58.8717,50.8278,5.5794],[-58.8672,50.8239,17.0822],[-58.8682,50.8185,5.4257],[-58.8656,50.8161,0.0],[-58.8666,50.8117,5.5978],[-58.8722,50.8081,5.0811],[-58.8772,50.8081,0.0],[-58.8817,50.8041,0.0],[-58.8789,50.8014,5.7064],[-58.8794,50.7997,14.2078],[-58.8906,50.7937,29.2823],[-58.8911,50.7908,18.6934],[-58.8961,50.7871,1.2291],[-58.8955,50.7835,6.9559],[-58.8901,50.7827,0.0],[-58.8877,50.7869,6.8758],[-58.8889,50.7897,3.8343],[-58.8828,50.7931,0.6709],[-58.8728,50.7892,3.8086],[-58.8683,50.7903,32.855],[-58.8675,50.7842,10.4386],[-58.8628,50.7813,0.9355],[-58.8583,50.7822,19.1804],[-58.8585,50.778,1.3307],[-58.8568,50.7777,1.3307],[-58.8525,50.7807,5.3596],[-58.8511,50.784,6.6276],[-58.846,50.7844,0.0],[-58.8467,50.7881,1.5255],[-58.8586,50.7928,0.0],[-58.8538,50.7947,0.0],[-58.8468,50.8009,2.0206],[-58.8445,50.8047,0.2946],[-58.8446,50.8089,3.0023],[-58.8411,50.8125,9.7694],[-58.8413,50.8162,7.5235],[-58.8437,50.8196,4.2079],[-58.8467,50.8194,3.8583],[-58.8484,50.8179,0.0],[-58.8483,50.815,56.8887],[-58.8556,50.8092,16.3077],[-58.86,50.8069,25.7297],[-58.8633,50.8078,4.1245],[-58.8622,50.8111,2.2262],[-58.855,50.8181,0.0],[-58.8559,50.8209,0.0],[-58.8602,50.822,21.7206],[-58.8601,50.8242,0.0]]],
[[[-58.7528,50.7536,0.0],[-58.7528,50.7561,0.0],[-58.7556,50.7553,4.9635],[-58.7572,50.7567,2.7704],[-58.76,50.755,0.0],[-58.7572,50.7514,0.0],[-58.7528,50.7536,0.0]]],
[[[-59.0206,50.7642,0.0],[-59.0189,50.7664,0.6398],[-59.0228,50.7675,0.0],[-59.0256,50.7658,0.0],[-59.025,50.765,0.9432],[-59.0206,50.7642,0.0]]],
[[[-59.1183,50.7513,2.836],[-59.1226,50.7567,1.1371],[-59.1238,50.7553,2.6766],[-59.1383,50.7543,4.2772],[-59.1322,50.7506,7.5724],[-59.1378,50.747,5.3929],[-59.1356,50.745,0.0],[-59.1339,50.7456,4.4415],[-59.1344,50.7469,4.4415],[-59.1291,50.7483,1.4819],[-59.1283,50.7522,1.9601],[-59.1309,50.753,5.2139],[-59.1262,50.753,0.9892],[-59.1266,50.7516,0.8775],[-59.123,50.7498,0.0],[-59.1183,50.7513,2.836]]],
[[[-59.1354,50.7628,0.0],[-59.1366,50.7645,3.7913],[-59.1439,50.7658,1.3244],[-59.1494,50.7608,2.2979],[-59.1455,50.756,1.4887],[-59.1462,50.7543,0.2863],[-59.1413,50.756,5.4148],[-59.1404,50.7601,1.2683],[-59.132,50.7592,2.0511],[-59.1328,50.7617,9.9478],[-59.1354,50.7628,0.0]]],
[[[-58.856,50.7682,10.7202],[-58.857,50.7666,2.4347],[-58.8557,50.7651,0.0],[-58.85,50.7651,0.0],[-58.8505,50.7681,8.8229],[-58.8541,50.7695,0.3836],[-58.856,50.7682,10.7202]]],
[[[-59.0094,50.7697,7.3523],[-59.01,50.7667,1.7746],[-59.0067,50.7667,0.0],[-59.0061,50.7722,1.2775],[-59.0089,50.7708,2.6475],[-59.0094,50.7697,7.3523]]],
[[[-59.1011,50.7883,0.0],[-59.1036,50.7911,3.4339],[-59.1028,50.7936,0.0],[-59.1067,50.7936,6.0531],[-59.1094,50.7906,0.401],[-59.1061,50.7881,5.5832],[-59.1103,50.785,13.3917],[-59.1233,50.7821,0.0],[-59.124,50.7799,10.3485],[-59.1284,50.7804,2.4198],[-59.1406,50.7756,1.3011],[-59.1439,50.7764,0.7329],[-59.1421,50.7742,3.2633],[-59.1393,50.7739,4.2334],[-59.1401,50.7708,6.1835],[-59.1367,50.7698,2.6835],[-59.1278,50.7719,0.0],[-59.1219,50.7766,0.0],[-59.115,50.7772,0.7008],[-59.1146,50.7789,7.5388],[-59.1112,50.7801,0.0],[-59.1106,50.7792,0.0],[-59.1141,50.7743,1.1769],[-59.1183,50.7758,1.4737],[-59.1217,50.7744,2.2356],[-59.1178,50.7725,4.9016],[-59.1191,50.7698,0.0],[-59.117,50.7695,2.1498],[-59.1156,50.7714,10.9599],[-59.1139,50.7678,3.6496],[-59.1178,50.7686,3.3175],[-59.1196,50.7663,0.7304],[-59.1239,50.7683,2.9275],[-59.1268,50.7658,2.1611],[-59.1257,50.7616,0.0],[-59.1203,50.7647,3.9997],[-59.1144,50.7658,1.4012],[-59.1161,50.7619,0.0],[-59.1156,50.7592,4.561],[-59.1185,50.7549,0.0],[-59.1156,50.7536,0.0],[-59.1124,50.7555,0.0],[-59.1138,50.7564,0.0],[-59.1134,50.7586,0.0],[-59.1083,50.7572,1.125],[-59.1049,50.7588,0.0],[-59.1067,50.7608,6.0736],[-59.0996,50.7616,0.7646],[-59.0983,50.7653,1.0118],[-59.1076,50.7681,11.0435],[-59.1082,50.7703,13.1206],[-59.1044,50.7697,4.8427],[-59.1049,50.7682,1.624],[-59.0961,50.7675,4.1071],[-59.0975,50.7712,3.1267],[-59.0997,50.7708,3.1267],[-59.0976,50.7722,0.7921],[-59.1005,50.7737,0.7921],[-59.099,50.7791,3.4797],[-59.1072,50.7786,4.5453],[-59.1057,50.7817,8.2079],[-59.1077,50.7832,12.0012],[-59.106,50.7847,2.6016],[-59.1017,50.7847,3.3132],[-59.1011,50.7883,0.0]]],
[[[-58.9798,50.8525,4.2355],[-58.9757,50.8522,1.3706],[-58.9738,50.8539,0.0],[-58.9782,50.8543,0.5069],[-58.9798,50.8525,4.2355]]],
[[[-58.9387,50.867,0.0],[-58.9383,50.8686,0.0],[-58.9435,50.8674,0.0],[-58.9422,50.8667,0.0],[-58.9387,50.867,0.0]]],
[[[-58.9402,50.8816,0.0],[-58.9365,50.8812,0.0],[-58.9356,50.8825,1.322],[-58.9404,50.8834,3.6665],[-58.9402,50.8816,0.0]]],
[[[-58.8712,50.8832,7.476],[-58.878,50.8849,0.0],[-58.8778,50.8831,0.0],[-58.8739,50.8797,0.0],[-58.8665,50.8806,0.0],[-58.8712,50.8832,7.476]]],
[[[-58.8756,50.8856,0.9271],[-58.8733,50.8853,0.0],[-58.8728,50.8864,0.0],[-58.8767,50.8872,0.0],[-58.8756,50.8856,0.9271]]],
[[[-58.9678,50.8942,3.9208],[-58.965,50.8963,0.0],[-58.9733,50.8944,11.5198],[-58.9728,50.8933,0.0],[-58.9678,50.8942,3.9208]]],
[[[-58.805,50.9156,0.0],[-58.8039,50.91,0.0],[-58.8011,50.9094,1.4746],[-58.8023,50.9136,0.0],[-58.805,50.9156,0.0]]],
[[[-58.9494,50.9203,1.2176],[-58.9433,50.9172,5.1928],[-58.9378,50.9192,0.0],[-58.9417,50.9219,16.0152],[-58.9477,50.9219,4.0747],[-58.9494,50.9203,1.2176]]],
[[[-58.9418,50.9255,5.1304],[-58.9374,50.9271,0.0],[-58.9441,50.9317,4.417],[-58.9474,50.9307,0.0],[-58.947,50.929,2.1854],[-58.9406,50.9275,2.5989],[-58.9428,50.9267,5.1304],[-58.9418,50.9255,5.1304]]],
[[[-58.9367,50.9311,1.5296],[-58.935,50.9292,0.0],[-58.9339,50.93,0.0],[-58.9339,50.9317,1.8311],[-58.9367,50.9311,1.5296]]],
[[[-58.8685,50.9268,0.0],[-58.8687,50.9291,0.8569],[-58.8733,50.9308,6.8175],[-58.8701,50.9329,0.0],[-58.8712,50.9341,0.0],[-58.875,50.9336,13.6239],[-58.8797,50.9306,3.4449],[-58.8784,50.9283,0.0],[-58.8685,50.9268,0.0]]],
[[[-58.8683,50.9324,2.6517],[-58.8692,50.9317,0.0],[-58.8656,50.9283,0.0],[-58.8633,50.9292,5.7553],[-58.8652,50.9327,2.6517],[-58.8683,50.9324,2.6517]]],
[[[-58.8362,50.9103,2.0626],[-58.8363,50.9088,2.0626],[-58.8308,50.9074,0.898],[-58.8315,50.9113,1.245],[-58.8362,50.9103,2.0626]]],
[[[-58.9431,50.9121,0.0],[-58.9439,50.9111,0.0],[-58.9422,50.91,0.0],[-58.9397,50.9113,0.0],[-58.9408,50.9122,0.0],[-58.9431,50.9121,0.0]]],
[[[-58.838,50.9138,0.0],[-58.8418,50.914,0.0],[-58.8424,50.9117,0.0],[-58.8384,50.9123,6.6482],[-58.838,50.9138,0.0]]],
[[[-58.904,50.9496,1.8564],[-58.9038,50.9475,3.3048],[-58.9001,50.947,0.0],[-58.9,50.9494,4.1165],[-58.904,50.9496,1.8564]]],
[[[-58.8775,50.9533,0.0],[-58.875,50.9492,0.5078],[-58.8736,50.9494,0.5078],[-58.8756,50.9538,0.0],[-58.8775,50.9533,0.0]]],
[[[-58.7861,50.9641,0.0],[-58.7899,50.9645,0.0],[-58.7885,50.9605,0.0],[-58.7861,50.9613,0.0],[-58.7861,50.9641,0.0]]],
[[[-58.7977,50.9638,10.1971],[-58.7979,50.9586,0.4787],[-58.7957,50.9572,0.4787],[-58.7933,50.9594,1.052],[-58.7931,50.9628,5.3609],[-58.795,50.9646,10.1971],[-58.7952,50.9702,2.9694],[-58.797,50.9703,2.9694],[-58.7977,50.9638,10.1971]]],
[[[-58.7931,50.9714,0.0],[-58.789,50.9654,0.0],[-58.79,50.9711,0.9397],[-58.7848,50.9742,0.0],[-58.7889,50.9742,1.6582],[-58.7931,50.9714,0.0]]],
[[[-58.9575,50.9745,0.0],[-58.9569,50.972,2.047],[-58.9527,50.9721,0.0],[-58.9526,50.9744,0.0],[-58.9575,50.9745,0.0]]],
[[[-58.91,50.978,0.0],[-58.91,50.9783,0.0],[-58.9129,50.9785,2.5309],[-58.9115,50.9768,0.0],[-58.91,50.978,0.0]]],
[[[-58.9533,50.9811,0.0],[-58.9552,50.9808,2.2265],[-58.9548,50.9796,4.673],[-58.952,50.9779,0.0],[-58.9517,50.98,0.0],[-58.9533,50.9811,0.0]]],
[[[-58.9574,50.9625,0.0],[-58.9585,50.9637,2.1422],[-58.9614,50.9614,0.0],[-58.9601,50.9612,0.0],[-58.9574,50.9625,0.0]]],
[[[-58.876,50.9606,0.6066],[-58.8753,50.9583,0.0],[-58.8732,50.9583,0.0],[-58.8763,50.9627,0.7111],[-58.8744,50.9645,0.0],[-58.8762,50.9681,4.0899],[-58.8754,50.9703,10.2709],[-58.8777,50.9716,1.9891],[-58.8816,50.9684,1.3265],[-58.8784,50.9658,0.7595],[-58.876,50.9606,0.6066]]],
[[[-58.9016,50.9377,1.5174],[-58.9009,50.9395,0.0],[-58.9025,50.9406,0.7526],[-58.9092,50.9417,9.2026],[-58.9128,50.9444,2.8224],[-58.9191,50.9413,6.1048],[-58.925,50.9432,0.1833],[-58.9293,50.937,5.3462],[-58.9306,50.9367,5.3462],[-58.9309,50.9384,1.2436],[-58.9378,50.9363,11.366],[-58.9356,50.9336,0.0],[-58.9306,50.9358,5.3462],[-58.9278,50.9328,10.1669],[-58.9185,50.9296,0.0],[-58.8945,50.9328,1.8399],[-58.8937,50.9345,5.5301],[-58.8949,50.9358,0.0],[-58.9016,50.9377,1.5174]]],
[[[-58.9387,50.9385,0.0],[-58.9408,50.9397,0.0],[-58.9435,50.9387,0.0],[-58.94,50.9369,0.0],[-58.9387,50.9385,0.0]]],
[[[-58.9328,50.9417,0.0],[-58.9329,50.9391,0.0],[-58.9311,50.9389,2.7201],[-58.9306,50.9422,0.0],[-58.9328,50.9417,0.0]]],
[[[-58.8876,50.9415,0.0],[-58.8872,50.9403,0.0],[-58.8844,50.9411,0.0],[-58.8869,50.9436,3.4875],[-58.8883,50.9431,0.0],[-58.8876,50.9415,0.0]]],
[[[-58.8286,50.9485,3.4089],[-58.8315,50.9467,0.0],[-58.8294,50.9439,1.5411],[-58.8233,50.9506,0.0],[-58.8259,50.9515,0.6313],[-58.8286,50.9485,3.4089]]],
[[[-58.8533,50.9394,0.8208],[-58.8494,50.9414,0.0],[-58.85,50.945,0.0],[-58.8561,50.9431,5.2489],[-58.8533,50.9394,0.8208]]],
[[[-58.9106,51.0165,2.235],[-58.9146,51.0136,4.7862],[-58.9151,51.0167,1.2492],[-58.9167,51.0168,9.9331],[-58.9197,51.0151,10.2682],[-58.9206,51.0125,0.0],[-58.9238,51.0116,2.0038],[-58.9277,51.0025,5.7885],[-58.9291,50.9898,0.0],[-58.9261,50.9914,0.0],[-58.9187,51.0054,5.0759],[-58.914,51.0052,0.0],[-58.9106,51.0165,2.235]]],
[[[-58.6999,50.9976,0.0],[-58.7015,51.0003,2.4734],[-58.7078,51.0029,2.9107],[-58.706,50.9985,1.4641],[-58.6999,50.9976,0.0]]],
[[[-58.7082,51.0068,2.9341],[-58.7043,51.0034,0.9292],[-58.7024,51.0032,0.9292],[-58.7064,51.0072,0.0],[-58.7082,51.0068,2.9341]]],
[[[-58.7887,51.0035,2.2158],[-58.7925,51.0041,0.5645],[-58.7894,51.0016,0.0],[-58.7878,51.0027,0.0],[-58.7887,51.0035,2.2158]]],
[[[-58.7938,51.0088,0.3775],[-58.7944,51.0105,0.0],[-58.796,51.0104,2.2539],[-58.796,51.0077,1.2223],[-58.793,51.0075,0.1691],[-58.7938,51.0088,0.3775]]],
[[[-58.7546,50.9916,1.6546],[-58.7561,50.9892,0.384],[-58.7549,50.9879,0.287],[-58.753,50.9908,0.0],[-58.7546,50.9916,1.6546]]],
[[[-58.7368,50.995,1.3191],[-58.7368,50.9917,0.0],[-58.7348,50.9909,0.0],[-58.7346,50.9934,0.0],[-58.7368,50.995,1.3191]]],
[[[-58.6494,51.0419,0.0],[-58.6533,51.0419,1.2086],[-58.6544,51.0408,1.2086],[-58.6512,51.0404,0.2837],[-58.6494,51.0419,0.0]]],
[[[-58.7626,51.0375,0.6429],[-58.7616,51.0368,0.0],[-58.7609,51.0384,0.6429],[-58.7612,51.0409,0.0],[-58.7628,51.0403,2.5443],[-58.7626,51.0375,0.6429]]],
[[[-58.9041,51.0365,3.0866],[-58.9063,51.0371,0.0],[-58.9074,51.0351,1.8452],[-58.9045,51.0347,0.9509],[-58.9041,51.0365,3.0866]]],
[[[-58.9249,51.0373,3.062],[-58.926,51.0358,17.7548],[-58.9239,51.0342,5.1465],[-58.9206,51.0375,4.5841],[-58.9227,51.0383,3.062],[-58.9249,51.0373,3.062]]],
[[[-58.9133,51.0372,11.9007],[-58.9122,51.0389,10.7741],[-58.9139,51.0433,5.4767],[-58.9206,51.0433,0.0],[-58.9183,51.04,9.6868],[-58.92,51.0392,1.0771],[-58.9194,51.0378,2.3904],[-58.9161,51.0364,0.0],[-58.9133,51.0372,11.9007]]],
[[[-58.764,51.0417,0.4375],[-58.7633,51.0427,0.0],[-58.7659,51.0411,0.4375],[-58.7655,51.0389,0.0],[-58.7648,51.0393,0.0],[-58.764,51.0417,0.4375]]],
[[[-58.9289,51.0333,0.0],[-58.9272,51.035,0.0],[-58.9303,51.0354,7.7095],[-58.93,51.0331,0.0],[-58.9289,51.0333,0.0]]],
[[[-58.7371,51.0388,4.4748],[-58.734,51.0397,0.0],[-58.734,51.0413,1.0807],[-58.7367,51.0422,1.342],[-58.7361,51.0436,1.342],[-58.7306,51.0442,0.0],[-58.7244,51.0472,0.0],[-58.7283,51.0478,1.6815],[-58.7417,51.0442,0.2201],[-58.7489,51.0403,0.0],[-58.7444,51.0403,9.2181],[-58.7522,51.0358,11.9483],[-58.7511,51.0328,5.4035],[-58.7478,51.0314,0.0],[-58.7467,51.0339,2.0979],[-58.7439,51.0342,0.9905],[-58.7456,51.0358,11.499],[-58.7439,51.0367,0.0],[-58.7444,51.0381,2.5725],[-58.7394,51.0372,0.8173],[-58.7383,51.0386,0.8173],[-58.7406,51.0408,2.4425],[-58.7383,51.0414,2.4425],[-58.7371,51.0388,4.4748]]],
[[[-58.7933,51.0124,3.5221],[-58.7896,51.0093,1.0332],[-58.7881,51.0098,0.0],[-58.7881,51.0121,0.0],[-58.7945,51.0174,0.0],[-58.7999,51.0248,0.0],[-58.8013,51.0247,2.624],[-58.7994,51.0176,2.6589],[-58.7998,51.0132,4.9282],[-58.7933,51.0124,3.5221]]],
[[[-58.825,50.995,7.9864],[-58.8253,50.9899,6.2036],[-58.823,50.9885,0.0],[-58.8228,50.9942,0.0],[-58.821,50.9957,0.0],[-58.8211,51.0003,0.0],[-58.8199,51.0011,0.0],[-58.8205,51.0045,0.0],[-58.8172,51.0092,0.0],[-58.8194,51.025,0.0],[-58.8222,51.0264,7.7242],[-58.8278,51.0217,0.0],[-58.8267,51.0208,5.9446],[-58.8278,51.0164,0.0],[-58.825,51.0111,12.9642],[-58.8267,51.0097,0.0],[-58.8239,51.0078,7.5333],[-58.8272,51.0028,0.0],[-58.825,51.0,3.8673],[-58.825,50.995,7.9864]]],
[[[-58.815,51.0006,3.8944],[-58.8133,51.0,12.4833],[-58.8149,50.995,1.5126],[-58.8131,50.9943,1.4084],[-58.8073,50.9957,2.4888],[-58.8061,50.9983,0.0],[-58.8094,51.0022,2.3381],[-58.8072,51.0039,0.0],[-58.8089,51.0047,6.4296],[-58.8094,51.0231,3.902],[-58.8083,51.0242,3.3942],[-58.8106,51.0306,0.0],[-58.8122,51.03,0.9783],[-58.8122,51.0258,1.5893],[-58.8161,51.0203,0.0],[-58.8139,51.0172,3.1211],[-58.8161,51.0142,0.0],[-58.8144,51.01,2.9928],[-58.8161,51.0056,0.0],[-58.8144,51.0042,8.6462],[-58.815,51.0006,3.8944]]],
[[[-58.7511,51.0233,0.0],[-58.7517,51.0244,2.3823],[-58.7489,51.0233,0.0],[-58.7489,51.025,0.0],[-58.7528,51.0264,2.8521],[-58.7522,51.0253,2.3823],[-58.7539,51.0247,0.603],[-58.7511,51.0233,0.0]]],
[[[-58.9186,51.0177,1.6982],[-58.9128,51.0181,1.5667],[-58.918,51.0198,2.4233],[-58.92,51.0178,1.6982],[-58.9186,51.0177,1.6982]]],
[[[-58.8329,51.0178,0.0],[-58.834,51.0201,2.677],[-58.8351,51.0201,2.677],[-58.835,51.0179,1.5235],[-58.8329,51.0178,0.0]]],
[[[-58.8159,51.0234,0.0],[-58.8147,51.0265,0.0],[-58.8159,51.0268,0.2069],[-58.8167,51.0264,0.2069],[-58.8159,51.0234,0.0]]],
[[[-58.7726,51.0313,6.0868],[-58.7751,51.0333,4.5905],[-58.7766,51.0308,2.3924],[-58.7751,51.0305,6.0868],[-58.7726,51.0313,6.0868]]],
[[[-58.9033,51.0294,0.0],[-58.9002,51.0308,5.0021],[-58.8983,51.029,3.1496],[-58.8963,51.0318,0.347],[-58.8978,51.0331,1.3874],[-58.9027,51.0325,1.3858],[-58.9033,51.0294,0.0]]],
[[[-58.9132,51.0303,17.0631],[-58.9119,51.0325,1.1805],[-58.9144,51.034,0.0],[-58.9289,51.0325,0.0],[-58.9326,51.0295,11.3861],[-58.9354,51.0239,0.0],[-58.9306,51.0191,12.7897],[-58.9251,51.0218,0.0],[-58.9144,51.0232,0.0],[-58.9131,51.0242,9.9626],[-58.9132,51.0303,17.0631]]],
[[[-58.8249,50.9785,1.2988],[-58.8251,50.977,0.0],[-58.8229,50.9774,0.0],[-58.8228,50.9803,0.0],[-58.8244,50.9817,0.327],[-58.8226,50.9829,0.1014],[-58.8217,50.9867,0.0],[-58.8256,50.9875,1.3881],[-58.8279,50.985,0.0],[-58.8283,50.9797,1.2358],[-58.831,50.9759,0.0],[-58.83,50.9724,0.0],[-58.8261,50.979,2.142],[-58.8249,50.9785,1.2988]]],
[[[-58.8662,50.9801,0.0],[-58.8633,50.9828,2.3906],[-58.8693,50.9837,25.4993],[-58.8735,50.9811,0.5329],[-58.8732,50.9798,0.0],[-58.8712,50.9812,1.461],[-58.8704,50.9797,0.0],[-58.8662,50.9801,0.0]]],
[[[-58.8778,50.9889,0.0],[-58.8788,50.9873,0.0],[-58.8761,50.9853,0.0],[-58.8684,50.9877,0.0],[-58.8738,50.9914,1.3073],[-58.8757,50.9915,0.1743],[-58.8778,50.9889,0.0]]],
[[[-58.7371,50.9889,0.0],[-58.735,50.9867,0.0],[-58.7339,50.9875,1.6175],[-58.7348,50.9904,0.0],[-58.7371,50.9889,0.0]]],
[[[-58.7602,50.9865,0.0],[-58.758,50.9873,3.8865],[-58.7585,50.9901,3.0635],[-58.761,50.9888,0.0],[-58.7602,50.9865,0.0]]],
[[[-58.8088,50.989,0.479],[-58.8111,50.9866,5.2695],[-58.8083,50.9847,0.0],[-58.8069,50.9866,0.0],[-58.8088,50.989,0.479]]],
[[[-58.8133,50.9925,4.4975],[-58.8155,50.9919,0.1415],[-58.8157,50.9878,0.0],[-58.8128,50.9875,0.0],[-58.8116,50.9898,0.0],[-58.8083,50.99,0.479],[-58.8065,50.9924,0.0],[-58.8087,50.9942,0.0],[-58.8133,50.9925,4.4975]]],
[[[-59.2451,50.7389,0.0],[-59.2479,50.738,0.0],[-59.2494,50.7361,1.0562],[-59.2456,50.7355,5.189],[-59.2451,50.7389,0.0]]],
[[[-59.1228,50.7383,7.8419],[-59.125,50.7394,2.654],[-59.1244,50.7356,1.7259],[-59.1217,50.7361,0.4161],[-59.1239,50.7381,7.8419],[-59.1228,50.7383,7.8419]]],
[[[-59.1325,50.7399,0.0],[-59.1296,50.7384,0.0],[-59.127,50.7401,0.6518],[-59.1313,50.7428,1.4946],[-59.1328,50.7421,0.0],[-59.1325,50.7399,0.0]]],
[[[-59.1378,50.7372,0.5327],[-59.1394,50.7358,1.0662],[-59.1378,50.7342,1.2444],[-59.1356,50.7342,0.0],[-59.1339,50.7364,0.0],[-59.1356,50.7375,0.0],[-59.1378,50.7372,0.5327]]],
[[[-59.1643,50.7374,0.0],[-59.1678,50.7358,0.0],[-59.1649,50.7351,0.0],[-59.1633,50.7369,1.5566],[-59.1643,50.7374,0.0]]],
[[[-59.2376,50.7415,1.7108],[-59.24,50.7408,1.7108],[-59.2383,50.7389,0.8531],[-59.2367,50.7397,0.0],[-59.2376,50.7415,1.7108]]],
[[[-59.1566,50.7386,11.832],[-59.1611,50.7381,19.0873],[-59.1621,50.7366,2.2791],[-59.1534,50.7381,3.805],[-59.1566,50.7386,11.832]]],
[[[-59.0856,50.7328,3.1272],[-59.0839,50.7344,1.7208],[-59.0878,50.7356,0.0],[-59.0889,50.7386,0.0],[-59.0917,50.7389,0.6544],[-59.0928,50.7369,7.3987],[-59.0967,50.7361,2.5989],[-59.095,50.7331,0.0],[-59.0917,50.7331,6.0155],[-59.0922,50.7317,0.6123],[-59.0878,50.7292,2.6765],[-59.0856,50.7306,2.5833],[-59.0856,50.7328,3.1272]]],
[[[-59.2622,50.7408,2.0439],[-59.2567,50.7419,0.0],[-59.2556,50.7442,0.0],[-59.2572,50.7447,0.4705],[-59.2622,50.7408,2.0439]]],
[[[-59.2517,50.7464,3.5564],[-59.2531,50.7436,4.612],[-59.2511,50.7417,0.0],[-59.2511,50.7436,4.612],[-59.2489,50.745,2.0203],[-59.2517,50.7464,3.5564]]],
[[[-59.1613,50.7414,0.0],[-59.1569,50.7404,0.9387],[-59.1549,50.7423,0.0],[-59.1571,50.7433,5.7132],[-59.1613,50.7414,0.0]]],
[[[-59.1067,50.7433,0.0],[-59.1106,50.7436,9.7754],[-59.11,50.7472,3.5995],[-59.1128,50.7492,0.0],[-59.1261,50.7447,11.817],[-59.1261,50.7422,8.6657],[-59.1233,50.7431,8.9951],[-59.1244,50.7417,6.5095],[-59.1211,50.7372,7.8419],[-59.1167,50.7403,0.0],[-59.1194,50.7408,4.3448],[-59.1183,50.7425,3.9116],[-59.1217,50.7433,8.9951],[-59.1172,50.743899999999996,4.2661],[-59.1167,50.7422,5.8476],[-59.1122,50.7408,14.3337],[-59.1133,50.7394,7.3108],[-59.11,50.7364,0.0],[-59.1072,50.7372,2.0556],[-59.1078,50.7392,11.9824],[-59.1067,50.7392,8.1831],[-59.1067,50.7372,2.0556],[-59.1039,50.7378,1.2689],[-59.1067,50.7433,0.0]]],
[[[-59.1389,50.7457,5.446],[-59.1389,50.7474,2.2522],[-59.1417,50.749,3.3757],[-59.1371,50.7511,0.0],[-59.1414,50.7521,0.0],[-59.1447,50.7517,0.0],[-59.1445,50.7491,6.7287],[-59.1457,50.7488,1.5838],[-59.151,50.7503,5.1336],[-59.153,50.7489,0.0],[-59.1524,50.7472,3.8817],[-59.1551,50.7466,0.0],[-59.1471,50.7454,1.7269],[-59.1513,50.7432,0.0],[-59.1486,50.7411,0.0],[-59.1459,50.7441,1.7269],[-59.1427,50.7416,0.0],[-59.1393,50.7417,1.5176],[-59.1386,50.7436,10.4553],[-59.14,50.7447,4.0959],[-59.1389,50.7457,5.446]]],
[[[-59.1022,50.7486,13.9147],[-59.1,50.7547,0.0],[-59.1111,50.7528,0.6505],[-59.1094,50.7489,19.1365],[-59.1106,50.7483,3.5995],[-59.105,50.7475,7.1997],[-59.1066,50.7447,3.3733],[-59.1032,50.7395,5.4472],[-59.099,50.737,0.0],[-59.0972,50.7379,0.0],[-59.0973,50.7398,0.0],[-59.0998,50.7416,0.7841],[-59.1001,50.7438,2.4929],[-59.0983,50.743899999999996,2.4929],[-59.0978,50.7419,0.7841],[-59.0933,50.7436,0.0],[-59.0939,50.7478,2.1975],[-59.0928,50.7486,0.2013],[-59.0983,50.7511,0.8213],[-59.1022,50.7486,13.9147]]],
[[[-58.928,51.0455,1.0283],[-58.9287,51.043,0.0],[-58.9256,51.0417,0.0],[-58.9242,51.0434,0.0],[-58.9249,51.0448,0.686],[-58.928,51.0455,1.0283]]],
[[[-58.8173,51.0416,0.0],[-58.8186,51.045,1.9403],[-58.8205,51.0446,1.9403],[-58.819,51.0417,0.0],[-58.8173,51.0416,0.0]]],
[[[-58.7167,51.0481,0.0],[-58.7188,51.0489,0.0],[-58.7211,51.0472,0.4975],[-58.72,51.0467,0.0],[-58.7167,51.0481,0.0]]],
[[[-58.7534,51.038,2.6133],[-58.7444,51.0439,0.5781],[-58.7483,51.0447,3.7959],[-58.7521,51.0412,1.9234],[-58.7551,51.0412,0.7698],[-58.7541,51.039,3.2939],[-58.7559,51.0376,0.3736],[-58.7534,51.038,2.6133]]],
[[[-58.7627,51.0452,2.3586],[-58.7631,51.0462,2.2393],[-58.7654,51.0463,0.9099],[-58.764,51.0435,0.5702],[-58.7627,51.0452,2.3586]]],
[[[-58.7367,51.0472,0.4491],[-58.7383,51.0481,5.2815],[-58.7456,51.0458,0.0],[-58.7433,51.0442,0.2201],[-58.7367,51.0472,0.4491]]],
[[[-58.7433,51.05,0.0],[-58.7478,51.05,2.261],[-58.7494,51.0492,2.261],[-58.7494,51.0472,4.1971],[-58.7456,51.0467,0.0],[-58.7433,51.05,0.0]]],
[[[-58.64,51.0611,0.0],[-58.6419,51.0627,2.5498],[-58.6428,51.0603,2.1165],[-58.6456,51.0594,3.3694],[-58.6467,51.06,3.3694],[-58.6444,51.0619,0.0],[-58.6456,51.0633,5.8808],[-58.6506,51.0639,1.0427],[-58.6606,51.0583,15.1111],[-58.6617,51.0536,12.8037],[-58.6678,51.0522,0.0],[-58.6722,51.0456,2.0051],[-58.6706,51.0442,3.7145],[-58.6644,51.0444,5.5956],[-58.6639,51.0425,1.941],[-58.6661,51.0404,0.4066],[-58.6622,51.039,0.0],[-58.6628,51.0422,0.216],[-58.6583,51.0411,0.0],[-58.6578,51.0439,1.7011],[-58.6528,51.0456,0.0],[-58.6533,51.0475,4.4279],[-58.6461,51.0522,5.3381],[-58.6428,51.0506,0.1212],[-58.6385,51.0514,0.0],[-58.6393,51.0565,0.0],[-58.6418,51.0575,2.3655],[-58.6401,51.0582,0.0],[-58.64,51.0611,0.0]]],
[[[-58.6791,51.1099,2.022],[-58.6747,51.112,0.0],[-58.6752,51.1136,0.0],[-58.6861,51.1139,0.0],[-58.6928,51.1086,42.7562],[-58.705,51.1036,10.9374],[-58.7063,51.1015,28.0561],[-58.7222,51.0969,20.8714],[-58.735,51.0908,1.2887],[-58.7333,51.0836,3.0282],[-58.7347,51.0838,1.363],[-58.737,51.0902,1.4891],[-58.7439,51.0892,0.0],[-58.7572,51.0853,18.0373],[-58.7694,51.0794,3.2445],[-58.7706,51.0778,0.0],[-58.7677,51.0749,19.1838],[-58.7687,51.0735,3.3382],[-58.7724,51.0764,2.4232],[-58.7751,51.0764,2.4232],[-58.7768,51.0744,9.4185],[-58.7761,51.0715,16.9246],[-58.7807,51.0738,0.0],[-58.7824,51.0731,16.0954],[-58.7854,51.0712,5.3604],[-58.7847,51.0659,6.5335],[-58.7871,51.0667,19.4753],[-58.7876,51.0698,0.0],[-58.7893,51.0698,10.6078],[-58.8056,51.0631,0.0],[-58.8067,51.0606,0.0],[-58.8044,51.0503,0.0],[-58.8026,51.0478,9.4664],[-58.8011,51.0372,2.4366],[-58.8033,51.0286,0.6711],[-58.7962,51.0253,0.0],[-58.7901,51.0284,0.2164],[-58.7866,51.0268,12.2729],[-58.7913,51.0241,0.1163],[-58.7913,51.0214,4.9232],[-58.7957,51.0236,2.0629],[-58.7942,51.0203,1.685],[-58.7896,51.0196,0.6329],[-58.7881,51.0203,0.0],[-58.7878,51.0238,1.2214],[-58.7854,51.0243,7.8345],[-58.7827,51.0191,0.0],[-58.7912,51.0166,0.5854],[-58.7881,51.0137,0.0],[-58.7793,51.0152,4.3482],[-58.7797,51.0112,1.8887],[-58.7778,51.0112,0.0],[-58.7721,51.0261,0.0],[-58.7743,51.0297,0.6164],[-58.782,51.0299,4.9229],[-58.7824,51.0312,0.0],[-58.779,51.0349,1.8669],[-58.7724,51.0366,1.2289],[-58.7662,51.0416,0.0],[-58.7685,51.0456,0.3974],[-58.7712,51.0464,2.3994],[-58.7733,51.055,20.249],[-58.7711,51.0531,0.0],[-58.7694,51.0478,1.511],[-58.7672,51.0467,0.0],[-58.7683,51.0539,11.8215],[-58.7667,51.0561,2.3605],[-58.7644,51.0558,7.763],[-58.7644,51.0522,2.0341],[-58.7628,51.0511,2.1358],[-58.7544,51.0522,8.4017],[-58.7559,51.0496,2.2185],[-58.7596,51.0501,11.1412],[-58.7622,51.0483,0.8135],[-58.7611,51.0433,0.0],[-58.7556,51.0425,3.2866],[-58.7532,51.0434,0.0],[-58.7515,51.0521,0.0],[-58.7459,51.056399999999996,4.0417],[-58.7478,51.0592,12.8425],[-58.7545,51.06,1.9467],[-58.7552,51.0651,1.0566],[-58.7574,51.0605,2.007],[-58.7544,51.0575,4.2377],[-58.7589,51.0578,0.4216],[-58.7594,51.0606,0.0],[-58.7617,51.0619,0.2678],[-58.7584,51.0639,2.3896],[-58.7633,51.0677,0.689],[-58.7603,51.0719,5.6904],[-58.7535,51.0704,11.5071],[-58.7572,51.0681,0.0],[-58.7503,51.0682,2.7484],[-58.7419,51.0659,1.2265],[-58.7422,51.0711,1.6593],[-58.7356,51.0675,0.5484],[-58.7322,51.0683,0.6346],[-58.7245,51.0668,0.0],[-58.7262,51.0727,3.7863],[-58.7216,51.0735,0.9414],[-58.724,51.0774,8.3226],[-58.7176,51.0774,5.7692],[-58.7135,51.075,0.0],[-58.709,51.0755,10.997],[-58.7068,51.0741,2.5001],[-58.7022,51.0778,0.0],[-58.696,51.0795,3.248],[-58.6948,51.0791,3.248],[-58.6958,51.0741,0.5643],[-58.6936,51.0736,0.0],[-58.6921,51.077,0.0],[-58.6921,51.0803,1.1377],[-58.6941,51.0818,1.875],[-58.6933,51.0871,3.104],[-58.6911,51.0869,1.2206],[-58.6917,51.085,0.9623],[-58.69,51.0839,0.9623],[-58.685,51.0843,0.0],[-58.6862,51.0882,2.9075],[-58.6825,51.0879,0.0],[-58.6801,51.0894,1.9014],[-58.6803,51.0928,7.2201],[-58.6757,51.0955,6.8702],[-58.6744,51.0995,0.0],[-58.6764,51.1023,0.0],[-58.6815,51.1026,0.9389],[-58.6744,51.1045,0.0],[-58.6752,51.1076,0.8175],[-58.6808,51.1079,4.7537],[-58.6791,51.1099,2.022]]],
[[[-61.8122,50.1161,1.2534],[-61.8087,50.1169,0.0],[-61.8084,50.1182,1.8324],[-61.8143,50.1247,0.0],[-61.8162,50.12,0.0],[-61.8122,50.1161,1.2534]]],
[[[-61.7481,50.1286,0.0],[-61.7471,50.1298,0.0],[-61.7513,50.1274,0.0],[-61.7498,50.1275,0.0],[-61.7481,50.1286,0.0]]],
[[[-61.7583,50.1206,0.0],[-61.7628,50.1232,0.0],[-61.7639,50.1215,0.0],[-61.7689,50.1219,0.0],[-61.7578,50.1181,0.0],[-61.7541,50.1192,0.0],[-61.7583,50.1206,0.0]]],
[[[-61.7351,50.1217,0.0],[-61.7239,50.1234,0.5],[-61.7291,50.1241,0.25],[-61.7287,50.1231,0.125],[-61.7363,50.1223,0.0],[-61.7351,50.1217,0.0]]],
[[[-61.7562,50.1233,0.0],[-61.7528,50.1244,0.0],[-61.7588,50.1262,0.0],[-61.7553,50.1241,0.0],[-61.7586,50.1236,0.0],[-61.7562,50.1233,0.0]]],
[[[-61.7078,50.1389,0.5],[-61.701,50.1385,0.5],[-61.7,50.1397,0.625],[-61.7083,50.1407,0.5],[-61.71,50.1394,0.5],[-61.7078,50.1389,0.5]]],
[[[-61.6921,50.1359,1.0],[-61.6942,50.1363,1.0],[-61.6968,50.1346,0.5],[-61.6957,50.1348,1.0],[-61.6921,50.1359,1.0]]],
[[[-61.6976,50.1376,1.0],[-61.697,50.1359,0.75],[-61.6951,50.137,1.0],[-61.6897,50.1368,1.0],[-61.6931,50.139,1.0],[-61.6976,50.1376,1.0]]],
[[[-61.6441,50.1417,2.0],[-61.64,50.1416,2.0],[-61.6378,50.1423,2.25],[-61.6453,50.1427,2.0],[-61.6441,50.1417,2.0]]],
[[[-61.6481,50.1445,2.0],[-61.6442,50.1446,2.0],[-61.6479,50.1463,2.0],[-61.6532,50.1428,2.0],[-61.6493,50.142,2.0],[-61.6471,50.143,2.0],[-61.6481,50.1445,2.0]]],
[[[-61.6175,50.1462,3.0],[-61.6171,50.1476,3.0],[-61.6193,50.1479,2.875],[-61.621,50.1451,2.5],[-61.6186,50.1456,2.5],[-61.6175,50.1462,3.0]]],
[[[-61.6228,50.1508,2.625],[-61.6211,50.1528,3.0],[-61.6257,50.1527,2.875],[-61.6367,50.1442,2.375],[-61.635,50.1436,2.5],[-61.6349,50.1414,2.5],[-61.6325,50.1418,2.5],[-61.6228,50.1508,2.625]]],
[[[-61.7038,50.1301,0.5],[-61.7018,50.1309,0.5],[-61.7017,50.1327,0.5],[-61.7221,50.1332,0.5],[-61.7334,50.1288,0.0],[-61.7265,50.1286,0.5],[-61.7343,50.128,0.0],[-61.73,50.1271,0.5],[-61.7138,50.1292,0.5],[-61.7166,50.1267,0.5],[-61.7137,50.1265,0.5],[-61.7038,50.1301,0.5]]],
[[[-60.1897,50.1639,1.4328],[-60.1871,50.1648,0.2127],[-60.1871,50.1671,0.0],[-60.19,50.1661,0.3787],[-60.1897,50.1639,1.4328]]],
[[[-61.6,50.1583,3.5],[-61.5983,50.1603,3.5],[-61.5995,50.1614,3.5],[-61.605,50.1586,8.3469],[-61.6087,50.1541,3.0],[-61.6058,50.1533,3.0],[-61.6,50.1583,3.5]]],
[[[-61.3617,50.1689,2.2933],[-61.3617,50.1703,2.2933],[-61.3643,50.1715,0.48],[-61.3642,50.1684,0.0],[-61.3617,50.1689,2.2933]]],
[[[-60.6982,50.167,0.0],[-60.6933,50.1681,1.5369],[-60.6918,50.1706,0.3949],[-60.6974,50.1691,1.0993],[-60.7002,50.1667,0.773],[-60.6982,50.167,0.0]]],
[[[-60.5035,50.1688,3.3721],[-60.4989,50.1711,0.8606],[-60.5018,50.1728,0.2059],[-60.5067,50.1703,2.2833],[-60.5062,50.1688,2.2833],[-60.5035,50.1688,3.3721]]],
[[[-61.1761,50.1672,1.635],[-61.1736,50.1692,0.0],[-61.1743,50.1714,0.0],[-61.1822,50.1697,0.695],[-61.1811,50.1677,0.7331],[-61.1761,50.1672,1.635]]],
[[[-61.17,50.1752,0.9052],[-61.1723,50.1746,0.8918],[-61.1702,50.1726,0.3504],[-61.1691,50.1736,0.3504],[-61.17,50.1752,0.9052]]],
[[[-60.6958,50.1709,0.0],[-60.6967,50.1722,0.0],[-60.6994,50.1706,0.9096],[-60.6964,50.1702,1.0993],[-60.6958,50.1709,0.0]]],
[[[-60.1278,50.1839,0.875],[-60.1317,50.183,0.0],[-60.1307,50.1818,0.0],[-60.1267,50.1823,1.9566],[-60.1262,50.1843,0.0],[-60.1278,50.1839,0.875]]],
[[[-61.5956,50.1543,10.6625],[-61.5869,50.1572,8.6929],[-61.5825,50.1664,4.0],[-61.583,50.1791,7.9402],[-61.5898,50.1839,4.5],[-61.5919,50.1817,9.5439],[-61.5888,50.1748,5.3339],[-61.5903,50.1704,10.3039],[-61.6029,50.154,5.7102],[-61.5956,50.1543,10.6625]]],
[[[-61.6031,50.1753,17.5274],[-61.6109,50.1647,6.0969],[-61.6233,50.1547,3.0],[-61.6167,50.1547,6.8242],[-61.5969,50.1678,4.0],[-61.593,50.1728,4.0],[-61.5956,50.1855,6.2428],[-61.6029,50.1822,7.8013],[-61.5993,50.178,14.1331],[-61.6031,50.1753,17.5274]]],
[[[-60.1625,50.1803,0.326],[-60.1638,50.1807,0.0499],[-60.1656,50.1786,0.0],[-60.1611,50.1794,0.0],[-60.1625,50.1803,0.326]]],
[[[-61.1316,50.1766,0.2074],[-61.1282,50.1759,0.0],[-61.1276,50.1768,0.0],[-61.1334,50.1775,0.0],[-61.1316,50.1766,0.2074]]],
[[[-61.2826,50.1796,0.3262],[-61.2788,50.1803,0.0],[-61.2918,50.1801,0.2854],[-61.2833,50.1825,0.0],[-61.2994,50.18,0.0],[-61.2955,50.178,0.0],[-61.2826,50.1796,0.3262]]],
[[[-60.289,50.1744,2.3067],[-60.2866,50.179,0.0],[-60.2892,50.1795,0.4023],[-60.292,50.1771,0.0],[-60.2911,50.1752,2.595],[-60.2952,50.17,0.0],[-60.2943,50.1684,0.6284],[-60.2903,50.1685,0.0],[-60.2888,50.1722,0.0],[-60.2905,50.1732,0.0],[-60.289,50.1744,2.3067]]],
[[[-61.1277,50.1804,0.4728],[-61.1288,50.1799,0.0],[-61.1237,50.1787,0.0],[-61.1177,50.1793,0.0],[-61.1256,50.1807,0.0],[-61.1277,50.1804,0.4728]]],
[[[-61.0737,50.1818,0.7998],[-61.0752,50.1807,0.0],[-61.0726,50.1792,0.5545],[-61.0724,50.1804,0.5545],[-61.0737,50.1818,0.7998]]],
[[[-61.8381,50.1852,0.0],[-61.8416,50.1852,2.2947],[-61.8428,50.1834,0.2619],[-61.8388,50.1836,0.0],[-61.8381,50.1852,0.0]]],
[[[-61.2367,50.1806,0.0483],[-61.2422,50.1828,0.0],[-61.2443,50.1808,0.1293],[-61.2425,50.1786,0.2052],[-61.2367,50.1806,0.0483]]],
[[[-61.0588,50.1834,0.0],[-61.0569,50.1824,1.4955],[-61.0561,50.1829,0.0],[-61.0594,50.184,0.0],[-61.0588,50.1834,0.0]]],
[[[-61.1008,50.1801,0.0],[-61.1003,50.1805,0.0],[-61.1033,50.1816,1.8991],[-61.1031,50.1799,0.3128],[-61.1008,50.1801,0.0]]],
[[[-61.1406,50.1819,0.0],[-61.1491,50.1848,0.7184],[-61.1466,50.1824,2.5036],[-61.1502,50.1833,0.6845],[-61.1526,50.1822,0.3325],[-61.1414,50.1795,0.5593],[-61.1406,50.1819,0.0]]],
[[[-61.1048,50.185,4.2637],[-61.1069,50.1854,6.2751],[-61.1085,50.1848,0.0],[-61.1026,50.1841,0.0],[-61.1048,50.185,4.2637]]],
[[[-60.8422,50.1831,1.8391],[-60.8381,50.181399999999996,0.2345],[-60.8389,50.1825,4.9468],[-60.8365,50.1858,0.2784],[-60.8396,50.1859,0.0],[-60.8422,50.1831,1.8391]]],
[[[-60.4015,50.1858,0.4489],[-60.4028,50.185,2.4359],[-60.4015,50.183,0.3509],[-60.4009,50.1832,0.3509],[-60.4015,50.1858,0.4489]]],
[[[-60.6033,50.1861,0.0],[-60.6056,50.185,3.0041],[-60.6056,50.1836,0.0],[-60.6023,50.1859,0.0],[-60.6033,50.1861,0.0]]],
[[[-64.2059,50.2208,0.9246],[-64.2043,50.2218,0.0],[-64.2084,50.22,0.0],[-64.2059,50.2202,0.0],[-64.2059,50.2208,0.9246]]],
[[[-64.2016,50.2166,-0.0309],[-64.1989,50.2185,2.09],[-64.202,50.2186,1.1869],[-64.203,50.2168,0.0027],[-64.2016,50.2166,-0.0309]]],
[[[-64.1912,50.2119,0.0],[-64.1859,50.2117,0.0],[-64.1859,50.2124,0.0],[-64.1886,50.2135,0.1735],[-64.1912,50.2119,0.0]]],
[[[-61.0845,50.1778,1.5324],[-61.0783,50.1756,0.0],[-61.0893,50.184,1.5214],[-61.0897,50.188,0.0211],[-61.0918,50.1882,0.0],[-61.0928,50.1862,1.5309],[-61.0918,50.1832,0.6222],[-61.0845,50.1778,1.5324]]],
[[[-61.2159,50.1865,0.1491],[-61.2255,50.1869,0.0],[-61.2262,50.185,0.0],[-61.2164,50.1848,0.301],[-61.2139,50.1867,-0.1199],[-61.2159,50.1865,0.1491]]],
[[[-60.6272,50.1844,0.1472],[-60.6194,50.1864,0.497],[-60.615,50.1883,0.0],[-60.6209,50.188,0.4678],[-60.6272,50.1844,0.1472]]],
[[[-64.1353,50.2026,0.5909],[-64.1376,50.2039,0.0],[-64.1386,50.2038,0.0],[-64.1375,50.2013,0.0],[-64.1353,50.2026,0.5909]]],
[[[-60.0133,50.2011,0.3949],[-60.0157,50.2008,0.0],[-60.0159,50.1991,0.0],[-60.0141,50.1997,1.6107],[-60.0133,50.2011,0.3949]]],
[[[-60.0756,50.2008,3.9165],[-60.0785,50.2008,3.9165],[-60.079,50.1983,0.118],[-60.0762,50.199,9.0605],[-60.0756,50.2008,3.9165]]],
[[[-60.0602,50.1997,3.4677],[-60.059,50.1987,0.0],[-60.0558,50.2011,0.0],[-60.0574,50.2021,0.0],[-60.0602,50.1997,3.4677]]],
[[[-60.7222,50.2011,2.3891],[-60.7243,50.1985,0.0],[-60.7211,50.1989,3.5576],[-60.72,50.2017,0.0],[-60.7222,50.2011,2.3891]]],
[[[-60.9051,50.1992,5.275],[-60.8986,50.1997,1.1252],[-60.897,50.2012,1.1257],[-60.9021,50.2021,0.5666],[-60.9072,50.2008,2.5743],[-60.9086,50.1988,1.2865],[-60.9051,50.1992,5.275]]],
[[[-60.8303,50.2015,0.4431],[-60.835,50.2,2.3215],[-60.8357,50.199,2.3215],[-60.8318,50.1994,1.5716],[-60.8303,50.2015,0.4431]]],
[[[-60.471,50.2011,0.0],[-60.4707,50.2,0.0],[-60.4678,50.1994,0.0],[-60.4683,50.2011,0.0],[-60.471,50.2011,0.0]]],
[[[-60.6269,50.2003,0.0],[-60.6261,50.2014,0.0],[-60.6294,50.2,0.5783],[-60.6283,50.1994,0.0],[-60.6269,50.2003,0.0]]],
[[[-60.3436,50.202,0.0],[-60.3454,50.2011,0.0],[-60.3418,50.2,0.0],[-60.3422,50.2012,0.0],[-60.3436,50.202,0.0]]],
[[[-60.015,50.1942,0.5076],[-60.0164,50.1956,0.0],[-60.022,50.1946,1.6471],[-60.02,50.1968,0.0],[-60.0215,50.1975,0.0],[-60.0264,50.1947,0.4176],[-60.0239,50.1932,1.1319],[-60.027,50.192,2.7905],[-60.0292,50.1935,3.2891],[-60.0313,50.1917,1.6318],[-60.0285,50.1915,1.6318],[-60.0298,50.1893,1.6465],[-60.0272,50.1881,0.0],[-60.0265,50.1897,2.1572],[-60.0239,50.1892,3.4106],[-60.015,50.1942,0.5076]]],
[[[-60.0452,50.1865,1.9838],[-60.0359,50.1871,8.0324],[-60.0323,50.1906,0.0],[-60.0378,50.1883,5.7384],[-60.0437,50.189,0.3379],[-60.0485,50.1873,0.0],[-60.0452,50.1865,1.9838]]],
[[[-60.0488,50.1914,2.4287],[-60.0482,50.1922,0.0],[-60.0549,50.1918,0.2211],[-60.053,50.1914,0.2211],[-60.0531,50.1895,0.0],[-60.0498,50.1889,5.6082],[-60.0474,50.19,0.6532],[-60.0488,50.1914,2.4287]]],
[[[-60.0716,50.1954,0.2934],[-60.0712,50.1969,0.5975],[-60.0754,50.198,0.3536],[-60.0882,50.195,0.2736],[-60.092,50.1918,0.2901],[-60.1016,50.1887,4.1149],[-60.105,50.1897,1.6723],[-60.11,50.1875,3.8801],[-60.1111,50.1892,10.1441],[-60.1072,50.1906,0.0],[-60.1078,50.1917,3.6164],[-60.1122,50.1906,0.0],[-60.1144,50.1919,2.6287],[-60.1167,50.1905,0.0],[-60.1172,50.1878,2.231],[-60.1156,50.1851,6.5405],[-60.1183,50.1844,1.4469],[-60.1179,50.1857,1.0971],[-60.1194,50.1858,0.0],[-60.12,50.1789,6.855],[-60.1222,50.1778,0.0],[-60.1222,50.1761,0.0027],[-60.1194,50.1775,5.0367],[-60.1172,50.1767,0.0],[-60.112,50.1811,3.7754],[-60.1122,50.1772,5.1929],[-60.0648,50.1829,0.0],[-60.0661,50.1842,0.0],[-60.065,50.1858,0.0],[-60.0717,50.1858,8.8001],[-60.0644,50.188,1.4563],[-60.061,50.1908,0.0],[-60.0713,50.1892,1.638],[-60.0704,50.1937,0.0909],[-60.0742,50.192,3.9559],[-60.0781,50.1939,-0.2805],[-60.0764,50.1958,1.9059],[-60.0739,50.1943,-0.6823],[-60.0716,50.1954,0.2934]]],
[[[-60.8445,50.1875,1.1168],[-60.8433,50.1878,1.1168],[-60.8444,50.189,0.0],[-60.8483,50.1888,0.2802],[-60.8452,50.1875,1.1168],[-60.8445,50.1875,1.1168]]],
[[[-60.4958,50.1883,8.7640999999999991],[-60.4968,50.1864,0.5117],[-60.4918,50.1877,1.6088],[-60.4929,50.1898,0.7887],[-60.4958,50.1883,8.7640999999999991]]],
[[[-60.8615,50.1924,0.3199],[-60.8641,50.1927,0.7208],[-60.8658,50.1907,0.0],[-60.8622,50.1917,0.2791],[-60.8615,50.1924,0.3199]]],
[[[-60.845,50.1944,0.8948],[-60.8461,50.1931,3.7085],[-60.8442,50.1913,0.5561],[-60.8428,50.1933,3.7085],[-60.845,50.1944,0.8948]]],
[[[-60.8175,50.1905,0.9083],[-60.8194,50.1883,0.0],[-60.8161,50.1892,1.2233],[-60.8161,50.1932,2.6797],[-60.8176,50.1929,2.6797],[-60.8175,50.1905,0.9083]]],
[[[-60.8034,50.1917,0.6275],[-60.8031,50.1897,0.6437],[-60.8019,50.1896,0.6437],[-60.8019,50.192,0.7245],[-60.8034,50.1917,0.6275]]],
[[[-60.1605,50.1921,0.104],[-60.1606,50.1901,0.0506],[-60.1572,50.1927,0.0971],[-60.1583,50.1929,0.0971],[-60.1605,50.1921,0.104]]],
[[[-60.3883,50.1917,1.0732],[-60.3905,50.1921,0.1166],[-60.39,50.1894,0.0],[-60.3889,50.1894,0.5344],[-60.3883,50.1917,1.0732]]],
[[[-60.6086,50.1922,0.0],[-60.6099,50.1904,0.0],[-60.6056,50.1917,0.2899],[-60.6056,50.1922,0.0],[-60.6086,50.1922,0.0]]],
[[[-60.3437,50.1928,0.9224],[-60.343,50.1912,0.0],[-60.3414,50.191,0.6599],[-60.3417,50.1938,0.0],[-60.3437,50.1928,0.9224]]],
[[[-60.8249,50.1923,0.8453],[-60.8267,50.1928,1.0405],[-60.823,50.1907,0.7216],[-60.8189,50.1925,1.5946],[-60.8211,50.1931,1.739],[-60.8213,50.1917,0.7216],[-60.8249,50.1923,0.8453]]],
[[[-60.6472,50.1903,0.0],[-60.6413,50.1921,0.0],[-60.6422,50.1936,0.0],[-60.6504,50.1913,3.4869],[-60.6472,50.1903,0.0]]],
[[[-60.7972,50.1947,1.9607],[-60.7977,50.1919,1.6287],[-60.7962,50.1907,1.6287],[-60.7939,50.195,1.8819],[-60.7972,50.1947,1.9607]]],
[[[-60.7954,50.1891,0.0],[-60.7966,50.1876,0.3498],[-60.7938,50.1854,0.0],[-60.7935,50.1876,5.1165],[-60.7904,50.1885,0.5347],[-60.7914,50.1917,1.735],[-60.7954,50.1891,0.0]]],
[[[-60.5159,50.1933,4.1566],[-60.5167,50.1942,0.5443],[-60.5188,50.1919,0.0],[-60.5166,50.1918,0.0],[-60.5159,50.1933,4.1566]]],
[[[-60.0843,50.1974,3.6686],[-60.0803,50.198,0.118],[-60.0803,50.2003,0.6137],[-60.0839,50.2018,2.6816],[-60.0932,50.1991,0.0],[-60.0917,50.1973,2.5268],[-60.0941,50.1973,0.0],[-60.0945,50.1943,0.7068],[-60.0898,50.1954,0.2736],[-60.0893,50.1981,1.8008],[-60.0876,50.1967,1.8182],[-60.0843,50.1974,3.6686]]],
[[[-63.6157,50.2002,2.4782],[-63.6156,50.1966,0.8568],[-63.6127,50.1965,-0.0253],[-63.6131,50.1996,0.0],[-63.6157,50.2002,2.4782]]],
[[[-63.2222,50.1928,1.4001],[-63.2194,50.1933,-0.0195],[-63.22,50.195,0.0527],[-63.2172,50.1972,0.0],[-63.2244,50.1944,0.6343],[-63.2222,50.1928,1.4001]]],
[[[-60.113,50.197,0.0],[-60.1163,50.195,0.0],[-60.1162,50.194,0.0],[-60.1135,50.1943,0.0],[-60.113,50.197,0.0]]],
[[[-61.8592,50.1941,0.6126],[-61.8591,50.1933,1.0895],[-61.8534,50.1927,1.6361],[-61.8554,50.1947,2.0698],[-61.8592,50.1941,0.6126]]],
[[[-60.4067,50.1953,2.1071],[-60.4077,50.195,2.1071],[-60.4081,50.1923,2.157],[-60.4056,50.1931,0.0],[-60.4067,50.1953,2.1071]]],
[[[-60.4738,50.1935,0.8095],[-60.472,50.1921,0.8095],[-60.4704,50.1933,0.8095],[-60.4746,50.1961,0.4475],[-60.4738,50.1935,0.8095]]],
[[[-60.4845,50.1925,1.5679],[-60.4846,50.1941,0.4662],[-60.4893,50.1934,0.491],[-60.4892,50.1949,1.5777],[-60.495,50.1956,0.0],[-60.4898,50.192,0.0],[-60.4869,50.1923,2.8911],[-60.4871,50.1912,0.0605],[-60.4845,50.1925,1.5679]]],
[[[-60.8575,50.195,0.7909],[-60.8598,50.1938,2.5579],[-60.8567,50.1922,3.0702],[-60.8558,50.1938,0.7909],[-60.8575,50.195,0.7909]]],
[[[-60.7537,50.1928,3.1774],[-60.7544,50.1914,3.7242],[-60.7528,50.189,0.4862],[-60.7512,50.1974,0.6201],[-60.7517,50.1975,0.6201],[-60.7537,50.1928,3.1774]]],
[[[-60.6679,50.1948,0.164],[-60.6699,50.1944,0.164],[-60.6711,50.1936,0.5979],[-60.6658,50.1938,0.6585],[-60.6679,50.1948,0.164]]],
[[[-61.1079,50.1946,0.0],[-61.1031,50.1939,0.0],[-61.1061,50.1965,4.0608],[-61.1089,50.1967,0.0],[-61.1079,50.1946,0.0]]],
[[[-61.0128,50.1959,0.0],[-61.0151,50.1959,0.3076],[-61.016,50.1936,0.0],[-61.0117,50.1934,0.0],[-61.0128,50.1959,0.0]]],
[[[-60.4655,50.1947,0.4395],[-60.4634,50.1954,0.0933],[-60.4689,50.1951,0.0],[-60.4682,50.1945,0.0],[-60.4655,50.1947,0.4395]]],
[[[-60.5039,50.1931,0.3486],[-60.5031,50.1953,1.5183],[-60.505,50.1975,0.0],[-60.5142,50.1958,0.232],[-60.5094,50.1946,0.9592],[-60.5117,50.1931,0.3038],[-60.511,50.1915,0.28],[-60.5085,50.1915,0.0],[-60.5071,50.1936,0.0802],[-60.5039,50.1931,0.3486]]],
[[[-60.7557,50.1964,3.0941],[-60.7572,50.1947,2.2202],[-60.7567,50.1922,0.5422],[-60.7532,50.1977,0.6201],[-60.7557,50.1964,3.0941]]],
[[[-60.8377,50.1962,1.4984],[-60.8389,50.1942,1.2712],[-60.8361,50.1947,0.0],[-60.8361,50.1964,1.6709],[-60.8377,50.1962,1.4984]]],
[[[-60.1436,50.1994,0.0],[-60.1435,50.1984,1.713],[-60.1449,50.197,0.0],[-60.1415,50.1982,3.6403],[-60.1436,50.1994,0.0]]],
[[[-60.3989,50.1971,0.0],[-60.399,50.1958,0.4389],[-60.396,50.195,0.0],[-60.3974,50.197,1.0479],[-60.3989,50.1971,0.0]]],
[[[-61.0185,50.1979,0.2234],[-61.02,50.1974,0.2234],[-61.0172,50.195,0.6824],[-61.0152,50.1978,0.8146],[-61.0162,50.1983,0.8146],[-61.0185,50.1979,0.2234]]],
[[[-60.6533,50.1978,0.4149],[-60.656,50.1968,0.0],[-60.6543,50.1955,3.9188],[-60.6514,50.1962,0.4938],[-60.6533,50.1978,0.4149]]],
[[[-60.8317,50.1972,1.072],[-60.8325,50.1982,1.072],[-60.8344,50.1958,1.6709],[-60.8332,50.1958,0.0],[-60.8317,50.1972,1.072]]],
[[[-60.6083,50.1994,1.1279],[-60.6107,50.1985,1.7727],[-60.6144,50.2009,1.3052],[-60.618899999999996,50.1997,0.0],[-60.6186,50.1977,0.0],[-60.6215,50.1967,0.0881],[-60.6149,50.1962,0.517],[-60.6121,50.1976,1.7727],[-60.6156,50.1931,3.4981],[-60.6134,50.1922,0.9082],[-60.6093,50.1949,1.2482],[-60.6099,50.1959,1.8497],[-60.6019,50.1975,1.5327],[-60.6031,50.1992,1.9324],[-60.6083,50.1994,1.1279]]],
[[[-60.596,50.1971,0.0],[-60.5979,50.1971,0.0],[-60.6014,50.195,0.4967],[-60.594,50.197,0.3784],[-60.596,50.1971,0.0]]],
[[[-60.5672,50.1964,0.3269],[-60.5683,50.1975,0.4505],[-60.5708,50.1954,0.0],[-60.57,50.195,0.0],[-60.5672,50.1964,0.3269]]],
[[[-60.5383,50.1978,0.0],[-60.54,50.1941,0.0],[-60.5356,50.1986,0.2068],[-60.5367,50.1994,0.0],[-60.5383,50.1978,0.0]]],
[[[-60.8706,50.1997,8.1333],[-60.8717,50.1978,2.3446],[-60.8706,50.1958,0.0],[-60.8676,50.201,0.1918],[-60.8706,50.1997,8.1333]]],
[[[-60.8206,50.1986,3.5919],[-60.8233,50.1975,3.5919],[-60.822,50.1956,3.539],[-60.8183,50.1972,3.2782],[-60.8206,50.1986,3.5919]]],
[[[-60.6617,50.1967,0.5433],[-60.6576,50.1967,0.3998],[-60.6572,50.1971,1.4445],[-60.6631,50.1985,3.1362],[-60.6617,50.1967,0.5433]]],
[[[-60.7978,50.1997,0.0],[-60.7993,50.1999,0.6808],[-60.7994,50.1964,0.5493],[-60.7972,50.1975,0.5475],[-60.7978,50.1997,0.0]]],
[[[-63.409,50.1979,-0.1678],[-63.4083,50.1997,0.0],[-63.4121,50.1995,-0.0307],[-63.4119,50.1992,-0.0307],[-63.409,50.1979,-0.1678]]],
[[[-63.2,50.1956,5.6653],[-63.1926,50.1973,3.5426],[-63.1994,50.1987,9.258],[-63.1974,50.2015,0.0],[-63.1989,50.2021,0.3145],[-63.2028,50.1981,8.2747],[-63.2094,50.1981,0.0],[-63.2061,50.1956,4.5361],[-63.2,50.1956,5.6653]]],
[[[-60.8372,50.2014,0.6011],[-60.8428,50.1969,0.0],[-60.84,50.1969,0.8229],[-60.8345,50.202,0.0],[-60.8372,50.2014,0.6011]]],
[[[-64.1897,50.2094,0.257],[-64.1857,50.2077,0.0],[-64.186,50.2099,0.0],[-64.1843,50.2105,0.0],[-64.1886,50.2105,0.0],[-64.1897,50.2094,0.257]]],
[[[-64.1327,50.2101,0.4695],[-64.1354,50.2109,0.0],[-64.1357,50.2067,0.0],[-64.1341,50.2092,0.4695],[-64.1327,50.2101,0.4695]]],
[[[-64.1311,50.2022,0.3579],[-64.1238,50.196,1.4533],[-64.1183,50.1994,1.5798],[-64.1181,50.2043,0.0],[-64.1161,50.2072,0.0],[-64.1183,50.2186,4.14],[-64.125,50.2222,0.3246],[-64.1256,50.225,0.0],[-64.1322,50.2233,2.3422],[-64.135,50.2167,0.0],[-64.135,50.2131,0.0],[-64.1315,50.2105,1.0053],[-64.1333,50.2063,0.0],[-64.1311,50.2022,0.3579]]],
[[[-59.8433,50.2511,0.5767],[-59.8444,50.2503,1.4363],[-59.8433,50.2486,0.0],[-59.8417,50.25,0.0],[-59.8433,50.2511,0.5767]]],
[[[-59.9611,50.2469,3.4383],[-59.9628,50.2456,1.8583],[-59.96,50.2447,0.6457],[-59.9582,50.2475,1.2742],[-59.9594,50.2475,1.2742],[-59.9611,50.2469,3.4383]]],
[[[-60.8306,50.2447,0.0],[-60.8183,50.2476,9.258],[-60.8211,50.2494,3.2577],[-60.8278,50.2489,0.0],[-60.8322,50.2461,6.0332],[-60.8306,50.2447,0.0]]],
[[[-63.0881,50.253,11.7979],[-63.0901,50.2532,11.7979],[-63.092,50.2511,7.8957],[-63.0929,50.2472,7.6339],[-63.0866,50.2496,3.0794],[-63.0881,50.253,11.7979]]],
[[[-62.4691,50.2494,1.0442],[-62.4659,50.2504,0.8531],[-62.4709,50.253,0.0],[-62.4714,50.2516,0.5581],[-62.4691,50.2494,1.0442]]],
[[[-62.4997,50.253,0.0662],[-62.5011,50.2528,0.2987],[-62.5026,50.2505,0.2423],[-62.5013,50.2506,0.2423],[-62.4997,50.253,0.0662]]],
[[[-59.7561,50.2753,1.8553],[-59.7583,50.2742,0.0],[-59.7567,50.2722,1.1246],[-59.7544,50.2742,0.1712],[-59.7561,50.2753,1.8553]]],
[[[-63.995,50.2817,8.6358],[-63.9983,50.2819,8.6358],[-64.0011,50.2842,5.3518],[-64.0161,50.2856,0.0],[-64.0311,50.2833,2.0808],[-64.0328,50.2828,2.0808],[-64.0311,50.2822,2.0808],[-64.0322,50.2811,6.0835],[-64.0372,50.2811,0.0],[-64.0334,50.2796,-0.018],[-64.0167,50.2814,1.9641],[-64.0172,50.28,0.0],[-64.0006,50.28,2.5829],[-64.0028,50.2772,2.1971],[-63.9878,50.2778,0.0668],[-63.995,50.2817,8.6358]]],
[[[-59.7339,50.2817,1.1074],[-59.7328,50.2797,1.7136],[-59.7283,50.2808,0.0],[-59.73,50.2831,1.1007],[-59.735,50.2825,0.5316],[-59.7339,50.2817,1.1074]]],
[[[-59.7861,50.2864,0.1564],[-59.7817,50.2844,0.5996],[-59.7806,50.2856,3.0055],[-59.7822,50.2856,3.0055],[-59.7778,50.2883,0.0],[-59.7817,50.2881,3.2275],[-59.7861,50.2864,0.1564]]],
[[[-63.0183,50.2879,0.0],[-63.019,50.2874,0.0],[-63.019,50.2856,0.0],[-63.0173,50.2862,0.6838],[-63.0183,50.2879,0.0]]],
[[[-62.7735,50.2905,0.0],[-62.7752,50.2906,0.0],[-62.7753,50.2877,2.4198],[-62.7734,50.2894,10.6161],[-62.7735,50.2905,0.0]]],
[[[-59.7394,50.2758,1.3463],[-59.7378,50.2764,1.3463],[-59.7406,50.2775,0.0],[-59.7411,50.28,0.0],[-59.7478,50.2789,0.0],[-59.743899999999996,50.2756,3.2346],[-59.7394,50.2758,1.3463]]],
[[[-59.803,50.2785,2.0292],[-59.805,50.2775,4.5653],[-59.8022,50.2767,0.0],[-59.7998,50.279,0.1825],[-59.8,50.2794,0.1825],[-59.803,50.2785,2.0292]]],
[[[-59.7378,50.2878,2.0248],[-59.74,50.2883,2.0248],[-59.7372,50.2886,0.1766],[-59.7406,50.2892,0.2227],[-59.7428,50.2875,2.6239],[-59.7417,50.2864,2.2885],[-59.7433,50.2844,4.8966],[-59.7411,50.2819,0.0],[-59.7389,50.2831,0.8864],[-59.7394,50.2858,2.6427],[-59.7367,50.2853,0.0],[-59.7361,50.2867,0.9482],[-59.7378,50.2878,2.0248]]],
[[[-62.995,50.2842,2.9964],[-62.9928,50.2825,1.1199],[-62.9878,50.2855,0.3588],[-62.9939,50.29,2.7885],[-62.9987,50.285,2.9964],[-62.995,50.2842,2.9964]]],
[[[-59.8909,50.2821,0.0],[-59.8917,50.2831,3.3326],[-59.8933,50.2826,3.3326],[-59.892,50.2805,2.1187],[-59.8909,50.2821,0.0]]],
[[[-59.9243,50.2709,0.0],[-59.9261,50.2709,0.0],[-59.9288,50.2692,0.0],[-59.9269,50.2687,0.0],[-59.9243,50.2709,0.0]]],
[[[-63.7011,50.2734,4.1995],[-63.7032,50.2725,0.0],[-63.7003,50.2699,-0.023],[-63.7002,50.2728,0.0],[-63.7011,50.2734,4.1995]]],
[[[-62.7748,50.2707,4.1764],[-62.7748,50.2692,2.0509],[-62.7709,50.2695,0.6394],[-62.7712,50.2732,2.4661],[-62.773,50.2736,0.8044],[-62.7748,50.2707,4.1764]]],
[[[-62.3382,50.2694,2.4543],[-62.3367,50.2678,0.3819],[-62.3352,50.2699,0.0],[-62.3378,50.2711,0.0],[-62.3382,50.2694,2.4543]]],
[[[-59.9433,50.2708,0.3587],[-59.94,50.2706,2.5777],[-59.9379,50.2718,0.0],[-59.94,50.2736,2.1056],[-59.9433,50.2708,0.3587]]],
[[[-60.2972,50.2739,0.2791],[-60.2983,50.2695,2.8667],[-60.2954,50.2697,2.8667],[-60.2941,50.2741,1.0904],[-60.2972,50.2739,0.2791]]],
[[[-61.1202,50.2732,0.0],[-61.1223,50.2726,0.0],[-61.1183,50.2717,0.0],[-61.1193,50.2731,1.6841],[-61.1202,50.2732,0.0]]],
[[[-62.7081,50.2727,2.7444],[-62.706,50.2727,0.0],[-62.7053,50.2736,0.0],[-62.7063,50.2738,4.3836],[-62.7081,50.2727,2.7444]]],
[[[-60.0031,50.2753,2.4044],[-60.0044,50.2761,0.0],[-60.0063,50.2739,0.0],[-60.0044,50.2736,0.0],[-60.0031,50.2753,2.4044]]],
[[[-62.9295,50.2766,0.4526],[-62.9308,50.2758,0.4526],[-62.9295,50.2745,0.0137],[-62.9272,50.277,0.2297],[-62.9286,50.2771,0.1827],[-62.9295,50.2766,0.4526]]],
[[[-63.7656,50.2767,12.8039],[-63.7688,50.2725,3.5611],[-63.7662,50.2702,0.0],[-63.7622,50.2716,0.0],[-63.761,50.2749,2.953],[-63.7629,50.278,2.1049],[-63.7656,50.2767,12.8039]]],
[[[-62.9805,50.2761,0.111],[-62.9776,50.2781,0.2686],[-62.9807,50.279,0.0],[-62.9839,50.2775,0.0],[-62.9827,50.2761,0.3439],[-62.9794,50.2784,0.2393],[-62.9805,50.2761,0.111]]],
[[[-62.4046,50.278,3.2791],[-62.4083,50.2761,0.0],[-62.4081,50.2724,5.2274],[-62.4048,50.2754,2.5853],[-62.4046,50.278,3.2791]]],
[[[-62.7486,50.2764,0.6506],[-62.7494,50.2754,0.2698],[-62.7441,50.277,0.9413],[-62.7419,50.2799,0.368],[-62.7481,50.2773,0.2995],[-62.7527,50.2776,1.0813],[-62.7486,50.2764,0.6506]]],
[[[-62.8603,50.2762,-0.1427],[-62.8614,50.2751,0.0],[-62.8576,50.2767,-0.0018],[-62.8575,50.2783,0.1207],[-62.8625,50.2766,0.5256],[-62.8603,50.2762,-0.1427]]],
[[[-62.9739,50.2793,0.0],[-62.9744,50.2786,2.3987],[-62.9765,50.2771,0.2686],[-62.9734,50.2774,0.0],[-62.9739,50.2793,0.0]]],
[[[-62.928,50.2787,0.1827],[-62.9266,50.2774,0.1827],[-62.9258,50.2775,0.1827],[-62.9274,50.2804,1.3261],[-62.928,50.2787,0.1827]]],
[[[-62.8827,50.2796,0.7412],[-62.8815,50.2815,0.0],[-62.8916,50.2817,6.0012],[-62.9045,50.2775,0.4802],[-62.8993,50.2771,3.3478],[-62.8975,50.2786,3.9931],[-62.8979,50.277,0.0],[-62.893,50.2768,0.0],[-62.8885,50.2794,5.7761],[-62.885,50.2783,0.0],[-62.8827,50.2796,0.7412]]],
[[[-62.9645,50.2803,0.4964],[-62.9637,50.283,1.3889],[-62.9668,50.2835,0.896],[-62.9708,50.278,0.0],[-62.969,50.2773,0.9588],[-62.9645,50.2803,0.4964]]],
[[[-59.8983,50.2825,0.0],[-59.8992,50.2783,0.4718],[-59.8973,50.2785,0.0],[-59.897,50.2819,0.4567],[-59.8983,50.2825,0.0]]],
[[[-59.9,50.2814,1.0388],[-59.9017,50.2817,1.0388],[-59.9017,50.28,0.7203],[-59.9,50.2795,0.7203],[-59.9,50.2814,1.0388]]],
[[[-63.033,50.2805,0.2786],[-63.0306,50.2818,0.2786],[-63.0306,50.2824,0.0],[-63.0346,50.2809,0.3115],[-63.033,50.2805,0.2786]]],
[[[-62.8997,50.2819,0.0],[-62.9019,50.2832,3.238],[-62.9029,50.2829,0.0],[-62.9025,50.2803,0.0],[-62.8997,50.2819,0.0]]],
[[[-59.8367,50.2583,2.6737],[-59.8372,50.2556,3.949],[-59.8333,50.2558,0.2326],[-59.8344,50.2586,1.2011],[-59.8367,50.2583,2.6737]]],
[[[-63.6941,50.2539,0.0858],[-63.6957,50.254,0.0858],[-63.6967,50.2528,-0.1132],[-63.6944,50.2519,-0.1016],[-63.6941,50.2539,0.0858]]],
[[[-59.9205,50.2533,1.5998],[-59.9161,50.257,0.0],[-59.92,50.2589,0.0],[-59.9214,50.2547,1.8524],[-59.9205,50.2533,1.5998]]],
[[[-59.9033,50.2589,4.1344],[-59.9061,50.2581,0.3686],[-59.9044,50.2547,0.0],[-59.9006,50.2581,6.8357],[-59.9011,50.2597,4.1344],[-59.9033,50.2589,4.1344]]],
[[[-59.9433,50.2561,0.4486],[-59.9456,50.2553,0.0],[-59.945,50.2536,0.0],[-59.9434,50.2536,0.0],[-59.9433,50.2561,0.4486]]],
[[[-60.1994,50.2508,2.763],[-60.1993,50.2486,0.0],[-60.1972,50.2522,2.0924],[-60.1933,50.2544,0.0],[-60.195,50.2556,1.1348],[-60.1931,50.2569,0.0],[-60.1984,50.254,1.641],[-60.1994,50.2508,2.763]]],
[[[-60.2171,50.2485,0.982],[-60.2154,50.2479,0.982],[-60.2123,50.2548,0.0],[-60.2136,50.2567,1.2037],[-60.2124,50.2599,0.0],[-60.2145,50.2591,0.514],[-60.2164,50.2507,0.0],[-60.2178,50.2504,5.4805],[-60.2175,50.2533,0.0],[-60.2202,50.254,0.0],[-60.2248,50.2504,0.0],[-60.2202,50.2512,3.2472],[-60.2191,50.2484,0.0],[-60.2171,50.2485,0.982]]],
[[[-62.5853,50.2553,0.2758],[-62.5842,50.2541,0.9729],[-62.5822,50.2533,0.0],[-62.5843,50.2567,0.1148],[-62.5853,50.2553,0.2758]]],
[[[-62.5189,50.2562,1.2147],[-62.5204,50.2565,1.2147],[-62.5208,50.254,0.1461],[-62.5194,50.2541,0.1461],[-62.5189,50.2562,1.2147]]],
[[[-62.5893,50.2555,0.7403],[-62.5883,50.2575,2.4894],[-62.5854,50.2571,2.9558],[-62.5883,50.2603,1.9127],[-62.5919,50.2582,0.2789],[-62.5893,50.2555,0.7403]]],
[[[-62.5311,50.2577,0.8448],[-62.5276,50.2553,0.0],[-62.5294,50.2607,0.0],[-62.5346,50.2602,1.3703],[-62.5358,50.2579,0.5371],[-62.5347,50.2575,0.5371],[-62.5311,50.2577,0.8448]]],
[[[-62.4982,50.2573,0.0],[-62.5007,50.2551,0.0],[-62.4987,50.2552,0.0666],[-62.4971,50.2569,0.2809],[-62.4982,50.2573,0.0]]],
[[[-62.439,50.2582,0.0],[-62.4402,50.2572,1.1684],[-62.4379,50.2544,0.1374],[-62.4371,50.2557,0.515],[-62.439,50.2582,0.0]]],
[[[-62.5068,50.256,1.2042],[-62.5004,50.2596,0.0],[-62.515,50.2583,1.1331],[-62.5118,50.2567,0.0],[-62.5076,50.2571,1.7487],[-62.5081,50.256,1.2042],[-62.5068,50.256,1.2042]]],
[[[-60.29,50.2608,0.5051],[-60.2925,50.2597,1.1117],[-60.292,50.2578,0.7678],[-60.2889,50.2597,2.3475],[-60.29,50.2608,0.5051]]],
[[[-62.317,50.2603,0.0],[-62.315,50.2594,0.9533],[-62.3158,50.2588,0.0],[-62.3136,50.259,3.9924],[-62.3158,50.2606,0.0],[-62.317,50.2603,0.0]]],
[[[-62.3258,50.2619,0.0494],[-62.327,50.2606,2.1419],[-62.3244,50.2591,0.1055],[-62.326,50.2609,2.1419],[-62.3258,50.2619,0.0494]]],
[[[-62.4947,50.2562,0.2809],[-62.4908,50.256,0.7669],[-62.4911,50.2596,0.4946],[-62.492,50.2602,0.4946],[-62.4947,50.2562,0.2809]]],
[[[-62.4931,50.2601,0.5024],[-62.4942,50.2605,0.0],[-62.4967,50.2578,0.0],[-62.4937,50.2588,0.5024],[-62.4931,50.2601,0.5024]]],
[[[-62.4968,50.2678,0.7816],[-62.4974,50.2687,0.7816],[-62.4985,50.2687,0.7816],[-62.4969,50.2662,0.2027],[-62.4968,50.2678,0.7816]]],
[[[-62.5979,50.2585,2.9803],[-62.598,50.2603,2.0953],[-62.596,50.2606,2.9266],[-62.5954,50.2632,0.0],[-62.6025,50.2593,0.4157],[-62.6,50.2571,0.3918],[-62.6,50.2535,0.0],[-62.5985,50.2537,0.0],[-62.5979,50.2585,2.9803]]],
[[[-62.5857,50.2619,2.1892],[-62.5875,50.2621,-0.0175],[-62.5882,50.2617,0.0],[-62.5858,50.26,1.4528],[-62.5857,50.2619,2.1892]]],
[[[-62.4975,50.263,0.0],[-62.4986,50.2632,0.0],[-62.4995,50.2609,0.6954],[-62.4975,50.2617,0.0],[-62.4975,50.263,0.0]]],
[[[-62.4243,50.2646,0.5211],[-62.4279,50.2634,7.5251],[-62.4279,50.2617,2.593],[-62.4245,50.2627,1.363],[-62.4243,50.2646,0.5211]]],
[[[-62.5909,50.2642,0.0],[-62.5925,50.2648,1.3834],[-62.5936,50.2637,0.0],[-62.5891,50.2625,-0.0175],[-62.5909,50.2642,0.0]]],
[[[-62.5783,50.2595,0.0],[-62.5796,50.2632,0.6564],[-62.5862,50.2656,0.4931],[-62.5854,50.2638,0.3155],[-62.5823,50.2637,3.0027],[-62.5837,50.2622,0.39],[-62.5783,50.2595,0.0]]],
[[[-62.5497,50.262,1.3383],[-62.5493,50.2606,1.3383],[-62.5469,50.2624,0.0],[-62.549,50.2636,0.4117],[-62.5505,50.2631,0.0],[-62.5497,50.262,1.3383]]],
[[[-62.4327,50.2634,1.3791],[-62.4309,50.2639,1.4286],[-62.4356,50.2657,1.3941],[-62.4381,50.2614,0.7434],[-62.434,50.2624,1.0538],[-62.4345,50.2647,3.0442],[-62.4327,50.2634,1.3791]]],
[[[-62.4929,50.2646,0.5952],[-62.4955,50.2639,0.0],[-62.4959,50.2633,0.0],[-62.4937,50.262,0.0],[-62.4929,50.2646,0.5952]]],
[[[-62.5733,50.261,0.2123],[-62.5722,50.2619,0.2921],[-62.5742,50.2652,0.836],[-62.5827,50.266,1.5799],[-62.5782,50.2645,0.7724],[-62.5733,50.261,0.2123]]],
[[[-62.3333,50.2663,0.2234],[-62.3345,50.2664,0.2234],[-62.3323,50.2646,0.0],[-62.331,50.2655,1.5668],[-62.3328,50.2692,0.0],[-62.3339,50.2687,0.0],[-62.3333,50.2663,0.2234]]],
[[[-62.4043,50.268,0.0],[-62.4053,50.2681,0.0],[-62.4041,50.2626,0.2664],[-62.4032,50.2637,0.2664],[-62.4043,50.268,0.0]]],
[[[-62.4271,50.2672,2.1459],[-62.4288,50.2687,2.1459],[-62.4297,50.2679,4.2139],[-62.4293,50.2639,2.7457],[-62.4259,50.2659,4.7246],[-62.4271,50.2672,2.1459]]],
[[[-59.8996,50.2716,2.8262],[-59.9029,50.2718,1.8349],[-59.903,50.274,0.0],[-59.9078,50.2747,5.3099],[-59.9094,50.2773,0.5135],[-59.9144,50.2761,3.9771],[-59.9226,50.2707,0.0],[-59.9205,50.2683,0.135],[-59.9257,50.2642,3.828],[-59.9164,50.262,0.0],[-59.9084,50.2629,13.8286],[-59.8978,50.2689,0.0],[-59.8975,50.2714,0.0],[-59.8996,50.2716,2.8262]]],
[[[-63.8037,50.2748,0.9796],[-63.8139,50.2756,7.9979],[-63.815,50.2789,0.0],[-63.814,50.2805,0.0],[-63.8152,50.2807,0.0],[-63.828,50.2762,14.7006],[-63.8321,50.2716,9.6797],[-63.8365,50.2707,0.7675],[-63.8374,50.2676,2.9282],[-63.832,50.2646,0.8327],[-63.8191,50.2651,0.3856],[-63.8179,50.267,6.7202],[-63.8091,50.2697,1.6077],[-63.808,50.271,4.9935],[-63.8105,50.2722,4.6449],[-63.8037,50.2748,0.9796]]],
[[[-62.7069,50.2679,0.8664],[-62.7052,50.2666,0.6504],[-62.7017,50.2672,5.4177],[-62.6996,50.2706,0.2504],[-62.7016,50.2709,1.1031],[-62.7032,50.2674,0.5567],[-62.7069,50.2679,0.8664]]],
[[[-62.4118,50.2701,2.2073],[-62.4133,50.271,5.0406],[-62.4127,50.2738,0.6947],[-62.4109,50.2735,0.0],[-62.4121,50.2755,0.0],[-62.4158,50.271,5.0406],[-62.416,50.2667,0.5807],[-62.4112,50.2676,2.8653],[-62.4107,50.2699,2.2073],[-62.4118,50.2701,2.2073]]],
[[[-59.6978,50.3,4.4175],[-59.7,50.2983,4.6597],[-59.6983,50.2956,1.3146],[-59.695,50.2986,0.0],[-59.6978,50.3,4.4175]]],
[[[-59.6539,50.3106,2.1702],[-59.65,50.31,0.0],[-59.6467,50.3147,1.5045],[-59.6494,50.315,2.8381],[-59.6539,50.3106,2.1702]]],
[[[-59.7583,50.3156,1.4655],[-59.76,50.3164,0.6808],[-59.7622,50.3147,2.7387],[-59.7572,50.3153,5.3837],[-59.7583,50.3156,1.4655]]],
[[[-59.7494,50.3169,0.7096],[-59.7461,50.3192,0.5047],[-59.75,50.32,0.0],[-59.7517,50.3169,4.3527],[-59.7606,50.3131,0.0],[-59.7617,50.3106,0.6338],[-59.7544,50.3128,3.6569],[-59.7494,50.3125,0.793],[-59.7478,50.315,5.0965],[-59.7494,50.3169,0.7096]]],
[[[-60.3022,50.3228,0.0],[-60.3056,50.3219,0.0],[-60.3061,50.3206,0.0],[-60.3017,50.3211,1.1215],[-60.3022,50.3228,0.0]]],
[[[-59.6289,50.3344,4.859],[-59.6261,50.3369,0.0],[-59.6294,50.3367,8.5531],[-59.6289,50.3383,4.8819],[-59.6322,50.3392,0.9389],[-59.6333,50.3381,0.0],[-59.6317,50.3353,9.0139],[-59.6328,50.3331,0.0],[-59.6311,50.3317,9.8709],[-59.6356,50.3294,3.8855],[-59.6339,50.3286,11.145],[-59.6361,50.3281,11.145],[-59.6367,50.3258,2.1606],[-59.6244,50.3272,2.2619],[-59.6233,50.3306,10.1913],[-59.6206,50.3306,10.1913],[-59.6183,50.3328,6.3327],[-59.62,50.3347,1.8019],[-59.6242,50.3331,10.1282],[-59.625,50.3347,1.4623],[-59.6289,50.3344,4.859]]],
[[[-59.8491,50.343,4.1877],[-59.8471,50.343,4.2587],[-59.8464,50.3407,4.9621],[-59.8426,50.3448,15.0667],[-59.845,50.3455,0.0],[-59.8491,50.343,4.1877]]],
[[[-59.8078,50.3467,0.0],[-59.8044,50.3468,0.0],[-59.8049,50.35,4.7225],[-59.8078,50.351,3.3895],[-59.8114,50.35,0.0],[-59.8087,50.3485,1.4057],[-59.8078,50.3467,0.0]]],
[[[-59.835,50.3539,0.0],[-59.8385,50.3533,0.6907],[-59.8394,50.3525,0.6907],[-59.8362,50.3527,4.0436],[-59.835,50.3539,0.0]]],
[[[-59.8142,50.3532,4.2664],[-59.8198,50.3506,2.8263],[-59.8144,50.3514,1.0019],[-59.8128,50.3525,0.0],[-59.8142,50.3532,4.2664]]],
[[[-59.6439,50.3178,9.9198],[-59.6467,50.3156,0.6857],[-59.645,50.3142,1.5045],[-59.6372,50.3183,0.0],[-59.6367,50.3208,1.2681],[-59.64,50.3217,7.5452],[-59.6439,50.3178,9.9198]]],
[[[-59.6339,50.3233,0.9426],[-59.6367,50.3242,0.1878],[-59.6378,50.3219,1.2681],[-59.6356,50.3217,0.0],[-59.6339,50.3233,0.9426]]],
[[[-59.6456,50.3097,3.4619],[-59.6506,50.3078,5.7175],[-59.6533,50.3092,9.8374],[-59.6522,50.3097,0.0],[-59.6556,50.3097,3.7894],[-59.6594,50.3044,3.3291],[-59.6594,50.3022,8.9617],[-59.6661,50.3,1.8455],[-59.6656,50.2972,0.0],[-59.6617,50.2964,1.2361],[-59.6589,50.2978,0.0],[-59.6589,50.2994,2.2974],[-59.6567,50.2989,2.2974],[-59.6544,50.3006,1.9778],[-59.6533,50.3033,5.9805],[-59.6444,50.3061,0.0],[-59.6444,50.3097,0.0],[-59.6456,50.3097,3.4619]]],
[[[-59.685,50.3006,5.6273],[-59.6839,50.3,0.0],[-59.6833,50.3017,0.0],[-59.685,50.3069,0.0],[-59.6867,50.3075,1.3946],[-59.6906,50.3075,0.0],[-59.6944,50.3036,6.1063],[-59.6922,50.3014,1.546],[-59.685,50.3006,5.6273]]],
[[[-60.2872,50.3108,4.7603],[-60.2883,50.3089,3.6165],[-60.2781,50.3134,0.0],[-60.2833,50.3131,1.9923],[-60.2872,50.3108,4.7603]]],
[[[-59.8667,50.375,0.4614],[-59.8655,50.3756,0.0],[-59.8706,50.3758,0.0],[-59.8678,50.3744,0.4614],[-59.8667,50.375,0.4614]]],
[[[-59.8484,50.393,0.0],[-59.8556,50.3911,0.0],[-59.8528,50.3903,1.4675],[-59.8482,50.3915,0.0],[-59.8484,50.393,0.0]]],
[[[-59.6985,50.3946,0.0],[-59.6955,50.3938,0.916],[-59.6936,50.3944,0.0],[-59.6957,50.3952,0.916],[-59.6985,50.3946,0.0]]],
[[[-59.7589,50.3847,0.0],[-59.7567,50.3858,1.1333],[-59.7594,50.3872,0.2915],[-59.7622,50.3864,0.3468],[-59.76,50.3861,0.3468],[-59.7589,50.3847,0.0]]],
[[[-59.7183,50.3769,0.0],[-59.7144,50.3825,0.2448],[-59.715,50.3844,0.5777],[-59.7178,50.3822,7.7121],[-59.7189,50.3822,2.4534],[-59.7189,50.3836,2.4534],[-59.7211,50.3822,0.0],[-59.7217,50.3806,2.5543],[-59.7194,50.3781,5.583],[-59.7211,50.3756,0.4246],[-59.7183,50.3769,0.0]]],
[[[-59.7057,50.3808,0.0],[-59.7044,50.3817,0.0],[-59.7073,50.3816,1.6516],[-59.7081,50.3833,0.0],[-59.7106,50.3814,0.0],[-59.7089,50.3803,0.0],[-59.7057,50.3808,0.0]]],
[[[-59.7653,50.4258,8.1082],[-59.7688,50.4233,0.0],[-59.7651,50.4229,0.0],[-59.7596,50.4274,1.6081],[-59.7632,50.4268,8.809],[-59.7653,50.4258,8.1082]]],
[[[-59.8017,50.4165,3.5364],[-59.7983,50.4183,0.7887],[-59.7991,50.4203,4.6805],[-59.8033,50.4218,3.7297],[-59.8115,50.4174,2.5386],[-59.8033,50.4186,1.3929],[-59.8017,50.4165,3.5364]]],
[[[-59.8091,50.4216,4.1264],[-59.8097,50.4203,0.5041],[-59.8077,50.4203,0.5041],[-59.8042,50.4233,1.014],[-59.8072,50.4231,3.7339],[-59.8091,50.4216,4.1264]]],
[[[-59.57,50.4475,0.0],[-59.5717,50.4478,2.1972],[-59.5722,50.4447,1.9748],[-59.57,50.4442,6.1733],[-59.5683,50.4456,0.0],[-59.57,50.4475,0.0]]],
[[[-59.5628,50.4525,2.6211],[-59.5656,50.4531,2.6211],[-59.5678,50.4506,3.3774],[-59.5661,50.4506,1.0216],[-59.5628,50.4525,2.6211]]],
[[[-59.4758,50.4733,0.0728],[-59.4772,50.4711,1.8361],[-59.4744,50.4706,0.5192],[-59.4739,50.4714,0.0],[-59.4758,50.4733,0.0728]]],
[[[-59.7933,50.4094,2.1543],[-59.8016,50.405,2.0074],[-59.8006,50.4086,0.0],[-59.8017,50.4096,9.4664],[-59.7974,50.4132,0.0],[-59.8071,50.4147,9.6924],[-59.8139,50.4131,1.3963],[-59.816,50.4095,2.7562],[-59.8226,50.4075,1.7869],[-59.8152,50.4022,12.4515],[-59.8032,50.4037,0.7285],[-59.8026,50.4023,15.0267],[-59.8094,50.4006,0.0],[-59.8083,50.3994,1.0687],[-59.7961,50.4019,1.3099],[-59.8006,50.3983,3.6443],[-59.7961,50.398,1.2224],[-59.7961,50.3967,10.6584],[-59.8,50.396,10.5428],[-59.8044,50.3978,5.7313],[-59.8188,50.3914,11.09],[-59.8199,50.3919,6.6528],[-59.8087,50.3984,1.367],[-59.8263,50.3981,3.0427],[-59.8311,50.3931,0.0],[-59.8289,50.3908,3.9262],[-59.8237,50.3904,24.872],[-59.825,50.3894,5.1929],[-59.8287,50.3892,5.7689],[-59.8349,50.3934,8.5391],[-59.8394,50.3922,0.0],[-59.8411,50.3905,1.8827],[-59.8352,50.3907,11.543],[-59.8351,50.3894,13.7236],[-59.8449,50.3843,10.6695],[-59.8427,50.3828,5.0503],[-59.8358,50.3825,6.5023],[-59.8358,50.381,10.868],[-59.843,50.377,0.0],[-59.8375,50.3772,5.217],[-59.842,50.374,5.2482],[-59.8222,50.3736,0.0],[-59.8154,50.3754,0.0],[-59.8144,50.3764,0.0],[-59.8261,50.3783,5.01],[-59.8127,50.3822,19.0831],[-59.8136,50.3806,0.0],[-59.8088,50.3793,3.27],[-59.7917,50.3892,2.0493],[-59.7928,50.3941,1.1675],[-59.7902,50.3954,3.834],[-59.7894,50.394,3.834],[-59.7871,50.3946,1.9701],[-59.7822,50.3989,0.0],[-59.7854,50.399,15.0062],[-59.7833,50.4036,4.0201],[-59.7844,50.4058,0.0],[-59.7931,50.4011,4.1277],[-59.7922,50.4043,2.3308],[-59.7871,50.4085,0.0],[-59.7933,50.4094,2.1543]]],
[[[-59.7928,50.4128,0.0],[-59.795,50.4122,0.0],[-59.7959,50.4102,0.0],[-59.7908,50.4119,0.0],[-59.7928,50.4128,0.0]]],
[[[-59.5166,50.491,0.6486],[-59.5184,50.4916,2.1307],[-59.5206,50.4906,2.1307],[-59.5177,50.4897,0.584],[-59.5166,50.491,0.6486]]],
[[[-59.4622,50.4839,4.6829],[-59.4572,50.4858,0.0],[-59.4667,50.4872,0.0],[-59.4656,50.4853,2.7201],[-59.4622,50.4839,4.6829]]],
[[[-59.4667,50.4903,0.0],[-59.4594,50.4881,0.0],[-59.4583,50.4914,2.7994],[-59.4628,50.4936,3.624],[-59.4694,50.4922,0.5893],[-59.4667,50.4903,0.0]]],
[[[-59.4961,50.5081,2.9672],[-59.4956,50.5061,5.3893],[-59.4924,50.5065,5.1815],[-59.4949,50.5094,0.0],[-59.4961,50.5081,2.9672]]],
[[[-59.4648,50.508,1.7834],[-59.4633,50.507,0.0],[-59.4606,50.5075,0.0],[-59.4622,50.509,0.4008],[-59.4648,50.508,1.7834]]],
[[[-59.4789,50.5153,3.0452],[-59.4817,50.5153,1.6659],[-59.4811,50.5128,1.0663],[-59.4783,50.5133,1.3254],[-59.4789,50.5153,3.0452]]],
[[[-59.5167,50.5189,6.9635],[-59.5144,50.5194,0.7616],[-59.5156,50.5222,0.0],[-59.5183,50.5206,0.483],[-59.5239,50.5219,10.0686],[-59.5261,50.5203,3.7439],[-59.5272,50.5183,4.8772],[-59.5261,50.5169,6.5057],[-59.5289,50.5136,2.7823],[-59.525,50.5122,0.7512],[-59.5211,50.5147,0.0],[-59.5228,50.5172,2.0245],[-59.5167,50.5189,6.9635]]],
[[[-59.515,50.5156,7.2744],[-59.5094,50.5158,1.7292],[-59.5061,50.5186,1.1927],[-59.5089,50.5197,0.7429],[-59.515,50.5156,7.2744]]],
[[[-59.5022,50.4989,2.5885],[-59.4989,50.4983,0.0],[-59.5006,50.5,1.2682],[-59.505,50.5003,0.0],[-59.5022,50.4989,2.5885]]],
[[[-59.4544,50.4983,6.7488],[-59.46,50.5011,1.054],[-59.4622,50.4994,3.4554],[-59.4594,50.4978,10.0093],[-59.4589,50.495,0.0],[-59.455,50.4933,0.0],[-59.4522,50.493899999999996,0.0],[-59.4533,50.4953,0.0],[-59.4517,50.4969,1.1722],[-59.4494,50.4967,0.0],[-59.4506,50.4986,0.957],[-59.4544,50.4983,6.7488]]],
[[[-59.4817,50.4922,0.3331],[-59.493899999999996,50.4969,2.3316],[-59.4844,50.4911,2.2041],[-59.4817,50.4911,1.0897],[-59.4817,50.4922,0.3331]]],
[[[-59.4617,50.5019,2.2044],[-59.4622,50.5028,0.6993],[-59.465,50.5025,2.0569],[-59.4644,50.5003,0.0],[-59.4617,50.5019,2.2044]]],
[[[-59.4706,50.5092,0.2498],[-59.4806,50.5125,1.0663],[-59.4811,50.5094,3.432],[-59.4828,50.5086,19.2892],[-59.4867,50.5106,0.0],[-59.4911,50.5086,4.0509],[-59.49,50.5067,22.7393],[-59.495,50.5056,5.3893],[-59.4944,50.5042,6.7862],[-59.4961,50.5042,6.7862],[-59.495,50.5028,12.4211],[-59.4967,50.5022,0.3942],[-59.4867,50.4969,3.3366],[-59.4767,50.493899999999996,3.7444],[-59.4756,50.4986,0.0],[-59.4772,50.4989,0.9866],[-59.4778,50.5011,3.6075],[-59.475,50.5003,0.5335],[-59.475,50.5014,0.0],[-59.4783,50.5053,11.8513],[-59.4817,50.5056,8.7215],[-59.4706,50.5092,0.2498]]],
[[[-59.4639,50.4739,2.8691],[-59.4611,50.4731,18.7308],[-59.4583,50.4694,0.6952],[-59.455,50.4714,0.0],[-59.4561,50.4739,8.2137],[-59.455,50.4747,0.0],[-59.4583,50.4767,10.896],[-59.4606,50.4819,1.1587],[-59.4617,50.4819,4.9495],[-59.4639,50.4739,2.8691]]],
[[[-59.4722,50.4794,0.0],[-59.4756,50.4833,0.0],[-59.4793,50.4846,1.5787],[-59.4756,50.4786,0.0],[-59.4722,50.4781,0.0],[-59.4722,50.4794,0.0]]],
[[[-59.4656,50.4825,0.0],[-59.4728,50.4875,0.0],[-59.4744,50.4861,1.0544],[-59.4667,50.4764,1.3659],[-59.4633,50.4783,18.4136],[-59.4633,50.4808,4.9495],[-59.4656,50.4825,0.0]]],
[[[-59.8083,50.3544,1.4848],[-59.8094,50.3533,0.8497],[-59.8083,50.3525,0.8497],[-59.8061,50.3536,0.0],[-59.8067,50.3544,1.0292],[-59.8083,50.3544,1.4848]]],
[[[-59.8222,50.3553,0.0],[-59.8243,50.3558,1.6887],[-59.8264,50.3547,0.0],[-59.8237,50.3542,0.0],[-59.8222,50.3553,0.0]]],
[[[-59.505,50.5317,1.36],[-59.5078,50.53,4.3593],[-59.5072,50.5286,0.0],[-59.5061,50.5286,0.0],[-59.505,50.5317,1.36]]],
[[[-59.5011,50.5275,1.0365],[-59.4972,50.5275,0.1416],[-59.4961,50.5294,0.131],[-59.5011,50.5294,0.9267],[-59.5011,50.5275,1.0365]]],
[[[-59.5028,50.5494,0.3185],[-59.4989,50.5514,0.129],[-59.4989,50.5539,-0.1128],[-59.5078,50.5519,1.2551],[-59.5028,50.5494,0.3185]]],
[[[-59.4861,50.5339,5.001],[-59.4844,50.5333,1.6312],[-59.4861,50.5324,1.6312],[-59.4806,50.5325,3.1079],[-59.4822,50.5347,5.001],[-59.4861,50.5339,5.001]]],
[[[-59.4657,50.5714,0.0],[-59.4641,50.5706,4.1484],[-59.462,50.5731,1.3799],[-59.4639,50.5733,1.0119],[-59.4657,50.5714,0.0]]],
[[[-59.4669,50.5739,0.0],[-59.4689,50.5739,0.0],[-59.47,50.5722,1.4841],[-59.4689,50.5719,0.0],[-59.4669,50.5739,0.0]]],
[[[-59.4622,50.5775,2.8875],[-59.46,50.5737,0.0],[-59.4573,50.5757,1.6824],[-59.4611,50.5789,9.1813],[-59.4622,50.5775,2.8875]]],
[[[-59.4672,50.5764,0.0],[-59.4684,50.5777,0.4048],[-59.4711,50.5761,0.0],[-59.468,50.5759,1.8722],[-59.4672,50.5764,0.0]]],
[[[-59.2856,50.5944,0.0],[-59.2825,50.5955,0.1488],[-59.2825,50.5959,0.1488],[-59.2862,50.5956,3.5832],[-59.2856,50.5944,0.0]]],
[[[-59.2855,50.5962,3.5832],[-59.2847,50.5974,2.6167],[-59.2871,50.5977,2.6167],[-59.2882,50.5961,3.5832],[-59.2868,50.5958,3.5832],[-59.2855,50.5962,3.5832]]],
[[[-59.4619,50.5886,8.9666],[-59.4639,50.5864,0.0],[-59.4611,50.5856,1.479],[-59.4544,50.5897,1.9851],[-59.4582,50.5907,1.3035],[-59.4619,50.5886,8.9666]]],
[[[-59.4475,50.5923,0.0],[-59.4494,50.5919,3.0063],[-59.4501,50.591,3.0063],[-59.4466,50.5913,2.1612],[-59.4475,50.5923,0.0]]],
[[[-59.4453,50.5906,2.1612],[-59.4432,50.5906,2.4184],[-59.4417,50.5928,1.0741],[-59.4454,50.5912,2.1612],[-59.4453,50.5906,2.1612]]],
[[[-59.3022,50.5933,0.0],[-59.3028,50.5953,0.0],[-59.3061,50.5942,2.1156],[-59.3044,50.5925,2.3355],[-59.3022,50.5933,0.0]]],
[[[-59.3433,50.5883,0.0],[-59.3427,50.5865,0.5802],[-59.34,50.5894,0.0],[-59.3422,50.5894,2.6396],[-59.3433,50.5883,0.0]]],
[[[-59.385,50.5906,1.3487],[-59.3866,50.5893,0.0],[-59.3849,50.588,1.8972],[-59.3822,50.5886,0.0],[-59.3861,50.5983,1.1431],[-59.3871,50.5934,2.4492],[-59.385,50.5906,1.3487]]],
[[[-59.4644,50.5367,1.0139],[-59.4606,50.5356,1.1202],[-59.4606,50.5372,0.0],[-59.4628,50.5383,1.044],[-59.4672,50.5383,0.6733],[-59.4644,50.5367,1.0139]]],
[[[-59.4267,50.5563,0.8428],[-59.4222,50.5536,0.0],[-59.4211,50.5539,0.5204],[-59.4267,50.5563,0.8428]]],
[[[-59.4267,50.5563,0.8428],[-59.4267,50.5563,0.8428],[-59.4288,50.5572,0.0],[-59.4267,50.5563,0.8428]]],
[[[-59.3858,50.5639,1.1589],[-59.3872,50.5642,1.1589],[-59.3872,50.5622,3.9619],[-59.3828,50.5622,0.0],[-59.3828,50.5628,0.0],[-59.3858,50.5639,1.1589]]],
[[[-59.3796,50.5682,2.1439],[-59.3811,50.5678,2.1439],[-59.3813,50.5702,0.0],[-59.3833,50.5702,2.0663],[-59.3857,50.5685,0.0],[-59.3856,50.5653,1.1589],[-59.3827,50.5642,6.2356],[-59.3788,50.5652,0.0],[-59.3785,50.5684,2.1439],[-59.3796,50.5682,2.1439]]],
[[[-59.4294,50.5336,2.5725],[-59.4306,50.5292,1.1579],[-59.4278,50.5303,0.0],[-59.4272,50.5333,0.2807],[-59.4294,50.5336,2.5725]]],
[[[-59.4256,50.5306,1.1373],[-59.4222,50.5333,0.0],[-59.4272,50.5344,0.5355],[-59.4256,50.5336,2.8426],[-59.4267,50.5311,1.2063],[-59.4256,50.5306,1.1373]]],
[[[-59.4649,50.5342,0.0],[-59.4661,50.5352,2.7429],[-59.4691,50.5339,1.3988],[-59.4679,50.5334,0.0],[-59.4649,50.5342,0.0]]],
[[[-59.4544,50.5342,0.0],[-59.455,50.5367,0.0],[-59.4594,50.5358,1.1202],[-59.4583,50.5347,1.2194],[-59.4594,50.5339,1.2194],[-59.4578,50.5333,0.0],[-59.4544,50.5342,0.0]]],
[[[-59.4301,50.5346,0.0],[-59.4317,50.5367,1.0731],[-59.4339,50.5353,0.386],[-59.4328,50.5344,0.386],[-59.4301,50.5346,0.0]]],
[[[-59.4706,50.5669,1.1706],[-59.4688,50.569,1.5029],[-59.473,50.5692,0.3839],[-59.4741,50.5669,1.0503],[-59.4732,50.5658,1.1706],[-59.4706,50.5669,1.1706]]],
[[[-59.3994,50.5672,1.3925],[-59.3961,50.5675,2.5097],[-59.3933,50.5694,0.0],[-59.4002,50.5688,0.0],[-59.3994,50.5672,1.3925]]],
[[[-59.3479,50.6406,0.6256],[-59.3461,50.6422,0.0],[-59.3506,50.6458,0.0],[-59.3572,50.6456,0.0],[-59.3606,50.6439,1.2039],[-59.3771,50.6437,2.1553],[-59.382,50.6393,1.107],[-59.3843,50.633,2.9088],[-59.3867,50.6312,2.6137],[-59.3906,50.6315,2.5337],[-59.3916,50.6293,6.1645],[-59.38,50.6253,3.002],[-59.3822,50.6222,0.6244],[-59.3806,50.6197,9.1451],[-59.3834,50.6175,0.0],[-59.3786,50.6099,0.987],[-59.3728,50.6095,1.9571],[-59.3736,50.6074,0.6097],[-59.3773,50.606,0.0],[-59.3769,50.6037,6.7249],[-59.379,50.6026,0.0],[-59.3775,50.6013,0.0],[-59.3727,50.6019,1.5591],[-59.3698,50.5964,0.0],[-59.3643,50.5956,9.428],[-59.3681,50.5943,0.9224],[-59.3693,50.5913,11.2423],[-59.3761,50.5914,0.0],[-59.3737,50.5867,0.6956],[-59.3786,50.5844,0.0],[-59.3788,50.5821,1.8673],[-59.377,50.5802,0.7904],[-59.3744,50.58,0.1626],[-59.3752,50.582,6.9195],[-59.37,50.5811,0.0],[-59.3646,50.5834,1.4162],[-59.3605,50.5882,0.0],[-59.362,50.591,2.67],[-59.3595,50.5955,0.0],[-59.3609,50.5953,3.6411],[-59.3648,50.588,7.9354],[-59.3669,50.5887,2.9158],[-59.3598,50.5993,0.0],[-59.3585,50.6039,0.0],[-59.353,50.608,2.6888],[-59.3492,50.6152,1.297],[-59.3475,50.6139,0.8865],[-59.3439,50.6144,0.8728],[-59.3411,50.6202,4.4403],[-59.3387,50.6203,0.7366],[-59.338,50.6186,6.5031],[-59.3428,50.6133,0.0],[-59.3396,50.6125,12.0756],[-59.3445,50.6111,2.3577],[-59.345,50.6086,0.0],[-59.3428,50.6077,0.0],[-59.3405,50.6092,6.3945],[-59.3326,50.61,4.6059],[-59.3294,50.6047,1.6281],[-59.3294,50.6036,0.0],[-59.3328,50.6036,7.3252],[-59.335,50.6053,10.1804],[-59.3339,50.6075,2.2453],[-59.335,50.6081,2.1386],[-59.3408,50.6076,0.8567],[-59.3415,50.6053,3.2649],[-59.3477,50.6015,6.172],[-59.3443,50.5929,1.551],[-59.3423,50.5924,1.551],[-59.339,50.593,1.7281],[-59.3438,50.5988,4.9276],[-59.3422,50.6025,3.3492],[-59.3393,50.6021,7.1509],[-59.3372,50.5989,4.4437],[-59.3339,50.5989,33.5313],[-59.3332,50.5939,19.168],[-59.3305,50.5929,0.7722],[-59.33,50.5865,12.2837],[-59.3351,50.5898,3.5903],[-59.3343,50.5873,3.6093],[-59.3411,50.5842,0.0],[-59.3492,50.5766,3.6067],[-59.3533,50.5708,0.0],[-59.3521,50.5689,10.7668],[-59.355,50.5681,0.9717],[-59.3551,50.5667,0.1672],[-59.352,50.5647,6.2129],[-59.3561,50.5634,8.6184],[-59.3579,50.5568,13.6807],[-59.3605,50.5561,1.0286],[-59.36,50.5522,3.749],[-59.3575,50.551,11.7718],[-59.3589,50.5486,0.0],[-59.3577,50.5471,23.5312],[-59.3664,50.5425,0.0],[-59.3644,50.5361,2.6612],[-59.365,50.5336,2.931],[-59.3672,50.5331,2.931],[-59.3628,50.5304,11.3034],[-59.3629,50.5275,0.0],[-59.3603,50.5249,7.3258],[-59.3533,50.5217,0.0],[-59.3522,50.5219,0.5384],[-59.3533,50.5237,5.5244],[-59.3511,50.525,1.6656],[-59.3522,50.5275,7.0334],[-59.3489,50.5283,0.0],[-59.3428,50.5333,6.6305],[-59.3417,50.5367,0.0],[-59.3428,50.5392,31.9636],[-59.3406,50.5397,3.4364],[-59.3389,50.5378,0.0],[-59.3406,50.5336,3.8947],[-59.347,50.5275,4.0261],[-59.3433,50.5256,4.2645],[-59.3361,50.5281,2.2189],[-59.3323,50.5333,1.5448],[-59.3272,50.5367,0.7151],[-59.329,50.5394,10.8614],[-59.3269,50.5411,3.0254],[-59.315,50.5411,0.0],[-59.3139,50.5452,1.9945],[-59.3086,50.5502,4.8441],[-59.305,50.5493,1.2994],[-59.2998,50.5509,5.3427],[-59.2918,50.5567,1.6129],[-59.2934,50.558,1.544],[-59.298,50.5578,0.0],[-59.2938,50.5623,7.1504],[-59.2936,50.5645,1.1567],[-59.2977,50.5621,3.7094],[-59.2999,50.5587,18.8779],[-59.3047,50.5569,15.0685],[-59.2976,50.5662,0.0],[-59.3015,50.5756,8.8188],[-59.2997,50.5845,4.4524],[-59.3022,50.5881,2.9671],[-59.3086,50.592,42.8967],[-59.3061,50.595,2.1156],[-59.3121,50.5988,0.0],[-59.3126,50.6022,0.0],[-59.3176,50.6061,30.9078],[-59.3178,50.6108,6.6771],[-59.3244,50.6161,0.0],[-59.3349,50.6128,7.1079],[-59.3372,50.6133,7.2388],[-59.3298,50.6156,0.8206],[-59.3267,50.618899999999996,0.8686],[-59.3277,50.6213,0.4651],[-59.3332,50.6219,2.5376],[-59.3312,50.6243,8.2618],[-59.3323,50.6268,1.9369],[-59.3235,50.6311,0.0],[-59.3289,50.6328,8.1317],[-59.3251,50.6357,0.9275],[-59.326,50.6407,0.4678],[-59.3322,50.6442,1.2258],[-59.335,50.6436,4.072],[-59.3339,50.6425,8.3547],[-59.3356,50.6378,2.2546],[-59.3406,50.6367,1.8763],[-59.3444,50.6383,5.2328],[-59.3428,50.6408,0.9889],[-59.3461,50.6394,1.9064],[-59.3479,50.6406,0.6256]]],
[[[-59.4323,50.5872,0.0],[-59.449,50.5869,3.7466],[-59.4502,50.5848,11.4839],[-59.459,50.5825,2.9268],[-59.4611,50.5794,9.1813],[-59.4547,50.5768,0.0],[-59.4507,50.5802,0.0],[-59.4473,50.58,0.0],[-59.4322,50.5853,0.292],[-59.4194,50.5836,0.4316],[-59.4161,50.5808,6.5135],[-59.4144,50.5728,1.4339],[-59.4184,50.5679,1.0001],[-59.4239,50.5647,13.8637],[-59.4287,50.5682,13.5207],[-59.4285,50.5703,-0.03],[-59.4306,50.5719,1.7171],[-59.4355,50.572,5.3303],[-59.4345,50.5747,1.2377],[-59.4356,50.5756,0.7641],[-59.443,50.5766,8.9828],[-59.4454,50.5718,0.0],[-59.4322,50.563,2.0624],[-59.4212,50.559,4.9156],[-59.4189,50.555,0.7107],[-59.4167,50.5561,0.0],[-59.418,50.5588,0.9615],[-59.4134,50.5595,3.7809],[-59.412,50.5648,2.1624],[-59.4076,50.5693,0.0],[-59.4067,50.5742,4.6245],[-59.4094,50.5792,0.0],[-59.4165,50.5854,9.566],[-59.4323,50.5872,0.0]]],
[[[-59.489,50.5249,0.7257],[-59.4908,50.5247,0.0],[-59.4928,50.5228,0.0],[-59.4902,50.5229,0.0],[-59.489,50.5249,0.7257]]],
[[[-59.4794,50.5292,8.0313],[-59.4783,50.5275,10.1641],[-59.4811,50.5289,12.6801],[-59.4789,50.5308,0.7858],[-59.485,50.5322,1.6312],[-59.4928,50.5303,0.131],[-59.4861,50.5247,0.4244],[-59.4711,50.5267,1.3325],[-59.4744,50.5303,3.0361],[-59.4794,50.5292,8.0313]]],
[[[-63.8374,50.2914,1.3152],[-63.8397,50.2921,0.0],[-63.8417,50.2913,1.5709],[-63.8406,50.2912,1.5709],[-63.8374,50.2914,1.3152]]],
[[[-62.7566,50.2925,0.4076],[-62.7585,50.2938,0.0],[-62.7589,50.2914,0.0],[-62.7583,50.2909,0.0],[-62.7566,50.2925,0.4076]]],
[[[-59.7272,50.2897,0.304],[-59.7261,50.2917,1.7125],[-59.7306,50.2914,4.9821],[-59.7283,50.2931,0.0],[-59.7333,50.2908,2.5075],[-59.7344,50.2925,0.7469],[-59.74,50.2911,1.6164],[-59.7344,50.2892,2.0495],[-59.7272,50.2897,0.304]]],
[[[-60.2956,50.2861,6.4663],[-60.2983,50.2925,0.0],[-60.3077,50.2917,0.9988],[-60.3053,50.291,1.1766],[-60.3044,50.2883,0.5313],[-60.298,50.2855,6.4663],[-60.2956,50.2861,6.4663]]],
[[[-63.027,50.288,0.0],[-63.0232,50.2882,0.3661],[-63.022,50.2899,3.4609],[-63.0274,50.2919,0.3516],[-63.0314,50.2903,0.2005],[-63.0307,50.2888,0.2005],[-63.0328,50.2877,0.3619],[-63.0292,50.2883,0.2206],[-63.027,50.288,0.0]]],
[[[-59.775,50.2936,0.0],[-59.7672,50.2992,0.1357],[-59.7694,50.3025,7.4656],[-59.7672,50.3047,0.9744],[-59.7767,50.3011,1.9382],[-59.7789,50.2983,10.2277],[-59.7817,50.2994,3.7349],[-59.7861,50.2981,2.5118],[-59.7883,50.2964,11.1567],[-59.7856,50.2944,3.0401],[-59.7867,50.2933,15.9086],[-59.7894,50.2953,15.7638],[-59.8006,50.2917,10.4928],[-59.8017,50.2886,0.9489],[-59.7989,50.2889,15.6414],[-59.7983,50.2875,15.9404],[-59.8011,50.2853,3.5106],[-59.7978,50.2861,7.1964],[-59.802,50.2833,2.2002],[-59.801,50.2822,0.6383],[-59.7983,50.2832,0.0],[-59.7972,50.2856,7.1964],[-59.7922,50.2878,3.0324],[-59.7883,50.2861,0.1564],[-59.7867,50.2889,16.6569],[-59.7828,50.2889,7.1675],[-59.7817,50.2917,4.0935],[-59.7839,50.2928,10.2552],[-59.775,50.2936,0.0]]],
[[[-64.027,50.3053,2.5493],[-64.0319,50.3041,3.0585],[-64.0322,50.3008,1.6223],[-64.0306,50.2986,5.9238],[-64.0301,50.3022,2.1247],[-64.0261,50.3047,2.5493],[-64.027,50.3053,2.5493]]],
[[[-63.8344,50.2933,0.504],[-63.8342,50.2943,0.0],[-63.837,50.2945,0.783],[-63.8367,50.2966,1.1862],[-63.8393,50.2968,1.6841],[-63.8373,50.2936,0.0],[-63.8344,50.2933,0.504]]],
[[[-62.7523,50.2966,8.5951],[-62.7544,50.2944,2.6876],[-62.752,50.294,3.4767],[-62.7485,50.2969,4.9178],[-62.7506,50.2972,2.0978],[-62.7523,50.2966,8.5951]]],
[[[-63.8321,50.2964,1.3268],[-63.8345,50.2968,2.0836],[-63.8357,50.2954,0.0],[-63.8328,50.2954,0.0],[-63.8321,50.2964,1.3268]]],
[[[-59.7967,50.2964,2.0533],[-59.7961,50.2986,4.5136],[-59.8006,50.2983,14.0421],[-59.7989,50.3,0.0],[-59.8,50.3003,1.705],[-59.8022,50.2989,0.7374],[-59.8006,50.2978,14.0421],[-59.8017,50.2953,2.4701],[-59.8096,50.2921,2.3155],[-59.8059,50.2918,0.0],[-59.7967,50.2964,2.0533]]],
[[[-60.2989,50.2947,0.0],[-60.2959,50.2958,1.6099],[-60.2989,50.2983,0.0],[-60.3088,50.2969,0.0],[-60.3067,50.2956,5.6643],[-60.2989,50.2947,0.0]]],
[[[-59.8167,50.2969,0.3139],[-59.8163,50.2986,0.6856],[-59.8192,50.2967,1.3494],[-59.8172,50.2964,0.3139],[-59.8167,50.2969,0.3139]]],
[[[-63.8099,50.2975,2.0005],[-63.807,50.2964,0.5664],[-63.8045,50.2993,6.3586],[-63.8046,50.3016,2.8204],[-63.8125,50.2993,1.4433],[-63.8099,50.2975,2.0005]]],
[[[-62.9938,50.2987,1.2129],[-62.9894,50.2978,0.7414],[-62.995,50.3008,0.1146],[-62.9978,50.2994,4.2838],[-62.9938,50.2987,1.2129]]],
[[[-59.7883,50.3017,0.0],[-59.7867,50.3014,0.0],[-59.7833,50.3056,0.7807],[-59.7906,50.3047,6.4687],[-59.7917,50.3014,1.5754],[-59.7883,50.3017,0.0]]],
[[[-59.7744,50.305,2.9101],[-59.7772,50.3039,2.5155],[-59.7783,50.3028,3.7545],[-59.7733,50.3044,2.9101],[-59.7744,50.305,2.9101]]],
[[[-59.815,50.3,0.252],[-59.8128,50.3,0.0],[-59.8128,50.3014,0.0],[-59.815,50.3017,2.3572],[-59.8144,50.3033,0.7424],[-59.8183,50.3028,0.1905],[-59.8183,50.3014,0.387],[-59.815,50.3,0.252]]],
[[[-59.8294,50.3022,2.4623],[-59.8272,50.3025,0.515],[-59.8233,50.3058,0.0343],[-59.8344,50.3039,0.9528],[-59.8294,50.3022,2.4623]]],
[[[-59.847,50.3069,1.159],[-59.8517,50.3056,0.764],[-59.8528,50.3039,0.0],[-59.8511,50.3033,0.0],[-59.847,50.3069,1.159]]],
[[[-59.7644,50.3033,0.0],[-59.7622,50.3053,0.0],[-59.7639,50.3081,0.0],[-59.7611,50.3103,0.7999],[-59.7667,50.3083,1.7315],[-59.7656,50.3067,11.9749],[-59.7667,50.3058,6.4286],[-59.7644,50.3033,0.0]]],
[[[-60.1191,50.2166,2.4009],[-60.1197,50.2149,1.3087],[-60.118,50.2142,1.3087],[-60.1154,50.2153,0.0],[-60.1168,50.2171,0.0],[-60.1191,50.2166,2.4009]]],
[[[-60.3318,50.2153,2.1242],[-60.3328,50.2131,1.5421],[-60.3316,50.2123,1.5421],[-60.3303,50.2141,2.1242],[-60.3318,50.2153,2.1242]]],
[[[-60.7344,50.2128,0.3851],[-60.7314,50.2117,0.6981],[-60.7289,50.2127,0.0],[-60.7311,50.2139,0.0542],[-60.7344,50.2128,0.3851]]],
[[[-60.3333,50.2156,0.0],[-60.3355,50.2152,1.4074],[-60.3358,50.2133,0.0],[-60.3344,50.2131,0.0],[-60.3333,50.2156,0.0]]],
[[[-61.0214,50.213,0.874],[-61.02,50.2134,0.0],[-61.0205,50.2165,0.317],[-61.0217,50.2165,0.507],[-61.0214,50.213,0.874]]],
[[[-60.4556,50.2149,0.0],[-60.454,50.2137,0.0],[-60.4504,50.2144,0.0],[-60.4523,50.2166,0.5545],[-60.4525,50.2151,1.3471],[-60.4556,50.2149,0.0]]],
[[[-60.5406,50.2156,0.0],[-60.5361,50.2128,2.4807],[-60.5347,50.2161,0.0],[-60.5378,50.2186,1.678],[-60.5406,50.2156,0.0]]],
[[[-60.4373,50.2164,6.5674],[-60.4337,50.2136,0.0],[-60.4344,50.2172,0.0],[-60.4371,50.2179,2.9911],[-60.4373,50.2164,6.5674]]],
[[[-59.9872,50.2213,0.0],[-59.99,50.2212,2.4968],[-59.9935,50.219,0.3377],[-59.9899,50.2196,1.43],[-59.9872,50.2213,0.0]]],
[[[-60.1068,50.2229,2.4872],[-60.1064,50.2254,1.6184],[-60.1113,50.2274,0.0],[-60.1139,50.2247,0.0],[-60.1139,50.2231,0.0],[-60.1094,50.2231,3.3059],[-60.1113,50.2217,0.0],[-60.1094,50.2208,12.5986],[-60.1137,50.2194,18.9174],[-60.1128,50.2147,0.1329],[-60.1111,50.2167,1.6068],[-60.1071,50.2156,3.0808],[-60.1083,50.2172,10.4793],[-60.1072,50.2186,0.0],[-60.1017,50.2194,0.8763],[-60.1068,50.2229,2.4872]]],
[[[-60.2172,50.2178,2.536],[-60.2158,50.2146,0.0],[-60.2104,50.2169,0.0],[-60.2115,50.2185,5.1689],[-60.2172,50.2178,2.536]]],
[[[-60.2622,50.2176,1.273],[-60.2626,50.219,0.0],[-60.2662,50.2191,1.6409],[-60.2696,50.2174,1.8284],[-60.2656,50.2147,1.9639],[-60.2622,50.2176,1.273]]],
[[[-60.2815,50.2164,0.4034],[-60.2781,50.2164,0.0],[-60.2778,50.2183,0.0],[-60.2817,50.2172,0.258],[-60.2828,50.2158,0.0],[-60.2815,50.2164,0.4034]]],
[[[-63.0983,50.2164,4.3861],[-63.1028,50.2184,1.0701],[-63.1072,50.2175,-0.0263],[-63.1056,50.2147,1.8036],[-63.1006,50.2133,0.0],[-63.0972,50.2153,0.0],[-63.0983,50.2164,4.3861]]],
[[[-62.032,50.2171,0.0],[-62.0305,50.2148,0.0],[-62.0284,50.216,4.8683],[-62.0295,50.2173,0.0],[-62.032,50.2171,0.0]]],
[[[-60.5304,50.2138,0.7586],[-60.5289,50.2181,0.5798],[-60.5333,50.2171,0.0],[-60.5333,50.2147,1.331],[-60.5304,50.2138,0.7586]]],
[[[-60.7452,50.2181,2.6385],[-60.7472,50.2147,0.0],[-60.7441,50.2164,0.5679],[-60.7437,50.2192,0.0],[-60.7452,50.2181,2.6385]]],
[[[-60.2922,50.2167,0.7496],[-60.2878,50.2211,0.6705],[-60.2928,50.2208,0.6286],[-60.2994,50.2161,1.2918],[-60.2955,50.213,0.0],[-60.2922,50.2167,0.7496]]],
[[[-61.8744,50.2187,4.1445],[-61.8765,50.2193,0.0],[-61.8767,50.2174,0.617],[-61.8733,50.2164,1.0036],[-61.8729,50.218,0.0],[-61.8744,50.2187,4.1445]]],
[[[-60.7594,50.2193,0.0],[-60.7607,50.2182,0.0],[-60.7605,50.2167,0.0],[-60.7595,50.2169,0.0],[-60.7594,50.2193,0.0]]],
[[[-60.7528,50.2192,0.5437],[-60.7544,50.2175,1.3225],[-60.7544,50.2158,1.0245],[-60.7517,50.2183,0.7136],[-60.7528,50.2192,0.5437]]],
[[[-60.7253,50.2156,1.3101],[-60.7228,50.2164,0.0],[-60.7251,50.2194,0.3814],[-60.7294,50.2167,3.1624],[-60.7291,50.2156,1.3101],[-60.7256,50.2169,1.3101],[-60.7253,50.2156,1.3101]]],
[[[-60.4722,50.2178,1.5953],[-60.4683,50.2189,0.4076],[-60.4708,50.2194,0.139],[-60.4751,50.2172,1.4068],[-60.4722,50.2178,1.5953]]],
[[[-63.9806,50.2147,2.5583],[-63.9778,50.2208,0.0],[-63.9789,50.2242,1.4541],[-63.9867,50.2305,0.0],[-63.9978,50.2244,12.1337],[-64.0011,50.2206,0.0],[-64.0011,50.2183,0.0],[-63.9983,50.2172,13.704],[-63.9957,50.2123,0.0],[-63.9889,50.2133,0.1777],[-63.9861,50.2161,6.1159],[-63.9828,50.2147,0.0],[-63.9831,50.2134,0.0],[-63.9806,50.2147,2.5583]]],
[[[-60.4126,50.2183,0.0],[-60.4117,50.2172,2.5082],[-60.4099,50.2167,0.0],[-60.4122,50.2203,1.9612],[-60.4126,50.2183,0.0]]],
[[[-63.5547,50.2188,10.891],[-63.5521,50.2127,2.0888],[-63.5416,50.217,-0.2187],[-63.5412,50.2201,10.7683],[-63.5444,50.2249,1.3487],[-63.5489,50.2264,3.2679],[-63.5527,50.2235,0.0],[-63.5547,50.2188,10.891]]],
[[[-61.907,50.216,3.331],[-61.9011,50.2194,0.0],[-61.9017,50.2206,1.4201],[-61.9039,50.2214,1.4201],[-61.9044,50.2199,3.4047],[-61.9067,50.2197,1.2297],[-61.9089,50.2178,0.0],[-61.907,50.216,3.331]]],
[[[-60.7638,50.2178,0.0],[-60.7625,50.2194,0.0],[-60.7644,50.2206,0.0],[-60.7647,50.2178,1.2172],[-60.7638,50.2178,0.0]]],
[[[-60.3431,50.2222,0.0],[-60.3446,50.2171,1.4223],[-60.344,50.2168,-0.0291],[-60.3409,50.2236,0.0],[-60.3431,50.2222,0.0]]],
[[[-60.2532,50.2208,0.0],[-60.2549,50.2183,0.8826],[-60.2522,50.2189,3.5542],[-60.2517,50.2206,0.0],[-60.2532,50.2208,0.0]]],
[[[-60.2503,50.2191,3.5542],[-60.2461,50.2178,0.6764],[-60.2456,50.2214,4.8666],[-60.2478,50.2214,0.0],[-60.2503,50.2191,3.5542]]],
[[[-60.8578,50.2217,0.0],[-60.8593,50.2224,0.5906],[-60.8622,50.2192,6.4092],[-60.8606,50.2188,3.0912],[-60.8578,50.2217,0.0]]],
[[[-60.4455,50.2192,0.2191],[-60.4444,50.2196,0.2996],[-60.4422,50.2232,0.4648],[-60.4468,50.2213,0.6888],[-60.4455,50.2192,0.2191]]],
[[[-61.9608,50.2223,1.8744],[-61.9633,50.2228,1.8744],[-61.9627,50.2198,0.0],[-61.9608,50.2213,3.5687],[-61.9608,50.2223,1.8744]]],
[[[-60.7621,50.2232,2.1895],[-60.7617,50.2204,0.0],[-60.7603,50.2203,0.0],[-60.7602,50.2235,2.1895],[-60.7621,50.2232,2.1895]]],
[[[-60.0041,50.2011,0.9155],[-60.0077,50.2014,3.4751],[-60.0067,50.2027,1.3196],[-60.0085,50.203,1.3196],[-60.0117,50.201,0.1445],[-60.0108,50.1996,0.9817],[-60.0068,50.1994,2.2024],[-60.012,50.1982,2.9531],[-60.0128,50.1946,2.5656],[-60.0075,50.1946,0.8147],[-60.0035,50.1965,2.6439],[-60.0097,50.1965,0.7282],[-60.0009,50.1996,4.9563],[-60.0048,50.1992,2.4169],[-60.0041,50.2011,0.9155]]],
[[[-60.0035,50.2024,1.9628],[-60.0007,50.2023,0.4796],[-60.0009,50.2046,2.0792],[-60.0054,50.204,0.0],[-60.0035,50.2024,1.9628]]],
[[[-60.4569,50.2043,0.0],[-60.4608,50.2034,0.0],[-60.4618,50.2028,0.0],[-60.4527,50.2041,0.0],[-60.4569,50.2043,0.0]]],
[[[-60.48,50.1989,2.5548],[-60.4778,50.1994,0.0],[-60.485,50.2027,0.0],[-60.4861,50.2009,5.7426],[-60.4917,50.2006,0.0],[-60.4844,50.2,1.2354],[-60.48,50.1989,2.5548]]],
[[[-60.5739,50.2022,0.1793],[-60.5769,50.2017,3.305],[-60.5781,50.2005,3.305],[-60.5744,50.2011,0.8105],[-60.5739,50.2022,0.1793]]],
[[[-60.2647,50.1993,0.6049],[-60.2631,50.2018,0.0],[-60.2647,50.2032,0.3435],[-60.2625,50.2058,0.0],[-60.2641,50.2066,3.0707],[-60.2667,50.2053,5.9685],[-60.2667,50.2024,2.3482],[-60.2685,50.2031,0.3758],[-60.2731,50.2006,0.0],[-60.2668,50.1995,0.0209],[-60.2663,50.2015,3.3749],[-60.2647,50.1993,0.6049]]],
[[[-60.3479,50.2009,0.0],[-60.3468,50.2022,0.0],[-60.35,50.2032,1.1836],[-60.3522,50.2014,0.0],[-60.349,50.2007,1.8561],[-60.3479,50.2009,0.0]]],
[[[-60.3712,50.2003,0.0],[-60.3693,50.2017,0.1981],[-60.3754,50.2046,3.5464],[-60.3802,50.2023,1.1273],[-60.3756,50.2022,10.2851],[-60.3756,50.2003,0.0],[-60.3712,50.2003,0.0]]],
[[[-61.0481,50.2033,0.0],[-61.0494,50.2015,1.167],[-61.0454,50.1991,3.2056],[-61.0417,50.2014,1.2367],[-61.0478,50.2058,0.0],[-61.0489,50.2053,0.0],[-61.0481,50.2033,0.0]]],
[[[-60.5139,50.2033,0.4843],[-60.5121,50.2001,0.0],[-60.5086,50.2026,0.0],[-60.5108,50.2038,0.0],[-60.5139,50.2033,0.4843]]],
[[[-60.495,50.2031,0.414],[-60.4978,50.2033,1.1951],[-60.4983,50.2028,1.1951],[-60.4928,50.2019,0.1127],[-60.495,50.2031,0.414]]],
[[[-60.5631,50.2044,0.3548],[-60.5661,50.2047,0.3548],[-60.5642,50.2063,0.4503],[-60.5685,50.2059,0.0],[-60.5717,50.2019,0.0],[-60.5644,50.1994,3.0289],[-60.5629,50.2019,2.1909],[-60.5655,50.203,0.9238],[-60.5611,50.2033,0.4732],[-60.5631,50.2044,0.3548]]],
[[[-61.997,50.2056,0.0],[-61.9973,50.2037,0.6255],[-61.993899999999996,50.2023,0.6931],[-61.9947,50.2049,3.0203],[-61.997,50.2056,0.0]]],
[[[-60.5468,50.2034,0.0],[-60.5472,50.2057,0.0474],[-60.5504,50.2058,0.0],[-60.5548,50.2047,2.1599],[-60.5565,50.2014,1.4928],[-60.5588,50.2009,0.0],[-60.5561,50.2003,0.0],[-60.55,50.2036,0.0],[-60.5468,50.2034,0.0]]],
[[[-60.4233,50.2067,5.4702],[-60.4264,50.2094,0.6794],[-60.4317,50.2097,1.1831],[-60.4322,50.2086,1.0812],[-60.4272,50.2047,3.5386],[-60.4334,50.2049,0.0],[-60.4313,50.2029,0.5925],[-60.4253,50.2041,3.5386],[-60.4202,50.2023,12.0925],[-60.4272,50.203,0.4859],[-60.4255,50.2017,0.0809],[-60.4264,50.2003,0.0],[-60.4239,50.1986,0.0],[-60.4103,50.2019,3.7841],[-60.4117,50.2031,2.499],[-60.4233,50.2067,5.4702]]],
[[[-60.393,50.2061,0.841],[-60.3933,50.2042,5.9527],[-60.3879,50.2024,3.4757],[-60.3889,50.205,3.8116],[-60.393,50.2061,0.841]]],
[[[-60.1816,50.1991,3.3385],[-60.1772,50.1994,0.5544],[-60.1769,50.2026,0.387],[-60.1792,50.2003,1.723],[-60.1809,50.2013,1.7207],[-60.1833,50.2006,1.7207],[-60.1835,50.1991,3.3385],[-60.1859,50.1995,0.0],[-60.1907,50.1933,0.0],[-60.185,50.1973,3.9862],[-60.1833,50.1941,0.6686],[-60.1819,50.1948,0.6686],[-60.1801,50.1931,0.046],[-60.1822,50.1961,9.3621],[-60.1816,50.1991,3.3385]]],
[[[-60.552,50.1959,1.639],[-60.5476,50.1988,1.1395],[-60.5459,50.2022,0.0],[-60.55,50.2003,1.2257],[-60.552,50.1959,1.639]]],
[[[-60.8489,50.2011,7.6115],[-60.8422,50.2072,0.0],[-60.8428,50.2108,1.0287],[-60.8439,50.2111,1.0287],[-60.8478,50.2053,4.2779],[-60.849,50.2058,3.7082],[-60.8466,50.2098,1.5344],[-60.8528,50.2042,0.0],[-60.8567,50.2028,0.9958],[-60.8567,50.2017,0.6803],[-60.8528,50.2022,6.1125],[-60.8589,50.1994,1.6578],[-60.8606,50.1963,9.2498],[-60.8664,50.1948,1.6466],[-60.8556,50.1956,11.466],[-60.8489,50.2011,7.6115]]],
[[[-59.9928,50.2107,2.8046],[-59.993,50.2118,2.8046],[-59.9989,50.21,6.5633],[-59.999,50.2115,1.7938],[-60.0015,50.2115,1.5034],[-59.9981,50.2075,4.5063],[-59.9928,50.2107,2.8046]]],
[[[-60.0121,50.2248,2.456],[-60.0094,50.2249,0.6979],[-60.0083,50.2267,0.0],[-60.0083,50.2289,0.0],[-60.0107,50.2313,0.9716],[-60.0129,50.2305,1.4111],[-60.0115,50.227,4.1994],[-60.0148,50.2287,2.0064],[-60.0166,50.2278,0.6043],[-60.015,50.2262,2.493],[-60.0165,50.225,0.0],[-60.0141,50.2242,2.3489],[-60.0183,50.2227,0.0],[-60.0152,50.2206,3.8891],[-60.0172,50.2172,0.0],[-60.0233,50.2171,0.0],[-60.0256,50.2189,0.0],[-60.0285,50.2145,1.1057],[-60.0366,50.2101,8.5373],[-60.0281,50.2197,1.8366],[-60.0317,50.2197,0.0],[-60.0372,50.2161,0.6115],[-60.0372,50.2131,8.3731],[-60.0394,50.2122,0.0],[-60.0433,50.2044,8.8037],[-60.0494,50.2036,7.659],[-60.0519,50.2012,0.4747],[-60.0472,50.2022,5.9108],[-60.0433,50.2012,0.354],[-60.0395,50.203,2.2651],[-60.0411,50.2006,0.354],[-60.0472,50.1984,0.0],[-60.0431,50.1986,1.0018],[-60.0443,50.1963,0.2431],[-60.0383,50.1972,1.0786],[-60.0426,50.1928,1.1461],[-60.0344,50.1972,5.3661],[-60.0239,50.1997,0.9154],[-60.015,50.2039,3.9471],[-60.0091,50.2106,0.0],[-60.0185,50.2071,1.0049],[-60.0196,50.2097,0.5965],[-60.0158,50.2105,3.2904],[-60.0139,50.2125,3.0139],[-60.01,50.2123,2.8174],[-60.0087,50.2142,2.829],[-60.0098,50.2176,3.5699],[-60.0083,50.2189,3.7354],[-60.006,50.2183,0.5519],[-60.0075,50.2171,0.5519],[-60.0056,50.2138,2.829],[-60.0022,50.2177,1.1882],[-60.0056,50.2217,0.0],[-60.0082,50.2196,3.7354],[-60.0105,50.2208,0.0],[-60.0121,50.2248,2.456]]],
[[[-60.058,50.2054,0.0],[-60.0546,50.2065,0.1823],[-60.0547,50.2101,0.1963],[-60.0607,50.2077,2.1925],[-60.0657,50.2079,3.1905],[-60.0651,50.2063,2.2707],[-60.0625,50.2059,2.2707],[-60.0651,50.2033,0.0],[-60.058,50.2054,0.0]]],
[[[-63.6937,50.2083,1.7702],[-63.694,50.2068,0.0],[-63.687,50.2032,0.0],[-63.683,50.2065,0.0],[-63.6823,50.2112,0.0],[-63.6852,50.2136,4.1547],[-63.6937,50.2083,1.7702]]],
[[[-63.5902,50.2052,-0.1403],[-63.5868,50.2064,0.4468],[-63.5893,50.2097,0.7131],[-63.5942,50.2066,0.0682],[-63.5902,50.2052,-0.1403]]],
[[[-63.5604,50.2044,2.6959],[-63.5598,50.2031,0.0181],[-63.5569,50.2037,0.0336],[-63.556399999999996,50.2106,0.0],[-63.5601,50.214,0.5243],[-63.5653,50.2142,0.0],[-63.5647,50.2104,0.0398],[-63.5603,50.2106,7.7452],[-63.5604,50.2044,2.6959]]],
[[[-63.3876,50.2081,8.3679],[-63.3898,50.2049,1.9688],[-63.3893,50.2028,0.6888],[-63.3785,50.2051,2.8803],[-63.3796,50.2105,0.0],[-63.3839,50.2105,0.0],[-63.3876,50.2081,8.3679]]],
[[[-63.3341,50.2136,17.9738],[-63.3437,50.2171,0.0],[-63.3471,50.2168,18.6255],[-63.3556,50.2121,0.0],[-63.3573,50.2076,0.0],[-63.3544,50.2036,0.0],[-63.3499,50.2026,0.0],[-63.3506,50.204,0.0],[-63.3483,50.2049,1.2998],[-63.3467,50.2011,0.0589],[-63.3422,50.2008,3.328],[-63.3433,50.1992,-0.8661],[-63.3498,50.2009,1.4371],[-63.35,50.1978,2.4452],[-63.3255,50.1951,0.0],[-63.3202,50.1924,0.3871],[-63.3111,50.1924,0.2749],[-63.2951,50.1968,0.0],[-63.2831,50.1963,2.6224],[-63.2848,50.1998,3.4726],[-63.3211,50.2041,1.5957],[-63.3227,50.2071,4.8149],[-63.3097,50.2112,2.2604],[-63.3105,50.2135,0.0],[-63.3134,50.2152,7.4839],[-63.3222,50.2163,2.5493],[-63.325,50.2124,10.9742],[-63.3292,50.2112,5.1138],[-63.3341,50.2136,17.9738]]],
[[[-60.388,50.2058,0.6714],[-60.382,50.2034,0.0],[-60.3833,50.2056,0.0],[-60.3894,50.2064,0.6714],[-60.388,50.2058,0.6714]]],
[[[-60.2577,50.2048,0.5253],[-60.257,50.2034,0.0],[-60.2552,50.2041,0.0],[-60.2586,50.2066,0.9903],[-60.2618,50.2045,1.984],[-60.2614,50.2034,0.0727],[-60.2577,50.2048,0.5253]]],
[[[-60.4683,50.2054,4.7833],[-60.4739,50.2038,3.0709],[-60.4694,50.2061,0.0],[-60.4715,50.2069,1.5139],[-60.4812,50.2033,0.0],[-60.4767,50.2017,0.0],[-60.4766,50.2029,1.4115],[-60.46,50.2061,0.0],[-60.4683,50.2054,4.7833]]],
[[[-60.6205,50.2043,1.0509],[-60.619,50.2039,1.0907],[-60.6193,50.2057,0.2978],[-60.6222,50.2064,0.0],[-60.6272,50.2053,2.0455],[-60.6278,50.2036,1.0611],[-60.6256,50.2022,0.428],[-60.6244,50.2042,0.6551],[-60.6205,50.2043,1.0509]]],
[[[-60.5167,50.2075,1.2859],[-60.5139,50.2064,0.537],[-60.5104,50.2077,0.0],[-60.5183,50.2125,0.9284],[-60.5276,50.2087,1.1655],[-60.5333,50.2089,0.0],[-60.5339,50.2069,0.0],[-60.5302,50.2067,1.4307],[-60.5328,50.2036,1.7249],[-60.5323,50.2017,0.351],[-60.5289,50.2014,1.5268],[-60.5339,50.1972,0.2068],[-60.5303,50.1961,0.761],[-60.522,50.198,0.4464],[-60.52,50.2017,0.16],[-60.5228,50.2036,0.0752],[-60.5161,50.2042,0.4348],[-60.5151,50.205,0.0],[-60.5167,50.2075,1.2859]]],
[[[-60.5866,50.2043,0.5577],[-60.5836,50.2065,1.2448],[-60.5889,50.2062,0.8723],[-60.5864,50.2059,1.0461],[-60.5866,50.2043,0.5577]]],
[[[-60.7239,50.2067,2.5376],[-60.7251,50.205,0.0],[-60.7222,50.2042,0.0],[-60.7217,50.2069,0.3795],[-60.7239,50.2067,2.5376]]],
[[[-63.1664,50.2076,0.6105],[-63.1691,50.2077,1.1366],[-63.1697,50.2069,0.0],[-63.1682,50.2059,1.2815],[-63.1664,50.2076,0.6105]]],
[[[-60.918,50.2052,0.111],[-60.9172,50.2072,0.0],[-60.9194,50.2061,2.5034],[-60.9211,50.2086,0.5937],[-60.9228,50.2028,0.0],[-60.9189,50.2036,0.2889],[-60.9194,50.2053,5.5474],[-60.918,50.2052,0.111]]],
[[[-60.4383,50.2059,1.3397],[-60.4341,50.2068,0.0],[-60.4381,50.2071,0.0],[-60.4393,50.2063,-0.0191],[-60.4383,50.2059,1.3397]]],
[[[-60.6699,50.2068,1.2008],[-60.6701,50.2044,0.9664],[-60.6677,50.2046,0.9664],[-60.6681,50.2056,1.2008],[-60.6699,50.2068,1.2008]]],
[[[-60.708,50.2055,4.4914],[-60.7043,50.2054,0.0],[-60.7039,50.2058,0.6047],[-60.7094,50.2072,0.0],[-60.708,50.2055,4.4914]]],
[[[-60.7573,50.2056,1.7023],[-60.7575,50.2034,1.8215],[-60.7533,50.2039,0.0],[-60.7548,50.2054,2.1242],[-60.7546,50.2099,0.247],[-60.7567,50.2092,1.3734],[-60.7573,50.2056,1.7023]]],
[[[-60.1126,50.2069,0.2944],[-60.11,50.2088,0.0],[-60.1145,50.2083,1.9318],[-60.114,50.2062,0.0],[-60.1126,50.2069,0.2944]]],
[[[-60.1902,50.2089,0.0],[-60.1926,50.2075,0.0028],[-60.192,50.2062,0.0],[-60.1908,50.2063,0.0],[-60.1902,50.2089,0.0]]],
[[[-60.7617,50.2072,2.7044],[-60.7633,50.21,0.2802],[-60.763,50.2161,0.0],[-60.7666,50.2162,0.3689],[-60.7673,50.2134,1.9945],[-60.7696,50.2146,1.2974],[-60.77,50.2064,5.1872],[-60.7667,50.2044,4.7777],[-60.7644,50.1975,1.5902],[-60.763,50.2009,4.0851],[-60.7595,50.2001,0.0],[-60.7617,50.2072,2.7044]]],
[[[-60.5583,50.2075,0.764],[-60.5611,50.2078,0.8779],[-60.5623,50.2059,3.0796],[-60.5602,50.206,1.445],[-60.5583,50.2075,0.764]]],
[[[-60.5665,50.209,2.9159],[-60.5717,50.2072,0.0],[-60.5717,50.2061,1.4754],[-60.565,50.2081,0.0],[-60.5665,50.209,2.9159]]],
[[[-60.5793,50.2062,2.9216],[-60.5765,50.2084,1.1746],[-60.5807,50.2092,0.0],[-60.5818,50.2061,0.7634],[-60.5793,50.2062,2.9216]]],
[[[-61.9844,50.2064,1.1658],[-61.9822,50.2094,0.5309],[-61.9845,50.2097,0.8994],[-61.9872,50.2061,0.7575],[-61.9844,50.2064,1.1658]]],
[[[-60.2761,50.2072,1.1668],[-60.2722,50.208,0.5238],[-60.2712,50.2097,0.3123],[-60.274,50.2092,0.0],[-60.2761,50.2072,1.1668]]],
[[[-60.3658,50.2096,1.8745],[-60.3662,50.2067,0.0],[-60.3643,50.2063,2.0811],[-60.3639,50.2089,0.7399],[-60.3658,50.2096,1.8745]]],
[[[-60.7865,50.2087,1.2709],[-60.787,50.2065,0.2892],[-60.7841,50.2068,0.4424],[-60.7852,50.2094,0.0],[-60.7865,50.2087,1.2709]]],
[[[-62.0056,50.2075,0.6704],[-62.0017,50.2069,0.0],[-62.0056,50.2089,1.5613],[-62.0053,50.2108,0.0],[-62.0083,50.2086,0.6704],[-62.0056,50.2075,0.6704]]],
[[[-60.6767,50.2081,0.1023],[-60.6828,50.2111,0.0],[-60.6883,50.2114,0.0],[-60.6867,50.2106,0.5694],[-60.6878,50.2078,5.2003],[-60.6864,50.2068,0.1841],[-60.6767,50.2081,0.1023]]],
[[[-60.7317,50.2105,0.6981],[-60.7346,50.2072,1.2443],[-60.7337,50.2065,0.7157],[-60.7257,50.2098,5.1905],[-60.7269,50.2121,0.0],[-60.7317,50.2105,0.6981]]],
[[[-60.7204,50.2117,2.4745],[-60.7193,50.2088,1.6603],[-60.7183,50.2086,0.0],[-60.7183,50.2114,0.7777],[-60.7204,50.2117,2.4745]]],
[[[-60.6725,50.2111,0.0],[-60.6721,50.2098,1.2707],[-60.6691,50.2092,0.2704],[-60.6701,50.2106,0.0],[-60.6725,50.2111,0.0]]],
[[[-60.4637,50.2096,0.8677],[-60.4602,50.2109,0.0094],[-60.4627,50.2115,0.2465],[-60.4654,50.2098,0.8677],[-60.4637,50.2096,0.8677]]],
[[[-60.3918,50.2094,1.032],[-60.3891,50.2103,0.3404],[-60.3944,50.2117,0.9924],[-60.3947,50.2098,1.7424],[-60.3918,50.2094,1.032]]],
[[[-60.1256,50.21,0.0],[-60.1261,50.2108,2.4138],[-60.1222,50.2119,2.4138],[-60.1222,50.2142,1.4701],[-60.1278,50.2119,3.8958],[-60.1306,50.2128,0.0],[-60.1267,50.2089,1.3395],[-60.1256,50.21,0.0]]],
[[[-63.7456,50.2222,4.1528],[-63.7382,50.2225,1.4909],[-63.7475,50.2285,11.1472],[-63.755,50.2296,7.7339],[-63.7589,50.2274,0.014],[-63.757,50.222,5.8055],[-63.7583,50.2206,0.0],[-63.7696,50.2201,4.4611],[-63.7699,50.2186,4.0932],[-63.7691,50.2154,0.0],[-63.765,50.2158,6.4075],[-63.7578,50.2108,8.7618],[-63.7589,50.2097,0.0],[-63.7563,50.2081,0.0],[-63.755,50.2043,1.348],[-63.7585,50.2024,0.0],[-63.7467,50.195,0.0],[-63.7422,50.1956,0.3422],[-63.7417,50.1981,1.4534],[-63.7344,50.1992,0.6637],[-63.7306,50.2017,0.0],[-63.7294,50.2027,0.0],[-63.7315,50.2074,2.3454],[-63.7291,50.2092,0.5416],[-63.7333,50.2117,2.2765],[-63.7372,50.2086,14.7669],[-63.745,50.2106,5.4111],[-63.74,50.2122,2.932],[-63.7406,50.2144,3.3686],[-63.7444,50.2161,2.7026],[-63.746,50.2195,7.5284],[-63.7483,50.2206,8.5751],[-63.7456,50.2222,4.1528]]],
[[[-63.8056,50.2183,13.9885],[-63.805,50.22,3.3543],[-63.8078,50.2222,20.6192],[-63.8074,50.2243,1.2416],[-63.8112,50.2265,3.9575],[-63.8192,50.2233,21.9875],[-63.8242,50.2248,3.5557],[-63.8299,50.2231,14.1543],[-63.8396,50.2233,10.4118],[-63.8415,50.2165,0.0],[-63.8335,50.2035,0.3673],[-63.8267,50.1983,0.4495],[-63.8259,50.1996,0.7481],[-63.8128,50.2003,0.0],[-63.8072,50.2025,0.7417],[-63.8033,50.2053,0.0],[-63.8039,50.2075,4.028],[-63.8,50.2117,0.0],[-63.7911,50.2114,1.2781],[-63.7828,50.2164,0.0],[-63.7806,50.2208,0.0],[-63.7867,50.2233,18.5103],[-63.7969,50.2217,4.7474],[-63.795,50.2192,8.1015],[-63.7992,50.2156,1.1414],[-63.8056,50.2183,13.9885]]],
[[[-60.4814,50.2117,2.2545],[-60.4842,50.2119,4.4565],[-60.4849,50.2103,0.0],[-60.483,50.2102,0.0],[-60.4814,50.2117,2.2545]]],
[[[-60.7078,50.2092,2.0949],[-60.705,50.2086,0.0],[-60.7094,50.2124,0.9892],[-60.7155,50.2138,0.0],[-60.7167,50.2125,2.5122],[-60.7128,50.2089,2.3233],[-60.7078,50.2092,2.0949]]],
[[[-60.2332,50.2114,0.5524],[-60.2315,50.2106,0.5524],[-60.2289,50.2122,0.0],[-60.23,50.2132,1.9558],[-60.2289,50.2144,0.0],[-60.2329,50.2137,2.2752],[-60.2332,50.2114,0.5524]]],
[[[-63.8961,50.2414,10.2125],[-63.8978,50.2442,0.9558],[-63.9106,50.2435,3.4615],[-63.9133,50.2385,9.6666],[-63.9181,50.2373,6.5393],[-63.9262,50.2313,2.1655],[-63.9295,50.216,0.5948],[-63.9267,50.2106,0.7387],[-63.9233,50.2087,0.0],[-63.9249,50.2067,0.0],[-63.9238,50.2046,0.0],[-63.9126,50.1996,0.0],[-63.9142,50.1945,0.0],[-63.9088,50.1912,1.5676],[-63.8973,50.1928,4.2914],[-63.8879,50.1864,0.5928],[-63.8744,50.1892,0.9049],[-63.8617,50.1958,5.2346],[-63.8583,50.1936,2.5616],[-63.8594,50.1922,1.1664],[-63.862,50.1928,0.4262],[-63.8611,50.1886,0.0],[-63.8517,50.1958,2.9831],[-63.8481,50.2036,0.0],[-63.8511,50.2087,5.3836],[-63.8509,50.2139,2.7445],[-63.8617,50.2239,0.0],[-63.872,50.2231,14.1577],[-63.8738,50.2271,14.9804],[-63.8689,50.2269,0.0439],[-63.8667,50.2294,1.9533],[-63.8739,50.2322,9.1328],[-63.8805,50.239,0.0],[-63.8894,50.2419,14.2725],[-63.8939,50.24,31.99],[-63.8961,50.2414,10.2125]]],
[[[-61.9777,50.2096,0.8055],[-61.9723,50.2137,0.0],[-61.9711,50.2182,4.356],[-61.9728,50.2188,0.0],[-61.9751,50.2169,0.1702],[-61.9736,50.2154,2.4084],[-61.977,50.2142,0.7358],[-61.974,50.2133,0.0],[-61.98,50.2115,0.3998],[-61.9805,50.21,0.5309],[-61.9777,50.2096,0.8055]]],
[[[-61.8833,50.2149,0.6268],[-61.8791,50.2107,1.2202],[-61.877,50.2113,0.4407],[-61.8794,50.2136,2.9369],[-61.8833,50.2149,0.6268]]],
[[[-61.9333,50.2153,0.0],[-61.9368,50.2128,0.8897],[-61.9363,50.2103,0.0],[-61.9317,50.2139,0.0],[-61.9314,50.2154,0.0],[-61.9333,50.2153,0.0]]],
[[[-60.2617,50.215,4.2976],[-60.2661,50.2131,6.1835],[-60.2673,50.211,6.8617],[-60.2594,50.2142,0.7506],[-60.2617,50.215,4.2976]]],
[[[-60.4627,50.2168,3.0381],[-60.4728,50.2158,0.7215],[-60.4767,50.2139,0.0],[-60.4743,50.2114,2.2575],[-60.4767,50.21,0.554],[-60.4756,50.2089,6.1235],[-60.4722,50.2097,0.8436],[-60.4683,50.2144,4.2099],[-60.46,50.2129,0.4952],[-60.4606,50.2158,0.0],[-60.4627,50.2168,3.0381]]],
[[[-60.8636,50.2119,1.3866],[-60.8626,50.2137,0.6311],[-60.8641,50.2155,3.8111],[-60.8616,50.2178,1.4349],[-60.8689,50.2158,1.6887],[-60.8689,50.2137,1.2489],[-60.8655,50.2144,2.0617],[-60.8684,50.2117,5.61],[-60.8684,50.2098,0.9462],[-60.8636,50.2119,1.3866]]],
[[[-60.4883,50.2189,0.0],[-60.5,50.2236,13.7183],[-60.5033,50.2267,5.8385],[-60.5035,50.2287,3.0412],[-60.5056,50.2278,0.0],[-60.5061,50.2253,0.0],[-60.5044,50.2233,6.0356],[-60.5067,50.2219,4.697],[-60.5089,50.2228,1.0632],[-60.5081,50.2254,0.0],[-60.5111,50.2261,2.8806],[-60.5122,50.2281,0.7624],[-60.5183,50.2264,0.0],[-60.5144,50.2272,0.2276],[-60.5144,50.2239,1.3262],[-60.5094,50.2211,4.1761],[-60.5111,50.2203,0.0621],[-60.51,50.2175,3.2584],[-60.5064,50.2169,0.5498],[-60.505,50.2142,0.1929],[-60.5086,50.214,0.1929],[-60.5044,50.2122,4.1637],[-60.4961,50.2125,2.7377],[-60.4967,50.2108,0.7502],[-60.4918,50.2078,3.1599],[-60.4915,50.2056,1.1334],[-60.4878,50.2042,0.6397],[-60.4863,50.2051,0.0],[-60.4887,50.2064,1.7528],[-60.4865,50.207,0.0],[-60.4928,50.2103,2.7525],[-60.4859,50.2125,0.0],[-60.4878,50.2136,1.3724],[-60.4933,50.2125,2.7377],[-60.5011,50.2192,4.3656],[-60.4977,50.2194,2.1711],[-60.4935,50.2167,0.0],[-60.4906,50.2181,3.807],[-60.4877,50.2173,0.6683],[-60.4883,50.2189,0.0]]],
[[[-60.3944,50.2192,0.3804],[-60.3939,50.2211,0.4249],[-60.4022,50.2242,1.3988],[-60.4044,50.2225,6.1892],[-60.4061,50.2178,0.0],[-60.4028,50.2119,2.6509],[-60.3972,50.2103,0.0],[-60.3922,50.2147,0.0],[-60.3944,50.2181,0.3077],[-60.395,50.215,2.2962],[-60.3975,50.2147,0.2969],[-60.3972,50.2181,0.7789],[-60.3944,50.2192,0.3804]]],
[[[-63.609,50.2301,16.8174],[-63.6273,50.2294,8.8818],[-63.6347,50.2358,10.6141],[-63.6384,50.2361,10.6141],[-63.6517,50.2284,2.4154],[-63.6444,50.2259,3.2354],[-63.6424,50.2245,3.3954],[-63.6428,50.2233,16.5096],[-63.655,50.2206,3.4374],[-63.6606,50.2169,0.8291],[-63.6496,50.2129,1.8274],[-63.6339,50.2108,2.5523],[-63.6289,50.2072,2.0836],[-63.6244,50.2072,2.3231],[-63.6172,50.2108,7.2619],[-63.6122,50.2072,4.972],[-63.605,50.2061,0.2027],[-63.6028,50.2081,0.0],[-63.6039,50.215,7.7096],[-63.6011,50.2197,8.9121],[-63.5986,50.2219,2.0935],[-63.5932,50.222,0.0],[-63.5919,50.225,8.3765],[-63.5978,50.2294,2.351],[-63.6011,50.2286,23.4065],[-63.609,50.2301,16.8174]]],
[[[-64.0339,50.2325,0.2254],[-64.035,50.2306,1.3787],[-64.0328,50.2294,0.0],[-64.0315,50.2329,0.7172],[-64.0328,50.2339,0.0],[-64.0339,50.2325,0.2254]]],
[[[-63.2689,50.2225,0.3687],[-63.2665,50.2215,0.0],[-63.2656,50.2233,0.1337],[-63.2672,50.2253,1.795],[-63.2694,50.2243,0.7246],[-63.2689,50.2225,0.3687]]],
[[[-60.4775,50.2238,0.0],[-60.4793,50.2233,3.9162],[-60.4802,50.2217,0.0],[-60.4767,50.2225,4.0816],[-60.4775,50.2238,0.0]]],
[[[-60.7644,50.2239,2.2992],[-60.7592,50.2291,0.6027],[-60.7633,50.2283,2.8016],[-60.7639,50.2265,0.8331],[-60.7675,50.2246,3.916],[-60.77,50.2194,5.5241],[-60.7689,50.2175,1.506],[-60.7672,50.2186,0.0],[-60.7644,50.2239,2.2992]]],
[[[-59.9902,50.228,5.3512],[-59.9909,50.2244,0.7174],[-59.9863,50.2254,0.2827],[-59.9862,50.2285,0.0],[-59.9902,50.228,5.3512]]],
[[[-59.9944,50.2281,1.272],[-59.9927,50.2282,1.272],[-59.9912,50.2291,1.8936],[-59.9972,50.2289,0.915],[-59.9944,50.2281,1.272]]],
[[[-59.9973,50.2243,0.0],[-60.0007,50.223,0.8057],[-60.0011,50.2218,0.0],[-60.0,50.2214,0.0],[-59.9973,50.2243,0.0]]],
[[[-60.0556,50.2244,0.0],[-60.0585,50.2231,0.0],[-60.0584,50.2217,0.0],[-60.0546,50.2232,0.3773],[-60.0556,50.2244,0.0]]],
[[[-60.3479,50.2239,0.0],[-60.349,50.2246,0.1486],[-60.3501,50.221,2.1418],[-60.3483,50.2211,0.0],[-60.3479,50.2239,0.0]]],
[[[-60.4067,50.2233,1.2599],[-60.4083,50.2222,0.0],[-60.4078,50.2208,0.6416],[-60.4064,50.222,0.6416],[-60.4067,50.2233,1.2599]]],
[[[-60.4683,50.2231,5.9258],[-60.4694,50.225,0.8692],[-60.4675,50.2275,0.0],[-60.4704,50.2261,4.5518],[-60.4711,50.2272,0.0],[-60.4733,50.2244,4.9383],[-60.47,50.2203,0.139],[-60.468,50.2203,0.4076],[-60.4683,50.2231,5.9258]]],
[[[-60.4467,50.226,0.9511],[-60.4501,50.2254,1.3792],[-60.4522,50.2236,0.6983],[-60.4496,50.2229,0.9925],[-60.4467,50.226,0.9511]]],
[[[-60.3563,50.2297,0.3031],[-60.3561,50.2272,0.0738],[-60.3539,50.2278,0.4015],[-60.3544,50.2297,0.4346],[-60.3563,50.2297,0.3031]]],
[[[-60.3659,50.2298,0.998],[-60.3659,50.2307,0.7598],[-60.3696,50.231,2.0788],[-60.3686,50.2295,0.998],[-60.3659,50.2298,0.998]]],
[[[-63.6769,50.2345,3.9655],[-63.6796,50.2384,3.4293],[-63.6865,50.2394,3.1653],[-63.6893,50.2365,0.5766],[-63.6887,50.229,0.0],[-63.6909,50.2245,0.0],[-63.6841,50.2203,0.0],[-63.6749,50.2222,3.6935],[-63.6721,50.226,8.3255],[-63.6769,50.2345,3.9655]]],
[[[-63.1261,50.2336,9.8565],[-63.1296,50.2324,0.0],[-63.1305,50.2296,5.8755],[-63.1332,50.2302,13.8191],[-63.1322,50.2356,1.7553],[-63.135,50.2383,9.2463],[-63.1328,50.2414,14.365],[-63.1372,50.2428,6.5183],[-63.1456,50.2353,5.8597],[-63.157,50.23,0.0],[-63.1582,50.2271,6.7733],[-63.1606,50.2297,0.0],[-63.1727,50.2302,10.6574],[-63.1789,50.2258,0.0],[-63.1863,50.2254,12.3041],[-63.189,50.226,2.8811],[-63.1902,50.2285,0.0],[-63.1958,50.2293,2.3836],[-63.2004,50.2267,3.4292],[-63.1944,50.2203,2.1662],[-63.1989,50.21,0.0],[-63.1961,50.2083,0.0],[-63.1915,50.2099,2.1416],[-63.1946,50.2067,0.5369],[-63.1878,50.2042,3.7165],[-63.1867,50.2022,0.0],[-63.1846,50.2029,0.0],[-63.1851,50.2051,0.5963],[-63.1783,50.205,0.32],[-63.1784,50.2065,1.1413],[-63.1827,50.2068,2.2465],[-63.18,50.2104,5.3857],[-63.1739,50.2092,3.999],[-63.1756,50.2069,0.0],[-63.1739,50.2061,0.0],[-63.1683,50.21,4.8522],[-63.1611,50.2072,4.6115],[-63.1556,50.2083,3.6664],[-63.1533,50.2069,0.0],[-63.14,50.2064,0.0],[-63.1272,50.2083,2.0135],[-63.1233,50.2072,2.0459],[-63.12,50.2086,0.6289],[-63.1194,50.2106,8.1315],[-63.1078,50.2131,0.1691],[-63.1111,50.2147,6.2457],[-63.1083,50.2169,2.5895],[-63.1144,50.2194,0.9478],[-63.1133,50.2206,1.1032],[-63.1078,50.2203,-0.2306],[-63.0988,50.2247,0.7508],[-63.1068,50.2268,4.7978],[-63.1094,50.2312,0.1529],[-63.1156,50.2297,0.908],[-63.1161,50.2311,-0.2899],[-63.1139,50.2325,0.0],[-63.1144,50.2347,0.6707],[-63.1233,50.2369,7.3337],[-63.1271,50.2395,0.8444],[-63.1294,50.237,1.0814],[-63.1261,50.2336,9.8565]]],
[[[-60.3322,50.2214,1.2156],[-60.3338,50.2189,1.2651],[-60.3312,50.2191,1.2651],[-60.3261,50.2258,1.5415],[-60.3272,50.2269,1.5415],[-60.324,50.2292,1.2307],[-60.3237,50.2328,0.0],[-60.3267,50.2314,0.9062],[-60.3322,50.2214,1.2156]]],
[[[-60.2083,50.2244,1.6445],[-60.217,50.2222,2.9075],[-60.22,50.2242,0.0],[-60.2224,50.229,1.1765],[-60.2173,50.2302,1.0672],[-60.2156,50.2325,0.0],[-60.225,50.2283,0.0],[-60.2239,50.2236,0.0],[-60.2172,50.2204,0.0],[-60.2055,50.2239,0.0],[-60.2083,50.2244,1.6445]]],
[[[-59.9833,50.2308,1.4514],[-59.9861,50.2317,1.4514],[-59.9875,50.2308,3.2006],[-59.9855,50.2296,0.6337],[-59.9833,50.2308,1.4514]]],
[[[-59.9891,50.2319,1.8274],[-59.9902,50.2326,0.0],[-59.9921,50.2319,2.2904],[-59.9911,50.2306,2.2904],[-59.9891,50.2319,1.8274]]],
[[[-63.1065,50.232,0.4244],[-63.1033,50.2298,4.0818],[-63.1032,50.2276,2.2919],[-63.1,50.2281,2.2919],[-63.103,50.2325,0.0],[-63.1053,50.2334,4.1275],[-63.1065,50.232,0.4244]]],
[[[-60.245,50.2258,4.7633],[-60.2444,50.2247,0.0],[-60.2378,50.2283,1.765],[-60.24,50.2337,0.2756],[-60.2439,50.2289,0.0],[-60.245,50.2258,4.7633]]],
[[[-60.4709,50.2319,2.941],[-60.4722,50.2308,2.941],[-60.4711,50.2294,0.6738],[-60.4689,50.2322,0.0],[-60.4709,50.2319,2.941]]],
[[[-60.4733,50.2372,0.7463],[-60.4819,50.2396,0.4571],[-60.4911,50.2356,0.0],[-60.4914,50.2345,0.0],[-60.4872,50.2342,2.6646],[-60.4872,50.2317,9.5591],[-60.4906,50.2303,0.0],[-60.4887,50.2241,0.0],[-60.4867,50.2228,0.0],[-60.4811,50.225,1.4667],[-60.4822,50.2264,0.0],[-60.4762,50.2257,1.6894],[-60.4756,50.2267,0.0],[-60.4787,50.2276,5.0138],[-60.475,50.2292,0.0],[-60.4717,50.2333,0.9568],[-60.4733,50.2372,0.7463]]],
[[[-59.9959,50.2387,0.0],[-59.9953,50.2404,0.0],[-59.9983,50.2413,1.4011],[-60.0094,50.2406,0.0],[-60.0094,50.2381,0.0],[-60.0072,50.2361,2.1074],[-60.0106,50.2336,0.0],[-60.0074,50.2334,2.757],[-60.0067,50.2311,0.6101],[-60.0013,50.2307,4.5468],[-60.0022,50.2336,1.2411],[-59.9982,50.2369,0.0],[-60.001,50.2377,11.0007],[-59.9959,50.2387,0.0]]],
[[[-60.8438,50.2378,3.8552],[-60.8447,50.2359,5.347],[-60.8409,50.2381,1.3831],[-60.8415,50.2386,1.3831],[-60.8438,50.2378,3.8552]]],
[[[-60.2189,50.2325,2.5782],[-60.2172,50.2336,0.0],[-60.22,50.2336,2.5782],[-60.2211,50.2319,0.0],[-60.2194,50.2324,2.5782],[-60.2189,50.2325,2.5782]]],
[[[-60.4578,50.2342,0.0],[-60.4588,50.2333,0.0],[-60.4567,50.2306,0.8513],[-60.4561,50.2319,0.8513],[-60.4578,50.2342,0.0]]],
[[[-60.5086,50.2304,0.2436],[-60.5036,50.2298,0.0],[-60.5033,50.234,2.7859],[-60.5064,50.2353,2.14],[-60.5067,50.2333,2.113],[-60.5094,50.232,1.0486],[-60.5086,50.2304,0.2436]]],
[[[-63.1729,50.2355,0.0],[-63.1742,50.2358,0.0],[-63.1742,50.2342,-0.169],[-63.172,50.2333,0.0],[-63.1717,50.2344,0.2334],[-63.1729,50.2355,0.0]]],
[[[-60.2241,50.2379,0.6228],[-60.2261,50.235,0.0],[-60.2214,50.236,3.6562],[-60.22,50.2394,0.0],[-60.2211,50.24,0.0],[-60.2241,50.2379,0.6228]]],
[[[-63.9926,50.246,2.7015],[-64.0067,50.2494,0.7184],[-64.0261,50.2447,0.6036],[-64.0294,50.2411,0.0],[-64.0264,50.238,0.2299],[-64.0265,50.2416,3.8941],[-64.0239,50.2433,2.9788],[-64.0156,50.2436,0.0],[-64.0144,50.2411,1.2309],[-64.0122,50.2408,7.0791],[-64.0144,50.2406,1.2309],[-64.0133,50.2394,2.3353],[-64.0146,50.2385,0.0],[-64.0083,50.2378,0.5997],[-64.0091,50.2342,0.7471],[-64.0056,50.2342,3.7039],[-64.0067,50.2317,0.0],[-64.005,50.2317,0.0],[-63.9967,50.2361,2.53],[-63.9917,50.2364,2.083],[-63.9894,50.2386,0.0],[-63.9906,50.2394,1.0812],[-63.9861,50.2417,0.0],[-63.9906,50.2458,0.0],[-63.9926,50.246,2.7015]]],
[[[-60.8372,50.2393,0.0],[-60.8383,50.2392,0.0],[-60.8404,50.2371,1.3831],[-60.8375,50.238,2.6033],[-60.8372,50.2393,0.0]]],
[[[-59.974,50.239,2.5373],[-59.9711,50.2408,1.7145],[-59.9776,50.2423,0.0],[-59.9782,50.2413,0.0],[-59.9758,50.2403,2.5373],[-59.9849,50.2386,5.7892],[-59.986,50.2365,3.4916],[-59.9885,50.2364,3.6253],[-59.99,50.2383,1.9333],[-59.9941,50.2351,0.8373],[-59.9817,50.2347,0.5074],[-59.9815,50.236,0.7625],[-59.9836,50.2362,3.4916],[-59.974,50.239,2.5373]]],
[[[-60.0672,50.2394,0.4148],[-60.0657,50.2385,1.6547],[-60.067,50.236,0.2313],[-60.0618,50.2382,0.0521],[-60.0648,50.2406,0.0],[-60.0672,50.2394,0.4148]]],
[[[-60.0718,50.237,0.1553],[-60.069,50.237,0.5759],[-60.0704,50.241,0.0],[-60.072,50.2391,0.1273],[-60.0753,50.2388,0.0],[-60.0718,50.237,0.1553]]],
[[[-60.228,50.2403,0.0],[-60.2211,50.246,0.4574],[-60.2311,50.2428,7.9372],[-60.2313,50.2407,0.0],[-60.2344,50.2394,4.9015],[-60.2333,50.2356,0.0],[-60.2298,50.2369,0.0],[-60.2311,50.2386,0.0],[-60.228,50.2403,0.0]]],
[[[-59.9861,50.2422,1.6762],[-59.9839,50.2436,1.6762],[-59.9878,50.2453,7.125],[-59.9889,50.2417,0.0],[-59.9861,50.2422,1.6762]]],
[[[-60.1934,50.2451,6.9211],[-60.1888,50.241,1.6947],[-60.1867,50.2411,1.0282],[-60.1867,50.2428,1.9433],[-60.1915,50.2461,1.1683],[-60.1934,50.2451,6.9211]]],
[[[-59.9928,50.2418,0.0],[-59.9908,50.2438,0.7403],[-59.9942,50.246,0.3061],[-59.9969,50.2432,0.3607],[-59.9929,50.2436,0.0],[-59.9928,50.2418,0.0]]],
[[[-60.0065,50.245,4.585],[-60.0057,50.2458,5.6947],[-60.0076,50.2477,0.0],[-60.0094,50.2467,4.7151],[-60.0139,50.2481,0.1669],[-60.0147,50.2433,2.1219],[-60.0067,50.2424,1.746],[-60.0065,50.245,4.585]]],
[[[-60.1873,50.2658,0.0],[-60.1962,50.2672,0.0],[-60.2028,50.2631,0.0],[-60.2072,50.2572,0.7484],[-60.2083,50.2522,9.3002],[-60.2106,50.2506,0.0],[-60.2095,50.2467,0.1573],[-60.2084,50.2462,0.0],[-60.2072,50.2484,0.6454],[-60.2064,50.2443,1.8956],[-60.2039,50.2433,0.0],[-60.2049,50.247,1.435],[-60.2039,50.25,8.0212],[-60.1992,50.2555,0.0],[-60.2022,50.2547,1.3105],[-60.2022,50.2563,0.0],[-60.2055,50.2564,1.0601],[-60.2048,50.2576,6.0119],[-60.1972,50.2603,0.0],[-60.1938,50.2652,0.0],[-60.1873,50.2658,0.0]]],
[[[-63.0596,50.2517,5.6901],[-63.0642,50.2573,6.2139],[-63.0719,50.2579,1.6413],[-63.077,50.2525,11.437],[-63.0813,50.2506,0.0],[-63.0821,50.2464,7.5559],[-63.0872,50.2447,3.7404],[-63.0836,50.2408,4.1651],[-63.0816,50.2358,3.6863],[-63.0738,50.2375,5.2244],[-63.0706,50.2368,8.2947],[-63.0666,50.2334,2.9118],[-63.0632,50.2332,7.5446],[-63.0603,50.2355,7.4277],[-63.0511,50.2379,7.1605],[-63.0488,50.2403,4.5749],[-63.0511,50.243899999999996,19.9107],[-63.0508,50.2468,21.203],[-63.0563,50.2479,2.614],[-63.0596,50.2517,5.6901]]],
[[[-59.3874,50.6067,0.0],[-59.3873,50.6053,0.4596],[-59.3855,50.6038,0.4596],[-59.3854,50.6052,0.0],[-59.3874,50.6067,0.0]]],
[[[-59.2983,50.5997,3.8465],[-59.2967,50.5981,5.2558],[-59.2983,50.5961,4.0488],[-59.2967,50.5947,0.0],[-59.2956,50.5992,3.8465],[-59.2972,50.6008,0.0],[-59.2983,50.5997,3.8465]]],
[[[-59.3463,50.6038,0.9572],[-59.345,50.6062,1.1763],[-59.3471,50.6057,2.4878999999999998],[-59.3478,50.6031,0.0],[-59.3463,50.6038,0.9572]]],
[[[-59.2967,50.605,2.4096],[-59.2978,50.6028,1.9822],[-59.2956,50.6019,0.0],[-59.295,50.6042,2.4096],[-59.2967,50.605,2.4096]]],
[[[-59.4478,50.6103,3.6687],[-59.45,50.6097,3.6687],[-59.4495,50.6081,0.5399],[-59.4467,50.6086,0.0],[-59.4478,50.6103,3.6687]]],
[[[-59.29,50.6025,0.0],[-59.2911,50.6028,4.6671],[-59.2894,50.6039,0.0],[-59.29,50.6086,0.0],[-59.2917,50.6114,1.0103],[-59.2956,50.6064,2.6315],[-59.2994,50.6108,0.9893],[-59.305,50.6108,3.9024],[-59.3056,50.6086,0.0],[-59.3028,50.6061,0.9282],[-59.2994,50.6053,0.0],[-59.3033,50.6081,5.4593],[-59.3011,50.6094,4.2631],[-59.2989,50.6061,2.6315],[-59.2939,50.6047,7.0279],[-59.2944,50.6033,1.6798],[-59.2917,50.6022,4.6671],[-59.29,50.5981,1.1049],[-59.284,50.6003,0.0],[-59.2889,50.6011,5.841],[-59.2889,50.6033,0.0],[-59.29,50.6025,0.0]]],
[[[-59.3864,50.6256,0.0],[-59.3859,50.6239,0.0],[-59.384,50.6235,0.0],[-59.3851,50.625,0.0],[-59.3864,50.6256,0.0]]],
[[[-59.3953,50.6123,0.0],[-59.3944,50.6152,1.7559],[-59.3998,50.6157,0.0],[-59.3985,50.6119,0.0],[-59.397,50.6132,1.9768],[-59.3953,50.6123,0.0]]],
[[[-59.3456,50.6137,0.0],[-59.3491,50.6097,0.7051],[-59.3479,50.608,0.522],[-59.3515,50.6028,0.3884],[-59.3491,50.6033,0.715],[-59.3447,50.6133,0.0],[-59.3456,50.6137,0.0]]],
[[[-59.349,50.6117,0.0],[-59.3482,50.6129,0.2811],[-59.3491,50.6136,0.7345],[-59.3506,50.6117,4.2184],[-59.349,50.6117,0.0]]],
[[[-59.3884,50.6153,0.0],[-59.3868,50.6082,0.0],[-59.3862,50.6164,3.2903],[-59.3887,50.6207,0.0],[-59.3884,50.6153,0.0]]],
[[[-59.3111,50.6147,4.5879],[-59.31,50.6172,0.0],[-59.3122,50.6181,0.7703],[-59.3189,50.6164,1.1279],[-59.3156,50.6131,0.0],[-59.3144,50.6142,0.3204],[-59.3161,50.6156,3.8725],[-59.3124,50.615,6.1111],[-59.3128,50.6139,6.1111],[-59.3094,50.6122,5.1407],[-59.3072,50.6139,0.1574],[-59.3034,50.6122,0.0],[-59.2978,50.6128,0.0],[-59.305,50.615,0.0],[-59.3111,50.6147,4.5879]]],
[[[-59.298,50.6164,0.0],[-59.3011,50.6172,0.0],[-59.302,50.6169,0.0],[-59.3001,50.616,0.0],[-59.298,50.6164,0.0]]],
[[[-59.2837,50.6458,0.0],[-59.2833,50.6469,0.0],[-59.2873,50.649,0.0],[-59.2868,50.6477,0.0],[-59.2837,50.6458,0.0]]],
[[[-59.32,50.6353,5.4036],[-59.3206,50.6336,3.1402],[-59.3178,50.6319,0.0],[-59.3178,50.6353,5.4036],[-59.32,50.6353,5.4036]]],
[[[-59.3083,50.6331,5.8336],[-59.3072,50.6336,0.7577],[-59.3094,50.6342,1.4454],[-59.3072,50.6358,0.0],[-59.3167,50.6353,1.0112],[-59.3133,50.6317,0.0],[-59.3056,50.6308,0.7297],[-59.3083,50.6331,5.8336]]],
[[[-59.4039,50.6381,0.0],[-59.4081,50.6392,0.3354],[-59.4033,50.6394,0.0],[-59.4039,50.6409,0.0],[-59.4116,50.6414,0.1561],[-59.4103,50.6378,3.7241],[-59.4129,50.6375,0.0],[-59.411,50.634,0.748],[-59.4071,50.6316,3.2338],[-59.4081,50.6305,0.0],[-59.4054,50.6211,2.7615],[-59.4083,50.6216,0.0],[-59.4088,50.619,0.0],[-59.4044,50.616,1.2149],[-59.4017,50.6178,0.591],[-59.4022,50.6243,0.8237],[-59.3999,50.6269,1.545],[-59.4016,50.6305,2.7401],[-59.3986,50.6332,3.2973],[-59.402,50.6366,2.6243],[-59.4052,50.6364,1.8234],[-59.4039,50.6381,0.0]]],
[[[-59.3219,50.6365,1.2803],[-59.3239,50.6364,0.9275],[-59.3233,50.6344,0.9657],[-59.3211,50.6344,5.4036],[-59.3219,50.6365,1.2803]]],
[[[-59.2788,50.6428,5.4316],[-59.2874,50.6463,0.4742],[-59.2968,50.645,0.0],[-59.2938,50.6447,0.0],[-59.2951,50.6435,0.0],[-59.2941,50.6421,1.3819],[-59.2922,50.644,2.7218],[-59.2889,50.6444,1.0486],[-59.2858,50.6398,0.0],[-59.2772,50.6391,1.7923],[-59.2764,50.6417,4.3167],[-59.2788,50.6428,5.4316]]],
[[[-61.808,50.1268,0.0],[-61.7993,50.1281,0.0],[-61.7533,50.1284,0.0],[-61.7335,50.1335,0.25],[-61.7237,50.1406,9.6305],[-61.7111,50.144,8.7431],[-61.7065,50.1436,0.5],[-61.7017,50.1475,10.6835],[-61.7059,50.1424,0.5],[-61.6972,50.14,1.0],[-61.6911,50.1406,1.0],[-61.6866,50.1368,1.0],[-61.6801,50.1385,1.0],[-61.6697,50.1459,1.5],[-61.6661,50.1464,1.5],[-61.6547,50.1437,2.0],[-61.6462,50.1474,2.0],[-61.6437,50.1457,2.0],[-61.6375,50.1457,2.5],[-61.6306,50.1518,2.5],[-61.6247,50.1545,3.0],[-61.6213,50.1599,8.6325],[-61.6146,50.1634,6.5583],[-61.6106,50.1675,12.1047],[-61.6016,50.178,14.1331],[-61.6034,50.1829,7.8013],[-61.5922,50.1875,6.8977],[-61.5814,50.1796,7.9402],[-61.5792,50.1723,22.2606],[-61.5814,50.1598,16.9746],[-61.5869,50.1548,25.045],[-61.5909,50.1533,29.3855],[-61.6046,50.1526,3.0],[-61.5998,50.1517,7.4733],[-61.6068,50.1509,3.0],[-61.6156,50.1457,6.8655],[-61.6346,50.1387,11.7842],[-61.6625,50.1393,1.5],[-61.683,50.1337,10.8924],[-61.6947,50.1332,4.4218],[-61.7097,50.1262,5.3474],[-61.7303,50.1199,8.3404],[-61.7356,50.1187,5.5094],[-61.7351,50.1204,0.0],[-61.7407,50.1204,0.0],[-61.7375,50.1187,1.7078],[-61.7401,50.1191,0.0],[-61.7472,50.1142,0.0],[-61.7583,50.1124,0.0],[-61.7536,50.1108,0.0],[-61.7611,50.109,0.0],[-61.7645,50.1088,0.0],[-61.7619,50.1098,0.0],[-61.7651,50.11,0.0],[-61.7688,50.1082,0.0],[-61.7669,50.1071,0.0],[-61.7612,50.1081,0.0],[-61.7597,50.1075,0.0],[-61.7616,50.107,0.0],[-61.7606,50.1059,0.0],[-61.7803,50.1048,3.9802],[-61.802,50.1061,3.948],[-61.8125,50.1102,0.3042],[-61.798,50.101,0.8283],[-61.7725,50.0921,1.9313],[-61.7503,50.0862,0.0],[-61.725,50.0863,0.0],[-61.6586,50.1001,0.0],[-61.4596,50.1628,3.7155],[-61.4158,50.1732,0.0],[-61.398,50.171,0.6532],[-61.3928,50.1734,1.8135],[-61.388,50.1715,0.0],[-61.3877,50.1734,2.3483],[-61.3786,50.1757,2.7584],[-61.3714,50.1744,0.4026],[-61.3661,50.1767,2.8014],[-61.3569,50.1754,0.0],[-61.3486,50.1782,0.7277],[-61.3626,50.1776,4.3891],[-61.3702,50.1803,2.5917],[-61.368,50.1812,5.4008],[-61.3514,50.1793,1.1946],[-61.3467,50.1826,2.6249],[-61.3403,50.1826,2.0725],[-61.3386,50.1846,5.7819],[-61.3319,50.1832,0.0],[-61.3308,50.184,0.2165],[-61.3319,50.1848,0.2165],[-61.325,50.1896,3.9232],[-61.3184,50.1891,4.6203],[-61.3176,50.1869,0.7946],[-61.3153,50.1868,0.0],[-61.3114,50.1896,4.7358],[-61.3023,50.1892,0.0],[-61.3027,50.1911,0.0],[-61.301,50.1918,0.0],[-61.2915,50.1923,10.7427],[-61.2915,50.1908,1.7184],[-61.2867,50.1871,5.5896],[-61.2785,50.188,3.2002],[-61.2741,50.1868,0.0],[-61.273,50.1857,0.0],[-61.2742,50.184,1.0576],[-61.2719,50.1812,2.2199],[-61.2764,50.1768,0.847],[-61.2697,50.1773,2.6876],[-61.2664,50.1743,1.1064],[-61.2635,50.1768,1.1105],[-61.2641,50.1798,3.7592],[-61.2611,50.1829,0.9642],[-61.2628,50.1843,0.1254],[-61.2669,50.1826,2.666],[-61.2675,50.1846,0.1987],[-61.2715,50.1862,0.8599],[-61.2693,50.1915,1.4318],[-61.2636,50.1948,4.022],[-61.2556,50.1967,1.4243],[-61.2523,50.1962,4.0531],[-61.2489,50.1932,1.882],[-61.239,50.1942,3.27],[-61.2358,50.192,0.0],[-61.2273,50.1958,2.6905],[-61.2247,50.1957,6.6001],[-61.2268,50.194,0.5917],[-61.2242,50.1934,1.2086],[-61.2194,50.1974,3.6543],[-61.2135,50.1982,0.1503],[-61.2105,50.1974,1.8189],[-61.2093,50.1948,0.6081],[-61.218,50.1925,1.1258],[-61.2183,50.1903,8.7217],[-61.2215,50.1897,4.342],[-61.2213,50.1909,0.6947],[-61.2232,50.1911,0.0],[-61.2272,50.1888,0.0],[-61.198,50.1865,0.0],[-61.1975,50.1885,2.6699],[-61.1925,50.1896,5.1745],[-61.1893,50.186,2.2121],[-61.1892,50.1821,3.2491],[-61.1925,50.1801,0.0],[-61.1897,50.1754,-0.05],[-61.1821,50.1757,1.1703],[-61.1805,50.1743,0.3854],[-61.1723,50.1787,0.0],[-61.1692,50.1826,0.0],[-61.1758,50.1793,0.5089],[-61.1799,50.1796,5.5401],[-61.1728,50.1826,0.2753],[-61.1691,50.1869,1.3538],[-61.1733,50.1938,0.0078],[-61.1718,50.1955,0.0],[-61.1847,50.1995,0.0527],[-61.1761,50.2041,2.5808],[-61.1701,50.204,2.3311],[-61.1786,50.201,0.0],[-61.1713,50.1987,0.5928],[-61.1623,50.1997,3.9529],[-61.1656,50.197,0.0],[-61.1561,50.1922,2.0404],[-61.1561,50.1911,0.2025],[-61.1596,50.1909,0.0],[-61.1536,50.1853,0.0],[-61.152,50.1862,0.489],[-61.1543,50.1882,1.6597],[-61.1504,50.1873,0.0],[-61.1515,50.1895,1.3429],[-61.1467,50.1918,0.2027],[-61.1433,50.1888,0.5219],[-61.1397,50.1893,6.204],[-61.1379,50.1872,6.3783],[-61.138,50.1844,0.0],[-61.1334,50.1852,0.5605],[-61.1297,50.1826,3.7917],[-61.1202,50.181,4.3779],[-61.1098,50.1821,0.0],[-61.1148,50.1857,8.8044],[-61.111,50.1878,7.9624],[-61.1032,50.1852,0.0],[-61.1023,50.1865,1.7469],[-61.1109,50.1895,0.8114],[-61.118,50.1878,4.2284],[-61.1231,50.1894,3.1458],[-61.1226,50.1912,5.0189],[-61.1171,50.1933,0.0],[-61.1208,50.1948,3.1873],[-61.1235,50.1999,1.3913],[-61.1111,50.1994,3.3868],[-61.1087,50.2006,2.0623],[-61.1079,50.2067,1.8944],[-61.1013,50.204,0.8037],[-61.0973,50.2053,0.0165],[-61.0937,50.202,0.0],[-61.0943,50.199,3.5261],[-61.0912,50.197,5.7612],[-61.0916,50.1958,0.0],[-61.0946,50.1966,0.0],[-61.0932,50.1942,3.5982],[-61.085,50.1935,0.5985],[-61.0873,50.1912,0.0],[-61.0841,50.1888,2.1026],[-61.0803,50.1886,-0.102],[-61.0813,50.1877,-0.2676],[-61.0786,50.184,1.0007],[-61.0743,50.1826,0.4126],[-61.0767,50.1862,0.1251],[-61.068,50.1823,7.273],[-61.0685,50.181,5.0643],[-61.0626,50.1761,0.5715],[-61.0651,50.18,1.3313],[-61.0629,50.1801,1.3313],[-61.0628,50.1813,5.7072],[-61.0672,50.185,2.3844],[-61.066,50.1864,0.0],[-61.0671,50.1886,2.8003],[-61.0698,50.1902,0.6551],[-61.0662,50.1894,0.0],[-61.0658,50.1913,0.9634],[-61.0586,50.1923,4.0012],[-61.0586,50.196,0.8718],[-61.0678,50.1957,0.0],[-61.0714,50.199,5.3749],[-61.0602,50.1979,1.5438],[-61.0618,50.2022,0.0],[-61.0638,50.2026,4.0736],[-61.0619,50.205,1.6162],[-61.0632,50.2076,3.1723],[-61.0664,50.2093,0.0],[-61.0713,50.2067,3.0604],[-61.0765,50.21,3.7088],[-61.0753,50.2124,4.2062],[-61.0716,50.2108,2.4047],[-61.0655,50.2119,0.0],[-61.0769,50.2201,1.61],[-61.0794,50.2286,2.1913],[-61.0896,50.2264,2.5433],[-61.0992,50.2323,1.7713],[-61.0986,50.2371,6.721],[-61.0871,50.2421,6.9361],[-61.0833,50.2471,12.6123],[-61.0874,50.253,13.8611],[-61.0961,50.2585,20.3777],[-61.1109,50.2635,4.2183],[-61.1158,50.2693,0.0],[-61.1269,50.2718,5.8724],[-61.1291,50.2746,3.612],[-61.1359,50.2757,0.0],[-61.1387,50.2729,0.0],[-61.1669,50.2707,1.3125],[-61.1686,50.2718,0.0],[-61.1658,50.2737,0.0],[-61.1583,50.2736,0.0],[-61.1497,50.2782,0.0],[-61.1355,50.2794,3.8489],[-61.1288,50.2755,3.8179],[-61.1279,50.2765,2.3114],[-61.118899999999996,50.2748,0.0],[-61.1141,50.2713,0.0],[-61.1105,50.265,0.0],[-61.1008,50.2648,4.3442],[-61.0911,50.2572,6.2108],[-61.0857,50.2548,1.9513],[-61.0786,50.2476,5.6535],[-61.0827,50.244,8.1683],[-61.0813,50.2418,0.0],[-61.0829,50.2402,8.178],[-61.0826,50.2371,4.0949],[-61.0797,50.2348,2.2331],[-61.0815,50.2311,0.0],[-61.0745,50.2322,10.9617],[-61.0747,50.2306,0.5852],[-61.0664,50.2312,9.9605],[-61.0668,50.2285,6.4463],[-61.0723,50.2239,2.3501],[-61.0608,50.2129,1.2006],[-61.0531,50.2109,1.6386],[-61.052,50.2121,0.6221],[-61.0573,50.2139,0.0],[-61.0584,50.2162,19.0105],[-61.0528,50.2221,12.9664],[-61.0486,50.222,0.0],[-61.0497,50.2245,2.0779],[-61.0396,50.2266,1.4125],[-61.0334,50.2243,8.1885],[-61.0339,50.2213,0.9935],[-61.0255,50.2195,0.8806],[-61.025,50.2177,2.7595],[-61.0197,50.2181,2.5041],[-61.0177,50.2123,0.0],[-61.0161,50.2115,0.3966],[-61.0154,50.2194,14.8241],[-61.0141,50.2196,8.1313],[-61.0133,50.2103,0.0],[-61.0113,50.2108,6.3878],[-61.0095,50.2188,8.5406],[-61.0077,50.219,8.5332],[-61.006,50.2123,0.0],[-61.0033,50.2106,1.4109],[-61.0053,50.2072,0.0],[-61.0019,50.204,3.9677],[-61.0,50.2061,2.6365],[-60.9972,50.2038,0.7253],[-60.9933,50.2067,0.1983],[-60.9944,50.2083,0.6876],[-60.9933,50.2097,4.8343],[-60.9906,50.2108,6.743],[-60.9889,50.21,2.6897],[-60.9894,50.205,0.1856],[-60.9811,50.2097,0.6875],[-60.9774,50.209,0.2905],[-60.9767,50.2114,0.6851],[-60.9744,50.2117,1.3224],[-60.975,50.2106,1.3224],[-60.9733,50.2097,3.066],[-60.9772,50.2072,0.5094],[-60.9756,50.2057,0.3758],[-60.9728,50.2078,5.7459],[-60.9728,50.2061,2.7057],[-60.9761,50.2024,0.0345],[-60.9711,50.2008,1.2119],[-60.9694,50.2081,1.0696],[-60.9617,50.2136,0.0],[-60.9611,50.2175,0.8545],[-60.965,50.2169,5.2984],[-60.9639,50.2183,2.2802],[-60.965,50.2194,3.6376],[-60.96,50.2186,0.8545],[-60.955,50.2208,0.0],[-60.9561,50.2236,5.3419],[-60.9528,50.2264,0.0],[-60.9522,50.2303,0.523],[-60.9544,50.2333,3.8379],[-60.9594,50.2333,3.5072],[-60.9578,50.2344,4.9908],[-60.9583,50.2358,0.8334],[-60.9706,50.2333,1.363],[-60.9732,50.2345,0.0],[-60.9735,50.2323,1.363],[-60.985,50.2281,3.8951],[-60.9983,50.2281,0.8756],[-61.0051,50.232,14.5681],[-61.012,50.2414,1.4958],[-61.0217,50.2453,2.5581],[-61.0189,50.2461,0.0],[-61.0197,50.2501,0.0],[-61.0295,50.2533,0.0],[-61.03,50.2597,0.1808],[-61.0289,50.2603,0.1808],[-61.0272,50.2567,2.4633],[-61.0222,50.2564,0.0],[-61.0219,50.2542,0.0],[-61.0167,50.2511,0.6166],[-61.0161,50.2472,0.0],[-61.0134,50.2437,0.0],[-61.0063,50.2437,0.2045],[-61.0077,50.2415,3.4305],[-61.0051,50.2388,0.0],[-61.0042,50.2355,0.6002],[-61.0053,50.235,4.1828],[-61.0,50.2311,0.4677],[-60.9911,50.2325,4.0978],[-60.9911,50.2342,7.5484],[-60.9861,50.2353,0.0],[-60.9832,50.2402,0.2105],[-60.98,50.2374,2.3585],[-60.975,50.2381,5.3849],[-60.975,50.2361,1.6304],[-60.9683,50.2386,3.7205],[-60.9683,50.2364,0.0],[-60.9621,50.2382,0.699],[-60.9544,50.2381,0.0],[-60.9517,50.2394,0.5714],[-60.9531,50.2408,0.0],[-60.9517,50.2456,6.1815],[-60.9478,50.2472,9.0515],[-60.9344,50.2417,0.0],[-60.9194,50.2419,1.7155],[-60.9189,50.24,0.685],[-60.9344,50.2403,14.7627],[-60.9406,50.2375,1.7992],[-60.9489,50.2375,0.0],[-60.9467,50.2314,0.0],[-60.9406,50.2291,7.9152],[-60.9411,50.2258,0.0],[-60.9372,50.2222,1.538],[-60.9456,50.2217,0.0],[-60.9589,50.2142,0.0],[-60.9589,50.2114,0.1833],[-60.9567,50.2111,1.4897],[-60.9589,50.2103,0.2188],[-60.9589,50.2086,0.0816],[-60.9567,50.2047,0.3704],[-60.9539,50.2058,1.139],[-60.9533,50.2089,2.5363],[-60.95,50.2064,5.7131],[-60.9494,50.1992,2.1041],[-60.9533,50.1964,4.285],[-60.9533,50.1936,2.2597],[-60.9522,50.1914,0.3869],[-60.9506,50.1914,0.0],[-60.9478,50.195,3.0179],[-60.9467,50.1944,2.1029],[-60.9478,50.19,0.0],[-60.9456,50.1881,0.0],[-60.9444,50.1833,0.347],[-60.94,50.1872,6.3111],[-60.9386,50.1858,0.6526],[-60.937,50.1865,0.6526],[-60.9361,50.1922,21.6262],[-60.9344,50.1906,2.747],[-60.9322,50.1919,0.0],[-60.9317,50.195,0.5648],[-60.9339,50.1961,7.7998],[-60.93,50.1997,0.0],[-60.9306,50.2028,1.0868],[-60.9283,50.2031,2.6139],[-60.9289,50.2012,0.3318],[-60.9272,50.2006,1.2576],[-60.9256,50.2025,2.6139],[-60.9283,50.2067,0.3631],[-60.9222,50.2097,0.0],[-60.9233,50.2139,0.4969],[-60.9267,50.2156,8.0803],[-60.9236,50.2182,0.9381],[-60.9211,50.2125,0.4831],[-60.9139,50.2089,3.963],[-60.9094,50.2106,2.077],[-60.9106,50.2144,14.5321],[-60.9094,50.2158,6.4211],[-60.905,50.2122,4.3122],[-60.9022,50.2122,1.1974],[-60.9017,50.2139,0.3543],[-60.9033,50.2144,0.3543],[-60.9006,50.2158,6.0264],[-60.8978,50.2153,0.0],[-60.8972,50.2169,0.0],[-60.8998,50.2196,3.92],[-60.8972,50.2214,4.5062],[-60.895,50.2158,8.6021],[-60.8889,50.2153,3.5415],[-60.8905,50.214,0.0],[-60.887,50.211,0.6822],[-60.8917,50.2092,1.0726],[-60.889,50.2077,3.5744],[-60.8894,50.206,1.5473],[-60.8806,50.2131,0.0],[-60.8817,50.2142,5.9977],[-60.8778,50.2164,5.0097],[-60.8778,50.2189,14.7206],[-60.8689,50.2239,0.0],[-60.8694,50.2256,7.1947],[-60.8667,50.2289,3.9375],[-60.8672,50.2314,1.3654],[-60.8644,50.2336,5.1418],[-60.8611,50.2353,1.393],[-60.8578,50.2325,0.0],[-60.8506,50.2367,6.6029],[-60.8506,50.2383,3.6673],[-60.8567,50.2403,10.5347],[-60.8472,50.24,0.0],[-60.8406,50.2428,17.8089],[-60.8428,50.2444,0.0],[-60.8544,50.2447,14.7475],[-60.8539,50.2458,14.9124],[-60.8422,50.2467,0.0],[-60.8372,50.2447,0.0],[-60.8267,50.2506,17.1257],[-60.8183,50.2506,6.3952],[-60.7961,50.2548,2.4038],[-60.7982,50.256,0.0],[-60.7972,50.2597,5.1104],[-60.795,50.2606,8.4191],[-60.7933,50.26,0.0],[-60.7939,50.2569,0.0],[-60.7922,50.2564,2.8218],[-60.7817,50.2567,14.598],[-60.7889,50.2531,3.0942],[-60.8011,50.2533,10.3558],[-60.8106,50.25,23.6208],[-60.8139,50.2506,4.9337],[-60.8171,50.2489,0.0],[-60.8157,50.2478,2.8909],[-60.8217,50.2447,16.2252],[-60.8361,50.2414,6.058],[-60.835,50.2392,12.898],[-60.8367,50.2372,2.6033],[-60.8439,50.2325,0.0],[-60.85,50.2308,2.7477],[-60.8556,50.2231,0.0],[-60.8589,50.2142,1.0462],[-60.8619,50.2123,0.6311],[-60.8617,50.2086,4.4824],[-60.8678,50.2021,1.7076],[-60.86,50.2053,0.0],[-60.8559,50.2101,3.2317],[-60.8544,50.2081,0.0],[-60.8506,50.2114,3.1002],[-60.8517,50.2122,2.8673],[-60.8367,50.2192,8.5987],[-60.8406,50.2153,0.0],[-60.8372,50.2119,2.3975],[-60.8406,50.2089,0.8049],[-60.8363,50.207,0.3969],[-60.8339,50.2158,8.1885],[-60.8317,50.2164,8.1885],[-60.8324,50.2094,1.7546],[-60.8361,50.2058,9.1139],[-60.835,50.205,1.035],[-60.8333,50.205,0.0],[-60.8307,50.2094,1.7546],[-60.8261,50.2117,2.4573],[-60.8267,50.2136,2.2467],[-60.8233,50.2134,10.3549],[-60.825,50.2067,5.9625],[-60.8267,50.2086,1.8272],[-60.8294,50.2075,0.3526],[-60.8289,50.2033,0.3932],[-60.8267,50.2031,1.5849],[-60.8217,50.2081,2.3752],[-60.8211,50.205,0.9858],[-60.825,50.2028,3.7335],[-60.8256,50.2008,7.3452],[-60.8294,50.1994,1.6175],[-60.8289,50.1981,1.9899],[-60.8206,50.2025,6.3704],[-60.8189,50.2011,0.2433],[-60.8183,50.2072,1.1379],[-60.82,50.2094,4.2366],[-60.8161,50.2117,2.7469],[-60.8167,50.2092,1.607],[-60.815,50.2083,1.4635],[-60.8156,50.2064,0.0],[-60.8128,50.2025,2.7934],[-60.8106,50.2014,0.0],[-60.8106,50.2062,3.8862],[-60.8067,50.205,3.0051],[-60.8072,50.2014,3.0462],[-60.8056,50.2,1.3222],[-60.8083,50.1992,0.3403],[-60.8083,50.1961,0.7737],[-60.8128,50.1947,3.7581],[-60.8077,50.1934,0.4659],[-60.8044,50.195,0.0],[-60.8028,50.2019,0.0],[-60.793,50.2019,0.0],[-60.7912,50.2039,2.9266],[-60.7922,50.205,2.9266],[-60.7906,50.2069,0.0],[-60.7911,50.2097,3.4489],[-60.7878,50.2108,0.0],[-60.7866,50.2144,1.6],[-60.7806,50.2073,0.5702],[-60.7789,50.2069,0.0],[-60.7778,50.2092,6.382],[-60.7745,50.2071,2.179],[-60.7733,50.2083,2.179],[-60.7733,50.2186,5.5487],[-60.7675,50.2267,0.7801],[-60.765,50.2333,0.0],[-60.76,50.2361,1.3376],[-60.7567,50.235,0.0],[-60.7511,50.2378,5.3811],[-60.7511,50.2364,0.0],[-60.7482,50.2359,0.6594],[-60.7494,50.2347,1.0977],[-60.7483,50.2325,0.0],[-60.7456,50.2311,0.0],[-60.7383,50.235,0.4076],[-60.7283,50.2317,10.6169],[-60.73,50.2261,7.4514],[-60.7283,50.2239,6.3662],[-60.7417,50.2194,2.7387],[-60.7417,50.2167,1.2322],[-60.7392,50.2149,0.0],[-60.7217,50.2222,0.836],[-60.7178,50.2181,1.3879],[-60.7154,50.2182,1.3879],[-60.71,50.2147,0.0],[-60.7112,50.217,2.1663],[-60.7095,50.2172,0.0],[-60.7144,50.2194,1.0169],[-60.7144,50.2217,0.0],[-60.7161,50.2225,7.3801],[-60.7111,50.2248,0.9653],[-60.7061,50.2231,5.8765],[-60.7106,50.2211,2.3743],[-60.7078,50.2178,3.3225],[-60.6973,50.2135,0.0],[-60.6967,50.2156,0.765],[-60.6989,50.2181,6.0046],[-60.6961,50.2197,0.0],[-60.6972,50.2214,0.9392],[-60.6917,50.2211,1.0318],[-60.6906,50.2225,1.3842],[-60.6917,50.2244,0.498],[-60.6889,50.2261,0.4162],[-60.6889,50.2278,0.4175],[-60.6933,50.2303,0.7285],[-60.6878,50.2286,0.0],[-60.6828,50.2325,2.55],[-60.6794,50.2319,3.7094],[-60.6861,50.2294,0.1911],[-60.6844,50.2219,0.9568],[-60.6894,50.2206,0.6848],[-60.6861,50.2189,0.5931],[-60.6933,50.2175,0.7062],[-60.6889,50.2133,0.5955],[-60.6822,50.2144,1.8865],[-60.6804,50.2133,0.1754],[-60.6811,50.2122,0.1754],[-60.6757,50.2109,4.0059],[-60.6733,50.2142,2.7514],[-60.6639,50.2164,1.4496],[-60.6594,50.2156,1.6957],[-60.6578,50.2172,7.4403],[-60.6522,50.2164,0.0],[-60.6494,50.2183,1.3095],[-60.6417,50.2186,1.0334],[-60.6472,50.2233,1.8262],[-60.645,50.2281,4.2869],[-60.6417,50.2297,1.0325],[-60.6439,50.2322,3.0158],[-60.6433,50.2367,4.2996],[-60.6365,50.2403,15.9816],[-60.6322,50.2378,11.6581],[-60.6322,50.2339,7.2861],[-60.63,50.2297,13.1458],[-60.6317,50.2292,0.0],[-60.6322,50.2258,5.9646],[-60.6272,50.2217,11.3593],[-60.6306,50.2175,0.0],[-60.63,50.2156,10.1259],[-60.6328,50.2139,0.0],[-60.6306,50.2117,0.0],[-60.6311,50.21,0.0],[-60.625,50.2108,10.7245],[-60.6211,50.2072,3.6536],[-60.615,50.2092,5.9947],[-60.6111,50.2083,1.1307],[-60.6094,50.2067,2.9927],[-60.6117,50.205,0.9742],[-60.6094,50.2036,9.6082],[-60.6122,50.2014,2.6424],[-60.6005,50.1999,0.0],[-60.5961,50.2028,3.3757],[-60.5961,50.205,2.2313],[-60.5983,50.2064,2.4925],[-60.5967,50.2072,2.1981],[-60.5967,50.2103,2.2279],[-60.5939,50.2108,5.1865],[-60.5889,50.2094,0.5253],[-60.5929,50.2056,4.9123],[-60.5722,50.2131,0.7318],[-60.5706,50.2128,3.3516],[-60.5773,50.2098,0.403],[-60.5661,50.2108,7.1227],[-60.5628,50.2089,2.9159],[-60.5583,50.2125,3.0989],[-60.5589,50.2108,0.3045],[-60.5572,50.2103,10.9805],[-60.56,50.2089,2.5919],[-60.549,50.2083,0.9809],[-60.5506,50.2106,9.4253],[-60.5439,50.2119,0.0],[-60.5417,50.2139,2.8215],[-60.5456,50.2156,0.0],[-60.5428,50.2208,0.525],[-60.5378,50.2211,0.3954],[-60.5394,50.2219,0.3954],[-60.5378,50.2231,0.0],[-60.5389,50.225,0.7061],[-60.5361,50.2264,1.3982],[-60.5372,50.2283,1.2406],[-60.535,50.2292,0.0],[-60.535,50.2308,0.0],[-60.5367,50.2328,2.1939],[-60.5344,50.2333,0.0],[-60.5367,50.2358,1.1085],[-60.5228,50.2325,0.9871],[-60.5167,50.2364,0.0],[-60.51,50.2364,0.0],[-60.5106,50.2383,0.0],[-60.5067,50.2419,0.0],[-60.5083,50.2442,0.0],[-60.5072,50.2547,1.5484],[-60.5039,50.2522,1.669],[-60.5039,50.2469,0.0],[-60.5016,50.2453,0.646],[-60.5028,50.2447,0.0],[-60.5017,50.2389,0.0],[-60.4994,50.2375,0.8629],[-60.4799,50.2413,0.3372],[-60.4759,50.2411,2.2234],[-60.4706,50.2378,0.7463],[-60.4656,50.2375,0.0],[-60.4639,50.2383,0.0],[-60.4622,50.2436,0.0],[-60.4589,50.2406,1.4018],[-60.4539,50.2444,6.5594],[-60.4472,50.2464,1.5825],[-60.4467,50.2431,2.8614],[-60.4511,50.2406,0.4341],[-60.4533,50.2344,3.0199],[-60.4511,50.2283,2.8744],[-60.4439,50.2269,0.0931],[-60.4361,50.2306,4.2679],[-60.4339,50.2361,0.9836],[-60.435,50.2394,2.4734],[-60.4333,50.2394,0.2018],[-60.4322,50.2375,0.0],[-60.4311,50.2375,0.0],[-60.4317,50.2389,0.6597],[-60.4261,50.2386,0.0],[-60.4244,50.2419,0.6843],[-60.4194,50.2442,0.0],[-60.42,50.2478,1.8032],[-60.4122,50.2417,2.4894],[-60.4144,50.24,3.2819],[-60.4144,50.2378,3.4811],[-60.4089,50.2319,0.0],[-60.3972,50.2244,1.8448],[-60.3917,50.2253,0.0],[-60.3894,50.2228,5.7877],[-60.3885,50.2157,0.0],[-60.3865,50.2158,1.9509],[-60.3844,50.2128,0.6517],[-60.3783,50.2094,0.0],[-60.3767,50.2094,0.3613],[-60.3789,50.2125,3.4534],[-60.3778,50.215,6.3356],[-60.3733,50.2092,0.8853],[-60.3666,50.2107,0.7172],[-60.3744,50.221,3.1803],[-60.3723,50.2273,4.3837],[-60.37,50.2272,0.0],[-60.3714,50.2307,1.9772],[-60.3694,50.2328,0.0],[-60.3736,50.236,0.3145],[-60.3772,50.2364,2.2244],[-60.3711,50.2369,0.0],[-60.3583,50.2319,0.0],[-60.3561,50.2325,0.3041],[-60.3661,50.2381,5.8174],[-60.3656,50.2406,4.0116],[-60.3539,50.2336,0.0],[-60.3489,50.2344,7.8589],[-60.3497,50.2331,6.326],[-60.3474,50.2311,3.8819],[-60.3431,50.2326,5.1982],[-60.3372,50.2311,0.0],[-60.335,50.2325,14.7421],[-60.335,50.2308,10.2271],[-60.3383,50.2289,0.0],[-60.3367,50.2269,2.8587],[-60.3389,50.2192,5.2861],[-60.3444,50.2117,3.7679],[-60.3416,50.2088,8.2629],[-60.335,50.2217,0.6755],[-60.3322,50.2242,0.0],[-60.3328,50.2306,1.2709],[-60.3283,50.2347,3.9184],[-60.3275,50.2418,2.2131],[-60.3256,50.2431,3.5749],[-60.3244,50.2367,0.0],[-60.3211,50.2378,-0.0037],[-60.3217,50.2425,2.6427],[-60.3189,50.2428,0.0753],[-60.3178,50.2403,0.0],[-60.32,50.2367,0.6084],[-60.32,50.2325,0.0],[-60.3172,50.2283,0.8784],[-60.3223,50.2268,1.0061],[-60.3228,50.2283,0.4243],[-60.3248,50.2233,-0.0255],[-60.3144,50.2228,3.5375],[-60.3122,50.2239,0.9017],[-60.3106,50.23,0.0],[-60.3122,50.2317,1.4197],[-60.3083,50.2358,4.5715],[-60.3083,50.2403,2.5857],[-60.3061,50.2417,0.3874],[-60.3083,50.245,11.9394],[-60.3011,50.2467,0.0],[-60.3,50.2514,2.6005],[-60.2972,50.2531,0.0],[-60.2972,50.2561,0.0],[-60.3017,50.2608,2.5864],[-60.3056,50.2608,0.0],[-60.31,50.2586,7.4807],[-60.3111,50.2597,0.2293],[-60.3067,50.2628,1.4579],[-60.3094,50.2639,0.0],[-60.3139,50.2619,13.0413],[-60.3139,50.2636,10.3139],[-60.3133,50.2664,4.08],[-60.305,50.2667,0.0],[-60.3011,50.2731,0.0],[-60.2994,50.2733,0.0],[-60.2992,50.2773,11.7443],[-60.2944,50.2781,2.1581],[-60.2939,50.2828,5.6011],[-60.2961,50.2844,4.5517],[-60.3061,50.2856,0.0],[-60.3144,50.2842,2.0231],[-60.3144,50.2856,7.0428],[-60.3094,50.2911,0.9988],[-60.3108,50.2975,0.0],[-60.31,50.3003,0.0],[-60.3028,50.3039,7.2127],[-60.2978,50.3036,0.0],[-60.2978,50.3069,0.0],[-60.3017,50.3106,7.4674],[-60.2989,50.3158,0.0],[-60.3017,50.3167,2.7213],[-60.2922,50.3247,0.0],[-60.2971,50.325,2.9347],[-60.2994,50.3214,2.2566],[-60.3067,50.3166,3.2025],[-60.3106,50.3181,1.4667],[-60.3148,50.3164,4.3157],[-60.3139,50.3178,1.5536],[-60.3178,50.3208,9.3858],[-60.3161,50.3228,5.9495],[-60.3144,50.3206,0.0],[-60.3111,50.3253,0.0],[-60.3078,50.3275,11.0721],[-60.305,50.3272,0.0],[-60.3033,50.3317,7.9196],[-60.2989,50.3333,0.0],[-60.3106,50.3394,0.0],[-60.3039,50.3419,0.0],[-60.2967,50.3408,3.5266],[-60.2889,50.3442,5.2282],[-60.2828,50.3428,0.0],[-60.2878,50.3381,7.6799],[-60.2839,50.3358,7.3841],[-60.2833,50.3325,0.0],[-60.2622,50.3378,5.5512],[-60.26,50.3347,0.0],[-60.2617,50.3314,0.5478],[-60.2575,50.3302,0.0],[-60.2517,50.3325,2.7465],[-60.2483,50.33,0.0],[-60.2509,50.3273,0.0],[-60.2439,50.3278,2.6753],[-60.2493,50.3258,0.0],[-60.2454,50.3252,13.9741],[-60.2522,50.3239,0.0],[-60.2586,50.3185,4.9136],[-60.2616,50.3183,1.6745],[-60.2644,50.3133,17.5073],[-60.2822,50.3075,2.0156],[-60.2877,50.3007,10.9225],[-60.2883,50.3028,2.7657],[-60.2906,50.3025,1.3699],[-60.2917,50.2994,1.9338],[-60.29,50.2986,4.2116],[-60.2906,50.2956,3.5455],[-60.2883,50.2944,13.1737],[-60.2948,50.2887,0.7612],[-60.2917,50.285,10.8444],[-60.2928,50.275,11.4198],[-60.2911,50.273,0.0],[-60.2906,50.2672,16.7644],[-60.285,50.2642,0.2279],[-60.2761,50.2622,7.8263],[-60.2783,50.2594,4.79],[-60.2856,50.2586,0.6044],[-60.2883,50.2558,2.1241],[-60.2828,50.2539,3.3506],[-60.2794,50.255,11.7145],[-60.2794,50.2531,3.6101],[-60.2778,50.2522,21.2987],[-60.2783,50.25,5.1475],[-60.2822,50.2475,5.5437],[-60.28,50.2454,0.0],[-60.2672,50.2522,1.2667],[-60.2667,50.2556,0.0],[-60.2728,50.2572,15.3212],[-60.2728,50.2586,15.3212],[-60.2606,50.2592,12.4795],[-60.2589,50.2608,5.1006],[-60.26,50.2622,23.829],[-60.2506,50.2664,9.9538],[-60.2539,50.2681,9.5499],[-60.2472,50.2719,0.0],[-60.2439,50.2717,3.0006],[-60.245,50.2692,16.0281],[-60.2583,50.2581,0.7658],[-60.2589,50.2539,5.2689],[-60.2728,50.245,0.0],[-60.2706,50.243899999999996,1.6731],[-60.2883,50.2356,1.6768],[-60.2889,50.2342,0.0],[-60.2861,50.2325,0.0],[-60.2911,50.2289,0.0],[-60.2906,50.2261,15.6886],[-60.2939,50.2242,0.0],[-60.2933,50.2217,0.0],[-60.2883,50.2242,4.0539],[-60.2869,50.2223,3.9957],[-60.281,50.2222,1.2329],[-60.2837,50.2238,7.0371],[-60.2814,50.2249,1.3203],[-60.2774,50.2217,0.4812],[-60.2726,50.2232,13.8383],[-60.2672,50.2225,6.6037],[-60.2669,50.2201,1.6409],[-60.2649,50.2198,0.6498],[-60.2644,50.2216,2.4761],[-60.26,50.2231,2.2492],[-60.2572,50.2264,5.1671],[-60.2562,50.2263,5.1671],[-60.2581,50.223,0.4903],[-60.25,50.2247,1.249],[-60.2239,50.2533,2.2992],[-60.2228,50.2556,0.0],[-60.2244,50.2567,7.5492],[-60.2189,50.2619,1.5186],[-60.2167,50.2667,4.2518],[-60.2122,50.2714,2.92],[-60.1989,50.2769,1.1223],[-60.2029,50.2784,11.9167],[-60.2022,50.2806,10.3034],[-60.1967,50.2828,7.5672],[-60.195,50.2822,4.5932],[-60.1972,50.2806,1.1663],[-60.1967,50.2789,1.7157],[-60.1933,50.2789,0.0],[-60.185,50.2831,3.0374],[-60.1806,50.2823,0.0],[-60.1889,50.2764,0.826],[-60.1861,50.2739,4.7229],[-60.1906,50.2731,0.7462],[-60.1933,50.2706,2.5328],[-60.1878,50.2681,0.0],[-60.1867,50.2694,0.4489],[-60.1889,50.2706,4.1529],[-60.1756,50.2753,0.0],[-60.1744,50.2783,2.3742],[-60.1711,50.2789,9.651],[-60.1717,50.2772,1.5499],[-60.1683,50.2747,1.6026],[-60.1667,50.2758,3.9225],[-60.1672,50.2772,8.0163],[-60.1617,50.2783,0.8752],[-60.1528,50.2831,0.0],[-60.1506,50.2864,6.565],[-60.1472,50.2836,15.6697],[-60.1494,50.2811,7.317],[-60.1589,50.2781,4.9469],[-60.1622,50.2744,8.5388],[-60.1739,50.27,0.0],[-60.1739,50.2661,2.568],[-60.1794,50.2608,4.2635],[-60.1894,50.2553,10.2998],[-60.1906,50.2506,0.0],[-60.1861,50.2461,0.0],[-60.1828,50.2469,0.0],[-60.1805,50.2505,9.7504],[-60.1739,50.2472,4.2163],[-60.1794,50.2453,1.6243],[-60.1789,50.2442,1.6243],[-60.1817,50.2425,1.5986],[-60.1794,50.2411,1.7332],[-60.175,50.2422,0.0],[-60.175,50.2447,1.0408],[-60.1633,50.2456,2.3116],[-60.1572,50.2483,0.6648],[-60.1472,50.2564,0.0],[-60.1478,50.2586,2.2733],[-60.1439,50.2617,2.9198],[-60.1444,50.2669,6.3274],[-60.1406,50.2692,1.6376],[-60.1417,50.27,6.4086],[-60.1367,50.2689,2.3396],[-60.1389,50.2675,0.0],[-60.1371,50.267,1.4004],[-60.1378,50.265,0.2485],[-60.1353,50.2652,3.2373],[-60.1361,50.2617,20.575],[-60.145,50.2553,0.0],[-60.1439,50.2536,6.9768],[-60.1483,50.2531,3.7371],[-60.1536,50.25,0.4482],[-60.1533,50.2475,0.3999],[-60.1483,50.2472,5.1956],[-60.1549,50.2463,1.728],[-60.1622,50.24,7.9668],[-60.1667,50.2383,3.6063],[-60.1689,50.235,1.8625],[-60.1816,50.2309,2.9567],[-60.1883,50.2253,1.4343],[-60.1878,50.2206,11.0227],[-60.19,50.2189,7.2505],[-60.1928,50.21,0.0],[-60.1856,50.2133,0.0],[-60.1844,50.2158,2.7655],[-60.1861,50.2164,15.44],[-60.1817,50.2172,3.2613],[-60.1822,50.2194,0.2981],[-60.1794,50.2183,0.1247],[-60.1714,50.2225,12.3966],[-60.1722,50.22,2.9621],[-60.17,50.2181,0.402],[-60.1685,50.2247,12.8484],[-60.1631,50.2265,5.266],[-60.1606,50.225,0.0],[-60.1517,50.2281,1.5629],[-60.1539,50.2264,0.1206],[-60.1533,50.2247,0.0],[-60.1556,50.2211,0.0],[-60.1489,50.2214,0.0],[-60.1528,50.2175,2.1077],[-60.1506,50.2167,0.6768],[-60.1467,50.2181,2.6588],[-60.1467,50.2164,3.1279],[-60.1511,50.2156,0.0],[-60.1522,50.2131,8.2395],[-60.1617,50.2092,0.0],[-60.1717,50.2094,1.2549],[-60.1711,50.2058,6.9499],[-60.1722,50.2053,1.9115],[-60.1711,50.2047,6.7936],[-60.1728,50.2036,7.7053],[-60.1717,50.2031,7.7053],[-60.1756,50.1992,1.8436],[-60.1713,50.1969,0.0],[-60.1692,50.1986,0.5173],[-60.1728,50.2,0.1699],[-60.1672,50.2003,0.0],[-60.1658,50.205,2.7422],[-60.1589,50.2056,4.5444],[-60.1581,50.2036,5.1197],[-60.1632,50.2034,3.6816],[-60.165,50.2011,1.2586],[-60.1661,50.1967,0.0],[-60.1633,50.1936,0.0],[-60.1544,50.1967,0.1716],[-60.1506,50.1953,0.0],[-60.146,50.2005,1.764],[-60.1462,50.2025,5.5345],[-60.1395,50.2046,0.7394],[-60.1394,50.2031,0.0564],[-60.1356,50.2028,1.3287],[-60.134,50.2056,4.5441],[-60.1292,50.2074,0.9122],[-60.1381,50.2068,0.5537],[-60.135,50.2094,0.0],[-60.1344,50.2128,3.2043],[-60.1239,50.2167,2.3607],[-60.1239,50.2231,1.8661],[-60.1289,50.2239,0.0],[-60.1295,50.2228,1.1678],[-60.1272,50.2217,2.1667],[-60.1325,50.2185,12.5609],[-60.1339,50.2192,3.5258],[-60.1332,50.2212,2.7343],[-60.1356,50.2217,2.7343],[-60.135,50.2231,0.1571],[-60.1167,50.2281,0.9331],[-60.115,50.2306,0.0],[-60.1183,50.2314,2.6861],[-60.1117,50.2361,0.6442],[-60.1206,50.2378,4.1244],[-60.11,50.2394,4.1281],[-60.1089,50.2411,3.1062],[-60.1061,50.2406,0.499],[-60.1028,50.2425,0.0],[-60.1039,50.2442,2.1303],[-60.1028,50.2453,0.0],[-60.0961,50.2489,13.1216],[-60.0939,50.2483,2.622],[-60.1033,50.2386,2.1934],[-60.0972,50.2372,5.6378],[-60.106,50.2344,0.0],[-60.1059,50.2323,1.2665],[-60.1072,50.2333,1.2665],[-60.1083,50.2322,0.0],[-60.105,50.229,2.127],[-60.1031,50.2292,2.0699],[-60.1044,50.2278,1.4989],[-60.1033,50.2267,1.0464],[-60.0978,50.2261,0.0],[-60.1047,50.2249,-0.3104],[-60.1017,50.2244,0.3449],[-60.102,50.222,0.2109],[-60.1003,50.221,0.5955],[-60.0944,50.2253,0.0],[-60.085,50.2275,0.0],[-60.0906,50.2294,1.6192],[-60.0872,50.2306,8.0971],[-60.0872,50.2331,21.4177],[-60.0887,50.2363,1.6302],[-60.0933,50.2364,8.2192],[-60.0917,50.2378,1.1035],[-60.0922,50.2419,0.6101],[-60.0833,50.2411,0.0],[-60.0806,50.2431,0.4216],[-60.0772,50.2431,1.9062],[-60.0728,50.2417,0.0],[-60.0689,50.2431,0.7855],[-60.0678,50.2453,0.0],[-60.0694,50.2464,1.2978],[-60.0633,50.2467,0.0],[-60.0617,50.2486,0.0499],[-60.0594,50.2483,1.8802],[-60.0583,50.2447,1.5724],[-60.0561,50.2436,6.5052],[-60.0594,50.2414,0.0],[-60.0505,50.24,-0.8444],[-60.0543,50.2388,-0.6007],[-60.0522,50.2364,0.0],[-60.0556,50.2342,2.6449],[-60.0628,50.2358,0.4443],[-60.0567,50.2333,1.7656],[-60.0578,50.2319,8.659],[-60.0628,50.2311,3.9722],[-60.0678,50.2331,0.1842],[-60.0706,50.2325,0.4993],[-60.0689,50.2294,1.056],[-60.0656,50.2275,0.738],[-60.0622,50.2292,2.1424],[-60.0578,50.2278,0.213],[-60.0561,50.2306,4.087],[-60.0533,50.2303,0.0],[-60.0461,50.2347,2.7949],[-60.0461,50.2325,0.1607],[-60.0428,50.2308,3.3593],[-60.0433,50.2283,8.8359],[-60.0406,50.2242,0.502],[-60.0361,50.2253,0.7176],[-60.0356,50.2289,0.0],[-60.0394,50.2306,1.8201],[-60.0383,50.2331,3.7026],[-60.0312,50.2357,0.0167],[-60.0311,50.2397,0.1941],[-60.0239,50.2428,0.7072],[-60.0282,50.2475,0.1128],[-60.035,50.2422,3.3637],[-60.0372,50.2433,2.8551],[-60.0367,50.2453,1.8052],[-60.0394,50.2464,4.7973],[-60.0372,50.2472,0.3634],[-60.0372,50.2514,0.0],[-60.04,50.2519,11.7358],[-60.0406,50.2544,8.8729],[-60.0361,50.2561,2.943],[-60.0339,50.2531,0.666],[-60.0283,50.2539,2.9679],[-60.0233,50.2575,0.0],[-60.0233,50.2597,0.8553],[-60.0178,50.2608,4.6237],[-60.0167,50.2631,1.8442],[-60.0183,50.2633,3.4444],[-60.0128,50.2672,0.0],[-60.0167,50.2689,7.9842],[-60.0122,50.2706,0.0],[-60.0128,50.2725,2.0309],[-60.0089,50.2742,0.0],[-60.0111,50.2756,0.0],[-60.0183,50.2739,1.2031],[-60.02,50.2778,2.4324],[-60.0172,50.2803,7.4984],[-60.0094,50.28,0.0],[-60.0061,50.2834,1.7486],[-60.0039,50.2838,11.0362],[-60.0039,50.2822,0.0],[-59.9951,50.2795,7.2011],[-59.9938,50.2774,1.4014],[-60.002,50.2732,2.4131],[-60.0028,50.2706,0.0],[-60.0106,50.2661,14.4909],[-60.0194,50.2561,4.7638],[-60.0234,50.2539,0.0],[-60.0222,50.25,8.2989],[-60.0261,50.2497,0.0],[-60.0228,50.2475,5.8124],[-60.0239,50.2461,0.0],[-60.0217,50.2444,0.6448],[-60.0183,50.2433,0.0],[-60.0189,50.2467,4.5903],[-60.0144,50.2508,4.5679],[-60.0089,50.2486,0.0],[-60.0045,50.2503,0.0],[-60.0028,50.2494,0.0],[-60.0039,50.2483,0.0],[-60.0028,50.2475,0.0],[-59.9983,50.2466,0.0],[-59.9963,50.2478,0.0],[-59.9986,50.249,0.0],[-59.9961,50.2504,2.7508],[-59.9922,50.2475,2.9313],[-59.9902,50.2483,0.0],[-59.9902,50.2502,0.0],[-59.9808,50.2498,2.0308],[-59.9856,50.2543,0.0],[-59.9911,50.2555,1.5355],[-59.9889,50.2592,7.6057],[-59.9839,50.2607,3.769],[-59.9856,50.2634,0.366],[-59.9785,50.2637,0.0],[-59.9733,50.2664,0.0],[-59.977,50.268,1.484],[-59.9717,50.2712,0.6504],[-59.9726,50.2728,0.0],[-59.97,50.2756,4.0108],[-59.9759,50.2762,2.7778],[-59.9814,50.28,10.6802],[-59.9779,50.2814,0.0],[-59.9769,50.2834,0.0],[-59.9761,50.2913,4.6194],[-59.9739,50.2905,10.0328],[-59.9753,50.2887,4.5158],[-59.9733,50.2831,8.0915],[-59.9772,50.2803,0.0],[-59.976,50.2797,0.6213],[-59.9689,50.2794,1.5105],[-59.964,50.2824,3.1893],[-59.9601,50.2817,0.0],[-59.9646,50.2883,1.3984],[-59.9601,50.29,0.8155],[-59.9572,50.2889,8.9165],[-59.9561,50.2858,0.0],[-59.9496,50.2841,4.6989],[-59.9478,50.2821,0.4128],[-59.9531,50.2792,5.7312],[-59.9523,50.277,2.9774],[-59.9544,50.2755,0.0],[-59.9574,50.2752,2.1675],[-59.9554,50.2802,0.0],[-59.9617,50.2791,0.5052],[-59.9595,50.2775,3.2094],[-59.9594,50.2733,2.3295],[-59.9625,50.2732,1.5342],[-59.9643,50.2749,0.7423],[-59.9685,50.274,0.0],[-59.9683,50.2715,0.5028],[-59.9721,50.2684,1.3106],[-59.9671,50.2659,3.3381],[-59.96,50.2675,1.6604],[-59.9643,50.2637,0.2484],[-59.9622,50.2622,1.5852],[-59.9655,50.2598,0.9716],[-59.9619,50.2592,2.3594],[-59.9611,50.2572,10.1172],[-59.955,50.2575,6.7434],[-59.9528,50.2559,1.2675],[-59.9535,50.2539,1.7854],[-59.9503,50.2523,3.0112],[-59.9472,50.2528,0.5648],[-59.9526,50.2581,5.1912],[-59.9454,50.2588,11.9303],[-59.9456,50.2625,1.4173],[-59.9478,50.2633,0.8399],[-59.9493,50.2618,5.456],[-59.9499,50.2634,0.8399],[-59.9405,50.2689,0.0],[-59.9495,50.2708,0.1999],[-59.9504,50.2731,1.0699],[-59.9424,50.2742,1.0051],[-59.9412,50.2759,4.5861],[-59.9387,50.2756,1.122],[-59.9333,50.2785,1.2032],[-59.9308,50.2773,1.2536],[-59.9302,50.2749,1.7267],[-59.9256,50.2745,0.2517],[-59.9206,50.2782,12.0757],[-59.9214,50.2831,8.6823],[-59.9185,50.2835,0.349],[-59.9161,50.2811,0.3023],[-59.9139,50.2822,4.0586],[-59.9139,50.2847,2.7739],[-59.9194,50.2901,1.4001],[-59.9139,50.2936,0.8106],[-59.9111,50.2931,1.9574],[-59.9072,50.2989,7.7232],[-59.9025,50.3005,6.0918],[-59.9102,50.2879,0.0],[-59.9102,50.2812,0.0],[-59.9067,50.2822,10.0884],[-59.9015,50.2871,7.2428],[-59.9,50.2836,0.0],[-59.8989,50.2838,2.8997],[-59.8966,50.2865,1.6399],[-59.9,50.2883,7.2428],[-59.8968,50.2915,3.599],[-59.8886,50.2897,4.3851],[-59.8837,50.2914,4.1494],[-59.8723,50.2993,1.1237],[-59.8679,50.3047,0.5305],[-59.8567,50.306399999999996,0.1973],[-59.8627,50.3087,1.7278],[-59.854,50.3141,5.3084],[-59.8483,50.3131,0.0],[-59.8372,50.3146,3.9337],[-59.8252,50.3205,3.0474],[-59.8177,50.3258,5.4504],[-59.8167,50.3337,1.1589],[-59.8142,50.3366,1.6256],[-59.8125,50.3371,3.4943],[-59.8117,50.335,0.6861],[-59.8079,50.3361,4.3034],[-59.8081,50.3373,0.0],[-59.8159,50.3406,3.1292],[-59.8056,50.3411,1.602],[-59.81,50.3428,0.4577],[-59.8113,50.3413,1.2121],[-59.8128,50.3427,0.2973],[-59.8102,50.3467,0.0],[-59.811,50.3485,1.4057],[-59.8212,50.3494,3.5697],[-59.8217,50.3513,2.8263],[-59.8261,50.3525,0.0681],[-59.8311,50.3499,0.2317],[-59.8294,50.3494,3.5138],[-59.8395,50.3461,5.2673],[-59.8346,50.3421,3.05],[-59.8372,50.3414,0.8357],[-59.8283,50.3403,0.9525],[-59.8333,50.3391,0.6329],[-59.8478,50.3311,4.4859],[-59.8453,50.3307,1.8989],[-59.8295,50.3381,1.4654],[-59.8284,50.3356,2.0228],[-59.8238,50.3382,2.0871],[-59.8226,50.3355,3.8386],[-59.8299,50.3343,0.9706],[-59.8311,50.3292,0.0],[-59.836,50.3279,3.4827],[-59.8356,50.3311,0.0],[-59.8404,50.3301,0.0],[-59.8373,50.3277,3.3947],[-59.8428,50.3246,5.7551],[-59.8456,50.3264,1.0769],[-59.8468,50.3245,0.904],[-59.8456,50.3219,10.4357],[-59.8489,50.3197,2.8573],[-59.8574,50.3217,2.4155],[-59.8564,50.3261,6.6895],[-59.852,50.3282,0.0],[-59.8567,50.3283,7.4061],[-59.8519,50.3314,0.3507],[-59.8528,50.3319,1.3333],[-59.8683,50.325,21.8815],[-59.8683,50.3267,1.925],[-59.8544,50.3336,0.0],[-59.8561,50.3344,0.0],[-59.8651,50.3319,16.8974],[-59.8675,50.3328,0.0],[-59.8666,50.3347,4.3364],[-59.8546,50.3389,0.3765],[-59.8553,50.3408,12.6403],[-59.8515,50.3422,2.0521],[-59.8601,50.3466,1.1607],[-59.8599,50.3488,0.0],[-59.8641,50.3489,0.0],[-59.865,50.3481,2.1047],[-59.8633,50.3464,15.3676],[-59.8646,50.3466,15.3676],[-59.8772,50.3522,4.4307],[-59.873,50.3529,9.9742],[-59.8628,50.3508,8.024],[-59.8531,50.3517,0.0],[-59.8424,50.3544,9.4535],[-59.842,50.3557,4.8212],[-59.8335,50.3556,1.5861],[-59.8279,50.3586,10.8073],[-59.8273,50.3639,0.9696],[-59.8417,50.3627,1.2498],[-59.8417,50.3614,5.8977],[-59.8492,50.3627,0.5497],[-59.8511,50.3606,0.0],[-59.8546,50.3619,1.0739],[-59.8633,50.3592,3.6224],[-59.8643,50.3612,1.9727],[-59.86,50.3622,0.0],[-59.8657,50.3628,0.7017],[-59.8712,50.3607,0.0],[-59.8725,50.3582,13.643],[-59.8752,50.3594,3.1422],[-59.8817,50.3578,3.4756],[-59.8756,50.3606,0.0],[-59.8806,50.3614,2.0267],[-59.8798,50.364,0.2774],[-59.8842,50.3671,0.0],[-59.8905,50.3646,1.4619],[-59.8891,50.3695,1.6889],[-59.8938,50.3709,0.0],[-59.8989,50.3692,1.9297],[-59.9011,50.3711,8.3123],[-59.8956,50.375,2.1651],[-59.8941,50.3743,2.1651],[-59.895,50.3725,5.45],[-59.8883,50.3717,0.3752],[-59.8809,50.3732,0.0],[-59.8801,50.3749,0.0],[-59.8743,50.3752,1.258],[-59.8657,50.3799,4.6624],[-59.8568,50.3808,1.7424],[-59.8582,50.3832,0.0],[-59.8526,50.3864,6.8039],[-59.8537,50.389,1.4675],[-59.8575,50.3894,2.3647],[-59.865,50.3872,0.291],[-59.8724,50.3884,4.9605],[-59.8521,50.3959,6.7061],[-59.8484,50.3999,0.0],[-59.8402,50.4011,21.4258],[-59.8336,50.4072,17.9364],[-59.8307,50.406,4.4514],[-59.8278,50.4075,0.0],[-59.8224,50.4139,1.8203],[-59.8214,50.4172,4.3866],[-59.8232,50.4215,0.0],[-59.8194,50.4273,0.0],[-59.8222,50.4292,2.3453],[-59.8186,50.4295,2.7024],[-59.8161,50.4324,6.5266],[-59.8115,50.43,0.0],[-59.8042,50.4332,2.8302],[-59.7969,50.4398,0.0],[-59.8002,50.4418,0.0],[-59.7907,50.4467,0.0],[-59.7952,50.4493,26.2761],[-59.7933,50.4513,13.5799],[-59.7846,50.4548,3.8356],[-59.7832,50.454,3.8356],[-59.7864,50.4467,0.0],[-59.7853,50.445,2.8236],[-59.7893,50.4429,7.4292],[-59.7899,50.4401,10.6422],[-59.8036,50.432,4.4757],[-59.8063,50.4278,0.0],[-59.8005,50.4289,27.7312],[-59.7957,50.4258,1.4949],[-59.7897,50.4297,4.1766],[-59.7868,50.4283,2.4414],[-59.7888,50.4242,0.0],[-59.7861,50.4236,0.0],[-59.7843,50.425,0.0],[-59.785,50.4306,15.0944],[-59.7833,50.4306,6.0852],[-59.781,50.4255,3.8594],[-59.7787,50.4248,1.0308],[-59.7703,50.4262,3.6789],[-59.7681,50.4275,0.0],[-59.7696,50.4282,2.3361],[-59.7675,50.4312,4.1897],[-59.7578,50.4333,2.1456],[-59.7519,50.4298,2.341],[-59.7517,50.4282,0.0],[-59.7477,50.4315,6.142],[-59.7399,50.4326,1.6186],[-59.7323,50.439,1.0034],[-59.7377,50.4435,13.2652],[-59.735,50.4458,0.0],[-59.7374,50.4476,11.916],[-59.7361,50.4511,18.8694],[-59.7336,50.4493,2.0304],[-59.7284,50.4497,7.2175],[-59.726,50.448,0.6365],[-59.7242,50.4481,1.3087],[-59.7259,50.4512,16.2326],[-59.7241,50.4511,7.8602],[-59.7228,50.4479,7.9369],[-59.7124,50.4435,0.0],[-59.7062,50.4462,0.0],[-59.7068,50.4476,1.6886],[-59.7138,50.4492,1.8368],[-59.7111,50.4519,2.3801],[-59.7075,50.4505,0.0442],[-59.706,50.4528,0.0],[-59.7023,50.454,11.6078],[-59.6959,50.4515,0.0],[-59.693,50.4522,21.8944],[-59.6878,50.4489,2.3992],[-59.6828,50.4533,0.0],[-59.6833,50.4547,0.0],[-59.6805,50.4571,13.709],[-59.68,50.4597,7.1731],[-59.6766,50.4588,6.5922],[-59.6783,50.4564,0.0],[-59.6767,50.4558,4.8201],[-59.6742,50.4581,1.6199],[-59.6526,50.4608,0.0],[-59.654,50.462,5.9065],[-59.6628,50.4619,5.7858],[-59.6639,50.4647,3.4615],[-59.6617,50.4667,2.0314],[-59.66,50.4664,9.6993],[-59.6626,50.4646,5.9813],[-59.6612,50.4627,2.457],[-59.6505,50.4628,5.6233],[-59.65,50.4617,6.1804],[-59.6543,50.4595,1.0439],[-59.6528,50.4578,0.7118],[-59.6484,50.4605,4.0671],[-59.6301,50.4621,3.1423],[-59.6215,50.4645,0.8348],[-59.6073,50.4708,1.7226],[-59.6055,50.4747,0.0],[-59.5998,50.4799,0.8784],[-59.6007,50.4823,2.1837],[-59.5967,50.485,1.1734],[-59.6006,50.487,7.9257],[-59.5994,50.4889,12.9346],[-59.5936,50.4884,1.5],[-59.5896,50.4858,7.5516],[-59.5925,50.4839,2.9566],[-59.5947,50.4844,6.5706],[-59.5935,50.4794,0.0],[-59.5971,50.4768,4.8809],[-59.5973,50.4751,9.1428],[-59.5998,50.4756,0.0],[-59.5995,50.4732,5.2626],[-59.6036,50.4714,0.8093],[-59.6054,50.4661,0.645],[-59.5904,50.472,0.0],[-59.5846,50.4725,2.3465],[-59.58,50.475,0.0],[-59.5815,50.4765,6.0823],[-59.579,50.4792,1.8209],[-59.5805,50.4823,0.0],[-59.5786,50.4863,0.0],[-59.576,50.4886,1.8557],[-59.5694,50.4903,0.0],[-59.573,50.4928,11.7555],[-59.5689,50.4947,2.685],[-59.5689,50.4981,2.367],[-59.5725,50.4997,1.5338],[-59.5722,50.5019,3.2477],[-59.5651,50.5023,1.2199],[-59.5646,50.5045,3.1683],[-59.5683,50.5042,4.6746],[-59.57,50.5057,2.8806],[-59.5628,50.5092,15.7277],[-59.5611,50.5116,4.4713],[-59.5627,50.5168,10.7557],[-59.5597,50.522,0.0],[-59.5506,50.5239,11.7115],[-59.5361,50.5231,1.9901],[-59.5333,50.5218,7.599],[-59.5341,50.5175,4.3404],[-59.5323,50.5164,1.2804],[-59.5289,50.5175,5.3756],[-59.53,50.5208,0.0],[-59.5244,50.5247,0.0],[-59.5313,50.526,0.0],[-59.5299,50.528,1.5785],[-59.5325,50.5292,0.377],[-59.5249,50.5332,0.429],[-59.5222,50.5372,0.0],[-59.525,50.5389,0.0],[-59.525,50.5425,0.0],[-59.5272,50.5464,2.1398],[-59.5211,50.5517,0.0],[-59.5211,50.5536,0.0],[-59.5143,50.5577,3.5433],[-59.5033,50.5572,6.1926],[-59.4994,50.5607,5.2212],[-59.4979,50.5603,7.3879],[-59.5006,50.5558,0.2411],[-59.4972,50.5533,3.9259],[-59.4978,50.5514,0.4115],[-59.4922,50.55,0.1673],[-59.5,50.5497,3.1143],[-59.5027,50.5475,3.3922],[-59.5008,50.5433,5.8931],[-59.5044,50.545,2.894],[-59.5054,50.5428,0.0],[-59.4963,50.5384,0.0],[-59.4745,50.5367,4.7019],[-59.4792,50.5347,1.1326],[-59.4757,50.5333,0.0],[-59.4698,50.5345,1.3988],[-59.4687,50.5363,2.413],[-59.4717,50.5383,1.0365],[-59.4677,50.5397,0.0],[-59.4497,50.5417,0.8927],[-59.4455,50.5375,0.0],[-59.4414,50.5375,2.669],[-59.4374,50.5339,3.0207],[-59.4368,50.5371,3.0699],[-59.4344,50.5367,0.6316],[-59.4332,50.5392,3.5008],[-59.446,50.5456,8.4821],[-59.4427,50.546,0.6033],[-59.443,50.5474,6.9552],[-59.4415,50.5477,6.9552],[-59.4304,50.5446,9.0947],[-59.4306,50.543,3.8472],[-59.429,50.5428,3.8472],[-59.4267,50.5458,5.4121],[-59.4293,50.5475,5.194],[-59.4294,50.5493,2.9923],[-59.427,50.5512,1.6477],[-59.4225,50.5461,0.0],[-59.4206,50.5461,3.4685],[-59.4197,50.5493,0.8231],[-59.4245,50.5507,0.3133],[-59.4248,50.5539,0.4833],[-59.4356,50.5586,11.9492],[-59.4328,50.5586,5.6278],[-59.432,50.5616,3.3868],[-59.4462,50.5693,2.062],[-59.4533,50.5672,1.7794],[-59.4539,50.5703,8.1425],[-59.4583,50.5703,0.7312],[-59.4611,50.5686,4.2665],[-59.4617,50.5664,2.5156],[-59.4722,50.5603,0.1469],[-59.4761,50.5622,0.7552],[-59.475,50.5653,-0.0318],[-59.4778,50.5661,1.0202],[-59.472,50.5722,1.4841],[-59.4763,50.5734,10.6905],[-59.476,50.575,8.5221],[-59.4681,50.5824,3.2454],[-59.4695,50.5835,3.2454],[-59.4674,50.5879,0.8698],[-59.4616,50.5925,4.0745],[-59.4625,50.5933,4.0745],[-59.4611,50.595,0.0],[-59.4632,50.5976,0.0],[-59.4603,50.6037,0.0],[-59.4537,50.6049,0.6425],[-59.4563,50.6067,4.6942],[-59.4586,50.6062,8.3982],[-59.4585,50.6106,8.6682],[-59.4615,50.6144,0.0],[-59.4616,50.6196,3.6692],[-59.4508,50.6234,0.2139],[-59.4405,50.6216,2.983],[-59.4394,50.6203,6.6898],[-59.442,50.6165,2.1277],[-59.4501,50.6162,2.1732],[-59.4506,50.6128,3.8027],[-59.4439,50.6131,0.3737],[-59.4435,50.615,6.2516],[-59.4417,50.6153,0.0],[-59.4415,50.6126,0.0],[-59.4372,50.61,0.0],[-59.4339,50.6156,6.2986],[-59.4329,50.6227,12.2721],[-59.4251,50.6238,9.6196],[-59.4187,50.6217,0.0],[-59.4138,50.622,0.0],[-59.4131,50.6264,4.2825],[-59.4101,50.6257,0.0],[-59.4148,50.6281,1.0541],[-59.4117,50.6284,0.3493],[-59.4113,50.6308,7.6216],[-59.4156,50.6381,0.0],[-59.4194,50.6394,4.7604],[-59.4224,50.6469,4.6758],[-59.429,50.652,15.0161],[-59.4307,50.6555,0.375],[-59.4289,50.6582,2.875],[-59.4239,50.6553,0.0],[-59.416,50.6544,11.5102],[-59.4119,50.6523,8.5954],[-59.3946,50.6499,0.4148],[-59.3847,50.6528,1.0899],[-59.3744,50.6517,0.0],[-59.3698,50.6531,0.127],[-59.37,50.6553,1.2151],[-59.3583,50.6586,1.6244],[-59.3544,50.6558,2.6528],[-59.3572,50.6542,0.77],[-59.3556,50.6506,1.1877],[-59.3524,50.6535,0.8619],[-59.3494,50.6519,0.6395],[-59.3506,50.6508,0.0645],[-59.3494,50.6489,0.8317],[-59.3444,50.6486,0.0],[-59.3419,50.6502,0.0],[-59.3481,50.651,1.2662],[-59.3415,50.6511,2.7158],[-59.3429,50.6551,7.4329],[-59.3333,50.6607,0.0],[-59.3334,50.6648,0.0],[-59.33,50.6675,9.0267],[-59.3326,50.6708,0.23],[-59.3296,50.6798,3.9437],[-59.3344,50.6826,2.1965],[-59.3268,50.6855,1.3204],[-59.3291,50.6877,4.6662],[-59.3244,50.6919,0.0],[-59.3261,50.6947,25.0702],[-59.325,50.6983,0.0],[-59.3222,50.6987,0.0],[-59.3198,50.7013,0.5318],[-59.3155,50.7016,0.092],[-59.311,50.697,0.0],[-59.3032,50.6979,2.4868],[-59.3026,50.6952,1.1969],[-59.2983,50.6939,0.1162],[-59.2945,50.6971,1.4786],[-59.2817,50.7,0.4813],[-59.2764,50.7066,0.2896],[-59.2569,50.7096,3.301],[-59.2541,50.7145,6.1969],[-59.2587,50.7207,21.4695],[-59.2584,50.7279,13.4023],[-59.264,50.7289,0.8288],[-59.2592,50.7305,3.5613],[-59.2616,50.7358,3.468],[-59.2664,50.7386,23.3861],[-59.267,50.7437,0.0],[-59.2707,50.7491,31.8683],[-59.2711,50.7567,15.2643],[-59.2689,50.755,2.286],[-59.2633,50.7433,0.5504],[-59.2611,50.7472,0.5262],[-59.2656,50.7519,0.8665],[-59.2628,50.7544,0.0],[-59.2633,50.7567,0.0],[-59.2611,50.7578,4.0985],[-59.2589,50.7561,2.8403],[-59.2578,50.7511,1.0692],[-59.2478,50.7553,0.0],[-59.2452,50.7533,19.907],[-59.2522,50.7517,0.3537],[-59.2444,50.7483,0.4976],[-59.2396,50.7501,0.0],[-59.2406,50.7536,0.0],[-59.2373,50.7563,15.5424],[-59.2352,50.7575,2.7761],[-59.2318,50.7562,4.1696],[-59.233,50.7511,10.4655],[-59.2284,50.7483,12.3651],[-59.2326,50.747,6.673],[-59.2298,50.7433,10.1171],[-59.235,50.7417,6.4557],[-59.2333,50.7333,0.0],[-59.2306,50.7333,0.0],[-59.2293,50.7397,2.2564],[-59.2211,50.7384,0.6394],[-59.2208,50.7367,13.6107],[-59.2261,50.7347,0.0],[-59.2256,50.7331,0.0],[-59.2217,50.7331,2.9426],[-59.222,50.7306,2.5968],[-59.2262,50.7272,0.0],[-59.2238,50.7255,1.2365],[-59.2167,50.7308,3.6032],[-59.2156,50.73,1.8074],[-59.219,50.7259,0.7286],[-59.2122,50.7244,0.0],[-59.2117,50.7304,4.0305],[-59.2161,50.7328,2.2077],[-59.2106,50.7367,3.5616],[-59.2106,50.7389,12.6295],[-59.2061,50.7386,0.0],[-59.2014,50.7405,7.8077],[-59.2094,50.7311,6.3692],[-59.2111,50.7236,0.0],[-59.2083,50.7225,0.3064],[-59.2067,50.7233,0.3064],[-59.206,50.7269,0.0],[-59.1992,50.7279,2.2123],[-59.2033,50.7314,5.7277],[-59.2025,50.733,4.9721],[-59.1982,50.7334,0.0],[-59.1961,50.7294,0.0],[-59.1882,50.734,11.0305],[-59.187,50.7368,2.4609],[-59.1903,50.7368,2.7432],[-59.1879,50.7427,6.5428],[-59.1906,50.7442,10.2851],[-59.1893,50.746,3.5864],[-59.1906,50.7479,2.9278],[-59.1926,50.7464,11.5095],[-59.1944,50.7483,3.5245],[-59.1978,50.7479,6.0531],[-59.2011,50.7451,7.2707],[-59.2071,50.7462,0.9978],[-59.2083,50.7476,0.0],[-59.2036,50.75,1.2184],[-59.2081,50.7526,4.1725],[-59.2011,50.7517,0.0],[-59.1967,50.7531,0.205],[-59.2005,50.7542,1.5769],[-59.2047,50.7534,4.4376],[-59.2157,50.7581,15.9463],[-59.2059,50.7576,12.7843],[-59.2033,50.7558,2.2592],[-59.1983,50.7557,9.9952],[-59.1972,50.7572,8.9586],[-59.1933,50.7543,7.3849],[-59.1818,50.7546,3.5052],[-59.165,50.7628,2.8304],[-59.1561,50.7639,10.4062],[-59.1505,50.7667,0.0],[-59.141,50.7676,11.0959],[-59.1398,50.7686,2.0146],[-59.1431,50.7708,16.9437],[-59.1455,50.777,18.6749],[-59.1317,50.7808,7.9941],[-59.1317,50.7832,9.5673],[-59.1372,50.7831,3.747],[-59.1362,50.7866,0.0],[-59.1302,50.7876,0.7151],[-59.1255,50.7927,3.4875],[-59.1207,50.7929,0.1418],[-59.1207,50.7915,0.0],[-59.117,50.7913,3.4269],[-59.1207,50.787,2.0366],[-59.1194,50.7864,0.0],[-59.1114,50.7881,0.4695],[-59.115,50.789,5.7293],[-59.1096,50.7947,0.6923],[-59.1049,50.797,0.0],[-59.1062,50.7984,2.8311],[-59.1055,50.8013,0.0],[-59.1069,50.8033,3.1066],[-59.1172,50.8081,3.9671],[-59.1139,50.8092,7.1998],[-59.1094,50.8056,10.7009],[-59.105,50.806399999999996,0.0],[-59.1067,50.8101,9.0011],[-59.1113,50.8095,3.9777],[-59.1134,50.8147,0.0],[-59.1091,50.8166,0.0],[-59.1079,50.8161,0.0],[-59.1098,50.8148,0.0],[-59.1076,50.8135,0.0],[-59.1012,50.817,3.3797],[-59.1012,50.8154,2.4355],[-59.0993,50.8152,2.4355],[-59.1,50.8128,0.969],[-59.095,50.8133,7.03],[-59.0994,50.8122,0.969],[-59.1033,50.8142,0.7955],[-59.1044,50.8128,3.0505],[-59.1027,50.8102,4.4229],[-59.1039,50.8086,1.296],[-59.103,50.8073,0.7731],[-59.1013,50.8069,1.099],[-59.1011,50.8094,2.6133],[-59.0947,50.808,0.0],[-59.0896,50.8094,2.0031],[-59.0868,50.8068,2.0575],[-59.0881,50.8031,6.7498],[-59.0871,50.8017,16.5487],[-59.0971,50.796,1.6412],[-59.0994,50.7926,5.1097],[-59.0982,50.7901,0.0],[-59.0943,50.7901,0.0],[-59.091,50.7878,9.4139],[-59.0947,50.7858,0.0],[-59.0958,50.7826,0.0],[-59.0938,50.7776,0.6351],[-59.0915,50.7769,3.6493],[-59.0935,50.7728,0.0],[-59.0917,50.7698,0.0],[-59.0866,50.7682,0.5256],[-59.0858,50.7704,4.578],[-59.0814,50.7719,0.0],[-59.0817,50.7742,6.5592],[-59.0789,50.7734,0.4114],[-59.0789,50.7694,0.0],[-59.077,50.7687,0.0],[-59.0668,50.772,8.3919],[-59.0733,50.7654,0.0],[-59.0718,50.7619,1.8086],[-59.0767,50.7608,1.4368],[-59.0711,50.7586,0.0],[-59.07,50.7606,10.8212],[-59.0637,50.758,1.386],[-59.0758,50.7527,0.0],[-59.0611,50.7544,5.5682],[-59.0506,50.7478,0.8555],[-59.0372,50.7462,10.7871],[-59.0379,50.7447,0.0],[-59.0357,50.7437,0.9246],[-59.0294,50.7442,9.4403],[-59.0274,50.74,0.0],[-59.0242,50.7412,5.6377],[-59.0177,50.7363,0.0],[-59.0117,50.7386,2.437],[-59.0122,50.745,1.3768],[-59.0167,50.7466,8.4647],[-59.0206,50.7502,1.0688],[-59.0257,50.7513,14.9522],[-59.0274,50.7546,14.111],[-59.0326,50.7542,2.4287],[-59.0256,50.7604,1.085],[-59.03,50.7631,6.1325],[-59.0336,50.771,4.46],[-59.0362,50.7735,10.4734],[-59.04,50.7717,28.9522],[-59.0434,50.7743,0.0],[-59.0478,50.7728,9.9192],[-59.0508,50.7763,7.2524],[-59.0616,50.7746,7.3083],[-59.0581,50.7785,0.0],[-59.0507,50.7811,5.7574],[-59.0504,50.7843,27.5204],[-59.0481,50.7864,18.0465],[-59.0426,50.7851,0.0],[-59.0391,50.7861,4.3744],[-59.0383,50.7751,0.0],[-59.036,50.7761,3.8007],[-59.0317,50.7725,1.9684],[-59.0302,50.7738,1.5909],[-59.0333,50.7764,1.282],[-59.0322,50.7772,34.6003],[-59.0283,50.7739,1.5909],[-59.03,50.7712,1.7486],[-59.02,50.7722,26.8921],[-59.0184,50.7702,5.2107],[-59.0244,50.7706,0.0],[-59.0247,50.7693,2.6915],[-59.0205,50.7677,0.6991],[-59.0173,50.7684,0.6991],[-59.0091,50.7759,11.026],[-59.0039,50.7751,0.0],[-58.9982,50.7787,15.135],[-59.002,50.7802,15.6665],[-58.9978,50.7858,10.822],[-58.995,50.7856,4.219],[-58.9924,50.7878,0.0],[-58.9933,50.79,7.5686],[-58.996,50.7908,0.0],[-58.9956,50.7919,0.0],[-58.9889,50.7922,11.1451],[-58.9872,50.7975,1.7713],[-58.9834,50.7973,6.9685],[-58.9821,50.7987,0.0],[-58.9844,50.8011,0.5917],[-58.9883,50.8017,1.4911],[-58.9911,50.7961,1.101],[-58.9941,50.7962,9.1768],[-58.9945,50.7981,5.6235],[-58.9878,50.8042,7.8405],[-58.984,50.8019,0.5917],[-58.9812,50.8025,5.8836],[-58.9772,50.8058,0.0],[-58.9783,50.8086,33.2824],[-58.9718,50.8094,0.0],[-58.9735,50.8124,0.379],[-58.9629,50.8193,4.0497],[-58.955,50.815,0.0],[-58.9522,50.8156,1.7084],[-58.9522,50.8189,0.0],[-58.9583,50.8214,3.2593],[-58.9508,50.8239,0.0],[-58.9516,50.8255,0.0],[-58.9544,50.8258,5.1631],[-58.9528,50.8278,0.0],[-58.9546,50.8294,3.7487],[-58.9478,50.8331,5.9786],[-58.9539,50.8361,2.7162],[-58.9504,50.8375,0.0],[-58.9561,50.8381,2.9482],[-58.9589,50.8353,17.4894],[-58.9601,50.8356,1.8355],[-58.9584,50.8372,1.2717],[-58.9594,50.8375,1.2717],[-58.9716,50.8359,0.6244],[-58.9748,50.8453,3.4902],[-58.9773,50.8467,8.9968],[-58.9767,50.8499,1.9058],[-58.9854,50.8549,1.8453],[-58.9828,50.8578,0.936],[-58.9848,50.8594,1.4131],[-58.9806,50.8606,4.4674],[-58.9777,50.8642,0.0],[-58.978,50.8675,0.0],[-58.9815,50.87,4.3437],[-58.98,50.8761,11.5051],[-58.9772,50.875,16.2709],[-58.9754,50.8696,9.5459],[-58.9705,50.8665,0.0],[-58.9664,50.8663,0.0],[-58.9643,50.87,0.0],[-58.9663,50.873,1.7311],[-58.9647,50.8729,19.0205],[-58.9629,50.8697,0.0],[-58.9615,50.8698,0.0],[-58.9581,50.8744,5.9243],[-58.9561,50.8695,2.0837],[-58.9598,50.8672,0.993],[-58.9514,50.8693,2.4722],[-58.9505,50.8711,0.0],[-58.9542,50.8753,3.9891],[-58.951,50.8783,0.0],[-58.9522,50.8862,0.0],[-58.9572,50.8875,3.8518],[-58.9687,50.8853,14.7956],[-58.969,50.887,1.6411],[-58.971,50.8867,8.8251],[-58.9696,50.8885,0.0],[-58.9706,50.8906,0.0],[-58.9772,50.891,2.8032],[-58.9826,50.8884,0.8486],[-58.9889,50.8822,0.0],[-58.9922,50.8822,7.0207],[-58.9883,50.8856,13.0124],[-58.9879,50.8885,0.0],[-58.9841,50.8883,0.8486],[-58.9805,50.8927,14.4342],[-58.9661,50.9002,0.0],[-58.9681,50.9037,5.1371],[-58.9574,50.9098,0.0],[-58.9563,50.9159,5.0254],[-58.9635,50.9193,0.0],[-58.9649,50.9214,0.0],[-58.9639,50.9231,2.9464],[-58.9688,50.9265,5.345],[-58.9744,50.9272,7.985],[-58.9689,50.9281,2.1516],[-58.9633,50.9253,0.0],[-58.9628,50.9272,2.1553],[-58.9644,50.9289,10.7108],[-58.9628,50.9294,4.6836],[-58.9611,50.9281,23.1025],[-58.9617,50.9261,3.237],[-58.9572,50.9256,0.0],[-58.9569,50.9302,0.0],[-58.9604,50.9366,0.0],[-58.9576,50.9412,15.9353],[-58.9597,50.9432,7.9058],[-58.9645,50.9433,10.2889],[-58.9682,50.9455,0.0],[-58.9833,50.9441,0.0],[-58.9856,50.9456,0.0],[-58.9713,50.947,0.0],[-58.9736,50.949,0.0],[-58.9777,50.9491,0.0],[-58.9754,50.9509,6.3385],[-58.972,50.9502,0.0],[-58.97,50.953,10.9152],[-58.9678,50.9577,12.8572],[-58.9682,50.9671,7.3555],[-58.9639,50.9683,0.4003],[-58.9611,50.9656,0.741],[-58.9555,50.9663,0.3428],[-58.955,50.9708,0.0],[-58.9622,50.9744,4.7211],[-58.9572,50.9761,0.0],[-58.9588,50.9785,3.5598],[-58.9584,50.9805,3.6092],[-58.9564,50.9804,-0.0275],[-58.9571,50.9872,4.075],[-58.9519,50.9875,5.8071],[-58.9501,50.986,0.0],[-58.9485,50.9882,5.3393],[-58.9494,50.9907,0.3734],[-58.96,51.0,1.3392],[-58.9689,51.0008,0.0],[-58.9888,50.9926,1.4481],[-59.0086,50.9806,7.5175],[-59.0133,50.9731,0.0],[-59.0096,50.9706,5.5891],[-59.0106,50.9694,16.6454],[-59.0213,50.969,8.6628],[-59.0188,50.9718,0.0],[-59.0142,50.9724,0.0],[-59.0175,50.9752,3.1866],[-59.0254,50.9729,0.0],[-59.0317,50.9686,13.6966],[-59.0395,50.9667,16.063],[-59.041,50.9681,6.6251],[-59.0397,50.9674,0.751],[-59.0361,50.9711,26.051],[-59.0272,50.9747,0.0],[-59.0233,50.9789,19.1261],[-59.0237,50.9815,8.0107],[-59.0289,50.9816,1.9284],[-59.0345,50.9771,0.0],[-59.0411,50.9794,2.4341],[-59.0522,50.9803,11.9002],[-59.0506,50.9828,2.7783],[-59.0528,50.9842,1.774],[-59.0506,50.9867,9.3471],[-59.0472,50.9875,0.0],[-59.0467,50.9956,7.0385],[-59.0422,50.9964,2.1181],[-59.0333,50.9878,8.2022],[-59.0272,50.9853,0.0],[-59.0211,50.9882,0.0],[-59.0127,50.9877,8.1156],[-59.0219,50.9812,2.6965],[-59.0212,50.9789,22.2789],[-59.0148,50.9781,0.0],[-59.0028,50.9853,3.9564],[-59.0056,50.9869,7.9894],[-58.9958,50.9893,2.9844],[-58.9944,50.9906,0.0],[-58.9954,50.9917,0.0],[-58.9895,50.9929,1.4481],[-58.9829,50.9991,6.3155],[-58.9844,51.0056,1.8257],[-58.9828,51.0069,1.8257],[-58.9839,51.0072,0.0],[-58.9878,51.0058,0.4361],[-58.9874,51.004,0.7286],[-58.9958,51.0055,0.0],[-59.0056,51.0042,8.7338],[-59.0067,51.0097,0.0],[-59.0083,51.0108,0.0],[-59.0067,51.0142,5.5752],[-59.0,51.0144,2.5531],[-58.9939,51.0087,0.0],[-58.9914,51.0085,0.0],[-58.9886,51.0108,3.1519],[-58.9806,51.0092,1.4315],[-58.9725,51.0106,4.3332],[-58.9699,51.0142,11.4455],[-58.9656,51.0164,0.0],[-58.9645,51.0199,0.0],[-58.9642,51.0243,0.761],[-58.9684,51.0283,29.5484],[-58.9672,51.0301,0.0],[-58.9693,51.0334,8.9568],[-58.9683,51.0348,13.8852],[-58.961,51.0302,6.6767],[-58.9623,51.0277,3.6868],[-58.961,51.0242,7.7368],[-58.9572,51.0229,1.0382],[-58.9556,51.0256,8.305],[-58.9518,51.0262,1.6954],[-58.9515,51.0287,0.3367],[-58.9434,51.0326,9.653],[-58.9417,51.04,3.0764],[-58.9365,51.042,2.3131],[-58.9234,51.0552,4.5183],[-58.9209,51.0531,0.0],[-58.9256,51.0511,10.9157],[-58.9235,51.0444,0.686],[-58.9171,51.0457,4.9644],[-58.9129,51.0486,0.4872],[-58.9113,51.0434,0.0],[-58.9061,51.0436,0.0],[-58.9067,51.0408,0.0],[-58.9056,51.0403,0.0],[-58.9039,51.0411,0.0],[-58.9022,51.0461,0.0],[-58.9033,51.0481,0.0],[-58.9017,51.05,0.0598],[-58.9073,51.0532,3.1589],[-58.9028,51.0588,6.2724],[-58.9006,51.0588,6.2724],[-58.8968,51.055,2.2878],[-58.8919,51.0425,0.7541],[-58.8913,51.0373,12.4712],[-58.8926,51.0336,1.1509],[-58.8844,51.0314,9.4337],[-58.8997,51.0255,1.6835],[-58.9035,51.0198,19.6777],[-58.9068,51.0177,1.7012],[-58.9123,51.003,0.586],[-58.911,50.9997,7.1981],[-58.9133,50.9947,0.0],[-58.9121,50.9908,7.9289],[-58.9153,50.9902,1.7782],[-58.9167,50.995,6.1522],[-58.9144,51.0,0.0],[-58.9154,51.0032,0.586],[-58.9178,51.0031,4.7775],[-58.9206,50.9994,1.9563],[-58.9198,50.998,4.8155],[-58.9226,50.992,0.0],[-58.9222,50.9908,0.7839],[-58.9194,50.9911,6.0904],[-58.9228,50.9866,0.0],[-58.9191,50.9825,5.5833],[-58.9243,50.9813,0.0],[-58.9189,50.9742,2.094],[-58.9189,50.9714,5.5631],[-58.9227,50.9698,0.0],[-58.9221,50.9685,0.6429],[-58.9193,50.9691,3.5357],[-58.9199,50.9582,6.0884],[-58.9187,50.9561,0.1685],[-58.9207,50.9536,0.0],[-58.9178,50.9522,8.3233],[-58.9214,50.9481,0.0],[-58.9156,50.9481,1.8253],[-58.9214,50.945,0.0],[-58.9166,50.9443,0.9458],[-58.9144,50.9475,1.8253],[-58.9095,50.9451,0.0],[-58.9083,50.9494,3.6492],[-58.9111,50.952,7.9842],[-58.9067,50.9561,1.4039],[-58.9064,50.9535,0.0],[-58.9039,50.9554,0.0],[-58.9003,50.955,0.0],[-58.9003,50.9505,0.0],[-58.8961,50.9503,0.0],[-58.8973,50.946,1.0627],[-58.895,50.9453,0.0],[-58.8917,50.9467,-0.1296],[-58.8928,50.9475,0.0],[-58.8912,50.9488,0.0],[-58.8924,50.9508,1.4536],[-58.8906,50.9533,0.0],[-58.893,50.9569,0.7965],[-58.8977,50.9599,1.6468],[-58.9011,50.9575,2.3365],[-58.9043,50.9575,0.2028],[-58.9074,50.9582,0.7121],[-58.9072,50.96,0.1917],[-58.9022,50.9633,0.4881],[-58.8989,50.9611,1.2681],[-58.8941,50.9614,0.9867],[-58.8928,50.9589,5.338],[-58.8892,50.9604,3.3332],[-58.8911,50.9578,5.0555],[-58.8897,50.9555,1.0314],[-58.8861,50.9583,0.964],[-58.8856,50.9636,2.1139],[-58.89,50.9694,0.0],[-58.8813,50.9726,0.584],[-58.8821,50.9749,0.5428],[-58.8792,50.975,0.0],[-58.8808,50.9775,0.0],[-58.8878,50.9853,2.1592],[-58.8901,50.9836,4.4459],[-58.8892,50.9799,2.5176],[-58.8904,50.9786,8.8146],[-58.9078,50.9733,1.2529],[-58.9133,50.9754,11.2593],[-58.9168,50.9789,4.0345],[-58.9095,50.9802,0.0],[-58.9058,50.9765,0.6478],[-58.9014,50.976,5.3798],[-58.8916,50.9796,1.0483],[-58.8947,50.9853,0.0],[-58.8889,50.9885,0.0],[-58.8854,50.9933,0.0],[-58.8808,50.9961,6.3491],[-58.8772,50.9961,6.3491],[-58.8783,50.9988,3.2921],[-58.8757,51.0005,26.031],[-58.8725,51.0014,13.0109],[-58.868899999999996,50.9996,0.0],[-58.8672,51.0017,0.2364],[-58.868899999999996,51.0114,0.0],[-58.8672,51.0128,0.0],[-58.87,51.0169,1.6516],[-58.8672,51.0167,1.1231],[-58.8656,51.0142,0.0],[-58.8622,51.0153,1.5128],[-58.8606,51.0122,1.6911],[-58.8578,51.0144,2.2602],[-58.8544,51.0128,1.1665],[-58.8517,51.0161,2.5274],[-58.8522,51.0236,0.0],[-58.8456,51.02,0.0],[-58.8422,51.0208,6.8554],[-58.8433,51.0219,6.8554],[-58.84,51.0258,2.0154],[-58.8348,51.0247,0.0503],[-58.8362,51.0297,3.0008],[-58.8344,51.0331,0.6401],[-58.8328,51.0311,13.2154],[-58.8328,51.0256,1.4139],[-58.8289,51.0231,2.2725],[-58.8244,51.0258,0.0],[-58.8256,51.0308,0.0],[-58.8233,51.0319,0.0],[-58.8256,51.0333,0.0],[-58.8233,51.035,0.0],[-58.8227,51.0385,0.0],[-58.83,51.0536,7.8819],[-58.8378,51.0514,8.6465],[-58.8406,51.0478,0.0],[-58.8406,51.0442,0.0],[-58.8428,51.0431,2.2792],[-58.8506,51.0453,3.8285],[-58.8717,51.0381,7.613],[-58.8667,51.0428,9.0965],[-58.8445,51.0497,3.516],[-58.84,51.0542,1.3032],[-58.8427,51.0617,22.7767],[-58.846,51.0643,0.0],[-58.8361,51.0753,0.5415],[-58.8377,51.0803,0.1133],[-58.8333,51.0806,33.4924],[-58.8396,51.0877,0.4331],[-58.8384,51.0882,0.4331],[-58.8342,51.0819,1.6788],[-58.8278,51.0769,0.0],[-58.8283,51.0633,0.0],[-58.8265,51.0618,0.0],[-58.8244,51.0642,7.5131],[-58.8225,51.0608,15.0112],[-58.8196,51.0607,2.0495],[-58.8217,51.0697,5.215],[-58.8194,51.0697,4.7303],[-58.8161,51.0642,0.3155],[-58.815,51.0647,0.0],[-58.8156,51.0689,9.0577],[-58.8066,51.0666,1.1917],[-58.799,51.072,0.0],[-58.7993,51.0751,3.3011],[-58.7975,51.0772,0.0],[-58.7994,51.0935,3.7632],[-58.8039,51.0953,10.8391],[-58.8,51.0997,-0.0998],[-58.7967,51.0967,0.0],[-58.7917,51.0997,3.1747],[-58.7872,51.0972,16.8214],[-58.7924,51.0973,0.0],[-58.795,51.0942,0.0],[-58.7915,51.0853,0.0],[-58.7851,51.0796,0.8949],[-58.7832,51.081,8.1699],[-58.7861,51.0872,16.3893],[-58.7844,51.0869,11.2902],[-58.7833,51.0828,6.7418],[-58.7806,51.0806,4.2618],[-58.7778,51.0824,4.2367],[-58.7717,51.0807,11.0344],[-58.7668,51.0832,0.0],[-58.7683,51.087,27.2973],[-58.7675,51.0913,0.5497],[-58.7639,51.0908,33.818],[-58.7667,51.0875,1.8067],[-58.7656,51.0847,1.7969],[-58.7589,51.0886,2.9776],[-58.7617,51.0928,8.8515],[-58.7611,51.0944,6.022],[-58.7567,51.0936,5.2479],[-58.7583,51.0914,4.962],[-58.7572,51.0881,3.656],[-58.7554,51.0872,14.634],[-58.7445,51.0914,0.0],[-58.7394,51.0911,3.1189],[-58.7367,51.0936,0.0],[-58.7183,51.1,0.0],[-58.7142,51.1027,2.8413],[-58.714,51.1056,7.2937],[-58.708,51.1044,2.6986],[-58.6992,51.1084,0.0],[-58.6977,51.1111,1.879],[-58.6914,51.1124,9.3592],[-58.6906,51.1143,5.4484],[-58.6952,51.1168,0.0],[-58.692,51.1198,0.5438],[-58.6863,51.1187,0.0],[-58.6833,51.1197,0.0],[-58.682,51.1219,0.0],[-58.6861,51.1228,3.5108],[-58.6851,51.1244,0.0],[-58.6701,51.1256,1.093],[-58.6683,51.1281,7.9372],[-58.6681,51.1388,6.7967],[-58.6639,51.1397,0.0],[-58.6627,51.1386,7.2483],[-58.665,51.1314,8.0271],[-58.6628,51.1272,1.2643],[-58.655,51.1317,2.6983],[-58.6606,51.1358,1.615],[-58.6544,51.1339,8.1177],[-58.6417,51.1369,0.6595],[-58.6185,51.1485,2.1174],[-58.6084,51.1565,5.4774],[-58.6028,51.1636,0.2279],[-58.6052,51.1647,0.0],[-58.6039,51.1661,0.6761],[-58.605,51.1672,0.0],[-58.6111,51.1661,3.1887],[-58.6139,51.1675,0.8215],[-58.6139,51.1708,1.1815],[-58.6089,51.1719,0.0],[-58.6126,51.1755,0.0],[-58.6113,51.1775,4.4502],[-58.6054,51.1787,0.0],[-58.596,51.1765,0.0],[-58.5949,51.1752,2.6525],[-58.5963,51.1718,0.0],[-58.5947,51.1713,0.0],[-58.5911,51.1743,6.4193],[-58.5881,51.1692,13.1488],[-58.5847,51.1679,5.5276],[-58.5778,51.171,0.0],[-58.5753,51.1752,1.4516],[-58.5645,51.1789,0.5022],[-58.5684,51.1815,0.0],[-58.5835,51.1825,4.6617],[-58.5886,51.1862,0.0],[-58.5948,51.1828,0.9893],[-58.5975,51.1849,20.4412],[-58.6072,51.1865,0.0734],[-58.6157,51.1912,0.0],[-58.6333,51.1972,0.1825],[-58.6333,51.1991,0.0323],[-58.6317,51.1997,0.283],[-58.6239,51.1953,0.0469],[-58.6183,51.1942,0.0378],[-58.6111,51.1978,2.3364],[-58.6156,51.2014,0.9074],[-58.6233,51.2011,0.0316],[-58.6206,51.2029,0.1367],[-58.6218,51.2044,0.1065],[-58.6169,51.2059,0.1095],[-58.6176,51.2071,0.0925],[-58.6324,51.2135,16.0591],[-58.6533,51.2158,0.3087],[-58.6651,51.2229,0.5021],[-58.6704,51.234,0.0],[-58.6757,51.2383,6.8292],[-58.6794,51.2536,2.4068],[-58.6855,51.2577,0.0],[-58.6835,51.2586,4.7217],[-58.6783,51.2567,1.4246],[-58.67,51.2639,2.4386],[-58.6639,51.2631,0.0],[-58.6644,51.2611,0.0],[-58.6612,51.2557,12.8397],[-58.6657,51.2472,0.0],[-58.663,51.2407,3.2101],[-58.663,51.2338,0.1771],[-58.6566,51.2308,4.2717],[-58.6539,51.2259,1.5532],[-58.6493,51.2235,0.0],[-58.6422,51.2219,0.0],[-58.6374,51.2229,0.0],[-58.6253,51.2267,0.0],[-58.6225,51.2306,4.3328],[-58.6167,51.2325,1.7588],[-58.6155,51.2347,0.0],[-58.6229,51.24,5.1906],[-58.618899999999996,51.2412,7.0988],[-58.6174,51.2463,0.0],[-58.623,51.2494,0.0],[-58.6195,51.2556,1.0516],[-58.6244,51.2572,5.2548],[-58.6279,51.2609,0.0],[-58.6351,51.2633,7.7153],[-58.6345,51.2681,6.8759],[-58.6362,51.273,0.0],[-58.6336,51.2744,3.3733],[-58.6285,51.2738,3.2383],[-58.6262,51.2759,3.5165],[-58.6204,51.2743,7.6792],[-58.6173,51.2771,9.2274],[-58.6139,51.2767,0.0],[-58.6117,51.2758,1.2046],[-58.6154,51.2721,10.7602],[-58.6148,51.2685,0.0],[-58.6059,51.263,3.1116],[-58.6002,51.2627,5.8841],[-58.6049,51.2585,9.7013],[-58.6043,51.2529,1.3422],[-58.6006,51.2503,6.9004],[-58.6,51.2464,1.714],[-58.5938,51.2433,1.0611],[-58.5969,51.2381,0.8804],[-58.5941,51.2353,1.3432],[-58.5942,51.2331,0.8005],[-58.5898,51.2315,0.906],[-58.584,51.2367,6.6314],[-58.586,51.2427,5.7204],[-58.583,51.2467,11.4093],[-58.5861,51.2497,18.338],[-58.584,51.2533,11.3966],[-58.5851,51.2602,34.4938],[-58.5832,51.2625,19.2419],[-58.5799,51.2618,15.1852],[-58.5822,51.2483,14.4324],[-58.5811,51.2456,6.3775],[-58.5822,51.2358,4.7108],[-58.5806,51.2347,0.0],[-58.5475,51.2555,1.03],[-58.548,51.2585,5.0906],[-58.5297,51.2665,1.1859],[-58.5292,51.2706,11.626],[-58.5235,51.2751,0.0],[-58.5146,51.2782,0.0],[-58.5136,51.2809,0.2018],[-58.5088,51.2817,0.0],[-58.4992,51.2867,0.2305],[-58.4949,51.2914,0.0],[-58.4889,51.2949,5.6373],[-58.4829,51.2949,0.0],[-58.478,51.2968,3.3918],[-58.4789,51.299,1.5256],[-58.4867,51.3002,14.2701],[-58.4885,51.302,13.2983],[-58.4773,51.3097,0.0],[-58.4756,51.3082,39.0358],[-58.4763,51.3034,0.0],[-58.4726,51.3022,14.2823],[-58.4482,51.3106,6.9214],[-58.4291,51.3139,6.8316],[-58.4272,51.3131,11.5795],[-58.43,51.3086,1.6152],[-58.4283,51.306399999999996,1.6493],[-58.4256,51.3058,1.045],[-58.4175,51.3088,25.1355],[-58.4153,51.3068,8.6152],[-58.4156,51.2994,17.4272],[-58.42,51.2925,0.0],[-58.4114,51.2845,2.6283],[-58.3951,51.2861,0.0],[-58.3947,51.2887,0.4096],[-58.4006,51.2967,30.3061],[-58.3999,51.2978,10.1394],[-58.3878,51.2887,0.0],[-58.3848,51.2875,3.6361],[-58.3817,51.2884,0.0],[-58.3814,51.2843,0.0],[-58.385,51.2802,2.7401],[-58.3791,51.2771,22.2528],[-58.3768,51.2775,10.2249],[-58.3728,51.2818,0.0],[-58.3701,51.2863,0.0],[-58.3699,51.29,0.0],[-58.3677,51.2913,5.1226],[-58.3593,51.2852,5.2302],[-58.3586,51.2816,3.9649],[-58.3519,51.2754,0.0],[-58.3454,51.2758,5.3132],[-58.3382,51.2795,15.0389],[-58.3337,51.2799,4.9955],[-58.3322,51.2788,4.9955],[-58.3346,51.2753,0.0],[-58.3315,51.2723,8.9906],[-58.3267,51.2711,2.641],[-58.3071,51.2609,5.9022],[-58.286,51.2639,0.0],[-58.2872,51.2653,0.3543],[-58.2965,51.2652,5.8526],[-58.2978,51.2664,0.242],[-58.2845,51.2666,3.222],[-58.2819,51.2692,1.3035],[-58.2862,51.2726,0.0],[-58.2867,51.2747,0.2663],[-58.2796,51.2743,0.0],[-58.281,51.2798,3.1357],[-58.2951,51.2834,2.7903],[-58.2852,51.2838,1.3904],[-58.2889,51.2911,1.2457],[-58.2934,51.293,11.2587],[-58.3037,51.2924,11.4803],[-58.2992,51.294,7.5961],[-58.2943,51.3002,2.6018],[-58.2976,51.306399999999996,1.8965],[-58.29,51.3016,14.2497],[-58.2895,51.2961,4.4962],[-58.276,51.2972,1.0815],[-58.28,51.2925,0.0],[-58.2794,51.2883,0.0],[-58.2763,51.2875,0.0],[-58.2722,51.29,4.3524],[-58.2721,51.293,5.6536],[-58.2744,51.3007,0.0],[-58.2763,51.3015,0.0],[-58.2779,51.3059,0.0],[-58.2892,51.3116,0.4578],[-58.2967,51.3198,1.626],[-58.2911,51.3158,1.6785],[-58.2873,51.3169,4.8828],[-58.2814,51.3102,0.3277],[-58.2757,51.3069,0.9613],[-58.2742,51.3088,0.0],[-58.2811,51.3153,31.6913],[-58.2811,51.3171,4.22],[-58.2717,51.3107,5.5226],[-58.2682,51.3111,4.7142],[-58.2613,51.3074,2.6072],[-58.2561,51.3078,0.0],[-58.256,51.3103,0.7838],[-58.2625,51.3152,3.2428],[-58.2609,51.3204,1.6546],[-58.268,51.3272,0.0],[-58.2707,51.3268,0.0],[-58.2697,51.3168,12.0642],[-58.2783,51.3189,0.0],[-58.2822,51.326,0.0],[-58.288,51.3269,22.3977],[-58.2886,51.3244,33.3892],[-58.2869,51.3227,10.3038],[-58.2888,51.3227,15.4353],[-58.2942,51.3286,3.0315],[-58.295,51.3333,17.3909],[-58.2893,51.3294,1.2889],[-58.2866,51.3292,0.0],[-58.2849,51.3309,0.0],[-58.2896,51.335,10.7226],[-58.2878,51.3379,0.0],[-58.3004,51.352,2.0182],[-58.3083,51.3536,8.8024],[-58.31,51.3528,8.8024],[-58.3089,51.3497,0.0],[-58.31,51.3492,0.0],[-58.3178,51.3542,0.0],[-58.32,51.3528,16.7743],[-58.3242,51.3531,2.1532],[-58.3232,51.3505,34.4361],[-58.3269,51.3514,7.3997],[-58.3294,51.35,5.3264],[-58.3298,51.3455,1.6971],[-58.3325,51.3546,0.0],[-58.3296,51.3584,0.0],[-58.3296,51.3629,0.0],[-58.3303,51.3647,19.6547],[-58.335,51.367,16.545],[-58.3352,51.368899999999996,3.701],[-58.3296,51.3717,0.0],[-58.3222,51.37,0.0],[-58.3083,51.3736,0.0],[-58.2756,51.3869,0.0],[-58.2677,51.3924,26.081],[-58.2661,51.3872,0.0],[-58.2621,51.3827,10.984],[-58.2718,51.3822,0.0],[-58.2807,51.3788,3.6541],[-58.2824,51.3791,3.6541],[-58.2778,51.3817,0.0],[-58.2821,51.3832,13.2128],[-58.2819,51.381,7.9939],[-58.2856,51.3797,4.9678],[-58.2886,51.376,29.5074],[-58.2942,51.3762,3.2011],[-58.3057,51.3697,0.0],[-58.3028,51.3674,35.1054],[-58.3023,51.3625,9.3851],[-58.2973,51.3612,0.0],[-58.2956,51.3633,13.8968],[-58.2909,51.3606,7.8499],[-58.2905,51.3572,3.3536],[-58.2811,51.3603,0.0],[-58.2806,51.3578,0.0],[-58.2839,51.3569,6.3218],[-58.2856,51.3542,10.7188],[-58.2861,51.3517,23.2634],[-58.2844,51.3503,12.7556],[-58.2891,51.3508,2.265],[-58.29,51.3442,1.6405],[-58.2889,51.3406,0.0],[-58.2844,51.3358,1.6795],[-58.2805,51.3364,0.0],[-58.2795,51.3334,3.8745],[-58.2746,51.3308,10.1618],[-58.2702,51.3326,22.1151],[-58.2652,51.331,3.9405],[-58.2581,51.3334,0.0],[-58.2534,51.3306,43.8376],[-58.2523,51.3276,8.7995],[-58.2448,51.3268,18.6433],[-58.2465,51.3237,13.7927],[-58.2519,51.3199,4.314],[-58.2446,51.3136,20.7805],[-58.249,51.3068,7.2708],[-58.2558,51.3059,1.4812],[-58.2583,51.3013,1.6516],[-58.2558,51.2974,0.0],[-58.2583,51.2958,0.0],[-58.2578,51.2944,0.0],[-58.26,51.2917,0.0],[-58.259,51.2876,4.6303],[-58.2509,51.28,1.6631],[-58.2427,51.2806,9.2225],[-58.2453,51.2736,1.2003],[-58.2385,51.2694,2.7148],[-58.2358,51.265,0.0],[-58.2278,51.2633,0.0],[-58.2167,51.2667,0.6439],[-58.2133,51.2749,5.7156],[-58.214,51.2811,5.6326],[-58.2123,51.2832,0.0],[-58.2124,51.2889,2.0377],[-58.2152,51.2914,1.7474],[-58.2122,51.2949,3.8884],[-58.214,51.2995,7.5778],[-58.2111,51.3166,2.9429],[-58.2078,51.315,48.0733],[-58.2101,51.306,15.0551],[-58.2082,51.294,24.081],[-58.2051,51.2899,19.5883],[-58.2054,51.2869,7.9803],[-58.2115,51.2778,2.3294],[-58.2111,51.2741,1.3164],[-58.2137,51.2709,0.0],[-58.2125,51.2664,5.0355],[-58.1878,51.2708,5.8683],[-58.1708,51.2755,0.0],[-58.1634,51.2796,7.2459],[-58.1541,51.2908,9.0605],[-58.1504,51.2985,0.0],[-58.1513,51.3017,22.7442],[-58.1471,51.3046,3.006],[-58.1435,51.3123,27.0875],[-58.1406,51.3207,40.6751],[-58.1418,51.3238,2.1291],[-58.138,51.328,0.0],[-58.14,51.3339,0.0],[-58.1346,51.3411,1.971],[-58.1343,51.3454,1.1277],[-58.1278,51.3503,27.4093],[-58.1302,51.3433,21.2903],[-58.1298,51.3398,0.0],[-58.1223,51.3401,2.1965],[-58.1156,51.3446,0.0],[-58.1166,51.3478,8.2382],[-58.1072,51.358,0.0],[-58.1105,51.3601,4.8937],[-58.1042,51.3621,3.4291],[-58.1047,51.3674,1.8268],[-58.1004,51.3714,0.2579],[-58.1019,51.374,2.5001],[-58.1056,51.374,2.5281],[-58.11,51.3768,8.4645],[-58.1041,51.3797,1.9108],[-58.0973,51.3778,0.7524],[-58.0977,51.3796,6.8258],[-58.0954,51.3815,3.7088],[-58.0925,51.38,0.0],[-58.0931,51.3777,9.4933],[-58.0989,51.3746,4.3386],[-58.0973,51.3718,0.2579],[-58.1017,51.3668,3.0357],[-58.1007,51.3646,25.0546],[-58.1025,51.3629,14.3469],[-58.1022,51.3595,4.3214],[-58.1065,51.3549,6.8275],[-58.1057,51.351,2.7649],[-58.1095,51.3486,15.1164],[-58.118,51.3367,0.0],[-58.1212,51.3289,5.6584],[-58.1236,51.3277,12.5643],[-58.1244,51.3222,14.2896],[-58.1278,51.321,16.4904],[-58.1345,51.312,29.5476],[-58.1351,51.314,7.5615],[-58.131,51.319,15.2899],[-58.1301,51.3228,3.5],[-58.1268,51.3246,6.8505],[-58.1212,51.3322,17.1199],[-58.1225,51.3372,3.9658],[-58.1215,51.3388,2.1965],[-58.1295,51.3379,8.8006],[-58.1288,51.3357,17.1947],[-58.132,51.334,1.4736],[-58.1368,51.3239,0.0],[-58.1364,51.3213,0.568],[-58.1417,51.3147,0.0],[-58.1428,51.3044,0.0],[-58.1411,51.3025,0.0],[-58.1522,51.2872,3.6198],[-58.1506,51.2839,9.1249],[-58.1478,51.2825,8.5791],[-58.1472,51.2789,7.3484],[-58.1428,51.2786,1.3616],[-58.1417,51.2817,4.5167],[-58.1389,51.2811,0.0],[-58.1361,51.2833,2.1461],[-58.1289,51.2831,2.1234],[-58.125,51.2878,0.0],[-58.1267,51.2894,7.7196],[-58.1233,51.2917,2.4357],[-58.1211,51.2903,1.5043],[-58.1222,51.2875,9.6231],[-58.1195,51.2864,0.0],[-58.1115,51.2912,3.371],[-58.1108,51.294,25.9336],[-58.1079,51.2961,20.4777],[-58.1079,51.293,3.1208],[-58.1108,51.2904,0.0],[-58.1094,51.2883,0.0],[-58.1006,51.2909,0.0],[-58.0967,51.2969,0.0],[-58.095,51.2961,26.523],[-58.0961,51.2911,0.0],[-58.0908,51.2919,0.0],[-58.0894,51.2929,0.0],[-58.09,51.2942,9.0026],[-58.0835,51.2977,10.7192],[-58.0775,51.3045,2.0248],[-58.077,51.2996,12.8978],[-58.0811,51.295,0.0],[-58.0778,51.2933,0.0],[-58.0722,51.2947,0.0],[-58.0727,51.2966,14.9203],[-58.075,51.2972,8.3726],[-58.0694,51.2989,3.3751],[-58.0694,51.3022,7.2088],[-58.0656,51.3058,0.0],[-58.0667,51.3075,5.716],[-58.0633,51.3102,0.0],[-58.0629,51.3217,29.696],[-58.058,51.3295,0.0],[-58.0604,51.3334,40.4806],[-58.0548,51.3408,0.0],[-58.0568,51.3443,8.3196],[-58.0546,51.3482,0.9838],[-58.0542,51.3574,7.3762],[-58.0458,51.3634,5.5513],[-58.0441,51.3621,5.5513],[-58.0499,51.355,11.3592],[-58.0519,51.3493,0.0],[-58.0506,51.3403,0.0],[-58.0552,51.3259,19.9641],[-58.056399999999996,51.3123,4.0082],[-58.0602,51.3049,22.5062],[-58.0628,51.3036,0.0],[-58.0623,51.3007,7.1068],[-58.0559,51.3015,0.0],[-58.0408,51.3104,0.0],[-58.0366,51.3165,8.9703],[-58.0309,51.3209,0.0],[-58.0282,51.3263,38.9256],[-58.0279,51.3182,1.5654],[-58.0342,51.315,5.384],[-58.0339,51.3113,11.7634],[-58.0363,51.3114,2.1567],[-58.0378,51.309,0.0],[-58.0365,51.3062,12.0968],[-58.0386,51.3046,1.1464],[-58.0264,51.3048,0.3201],[-58.0185,51.3085,0.0],[-58.0159,51.3116,4.8676],[-58.0183,51.3149,0.0],[-58.0166,51.3166,2.9537],[-58.0159,51.3135,3.5397],[-58.0139,51.3131,1.3107],[-58.0127,51.3155,16.6215],[-58.0098,51.3122,16.4782],[-58.0105,51.3092,4.4971],[-58.0061,51.3094,3.4853],[-58.0018,51.3133,4.1124],[-57.9952,51.3135,0.0],[-57.9843,51.3191,1.2162],[-57.9828,51.3228,0.0],[-57.9742,51.3274,0.0],[-57.9725,51.3315,0.0],[-57.9696,51.332,0.0],[-57.9639,51.338,5.0957],[-57.9594,51.3406,4.3213],[-57.956,51.3405,2.0922],[-57.9555,51.345,4.7118],[-57.9506,51.3427,0.0],[-57.9489,51.3479,0.0],[-57.9458,51.3487,0.0],[-57.942,51.3464,0.0],[-57.9364,51.3505,11.6375],[-57.9257,51.3529,0.0],[-57.9261,51.3558,17.7733],[-57.9186,51.3557,4.0145],[-57.9151,51.359,9.6656],[-57.9125,51.3579,0.0],[-57.9067,51.3608,3.572],[-57.9014,51.3601,0.0],[-57.8985,51.364,10.4312],[-57.8898,51.368899999999996,0.5689],[-57.8919,51.3722,5.4991],[-57.8901,51.3754,0.0],[-57.8953,51.3781,0.0],[-57.8985,51.3777,14.4077],[-57.8894,51.3831,1.8832],[-57.8853,51.3853,0.0],[-57.878,51.3862,1.4442],[-57.8661,51.3953,2.8595],[-57.8389,51.4008,8.0416],[-57.8323,51.4057,20.9387],[-57.8292,51.406,0.0],[-57.8267,51.4078,0.0],[-57.8278,51.4081,33.6928],[-57.8272,51.4128,0.0],[-57.8322,51.4164,3.2723],[-57.8268,51.4177,0.0],[-57.8295,51.4207,0.8538],[-57.8278,51.4228,11.7578],[-57.815,51.4211,0.751],[-57.8154,51.4242,6.549],[-57.807,51.4241,2.3988],[-57.7914,51.4306,2.8507],[-57.7875,51.4338,0.0],[-57.7875,51.4364,0.0],[-57.7855,51.436,9.6129],[-57.7892,51.4274,0.0],[-57.7991,51.4252,16.074],[-57.803,51.4215,10.243],[-57.8083,51.4197,0.0],[-57.8117,51.4164,0.0],[-57.8111,51.4136,22.104],[-57.8133,51.4114,5.7286],[-57.8122,51.4097,2.9697],[-57.8144,51.4086,0.0],[-57.805,51.3997,0.0],[-57.7918,51.4016,0.0],[-57.7876,51.4035,1.3226],[-57.7849,51.4021,6.2169],[-57.7878,51.3994,3.2475],[-57.7839,51.3989,7.0166],[-57.7861,51.3969,0.0],[-57.7794,51.3949,0.0],[-57.7736,51.3956,1.4515],[-57.7749,51.3999,0.0],[-57.7767,51.4008,1.2061],[-57.7764,51.4062,2.179],[-57.7785,51.407,9.2636],[-57.7711,51.4105,3.6416],[-57.7739,51.4162,4.5846],[-57.7733,51.4182,4.7396],[-57.7789,51.42,5.785],[-57.7889,51.4155,1.6914],[-57.7905,51.419,0.0],[-57.7894,51.4216,2.2774],[-57.7819,51.4228,0.0],[-57.7789,51.4253,0.0],[-57.7722,51.4205,0.0],[-57.7696,51.4211,0.0],[-57.7708,51.4238,5.2177],[-57.7673,51.4238,3.9623],[-57.7654,51.4255,0.0],[-57.7728,51.4294,7.4735],[-57.7645,51.4302,0.0],[-57.7629,51.4313,0.0],[-57.7646,51.4352,1.6537],[-57.7625,51.4377,1.2619],[-57.7528,51.4442,2.006],[-57.7464,51.446,2.3588],[-57.7455,51.4472,11.8721],[-57.747,51.4496,0.0],[-57.7552,51.4514,0.0],[-57.751,51.4551,0.0],[-57.7491,51.4597,0.0],[-57.7502,51.4611,0.0],[-57.7492,51.4627,0.0],[-57.7544,51.4633,9.7384],[-57.7563,51.464,0.0932],[-57.7556,51.4652,0.0],[-57.7456,51.4712,7.2203],[-57.7418,51.4696,1.7841],[-57.7328,51.4718,1.6449],[-57.7278,51.4677,6.2194],[-57.7217,51.4671,1.7823],[-57.7307,51.4663,10.1856],[-57.7388,51.469,1.0385],[-57.7422,51.4685,30.0311],[-57.7461,51.4657,0.0],[-57.7456,51.4613,0.0],[-57.7473,51.4575,1.716],[-57.7409,51.4575,0.0],[-57.7381,51.4606,14.9406],[-57.7367,51.4574,0.0],[-57.7347,51.4582,4.3016],[-57.7317,51.4558,0.0],[-57.7196,51.4551,0.0],[-57.715,51.4571,0.0],[-57.7117,51.4622,0.0],[-57.7122,51.4641,0.0],[-57.718,51.4658,0.9134],[-57.7122,51.4666,0.0],[-57.7106,51.4704,3.0738],[-57.7,51.4725,0.8711],[-57.6929,51.4814,0.0],[-57.6925,51.4838,0.0],[-57.6947,51.4869,3.039],[-57.7009,51.4848,1.5408],[-57.702,51.4864,0.9754],[-57.7067,51.4862,4.0315],[-57.7073,51.491,0.0],[-57.7057,51.4961,0.0],[-57.7067,51.4971,0.0],[-57.7159,51.4985,0.0],[-57.7103,51.5001,0.0],[-57.7062,51.5036,0.2999],[-57.7057,51.5084,0.1896],[-57.71,51.513,2.0488],[-57.7181,51.5175,13.5078],[-57.713,51.516,0.0],[-57.705,51.5105,1.3086],[-57.6989,51.5118,0.7013],[-57.6956,51.5058,6.7121],[-57.683,51.502,7.5968],[-57.6835,51.4958,7.7062],[-57.6788,51.4938,0.0],[-57.6978,51.4721,1.2764],[-57.6973,51.4701,16.9412],[-57.7017,51.4647,0.0],[-57.7038,51.4585,0.0],[-57.7004,51.455,2.4477],[-57.703,51.4533,0.0],[-57.6983,51.4505,1.6785],[-57.7026,51.4496,0.0],[-57.7022,51.4391,4.7533],[-57.6973,51.4378,1.2059],[-57.6951,51.4388,0.0],[-57.6941,51.4413,1.481],[-57.6959,51.442,1.481],[-57.6957,51.4435,0.0],[-57.6924,51.4484,0.434],[-57.6863,51.4449,0.0],[-57.6793,51.4436,17.0945],[-57.6861,51.4429,3.8961],[-57.6911,51.4449,0.7622],[-57.6933,51.4396,5.9178],[-57.6894,51.4367,23.2702],[-57.6961,51.4356,4.2584],[-57.6978,51.437,4.2584],[-57.6991,51.4353,0.0],[-57.6984,51.4335,4.6073],[-57.7003,51.4319,0.0],[-57.6988,51.4261,0.0],[-57.6966,51.4239,3.1403],[-57.7,51.4208,1.2444],[-57.6973,51.42,0.0],[-57.6954,51.4212,4.9332],[-57.6925,51.419,1.9305],[-57.6872,51.4214,0.0],[-57.6884,51.4225,4.6611],[-57.68,51.4281,2.0567],[-57.6778,51.4272,2.0567],[-57.6811,51.4242,2.0769],[-57.6806,51.4199,0.0],[-57.6772,51.4224,4.847],[-57.6696,51.4234,0.0],[-57.6592,51.4307,2.7354],[-57.6462,51.4268,0.0],[-57.6401,51.4297,0.0],[-57.6381,51.434,0.0],[-57.6355,51.4356,4.6591],[-57.6313,51.4341,2.3363],[-57.6322,51.4328,2.0333],[-57.6306,51.4319,0.0],[-57.6228,51.4333,9.3848],[-57.6285,51.4302,0.0],[-57.6267,51.4276,2.5123],[-57.6186,51.4292,7.6079],[-57.613,51.4323,0.0],[-57.6196,51.4345,0.3575],[-57.6133,51.4358,0.0],[-57.6165,51.4383,0.8167],[-57.6089,51.4425,1.2504],[-57.6094,51.4444,2.0465],[-57.6061,51.4467,0.0],[-57.6065,51.4485,0.4946],[-57.6028,51.45,0.0],[-57.5967,51.4571,8.7367],[-57.5894,51.4572,1.9916],[-57.5854,51.4592,5.2048],[-57.5851,51.4675,13.3733],[-57.581,51.4592,0.2151],[-57.5836,51.4568,0.0],[-57.5859,51.4501,4.1671],[-57.5894,51.4477,0.0],[-57.5922,51.4421,0.0],[-57.597,51.4405,0.924],[-57.5989,51.4378,8.3369],[-57.6029,51.4384,9.1239],[-57.6134,51.4296,23.1311],[-57.6162,51.4245,0.0],[-57.621,51.4237,3.1753],[-57.6222,51.4226,3.1753],[-57.6203,51.4209,0.0],[-57.6097,51.4168,0.0],[-57.6071,51.4208,0.2509],[-57.5989,51.4194,1.7739],[-57.5957,51.4208,8.3036],[-57.5957,51.4235,7.3858],[-57.593,51.4241,0.0],[-57.5929,51.4274,0.9077],[-57.5887,51.4291,2.6307],[-57.5844,51.4277,0.0],[-57.5817,51.4288,0.1272],[-57.5863,51.431399999999996,4.4591],[-57.5839,51.4343,2.7471],[-57.5777,51.437,13.4004],[-57.5743,51.4335,0.0],[-57.571,51.4341,3.5907],[-57.5687,51.435,1.2142],[-57.5674,51.4394,1.2289],[-57.5634,51.4392,0.5556],[-57.5618,51.4341,4.1129],[-57.5552,51.4359,6.4511],[-57.5558,51.4336,2.3825],[-57.5527,51.4323,0.8763],[-57.5427,51.4367,0.0],[-57.5344,51.4355,1.4503],[-57.5311,51.4371,0.0],[-57.5302,51.4422,1.8184],[-57.5238,51.4428,1.5649],[-57.5154,51.4472,8.567],[-57.5143,51.446,2.421],[-57.5178,51.4426,3.297],[-57.515,51.4407,0.0],[-57.5176,51.4388,3.103],[-57.52,51.4335,0.0],[-57.5167,51.4331,1.2994],[-57.5171,51.4316,0.5357],[-57.5154,51.4309,0.5357],[-57.5071,51.4338,2.143],[-57.5011,51.4383,0.5773],[-57.498,51.4443,0.0],[-57.4979,51.4468,0.0],[-57.5036,51.4492,11.3041],[-57.4958,51.4517,0.0],[-57.4943,51.4596,0.0],[-57.4959,51.4621,0.0],[-57.4943,51.4652,0.0],[-57.487,51.4639,2.976],[-57.4849,51.4649,4.2662],[-57.4873,51.4613,2.198],[-57.4852,51.4594,19.1863],[-57.4858,51.4576,0.0],[-57.4784,51.4581,0.0],[-57.4775,51.4599,0.0],[-57.4792,51.4612,1.9063],[-57.4757,51.4635,1.599],[-57.4744,51.4602,0.0],[-57.4706,51.4609,1.5298],[-57.4684,51.4585,2.5462],[-57.4701,51.4566,2.5789],[-57.4743,51.4563,1.0819],[-57.476,51.4527,1.2452],[-57.4814,51.4509,0.0],[-57.4816,51.4482,0.5477],[-57.4776,51.4436,4.5115],[-57.4787,51.4404,-0.0071],[-57.4759,51.4349,0.1306],[-57.4693,51.4344,0.7869],[-57.4549,51.4411,1.3055],[-57.4464,51.4404,0.0],[-57.4409,51.4422,6.2248],[-57.438,51.4467,0.0],[-57.4357,51.4475,1.2626],[-57.4388,51.4514,0.0],[-57.4384,51.4539,0.0],[-57.449,51.4553,5.1169],[-57.4498,51.4578,1.4347],[-57.4425,51.4624,0.1844],[-57.4427,51.4681,0.0],[-57.4453,51.47,2.7639],[-57.4484,51.4698,2.7639],[-57.4475,51.466,17.4874],[-57.4504,51.4645,16.3533],[-57.4517,51.4602,1.1923],[-57.4543,51.4596,1.3541],[-57.4633,51.4622,0.0],[-57.4658,51.4664,6.5804],[-57.4585,51.4685,0.0],[-57.4485,51.4753,0.0],[-57.4479,51.4789,0.0],[-57.4551,51.4811,0.0],[-57.4555,51.4824,10.0885],[-57.4535,51.4832,0.4953],[-57.4464,51.4811,4.3891],[-57.4369,51.4816,0.7813],[-57.4304,51.479,16.3467],[-57.4277,51.4741,4.1964],[-57.4326,51.473,1.8541],[-57.4322,51.4709,0.6244],[-57.4288,51.471,0.5218],[-57.4276,51.4677,5.257],[-57.4286,51.4643,0.1658],[-57.4198,51.4616,0.0],[-57.4133,51.4632,0.0],[-57.4128,51.4679,0.7593],[-57.4109,51.4697,1.8184],[-57.4117,51.4761,5.488],[-57.4094,51.4772,10.6785],[-57.3623,51.4815,0.0],[-57.3275,51.4881,0.0],[-57.3231,51.4906,2.7141],[-57.3174,51.4895,0.0],[-57.3105,51.4917,0.0],[-57.2802,51.4958,13.1138],[-57.2782,51.496,6.502],[-57.2821,51.493899999999996,1.6052],[-57.2779,51.4922,0.8636],[-57.265,51.4958,2.6664],[-57.2609,51.4983,3.5219],[-57.2525,51.4993,6.1897],[-57.2496,51.496,3.5185],[-57.2514,51.4938,15.938],[-57.2499,51.4902,0.9975],[-57.2487,51.4888,0.9975],[-57.2453,51.4892,0.0],[-57.2436,51.5013,4.3261],[-57.2472,51.5033,2.7129],[-57.2439,51.5049,0.4479],[-57.2347,51.5033,3.4797],[-57.2332,51.5013,1.2628],[-57.2384,51.5009,0.0],[-57.2385,51.4968,0.0775],[-57.2355,51.4956,2.1138],[-57.2369,51.493,1.2898],[-57.2348,51.4919,6.0234],[-57.2413,51.4853,0.6018],[-57.2406,51.48,3.1169],[-57.2439,51.4736,0.8046],[-57.2434,51.4708,0.1252],[-57.2452,51.4687,4.3307],[-57.2444,51.4649,3.8674],[-57.2465,51.4593,0.872],[-57.2404,51.4545,10.5992],[-57.2398,51.449,6.6672],[-57.2357,51.4408,0.4294],[-57.2298,51.4402,1.7822],[-57.2235,51.4354,0.0],[-57.2189,51.4365,2.2637],[-57.2138,51.4354,0.0],[-57.2082,51.4313,4.6203],[-57.2059,51.4237,12.5191],[-57.211,51.4204,1.7733],[-57.2123,51.4176,0.75],[-57.2072,51.4153,3.2223],[-57.208,51.4119,0.6389],[-57.1803,51.4094,3.1787],[-57.1749,51.4064,0.2795],[-57.151,51.4148,0.0],[-57.1517,51.4177,5.2623],[-57.1501,51.4212,0.0],[-57.1461,51.4244,0.3616],[-57.1268,51.4238,6.1015],[-57.1208,51.4201,0.0],[-57.1084,51.4251,92.9112],[-57.1079,51.5909,228.9595],[-57.1059,51.5911,228.3879],[-57.1055,51.6565,295.3741],[-57.1078,51.9985,357.0],[-57.9647,51.9964,321.6609],[-59.8834,51.9977,355.8733],[-61.8065,51.9958,441.3759],[-62.3329,51.9974,428.6722],[-63.8081,51.9978,486.2182],[-63.8081,52.0013,471.2972],[-63.8017,52.0099,463.188],[-63.8027,52.0174,468.9003],[-63.8092,52.0241,473.7902],[-63.809,52.0298,467.9879],[-63.8123,52.0336,463.4658],[-63.8161,52.0346,462.3436],[-63.8252,52.0284,459.458],[-63.8277,52.0318,462.2542],[-63.8275,52.0382,461.6375],[-63.8309,52.0481,459.36],[-63.8401,52.065,466.5209],[-63.8322,52.0815,481.3346],[-63.824,52.0847,475.3924],[-63.8103,52.0854,474.8717],[-63.7874,52.0783,477.4772],[-63.7841,52.0837,479.009],[-63.7793,52.0836,478.8292],[-63.7717,52.0813,478.023],[-63.7443,52.0648,482.9605],[-63.7258,52.0606,475.3553],[-63.7063,52.0497,474.0],[-63.6999,52.0486,474.0],[-63.6893,52.0496,475.7188],[-63.6845,52.055,474.0],[-63.6782,52.0547,476.7875],[-63.672,52.0515,474.0],[-63.66,52.0408,474.0],[-63.657,52.0405,480.2616],[-63.6554,52.0437,474.0],[-63.6464,52.0424,477.6581],[-63.648,52.0488,478.1935],[-63.6595,52.0576,476.3393],[-63.6606,52.0669,483.502],[-63.6703,52.0719,474.0],[-63.6775,52.0831,477.6713],[-63.6889,52.0862,474.0],[-63.6889,52.0821,483.4504],[-63.6923,52.0785,475.309],[-63.6998,52.0833,476.4338],[-63.702,52.0876,489.5125],[-63.6971,52.1141,478.5255],[-63.6918,52.1227,475.0],[-63.6906,52.1298,475.0],[-63.6967,52.1365,475.0],[-63.7033,52.1542,477.9973],[-63.7002,52.1655,481.5213],[-63.7125,52.1804,476.9202],[-63.7108,52.191,482.7428],[-63.726,52.2129,475.0],[-63.7528,52.235,475.0],[-63.7581,52.249,482.0685],[-63.7565,52.2523,477.4935],[-63.7495,52.2536,475.4072],[-63.7482,52.2555,477.8349],[-63.7516,52.2607,481.4465],[-63.7657,52.2694,482.025],[-63.7919,52.2704,475.0],[-63.8013,52.2754,475.0],[-63.8034,52.2783,475.0],[-63.799,52.2793,481.8927],[-63.7896,52.2741,484.4044],[-63.7846,52.2761,479.3258],[-63.7685,52.2762,479.8911],[-63.7707,52.2839,483.6742],[-63.7941,52.2969,484.0607],[-63.8197,52.3034,475.0],[-63.8374,52.314,475.0],[-63.8342,52.3157,479.8148],[-63.8236,52.3094,484.1963],[-63.8175,52.3087,481.9299],[-63.8176,52.3183,487.4313],[-63.8115,52.3171,475.0],[-63.8081,52.312,477.9679],[-63.8027,52.3103,480.062],[-63.796,52.3103,481.8925],[-63.7946,52.3158,475.0],[-63.789,52.3156,475.0],[-63.7829,52.3093,481.5862],[-63.7747,52.3139,475.0],[-63.766,52.3089,475.0],[-63.7432,52.308,487.1717],[-63.7414,52.3092,479.389],[-63.7428,52.3131,478.3016],[-63.7476,52.3164,475.8482],[-63.7634,52.3218,475.0],[-63.7648,52.3259,479.2932],[-63.7695,52.3281,478.9034],[-63.8269,52.3308,475.0],[-63.8277,52.3274,475.0],[-63.823,52.3209,476.2873],[-63.8259,52.3197,475.0],[-63.8366,52.3223,480.2205],[-63.8546,52.3192,475.0],[-63.8597,52.3222,484.7157],[-63.8732,52.3225,480.9539],[-63.8998,52.3363,497.3101],[-63.9125,52.3409,476.2038],[-63.9424,52.3454,475.0],[-63.9652,52.3577,489.6784],[-63.9749,52.3535,475.0],[-63.9886,52.3602,491.1634],[-63.9983,52.3596,475.0],[-64.0127,52.3626,477.9656],[-64.0183,52.3745,479.278],[-64.0301,52.3897,481.4032],[-64.0207,52.401,487.0659],[-64.0455,52.4233,490.5663],[-64.0741,52.4383,486.2195],[-64.0902,52.4543,483.5256],[-64.0935,52.4661,486.7872],[-64.0855,52.4934,485.0601],[-64.0846,52.5041,488.1345],[-64.072,52.5001,491.2847],[-64.0538,52.5333,499.6091],[-64.0448,52.5416,493.7603],[-64.0379,52.561,501.7505],[-64.0299,52.567,497.3782],[-64.0326,52.5683,499.191],[-64.0125,52.5708,512.0476],[-63.996,52.5791,505.1353],[-63.9927,52.5838,494.7422],[-63.9699,52.5894,499.9893],[-63.9596,52.5961,499.7794],[-63.9464,52.5963,509.2291],[-63.9397,52.6057,501.4796],[-63.9117,52.6034,529.491],[-63.9134,52.6052,514.297],[-63.9076,52.6083,515.5726],[-63.8945,52.6126,518.4316],[-63.8799,52.6138,517.6594],[-63.8717,52.6188,519.4908],[-63.851,52.6225,518.1088],[-63.8258,52.6226,529.6202],[-63.8108,52.6281,518.4255],[-63.7739,52.6315,516.9111],[-63.7666,52.6347,512.5],[-63.7532,52.6353,516.5663],[-63.7367,52.632,516.0369],[-63.7132,52.6332,512.5],[-63.653,52.6388,518.426],[-63.6134,52.6471,512.5],[-63.5835,52.6487,516.4064],[-63.5233,52.6488,512.5],[-63.5144,52.6461,517.0228],[-63.5019,52.6497,516.7969],[-63.4294,52.6455,515.6775],[-63.4261,52.652,518.8298],[-63.4164,52.6525,531.0044],[-63.4081,52.6617,540.5369],[-63.4025,52.6623,546.2397],[-63.3913,52.6582,545.312],[-63.3838,52.6594,545.24],[-63.3837,52.6671,545.3362],[-63.3965,52.6823,548.733],[-63.4232,52.6923,549.0724],[-63.4358,52.6995,550.4138],[-63.45,52.7136,560.6224],[-63.4594,52.7181,570.1059],[-63.5065,52.7271,623.3671],[-63.5184,52.7253,616.6388],[-63.528,52.7276,616.3894],[-63.5509,52.7411,613.4097],[-63.5572,52.7489,622.7805],[-63.5701,52.7598,656.3685],[-63.5853,52.7659,625.8215],[-63.6098,52.7703,620.6497],[-63.6165,52.7742,618.6727],[-63.6157,52.7918,619.0172],[-63.6128,52.7935,621.5244],[-63.5964,52.7956,619.0245],[-63.6006,52.8058,623.4838],[-63.595,52.8164,622.315],[-63.5989,52.8269,628.8787],[-63.5892,52.8331,626.63],[-63.5871,52.8396,624.9744],[-63.5941,52.8515,640.0909],[-63.6079,52.8593,686.8864],[-63.6094,52.8636,679.4138],[-63.6072,52.8696,680.8713],[-63.6084,52.8711,695.2277],[-63.6115,52.868899999999996,703.8806],[-63.6144,52.8775,722.2126],[-63.6199,52.8774,739.3765],[-63.6233,52.8751,733.1801],[-63.6194,52.87,704.6496],[-63.6242,52.8624,691.7037],[-63.61,52.8549,679.7072],[-63.6066,52.8499,664.0026],[-63.61,52.8442,666.379],[-63.6164,52.8416,662.3409],[-63.6279,52.8456,625.8666],[-63.6379,52.8469,632.3016],[-63.6521,52.8529,626.3807],[-63.6583,52.8522,650.575],[-63.6718,52.8551,653.9465],[-63.6766,52.8521,634.8825],[-63.6761,52.8491,666.112],[-63.6417,52.8373,631.3568],[-63.6394,52.8337,636.0613],[-63.6441,52.8238,722.5634],[-63.653,52.8142,680.7391],[-63.6601,52.8112,677.8937],[-63.6804,52.8081,683.4963],[-63.6898,52.8084,679.08],[-63.693,52.8146,679.4988],[-63.6964,52.8138,679.4988],[-63.6948,52.805,645.3257],[-63.7175,52.8015,684.623],[-63.7195,52.799,668.6233],[-63.7141,52.7864,626.129],[-63.7307,52.7874,695.1074],[-63.7334,52.7866,686.989],[-63.734,52.7847,674.0555],[-63.7319,52.782,677.4352],[-63.7194,52.7766,703.6002],[-63.7215,52.7703,690.7216],[-63.7516,52.7684,727.7411],[-63.7644,52.7741,683.0036],[-63.7722,52.7733,685.8754],[-63.7782,52.7699,713.939],[-63.798,52.7665,718.4695],[-63.8047,52.7641,696.2886],[-63.8099,52.7599,687.9549],[-63.819,52.7585,615.2264],[-63.8346,52.7637,645.0605],[-63.8541,52.7734,674.9197],[-63.8729,52.774,638.6934],[-63.8788,52.7664,669.4181],[-63.8835,52.7643,659.7394],[-63.8939,52.7639,663.165],[-63.8833,52.7533,608.6696],[-63.8886,52.7501,604.8474],[-63.9035,52.7531,589.9692],[-63.9147,52.7577,582.7836],[-63.9195,52.7578,583.4074],[-63.9213,52.7564,581.4048],[-63.9193,52.7469,582.5368],[-63.9228,52.7462,591.6976],[-63.9228,52.7442,598.4294],[-63.9182,52.7401,608.5258],[-63.9212,52.7359,661.2408],[-63.9374,52.731,568.5453],[-63.9827,52.7254,649.0139],[-64.007,52.737,561.3853],[-64.0165,52.7385,552.0952],[-64.0373,52.7382,550.1775],[-64.0382,52.7368,568.9539],[-64.0354,52.7322,577.5034],[-64.0393,52.7259,603.783],[-64.0535,52.7232,617.4791],[-64.0629,52.725,583.1788],[-64.0795,52.7366,557.1758],[-64.0896,52.7332,554.0267],[-64.1242,52.732,607.9952],[-64.1374,52.7292,602.9888],[-64.1405,52.7267,626.3982],[-64.1461,52.7145,660.3786],[-64.1244,52.6993,672.1141],[-64.1244,52.6928,690.66],[-64.1277,52.6864,701.2825],[-64.145,52.6754,714.7538],[-64.1535,52.6731,714.4175],[-64.1676,52.6783,705.9188],[-64.1709,52.6776,704.8655],[-64.173,52.6706,683.5338],[-64.1589,52.6585,653.7537],[-64.1575,52.6524,633.0444],[-64.153,52.6473,614.7441],[-64.1531,52.6404,596.4182],[-64.1564,52.6352,624.2346],[-64.1633,52.6274,553.2515],[-64.1701,52.6237,535.3821],[-64.1685,52.6121,520.8342],[-64.1545,52.6034,518.6908],[-64.1611,52.5973,520.9172],[-64.1677,52.596,522.1427],[-64.1715,52.5843,542.6719],[-64.1875,52.5908,541.2364],[-64.1947,52.5958,537.4789],[-64.1986,52.5949,524.6766],[-64.2042,52.5891,516.6139],[-64.1991,52.5817,519.6462],[-64.2058,52.5772,508.3876],[-64.2257,52.582,509.2101],[-64.2248,52.5802,509.2084],[-64.2111,52.5736,514.2488],[-64.1914,52.5543,511.8223],[-64.1702,52.5436,525.638],[-64.1669,52.5367,523.2911],[-64.1701,52.5325,522.3571],[-64.1671,52.5288,511.5582],[-64.1519,52.5199,526.4489],[-64.1485,52.5138,511.4945],[-64.1534,52.5074,505.5],[-64.1529,52.5022,508.8331],[-64.1447,52.4916,505.5116],[-64.1426,52.4679,497.509],[-64.1371,52.4565,497.6268],[-64.1352,52.4449,502.1917],[-64.1286,52.4372,501.6059],[-64.1278,52.4343,500.6082],[-64.1337,52.4283,508.9092],[-64.135,52.4245,501.4517],[-64.1326,52.4219,501.2608],[-64.128,52.4206,505.0414],[-64.1219,52.4222,499.6565],[-64.1147,52.42,523.8768],[-64.1094,52.4143,510.768],[-64.1074,52.4083,501.8132],[-64.1189,52.4032,508.3038],[-64.1092,52.3941,502.2766],[-64.1155,52.3883,500.2464],[-64.1223,52.3873,504.2959],[-64.127,52.3838,510.9643],[-64.138,52.3669,503.4503],[-64.1562,52.3616,502.4164],[-64.1653,52.3631,498.0087],[-64.1666,52.3602,503.1937],[-64.1664,52.3445,506.688],[-64.1584,52.339,502.8746],[-64.1615,52.3339,504.4212],[-64.1812,52.336,507.5738],[-64.1828,52.3327,508.0974],[-64.172,52.3308,507.7689],[-64.1692,52.3274,508.7145],[-64.1733,52.3245,509.9472],[-64.1679,52.3197,512.0895],[-64.1647,52.3144,504.2859],[-64.1695,52.3067,499.1643],[-64.1846,52.3056,498.0049],[-64.1828,52.3037,497.628],[-64.1916,52.2897,506.4391],[-64.1945,52.2913,509.0012],[-64.1996,52.3056,518.1639],[-64.2102,52.3136,511.3303],[-64.2162,52.313,524.6476],[-64.2255,52.3077,528.0952],[-64.2256,52.3025,531.2128],[-64.2069,52.2942,544.0071],[-64.2098,52.2845,592.4839],[-64.2145,52.282,562.032],[-64.2219,52.2833,569.6791],[-64.2327,52.2879,542.0197],[-64.2351,52.2869,533.5549],[-64.2345,52.2837,567.2122],[-64.2388,52.2775,588.7716],[-64.2466,52.2754,581.1268],[-64.2365,52.2639,576.5878],[-64.2331,52.2623,576.6259],[-64.2212,52.261,562.0714],[-64.2176,52.2571,566.7429],[-64.2222,52.2479,551.2591],[-64.2236,52.2404,576.7544],[-64.2198,52.2377,538.5302],[-64.234,52.224,534.1906],[-64.2317,52.2229,555.5052],[-64.224,52.2295,536.0085],[-64.2135,52.2249,543.7867],[-64.2097,52.2185,530.0063],[-64.2099,52.2028,531.6772],[-64.2037,52.1972,536.7964],[-64.1984,52.1888,522.8899],[-64.1977,52.1831,513.6113],[-64.2007,52.177,517.912],[-64.1883,52.1641,520.5621],[-64.1608,52.146,521.0447],[-64.1647,52.1388,534.2181],[-64.1774,52.1338,588.708],[-64.1647,52.1239,649.6033],[-64.1664,52.1161,664.1599],[-64.173,52.1129,648.8177],[-64.1803,52.115,644.4211],[-64.1911,52.1208,580.5428],[-64.193,52.1244,582.7539],[-64.2112,52.1322,602.9315],[-64.2499,52.1447,539.3204],[-64.2512,52.1425,538.7323],[-64.2422,52.1375,535.3498],[-64.2363,52.1294,534.9954],[-64.2449,52.1242,540.1011],[-64.2503,52.1236,541.12],[-64.2539,52.1215,545.2103],[-64.2564,52.1129,574.7108],[-64.246,52.103,640.161],[-64.2566,52.0972,631.3342],[-64.2518,52.0927,619.4435],[-64.2497,52.0873,622.4039],[-64.2515,52.0797,620.4762],[-64.2617,52.0781,565.2917],[-64.2724,52.0793,560.9266],[-64.2787,52.0761,573.1443],[-64.288,52.0797,593.6075],[-64.2919,52.0776,588.637],[-64.2873,52.0656,577.3126],[-64.2811,52.0559,568.9429],[-64.2693,52.0469,552.48],[-64.2794,52.0376,553.3233],[-64.2465,52.0009,573.8604],[-64.2465,51.9974,574.1279],[-64.2382,51.9945,571.5587],[-64.2339,51.9909,570.5938],[-64.2336,51.9841,591.3511],[-64.2371,51.978,582.967],[-64.2801,51.9748,579.3612],[-64.2879,51.9767,587.8535],[-64.2935,51.9831,604.2012],[-64.2992,51.9864,617.9596],[-64.323,51.9944,651.0557],[-64.3269,51.9984,640.2574],[-64.3268,52.0017,641.154],[-64.3223,52.0025,651.9435],[-64.3229,52.0049,653.5748],[-64.3385,52.0072,635.3901],[-64.361,52.0055,655.7693],[-64.348,52.0013,634.0972],[-64.3436,51.9926,627.5864],[-64.3397,51.9891,613.4617],[-64.3417,51.9859,610.6925],[-64.3458,51.984,606.3193],[-64.3572,51.9822,612.7296],[-64.3588,51.9791,614.2145],[-64.3453,51.9733,631.2482],[-64.343,51.9677,649.6899],[-64.3445,51.9507,620.9318],[-64.3496,51.9443,600.5808],[-64.3451,51.9375,603.5099],[-64.3494,51.9332,592.5457],[-64.3561,51.9299,598.6118],[-64.3573,51.9274,615.4594],[-64.3458,51.9169,605.3147],[-64.3401,51.8905,586.6158],[-64.3517,51.8893,585.419],[-64.353,51.8871,583.8898],[-64.352,51.8636,576.4719],[-64.3542,51.854,582.4602],[-64.3527,51.8493,600.0496],[-64.3334,51.823,645.8623],[-64.3209,51.814,772.3237],[-64.3025,51.8036,723.4452],[-64.3005,51.7995,730.6628],[-64.3012,51.7966,740.6456],[-64.3072,51.7881,727.4742],[-64.3043,51.781,718.778],[-64.3059,51.7696,717.5127],[-64.3048,51.7628,705.3331],[-64.3019,51.757,776.0593],[-64.2783,51.7464,851.4691],[-64.274,51.7423,810.7197],[-64.2764,51.7365,836.8361],[-64.294,51.7227,797.3711],[-64.2965,51.7137,776.1594],[-64.3015,51.7106,769.6875],[-64.3069,51.71,765.6307],[-64.3032,51.7068,780.0338],[-64.3052,51.7036,796.1817],[-64.3224,51.698,744.1843],[-64.3256,51.6942,772.5989],[-64.3221,51.685,719.6038],[-64.3343,51.6716,754.8775],[-64.3371,51.6653,731.1705],[-64.3435,51.6659,759.5746],[-64.3589,51.6716,724.5535],[-64.3775,51.664,745.9185],[-64.391,51.6629,765.8552],[-64.4173,51.675,693.9615],[-64.423,51.6761,700.6897],[-64.4299,51.6678,704.2211],[-64.4322,51.6621,693.8997],[-64.4308,51.6578,687.7166],[-64.4343,51.651,701.798],[-64.4478,51.6322,723.8633],[-64.4553,51.6246,717.1777],[-64.4909,51.6091,773.4343],[-64.5076,51.6055,764.8484],[-64.5226,51.5977,732.491],[-64.5416,51.5864,720.2796],[-64.5485,51.5739,715.8476],[-64.5544,51.5758,694.987],[-64.5754,51.6018,680.8955],[-64.5873,51.6095,669.0033],[-64.5904,51.6182,692.6038],[-64.6011,51.6329,674.9847],[-64.6022,51.6303,643.4076],[-64.6067,51.6273,631.6991],[-64.6144,51.6267,615.66],[-64.6242,51.629,620.2796],[-64.6237,51.6422,655.8113],[-64.626,51.6469,678.8658],[-64.6233,51.6494,681.1331],[-64.6169,51.6514,651.5087],[-64.6182,51.6611,612.0289],[-64.6211,51.6681,617.4467],[-64.6404,51.674,625.4064],[-64.6378,51.6792,623.567],[-64.6447,51.6917,623.4796],[-64.6399,51.705,756.5351],[-64.6535,51.7015,641.8682],[-64.6664,51.7007,642.681],[-64.6774,51.7014,614.047],[-64.6812,51.7098,742.3448],[-64.6916,51.7076,731.3751],[-64.6919,51.7098,749.5184],[-64.6881,51.717,686.5472],[-64.7031,51.7232,680.5842],[-64.7003,51.726,694.9453],[-64.7009,51.7278,706.9164],[-64.7059,51.7273,693.4128],[-64.7079,51.7293,718.864],[-64.7109,51.7387,674.6754],[-64.7109,51.7456,722.4886],[-64.7064,51.7543,728.1687],[-64.7097,51.756,719.2117],[-64.7309,51.7522,762.2628],[-64.736,51.7541,783.741],[-64.7394,51.7615,788.8239],[-64.7448,51.7594,768.1311],[-64.7555,51.7589,824.6545],[-64.7731,51.7531,740.7192],[-64.7877,51.7572,800.7268],[-64.794,51.7612,799.4211],[-64.8019,51.7755,832.1768],[-64.8054,51.7781,832.1575],[-64.8118,51.7778,851.6163],[-64.8384,51.7696,724.8113],[-64.8478,51.7625,778.1268],[-64.8598,51.764,763.2495],[-64.8722,51.77,793.5647],[-64.8839,51.7681,777.5524],[-64.8922,51.7688,780.6328],[-64.9247,51.7779,942.5248],[-64.9348,51.7702,835.1356],[-64.9386,51.7644,855.0434],[-64.9372,51.7617,836.9083],[-64.934,51.7629,837.764],[-64.9198,51.7608,862.5073],[-64.9184,51.755,855.2513],[-64.9276,51.7464,904.5198],[-64.9164,51.744,881.5969],[-64.9099,51.7367,936.3156],[-64.9164,51.735,901.1974],[-64.9249,51.7186,917.1686],[-64.9307,51.7143,897.9804],[-64.9509,51.7154,931.897],[-64.9724,51.7216,958.3615],[-64.987,51.7314,914.3385],[-64.993,51.7374,900.2554],[-64.9963,51.7419,911.5535],[-64.9945,51.7459,891.8578],[-64.9992,51.7477,902.7068],[-64.9992,51.75,905.4473],[-65.0083,51.75,877.0898],[-65.0205,51.7586,799.1721],[-65.0204,51.7614,819.5608],[-65.0154,51.7635,828.4623],[-65.0094,51.7633,840.9411],[-65.01,51.7651,865.7594],[-65.0303,51.762,857.4597],[-65.0426,51.7645,869.4574],[-65.0492,51.7696,798.551],[-65.071,51.7622,829.6068],[-65.0826,51.7462,757.1892],[-65.0912,51.746,743.7469],[-65.1077,51.7487,658.1086],[-65.1196,51.7537,779.933],[-65.1423,51.7579,735.4498],[-65.1623,51.7646,720.7915],[-65.1804,51.7656,709.3997],[-65.1867,51.7699,716.2175],[-65.1861,51.7756,692.8501],[-65.1687,51.7898,667.0214],[-65.1672,51.7966,678.2405],[-65.1729,51.8096,697.6228],[-65.1697,51.8167,730.2828],[-65.1696,51.8221,743.3024],[-65.1746,51.8246,753.2901],[-65.1802,51.8231,695.0964],[-65.1886,51.8173,711.3566],[-65.1954,51.8215,704.9877],[-65.2046,51.8128,733.053],[-65.2102,51.8129,710.4949],[-65.2289,51.8216,647.108],[-65.2405,51.8227,623.8674],[-65.2477,51.8296,611.6661],[-65.2548,51.8234,605.6328],[-65.2589,51.8224,610.5934],[-65.2633,51.828,608.7493],[-65.2631,51.8347,616.6005],[-65.2644,51.8367,615.26],[-65.2597,51.8457,632.2988],[-65.2593,51.8438,634.0194],[-65.2531,51.8573,673.3948],[-65.2539,51.8615,651.4663],[-65.2835,51.8738,705.797],[-65.2906,51.8697,727.7842],[-65.3002,51.878,734.6862],[-65.3192,51.8726,648.3458],[-65.3233,51.87,651.7315],[-65.3178,51.8508,658.3876],[-65.3251,51.8432,658.8796],[-65.327,51.8364,678.7518],[-65.3315,51.829,697.326],[-65.3368,51.8232,635.2225],[-65.3461,51.8197,672.5344],[-65.3598,51.8228,662.264],[-65.355,51.8299,655.0402],[-65.3568,51.8444,627.6865],[-65.3626,51.8642,654.6083],[-65.3728,51.8642,622.2056],[-65.3834,51.8673,619.0731],[-65.3851,51.8739,630.0676],[-65.3922,51.881,665.7564],[-65.3976,51.8908,709.5988],[-65.3995,51.9019,685.525],[-65.3932,51.9149,700.6511],[-65.3741,51.9158,725.3549],[-65.3697,51.9192,717.7146],[-65.3548,51.9427,621.944],[-65.3493,51.9424,622.1795],[-65.3497,51.9446,622.076],[-65.3572,51.9504,623.163],[-65.3604,51.956,615.9335],[-65.3591,51.9811,624.4934],[-65.3714,51.9903,640.3761],[-65.3712,51.9959,647.3802],[-65.3839,51.9888,618.0767],[-65.3645,51.9809,620.3621],[-65.3749,51.9765,621.6777],[-65.3713,51.9704,615.9784],[-65.3712,51.9673,616.7163],[-65.3784,51.9646,622.5073],[-65.39,51.9633,624.5452],[-65.3998,51.9656,680.5548],[-65.4123,51.9713,666.215],[-65.411,51.9864,616.5381],[-65.4249,51.9934,615.2385],[-65.4291,52.0018,616.7048],[-65.4232,52.0021,624.8448],[-65.4268,52.004,628.3947],[-65.4512,52.0086,608.8038],[-65.4562,52.0111,609.0126],[-65.4961,52.0502,654.2255],[-65.4845,52.0569,747.786],[-65.4972,52.0603,673.2798],[-65.4981,52.0659,683.6786],[-65.495,52.0703,663.6589],[-65.494,52.0861,709.2057],[-65.4901,52.1021,747.4338],[-65.499,52.1062,755.2037],[-65.5,52.1103,768.4213],[-65.5008,50.9564,738.6456],[-65.4989,50.8211,689.7739],[-65.5,50.3697,171.3208],[-65.548,50.3624,203.3564],[-65.5445,50.272,0.0],[-65.5417,50.2711,1.0833],[-65.5172,50.2813,2.3222],[-65.5161,50.2878,15.0439],[-65.5139,50.287,1.0],[-65.5125,50.284,11.2078],[-65.5098,50.2833,0.0],[-65.5053,50.2859,12.3351],[-65.4962,50.285,0.0],[-65.4771,50.2903,0.0],[-65.4719,50.2887,0.0],[-65.4452,50.2925,8.9813],[-65.4319,50.2923,15.139099999999999],[-65.3879,50.3016,8.6901],[-65.3778,50.2995,5.7152],[-65.3758,50.3013,40.4585],[-65.3724,50.3004,0.0],[-65.3684,50.3027,18.945],[-65.3641,50.3017,0.0],[-65.3492,50.3038,25.1928],[-65.3356,50.3019,0.0],[-65.3243,50.2963,0.0],[-65.3182,50.297,0.0],[-65.3179,50.2948,2.5676],[-65.3158,50.2943,2.5006],[-65.309,50.2972,17.6465],[-65.3044,50.2951,0.0],[-65.296,50.2989,23.0013],[-65.2911,50.2978,0.0],[-65.2841,50.3017,0.0],[-65.2762,50.3006,21.3028],[-65.2715,50.3034,9.6352],[-65.2444,50.2975,0.5384],[-65.2493,50.2997,2.6721],[-65.2387,50.3046,6.1523],[-65.2406,50.2994,0.3026],[-65.2372,50.2918,0.0],[-65.23,50.2899,3.2559],[-65.2287,50.2875,0.8031],[-65.2232,50.2899,3.092],[-65.2161,50.2897,0.0],[-65.1872,50.2848,0.0],[-65.1788,50.2877,1.8453],[-65.1674,50.2874,0.7828],[-65.1674,50.2894,6.759],[-65.1655,50.29,7.1938],[-65.1642,50.2881,0.73],[-65.1615,50.2878,0.0],[-65.1472,50.2898,0.0],[-65.1364,50.2861,0.583],[-65.1283,50.2866,2.3451],[-65.1218,50.2848,0.6255],[-65.1261,50.2894,0.0],[-65.1222,50.2925,6.2355],[-65.121,50.2908,0.8228],[-65.1217,50.2875,1.7653],[-65.1189,50.2858,1.5914],[-65.1187,50.2838,2.2451],[-65.1135,50.2858,14.2127],[-65.1111,50.2839,5.9768],[-65.1082,50.2837,0.0],[-65.1066,50.2853,4.8972],[-65.1026,50.2834,0.0],[-65.0989,50.2858,12.635],[-65.0935,50.282,0.0],[-65.0804,50.2855,15.5465],[-65.0783,50.2828,0.0],[-65.0726,50.2832,9.0977],[-65.0716,50.2815,0.0],[-65.0685,50.2814,25.7045],[-65.0683,50.2792,9.683],[-65.0624,50.2804,0.0],[-65.0511,50.2772,9.8197],[-65.0502,50.2785,0.6314],[-65.0416,50.278,0.0],[-65.0398,50.2797,4.1706],[-65.0343,50.2785,0.6136],[-65.0331,50.2812,0.0],[-65.0278,50.2817,0.0],[-65.0239,50.2803,3.5287],[-65.0232,50.277,3.5838],[-65.0202,50.2758,7.7431],[-65.0056,50.2747,0.7737],[-64.9956,50.2714,1.5359],[-64.9922,50.2669,0.0],[-64.9894,50.2669,0.0],[-64.9882,50.2694,20.2382],[-64.9814,50.2673,21.7777],[-64.9761,50.2686,20.5563],[-64.9728,50.2647,0.0],[-64.9639,50.2667,5.7651],[-64.9611,50.2636,0.0],[-64.9583,50.2631,0.649],[-64.9567,50.2656,8.6069],[-64.9517,50.2651,0.4616],[-64.945,50.27,2.4216],[-64.93,50.2714,0.0],[-64.9311,50.2739,18.3443],[-64.93,50.2775,12.0403],[-64.9194,50.2744,6.6985],[-64.9117,50.2786,0.0],[-64.9106,50.2822,30.788],[-64.9046,50.2884,0.0],[-64.9067,50.2952,21.074],[-64.9057,50.3004,9.5869],[-64.9022,50.2853,20.9768],[-64.9067,50.2828,0.0],[-64.9078,50.2783,17.493],[-64.9122,50.2725,6.2942],[-64.9156,50.2711,8.9139],[-64.9278,50.2717,0.0],[-64.9144,50.2686,1.0932],[-64.9083,50.2656,11.8698],[-64.9083,50.2636,0.0],[-64.9039,50.2647,1.1378],[-64.8952,50.2629,2.5849],[-64.8856,50.2644,0.0],[-64.8806,50.2631,0.0],[-64.8828,50.2647,0.9138],[-64.8817,50.2652,0.9138],[-64.8783,50.2633,1.7282],[-64.8806,50.2617,0.0],[-64.875,50.2603,0.0],[-64.8694,50.2628,3.7949],[-64.8507,50.2639,2.1016],[-64.8444,50.2667,3.0191],[-64.8348,50.2666,0.0],[-64.8311,50.265,0.2515],[-64.8283,50.2658,2.793],[-64.8298,50.2678,1.7978],[-64.8289,50.2689,7.0104],[-64.8244,50.2703,0.0],[-64.8183,50.2692,1.6437],[-64.8117,50.2714,2.8736],[-64.8078,50.2697,0.0],[-64.8011,50.2703,0.2011],[-64.8011,50.2717,0.0],[-64.7944,50.2736,0.2757],[-64.7944,50.2756,5.7485],[-64.7911,50.2747,3.2076],[-64.7919,50.2733,0.9308],[-64.7878,50.2744,2.0439],[-64.7811,50.2731,0.6217],[-64.7811,50.2758,2.8937],[-64.785,50.2778,11.1188],[-64.7833,50.2783,4.2061],[-64.7839,50.2794,13.6945],[-64.7783,50.2756,7.2524],[-64.7778,50.2731,0.8419],[-64.7544,50.2731,1.2738],[-64.7456,50.27,7.8962],[-64.7444,50.2689,7.8962],[-64.7467,50.2675,0.348],[-64.7439,50.2661,0.2284],[-64.7417,50.27,4.0752],[-64.7394,50.2694,1.3441],[-64.7378,50.2708,12.6066],[-64.7356,50.2697,3.358],[-64.7233,50.2744,5.1022],[-64.72,50.2728,1.373],[-64.7139,50.2758,9.2152],[-64.7078,50.2754,0.0],[-64.6972,50.2794,3.9216],[-64.6782,50.2742,1.5941],[-64.6711,50.2753,0.0],[-64.6589,50.2742,3.0333],[-64.6494,50.2761,4.1879],[-64.6322,50.2751,0.0],[-64.6272,50.2781,1.1015],[-64.6204,50.2782,1.7107],[-64.6206,50.2817,7.3066],[-64.6172,50.2839,7.1161],[-64.6056,50.2858,6.0624],[-64.59,50.2844,1.8617],[-64.5833,50.2869,0.0],[-64.5812,50.2848,0.5669],[-64.5744,50.2864,2.2371],[-64.5683,50.2844,1.4273],[-64.5654,50.2851,1.4273],[-64.5643,50.2837,0.9527],[-64.5556,50.2847,4.1785],[-64.5444,50.2836,0.0],[-64.5389,50.2853,0.4613],[-64.5267,50.2928,9.3157],[-64.5161,50.2947,5.8163],[-64.5011,50.3006,15.0039],[-64.5006,50.3058,2.4213],[-64.4844,50.315,0.0],[-64.4647,50.3143,5.8416],[-64.4611,50.315,2.1953],[-64.4597,50.3188,2.4358],[-64.4578,50.3193,2.4358],[-64.4535,50.3168,0.0],[-64.4344,50.3181,3.8495],[-64.42,50.3164,9.2467],[-64.3398,50.2829,0.0],[-64.315,50.2797,2.8708],[-64.2678,50.2698,2.7706],[-64.1956,50.2643,5.1784],[-64.164,50.2552,0.0],[-64.1539,50.2583,0.0],[-64.1378,50.2689,2.1156],[-64.1137,50.2782,0.0],[-64.1026,50.2856,5.6648],[-64.0894,50.2908,4.7608],[-64.0741,50.2912,3.0044],[-64.0544,50.2875,5.3416],[-64.0417,50.2878,4.0501],[-64.0289,50.2858,1.375],[-64.0178,50.2903,0.3946],[-64.0022,50.2917,0.0],[-63.9944,50.2967,0.0],[-63.9948,50.2992,9.316],[-64.0016,50.3042,0.0],[-64.0117,50.2933,5.1799],[-64.0167,50.2919,3.5073],[-64.0233,50.2928,1.0564],[-64.0283,50.2953,9.957],[-64.0333,50.3003,1.7913],[-64.0331,50.3043,3.0585],[-64.03,50.3058,10.2965],[-64.0172,50.3053,7.426],[-64.0256,50.3039,1.6809],[-64.0283,50.3019,0.1883],[-64.0272,50.2967,1.2027],[-64.0198,50.2933,0.0],[-64.0111,50.2972,0.0],[-64.0089,50.3008,0.0195],[-64.0106,50.3025,1.8835],[-64.005,50.3053,0.0],[-64.0022,50.3047,0.0],[-63.9961,50.3069,0.0],[-63.993899999999996,50.3058,7.1327],[-63.9933,50.3035,0.0],[-63.9832,50.3051,3.5865],[-63.9778,50.3033,7.1502],[-63.9794,50.3022,1.3595],[-63.9833,50.3036,0.0],[-63.9807,50.2975,0.0],[-63.9856,50.2958,3.4084],[-63.9844,50.2944,0.4272],[-63.9589,50.3008,2.9674],[-63.9333,50.3019,0.0],[-63.9024,50.2945,0.5453],[-63.8911,50.2967,0.0],[-63.8794,50.2947,0.0],[-63.8789,50.2972,5.0784],[-63.8751,50.2973,0.0],[-63.8766,50.2986,1.7854],[-63.8739,50.2994,5.5811],[-63.8533,50.2894,0.0],[-63.8443,50.2919,0.5215],[-63.8485,50.2935,4.4138],[-63.8478,50.2947,2.4087],[-63.8438,50.2963,8.2071],[-63.8406,50.2956,8.8252],[-63.8406,50.2997,7.4018],[-63.845,50.3006,10.8438],[-63.8186,50.3029,3.4287],[-63.811,50.3006,0.0],[-63.8052,50.3023,2.1441],[-63.8017,50.306399999999996,2.5883],[-63.79,50.3078,8.4047],[-63.7861,50.306399999999996,2.4477],[-63.8006,50.3042,5.5184],[-63.8021,50.3023,1.9043],[-63.8015,50.3,7.2238],[-63.8043,50.2979,1.7267],[-63.8012,50.297,7.9108],[-63.8057,50.295,0.0],[-63.7894,50.2961,5.8394],[-63.7896,50.2944,4.9204],[-63.7944,50.2944,2.144],[-63.795,50.2919,15.23],[-63.7967,50.2914,0.8446],[-63.7957,50.2904,2.5385],[-63.7997,50.286,0.6406],[-63.7931,50.2844,0.0],[-63.7922,50.2858,0.0],[-63.795,50.2867,2.3714],[-63.7906,50.2869,6.6407],[-63.7876,50.285,8.7732],[-63.7873,50.2831,0.0],[-63.7706,50.2925,12.2182],[-63.76,50.2938,20.3994],[-63.7422,50.2939,15.5303],[-63.7322,50.2925,14.0084],[-63.7228,50.2882,0.0],[-63.7156,50.2883,0.0],[-63.7044,50.2844,6.9517],[-63.6967,50.2797,1.6283],[-63.6978,50.2778,1.3417],[-63.6906,50.2756,1.1613],[-63.69,50.2739,12.6949],[-63.6933,50.2711,1.3612],[-63.6889,50.2675,1.6695],[-63.6928,50.2636,-0.0372],[-63.6906,50.2592,0.0],[-63.6861,50.2567,8.1409],[-63.6883,50.2531,0.3995],[-63.6872,50.2517,2.0755],[-63.6722,50.2503,0.0],[-63.6597,50.2527,1.3721],[-63.6553,50.256,7.463],[-63.6556,50.2586,6.8518],[-63.6494,50.2647,3.2267],[-63.6449,50.2658,5.4651],[-63.641,50.261,0.0],[-63.6418,50.2597,0.0],[-63.6359,50.2593,0.0],[-63.638,50.2571,3.1452],[-63.6339,50.2564,0.0],[-63.6353,50.2547,0.0],[-63.6343,50.2541,0.0],[-63.6228,50.2542,2.5909],[-63.6204,50.2522,0.0],[-63.6172,50.2525,10.2184],[-63.6118,50.2433,1.2355],[-63.6116,50.2376,2.2083],[-63.6072,50.2364,0.3448],[-63.5888,50.2416,0.473],[-63.5722,50.2508,3.0532],[-63.5496,50.2564,2.1957],[-63.5206,50.2569,2.0704],[-63.4925,50.2524,18.2577],[-63.4782,50.2488,25.364],[-63.4659,50.2434,22.951],[-63.4674,50.2388,11.5836],[-63.4575,50.2332,16.3348],[-63.4549,50.2298,22.7195],[-63.4578,50.2278,0.0],[-63.4606,50.2208,0.0],[-63.4582,50.2115,0.0],[-63.448,50.2034,-0.1119],[-63.4441,50.2039,1.9381],[-63.4394,50.2092,3.6175],[-63.4305,50.2104,0.2422],[-63.4254,50.2089,1.8765],[-63.4238,50.2076,0.8599],[-63.4248,50.2058,0.0],[-63.4211,50.2041,0.4969],[-63.4005,50.2008,1.2177],[-63.3956,50.2062,0.0],[-63.3944,50.2103,1.2771],[-63.3956,50.2144,0.2434],[-63.3928,50.22,0.8484],[-63.3867,50.2256,16.149],[-63.3768,50.2303,0.0],[-63.359,50.2351,1.6831],[-63.3489,50.2333,0.5285],[-63.3443,50.2286,0.0],[-63.3414,50.228,0.0744],[-63.3294,50.2277,0.0356],[-63.3284,50.2286,0.0356],[-63.3307,50.2302,1.5975],[-63.3289,50.2318,0.0546],[-63.316,50.2319,-0.1381],[-63.3107,50.2265,0.2848],[-63.3078,50.2275,3.5364],[-63.298,50.2241,2.2735],[-63.2806,50.2264,1.3205],[-63.2759,50.2255,3.286],[-63.2553,50.2316,3.0185],[-63.2452,50.2304,3.9673],[-63.2449,50.2281,0.4662],[-63.2404,50.2254,0.0],[-63.2308,50.225,4.1279],[-63.2318,50.2226,0.2104],[-63.2211,50.2206,3.5909],[-63.2196,50.2227,0.1554],[-63.2256,50.2261,1.5852],[-63.2292,50.2261,1.9662],[-63.2304,50.2321,3.4986],[-63.2217,50.2373,10.356],[-63.2139,50.2381,2.4649],[-63.2161,50.2422,11.4223],[-63.2116,50.2383,0.0],[-63.2088,50.2388,7.5418],[-63.205,50.2364,0.0],[-63.2056,50.2339,0.0],[-63.2028,50.2316,0.0],[-63.2028,50.2364,3.5768],[-63.2,50.2378,4.0148],[-63.1878,50.241,4.3767],[-63.1856,50.2399,0.0],[-63.1815,50.242,1.1816],[-63.1731,50.2411,0.0],[-63.1673,50.2454,0.0],[-63.1614,50.2467,0.3935],[-63.1572,50.2453,0.0],[-63.155,50.2472,1.5274],[-63.1545,50.2514,15.9169],[-63.1639,50.2514,14.0733],[-63.1782,50.2661,1.1745],[-63.1905,50.2723,3.4787],[-63.1933,50.2764,4.9708],[-63.1922,50.2772,3.2605],[-63.1898,50.2748,0.4818],[-63.187,50.2746,0.2885],[-63.175,50.2822,0.5022],[-63.1585,50.2884,2.6696],[-63.1561,50.2864,0.0],[-63.1473,50.2868,1.5464],[-63.1467,50.2844,0.8567],[-63.1311,50.2837,0.0],[-63.1267,50.285,0.8114],[-63.1261,50.2825,2.9389],[-63.1211,50.2835,0.0],[-63.1197,50.2828,3.003],[-63.1206,50.2819,0.0],[-63.1143,50.2823,5.2933],[-63.1117,50.28,0.0],[-63.113,50.2741,3.1703],[-63.1112,50.2735,0.0],[-63.1039,50.2749,0.7955],[-63.0949,50.2806,7.2368],[-63.0922,50.2789,4.4222],[-63.0828,50.2797,2.0549],[-63.0722,50.2768,0.1827],[-63.0573,50.2778,1.7371],[-63.0544,50.2764,0.3997],[-63.0539,50.2778,1.1568],[-63.0567,50.2808,4.1125],[-63.0556,50.2842,0.2662],[-63.0523,50.2858,0.0891],[-63.0528,50.2881,4.2113],[-63.0494,50.2883,-0.2073],[-63.0486,50.286,0.3336],[-63.0406,50.2829,0.9955],[-63.0373,50.2842,0.0],[-63.0377,50.2869,0.0],[-63.0356,50.2883,0.2643],[-63.0406,50.2897,3.464],[-63.0367,50.2908,3.36],[-63.0344,50.2894,1.0394],[-63.0328,50.2914,0.5283],[-63.045,50.2947,1.7492],[-63.055,50.295,4.9038],[-63.0583,50.2972,0.0],[-63.0578,50.2983,0.0],[-63.0547,50.2984,1.6533],[-63.0539,50.2969,0.0],[-63.05,50.3,0.0],[-63.0256,50.3012,5.2878],[-63.0252,50.3026,0.0],[-63.0276,50.3037,4.3775],[-63.0178,50.307,1.1144],[-63.0225,50.3083,6.3353],[-63.0182,50.3093,3.8456],[-63.0183,50.3111,6.0737],[-63.0153,50.3132,6.0607],[-63.0172,50.315,3.6804],[-63.0133,50.3136,1.4991],[-63.0161,50.3094,1.3309],[-63.0117,50.3086,0.0],[-63.0091,50.3101,5.6461],[-63.0076,50.3099,5.6461],[-63.0085,50.3084,0.0],[-63.0062,50.3083,0.0],[-63.0057,50.3098,5.6461],[-63.0017,50.3103,15.4411],[-63.0042,50.3079,1.0432],[-62.9928,50.3069,1.4457],[-62.9872,50.3047,1.4006],[-62.9917,50.3033,0.0],[-62.9867,50.3,0.5904],[-62.98,50.2983,10.1063],[-62.9912,50.2959,0.6007],[-62.9828,50.2942,0.2587],[-62.9972,50.2919,0.0],[-62.9833,50.2881,2.5194],[-62.9909,50.2807,0.2676],[-62.983,50.2835,2.316],[-62.9754,50.2811,1.2748],[-62.9722,50.2817,0.154],[-62.965,50.2853,0.3416],[-62.9617,50.2825,1.3889],[-62.9635,50.2806,1.0485],[-62.9628,50.2794,2.9906],[-62.9679,50.2761,4.0551],[-62.965,50.2727,0.5404],[-62.965,50.275,1.0635],[-62.9602,50.2746,2.3609],[-62.9642,50.277,2.2702],[-62.9632,50.2777,3.2236],[-62.9587,50.2749,0.0],[-62.9581,50.2784,4.1074],[-62.9554,50.2812,2.9227],[-62.9536,50.2792,0.2596],[-62.9572,50.2775,1.1724],[-62.9561,50.2758,0.7236],[-62.949,50.2764,1.6994],[-62.9467,50.2731,0.0],[-62.9361,50.2761,0.9339],[-62.9339,50.2792,0.7421],[-62.9361,50.2808,5.4472],[-62.9343,50.2822,3.1678],[-62.9325,50.2822,7.4787],[-62.9328,50.2804,0.3437],[-62.9305,50.2804,0.0],[-62.9298,50.2821,2.1337],[-62.926,50.2827,3.6805],[-62.9264,50.2807,1.7388],[-62.9193,50.2779,0.3839],[-62.9186,50.2821,4.6077],[-62.9051,50.2829,0.0],[-62.9022,50.2847,4.4898],[-62.8963,50.2828,1.187],[-62.8889,50.2836,0.0],[-62.8894,50.285,1.8825],[-62.8872,50.2858,3.2824],[-62.8806,50.2858,-0.0853],[-62.8824,50.288,0.8748],[-62.8772,50.2892,4.2906],[-62.8756,50.2889,4.2906],[-62.8761,50.2869,3.7728],[-62.8727,50.2875,3.9176],[-62.8772,50.2847,2.0758],[-62.8656,50.2842,1.3202],[-62.88,50.2825,0.0],[-62.8778,50.2808,0.0],[-62.8789,50.2775,1.2375],[-62.8748,50.2785,0.0],[-62.877,50.279,0.3412],[-62.8754,50.282,2.2555],[-62.868899999999996,50.2811,1.1089],[-62.8733,50.2793,1.4888],[-62.8644,50.2811,2.6782],[-62.8672,50.2783,1.7816],[-62.8767,50.275,0.2538],[-62.8717,50.2739,1.3057],[-62.8644,50.2758,1.0609],[-62.8633,50.2781,2.848],[-62.8522,50.2808,-0.0086],[-62.8522,50.2825,4.336],[-62.8483,50.2817,8.2985],[-62.8511,50.2786,0.5582],[-62.8483,50.2775,4.2096],[-62.8628,50.2728,0.4473],[-62.8522,50.2744,2.3097],[-62.8486,50.2731,0.0],[-62.8489,50.2746,1.3887],[-62.8406,50.2753,0.3179],[-62.8377,50.2801,0.4576],[-62.8372,50.2747,1.0362],[-62.8321,50.275,0.0733],[-62.8272,50.2761,0.6022],[-62.8233,50.2803,1.377],[-62.8189,50.2794,0.8997],[-62.8167,50.2833,1.4347],[-62.8156,50.2814,5.8828],[-62.8172,50.2797,0.4014],[-62.8105,50.2787,0.0],[-62.8128,50.2808,0.0],[-62.8106,50.2833,0.0],[-62.8111,50.285,0.0],[-62.805,50.2883,0.4403],[-62.7983,50.2847,0.299],[-62.7983,50.2811,0.2024],[-62.795,50.2833,0.0],[-62.795,50.2858,1.2251],[-62.7928,50.2881,0.1489],[-62.7894,50.2894,3.3195],[-62.7899,50.2845,0.228],[-62.7889,50.2847,0.0],[-62.7828,50.2958,17.1686],[-62.7794,50.2983,0.0],[-62.78,50.3003,1.1224],[-62.7767,50.3022,6.8672],[-62.7773,50.2986,0.0],[-62.7762,50.2986,0.0],[-62.7715,50.3098,2.454],[-62.7663,50.3075,6.8203],[-62.7694,50.3028,2.0532],[-62.7672,50.3019,19.3362],[-62.7734,50.2988,0.0],[-62.7706,50.2992,3.1087],[-62.7711,50.2981,1.9908],[-62.7756,50.2969,7.6281],[-62.7744,50.2956,7.6281],[-62.7761,50.2931,4.3387],[-62.7728,50.2928,4.3387],[-62.772,50.29,2.3956],[-62.7691,50.2886,0.0],[-62.7644,50.2917,0.0],[-62.7628,50.2953,21.3518],[-62.7606,50.2944,1.321],[-62.7594,50.2964,3.3206],[-62.7556,50.2961,1.5434],[-62.747,50.3006,6.1382],[-62.7478,50.2981,0.0],[-62.745,50.2972,3.3537],[-62.7404,50.299,0.9761],[-62.739,50.3006,1.8779],[-62.74,50.3019,1.8779],[-62.7378,50.3031,12.451599999999999],[-62.7368,50.3006,3.7731],[-62.7322,50.3019,0.0],[-62.7267,50.3047,1.1426],[-62.7283,50.3072,17.6717],[-62.7217,50.3112,4.9467],[-62.7256,50.3069,0.0],[-62.7222,50.3053,1.7761],[-62.726,50.3038,1.1426],[-62.7228,50.3033,0.0],[-62.7144,50.3086,1.7083],[-62.7033,50.3114,5.4186],[-62.7183,50.3033,4.208],[-62.7136,50.3036,5.1163],[-62.7161,50.3014,7.1377],[-62.7322,50.2947,1.1357],[-62.7306,50.2924,8.3225],[-62.7461,50.2881,1.4138],[-62.7673,50.2754,0.0],[-62.7567,50.2789,3.2825],[-62.7461,50.2796,2.3652],[-62.7422,50.2817,0.8764],[-62.7424,50.2835,0.0],[-62.7389,50.2861,2.799],[-62.735,50.2828,8.5283],[-62.7411,50.2808,7.6968],[-62.7389,50.2789,3.2084],[-62.7428,50.2767,1.3092],[-62.7406,50.2764,5.8889],[-62.7428,50.2747,1.5374],[-62.7415,50.2727,0.0],[-62.7317,50.2781,2.5522],[-62.73,50.2772,4.0703],[-62.7317,50.2753,3.2817],[-62.7362,50.2733,0.0],[-62.729,50.273,0.8677],[-62.7306,50.2745,0.7247],[-62.7267,50.2747,0.4404],[-62.7239,50.2783,3.0484],[-62.7177,50.281,4.9899],[-62.7261,50.2744,0.4404],[-62.725,50.271,0.0899],[-62.7224,50.2735,0.0],[-62.7194,50.2728,2.804],[-62.7214,50.2702,0.0],[-62.7172,50.2722,3.5464],[-62.7202,50.2672,0.9154],[-62.715,50.2717,2.7557],[-62.7067,50.2747,3.3386],[-62.7044,50.2744,4.3836],[-62.7028,50.2714,0.0],[-62.6967,50.2725,3.0141],[-62.6961,50.2708,4.4863],[-62.6989,50.2678,0.2994],[-62.6967,50.2683,1.3447],[-62.6961,50.2669,0.3946],[-62.6928,50.2678,4.0727],[-62.6906,50.2706,4.8655],[-62.6878,50.2686,2.2725],[-62.69,50.2678,1.5997],[-62.6899,50.2654,0.0],[-62.6844,50.2678,0.0],[-62.6817,50.2712,4.0045],[-62.6783,50.2699,0.0],[-62.6702,50.2728,2.9064],[-62.6833,50.2653,4.2421],[-62.6783,50.2639,5.6645],[-62.6744,50.265,0.0],[-62.6672,50.2708,5.6035],[-62.6634,50.2714,0.0],[-62.6646,50.2718,2.1346],[-62.664,50.2741,1.8691],[-62.6605,50.2728,3.0334],[-62.655,50.2737,1.663],[-62.6539,50.2728,1.663],[-62.6598,50.2703,0.0],[-62.652,50.2686,0.0],[-62.6474,50.2696,0.6726],[-62.6406,50.2686,1.7095],[-62.6391,50.2657,0.6271],[-62.6252,50.2647,1.0367],[-62.6251,50.2631,0.2311],[-62.6192,50.2627,0.3454],[-62.6183,50.2609,0.184],[-62.6194,50.2597,0.2365],[-62.6163,50.2605,0.3623],[-62.6139,50.2589,0.0],[-62.6128,50.2603,0.0],[-62.615,50.2633,0.2785],[-62.6178,50.2641,0.7002],[-62.6174,50.2657,0.0],[-62.6318,50.268,0.7668],[-62.6394,50.2708,0.8198],[-62.6294,50.2719,1.7341],[-62.6261,50.2686,0.0],[-62.6183,50.2672,3.6992],[-62.6074,50.2621,3.083],[-62.5978,50.2661,3.0714],[-62.5989,50.2681,1.4639],[-62.5956,50.2672,3.5766],[-62.5922,50.2694,0.6244],[-62.5883,50.2697,2.7584],[-62.5889,50.2664,0.0],[-62.58,50.2686,0.0],[-62.5685,50.2642,0.0],[-62.5682,50.2657,1.381],[-62.5635,50.2663,1.8897],[-62.5633,50.2697,4.0669],[-62.56,50.2717,0.0],[-62.5611,50.2728,0.8516],[-62.5644,50.2719,4.9967],[-62.5615,50.2749,0.0],[-62.5638,50.2751,2.9349],[-62.5638,50.2766,1.9226],[-62.5604,50.2759,0.5601],[-62.5577,50.2769,0.0],[-62.5572,50.2792,4.2932],[-62.5533,50.2789,5.6852],[-62.5494,50.2817,2.6766],[-62.5512,50.2786,0.0],[-62.5411,50.2789,4.648],[-62.541,50.2761,0.3053],[-62.5362,50.2764,2.0508],[-62.5372,50.2742,0.7637],[-62.5328,50.2761,0.8487],[-62.5306,50.275,0.04],[-62.5317,50.2731,1.0606],[-62.53,50.2722,1.0606],[-62.5317,50.2708,0.4377],[-62.5289,50.2708,2.0336],[-62.5294,50.2667,0.0],[-62.5272,50.2661,4.114],[-62.5289,50.2656,0.0],[-62.5289,50.2619,0.0],[-62.5207,50.2576,1.6577],[-62.5159,50.257,0.0],[-62.5164,50.2622,2.5165],[-62.5128,50.2675,0.91],[-62.5114,50.2671,0.91],[-62.5139,50.2643,1.3279],[-62.5122,50.2628,4.6484],[-62.5134,50.2597,0.1554],[-62.5039,50.2617,0.4747],[-62.5015,50.2609,0.6113],[-62.5006,50.27,0.0],[-62.5019,50.2711,1.4033],[-62.5002,50.2721,4.7557],[-62.4985,50.2701,0.0],[-62.4972,50.2736,0.9763],[-62.4956,50.2719,0.0],[-62.4953,50.2651,0.0],[-62.4919,50.2663,2.6186],[-62.4907,50.2649,0.3402],[-62.4893,50.2736,2.0564],[-62.4872,50.2642,1.798],[-62.4854,50.2645,1.1889],[-62.4844,50.2675,3.5367],[-62.4835,50.2658,1.7056],[-62.4847,50.2624,2.9186],[-62.4817,50.2633,1.2168],[-62.4789,50.2614,1.6686],[-62.4772,50.2631,3.5923],[-62.4761,50.2597,0.5919],[-62.4739,50.2636,5.8753],[-62.471,50.2552,0.0],[-62.4678,50.2572,2.7],[-62.4645,50.2522,0.684],[-62.4633,50.2536,0.7678],[-62.4604,50.2524,0.7678],[-62.4572,50.2548,0.1347],[-62.4542,50.2525,1.0492],[-62.4522,50.2547,0.8171],[-62.4434,50.2521,1.0329],[-62.442,50.2527,0.0],[-62.4444,50.2537,1.0329],[-62.445,50.2567,0.3888],[-62.4398,50.259,0.4319],[-62.4404,50.2644,0.3717],[-62.4356,50.2667,1.3941],[-62.4361,50.2694,4.1621],[-62.4318,50.2679,1.968],[-62.4289,50.2694,1.7216],[-62.4317,50.2719,7.2363],[-62.4315,50.2739,8.1503],[-62.4294,50.273,0.3302],[-62.4272,50.275,0.0],[-62.426,50.2817,5.3806],[-62.4244,50.2819,0.8546],[-62.4228,50.2796,0.0],[-62.4234,50.2769,0.0],[-62.4197,50.2772,0.575],[-62.4213,50.2792,1.0147],[-62.42,50.2814,-0.059],[-62.4211,50.2822,2.4245],[-62.4178,50.2878,0.1116],[-62.41,50.2911,2.2901],[-62.4151,50.2813,5.6193],[-62.4142,50.2784,0.4752],[-62.3969,50.2883,1.6414],[-62.4022,50.2783,2.4753],[-62.4011,50.2767,1.0452],[-62.406,50.2722,2.5996],[-62.4046,50.2686,0.0],[-62.4025,50.2691,7.1427],[-62.4011,50.2597,0.0],[-62.3994,50.2586,0.2258],[-62.395,50.2617,0.0892],[-62.3966,50.2657,5.4797],[-62.3912,50.2682,0.4528],[-62.3867,50.2764,0.7867],[-62.3861,50.2678,0.4997],[-62.3841,50.2699,2.7411],[-62.3817,50.269,2.0685],[-62.382,50.2669,0.1437],[-62.3799,50.2664,0.6104],[-62.3788,50.2691,2.7513],[-62.374,50.2716,0.5411],[-62.3727,50.2755,6.2066],[-62.3728,50.2675,0.799],[-62.3672,50.2658,1.5494],[-62.3673,50.2639,0.0],[-62.365,50.2628,0.6066],[-62.364,50.2651,2.4201],[-62.358,50.2655,0.0],[-62.3606,50.269,2.8963],[-62.3574,50.2682,0.0],[-62.3576,50.2696,0.0834],[-62.355,50.27,0.0834],[-62.3526,50.2674,0.6204],[-62.3527,50.2763,7.2753],[-62.3501,50.272,0.0],[-62.3477,50.2787,4.7789],[-62.3454,50.2732,0.3194],[-62.3447,50.2786,0.0],[-62.3426,50.2794,4.5253],[-62.34,50.2761,2.83],[-62.3297,50.272,0.4501],[-62.3288,50.2709,0.4501],[-62.3306,50.2706,0.0],[-62.3261,50.2661,0.4884],[-62.3227,50.2653,3.1884],[-62.3211,50.2622,0.2995],[-62.3161,50.2628,0.9479],[-62.3113,50.2592,5.4593],[-62.3125,50.258,3.2338],[-62.3113,50.2568,2.4782],[-62.3157,50.2569,0.0],[-62.315,50.2556,2.7052],[-62.3074,50.2536,1.8433],[-62.301,50.2539,0.0],[-62.3006,50.2556,1.5342],[-62.2958,50.2581,2.0096],[-62.2994,50.2611,2.0025],[-62.2983,50.2631,6.6947],[-62.2889,50.2639,8.7516],[-62.2867,50.2622,1.7795],[-62.2933,50.2631,3.1569],[-62.2984,50.2617,2.0025],[-62.2956,50.26,1.912],[-62.26,50.2553,0.4607],[-62.2556,50.2519,0.0],[-62.2472,50.2492,4.4782],[-62.243899999999996,50.2469,0.0],[-62.2422,50.2431,0.7619],[-62.2343,50.2405,3.6282],[-62.2328,50.2378,3.3248],[-62.2265,50.2358,2.7721],[-62.2254,50.234,0.0],[-62.2211,50.2328,0.7123],[-62.2197,50.2336,0.0],[-62.2211,50.2353,5.4939],[-62.22,50.238,0.0],[-62.2178,50.2377,8.9716],[-62.2193,50.233,0.0],[-62.2128,50.2294,1.0539],[-62.197,50.2325,1.2922],[-62.1933,50.2345,4.4159],[-62.1573,50.2361,3.5096],[-62.1537,50.2356,6.0862],[-62.1495,50.2327,0.7743],[-62.1439,50.2328,4.5319],[-62.1217,50.2268,0.0],[-62.117,50.2235,0.0],[-62.1179,50.2209,0.3257],[-62.1123,50.223,2.0034],[-62.0927,50.2205,0.0],[-62.0923,50.2222,0.0],[-62.0992,50.2218,0.0],[-62.1097,50.2269,1.9329],[-62.0978,50.2292,6.3523],[-62.09,50.2267,3.9564],[-62.0902,50.2229,0.8309],[-62.0861,50.2214,0.8984],[-62.0846,50.2179,0.955],[-62.0617,50.2219,0.0],[-62.0533,50.2203,0.0],[-62.0514,50.2161,0.7143],[-62.0469,50.2165,0.0],[-62.047,50.2182,0.7353],[-62.042,50.2172,0.5177],[-62.0361,50.2192,1.0552],[-62.0444,50.2228,1.3723],[-62.0444,50.2244,1.0459],[-62.0391,50.2248,0.0],[-62.0419,50.2228,0.0],[-62.0394,50.2222,3.1701],[-62.0349,50.2233,3.2779],[-62.0371,50.2211,0.2249],[-62.0278,50.2244,2.2032],[-62.0178,50.2197,0.0],[-62.0244,50.2183,0.2818],[-62.0204,50.2145,0.75],[-62.0138,50.2139,2.3349],[-62.0133,50.2178,0.7145],[-62.015,50.2181,0.7145],[-62.0139,50.2197,7.5804],[-62.0078,50.2186,4.0852],[-62.0106,50.215,2.9629],[-62.0082,50.2129,4.439],[-62.0119,50.213,0.0],[-62.0117,50.2119,0.0],[-62.0039,50.2117,1.0366],[-62.0011,50.2083,0.8101],[-61.9971,50.2099,0.3208],[-61.9969,50.2124,4.6007],[-61.9925,50.2129,0.0],[-61.993899999999996,50.2166,0.0],[-61.9892,50.216,3.5044],[-61.9886,50.2201,4.9598],[-61.9851,50.2199,11.3053],[-61.9844,50.2168,0.0],[-61.9824,50.2167,0.0],[-61.9747,50.2273,11.893],[-61.9736,50.2268,7.6761],[-61.9741,50.2223,2.0049],[-61.9699,50.2231,0.0],[-61.968,50.2258,0.0],[-61.9711,50.2255,7.6761],[-61.9697,50.2292,2.0753],[-61.9647,50.231,9.9759],[-61.9605,50.2295,1.1161],[-61.9564,50.2312,3.7605],[-61.9514,50.2304,11.9995],[-61.9505,50.2293,11.9995],[-61.953,50.2259,3.518],[-61.9514,50.2246,0.0],[-61.948,50.2279,8.1324],[-61.9453,50.2276,0.0],[-61.9487,50.224,0.0],[-61.9485,50.2202,0.0],[-61.9417,50.2239,1.772],[-61.9412,50.2214,0.0],[-61.9338,50.2214,1.8244],[-61.9322,50.223,0.0],[-61.9324,50.2301,0.0],[-61.926,50.231,2.3442],[-61.9223,50.2358,0.0],[-61.9276,50.2358,6.7585],[-61.9211,50.2371,17.2926],[-61.9187,50.2348,1.4274],[-61.9228,50.2316,0.0],[-61.9197,50.2306,5.4042],[-61.9231,50.2292,0.0],[-61.9303,50.2218,0.9277],[-61.9261,50.2214,1.2149],[-61.9308,50.2201,2.3693],[-61.9326,50.2179,0.6559],[-61.9315,50.2166,0.0],[-61.9303,50.2187,0.0],[-61.9264,50.2181,0.1498],[-61.9296,50.2142,0.3213],[-61.9241,50.2146,0.2467],[-61.9252,50.2164,1.0789],[-61.9228,50.2164,1.4478],[-61.9237,50.2188,3.4476],[-61.9192,50.2229,0.1866],[-61.9201,50.2258,0.0],[-61.9181,50.2273,3.3593],[-61.915,50.227,1.6056],[-61.9148,50.225,0.0],[-61.9131,50.2243,0.0],[-61.909,50.2254,1.1063],[-61.9089,50.223,0.0],[-61.9027,50.2245,5.7826],[-61.8992,50.2236,0.0],[-61.8999,50.2271,8.2227],[-61.894,50.2244,2.3217],[-61.8977,50.223,3.3316],[-61.8983,50.2202,0.0],[-61.8969,50.2187,6.2227],[-61.9026,50.2134,3.8361],[-61.9003,50.2107,0.6334],[-61.8971,50.2098,0.173],[-61.8936,50.2123,5.627],[-61.8914,50.2112,2.7409],[-61.8915,50.2089,0.5813],[-61.8889,50.2083,0.2735],[-61.8886,50.2123,2.8288],[-61.8871,50.2129,0.0],[-61.8895,50.2151,0.7243],[-61.8857,50.2148,1.5996],[-61.8853,50.2162,0.0],[-61.891,50.2207,1.72],[-61.884,50.2183,0.0],[-61.8831,50.2191,0.0],[-61.8851,50.2213,4.085],[-61.8807,50.2202,0.0],[-61.8782,50.2225,7.618],[-61.8736,50.2233,2.8228],[-61.8679,50.2188,19.8147],[-61.8674,50.2154,0.0],[-61.8608,50.2151,0.0],[-61.8561,50.2188,13.5646],[-61.8539,50.2174,5.8956],[-61.8561,50.2157,0.0],[-61.8545,50.2136,0.0],[-61.84,50.2121,7.2304],[-61.8428,50.2104,6.6772],[-61.856,50.2104,5.7699],[-61.8611,50.2084,0.331],[-61.8582,50.2068,6.7428],[-61.8658,50.2065,1.4824],[-61.868,50.2051,9.6562],[-61.8663,50.2026,1.9098],[-61.8682,50.201,5.4408],[-61.8648,50.2,6.9974],[-61.8662,50.1981,1.9308],[-61.8644,50.1955,6.1049],[-61.8617,50.1959,0.0],[-61.8605,50.1992,3.6295],[-61.8565,50.197,0.0],[-61.8527,50.1977,2.5024],[-61.8516,50.1972,5.1407],[-61.8545,50.1965,1.9789],[-61.8514,50.1953,0.0],[-61.8472,50.1978,3.7632],[-61.8442,50.1971,5.9818],[-61.8418,50.1995,4.3072],[-61.84,50.1986,2.0748],[-61.8248,50.2033,1.1667],[-61.823,50.2021,3.6583],[-61.8386,50.1979,2.0748],[-61.8453,50.1937,0.6999],[-61.8408,50.1921,3.517],[-61.8398,50.1909,1.6871],[-61.8412,50.1886,0.082],[-61.8397,50.1878,0.9142],[-61.8381,50.1887,0.0],[-61.838,50.1915,0.0],[-61.8358,50.1926,2.3388],[-61.8293,50.1921,4.975],[-61.8308,50.1886,0.0],[-61.8271,50.1871,2.5085],[-61.8247,50.1887,0.0],[-61.8257,50.1903,0.0],[-61.8214,50.1904,0.0],[-61.818,50.1935,5.5826],[-61.808,50.1918,0.0],[-61.8047,50.1937,6.4421],[-61.806399999999996,50.1912,3.3897],[-61.8092,50.1904,9.296],[-61.8158,50.1921,0.0],[-61.824,50.1863,1.4021],[-61.821,50.1838,2.4486],[-61.8241,50.1817,0.0],[-61.8136,50.1767,1.0376],[-61.8052,50.1615,3.3327],[-61.8041,50.1512,2.2553],[-61.8059,50.1388,0.0],[-61.8105,50.1273,2.7484],[-61.808,50.1268,0.0]]]]}}